tree
version=v4
num_class=1
num_tree_per_iteration=1
label_index=0
max_feature_idx=44
objective=quantile
feature_names=temp_current rh_current pressure_current dew_point_current dew_point_spread max_so_far min_so_far range_so_far drop_from_max time_since_max temp_change_30m temp_change_60m temp_slope_30m temp_slope_60m temp_acceleration_60m temp_volatility_60m rh_change_60m dew_point_change_60m dew_point_spread_change_60m pressure_change_60m pressure_change_180m forecast_min_temp forecast_max_temp forecast_range forecast_gap_from_max_so_far forecast_age_minutes forecast_lead_days wind_ref_mean wind_ref_max wind_victoria_harbour_mean wind_victoria_harbour_max wind_offshore_highland_mean wind_offshore_highland_max wind_all_change_60m wind_kings_park_current minutes_since_midnight month_sin month_cos day_sin day_cos is_morning is_afternoon is_evening obs_data_age_minutes wind_data_age_minutes
feature_infos=[6.4000000000000004:54] [0:100] [0:1032.7] [0:30.300000000000001] [-1.2000000000000028:50.5] [6.7000000000000002:54] [6.4000000000000004:50] [0:18] [0:15] [0:1070] [-6:6] [-5.8999999999999986:8] [-0.20000000000000001:0.20000000000000001] [-0.098333333333333314:0.13333333333333333] [-0.3666666666666667:0.29999999999999999] [0:2.7983328370061029] [-26:34] [-6.5:6.6000000000000014] [-8.5:9.9999999999999964] [-5:5.7999999999999545] [-11.5:14.600000000000023] [7:29] [10:36] [2:11] [-34:8.5] [1024:3620] none [0:89.833333333333329] [0:165] [0:75] [0:96] [0.83333333333333337:128.25] [2:185] [-25.666666666666664:27.611111111111111] [0:69] [360:1430] [-1:1] [-1:1] [-0.9999994220246925:0.99998555065071859] [-0.99997919295908233:0.9999907524084426] [0:1] [0:1] [0:1] [10:1436] [10:25915]
tree_sizes=2816 3001 2987 2990 2984 2985 2992 2979 2974 2985 2986 2984 2997 2987 2986 3001 3002 3006 3011 2986 3007 2996 3008 3005 3015 3016 3007 3018 2991 3019 3041 3018 3016 2991 3006 3008 3018 3002 3010 3013 2999 2991 3032 3011 3026 3007 3055 3029 3028 3022 3018 3028 3028 3037 3038 3042 3036 3042 3060 3048 3036 3027 3025 3039 3062 3045 3051 3038 3053 3033 3044 3068 3056 3056 3056 3026 3043 3069 3057 3071 3056 3055 3070 3054 3068 3050 3053 3060 3075 3050 3072 3054 3055 3064 3058 3056 3065 3045 3053 3039 3067 3040 3056 3059 3057 3061 3089 3051 3076 3100 3043 3058 3087 3078 3025 3054 3070 3067 3071 3070 3068 3071 3088 3080 3061 3064 3073 3068 3078 3074 3085 3088 3082 3071 3066 3033 3067 3110 3078 3082 3067 3097 3088 3080 3077 3078 3094 3057 3056 3090 3064 3061 3067 3067 3079 3081 3059 3071 3073 3073 3070 3072 3080 3074 3084 3076 3117 3094 3093 3081 3096 3062 3088 3089 3105 3078 3066 3082 3085 3083 3097 3058 3083 3060 3097 3066 3061 3071 3073 3068 3074 3083 3065 3066 3057 3065 3043 3076 3072 3072 3054 3101 3080 3079 3067 3053 3058 3107 3052 3069 3066 3041 3102 3066 3069 3083 3084 3066 3060 3062 3064 3069 2959 3070 3063 3058 3061 3066 3058 3079 2912 3070 3062 3056 3043 3068 3072 3077 3048 3067 3095 3048 3078 2881 3086 3076 3059 3065 2768 3059 3067 3079 3061 3089 3074 3071 3071 3064 3061 3071 3074 3101 3079 3079 3073 3056 3078 3097 3061 3075 3067 3086 3110 3035 3071 3071 3093 3081 3073 2954 3053 3085 3070 3072 3070 3086 3063 3046 3063 3072 3069 3071 2891 3082 2858 3074 3074 3078 3083 3094 2857 3085 3065 3056 3075 3086 3051 2497 3077 3074 3063 3054 2865 3033 3073 3070

Tree=0
num_leaves=31
num_cat=0
split_feature=35 24 35 23 8 24 31 8 1 23 31 23 38 24 4 4 11 24 35 35 24 36 24 30 39 3 24 35 8 38
split_gain=25690.8 2247.12 607.294 390.573 336.633 258.883 135.362 130.462 110.43 101.079 99.9158 97.6713 87.9428 65.6042 64.0703 53.3396 48.6845 39.2991 39.1096 38.8489 36.424 33.5021 26.1222 24.8616 24.3306 25.5433 23.7883 22.6899 22.1034 21.8542
threshold=685.00000000000011 2.5500000000000003 745.00000000000011 3.5000000000000004 0.25000000000000006 1.2000000000000013 17.720779220779225 0.70000000000000207 80.500000000000014 4.5000000000000009 23.174242424242429 4.5000000000000009 0.88220160189607266 1.8499999999999999 3.1000000000000005 2.9000000000000017 0.75000000000000011 2.0500000000000003 625.00000000000011 785.00000000000011 0.84999999999999976 0.68301270189221941 0.15000000000000038 17.500000000000004 0.45847758937963173 24.650000000000002 1.6500000000000006 585.00000000000011 0.14999999999999861 0.48314048284850658
decision_type=2 2 2 2 2 2 2 2 2 2 2 2 2 2 2 2 2 2 2 2 2 2 2 2 2 2 2 2 2 2
left_child=1 4 9 10 5 16 17 11 -8 -2 24 12 -5 21 -12 26 23 -7 -13 -4 -17 -11 -18 -1 25 -3 -6 -22 -15 -28
right_child=2 3 19 7 15 6 8 -9 -10 13 14 18 -14 28 -16 20 22 -19 -20 -21 27 -23 -24 -25 -26 -27 29 -29 -30 -31
leaf_value=1.8149999523162841 1.7909999537467955 1.8389999508857726 1.7789999544620514 1.8749999594688416 1.7789999544620514 1.8389999508857726 1.8359999537467957 1.8539999508857727 1.8179999566078187 1.796999955177307 1.8119999551773072 1.9049999594688416 1.8779999566078187 1.8179999566078187 1.8419999551773072 1.7909999537467955 1.8089999508857728 1.8509999537467956 1.8479999566078187 1.7459999537467956 1.8389999508857726 1.8119999551773072 1.8239999508857727 1.7999999523162842 1.8539999508857727 1.8419999551773072 1.8179999566078187 1.8149999523162841 1.8059999537467957 1.7759999537467956
leaf_weight=2854 6937 718 8844 10943 1596 4435 4227 985 3208 3072 1426 24137 2006 1520 507 587 553 4101 2387 142429 653 1109 1840 1556 1003 510 867 678 562 548
leaf_count=2854 6937 718 8844 10943 1596 4435 4227 985 3208 3072 1426 24137 2006 1520 507 587 553 4101 2387 142429 653 1109 1840 1556 1003 510 867 678 562 548
internal_value=1.79977 1.81467 1.79322 1.81884 1.80796 1.8095 1.81158 1.81974 1.80862 1.79939 1.81008 1.82001 1.81786 1.80215 1.80508 1.80085 1.80459 1.81416 1.82105 1.79268 1.80476 1.79998 1.80804 1.80272 1.81441 1.81154 1.79836 1.8075 1.8065 1.80119
internal_weight=236798 72325 164473 44622 27703 22774 15971 40458 7435 13200 4164 39473 12949 6263 1933 4929 6803 8536 26524 151273 1918 4181 2393 4410 2231 1228 3011 1331 2082 1415
internal_count=236798 72325 164473 44622 27703 22774 15971 40458 7435 13200 4164 39473 12949 6263 1933 4929 6803 8536 26524 151273 1918 4181 2393 4410 2231 1228 3011 1331 2082 1415
is_linear=0
shrinkage=1


Tree=1
num_leaves=31
num_cat=0
split_feature=25 23 25 25 23 23 25 32 4 31 23 28 11 40 1 38 11 25 25 28 11 25 11 39 25 23 11 32 40 38
split_gain=25296.8 1482.86 686.598 589.731 238.077 204.623 203.273 115.065 110.464 93.4463 89.7816 72.9463 71.5654 63.3645 62.5026 59.6489 57.7959 52.107 47.6719 38.7046 38.3546 28.5457 26.9922 25.8448 25.787 21.7214 18.8514 16.4274 15.6348 13.4106
threshold=1430.5000000000002 3.5000000000000004 1490.5000000000002 1360.5000000000002 4.5000000000000009 4.5000000000000009 1320.5000000000002 49.500000000000007 3.649999999999999 26.519230769230774 4.5000000000000009 22.500000000000004 0.4000000000000013 1.0000000180025095e-35 80.500000000000014 0.91596454896554913 0.39999999999999997 1530.5000000000002 1400.5000000000002 21.500000000000004 0.35000000000000148 1380.5000000000002 -0.10000000000000096 -0.31800055644052067 1410.5000000000002 5.5000000000000009 0.30000000000000032 35.500000000000007 1.0000000180025095e-35 0.29342972903661901
decision_type=2 2 2 2 2 2 2 2 2 2 2 2 2 2 2 2 2 2 2 2 2 2 2 2 2 2 2 2 2 2
left_child=1 6 10 4 7 16 8 15 9 22 26 -6 19 29 -13 -3 27 -4 -14 -7 -8 -22 -1 -9 -18 -15 -2 -5 -28 -12
right_child=2 3 17 5 11 12 20 23 -10 -11 13 14 18 25 -16 -17 24 -19 -20 -21 21 -23 -24 -25 -26 -27 28 -29 -30 -31
leaf_value=0.014550000000000002 -0.020729997897148127 0.066749998354911799 -0.020369997918605803 0.012749999785423278 0.10185000693798066 0.035550001430511478 -0.0064499978542327851 0.0060599998712539647 0.040402502882480616 0.0084599984407424909 -0.0059099979400634734 0.098849995493888856 0.049560001301765438 0.0086399984836578354 0.062850001215934759 0.070379995751380917 0.029280000042915342 -0.052379998612403868 0.028830000042915346 0.013469999957084656 0.019830001473426822 0.0022800007581710814 0.037469998526573178 0.0517499983549118 0.011100002861022949 0.020460001301765441 -0.011729999327659604 -0.0082499980688095099 0.00026999995708465896 0.0056400013446807852
leaf_weight=685 2484 15651 8683 1177 20440 667 2640 523 2412 2160 1847 4773 3301 1834 1747 1988 2324 142443 2521 704 1171 1034 4558 540 903 1130 2279 627 2211 1360
leaf_count=685 2484 15651 8683 1177 20440 667 2640 523 2412 2160 1847 4773 3301 1834 1747 1988 2324 142443 2521 704 1171 1034 4558 540 903 1130 2279 627 2211 1360
internal_value=-0.000181943 0.0145722 -0.00669783 0.0167307 0.0182977 0.0108752 0.00604829 0.0156921 0.00852985 0.00670999 -0.000121511 0.0201038 0.0141213 0.00251377 0.0173229 0.0162699 0.00623038 -0.00726983 0.0155743 0.007937 0.0010197 0.0039386 0.00887274 0.00609155 0.00863348 0.00567431 -0.00245341 0.00192691 -0.0012923 -0.000409006
internal_weight=236817 72546 164271 57886 45662 12224 14660 18702 9815 7403 13145 26960 7193 6171 6520 17639 5031 151126 5822 1371 4845 2205 5243 1063 3227 2964 6974 1804 4490 3207
internal_count=236817 72546 164271 57886 45662 12224 14660 18702 9815 7403 13145 26960 7193 6171 6520 17639 5031 151126 5822 1371 4845 2205 5243 1063 3227 2964 6974 1804 4490 3207
is_linear=0
shrinkage=0.03


Tree=2
num_leaves=31
num_cat=0
split_feature=35 23 35 35 8 23 23 35 4 31 27 23 8 11 35 8 35 22 35 27 35 23 35 8 37 32 37 3 22 8
split_gain=24813 1395.25 679.187 527.362 277.383 254.591 221.354 205.883 117.433 101.937 92.8189 81.298 74.1522 73.9989 55.8335 55.1144 47.9177 46.408 41.9658 40.4614 37.4983 28.347 27.9459 27.4764 17.7349 17.4338 17.2481 14.6306 17.9962 14.5914
threshold=685.00000000000011 3.5000000000000004 755.00000000000011 605.00000000000011 0.75000000000000011 4.5000000000000009 4.5000000000000009 595.00000000000011 3.649999999999999 27.679487179487186 18.183333333333337 5.5000000000000009 0.39999999999999908 0.39999999999999997 655.00000000000011 0.35000000000000148 715.00000000000011 30.500000000000004 715.00000000000011 9.9166666666666696 815.00000000000011 3.5000000000000004 655.00000000000011 0.099999999999996106 0.6830127018922193 35.500000000000007 0.6830127018922193 14.450000000000001 18.500000000000004 0.1000000000000001
decision_type=2 2 2 2 2 2 2 2 2 2 2 2 2 2 2 2 2 2 2 2 2 2 2 2 2 2 2 2 2 2
left_child=1 7 11 4 5 10 13 8 9 15 -3 16 14 25 -8 -1 21 -6 -13 -7 -4 -2 -15 -9 -18 -5 -23 28 -10 -11
right_child=2 3 20 6 17 19 12 23 27 29 -12 18 -14 22 -16 -17 24 -19 -20 -21 -22 26 -24 -25 -26 -27 -28 -29 -30 -31
leaf_value=0.035386201391458511 -0.014738100041627884 0.067747495543241498 -0.023808599369287489 0.015367504083395005 0.011377500092267989 0.10479450100779532 0.048493501258850095 0.0080234985480308538 0.030707929162144661 0.012181202171087263 0.033187501501321791 0.018535652733564376 0.017644499684572216 0.032827501522779468 0.027965100041627885 0.0080234984407424881 -0.0083780986325740769 0.052324502695798872 0.0024708005890846274 0.089794501007795319 -0.050808598654031749 0.0083807985291481004 0.014396999957084655 -0.0098864986767768885 -0.020378097917318341 -0.0050924973256587999 -0.0031691971793174709 0.033167926386952401 0.0481679263869524 -0.0096137986085414896
leaf_weight=5106 1288 15988 13188 1324 893 14979 4801 2187 506 1028 1326 1167 575 2329 2835 762 5342 532 1594 10113 136081 3072 1367 1769 1851 749 962 1376 814 972
leaf_count=5106 1288 15988 13188 1324 893 14979 4801 2187 506 1028 1326 1167 575 2329 2835 762 5342 532 1594 10113 136081 3072 1367 1769 1851 749 962 1376 814 972
internal_value=-0.00024139 0.0144031 -0.00667893 0.0164912 0.0181098 0.0185473 0.0114147 0.006088 0.00827371 0.00641931 0.0157441 -0.000653881 0.014579 0.00690738 0.0153614 0.00841227 -0.00168191 0.00508234 0.0040038 0.0204802 -0.00729551 0.000476146 0.00945105 0.000250126 -0.00327832 0.00236747 0.00171333 0.0136768 0.0159531 0.000569431
internal_weight=236876 72331 164545 57811 43831 42406 13980 14520 10564 7868 17314 15276 8211 5769 7636 5868 12515 1425 2761 25092 149269 5322 3696 3956 7193 2073 4034 2696 1320 2000
internal_count=236876 72331 164545 57811 43831 42406 13980 14520 10564 7868 17314 15276 8211 5769 7636 5868 12515 1425 2761 25092 149269 5322 3696 3956 7193 2073 4034 2696 1320 2000
is_linear=0
shrinkage=0.03


Tree=3
num_leaves=31
num_cat=0
split_feature=35 24 35 23 24 11 8 23 35 31 35 8 31 1 35 24 35 31 11 4 35 11 7 24 11 30 39 25 24 31
split_gain=24251.3 2389.14 469.471 374.333 337.526 219.284 141.212 130.711 120.064 101.669 99.4562 77.0772 70.8521 60.2249 58.6678 54.5726 52.3869 48.2533 46.2642 44.0716 36.6873 36.363 28.3136 25.2884 23.878 21.7214 19.2402 18.0788 16.4422 15.1557
threshold=695.00000000000011 2.5500000000000003 755.00000000000011 3.5000000000000004 1.1500000000000006 0.30000000000000254 0.75000000000000011 4.5000000000000009 555.00000000000011 24.038461538461544 585.00000000000011 0.30000000000000254 31.296703296703299 82.500000000000014 635.00000000000011 1.7000000000000013 665.00000000000011 17.839743589743595 0.4000000000000013 3.3500000000000001 815.00000000000011 0.75000000000000011 2.149999999999999 0.15000000000000038 0.69999999999999984 17.500000000000004 -0.34234976856068178 1479.5000000000002 3.100000000000001 15.379807692307695
decision_type=2 2 2 2 2 2 2 2 2 2 2 2 2 2 2 2 2 2 2 2 2 2 2 2 2 2 2 2 2 2
left_child=1 4 15 9 11 8 7 10 12 26 -5 21 -6 -11 -9 24 17 -7 29 -10 -4 25 -18 -23 -2 -1 -3 -26 -28 -17
right_child=2 3 20 6 5 16 -8 14 19 13 -12 -13 -14 -15 -16 18 22 -19 -20 -21 -22 23 -24 -25 27 -27 28 -29 -30 -31
leaf_value=0.0094400336810660426 -0.01412675710410833 0.03909251677668571 -0.023094341388208862 0.074715076398990152 0.035170668008887768 0.041966774995944499 0.045396767892265315 0.095650671699607365 -0.0040915171768391096 0.038985209049599463 0.031886776168963904 -0.023864503540306094 -0.00071812423751592912 0.0056746153497147511 0.040618394794435499 0.005542144220402243 0.007132588463487629 0.030572508458116647 0.010949378821892734 0.016086975947575272 -0.049284340694410803 0.0051929939415621728 0.021126145609867576 0.018576148470890522 0.0012332428744339951 -0.0043928910838651643 0.044340066498638392 -0.0084813557581400849 0.055722887164832355 -0.016499454307297469
leaf_weight=2872 4758 930 13209 11356 5775 5202 967 24850 2139 500 1725 1474 638 1322 2051 610 510 3198 1935 1736 135839 703 1599 1916 2368 1595 833 2279 588 1206
leaf_count=2872 4758 930 13209 11356 5775 5202 967 24850 2139 500 1725 1474 638 1322 2051 610 510 3198 1935 1736 135839 703 1599 1916 2368 1595 833 2279 588 1206
internal_value=-0.000311775 0.0138596 -0.00681892 0.0181935 0.00719754 0.00926114 0.019066 0.0193401 0.00614577 0.00962695 0.0168717 0.0021829 0.00866446 0.00430099 0.0205391 -0.00138623 0.0123092 0.0133718 0.00167266 0.00197511 -0.00729842 0.00348124 0.00806845 0.00628672 -0.0026063 0.0018343 0.0137473 -0.00107604 0.015954 -0.00176568
internal_weight=236683 74479 162204 45122 29357 20797 40949 39982 10288 4173 13081 8560 6413 1822 26901 13156 10509 8400 3751 3875 149048 7086 2109 2619 9405 4467 2351 4647 1421 1816
internal_count=236683 74479 162204 45122 29357 20797 40949 39982 10288 4173 13081 8560 6413 1822 26901 13156 10509 8400 3751 3875 149048 7086 2109 2619 9405 4467 2351 4647 1421 1816
is_linear=0
shrinkage=0.03


Tree=4
num_leaves=31
num_cat=0
split_feature=35 24 35 23 24 11 24 35 31 23 29 4 28 3 24 24 4 4 4 31 35 4 36 32 4 39 35 3 39 24
split_gain=23765.5 2246.4 678.855 360.698 285.851 244.767 141.591 110.373 100.41 87.5988 83.1601 129.151 77.6629 73.6479 66.8372 65.6928 60.9784 51.846 40.2728 39.0345 38.7628 37.4453 34.4092 29.0509 28.9188 25.6078 25.003 23.8608 23.2846 20.2434
threshold=685.00000000000011 2.5500000000000003 755.00000000000011 3.5000000000000004 0.70000000000000118 0.30000000000000254 3.600000000000001 565.00000000000011 22.630681818181824 4.5000000000000009 14.450000000000001 2.5000000000000013 33.500000000000007 13.750000000000002 2.0500000000000003 1.9500000000000004 3.1500000000000008 2.4500000000000006 3.7000000000000002 15.679487179487181 825.00000000000011 4.1499999999999995 0.68301270189221941 39.500000000000007 1.5000000000000011 0.45847758937963173 715.00000000000011 24.350000000000005 -0.42179730054635828 0.15000000000000038
decision_type=2 2 2 2 2 2 2 2 2 2 2 2 2 2 2 2 2 2 2 2 2 2 2 2 2 2 2 2 2 2
left_child=1 4 9 8 21 7 12 13 25 -2 24 -12 17 -6 19 22 -10 -5 -9 -7 -4 -1 28 -16 -8 27 -17 -3 -11 -23
right_child=2 3 20 6 5 14 10 18 16 15 11 -13 -14 -15 23 26 -18 -19 -20 -21 -22 29 -24 -25 -26 -27 -28 -29 -30 -31
leaf_value=-0.0077681229663536296 -0.01063177275963367 0.034314110619903769 -0.022401511146562601 0.060274721409934118 0.040207767038735034 0.032859491972329249 0.095781148687596185 -0.0043506867416676131 0.0081737869569659255 0.0025423794328078529 0.037169267313570425 0.084274727131980018 0.042212407378446073 0.02768746821439054 0.042011662899344514 0.019759256401122912 0.037410947024264417 0.057183076221194735 0.015249162246132597 0.023427322681692196 -0.047805810473578479 -0.00070381826812777155 0.0097463487643786699 0.031941129129103747 0.098781145826573241 0.048392683739361723 0.0055601628342877808 0.040057322167821971 -0.0077056024979469499 0.015957809795779827
leaf_weight=2570 8138 584 15325 3424 1309 3697 3004 2449 1494 1620 826 1974 775 6164 3501 1159 503 11314 1447 3620 133858 826 1375 622 19229 974 921 565 2227 1319
leaf_count=2570 8138 584 15325 3424 1309 3697 3004 2449 1494 1620 826 1974 775 6164 3501 1159 503 11314 1447 3620 133858 826 1375 622 19229 974 921 565 2227 1319
internal_value=-0.000361326 0.01399 -0.00665472 0.0181442 0.00724769 0.00863761 0.0190038 0.00551864 0.00967977 -0.000666364 0.0204023 0.0155032 0.0167446 0.00765251 0.0117357 0.00171892 0.00484367 0.0172317 0.00142381 0.0100085 -0.00727447 0.000523108 -7.75268e-05 0.0147945 0.0210179 0.01422 0.00622478 0.011149 -0.00153352 0.00344783
internal_weight=236813 72190 164623 44666 27524 22809 40546 11369 4120 15440 25033 2800 15513 7473 11440 7302 1997 14738 3896 7317 149183 4715 5222 4123 22233 2123 2080 1149 3847 2145
internal_count=236813 72190 164623 44666 27524 22809 40546 11369 4120 15440 25033 2800 15513 7473 11440 7302 1997 14738 3896 7317 149183 4715 5222 4123 22233 2123 2080 1149 3847 2145
is_linear=0
shrinkage=0.03


Tree=5
num_leaves=31
num_cat=0
split_feature=35 24 35 24 4 23 27 11 38 35 27 23 27 6 24 4 27 1 1 24 4 37 4 24 23 35 38 29 30 23
split_gain=23182.2 2253.43 693.306 471.792 242.215 203.723 125.466 120.014 113.186 102.541 98.9319 69.7647 66.6091 57.7054 55.1266 48.3084 44.4754 56.1681 41.6135 40.0708 39.8733 38.9172 37.9826 36.5479 33.4377 32.2073 31.2153 31.0337 30.5558 29.5901
threshold=685.00000000000011 2.9500000000000006 765.00000000000011 1.6500000000000006 2.7500000000000004 4.5000000000000009 8.9166666666666696 0.45000000000000112 0.82899317702918729 715.00000000000011 12.708333333333334 5.5000000000000009 14.366666666666669 27.050000000000004 0.75000000000000011 2.1500000000000008 13.083333333333334 74.500000000000014 78.500000000000014 2.2999999999999994 6.4500000000000002 0.6830127018922193 2.6500000000000008 1.1500000000000006 3.5000000000000004 835.00000000000011 -0.159513159777915 15.450000000000001 14.500000000000002 5.5000000000000009
decision_type=2 2 2 2 2 2 2 2 2 2 2 2 2 2 2 2 2 2 2 2 2 2 2 2 2 2 2 2 2 2
left_child=1 3 9 7 6 8 26 18 12 11 19 24 15 -8 -9 -3 -7 -18 23 -6 -12 29 27 -1 -2 -4 -5 -10 -20 -11
right_child=2 5 25 4 10 16 13 14 22 21 20 -13 -14 -15 -16 -17 17 -19 28 -21 -22 -23 -24 -25 -26 -27 -28 -29 -30 -31
leaf_value=0.0091460102873700405 -0.014155196516025247 0.070665382464722426 -0.024729464739282118 0.045398571303356831 0.036010943764817574 0.092817714312798991 0.010686438606847674 0.0091126933458625103 0.063816768614005093 -0.0086797658544373376 0.02705302095841949 0.018063569620375836 0.050657250455155581 0.037758134681407554 0.025506577912913147 0.067758134681407553 0.087702898290567946 0.05843770590139153 0.0083005074401853434 0.048915724864304337 0.043625329508948242 -0.019406898763658961 0.078263260420764605 0.027001538319107406 0.0048604087183016275 -0.046371636159371121 0.043665379603699477 0.010605314687636947 -0.010856510684657107 0.004345145860528323
leaf_weight=1268 1326 3047 15370 824 3294 18750 4112 2208 1016 6674 5072 1229 1873 595 3909 5014 3809 2021 2555 5050 1352 2771 992 801 4121 131441 1938 530 2426 1504
leaf_count=1268 1326 3047 15370 824 3294 18750 4112 2208 1016 6674 5072 1229 1873 595 3909 5014 3809 2021 2555 5050 1352 2771 992 801 4121 131441 1938 530 2426 1504
internal_value=-0.000395493 0.0137422 -0.00662511 0.0083291 0.0109939 0.0189137 0.00658848 0.00382774 0.015784 -0.00100286 0.0132207 0.00192722 0.0172298 0.00360745 0.00690186 0.0184165 0.0205004 0.0181867 0.00115925 0.0153774 0.0104155 -0.00278947 0.0101161 0.00473322 0.000469352 -0.00730005 0.0116624 0.00716085 -0.00032661 -0.00174756
internal_weight=236892 72456 164436 35404 22237 37052 7469 13167 12472 17625 14768 6676 9934 4707 6117 8061 24580 5830 7050 8344 6424 10949 2538 2069 5447 146811 2762 1546 4981 8178
internal_count=236892 72456 164436 35404 22237 37052 7469 13167 12472 17625 14768 6676 9934 4707 6117 8061 24580 5830 7050 8344 6424 10949 2538 2069 5447 146811 2762 1546 4981 8178
is_linear=0
shrinkage=0.03


Tree=6
num_leaves=31
num_cat=0
split_feature=35 24 35 23 24 31 11 1 24 35 35 23 35 38 1 27 11 24 1 31 1 1 27 1 29 24 35 32 30 36
split_gain=22653.9 2239.66 652.583 343.931 286.808 202.217 200.311 134.189 103.585 90.9648 89.4878 81.6413 80.3683 68.1678 67.2733 67.1187 63.1669 48.5873 47.1845 46.8704 42.1453 36.2464 32.7185 50.6179 32.5881 32.0931 29.9106 27.2901 23.9624 23.9466
threshold=685.00000000000011 2.5500000000000003 745.00000000000011 4.5000000000000009 1.1500000000000006 24.038461538461544 0.30000000000000254 82.500000000000014 3.3999999999999999 555.00000000000011 605.00000000000011 4.5000000000000009 805.00000000000011 0.86113431103781346 79.500000000000014 14.366666666666669 0.35000000000000148 1.2000000000000013 72.500000000000014 18.348484848484851 68.500000000000014 82.500000000000014 10.266666666666667 86.500000000000014 19.633333333333336 0.54999999999999993 645.00000000000011 35.500000000000007 16.500000000000004 0.68301270189221941
decision_type=2 2 2 2 2 2 2 2 2 2 2 2 2 2 2 2 2 2 2 2 2 2 2 2 2 2 2 2 2 2
left_child=1 4 11 5 16 10 9 -7 15 14 13 -2 -4 -3 -6 -5 28 -13 -17 26 -21 -11 -10 -24 -9 -18 -8 29 -1 -19
right_child=2 3 12 8 6 7 19 24 22 21 -12 17 -14 -15 -16 18 25 27 -20 20 -22 -23 23 -25 -26 -27 -28 -29 -30 -31
leaf_value=0.0056078275142417986 -0.0088533789319839139 0.06447744855280399 -0.019068992756677321 0.052899823526117044 0.036213176623608019 0.050753604986542335 0.040777464676678581 0.03199047078805712 0.09903317430034618 0.015002543252808996 0.022933997329678522 -0.0014276060067964669 -0.044980487074589987 0.073486781029863141 0.025067976628809233 0.051794063254507576 0.0048258247453741316 0.0086855844583678919 0.018704065772207765 0.034499885729581334 0.020798502783526275 -0.0044733268927341467 0.084794119059962855 0.065090913044969848 -0.0079938793319913395 0.019391472093468146 0.022659793038434649 -0.0044106348922559237 -0.013411900814170418 0.020307250946349942
leaf_weight=2106 6914 10436 13177 5245 1763 2031 4410 1680 12736 1733 1073 2720 138087 1526 4682 789 1896 2112 753 978 2499 1886 6826 901 729 2241 1996 568 1518 805
leaf_count=2106 6914 10436 13177 5245 1763 2031 4410 1680 12736 1733 1073 2720 138087 1526 4682 789 1896 2112 753 978 2499 1886 6826 901 729 2241 1996 568 1518 805
internal_value=-0.000457567 0.0135203 -0.0066168 0.0176724 0.00681739 0.0143833 0.00872111 0.00884737 0.0197804 0.00574012 0.0162674 -0.000198346 -0.00717346 0.0170123 0.00787692 0.0165544 0.00192355 0.00229942 0.0110266 0.0117549 0.00894007 0.00193248 0.0208486 0.0192842 0.0040533 0.00445579 0.0132795 0.00464368 -0.000968009 0.00581449
internal_weight=236816 72433 164383 44725 27708 17475 19947 4440 27250 10064 13035 13119 151264 11962 6445 6787 7761 6205 1542 9883 3477 3619 20463 7727 2409 4137 6406 3485 3624 2917
internal_count=236816 72433 164383 44725 27708 17475 19947 4440 27250 10064 13035 13119 151264 11962 6445 6787 7761 6205 1542 9883 3477 3619 20463 7727 2409 4137 6406 3485 3624 2917
is_linear=0
shrinkage=0.03


Tree=7
num_leaves=31
num_cat=0
split_feature=35 24 35 24 31 23 4 31 11 23 35 31 4 4 35 27 4 24 24 8 4 29 3 38 24 35 24 24 23 38
split_gain=21936.2 2107.95 875.247 431.157 273.579 209.692 156.045 134.784 116.828 107.407 82.2904 81.3035 74.6254 61.8259 57.9776 53.7221 62.3416 53.6592 43.6028 41.745 40.0985 39.1216 33.9154 33.8517 26.9076 25.9742 25.823 23.4439 23.3892 22.8488
threshold=675.00000000000011 2.9500000000000006 755.00000000000011 1.6500000000000006 29.441558441558445 4.5000000000000009 3.3500000000000001 22.630681818181824 0.45000000000000112 4.5000000000000009 715.00000000000011 15.759615384615387 2.7999999999999985 2.0999999999999992 805.00000000000011 11.550000000000002 4.5000000000000036 2.2999999999999994 0.29999999999999899 0.59999999999999887 3.4500000000000006 10.900000000000002 13.250000000000002 0.35846314187849709 0.70000000000000118 715.00000000000011 4.4500000000000011 1.1500000000000006 3.5000000000000004 0.87397152483179585
decision_type=2 2 2 2 2 2 2 2 2 2 2 2 2 2 2 2 2 2 2 2 2 2 2 2 2 2 2 2 2 2
left_child=1 3 9 8 6 7 11 13 19 25 23 -5 -9 21 -4 -7 26 -8 -10 22 -6 -3 -1 27 -12 28 -17 -11 -2 -15
right_child=2 5 14 4 20 15 17 12 18 10 24 -13 -14 29 -16 16 -18 -19 -20 -21 -22 -23 -24 -25 -26 -27 -28 -29 -30 -31
leaf_value=0.023659784996337349 -0.013151058880462869 0.071455899079651566 -0.019365811414302814 0.041010537766232626 -0.010475463521120217 0.090062184793381697 0.032318879631419176 0.028564720135196994 0.0015534940855339951 -0.0024389348528471269 -0.009841350563678181 0.021345887116945395 0.054467861207949365 0.065543122235196913 -0.043631072462352288 0.043151081852357026 0.083239241927013083 0.042457037286181713 0.022415672018209272 -0.025166743208310045 0.022028857171011249 0.047668609246323962 0.004564680278445545 0.020913459003842325 0.0025047312454963585 -0.013318806863959698 0.08802935965493891 0.011369174573657978 0.0015030209404473837 0.08733177108440858
leaf_weight=788 1728 2596 10909 4528 1310 16682 4404 1602 890 722 1524 4178 2009 4715 138143 2163 4484 6234 4435 1252 949 844 4723 1755 2637 4661 947 1666 2881 514
leaf_count=788 1728 2596 10909 4528 1310 16682 4404 1602 890 722 1524 4178 2009 4715 138143 2163 4484 6234 4435 1252 949 844 4723 1755 2637 4661 947 1666 2881 514
internal_value=-0.000545256 0.013515 -0.00647295 0.00810102 0.0106396 0.018504 0.0117931 0.0153029 0.00356328 -0.000140817 0.00233686 0.00881086 0.0104228 0.0173328 -0.00721953 0.0201219 0.0180115 0.0142317 0.00688615 0.000945676 0.00075962 0.0141894 0.0020692 0.00532871 -0.000643166 -0.00236033 0.0147253 0.003 -0.00076285 0.0193945
internal_weight=236873 70247 166626 33691 21603 36556 19344 12280 12088 17574 8304 8706 3611 8669 149052 24276 7594 10638 5325 6763 2259 3440 5511 4143 4161 9270 3110 2388 4609 5229
internal_count=236873 70247 166626 33691 21603 36556 19344 12280 12088 17574 8304 8706 3611 8669 149052 24276 7594 10638 5325 6763 2259 3440 5511 4143 4161 9270 3110 2388 4609 5229
is_linear=0
shrinkage=0.03


Tree=8
num_leaves=31
num_cat=0
split_feature=35 35 27 1 35 11 22 4 4 35 27 30 9 37 31 28 36 22 39 1 31 35 28 35 4 35 22 31 6 1
split_gain=21456 1019.8 561.458 516.367 492.407 281.565 163.345 144.857 128.266 103.241 89.1743 73.7372 66.0452 60.157 56.818 49.2249 49.1661 47.9798 67.9163 44.4467 52.4512 40.9647 38.3396 35.3768 34.2852 30.0411 27.9646 26.0192 20.6741 19.6082
threshold=695.00000000000011 615.00000000000011 10.366666666666669 82.500000000000014 765.00000000000011 0.45000000000000112 30.500000000000004 1.7500000000000002 5.2500000000000009 655.00000000000011 17.916666666666668 13.500000000000002 15.000000000000002 0.6830127018922193 18.148351648351653 21.500000000000004 0.68301270189221941 31.500000000000004 -0.6523320455745395 69.500000000000014 13.14835164835165 835.00000000000011 36.500000000000007 535.00000000000011 2.7500000000000004 725.00000000000011 27.500000000000004 21.174242424242429 22.750000000000004 78.500000000000014
decision_type=2 2 2 2 2 2 2 2 2 2 2 2 2 2 2 2 2 2 2 2 2 2 2 2 2 2 2 2 2 2
left_child=1 2 7 8 13 14 12 11 10 19 -4 23 -5 15 24 25 -11 18 -9 -7 -21 -6 -10 -1 -3 -2 -13 -8 -17 -16
right_child=4 5 3 6 21 9 27 17 22 16 -12 26 -14 -15 29 28 -18 -19 -20 20 -22 -23 -24 -25 -26 -27 -28 -29 -30 -31
leaf_value=0.078138506348623599 0.0098783575549451497 0.0013573635994513877 0.046832566869984854 0.029334223233265403 -0.021971405788712255 0.037547732599852439 0.051451047622678506 0.056992264721991419 0.07468120918525116 0.010191257027470717 0.028043464412534302 0.02445032202477251 0.0071380333029666043 -0.01477662583184272 0.0055761846481981788 0.00090667643724008152 0.032376430645949264 0.073639202758977715 0.075576831429163951 0.035370388314861209 0.0198604390301792 -0.042322140288481719 0.062510089660712212 0.033402227743477231 0.019733676920272027 -0.0015329028137796147 0.045402230604500181 0.041189149552652182 -0.011557119659774321 -0.014066161554747532
leaf_weight=3851 2648 1076 8162 4958 15235 2095 1543 1907 6117 4395 1781 547 3292 3901 1302 1628 1378 8028 14056 1762 1787 131315 656 661 1638 3344 655 688 3837 2119
leaf_count=3851 2648 1076 8162 4958 15235 2095 1543 1907 6117 4395 1781 547 3292 3901 1302 1628 1378 8028 14056 1762 1787 131315 656 661 1638 3344 655 688 3837 2119
internal_value=-0.000593809 0.012735 0.014685 0.0115689 -0.00672318 0.00641221 0.0063467 0.017537 0.0148421 0.00919717 0.0126674 0.0132339 0.00439712 -0.0016123 0.00122821 -0.000516406 0.00637273 0.0185607 0.0176002 0.0120829 0.010026 -0.00725875 0.0180299 0.0149934 0.00446797 0.00136136 0.00661545 0.0135457 -0.002575 -0.00134312
internal_weight=236362 74454 56902 27197 161908 17552 10481 29705 16716 11417 9943 5714 8250 15358 6135 11457 5773 23991 15963 5644 3549 146550 6773 4512 2714 5992 1202 2231 5465 3421
internal_count=236362 74454 56902 27197 161908 17552 10481 29705 16716 11417 9943 5714 8250 15358 6135 11457 5773 23991 15963 5644 3549 146550 6773 4512 2714 5992 1202 2231 5465 3421
is_linear=0
shrinkage=0.03


Tree=9
num_leaves=31
num_cat=0
split_feature=25 24 25 24 31 23 4 31 11 25 23 27 24 4 24 24 1 29 24 4 1 24 27 38 2 30 24 27 1 11
split_gain=20797.1 2191.8 832.999 430.808 255.973 183.81 162.003 121.419 117.173 108.506 94.091 63.7742 63.4217 60.4127 60.0887 59.0366 58.3134 53.8881 52.6412 40.9525 40.7357 37.7389 29.1099 28.2641 24.1138 23.8298 23.7812 23.5715 52.1838 22.6666
threshold=1420.5000000000002 3.100000000000001 1480.5000000000002 1.7000000000000013 29.630681818181824 4.5000000000000009 2.7500000000000004 26.679487179487186 0.35000000000000148 1550.5000000000002 4.5000000000000009 6.0833333333333348 2.3500000000000001 2.1500000000000008 3.8500000000000001 0.60000000000000064 81.500000000000014 10.900000000000002 1.9500000000000004 2.7999999999999985 79.500000000000014 1.1500000000000006 12.366666666666669 0.52766072109828632 1014.4500000000002 14.500000000000002 0.70000000000000118 12.91666666666667 78.500000000000014 0.59999999999999887
decision_type=2 2 2 2 2 2 2 2 2 2 2 2 2 2 2 2 2 2 2 2 2 2 2 2 2 2 2 2 2 2
left_child=1 3 10 8 6 7 11 13 20 26 29 -5 -8 17 22 -10 -6 -3 23 -9 21 -1 -7 -12 -25 -22 -4 -16 -29 -2
right_child=2 5 9 4 16 14 12 19 15 -11 18 -13 -14 -15 27 -17 -18 -19 -20 -21 25 -23 -24 24 -26 -27 -28 28 -30 -31
leaf_value=0.0040256831517948219 -0.01184172911180675 0.068528728394363053 -0.021125695613468103 0.047713860796952189 0.020857686142092369 0.056782044299173683 0.031770949144916349 0.015829378316881856 0.0042031508879680568 -0.041052476079827267 -0.00086005942784022065 0.023261047456312679 0.040788802516676444 0.062557465713427435 0.092717878433340145 0.020991237884555928 -0.01330202826814661 0.04148231366511592 0.016029514574442624 0.054563677892158588 0.0056374756032417078 0.02267866696212251 0.047445182019169058 0.0020951349864880928 0.017526664860047378 -0.012545348498709714 -0.011154624082566391 0.084280649871695895 0.053773945781640922 0.0010250291407986577
leaf_weight=1142 4108 2675 8260 1286 1103 4833 5779 912 1676 137737 2665 5254 7912 5513 12652 5184 1139 1097 2110 932 2373 866 2170 672 766 2218 7062 2981 854 2880
leaf_count=1142 4108 2675 8260 1286 1103 4833 5779 912 1676 137737 2665 5254 7912 5513 12652 5184 1139 1097 2110 932 2373 866 2170 672 766 2218 7062 2981 854 2880
internal_value=-0.000664923 0.0129827 -0.00645626 0.00779178 0.0103338 0.0183697 0.0113996 0.0151866 0.00354636 -0.00707987 0.000774256 0.00751146 0.0132555 0.0165837 0.0198763 0.00629117 0.000715241 0.0136407 0.00345977 0.00814193 0.000691941 0.00425373 0.01753 0.00147808 0.00486458 -0.00086708 -0.00468383 0.0208707 0.0187666 -0.00161373
internal_weight=236811 70551 166260 35932 22473 34619 20231 11129 13459 153059 13201 6540 13691 9285 23490 6860 2242 3772 6213 1844 6599 2008 7003 4103 1438 4591 15322 16487 3835 6988
internal_count=236811 70551 166260 35932 22473 34619 20231 11129 13459 153059 13201 6540 13691 9285 23490 6860 2242 3772 6213 1844 6599 2008 7003 4103 1438 4591 15322 16487 3835 6988
is_linear=0
shrinkage=0.03


Tree=10
num_leaves=31
num_cat=0
split_feature=35 24 35 24 31 23 1 31 1 23 35 35 1 24 35 8 1 24 1 31 38 3 37 5 28 11 24 25 11 23
split_gain=20312.2 2162.78 844.573 398.808 231.172 198.887 154.91 118.719 113.988 87.6677 81.4214 75.8838 68.0248 65.9644 55.3788 54.1138 49.9983 49.1079 45.6082 45.1069 41.3733 34.2086 32.5919 32.0052 24.2915 24.0347 23.7435 22.4087 27.0622 20.9284
threshold=675.00000000000011 3.100000000000001 755.00000000000011 1.7000000000000013 29.441558441558445 4.5000000000000009 88.500000000000014 26.839743589743595 78.500000000000014 4.5000000000000009 825.00000000000011 705.00000000000011 70.500000000000014 3.8500000000000001 595.00000000000011 0.1000000000000001 81.500000000000014 0.75000000000000011 84.500000000000014 12.14835164835165 0.87397152483179585 11.350000000000003 0.6830127018922193 23.250000000000004 21.500000000000004 0.29999999999999943 0.79999999999999905 1320.5000000000002 0.59999999999999887 5.5000000000000009
decision_type=2 2 2 2 2 2 2 2 2 2 2 2 2 2 2 2 2 2 2 2 2 2 2 2 2 2 2 2 2 2
left_child=1 3 9 8 6 7 12 14 17 25 -4 29 -5 24 20 26 -6 -1 -9 -8 -3 -19 23 -13 -7 -2 -10 -15 -29 -11
right_child=2 5 10 4 16 13 19 18 15 11 -12 22 -14 27 -16 -17 -18 21 -20 -21 -22 -23 -24 -25 -26 -27 -28 28 -30 -31
leaf_value=0.0088050461152738759 -0.0172079560976355 0.061543069678799994 -0.018586570085601651 0.040227597908340525 0.022402128781426268 0.053447681837835707 0.038422769287559472 0.052321609484101812 -0.0015021404645856372 0.0087933880044735891 -0.039820901797432452 0.015269548204033225 0.035196126713679575 0.090752221792476176 0.021336918074276689 -0.0092623422938246103 -0.01186943120283411 0.034387702036403796 0.013596140526154626 0.013076509823403392 0.071060289940043958 0.019561025182844 -0.011440668098969027 -0.00018014784158725428 0.046853563535410966 -0.003612566343107053 0.01522775630000445 0.042179651696516669 0.058820285363689537 0.018852062484123317
leaf_weight=1969 3369 7448 15408 3618 1121 5149 1465 921 1197 1914 133952 627 12486 15021 665 3136 1178 620 885 2392 1203 3228 1140 3342 1781 5909 3090 616 976 1191
leaf_count=1969 3369 7448 15408 3618 1121 5149 1465 921 1197 1914 133952 627 12486 15021 665 3136 1178 620 885 2392 1203 3228 1140 3342 1781 5909 3090 616 976 1191
internal_value=-0.000733897 0.0128089 -0.00642903 0.00760352 0.0100557 0.0181389 0.0110931 0.0148261 0.00347984 -0.000192066 -0.00715945 0.00206487 0.0123867 0.0197026 0.0161912 0.00101515 0.00104628 0.00662356 0.00777378 0.00568865 0.0168332 0.00859481 -0.000183428 0.00110111 0.0172266 -0.00219019 0.00320529 0.0207332 0.0172773 0.00576199
internal_weight=237017 70165 166852 35500 22260 34665 19961 11122 13240 17492 149360 8214 16104 23543 9316 7423 2299 5817 1806 3857 8651 3848 5109 3969 6930 9278 4287 16613 1592 3105
internal_count=237017 70165 166852 35500 22260 34665 19961 11122 13240 17492 149360 8214 16104 23543 9316 7423 2299 5817 1806 3857 8651 3848 5109 3969 6930 9278 4287 16613 1592 3105
is_linear=0
shrinkage=0.03


Tree=11
num_leaves=31
num_cat=0
split_feature=35 24 35 24 23 32 11 1 27 1 24 23 35 35 35 8 38 24 24 1 27 1 38 27 2 28 27 11 38 1
split_gain=19703.9 2140.85 862.459 353.409 252.019 194.079 117.076 115.443 108.312 91.6382 86.6707 86.5433 85.1758 68.4807 67.3222 49.8405 49.7425 49.6131 44.4975 37.6725 34.3371 34.2804 31.2289 30.0538 29.961 28.5796 27.687 27.6418 27.1001 26.5923
threshold=675.00000000000011 2.9500000000000006 755.00000000000011 1.8499999999999999 4.5000000000000009 39.500000000000007 0.45000000000000112 88.500000000000014 14.550000000000002 81.500000000000014 3.8500000000000001 4.5000000000000009 845.00000000000011 575.00000000000011 715.00000000000011 0.69999999999999762 0.84773968378660736 0.75000000000000011 2.3500000000000001 82.500000000000014 5.916666666666667 71.500000000000014 0.35846314187849709 12.366666666666669 1013.5500000000001 30.500000000000004 17.366666666666671 0.29999999999999943 0.79383249484937135 73.500000000000014
decision_type=2 2 2 2 2 2 2 2 2 2 2 2 2 2 2 2 2 2 2 2 2 2 2 2 2 2 2 2 2 2
left_child=1 3 11 6 8 7 15 18 13 25 23 27 -4 16 22 21 -3 -8 -5 -10 -9 -1 -13 -6 -24 -7 -11 -2 -19 -25
right_child=2 4 12 5 10 9 17 20 19 26 -12 14 -14 -15 -16 -17 -18 28 -20 -21 -22 -23 24 29 -26 -27 -28 -29 -30 -31
leaf_value=0.027484065234311 -0.017270962915136117 0.058892578511766214 -0.019934327642496016 0.031836923412731651 0.052294305478616979 0.031717789455180868 0.0075835490324223194 0.04814864457543528 0.050630399309106705 0.012755652150911007 0.085588905577884941 0.0058231203605546809 -0.038626274743509478 0.02288598663043042 -0.0014993586603936793 -0.025969900597076229 0.063441839392548077 0.019345223084775105 0.038398102046787161 0.029111362208718641 0.016324283068138837 0.0054874557430220159 0.0073398895306633358 0.054051417935415347 0.02437395081868059 0.01612029748132629 -0.012230777330170566 -0.0031112655672902488 0.041581089500082005 0.031018929299582651
leaf_weight=880 3369 7394 19729 4853 5368 1349 1832 605 1243 1165 16593 2398 129568 922 4159 1384 1186 3748 7013 1503 2274 5945 642 1228 1112 787 1003 5909 690 1170
leaf_count=880 3369 7394 19729 4853 5368 1349 1832 605 1243 1165 16593 2398 129568 922 4159 1384 1186 3748 7013 1503 2274 5945 642 1228 1112 787 1003 5909 690 1170
internal_value=-0.000790588 0.012552 -0.00639797 0.00707456 0.017568 0.00975972 0.00354102 0.0113957 0.0140522 0.00415235 0.0193345 -0.000114689 -0.00713821 0.0155698 0.00210844 0.00118286 0.0164053 0.00662707 0.0127035 0.00879367 0.00600052 0.00223561 0.00480982 0.0167051 0.00785023 0.0085594 -0.000193548 -0.00210614 0.00834122 0.0138812
internal_weight=237021 70135 166886 33528 36607 19049 14479 14745 12248 4304 24359 17589 149297 9502 8311 8209 8580 6270 11866 2746 2879 6825 4152 7766 1754 2136 2168 9278 4438 2398
internal_count=237021 70135 166886 33528 36607 19049 14479 14745 12248 4304 24359 17589 149297 9502 8311 8209 8580 6270 11866 2746 2879 6825 4152 7766 1754 2136 2168 9278 4438 2398
is_linear=0
shrinkage=0.03


Tree=12
num_leaves=31
num_cat=0
split_feature=35 23 35 35 35 23 8 11 27 27 1 4 31 35 27 35 35 35 23 23 32 27 38 31 23 22 23 38 32 38
split_gain=19292 1381.62 568.066 513.707 508.821 320.342 207.617 139.992 116.287 104.67 120.453 74.6117 65.5987 60.0773 58.3594 51.6981 49.3368 48.8477 41.5852 37.1849 29.0638 27.4309 25.5549 24.5757 23.729 23.0332 20.5615 19.4015 19.1477 19.0881
threshold=695.00000000000011 4.5000000000000009 585.00000000000011 775.00000000000011 635.00000000000011 3.5000000000000004 0.99999999999999745 0.49999999999999917 17.916666666666668 12.366666666666669 76.500000000000014 3.8999999999999995 27.851648351648354 725.00000000000011 7.7333333333333343 645.00000000000011 855.00000000000011 565.00000000000011 5.5000000000000009 4.5000000000000009 49.500000000000007 15.733333333333336 0.63920241694561786 29.441558441558445 3.5000000000000004 31.500000000000004 3.5000000000000004 0.35846314187849709 40.500000000000007 0.35846314187849709
decision_type=2 2 2 2 2 2 2 2 2 2 2 2 2 2 2 2 2 2 2 2 2 2 2 2 2 2 2 2 2 2
left_child=1 2 5 13 6 11 9 23 14 17 -11 12 -1 19 -7 24 -5 -3 21 -2 -10 -6 25 -4 -9 -15 -17 -20 -13 -21
right_child=3 4 7 16 18 8 -8 15 20 10 -12 28 -14 22 -16 26 -18 -19 27 29 -22 -23 -24 -25 -26 -27 -28 -29 -30 -31
leaf_value=0.02238192152971076 -0.0057582541205424805 0.080021241271571328 0.0013392948828179496 -0.021288031376574618 0.017575793153829764 0.058819727347123332 0.0015289943973921403 0.011074813224837709 0.033214512224012865 0.067393463906556678 0.037614692714894024 0.03238685605898723 0.0007478301409870558 -0.017010949621867232 0.045872891290909261 -0.0024682305576970019 -0.03746748650120419 0.045061662354447821 0.018356017997895459 0.0016373022966681306 -0.0016561707052963957 0.006517583299617615 -0.0028470375746803651 -0.016546660145022016 0.027292146567194843 -0.0046512999670323008 0.010107131397661598 0.037785992126377135 0.020077309684394886 0.012356447278257696
leaf_weight=6002 3536 16057 5147 17490 2905 5138 583 903 816 5266 2743 1389 1999 5419 10017 822 127291 4321 1231 1810 569 909 3280 1121 2562 2289 2172 1136 700 1305
leaf_count=6002 3536 16057 5147 17490 2905 5138 583 903 816 5266 2743 1389 1999 5419 10017 822 127291 4321 1231 1810 569 909 3280 1121 2562 2289 2172 1136 700 1305
internal_value=-0.00084316 0.0117959 0.00793446 -0.00664122 0.0161186 0.010426 0.017786 0.00272036 0.012996 0.0181499 0.0152331 0.00621136 0.00489098 -0.0018073 0.0137565 0.00581915 -0.00723011 0.0192947 0.00830058 0.000443033 0.00466655 0.00635613 -0.00316924 -0.000473684 0.00831338 -0.00411284 0.00292891 0.0114257 0.011259 0.00283205
internal_weight=236928 74508 39357 162420 35151 26630 28970 12727 16540 28387 8009 10090 8001 17639 15155 6459 144781 20378 6181 6651 1385 3814 10988 6268 3465 7708 2994 2367 2089 3115
internal_count=236928 74508 39357 162420 35151 26630 28970 12727 16540 28387 8009 10090 8001 17639 15155 6459 144781 20378 6181 6651 1385 3814 10988 6268 3465 7708 2994 2367 2089 3115
is_linear=0
shrinkage=0.03


Tree=13
num_leaves=31
num_cat=0
split_feature=35 24 35 24 24 31 4 4 27 35 4 29 25 31 8 4 4 24 32 24 37 4 24 24 25 8 8 27 38 29
split_gain=18598.7 2114.56 839.2 331.001 222.374 204.984 144.827 113.558 102.141 94.2155 92.2057 95.2507 78.7542 67.8978 61.9028 51.9305 48.1828 46.3562 45.7578 44.5156 41.3961 41.2054 36.2475 35.2715 31.366 31.0179 28.6551 28.0481 24.3819 24.1869
threshold=675.00000000000011 3.100000000000001 765.00000000000011 1.8999999999999997 3.8500000000000001 30.038461538461544 2.5999999999999992 4.1499999999999995 15.91666666666667 715.00000000000011 1.7500000000000002 10.225000000000001 1590.5000000000002 12.14835164835165 0.25000000000000006 1.8999999999999992 6.1000000000000005 1.1500000000000006 35.500000000000007 1.8499999999999999 0.6830127018922193 4.2999999999999998 0.79999999999999905 4.7500000000000009 1370.5000000000002 0.1000000000000001 0.25000000000000006 14.366666666666669 0.65883702558178847 10.225000000000001
decision_type=2 2 2 2 2 2 2 2 2 2 2 2 2 2 2 2 2 2 2 2 2 2 2 2 2 2 2 2 2 2
left_child=1 3 9 7 8 6 13 14 15 18 11 -6 -4 -5 22 29 -8 -9 19 28 26 -10 -1 27 -19 -7 -11 -12 -2 -3
right_child=2 4 12 5 10 25 16 17 21 20 23 -13 -14 -15 -16 -17 -18 24 -20 -21 -22 -23 -24 -25 -26 -27 -28 -29 -30 -31
leaf_value=-0.0033178333654262848 -0.00014426528729408972 0.057024767549114869 -0.019495890960137218 0.035973721214008395 0.082245471021081956 0.012191107804834749 0.032944582439855423 0.011934121493906446 0.0213147039667116 -0.00054560578888665219 0.06332286990844839 0.049809709684045612 -0.036343461906168065 0.014930742586310147 -0.014716800291251159 0.048055144109778486 0.040609290174507352 0.027496334362258869 -0.0078024348494866785 0.015712767663268856 -0.01682139724077825 0.048998215911712044 0.014812915600044925 0.092418201696364319 0.015831051178938148 -0.012653193555869557 -0.013982197651671311 0.05845933583851854 0.0126961715365887 0.026350994620627944
leaf_weight=1634 3357 1644 17909 1973 2400 1019 10140 2933 1323 5662 7731 1207 128882 3388 2342 9774 2349 1838 2119 2210 2791 762 5246 7395 1660 940 2527 1658 1138 646
leaf_count=1634 3357 1644 17909 1973 2400 1019 10140 2933 1323 5662 7731 1207 128882 3388 2342 9774 2349 1838 2119 2210 2791 762 5246 7395 1660 940 2527 1658 1138 646
internal_value=-0.000929326 0.0120462 -0.00638164 0.00689981 0.0173293 0.00947617 0.0104871 0.00363861 0.0144345 -0.000584671 0.0193364 0.0149647 -0.00716371 0.00635885 0.00150423 0.0154948 0.0122578 0.00669789 0.00172332 0.0029376 -0.00243945 0.00829061 0.0029381 0.020274 0.00903 0.000263896 -0.00136339 0.0190355 0.00122248 0.0114071
internal_weight=236597 70002 166595 35462 34540 19809 17850 15653 14149 19804 20391 3607 146791 5361 9222 12064 12489 6431 8824 6705 10980 2085 6880 16784 3498 1959 8189 9389 4495 2290
internal_count=236597 70002 166595 35462 34540 19809 17850 15653 14149 19804 20391 3607 146791 5361 9222 12064 12489 6431 8824 6705 10980 2085 6880 16784 3498 1959 8189 9389 4495 2290
is_linear=0
shrinkage=0.03


Tree=14
num_leaves=31
num_cat=0
split_feature=35 24 35 24 24 31 4 31 11 31 4 29 24 4 35 35 11 1 24 36 35 1 25 4 37 9 29 38 35 24
split_gain=18137.8 2377.33 524.289 376.851 253.64 207.003 125.257 115.532 111.778 73.224 70.0558 74.7723 67.4947 62.7208 62.7203 55.2159 54.362 53.853 52.4847 48.0699 46.7362 44.5753 42.0626 36.9068 32.603 31.6702 31.5567 30.2445 28.3899 25.4298
threshold=695.00000000000011 3.100000000000001 775.00000000000011 1.8999999999999997 4.0500000000000007 29.630681818181824 2.7500000000000004 26.348484848484851 0.59999999999999887 11.14835164835165 1.7 12.225000000000001 0.95000000000000029 1.7500000000000002 645.00000000000011 855.00000000000011 0.30000000000000254 79.500000000000014 0.60000000000000064 0.68301270189221941 625.00000000000011 81.500000000000014 1340.5000000000002 4.2999999999999998 0.6830127018922193 65.000000000000014 10.633333333333335 0.63920241694561786 585.00000000000011 2.3500000000000001
decision_type=2 2 2 2 2 2 2 2 2 2 2 2 2 2 2 2 2 2 2 2 2 2 2 2 2 2 2 2 2 2
left_child=1 3 12 8 7 6 9 13 17 -5 11 -6 27 26 -8 -4 -14 22 -10 -20 -15 -7 -1 -9 29 -19 -3 -2 -12 -18
right_child=2 4 15 5 10 21 14 23 18 -11 28 -13 16 20 -16 -17 24 25 19 -21 -22 -23 -24 -25 -26 -27 -28 -29 -30 -31
leaf_value=0.019478333639554531 -0.013814100258401895 0.051568253240735253 -0.020064513706473261 0.038242837662131893 0.07816638670835431 0.016597513462150958 0.035487605165481551 0.024650138364388251 0.0035822715773387425 0.017606008603065267 0.078779043935253382 0.036977120112221436 -0.0093212916922266412 0.049671615785567773 0.017781256798759457 -0.035253158048983026 0.0048481385845688413 0.002942065260922042 0.015189104441489378 0.03852523879872926 0.026856342102574919 -0.011975569655397048 0.0027885554213800878 0.048686275699916556 -0.0058606450947283045 -0.020592140599008112 0.02308068232783159 -0.0027199112043006868 0.046362411892259571 0.015307527771012179
leaf_weight=2103 6326 1918 17570 1836 2478 1040 10352 1531 1644 4269 13499 583 3543 11543 2391 127084 3084 5452 4394 1120 1222 1140 2109 720 1192 1650 672 2390 979 960
leaf_count=2103 6326 1918 17570 1836 2478 1040 10352 1531 1644 4269 13499 583 3543 11543 2391 127084 3084 5452 4394 1120 1222 1140 2109 720 1192 1650 672 2390 979 960
internal_value=-0.000974193 0.0112629 -0.00660759 0.00621234 0.0169386 0.00895863 0.00997082 0.0143909 0.00308542 0.00643401 0.0194942 0.0153452 -0.00170215 0.0153218 0.011664 -0.00720084 0.000154595 0.00122879 0.00601885 0.00742114 0.0161872 0.000206233 0.00391552 0.00803262 0.00209622 -0.000365287 0.0110475 -0.00357192 0.0203691 0.00338112
internal_weight=236794 74645 162149 39500 35145 21028 18848 17606 18472 6105 17539 3061 17495 15355 12743 144654 8779 11314 7158 5514 12765 2180 4212 2251 5236 7102 2590 8716 14478 4044
internal_count=236794 74645 162149 39500 35145 21028 18848 17606 18472 6105 17539 3061 17495 15355 12743 144654 8779 11314 7158 5514 12765 2180 4212 2251 5236 7102 2590 8716 14478 4044
is_linear=0
shrinkage=0.03


Tree=15
num_leaves=31
num_cat=0
split_feature=35 24 35 24 31 23 1 35 24 31 1 31 25 23 1 8 24 1 37 37 38 3 8 24 24 35 36 39 1 7
split_gain=17663.4 1930.3 979.46 387.336 212.256 185.816 116.185 100.825 91.6461 90.6367 87.7909 85.4165 83.2998 69.2461 58.2824 56.1243 49.672 49.3795 46.8664 46.6167 42.107 36.4993 34.9163 30.4992 29.9277 29.0686 28.5435 25.0775 24.6743 21.0021
threshold=665.00000000000011 3.2500000000000004 765.00000000000011 2.100000000000001 29.038461538461544 4.5000000000000009 78.500000000000014 705.00000000000011 4.4500000000000011 19.441558441558445 73.500000000000014 9.3798076923076952 1580.5000000000002 4.5000000000000009 81.500000000000014 0.1000000000000001 0.89999999999999958 86.500000000000014 0.6830127018922193 -0.9330127018922193 0.87397152483179585 13.350000000000003 0.25000000000000006 0.84999999999999976 0.89999999999999958 595.00000000000011 0.68301270189221941 0.77652048701313048 92.500000000000014 1.4500000000000004
decision_type=2 2 2 2 2 2 2 2 2 2 2 2 2 2 2 2 2 2 2 2 2 2 2 2 2 2 2 2 2 2
left_child=1 3 7 6 10 9 16 13 19 20 -5 -12 -4 29 -6 23 27 -11 22 -7 28 -18 24 -8 -9 -21 -15 -1 -3 -2
right_child=2 5 12 4 14 8 15 18 -10 17 11 -13 -14 26 -16 -17 21 -19 -20 25 -22 -23 -24 -25 -26 -27 -28 -29 -30 -31
leaf_value=0.016700205841564713 -0.012384453987792086 0.055850204110481229 -0.017997816915274543 0.036651580917699871 0.025244196352772839 0.031415672617195779 -0.0021119207340170396 -0.0052146333899752654 0.082415681200264629 0.04637854926368426 0.046132571148232264 0.027296346594284666 -0.034195563307513541 0.007769875183328525 -0.010663553482724627 -0.0062972852671582874 0.02860665670540373 0.031037178910016481 -0.01430919138739757 0.056230772323626652 0.066646390724928575 0.019767740434620006 -0.012796579436664334 0.016621909769385681 0.005171931797001701 0.035623377597666983 0.023197774430590658 -0.003304672761942191 0.052999879806740799 0.0025686718865933723
leaf_weight=1256 1378 3512 15708 4473 1110 780 1362 3204 10809 2099 3116 11444 131579 2932 1271 3667 1267 1480 3379 8661 607 3273 2880 4189 3629 1665 1164 849 1091 3270
leaf_count=1256 1378 3512 15708 4473 1110 780 1362 3204 10809 2099 3116 11444 131579 2932 1271 3667 1267 1480 3379 8661 607 3273 2880 4189 3629 1665 1164 849 1091 3270
internal_value=-0.00106775 0.0118471 -0.00625911 0.00725858 0.0098905 0.0174171 0.00370485 -0.000329701 0.0188966 0.0137245 0.0109468 0.00981459 -0.00713816 0.00216442 0.00144461 0.0015244 0.00672822 0.0100384 -0.00199557 0.0169729 0.0162519 0.00849406 -0.000936438 0.00342653 0.000231529 0.0175082 0.00500732 0.00291528 0.0172329 -0.000341935
internal_weight=237104 67981 169123 37277 21414 30704 15863 21836 21915 8789 19033 14560 147287 8744 2381 9218 6645 3579 13092 11106 5210 4540 9713 5551 6833 10326 4096 2105 4603 4648
internal_count=237104 67981 169123 37277 21414 30704 15863 21836 21915 8789 19033 14560 147287 8744 2381 9218 6645 3579 13092 11106 5210 4540 9713 5551 6833 10326 4096 2105 4603 4648
is_linear=0
shrinkage=0.03


Tree=16
num_leaves=31
num_cat=0
split_feature=25 23 25 25 25 23 8 11 32 40 11 4 25 23 28 1 31 3 23 37 31 31 36 36 31 11 25 2 22 3
split_gain=17072.2 1287.17 962.89 355.519 302.159 253.361 143.851 131.667 108.035 102.231 95.8558 82.6781 79.8668 76.3726 69.0944 102.065 58.533 49.0054 46.6112 40.2637 39.5731 35.7888 32.8337 30.504 30.4855 27.4652 26.1692 25.9551 25.0757 22.4294
threshold=1410.5000000000002 4.5000000000000009 1510.5000000000002 1310.5000000000002 1320.5000000000002 3.5000000000000004 0.85000000000000153 0.39999999999999908 49.500000000000007 1.0000000180025095e-35 0.45000000000000112 3.9499999999999997 1590.5000000000002 4.5000000000000009 16.500000000000004 77.500000000000014 28.441558441558445 21.550000000000004 3.5000000000000004 0.6830127018922193 16.038461538461544 11.174242424242426 0.68301270189221941 1.0000000180025095e-35 13.03846153846154 0.75000000000000011 1370.5000000000002 1015.1500000000002 30.500000000000004 15.350000000000003
decision_type=2 2 2 2 2 2 2 2 2 2 2 2 2 2 2 2 2 2 2 2 2 2 2 2 2 2 2 2 2 2
left_child=1 3 9 5 6 11 14 28 20 19 -6 16 -4 25 -3 -16 -1 23 -9 24 -7 -19 -15 -12 -2 -11 -20 -24 -5 -13
right_child=2 4 12 7 10 8 -8 18 -10 13 17 29 -14 22 15 -17 -18 21 26 -21 -22 -23 27 -25 -26 -27 -28 -29 -30 -31
leaf_value=0.020394574806472832 0.0028121418961763087 0.071691015890273074 -0.018020609109312129 -0.0034344470290215445 0.015203200583824317 0.051754255770704673 0.015665868550469839 0.0063967603492198141 0.012035762648726684 -0.0077477428994782802 0.026129242147037022 0.028379304303872605 -0.033169696408288131 0.0065862751534644399 0.068210948043333358 0.047670632031473183 -0.0011804224293412834 0.028592447452742625 0.026849688046701885 -0.015880852542346856 0.040819822784534318 0.015290370509455014 0.007321578622329683 0.050858472895685271 -0.0081652211361238711 0.0061182186349897647 0.014432850733567065 0.027407329245905811 0.012106419018259849 0.020838656154048823
leaf_weight=5754 3008 12120 17571 4526 2090 7124 537 1737 871 3945 1914 1052 129140 3583 5718 4514 1819 1737 2593 2921 7304 1300 503 2213 5410 1769 1868 906 917 791
leaf_count=5754 3008 12120 17571 4526 2090 7124 537 1737 871 3945 1914 1052 129140 3583 5718 4514 1819 1737 2593 2921 7304 1300 503 2213 5410 1769 1868 906 917 791
internal_value=-0.00112204 0.011509 -0.00624913 0.00764151 0.0158826 0.00967745 0.0177328 0.00331809 0.0120605 -0.000403116 0.0113035 0.00580378 -0.00712754 0.0016992 0.0181015 0.0162752 0.00441485 0.0129528 0.00630726 -0.00238802 0.0126798 0.0100469 0.00440929 0.0150854 -0.00133432 -0.000669174 0.0079302 0.00828668 -8.67769e-05 0.0115
internal_weight=237255 68499 168756 36356 32143 24715 22889 11641 15299 22045 9254 9416 146711 10706 22352 10232 7573 7164 6198 11339 14428 3037 4992 4127 8418 5714 4461 1409 5443 1843
internal_count=237255 68499 168756 36356 32143 24715 22889 11641 15299 22045 9254 9416 146711 10706 22352 10232 7573 7164 6198 11339 14428 3037 4992 4127 8418 5714 4461 1409 5443 1843
is_linear=0
shrinkage=0.03


Tree=17
num_leaves=31
num_cat=0
split_feature=35 23 35 23 35 35 8 35 35 27 35 27 1 11 11 23 27 31 3 4 23 31 31 36 22 11 36 11 11 4
split_gain=16762 1270.56 970.279 331.203 277.214 211.199 146.765 112.218 96.0802 95.3945 94.8334 88.2589 123.795 79.1778 76.9342 73.4583 68.3388 67.825 51.2536 48.0306 38.5756 36.7627 31.3673 25.6744 26.7143 26.179 25.4741 24.0813 24.0516 18.392
threshold=665.00000000000011 4.5000000000000009 765.00000000000011 3.5000000000000004 585.00000000000011 555.00000000000011 0.85000000000000153 555.00000000000011 865.00000000000011 19.083333333333339 715.00000000000011 9.1833333333333353 75.500000000000014 0.2999999999999981 0.30000000000000254 5.5000000000000009 7.7333333333333343 28.630681818181824 20.350000000000005 3.3500000000000001 3.5000000000000004 11.851648351648354 17.379807692307697 0.68301270189221941 30.500000000000004 0.49999999999999917 0.68301270189221941 0.19999999999999754 0.35000000000000148 3.4500000000000006
decision_type=2 2 2 2 2 2 2 2 2 2 2 2 2 2 2 2 2 2 2 2 2 2 2 2 2 2 2 2 2 2
left_child=1 3 10 7 6 9 11 17 -4 16 15 -3 -13 -7 -6 20 -5 19 26 -1 -2 -20 -15 24 -12 -25 -16 -22 -9 -19
right_child=2 4 8 5 14 13 -8 28 -10 -11 23 12 -14 22 18 -17 -18 29 21 -21 27 -23 -24 25 -26 -27 -28 -29 -30 -31
leaf_value=0.018984772319687416 -0.010600942637975961 0.070861482890736557 -0.018115648500053667 0.053763152933030946 0.012270292749569433 0.002634089488861444 0.015109309015859468 -0.0069414105275214123 -0.032174605516039491 0.010476793480239558 -0.013478559937012318 0.065428007520835316 0.042230486784629151 0.025960204016520695 0.02751836293235407 0.015761546199192816 0.041438780220321568 -0.0024261268766232434 0.027378458354925465 0.02659434141388366 -0.0075988733471826081 0.014652320703668313 0.015142873454700355 -0.014262844251652149 -0.0031244379938799769 0.0058390730184467053 0.052951502443248005 0.0060791668291731811 0.0071095404771178436 0.012616347107112454
leaf_weight=4774 2241 13094 22027 4646 1373 2069 563 2663 125204 756 4921 5429 4840 3157 2153 1980 8957 1450 1934 1932 1154 1409 2676 1189 3171 1655 1373 5696 2173 596
leaf_count=4774 2241 13094 22027 4646 1373 2069 563 2663 125204 756 4921 5429 4840 3157 2153 1980 8957 1450 1934 1932 1154 1409 2676 1189 3171 1655 1373 5696 2173 596
internal_value=-0.00115391 0.0114241 -0.00620908 0.00753933 0.0157526 0.00979214 0.0173878 0.00384768 -0.00708729 0.01196 -0.000333614 0.0177525 0.0156608 0.00585084 0.0110025 0.00162354 0.0125364 0.00587389 0.0122984 0.00733229 0.000482514 0.00962556 0.00763882 -0.00231487 -0.00317643 0.000137034 0.0148257 0.00160026 0.000179826 0.00109131
internal_weight=237255 68017 169238 35849 32168 22261 23926 13588 147231 14359 22007 23363 10269 7902 8242 11071 13603 8752 6869 6706 9091 3343 5833 10936 8092 2844 3526 6850 4836 2046
internal_count=237255 68017 169238 35849 32168 22261 23926 13588 147231 14359 22007 23363 10269 7902 8242 11071 13603 8752 6869 6706 9091 3343 5833 10936 8092 2844 3526 6850 4836 2046
is_linear=0
shrinkage=0.03


Tree=18
num_leaves=31
num_cat=0
split_feature=35 24 25 24 23 27 1 11 4 24 38 24 6 24 27 11 35 1 35 1 35 27 37 8 37 38 36 20 24 6
split_gain=16184.5 2232.72 531.051 489.365 171.504 170.239 115.471 109.407 92.1361 91.0348 87.6104 71.0371 57.4444 57.3378 56.3661 55.5206 50.0921 47.464 46.3734 44.5188 43.355 42.3513 38.4535 34.8292 32.9839 32.7559 28.7837 27.9453 27.7441 20.3969
threshold=695.00000000000011 3.4500000000000006 1540.5000000000002 2.100000000000001 4.5000000000000009 12.91666666666667 82.500000000000014 0.45000000000000112 2.4000000000000017 4.5500000000000007 0.88220160189607266 0.89999999999999958 26.250000000000004 1.1500000000000006 5.916666666666667 0.35000000000000148 875.00000000000011 71.500000000000014 595.00000000000011 63.500000000000007 635.00000000000011 12.366666666666669 -0.9330127018922193 0.49999999999999739 0.6830127018922193 0.63920241694561786 0.68301270189221941 1.0000000180025095e-35 1.1500000000000006 18.850000000000005
decision_type=2 2 2 2 2 2 2 2 2 2 2 2 2 2 2 2 2 2 2 2 2 2 2 2 2 2 2 2 2 2
left_child=1 3 11 7 10 8 19 17 14 18 21 25 -8 -9 -5 -13 -4 28 22 -7 -10 27 -6 -19 -17 -2 -15 -3 -1 -27
right_child=2 4 16 5 9 6 12 13 20 -11 -12 15 -14 26 -16 24 -18 23 -20 -21 -22 -23 -24 -25 -26 29 -28 -29 -30 -31
leaf_value=0.0067407153899225313 -0.014120390600175456 0.05395105831004092 -0.019631135882223941 0.043288392670445291 0.031971873407503883 0.037042782403502145 -0.0015796199417448386 0.0074882307467740022 0.036527471442123954 0.077793772986165952 0.045806352879122235 -0.010031114559502714 0.026154901838499594 0.015282993537198149 0.018576156217353427 0.0063620828517831395 -0.031209367350558306 0.003086329458755963 0.03152067045545251 0.019887382787193021 0.018695498412883059 0.042959017365438931 0.052452177345079641 -0.019455660421923558 -0.0065110968633426951 0.0055962063407945873 0.034704307157368657 0.024364684825425083 0.026563482045906323 -0.0093540942979180725
leaf_weight=571 8595 3640 17167 1279 637 1451 2751 4262 10102 10014 1292 4602 1013 4343 3512 4594 122993 7184 1547 4906 1893 1620 8318 2019 1363 902 1071 500 795 2315
leaf_count=571 8595 3640 17167 1279 637 1451 2751 4262 10102 10014 1292 4602 1013 4343 3512 4594 122993 7184 1547 4906 1893 1620 8318 2019 1363 902 1071 500 795 2315
internal_value=-0.00121614 0.0103399 -0.00652884 0.00637422 0.0171219 0.00902514 0.00595006 0.00285042 0.0108783 0.0185106 0.0130777 -0.00223629 0.00178439 0.00515499 0.00735604 -0.000448111 -0.00721394 0.000739996 0.0165494 0.00841524 0.0122837 0.0146616 0.0173805 -3.50353e-05 0.00146375 -0.00383443 0.00720366 0.0162747 0.00595395 -0.00125116
internal_weight=237251 74720 162531 47152 27568 26907 10121 20245 16786 20516 7052 22371 3764 9676 4791 10559 140160 10569 10502 6357 11995 5760 8955 9203 5957 11812 5414 4140 1366 3217
internal_count=237251 74720 162531 47152 27568 26907 10121 20245 16786 20516 7052 22371 3764 9676 4791 10559 140160 10569 10502 6357 11995 5760 8955 9203 5957 11812 5414 4140 1366 3217
is_linear=0
shrinkage=0.03


Tree=19
num_leaves=31
num_cat=0
split_feature=35 24 25 24 24 31 4 27 1 35 35 4 24 4 23 13 31 4 27 1 27 37 37 34 24 25 38 31 24 37
split_gain=15559.2 1934.58 801.364 320.356 252.025 168.416 102.808 102.467 100.548 88.2715 82.2304 72.8727 69.9202 66.6607 64.7606 58.1364 55.6358 52.1728 51.0563 49.1151 46.873 34.6007 33.1824 29.2198 26.991 26.7397 26.4932 26.0776 24.0442 21.3757
threshold=675.00000000000011 3.2500000000000004 1520.5000000000002 2.100000000000001 4.4500000000000011 29.441558441558445 2.4000000000000017 14.183333333333335 70.500000000000014 725.00000000000011 865.00000000000011 4.3000000000000034 0.79999999999999905 1.7500000000000002 4.5000000000000009 0.0058333333333333579 11.14835164835165 1.7 11.733333333333336 75.500000000000014 7.916666666666667 0.6830127018922193 -0.9330127018922193 9.5000000000000018 1.9500000000000004 1389.5000000000002 0.49812943072827093 16.379807692307697 0.89999999999999958 0.6830127018922193
decision_type=2 2 2 2 2 2 2 2 2 2 2 2 2 2 2 2 2 2 2 2 2 2 2 2 2 2 2 2 2 2
left_child=1 3 9 8 7 6 16 13 25 14 29 -9 -10 23 -2 -14 -5 20 -8 -7 -6 27 -15 -3 -16 28 -22 -11 -1 -4
right_child=2 4 10 5 17 19 18 11 12 21 -12 -13 15 22 24 -17 -18 -19 -20 -21 26 -23 -24 -25 -26 -27 -28 -29 -30 -31
leaf_value=0.015386195814695882 -0.0042072977142953629 0.047990089196518121 -0.014244481229594796 0.033477096678487694 0.090738542240126369 0.028739365104929592 0.032970171091342919 0.026649380325364704 -0.0075779656950232255 -0.0008377710630398449 -0.030273086330041558 0.047653117378417882 0.0042542203893112451 0.03449255115042596 0.0036278786988374122 0.017164045878640566 0.015526241938263019 0.072459962657603932 0.023452939928366431 -0.0066828801610483513 0.066758675273122056 -0.017772604633303647 0.046405924451889007 0.028161992464377103 0.014271474596981401 0.011384597119526642 0.050160480056026309 -0.011211903292656021 0.027654404893277904 -0.027984353373913338
leaf_weight=525 5803 2037 14337 1662 888 724 8231 2263 3288 4482 125113 1453 5732 944 3190 4805 3615 9783 6246 1655 547 2861 11653 590 1930 1574 657 4043 1299 4940
leaf_count=525 5803 2037 14337 1662 888 724 8231 2263 3288 4482 125113 1453 5732 944 3190 4805 3615 9783 6246 1655 547 2861 11653 590 1930 1574 657 4043 1299 4940
internal_value=-0.00131482 0.0105358 -0.00630334 0.0061276 0.016165 0.00851513 0.00942321 0.0140133 0.00305878 -0.0010115 -0.00712093 0.00953739 0.00192178 0.0151044 0.000915103 0.00311344 0.00583491 0.019594 0.0107302 0.000973331 0.0152579 -0.00285959 0.0160126 0.0107408 0.00337368 0.00768088 0.0113682 -0.00190073 0.0101533 -0.00529579
internal_weight=236870 70171 166699 39356 30815 22133 19754 18940 17223 22309 144390 3716 13825 15224 10923 10537 5277 11875 14477 2379 2092 11386 12597 2627 5120 3398 1204 8525 1824 19277
internal_count=236870 70171 166699 39356 30815 22133 19754 18940 17223 22309 144390 3716 13825 15224 10923 10537 5277 11875 14477 2379 2092 11386 12597 2627 5120 3398 1204 8525 1824 19277
is_linear=0
shrinkage=0.03


Tree=20
num_leaves=31
num_cat=0
split_feature=40 24 24 24 8 31 4 4 24 31 28 8 24 4 13 24 24 38 1 31 31 31 37 39 38 24 20 37 8 32
split_gain=14986.4 2400.64 358.696 343.953 217.862 161.606 106.717 104.418 87.2131 82.837 82.7422 67.8604 56.6545 51.749 47.743 76.6918 41.6199 36.2634 35.9181 31.7122 30.8883 30.5644 29.8206 28.8858 27.8079 24.835 19.3311 17.0725 15.7841 13.9969
threshold=1.0000000180025095e-35 3.100000000000001 1.6500000000000006 3.8999999999999999 0.29999999999999943 29.441558441558445 1.9500000000000004 1.7500000000000002 2.6500000000000008 17.630681818181824 20.500000000000004 0.49999999999999739 4.6500000000000012 4.7999999999999998 0.0050000000000000426 1.2500000000000002 0.70000000000000118 0.61237135649459018 81.500000000000014 14.292857142857146 10.63068181818182 28.26136363636364 -0.9330127018922193 -0.6905596507703472 0.61237135649459018 3.5500000000000003 -1.4000000000000339 0.6830127018922193 0.64999999999999869 14.500000000000002
decision_type=2 2 2 2 2 2 2 2 2 2 2 2 2 2 2 2 2 2 2 2 2 2 2 2 2 2 2 2 2 2
left_child=4 2 11 10 14 6 19 9 -8 23 22 16 21 24 -1 26 -2 -11 -7 -4 -18 -9 -3 -5 -12 -24 -16 -17 -6 -28
right_child=1 3 5 7 28 18 8 12 -10 17 13 -13 -14 -15 15 27 20 -19 -20 -21 -22 -23 25 -25 -26 -27 29 -29 -30 -31
leaf_value=-0.020364893382512444 -1.3912740219220732e-05 0.03252756263241198 0.023792912644027414 0.055528494006177619 -0.02936489374014031 0.012242510413864883 0.020410986205799449 0.051418671158786608 0.029839595848261569 0.055755923597997248 0.029347528021405805 -0.01891417867800211 0.07328616091685286 0.040237846797478508 -0.016999181575623856 0.0017684059358522956 0.017726301108587271 0.020754978387293569 -0.012442232210475291 0.0032587103575636919 0.0070867607246993189 0.040223515273996494 0.036351463415401304 0.076016383111899621 0.020350605378453259 0.044518439122410464 0.003698467223805004 -0.010410091739483608 -0.02936489374014031 -0.010298114752838762
leaf_weight=13693 5783 975 1859 760 18773 1336 13596 7079 6015 543 2336 2299 8093 1614 8263 3602 1779 734 1394 2317 7421 582 5384 1449 1651 3928 548 824 106203 5994
leaf_count=13693 5783 975 1859 760 18773 1336 13596 7079 6015 543 2336 2299 8093 1614 8263 3602 1779 734 1394 2317 7421 582 5384 1449 1651 3928 548 824 106203 5994
internal_value=-0.00137083 0.00930314 0.00461719 0.0151452 -0.00670631 0.0068088 0.00760215 0.0178438 0.00852942 0.0131293 0.0118754 0.00125405 0.0188852 0.00893495 -0.00453471 -0.00357004 0.00199049 0.00703088 -0.000104319 0.00324557 0.00324386 0.0170211 0.0134743 0.0166452 0.00709388 0.0139983 -0.00460576 -0.000105014 -0.00727832 -0.00338554
internal_weight=236827 78927 43799 35128 157900 26517 23787 19240 19611 3486 15888 17282 15754 5601 32924 19231 14983 1277 2730 4176 9200 7661 10287 2209 3987 9312 14805 4426 124976 6542
internal_count=236827 78927 43799 35128 157900 26517 23787 19240 19611 3486 15888 17282 15754 5601 32924 19231 14983 1277 2730 4176 9200 7661 10287 2209 3987 9312 14805 4426 124976 6542
is_linear=0
shrinkage=0.03


Tree=21
num_leaves=31
num_cat=0
split_feature=35 24 25 24 24 31 8 31 1 28 4 37 8 1 31 35 4 1 38 24 32 35 2 28 38 35 2 35 24 2
split_gain=14695.7 2107.23 548.616 410.501 193.633 172.633 100.56 92.0853 104.319 78.8482 80.3059 72.241 58.9568 57.6484 66.3528 56.5491 53.1914 52.5802 52.0617 45.3126 40.8496 37.2112 35.2598 34.2214 36.8567 32.0661 28.5553 27.4474 21.3341 18.0225
threshold=695.00000000000011 3.4500000000000006 1540.5000000000002 2.100000000000001 4.4500000000000011 29.630681818181824 0.35000000000000148 9.2928571428571463 70.500000000000014 18.500000000000004 4.6000000000000005 0.6830127018922193 0.30000000000000254 67.500000000000014 10.160256410256411 885.00000000000011 1.6000000000000012 77.500000000000014 0.878110924644389 0.84999999999999976 35.500000000000007 595.00000000000011 1010.6500000000002 14.500000000000002 0.49812943072827093 635.00000000000011 1012.2500000000001 555.00000000000011 0.60000000000000064 1023.0500000000001
decision_type=2 2 2 2 2 2 2 2 2 2 2 2 2 2 2 2 2 2 2 2 2 2 2 2 2 2 2 2 2 2
left_child=1 3 11 6 9 7 13 26 -9 21 18 12 19 25 -15 -4 23 -7 -11 -2 -21 22 -3 -6 -25 -1 -5 -18 -8 -13
right_child=2 4 15 5 16 17 28 8 -10 10 -12 29 -14 14 -16 -17 27 -19 -20 20 -22 -23 -24 24 -26 -27 -28 -29 -30 -31
leaf_value=0.028249221540345721 -0.0058968363050705781 0.043024109684034736 -0.018532767387078632 0.031642377384133426 0.086350531152737248 0.029578739732946755 -0.03835119950643804 0.030246449371151101 0.022371076870553237 0.035724967565871339 0.047282000860154855 -0.017314735661494947 -0.014800213900179755 0.019058753588533126 0.0051144135932094303 -0.028483946927936103 0.071029447229241677 -0.0064121322378032806 0.021624280698723679 0.0070812410677202698 -0.0075725537832308691 0.023072023007675413 0.05099014447068663 0.064619983220823088 0.045172652314219353 0.010472435143778215 0.046966845825066592 0.043786949420210011 -0.0042381965780264198 -0.002121074015901594
leaf_weight=1012 5714 3826 19428 3105 618 918 823 3730 15465 3241 2149 4788 4320 2837 11278 120650 9212 1805 1085 4986 1628 882 4397 597 608 2037 1726 980 2192 899
leaf_count=1012 5714 3826 19428 3105 618 918 823 3730 15465 3241 2149 4788 4320 2837 11278 120650 9212 1805 1085 4986 1628 882 4397 597 608 2037 1726 980 2192 899
internal_value=-0.00141138 0.00961822 -0.00647235 0.00574941 0.0161966 0.00818633 0.00251858 0.00899763 0.00806415 0.0139854 0.0114463 -0.00210559 -0.00110811 0.00340615 0.0025974 -0.00716858 0.0190611 0.00102661 0.00908387 -5.10949e-05 0.00163921 0.0157881 0.0164179 0.0143055 0.0113277 0.00714602 0.0127017 0.0199088 -0.00253315 -0.00502417
internal_weight=236936 74523 162413 46928 27595 26749 20179 24026 19195 15580 6475 22335 16648 17164 14115 140078 12015 2723 4326 12328 6614 9105 8223 1823 1205 3049 4831 10192 3015 5687
internal_count=236936 74523 162413 46928 27595 26749 20179 24026 19195 15580 6475 22335 16648 17164 14115 140078 12015 2723 4326 12328 6614 9105 8223 1823 1205 3049 4831 10192 3015 5687
is_linear=0
shrinkage=0.03


Tree=22
num_leaves=31
num_cat=0
split_feature=35 24 25 24 24 31 31 1 13 35 24 13 27 31 1 27 1 35 24 37 8 3 2 2 13 37 37 8 35 8
split_gain=14199.6 2055.28 549.985 383.702 191.684 160.716 92.2283 104.371 91.376 87.4196 73.1021 62.4346 62.2541 51.8552 50.927 51.0557 49.6153 47.991 47.9206 45.6718 37.9985 37.8181 33.2233 29.4047 29.3649 25.4981 23.1004 26.7576 21.723 20.7048
threshold=695.00000000000011 3.4500000000000006 1550.5000000000002 2.100000000000001 4.5500000000000007 29.630681818181824 9.2928571428571463 70.500000000000014 0.0075000000000000188 575.00000000000011 0.70000000000000118 0.0066666666666666879 15.083333333333334 15.679487179487181 91.500000000000014 8.0833333333333339 77.500000000000014 885.00000000000011 1.3499999999999999 -0.9330127018922193 0.59999999999999887 13.750000000000002 1011.1500000000002 1012.2500000000001 0.0075000000000000188 0.6830127018922193 0.6830127018922193 0.90000000000000135 535.00000000000011 0.30000000000000254
decision_type=2 2 2 2 2 2 2 2 2 2 2 2 2 2 2 2 2 2 2 2 2 2 2 2 2 2 2 2 2 2
left_child=1 3 10 8 9 6 23 -8 20 12 25 -11 19 26 28 -16 -7 -4 -10 -3 21 -1 -14 -5 -15 29 27 -12 -6 -2
right_child=2 4 17 5 14 16 7 -9 18 11 13 -13 22 24 15 -17 -18 -19 -20 -21 -22 -23 -24 -25 -26 -27 -28 -29 -30 -31
leaf_value=0.013451905693873556 -0.0063917413189709046 0.033740269440580235 -0.018385358427624468 0.02986981179380328 0.070431237532647115 0.028975023711842914 0.029404093082300114 0.021610251425863054 0.0081002042805638774 0.0072283948550064415 0.0063833094226692366 0.032188783284731327 0.017981283038923417 -0.015183527176334706 0.083956692672470024 0.04849064810444563 -0.0064030931630043048 -0.027629428520098021 0.018849341385710282 0.046669898888358118 -0.019978673784492303 0.001746967440567434 0.049079986299188291 0.047780076028552519 -0.00069818139902395155 -0.0200190107826991 -0.0064209579310667963 -0.01876402510233913 0.046764620392103204 -0.019175161959671696
leaf_weight=1370 5890 1087 17185 3102 8115 917 3726 15587 5285 953 4275 1932 632 4002 717 694 1800 120839 4425 10835 1898 7324 1182 1712 3046 3567 988 507 1325 2192
leaf_count=1370 5890 1087 17185 3102 8115 917 3726 15587 5285 953 4275 1932 632 4002 717 694 1800 120839 4425 10835 1898 7324 1182 1712 3046 3567 988 507 1325 2192
internal_value=-0.00148883 0.00934475 -0.0064638 0.00554371 0.015867 0.00789727 0.00867618 0.00774851 0.00243129 0.0138382 -0.00231814 0.00907949 0.0148362 -0.00075468 0.0189715 0.0136146 0.00097922 -0.00719864 0.00453305 0.0156252 0.000504059 0.00134372 0.00963932 0.0123931 -0.00248085 -0.00403807 0.00135395 0.00221676 0.0197691 -0.00310428
internal_weight=237109 74618 162491 47146 27472 26844 24127 19313 20302 16621 24467 2885 13736 12818 10851 1411 2717 138024 9710 11922 10592 8694 1814 4814 7048 11649 5770 4782 9440 8082
internal_count=237109 74618 162491 47146 27472 26844 24127 19313 20302 16621 24467 2885 13736 12818 10851 1411 2717 138024 9710 11922 10592 8694 1814 4814 7048 11649 5770 4782 9440 8082
is_linear=0
shrinkage=0.03


Tree=23
num_leaves=31
num_cat=0
split_feature=35 24 25 24 24 27 35 11 25 27 31 3 11 8 38 8 36 35 2 35 25 25 32 24 24 27 38 2 24 31
split_gain=13789.4 2015.85 557.368 361.907 209.425 149.347 98.1344 96.9529 78.4892 72.9926 72.1069 63.5368 54.8038 52.6828 49.0095 46.1293 45.9706 43.0967 39.4712 38.0303 35.5034 33.6 29.0192 29.9508 27.8423 27.4962 30.9784 44.3196 23.0462 22.6279
threshold=695.00000000000011 3.4500000000000006 1560.5000000000002 2.100000000000001 4.7500000000000009 12.366666666666669 585.00000000000011 0.59999999999999887 1480.5000000000002 10.083333333333334 31.839743589743595 12.950000000000001 0.49999999999999739 0.19999999999999754 0.878110924644389 0.59999999999999887 0.68301270189221941 875.00000000000011 1010.6500000000002 635.00000000000011 1350.5000000000002 1390.5000000000002 35.500000000000007 0.70000000000000118 0.70000000000000118 7.5500000000000007 -0.34235669412071207 1017.35 2.9500000000000006 16.630681818181824
decision_type=2 2 2 2 2 2 2 2 2 2 2 2 2 2 2 2 2 2 2 2 2 2 2 2 2 2 2 2 2 2
left_child=1 3 8 7 6 13 9 15 22 18 11 -7 -8 19 -11 20 21 -4 -3 -5 -1 -9 23 -2 -10 -6 -27 -28 -12 -26
right_child=2 4 17 5 25 10 12 16 24 14 28 -13 -14 -15 -16 -17 -18 -19 -20 -21 -22 -23 -24 -25 29 26 27 -29 -30 -31
leaf_value=0.0098522587987077779 -0.0045462118766020848 0.042303350291826344 -0.017425223612637538 0.032675265315195566 0.07578563240843092 0.035099257771281263 0.0067777088060216161 0.016103569669495259 -0.014863574163909951 0.041403793468552511 -0.0072799336714327052 0.015596346247216399 0.030608954200181296 0.019176799673699865 0.03615891796164445 -0.020332078030449705 0.028902875145665682 -0.026800545664495079 0.050955952578598897 0.014507933481109191 -0.0028639855759454934 0.0038249320325319247 -0.0097648423254909199 0.0051612120802395078 -0.0017870340581721822 0.058825796882647656 0.05054226937714057 0.078037162317245556 0.015655071015314843 -0.012098656216790486
leaf_weight=6761 2671 4485 12822 11605 4404 1675 925 3020 9657 5150 1424 7388 1643 2477 1216 1930 1680 122937 5062 1721 3601 3135 2119 4411 3847 1996 1361 1305 529 4104
leaf_count=6761 2671 4485 12822 11605 4404 1675 925 3020 9657 5150 1424 7388 1643 2477 1216 1930 1680 122937 5062 1721 3601 3135 2119 4411 3847 1996 1361 1305 529 4104
internal_value=-0.00154304 0.00914548 -0.00644086 0.00536477 0.0155878 0.00764653 0.0137522 0.00232389 -0.00248769 0.014631 0.0049637 0.00609018 0.00829961 0.00951582 0.0121333 0.000661298 0.00493142 -0.00722146 0.0162936 0.010263 0.00145455 0.00372868 -0.000242041 0.000679701 -0.00366099 0.0193257 0.0176919 0.0155454 -0.000264706 -0.00234534
internal_weight=237061 74493 162568 46946 27547 26819 18481 20127 26809 15913 11016 9063 2568 15803 6366 12292 7835 135759 9547 13326 10362 6155 9201 7082 17608 9066 4662 2666 1953 7951
internal_count=237061 74493 162568 46946 27547 26819 18481 20127 26809 15913 11016 9063 2568 15803 6366 12292 7835 135759 9547 13326 10362 6155 9201 7082 17608 9066 4662 2666 1953 7951
is_linear=0
shrinkage=0.03


Tree=24
num_leaves=31
num_cat=0
split_feature=35 23 25 35 23 35 13 35 35 27 4 13 35 23 27 6 37 4 23 38 37 27 38 6 37 38 9 32 13 27
split_gain=13336.7 1036.67 1029.84 295.162 242.765 153.184 118.964 114.881 94.0712 92.3272 127.502 82.4436 76.3565 74.6567 73.5319 65.6294 57.4655 57.4372 44.6393 40.9877 39.6563 38.6995 33.2118 29.8275 28.0986 27.8158 26.5304 25.2353 24.7759 23.1028
threshold=655.00000000000011 4.5000000000000009 1520.5000000000002 545.00000000000011 3.5000000000000004 525.00000000000011 0.0083333333333332916 875.00000000000011 725.00000000000011 5.916666666666667 4.3000000000000034 0.0058333333333333579 535.00000000000011 5.5000000000000009 10.91666666666667 23.750000000000004 -0.9330127018922193 3.9000000000000017 3.5000000000000004 0.57077594689671507 0.6830127018922193 19.083333333333339 0.62587949062545845 28.450000000000003 0.6830127018922193 0.78325454425165997 65.000000000000014 17.500000000000004 0.0058333333333333579 16.916666666666668
decision_type=2 2 2 2 2 2 2 2 2 2 2 2 2 2 2 2 2 2 2 2 2 2 2 2 2 2 2 2 2 2
left_child=1 4 8 9 12 14 26 24 13 -3 16 -7 17 18 25 22 -11 19 -2 -1 -10 -16 -8 -13 -4 -6 -5 -20 -14 -12
right_child=2 3 7 6 5 11 15 -9 20 10 29 23 28 -15 21 -17 -18 -19 27 -21 -22 -23 -24 -25 -26 -27 -28 -29 -30 -31
leaf_value=0.01808050145306626 -0.010427341005561572 0.063064180335039327 -0.01270904417459626 0.017733916534328018 0.042834312244116962 0.0063781616083430576 0.027588872155919309 -0.025996529294560228 -0.0044474628590552533 0.021806113726242651 0.058512063436177993 0.023673633011625856 -0.0053903518454872313 0.012509369211961078 0.034933022066234554 0.021063750356059983 0.04301062212857678 0.021641684301370097 0.0099403917861092886 0.0012206256879052991 -0.015917606320683734 0.0053155405918189165 0.049671002340010859 0.003902041685648323 -0.024547784396196138 0.03962231284292779 -0.0055192605286366759 0.00049562499973547112 0.0063469562171091136 0.049112789159558232
leaf_weight=4174 3074 6693 16151 2363 5906 3379 2507 122674 8421 763 4148 5394 2983 2695 4612 3912 7180 1501 1998 2302 2923 581 2016 619 5463 1050 550 7477 2277 1007
leaf_count=4174 3074 6693 16151 2363 5906 3379 2507 122674 8421 763 4148 5394 2983 2695 4612 3912 7180 1501 1998 2302 2923 581 2016 619 5463 1050 550 7477 2277 1007
internal_value=-0.00158457 0.00987837 -0.00600657 0.0138543 0.00631786 0.00828262 0.00999383 -0.00700631 -0.000581046 0.0160667 0.0145958 0.00540345 0.00311976 0.000958284 0.0105072 0.0117989 0.0122048 0.00496961 -1.4939e-05 0.0037419 -0.00264939 0.00780029 0.0142624 0.00750998 -0.00498867 0.0125252 0.00476244 0.00100427 0.000313569 0.0182737
internal_weight=236793 65917 170876 31139 34778 21541 11348 144288 26588 19791 13098 9392 13237 15244 12149 8435 7943 7977 12549 6476 11344 5193 4523 6013 21614 6956 2913 9475 5260 5155
internal_count=236793 65917 170876 31139 34778 21541 11348 144288 26588 19791 13098 9392 13237 15244 12149 8435 7943 7977 12549 6476 11344 5193 4523 6013 21614 6956 2913 9475 5260 5155
is_linear=0
shrinkage=0.03


Tree=25
num_leaves=31
num_cat=0
split_feature=35 23 25 35 35 23 11 35 11 27 4 35 27 4 38 23 5 37 27 38 31 38 23 35 5 38 4 23 27 37
split_gain=12840.9 980.187 913.683 333.323 266.664 161.373 114.227 110.084 99.7185 96.4455 135.396 81.434 71.4825 68.5799 62.0535 61.2268 59.2473 48.6384 46.7222 42.6845 35.7277 35.6514 35.3935 35.3373 25.227 24.7434 24.5012 24.1634 23.8037 22.2993
threshold=665.00000000000011 4.5000000000000009 1540.5000000000002 555.00000000000011 545.00000000000011 3.5000000000000004 0.35000000000000148 725.00000000000011 0.49999999999999739 5.916666666666667 4.5000000000000036 895.00000000000011 7.7333333333333343 3.9000000000000017 -0.75015329512557205 5.5000000000000009 27.050000000000004 0.6830127018922193 19.916666666666668 0.3261394409934788 15.679487179487181 0.57077594689671507 3.5000000000000004 615.00000000000011 25.250000000000004 0.30983042691905771 4.1499999999999995 5.5000000000000009 15.91666666666667 0.6830127018922193
decision_type=2 2 2 2 2 2 2 2 2 2 2 2 2 2 2 2 2 2 2 2 2 2 2 2 2 2 2 2 2 2
left_child=1 4 7 9 5 13 26 15 28 24 14 -4 -7 21 -11 22 19 20 -14 -10 -9 -1 -2 -8 -3 -24 -6 -12 -5 -17
right_child=2 3 11 8 6 12 23 17 16 10 27 -13 18 -15 -16 29 -18 -19 -20 -21 -22 -23 25 -25 -26 -27 -28 -29 -30 -31
leaf_value=0.016945998185712241 -0.010651262656891048 0.079269647952282168 -0.016929769641178715 0.015648637688863914 -0.005628372706623465 0.043801379884786495 0.019505079663268712 -0.00079941629791534512 0.021162478472515883 0.04109272241584784 0.042343435554323627 -0.025216633415723423 0.033458676874203355 0.02147622727546817 0.039379915147534333 0.015780402538822645 0.017925743777118659 -0.017406371193193593 -0.0017852810953562946 0.043315449183905605 -0.010601591107297581 0.0011386797709136097 -0.0010576081298069833 0.0081694842415942891 0.047678261164186511 0.0081200443283233077 0.0086884044434549449 0.067065281959784534 -0.00029706424593979543 0.00017813042584093609
leaf_weight=4350 2661 3026 21519 1888 4582 4446 4523 5788 2470 1536 2428 118665 8714 1610 7107 1804 3472 3983 513 2727 5955 2382 4958 3485 3872 3196 1292 2734 837 588
leaf_count=4350 2661 3026 21519 1888 4582 4446 4523 5788 2470 1536 2428 118665 8714 1610 7107 1804 3472 3983 513 2727 5955 2382 4958 3485 3872 3196 1292 2734 837 588
internal_value=-0.00166221 0.00934798 -0.00608895 0.0131572 0.00594146 0.00799462 0.00268475 -0.0012351 0.00903343 0.0154256 0.0139728 -0.00709072 0.0100009 0.00470458 0.0116712 0.000784124 0.0106069 -0.00293076 0.00849144 0.0126356 -0.00195849 0.00337244 -0.000176805 0.00501498 0.0183283 0.000803703 -0.000492682 0.0178205 0.00402365 0.00512531
internal_weight=237111 67994 169117 32097 35897 22015 13882 28933 11394 20703 13805 140184 13673 8342 8643 13207 8669 15726 9227 5197 11743 6732 10815 8008 6898 8154 5874 5162 2725 2392
internal_count=237111 67994 169117 32097 35897 22015 13882 28933 11394 20703 13805 140184 13673 8342 8643 13207 8669 15726 9227 5197 11743 6732 10815 8008 6898 8154 5874 5162 2725 2392
is_linear=0
shrinkage=0.03


Tree=26
num_leaves=31
num_cat=0
split_feature=35 24 25 24 24 31 8 4 37 35 8 24 4 27 13 31 30 31 4 25 35 27 3 27 31 0 8 4 4 2
split_gain=12448.3 1916.97 569.506 370.276 173.294 130.048 101.114 87.0989 81.2141 78.7726 67.7126 61.3737 58.8011 58.1024 54.1962 53.183 47.131 46.9154 46.52 42.0715 41.6844 32.2364 26.8314 26.4313 22.9216 22.8829 20.5864 19.8205 19.8008 19.0986
threshold=695.00000000000011 3.6500000000000008 1578.5000000000002 2.2500000000000004 4.7500000000000009 29.630681818181824 0.25000000000000006 1.8999999999999992 0.6830127018922193 555.00000000000011 0.14999999999999861 0.89999999999999958 1.7500000000000002 5.5500000000000007 0.0083333333333332916 16.630681818181824 11.500000000000002 16.630681818181824 1.6000000000000012 1480.5000000000002 895.00000000000011 16.550000000000004 15.750000000000002 7.366666666666668 12.519230769230772 23.950000000000003 0.8000000000000026 4.3000000000000034 2.7000000000000002 1022.4500000000002
decision_type=2 2 2 2 2 2 2 2 2 2 2 2 2 2 2 2 2 2 2 2 2 2 2 2 2 2 2 2 2 2
left_child=1 3 8 6 9 7 11 16 10 12 19 27 15 -9 -11 -3 -5 -13 23 25 -4 -14 -7 -6 -21 -2 -12 -1 -8 -10
right_child=2 4 20 5 18 22 28 13 29 14 26 17 21 -15 -16 -17 -18 -19 -20 24 -22 -23 -24 -25 -26 -27 -28 -29 -30 -31
leaf_value=-0.0041123242897332197 0.015082023014464371 0.047914155693833754 -0.017218596448139896 0.032256785735230338 0.080083088221890905 0.021153462507207739 -0.019692120992051435 0.040170042878360165 -0.017978489945750402 0.0099293997143661081 -0.007832625236532418 0.016956096974650382 0.04418454554621605 0.023570786551606816 0.031754093279133408 0.031949672345221329 0.0088608573752045894 0.0091044136533463393 0.064223081824472922 0.0016782631474219478 -0.024460134413251719 0.032328469494321138 -0.0041053658815072037 0.048637784694564916 -0.0072231366064681073 0.0019291686174688349 -0.025196201819635125 0.0070465934531289019 0.0013929452848002021 -0.0039093515444631657
leaf_weight=2735 1196 1365 14936 2172 511 1069 2351 2461 6106 1096 6848 6688 8888 17295 1990 872 2423 7255 7614 2504 118495 788 1554 892 5108 3314 2716 2590 1943 1286
leaf_count=2735 1196 1365 14936 2172 511 1069 2351 2461 6106 1096 6848 6688 8888 17295 1990 872 2423 7255 7614 2504 118495 788 1554 892 5108 3314 2716 2590 1943 1286
internal_value=-0.00172793 0.00842168 -0.00638417 0.00510507 0.0153997 0.007505 0.0023572 0.00818862 -0.00257961 0.0134196 -0.00165368 0.0032849 0.0145273 0.00905405 0.00913698 0.0101262 0.00446541 0.00433112 0.0186897 -0.00016455 -0.00721323 0.0155425 0.00115714 0.0136281 -0.00152482 0.00213098 -0.00354066 0.000544866 -0.00180517 -0.00529483
internal_weight=237061 74552 162509 50536 24016 26974 23562 24351 29078 14999 21686 19268 11913 19756 3086 2237 4595 13943 9017 12122 133431 9676 2623 1403 7612 4510 9564 5325 4294 7392
internal_count=237061 74552 162509 50536 24016 26974 23562 24351 29078 14999 21686 19268 11913 19756 3086 2237 4595 13943 9017 12122 133431 9676 2623 1403 7612 4510 9564 5325 4294 7392
is_linear=0
shrinkage=0.03


Tree=27
num_leaves=31
num_cat=0
split_feature=35 24 35 24 24 9 35 32 24 37 4 4 1 11 24 35 29 32 15 1 23 37 29 30 35 24 5 24 24 25
split_gain=12010.7 1887.58 496.219 356.383 170.049 128.49 86.1605 85.2519 77.2639 75.7726 72.2573 66.5452 65.1915 59.7778 61.9716 58.2549 43.3643 40.9884 40.4402 37.5811 37.5515 32.41 31.0262 28.5463 26.3714 25.3321 24.3426 21.0721 20.6363 20.1859
threshold=705.00000000000011 3.6500000000000008 845.00000000000011 2.5500000000000003 4.8500000000000005 1.0000000180025095e-35 565.00000000000011 39.500000000000007 1.1500000000000006 0.6830127018922193 1.7500000000000002 1.8999999999999992 79.500000000000014 0.2999999999999981 0.45000000000000023 625.00000000000011 10.100000000000001 17.500000000000004 0.11690451944500017 82.500000000000014 4.5000000000000009 -0.9330127018922193 17.633333333333336 12.500000000000002 915.00000000000011 1.2000000000000013 23.950000000000003 2.3500000000000001 0.60000000000000064 1370.5000000000002
decision_type=2 2 2 2 2 2 2 2 2 2 2 2 2 2 2 2 2 2 2 2 2 2 2 2 2 2 2 2 2 2
left_child=1 3 9 5 6 8 10 11 -1 13 16 23 -9 -2 26 -13 -3 -10 -8 25 -6 -12 -14 -5 -4 -7 -15 -16 -21 -20
right_child=2 4 24 7 20 19 18 12 17 -11 21 15 22 14 27 -17 -18 -19 29 28 -22 -23 -24 -25 -26 -27 -28 -29 -30 -31
leaf_value=0.0037263339340616185 -0.013630389228894492 0.045477084263163256 -0.018462182354365728 0.032300045728954091 0.038005013232537459 -0.0022198355065942451 0.003741476950475412 0.02590802456053258 0.022591759914603205 -0.017502578386864167 0.038644640836185726 0.029459401210728993 0.019803521756309301 0.0013656425523483533 0.00042945968032806145 0.013822654792029546 0.02824727632044358 0.014005986910871439 0.031070934644459428 -0.025206453427648275 0.064860345239382805 0.043135313826738235 -0.0076353810775046365 0.0062483727496607288 -0.023726330380854168 0.011374321725198765 -0.010477322385746069 0.0094692523671331304 -0.0032440062435346814 0.018759387254102727
leaf_weight=5747 9128 1630 15304 1822 527 2241 520 1672 2602 7904 725 11567 1413 1140 6449 2419 846 11438 1692 872 7504 10161 1179 1230 114275 3574 5015 1187 4848 612
leaf_count=5747 9128 1630 15304 1822 527 2241 520 1672 2602 7904 725 11567 1413 1140 6449 2419 846 11438 1692 872 7504 10161 1179 1230 114275 3574 5015 1187 4848 612
internal_value=-0.00177219 0.0079802 -0.00644413 0.00479022 0.0149111 0.00275396 0.0131366 0.00778375 0.00422091 -0.00302263 0.0141436 0.00873327 0.00398734 -0.00214879 -0.000902088 0.00960931 0.00950363 0.00542017 0.00836518 0.00023728 0.0184834 0.015197 0.00100617 0.00471513 -0.00725795 0.00193528 -0.00314155 0.000903378 -0.00148899 0.0100694
internal_weight=237243 76841 160402 52624 24217 31322 16186 21302 19787 30823 13362 17038 4264 22919 13791 13986 2476 14040 2824 11535 8031 10886 2592 3052 129579 5815 6155 7636 5720 2304
internal_count=237243 76841 160402 52624 24217 31322 16186 21302 19787 30823 13362 17038 4264 22919 13791 13986 2476 14040 2824 11535 8031 10886 2592 3052 129579 5815 6155 7636 5720 2304
is_linear=0
shrinkage=0.03


Tree=28
num_leaves=31
num_cat=0
split_feature=35 24 35 24 24 27 1 27 37 4 35 8 8 31 24 1 25 35 31 3 31 37 4 2 8 39 11 29 24 5
split_gain=11621.4 1814.08 485.435 348.765 178.038 163.463 143.412 84.1427 78.6083 75.7659 64.3343 60.5745 55.2834 50.6446 46.9417 46.2649 41.6346 39.5714 38.4073 37.5623 38.9258 37.2553 36.733 35.1994 33.7249 25.3059 21.8742 21.7057 20.8862 19.0405
threshold=705.00000000000011 3.6500000000000008 845.00000000000011 1.6500000000000006 4.7500000000000009 8.9166666666666696 69.500000000000014 15.550000000000002 0.6830127018922193 1.7999999999999983 555.00000000000011 0.30000000000000254 0.49999999999999739 17.379807692307697 0.45000000000000023 90.500000000000014 1380.5000000000002 635.00000000000011 16.519230769230774 12.250000000000002 10.160256410256411 -0.9330127018922193 1.6000000000000012 1010.85 0.30000000000000254 0.080547328232315238 0.49999999999999739 9.1000000000000014 5.7500000000000009 24.150000000000002
decision_type=2 2 2 2 2 2 2 2 2 2 2 2 2 2 2 2 2 2 2 2 2 2 2 2 2 2 2 2 2 2
left_child=1 3 8 12 9 15 17 -8 11 13 21 14 19 23 29 16 -5 -7 -16 -1 -21 -11 27 -3 -4 -17 -12 -6 -24 -2
right_child=2 4 24 5 22 6 7 -9 -10 10 26 -13 -14 -15 18 25 -18 -19 -20 20 -22 -23 28 -25 -26 -27 -28 -29 -30 -31
leaf_value=0.012977379896938949 0.00033527419938960356 0.022730506196002229 -0.017284540390750412 0.031839252777949294 0.068330850838325963 0.030952644413626801 0.015564526632562393 0.0030791202455143127 -0.017011956144412817 0.036728077464666352 0.016952896229691483 -0.015590998986926769 -0.01936148569251811 0.017537384363921583 0.0049891631980331572 0.01333822312739402 0.011940785776596647 0.013665553968030734 -0.0048617127851734885 0.012491894478923475 0.00064062193609962681 0.041335950657677159 0.051151475131209011 0.059821581775056649 -0.023014540469428545 0.04427985077427362 0.02978209554335641 0.042872094646259247 0.080930369122489021 -0.0098280052856834343
leaf_weight=1481 1285 1002 16942 8733 874 3319 13164 6224 7881 662 833 7113 2097 1087 4840 1514 1363 2029 4365 2332 9742 8996 5462 644 112445 621 1839 530 2115 5168
leaf_count=1481 1285 1002 16942 8733 874 3319 13164 6224 7881 662 833 7113 2097 1087 4840 1514 1363 2029 4365 2332 9742 8996 5462 644 112445 621 1839 530 2115 5168
internal_value=-0.00183387 0.0077704 -0.00643462 0.00465057 0.014597 0.00623975 0.00483628 0.00363589 -0.00303973 0.0125999 0.0136024 -0.00214563 0.000896895 0.00807038 -0.00110249 0.00907688 0.00992573 0.00918505 0.00027289 0.00159825 0.00104463 0.0147438 0.0179431 0.0113865 -0.00723881 0.00505732 0.00946896 0.0134424 0.0187733 -0.0030639
internal_weight=236702 76663 160039 52619 24044 36967 24736 19388 30652 15063 12330 22771 15652 2733 15658 12231 10096 5348 9205 13555 12074 9658 8981 1646 129387 2135 2672 1404 7577 6453
internal_count=236702 76663 160039 52619 24044 36967 24736 19388 30652 15063 12330 22771 15652 2733 15658 12231 10096 5348 9205 13555 12074 9658 8981 1646 129387 2135 2672 1404 7577 6453
is_linear=0
shrinkage=0.03


Tree=29
num_leaves=31
num_cat=0
split_feature=35 24 35 24 24 8 27 1 24 35 24 31 13 1 35 13 23 25 1 27 27 7 8 38 8 27 1 24 30 30
split_gain=11178.6 1723.74 506.442 337.666 186.688 137.368 100.333 87.8021 83.7171 83.3931 82.8183 65.829 58.5122 55.3966 50.8823 44.9666 42.6684 45.6091 37.256 36.872 29.5099 29.1429 29.1322 29.6968 28.2099 24.8484 23.4295 20.7708 18.9417 18.1057
threshold=705.00000000000011 3.6500000000000008 855.00000000000011 2.5500000000000003 4.7500000000000009 0.25000000000000006 14.708333333333334 72.500000000000014 1.2500000000000002 545.00000000000011 0.89999999999999958 14.379807692307695 0.0058333333333333579 93.500000000000014 615.00000000000011 0.0083333333333332916 5.5000000000000009 1259.5000000000002 90.500000000000014 16.550000000000004 20.366666666666671 1.3499999999999999 0.19999999999999754 0.59868201182722736 0.30000000000000254 5.916666666666667 85.500000000000014 1.8999999999999997 11.500000000000002 15.500000000000002
decision_type=2 2 2 2 2 2 2 2 2 2 2 2 2 2 2 2 2 2 2 2 2 2 2 2 2 2 2 2 2 2
left_child=1 3 10 5 9 8 14 -8 -1 13 22 -10 -12 19 18 -11 17 25 -5 -3 -9 -16 23 -2 -4 -6 29 -14 -25 -7
right_child=2 4 24 6 16 26 7 20 11 15 12 -13 27 -15 21 -17 -18 -19 -20 -21 -22 -23 -24 28 -26 -27 -28 -29 -30 -31
leaf_value=0.0029080581623879185 -0.010659083959704583 0.041607221208478859 -0.016766004179027898 0.028467673730444756 0.056156367108888348 0.0087061113928621221 0.027958778290059865 0.012872486565485159 0.018869525765166876 0.012309721736005889 -0.010208097635844954 0.010334293409798922 -0.00073827578427304032 0.026678130217072719 -0.0030010141957720901 0.029473217805234628 0.06439253852292158 0.024803258393984322 0.027107555459928157 0.029649926077246931 -0.01037180581737491 0.016641844793503818 -0.018835393192825522 0.0073176374986976406 -0.02232410425534569 0.047120243915645177 -0.016872946918342676 0.007051731132211329 -0.0055815975989959967 -0.0091516129025042466
leaf_weight=8336 7569 9436 15816 11501 1048 1518 1437 2706 6773 1342 6582 10564 4158 1032 596 2272 5445 537 2042 918 827 2149 9202 659 111566 1945 2874 2203 2475 1159
leaf_count=8336 7569 9436 15816 11501 1048 1518 1437 2706 6773 1342 6582 10564 4158 1032 596 2272 5445 537 2042 918 827 2149 9202 659 111566 1945 2874 2203 2475 1159
internal_value=-0.00190475 0.00753335 -0.00640836 0.00448851 0.0141977 0.00250272 0.00740475 0.00367156 0.00342795 0.0121464 -0.00308676 0.00461575 -0.00121842 0.0134075 0.00854328 0.00816787 0.0176225 0.0150297 0.00929845 0.0140687 0.00112659 0.00481343 -0.00430138 -0.0032361 -0.00726484 0.016475 -0.00177607 0.000833333 -0.000779656 0.000243561
internal_weight=236687 76457 160230 52482 23975 31224 21258 4970 25673 15000 32848 17337 12943 11386 16288 3614 8975 3530 13543 10354 3533 2745 19905 10703 127382 2993 5551 6361 3134 2677
internal_count=236687 76457 160230 52482 23975 31224 21258 4970 25673 15000 32848 17337 12943 11386 16288 3614 8975 3530 13543 10354 3533 2745 19905 10703 127382 2993 5551 6361 3134 2677
is_linear=0
shrinkage=0.03


Tree=30
num_leaves=31
num_cat=0
split_feature=24 8 24 41 9 42 41 24 27 8 24 4 4 31 4 31 20 37 24 24 2 23 42 41 29 15 6 39 42 11
split_gain=8685.82 1827.5 1069.11 596.814 533.36 186.595 181.467 137.549 108.898 98.4162 84.4884 81.7321 80.2997 67.5595 67.1082 49.0836 47.9696 46.9362 39.9995 39.7782 38.6689 37.4941 35.1786 35.5522 31.5889 28.54 27.566 25.4249 22.1088 20.9834
threshold=2.5500000000000003 0.20000000000000198 3.8999999999999999 1.0000000180025095e-35 135.00000000000003 1.0000000180025095e-35 1.0000000180025095e-35 5.0500000000000007 12.366666666666669 0.64999999999999869 1.1500000000000006 1.7999999999999983 5.2500000000000009 9.3798076923076952 1.4500000000000004 17.519230769230774 0.099999999999965908 0.6830127018922193 0.95000000000000029 0.84999999999999976 1013.7500000000001 5.5000000000000009 1.0000000180025095e-35 1.0000000180025095e-35 10.366666666666669 0.10488088481700843 22.250000000000004 -0.55656394595157355 1.0000000180025095e-35 0.35000000000000148
decision_type=2 2 2 2 2 2 2 2 2 2 2 2 2 2 2 2 2 2 2 2 2 2 2 2 2 2 2 2 2 2
left_child=1 3 4 5 6 10 8 11 14 18 -1 15 -10 -12 -2 27 26 19 -3 -5 -18 24 23 -20 -9 -21 -13 -4 -6 -8
right_child=2 9 7 17 28 -7 29 21 12 -11 13 16 -14 -15 -16 -17 20 -19 22 25 -22 -23 -24 -25 -26 -27 -28 -29 -30 -31
leaf_value=0.0020101205482980287 0.01817314326203914 -0.021654381127685318 0.027841884068504595 -0.010363995318456755 -0.014844692518960891 -0.016263024053657062 -0.010392516147745955 0.052322436264209515 0.013354212927791409 -0.021654381127685318 0.022418368691067218 0.046954376712986738 0.027223700488926163 0.010688238342482892 0.027556594128498268 0.018104528819816699 0.016277397803732576 -0.015429433938289874 0.00065578773728811708 -0.011278987871662729 0.034563180621237956 0.066120637126439591 -0.021654381127685318 -0.015654381038278351 0.029697596758207181 -6.1885238751633868e-05 0.037331676317200552 0.048971924755853109 -0.021654381127685318 0.0046060000162698109
leaf_weight=8303 1967 15088 744 12020 1966 1830 1469 1380 6998 106888 3181 3324 2342 15493 14662 1101 952 7130 2650 1478 1427 4363 1696 4370 515 5342 5102 700 1783 732
leaf_count=8303 1967 15088 744 12020 1966 1830 1469 1380 6998 106888 3181 3324 2342 15493 14662 1101 952 7130 2650 1478 1427 4363 1696 4370 515 5342 5102 700 1783 732
internal_value=-0.00193698 -0.00496416 0.00895898 -0.000364328 0.00557149 0.00260882 0.00698619 0.0144722 0.00768713 -0.00689205 0.0032378 0.0127475 0.00509313 0.0043572 0.00914332 0.00790047 0.0138875 -0.00366221 -0.0051466 -0.00287708 0.0101081 0.0181462 -0.00352719 -0.00258901 0.0145849 -0.00104661 0.0149519 0.0115353 -0.00505665 -0.00128348
internal_weight=236996 185469 51527 54777 31919 28807 28170 19608 25969 130692 26977 13350 9340 18674 16629 2545 10805 25970 23804 18840 2379 6258 8716 7020 1895 6820 8426 1444 3749 2201
internal_count=236996 185469 51527 54777 31919 28807 28170 19608 25969 130692 26977 13350 9340 18674 16629 2545 10805 25970 23804 18840 2379 6258 8716 7020 1895 6820 8426 1444 3749 2201
is_linear=0
shrinkage=0.03


Tree=31
num_leaves=31
num_cat=0
split_feature=35 24 35 24 24 31 4 35 24 35 8 11 37 11 11 23 4 37 8 3 6 37 20 8 6 31 37 24 24 32
split_gain=10512.1 1599.44 529.098 270.654 216.101 126.661 108.534 76.9126 75.749 74.6853 63.9954 58.1916 54.2183 52.6021 48.4142 43.2587 41.3656 34.3877 31.7329 31.3423 31.241 29.9509 29.7799 26.3731 25.62 23.3824 21.9279 19.0824 18.7647 18.4441
threshold=705.00000000000011 3.5500000000000003 855.00000000000011 1.6500000000000006 4.7500000000000009 9.3798076923076952 3.649999999999999 565.00000000000011 0.39999999999999952 595.00000000000011 0.09999999999999877 0.2999999999999981 -0.9330127018922193 0.64999999999999869 0.49999999999999739 4.5000000000000009 1.7999999999999983 0.6830127018922193 0.35000000000000148 11.950000000000001 22.550000000000004 0.6830127018922193 0.19999999999987497 0.5999999999999962 26.750000000000004 13.679487179487181 0.6830127018922193 5.8500000000000005 0.29999999999999899 32.500000000000007
decision_type=2 2 2 2 2 2 2 2 2 2 2 2 2 2 2 2 2 2 2 2 2 2 2 2 2 2 2 2 2 2
left_child=1 3 8 13 7 20 10 12 26 -8 -7 29 -3 19 -9 -6 -14 25 -4 -1 21 -5 27 -21 -22 -13 -2 -17 -15 -10
right_child=2 4 18 5 15 6 9 14 11 -11 -12 17 16 28 -16 22 -18 -19 -20 23 24 -23 -24 -25 -26 -27 -28 -29 -30 -31
leaf_value=0.015381682324662964 -0.010191333050103384 0.028227860866271538 -0.015775133332047352 0.047548125110075563 0.035226770772951617 0.016462280448974222 0.024010346569992205 0.0055220802178275047 -0.0072935469052405229 0.010583480647816487 0.00095188190276791318 0.0064845764583197438 0.038280407217743583 -0.00063048631470616898 0.026353283899629799 0.049487348099723716 0.037343273836504945 -0.0076865102048799001 -0.021004749693854758 -0.0010460184133553251 0.017365730549097319 0.026068022958625831 0.034992222837027909 -0.020320142885259962 0.025436343429060447 -0.0012315042885557431 -0.019391992281247345 0.074366556401541883 0.010197140166702194 -0.018317099342707029
leaf_weight=916 10531 1128 16056 1032 664 9416 7669 1141 4540 6268 5310 3275 2140 1269 2045 5515 10373 2358 111225 7387 1764 568 888 1496 3124 4612 4504 1931 4721 3102
leaf_count=916 10531 1128 16056 1032 664 9416 7669 1141 4540 6268 5310 3275 2140 1269 2045 5515 10373 2358 111225 7387 1764 568 888 1496 3124 4612 4504 1931 4721 3102
internal_value=-0.00199911 0.00712875 -0.00637298 0.00404519 0.0132103 0.0055107 0.00465332 0.0112008 -0.00298278 0.00655086 0.0028568 -0.00166317 0.0121815 0.000782249 0.00699655 0.016965 0.0127497 -0.000185176 -0.00724981 -0.000571625 0.00929584 0.0129401 0.0175534 -0.00111677 0.00809816 0.000765306 -0.00455227 0.018176 0.0029965 -0.00364403
internal_weight=236968 76765 160203 50940 25825 35151 28663 16827 32922 13937 14726 17887 13641 15789 3186 8998 12513 10245 127281 9799 6488 1600 8334 8883 4888 7887 15035 7446 5990 7642
internal_count=236968 76765 160203 50940 25825 35151 28663 16827 32922 13937 14726 17887 13641 15789 3186 8998 12513 10245 127281 9799 6488 1600 8334 8883 4888 7887 15035 7446 5990 7642
is_linear=0
shrinkage=0.03


Tree=32
num_leaves=31
num_cat=0
split_feature=35 24 35 24 24 27 4 4 35 24 35 11 23 11 38 1 36 32 24 32 27 27 35 38 39 39 11 35 30 38
split_gain=10073.8 1587.66 458.21 298.454 203.592 140.053 121.666 72.5272 66.8364 62.7491 56.3005 50.8813 50.7631 46.5136 44.9278 44.8247 41.6262 35.5874 32.1866 32.0429 30.1616 29.827 29.6422 29.5956 30.2867 28.5264 26.1131 23.5936 23.0156 22.8587
threshold=715.00000000000011 3.6500000000000008 865.00000000000011 1.7999999999999992 4.7500000000000009 8.5500000000000025 6.5000000000000036 1.7 595.00000000000011 0.95000000000000029 605.00000000000011 0.75000000000000011 4.5000000000000009 0.35000000000000148 -0.2102246306142678 90.500000000000014 0.68301270189221941 28.500000000000004 0.60000000000000064 41.500000000000007 7.916666666666667 6.0833333333333348 525.00000000000011 0.63920241694561786 -0.32613736746952143 -0.065537083312030994 0.30000000000000254 925.00000000000011 14.500000000000002 0.51297097409535064
decision_type=2 2 2 2 2 2 2 2 2 2 2 2 2 2 2 2 2 2 2 2 2 2 2 2 2 2 2 2 2 2
left_child=1 3 9 11 7 15 8 17 -7 23 20 18 -6 -11 -8 21 -13 29 -1 -20 -9 -5 -14 24 -2 -17 -25 -4 -28 -3
right_child=2 4 27 5 12 6 14 10 -10 13 -12 16 22 -15 -16 25 -18 -19 19 -21 -22 -23 -24 26 -26 -27 28 -29 -30 -31
leaf_value=-0.010656297941180717 -0.0079469487502992191 0.023822844604858985 -0.017578897816597362 0.032531381579824131 0.034002475531022661 0.015271359187630295 0.012559541311748646 0.038515910125117181 0.0035502720668108322 -0.010580799151580188 0.017378887246452607 0.0041728118801525335 0.056440844828890543 0.00082635053595585262 0.032469580583579336 0.0087653909484823305 0.020139624342561429 0.016333743633987183 0.0048900537889401095 -0.0065138948491594651 0.03119367492365821 0.023432669309953105 0.036847106947058207 -0.016172591715962099 -0.017045386562233911 0.041306036567275391 0.0045294465605493607 -0.020374607203039113 -0.0077477702144860394 0.05048819000845671
leaf_weight=3398 5423 851 13135 3984 692 13989 1895 4907 7432 6531 1082 4708 7066 5700 1714 1416 1387 1188 7017 2184 6543 5177 1222 2275 9577 622 1356 111963 1991 593
leaf_count=3398 5423 851 13135 3984 692 13989 1895 4907 7432 6531 1082 4708 7066 5700 1714 1416 1387 1188 7017 2184 6543 5177 1222 2275 9577 622 1356 111963 1991 593
internal_value=-0.00207128 0.00667022 -0.00644712 0.00385139 0.0130817 0.00543989 0.00419163 0.0109587 0.00333252 -0.00329379 0.01191 0.000772625 0.0166633 -0.00159098 0.00928621 0.00822851 0.00302239 0.00642369 -0.000316046 0.000605509 0.0125284 0.00912392 0.017316 -0.00430348 -0.00499933 0.00419853 -0.00244577 -0.00727518 -0.000759182 0.00958506
internal_weight=237018 79067 157951 54923 24144 36229 25030 15164 21421 32853 12532 18694 8980 12231 3609 11199 6095 2632 12599 9201 11450 9161 8288 20622 15000 2038 5622 125098 3347 1444
internal_count=237018 79067 157951 54923 24144 36229 25030 15164 21421 32853 12532 18694 8980 12231 3609 11199 6095 2632 12599 9201 11450 9161 8288 20622 15000 2038 5622 125098 3347 1444
is_linear=0
shrinkage=0.03


Tree=33
num_leaves=31
num_cat=0
split_feature=35 35 35 23 11 23 35 23 27 38 37 23 27 2 25 2 4 1 3 31 31 0 39 9 30 23 3 27 4 2
split_gain=9763.46 789.204 539.301 522.886 241.95 140.683 137.703 134.921 112.19 83.8917 79.1815 68.4062 61.0989 60.9618 60.6621 55.1273 54.7761 49.4478 42.6845 33.3259 32.6251 31.183 30.4373 28.4633 28.3759 27.6171 27.4506 25.8639 24.2637 22.1655
threshold=705.00000000000011 565.00000000000011 865.00000000000011 4.5000000000000009 0.45000000000000112 5.5000000000000009 635.00000000000011 3.5000000000000004 6.366666666666668 0.63920241694561786 0.6830127018922193 5.5000000000000009 20.183333333333337 1008.6500000000002 1520.5000000000002 1013.35 3.3999999999999999 72.500000000000014 21.050000000000004 15.887500000000001 15.292857142857146 25.250000000000004 0.93769647993491489 15.000000000000002 14.500000000000002 3.5000000000000004 20.350000000000005 9.1833333333333353 4.3000000000000034 1022.6500000000002
decision_type=2 2 2 2 2 2 2 2 2 2 2 2 2 2 2 2 2 2 2 2 2 2 2 2 2 2 2 2 2 2
left_child=1 3 10 7 20 8 11 16 21 -8 14 25 17 -10 19 -11 24 -9 22 -2 -3 -5 -7 -4 -1 -6 -13 -20 -22 -12
right_child=2 4 23 5 6 18 9 12 13 15 29 26 -14 -15 -16 -17 -18 -19 27 -21 28 -23 -24 -25 -26 -27 -28 -29 -30 -31
leaf_value=0.013780868344199799 0.0022331470941343266 0.0061661327583217096 -0.012586923885318868 0.055374251061824357 0.0051394373110626159 0.061709108195677244 0.0022357794281208988 0.032956330386845249 0.013941385473445407 0.00083852936011114649 -0.017055535494966936 0.035864488607383012 -0.0084091418671555559 0.030639779141771208 -0.0091315549528091147 0.023409579293917394 0.015269675153179214 0.028886142940818437 0.037702112761036154 -0.0059515025672152878 -0.010001136037810811 0.034185629531833857 0.042720411736645071 -0.01976336898694794 5.3760891344938329e-05 0.018172081049691074 0.019820306635120969 0.021751690803460708 0.0034328770696801479 -0.0038220091464306067
leaf_weight=2925 5975 3639 7568 1501 1045 4771 7285 1806 2277 779 7661 1529 585 6665 14399 1922 2632 12652 2467 5769 5420 2903 638 117448 3606 5923 810 507 2351 1268
leaf_count=2925 5975 3639 7568 1501 1045 4771 7285 1806 2277 779 7661 1529 585 6665 14399 1922 2632 12652 2467 5769 5420 2903 638 117448 3606 5923 810 507 2351 1268
internal_value=-0.00210615 0.00669931 -0.00632157 0.00918818 0.00297533 0.0125665 0.00502319 0.00615478 0.0106499 0.00257559 -0.00303387 0.00764824 0.00790279 0.0087159 -0.00220052 0.00708935 0.00328396 0.00828734 0.0156145 -0.000600204 -0.000487645 0.014571 0.017208 -0.00724384 0.00181042 0.00615495 0.0120878 0.0127067 -0.0015853 -0.00547279
internal_weight=236726 76638 160088 45935 30703 21729 19293 24206 13346 9986 35072 9307 15043 8942 26143 2701 9163 14458 8383 11744 11410 4404 5409 125016 6531 6968 2339 2974 7771 8929
internal_count=236726 76638 160088 45935 30703 21729 19293 24206 13346 9986 35072 9307 15043 8942 26143 2701 9163 14458 8383 11744 11410 4404 5409 125016 6531 6968 2339 2974 7771 8929
is_linear=0
shrinkage=0.03


Tree=34
num_leaves=31
num_cat=0
split_feature=35 35 23 35 11 23 23 35 27 37 38 23 2 8 27 2 4 1 31 32 5 8 0 38 22 23 31 38 27 39
split_gain=9385.6 886.879 543.776 401.305 210.634 141.592 133.717 130.726 116.88 69.9891 68.7887 67.3285 61.9433 60.8781 57.2425 56.0679 55.7701 48.1773 41.3328 39.8679 38.5379 35.7635 35.409 31.7692 28.0967 26.9516 26.8892 25.9415 25.261 21.4309
threshold=725.00000000000011 575.00000000000011 4.5000000000000009 875.00000000000011 0.40000000000000396 5.5000000000000009 3.5000000000000004 645.00000000000011 6.366666666666668 0.6830127018922193 0.63920241694561786 5.5000000000000009 1008.7500000000001 0.59999999999999887 20.183333333333337 1013.35 3.3500000000000001 72.500000000000014 15.839743589743593 28.500000000000004 23.150000000000002 0.25000000000000006 24.750000000000004 -0.89406062840022227 25.500000000000004 3.5000000000000004 30.296703296703299 0.35846314187849709 9.1833333333333353 0.29958852271690523
decision_type=2 2 2 2 2 2 2 2 2 2 2 2 2 2 2 2 2 2 2 2 2 2 2 2 2 2 2 2 2 2
left_child=1 2 6 9 19 8 16 11 22 13 29 25 -10 18 17 -12 28 -8 23 -3 24 -5 -4 -2 -7 -6 -18 -13 -1 -9
right_child=3 4 5 21 7 20 14 10 12 -11 15 27 -14 -15 -16 -17 26 -19 -20 -21 -22 -23 -24 -25 -26 -27 -28 -29 -30 -31
leaf_value=0.014801995572695724 -0.0091821427085408847 0.004050616013314445 0.053197604000124347 -0.014274710908442326 0.0021076616801649706 0.057837114871762539 0.031572433461884798 0.0047871932151851305 0.013964283027253971 -0.016920074916968432 -0.0016477749559457133 0.017294901234568699 0.029265845033287843 -0.020922229932197341 -0.0081568676111408861 0.018991391996083049 0.01628239997189191 0.027014481626061213 -0.0084193750746619968 -0.0076240799536261127 0.037435476325055506 -0.019170467917339503 0.032106384173323531 0.00074360524847516313 0.063619847896936449 0.015984590783163003 0.00095745937367086359 0.037931232681609223 0.00050502262321719729 -0.0023549036420927954
leaf_weight=2199 1779 4968 1477 10691 1018 3376 1908 4361 2510 8367 898 1250 6922 5853 608 2226 2367 13280 9453 7068 4012 111849 3090 7507 1335 6106 531 1083 4567 3950
leaf_count=2199 1779 4968 1477 10691 1018 3376 1908 4361 2510 8367 898 1250 6922 5853 608 2226 2367 13280 9453 7068 4012 111849 3090 7507 1335 6106 531 1083 4567 3950
internal_value=-0.00215674 0.00611617 0.00870943 -0.006472 0.00232129 0.012083 0.0056979 0.00414234 0.0102105 -0.00353304 0.00198369 0.00675151 0.00829977 -0.00272627 0.0073984 0.00577735 0.00291744 0.00775971 -0.00189171 -0.000839841 0.0150851 -0.00726241 0.0141513 -0.000469961 0.0169335 0.00530031 0.00639828 0.0111745 0.00142509 0.000556658
internal_weight=236609 81110 48182 155499 32928 22722 25460 20892 13999 32959 11435 9457 9432 24592 15796 3124 9664 15188 18739 12036 8723 122540 4567 9286 4711 7124 2898 2333 6766 8311
internal_count=236609 81110 48182 155499 32928 22722 25460 20892 13999 32959 11435 9457 9432 24592 15796 3124 9664 15188 18739 12036 8723 122540 4567 9286 4711 7124 2898 2333 6766 8311
is_linear=0
shrinkage=0.03


Tree=35
num_leaves=31
num_cat=0
split_feature=35 24 35 24 24 27 1 1 31 37 27 4 11 23 12 38 38 27 38 24 4 2 24 38 9 1 25 30 24 0
split_gain=9184.37 1447.23 414.968 280.962 197.215 133.103 94.1811 72.4614 70.841 65.7562 59.1251 77.6605 50.9385 48.6956 43.7905 43.5162 43.0634 40.8584 40.4101 38.1844 35.9675 32.8891 32.7495 31.2562 29.6163 29.288 27.1933 25.4529 24.7933 22.0397
threshold=725.00000000000011 3.6500000000000008 875.00000000000011 1.7000000000000013 4.7500000000000009 8.5500000000000025 72.500000000000014 93.500000000000014 31.296703296703299 0.6830127018922193 7.916666666666667 4.5000000000000036 0.64999999999999869 5.5000000000000009 1.0000000180025095e-35 0.63920241694561786 0.40614137006726808 8.0833333333333339 -0.2102246306142678 0.39999999999999952 2.4500000000000006 1012.7500000000001 0.70000000000000118 -0.46801505794253101 15.000000000000002 66.500000000000014 1399.5000000000002 13.500000000000002 5.4500000000000011 25.850000000000005
decision_type=2 2 2 2 2 2 2 2 2 2 2 2 2 2 2 2 2 2 2 2 2 2 2 2 2 2 2 2 2 2
left_child=1 3 9 12 7 20 18 10 -8 14 16 -12 22 17 -2 -14 -3 -6 -7 -16 27 -17 -1 -19 -4 -24 -22 -5 29 -15
right_child=2 4 24 5 13 6 8 -9 -10 -11 11 -13 15 28 19 21 -18 23 -20 -21 26 -23 25 -25 -26 -27 -28 -29 -30 -31
leaf_value=-0.010124202485321454 -0.012886781542321849 0.028547796002321144 -0.012446239283801211 0.025361137325085655 0.044869621622636108 0.010278198930662697 0.010651480719425645 0.017224270613610728 -0.0077790717774606178 -0.016200271548738984 0.022565872448601702 0.032419066178797105 0.0025969461991472223 0.047457762453542891 -0.007782802990270888 -0.0016052344221854265 0.047603195756717787 0.037802097818356861 0.02557099117663373 -0.00040374201874732337 0.027425303725799877 0.022303297799039817 0.016783425948399801 0.027349670713800036 -0.018595353879819317 -0.000303687553986931 0.0088907375182510975 0.0027305207898234616 0.062829262122929455 0.028716466813252454
leaf_weight=4258 9749 3693 6906 3176 1689 3394 16279 1311 1947 8314 5031 3251 5944 1662 6903 511 1970 513 3779 7840 6458 1585 620 1287 116164 7311 790 812 2954 908
leaf_count=4258 9749 3693 6906 3176 1689 3394 16279 1311 1947 8314 5031 3251 5944 1662 6903 511 1970 513 3779 7840 6458 1585 620 1287 116164 7311 790 812 2954 908
internal_value=-0.00219196 0.00599362 -0.00645255 0.00337583 0.0121265 0.00494275 0.00373952 0.0100452 0.00259299 -0.00345419 0.0106792 0.00905903 0.000537912 0.0156464 -0.00267127 0.0023912 0.0130446 0.0128538 0.00665122 -0.00163937 0.00766151 0.00610582 -0.000684726 0.00968923 -0.00725173 0.000454746 0.00892138 0.00536842 0.017405 0.0152158
internal_weight=237009 81133 155876 56864 24269 36635 25399 15256 18226 32806 13945 8282 20229 9013 24492 8040 5663 3489 7173 14743 11236 2096 12189 1800 123070 7931 7248 3988 5524 2570
internal_count=237009 81133 155876 56864 24269 36635 25399 15256 18226 32806 13945 8282 20229 9013 24492 8040 5663 3489 7173 14743 11236 2096 12189 1800 123070 7931 7248 3988 5524 2570
is_linear=0
shrinkage=0.03


Tree=36
num_leaves=31
num_cat=0
split_feature=35 24 35 24 24 27 1 4 8 27 4 3 35 23 8 24 3 27 8 36 6 3 24 12 8 36 22 38 39 24
split_gain=8910.52 1442.83 363.165 268.07 190.848 128.931 91.7388 65.6759 58.8074 58.2775 64.9699 52.8211 52.5092 51.1538 50.5637 49.4757 42.754 41.3353 41.2924 38.4339 38.1782 35.2973 33.2846 27.0024 26.9362 25.7207 19.9623 18.303 22.1057 14.1451
threshold=735.00000000000011 3.6500000000000008 875.00000000000011 1.6500000000000006 4.7500000000000009 7.1833333333333345 82.500000000000014 1.0000000000000011 0.09999999999999877 6.5500000000000007 4.6000000000000005 9.1500000000000004 625.00000000000011 5.5000000000000009 0.5999999999999962 0.95000000000000029 21.050000000000004 6.366666666666668 0.25000000000000006 -0.6830127018922193 26.750000000000004 20.150000000000002 0.70000000000000118 0.0049999999999999533 0.19999999999999754 -0.24999999999999994 21.500000000000004 0.30983042691905771 -0.29342786347392819 5.5500000000000007
decision_type=2 2 2 2 2 2 2 2 2 2 2 2 2 2 2 2 2 2 2 2 2 2 2 2 2 2 2 2 2 2
left_child=1 3 15 11 7 16 12 -3 -8 19 -11 -1 -7 17 22 24 26 -6 -4 -9 -18 -15 -13 -17 27 -19 -5 28 -2 -23
right_child=2 4 18 5 13 6 8 9 -10 10 -12 14 -14 21 -16 23 20 25 -20 -21 -22 29 -24 -25 -26 -27 -28 -29 -30 -31
leaf_value=0.017072832348928806 -0.0039472661589635581 0.015577563241632196 -0.013288608964794476 0.018130046440075959 0.043523532973957016 0.017684404813263055 0.013642550641126431 0.025282312102549817 -0.0044257935825552765 0.023966983693768613 0.031632503794183975 -0.0029684097954931418 0.007529537877001129 0.059081773683111682 -0.019166226982158044 -0.0099101934485242727 0.011441286042571892 0.036669311476460811 -0.018037493263424739 0.042357568944419423 0.023084963575016351 0.033149596066772917 0.0044997359392231658 -0.0004137185028075052 -0.017180856868384411 0.028178069869773992 0.036289720119220235 -0.0045443685054149686 -0.01340021916506484 0.039025475646899004
leaf_weight=1162 1948 1292 10728 862 1225 12415 6693 1535 4452 6155 3526 6976 7133 3492 2089 5681 2284 776 112392 2733 2648 1174 9977 4747 10632 1544 2247 3953 3794 832
leaf_count=1162 1948 1292 10728 862 1225 12415 6693 1535 4452 6155 3526 6976 7133 3492 2089 5681 2284 776 112392 2733 2648 1174 9977 4747 10632 1544 2247 3953 3794 832
internal_value=-0.00224125 0.00566681 -0.00651827 0.00313107 0.0118204 0.00459224 0.0037059 0.00976924 0.00153337 0.0103686 0.00907699 0.000329605 0.00494425 0.0152745 -4.96219e-05 -0.00360186 0.0079737 0.0124478 -0.00724671 0.0132927 0.00623227 0.0170918 0.000493217 -0.00192138 -0.0044637 0.0100775 0.0107305 -0.00331881 -0.00440024 0.013887
internal_weight=237097 83222 153875 58938 24284 38734 30693 15241 11145 13949 9681 20204 19548 9043 19042 30755 8041 3545 123120 4268 4932 5498 16953 10428 20327 2320 3109 9695 5742 2006
internal_count=237097 83222 153875 58938 24284 38734 30693 15241 11145 13949 9681 20204 19548 9043 19042 30755 8041 3545 123120 4268 4932 5498 16953 10428 20327 2320 3109 9695 5742 2006
is_linear=0
shrinkage=0.03


Tree=37
num_leaves=31
num_cat=0
split_feature=35 24 35 24 24 31 4 4 35 37 35 35 3 9 24 13 35 2 4 24 24 3 15 36 9 31 5 1 38 5
split_gain=8550.41 1394.97 375.62 253.485 186.263 110.333 101.433 69.3525 66.266 64.2543 59.0679 51.6358 51.1592 48.8567 48.6844 43.2827 39.7441 38.775 37.511 36.8307 33.6612 31.0185 29.8691 28.5988 26.2754 23.6258 19.4791 18.2981 16.673 16.1911
threshold=735.00000000000011 3.6500000000000008 885.00000000000011 1.7000000000000013 4.7500000000000009 15.292857142857146 5.2500000000000009 1.0000000000000011 545.00000000000011 0.6830127018922193 625.00000000000011 525.00000000000011 9.2500000000000018 15.000000000000002 5.6500000000000012 1.0000000180025095e-35 515.00000000000011 1012.35 4.6000000000000005 0.3499999999999997 0.70000000000000118 20.950000000000003 0.11690451944490544 0.68301270189221941 15.000000000000002 16.519230769230774 18.450000000000003 79.500000000000014 0.34235194516023087 24.350000000000005
decision_type=2 2 2 2 2 2 2 2 2 2 2 2 2 2 2 2 2 2 2 2 2 2 2 2 2 2 2 2 2 2
left_child=1 3 9 12 7 10 8 -3 -7 15 17 18 -1 20 16 -2 21 -5 -9 29 -14 -6 -13 -8 -4 -21 -11 -18 -12 -17
right_child=2 4 24 5 14 6 23 11 -10 26 28 22 13 -15 -16 19 27 -19 -20 25 -22 -23 -24 -25 -26 -27 -28 -29 -30 -31
leaf_value=0.016105452787655999 -0.015780174098614191 0.014667916422109422 -0.01311274662472405 0.018172044948101623 0.042483701278366197 0.01362304575560906 0.015031956439389503 0.031357349695778823 -0.00098660417586725053 -0.0079583852647527823 0.0045445749899687632 0.0079070063509171264 -0.0024177773744233797 -0.0083996041302883857 0.061078321576542992 -0.0021932187137628321 0.032105396646907002 0.027891573398970131 0.036608080067070753 0.0017887021106725942 0.0052386138769985532 0.034953148172627228 0.022134668082577615 0.041207900673012922 -0.017496368465521994 -0.0055251189684021674 -0.018156956952216023 0.013481925018032305 0.013810893963882683 -0.009419989350623487
leaf_weight=1213 7940 1319 6215 7125 2594 8577 3694 7526 7139 1534 2708 763 5661 5758 2900 1495 707 4992 1973 4619 9126 2331 3688 1110 114435 4197 6813 515 1899 6300
leaf_count=1213 7940 1319 6215 7125 2594 8577 3694 7526 7139 1534 2708 763 5661 5758 2900 1495 707 4992 1973 4619 9126 2331 3688 1110 114435 4197 6813 515 1899 6300
internal_value=-0.0022902 0.00544749 -0.00648883 0.00295531 0.011494 0.0044582 0.00298363 0.0094704 0.00181703 -0.00364696 0.00626689 0.0100921 0.000382583 2.88363e-05 0.0149063 -0.00287348 0.0133839 0.00736633 0.0113428 -0.0020022 0.000941747 0.0145875 0.00741916 0.00679775 -0.00726366 -0.000673622 -0.00592077 0.00851716 0.00337329 -0.00350423
internal_weight=236866 83318 153548 59002 24316 37244 20520 15269 15716 32898 16724 13950 21758 20545 9047 24551 6147 12117 9499 16611 14787 4925 4451 4804 120650 8816 8347 1222 4607 7795
internal_count=236866 83318 153548 59002 24316 37244 20520 15269 15716 32898 16724 13950 21758 20545 9047 24551 6147 12117 9499 16611 14787 4925 4451 4804 120650 8816 8347 1222 4607 7795
is_linear=0
shrinkage=0.03


Tree=38
num_leaves=31
num_cat=0
split_feature=40 24 25 24 24 31 1 37 4 25 25 11 25 24 24 11 3 28 38 9 3 32 37 36 5 2 30 5 38 25
split_gain=8255.08 1247.49 533.678 222.429 180.571 95.3752 75.3196 67.4253 67.0904 61.4405 54.8879 51.6495 48.3968 45.7068 43.5261 43.0772 42.1466 36.3719 34.6111 33.6311 30.4368 32.7701 32.6223 30.0833 28.3691 26.1843 24.3855 23.526 19.6005 18.7528
threshold=1.0000000180025095e-35 3.4500000000000006 1620.5000000000002 4.8500000000000005 1.6500000000000006 7.8660714285714297 80.500000000000014 0.6830127018922193 1.0000000000000011 1280.5000000000002 1320.5000000000002 0.25000000000000006 1399.5000000000002 6.2500000000000009 0.39999999999999952 0.59999999999999887 19.950000000000003 14.500000000000002 0.63920241694561786 25.000000000000004 20.950000000000003 27.500000000000004 0.93301270189221952 0.68301270189221941 18.650000000000002 1013.35 14.500000000000002 24.350000000000005 -0.86976336936302323 1390.5000000000002
decision_type=2 2 2 2 2 2 2 2 2 2 2 2 2 2 2 2 2 2 2 2 2 2 2 2 2 2 2 2 2 2
left_child=2 4 7 8 15 23 12 11 -3 17 -8 -1 -7 20 27 26 -11 -10 29 -4 22 -22 -5 -6 -9 -20 -2 -13 -28 -17
right_child=1 3 19 13 5 6 10 24 9 16 -12 14 -14 -15 -16 18 -18 -19 25 -21 21 -23 -24 -25 -26 -27 28 -29 -30 -31
leaf_value=-0.012261589127718318 0.0021286890467394513 0.017797131040245218 -0.012719364225982329 0.049636758118888694 0.019329232735279051 0.01655402308165441 0.012749736406232028 -0.0059629419618424896 0.034055668391086077 0.024942933259502902 -0.0030351804900010438 0.0010109862000995096 0.0053016396943874966 0.072733295405706971 0.00086326050800506588 0.0090751031335689018 0.010518791923373464 0.02808012421552513 0.0004583316968301071 -0.016971477411556336 0.035167432546127912 0.015527697707865443 0.026965344230856614 0.035532224617988821 -0.016312817119263801 0.021809082408685208 0.0051386749960777023 -0.0079441569983958876 -0.0099478096406291124 -0.0011459482412494915
leaf_weight=11275 4644 1581 8691 3438 3364 11858 9984 1939 5429 2813 4209 1422 3851 1121 7781 1894 2439 7376 564 113883 2347 543 592 929 7014 1335 806 6024 4336 3628
leaf_count=11275 4644 1581 8691 3438 3364 11858 9984 1939 5429 2813 4209 1422 3851 1121 7781 1894 2439 7376 564 113883 2347 543 592 929 7014 1335 806 6024 4336 3628
internal_value=-0.00232858 0.00558429 -0.00628837 0.0107188 0.00281914 0.0040804 0.00347963 -0.00304658 0.00899618 0.00951506 0.00189521 -0.00228588 0.00491073 0.0149226 -0.001146 0.000312482 0.00677769 0.0106366 0.0020359 -0.00722601 0.0140032 0.0116338 0.0156957 0.00826135 -0.00529732 0.00552735 -0.000994585 -0.00278531 -0.00241738 0.000833635
internal_weight=237110 79081 158029 27679 51402 34195 29902 35455 19638 18057 14193 26502 15709 8041 15227 17207 5252 12805 7421 122574 6920 2890 4030 4293 8953 1899 9786 7446 5142 5522
internal_count=237110 79081 158029 27679 51402 34195 29902 35455 19638 18057 14193 26502 15709 8041 15227 17207 5252 12805 7421 122574 6920 2890 4030 4293 8953 1899 9786 7446 5142 5522
is_linear=0
shrinkage=0.03


Tree=39
num_leaves=31
num_cat=0
split_feature=35 35 23 35 3 13 28 38 27 23 8 38 5 37 27 8 32 4 35 2 27 35 25 39 8 32 32 30 38 7
split_gain=8056.62 784.859 463.486 399.22 151.295 149.08 142.92 110.939 105.42 97.5055 75.1841 74.6036 69.9974 62.6166 59.6578 53.2336 52.7991 52.7673 44.1456 42.8688 39.8407 39.5471 35.666 34.0174 32.4109 30.0126 28.3805 27.7091 26.2438 24.5722
threshold=735.00000000000011 595.00000000000011 4.5000000000000009 895.00000000000011 20.450000000000003 0.010833333333333311 16.500000000000004 0.35846314187849709 7.7333333333333343 3.5000000000000004 0.60000000000000064 -0.91597725483594616 24.850000000000005 0.6830127018922193 6.916666666666667 0.8000000000000026 27.500000000000004 3.3999999999999999 485.00000000000006 1010.6500000000002 21.083333333333339 645.00000000000011 1419.5000000000002 0.74298546529340237 0.20000000000000198 17.500000000000004 23.500000000000004 16.500000000000004 -0.79384350655589164 1.4500000000000004
decision_type=2 2 2 2 2 2 2 2 2 2 2 2 2 2 2 2 2 2 2 2 2 2 2 2 2 2 2 2 2 2
left_child=1 2 9 13 8 16 18 21 23 17 -10 -8 22 15 19 26 29 27 -6 -11 -16 -7 -9 -4 -5 -14 -2 -1 -19 -3
right_child=3 5 4 24 6 7 11 12 10 14 -12 -13 25 -15 20 -17 -18 28 -20 -21 -22 -23 -24 -25 -26 -27 -28 -29 -30 -31
leaf_value=0.010180430510818872 -0.0021699808637872398 -0.0045587619047536389 0.058682002778082921 -0.01233778329920286 0.032588566006313026 0.0094862195160026232 0.026133968871345691 0.030827613589523597 0.035134258877644507 0.022572540077468221 0.0025180932497971928 0.0046734462149425268 0.016502317923370622 -0.015625187077347513 0.020693909961808282 -0.017169980863787238 -0.0068403872652481254 0.023123649021764062 0.019958548351265527 0.036570492661966048 -0.0096358003845479438 0.00016494815927886597 0.013927813014119031 0.035886838917041357 -0.016462333089209646 0.0012706393301212737 -0.0082947575673538998 -0.003041088736135161 0.010075071116541578 0.0065139480023195138
leaf_weight=3919 8222 2136 2326 8310 4905 3110 642 1737 7954 2184 573 3287 812 8894 12307 4619 8882 508 3650 2138 550 6381 1613 1396 109765 1598 13279 3470 2635 4366
leaf_count=3919 8222 2136 2326 8310 4905 3110 642 1737 7954 2184 573 3287 812 8894 12307 4619 8882 508 3650 2138 550 6381 1613 1396 109765 1598 13279 3470 2635 4366
internal_value=-0.00235966 0.00516192 0.00739046 -0.00644151 0.0103757 0.00134666 0.00804901 0.00344834 0.0127453 0.00472549 0.0109013 0.00331023 0.00673204 -0.00362791 0.00611882 -0.00288722 -0.000737034 0.00245206 0.0102241 0.00916859 0.00509235 0.00145449 0.0095361 0.0169616 -0.00727578 0.0028296 -0.0022591 0.0010665 0.00570668 0.00131688
internal_weight=236168 83079 52444 153089 24733 30635 12484 15251 12249 27711 8527 3929 5760 35014 17179 26120 15384 10532 8555 4322 12857 9491 3350 3722 118075 2410 21501 7389 3143 6502
internal_count=236168 83079 52444 153089 24733 30635 12484 15251 12249 27711 8527 3929 5760 35014 17179 26120 15384 10532 8555 4322 12857 9491 3350 3722 118075 2410 21501 7389 3143 6502
is_linear=0
shrinkage=0.03


Tree=40
num_leaves=31
num_cat=0
split_feature=35 24 35 24 24 27 1 4 3 37 31 28 31 9 32 3 24 11 24 4 35 24 4 38 31 35 3 9 3 15
split_gain=7802.59 1171.99 411.814 228.787 191.559 111.512 78.9238 72.0192 64.7723 60.9354 48.6329 48.415 46.6661 45.1492 44.9369 45.2446 43.1074 42.7572 41.1803 39.3308 33.1712 32.785 30.8958 29.9776 28.125 27.8386 26.8916 22.9883 18.977 13.9358
threshold=735.00000000000011 3.6500000000000008 895.00000000000011 1.7000000000000013 5.0500000000000007 7.7333333333333343 82.500000000000014 1.7 20.450000000000003 0.6830127018922193 30.296703296703299 15.500000000000002 17.630681818181824 85.000000000000014 41.500000000000007 9.2500000000000018 6.2500000000000009 1.0000000180025095e-35 1.6500000000000006 6.5000000000000036 625.00000000000011 0.60000000000000064 5.1499999999999995 0.54219432480460406 16.519230769230774 495.00000000000006 21.350000000000005 35.000000000000007 20.950000000000003 0.10327955589892673
decision_type=2 2 2 2 2 2 2 2 2 2 2 2 2 2 2 2 2 2 2 2 2 2 2 2 2 2 2 2 2 2
left_child=1 3 9 14 7 20 19 12 10 17 -9 -10 23 -8 15 -1 25 -2 24 -7 26 -17 -16 -3 -19 28 -5 -4 -6 -20
right_child=2 4 27 5 16 6 13 8 11 -11 -12 -13 -14 -15 22 21 -18 18 29 -21 -22 -23 -24 -25 -26 -27 -28 -29 -30 -31
leaf_value=0.017516868786057578 -0.015068046643778279 0.017631213329242359 -0.012487387738877346 0.029852257292847371 0.049811111354202159 0.010738063967301408 0.0081932285583869967 0.032590234340034323 0.025164266212729713 -0.015127357188508373 0.017332178967233415 0.016505833741322307 0.0026046517165632054 -0.018192484139998782 -0.012924291790626022 -0.0041053803335921648 0.068504233947518076 -0.0034469943253217211 -0.0096987876874821931 0.017662441944293041 0.0071282730730306814 0.003954400706091132 0.0056214566477565016 0.048186728389255182 -0.0094912732202001408 0.02953138614521995 0.018780311780466599 -0.015968463096533356 0.031903065999389628 0.004141680531158016
leaf_weight=1024 8705 1193 8716 3230 2175 14026 8618 6740 4689 8959 757 2544 1312 1523 2868 5224 1139 8099 631 4049 1291 11723 1041 684 6248 1261 4488 109777 1689 2538
leaf_count=1024 8705 1193 8716 3230 2175 14026 8618 6740 4689 8959 757 2544 1312 1523 2868 5224 1139 8099 631 4049 1291 11723 1041 684 6248 1261 4488 109777 1689 2538
internal_value=-0.00241737 0.00497707 -0.00642504 0.00270057 0.0105403 0.00413148 0.00320327 0.00895974 0.0098449 -0.00357456 0.0118006 0.00781513 0.0048676 0.00108474 0.000265972 0.0009001 0.0150575 -0.00284435 -0.00198995 0.00439163 0.00703723 0.000529677 -0.0026483 0.00789915 -0.00267353 0.0138721 0.00778174 -0.00727126 0.0151397 0.00110454
internal_weight=236961 83288 153673 59105 24183 37225 28216 17919 14730 35180 7497 7233 3189 10141 21880 17971 6264 26221 17516 18075 9009 16947 3909 1877 14347 5125 7718 118493 3864 3169
internal_count=236961 83288 153673 59105 24183 37225 28216 17919 14730 35180 7497 7233 3189 10141 21880 17971 6264 26221 17516 18075 9009 16947 3909 1877 14347 5125 7718 118493 3864 3169
is_linear=0
shrinkage=0.03


Tree=41
num_leaves=31
num_cat=0
split_feature=35 24 35 24 24 9 31 37 35 2 24 3 23 21 23 25 7 25 31 31 24 31 9 29 31 24 0 2 24 0
split_gain=7539.2 1120.46 421.144 257.983 154.149 92.5481 71.446 62.2981 57.0619 50.6098 50.2016 45.9287 44.8529 44.3251 41.6593 41.0304 36.6554 32.6798 31.7464 31.6395 31.2305 30.8486 30.4542 26.3508 25.616 24.6338 22.2729 21.9234 20.1445 18.0928
threshold=735.00000000000011 3.8500000000000001 895.00000000000011 2.5500000000000003 5.0500000000000007 1.0000000180025095e-35 34.519230769230781 0.6830127018922193 615.00000000000011 1012.35 1.2000000000000013 20.450000000000003 5.5000000000000009 27.500000000000004 5.5000000000000009 1560.5000000000002 1.2 1299.5000000000002 17.919871794871799 21.292857142857148 0.60000000000000064 18.148351648351653 25.000000000000004 10.366666666666669 30.038461538461544 6.2500000000000009 28.450000000000003 1014.85 -1.0000000180025095e-35 18.450000000000003
decision_type=2 2 2 2 2 2 2 2 2 2 2 2 2 2 2 2 2 2 2 2 2 2 2 2 2 2 2 2 2 2
left_child=1 3 7 5 11 10 8 15 9 -5 -1 14 23 17 19 21 -10 -13 -12 -3 -7 28 -4 -6 -22 27 -15 -14 -2 -9
right_child=2 4 22 6 12 20 -8 29 16 -11 18 13 25 26 -16 -17 -18 -19 -20 -21 24 -23 -24 -25 -26 -27 -28 -29 -30 -31
leaf_value=0.0014162448185963594 -0.0066103280761278171 0.031236937520963605 -0.011769999030116463 0.015792162024667319 0.037729737804594279 -0.011801111527117901 -0.0062259504719216416 -0.0076951014047830259 -0.0075455909521194671 0.023887613371341532 0.01210407971875465 0.021266308339658275 0.033660292963356056 0.035381627457627324 0.036953184338287724 -0.0097590193770227644 0.010244418510578477 -0.00068204784369702226 0.0056533133205438103 0.019361790581754672 0.0018013268454430819 -0.0091284019610181344 -0.015489409203637358 0.017691016680753676 -0.01398564445142822 0.066854870583287221 0.023488554768579178 0.049506505260701328 0.0012367551995050219 -0.016247404535811565
leaf_weight=8509 2420 2782 7198 9168 1368 2766 1099 1848 1017 10315 8436 3621 1806 1095 2359 12798 3755 704 6138 1846 9856 5275 111135 515 1418 1022 2039 1587 5753 7079
leaf_count=8509 2420 2782 7198 9168 1368 2766 1099 1848 1017 10315 8436 3621 1806 1095 2359 12798 3755 704 6138 1846 9856 5275 111135 515 1418 1022 2039 1587 5753 7079
internal_value=-0.00245632 0.0048148 -0.00639827 0.00280882 0.0108556 0.00121556 0.00514139 -0.00351578 0.00548038 0.00620054 0.00238369 0.00914556 0.0147738 0.00750402 0.0108953 -0.00277907 0.00253875 0.00553097 0.00345259 0.00923326 -0.000705028 -0.00162156 -0.00725498 0.010874 -3.99078e-06 0.0164314 0.0102216 0.0151789 -0.000466972 -0.00568065
internal_weight=236727 83221 153506 62477 20744 37123 25354 35173 24255 19483 23083 14446 6298 7459 6987 26246 4772 4325 14574 4628 14040 13448 118333 1883 11274 4415 3134 3393 8173 8927
internal_count=236727 83221 153506 62477 20744 37123 25354 35173 24255 19483 23083 14446 6298 7459 6987 26246 4772 4325 14574 4628 14040 13448 118333 1883 11274 4415 3134 3393 8173 8927
is_linear=0
shrinkage=0.03


Tree=42
num_leaves=31
num_cat=0
split_feature=35 24 35 24 24 27 35 1 37 4 27 3 24 23 9 31 35 3 9 4 9 31 11 22 5 31 38 24 38 38
split_gain=7408.62 1094.14 447.924 212.823 180.05 93.8058 77.2907 67.4794 63.891 62.538 104.245 45.119 44.1402 38.6026 37.6925 37.4576 34.5084 33.8984 33.6561 31.3162 29.2571 28.5589 26.0633 25.0639 24.6959 24.0597 23.1737 22.3435 22.1151 21.2998
threshold=735.00000000000011 3.4500000000000006 895.00000000000011 5.0500000000000007 1.7000000000000013 7.366666666666668 595.00000000000011 82.500000000000014 0.6830127018922193 5.3000000000000034 6.366666666666668 9.2500000000000018 1.1500000000000006 5.5000000000000009 1.0000000180025095e-35 10.160256410256411 645.00000000000011 21.150000000000002 1.0000000180025095e-35 2.7500000000000004 65.000000000000014 16.038461538461544 0.25000000000000006 21.500000000000004 18.350000000000005 8.1742424242424256 -0.2102246306142678 6.5500000000000007 0.34235194516023087 -0.86976336936302323
decision_type=2 2 2 2 2 2 2 2 2 2 2 2 2 2 2 2 2 2 2 2 2 2 2 2 2 2 2 2 2 2
left_child=1 4 8 6 11 17 9 16 12 10 -3 -1 21 -5 -9 -13 -7 23 -4 -8 -17 29 -14 -6 -10 -19 -11 -15 -21 -2
right_child=2 3 18 13 5 7 19 14 24 26 -12 15 22 27 -16 20 -18 25 -20 28 -22 -23 -24 -25 -26 -27 -28 -29 -30 -31
leaf_value=0.015055556458038022 -0.012154526841370559 0.03192379621401522 -0.0087259620933832216 0.030027142338398736 0.013732741215843055 0.014236689472047318 -0.0053325114223356862 0.010940892003050028 -0.0057107828441618396 0.018400284639123288 0.021583381491100815 0.0067668807235440947 -0.0078516486148986209 0.042589337615428845 -0.0041979751557639916 -0.00051787821915942774 0.0052891862391645974 0.019015638483383342 -0.015024726927528235 0.0061649939872729575 -0.016258862265791423 -0.011435900323711523 0.0023266405706480653 0.031074201519302378 -0.015759982399737218 0.0071571026497295074 0.035987710070827364 0.073255954269689186 0.020583455004961809 -0.0035106737426712845
leaf_weight=1194 2180 5655 3840 1872 789 12178 784 5220 1558 1847 10099 3673 4250 3684 4436 14584 4868 2631 114613 889 2406 8714 3847 2042 7405 1682 1475 638 790 7244
leaf_count=1194 2180 5655 3840 1872 789 12178 784 5220 1558 1847 10099 3673 4250 3684 4436 14584 4868 2631 114613 889 2406 8714 3847 2042 7405 1682 1475 638 790 7244
internal_value=-0.00245803 0.00473849 -0.00636592 0.00960708 0.00231429 0.00368486 0.00819635 0.00286755 -0.00339418 0.00884212 0.00805122 0.000191797 -0.00264674 0.0145086 0.000863533 -0.0001361 0.00400252 0.00673804 -0.00724889 0.00319168 -0.000730049 -0.00346885 -0.000804729 0.00928962 -0.00558087 0.00505968 0.0125857 0.0160719 0.00550119 -0.00232336
internal_weight=237087 83436 153651 27733 55703 33846 21539 26702 35198 19076 15754 21857 26235 6194 9656 20663 17046 7144 118453 2463 16990 18138 8097 2831 8963 4313 3322 4322 1679 9424
internal_count=237087 83436 153651 27733 55703 33846 21539 26702 35198 19076 15754 21857 26235 6194 9656 20663 17046 7144 118453 2463 16990 18138 8097 2831 8963 4313 3322 4322 1679 9424
is_linear=0
shrinkage=0.03


Tree=43
num_leaves=31
num_cat=0
split_feature=35 24 35 24 23 3 8 8 28 35 37 7 24 31 31 8 24 35 39 28 38 38 2 6 5 39 15 29 3 29
split_gain=7138.98 1032.05 448.486 233.252 129.399 87.1673 86.7834 72.1047 71.4447 71.2572 58.2842 56.5763 53.0685 52.5105 46.93 42.7203 37.7762 37.4478 36.3218 33.9487 27.2223 27.1725 26.5795 46.4654 24.0804 19.4547 19.0872 18.5384 18.184 17.9917
threshold=735.00000000000011 3.8500000000000001 905.00000000000011 2.5500000000000003 5.5000000000000009 20.450000000000003 0.25000000000000006 0.40000000000000396 12.500000000000002 535.00000000000011 0.6830127018922193 1.0000000000000011 0.70000000000000118 31.839743589743595 14.759615384615387 0.20000000000000198 0.39999999999999952 585.00000000000011 -0.30982845708428081 11.500000000000002 -0.91597725483594616 0.43733377705052551 1011.7500000000001 26.750000000000004 18.350000000000005 0.74298546529340237 0.10488088481688652 12.708333333333334 13.950000000000001 5.6333333333333337
decision_type=2 2 2 2 2 2 2 2 2 2 2 2 2 2 2 2 2 2 2 2 2 2 2 2 2 2 2 2 2 2
left_child=1 3 7 6 9 17 12 10 22 19 16 -7 -1 18 -14 -4 27 25 -10 21 -21 -3 23 -5 -12 -6 -18 -2 -15 -24
right_child=2 4 15 8 5 11 -8 -9 13 -11 24 -13 14 28 -16 -17 26 -19 -20 20 -22 -23 29 -25 -26 -27 -28 -29 -30 -31
leaf_value=-0.0016535757683044049 -0.0036134968510853757 0.028684804584822483 -0.010978149334355465 0.0029363944359159055 0.05184775547436473 0.029082012073716912 -0.0065144929005714466 -0.01481578084209029 0.010152798595530685 0.010004771892184095 -0.0033919400806502274 0.0070692606174743589 0.010622914250360322 0.019030660453248922 0.0045007756608294704 -0.01457398511970239 -0.0084645879059702025 0.021293388802250186 0.016423417932539472 0.028302973268364628 0.023533288296483511 0.047225527974852931 0.038822215164191251 0.021206753339936067 -0.013008950708715638 0.03494587439341721 0.00060071989940848529 -0.0091613331156268994 -0.0094449262881482234 0.020504106940187537
leaf_weight=6533 4357 2123 7627 1123 3057 2328 6956 12155 6678 1920 1306 844 9732 544 14103 108341 1681 611 11215 836 6593 892 988 2009 5289 1483 7636 4809 1165 1603
leaf_count=6533 4357 2123 7627 1123 3057 2328 6956 12155 6678 1920 1306 844 9732 544 14103 108341 1681 611 11215 836 6593 892 988 2009 5289 1483 7636 4809 1165 1603
internal_value=-0.00248892 0.0045775 -0.00633282 0.0026589 0.010387 0.0132802 0.00115094 -0.00346791 0.00488106 0.00843765 -0.00254844 0.00935728 0.00184327 0.00401933 0.00249979 -0.00725257 -0.0016842 0.0156913 0.00449916 0.00941413 0.00831954 0.0121039 0.00783013 0.00596362 -0.0049693 0.0166314 -0.000338824 -0.00305137 -0.0010038 0.01008
internal_weight=236537 83336 153201 62649 20687 8323 37324 37233 25325 12364 25078 3172 30368 19602 23835 115968 18483 5151 17893 10444 7429 3015 5723 3132 6595 4540 9317 9166 1709 2591
internal_count=236537 83336 153201 62649 20687 8323 37324 37233 25325 12364 25078 3172 30368 19602 23835 115968 18483 5151 17893 10444 7429 3015 5723 3132 6595 4540 9317 9166 1709 2591
is_linear=0
shrinkage=0.03


Tree=44
num_leaves=31
num_cat=0
split_feature=35 24 35 24 24 27 35 11 35 11 3 36 24 10 24 28 27 3 31 3 9 6 25 37 28 4 31 6 3 38
split_gain=6922.77 1017.35 462.173 181.645 157.715 102.5 84.7933 70.4312 76.7535 62.263 60.8057 49.2178 48.2812 44.2517 43.912 40.1164 39.6912 38.7746 44.7594 38.2403 30.8307 29.8723 22.2803 22.1559 21.8756 19.858 19.1579 18.373 16.8016 14.659
threshold=735.00000000000011 3.6500000000000008 905.00000000000011 1.8999999999999997 5.4500000000000011 6.0833333333333348 535.00000000000011 0.5999999999999962 555.00000000000011 0.19999999999999976 20.850000000000005 0.68301270189221941 1.1500000000000006 0.19999999999999754 0.60000000000000064 16.500000000000004 6.0833333333333348 9.1500000000000004 10.160256410256411 20.450000000000003 1.0000000180025095e-35 22.550000000000004 1560.5000000000002 0.6830127018922193 26.500000000000004 4.2999999999999998 18.148351648351653 26.750000000000004 17.550000000000004 0.63920241694561786
decision_type=2 2 2 2 2 2 2 2 2 2 2 2 2 2 2 2 2 2 2 2 2 2 2 2 2 2 2 2 2 2
left_child=1 3 9 14 6 21 10 8 -7 22 16 -9 23 -8 25 -12 -3 -16 -19 -15 -4 -5 -2 26 28 -1 -11 -23 -6 -27
right_child=2 4 20 5 24 7 13 11 -10 12 15 -13 -14 19 17 -17 -18 18 -20 -21 -22 27 -24 -25 -26 29 -28 -29 -30 -31
leaf_value=-0.012180400566392429 -0.010357098182815978 0.046911104244414456 -0.0081348387505510624 0.033063544989550317 0.06070750057600352 0.013618856655180478 0.0010180318466300041 0.010145429172313753 -0.0010719427743031938 -0.0034415055482340494 0.025051313349540572 0.027148236241463439 0.00060888691774928444 0.022597411752508685 0.019954288271506568 0.017561578351561857 0.028637042394436794 0.011681388087420166 0.00023094677326740643 0.0085190477987534489 -0.014136765566111318 0.01208039615402315 -0.014371307416827581 -0.011705130090517149 0.03523509343746177 -0.0038947938923027132 -0.0087994439302734265 0.020570550739737986 0.039066581292358779 0.0073349780118414842
leaf_weight=2895 6262 1415 3435 1693 1278 12943 1292 6912 7486 7284 5524 2032 4970 2252 902 2481 6118 3196 14087 1516 112912 1244 11346 3790 581 2830 3712 1733 1775 1057
leaf_count=2895 6262 1415 3435 1693 1278 12943 1292 6912 7486 7284 5524 2032 4970 2252 902 2481 6118 3196 14087 1516 112912 1244 11346 3790 581 2830 3712 1733 1775 1057
internal_value=-0.00253937 0.00442861 -0.00631289 0.00230318 0.00960386 0.00372852 0.00858568 0.00307174 0.00209938 -0.00340978 0.00968436 0.00529175 -0.00225326 0.0052094 0.000359546 0.00785969 0.0116208 0.00112787 0.000810963 0.00685146 -0.00724512 0.00785638 -0.00470698 -0.003113 0.0153672 -0.00170032 -0.00243044 0.00603978 0.0163871 -0.00029892
internal_weight=236953 83242 153711 59010 24232 34043 20598 29373 20429 37364 15538 8944 19756 5060 24967 8005 7533 18185 17283 3768 116347 4670 17608 14786 3634 6782 10996 2977 3053 3887
internal_count=236953 83242 153711 59010 24232 34043 20598 29373 20429 37364 15538 8944 19756 5060 24967 8005 7533 18185 17283 3768 116347 4670 17608 14786 3634 6782 10996 2977 3053 3887
is_linear=0
shrinkage=0.03


Tree=45
num_leaves=31
num_cat=0
split_feature=40 24 8 24 31 8 11 3 24 24 20 39 27 1 27 36 3 8 23 7 3 32 24 24 24 20 22 27 3 31
split_gain=6713.07 885.05 527.717 142.706 127.279 94.3017 78.9003 70.1092 65.8599 64.832 56.67 53.8694 57.3002 48.8749 41.9632 38.0385 32.5926 27.4194 26.7365 23.9306 23.7229 22.9758 22.4796 19.1449 18.6851 19.2317 17.9737 17.4592 19.4245 16.0763
threshold=1.0000000180025095e-35 3.6500000000000008 0.49999999999999739 5.4500000000000011 9.3798076923076952 0.35000000000000148 0.2999999999999981 20.550000000000004 0.89999999999999958 1.6500000000000006 1.0000000180025095e-35 0.88917497572200743 7.366666666666668 65.500000000000014 13.708333333333334 -0.5 12.250000000000002 1.0999999999999963 3.5000000000000004 0.95000000000000029 10.550000000000002 12.500000000000002 6.3500000000000005 -0.29999999999999888 2.100000000000001 -1.0000000180025095e-35 20.500000000000004 12.183333333333335 17.550000000000004 16.839743589743595
decision_type=2 2 2 2 2 2 2 2 2 2 2 2 2 2 2 2 2 2 2 2 2 2 2 2 2 2 2 2 2 2
left_child=2 4 6 7 15 9 24 11 23 16 14 12 -3 -11 -9 19 -6 -4 -17 -2 -7 -20 27 -8 -1 -26 -13 28 -5 -25
right_child=1 3 17 22 5 20 8 10 -10 13 -12 26 -14 -15 -16 18 -18 -19 21 -21 -22 -23 -24 29 25 -27 -28 -29 -30 -31
leaf_value=-0.012033634412437128 0.022306055552240581 0.044974927420727326 -0.013712662599127979 0.055178185706096512 0.010435136468541646 0.015577363179035022 -0.009379508495023078 0.023718418905671817 0.00040261019008489717 0.017340149814427212 0.0061069858497796309 0.024378359788115159 0.026183232554317943 0.0087923088708976496 0.0066078051838939838 0.0073567519981296552 -0.00028861675002931573 -0.013712662599127979 0.023694259756205038 0.0040979292945695347 -0.010241434055201613 0.019020097525492129 0.059448370146942091 -0.0026386670870896202 -0.002205629659007897 -0.013404759736511751 0.016524822638325398 0.029561692094899419 0.031268528652648897 -0.0080516405007331898
leaf_weight=15589 1004 1615 25358 748 1534 590 7364 7608 7618 3696 1881 1215 5950 23803 824 739 10619 90236 2172 2464 5099 3024 986 5171 2037 1325 1499 665 1283 3491
leaf_count=15589 1004 1615 25358 748 1534 590 7364 7608 7618 3696 1881 1215 5950 23803 824 739 10619 90236 2172 2464 5099 3024 986 5171 2037 1325 1499 665 1283 3491
internal_value=-0.0025653 0.00457536 -0.00613219 0.00934318 0.002461 0.0018021 -0.00327752 0.00836894 -0.00212129 0.00232032 0.00661876 0.0101233 0.0114249 0.0031267 0.00766896 0.00563716 0.000495475 -0.00718403 0.00709576 0.00313833 -0.00180944 0.00785494 0.0147842 -0.00321282 -0.0047197 -0.00268876 0.00648932 0.0133432 0.0147307 -0.00225589
internal_weight=237207 79018 158189 24274 54744 45341 42595 20592 23644 39652 10313 10279 7565 27499 8432 9403 12153 115594 5935 3468 5689 5196 3682 16026 18951 3362 2714 2696 2031 8662
internal_count=237207 79018 158189 24274 54744 45341 42595 20592 23644 39652 10313 10279 7565 27499 8432 9403 12153 115594 5935 3468 5689 5196 3682 16026 18951 3362 2714 2696 2031 8662
is_linear=0
shrinkage=0.03


Tree=46
num_leaves=31
num_cat=0
split_feature=8 41 23 42 27 8 19 27 3 39 41 42 37 4 27 3 20 42 41 5 27 10 30 5 39 36 6 37 18 4
split_gain=5113.05 1333.18 455.523 316.758 237.499 180.076 94.5622 91.7382 89.5399 75.6173 61.0367 193.321 54.4764 45.4911 42.5014 42.4551 27.8618 25.0853 76.3598 22.7047 22.5961 22.2352 21.4447 17.794 21.8245 16.4736 15.8923 15.8469 13.3413 12.7899
threshold=0.30000000000000254 1.0000000180025095e-35 5.5000000000000009 1.0000000180025095e-35 5.916666666666667 0.79999999999999993 -1.0000000180025095e-35 17.733333333333338 20.450000000000003 0.68274389090025245 1.0000000180025095e-35 1.0000000180025095e-35 0.6830127018922193 6.5000000000000036 9.6333333333333346 20.950000000000003 -1.3000000000000111 1.0000000180025095e-35 1.0000000180025095e-35 18.550000000000004 15.083333333333334 0.14999999999999861 16.500000000000004 24.350000000000005 -0.33426211444629356 -0.5 25.050000000000004 0.25000000000000017 0.40000000000000085 2.8500000000000001
decision_type=2 2 2 2 2 2 2 2 2 2 2 2 2 2 2 2 2 2 2 2 2 2 2 2 2 2 2 2 2 2
left_child=1 2 3 4 15 10 25 -6 9 -8 11 13 16 22 -10 -1 23 18 26 -14 21 -18 -2 28 -25 -4 29 -12 -3 -7
right_child=5 12 6 -5 7 17 8 -9 14 -11 27 -13 19 -15 -16 -17 20 -19 -20 -21 -22 -23 -24 24 -26 -27 -28 -29 -30 -31
leaf_value=0.034355030380392754 0.0094504531413892156 -0.0065244331270721528 0.0030921812061920607 -0.011799876546991593 0.011263678996437 -0.027178348514850102 0.04548716383146862 -0.00054220142239618234 0.02241898299670712 0.027239256034022202 -0.013301282721154139 -0.013301282721154139 -0.0050271847073133031 0.026770567501969253 0.0047965824251333762 0.020441525882473562 -0.0054123143169504985 -0.013301282721154139 -0.013301282721154139 -0.011532902443835927 -0.0055744190213272409 0.0031616291242180026 -0.0079235587692710868 -0.0046035418060512796 -0.0098569724688062944 0.014233089917630389 -0.0006562879162735235 -0.013301282721154139 0.0018380667479528856 -0.0025166921461719826
leaf_weight=2879 2607 2418 1004 3242 42281 1123 3932 6827 3052 2563 9555 3934 2110 633 980 5878 2374 71826 29071 6841 4748 4323 1438 4733 4597 1676 1755 6566 1457 500
leaf_count=2879 2607 2418 1004 3242 42281 1123 3932 6827 3052 2563 9555 3934 2110 633 980 5878 2374 71826 29071 6841 4748 4323 1438 4733 4597 1676 1755 6566 1457 500
internal_value=-0.00260269 0.00221594 0.00445806 0.00336591 0.00387721 -0.00663344 0.00950999 0.00306536 0.0107909 0.0129718 -0.00433141 -0.00229162 -0.00274284 0.00183013 0.00727318 0.00842819 -0.00201464 -0.00717936 -0.00648539 -0.00474729 -0.00093103 0.000191446 0.000657895 -0.00295355 -0.0036632 0.00447427 -0.0022145 -0.00542067 -0.00124387 -0.00435231
internal_weight=236923 107915 74314 61107 57865 129008 13207 49108 10527 6495 24733 8612 33601 4678 4032 8757 24650 104275 32449 8951 11445 6697 4045 13205 9330 2680 3378 16121 3875 1623
internal_count=236923 107915 74314 61107 57865 129008 13207 49108 10527 6495 24733 8612 33601 4678 4032 8757 24650 104275 32449 8951 11445 6697 4045 13205 9330 2680 3378 16121 3875 1623
is_linear=0
shrinkage=0.03


Tree=47
num_leaves=31
num_cat=0
split_feature=25 24 25 24 24 8 31 25 3 8 23 25 1 8 24 25 7 31 4 3 24 4 28 24 31 7 21 3 8 0
split_gain=6311.53 911.924 430.088 196.439 119.095 73.4693 62.7703 62.6493 68.7111 61.9996 57.6678 55.015 56.7704 50.3527 44.3943 44.129 43.2845 36.4591 46.4183 29.4359 26.8592 22.7333 21.162 20.9789 27.1252 20.2662 16.3796 15.5167 18.8044 15.3697
threshold=1490.5000000000002 3.7500000000000004 1650.5000000000002 2.5500000000000003 5.4500000000000011 0.20000000000000198 34.519230769230781 1359.5000000000002 20.750000000000004 0.40000000000000396 5.5000000000000009 1380.5000000000002 71.500000000000014 0.25000000000000006 1.9500000000000004 1239.5000000000002 2.149999999999999 14.480769230769232 5.2500000000000009 21.450000000000003 6.5500000000000007 2.7999999999999985 25.500000000000004 -1.0000000180025095e-35 18.26136363636364 1.2500000000000002 17.500000000000004 21.650000000000002 1.1499999999999988 25.450000000000003
decision_type=2 2 2 2 2 2 2 2 2 2 2 2 2 2 2 2 2 2 2 2 2 2 2 2 2 2 2 2 2 2
left_child=1 3 9 5 7 11 17 8 10 14 -3 12 -1 -4 23 -10 -13 19 -19 -5 22 29 26 -2 -25 -16 -6 -11 -29 -7
right_child=2 4 13 6 20 21 -8 -9 15 27 -12 16 -14 -15 25 -17 -18 18 -20 -21 -22 -23 -24 24 -26 -27 -28 28 -30 -31
leaf_value=0.017318058712941172 -0.0092563385290628589 0.025285911239763838 -0.0097227712895810881 0.022337048725570484 0.05961666954450761 -0.021213093065486226 -0.0074697663707946017 0.0049996480676252333 0.023817380598043135 -0.013601151920369103 0.032008409890683133 -0.0076754473385537998 0.006138073911326875 -0.012902244239519516 -0.0083934674260751404 0.010443203282012781 0.0026244492496385339 0.0091001100130450475 0.017936991589396281 0.013121113581530348 0.062256942212969797 -0.0013297204540846375 0.030600790856631904 -0.0021917183540069887 -0.0081938716568432934 0.0053066208170892692 0.033714309978205598 -0.0079250466615479222 -0.013880961440162244 -0.0047883332785800736
leaf_weight=2671 8772 5682 8151 3639 525 2113 1032 1249 5930 5649 3004 4715 13267 107846 798 2746 10733 9818 2923 6536 706 4286 526 6988 4707 1955 1900 3807 2536 1820
leaf_count=2671 8772 5682 8151 3639 525 2113 1032 1249 5930 5649 3004 4715 13267 107846 798 2746 10733 9818 2923 6536 706 4286 526 6988 4707 1955 1900 3807 2536 1820
internal_value=-0.00265464 0.00384329 -0.00634264 0.00201263 0.00906736 0.000715593 0.00415741 0.00809313 0.00855995 -0.00343841 0.0104472 0.0013768 0.00261324 -0.00722418 -0.00253337 0.00666859 0.000100971 0.00448338 0.00341305 0.00582269 0.0140182 -0.00180909 0.0127421 -0.00301444 -0.00218197 0.00104265 0.0139277 -0.0051901 -0.00416903 -0.00345553
internal_weight=237030 85821 151209 63553 22268 39605 23948 18611 17362 35212 8686 31386 15938 115997 23220 8676 15448 22916 12741 10175 3657 8219 2951 20467 11695 2753 2425 11992 6343 3933
internal_count=237030 85821 151209 63553 22268 39605 23948 18611 17362 35212 8686 31386 15938 115997 23220 8676 15448 22916 12741 10175 3657 8219 2951 20467 11695 2753 2425 11992 6343 3933
is_linear=0
shrinkage=0.03


Tree=48
num_leaves=31
num_cat=0
split_feature=35 24 35 35 23 27 1 3 7 25 8 27 38 35 2 8 27 39 39 3 24 27 3 22 1 6 36 39 38 7
split_gain=6263.23 864.202 455.679 198.042 118.813 96.2588 120.168 94.0448 70.5838 59.0829 58.0818 57.3662 56.3795 50.2019 47.3774 44.1842 41.667 40.754 38.9828 37.4409 36.6023 33.4987 32.6676 43.5298 32.5712 28.6333 24.8204 21.7916 20.6499 19.6077
threshold=745.00000000000011 3.8500000000000001 905.00000000000011 635.00000000000011 5.5000000000000009 7.5500000000000007 72.500000000000014 20.550000000000004 2.149999999999999 1270.5000000000002 0.40000000000000396 17.916666666666668 0.35846314187849709 505.00000000000006 1013.6500000000002 0.25000000000000006 8.3666666666666689 0.79773375822167203 -0.42179730054635828 6.2500000000000009 1.6500000000000006 6.366666666666668 21.050000000000004 21.500000000000004 78.500000000000014 26.750000000000004 0.25000000000000011 0.69521084835931835 -0.52766804058324157 1.7000000000000004
decision_type=2 2 2 2 2 2 2 2 2 2 2 2 2 2 2 2 2 2 2 2 2 2 2 2 2 2 2 2 2 2
left_child=1 3 10 5 9 22 27 16 -5 21 17 -8 18 -9 -14 -4 -6 20 -10 -18 28 26 23 -1 -23 -24 -3 -7 -2 -22
right_child=2 4 15 8 7 6 11 13 12 -11 -12 -13 14 -15 -16 -17 19 -19 -20 -21 29 24 25 -25 -26 -27 -28 -29 -30 -31
leaf_value=0.0094884444805308586 -0.0080961113577423544 0.024183050107737501 -0.009739219176699036 -0.0072992213501717204 0.048907955447972461 0.021198416118122052 0.0076686647536207174 0.026244709803618187 0.0049446247531236562 0.0081380021013544926 -0.012891998434867854 -0.0062502896657708707 0.00020752628590864518 0.0084402904940130332 0.013671459533470268 -0.012515176912333928 0.037193773621871963 -0.010588782844055247 -0.0033305458213279482 0.029637446996619764 -0.0058531822831796917 0.024768046139477921 0.0081992357533280814 0.028527581320857472 0.019392261351344187 0.017377975697824191 0.038537002774561339 0.012955905437492327 -0.0032316704905104954 0.0062481262668239446
leaf_weight=1378 5659 2387 8135 8741 2035 3476 20558 1975 3651 2238 11720 3720 2146 1089 3266 108033 689 5374 5793 2619 1337 2236 2780 2742 4281 3379 1243 3146 9190 1875
leaf_count=1378 5659 2387 8135 8741 2035 3476 20558 1975 3651 2238 11720 3720 2146 1089 3266 108033 689 5374 5793 2619 1337 2236 2780 2742 4281 3379 1243 3146 9190 1875
internal_value=-0.00266269 0.00382424 -0.00633083 0.002116 0.00914543 0.00337164 0.00253479 0.0118989 -7.5321e-05 0.00727476 -0.00333796 0.00155745 0.0011832 0.00770059 0.00362394 -0.00723646 0.0143026 -0.00247525 -0.000215964 0.0122085 -0.00179248 0.00824786 0.00588634 0.00795488 0.00695697 0.00450049 0.0105603 0.00611639 -0.00242054 0.00111077
internal_weight=236891 85568 151323 64776 20792 41179 30900 8407 23597 12385 35155 24278 14856 3064 5412 116168 5343 23435 9444 3308 18061 10147 10279 4120 6517 6159 3630 6622 14849 3212
internal_count=236891 85568 151323 64776 20792 41179 30900 8407 23597 12385 35155 24278 14856 3064 5412 116168 5343 23435 9444 3308 18061 10147 10279 4120 6517 6159 3630 6622 14849 3212
is_linear=0
shrinkage=0.03


Tree=49
num_leaves=31
num_cat=0
split_feature=25 24 25 24 24 31 25 37 3 23 1 21 25 11 9 9 11 38 36 5 24 24 38 25 5 31 38 4 5 15
split_gain=6047.99 818.503 441.718 157.294 137.687 75.8955 75.5811 58.1796 58.1241 71.7079 56.9534 52.9407 49.9873 42.6002 40.1663 37.8261 33.7909 34.5494 30.2188 28.7249 28.6235 26.5622 23.5074 21.83 21.5776 20.9199 19.8613 18.6977 18.4958 17.5958
threshold=1490.5000000000002 3.4500000000000006 1650.5000000000002 5.4500000000000011 1.55 8.1742424242424256 1350.5000000000002 0.6830127018922193 20.850000000000005 5.5000000000000009 82.500000000000014 27.500000000000004 1390.5000000000002 1.0000000180025095e-35 35.000000000000007 75.000000000000014 0.60000000000000064 0.63920241694561786 -0.93301270189221908 22.850000000000005 0.84999999999999976 6.3500000000000005 -0.54220184589352438 1370.5000000000002 18.350000000000005 21.038461538461544 -0.85227431625818906 2.5000000000000013 29.350000000000005 0.13291601358239877
decision_type=2 2 2 2 2 2 2 2 2 2 2 2 2 2 2 2 2 2 2 2 2 2 2 2 2 2 2 2 2 2
left_child=1 4 7 6 16 22 8 13 9 -3 12 -10 -7 -2 -4 -12 18 23 -1 -19 26 25 28 -18 -9 -5 -15 -24 -6 -8
right_child=2 3 14 21 5 10 29 24 11 -11 15 -13 -14 20 -16 -17 17 19 -20 -21 -22 -23 27 -25 -26 -27 -28 -29 -30 -31
leaf_value=0.021158545226090269 -0.012326561038463387 0.02247490575880327 -0.0098512563732755659 0.036509892882824295 0.017395679262224781 0.011889400446216912 -0.0082337033807265859 -0.0055651016411201373 0.013880923159351006 0.029856514975238294 0.0057977775432915234 0.02244402675349769 0.0019486958239536094 -0.0094911116531708646 -0.012139721604963911 -0.014074800295647292 0.0091937288573386202 0.021286653243559394 -0.0059421508158335034 0.004303168452617287 -0.0002713470574823229 0.053379687343461268 0.015464745622607471 -0.0018050336585563914 -0.012806357409711994 0.028604437258975993 -0.0040050803019209911 0.025195720410741571 0.00087432092459850945 0.0090014894882248266
leaf_weight=532 9192 7624 7813 2113 1170 14234 563 1542 6181 3322 10588 4791 5658 2599 108204 2294 1196 867 10224 1674 6069 977 978 5914 7389 610 8330 2030 876 1537
leaf_count=532 9192 7624 7813 2113 1170 14234 563 1542 6181 3322 10588 4791 5658 2599 108204 2294 1196 867 10224 1674 6069 977 978 5914 7389 610 8330 2030 876 1537
internal_value=-0.00270017 0.00365345 -0.00631352 0.00789665 0.00163363 0.002705 0.00700853 -0.00336553 0.00752943 0.009077 0.00217705 0.00598414 0.00318337 -0.00265215 -0.00720587 0.000622866 -0.000352418 0.000936237 -0.00150864 0.00393728 -0.00176206 0.0136548 0.00612638 -0.000137092 -0.00545645 0.0121128 -0.00267931 0.00781395 0.00364014 0.00156993
internal_weight=237091 85953 151138 27718 58235 37828 24018 35121 21918 10946 32774 10972 19892 26190 116017 12882 20407 9651 10756 2541 16998 3700 5054 7110 8931 2723 10929 3008 2046 2100
internal_count=237091 85953 151138 27718 58235 37828 24018 35121 21918 10946 32774 10972 19892 26190 116017 12882 20407 9651 10756 2541 16998 3700 5054 7110 8931 2723 10929 3008 2046 2100
is_linear=0
shrinkage=0.03


Tree=50
num_leaves=31
num_cat=0
split_feature=35 24 35 24 24 31 35 11 37 8 4 3 38 8 8 27 35 24 3 37 24 27 31 1 35 2 5 3 38 2
split_gain=5905.54 827.889 425.667 181.032 115.815 84.555 65.6937 62.1544 59.3692 59.3852 55.8128 55.0242 65.1392 52.8102 46.3413 39.5514 39.3807 35.3863 34.2479 33.2322 27.5538 26.383 24.8699 23.3803 19.7809 19.4427 16.6017 15.7842 15.5838 13.9071
threshold=755.00000000000011 3.7500000000000004 905.00000000000011 1.8499999999999999 5.4500000000000011 31.839743589743595 585.00000000000011 0.4000000000000013 0.6830127018922193 0.79999999999999993 1.599999999999999 20.550000000000004 0.35846314187849709 0.25000000000000006 0.8000000000000026 5.1833333333333345 515.00000000000011 1.1500000000000006 9.2500000000000018 0.6830127018922193 6.5500000000000007 8.3666666666666689 14.759615384615387 77.500000000000014 485.00000000000006 1005.5500000000001 18.450000000000003 18.050000000000004 0.68432406471780916 1024.0500000000002
decision_type=2 2 2 2 2 2 2 2 2 2 2 2 2 2 2 2 2 2 2 2 2 2 2 2 2 2 2 2 2 2
left_child=1 3 8 14 10 6 15 -8 9 17 24 12 -12 -4 18 -5 -13 22 29 -20 21 27 -2 -7 28 -19 -10 -6 -3 -1
right_child=2 4 13 5 20 23 7 -9 26 -11 11 16 -14 -15 -16 -17 -18 25 19 -21 -22 -23 -24 -25 -26 -27 -28 -29 -30 -31
leaf_value=0.00514956684289632 -0.0025724399600657154 0.018100805395022505 -0.0090147922443608742 0.024068472706868793 0.05325268378071852 0.0090960653055301068 -0.0029601371973917777 0.0085681628051075612 -0.0061174948849769401 -0.012707975812757436 0.015840446638507286 0.020956239015346403 0.034038651514229634 -0.011775529956814993 -0.019718462010954892 0.013780302047801785 0.0077395827811545612 0.0085185930937858312 0.0019112191863997928 -0.0042622107180343011 0.057363975160526527 0.031122950274963406 -0.0080693652480558972 -0.011572138791352059 0.00044453293092046482 -0.0015533263207953057 -0.012422166687420634 0.027983060038934426 0.041576448712278988 0.015042456545683727
leaf_weight=815 6029 1195 8165 3037 595 864 5031 9044 1469 5248 4285 5654 3858 107830 1950 18581 2008 1106 17160 6491 710 1228 7753 1696 969 4343 6900 1147 707 620
leaf_count=815 6029 1195 8165 3037 595 864 5031 9044 1469 5248 4285 5654 3858 107830 1950 18581 2008 1106 17160 6491 710 1228 7753 1696 969 4343 6900 1147 707 620
internal_value=-0.00271242 0.00346552 -0.00635025 0.00175924 0.00844798 0.00308724 0.00346498 0.00186954 -0.00333516 -0.00258905 0.00748795 0.00818704 0.00990516 -0.007204 -0.000119831 0.00450347 0.00635895 -0.0018168 0.000226602 -4.66114e-05 0.0133134 0.0120273 -0.00262587 -0.00217799 0.00363644 0.000229774 -0.00551637 0.0144065 0.00541229 0.00472338
internal_weight=236488 87645 148843 65289 22356 38253 35693 14075 32848 24479 18676 15805 8143 115995 27036 21618 7662 19231 25086 23651 3680 2970 13782 2560 2871 5449 8369 1742 1902 1435
internal_count=236488 87645 148843 65289 22356 38253 35693 14075 32848 24479 18676 15805 8143 115995 27036 21618 7662 19231 25086 23651 3680 2970 13782 2560 2871 5449 8369 1742 1902 1435
is_linear=0
shrinkage=0.03


Tree=51
num_leaves=31
num_cat=0
split_feature=25 24 25 25 24 13 25 8 8 7 25 38 37 6 36 3 37 6 3 39 23 21 13 27 24 3 32 1 3 3
split_gain=5822.55 817.906 359.824 195.135 115.377 83.8752 96.7206 59.8649 59.446 59.4004 56.8463 55.754 51.5057 57.321 48.2124 44.6557 41.791 37.4136 34.8266 40.6851 33.3255 32.6894 31.9026 31.4692 23.7575 21.5218 20.279 19.2796 18.3487 16.4923
threshold=1510.5000000000002 3.7500000000000004 1660.5000000000002 1390.5000000000002 5.5500000000000007 0.0099999999999999794 1259.5000000000002 0.40000000000000396 0.25000000000000006 2.149999999999999 1260.5000000000002 -0.85227431625818906 0.6830127018922193 21.550000000000004 0.68301270189221941 19.950000000000003 0.6830127018922193 22.350000000000005 20.850000000000005 0.74298546529340237 5.5000000000000009 27.500000000000004 0.0050000000000000426 8.3666666666666689 1.6500000000000006 10.350000000000003 23.500000000000004 52.500000000000007 24.250000000000004 18.150000000000002
decision_type=2 2 2 2 2 2 2 2 2 2 2 2 2 2 2 2 2 2 2 2 2 2 2 2 2 2 2 2 2 2
left_child=1 3 7 5 10 6 11 16 -4 -5 18 -1 13 -11 27 20 24 -16 19 -3 -12 -20 -8 29 26 -14 -2 -7 -26 -6
right_child=2 4 8 9 23 14 22 -9 -10 12 15 -13 25 -15 17 -17 -18 -19 21 -21 -22 -23 -24 -25 28 -27 -28 -29 -30 -31
leaf_value=0.023455929020714895 -0.0017992750834952341 0.033692452681298744 -0.0087451917073508596 -0.0083562560966397737 0.055986356977355274 0.017301017651973949 -0.0033517646507892707 -0.011664059780498445 -0.011422264058110544 0.01214810020869425 0.011890323335430119 0.010883054700068192 0.0020161272439501578 0.0009594770968250376 0.031818912161255139 0.0054152314092952005 -0.010155548477810236 0.0072576357424313917 0.015881867965023728 0.01868336334969416 0.021677914090742729 0.024859594187831582 0.0065782398247699846 0.033032125179680218 -0.0022098763001335594 -0.0060613178756215771 -0.0068654048842399316 0.0098225019056011574 0.0095471407983101567 0.03517274197277561
leaf_weight=2516 5009 3980 7454 8359 760 519 8754 12236 106568 2857 1553 14512 1163 10158 1620 2546 5345 594 3956 2515 1628 3060 5756 1342 1809 3205 7656 7701 827 1170
leaf_count=2516 5009 3980 7454 8359 760 519 8754 12236 106568 2857 1553 14512 1163 10158 1620 2546 5345 594 3956 2515 1628 3060 5756 1342 1809 3205 7656 7701 827 1170
internal_value=-0.002728 0.00327045 -0.00641206 0.00162347 0.00822428 0.00288464 0.00211303 -0.00364691 -0.0072094 -0.000432916 0.00733706 0.00364651 0.000566437 0.00151245 0.00521608 0.00482938 -0.00266103 0.00914486 0.00839913 0.00998422 0.0071984 0.00692932 0.000313189 0.0134331 -0.00186287 -0.00225172 -0.00240211 0.00415592 0.000727824 0.0158929
internal_weight=237128 90224 146904 67714 22510 41972 31538 32882 114022 25742 19238 17028 17383 13015 10434 5727 20646 2214 13511 6495 3181 7016 14510 3272 15301 4368 12665 8220 2636 1930
internal_count=237128 90224 146904 67714 22510 41972 31538 32882 114022 25742 19238 17028 17383 13015 10434 5727 20646 2214 13511 6495 3181 7016 14510 3272 15301 4368 12665 8220 2636 1930
is_linear=0
shrinkage=0.03


Tree=52
num_leaves=31
num_cat=0
split_feature=35 24 35 35 24 1 31 35 4 27 8 24 8 7 37 38 5 24 37 15 27 31 24 38 37 5 21 38 3 32
split_gain=5680.74 781.877 386.715 143.49 140.09 80.4238 82.9861 71.7264 62.5061 61.5888 57.3908 56.0303 55.5267 55.1837 53.9459 49.6829 43.1657 31.4911 31.103 30.6324 28.5264 28.1274 29.0531 26.8801 23.2386 42.2641 18.5445 18.1581 18.0096 12.8229
threshold=765.00000000000011 3.4500000000000006 915.00000000000011 645.00000000000011 5.3500000000000005 72.500000000000014 31.296703296703299 585.00000000000011 7.4500000000000002 8.0833333333333339 0.59999999999999887 0.79999999999999905 0.20000000000000198 2.149999999999999 0.25000000000000017 0.35846314187849709 23.450000000000003 6.3500000000000005 -0.24999999999999994 0.11690451944507529 12.366666666666669 15.211111111111112 -0.65000000000000024 0.35846314187849709 0.6830127018922193 17.850000000000005 22.500000000000004 0.35846314187849709 16.850000000000005 47.500000000000007
decision_type=2 2 2 2 2 2 2 2 2 2 2 2 2 2 2 2 2 2 2 2 2 2 2 2 2 2 2 2 2 2
left_child=1 3 10 5 7 24 11 8 9 -3 14 -7 -4 29 21 18 -17 20 -15 -9 28 22 -2 -16 26 -26 -1 -21 -6 -5
right_child=2 4 12 13 17 6 -8 19 -10 -11 -12 -13 -14 15 23 16 -18 -19 -20 27 -22 -23 -24 -25 25 -27 -28 -29 -30 -31
leaf_value=0.028161278865418287 -0.0070884128033567809 0.022421207240098828 -0.0083105743658430636 -0.006035387399308847 0.043945865789851185 -0.0079562614513703223 -0.011505038206989896 -0.0093384918450980566 0.02479240070053294 0.015388138260800472 -0.011314137987083491 0.0088667119792438139 -0.011079596136367229 0.0034490423814783296 -0.010578300722073284 0.013908124791177577 0.0016264042918020438 0.049259535938104407 -0.0036104596044793567 0.0028600307453707941 0.021182435997472628 -0.0058352305905621784 0.0024471258127730208 -0.0044617197399157114 0.01712928941774822 0.0007574373430718239 0.011346831456466418 0.014489434795217665 0.025668178371564074 -0.018613270424459909
leaf_weight=1788 1335 9268 6916 7067 877 2107 2328 748 1567 9678 9554 25112 107347 3939 7380 2309 3905 964 6938 1272 785 7068 4606 2924 1732 1770 1887 1191 1617 1095
leaf_count=1788 1335 9268 6916 7067 877 2107 2328 748 1567 9678 9554 25112 107347 3939 7380 2309 3905 964 6938 1272 785 7068 4606 2924 1732 1770 1887 1191 1617 1095
internal_value=-0.00276184 0.00317757 -0.00639273 0.00129854 0.00734125 0.00249551 0.00180336 0.0064423 0.00709493 0.00661732 -0.00352467 0.00226838 -0.00721763 -0.00044219 -0.00272175 0.00052697 0.00266651 0.0123622 -0.000695606 0.00227124 0.0109471 -0.00143705 8.45533e-05 -0.0043431 0.00534371 0.00359161 0.00701047 0.0038854 0.012518 -0.00247122
internal_weight=237074 89944 147130 61977 27967 36724 29547 23724 20513 18946 32867 27219 114263 25253 23313 17091 6214 4243 10877 3211 3279 13009 5941 10304 7177 3502 3675 2463 2494 8162
internal_count=237074 89944 147130 61977 27967 36724 29547 23724 20513 18946 32867 27219 114263 25253 23313 17091 6214 4243 10877 3211 3279 13009 5941 10304 7177 3502 3675 2463 2494 8162
is_linear=0
shrinkage=0.03


Tree=53
num_leaves=31
num_cat=0
split_feature=35 24 35 35 24 24 23 3 39 3 11 35 8 21 8 37 3 39 21 1 6 25 5 24 7 2 32 37 8 24
split_gain=5575.69 771.062 339.192 222.083 91.1455 76.1579 63.1238 62.4998 70.7318 63.4633 57.9024 70.9437 56.3934 54.1135 51.2412 47.8101 55.4467 40.6718 35.9978 29.8674 26.972 26.8756 26.7472 21.1087 20.9119 20.8433 18.8798 16.2764 19.0808 12.3627
threshold=775.00000000000011 3.8999999999999999 915.00000000000011 635.00000000000011 6.1500000000000012 1.2500000000000002 3.5000000000000004 20.850000000000005 0.74298546529340237 13.450000000000001 0.64999999999999869 535.00000000000011 0.25000000000000006 27.500000000000004 0.49999999999999739 0.6830127018922193 19.050000000000004 -0.42179730054635828 23.500000000000004 75.500000000000014 17.650000000000002 1249.5000000000002 15.850000000000003 2.100000000000001 0.4000000000000013 1017.4500000000002 22.500000000000004 0.25000000000000017 1.3999999999999997 0.60000000000000064
decision_type=2 2 2 2 2 2 2 2 2 2 2 2 2 2 2 2 2 2 2 2 2 2 2 2 2 2 2 2 2 2
left_child=1 3 14 5 7 19 -5 8 9 -3 11 -7 -4 21 17 16 -8 26 -12 25 -17 -9 -10 -19 -15 -1 -2 28 -16 -21
right_child=2 4 12 6 -6 10 15 13 22 -11 18 -13 -14 24 27 20 -18 23 -20 29 -22 -23 -24 -25 -26 -27 -28 -29 -30 -31
leaf_value=0.019900951450823986 0.002625400155061327 0.040015414442173373 -0.008421101112596311 -0.0095524802530651334 0.046312188544422886 0.013664615564404042 0.0094767056663035941 0.016301932844453339 0.023158732010164391 0.025140796094177402 0.020173376286700274 0.0025394921019022076 -0.010747208252276211 0.023959227795089397 -0.0097474272330741758 0.00015022738678751256 0.00017147016563560295 -0.0081456709534127678 0.010571210986208519 -0.013813437374746346 -0.007979214273177139 0.00015245974843739352 0.010227061769865228 0.00041540555595396541 0.016086456295472926 0.001173939079021915 -0.0037430857944167448 -0.011180286394886021 -0.011637390605347256 -0.0015863263131394277
leaf_weight=517 2017 1494 7486 6113 1378 20370 4622 3358 1460 4504 3321 9953 106458 2122 5234 2687 13714 11645 3599 1532 2980 1302 2082 1184 1650 841 4223 4293 2128 2341
leaf_count=517 2017 1494 7486 6113 1378 20370 4622 3358 1460 4504 3321 9953 106458 2122 5234 2687 13714 11645 3599 1532 2980 1302 2082 1184 1650 841 4223 4293 2128 2341
internal_value=-0.00278306 0.00299374 -0.00645434 0.00157517 0.00831464 0.00297238 -0.000395445 0.00774285 0.00940683 0.0113925 0.00344845 0.00288302 -0.00720868 0.00585843 -0.00365651 0.00029775 0.0010421 -0.00269821 0.00592459 -0.000417065 -0.00211016 0.00369369 0.00603979 -0.00366437 0.00852941 0.00340809 -0.00071131 -0.00522369 -0.00436515 -0.00175935
internal_weight=236608 91940 144668 72590 19350 42474 30116 17972 9540 5998 37243 30323 113944 8432 30724 24003 18336 19069 6920 5231 5667 4660 3542 12829 3772 1358 6240 11655 7362 3873
internal_count=236608 91940 144668 72590 19350 42474 30116 17972 9540 5998 37243 30323 113944 8432 30724 24003 18336 19069 6920 5231 5667 4660 3542 12829 3772 1358 6240 11655 7362 3873
is_linear=0
shrinkage=0.03


Tree=54
num_leaves=31
num_cat=0
split_feature=35 24 35 24 24 27 8 8 24 3 38 27 35 24 6 39 3 32 3 37 7 13 38 27 1 38 1 8 31 3
split_gain=5404.18 741.526 355.818 148.581 122.721 56.6128 55.5281 49.3739 49.1758 46.1611 58.2486 58.2301 44.0917 42.4669 40.6028 38.5261 37.5496 41.7908 35.638 52.0611 35.3701 35.2539 31.2441 25.7187 24.0001 22.9436 22.6538 22.2193 20.5327 18.5683
threshold=775.00000000000011 3.4500000000000006 925.00000000000011 1.7000000000000013 4.7500000000000009 17.550000000000004 0.40000000000000396 0.25000000000000006 6.1500000000000012 13.050000000000002 0.65883702558178847 6.0833333333333348 605.00000000000011 0.60000000000000064 22.550000000000004 -0.42179730054635828 8.9500000000000011 28.500000000000004 20.950000000000003 0.93301270189221952 1.7000000000000004 0.011666666666666627 0.3261394409934788 10.083333333333334 72.500000000000014 -0.8781231054254196 52.500000000000007 0.99999999999999745 16.519230769230774 21.950000000000003
decision_type=2 2 2 2 2 2 2 2 2 2 2 2 2 2 2 2 2 2 2 2 2 2 2 2 2 2 2 2 2 2
left_child=1 3 6 13 9 12 15 -4 18 10 26 14 21 27 -11 28 -15 -18 19 -6 -14 -5 -17 -20 -7 -13 -3 -1 -2 -8
right_child=2 4 7 5 8 24 29 -9 -10 11 -12 25 20 16 -16 22 17 -19 23 -21 -22 -23 -24 -25 -26 -27 -28 -29 -30 -31
leaf_value=-0.0037831405054056864 0.0017490201974807895 0.022643850336135089 -0.0083490632109474994 0.011385999424742509 0.030803033782082417 0.0078291857701707091 -0.010639305255624409 -0.010424792004707925 0.044922822888090193 0.038874371385864762 0.046630158064831909 0.015261816331957376 -0.0038647320759006708 0.014511475428487106 0.015521649274741939 -0.0091889962474349055 0.0038560518420662948 -0.0038101653155815638 0.020923970845537022 0.012464760934608536 0.0064585204487744149 0.017668764807797641 -0.0043145098730957678 0.0013084969886262654 -0.0058288392019611203 0.010102402937606374 0.0091460516721666302 -0.028945966332487544 -0.0052421726488266337 -0.010508663286301177
leaf_weight=9841 3326 560 6821 16259 3746 1543 6516 105118 1356 1123 769 1956 3828 921 3368 7441 9006 8187 2787 647 7123 3022 6075 510 3649 9263 1781 865 3160 6339
leaf_count=9841 3326 560 6821 16259 3746 1543 6516 105118 1356 1123 769 1956 3828 921 3368 7441 9006 8187 2787 647 7123 3022 6075 510 3649 9263 1781 865 3160 6339
internal_value=-0.00282382 0.00285712 -0.00643766 0.00108427 0.00694399 0.00238554 -0.00369237 -0.00724339 0.00981598 0.00556264 0.00890263 0.00490039 0.00288252 -0.000515231 0.00778711 -0.00270321 0.000370115 5.36493e-05 0.00888261 0.0106536 0.00136196 0.00374592 -0.00361518 0.00651788 -0.000508279 0.00374365 0.00653969 -0.00201298 -0.00080225 -0.00523081
internal_weight=236906 92110 144796 64244 27866 35424 32857 111939 9046 18820 3110 15710 30232 28820 4491 20002 18114 17193 7690 4393 10951 19281 13516 3297 5192 11219 2341 10706 6486 12855
internal_count=236906 92110 144796 64244 27866 35424 32857 111939 9046 18820 3110 15710 30232 28820 4491 20002 18114 17193 7690 4393 10951 19281 13516 3297 5192 11219 2341 10706 6486 12855
is_linear=0
shrinkage=0.03


Tree=55
num_leaves=31
num_cat=0
split_feature=35 35 35 27 1 11 36 25 3 3 8 39 35 8 39 27 21 32 39 37 3 36 4 4 36 1 39 31 37 15
split_gain=5291.12 520.027 365.044 165.22 166.178 140.337 132.772 82.5986 77.0399 75.7579 60.1705 59.3959 56.2186 51.0946 46.4794 46.2674 44.6277 36.5136 35.3119 34.4268 61.144 33.5171 31.7441 29.2892 27.8879 26.6895 24.719 21.2949 18.2251 17.3879
threshold=775.00000000000011 545.00000000000011 915.00000000000011 7.366666666666668 72.500000000000014 0.40000000000000396 0.68301270189221941 1370.5000000000002 20.850000000000005 22.350000000000005 0.25000000000000006 0.70747208174348741 665.00000000000011 0.59999999999999887 -0.42179730054635828 16.366666666666671 27.500000000000004 48.500000000000007 -0.32613736746952143 0.93301270189221952 6.0500000000000007 -0.24999999999999994 7.4500000000000002 4.3000000000000034 0.68301270189221941 52.500000000000007 -0.77243990499604276 15.839743589743593 0.6830127018922193 0.0632455532029947
decision_type=2 2 2 2 2 2 2 2 2 2 2 2 2 2 2 2 2 2 2 2 2 2 2 2 2 2 2 2 2 2
left_child=1 3 13 8 19 17 7 25 11 12 -4 -1 -8 14 27 21 26 23 -9 22 -21 -6 -5 29 -16 -7 -10 -2 -25 -3
right_child=2 5 10 4 15 6 9 18 16 -11 -12 -13 -14 -15 24 -17 -18 -19 -20 20 -22 -23 -24 28 -26 -27 -28 -29 -30 -31
leaf_value=0.042945205836811585 0.0019672216166997346 -0.015636803319035046 -0.0079311438571766698 0.021238166637889119 0.015644659593002066 0.017370530915787837 0.024047090494695236 0.0027904299959683127 0.00245157654609345 -0.0082745351541500482 -0.010112048244566688 0.020553022572208656 0.0086793719047508506 -0.010367031131889727 -0.0090410245684646017 -0.0012353239448678543 0.020961357179511822 -0.01714140711873818 -0.0033727760925958837 0.022056437688695335 -0.0014338544843839251 0.0085816681000991744 0.030649684310568071 0.0054778132653836029 -0.0045223228051668087 0.0071798397045076887 0.015816516568469455 -0.0047252707823937298 -0.0043046435333321618 -0.0042889477020091092
leaf_weight=2516 3328 1480 7480 3052 6479 551 3470 6626 1383 753 106785 2838 3368 9160 8883 3721 3610 2244 8692 522 842 10816 1612 4222 5623 7302 4178 3631 1889 9868
leaf_count=2516 3328 1480 7480 3052 6479 551 3470 6626 1383 753 106785 2838 3368 9160 8883 3721 3610 2244 8692 522 842 10816 1612 4222 5623 7302 4178 3631 1889 9868
internal_value=-0.00284975 0.00277538 -0.00642282 0.00525998 0.0038734 0.000728644 0.0019947 0.000866418 0.00784074 0.00543757 -0.00720241 0.0107011 0.00643202 -0.00351381 -0.00271288 0.00261347 0.00616892 -0.00124803 -0.000416123 0.00826368 0.00406296 0.00326632 0.00948993 -0.000784749 -0.00367969 0.0033676 0.00448005 -0.000697098 0.000889498 -0.00168634
internal_weight=236924 92034 144890 41569 27044 50465 30762 23171 14525 7591 114265 5354 6838 30625 21465 21016 9171 19703 15318 6028 1364 17295 4664 17459 14506 7853 5561 6959 6111 11348
internal_count=236924 92034 144890 41569 27044 50465 30762 23171 14525 7591 114265 5354 6838 30625 21465 21016 9171 19703 15318 6028 1364 17295 4664 17459 14506 7853 5561 6959 6111 11348
is_linear=0
shrinkage=0.03


Tree=56
num_leaves=31
num_cat=0
split_feature=25 24 8 24 24 31 25 25 25 27 3 24 25 1 7 39 38 38 2 6 39 8 38 4 38 27 24 37 8 37
split_gain=5115.28 706.908 326.714 168.064 111.976 74.1159 59.1656 58.4896 56.3901 53.7202 71.1084 50.9953 48.1831 46.9475 46.9272 44.2048 36.7522 36.2485 32.7299 47.9138 31.2466 24.0283 22.2327 18.6142 21.5934 17.9625 17.4769 17.1221 19.1546 17.0365
threshold=1530.5000000000002 3.0500000000000003 0.40000000000000396 4.4500000000000011 0.70000000000000118 30.75961538461539 1380.5000000000002 1660.5000000000002 1270.5000000000002 8.0833333333333339 10.750000000000002 6.1500000000000012 1650.5000000000002 80.500000000000014 2.149999999999999 0.75438814418115718 -0.92274349529687905 0.34235194516023087 1014.85 27.050000000000004 -0.42179730054635828 0.89999999999999958 0.3261394409934788 2.8000000000000003 0.34235194516023087 5.366666666666668 2.100000000000001 0.25000000000000017 1.3999999999999997 0.25000000000000017
decision_type=2 2 2 2 2 2 2 2 2 2 2 2 2 2 2 2 2 2 2 2 2 2 2 2 2 2 2 2 2 2
left_child=1 4 12 9 21 6 13 27 11 18 15 17 20 -6 -8 -11 -12 -5 19 -3 -2 29 -22 -10 -25 -20 -14 28 -4 -1
right_child=2 3 7 8 5 -7 14 -9 23 10 16 -13 26 -15 -16 -17 -18 -19 25 -21 22 -23 -24 24 -26 -27 -28 -29 -30 -31
leaf_value=-0.0010907835183971558 -0.0012167320060430748 0.0088615450540098888 -0.0092969421676841087 0.018686252155152443 0.010543613369505281 -0.0098085375833999559 -0.0053756447457221869 -0.0098086867972296873 -0.0013424564151846585 0.042090672227672404 0.012705524180977729 0.043154654400795182 -0.0098590576428304114 0.0054076590049879332 0.0032314979183428005 0.018226967249416467 0.0064814705752956024 0.03277627042893913 0.030761151249752299 0.017154866595719839 -0.0085200137485439698 -0.026113792133720323 -0.0042927404946891149 0.0057832931286930277 0.0198386713288368 0.017348294087733408 -0.0060805555550133535 -0.010070970478852043 -0.010168488255365475 -0.0057398422437442897
leaf_weight=6935 5355 2896 5004 4901 10402 3698 6378 101296 569 648 1650 1260 11100 12536 11316 1484 11448 3790 1022 3241 5928 1123 4904 802 734 1659 2295 4288 2040 6275
leaf_count=6935 5355 2896 5004 4901 10402 3698 6378 101296 569 648 1650 1260 11100 12536 11316 1484 11448 3790 1022 3241 5928 1123 4904 802 734 1659 2295 4288 2040 6275
internal_value=-0.00287244 0.00252685 -0.00647045 0.0058295 0.000494119 0.0012394 0.00160949 -0.0072074 0.00872035 0.00437963 0.00329996 0.00966417 -0.00366431 0.00261486 0.000306001 0.00837863 0.00247214 0.00884246 0.0062432 0.00503217 -0.00256239 -0.00181078 -0.00348902 0.00425368 0.00596879 0.0090095 -0.00499533 -0.00516146 -0.00424922 -0.00145209
internal_weight=236977 94767 142210 36104 58663 44330 40632 112628 12056 24048 15230 9951 29582 22938 17694 2132 13098 8691 8818 6137 16187 14333 10832 2105 1536 2681 13395 11332 7044 13210
internal_count=236977 94767 142210 36104 58663 44330 40632 112628 12056 24048 15230 9951 29582 22938 17694 2132 13098 8691 8818 6137 16187 14333 10832 2105 1536 2681 13395 11332 7044 13210
is_linear=0
shrinkage=0.03


Tree=57
num_leaves=31
num_cat=0
split_feature=35 35 35 27 1 10 38 2 3 38 8 8 39 39 35 37 3 3 4 8 35 39 6 2 9 38 31 31 29 7
split_gain=5094.75 548.456 338.773 139.555 165.308 109.004 103.916 107.043 80.8356 62.3173 60.3328 57.9836 53.1956 49.8848 46.0495 39.7306 56.2645 40.7794 38.7285 38.3908 33.9884 33.2907 31.4501 32.801 26.5351 25.3798 23.4967 23.0206 21.4366 20.1415
threshold=785.00000000000011 565.00000000000011 925.00000000000011 7.1833333333333345 72.500000000000014 0.14999999999999861 0.63920241694561786 1013.6500000000002 20.850000000000005 -0.88622299073327826 0.25000000000000006 0.79999999999999993 0.74298546529340237 -0.42179730054635828 635.00000000000011 0.93301270189221952 5.7500000000000009 10.750000000000002 2.9500000000000006 0.35000000000000148 675.00000000000011 -0.074115882986646633 26.750000000000004 1007.5500000000001 85.000000000000014 0.3261394409934788 16.148351648351653 15.839743589743593 8.2250000000000014 0.15000000000000038
decision_type=2 2 2 2 2 2 2 2 2 2 2 2 2 2 2 2 2 2 2 2 2 2 2 2 2 2 2 2 2 2
left_child=1 3 11 8 15 24 14 -8 12 18 -4 13 28 27 -7 17 -17 -5 -6 -11 -9 -16 23 -10 26 -15 -3 -2 -1 -24
right_child=2 5 10 4 9 6 7 20 22 19 -12 -13 -14 25 21 16 -18 -19 -20 -21 -22 -23 29 -25 -26 -27 -28 -29 -30 -31
leaf_value=0.040992142394319309 0.0014757459753060075 0.00086651089302592244 -0.0075648852696188606 0.033003194734287401 0.0081862540223833161 0.0047991032547840939 -0.0025329504527818723 0.021910920049984118 -0.0019036399710405682 0.0085418215612029866 -0.0095144261933127975 -0.0096930521118449246 0.018511373726536176 -0.0093806953380264121 0.0019846695690238004 0.020756083021742599 -0.00070078022853504952 0.01687221912813662 0.022527717241203296 -0.0067814159237233884 0.0088482058356464388 -0.0039120502004744914 0.023729213689467458 0.016260226367185337 -0.019160082749069378 -0.0054917953139664985 -0.0065479315072974487 -0.0051285420757873701 0.029417973900509781 0.014797751769337956
leaf_weight=2023 3557 5549 6798 2220 1266 7824 2764 3379 1128 18403 104812 7320 2683 8675 6741 572 1025 3286 1912 2289 2952 8636 1669 2818 2842 6962 7549 4070 864 3979
leaf_count=2023 3557 5549 6798 2220 1266 7824 2764 3379 1128 18403 104812 7320 2683 8675 6741 572 1025 3286 1912 2289 2952 8636 1669 2818 2842 6962 7549 4070 864 3979
internal_value=-0.00287253 0.00253152 -0.00645915 0.0048699 0.00371501 0.000294788 0.00129667 0.00401424 0.00722801 0.00251906 -0.0072257 -0.00366148 0.0101032 -0.00292831 0.000231112 0.00773223 0.00356004 0.00894063 0.00642925 0.00191795 0.00616414 -0.000722251 0.005557 0.00349924 -0.00173504 -0.00389843 -0.0011645 -0.000938852 0.0129309 0.00699292
internal_weight=236567 94373 142194 46137 30973 48236 32296 9095 15164 23870 111610 30584 5570 23264 23201 7103 1597 5506 3178 20692 6331 15377 9594 3946 15940 15637 13098 7627 2887 5648
internal_count=236567 94373 142194 46137 30973 48236 32296 9095 15164 23870 111610 30584 5570 23264 23201 7103 1597 5506 3178 20692 6331 15377 9594 3946 15940 15637 13098 7627 2887 5648
is_linear=0
shrinkage=0.03


Tree=58
num_leaves=31
num_cat=0
split_feature=35 24 8 35 24 23 35 35 11 11 6 7 35 27 31 38 38 38 6 24 37 39 2 39 8 37 38 1 21 37
split_gain=4954.09 665.235 324.967 132.082 127.814 100.421 64.4663 60.4992 58.6177 57.8376 52.6925 52.6 50.6605 44.3823 44.2232 42.3105 38.1289 31.9014 29.8722 29.8616 27.4091 24.2181 23.7336 21.9449 20.3354 20.247 18.8146 18.7684 17.6115 16.7037
threshold=795.00000000000011 3.2500000000000004 0.39999999999999908 515.00000000000011 0.70000000000000118 5.5000000000000009 645.00000000000011 915.00000000000011 0.35000000000000148 0.64999999999999869 25.350000000000005 2.149999999999999 925.00000000000011 3.9166666666666674 32.720779220779228 0.34235194516023087 0.63920241694561786 0.63920241694561786 22.550000000000004 1.9500000000000004 0.6830127018922193 -0.42179730054635828 1010.0500000000001 -0.83375966452616657 0.8000000000000026 0.6830127018922193 0.3261394409934788 76.500000000000014 24.500000000000004 0.25000000000000017
decision_type=2 2 2 2 2 2 2 2 2 2 2 2 2 2 2 2 2 2 2 2 2 2 2 2 2 2 2 2 2 2
left_child=1 4 12 5 24 13 9 29 -5 14 17 -8 19 -3 -6 -10 -11 -7 -17 21 -13 -2 -15 -12 25 27 -23 -1 -21 -4
right_child=2 3 7 8 6 10 11 -9 15 16 23 20 -14 22 -16 18 -18 -19 -20 28 -22 26 -24 -25 -26 -27 -28 -29 -30 -31
leaf_value=0.00055545643215507037 -0.0019398359764221612 0.028053616905013054 -0.0094034750857485312 -0.00032208578614850269 0.0062968609084074218 0.022807239716037965 -0.0066886883486337216 -0.0092289934075134149 0.0065134770512318592 0.0078504377174630439 0.025345634141117894 0.0043742018302622924 -0.0092778531277461166 0.011621936714640206 -0.010819608583446744 0.020839035126538494 0.025361602698025416 0.044273698671267563 0.0096316790254538931 -0.0014158678071360311 -0.0031186988893988498 -0.0080721224969411646 0.017402413453936783 0.0067360397384260201 -0.022967573884380168 -0.0067030255560244657 -0.0044033485401593847 -0.0070365759875519315 0.0095217870235659967 -0.0097366121340539003
leaf_weight=6153 4748 2229 6821 3348 22068 1977 7224 102881 4173 4756 604 9200 10492 4691 1833 2122 1684 2088 1175 1098 2577 5367 8221 1242 1340 4438 4164 3450 527 4415
leaf_count=6153 4748 2229 6821 3348 22068 1977 7224 102881 4173 4756 604 9200 10492 4691 1833 2122 1684 2088 1175 1098 2577 5367 8221 1242 1340 4438 4164 3450 527 4415
internal_value=-0.00290962 0.00232054 -0.00650498 0.00586832 0.000573465 0.00725278 0.00131779 -0.00719887 0.00317329 0.00217587 0.0105695 -5.24917e-05 -0.00350481 0.00595671 0.00149573 0.00465137 0.00469885 0.0124791 0.00719082 -0.00243682 0.00118367 -0.00287532 0.00528032 0.00635552 -0.00181418 -0.00147671 -0.00374725 -0.000701978 0.00141518 -0.00510678
internal_weight=237106 96593 140513 31870 64723 21052 49342 114117 10818 30341 5911 19001 26396 15141 23901 7470 6440 4065 3297 15904 11777 14279 12912 1846 15381 14041 9531 9603 1625 11236
internal_count=237106 96593 140513 31870 64723 21052 49342 114117 10818 30341 5911 19001 26396 15141 23901 7470 6440 4065 3297 15904 11777 14279 12912 1846 15381 14041 9531 9603 1625 11236
is_linear=0
shrinkage=0.03


Tree=59
num_leaves=31
num_cat=0
split_feature=35 24 8 24 24 32 35 24 35 3 39 35 1 31 35 35 13 39 1 35 38 38 8 7 31 39 6 8 3 8
split_gain=4839.42 606.396 317.712 129.436 115.229 63.5124 55.5104 50.2447 46.8024 40.2514 65.3161 38.2407 36.5634 35.0079 34.2207 33.6281 31.6602 30.9088 29.2724 31.0749 25.8343 22.896 19.8258 17.8366 16.8904 16.8318 23.9139 15.1008 14.8149 16.0733
threshold=795.00000000000011 3.0500000000000003 0.40000000000000396 4.3500000000000005 0.70000000000000118 37.500000000000007 905.00000000000011 6.1500000000000012 925.00000000000011 20.450000000000003 0.74298546529340237 605.00000000000011 52.500000000000007 11.14835164835165 655.00000000000011 485.00000000000006 0.013333333333333324 -0.42179730054635828 81.500000000000014 605.00000000000011 0.81428061195174062 0.3261394409934788 0.90000000000000402 1.2 10.961538461538463 0.77652048701313048 18.850000000000005 0.14999999999999861 21.950000000000003 1.4000000000000015
decision_type=2 2 2 2 2 2 2 2 2 2 2 2 2 2 2 2 2 2 2 2 2 2 2 2 2 2 2 2 2 2
left_child=1 4 8 11 22 14 28 9 17 10 -5 12 -3 -14 16 -11 -6 24 19 -7 -16 -19 25 -13 -2 26 -1 -10 -4 -30
right_child=2 3 6 7 5 18 -8 -9 27 15 -12 23 13 -15 20 -17 -18 21 -20 -21 -22 -23 -24 -25 -26 -27 -28 -29 29 -31
leaf_value=0.0067983089621052933 0.0059250118079929998 0.02234634323919776 -0.0097885226175664416 0.026993790691115665 0.0064495212970322232 0.008106737358671897 -0.0089521236052880118 0.038434167162351686 -0.0064861470816846168 0.018183622092717115 0.014544247330357763 -0.0074968158811496077 0.017935504301113018 0.011259868731442895 1.6157183393169514e-05 0.0048383728201830721 0.012045028220583618 -0.007727339788815079 -0.0099852918744011542 -0.0038345533803772524 0.0085652881353138911 -0.0041962337028795225 -0.023350364794846243 0.0052495547325626833 -0.0027038374252269497 -0.0064749265207000627 -0.0035444164016678326 -0.008999517533913733 -0.006865246059047903 -0.01002180438848355
leaf_weight=1255 864 565 4904 4001 16319 2908 102597 1320 4692 3942 2437 1022 5931 12616 10898 1583 4148 6096 5233 3032 2530 5035 1160 2682 4603 3938 9050 6656 3208 1387
leaf_count=1255 864 565 4904 4001 16319 2908 102597 1320 4692 3942 2437 1022 5931 12616 10898 1583 4148 6096 5233 3032 2530 5035 1160 2682 4603 3938 9050 6656 3208 1387
internal_value=-0.00292388 0.00224273 -0.00648664 0.00531945 0.000405925 0.00117151 -0.00720013 0.00767388 -0.00362441 0.00705871 0.00867158 0.0039482 0.00448886 0.00425885 0.00181808 0.00517686 0.00259014 -0.00260873 -0.000789933 0.000651296 0.000641102 -0.0035159 -0.00183398 0.00115758 -0.000761108 -0.00152633 -0.000888474 -0.00510925 -0.00500395 -0.00377692
internal_weight=236612 96570 140042 36099 60471 45068 112096 13283 27946 11963 6438 22816 19112 18547 33895 5525 20467 16598 11173 5940 13428 11131 15403 3704 5467 14243 10305 11348 9499 4595
internal_count=236612 96570 140042 36099 60471 45068 112096 13283 27946 11963 6438 22816 19112 18547 33895 5525 20467 16598 11173 5940 13428 11131 15403 3704 5467 14243 10305 11348 9499 4595
is_linear=0
shrinkage=0.03


Tree=60
num_leaves=31
num_cat=0
split_feature=25 24 8 24 24 25 31 25 25 23 3 25 11 31 1 27 37 38 23 24 23 1 24 36 4 28 38 39 37 8
split_gain=4720.66 559.982 326.419 122.338 113.481 60.3538 58.0706 52.7743 51.5408 46.7599 57.83 35.3781 32.2979 31.6652 27.7378 33.7474 26.4719 33.0864 26.3148 25.069 23.579 21.4227 19.6647 22.486 19.5635 18.8627 18.2735 17.9506 17.4154 20.6502
threshold=1549.5000000000002 3.2500000000000004 0.4000000000000013 1.1500000000000006 4.3500000000000005 1660.5000000000002 31.839743589743595 1289.5000000000002 1390.5000000000002 5.5000000000000009 20.450000000000003 1660.5000000000002 0.64999999999999869 32.148351648351657 60.500000000000007 8.0833333333333339 0.25000000000000017 0.26037272046371446 4.5000000000000009 -1.0000000180025095e-35 3.5000000000000004 77.500000000000014 1.8499999999999999 0.25000000000000011 3.5 19.500000000000004 0.30983042691905771 0.81304046271159414 0.25000000000000017 1.1499999999999988
decision_type=2 2 2 2 2 2 2 2 2 2 2 2 2 2 2 2 2 2 2 2 2 2 2 2 2 2 2 2 2 2
left_child=1 3 11 16 13 28 8 9 12 27 -11 19 -5 14 -3 -16 21 -18 -10 -2 -19 25 -13 -24 -9 -1 -26 -6 29 -4
right_child=2 4 5 6 7 -7 -8 24 18 10 -12 22 -14 -15 15 -17 17 20 -20 -21 -22 -23 23 -25 26 -27 -28 -29 -30 -31
leaf_value=0.0055518328237819554 -0.0070656863862675647 0.018891107598313348 -0.0077044423400654833 0.0064581052590702778 0.019682281045151687 -0.0086835598971293712 -0.0091671326457236253 -0.0020840379342082914 -0.0035972262283086431 0.033300436905956167 0.016310141995810757 -0.0087295320078963207 0.011680696393840347 -0.0048189239022166869 0.015502740313666807 0.0079087342311802665 -0.0073005235149521917 -0.0082227199253065691 0.0032092651619356084 -0.0027701145635482495 0.005993121371948771 -0.0064605846852410958 0.0012050766861399786 -0.0073286489868606801 0.0050487287626535806 -0.0016011191981931345 0.019592709766351891 0.0071397498183257821 -0.0090157516811886634 -0.0089317331497363716
leaf_weight=3010 6206 1234 4274 20388 4769 102418 2990 793 6241 3474 2098 8810 5899 871 6916 9460 7391 995 7591 8605 1747 5083 1011 1628 698 3812 572 965 4410 2629
leaf_count=3010 6206 1234 4274 20388 4769 102418 2990 793 6241 3474 2098 8810 5899 871 6916 9460 7391 995 7591 8605 1747 5083 1011 1628 698 3812 572 965 4410 2629
internal_value=-0.00295202 0.00213458 -0.00647641 0.000540722 0.00539448 -0.00717252 0.00147022 0.0075 0.00177083 0.00830518 0.0102637 -0.00346127 0.00255078 0.00387072 0.00414689 0.00381915 -0.00127745 -0.00240429 0.00028842 -0.00249257 0.000409985 -0.00031809 -0.00471378 -0.00243942 0.00308354 0.000780334 0.00538915 0.00639906 -0.00509125 -0.00414808
internal_weight=236988 96997 139991 65147 31850 113731 43109 13369 40119 11306 5572 26260 26287 18481 17610 16376 22038 10133 13832 14811 2742 11905 11449 2639 2063 6822 1270 5734 11313 6903
internal_count=236988 96997 139991 65147 31850 113731 43109 13369 40119 11306 5572 26260 26287 18481 17610 16376 22038 10133 13832 14811 2742 11905 11449 2639 2063 6822 1270 5734 11313 6903
is_linear=0
shrinkage=0.03


Tree=61
num_leaves=31
num_cat=0
split_feature=35 24 35 35 35 23 23 6 11 37 6 7 9 1 0 6 3 37 35 24 39 39 4 37 28 37 4 29 22 3
split_gain=4656.39 556.802 322.884 174.739 68.8618 65.2755 58.6497 55.4275 53.4189 47.8827 47.0083 43.0473 41.3542 39.6325 39.6272 31.7065 30.1582 38.7222 28.5188 28.167 27.3741 27.0238 24.9583 19.9014 17.4968 16.7637 16.5482 16.4017 15.3711 14.9251
threshold=795.00000000000011 3.8999999999999999 925.00000000000011 655.00000000000011 495.00000000000006 3.5000000000000004 5.5000000000000009 28.950000000000003 0.09999999999999877 0.6830127018922193 25.350000000000005 2.149999999999999 25.000000000000004 49.500000000000007 24.150000000000002 17.650000000000002 12.550000000000002 0.6830127018922193 525.00000000000011 1.6500000000000006 -0.96687281075841669 -0.78324956448884031 3.3999999999999999 0.6830127018922193 8.5000000000000018 0.6830127018922193 1.7500000000000002 9.6333333333333346 21.500000000000004 20.650000000000002
decision_type=2 2 2 2 2 2 2 2 2 2 2 2 2 2 2 2 2 2 2 2 2 2 2 2 2 2 2 2 2 2
left_child=1 3 8 5 6 18 24 13 25 11 23 -5 -4 -7 -13 -11 17 -6 22 27 -9 -12 -1 -8 -3 -2 -18 -10 -26 -28
right_child=2 4 12 9 16 7 10 20 19 15 21 14 -14 -15 -16 -17 26 -19 -20 -21 -22 -23 -24 -25 28 -27 29 -29 -30 -31
leaf_value=0.0018654183299846405 -0.0084990494658049778 0.026727197974228518 -0.0067717450762739334 -0.0071575090300317846 0.034092247954555475 0.019309088365472973 0.039455622475149443 -0.011870177233513477 -0.0021494909944257535 -0.0017108295685841644 0.025354040809678187 0.0096032158427563352 -0.0084230531002154885 0.0095416086558486705 5.4610558949654276e-05 -0.0096702676598891518 -0.0038416154908467591 0.0084705649342038097 -0.0039406860180139927 0.0018966666537195837 0.0024792585682815861 0.0042185097636967027 0.0065492583505022623 0.017980732315585203 0.023692985132221213 -0.0085870194932020066 0.011137531535059076 -0.0063469319025295711 0.014486804271323542 0.0056468372033485845
leaf_weight=5209 9320 1356 5071 6456 618 932 2298 907 3565 3623 505 2909 106713 30747 13244 4208 794 878 5670 2040 1333 974 2029 1022 954 4023 2046 9713 5866 2062
leaf_count=5209 9320 1356 5071 6456 618 932 2298 907 3565 3623 505 2909 106713 30747 13244 4208 794 878 5670 2040 1333 974 2029 1022 954 4023 2046 9713 5866 2062
internal_value=-0.00296274 0.00210561 -0.00645024 0.000965297 0.00665303 0.00211552 0.00790919 0.00280645 -0.0036091 -0.000804152 0.0105431 -0.000103821 -0.00717863 0.00312893 0.00072377 -0.00282555 0.00410391 0.00783044 0.000299768 -0.0023998 -0.0017529 0.00608204 0.00154765 0.0125256 0.00636097 -0.00499682 0.00296391 -0.00290399 0.00573879 0.00372993
internal_weight=237085 96640 140445 77267 19373 46827 12975 33919 28661 30440 4799 22609 111784 31679 16153 7831 6398 1496 12908 15318 2240 1479 7238 3320 8176 13343 4902 13278 6820 4108
internal_count=237085 96640 140445 77267 19373 46827 12975 33919 28661 30440 4799 22609 111784 31679 16153 7831 6398 1496 12908 15318 2240 1479 7238 3320 8176 13343 4902 13278 6820 4108
is_linear=0
shrinkage=0.03


Tree=62
num_leaves=31
num_cat=0
split_feature=35 24 8 24 24 35 31 35 35 35 38 21 1 27 3 2 39 6 38 37 38 39 9 1 38 3 8 2 37 8
split_gain=4546.44 505.718 343.979 126.412 95.5515 62.808 62.3084 53.2211 49.1955 42.3694 42.2616 48.5123 38.0452 35.2211 49.0433 34.9384 33.3256 32.7583 31.0237 27.6756 22.7694 22.2945 21.31 21.2393 22.3361 17.5626 20.1092 16.1816 16.0043 15.4973
threshold=795.00000000000011 3.0500000000000003 0.40000000000000396 4.3500000000000005 0.60000000000000064 915.00000000000011 29.038461538461544 505.00000000000006 925.00000000000011 645.00000000000011 0.46800856592688472 18.500000000000004 80.500000000000014 8.0833333333333339 10.550000000000002 1014.85 -0.42179730054635828 26.750000000000004 -0.92274349529687905 0.6830127018922193 0.3261394409934788 0.75438814418115718 115.00000000000001 79.500000000000014 0.62587949062545845 22.050000000000004 1.4000000000000015 1019.1500000000002 0.93301270189221952 0.14999999999999861
decision_type=2 2 2 2 2 2 2 2 2 2 2 2 2 2 2 2 2 2 2 2 2 2 2 2 2 2 2 2 2 2
left_child=1 4 8 13 22 25 9 10 16 12 28 -12 -6 15 21 17 -2 -3 -16 -11 -18 -15 -1 24 -9 -4 -27 -17 -5 -10
right_child=2 3 5 7 6 -7 -8 23 29 19 11 -13 -14 14 18 27 20 -19 -20 -21 -22 -23 -24 -25 -26 26 -28 -29 -30 -31
leaf_value=-0.0038632353447441135 -0.0008671171162656432 0.0048055037592707852 -0.0085877875773966404 0.017368611957639769 0.008881490084189975 -0.008170361507209024 -0.0074260084399304458 0.0079734899621341782 -0.005826524356708971 0.0023575551380642296 0.043439575176029449 0.025622220279443702 0.004030289623010796 0.035560067936669076 0.010771942893599821 0.027199024763323525 -0.0071132892031729282 0.014169732702015372 0.0048377190583714386 -0.0038753300307866256 -0.0037177287367277656 0.015287927696170021 -0.024349669177223175 0.00366823291621966 0.02329339572293428 -0.0063685613060593966 -0.008653977062778314 0.012347988258039908 0.01161282029399934 -0.0082149544546529663
leaf_weight=12191 5426 2508 5602 4989 11250 101485 5151 1421 4691 13920 1338 2867 12823 540 1552 1507 6113 3233 11081 4249 5115 1338 786 1420 676 3523 1542 1006 763 6627
leaf_count=12191 5426 2508 5602 4989 11250 101485 5151 1421 4691 13920 1338 2867 12823 540 1552 1507 6113 3233 11081 4249 5115 1338 786 1420 676 3523 1542 1006 763 6627
internal_value=-0.0029821 0.00202485 -0.00643414 0.00482623 0.000343123 -0.00717647 0.000967665 0.00712934 -0.0034575 0.00134753 0.00825008 0.0105378 0.0021729 0.00346258 0.002572 0.00502725 -0.00241985 0.00373368 0.00189889 0.000253839 -0.00335263 0.00709309 -0.00193755 0.00395354 0.00587065 -0.00498477 -0.00370189 0.00797714 0.00657456 -0.00498366
internal_weight=236733 96609 140124 36239 60370 112152 47393 13474 27972 42242 9957 4205 24073 22765 14511 8254 16654 5741 12633 18169 11228 1878 12977 3517 2097 10667 5065 2513 5752 11318
internal_count=236733 96609 140124 36239 60370 112152 47393 13474 27972 42242 9957 4205 24073 22765 14511 8254 16654 5741 12633 18169 11228 1878 12977 3517 2097 10667 5065 2513 5752 11318
is_linear=0
shrinkage=0.03


Tree=63
num_leaves=31
num_cat=0
split_feature=35 24 8 35 24 23 35 8 11 3 38 35 36 6 25 38 3 1 39 35 27 0 8 38 9 38 38 24 31 3
split_gain=4441.03 475.407 360.079 110.24 99.6922 75.4133 64.9981 59.0988 49.4324 48.7448 49.4912 47.1994 38.6638 60.7939 40.1399 36.3269 35.7792 33.6733 30.8425 30.1244 29.4728 25.1069 24.3355 23.9136 21.0279 20.2231 19.5638 16.0363 16.6232 14.9015
threshold=795.00000000000011 3.2500000000000004 0.5999999999999962 515.00000000000011 0.54999999999999993 5.5000000000000009 915.00000000000011 1.0000000180025095e-35 0.2999999999999981 20.450000000000003 0.63920241694561786 915.00000000000011 0.68301270189221941 22.350000000000005 1360.5000000000002 0.35846314187849709 13.15 81.500000000000014 -0.42179730054635828 505.00000000000006 4.0833333333333348 29.050000000000004 0.14999999999999861 -0.48314718476766422 95.000000000000014 0.48314048284850658 0.3261394409934788 -0.84999999999999953 16.519230769230774 21.950000000000003
decision_type=2 2 2 2 2 2 2 2 2 2 2 2 2 2 2 2 2 2 2 2 2 2 2 2 2 2 2 2 2 2
left_child=1 4 6 5 24 20 18 12 -5 10 -7 29 14 -14 -6 -10 -17 19 27 -9 -3 -22 -8 -11 -1 -19 -20 -2 -29 -4
right_child=2 3 11 8 7 9 22 17 15 23 -12 -13 13 -15 -16 16 -18 25 26 -21 21 -23 -24 -25 -26 -27 -28 28 -30 -31
leaf_value=-0.0037906914628294012 -0.0073158387075209141 0.02340197838554859 -0.0083147161011595458 -0.0039071668457995859 0.0070644373530863681 0.019429551013064282 -0.0056517286260077005 0.01328469256097586 0.0045188703514693904 0.0038757673643721978 0.040685785978671785 -0.007925250661992754 0.016086067928757181 -0.003610315734549304 -0.00010430652443947919 0.025656487835751179 0.01083573058409458 -0.0013628681816430332 -0.0071430580735521261 0.00032612907383375024 0.014148465807627523 -0.0013708305285968379 -0.007925250661992754 0.023015498923555127 -0.02318361096756013 -0.012878311275974084 -0.0039054360862519986 0.003747449893977749 -0.0031672519533459042 -0.008142950799585923
leaf_weight=11982 948 2375 4522 2542 13054 2019 5212 2060 4683 953 1582 99197 5923 1804 11226 842 2785 5814 6386 7990 12097 627 9868 1325 945 3833 5347 2403 2353 4442
leaf_count=11982 948 2375 4522 2542 13054 2019 5212 2060 4683 953 1582 99197 5923 1804 11226 842 2785 5814 6386 7990 12097 627 9868 1325 945 3833 5347 2403 2353 4442
internal_value=-0.00300489 0.001953 -0.00640443 0.00495398 0.000474951 0.00622378 -0.00363595 0.00106409 0.00249862 0.00910687 0.0112802 -0.00723665 0.00185971 0.00370779 0.00127131 0.00361826 0.00587145 -0.000228819 -0.00238818 0.000986371 0.00510016 0.00452617 -0.00507824 0.00566447 -0.00188124 -0.00149471 -0.00326779 -0.000578339 0.000132409 -0.00514945
internal_weight=237139 96461 140678 31830 64631 20978 32517 51704 10852 5879 3601 108161 32007 7727 24280 8310 3627 19697 17437 10050 15099 12724 15080 2278 12927 9647 11733 5704 4756 8964
internal_count=237139 96461 140678 31830 64631 20978 32517 51704 10852 5879 3601 108161 32007 7727 24280 8310 3627 19697 17437 10050 15099 12724 15080 2278 12927 9647 11733 5704 4756 8964
is_linear=0
shrinkage=0.03


Tree=64
num_leaves=31
num_cat=0
split_feature=35 24 8 35 24 23 35 13 27 35 3 38 31 4 38 2 27 1 39 38 2 38 8 3 8 38 1 20 38 24
split_gain=4336.11 453.344 372.239 116.072 85.29 80.2318 67.3222 57.9069 57.177 44.9673 43.1466 45.2985 39.3044 37.9097 37.449 37.7362 33.5427 31.5687 31.3636 26.8884 24.7929 21.4004 19.3256 18.9909 20.2699 18.3025 17.9354 35.3264 17.6704 16.273
threshold=795.00000000000011 3.0500000000000003 0.49999999999999739 495.00000000000006 0.75000000000000011 5.5000000000000009 915.00000000000011 0.004999999999999968 16.550000000000004 915.00000000000011 20.450000000000003 0.63920241694561786 7.3484848484848486 3.2000000000000002 0.34235194516023087 1013.7500000000001 4.0833333333333348 65.500000000000014 -0.42179730054635828 -0.94139628442229062 1013.1500000000002 -0.95244167294248061 0.99999999999999745 22.050000000000004 1.4000000000000015 -0.84315017450793706 87.500000000000014 -1.0000000180025095e-35 0.3261394409934788 -0.84999999999999953
decision_type=2 2 2 2 2 2 2 2 2 2 2 2 2 2 2 2 2 2 2 2 2 2 2 2 2 2 2 2 2 2
left_child=1 4 9 5 22 16 23 -5 12 18 11 -7 20 -14 -9 -16 -3 -10 29 -18 -6 -19 -1 -4 -25 -12 -11 -28 -20 -2
right_child=2 3 6 7 8 10 -8 14 17 26 25 -13 13 -15 15 -17 19 21 28 -21 -22 -23 -24 24 -26 -27 27 -29 -30 -31
leaf_value=-0.0032509373722545021 -0.0072080032735745867 0.023994293322428979 -0.0080754447307634716 -0.0014098348686957906 0.0071860747503912316 0.019152368240941575 -0.0076874931421329713 0.0053064589670856754 0.0059123622631337787 -0.0077307483011535959 0.0018296725059938044 0.040915814341388419 -0.00065794587274214163 0.0049398592660857268 0.0055328843429107372 0.019423764933200107 0.015376003334261491 0.0077806544020165179 -0.0065971671041470696 0.013009919093566892 0.017458218623773097 -0.007325047454873803 -0.021670060997508182 -0.0061018046170603574 -0.0081378472942660041 0.017777477800482933 0.0024588996884752339 -0.0077307483011535959 -0.0033274095169800533 0.00063577105628159325
leaf_weight=14292 886 2363 5592 4098 2583 1793 101732 6542 1945 9508 503 1426 12158 18823 1715 3275 1231 826 5675 11620 1268 7186 1154 3487 1556 1471 942 2005 4750 4313
leaf_count=14292 886 2363 5592 4098 2583 1793 101732 6542 1945 9508 503 1426 12158 18823 1715 3275 1231 826 5675 11620 1268 7186 1154 3487 1556 1471 942 2005 4750 4313
internal_value=-0.00304315 0.00186094 -0.00640475 0.00452239 0.000268564 0.00601242 -0.00717682 0.00257645 0.000931493 -0.00331479 0.00923244 0.0113746 0.00150456 0.0011491 0.00366482 0.005622 0.00491226 -0.00107315 -0.00224242 0.00430697 0.00436219 -0.00190542 -0.00165361 -0.00490387 -0.0035664 0.00573128 -0.00465943 -0.0026119 -0.00319147 -0.000338877
internal_weight=236718 96272 140446 36037 60235 20407 112367 15630 44789 28079 5193 3219 34832 30981 11532 4990 15214 9957 15624 12851 3851 8012 15446 10635 5043 1974 12455 2947 10425 5199
internal_count=236718 96272 140446 36037 60235 20407 112367 15630 44789 28079 5193 3219 34832 30981 11532 4990 15214 9957 15624 12851 3851 8012 15446 10635 5043 1974 12455 2947 10425 5199
is_linear=0
shrinkage=0.03


Tree=65
num_leaves=31
num_cat=0
split_feature=35 24 8 24 35 24 32 35 2 37 8 10 37 35 21 2 35 8 6 39 5 3 27 35 24 24 35 24 24 3
split_gain=4308.31 513.487 295.146 124.795 100.701 76.6786 58.0984 45.7484 38.2879 53.902 37.216 36.469 34.0929 32.4142 31.9953 29.7648 28.3238 26.6356 23.3826 20.5198 20.1499 19.7211 23.4035 19.5272 19.4821 18.5264 16.7122 16.4032 15.1753 13.4554
threshold=825.00000000000011 3.2500000000000004 0.40000000000000396 0.89999999999999958 545.00000000000011 5.7500000000000009 37.500000000000007 915.00000000000011 1013.0500000000001 0.6830127018922193 0.14999999999999861 0.19999999999999754 0.6830127018922193 655.00000000000011 27.500000000000004 1023.85 565.00000000000011 0.85000000000000153 28.950000000000003 0.74298546529340237 18.150000000000002 17.850000000000005 11.083333333333334 925.00000000000011 6.1500000000000012 -0.70000000000000095 1305.0000000000002 -0.29999999999999888 0.75000000000000011 21.950000000000003
decision_type=2 2 2 2 2 2 2 2 2 2 2 2 2 2 2 2 2 2 2 2 2 2 2 2 2 2 2 2 2 2
left_child=1 3 10 12 5 8 13 29 14 -10 26 -6 17 18 -3 16 -8 25 -5 -15 -14 22 -7 28 -23 -1 27 -2 -12 -4
right_child=2 4 7 6 11 21 15 -9 9 -11 23 -13 20 19 -16 -17 -18 -19 -20 -21 -22 24 -24 -25 -26 -27 -28 -29 -30 -31
leaf_value=-0.0070559999571011339 -0.0058676904101261258 0.0090447827771253479 -0.0077402270899621312 0.008048878155448214 -0.0049086379511178446 0.041257625606414237 0.0018693692870813416 -0.0074568683478689829 0.025334731605020012 0.0097336883875441937 -0.0076929241851267727 0.0076013880325716959 0.0005421919905905392 0.0025578428144145968 0.014797445418696927 0.015017003012793498 -0.0070147481260459431 -0.016829254167107125 -0.004251811770666275 -0.0036481307411150286 -0.0088900499752730174 0.014138951793917828 0.029612130546600092 -0.007498825852118988 0.029243158691465525 4.6849419092555024e-05 -0.0092530192658831379 -0.0021103757706777315 -0.0020821948153445561 -0.007587142914393886
leaf_weight=2464 3397 6535 4631 21408 2186 738 5293 101648 6054 4433 3510 5701 1067 10699 4750 513 6248 1735 1216 2951 5759 543 511 6597 572 11784 626 7402 1738 4050
leaf_count=2464 3397 6535 4631 21408 2186 738 5293 101648 6054 4433 3510 5701 1067 10699 4750 513 6248 1735 1216 2951 5759 543 511 6597 572 11784 626 7402 1738 4050
internal_value=-0.00302428 0.00158111 -0.00658036 0.000160988 0.0047356 0.00569724 0.00102421 -0.00722795 0.00513916 0.00644461 -0.00350958 0.00179205 -0.00166795 0.0016238 0.00392509 -0.000780109 -0.00109482 -0.000909759 0.00232034 0.000469162 -0.00344244 0.0108284 0.0134233 -0.0046879 0.00790286 -0.000482105 -0.00228735 -0.00201023 -0.00332 -0.00513503
internal_weight=236759 103160 133599 71137 32023 24136 48328 110329 21772 10487 23270 7887 22809 36274 11285 12054 11541 15983 22624 13650 6826 2364 1249 11845 1115 14248 11425 10799 5248 8681
internal_count=236759 103160 133599 71137 32023 24136 48328 110329 21772 10487 23270 7887 22809 36274 11285 12054 11541 15983 22624 13650 6826 2364 1249 11845 1115 14248 11425 10799 5248 8681
is_linear=0
shrinkage=0.03


Tree=66
num_leaves=31
num_cat=0
split_feature=25 24 8 24 24 31 25 38 25 11 25 7 3 31 11 8 8 37 38 1 31 38 7 24 1 25 24 25 1 1
split_gain=4232.25 488.211 302.493 113.348 110.399 56.17 49.2932 43.1462 42.9979 53.2663 40.5505 39.9513 37.9865 37.0886 33.1437 31.529 30.9747 33.0394 34.0912 24.7014 30.3574 24.3842 17.9119 15.1151 14.4488 14.8335 13.4172 12.9625 14.611 11.8705
threshold=1578.5000000000002 3.0500000000000003 0.39999999999999908 0.89999999999999958 4.7500000000000009 30.75961538461539 1660.5000000000002 0.48314048284850658 1250.5000000000002 0.35000000000000148 1379.5000000000002 1.7000000000000004 13.350000000000003 12.839743589743593 0.64999999999999869 0.14999999999999861 1.1499999999999988 0.25000000000000017 0.63920241694561786 63.500000000000007 9.0384615384615401 0.35846314187849709 0.3499999999999997 -1.1500000000000001 91.500000000000014 1670.5000000000002 -0.10000000000000052 1980.5000000000002 91.500000000000014 76.500000000000014
decision_type=2 2 2 2 2 2 2 2 2 2 2 2 2 2 2 2 2 2 2 2 2 2 2 2 2 2 2 2 2 2
left_child=1 3 15 16 8 10 -4 22 19 -10 14 -12 -9 -14 -5 26 17 23 -19 -3 -21 -11 -6 -1 25 -17 -2 28 -28 -7
right_child=2 4 6 5 7 29 -8 12 9 21 11 -13 13 -15 -16 24 -18 18 -20 20 -22 -23 -24 -25 -26 -27 27 -29 -30 -31
leaf_value=-0.0083366955078173505 -0.005642421219057378 0.022526821060103848 -0.0073820398116735339 0.005052492416138094 0.01639398286543969 -0.0011115654652391438 -0.0072331622974329129 0.04228298118475101 -0.0022921551475682616 0.0049430030463457836 -0.0067387929871663083 0.0022318829567730303 0.028164695641808492 0.0093430181406089913 0.012127245929269012 -0.0063695608303503942 -0.017476623887272315 -0.0070019325935242365 0.0060367997943516685 0.019449061618098114 0.01151416884383703 0.01467167629704638 0.0094015322700055203 0.000155156825558041 -0.0020067873200625415 -0.0072738610765554178 -0.0026027800773743906 -0.0078179223402848573 0.0042729117146823288 -0.01112811320433278
leaf_weight=1148 4120 954 9176 16889 3007 1231 102750 904 4170 4776 5051 14217 1808 1169 4155 4528 1477 9203 1055 3313 10551 3410 2125 10296 903 5046 5961 931 500 2443
leaf_count=1148 4120 954 9176 16889 3007 1231 102750 904 4170 4776 5051 14217 1808 1169 4155 4528 1477 9203 1055 3313 10551 3410 2125 10296 903 5046 5961 931 500 2443
internal_value=-0.00305637 0.00150444 -0.00657626 -9.04462e-06 0.0043134 0.000885582 -0.00720825 0.00719052 0.00335866 0.0020513 0.00120926 0.000214842 0.00957829 0.00793303 0.00211964 -0.00335899 -0.00170668 -0.00142025 -0.00265643 0.00444838 0.00412592 0.00345689 0.00538177 -0.000311899 -0.00454981 -0.00489192 -0.00227462 -0.00150933 -0.00103164 -0.00266458
internal_weight=237267 103352 133915 67165 36187 43986 111926 9013 27174 12356 40312 19268 3881 2977 21044 21989 23179 21702 10258 14818 13864 8186 5132 11444 10477 9574 11512 7392 6461 3674
internal_count=237267 103352 133915 67165 36187 43986 111926 9013 27174 12356 40312 19268 3881 2977 21044 21989 23179 21702 10258 14818 13864 8186 5132 11444 10477 9574 11512 7392 6461 3674
is_linear=0
shrinkage=0.03


Tree=67
num_leaves=31
num_cat=0
split_feature=25 25 8 23 10 23 38 2 3 38 6 37 25 8 37 0 37 3 23 3 21 8 38 6 37 28 25 28 31 38
split_gain=4136.49 488.153 282.712 145.779 86.0146 70.0317 63.6898 74.7825 58.6986 66.4314 56.2676 43.5402 34.0264 33.0134 30.5471 30.1415 29.4989 26.6811 26.5803 25.3966 25.2323 22.2542 20.186 19.5081 19.4469 17.6606 16.5411 13.6101 13.133 12.2123
threshold=1580.5000000000002 1340.5000000000002 0.40000000000000396 5.5000000000000009 0.14999999999999861 3.5000000000000004 0.63920241694561786 1013.6500000000002 20.450000000000003 0.48314048284850658 28.950000000000003 0.93301270189221952 1670.5000000000002 0.14999999999999861 0.25000000000000017 27.750000000000004 -0.68301270189221952 7.0500000000000007 3.5000000000000004 13.15 12.500000000000002 0.4000000000000013 0.67167992559793654 26.150000000000002 0.93301270189221952 19.500000000000004 1670.5000000000002 13.500000000000002 15.887500000000001 -0.66528616069191593
decision_type=2 2 2 2 2 2 2 2 2 2 2 2 2 2 2 2 2 2 2 2 2 2 2 2 2 2 2 2 2 2
left_child=1 3 13 5 15 23 14 -8 9 17 11 -7 -4 -2 25 21 27 -5 -9 -11 -16 22 -3 24 -1 -6 -15 -10 -17 -25
right_child=2 4 12 8 6 10 7 18 16 19 -12 -13 -14 26 20 28 -18 -19 -20 -21 -22 -23 -24 29 -26 -27 -28 -29 -30 -31
leaf_value=-0.0016449237244113468 -0.0036857282825824875 -0.0077773792759946968 -0.0071210613330932454 0.018206956108682074 0.0037333891449844846 0.012554124158776303 -0.0038175366300653166 -0.0012617109462419519 0.02237653659294242 0.048099776867210377 -0.0067611474424598495 0.00032981144228356297 -0.0070161674285099257 -0.0058259547381584341 0.0056507317969559448 0.0016334607490196388 0.003729103297028886 0.010782184977436287 0.011652026032379021 0.028007982879993405 -0.0041271309953847752 -0.014125952179396399 -0.0011287677562858889 0.019082343097759798 0.0077477298817692098 -0.0016982163569367807 -0.0070597111625624173 0.0093346432423684136 -0.0047299913295202429 0.0049829357294152435
leaf_weight=7939 10559 5080 9206 696 5598 28309 2977 949 804 954 1586 2823 100360 4723 1200 3462 2307 2343 5336 1888 11146 4912 3291 623 878 5142 6552 506 3325 1109
leaf_count=7939 10559 5080 9206 696 5598 28309 2977 949 804 954 1586 2823 100360 4723 1200 3462 2307 2343 5336 1888 11146 4912 3291 623 878 5142 6552 506 3325 1109
internal_value=-0.00308918 0.00134456 -0.00663826 0.00338152 -0.000705933 0.00264248 0.000251314 0.00235266 0.00674684 0.00859638 0.00332778 0.0036086 -0.00725946 -0.00352056 -0.000591866 -0.00224865 0.00373653 0.00550723 0.00420749 0.0118935 -0.00160957 -0.0030796 -0.00213812 0.000516776 -5.52784e-05 0.000578105 -0.00464951 0.00732851 -0.000621962 0.00342561
internal_weight=236583 105183 131400 52765 52418 43267 32348 9262 9498 5881 32718 31132 109566 21834 23086 20070 3617 3039 6285 2842 12346 13283 8371 10549 8817 10740 11275 1310 6787 1732
internal_count=236583 105183 131400 52765 52418 43267 32348 9262 9498 5881 32718 31132 109566 21834 23086 20070 3617 3039 6285 2842 12346 13283 8371 10549 8817 10740 11275 1310 6787 1732
is_linear=0
shrinkage=0.03


Tree=68
num_leaves=31
num_cat=0
split_feature=35 35 8 23 10 27 38 36 6 2 1 38 39 35 1 23 38 8 39 2 21 8 39 1 32 4 38 38 39 35
split_gain=4106.31 462.983 293.956 122.563 86.7349 66.3284 60.2807 58.8436 53.4268 50.1565 49.8408 50.8687 45.0422 44.7084 35.8251 35.5494 33.2356 32.5483 30.7761 29.4162 30.7698 25.514 28.0421 22.5967 20.2633 20.2135 20.0234 17.3783 17.3606 16.0352
threshold=835.00000000000011 585.00000000000011 0.39999999999999908 5.5000000000000009 0.14999999999999861 7.7333333333333343 0.30983042691905771 0.68301270189221941 22.450000000000003 1013.6500000000002 74.500000000000014 -0.99467753128998015 -0.32613736746952143 915.00000000000011 53.500000000000007 3.5000000000000004 -0.11692013674435776 0.14999999999999861 -0.88620506325989179 1006.5500000000001 27.500000000000004 1.1499999999999988 0.59003219687534991 51.500000000000007 27.500000000000004 2.0999999999999992 -0.022576249993022688 0.26037272046371446 -0.73865259438682551 915.00000000000011
decision_type=2 2 2 2 2 2 2 2 2 2 2 2 2 2 2 2 2 2 2 2 2 2 2 2 2 2 2 2 2 2
left_child=1 3 17 5 21 19 12 14 25 28 26 -12 16 -4 -5 -11 -6 -2 -16 20 -1 22 24 -14 -3 -9 -7 -21 -8 -19
right_child=2 4 13 7 6 10 9 8 -10 15 11 -13 23 -15 18 -17 -18 29 -20 27 -22 -23 -24 -25 -26 -27 -28 -29 -30 -31
leaf_value=-0.0010980490208161453 -0.0035188952059803593 0.00067337251140796252 -0.00702546301956834 0.019387856710414698 0.0044955332359248269 0.0061684140485416157 0.0042502815235627 0.026167533320982719 0.0097896771621805902 -0.0026387127428332824 0.018580919309084006 0.003634923034262163 0.001843025667567365 -0.0068056824056546283 0.020210271248760639 0.0098916449097184844 -0.0064793085590024741 -0.0051541549940014413 0.0067524451477534069 0.010021384329866691 0.016210015800289142 -0.016266085782825981 -0.0087165372852528282 -0.0046489438803152218 -0.0064509996888569609 0.037443926049983332 0.017248493548557908 0.022756584286154988 -0.0051727391875990101 -0.0068438539093818836
leaf_weight=1935 10698 6182 8247 842 5752 3334 2165 502 887 1598 648 21035 1807 102625 639 7324 1901 3754 4308 5846 1008 2349 5375 10725 6619 2057 2881 4682 2916 6211
leaf_count=1935 10698 6182 8247 842 5752 3334 2165 502 887 1598 648 21035 1807 102625 639 7324 1901 3754 4308 5846 1008 2349 5375 10725 6619 2057 2881 4682 2916 6211
internal_value=-0.00307519 0.00133929 -0.00660972 0.0034075 -0.000573654 0.00270969 0.000351857 0.00653215 0.00963602 0.00186416 0.00187473 0.00119564 -0.000697355 -0.00722198 0.00468183 0.00321885 0.00111594 -0.0033241 0.00370529 0.00443832 0.00178523 -0.00211514 -0.00173451 -0.00180469 -0.000970671 0.0118342 0.0042428 0.00517949 -0.000514952 -0.00455779
internal_weight=236852 105317 131535 50604 54713 41369 34188 9235 3446 14003 27898 21683 20185 110872 5789 8922 7653 20663 4947 13471 2943 20525 18176 12532 12801 2559 6215 10528 5081 9965
internal_count=236852 105317 131535 50604 54713 41369 34188 9235 3446 14003 27898 21683 20185 110872 5789 8922 7653 20663 4947 13471 2943 20525 18176 12532 12801 2559 6215 10528 5081 9965
is_linear=0
shrinkage=0.03


Tree=69
num_leaves=31
num_cat=0
split_feature=35 25 8 23 12 38 2 27 38 36 3 1 39 35 1 37 8 8 21 5 4 35 2 3 31 39 3 7 31 35
split_gain=4093.54 485.297 235.312 119.648 113.547 67.0195 75.0723 62.2671 64.4933 54.1639 39.6865 39.0053 38.7126 37.1678 36.3175 35.7064 38.1466 33.9816 33.7695 32.2904 30.6125 29.1881 25.502 22.0704 20.7651 18.6007 17.2973 16.4486 15.2014 14.5566
threshold=855.00000000000011 1320.5000000000002 0.40000000000000396 5.5000000000000009 0.0049999999999999533 0.63920241694561786 1013.7500000000001 6.0833333333333348 -0.85227431625818906 0.68301270189221941 20.050000000000004 72.500000000000014 0.29958852271690523 685.00000000000011 51.500000000000007 0.6830127018922193 1.1499999999999988 0.14999999999999861 12.500000000000002 22.850000000000005 2.9500000000000006 915.00000000000011 1019.4500000000002 18.850000000000005 15.379807692307695 0.42763731121559989 13.250000000000002 0.25000000000000006 12.14835164835165 925.00000000000011
decision_type=2 2 2 2 2 2 2 2 2 2 2 2 2 2 2 2 2 2 2 2 2 2 2 2 2 2 2 2 2 2
left_child=1 3 17 7 15 12 28 19 20 14 26 -10 23 -8 -5 16 24 -2 -14 25 -9 -4 -16 -6 -3 -1 -11 -21 -7 -19
right_child=2 4 21 9 5 6 13 8 11 10 -12 -13 18 -15 22 -17 -18 29 -20 27 -22 -23 -24 -25 -26 -27 -28 -29 -30 -31
leaf_value=0.036482088746274066 -0.003691880863076816 0.00081047604052143947 -0.0067129936733055055 0.020737874440309802 0.0087880143910998888 0.0037341903206033803 0.016426930044754214 0.0073509578482468816 0.011859641157252247 0.046829981884676929 0.012899458838431048 0.0039039996467610115 0.0064149320519119998 0.0051397668808865621 0.01197384622228693 -0.0096852467182928052 -0.013807011281280408 -0.0057954666667433064 -0.004380939507498377 0.014004463776555455 0.014575196939141099 -0.0066015119334849898 -0.002628828029592569 0.0008701080260876626 -0.0052166449081384033 0.019798993516897619 0.029114941269346814 0.0084707547807513755 -0.00672288795825517 -0.0066437493555159067
leaf_weight=575 9065 6331 6115 689 580 1192 3313 1645 4284 856 866 22541 1288 3900 4015 5724 2528 3660 10826 2337 3086 101699 836 13704 9326 1852 1561 3474 2357 6672
leaf_count=575 9065 6331 6115 689 580 1192 3313 1645 4284 856 866 22541 1288 3900 4015 5724 2528 3660 10826 2337 3086 101699 836 13704 9326 1852 1561 3474 2357 6672
internal_value=-0.00307869 0.00116827 -0.00674053 0.00340469 -0.000612197 0.000425435 0.00242057 0.00270366 0.00209709 0.00656516 0.00961872 0.00152729 -0.000388068 0.00417775 0.0047528 -0.00222481 -0.00157406 -0.003698 -0.00163544 0.00502609 0.0053259 -0.00728783 0.00383423 0.000669887 -0.00102162 0.00793228 0.0115926 0.00380999 -0.00115108 -0.0048742
internal_weight=236897 109686 127211 48617 61069 37160 10762 39794 31556 8823 3283 26825 26398 7213 5540 23909 18185 19397 12114 8238 4731 107814 4851 14284 15657 2427 2417 5811 3549 10332
internal_count=236897 109686 127211 48617 61069 37160 10762 39794 31556 8823 3283 26825 26398 7213 5540 23909 18185 19397 12114 8238 4731 107814 4851 14284 15657 2427 2417 5811 3549 10332
is_linear=0
shrinkage=0.03


Tree=70
num_leaves=31
num_cat=0
split_feature=35 24 8 35 24 8 11 24 36 6 27 38 3 31 2 8 0 35 37 8 8 38 38 1 21 3 1 35 24 28
split_gain=4034.73 492.596 212.757 128.052 112.116 74.1413 72.447 68.1511 41.3358 47.5961 35.2397 43.3147 33.4287 30.9089 33.4647 27.4599 27.1794 25.7702 24.6677 22.4789 20.3524 20.0556 17.5634 16.6435 15.3893 15.2069 14.5123 23.6594 12.56 12.4363
threshold=865.00000000000011 2.5500000000000003 0.4000000000000013 495.00000000000006 0.15000000000000038 0.14999999999999861 0.2999999999999981 5.6500000000000012 0.68301270189221941 23.050000000000004 4.7333333333333343 -0.55657520495441892 8.0500000000000025 7.3484848484848486 1024.2500000000002 0.1000000000000001 27.650000000000002 925.00000000000011 0.6830127018922193 0.75000000000000011 1.1499999999999988 -0.76141707087277943 0.19337368024598436 84.500000000000014 12.500000000000002 17.250000000000004 88.500000000000014 1125.0000000000002 -0.74999999999999989 21.500000000000004
decision_type=2 2 2 2 2 2 2 2 2 2 2 2 2 2 2 2 2 2 2 2 2 2 2 2 2 2 2 2 2 2
left_child=1 4 15 7 18 13 23 10 24 -10 11 -3 -12 21 -15 -2 19 -4 20 -7 28 -6 -9 -5 -8 -24 -17 -28 -1 -18
right_child=2 3 17 6 5 16 8 22 9 -11 12 -13 -14 14 -16 26 29 -19 -20 -21 -22 -23 25 -25 -26 -27 27 -29 -30 -31
leaf_value=-0.006670469139691982 -0.0032304438850634079 0.0050818579089699778 -0.0064768485762776917 0.001786873979989163 -4.2167693890848844e-06 -0.0049378013766706048 0.01463347191044301 0.017516891220512205 0.017370151959882615 -0.0038839760961173883 0.019549628418902926 0.026676719657751709 0.010760389554593623 0.0008438121505677759 0.0079178884427392807 -0.0064430577115274206 0.003726241527734135 -0.0064034665754804402 -0.0088596102037627137 -0.012338050669275263 -0.011176788556534378 0.011626643000452803 0.043965826334248559 -0.0082705687956655619 0.0042404984658318701 0.026603016356625622 0.0017269947862091706 -0.0065972380241297365 -0.0018700197271531082 -0.0029103793800473563
leaf_weight=3807 6485 1610 6645 3520 859 7057 531 1059 4061 764 1264 2572 16301 28391 1400 8809 2470 101228 4668 3515 919 1987 686 3237 11531 544 824 895 6057 2973
leaf_count=3807 6485 1610 6645 3520 859 7057 531 1059 4061 764 1264 2572 16301 28391 1400 8809 2470 101228 4668 3515 919 1987 686 3237 11531 544 824 895 6057 2973
internal_value=-0.00309648 0.00104377 -0.00680229 0.00335284 -0.000673777 3.32963e-05 0.00178508 0.00489475 0.00283543 0.00518179 0.00437572 0.0068511 0.00378565 0.000853657 0.00056817 -0.00368366 -0.00163842 -0.00729407 -0.00289992 -0.00252506 -0.00211057 0.00383954 0.00981777 -0.000839991 0.00189614 0.0122606 -0.00462963 -0.00210488 -0.00171194 8.4022e-05
internal_weight=236669 111783 124886 47680 64103 48652 23644 24036 16887 4825 21747 4182 17565 32637 29791 17013 16015 107873 15451 10572 10783 2846 2289 6757 12062 1230 10528 1719 9864 5443
internal_count=236669 111783 124886 47680 64103 48652 23644 24036 16887 4825 21747 4182 17565 32637 29791 17013 16015 107873 15451 10572 10783 2846 2289 6757 12062 1230 10528 1719 9864 5443
is_linear=0
shrinkage=0.03


Tree=71
num_leaves=31
num_cat=0
split_feature=35 35 8 24 11 38 2 1 27 0 24 24 31 35 35 38 35 3 8 24 8 3 37 29 37 32 24 1 35 32
split_gain=3967.15 477.158 212.441 152.075 88.7402 58.8575 58.7254 58.3764 54.4091 46.2099 43.1258 41.8695 31.824 29.877 26.3417 25.8124 25.4135 24.7816 23.9342 23.0131 22.7063 21.8557 20.8801 20.2753 17.896 14.7394 13.9862 13.7055 24.3308 11.633
threshold=865.00000000000011 605.00000000000011 0.39999999999999908 4.0500000000000007 0.2999999999999981 0.62587949062545845 1013.5500000000001 61.500000000000007 8.5500000000000025 28.250000000000004 -1.0000000180025095e-35 5.7500000000000009 33.720779220779228 685.00000000000011 935.00000000000011 -0.0053757284505435614 475.00000000000006 17.250000000000004 0.1000000000000001 1.7999999999999992 0.49999999999999739 20.750000000000004 0.25000000000000017 10.366666666666669 0.6830127018922193 21.500000000000004 0.20000000000000109 88.500000000000014 1065.0000000000002 32.500000000000007
decision_type=2 2 2 2 2 2 2 2 2 2 2 2 2 2 2 2 2 2 2 2 2 2 2 2 2 2 2 2 2 2
left_child=1 3 18 7 9 10 25 23 19 20 -6 16 -10 -8 -4 -13 24 -17 -2 -9 -3 -18 -12 -1 -5 -7 -11 -20 -29 -28
right_child=2 4 14 11 5 6 13 8 12 26 22 15 -14 -15 -16 17 21 -19 27 -21 -22 -23 -24 -25 -26 -27 29 28 -30 -31
leaf_value=0.021043462684999507 -0.0033336906551046977 -0.0052380164860031551 -0.0062113625782160269 0.017579352408702908 -0.0060020405638079172 0.0027032949287361485 0.013962109083227311 -0.00027879036205567532 0.0035519034849955267 -0.0057008680197273096 0.0016765303670827935 0.016268331105164666 -0.0095537626544769817 0.0045265985749212484 -0.0062113625782160269 0.042038529756315272 0.011542572731692499 0.021285347743170185 -0.006245934080089127 0.011779821844237219 -0.010193941738676283 0.0029576918994981493 -0.0022499911910502323 0.010791736612886332 0.0067739007538274798 -0.0073564636762860156 0.0042215833670589641 0.0020834478622082249 -0.0063993208834058441 -0.0048120745588255296
leaf_weight=1030 6499 7831 8000 6898 5233 1305 2621 1604 21233 2212 10270 1065 1826 4632 100264 822 3206 554 8795 11176 6450 2257 10834 1145 1862 2243 2507 650 1034 1095
leaf_count=1030 6499 7831 8000 6898 5233 1305 2621 1604 21233 2212 10270 1065 1826 4632 100264 822 3206 554 8795 11176 6450 2257 10834 1145 1862 2243 2507 650 1034 1095
internal_value=-0.00313052 0.000974217 -0.00679829 0.00297833 -0.000940465 -7.14863e-05 0.00179325 0.00193063 0.00164079 -0.00254628 -0.000836307 0.00536781 0.000770457 0.00334011 -0.00728761 0.00899816 0.00474359 0.0117126 -0.00367756 0.00321077 -0.00346408 0.00313586 -0.000231688 0.00670073 0.00574526 -0.00136901 -0.000291437 -0.00456469 -0.00208185 0.000861543
internal_weight=237153 111911 125242 54678 57233 37138 10801 38014 35839 20095 26337 16664 23059 7253 108264 2441 14223 1376 16978 12780 14281 5463 21104 2175 8760 3548 5814 10479 1684 3602
internal_count=237153 111911 125242 54678 57233 37138 10801 38014 35839 20095 26337 16664 23059 7253 108264 2441 14223 1376 16978 12780 14281 5463 21104 2175 8760 3548 5814 10479 1684 3602
is_linear=0
shrinkage=0.03


Tree=72
num_leaves=31
num_cat=0
split_feature=25 25 9 24 10 4 37 32 5 38 38 21 28 37 24 25 24 22 39 24 3 39 11 29 31 29 9 39 9 25
split_gain=3903.18 452.36 179.279 138.368 93.1014 53.1867 47.6488 46.4468 45.8953 39.7175 38.0494 48.4305 46.6159 34.5894 33.742 32.4478 32.4427 31.8222 30.8811 29.8906 25.9697 38.7372 25.2008 24.7458 23.7918 23.6197 18.2951 15.666 14.4638 13.3435
threshold=1619.5000000000002 1350.5000000000002 45.000000000000007 4.0500000000000007 0.14999999999999861 5.0000000000000036 0.6830127018922193 46.500000000000007 24.350000000000005 0.27694220057652758 0.34235194516023087 18.500000000000004 11.500000000000002 0.6830127018922193 1.7999999999999992 1679.5000000000002 0.89999999999999958 18.500000000000004 0.64414586362404946 -0.24999999999999997 6.8500000000000005 0.65720762023595369 0.69999999999999762 10.225000000000001 15.887500000000001 6.7083333333333348 1.0000000180025095e-35 -0.82413948779581736 85.000000000000014 1959.5000000000002
decision_type=2 2 2 2 2 2 2 2 2 2 2 2 2 2 2 2 2 2 2 2 2 2 2 2 2 2 2 2 2 2
left_child=1 3 16 5 13 7 8 14 22 18 20 25 -13 24 -1 -4 26 -8 -7 -10 -5 -22 -6 -19 28 -12 -2 -18 -3 -29
right_child=2 4 15 10 6 9 17 -9 19 -11 11 12 -14 -15 -16 -17 27 23 -20 -21 21 -23 -24 -25 -26 -27 -28 29 -30 -31
leaf_value=-0.0011196275669786669 -0.0043591957144128324 0.00029486083245556404 -0.0060894706392502366 0.016445865916685402 0.0019065418551892142 0.011253377120156801 0.0045337423097729515 -0.0070106459285862689 -0.0051435798796077561 0.020713721618392845 0.036535853791795476 0.02438193992191956 0.008166623242853133 -0.0082880036454895441 0.0075149116960666722 -0.0060250217008695466 0.0032602936822694164 -0.00067719919627228897 0.000560821016617643 0.001177028719130136 0.011927677488735257 -3.2137882375566914e-05 0.010369936453057576 -0.0083792248896040582 -0.0072336507612938243 0.022273722643372507 -0.0060585560576864534 -0.0018333374521689327 -0.010159052159018338 -0.0070595655033220796
leaf_weight=5323 3193 6288 7104 616 2317 2079 1572 3312 3192 2129 982 1725 3147 5875 23554 104076 723 2697 2215 15546 6511 2170 3725 4443 10007 1534 6134 2693 1416 614
leaf_count=5323 3193 6288 7104 616 2317 2079 1572 3312 3192 2129 982 1725 3147 5875 23554 104076 723 2697 2215 15546 6511 2170 3725 4443 10007 1534 6134 2693 1416 614
internal_value=-0.00313076 0.000922942 -0.00678854 0.0028567 -0.000950508 0.00187005 6.62805e-05 0.00137251 0.000737229 0.00436226 0.00513948 0.00674696 0.00499795 -0.00239423 0.00175846 -0.00718309 -0.00350382 -0.00184186 0.00269902 4.00213e-06 0.0038609 0.00343689 0.00301042 -0.00269252 -0.0017322 0.0101271 -0.00447556 -0.00125372 -0.000478848 -0.00212829
internal_weight=236912 112375 124537 55297 57078 38612 33492 32189 24780 6423 16685 7388 4872 23586 28877 111180 13357 8712 4294 18738 9297 8681 6042 7140 17711 2516 9327 4030 7704 3307
internal_count=236912 112375 124537 55297 57078 38612 33492 32189 24780 6423 16685 7388 4872 23586 28877 111180 13357 8712 4294 18738 9297 8681 6042 7140 17711 2516 9327 4030 7704 3307
is_linear=0
shrinkage=0.03


Tree=73
num_leaves=31
num_cat=0
split_feature=25 25 9 12 23 38 2 5 31 1 38 25 9 6 23 25 39 39 37 9 29 27 32 5 2 25 31 1 12 1
split_gain=3818.96 401.615 197.304 118.834 85.7996 56.9002 75.9177 45.854 44.3622 41.5625 66.4555 37.639 37.2423 34.6052 34.2189 34.0308 32.7537 32.6892 31.3229 30.3199 28.5978 23.4222 21.3263 17.1764 16.1293 14.3959 13.5494 12.7707 9.6981 9.13401
threshold=1609.5000000000002 1300.5000000000002 55.000000000000007 0.0049999999999999533 5.5000000000000009 0.63920241694561786 1013.7500000000001 25.950000000000003 31.839743589743595 50.500000000000007 0.48314048284850658 1430.5000000000002 1.0000000180025095e-35 28.950000000000003 3.5000000000000004 1708.5000000000002 -0.84313311835787952 -0.074115882986646633 0.6830127018922193 85.000000000000014 8.6333333333333346 13.550000000000002 30.500000000000004 16.450000000000003 1008.5500000000001 1660.5000000000002 12.436507936507939 87.500000000000014 0.0033333333333332034 77.500000000000014
decision_type=2 2 2 2 2 2 2 2 2 2 2 2 2 2 2 2 2 2 2 2 2 2 2 2 2 2 2 2 2 2
left_child=1 4 12 18 8 17 26 9 13 -6 -11 -8 -2 14 -1 28 -9 21 19 22 -19 -5 -3 -20 -18 -14 -7 -27 -4 -10
right_child=2 3 15 5 7 6 11 16 29 10 -12 -13 25 -15 -16 -17 24 20 23 -21 -22 -23 -24 -25 -26 27 -28 -29 -30 -31
leaf_value=0.0036858590288199743 -0.0023595577724472294 -2.7591404757949522e-05 -0.0058442710498434599 0.0042354496866152582 0.025798582589585537 0.0031474545280613287 0.015787422938655413 0.017612057562046014 0.0055992577519506787 0.0071828121218301261 0.026453973163557441 0.0047388586647349558 -0.0053837962142207338 -0.0041424587470049465 0.011054849454188078 -0.0058442710498434599 0.0075162836170022812 0.0017149048408341113 0.00070701287170298716 -0.011622161720019175 -0.0039315848917542843 -0.0015981297393057375 -0.0062825685431758121 -0.009044282983043243 -0.0051705044651978848 -0.0058442710498434599 -0.0067500382463789067 -0.0031480864842753573 -0.0058442710498434599 -0.0084008605725699997
leaf_weight=7518 5721 9117 7124 7857 608 1391 3950 718 767 2106 2916 3851 4358 1448 24908 98781 733 3930 700 3981 11515 5380 6244 5467 919 5751 2493 689 4076 1563
leaf_count=7518 5721 9117 7124 7857 608 1391 3950 718 767 2106 2916 3851 4358 1448 24908 98781 733 3930 700 3981 11515 5380 6244 5467 919 5751 2493 689 4076 1563
internal_value=-0.0031335 0.000952472 -0.00668906 -0.000531892 0.0031645 0.000481 0.00224544 0.00597601 0.00254295 0.0074494 0.00654757 0.00395136 -0.00363129 0.00281837 0.003021 -0.00714826 0.0024726 -0.000237938 -0.00213467 -0.00154079 -0.00117547 0.000855994 -0.000935852 -0.00399619 0.000145103 -0.00466806 -0.00118116 -0.0055697 -0.00557847 -0.00146012
internal_weight=236580 110080 126500 65876 44204 40367 11685 8000 36204 5630 5022 7801 16519 33874 32426 109981 2370 28682 25509 19342 15445 13237 15361 6167 1652 10798 3884 6440 11200 2330
internal_count=236580 110080 126500 65876 44204 40367 11685 8000 36204 5630 5022 7801 16519 33874 32426 109981 2370 28682 25509 19342 15445 13237 15361 6167 1652 10798 3884 6440 11200 2330
is_linear=0
shrinkage=0.03


Tree=74
num_leaves=31
num_cat=0
split_feature=35 24 8 25 8 11 24 24 36 6 15 27 5 5 23 8 36 5 36 39 35 39 15 35 24 6 7 5 5 8
split_gain=3761.71 425.433 216.278 140.531 82.8972 76.7696 62.211 59.5412 47.4057 42.6165 39.4726 33.832 30.4737 27.2319 27.8968 25.7453 25.0316 23.675 23.4034 20.599 20.2393 20.1351 18.2508 15.713 17.4392 15.3237 14.9093 13.7379 13.2713 13.1725
threshold=875.00000000000011 2.100000000000001 0.4000000000000013 1260.5000000000002 0.60000000000000064 0.39999999999999908 4.7500000000000009 0.15000000000000038 0.68301270189221941 22.350000000000005 0.24289915602978113 17.916666666666668 28.950000000000003 24.950000000000003 5.5000000000000009 0.14999999999999861 -0.93301270189221908 29.650000000000002 0.93301270189221952 -0.71502926860092908 945.00000000000011 0.77652048701313048 0.0752772652708978 1315.0000000000002 1.3999999999999997 13.050000000000002 1.5000000000000007 24.350000000000005 18.250000000000004 1.8000000000000027
decision_type=2 2 2 2 2 2 2 2 2 2 2 2 2 2 2 2 2 2 2 2 2 2 2 2 2 2 2 2 2 2
left_child=1 4 15 6 7 22 11 21 25 -10 16 12 -3 14 -8 23 -9 -6 -12 -15 -4 27 -5 24 28 -7 -26 -1 -2 -19
right_child=2 3 20 5 17 8 13 10 9 -11 18 -13 -14 19 -16 -17 -18 29 -20 -21 -22 -23 -24 -25 26 -27 -28 -29 -30 -31
leaf_value=0.0016420619434113326 0.0027918447386667804 0.012309587544215423 -0.0056689429183481559 -0.008970482109968831 -0.0088766074493363562 0.011175815356201397 0.013500745204857053 0.011440638998015054 0.016749561370321287 -0.00099456078044185331 0.0018440833581446802 -0.0028587767674872881 0.00057563508882843009 0.020102565375475286 0.024380520137174816 -0.0057024772751650635 -0.0026302687769854216 -0.0011737402539284524 0.011620514441779242 0.0033650793508201104 -0.0056689429183481559 -0.0074063598575964578 -0.00053808318612808654 -0.0082690363702532469 -0.0033036350750795789 0.0028272196842175287 0.002969135537970756 -0.0041337030682252656 -0.0044164947979469411 -0.0097432970649038667
leaf_weight=1821 519 19141 8294 2617 5970 521 1765 1063 3448 1039 12172 1860 2187 1222 2916 8144 17935 2413 981 1585 98701 3657 9696 558 949 11776 1022 7782 4595 614
leaf_count=1821 519 19141 8294 2617 5970 521 1765 1063 3448 1039 12172 1860 2187 1222 2916 8144 17935 2413 981 1585 98701 3657 9696 558 949 11776 1022 7782 4595 614
internal_value=-0.00314436 0.000775269 -0.00678936 0.00252233 -0.00114409 0.00102864 0.00393898 -0.000622784 0.00234839 0.00498719 7.48764e-05 0.00317076 0.00350914 0.00631642 0.00771781 -0.00351083 -0.000799737 -0.00377459 0.00133808 0.00397561 -0.00727303 -0.00231413 -0.000770402 -0.00225932 -0.00187632 0.00138487 0.000520781 -0.00159214 -0.00280004 -0.00161192
internal_weight=236963 114181 122782 59773 54408 29097 30676 45411 16784 4487 32151 23188 21328 7488 4681 15787 18998 8997 13153 2807 106995 13260 12313 7643 7085 12297 1971 9603 5114 3027
internal_count=236963 114181 122782 59773 54408 29097 30676 45411 16784 4487 32151 23188 21328 7488 4681 15787 18998 8997 13153 2807 106995 13260 12313 7643 7085 12297 1971 9603 5114 3027
is_linear=0
shrinkage=0.03


Tree=75
num_leaves=31
num_cat=0
split_feature=35 35 8 24 8 37 1 27 28 7 6 38 24 29 8 35 6 39 29 24 5 39 4 35 32 4 35 35 1 5
split_gain=3712.48 388.632 250.102 131.631 71.7087 81.0722 53.966 47.8559 41.8082 40.9071 38.2912 38.1852 36.5409 29.2565 27.6039 26.6767 25.8063 34.0453 25.4373 20.8202 20.3957 31.8797 18.0949 19.7693 17.5372 15.2076 13.2014 12.0642 15.7853 11.804
threshold=865.00000000000011 625.00000000000011 0.40000000000000396 4.0500000000000007 1.1499999999999988 0.6830127018922193 61.500000000000007 8.5500000000000025 21.500000000000004 1.6499999999999988 11.050000000000002 -0.99467753128998015 5.7500000000000009 11.900000000000002 0.1000000000000001 935.00000000000011 13.15 0.65720762023595369 2.7083333333333335 1.7999999999999992 16.250000000000004 0.64414586362404946 2.0000000000000013 1125.0000000000002 48.500000000000007 2.5000000000000013 915.00000000000011 1295.0000000000002 90.500000000000014 18.650000000000002
decision_type=2 2 2 2 2 2 2 2 2 2 2 2 2 2 2 2 2 2 2 2 2 2 2 2 2 2 2 2 2 2
left_child=1 3 14 6 5 8 20 19 9 -3 -7 -9 16 -12 27 -4 -5 -18 -14 -8 -1 -22 23 -16 -10 -20 -24 28 29 -2
right_child=2 4 15 12 -6 10 7 11 24 -11 13 -13 18 -15 22 -17 17 -19 25 -21 21 -23 26 -25 -26 -27 -28 -29 -30 -31
leaf_value=0.018766500868134545 0.0027340717035630718 -0.0080251113069990526 -0.0054988746307977118 0.021177445089823655 -0.010492962617908044 0.0092534303882089528 -0.00053397057226747032 0.014858621915557294 -0.0016903912816577482 0.0034092379714033621 -0.0029848346063625943 0.0010868516629713464 0.033601211453091896 -0.0085066562700718551 0.0014715995006765101 -0.0054988746307977118 0.012334362856124041 0.0021526916111744929 0.0063856686942657956 0.010341512908245303 0.015133572576703162 -0.003003788581233948 -0.0050179318710770202 -0.005539844930167701 -0.0097192831706426654 0.022088014664679807 -0.005539844930167701 -0.006829938285880497 0.0045204322012397102 -0.0034730598008116129
leaf_weight=823 734 2586 7608 833 3671 584 1935 817 15580 15995 6140 24899 501 6286 1020 99233 10973 2728 553 12029 1121 709 3018 950 1847 1408 6653 526 517 4698
leaf_count=823 734 2586 7608 833 3671 584 1935 817 15580 15995 6140 24899 501 6286 1020 99233 10973 2728 553 12029 1121 709 3018 950 1847 1408 6653 526 517 4698
internal_value=-0.00315053 0.000815345 -0.0067057 0.00248053 -0.00105972 -0.000756732 0.00158504 0.0013079 -2.33269e-05 0.000966609 -0.00278627 0.000540089 0.00471055 -0.00313928 -0.00344574 -0.00725838 0.00413697 0.00382416 0.0080905 0.00272161 0.00572599 0.00395469 -0.00431912 -0.00169625 -0.00107881 0.00653719 -0.00485294 -0.00187471 -0.00148841 -0.0019654
internal_weight=236975 112018 124957 59329 52689 49018 42333 39680 36008 18581 13010 25716 16996 12426 18116 106841 14534 13701 2462 13964 2653 1830 11641 1970 17427 1961 9671 6475 5949 5432
internal_count=236975 112018 124957 59329 52689 49018 42333 39680 36008 18581 13010 25716 16996 12426 18116 106841 14534 13701 2462 13964 2653 1830 11641 1970 17427 1961 9671 6475 5949 5432
is_linear=0
shrinkage=0.03


Tree=76
num_leaves=31
num_cat=0
split_feature=35 35 8 24 13 1 31 24 31 38 29 31 0 6 22 39 39 5 38 6 1 25 1 8 38 8 35 24 29 39
split_gain=3674.87 414.871 196.447 123.828 76.0271 59.4578 46.1435 45.9174 40.2374 33.956 39.4569 33.593 28.6194 26.881 24.8335 33.7459 24.636 26.0575 22.4214 20.063 19.6359 34.4586 19.4857 17.9533 17.291 16.3154 14.5348 14.379 13.5861 12.3711
threshold=885.00000000000011 645.00000000000011 0.40000000000000396 4.0500000000000007 1.0000000180025095e-35 61.500000000000007 32.720779220779228 -1.0000000180025095e-35 16.519230769230774 -0.39826117949089107 2.6333333333333337 9.3798076923076952 28.350000000000005 22.450000000000003 18.500000000000004 0.64414586362404946 0.65720762023595369 22.550000000000004 0.30983042691905771 12.050000000000002 88.500000000000014 1910.5000000000002 54.500000000000007 0.1000000000000001 0.26037272046371446 0.500000000000001 945.00000000000011 -0.15000000000000033 14.900000000000002 -0.10837475778693638
decision_type=2 2 2 2 2 2 2 2 2 2 2 2 2 2 2 2 2 2 2 2 2 2 2 2 2 2 2 2 2 2
left_child=1 3 20 5 12 14 11 24 18 16 13 -7 25 -11 -1 -16 17 -5 -9 -10 23 -22 -12 -2 29 -3 -4 -14 -26 -6
right_child=2 4 26 9 7 6 -8 8 19 10 22 -13 27 -15 15 -17 -18 -19 -20 -21 21 -23 -24 -25 28 -27 -28 -29 -30 -31
leaf_value=0.018437879965227767 -0.0037768022261175874 -0.0061861377143163868 -0.00533390839187378 0.018589311115835744 -0.0029459932186386459 0.0096149314981343534 -0.0087005864191153741 0.00010258961987474502 0.0085093771342642874 0.03457569136336245 0.02278476014200307 0.0030542340943142498 -0.0069984016985962603 0.018949521974052818 0.014700257583678565 -0.00078629926047451778 -0.0010992787504260136 0.0072775776890465502 0.005669005255694538 -0.0030883564581214392 0.001767032708356279 -0.0054702283890708508 0.01249768715694941 -0.0053736495822626698 5.7078506399590722e-05 -0.0075906526135622607 -0.00533390839187378 0.00054054176039864614 -0.0082252460544012078 -0.0072358083349222417
leaf_weight=846 4429 4499 6991 549 2075 8178 2467 9015 722 785 509 32497 1345 544 1370 960 1343 4636 6248 12969 1515 1273 8833 8519 3098 5268 97979 2703 1330 3332
leaf_count=846 4429 4499 6991 549 2075 8178 2467 9015 722 785 509 32497 1345 544 1370 960 1343 4636 6248 12969 1515 1273 8833 8519 3098 5268 97979 2703 1330 3332
internal_value=-0.00317644 0.00063366 -0.00684176 0.0022655 -0.00133673 0.00145823 0.00116644 -0.000656016 -5.43929e-05 0.00443913 0.00548182 0.00140811 -0.00324763 0.0103174 0.0054185 0.00381432 0.00273354 0.0036712 0.00100475 -0.00123512 -0.00371521 -0.00143011 0.00479185 -0.00420695 -0.00242681 -0.00412657 -0.00731038 -0.00112593 -0.00103612 -0.00356489
internal_weight=236827 116121 120706 63517 52604 46318 43142 38789 28954 17199 10671 40675 13815 1329 3176 2330 6528 5185 15263 13691 15736 2788 9342 12948 9835 9767 104970 4048 4428 5407
internal_count=236827 116121 120706 63517 52604 46318 43142 38789 28954 17199 10671 40675 13815 1329 3176 2330 6528 5185 15263 13691 15736 2788 9342 12948 9835 9767 104970 4048 4428 5407
is_linear=0
shrinkage=0.03


Tree=77
num_leaves=31
num_cat=0
split_feature=35 24 8 25 8 11 23 24 5 38 2 5 27 4 32 0 8 37 25 39 39 38 35 35 4 39 38 3 39 37
split_gain=3614.27 384.762 207.234 124.259 82.8731 79.8608 55.9638 47.5343 46.8302 46.0717 56.8019 31.6718 35.2531 28.2895 26.3054 25.2334 24.7822 22.9752 19.7269 18.4088 18.0648 17.1997 16.0005 15.702 15.9828 15.0784 14.5742 13.3689 12.3726 12.1769
threshold=885.00000000000011 1.8499999999999999 0.49999999999999739 1269.5000000000002 0.60000000000000064 0.39999999999999908 5.5000000000000009 0.15000000000000038 24.650000000000002 0.62587949062545845 1013.6500000000002 28.950000000000003 17.183333333333337 3.3500000000000001 30.500000000000004 28.250000000000004 0.14999999999999861 0.6830127018922193 1419.5000000000002 -0.3744658827978154 0.77652048701313048 0.63920241694561786 945.00000000000011 1305.0000000000002 2.2999999999999985 -0.95242240592625282 -0.63921128368950708 22.650000000000002 0.45847758937963173 0.93301270189221952
decision_type=2 2 2 2 2 2 2 2 2 2 2 2 2 2 2 2 2 2 2 2 2 2 2 2 2 2 2 2 2 2
left_child=1 4 16 6 7 13 11 20 17 28 -11 12 -3 -5 21 -6 23 -8 -16 -10 26 -9 -4 24 27 -13 -1 -2 -7 -15
right_child=2 3 22 5 15 9 8 14 19 10 -12 25 -14 29 18 -17 -18 -19 -20 -21 -22 -23 -24 -25 -26 -27 -28 -29 -30 -31
leaf_value=-0.005022818247808169 -0.0014287596273587194 0.011299630486079808 -0.0051738911401175668 -0.0065203159023568252 -0.0075505437608444741 0.0039786528258104999 0.027033394028179777 0.00023852218854785611 0.0116448692243004 -0.00037292381405654493 0.01534914665791943 -0.0058438026916371741 -0.0014615371637413731 0.0031007723269474308 0.00030255887253609944 -0.0048375830668355444 -0.0052124400947947897 0.010558837286691549 -0.0046290620425738843 -0.0011744091948580814 -0.0068403823093640256 0.0058510912431237565 -0.0051738911401175668 -0.0066988899494482583 -0.0036288304703214562 0.0057991539025924578 -0.001513915665041501 0.0036811014484019792 -3.5990142218694787e-05 -0.0088036559892239324
leaf_weight=3543 668 21048 6973 7884 6088 7930 2631 13465 1400 1799 3937 1002 2201 5492 5248 3040 8825 1364 5763 814 3715 4330 97755 636 5114 1158 6666 587 5098 623
leaf_count=3543 668 21048 6973 7884 6088 7930 2631 13465 1400 1799 3937 1002 2201 5492 5248 3040 8825 1364 5763 814 3715 4330 97755 636 5114 1158 6666 587 5098 623
internal_value=-0.00317703 0.00059753 -0.00681632 0.00214657 -0.00132559 0.000851747 0.00348814 -0.000771202 0.0060413 0.00213098 0.00437086 0.00286382 0.00318664 -0.000862974 -7.54999e-05 -0.00392004 -0.00361641 0.00798036 -0.00122787 0.00253836 -0.00221025 0.000637607 -0.00729991 -0.00228307 -0.00183291 -0.000610546 -0.00155788 0.00119928 0.00114428 0.00066822
internal_weight=236797 116239 120558 64381 51858 32763 31618 42730 6209 18764 5736 25409 23249 13999 28806 9128 15830 3995 11011 2214 13924 17795 104728 7005 6369 2160 10209 1255 13028 6115
internal_count=236797 116239 120558 64381 51858 32763 31618 42730 6209 18764 5736 25409 23249 13999 28806 9128 15830 3995 11011 2214 13924 17795 104728 7005 6369 2160 10209 1255 13028 6115
is_linear=0
shrinkage=0.03


Tree=78
num_leaves=31
num_cat=0
split_feature=25 25 24 25 13 4 32 38 37 21 38 6 2 13 24 31 37 39 0 7 31 24 29 4 24 24 25 13 5 2
split_gain=3594.5 369.668 97.0492 90.5095 88.1265 44.5773 43.9771 42.2009 40.2769 36.0448 48.5029 34.6642 34.3227 33.8517 31.6415 31.755 31.3506 30.4243 28.4968 27.8821 25.1171 23.2973 20.5699 18.0696 15.4774 15.1008 14.948 13.2757 10.3122 9.32104
threshold=1630.5000000000002 1379.5000000000002 4.0500000000000007 1700.5000000000002 1.0000000180025095e-35 5.0000000000000036 46.500000000000007 0.22700754078277605 0.6830127018922193 16.500000000000004 0.7210268013660811 28.950000000000003 1023.2500000000001 0.0016666666666666462 -0.70000000000000095 16.519230769230774 0.93301270189221952 0.57605713708605399 28.350000000000005 2.2999999999999985 22.379807692307697 6.4500000000000011 12.225000000000001 7.7500000000000009 0.75000000000000011 1.6500000000000006 1578.5000000000002 0.0016666666666666462 24.350000000000005 1019.35
decision_type=2 2 2 2 2 2 2 2 2 2 2 2 2 2 2 2 2 2 2 2 2 2 2 2 2 2 2 2 2 2
left_child=1 2 5 13 18 6 11 17 14 10 20 -1 22 -2 28 -16 21 -7 25 27 -4 -11 -10 -9 -15 -3 -20 -5 -6 -8
right_child=3 4 9 19 8 7 29 23 12 16 -12 -13 -14 24 15 -17 -18 -19 26 -21 -22 -23 -24 -25 -26 -27 -28 -29 -30 -31
leaf_value=0.0053329829511418198 -0.0050186744059140401 -0.0068287124113800193 0.01536988535379832 -0.0050186744059140401 0.0015245922649678311 0.0092814059674454167 -0.0088276300860909984 0.015881241278702354 -0.0024841458213871979 0.0096962633760042834 0.050250573476681402 -0.0072087560071793007 0.0027180601170266813 -0.0050186744059140401 0.0028505011500945835 -0.0016446689252141754 -0.011298967890100289 -0.00055907434258660514 0.00091234665265795152 -0.0050186744059140401 0.0037975721646925464 0.027236942333213904 -0.0080715586437198009 0.023068934357245025 -0.0011114811465434344 -0.0065726354369853822 -0.0058145068753146538 -0.0050186744059140401 -0.0058774360010649517 0.0028554283003335776
leaf_weight=29599 8983 7161 1031 10091 648 2420 3078 2051 5009 13154 683 1864 1764 4448 15246 12455 567 2774 2469 91596 849 622 4177 676 1914 3096 1787 3386 2922 503
leaf_count=29599 8983 7161 1031 10091 648 2420 3078 2051 5009 13154 683 1864 1764 4448 15246 12455 567 2774 2469 91596 849 622 4177 676 1914 3096 1787 3386 2922 503
internal_value=-0.00319431 0.000560022 0.00220429 -0.00682972 -0.00117518 0.00144652 0.000986989 0.0034788 -0.000481906 0.0041297 0.00740643 0.00134554 -0.00204757 -0.00467632 6.64311e-05 0.000409071 0.00354322 0.00189088 -0.0031917 -0.00714411 0.00490967 0.00382784 -0.00278352 0.00649963 -0.00300047 -0.00404791 -0.00112729 -0.00586746 -0.00259099 -0.00216229
internal_weight=237023 116605 59871 120418 56734 42965 35044 7921 42221 16906 2563 31463 10950 15345 31271 27701 14343 5194 14513 105073 1880 13776 9186 2727 6362 10257 4256 13477 3570 3581
internal_count=237023 116605 59871 120418 56734 42965 35044 7921 42221 16906 2563 31463 10950 15345 31271 27701 14343 5194 14513 105073 1880 13776 9186 2727 6362 10257 4256 13477 3570 3581
is_linear=0
shrinkage=0.03


Tree=79
num_leaves=31
num_cat=0
split_feature=35 35 8 24 8 24 21 38 31 11 35 36 39 24 2 29 38 25 4 25 11 21 8 35 32 38 39 29 25 3
split_gain=3560.14 352.216 226.787 97.2189 77.3543 58.1978 49.1807 45.6911 44.7987 39.7578 49.374 38.1824 34.4719 32.6089 30.5598 28.2978 26.1554 24.6287 22.2436 34.7062 22.1665 21.0929 19.5353 16.8749 15.9582 15.8383 13.4547 12.2549 9.28444 9.26373
threshold=885.00000000000011 645.00000000000011 0.40000000000000396 3.8999999999999999 1.1499999999999988 -0.29999999999999888 16.500000000000004 0.7210268013660811 15.839743589743593 0.59999999999999887 515.00000000000011 0.68301270189221941 -0.42179730054635828 6.3500000000000005 1015.1500000000002 6.6333333333333337 -0.85227431625818906 1190.5000000000002 2.0000000000000013 1950.5000000000002 0.85000000000000153 24.500000000000004 0.1000000000000001 945.00000000000011 51.500000000000007 0.26037272046371446 -0.10837475778693638 13.225000000000001 1300.5000000000002 23.650000000000002
decision_type=2 2 2 2 2 2 2 2 2 2 2 2 2 2 2 2 2 2 2 2 2 2 2 2 2 2 2 2 2 2
left_child=1 3 18 9 5 25 7 15 12 10 16 28 -7 17 -13 -5 -1 -8 19 21 -10 -2 -20 -4 -12 26 -3 -27 -11 -6
right_child=2 4 23 6 29 8 13 -9 20 11 24 14 -14 -15 -16 -17 -18 -19 22 -21 -22 -23 -24 -25 -26 27 -28 -29 -30 -31
leaf_value=0.013167598410659426 -0.0011429829634699324 -0.0034594221060065922 -0.0048681141737366186 0.019633853914496773 -0.0080588435765240694 0.0050268331873949395 0.011885519188413338 0.044711563291984634 -0.0044516861700384927 0.0095970441636713047 -0.00078548848378543477 0.0042687081918124691 -0.00064673660860039119 0.025400177119256434 0.023492834010858037 0.0053510509792054741 0.0047662633213988465 0.004589771113949947 -0.0032218102578394346 -0.005042952521528905 0.0010796262002259337 0.0069846147915807039 -0.0049055066597735245 -0.0048681141737366186 -0.014476457033729632 -0.00030166268747914172 -0.0066568317887858285 -0.0064642208264746766 0.0031603768294623923 -0.0073761673865330776
leaf_weight=2922 1267 1986 7013 772 1879 7056 7328 768 15466 2316 13113 810 10997 786 1566 1368 16791 7946 4380 1062 4343 561 8480 97977 1089 2537 3872 2169 6138 2299
leaf_count=2922 1267 1986 7013 772 1879 7056 7328 768 15466 2316 13113 810 10997 786 1566 1368 16791 7946 4380 1062 4343 561 8480 97977 1089 2537 3872 2169 6138 2299
internal_value=-0.00319152 0.000554187 -0.00679995 0.00205419 -0.00126259 -0.000924568 0.00385398 0.0074433 -0.000375158 0.00129109 0.000785668 0.00287343 0.00070576 0.00320321 0.00623213 0.00518207 0.00175716 0.00289572 -0.00344242 -0.00106328 -0.00136023 0.00144262 -0.00397683 -0.00730356 -0.00056287 -0.00289324 -0.0039343 -0.00159622 0.00192822 -0.00517823
internal_weight=237057 116317 120740 63713 52604 48426 18968 2908 37862 44745 33915 10830 18053 16060 2376 2140 19713 15274 15750 2890 19809 1828 12860 104990 14202 10564 5858 4706 8454 4178
internal_count=237057 116317 120740 63713 52604 48426 18968 2908 37862 44745 33915 10830 18053 16060 2376 2140 19713 15274 15750 2890 19809 1828 12860 104990 14202 10564 5858 4706 8454 4178
is_linear=0
shrinkage=0.03


Tree=80
num_leaves=31
num_cat=0
split_feature=35 24 8 35 8 11 35 23 38 21 6 37 1 31 5 4 6 39 29 8 39 29 1 35 24 35 0 31 7 5
split_gain=3500.08 339.925 228.139 106.654 76.4191 68.161 47.2922 46.295 39.8744 46.4946 38.5334 33.8975 28.9325 26.4415 26.928 26.3673 26.1091 33.8344 26.2756 23.2852 21.5569 20.1713 20.1297 17.0156 18.2393 16.5336 16.1569 14.9867 13.8436 13.3116
threshold=885.00000000000011 1.8499999999999999 0.49999999999999739 525.00000000000011 0.85000000000000153 0.39999999999999908 765.00000000000011 5.5000000000000009 0.62587949062545845 23.500000000000004 24.450000000000003 0.25000000000000017 52.500000000000007 32.720779220779228 29.050000000000004 3.3500000000000001 17.650000000000002 0.5475998096715059 13.450000000000001 0.14999999999999861 -0.3744658827978154 10.225000000000001 50.500000000000007 1305.0000000000002 1.3999999999999997 945.00000000000011 28.250000000000004 14.839743589743593 1.3499999999999999 18.650000000000002
decision_type=2 2 2 2 2 2 2 2 2 2 2 2 2 2 2 2 2 2 2 2 2 2 2 2 2 2 2 2 2 2
left_child=1 4 19 7 6 15 16 13 22 -10 12 27 -9 14 -3 -5 18 -18 -1 23 -12 -13 -7 24 29 -4 -6 -8 -26 -2
right_child=2 3 25 5 26 8 11 10 9 -11 20 21 -14 -15 -16 -17 17 -19 -20 -21 -22 -23 -24 -25 28 -27 -28 -29 -30 -31
leaf_value=0.0064670349390408711 0.0023402871050869382 0.010091064732795302 -0.0047220707485245202 -0.0063854564752118988 -0.0072708753115154406 0.0092951208402547048 0.00079303903249602372 0.023133458083836746 0.014502723282644738 -0.0015221785209021332 0.011171945451919289 -0.0020153608220281737 0.018317547459387705 -0.0055367960147166516 -0.0018339967404167145 0.0013902359164681742 0.00041664013795445821 -0.0058289906082330135 -0.0018520025940217582 -0.0047583414599803187 -0.0029548995016064603 -0.0065741473271965258 0.001364299146684813 -0.0066194275623190678 -0.0039574486112499418 -0.0047220707485245202 -0.0059404161410784358 -0.0033781910794482631 0.0031918252916658032 -0.0039724814180517503
leaf_weight=3240 557 23272 6995 7424 4129 885 4444 504 4025 1509 1434 2716 3695 1281 1927 5746 16449 5297 1739 8828 777 6146 11788 654 658 97558 1881 5774 1168 3977
leaf_count=3240 557 23272 6995 7424 4129 885 4444 504 4025 1509 1434 2716 3695 1281 1927 5746 16449 5297 1739 8828 777 6146 11788 654 658 97558 1881 5774 1168 3977
internal_value=-0.00320746 0.000509502 -0.00679122 0.00196716 -0.00129846 0.000715845 -0.000881033 0.0031608 0.00190496 0.00402908 0.00544838 -0.0020218 0.0071358 0.00260668 0.00282042 -0.000928105 -6.65058e-05 -0.00051522 0.00189269 -0.00343569 0.00224017 -0.0033794 0.000976923 -0.00214438 -0.00166929 -0.00729958 -0.00447854 -0.000843933 0.000861597 -0.00268849
internal_weight=236477 116082 120395 64267 51815 31377 45805 32890 18207 5534 6410 19080 4199 26480 25199 13170 26725 21746 4979 15842 2211 8862 12673 7014 6360 104553 6010 10218 1826 4534
internal_count=236477 116082 120395 64267 51815 31377 45805 32890 18207 5534 6410 19080 4199 26480 25199 13170 26725 21746 4979 15842 2211 8862 12673 7014 6360 104553 6010 10218 1826 4534
is_linear=0
shrinkage=0.03


Tree=81
num_leaves=31
num_cat=0
split_feature=35 35 8 8 24 24 7 4 31 38 23 6 38 3 2 39 39 11 31 31 4 35 33 8 35 38 29 3 4 7
split_gain=3457.25 319.654 225.498 79.4613 76.2941 46.6394 46.3987 41.8006 36.8491 31.9987 40.3701 31.3678 29.9406 29.3266 26.2511 25.602 25.1542 23.9896 23.6058 22.5482 21.4493 23.4258 20.658 18.7374 16.9138 14.9405 11.4036 10.6889 10.5577 9.30258
threshold=885.00000000000011 625.00000000000011 0.49999999999999739 0.59999999999999887 4.0500000000000007 -0.29999999999999888 1.7000000000000004 5.0000000000000036 32.148351648351657 -0.41398024697495356 5.5000000000000009 28.950000000000003 0.29342972903661901 24.050000000000004 1017.9500000000002 0.65720762023595369 0.69521084835931835 0.09999999999999877 12.211111111111112 21.292857142857148 2.2999999999999985 1195.0000000000002 0.70833333333333492 1.3000000000000027 935.00000000000011 0.22700754078277605 13.225000000000001 14.450000000000001 6.6499999999999995 0.65000000000000047
decision_type=2 2 2 2 2 2 2 2 2 2 2 2 2 2 2 2 2 2 2 2 2 2 2 2 2 2 2 2 2 2
left_child=1 4 17 5 7 25 29 8 11 15 19 -1 14 -5 -9 18 -8 -2 -6 -11 21 -19 -12 -15 -4 -3 -27 -10 -14 -7
right_child=2 3 24 13 9 6 16 12 27 10 22 -13 28 23 -16 -17 -18 20 -20 -21 -22 -23 -24 -25 -26 26 -28 -29 -30 -31
leaf_value=0.0045325383814833883 -0.0046155912161809087 -0.0059163559595514477 -0.0045804086260687847 -0.006599874119549186 0.0025075889635143554 -0.0099546990858062363 0.0018100689572321481 0.0095651262006270135 0.0014180539772316947 0.01199413932102263 0.020964890694812114 -0.0058602190598115705 0.014215434427916866 -0.00052612944317636634 -0.00011232415760070946 -0.0026510102314837546 -0.0020499101992127811 0.0034971883245042807 0.011859465767650734 0.00090462661508500014 -0.004241819997906477 -0.0045909014893888425 0.009149788206820969 -0.0072916156302682208 -0.0045804086260687847 0.00028079088100137813 -0.006265280407757077 -0.011506128558906372 0.021093577139307214 -0.0047346862718474795
leaf_weight=30456 7167 4855 5641 5451 2511 1080 21743 2503 503 4300 3516 1934 1466 2771 2637 1234 7430 966 2575 1690 7174 514 1187 1810 99146 2248 1868 1766 1063 7796
leaf_count=30456 7167 4855 5641 5451 2511 1080 21743 2503 503 4300 3516 1934 1466 2771 2637 1234 7430 966 2575 1690 7174 514 1187 1810 99146 2248 1868 1766 1063 7796
internal_value=-0.00324024 0.000448151 -0.00679968 -0.00115522 0.00198966 -0.000637999 -0.000179167 0.00130758 0.000864011 0.00368631 0.00468654 0.00112296 0.0033115 -0.00357883 0.00199533 0.00199304 0.000398715 -0.00346063 0.00293337 0.00305157 -0.0023966 0.000890688 0.00676674 -0.00180831 -0.00730375 -0.00258358 -0.00125304 -0.00283025 0.00598281 -0.00207817
internal_weight=237001 116393 120608 57052 59341 47020 38049 42328 34659 17013 10693 32390 7669 10032 5140 6320 29173 15821 5086 5990 8654 1480 4703 4581 104787 8971 4116 2269 2529 8876
internal_count=237001 116393 120608 57052 59341 47020 38049 42328 34659 17013 10693 32390 7669 10032 5140 6320 29173 15821 5086 5990 8654 1480 4703 4581 104787 8971 4116 2269 2529 8876
is_linear=0
shrinkage=0.03


Tree=82
num_leaves=31
num_cat=0
split_feature=35 24 8 25 8 13 24 24 1 38 2 37 0 15 1 13 1 25 1 36 36 39 5 35 3 24 5 31 25 39
split_gain=3441.18 332.128 205.66 103.014 89.6086 68.952 43.7014 42.502 38.1964 36.1918 46.4346 30.8131 27.6469 26.8709 22.9463 20.5579 20.4776 20.0665 19.6202 18.6568 18.1277 13.9623 12.6733 12.6309 11.9195 10.909 10.6877 10.218 8.8071 8.21753
threshold=895.00000000000011 1.8499999999999999 0.49999999999999739 1259.5000000000002 0.60000000000000064 0.0066666666666666515 0.15000000000000038 6.3500000000000005 51.500000000000007 0.34235194516023087 1013.7500000000001 0.6830127018922193 28.350000000000005 0.22509257354846882 82.500000000000014 0.0016666666666666017 86.500000000000014 1950.5000000000002 47.500000000000007 -0.93301270189221908 0.93301270189221952 0.77652048701313048 23.950000000000003 935.00000000000011 24.950000000000003 -0.15000000000000033 18.950000000000003 13.759615384615387 1699.5000000000002 -0.59867820553660911
decision_type=2 2 2 2 2 2 2 2 2 2 2 2 2 2 2 2 2 2 2 2 2 2 2 2 2 2 2 2 2 2
left_child=1 4 15 7 6 14 21 8 -3 18 -11 -10 -6 19 27 -2 26 -18 -7 -8 -15 22 -1 -4 -16 -14 -17 -5 -28 -27
right_child=2 3 23 5 12 9 13 -9 11 10 -12 -13 25 20 24 16 17 -19 -20 -21 -22 -23 -24 -25 -26 29 28 -29 -30 -31
leaf_value=0.0016141306085016309 -0.0044771234796954816 0.019335389011207935 -0.0044429963672867204 0.0062008276818159846 -0.0059936235317321349 0.010886625063313496 0.010905889125306826 0.026393993920931988 0.011249110292274905 0.0011663187991177092 0.012630903839267784 0.0027157644763398025 -0.0057317173965019206 0.001150996013501177 -0.0074388345800958907 -0.00072680487081171414 0.0029801514856754685 -0.0044708434314423362 0.0011789516241658248 -0.0029053307534840211 0.0093462607550033275 -0.0058166147439849825 -0.003655012140461648 -0.0044429963672867204 0.00051218214239529653 0.0022608953688482395 -0.0036430706422606635 -0.0006419918653774204 -0.0046592018548456716 -0.0057693836425582708
leaf_weight=1803 6085 813 4657 1950 6625 601 874 837 21345 2897 5051 6666 1321 12592 5915 1081 1098 598 11094 14920 986 3889 8921 99062 1882 1363 3022 5435 2672 652
leaf_count=1803 6085 813 4657 1950 6625 601 874 837 21345 2897 5051 6666 1321 12592 5915 1081 1098 598 11094 14920 986 3889 8921 99062 1882 1363 3022 5435 2672 652
internal_value=-0.00323609 0.000378692 -0.00685562 0.00183174 -0.00135825 0.000725084 -0.000776309 0.00313092 0.00293693 0.00189857 0.00346038 0.00275042 -0.00392728 -0.00010928 -0.000793269 -0.00351559 -0.00255901 0.000388693 0.000836753 -0.000950557 0.000869293 -0.00211683 -0.0015579 -0.00732429 -0.00192813 -0.00169862 -0.00329681 0.000405104 -0.00381584 -0.000308627
internal_weight=236707 118432 118275 64486 53946 34825 43985 29661 28824 19643 7948 28011 9961 29372 15182 14556 8471 1696 11695 15794 13578 14613 10724 103719 7797 3336 6775 7385 5694 2015
internal_count=236707 118432 118275 64486 53946 34825 43985 29661 28824 19643 7948 28011 9961 29372 15182 14556 8471 1696 11695 15794 13578 14613 10724 103719 7797 3336 6775 7385 5694 2015
is_linear=0
shrinkage=0.03


Tree=83
num_leaves=31
num_cat=0
split_feature=35 24 9 25 35 11 24 3 38 2 1 35 11 31 27 24 4 1 1 0 39 29 30 11 0 2 38 0 7 1
split_gain=3442.28 290.888 160.556 90.105 70.4611 61.7326 43.4661 40.4263 34.6268 70.9694 33.2362 31.7267 31.0976 29.9576 27.2733 26.861 23.4991 22.0352 21.4938 17.1142 16.6905 16.4885 15.2786 14.8299 14.8111 14.6007 14.3893 11.1498 10.8337 10.6555
threshold=885.00000000000011 1.8999999999999997 45.000000000000007 1230.5000000000002 775.00000000000011 0.2999999999999981 6.3500000000000005 9.2500000000000018 0.62587949062545845 1013.7500000000001 51.500000000000007 955.00000000000011 -0.19999999999999749 10.160256410256411 4.0833333333333348 0.89999999999999958 6.5000000000000036 50.500000000000007 80.500000000000014 28.550000000000004 0.82777578779003613 11.366666666666669 14.500000000000002 0.09999999999999877 18.450000000000003 1008.6500000000002 -0.75015329512557205 18.650000000000002 2.0000000000000013 82.500000000000014
decision_type=2 2 2 2 2 2 2 2 2 2 2 2 2 2 2 2 2 2 2 2 2 2 2 2 2 2 2 2 2 2
left_child=1 4 15 6 7 18 10 22 17 -10 -3 -4 19 26 -12 23 -15 -7 -5 -6 21 -14 -1 -2 -22 29 -9 -25 -13 -17
right_child=2 3 11 5 12 8 -8 13 9 -11 14 28 20 16 -16 25 -18 -19 -20 -21 24 -23 -24 27 -26 -27 -28 -29 -30 -31
leaf_value=0.012036978115913897 -0.0043087004455636116 0.018150891806024558 -0.0043097064762681186 0.0018807763752097747 -0.0059180766296703493 0.0093500843871016353 0.026369727044956284 -0.0020982322442097204 -0.001796558833670474 0.014786714740047283 0.016391056771420977 -0.0043097064762681186 5.9312642454473759e-05 -0.0040842527511735938 0.0078884488708476051 -0.0024777980071507633 0.001124482143441261 0.0017050329662212714 -0.0060100588040410208 -0.0053715036660429783 -0.0006575834713427644 -0.0037012399739741238 0.0023103612526678783 0.0013231673130058507 -0.0068429970965583819 -0.0035034911885508716 0.0051969139747308386 -0.0044817866632439404 -0.0043097064762681186 0.0044146044772215356
leaf_weight=935 3189 681 9186 4560 3794 969 792 1352 2685 5255 3605 9453 4848 19525 20427 617 5391 16235 7177 1824 815 7860 951 520 2406 2142 4276 4284 90692 629
leaf_count=935 3189 681 9186 4560 3794 969 792 1352 2685 5255 3605 9453 4848 19525 20427 617 5391 16235 7177 1824 815 7860 951 520 2406 2142 4276 4284 90692 629
internal_value=-0.00323272 0.000449169 -0.0067819 0.00184435 -0.00116337 0.000896145 0.00321529 -0.000279816 0.00173467 0.00337321 0.00299302 -0.00713492 -0.00249304 -0.000543115 0.00280727 -0.00338992 -0.000989646 0.000978147 -0.000900204 -0.00441192 -0.0018158 -0.00132651 0.0039804 -0.00433865 -0.00374418 -0.00115044 0.00143339 -0.0032834 -0.00728986 0.00143029
internal_weight=237075 116363 120712 62386 53977 36881 25505 32430 25144 7940 24713 109331 21547 30544 24032 11381 24916 17204 11737 5618 15929 12708 1886 7993 3221 3388 5628 4804 100145 1246
internal_count=237075 116363 120712 62386 53977 36881 25505 32430 25144 7940 24713 109331 21547 30544 24032 11381 24916 17204 11737 5618 15929 12708 1886 7993 3221 3388 5628 4804 100145 1246
is_linear=0
shrinkage=0.03


Tree=84
num_leaves=31
num_cat=0
split_feature=35 35 9 23 13 6 38 39 6 1 9 24 31 6 35 24 39 0 6 39 39 38 29 3 25 7 24 9 9 4
split_gain=3373.95 301.084 137.975 77.5198 71.4234 70.961 90.8324 85.6168 88.9957 49.687 38.3719 32.0533 30.3127 30.1588 28.0629 26.9984 25.9654 25.6264 19.7275 19.4144 18.1363 18.0133 15.3368 14.8774 13.604 13.4816 12.9357 11.5253 10.4473 10.3137
threshold=895.00000000000011 655.00000000000011 35.000000000000007 3.5000000000000004 -1.0000000180025095e-35 18.850000000000005 0.63920241694561786 0.5475998096715059 23.650000000000002 52.500000000000007 75.000000000000014 -0.65000000000000024 16.519230769230774 11.250000000000002 945.00000000000011 0.89999999999999958 -0.46039597980994923 28.350000000000005 26.150000000000002 0.99445195900249039 -0.75013812021657655 -0.24372957273992746 9.1000000000000014 25.750000000000004 1960.5000000000002 2.0000000000000013 1.1000000000000008 265.00000000000006 1.0000000180025095e-35 2.2500000000000004
decision_type=2 2 2 2 2 2 2 2 2 2 2 2 2 2 2 2 2 2 2 2 2 2 2 2 2 2 2 2 2 2
left_child=1 3 15 18 17 6 9 8 -7 -5 -8 -6 16 -14 -4 28 -13 -3 19 22 23 -9 -1 -20 -17 27 -19 29 -2 -16
right_child=2 4 14 5 11 7 10 21 -10 -11 -12 12 13 -15 25 24 -18 26 20 -21 -22 -23 -24 -25 -26 -27 -28 -29 -30 -31
leaf_value=0.0015743652754182191 -0.0033496535216121894 -0.0056273919262474865 -0.0041804152819800745 0.011708515194490877 -0.0048060252221525735 0.014139227956359007 0.031587404887337509 -0.0056680789092552249 0.0038920291906373813 0.0041028569492667488 0.0027787891606704785 0.0038388672403405844 0.011466584624492239 -0.0031603547803919561 -0.0041804152819800745 0.00035480069768531073 -0.00085577847198698201 -0.0051094746485507003 -0.0056183243717492781 0.0062767568648969905 0.015593537513687377 0.0013793408802577688 -0.0054355011932661103 0.021202549180895137 -0.0052355610500663214 -0.0041804152819800745 0.0032555183225054622 -0.0041804152819800745 -0.0043771869756559405 -0.0041804152819800745
leaf_weight=3219 2246 8096 7088 1282 5876 8166 3682 3529 26486 7195 530 6857 537 15913 1511 2203 11778 2683 800 642 786 1747 7221 514 573 92851 914 6228 3659 2001
leaf_count=3219 2246 8096 7088 1282 5876 8166 3682 3529 26486 7195 530 6857 537 15913 1511 2203 11778 2683 800 642 786 1747 7221 514 573 92851 914 6228 3659 2001
internal_value=-0.00325637 0.000323097 -0.0068386 0.00167608 -0.00136765 0.00219146 0.00414565 0.00157025 0.00211231 0.00235553 0.00774561 -0.000777226 -0.000433708 -0.00137217 -0.00712678 -0.00319676 0.000394779 -0.00343544 -0.000381144 -0.000886413 0.00228354 -0.00198939 -0.00119805 0.00012538 -0.00075594 -0.00725305 -0.00132745 -0.00618661 -0.00434358 -0.00480649
internal_weight=236813 118453 118360 65799 52654 52617 12689 39928 34652 8477 4212 40961 35085 16450 109679 8681 18635 11693 13182 11082 2100 5276 10440 1314 2776 102591 3597 9740 5905 3512
internal_count=236813 118453 118360 65799 52654 52617 12689 39928 34652 8477 4212 40961 35085 16450 109679 8681 18635 11693 13182 11082 2100 5276 10440 1314 2776 102591 3597 9740 5905 3512
is_linear=0
shrinkage=0.03


Tree=85
num_leaves=31
num_cat=0
split_feature=35 24 8 25 8 11 25 36 5 24 3 0 3 37 8 27 3 1 21 1 1 35 1 15 35 29 1 32 3 5
split_gain=3383.71 291.183 214.579 90.4904 78.1987 65.2787 38.2151 34.3634 44.9538 31.2118 28.1432 26.7473 25.5833 23.9617 23.9291 23.3685 23.5646 20.8966 20.0025 17.3248 16.178 13.996 14.2024 15.6979 12.9764 12.6165 12.5121 12.0736 11.8716 11.5004
threshold=895.00000000000011 1.7999999999999992 0.49999999999999739 1239.5000000000002 0.60000000000000064 0.35000000000000148 1500.5000000000002 0.68301270189221941 25.850000000000005 5.5500000000000007 9.1500000000000004 28.250000000000004 21.050000000000004 0.6830127018922193 0.14999999999999861 17.183333333333337 8.0500000000000025 78.500000000000014 14.500000000000002 78.500000000000014 50.500000000000007 1315.0000000000002 87.500000000000014 0.075277265270907501 945.00000000000011 4.2250000000000005 91.500000000000014 23.500000000000004 24.250000000000004 19.550000000000004
decision_type=2 2 2 2 2 2 2 2 2 2 2 2 2 2 2 2 2 2 2 2 2 2 2 2 2 2 2 2 2 2
left_child=1 4 14 9 6 17 10 20 -9 15 -1 -6 25 27 21 16 -3 -5 -15 -12 -7 22 29 -24 -4 -11 -16 -8 -19 -2
right_child=2 3 24 5 11 7 13 8 -10 12 19 -13 -14 18 26 -17 -18 28 -20 -21 -22 -23 23 -25 -26 -27 -28 -29 -30 -31
leaf_value=0.0083895143668053698 0.00060960054572660233 0.013918978928999994 -0.0040550028235206729 0.0020243491678076492 -0.0054701112029194501 0.0084026296500942978 -3.4156156409976547e-05 0.011967975873250375 -0.0076320090866302138 0.025320784279769255 0.00091641828736049587 -0.0047105979190695344 0.006273486083162156 0.00036995485122243431 -0.0040881061225571721 -0.0011956240477753565 0.0090848088450702531 -0.0064182881363367634 -0.0059156875766819715 -0.0040632827009797938 0.002091903081769951 -0.0064959314068174009 -0.0021284115247810708 0.0060253582574959965 -0.0040550028235206729 0.016610930344100553 -0.00229256925279026 -0.0031834325230002481 -0.00031460543182204148 -0.0036695514847949226
leaf_weight=1270 953 911 5959 5472 6376 1020 5458 5629 774 520 13136 3404 923 1079 7342 2202 20591 7020 4293 8412 16866 561 631 514 97802 1101 939 8320 3597 3695
leaf_count=1270 953 911 5959 5472 6376 1020 5458 5629 774 520 13136 3404 923 1079 7342 2202 20591 7020 4293 8412 16866 561 631 514 97802 1101 939 8320 3597 3695
internal_value=-0.00325205 0.000334654 -0.00683804 0.00164593 -0.00135362 0.000754458 -0.000790565 0.00173614 0.00362178 0.00301714 3.87818e-05 -0.00376917 0.00617439 -0.00177867 -0.00343667 0.0026778 0.00297921 -0.000727581 -0.00347786 -0.000217169 0.00106077 -0.00205082 -0.0016113 0.00137969 -0.00731771 0.0084427 -0.00449928 -0.00111575 -0.00150367 -0.00234839
internal_weight=236770 118374 118396 66626 51748 40378 41968 24289 6403 26248 22818 9780 2544 19150 14635 23704 21502 16089 5372 21548 17886 6354 5793 1145 103761 1621 8281 13778 10617 4648
internal_count=236770 118374 118396 66626 51748 40378 41968 24289 6403 26248 22818 9780 2544 19150 14635 23704 21502 16089 5372 21548 17886 6354 5793 1145 103761 1621 8281 13778 10617 4648
is_linear=0
shrinkage=0.03


Tree=86
num_leaves=31
num_cat=0
split_feature=35 35 8 8 3 27 38 24 3 38 31 8 6 21 6 6 8 38 4 38 20 38 35 35 24 7 1 25 24 3
split_gain=3374.02 291.882 213.54 77.4002 76.355 72.3897 56.3452 46.3177 43.054 36.6751 35.1598 29.4322 27.7485 26.8839 24.9869 23.1218 21.9317 21.8307 21.4677 25.5042 14.3804 16.585 13.8046 13.545 14.0934 13.9066 12.2342 13.9835 11.1455 10.3451
threshold=895.00000000000011 655.00000000000011 0.49999999999999739 1.1499999999999988 8.2500000000000018 8.0833333333333339 -0.88622299073327826 -1.0000000180025095e-35 20.950000000000003 0.26037272046371446 16.519230769230774 0.35000000000000148 24.050000000000004 27.500000000000004 11.250000000000002 27.750000000000004 0.14999999999999861 -0.2102246306142678 7.3000000000000034 0.17646842360078763 -1.7499999999999998 0.62587949062545845 945.00000000000011 1325.0000000000002 1.3999999999999997 1.5000000000000007 89.500000000000014 1860.5000000000002 -0.70000000000000095 22.950000000000003
decision_type=2 2 2 2 2 2 2 2 2 2 2 2 2 2 2 2 2 2 2 2 2 2 2 2 2 2 2 2 2 2
left_child=1 4 16 7 17 8 12 20 9 -6 15 -8 -7 -10 -12 -9 23 -1 19 -19 21 -3 -4 24 -2 -26 -18 -28 -22 -5
right_child=2 3 22 29 5 6 11 10 13 -11 14 -13 -14 -15 -16 -17 26 18 -20 -21 28 -23 -24 -25 25 -27 27 -29 -30 -31
leaf_value=0.0028581648769341237 -0.0031557534593786621 -0.0052117067401915417 -0.0039333527388150527 -0.0059890870732915514 0.0036054661746340241 0.01462397237848286 0.0013721813260067915 -1.6862231790560065e-05 0.0024506420190308019 0.017310271735345169 0.0086212089867867183 -0.0086201605202296371 0.0050896091648675841 0.0087746841185784193 -0.0032750822777122021 0.0053163553635640556 -0.0039654629388804572 0.014755585214715906 0.022303330381403075 0.0092803639782003833 -0.0052520309582599831 -0.0023724327888156528 -0.0039333527388150527 -0.0062746683599518077 -0.0028476308346441701 0.0030328211308325364 0.0023726500337904175 -0.0041073830463692574 -0.00084101992437246912 -0.0053847490503492277
leaf_weight=815 4113 4293 6007 1837 3033 1637 29505 13984 8436 5459 561 3957 4540 5204 16533 3501 7020 664 1424 1137 3300 2148 97845 518 892 893 515 763 3875 2563
leaf_count=815 4113 4293 6007 1837 3033 1637 29505 13984 8436 5459 561 3957 4540 5204 16533 3501 7020 664 1424 1137 3300 2148 97845 518 892 893 515 763 3875 2563
internal_value=-0.00326023 0.000321895 -0.00683747 -0.00134423 0.00165343 0.00139199 0.000624543 -0.000996379 0.00276633 0.00444314 -0.000412727 0.000138507 0.00325659 0.00172189 -0.00138015 0.00053311 -0.0034544 0.00564819 0.00675628 0.00457155 -0.00247834 -0.00350729 -0.00731671 -0.00213618 -0.00172627 0.00049944 -0.00447289 -0.00176953 -0.00155392 -0.0051522
internal_weight=236972 118406 118566 52595 65811 61771 39639 48195 22132 8492 34579 33462 6177 13640 17094 17485 14714 4040 3225 1801 13616 6441 103852 6416 5898 1785 8298 1278 7175 4400
internal_count=236972 118406 118566 52595 65811 61771 39639 48195 22132 8492 34579 33462 6177 13640 17094 17485 14714 4040 3225 1801 13616 6441 103852 6416 5898 1785 8298 1278 7175 4400
is_linear=0
shrinkage=0.03


Tree=87
num_leaves=31
num_cat=0
split_feature=35 24 8 8 25 25 10 24 1 27 0 1 39 8 1 31 38 5 4 39 35 35 24 31 24 38 1 35 24 39
split_gain=3329.87 263.867 228.017 88.8336 82.4489 39.4354 37.6219 36.7954 35.7083 29.1034 26.0093 21.9929 21.9104 20.4303 20.4026 25.1958 20.0091 17.4295 16.4177 15.1712 14.7727 13.4453 13.3053 12.2326 10.3174 10.2872 10.2618 14.7889 10.2225 10.0723
threshold=895.00000000000011 2.100000000000001 0.4000000000000013 0.59999999999999887 1279.5000000000002 1500.5000000000002 0.14999999999999861 6.4500000000000011 51.500000000000007 16.366666666666671 28.750000000000004 51.500000000000007 -0.41399101439218416 0.14999999999999861 67.500000000000014 7.3484848484848486 0.3261394409934788 17.950000000000003 3.2000000000000002 0.75438814418115718 945.00000000000011 1325.0000000000002 0.89999999999999958 15.839743589743593 -0.15000000000000033 -0.2102246306142678 88.500000000000014 1125.0000000000002 0.95000000000000029 0.45847758937963173
decision_type=2 2 2 2 2 2 2 2 2 2 2 2 2 2 2 2 2 2 2 2 2 2 2 2 2 2 2 2 2 2
left_child=1 3 13 5 7 14 18 8 -3 -10 28 25 23 21 17 -16 -14 -1 -6 -13 -4 22 -2 -7 -12 -8 -15 -28 -5 -24
right_child=2 4 20 10 6 12 11 -9 9 -11 24 19 16 26 15 -17 -18 -19 -20 -21 -22 -23 29 -25 -26 -27 27 -29 -30 -31
leaf_value=0.008670544545329905 -0.0032210476232070744 0.016172813045016197 -0.0038153521566506006 -0.0051371124271595648 -0.0062972668661409083 0.0020540273349111331 0.0046990480481645556 0.026296476740854353 0.0084385296875476093 -0.00087604014747892471 -0.0049587621749194342 0.003546610472826066 -0.0046497450691153552 -0.003923431640272603 0.0061247198405118448 -0.0017560560129184499 -0.0019429477329006039 0.001548270594492977 0.00089131222896833508 -0.0019612227442650631 -0.0038153521566506006 -0.0059271124747144839 0.0015896008137356401 -0.0026711747866758583 6.9425205314019292e-05 0.014663822454455983 0.0024791522402716009 -0.0040294300394851049 -0.0059755746539460414 -0.0024057606293973505
leaf_weight=1107 3444 923 6263 4800 5079 3187 559 776 27556 3401 1215 13435 7710 5910 1894 18639 5801 6060 4281 3525 98811 501 1623 3319 1866 549 549 738 2596 775
leaf_count=1107 3444 923 6263 4800 5079 3187 559 776 27556 3401 1215 13435 7710 5910 1894 18639 5801 6060 4281 3525 98811 501 1623 3319 1866 549 549 738 2596 775
internal_value=-0.00328324 0.000278619 -0.00683495 -0.00116116 0.0016731 -0.000611863 0.000460445 0.00269153 0.00253403 0.0023603 -0.00366232 0.0012601 -0.00162633 -0.00317014 0.000121291 -0.000359752 -0.00231499 0.00149916 -0.0010831 0.000992218 -0.00730714 -0.0019279 -0.00152207 -0.000195913 -0.00134528 0.00535135 -0.00426413 -0.00183282 -0.00462693 0.00019375
internal_weight=236892 118278 118614 58194 60084 47717 27428 32656 31880 30957 10477 18068 20017 13540 27700 20533 13511 7167 9360 16960 105074 6343 5842 6506 3081 1108 7197 1287 7396 2398
internal_count=236892 118278 118614 58194 60084 47717 27428 32656 31880 30957 10477 18068 20017 13540 27700 20533 13511 7167 9360 16960 105074 6343 5842 6506 3081 1108 7197 1287 7396 2398
is_linear=0
shrinkage=0.03


Tree=88
num_leaves=31
num_cat=0
split_feature=35 24 8 8 25 11 24 38 21 0 24 15 3 11 36 3 31 4 4 20 39 38 35 35 38 38 39 38 39 24
split_gain=3334.35 261.296 215.164 77.0369 76.269 57.463 39.493 32.9466 45.8682 30.4229 29.0185 26.2978 23.2043 21.6701 21.4672 21.4256 21.0827 20.7944 18.5964 19.3524 18.0048 15.9492 14.1531 12.6541 10.7508 10.6065 10.3811 8.03546 8.50664 7.60458
threshold=895.00000000000011 1.8499999999999999 0.49999999999999739 0.60000000000000064 1229.5000000000002 0.2999999999999981 -0.60000000000000042 0.29342972903661901 23.500000000000004 28.250000000000004 5.5500000000000007 0.23166067138507862 21.050000000000004 0.099999999999996106 -0.93301270189221908 8.0500000000000025 31.839743589743595 4.1499999999999995 2.2999999999999985 -0.09999999999996588 0.39629089145655322 0.63920241694561786 835.00000000000011 945.00000000000011 0.29342972903661901 -0.94139628442229062 0.33222858587828868 0.22700754078277605 -0.70289845916694649 0.10000000000000055
decision_type=2 2 2 2 2 2 2 2 2 2 2 2 2 2 2 2 2 2 2 2 2 2 2 2 2 2 2 2 2 2
left_child=1 3 13 6 10 17 27 20 -9 -5 15 14 26 29 -8 -3 -17 25 19 -15 -7 -13 -11 -4 -19 -6 -12 28 -1 -2
right_child=2 4 23 9 5 7 11 8 -10 22 12 21 -14 18 -16 16 -18 24 -20 -21 -22 -23 -24 -25 -26 -27 -28 -29 -30 -31
leaf_value=-0.001524424438203059 -0.0037320384860145255 0.014097359234247661 -0.0037008915919510823 -0.0050624855947748858 0.0060914720850337332 0.0032641903990349784 0.008207766665366387 0.01074650606202159 0.00038377152482889528 0.00075088633556994236 0.026941728374171053 -6.3085483910946263e-05 0.0069625983078502431 0.0052145345039720783 -0.0029159043292092289 0.0084555117859597424 -0.0065408820030127277 -0.00065298739707604354 -0.0037261049135420016 -0.0021277701248195347 -0.0016950042696874234 0.0047155385366023459 -0.004803046186052721 -0.0037008915919510823 0.0089839234656316075 -0.0050495738914551136 0.014895538764587534 -0.0030825121665325923 -0.0054480700739768934 -0.0037320384860145255
leaf_weight=740 1820 1156 5992 6537 549 9729 1041 7786 3917 1922 517 12738 865 689 18290 19384 1034 2247 6865 946 5656 4663 1512 97837 1496 9224 1015 3399 3074 4262
leaf_count=740 1820 1156 5992 6537 549 9729 1041 7786 3917 1922 517 12738 865 689 18290 19384 1034 2247 6865 946 5656 4663 1512 97837 1496 9224 1015 3399 3074 4262
internal_value=-0.00328089 0.000277042 -0.00684116 -0.0012647 0.0015643 0.000772053 -0.000724452 0.00156921 0.00276869 -0.00364509 0.00290608 -0.000325856 0.00603689 -0.00342807 -0.00108739 0.0025577 0.00233227 -0.000825566 -0.00244884 0.000426084 0.000656561 0.000520169 -0.00135768 -0.00732043 0.00107543 -0.00155371 0.00825293 -0.00275364 -0.0036989 -0.00479536
internal_weight=236902 118491 118411 53916 64575 40604 43945 27088 11703 9971 23971 36732 2397 14582 19331 21574 20418 13516 8500 1635 15385 17401 3434 103829 3743 9773 1532 7213 3814 6082
internal_count=236902 118491 118411 53916 64575 40604 43945 27088 11703 9971 23971 36732 2397 14582 19331 21574 20418 13516 8500 1635 15385 17401 3434 103829 3743 9773 1532 7213 3814 6082
is_linear=0
shrinkage=0.03


Tree=89
num_leaves=31
num_cat=0
split_feature=35 35 8 8 3 27 38 38 39 31 38 30 22 24 4 11 3 4 38 4 38 23 8 35 35 24 7 35 39 38
split_gain=3284.75 235.352 226.207 82.8956 62.7788 57.7805 49.0018 45.1941 40.1136 38.233 30.3998 29.4885 27.4846 23.6227 22.3273 21.1541 20.6667 20.6647 20.3019 17.258 26.0309 16.97 15.7315 13.275 13.2027 11.5444 16.9169 12.8686 10.7777 8.86338
threshold=895.00000000000011 645.00000000000011 0.49999999999999739 0.79999999999999816 8.2500000000000018 8.0833333333333339 -0.88622299073327826 -0.54220184589352438 0.79773375822167203 6.3484848484848486 0.26037272046371446 6.5000000000000009 18.500000000000004 -0.65000000000000024 3.3500000000000001 0.14999999999999861 23.750000000000004 2.2999999999999985 -0.2102246306142678 7.0000000000000036 0.43733377705052551 4.5000000000000009 1.3500000000000016 945.00000000000011 765.00000000000011 1.8499999999999999 1.1500000000000006 1165.0000000000002 0.98332250088165762 0.46800856592688472
decision_type=2 2 2 2 2 2 2 2 2 2 2 2 2 2 2 2 2 2 2 2 2 2 2 2 2 2 2 2 2 2
left_child=1 4 15 8 18 7 14 21 11 -9 -8 -3 28 -13 -7 25 -5 -17 -1 20 -20 -6 -18 -4 -14 -2 -27 -28 -10 -21
right_child=2 3 23 16 5 6 10 9 12 -11 -12 13 24 -15 -16 17 22 -19 19 29 -22 -23 -24 -25 -26 26 27 -29 -30 -31
leaf_value=0.0016237847511450143 -0.0036200773314340896 0.010234530295186081 -0.00358986484419255 -0.0048861701624395674 0.0068075602923901796 0.00056583658548302936 -0.0023251638662851229 0.015742696660220868 -0.0013381736070308952 0.0086630943854922662 0.0035577037641831709 -0.0039773745193605655 -0.0033920701835274689 -0.00019723396026809724 0.0094245979692924829 0.0023209423645579185 -0.0014529645874758175 -0.0034492508991540993 0.014795253460792756 0.010747459881519142 -0.0021262889370594522 -0.0019398754423375951 -0.0056035775010877418 -0.00358986484419255 -0.0051554673864515621 -0.0050836362307517379 0.001756876970978271 -0.0037319078584931425 0.0084286047518957481 0.030799489324067422
leaf_weight=797 6277 1181 5926 3933 2532 1740 15768 3880 1863 11190 16395 4922 4157 30350 4122 972 1909 5321 919 666 690 4203 1941 97795 3992 623 906 508 680 772
leaf_count=797 6277 1181 5926 3933 2532 1740 15768 3880 1863 11190 16395 4922 4157 30350 4122 972 1909 5321 919 666 690 4203 1941 97795 3992 623 906 508 680 772
internal_value=-0.00328987 0.000238398 -0.00682625 -0.00120044 0.0014796 0.00124072 0.000534686 0.0024718 -0.000726822 0.00338475 7.48484e-05 -0.000252846 -0.00234244 -0.000409083 0.00305679 -0.00333031 -0.0040684 -0.00201708 0.00519501 0.00630945 0.00416667 0.000428603 -0.00250389 -0.00731851 -0.00319194 -0.00432359 -0.00235777 -0.000540254 0.000380157 0.00869792
internal_weight=236930 118602 118328 54928 63674 59830 38025 21805 47145 15070 32163 36453 10692 35272 5862 14607 7783 6293 3844 3047 1609 6735 3850 103721 8149 8314 2037 1414 2543 1438
internal_count=236930 118602 118328 54928 63674 59830 38025 21805 47145 15070 32163 36453 10692 35272 5862 14607 7783 6293 3844 3047 1609 6735 3850 103721 8149 8314 2037 1414 2543 1438
is_linear=0
shrinkage=0.03


Tree=90
num_leaves=31
num_cat=0
split_feature=35 35 9 11 1 27 38 31 37 1 38 37 29 0 31 38 35 10 5 22 39 0 35 4 38 25 24 7 24 24
split_gain=3238.32 241.259 128.358 87.936 62.9881 52.4186 40.6512 36.5879 33.2281 46.0296 38.723 31.3538 32.5619 27.0395 26.2818 38.8818 21.4563 20.6857 16.6886 16.6406 28.7199 15.8215 15.095 14.7613 14.608 14.4818 11.6486 11.335 11.2522 9.5288
threshold=905.00000000000011 645.00000000000011 35.000000000000007 -1.0000000180025095e-35 52.500000000000007 8.0833333333333339 -0.54220184589352438 6.3484848484848486 0.6830127018922193 78.500000000000014 -0.17647087149565668 0.6830127018922193 12.225000000000001 28.550000000000004 15.887500000000001 -0.89406062840022227 965.00000000000011 0.099999999999996106 18.550000000000004 18.500000000000004 0.64414586362404946 23.350000000000005 835.00000000000011 11.750000000000004 0.22700754078277605 1230.5000000000002 1.6500000000000006 2.0000000000000013 1.8499999999999999 0.95000000000000029
decision_type=2 2 2 2 2 2 2 2 2 2 2 2 2 2 2 2 2 2 2 2 2 2 2 2 2 2 2 2 2 2
left_child=1 4 17 13 19 6 25 -8 9 -7 -10 14 18 26 15 -5 -4 29 -13 -1 21 -21 -15 -16 -14 -6 -3 -18 -19 -2
right_child=2 3 16 11 5 8 7 -9 10 -11 -12 12 24 22 23 -17 27 28 -20 20 -22 -23 -24 -25 -26 -27 -28 -29 -30 -31
leaf_value=0.014431676529673218 -0.0036483761159534548 -0.0042970402265779962 -0.0034821688988667734 -0.0042410540670870947 0.0038703619768866247 0.0077228191767549775 0.01560967899511017 0.0084075296734428262 -0.0057804409131861079 0.00066069224829006456 0.002792239531990641 0.0029774678898548523 -0.0060433066406681375 0.0014181413718636626 -0.0024199640667852346 0.0027032221599113809 -0.0034821688988667734 -0.0027321113105438478 -0.0023307610802044297 0.028880427637858475 -0.0012181490262364236 0.009129183812787444 -0.0039546116267186121 0.0061692470128094463 -0.0015275329528019455 -0.0028302749465314602 -0.0047709575300080055 -0.0034821688988667734 0.0018414568705269162 -0.0036482934990235733
leaf_weight=725 2777 6761 9077 3159 3812 10157 3836 11264 5862 18491 4775 1671 3922 1965 15329 13792 9387 3059 4572 505 640 528 1813 682 1160 2978 2222 89679 580 1372
leaf_count=725 2777 6761 9077 3159 3812 10157 3836 11264 5862 18491 4775 1671 3922 1965 15329 13792 9387 3059 4572 505 640 528 1813 682 1160 2978 2222 89679 580 1372
internal_value=-0.00329849 0.000142697 -0.00687882 -0.00127362 0.00141365 0.00122656 0.00240293 0.00326977 0.00057099 0.00110262 -0.000860748 -0.000641299 -0.00200296 -0.00346764 -0.000173371 0.000649885 -0.00714672 -0.00315789 -0.000551241 0.00618125 0.00452687 0.00761594 -0.0013373 -0.00104493 -0.00378541 0.000474823 -0.00436311 -0.00727485 -0.00150577 -0.00460552
internal_weight=236552 120621 115931 57048 63573 61175 21890 15100 39285 28648 10637 44287 11325 12761 32962 16951 108143 7788 6243 2398 1673 1033 3778 16011 5082 6790 8983 99066 3639 4149
internal_count=236552 120621 115931 57048 63573 61175 21890 15100 39285 28648 10637 44287 11325 12761 32962 16951 108143 7788 6243 2398 1673 1033 3778 16011 5082 6790 8983 99066 3639 4149
is_linear=0
shrinkage=0.03


Tree=91
num_leaves=31
num_cat=0
split_feature=25 8 25 8 1 27 3 3 29 24 15 36 4 8 8 8 36 21 25 8 21 39 31 24 39 25 24 5 1 25
split_gain=3209.93 275.355 206.945 87.6017 51.1029 44.9955 42.9489 42.7964 32.207 29.2159 30.4199 31.5321 27.3121 24.7999 24.3314 22.4186 20.9742 20.7446 17.8739 16.8732 15.8205 16.3225 13.6507 12.4497 10.602 10.4742 11.9474 14.0049 10.2644 14.3295
threshold=1630.5000000000002 0.40000000000000396 1329.5000000000002 0.30000000000000254 53.500000000000007 8.0833333333333339 21.150000000000002 24.150000000000002 4.2250000000000005 -1.0000000180025095e-35 0.16020819787592197 0.93301270189221952 5.0000000000000036 0.49999999999999739 0.14999999999999861 1.5999999999999963 1.0000000180025095e-35 27.500000000000004 1680.5000000000002 1.1499999999999988 13.500000000000002 0.50370931781787065 17.919871794871799 1.6500000000000006 0.5475998096715059 2071.0000000000005 1.3999999999999997 18.250000000000004 89.500000000000014 1900.5000000000002
decision_type=2 2 2 2 2 2 2 2 2 2 2 2 2 2 2 2 2 2 2 2 2 2 2 2 2 2 2 2 2 2
left_child=2 14 4 9 20 6 8 19 -6 -4 22 -12 13 -7 25 23 -14 -8 -3 24 -1 -22 -11 -9 -5 26 27 -2 -16 -30
right_child=1 18 3 7 5 12 17 15 -10 10 11 -13 16 -15 28 -17 -18 -19 -20 -21 21 -23 -24 -25 -26 -27 -28 -29 29 -31
leaf_value=0.014140545031199214 0.0029058578937955458 -0.0033777038319007706 -0.002815595367439778 -0.0045976550779682256 0.020585219963350752 0.002050458804573507 0.0018229230582117451 -0.002113607331590008 0.0084028987143572199 -2.677433624619363e-05 0.00072063085453289897 0.0097555188472967236 0.0028542891857991125 -0.012570324787229113 -0.0034070099445250635 -0.0056175687953175357 0.01432730265976161 0.0090513231762782143 -0.0033777038319007706 -0.005955948997530016 0.017822361590108492 0.0024857942591805381 -0.004887449439416461 0.0059475147804232799 -0.0047766438590593277 -0.0050251137797911218 0.00066958852984984796 -0.0028446447236126372 0.0020686400994426243 -0.0035835185968110901
leaf_weight=620 502 5707 9537 4058 2178 20565 6847 4036 5041 5391 26960 2377 3557 2025 7368 1544 2242 4483 98910 2356 603 526 6720 1539 3511 602 1862 4016 608 651
leaf_count=620 502 5707 9537 4058 2178 20565 6847 4036 5041 5391 26960 2377 3557 2025 7368 1544 2242 4483 98910 2356 603 526 6720 1539 3511 602 1862 4016 608 651
internal_value=-0.00330616 -0.00674656 0.000237753 -0.000830908 0.00173094 0.00154314 0.00269217 -0.00269271 0.00450042 -0.000208435 0.000136068 0.000658254 0.00079224 0.000320689 -0.00302911 -0.000917357 0.00262843 0.00153945 -0.00730114 -0.0039657 0.00676328 0.00463528 -0.00112875 -3.09306e-05 -0.00327401 -0.00171177 -0.00135381 -0.00218695 -0.00409462 -0.00158803
internal_weight=236942 120226 116716 68029 48687 46938 18549 17044 7219 50985 41448 29337 28389 22590 15609 7119 5799 11330 104617 9925 1749 1129 12111 5575 7569 6982 6380 4518 8627 1259
internal_count=236942 120226 116716 68029 48687 46938 18549 17044 7219 50985 41448 29337 28389 22590 15609 7119 5799 11330 104617 9925 1749 1129 12111 5575 7569 6982 6380 4518 8627 1259
is_linear=0
shrinkage=0.03


Tree=92
num_leaves=31
num_cat=0
split_feature=35 35 9 11 1 31 21 37 6 25 11 24 5 11 39 12 35 21 6 7 11 29 39 9 36 9 1 9 11 5
split_gain=3239.2 221.378 130.039 84.8131 57.7136 44.581 37.1971 36.4856 37.0454 34.764 34.9317 30.0671 27.2738 33.0167 24.5943 22.3736 21.5839 18.5714 18.2494 13.5988 13.5463 13.2462 13.0435 12.1358 12.2805 10.759 10.251 9.76736 7.30702 7.12751
threshold=905.00000000000011 605.00000000000011 35.000000000000007 1.0000000180025095e-35 51.500000000000007 32.148351648351657 24.500000000000004 0.6830127018922193 17.650000000000002 1229.5000000000002 0.30000000000000254 6.5500000000000007 23.650000000000002 0.69999999999999762 -0.42179730054635828 0.0033333333333332034 955.00000000000011 13.500000000000002 11.050000000000002 2.0000000000000013 -0.79999999999999793 10.225000000000001 0.50370931781787065 65.000000000000014 0.68301270189221941 205.00000000000003 86.500000000000014 115.00000000000001 0.1000000000000001 14.65
decision_type=2 2 2 2 2 2 2 2 2 2 2 2 2 2 2 2 2 2 2 2 2 2 2 2 2 2 2 2 2 2
left_child=1 4 15 6 17 9 23 12 18 11 -11 -6 13 -5 -14 -2 28 -1 -9 25 -8 -10 -19 24 -3 -18 -17 -22 -4 -21
right_child=2 3 16 7 5 -7 20 8 21 10 -12 -13 14 -15 -16 26 19 22 -20 29 27 -23 -24 -25 -26 -27 -28 -29 -30 -31
leaf_value=0.015713043008536858 -0.0034375937175178282 -0.0049729743570326723 -0.0032763727169437475 -0.0003933412345667443 0.0071912157200441579 -0.007403492294739601 -0.0039646748014830124 0.00856577454645298 -0.0022444621668586992 -0.0016509982118879595 0.004959227841789462 0.024551556870827169 0.0008984181821406783 0.0082092214889638443 -0.0024827526091844598 -0.0027418528391052843 -0.0032763727169437475 0.017461665407539444 -0.00096608094274844151 -0.0032763727169437475 0.00043691616791683276 -0.0063346435966082932 0.0031966235051904589 -0.0039439647336771046 -0.0029511752291519434 -0.0032763727169437475 0.0021818382565821238 -0.0039019806277550357 -0.0032763727169437475 -0.0032763727169437475
leaf_weight=625 4200 3291 5596 4258 24338 2964 1658 588 2303 10526 14850 508 16547 3649 11739 2977 2353 621 5402 1011 4346 4322 510 4411 2129 7225 659 1144 1808 90424
leaf_count=625 4200 3291 5596 4258 24338 2964 1658 588 2303 10526 14850 508 16547 3649 11739 2977 2353 621 5402 1011 4346 4322 510 4411 2129 7225 659 1144 1808 90424
internal_value=-0.00330143 0.000140333 -0.00687564 -0.00103365 0.00154603 0.0013692 -0.00285981 -0.000398279 -0.00178747 0.00158022 0.000799117 0.00237786 8.59925e-05 0.00164338 -0.000349441 -0.00314238 -0.0071454 0.0068942 -7.76035e-05 -0.00726018 -0.00121259 -0.00333296 0.00458738 -0.004057 -0.00310402 -0.00618006 -0.00141836 -0.000494355 -0.00557791 -0.00737319
internal_weight=236982 120729 116253 65787 54942 53186 16979 48808 12615 50222 25376 24846 36193 7907 28286 7836 108417 1756 5990 101013 7148 6625 1131 9831 5420 9578 3636 5490 7404 91435
internal_count=236982 120729 116253 65787 54942 53186 16979 48808 12615 50222 25376 24846 36193 7907 28286 7836 108417 1756 5990 101013 7148 6625 1131 9831 5420 9578 3636 5490 7404 91435
is_linear=0
shrinkage=0.03


Tree=93
num_leaves=31
num_cat=0
split_feature=35 8 24 8 25 11 29 1 37 3 37 37 3 21 38 5 39 5 24 38 0 0 11 24 24 25 38 8 2 1
split_gain=3212.66 223.874 220.475 83.694 69.5746 43.603 42.3072 32.1424 36.0909 54.8142 28.3549 26.5933 46.3809 25.7765 24.4721 21.473 20.6926 19.6379 19.5696 25.6986 19.163 18.8367 17.8706 15.1745 14.314 13.9654 13.3565 12.7201 12.385 11.8152
threshold=905.00000000000011 0.4000000000000013 1.6500000000000006 0.79999999999999816 1279.5000000000002 0.2999999999999981 13.450000000000001 51.500000000000007 0.6830127018922193 20.950000000000003 0.6830127018922193 0.6830127018922193 13.050000000000002 12.500000000000002 -0.074117382312902977 18.050000000000004 0.77652048701313048 15.550000000000002 1.8499999999999999 -0.099819732675876835 26.050000000000004 28.250000000000004 0.49999999999999917 0.10000000000000055 1.0000000180025095e-35 1948.5000000000002 0.22700754078277605 0.64999999999999869 1016.7500000000001 91.500000000000014
decision_type=2 2 2 2 2 2 2 2 2 2 2 2 2 2 2 2 2 2 2 2 2 2 2 2 2 2 2 2 2 2
left_child=2 17 3 6 7 20 15 -4 9 -9 23 12 -7 -13 -10 24 -17 -2 22 -20 28 -5 29 -8 -1 -21 -12 -3 -6 -19
right_child=1 27 4 21 5 11 10 8 14 -11 26 13 -14 -15 -16 16 -18 18 19 25 -22 -23 -24 -25 -26 -27 -28 -29 -30 -31
leaf_value=-0.0024201569376086285 0.0018086447414476013 -0.0031780815354354348 0.015463622313158835 -0.0040366006855154504 -0.0063522453455700616 0.01386289770382614 -0.0043835126335290894 0.015355344235745222 -0.0022297538801103389 0.0049466598861663677 -0.0060415545879055847 0.0083213443488100725 0.0030277164299493853 -0.0031906793188725756 0.0061228683331440333 0.00017167425489868159 -0.0031545767974508142 -0.0033517125977689673 0.005451908547255805 -0.0014461616211177671 0.0015417247148497148 -0.00351723008384313 -0.0022999693781167664 -0.000962163299207337 0.0060277448505686943 -0.0040291884158589943 -0.0021680838864605906 -0.0031780815354354348 -0.0025490599851860436 -0.00063279781362435002
leaf_weight=590 615 6541 970 4917 4030 1618 4745 9023 4609 16302 3374 706 16638 5067 3249 19101 5537 6912 753 1171 3749 2548 1872 7547 1892 575 1024 97072 3144 598
leaf_count=590 615 6541 970 4917 4030 1618 4745 9023 4609 16302 3374 706 16638 5067 3249 19101 5537 6912 753 1171 3749 2548 1872 7547 1892 575 1024 97072 3144 598
internal_value=-0.00330371 -0.00686401 0.000130335 -0.00136011 0.00123624 0.000295245 -0.000859696 0.00219917 0.00204151 0.00259259 -0.00204799 0.00100963 0.00157082 -0.000764935 0.000265267 -0.000128309 -0.000396307 -0.00307009 -0.0033407 -0.000980608 -0.0012762 -0.0042959 -0.00396899 -0.00130796 0.00253019 -0.00297769 -0.00411477 -0.0073215 -0.00218436 -0.0046226
internal_weight=236489 116109 120380 51275 69105 34952 43810 34153 33183 25325 16690 24029 18256 5773 7858 27120 24638 12496 11881 2499 10923 7465 9382 12292 2482 1746 4398 103613 7174 7510
internal_count=236489 116109 120380 51275 69105 34952 43810 34153 33183 25325 16690 24029 18256 5773 7858 27120 24638 12496 11881 2499 10923 7465 9382 12292 2482 1746 4398 103613 7174 7510
is_linear=0
shrinkage=0.03


Tree=94
num_leaves=31
num_cat=0
split_feature=35 8 8 25 37 5 11 6 8 24 22 29 39 6 3 8 27 38 6 3 3 29 35 24 29 37 24 8 4 25
split_gain=3174.6 218.718 209.229 114.139 42.6721 47.2167 48.7657 43.7832 40.437 36.3492 30.9994 32.0353 30.706 24.4843 21.5434 19.6221 19.2844 43.2135 23.0595 18.6908 17.0464 16.8333 16.8306 19.1147 13.8816 13.8673 13.8446 13.7977 9.57027 9.37284
threshold=905.00000000000011 0.4000000000000013 0.30000000000000254 1270.5000000000002 0.6830127018922193 23.950000000000003 0.5999999999999962 17.650000000000002 1.1499999999999988 5.6500000000000012 30.500000000000004 12.366666666666669 -0.41399101439218416 11.050000000000002 21.150000000000002 0.20000000000000198 4.366666666666668 -0.55657520495441892 28.650000000000002 8.4500000000000011 23.050000000000004 10.225000000000001 1305.0000000000002 -0.10000000000000052 3.9000000000000004 0.6830127018922193 -0.39999999999999941 0.70000000000000029 1.599999999999999 1430.5000000000002
decision_type=2 2 2 2 2 2 2 2 2 2 2 2 2 2 2 2 2 2 2 2 2 2 2 2 2 2 2 2 2 2
left_child=2 15 3 9 5 6 -5 13 10 16 11 19 -7 -6 24 22 17 -1 -18 -4 -10 -9 23 -2 -11 -13 -12 -3 -25 -22
right_child=1 27 8 4 7 12 -8 21 20 14 26 25 -14 -15 -16 -17 18 -19 -20 -21 29 -23 -24 28 -26 -27 -28 -29 -30 -31
leaf_value=0.00027088480579871897 -0.0052683742520618334 -0.0030827390893723721 0.0093787295921879815 0.00044750279279510584 0.0086013113601613924 0.0013791680089249336 0.0092896440005041936 -0.0017892250924716978 -0.0044252205461125021 0.022993807688587085 -0.0042843674157456626 -0.0043462325276971267 -0.0022039799677021489 -0.00048093678534828706 0.0073691124878702656 -0.0031053263144179819 0.0056691667926780038 0.017386926939221527 -0.0035089608618297484 -0.0031820828226964562 -0.0015433943793100456 -0.0065452061833037823 -0.0052683742520618334 0.0031342593157647905 0.016425591279994177 -0.0041334312038330198 0.0023117876622247308 -0.0030827390893723721 -0.0013678674611754104 -0.0038599446613279179
leaf_weight=1861 2120 8854 712 6380 751 20049 6047 3316 2633 505 622 4110 13430 7151 770 4885 24776 2913 2382 5680 1005 5697 838 617 1105 2064 4158 94789 4020 2527
leaf_count=1861 2120 8854 712 6380 751 20049 6047 3316 2633 505 622 4110 13430 7151 770 4885 24776 2913 2382 5680 1005 5697 838 617 1105 2064 4158 94789 4020 2527
internal_value=-0.00332207 -0.0068628 8.60368e-05 0.0007007 -5.93334e-05 0.000415287 0.00199433 -0.00134731 -0.00245322 0.00209215 -0.00171115 -0.00249324 -0.000170918 0.000282768 0.00566751 -0.00311008 0.00182533 0.00358354 0.00151602 -0.00100407 -0.00453989 -0.00277621 -0.00215513 -0.00165668 0.00763958 -0.00403416 0.000345044 -0.00731461 -0.000577172 -0.00317487
internal_weight=236767 116123 120644 97133 62821 45906 12427 16915 23511 34312 17346 12566 33479 7902 2380 12480 31932 4774 27158 6392 6165 9013 7595 6757 1610 6174 4780 103643 4637 3532
internal_count=236767 116123 120644 97133 62821 45906 12427 16915 23511 34312 17346 12566 33479 7902 2380 12480 31932 4774 27158 6392 6165 9013 7595 6757 1610 6174 4780 103643 4637 3532
is_linear=0
shrinkage=0.03


Tree=95
num_leaves=31
num_cat=0
split_feature=25 25 9 11 3 27 37 4 38 28 0 31 9 6 7 37 6 38 25 23 3 22 25 4 38 9 4 4 3 3
split_gain=3107.16 206.155 133.329 82.8737 50.6115 49.3191 41.9043 39.216 39.1469 37.5989 28.4633 24.4512 24.2171 22.6212 20.4672 20.2706 28.8899 19.2946 17.9733 17.8835 17.1774 16.0169 14.7811 14.2028 17.1601 12.7038 12.5566 11.6084 14.6132 9.10533
threshold=1650.5000000000002 1390.5000000000002 45.000000000000007 1.0000000180025095e-35 8.2500000000000018 8.0833333333333339 0.6830127018922193 3.3999999999999999 -0.54220184589352438 9.5000000000000018 28.350000000000005 7.1742424242424248 1.0000000180025095e-35 17.650000000000002 2.0999999999999992 0.6830127018922193 17.650000000000002 -0.2102246306142678 1588.5000000000002 4.5000000000000009 11.950000000000001 23.500000000000004 1710.5000000000002 7.3000000000000034 0.40614137006726808 65.000000000000014 3.8000000000000029 2.0999999999999992 24.650000000000002 24.250000000000004
decision_type=2 2 2 2 2 2 2 2 2 2 2 2 2 2 2 2 2 2 2 2 2 2 2 2 2 2 2 2 2 2
left_child=1 4 12 10 17 8 7 -7 19 -10 25 21 -2 -8 27 20 -17 -1 -12 -6 -13 -5 -16 24 -19 -3 -14 28 -4 -23
right_child=2 3 14 11 5 6 13 -9 9 -11 18 15 26 -15 22 16 -18 23 -20 -21 -22 29 -24 -25 -26 -27 -28 -29 -30 -31
leaf_value=0.001281958200434703 -0.0017753348471829409 -0.003802568526174872 -0.002990256916691201 0.011012872115375076 0.0065275989337885048 -0.00044721994811658394 0.00095223342988470349 0.0057455430661483772 0.014603150623846713 0.006407319674646977 0.0013551686770688497 0.0048837758449830002 -0.0028370768778062314 -0.0066706915575240038 -0.002990256916691201 -0.00032694184244377351 -0.0044510155844014647 0.011614004236962313 -0.0032097631551877702 -0.001957747484493746 -0.0010180022725981806 -0.0019790493270896029 -0.002990256916691201 0.019099224310980083 0.0033155348045248532 -0.0034303947580989961 -0.0031414487007176495 -0.002990256916691201 -0.0014232721630649521 0.0067225821585863033
leaf_weight=802 3478 5650 3775 685 2478 14888 3711 13783 4857 10082 2631 1861 1475 5995 7239 4832 5110 928 2222 4282 26444 1046 88516 1351 801 5722 4306 6203 749 912
leaf_count=802 3478 5650 3775 685 2478 14888 3711 13783 4857 10082 2631 1861 1475 5995 7239 4832 5110 928 2222 4282 26444 1046 88516 1351 801 5722 4306 6203 749 912
internal_value=-0.00331086 4.89986e-05 -0.00682545 -0.00126096 0.00121881 0.00100419 0.000357813 0.00093459 0.00214725 0.00300432 -0.00307497 -0.000541059 -0.0033714 -0.0013458 -0.00712572 -0.000733941 -0.00189914 0.00453785 -0.00115088 0.000252884 -0.000324566 0.00224858 -0.00726519 0.00561648 0.00380849 -0.00389573 -0.00456121 -0.00587963 -0.0047194 0.000864796
internal_weight=236814 121073 115741 57115 63958 60076 38377 28671 21699 14939 16225 40890 9259 9706 106482 38247 9942 3882 4853 6760 28305 2643 95755 3080 1729 11372 5781 10727 4524 1958
internal_count=236814 121073 115741 57115 63958 60076 38377 28671 21699 14939 16225 40890 9259 9706 106482 38247 9942 3882 4853 6760 28305 2643 95755 3080 1729 11372 5781 10727 4524 1958
is_linear=0
shrinkage=0.03


Tree=96
num_leaves=31
num_cat=0
split_feature=35 8 8 25 8 24 21 38 39 31 29 5 29 38 13 1 27 3 22 4 3 29 8 4 35 24 5 3 27 37
split_gain=3078.38 233.082 195.007 106.493 40.1985 37.7126 34.6294 34.2051 38.2099 34.7392 32.8913 31.7372 30.6976 25.3235 24.9215 23.2431 25.7834 22.9447 21.432 18.7918 16.3137 15.3441 14.8768 14.3051 10.8284 16.0055 11.5638 10.5114 10.3539 10.1596
threshold=905.00000000000011 0.49999999999999739 0.30000000000000254 1300.5000000000002 1.1499999999999988 5.7500000000000009 25.500000000000004 0.26037272046371446 0.29958852271690523 9.1742424242424256 11.633333333333335 24.250000000000004 10.100000000000001 0.12545942051955489 0.0033333333333332923 53.500000000000007 4.0833333333333348 13.450000000000001 23.500000000000004 2.9000000000000017 23.250000000000004 2.9000000000000004 0.75000000000000011 3.2999999999999985 1305.0000000000002 0.10000000000000055 19.450000000000003 24.550000000000004 19.366666666666671 0.6830127018922193
decision_type=2 2 2 2 2 2 2 2 2 2 2 2 2 2 2 2 2 2 2 2 2 2 2 2 2 2 2 2 2 2
left_child=2 14 3 5 6 15 12 8 13 18 -10 -11 17 -5 24 -1 -17 -4 -9 27 -6 -7 -3 -23 25 -2 -27 -16 -8 -14
right_child=1 22 4 7 20 21 28 9 10 11 -12 -13 29 -15 19 16 -18 -19 -20 -21 -22 23 -24 -25 -26 26 -28 -29 -30 -31
leaf_value=0.010271811696993026 -0.0029289761384360289 -0.002900549209190465 0.0074941745955431037 0.00079993156270903088 -0.0041757141934876257 0.021927367671333076 0.0015345026806997521 0.013178298010950858 -0.00093534808620745222 0.0029459488431273989 -0.0059381983012970858 -0.0024419910286697069 -0.0039991168390996062 -0.0095824010067260112 -0.00064707228066486543 0.011556135974504505 0.0035479237290208599 -0.0036411735421533545 0.0038260148762329967 -0.0029824295945702793 -0.0035813265126814109 0.0033411529600448817 -0.002900549209190465 0.016459811537242113 -0.0032690467131659892 -9.7191083018648974e-05 -0.0029289761384360289 0.0051723524076638921 -0.0043745182374998878 -0.0037893488038712943
leaf_weight=1124 2106 8396 1205 15833 2649 516 5302 1174 7300 12012 7326 9304 4135 1060 883 4536 32336 2588 2655 4144 3466 722 94224 986 1072 1146 3591 514 1151 2916
leaf_count=1124 2106 8396 1205 15833 2649 516 5302 1174 7300 12012 7326 9304 4135 1060 883 4536 32336 2588 2655 4144 3466 722 94224 986 1072 1146 3591 514 1151 2916
internal_value=-0.00332638 -0.00681163 3.6659e-05 0.000630432 -0.00242035 0.00181095 -0.00168088 -0.000207532 -0.000865851 0.000617668 -0.00198831 0.000144948 -0.00271621 0.000106096 -0.00309853 0.0015885 0.00145875 -0.000539526 0.00324785 -0.00155466 -0.00451079 0.00560647 -0.00729844 0.00422807 -0.00417867 -0.0037374 -0.00276799 0.00145282 5.92564e-05 -0.00388664
internal_weight=236372 116076 120296 96884 23412 40220 17297 56664 31519 25145 14626 21316 10844 16893 13456 37996 36872 3793 3829 5541 6115 2224 102620 1708 7915 6843 4737 1397 6453 7051
internal_count=236372 116076 120296 96884 23412 40220 17297 56664 31519 25145 14626 21316 10844 16893 13456 37996 36872 3793 3829 5541 6115 2224 102620 1708 7915 6843 4737 1397 6453 7051
is_linear=0
shrinkage=0.03


Tree=97
num_leaves=31
num_cat=0
split_feature=35 8 8 25 8 24 21 24 7 29 38 11 28 38 1 4 7 4 8 37 29 4 21 25 25 1 24 11 29 38
split_gain=3098.49 236.407 188.878 99.2232 39.7087 35.289 33.8375 30.3099 39.1088 28.5558 24.6876 23.738 20.9572 42.6264 22.92 17.9835 16.699 16.5561 15.2962 14.6468 14.5524 16.1619 14.2416 13.0174 11.3837 24.4238 13.7311 11.0921 10.9255 15.7071
threshold=905.00000000000011 0.49999999999999739 0.30000000000000254 1290.5000000000002 1.1499999999999988 5.7500000000000009 26.500000000000004 -1.0000000180025095e-35 1.2 12.366666666666669 0.63920241694561786 0.19999999999999754 9.5000000000000018 -0.55657520495441892 63.500000000000007 4.3000000000000034 0.90000000000000135 2.4500000000000006 0.70000000000000029 0.6830127018922193 2.9000000000000004 3.1500000000000008 24.500000000000004 1420.5000000000002 1969.5000000000002 91.500000000000014 1.8499999999999999 0.30000000000000032 13.450000000000001 0.26037272046371446
decision_type=2 2 2 2 2 2 2 2 2 2 2 2 2 2 2 2 2 2 2 2 2 2 2 2 2 2 2 2 2 2
left_child=2 11 3 5 6 12 9 28 15 16 -10 24 13 -1 -14 -9 -4 27 -3 -11 -7 -22 -6 -24 25 26 -2 -13 29 -5
right_child=1 18 4 7 22 20 -8 8 10 19 -12 17 14 -15 -16 -17 -18 -19 -20 -21 21 -23 23 -25 -26 -27 -28 -29 -30 -31
leaf_value=-0.00031837562692079265 -0.0028411068542829481 -0.0028135327329147511 0.00515859411415569 -0.0027292118257130618 -0.0040642806611815288 0.020869786127204078 0.00130387829863149 -0.0057385033160060241 0.00028322339860399116 -0.0040549553414144391 0.0046989955198871412 -0.0013895177593612475 0.0095737595842062973 0.015091060362870291 0.0034097998990662878 0.0012450270545419362 -0.0031987579919657096 -0.0028434470675502616 -0.0028135327329147511 -0.0037432827972958406 0.0015654229392332297 0.01493379494890152 -0.00018043953138152435 -0.0037624092343012316 -0.0030777990246614586 0.0021882785748080003 -0.0013772266920388382 0.0055085160776552709 -0.0047322105696039887 0.0015065490763977729
leaf_weight=2012 4611 7868 1977 3570 2563 507 4620 7762 27327 4136 10485 509 2360 3184 28604 3200 4515 4395 95177 2046 659 1009 899 2673 1739 577 1010 552 4081 2675
leaf_count=2012 4611 7868 1977 3570 2563 507 4620 7762 27327 4136 10485 509 2360 3184 28604 3200 4515 4395 95177 2046 659 1009 899 2673 1739 577 1010 552 4081 2675
internal_value=-0.0033153 -0.00680784 4.93935e-05 0.000630946 -0.00236898 0.00181959 -0.00163304 -0.000140097 0.000172523 -0.00243413 0.000629925 -0.00305767 0.00159615 0.00335898 0.00130014 -0.00140505 -0.00104404 -0.00153353 -0.00729519 -0.00389311 0.0055294 0.00416766 -0.00444232 -0.00321489 -0.00410474 -0.00350081 -0.00410413 0.00182738 -0.00161648 -0.000827197
internal_weight=237302 116438 120864 97435 23429 38335 17294 59100 48774 12674 37812 13393 36160 5196 30964 10962 6492 5456 103045 6182 2175 1668 6135 3572 7937 6198 5621 1061 10326 6245
internal_count=237302 116438 120864 97435 23429 38335 17294 59100 48774 12674 37812 13393 36160 5196 30964 10962 6492 5456 103045 6182 2175 1668 6135 3572 7937 6198 5621 1061 10326 6245
is_linear=0
shrinkage=0.03


Tree=98
num_leaves=31
num_cat=0
split_feature=25 8 8 25 8 37 0 11 6 24 39 22 29 11 4 8 27 7 1 6 29 4 6 29 24 25 1 11 25 6
split_gain=3044.29 257.278 171.723 94.2046 39.2133 35.9286 39.1363 42.6008 36.2501 34.488 27.9893 26.5663 28.7438 22.4266 22.1284 19.8718 19.0503 18.6862 18.0086 17.1364 15.1956 16.6294 13.1095 12.9097 11.7969 17.1161 13.2468 11.7271 11.5747 11.246
threshold=1640.5000000000002 0.49999999999999739 0.30000000000000254 1280.5000000000002 1.1499999999999988 0.6830127018922193 23.950000000000003 0.5999999999999962 17.650000000000002 5.7500000000000009 -0.41399101439218416 29.500000000000004 13.633333333333335 0.19999999999999754 3.2999999999999998 0.79999999999999993 16.366666666666671 0.90000000000000135 51.500000000000007 11.050000000000002 2.9000000000000004 3.2000000000000002 25.050000000000004 10.225000000000001 0.10000000000000055 1969.5000000000002 91.500000000000014 0.35000000000000148 1429.5000000000002 21.750000000000004
decision_type=2 2 2 2 2 2 2 2 2 2 2 2 2 2 2 2 2 2 2 2 2 2 2 2 2 2 2 2 2 2
left_child=2 13 3 9 11 6 7 -5 19 16 -8 12 17 24 27 -3 18 -4 -1 -7 -11 -22 -6 -10 -2 26 -26 -15 -24 -18
right_child=1 15 4 5 22 8 10 -9 23 20 -12 -13 -14 14 -16 -17 29 -19 -20 -21 21 -23 28 -25 25 -27 -28 -29 -30 -31
leaf_value=0.010724266160162661 -0.0027558736486544598 -0.0027291267509273083 0.0049681899663815707 0.00010013403731610859 -0.0046910143946721208 0.0082151203939946574 0.0011366849255625877 0.0083477567181147096 -0.0017413497492370499 0.021108984170657975 -0.002248508952556971 0.00011492444868862694 -0.0042217865314235379 -0.00069793393711321036 -0.0028964432602891976 -0.0027291267509273083 0.0064219543622662861 -0.0033837872714503896 0.0054888803030241542 -0.00053044909177114906 0.0015904515802617957 0.015362731549298391 -0.00017092009279473351 -0.0061546816175267385 -0.002744231534734738 -0.0028176392706436076 0.0019994068977191928 0.0048803212687841789 -0.0039807604561879397 -0.0055226964051544713
leaf_weight=522 2409 9617 2109 6018 2708 716 19072 5797 3199 520 12818 5923 4202 1088 4434 94111 1830 4377 29458 6924 698 957 830 5495 3857 1537 543 588 2333 2322
leaf_count=522 2409 9617 2109 6018 2708 716 19072 5797 3199 520 12818 5923 4202 1088 4434 94111 1830 4377 29458 6924 698 957 830 5495 3857 1537 543 588 2333 2322
internal_value=-0.00333499 -0.0067442 5.5794e-05 0.000606707 -0.00230497 -0.000122791 0.000325863 0.00180058 -0.00132315 0.00181298 -0.000220588 -0.00155977 -0.00245276 -0.00299419 -0.0016124 -0.00726675 0.00157936 -0.00119991 0.00184311 0.000184507 0.00547428 0.00406005 -0.00441214 -0.00264777 -0.00400515 -0.00328464 -0.00233076 0.001323 -0.00309716 -0.000324988
internal_weight=237012 118184 118828 96346 22482 60039 43705 11815 16334 36307 31890 16611 10688 14456 6110 103728 34132 6486 29980 7640 2175 1655 5871 8694 8346 5937 4400 1676 3163 4152
internal_count=237012 118184 118828 96346 22482 60039 43705 11815 16334 36307 31890 16611 10688 14456 6110 103728 34132 6486 29980 7640 2175 1655 5871 8694 8346 5937 4400 1676 3163 4152
is_linear=0
shrinkage=0.03


Tree=99
num_leaves=31
num_cat=0
split_feature=25 8 8 25 8 24 22 29 16 38 22 39 8 7 1 27 8 29 3 29 4 22 24 7 1 25 25 24 27 6
split_gain=3023.73 249.846 195.549 95.3212 42.2673 38.1544 29.407 33.3336 28.5421 28.5285 29.7029 27.8393 22.7359 22.13 21.4371 20.3057 18.9093 17.7918 15.7182 13.3142 14.2584 12.852 12.7963 11.6727 10.4648 14.3558 10.3445 11.8626 10.0307 8.6341
threshold=1650.5000000000002 0.49999999999999739 0.30000000000000254 1290.5000000000002 1.1499999999999988 5.7500000000000009 29.500000000000004 12.366666666666669 -2.4999999999999996 0.30983042691905771 23.500000000000004 -0.26037106507032781 0.14999999999999861 0.90000000000000135 61.500000000000007 4.366666666666668 0.70000000000000029 6.2250000000000005 23.350000000000005 2.9000000000000004 3.2999999999999985 24.500000000000004 -1.0000000180025095e-35 1.2 89.500000000000014 1860.5000000000002 2030.5000000000002 -0.10000000000000052 19.550000000000004 17.550000000000004
decision_type=2 2 2 2 2 2 2 2 2 2 2 2 2 2 2 2 2 2 2 2 2 2 2 2 2 2 2 2 2 2
left_child=2 12 3 5 6 14 7 13 9 11 -11 -5 26 -4 21 -16 -3 23 -6 -7 -21 -1 -19 -10 -14 -26 27 -2 -8 -29
right_child=1 16 4 8 18 19 28 -9 17 10 -12 -13 24 -15 15 -17 -18 22 -20 20 -22 -23 -24 -25 25 -27 -28 29 -30 -31
leaf_value=0.011399771154922075 -0.0036274829640113586 -0.0026472529483994893 0.0057645335356133805 0.0025281612575034649 -0.0036914234560940493 0.022134561051573121 0.0012064825581874353 -0.0036691667580052651 -0.0049503879664709203 0.0087266417503710017 0.0013402904264809767 -0.0022315949047372438 -0.0026735467026124176 -0.0029199782512468403 0.0099231023301504864 0.0032565894973562901 -0.0026472529483994893 -0.0039031168113921721 -0.0031831754857772833 0.0056594759061512163 0.01507452703534836 0.0038965510791247036 -0.0014400751170107428 0.004924072751302553 0.0030559290065673189 -0.0029009358758023069 -0.0042027600412685223 0.0038067332540886009 -0.0043691621818256208 -0.0008620213491897776
leaf_weight=1378 1542 7749 1903 6950 2739 513 5312 5570 839 3973 7179 8819 6426 3795 5190 28952 94853 5711 3524 713 964 667 23418 2093 505 768 812 830 923 2590
leaf_count=1378 1542 7749 1903 6950 2739 513 5312 5570 839 3973 7179 8819 6426 3795 5190 28952 94853 5711 3524 713 964 667 23418 2093 505 768 812 830 923 2590
internal_value=-0.00331414 -0.00677415 1.6718e-06 0.000597236 -0.00243794 0.00176092 -0.00168081 -0.00259539 -0.000159959 0.000560209 0.00172136 -0.00026108 -0.00293265 -0.000981579 0.00152802 0.00134914 -0.00727852 -0.000764666 -0.00455267 0.00560447 0.00430167 0.00451026 -0.000988895 0.00146217 -0.00399981 -0.00151176 -0.00150883 -0.000994158 -2.76575e-05 -8.7668e-06
internal_weight=237200 116075 121125 97359 23766 38377 17503 11268 58982 26921 11152 15769 13473 5698 36187 34142 102602 32061 6263 2190 1677 2045 29129 2932 7699 1273 5774 4962 6235 3420
internal_count=237200 116075 121125 97359 23766 38377 17503 11268 58982 26921 11152 15769 13473 5698 36187 34142 102602 32061 6263 2190 1677 2045 29129 2932 7699 1273 5774 4962 6235 3420
is_linear=0
shrinkage=0.03


Tree=100
num_leaves=31
num_cat=0
split_feature=35 8 8 25 8 37 0 18 22 24 22 39 30 8 7 0 37 30 3 38 35 24 7 8 3 24 24 35 37 39
split_gain=3016.22 214.681 204.188 86.7936 42.1997 37.7029 36.6527 37.8369 35.5097 34.8677 32.3834 28.2545 25.002 24.5485 23.1552 19.8473 27.0239 18.5855 17.051 15.998 15.9137 16.03 15.6003 14.5885 11.7719 10.8951 10.6011 10.2805 10.1157 9.8354
threshold=915.00000000000011 0.49999999999999739 0.30000000000000254 1280.5000000000002 1.1499999999999988 0.6830127018922193 23.750000000000004 0.40000000000000308 18.500000000000004 5.7500000000000009 29.500000000000004 -0.41399101439218416 16.500000000000004 0.20000000000000198 0.90000000000000135 29.050000000000004 0.6830127018922193 12.500000000000002 23.250000000000004 -0.2102246306142678 1325.0000000000002 1.6000000000000008 1.3499999999999999 0.70000000000000029 12.550000000000002 6.4500000000000011 -0.39999999999999941 815.00000000000011 0.6830127018922193 -0.95242240592625282
decision_type=2 2 2 2 2 2 2 2 2 2 2 2 2 2 2 2 2 2 2 2 2 2 2 2 2 2 2 2 2 2
left_child=2 13 3 9 10 6 7 -5 19 15 12 -8 14 20 -4 16 -1 -10 -6 -7 21 -2 -23 -3 -11 -26 -12 -20 -14 -17
right_child=1 23 4 5 18 8 11 -9 17 24 26 -13 28 -15 -16 29 -18 -19 27 -21 -22 22 -24 -25 25 -27 -28 -29 -30 -31
leaf_value=0.0080832431008813401 -0.002701962112022531 -0.0025678353599475046 0.0050729268909588668 0.00052179646995964524 -0.003115205234473404 -0.0041035202939760963 0.0012416949653166708 0.0087266590364253327 -0.00086082564602259356 0.024919218433763282 -0.003079905620919201 -0.0021275357955792659 -0.0033486395772255517 -0.0025929910381164538 -0.0027770702517443098 -0.0082858616229190465 0.00072124196226817537 -0.0049654202615236308 -0.0056957812125143564 0.0050747795197350265 -0.0046654743656667384 -0.0036454529992078813 0.0024394999779112168 -0.0025678353599475046 0.0074315900375965154 0.017128594319009639 0.0011775955800162885 -0.0027729577415827166 -0.0032639224664619336 0.0017389030055923226
leaf_weight=22645 4373 7468 1899 6479 2834 614 19892 5254 5008 533 984 13580 3521 5542 4493 1194 8465 8746 2070 2309 700 701 1211 94174 1019 571 5489 1663 1842 1754
leaf_count=22645 4373 7468 1899 6479 2834 614 19892 5254 5008 533 984 13580 3521 5542 4493 1194 8465 8746 2070 2309 700 701 1211 94174 1019 571 5489 1663 1842 1754
internal_value=-0.00333424 -0.0068448 -7.19111e-05 0.000543084 -0.00250403 -0.000139374 0.000310405 0.00175309 -0.00135844 0.00171026 -0.00176083 -0.000195376 -0.00269903 -0.00313852 -0.00143103 0.00147754 0.00170047 -0.00199658 -0.00456576 0.00164359 -0.0019547 -0.00147566 0.000815047 -0.00730151 0.00543882 0.00413631 -5.67568e-05 -0.00323092 -0.00420923 -0.000874576
internal_weight=237027 114169 122858 98063 24795 61882 45205 11733 16677 36181 18228 33472 11755 12527 6392 34058 31110 13754 6567 2923 6985 6285 1912 101642 2123 1590 6473 3733 5363 2948
internal_count=237027 114169 122858 98063 24795 61882 45205 11733 16677 36181 18228 33472 11755 12527 6392 34058 31110 13754 6567 2923 6985 6285 1912 101642 2123 1590 6473 3733 5363 2948
is_linear=0
shrinkage=0.03


Tree=101
num_leaves=31
num_cat=0
split_feature=35 8 8 25 8 24 24 7 21 29 11 2 3 37 8 4 3 3 29 4 37 4 35 24 24 29 38 39 25 0
split_gain=3005.55 236.508 172.621 79.4629 39.4539 31.6934 30.6665 34.0272 30.4127 32.8678 21.4404 21.0128 19.8664 33.0474 19.2126 18.4703 17.401 16.8098 14.6046 13.8756 11.6858 11.6616 10.7973 15.3422 9.97199 9.86126 11.3558 9.79587 9.35808 8.48767
threshold=905.00000000000011 0.49999999999999739 0.30000000000000254 1290.5000000000002 1.1499999999999988 5.7500000000000009 -1.0000000180025095e-35 1.2 26.500000000000004 12.100000000000001 0.19999999999999754 1026.7500000000002 8.4500000000000011 0.6830127018922193 0.70000000000000029 3.2999999999999998 13.250000000000002 23.350000000000005 2.9000000000000004 4.3000000000000034 0.6830127018922193 3.2000000000000002 1315.0000000000002 0.10000000000000055 1.1500000000000006 13.900000000000002 0.26037272046371446 0.97832380634958016 1950.5000000000002 19.150000000000002
decision_type=2 2 2 2 2 2 2 2 2 2 2 2 2 2 2 2 2 2 2 2 2 2 2 2 2 2 2 2 2 2
left_child=2 10 3 5 8 12 25 19 9 16 22 -9 27 -14 -3 28 -4 -6 -7 -8 -11 -20 23 -2 -10 26 -5 -1 -12 -25
right_child=1 14 4 6 17 18 7 11 24 20 15 -13 13 -15 -16 -17 -18 -19 21 -21 -22 -23 -24 29 -26 -27 -28 -29 -30 -31
leaf_value=0.007328602542059106 -0.00251520130697296 -0.0024908002991490797 0.0044865673930865029 -0.0026794331197196727 -0.0036993272395346418 0.018770820139020719 -0.0051647304852028373 0.00097561876565351675 -0.0016846708747738789 -0.003744420535443826 0.0025124800883885435 0.010876958495344428 0.0058698483871514936 -0.0010470937031705706 -0.0024908002991490797 -0.0026444530980800876 -0.003003649585726628 -0.0030649810503621971 0.0028430865035644049 0.00062101621855521034 -0.0032690938579979811 0.013597973296171073 -0.0030137638862210519 -0.0006267254527939722 0.0049714564163718883 -0.0045220341208032384 0.0010307900234259289 0.01144941247238236 -0.0020731929921710079 -0.0025100389670863854
leaf_weight=1348 2154 7862 1687 3752 2684 501 7653 36872 2491 4301 1090 683 26578 7780 94767 3911 4529 3510 710 3273 2130 982 991 1107 2103 3826 2822 503 500 3703
leaf_count=1348 2154 7862 1687 3752 2684 501 7653 36872 2491 4301 1090 683 26578 7780 94767 3911 4529 3510 710 3273 2130 982 991 1107 2103 3826 2822 503 500 3703
internal_value=-0.00333879 -0.00678532 -2.44781e-05 0.000532328 -0.00233573 0.00159397 -0.000160106 0.000157014 -0.0015976 -0.00235691 -0.00304503 0.00058571 0.00138169 0.00121842 -0.00727565 -0.00160413 -0.000800901 -0.00438912 0.00509453 -0.00131634 -0.00386017 0.00375443 -0.00404078 -0.00362188 0.00049282 -0.00163815 -0.000932938 0.00440772 0.00112123 -0.00267768
internal_weight=236803 116085 120718 97283 23435 38402 58881 48481 17241 12647 13456 37555 36209 34358 102629 5501 6216 6194 2193 10926 6431 1692 7955 6964 4594 10400 6574 1851 1590 4810
internal_count=236803 116085 120718 97283 23435 38402 58881 48481 17241 12647 13456 37555 36209 34358 102629 5501 6216 6194 2193 10926 6431 1692 7955 6964 4594 10400 6574 1851 1590 4810
is_linear=0
shrinkage=0.03


Tree=102
num_leaves=31
num_cat=0
split_feature=35 8 24 8 25 15 1 24 37 37 11 8 37 8 8 6 25 5 7 27 24 8 6 39 1 9 35 1 25 22
split_gain=2979.24 241.54 173.543 63.2268 60.7268 43.2563 31.4662 30.5721 22.1846 21.8214 21.655 21.2041 21.0336 18.6433 17.8111 16.3282 17.9349 16.1057 14.4909 13.4754 13.2305 11.3229 10.5455 9.111 8.99261 8.501 8.34107 15.3482 7.52074 6.19609
threshold=905.00000000000011 0.49999999999999739 0.89999999999999958 0.59999999999999887 1270.5000000000002 0.17224014243716082 51.500000000000007 6.5500000000000007 0.25000000000000017 0.6830127018922193 0.099999999999996106 2.0000000000000013 0.6830127018922193 0.75000000000000011 0.49999999999999739 17.650000000000002 1519.5000000000002 30.850000000000005 1.2 7.0833333333333348 -1.1500000000000001 1.0000000180025095e-35 28.250000000000004 -0.89404254237865755 88.500000000000014 55.000000000000007 1225.0000000000002 87.500000000000014 1698.5000000000002 28.500000000000004
decision_type=2 2 2 2 2 2 2 2 2 2 2 2 2 2 2 2 2 2 2 2 2 2 2 2 2 2 2 2 2 2
left_child=2 10 3 8 6 14 -4 9 20 -8 26 12 -7 28 18 16 -10 25 -6 -17 -1 -12 -22 -19 -23 -5 27 -2 -3 -16
right_child=1 13 4 17 5 11 7 -9 15 -11 21 -13 -14 -15 29 19 -18 23 -20 -21 22 24 -24 -25 -26 -27 -28 -29 -30 -31
leaf_value=-0.0042365285451036972 -0.0024397452677637713 -0.0024160762901746071 0.011693183770276753 -0.0033443954715126839 -0.0039433781139944987 0.0031941309619161729 0.0063647460427343015 0.019486764739873826 0.0016710144952176286 9.4967687508573648e-06 -0.00062635415116689722 -0.0057223534314438905 -0.001510610970988948 -0.0024160762901746071 -0.0048361266110608569 0.0039526688270158849 -0.0030622311296347768 0.0014265112653432011 0.00068046811805802846 -0.0039997208702943696 0.0010655567072775486 -0.0025876864315414255 -0.0029935867865529572 -0.0030753256646367131 3.4366549591860472e-06 -0.0028863960011324789 -0.0026457051517981118 -0.00031553847834409993 -0.0024160762901746071 -0.0034854788460152719
leaf_weight=1926 3715 1720 1059 1794 9684 21965 26093 652 2141 8352 2971 639 6511 94267 1653 547 2908 707 7044 7729 9727 3881 2885 1487 808 3908 1254 890 6754 1170
leaf_count=1926 3715 1720 1059 1794 9684 21965 26093 652 2141 8352 2971 639 6511 94267 1653 547 2908 707 7044 7729 9727 3881 2885 1487 808 3908 1254 890 6754 1170
internal_value=-0.00335618 -0.00678278 -5.23084e-05 -0.00180511 0.000686657 -5.23958e-06 0.0016179 0.00146393 -0.00113341 0.00134184 -0.00301254 0.000727668 0.000849076 -0.00727882 -0.00109663 -0.00201752 -0.000672639 -0.00417447 -0.000724447 -0.00283764 -0.000322902 -0.00196163 3.0918e-05 -0.0019877 -0.00287945 -0.0050149 -0.00438534 -0.00379151 -0.00592673 -0.0033
internal_weight=236841 116260 120581 35759 84822 48666 36156 35097 27863 34445 13519 29115 28476 102741 19551 13325 5049 7896 16728 8276 14538 7660 12612 2194 4689 5702 5859 4605 8474 2823
internal_count=236841 116260 120581 35759 84822 48666 36156 35097 27863 34445 13519 29115 28476 102741 19551 13325 5049 7896 16728 8276 14538 7660 12612 2194 4689 5702 5859 4605 8474 2823
is_linear=0
shrinkage=0.03


Tree=103
num_leaves=31
num_cat=0
split_feature=35 8 8 24 34 8 37 3 22 6 38 22 29 13 29 8 44 3 3 4 37 24 37 7 35 1 24 3 38 29
split_gain=2983.73 259.369 166.054 79.1348 50.4103 41.9133 39.6188 56.5788 37.7433 37.4976 44.5367 29.014 30.8329 24.7948 22.2664 18.7048 17.9434 16.7942 16.4022 14.9218 13.1354 12.856 12.3429 11.9236 11.6859 17.1431 14.7021 11.4235 8.95755 8.73368
threshold=905.00000000000011 0.49999999999999739 0.30000000000000254 1.2000000000000013 5.5000000000000009 1.1499999999999988 0.6830127018922193 13.15 18.500000000000004 24.950000000000003 -0.0053757284505435614 29.500000000000004 10.100000000000001 0.0033333333333332923 13.633333333333335 0.70000000000000029 1436.0000000000002 23.250000000000004 13.450000000000001 2.2999999999999985 0.6830127018922193 -0.70000000000000095 0.25000000000000017 5.2999999999999989 1305.0000000000002 91.500000000000014 1.8499999999999999 10.850000000000003 0.26037272046371446 9.3666666666666689
decision_type=2 2 2 2 2 2 2 2 2 2 2 2 2 2 2 2 2 2 2 2 2 2 2 2 2 2 2 2 2 2
left_child=2 13 3 14 9 11 7 -6 -8 10 -5 12 18 24 21 -3 -11 -7 -4 -15 -14 28 23 -16 25 26 -2 -23 -1 -21
right_child=1 15 5 4 6 17 8 -9 -10 16 -12 -13 20 19 22 -17 -18 -19 -20 29 -22 27 -24 -25 -26 -27 -28 -29 -30 -31
leaf_value=-0.0044914890037022906 -0.002366552909730858 -0.002343594001469369 0.0058958833782314143 0.0018900712473741653 0.01234505236988173 -0.0035112203215616196 0.0050933437048785567 0.0019507360667720085 -0.002994437025554888 0.0013432308019286675 0.015373323977201805 0.00030192579949173901 -0.003300698968390563 0.0018606623747329533 -0.0005295485354778988 -0.002343594001469369 0.01469700995461993 -0.0029859862867859079 -0.0027086702747771535 -0.00029819539645563326 -0.0030440588873856442 0.0047395607457083877 -0.0049339288209341728 -0.0055572363609200969 -0.0026606339523692901 0.0011029865121787265 -0.002227953839836273 -0.00015947047146102676 -0.00021796896283096112 -0.0026238659134897413
leaf_weight=1641 4951 7875 1241 2892 3387 2641 2135 36036 10923 6589 6293 6185 4354 931 4536 95032 546 3480 2632 1654 2981 1522 5039 903 1104 744 1180 13387 1404 2898
leaf_count=1641 4951 7875 1241 2892 3387 2641 2135 36036 10923 6589 6293 6185 4354 931 4536 95032 546 3480 2632 1654 2981 1522 5039 903 1104 744 1180 13387 1404 2898
internal_value=-0.0033372 -0.00676515 -3.34785e-05 0.000513627 0.0010638 -0.00229567 0.000610912 0.00108529 -0.00082121 0.00251991 0.00378714 -0.00154398 -0.00245406 -0.00284871 -0.000817683 -0.00727742 0.000887978 -0.00443043 -0.000288387 -0.0012949 -0.00359718 -0.000176264 -0.00191651 -0.000924922 -0.00391586 -0.0034539 -0.00397562 0.000186607 -0.00195192 -0.00200264
internal_weight=237116 116369 120747 97233 68801 23514 52481 39423 13058 16320 9185 17393 11208 13462 28432 102907 7135 6121 3873 5483 7335 17954 10478 5439 7979 6875 6131 14909 3045 4552
internal_count=237116 116369 120747 97233 68801 23514 52481 39423 13058 16320 9185 17393 11208 13462 28432 102907 7135 6121 3873 5483 7335 17954 10478 5439 7979 6875 6131 14909 3045 4552
is_linear=0
shrinkage=0.03


Tree=104
num_leaves=31
num_cat=0
split_feature=35 8 8 25 8 1 22 37 3 29 29 29 37 7 8 22 7 35 3 7 7 39 8 1 2 5 27 37 6 25
split_gain=2946.13 229.369 192.206 69.8453 42.4467 37.7929 33.1936 28.982 52.9788 29.8769 28.6292 21.6957 22.4477 20.0562 19.3926 18.1047 17.769 17.4327 16.558 16.2073 16.0495 15.8242 14.8483 12.7817 18.3619 14.8949 11.1082 10.4191 9.50979 8.51542
threshold=915.00000000000011 0.49999999999999739 0.30000000000000254 1350.5000000000002 1.1999999999999977 53.500000000000007 29.500000000000004 0.6830127018922193 20.850000000000005 9.2250000000000014 12.633333333333335 13.633333333333335 0.6830127018922193 1.7000000000000004 0.20000000000000198 18.500000000000004 5.1999999999999984 1325.0000000000002 23.350000000000005 4.3000000000000034 0.90000000000000135 0.5475998096715059 0.75000000000000011 87.500000000000014 1010.1500000000002 19.950000000000003 19.550000000000004 0.6830127018922193 16.450000000000003 1450.5000000000002
decision_type=2 2 2 2 2 2 2 2 2 2 2 2 2 2 2 2 2 2 2 2 2 2 2 2 2 2 2 2 2 2
left_child=2 14 3 5 6 15 10 8 -7 -9 20 13 16 28 17 -1 -13 23 -6 -15 -4 -17 -3 25 -25 -2 -8 -12 -5 -20
right_child=1 22 4 11 18 7 26 9 -10 -11 27 12 -14 19 -16 21 -18 -19 29 -21 -22 -23 -24 24 -26 -27 -28 -29 -30 -31
leaf_value=0.012977931925578029 0.00068911804773501447 -0.0022732861814252878 0.0041982198220489077 0.0025403369736922898 -0.0027437629574207636 0.010136743572716335 0.0012113948463204592 0.0033285551293160288 0.0020374128200069839 -0.0039667508496831318 -0.0029827868324318026 -0.00037126644561111033 -0.0050876845734720323 0.001669221863828465 -0.0022955563224389326 0.014041185367548543 -0.0048203170423777838 -0.0042777600136447574 -0.0025352786625860136 -0.0010401428481090357 -0.0024762440264681886 -0.00046415255741732775 -0.0022732861814252878 0.004684179428559759 -0.0024276828413796075 -0.0036936982065210399 -0.0033929847920799606 -0.002821277740708211 -0.0043485124289025512 -0.0025789994124280741
leaf_weight=526 1269 8057 1944 1032 2869 12829 5553 5626 23830 5883 3533 11313 4276 18553 5514 706 1471 681 1085 6522 4241 556 93730 714 649 3588 963 2036 4720 2516
leaf_count=526 1269 8057 1944 1032 2869 12829 5553 5626 23830 5883 3533 11313 4276 18553 5514 706 1471 681 1085 6522 4241 556 93730 714 649 3588 963 2036 4720 2516
internal_value=-0.00336179 -0.0068287 -0.000131847 0.000465507 -0.00249414 0.00125025 -0.00175432 0.00109114 0.00150344 -0.000222179 -0.00270628 -0.00035316 -0.00121146 0.000121882 -0.00297838 0.00553073 -0.000581886 -0.00191764 -0.00458205 0.000488396 -0.00130071 0.00357199 -0.00729826 -0.00141755 0.00114835 -0.00213779 -3.68211e-05 -0.00426629 -0.0014755 -0.0032244
internal_weight=236785 114202 122583 97843 24740 49956 18270 48168 36659 11509 11754 47887 17060 30827 12415 1788 12784 6901 6470 25075 6185 1262 101787 6220 1363 4857 6516 5569 5752 3601
internal_count=236785 114202 122583 97843 24740 49956 18270 48168 36659 11509 11754 47887 17060 30827 12415 1788 12784 6901 6470 25075 6185 1262 101787 6220 1363 4857 6516 5569 5752 3601
is_linear=0
shrinkage=0.03


Tree=105
num_leaves=31
num_cat=0
split_feature=35 8 8 24 34 3 37 22 3 27 3 11 8 20 8 38 8 7 24 1 2 1 31 29 31 24 35 1 35 5
split_gain=2964.16 228.683 181.822 92.683 55.7276 42.517 41.3128 50.4039 49.4078 34.2496 34.176 22.1048 18.4801 18.1467 16.5082 15.9034 15.0397 14.2551 14.6444 13.2127 13.0417 12.9626 11.8113 11.7153 10.3505 10.3051 16.7745 11.2288 9.81079 7.76782
threshold=915.00000000000011 0.49999999999999739 0.60000000000000064 0.70000000000000118 6.5000000000000009 20.950000000000003 0.6830127018922193 18.500000000000004 13.15 6.1833333333333345 24.050000000000004 0.19999999999999754 1.4000000000000015 -1.7499999999999998 0.70000000000000029 0.26037272046371446 0.99999999999999745 2.100000000000001 -0.70000000000000095 86.500000000000014 1.0000000180025095e-35 70.500000000000014 14.292857142857146 12.633333333333335 16.292857142857148 0.10000000000000055 1225.0000000000002 91.500000000000014 785.00000000000011 19.450000000000003
decision_type=2 2 2 2 2 2 2 2 2 2 2 2 2 2 2 2 2 2 2 2 2 2 2 2 2 2 2 2 2 2
left_child=2 11 3 13 5 9 8 -8 -6 -5 16 25 24 15 -3 29 23 21 -19 -13 -7 -15 -17 -4 -12 -2 27 -27 -14 -1
right_child=1 14 10 4 6 20 7 -9 -10 -11 12 19 28 17 -16 22 -18 18 -20 -21 -22 -23 -24 -25 -26 26 -28 -29 -30 -31
leaf_value=-9.921727018248116e-05 -0.0022266896327657647 -0.0022050875959825291 -0.0022799519195497967 0.014456985628490857 0.010428305139158409 -0.0091523228759803638 0.004976506682725701 -0.0035521373113364674 0.001081174257293802 0.0049267029947762083 0.0023540562980741428 -0.0022766797128009764 -0.0045434496698045701 0.0052751756190620109 -0.0022050875959825291 0.0011667765954600439 -0.0025513926664101788 -0.0033016747182884449 0.00076901081960882578 0.0016931579616422123 0.0035725538409179802 -0.007073304955737947 -0.0032823710440433693 -0.002462233234252092 -0.0027603642775464853 -0.0022271937663799531 -0.0024176482889999222 0.0017470580436600724 -0.0024262678008942743 -0.0035746000717146367
leaf_weight=570 2109 7469 2184 3948 3638 815 2466 11698 37891 8413 2205 3943 1128 585 94299 2009 4453 2912 9000 945 13614 3294 2149 2088 2185 3537 1422 529 1312 4590
leaf_count=570 2109 7469 2184 3948 3638 815 2466 11698 37891 8413 2205 3943 1128 585 94299 2009 4453 2912 9000 945 13614 3294 2149 2088 2185 3537 1422 529 1312 4590
internal_value=-0.00334407 -0.00682427 -0.000115165 0.000323159 0.000808965 0.00193323 0.000268112 -0.00113088 0.000745287 0.00322434 -0.00314665 -0.00299171 -0.00155665 -0.00127265 -0.00729439 -0.00232242 -0.00439068 -0.000652979 -0.000138493 -0.00141718 0.000826866 -0.00223203 -0.000941106 -0.00311652 -0.00039276 -0.00400415 -0.00331694 -0.00233407 -0.00364865 -0.00343472
internal_weight=237400 114253 123147 107592 82483 26790 55693 14164 41529 12361 15555 12485 6830 25109 101768 9318 8725 15791 11912 4888 14429 3879 4158 4272 4390 7597 5488 4066 2440 5160
internal_count=237400 114253 123147 107592 82483 26790 55693 14164 41529 12361 15555 12485 6830 25109 101768 9318 8725 15791 11912 4888 14429 3879 4158 4272 4390 7597 5488 4066 2440 5160
is_linear=0
shrinkage=0.03


Tree=106
num_leaves=31
num_cat=0
split_feature=35 8 8 24 24 36 6 29 29 2 3 0 25 11 15 38 8 8 20 8 37 4 25 5 9 7 32 0 24 38
split_gain=2978.67 229.215 184.921 67.6571 39.0243 37.344 79.3427 50.2325 25.5559 21.7407 21.5608 22.3158 20.122 20.0081 17.5367 20.8545 16.8322 16.5378 15.4587 14.5353 13.4002 12.4947 14.3534 11.8769 11.0428 10.5612 10.5476 9.91694 8.73079 8.59289
threshold=915.00000000000011 0.49999999999999739 0.30000000000000254 2.100000000000001 0.60000000000000064 0.68301270189221941 24.450000000000003 2.6333333333333337 13.633333333333335 1013.0500000000001 7.6500000000000012 25.450000000000003 1200.5000000000002 1.0000000180025095e-35 0.16329931618557506 0.30983042691905771 1.3500000000000016 0.75000000000000011 -0.19999999999987492 0.79999999999999816 0.25000000000000017 2.2999999999999985 1940.5000000000002 17.950000000000003 55.000000000000007 5.2999999999999989 49.500000000000007 28.950000000000003 -0.39999999999999941 0.22700754078277605
decision_type=2 2 2 2 2 2 2 2 2 2 2 2 2 2 2 2 2 2 2 2 2 2 2 2 2 2 2 2 2 2
left_child=2 13 3 8 9 12 7 -7 14 16 -6 19 27 -2 23 -16 28 -3 -14 -12 25 22 -15 -1 -11 -10 -13 -5 -4 -22
right_child=1 17 4 5 10 6 -8 -9 20 24 11 26 18 21 15 -17 -18 -19 -20 -21 29 -23 -24 -25 -26 -27 -28 -29 -30 -31
leaf_value=0.0025576324017464011 -0.0021598889437827919 -0.0021389349681030529 -0.0027026669376445825 0.005689592642655273 0.0088585675280453257 0.023419176418866153 -0.014175335172187834 0.0090268460552444009 -0.00013646626507506809 -0.0030316398629346968 -0.0029217011524532697 -0.00041704586472532168 0.004590823686659363 0.0029174880419390562 -0.00020891745313129649 0.0041600448116180496 -0.0023220072956175257 -0.0021389349681030529 -0.00010271250801887399 -0.0043311786676359437 -0.004699358766044757 -0.0021997159587510374 -0.00247365023861985 -0.0027212614404203725 -0.0022192658816606063 -0.0044936450346441375 -0.0069421309673077568 -0.0028071900257535197 -0.0009811562687328957 -0.0015393593532672483
leaf_weight=1349 5498 8064 1907 12302 692 957 1247 13177 6865 2218 3687 6403 2387 888 11559 7252 1432 93717 22943 2458 5251 5383 580 8111 2907 1018 545 1240 2473 2457
leaf_count=1349 5498 8064 1907 12302 692 957 1247 13177 6865 2218 3687 6403 2387 888 11559 7252 1432 93717 22943 2458 5251 5383 580 8111 2907 1018 545 1240 2473 2457
internal_value=-0.00333496 -0.00682433 -9.28655e-05 0.000491429 -0.00241162 0.00119975 0.00245092 0.00309104 -0.000384712 -0.00374966 -0.00134964 -0.00162257 0.000704584 -0.00296393 0.000153061 0.000682905 -0.00249226 -0.00729265 0.000205471 -0.00293924 -0.00135974 -0.00188129 0.000571429 -0.000900444 -0.00517408 -0.000489854 -0.000457554 0.00163799 -0.00156778 -0.00224903
internal_weight=236967 114130 122837 98115 24722 54253 15381 14134 43862 10937 13785 13093 38872 12349 28271 18811 5812 101781 25330 6145 15591 6851 1468 9460 5125 7883 6948 13542 4380 7708
internal_count=236967 114130 122837 98115 24722 54253 15381 14134 43862 10937 13785 13093 38872 12349 28271 18811 5812 101781 25330 6145 15591 6851 1468 9460 5125 7883 6948 13542 4380 7708
is_linear=0
shrinkage=0.03


Tree=107
num_leaves=31
num_cat=0
split_feature=35 8 8 24 34 3 2 38 44 3 38 8 31 11 24 4 0 8 9 15 35 35 1 24 35 29 38 29 24 7
split_gain=2923.9 209.518 204.001 87.0169 48.1966 35.3107 32.1871 31.8392 28.4684 27.987 22.2419 21.12 20.7762 18.6155 16.7443 14.4473 14.2652 13.7807 13.1665 12.2514 10.4374 9.77517 13.9086 12.3388 9.88714 9.19346 8.68384 10.6157 8.62968 7.13337
threshold=925.00000000000011 0.49999999999999739 0.60000000000000064 0.75000000000000011 5.5000000000000009 24.250000000000004 1013.5500000000001 -0.0053757284505435614 808.50000000000011 8.2500000000000018 -0.159513159777915 1.3500000000000016 31.839743589743595 0.19999999999999754 -0.60000000000000042 3.2999999999999998 15.15 0.70000000000000029 55.000000000000007 0.23380903889006624 785.00000000000011 1315.0000000000002 87.500000000000014 1.8499999999999999 1055.0000000000002 13.900000000000002 0.26037272046371446 12.900000000000002 1.6000000000000008 2.8000000000000029
decision_type=2 2 2 2 2 2 2 2 2 2 2 2 2 2 2 2 2 2 2 2 2 2 2 2 2 2 2 2 2 2
left_child=2 13 3 14 6 16 8 -8 -5 10 -6 28 -11 21 26 -15 -4 -3 -18 -16 -13 22 23 -2 -24 -21 -1 -28 29 -7
right_child=1 17 5 4 9 11 7 -9 -10 12 -12 20 -14 15 19 -17 18 -19 -20 25 -22 -23 24 -25 -26 -27 27 -29 -30 -31
leaf_value=-0.0031289892422844828 -0.0020950922754693082 -0.0020747669190599614 0.0001752303242437847 0.0016085904223279845 -0.0015867923937164107 -0.0033908638002639034 0.0017137777848433139 0.012838361634650996 0.015451251928283364 0.00077364642775964217 0.0094792396448200103 -0.0043825863445381592 -0.0049323704666063362 0.00064253780531906772 -0.0022769043050596153 -0.0022479612629350771 -0.0023966943403149407 -0.0020747669190599614 -0.0021432969333597712 0.0011620298343765212 -0.002160779313944072 -0.0025342489367376031 0.0028244782999144137 -0.0010771651632424423 -0.0021593074887576611 -0.0022303046909166145 0.00036056744931312501 -0.0038429446230434094 0.0045269517045889362 -0.00062582315522528311
leaf_weight=4445 3944 7120 571 8939 1200 911 2882 5727 685 55960 3000 1125 3900 1460 9031 2770 2463 93399 6629 5829 1467 1027 513 707 1003 2845 1964 1977 1396 1872
leaf_count=4445 3944 7120 571 8939 1200 911 2882 5727 685 55960 3000 1125 3900 1460 9031 2770 2463 93399 6629 5829 1467 1027 513 707 1003 2845 1964 1977 1396 1872
internal_value=-0.00336023 -0.00688054 -0.000202972 0.000269315 0.000747949 -0.00331741 0.00210872 0.00344124 0.000916268 0.000360588 0.00272727 -0.00165547 0.000194447 -0.00302993 -0.00124028 -0.00144967 -0.00448138 -0.0073181 -0.00477018 -0.000717089 -0.0037818 -0.00395845 -0.00350503 -0.00431818 -0.00100791 8.81743e-05 -0.00234442 -0.00131816 -0.000335446 -0.00130072
internal_weight=236761 111943 124818 108384 82293 16434 18233 8609 9624 64060 4200 6771 59860 11424 26091 4230 9663 100519 9092 17705 2592 7194 6167 4651 1516 8674 8386 3941 4179 2783
internal_count=236761 111943 124818 108384 82293 16434 18233 8609 9624 64060 4200 6771 59860 11424 26091 4230 9663 100519 9092 17705 2592 7194 6167 4651 1516 8674 8386 3941 4179 2783
is_linear=0
shrinkage=0.03


Tree=108
num_leaves=31
num_cat=0
split_feature=25 25 9 13 25 13 1 38 2 7 13 24 24 27 9 36 5 9 37 1 4 5 28 1 21 24 6 37 31 25
split_gain=2920.28 181.496 117.687 59.7636 43.8861 50.8838 28.2786 26.5951 53.7285 23.7617 22.9122 22.566 21.1157 20.6122 19.5669 17.9071 16.8708 16.7539 16.4187 15.7317 14.5912 14.023 12.705 12.124 16.241 11.6118 11.4909 11.3335 11.3119 10.0691
threshold=1670.5000000000002 1490.5000000000002 45.000000000000007 -0.0016666666666666013 1240.5000000000002 0.006666666666666733 78.500000000000014 0.62587949062545845 1013.6500000000002 2.0999999999999992 0.0016666666666666017 5.7500000000000009 1.8499999999999999 16.366666666666671 75.000000000000014 -0.24999999999999994 28.950000000000003 135.00000000000003 0.6830127018922193 52.500000000000007 4.2999999999999998 18.850000000000005 34.500000000000007 87.500000000000014 25.500000000000004 1.6500000000000006 22.550000000000004 0.25000000000000017 15.839743589743593 1710.5000000000002
decision_type=2 2 2 2 2 2 2 2 2 2 2 2 2 2 2 2 2 2 2 2 2 2 2 2 2 2 2 2 2 2
left_child=1 4 10 14 11 6 22 19 -9 23 -2 13 18 16 25 -14 -1 -8 28 -7 -12 -20 -6 -4 -25 27 -13 -3 -5 -11
right_child=2 3 9 12 5 7 17 8 -10 29 20 26 15 -15 -16 -17 -18 -19 21 -21 -22 -23 -24 24 -26 -27 -28 -29 -30 -31
leaf_value=0.0055869177486626365 -0.0020096460071192023 -0.0020763782689506051 -0.0020125239114881627 -0.00035127652930354661 0.0016026657608035832 0.0047064692798485883 -0.0041988825576525285 -0.0039147999714287483 0.0092854233410755351 -0.0020125239114881627 0.00025059308587263487 0.014397957536725162 0.0060758203029450215 -0.0031460420455924373 -0.0020691704254977373 -0.00087022600316317142 -0.0027407195040978194 -0.014262138742597852 -1.6433483891447053e-05 9.048522779365186e-05 -0.0023241177467180981 -0.0024164767473007815 -0.010819579987152215 -0.0020125239114881627 -0.0020125239114881627 0.0023739265345950819 0.0058637205727480168 -0.0025519288179055941 -0.0022593622547938939 -0.0020125239114881627
leaf_weight=23047 3099 3614 5754 8998 8008 1963 12148 2830 6118 5092 1776 1194 1100 3824 5073 2342 2232 2313 1309 20659 2459 4811 831 3843 798 753 845 2915 8556 88643
leaf_count=23047 3099 3614 5754 8998 8008 1963 12148 2830 6118 5092 1776 1194 1100 3824 5073 2342 2232 2313 1309 20659 2459 4811 831 3843 798 753 845 2915 8556 88643
internal_value=-0.00334474 -0.000205782 -0.00687842 -0.00188996 0.000567117 5.65862e-05 -0.00100678 0.00084141 0.0022257 -0.00713714 -0.00320406 0.00146657 -0.00110185 0.00125262 -0.0036192 0.00109321 0.00156313 -0.00182379 -0.00142106 0.000293715 -0.00176835 -0.0027589 0.000329997 -0.00577306 -0.00462793 -0.0026215 0.00451617 -0.00302825 -0.000954375 -0.00728829
internal_weight=236947 125483 111464 39471 86012 54870 23300 31570 8948 104130 7334 31142 27116 29103 12355 3442 25279 14461 23674 22622 4235 6120 8839 10395 4641 7282 2039 6529 17554 93735
internal_count=236947 125483 111464 39471 86012 54870 23300 31570 8948 104130 7334 31142 27116 29103 12355 3442 25279 14461 23674 22622 4235 6120 8839 10395 4641 7282 2039 6529 17554 93735
is_linear=0
shrinkage=0.03


Tree=109
num_leaves=31
num_cat=0
split_feature=35 24 25 13 13 13 25 1 24 7 38 2 7 31 39 4 3 20 39 31 31 24 32 25 38 38 1 32 13 35
split_gain=2884.98 164.266 59.8779 56.2375 54.0595 45.6738 32.9147 25.1917 20.9913 20.8584 20.4833 27.2694 19.8056 19.1792 18.9512 17.7952 17.3915 15.2291 14.6556 13.885 12.3504 11.8713 11.6679 10.8642 10.5459 9.92592 9.88374 9.07561 8.59498 8.24333
threshold=925.00000000000011 0.70000000000000118 1270.5000000000002 0.0016666666666666462 1.0000000180025095e-35 0.0049999999999999897 1730.5000000000002 51.500000000000007 6.5500000000000007 2.0999999999999992 0.30983042691905771 1013.9500000000002 2.149999999999999 32.720779220779228 0.31595530242620651 3.7000000000000002 25.450000000000003 -1.9999999999999429 -0.85225707553516283 29.038461538461544 9.5192307692307718 0.54999999999999993 32.500000000000007 1899.5000000000002 -0.72696319516528884 0.24372619187392155 87.500000000000014 30.500000000000004 -0.0075000000000000171 965.00000000000011
decision_type=2 2 2 2 2 2 2 2 2 2 2 2 2 2 2 2 2 2 2 2 2 2 2 2 2 2 2 2 2 2
left_child=1 4 7 12 18 15 21 -3 13 -8 14 -12 23 -9 -7 16 -4 25 22 -17 24 -5 -1 26 -19 -6 -2 -27 -20 -14
right_child=3 2 5 6 17 10 9 8 -10 -11 11 -13 29 -15 -16 19 -18 20 28 -21 -22 -23 -24 -25 -26 27 -28 -29 -30 -31
leaf_value=0.0017151545328495247 -0.0019521481941435176 0.010832185167083832 -0.0039571791855695241 -0.0019521481941435176 -0.002698840916080822 0.0012360067608093428 -0.0019521481941435176 0.0042917348846554957 0.016081485214938861 -0.0019521481941435176 -0.00078208830855635452 0.0056528947248552881 -0.0019521481941435176 -0.0068355645646821939 -0.0024119542830133909 0.00045266215961864474 0.00064758429316771654 -0.0046657242693637635 -0.0020277756490224346 -0.0045007565976115721 -0.0017963872813395597 -0.0019521481941435176 -0.0022906495632720749 -0.0019521481941435176 0.0044189515298783651 -0.00046263972603879922 -0.0019521481941435176 -0.0037363260632375665 -0.0020148276276032019 -0.0019521481941435176
leaf_weight=980 2826 1045 8897 2704 3834 12415 2566 33240 639 10389 5788 8621 4968 1616 8713 6508 1944 521 3478 978 13521 1600 671 4975 1724 2720 1828 714 6498 80036
leaf_count=980 2826 1045 8897 2704 3834 12415 2566 33240 639 10389 5788 8621 4968 1616 8713 6508 1944 521 3478 978 13521 1600 671 4975 1724 2720 1828 714 6498 80036
internal_value=-0.00337555 -0.000244489 0.000428733 -0.00687517 -0.00200033 -0.000207181 -0.00529879 0.0013661 0.00123074 -0.00605406 0.000420172 0.00129224 -0.00716255 0.00113173 -0.000174633 -0.00142356 -0.00220027 -0.0011584 -0.00366777 -0.000298478 -0.000634513 -0.00302369 -0.00104809 -0.00586933 0.00142523 -0.00229436 -0.00482281 -0.00112194 -0.00410102 -0.0073089
internal_weight=236957 125065 90404 111892 34661 53864 17259 36540 35495 12955 35537 14409 94633 34856 21128 18327 10841 23034 11627 7486 15766 4304 1651 9629 2245 7268 4654 3434 9976 85004
internal_count=236957 125065 90404 111892 34661 53864 17259 36540 35495 12955 35537 14409 94633 34856 21128 18327 10841 23034 11627 7486 15766 4304 1651 9629 2245 7268 4654 3434 9976 85004
is_linear=0
shrinkage=0.03


Tree=110
num_leaves=31
num_cat=0
split_feature=35 8 8 24 3 29 29 38 1 35 8 11 5 8 3 1 24 6 32 9 35 24 20 38 1 38 29 5 35 38
split_gain=2896.31 242.139 171.172 70.4945 38.4918 28.7411 27.1261 25.0056 23.9985 22.2117 20.8041 19.9577 19.3585 16.5515 15.9748 15.9266 14.4661 14.4614 12.763 12.6444 11.1559 14.9081 10.3499 10.2259 9.94334 9.36516 8.65338 7.36693 7.61778 7.14964
threshold=915.00000000000011 0.49999999999999739 0.5999999999999962 1.55 24.150000000000002 1.9000000000000001 13.633333333333335 0.26037272046371446 51.500000000000007 455.00000000000006 1.3500000000000016 0.19999999999999754 15.65 0.70000000000000029 24.150000000000002 86.500000000000014 -0.70000000000000095 11.950000000000001 46.500000000000007 55.000000000000007 1295.0000000000002 0.10000000000000055 0.55000000000001148 0.22700754078277605 91.500000000000014 0.26037272046371446 11.100000000000001 19.550000000000004 965.00000000000011 -0.065535378769913874
decision_type=2 2 2 2 2 2 2 2 2 2 2 2 2 2 2 2 2 2 2 2 2 2 2 2 2 2 2 2 2 2
left_child=2 11 3 6 12 7 16 -5 17 -10 -6 20 -4 -3 23 27 25 -7 -18 -14 21 -2 -12 -8 -23 -1 -21 -13 -29 -16
right_child=1 13 4 5 10 8 14 -9 9 -11 22 15 19 -15 29 -17 18 -19 -20 26 -22 24 -24 -25 -26 -27 -28 28 -30 -31
leaf_value=-0.003384987305184346 -0.0019132993440362784 -0.001893583748319212 0.0036191831829846654 0.0037691995600121465 -0.00013648056550391542 0.010755642937838589 -0.0039936032178331709 0.022194724585096904 0.0050809389539709744 0.00068282347536931188 -0.0023011257776001481 0.00052558955012084094 -0.0024558285146140456 -0.001893583748319212 0.0012210141091202442 0.002291729625576216 0.00049842265313593476 0.0049554211246580458 -0.0083507353480537696 -0.0022563192695458133 -0.0023003155392101108 -0.0019137883536420412 0.0012327627661816208 -0.0028000499980090493 0.0011576369935182404 -0.00019624221144895842 -0.002060200515385721 -0.0018474451595330162 -0.0024622150007679146 -0.0035649974404504156
leaf_weight=2119 1885 7484 551 1242 4420 514 4992 1089 17937 43606 2007 742 2616 94422 2658 933 20520 2114 632 2514 1167 3809 515 5591 634 1760 3917 1847 1318 1366
leaf_count=2119 1885 7484 551 1242 4420 514 4992 1089 17937 43606 2007 742 2616 94422 2658 933 20520 2114 632 2514 1167 3809 515 5591 634 1760 3917 1847 1318 1366
internal_value=-0.00338012 -0.00681738 -0.000179244 0.000263138 -0.00301777 0.000860023 -0.000738269 0.00413095 0.000741083 0.000621131 -0.00131552 -0.00284692 -0.00424844 -0.00729791 -0.00176552 -0.00134449 -0.000138717 0.00354753 0.000170181 -0.00458089 -0.00381653 -0.00331754 -0.00348851 -0.00237718 -0.00236727 -0.00182234 -0.00529652 -0.00218534 -0.00281576 -0.000156483
internal_weight=236921 114241 122680 106140 16540 66502 39638 2331 64171 61543 6942 12335 9598 101906 14607 4840 25031 2628 21152 9047 7495 6328 2522 10583 4443 3879 6431 3907 3165 4024
internal_count=236921 114241 122680 106140 16540 66502 39638 2331 64171 61543 6942 12335 9598 101906 14607 4840 25031 2628 21152 9047 7495 6328 2522 10583 4443 3879 6431 3907 3165 4024
is_linear=0
shrinkage=0.03


Tree=111
num_leaves=31
num_cat=0
split_feature=35 8 8 24 8 21 29 34 37 6 38 29 39 35 1 5 24 15 35 5 39 5 38 37 8 38 0 39 24 38
split_gain=2881.98 214.635 190.648 57.6212 45.8015 33.2968 32.6842 31.5748 27.0448 50.4888 35.9606 21.7421 18.9843 17.521 22.9483 19.0602 17.5056 16.9272 16.1773 16.0172 17.1533 15.3104 14.6478 14.3922 14.3003 13.5677 12.8729 12.7547 10.0802 8.20899
threshold=925.00000000000011 0.49999999999999739 0.30000000000000254 2.2500000000000004 1.1499999999999988 26.500000000000004 12.366666666666669 1.0000000180025095e-35 0.6830127018922193 22.350000000000005 -0.074117382312902977 13.633333333333335 0.097680735332368748 1325.0000000000002 87.500000000000014 16.450000000000003 1.6000000000000008 0.083666002653483743 815.00000000000011 17.950000000000003 0.77652048701313048 15.65 -0.23537230790205757 0.6830127018922193 0.70000000000000029 0.22700754078277605 25.450000000000003 0.98332250088165762 -0.39999999999999941 0.51297097409535064
decision_type=2 2 2 2 2 2 2 2 2 2 2 2 2 2 2 2 2 2 2 2 2 2 2 2 2 2 2 2 2 2
left_child=2 13 3 11 5 6 21 29 9 -9 -10 19 22 14 15 -2 -17 -16 26 27 -21 -4 -13 -8 -3 -14 -6 -1 -7 -5
right_child=1 24 4 7 18 28 23 8 10 -11 -12 12 25 -15 17 16 -18 -19 -20 20 -22 -23 -24 -25 -26 -27 -28 -29 -30 -31
leaf_value=0.0017877142237978229 0.0029327688118950543 -0.0018367762358696357 0.006981339263229816 0.010088485308252059 -0.01439609849049794 -0.0023036100673610184 -0.00223495026056586 0.010141369375469181 -0.0032777640657661419 0.0016847240199075219 0.0041335827874736508 0.0024585370489716147 -0.0047862803186596668 -0.0022992752364856981 -0.0016982984967123555 -0.00185637470303278 -0.00070880883548669362 0.0036802355068665093 -0.0018910169264239219 0.00045835081239929297 -0.0022194330477606928 -0.001891644526839891 -0.0023631634561997001 -0.0020170546303602743 -0.0018367762358696357 -0.0017808853633036476 -0.004889826215497375 0.0094030814922330605 0.0020619365531598811 0.019281595259576411
leaf_weight=2268 500 7133 718 525 1516 762 4667 11476 7141 26261 4463 3191 5286 1198 1541 6183 1310 715 3523 22401 5985 6401 4530 2321 93247 4096 1939 874 4263 686
leaf_count=2268 500 7133 718 525 1516 762 4667 11476 7141 26261 4463 3191 5286 1198 1541 6183 1310 715 3523 22401 5985 6401 4530 2321 93247 4096 1939 874 4263 686
internal_value=-0.0033732 -0.006874 -0.000248593 0.000351843 -0.0025293 -0.00177015 -0.00251701 0.00106104 0.000943447 0.0013329 -0.000323109 -0.000385386 -0.00124657 -0.00298126 -0.00257902 -0.00333302 -0.00371147 9.30027e-05 -0.0046096 8.18268e-05 -0.000143194 -0.00108587 -0.000144698 -0.00397425 -0.00731785 -0.00215313 -0.00314796 0.00211355 0.000326736 0.00584295
internal_weight=237120 111827 125293 99183 26110 19132 14107 50552 49341 37737 11604 48631 17103 11447 10249 7993 7493 2256 6978 31528 28386 7119 7721 6988 100380 9382 3455 3142 5025 1211
internal_count=237120 111827 125293 99183 26110 19132 14107 50552 49341 37737 11604 48631 17103 11447 10249 7993 7493 2256 6978 31528 28386 7119 7721 6988 100380 9382 3455 3142 5025 1211
is_linear=0
shrinkage=0.03


Tree=112
num_leaves=31
num_cat=0
split_feature=35 24 9 13 25 13 13 24 0 7 37 22 22 3 37 20 9 24 29 9 29 1 3 39 4 4 39 32 24 35
split_gain=2863.65 158.698 119.151 52.8928 48.2214 42.2015 30.321 25.297 24.6719 22.1281 20.2236 29.2964 20.4963 18.0561 25.348 16.6886 15.2933 14.5933 14.2192 11.6307 11.2885 11.0339 15.8559 10.8917 10.178 10.1461 10.1153 9.59176 9.45422 7.55678
threshold=925.00000000000011 0.70000000000000118 55.000000000000007 1.0000000180025095e-35 1280.5000000000002 0.004999999999999968 0.0016666666666666017 5.6500000000000012 27.950000000000003 2.0999999999999992 0.6830127018922193 26.500000000000004 18.500000000000004 8.0500000000000025 0.6830127018922193 -1.9999999999999429 75.000000000000014 -0.10000000000000052 2.4500000000000006 85.000000000000014 10.900000000000002 89.500000000000014 24.750000000000004 0.98005052076767474 3.5000000000000009 3.1500000000000008 -0.85225707553516283 49.500000000000007 -0.70000000000000095 965.00000000000011
decision_type=2 2 2 2 2 2 2 2 2 2 2 2 2 2 2 2 2 2 2 2 2 2 2 2 2 2 2 2 2 2
left_child=1 3 6 16 7 8 24 13 19 21 11 -7 -12 23 -15 20 26 -8 -9 -6 -5 -4 -23 -3 -2 -20 -1 28 -17 -11
right_child=2 4 9 15 5 10 17 18 -10 29 12 -13 -14 14 -16 27 -18 -19 25 -21 -22 22 -24 -25 -26 -27 -28 -29 -30 -31
leaf_value=-0.00047455682960000854 -0.001785378837307793 0.0054564347898959755 -0.0017816729487935468 -0.00114425033190009 -0.0024231333732751791 0.0067060265029136408 -0.0020343659836741545 0.018153468063890177 0.0011624877805199241 -0.0017816729487935468 0.0049158173415585656 0.00051255802142828545 -0.0026893239719874206 0.0045832084925528337 -0.001474550467216017 -0.0025027949104528893 -0.0018312653914183852 -0.00033432832866863853 0.0016368694298686125 -0.0023960592774865883 -0.0026224568233627291 -0.0017816729487935468 -0.00020207680652021539 0.011468405738993045 -0.0017816729487935468 0.0098949596996553077 -0.0021678241374094701 -0.0074356971956775191 -6.7235008224757195e-05 -0.0017816729487935468
leaf_weight=1117 1227 1410 6479 2658 8531 6734 1622 524 4379 4614 1431 18799 7138 26188 7870 3343 4167 2691 885 4698 4488 3149 607 513 3055 1271 6250 691 11662 88261
leaf_count=1117 1227 1410 6479 2658 8531 6734 1622 524 4379 4614 1431 18799 7138 26188 7870 3343 4167 2691 885 4698 4488 3149 607 513 3055 1271 6250 691 11662 88261
internal_value=-0.0033807 -0.000256535 -0.00686956 -0.00199139 0.000403411 -0.000195796 -0.00347476 0.00120483 -0.00138842 -0.00715247 0.000420039 0.000843254 -0.000840917 0.000995262 0.000835437 -0.00115501 -0.00364728 -0.00169815 0.00401566 -0.00203443 -0.0023566 -0.00582519 -0.00452634 0.00382208 -0.00526261 0.00293327 -0.00282433 -0.000607721 -0.000448291 -0.0072986
internal_weight=236452 124747 111705 34376 90371 51710 8595 38661 17608 103110 34102 25533 8569 35981 34058 22842 11534 4313 2680 13229 7146 10235 3756 1923 4282 2156 7367 15696 15005 92875
internal_count=236452 124747 111705 34376 90371 51710 8595 38661 17608 103110 34102 25533 8569 35981 34058 22842 11534 4313 2680 13229 7146 10235 3756 1923 4282 2156 7367 15696 15005 92875
is_linear=0
shrinkage=0.03


Tree=113
num_leaves=31
num_cat=0
split_feature=35 8 8 24 34 22 39 3 38 8 6 38 13 37 38 8 29 25 3 30 29 3 24 38 32 25 1 25 5 24
split_gain=2887.61 212.433 187.833 68.4317 43.2643 34.3264 33.6392 56.5232 46.136 27.4947 25.2217 27.7173 17.7025 17.6216 15.8474 14.8805 14.8742 12.8993 12.8792 12.1866 12.1726 10.79 10.5046 10.2153 10.189 9.99398 9.07528 11.0987 8.55872 7.49045
threshold=925.00000000000011 0.49999999999999739 0.60000000000000064 0.75000000000000011 5.5000000000000009 29.500000000000004 0.64414586362404946 19.150000000000002 -0.17647087149565668 1.3500000000000016 25.350000000000005 -0.022576249993022688 0.0016666666666666017 0.25000000000000017 0.22700754078277605 0.70000000000000029 10.100000000000001 1599.5000000000002 13.450000000000001 10.500000000000002 5.7083333333333348 13.350000000000003 -1.1500000000000001 0.10837544681456425 28.500000000000004 1459.5000000000002 87.500000000000014 1949.5000000000002 19.550000000000004 0.10000000000000055
decision_type=2 2 2 2 2 2 2 2 2 2 2 2 2 2 2 2 2 2 2 2 2 2 2 2 2 2 2 2 2 2
left_child=2 12 3 13 10 16 7 -6 -8 17 11 -5 29 22 21 -3 18 -7 -4 -16 -14 -15 -1 -12 -24 -11 28 -28 -22 -2
right_child=1 15 5 4 6 9 8 -9 -10 25 23 -13 20 14 19 -17 -18 -19 -20 -21 26 -23 24 -25 -26 -27 27 -29 -30 -31
leaf_value=-0.003041374140157118 -0.0017467589341604005 -0.0017282227603297403 0.0042807078619198878 0.0011109928565124427 0.0070285250400216048 0.002505757289333832 -0.00485588927145892 0.00015072822173655575 0.00081429098806564011 -0.0025390124696516147 0.0039403283133739595 0.011378003607058897 0.0017965317201687732 -0.00087138117883911014 0.0055799147383801852 -0.0017282227603297403 -0.0018103992418963249 -0.0019417449764517422 -0.0019097067304959814 -0.0018908461630322204 -0.0002624989793834964 -0.0029164854228901698 0.00112541353486985 -0.0038359067973551216 -0.0022146474760737556 -0.0019187495943066041 0.0022420411113830722 -0.0022329848393884545 -0.0019528457173820122 -0.0017472332734779904
leaf_weight=2186 1425 7044 591 3461 12190 2837 7010 33939 11204 746 5415 7520 755 2262 664 93510 6547 1519 2319 3083 881 6585 7051 1991 4329 1899 675 508 3309 3809
leaf_count=2186 1425 7044 591 3461 12190 2837 7010 33939 11204 746 5415 7520 755 2262 664 93510 6547 1519 2319 3083 881 6585 7051 1991 4329 1899 675 508 3309 3809
internal_value=-0.0033709 -0.00687343 -0.000243638 0.000207867 0.000630772 -0.00323056 0.000264007 0.000695032 -0.000827569 -0.00163751 0.00191405 0.00282641 -0.00298442 -0.0011295 -0.00193752 -0.00731279 -0.00440929 -0.000172097 -0.00262191 -0.000302081 -0.00188907 -0.00262996 -0.000379201 0.00056088 -1.31787e-05 -0.00404892 -0.00239023 -6.96203e-05 -0.00304509 -0.00426566
internal_weight=237264 111916 125348 108890 82730 16458 64343 46129 18214 7001 18387 10981 11362 26160 12594 100554 9457 4356 2910 3747 6128 8847 13566 7406 11380 2645 5373 1183 4190 5234
internal_count=237264 111916 125348 108890 82730 16458 64343 46129 18214 7001 18387 10981 11362 26160 12594 100554 9457 4356 2910 3747 6128 8847 13566 7406 11380 2645 5373 1183 4190 5234
is_linear=0
shrinkage=0.03


Tree=114
num_leaves=31
num_cat=0
split_feature=35 8 8 25 3 37 6 3 37 3 7 24 8 35 24 8 38 6 8 6 1 38 29 29 25 6 3 25 2 1
split_gain=2829.23 225.152 185.068 64.4323 34.3668 33.1488 27.3238 24.9594 29.0539 35.517 22.9781 24.3399 19.0209 18.5828 21.1208 17.9616 17.2236 16.197 15.6414 15.618 16.8124 13.8235 13.2529 12.8619 11.1791 11.1087 10.7148 9.96039 8.72766 8.3628
threshold=925.00000000000011 0.4000000000000013 0.60000000000000064 1310.5000000000002 23.950000000000003 0.6830127018922193 17.650000000000002 8.2500000000000018 0.6830127018922193 20.950000000000003 1.2 0.29999999999999899 1.3500000000000016 1325.0000000000002 1.0000000180025095e-35 0.70000000000000029 0.26037272046371446 11.050000000000002 1.1000000000000008 14.450000000000001 92.500000000000014 -0.17647087149565668 10.225000000000001 11.100000000000001 1449.5000000000002 11.65 15.250000000000002 1610.5000000000002 1014.0500000000001 79.500000000000014
decision_type=2 2 2 2 2 2 2 2 2 2 2 2 2 2 2 2 2 2 2 2 2 2 2 2 2 2 2 2 2 2
left_child=2 13 3 7 18 10 17 21 9 -9 28 -12 27 14 29 -3 -10 -7 23 -16 -21 -1 -8 26 -14 -23 -4 -6 -5 -2
right_child=1 15 4 5 12 6 22 8 16 -11 11 -13 24 -15 19 -17 -18 -19 -20 20 -22 25 -24 -25 -26 -27 -28 -29 -30 -31
leaf_value=7.5753252298880184e-05 -0.001915785355338138 -0.001676376077519848 0.0033851274028180488 -0.0064613430448835019 0.00065760773577326008 0.0061490448020651064 -0.0015570535722431733 0.0087903856199783373 -0.0026009644340253346 0.0017462456207903909 -0.0015073016194399279 0.0015679548278633834 -0.0010499255632933457 -0.002317671284442165 0.0034464279394407021 -0.001676376077519848 0.0046231508845368781 -0.0012379123766594617 -0.0017961344239703575 -0.0017359759190566171 0.0029333832615817002 0.0055600039173812066 -0.0037840350879216611 -0.001737544948072708 -0.0018625097998951122 0.017036426955396627 -0.0018157341061972234 -0.0019179453605050992 -0.0013916398792128027 -0.00063251666261698121
leaf_weight=630 2486 7993 754 3410 3413 797 3216 11468 7999 20788 12315 28086 726 1137 549 93444 1616 7190 3728 5272 661 794 5938 3329 2071 1157 1304 1103 3287 510
leaf_count=630 2486 7993 754 3410 3413 797 3216 11468 7999 20788 12315 28086 726 1137 549 93444 1616 7190 3728 5272 661 794 5938 3329 2071 1157 1304 1103 3287 510
internal_value=-0.00340166 -0.00686401 -0.000300849 0.000147733 -0.00326841 -0.00045987 -0.00158942 0.00102578 0.000849175 0.00128061 -4.87261e-05 0.000221085 -0.00173582 -0.00270627 -0.00227057 -0.00729904 -0.00059816 -0.000306985 -0.00449737 -0.00130706 -0.00175527 0.00388792 -0.00270806 -0.00346122 -0.00367899 0.00513441 -0.00159466 -0.000531208 -0.001676 -0.0043529
internal_weight=237171 112052 125119 108691 16428 64239 17141 44452 41871 32256 47098 40401 7313 10615 9478 101437 9615 7987 9115 6482 5933 2581 9154 5387 2797 1951 2058 4516 6697 2996
internal_count=237171 112052 125119 108691 16428 64239 17141 44452 41871 32256 47098 40401 7313 10615 9478 101437 9615 7987 9115 6482 5933 2581 9154 5387 2797 1951 2058 4516 6697 2996
is_linear=0
shrinkage=0.03


Tree=115
num_leaves=31
num_cat=0
split_feature=35 8 8 24 34 35 37 3 5 2 38 21 8 20 35 24 8 20 38 8 29 7 4 33 29 39 4 5 8 29
split_gain=2839.44 223.574 178.641 65.882 41.8011 34.8743 34.1855 41.5761 35.3726 30.2887 27.6126 26.6064 19.1489 17.1329 16.4156 18.1993 14.7605 14.2465 14.205 13.889 12.6499 12.1371 19.2201 14.194 10.5385 10.1063 7.97172 7.96007 7.73298 8.48472
threshold=925.00000000000011 0.49999999999999739 0.60000000000000064 0.75000000000000011 6.5000000000000009 845.00000000000011 0.6830127018922193 13.15 11.450000000000001 1012.9500000000002 0.63920241694561786 26.500000000000004 0.20000000000000198 -1.9000000000000339 1325.0000000000002 -0.10000000000000052 2.0499999999999994 -0.69999999999998852 0.24372619187392155 0.70000000000000029 12.633333333333335 2.4000000000000017 6.3000000000000034 1.5333333333333337 16.633333333333336 -0.89404254237865755 4.4500000000000002 19.250000000000004 1.099999999999999 10.225000000000001
decision_type=2 2 2 2 2 2 2 2 2 2 2 2 2 2 2 2 2 2 2 2 2 2 2 2 2 2 2 2 2 2
left_child=2 12 3 13 9 11 7 -6 -8 17 -11 20 14 18 15 -2 -13 -5 27 -3 26 22 -15 -23 -20 -7 -4 -1 29 -27
right_child=1 19 5 4 6 25 8 -9 -10 10 -12 16 -14 21 -16 -17 -18 -19 24 -21 -22 23 -24 -25 -26 28 -28 -29 -30 -31
leaf_value=0.00012643158158417615 -0.0038947406759493532 -0.0016260847951942528 -0.0082983487104825258 0.0093210627366911263 0.0090021515353790049 -0.0016669204160489218 0.01078766790135873 0.00062117735673838047 -0.0026942127754256084 0.0031470369306575915 0.013224315413171869 0.0024172445645590404 -0.0016440648838099928 -0.0052088074546614892 -0.0035022016181583309 -0.00019066277627796994 -0.010320496790897218 0.0010315500193318328 -0.00018699131211482811 -0.0016260847951942528 -0.0080293032502887149 0.00087372399448805817 0.0092244928158601892 -0.0029514181664878113 -0.0034328649455856427 -0.0016003165720124227 0.00088391546465945076 -0.0027288348305084718 -0.0016536104299181714 -0.0016635779777820115
leaf_weight=508 1537 7202 2410 838 3618 972 529 37937 13614 7619 5080 2712 5119 4465 677 4000 594 13211 3196 93336 3082 8701 529 3547 802 783 1044 4357 2496 2324
leaf_count=508 1537 7202 2410 838 3618 972 529 37937 13614 7619 5080 2712 5119 4465 677 4000 594 13211 3196 93336 3082 8701 529 3547 802 783 1044 4357 2496 2324
internal_value=-0.00339313 -0.00686486 -0.000285188 0.000155938 0.000571815 -0.00320163 0.00010368 0.000537274 -0.0011702 0.00154654 0.00260826 -0.0020708 -0.00286965 -0.00115745 -0.00174952 -0.00120915 0.00012243 0.000586613 -0.00222927 -0.00731515 -0.00317987 -0.000606298 -0.00185248 -9.79592e-05 -0.00090375 -0.00489319 -0.00193142 -0.00331775 -0.00538314 -0.00437842
internal_weight=236839 111871 124968 108551 82446 16417 55698 41555 14143 26748 12699 9842 11333 26105 6214 5537 3306 14049 8863 100538 6536 17242 4994 12248 3998 6575 3454 4865 5603 3107
internal_count=236839 111871 124968 108551 82446 16417 55698 41555 14143 26748 12699 9842 11333 26105 6214 5537 3306 14049 8863 100538 6536 17242 4994 12248 3998 6575 3454 4865 5603 3107
is_linear=0
shrinkage=0.03


Tree=116
num_leaves=31
num_cat=0
split_feature=35 8 8 35 35 37 1 29 22 7 5 37 3 38 11 8 6 8 38 4 35 6 0 25 11 37 8 35 1 6
split_gain=2840.83 223.054 183.244 59.0543 32.625 30.8999 25.7255 24.7071 24.1006 23.6802 25.0862 23.4464 43.1444 25.4455 18.3936 14.6873 14.0571 13.5936 12.0966 11.2462 18.1764 10.544 9.44005 9.37349 8.99494 8.50987 7.95333 7.86868 10.7671 7.76834
threshold=925.00000000000011 0.49999999999999739 0.60000000000000064 595.00000000000011 855.00000000000011 0.6830127018922193 51.500000000000007 12.633333333333335 27.500000000000004 1.2500000000000002 24.350000000000005 0.6830127018922193 20.950000000000003 -0.074117382312902977 0.099999999999996106 2.8000000000000003 14.850000000000003 0.70000000000000029 0.22700754078277605 3.2999999999999985 1245.0000000000002 17.650000000000002 18.950000000000003 1710.5000000000002 0.2999999999999981 -0.24999999999999994 1.0999999999999963 1265.0000000000002 87.500000000000014 14.850000000000003
decision_type=2 2 2 2 2 2 2 2 2 2 2 2 2 2 2 2 2 2 2 2 2 2 2 2 2 2 2 2 2 2
left_child=2 14 3 6 8 9 29 21 16 25 -11 12 -8 -13 27 -10 -4 -3 -9 20 24 -7 -21 -24 -16 -5 -18 28 -2 -1
right_child=1 17 4 5 -6 7 11 18 15 10 -12 13 -14 -15 19 -17 26 -19 -20 22 -22 -23 23 -25 -26 -27 -28 -29 -30 -31
leaf_value=0.0096097750676929061 -0.0015947429372956932 -0.0015773022513384252 0.00071953334580296413 -0.0075704462058647955 -0.0015994349832073188 0.0005900046892213628 0.0083424192879244866 -0.0039966741052672103 -0.0016891782442217129 0.0035831568592754113 -0.00053174581274377129 -0.0033265874269239768 0.0012790678062099725 0.0027538885917814957 -4.536881723158151e-05 -0.0084346025767290805 -0.0053178444175045062 -0.0015773022513384252 -0.0014214963479111287 0.0008127212524357898 -0.0020656941393704703 -0.0018715948786273858 -0.001619340017282121 -0.0021014726634578105 0.0046257937150428223 -0.0016655740257377526 -0.0073722193172977499 -0.0017604324726570545 -0.00065564378987480458 0.0073757505962405287
leaf_weight=579 3324 7149 591 2524 5873 4688 13278 5001 5756 8387 29393 6957 23488 5004 1132 515 2094 93525 1485 608 765 4544 1685 1377 570 2453 1603 987 939 985
leaf_count=579 3324 7149 591 2524 5873 4688 13278 5001 5756 8387 29393 6957 23488 5004 1132 515 2094 93525 1485 608 765 4544 1685 1377 570 2453 1603 987 939 985
internal_value=-0.00339699 -0.00686674 -0.000291254 0.000154871 -0.00324388 -0.000493399 0.000908625 -0.00163073 -0.00224624 -7.52473e-05 0.000181039 0.000786954 0.00116229 -0.000366756 -0.00288634 -0.0010605 -0.00397902 -0.00731689 -0.00304948 -0.00177024 -0.000203524 -0.000633528 -0.00282271 -0.00350033 0.00152289 -0.00201998 -0.00466545 -0.00418983 -0.00362778 0.00469349
internal_weight=237259 112061 125198 108766 16432 58475 50291 15718 10559 42757 37780 48727 36766 11961 11387 6271 4288 100674 6486 6137 2467 9232 3670 3062 1702 4977 3697 5250 4263 1564
internal_count=237259 112061 125198 108766 16432 58475 50291 15718 10559 42757 37780 48727 36766 11961 11387 6271 4288 100674 6486 6137 2467 9232 3670 3062 1702 4977 3697 5250 4263 1564
is_linear=0
shrinkage=0.03


Tree=117
num_leaves=31
num_cat=0
split_feature=35 8 8 35 25 21 8 37 30 7 5 1 37 3 39 22 11 8 8 7 34 22 39 37 2 38 4 25 39 38
split_gain=2840.56 209.794 195.829 50.3938 49.4734 25.2391 25.0522 23.0746 22.7576 21.2101 27.2461 19.8138 21.4666 29.5749 22.1996 19.6945 16.565 14.6484 13.8065 13.0922 13.0542 12.8556 21.9349 12.3396 12.0616 11.8983 11.5931 13.1206 9.89446 9.24509
threshold=935.00000000000011 0.30000000000000254 0.4000000000000013 835.00000000000011 1310.5000000000002 26.500000000000004 0.79999999999999816 0.6830127018922193 16.500000000000004 1.3499999999999999 24.250000000000004 61.500000000000007 0.6830127018922193 20.950000000000003 0.90070004940655357 18.500000000000004 0.099999999999996106 2.0499999999999994 0.70000000000000029 0.90000000000000135 8.5000000000000018 18.500000000000004 0.64414586362404946 0.25000000000000017 1014.0500000000001 -0.2102246306142678 4.2500000000000009 1980.5000000000002 -0.89404254237865755 -0.01397611846945947
decision_type=2 2 2 2 2 2 2 2 2 2 2 2 2 2 2 2 2 2 2 2 2 2 2 2 2 2 2 2 2 2
left_child=1 4 16 5 11 8 23 9 19 24 -11 21 13 -13 -14 25 -2 29 -4 -3 -17 -1 -23 -5 -6 -9 27 -18 -8 -7
right_child=2 3 18 6 7 17 28 15 -10 10 -12 12 14 -15 -16 20 26 -19 -20 -21 -22 22 -24 -25 -26 -27 -28 -29 -30 -31
leaf_value=0.01001560780792296 -0.001669834571579066 0.0031906501333481782 -0.0015299831837982726 -0.0015299831837982726 -0.0066192444560522461 0.0045564011277633544 -0.0015299831837982726 -0.0038729945157743991 -0.008474707024964943 0.0043702830706674536 -0.0001098972513773061 0.008775242239599218 -0.003724230467178854 0.0019763815135781914 0.0019901106433701066 -0.00075255517776507742 0.00063711038419153371 -0.011480805276499841 -0.0015299831837982726 -0.0059180305568931968 -0.0035554248000597031 0.010998695317861708 -0.0043429949923339192 -0.0015299831837982726 -0.00026953242720794578 0.0037132953825968532 -0.0019788414970387728 -0.0020211188178447487 -0.0015299831837982726 -0.002844012176488045
leaf_weight=655 4367 1949 7531 2974 3667 2699 973 594 4798 7771 26952 10343 3730 20094 5280 5077 2051 542 92276 4098 7681 1292 742 2573 3482 2212 2398 856 5376 1466
leaf_count=655 4367 1949 7531 2974 3667 2699 973 594 4798 7771 26952 10343 3730 20094 5280 5077 2051 542 92276 4098 7681 1292 742 2573 3482 2212 2398 856 5376 1466
internal_value=-0.00338824 -0.000335847 -0.00692963 -0.00265792 0.000304296 -0.00153337 -0.00412758 -0.000268463 -0.00232945 9.81516e-05 0.000404536 0.00108501 0.000915042 0.00129579 -0.000371172 -0.00125466 -0.00285301 0.000301019 -0.00732462 -0.00110473 -0.00175509 0.00357581 0.0023944 -0.00265318 -0.00138967 0.0010203 -0.00172555 -0.000451186 -0.0054145 0.000905328
internal_weight=236499 127020 109479 27448 99572 15552 11896 57436 10845 41872 34723 42136 39447 30437 9010 15564 9672 4707 99807 6047 12758 2689 2034 5547 7149 2806 5305 2907 6349 4165
internal_count=236499 127020 109479 27448 99572 15552 11896 57436 10845 41872 34723 42136 39447 30437 9010 15564 9672 4707 99807 6047 12758 2689 2034 5547 7149 2806 5305 2907 6349 4165
is_linear=0
shrinkage=0.03


Tree=118
num_leaves=31
num_cat=0
split_feature=35 8 8 24 3 34 29 39 3 38 38 44 6 8 8 8 39 24 35 29 24 25 7 24 8 38 13 38 24 38
split_gain=2822.34 231.705 176.001 62.2272 34.9912 32.8875 26.1428 24.3053 51.3595 35.7601 22.679 23.1474 21.1676 19.0557 18.3666 17.7885 15.6243 15.3175 21.5216 13.5171 13.4888 12.8657 12.4397 11.4537 10.9584 9.87953 9.21348 9.05789 8.68927 8.17576
threshold=925.00000000000011 0.4000000000000013 0.60000000000000064 1.2000000000000013 23.350000000000005 5.5000000000000009 13.450000000000001 0.64414586362404946 13.15 -0.17647087149565668 0.26037272046371446 1436.0000000000002 24.950000000000003 1.3000000000000027 0.70000000000000029 1.1000000000000008 0.45847758937963173 -0.10000000000000052 1305.0000000000002 5.366666666666668 -0.74999999999999989 1410.5000000000002 5.1999999999999984 2.6500000000000008 0.2999999999999981 0.022575936829235418 0.011666666666666627 0.86113431103781346 1.6500000000000006 0.26037272046371446
decision_type=2 2 2 2 2 2 2 2 2 2 2 2 2 2 2 2 2 2 2 2 2 2 2 2 2 2 2 2 2 2
left_child=2 17 3 6 15 10 20 8 -7 -9 11 -5 -12 28 -3 23 22 -2 19 -19 29 -15 -8 27 -21 -18 -22 -4 -6 -1
right_child=1 14 4 5 13 7 16 9 -10 -11 12 -13 -14 21 -16 -17 25 18 -20 24 26 -23 -24 -25 -26 -27 -28 -29 -30 -31
leaf_value=-0.0027427660428604988 -0.0016289409181614956 -0.0014840836882843243 -0.0015458278879150037 0.00098881358671356061 -0.0016915195349496257 0.012458433759872819 -0.0010929992177601965 -0.0047432778951892506 0.0010523982139788624 0.0009935897095955592 0.011801608209254933 0.015530900654567335 0.00098773530422890943 0.00058306689019213434 -0.0014840836882843243 -0.0015841310562891512 -0.0041337430033941396 0.0037388036516957748 -0.0019616940207255753 -0.0010020660507005033 -0.00083333455997342985 -0.0016416612240797211 -0.0034723654651201306 0.0015939803194580347 -0.0015484119535792524 -0.0023798364025810433 0.0015134283509653395 -0.0015104936869641892 0.0034308245551328809 -0.00034717062108275906
leaf_weight=2174 2888 7992 3322 8824 3347 2569 6821 6133 38035 9513 5762 623 1781 643 93332 3425 2272 630 1145 4150 10116 2476 1601 600 1720 2752 7584 1187 1512 1805
leaf_count=2174 2888 7992 3322 8824 3347 2569 6821 6133 38035 9513 5762 623 1781 643 93332 3425 2272 630 1145 4150 10116 2476 1601 600 1720 2752 7584 1187 1512 1805
internal_value=-0.0033979 -0.00685888 -0.000297708 0.000141948 -0.00318275 0.000639797 -0.000896106 0.00029039 0.000677486 -0.000714149 0.00179643 0.000816753 0.00302286 -0.00175376 -0.00729911 -0.00451792 -0.00193523 -0.0026234 -0.00191938 -0.00125038 -0.000251487 -0.00358299 -0.00114494 -0.00339415 -0.00169874 -0.00325905 0.000103378 -0.0039121 -0.000578585 -0.00182931
internal_weight=236734 111857 124877 108365 16512 73240 35125 56250 40604 15646 16990 9447 7543 7978 101324 8534 13446 10533 7645 6500 21679 3119 8422 5109 5870 5024 17700 4509 4859 3979
internal_count=236734 111857 124877 108365 16512 73240 35125 56250 40604 15646 16990 9447 7543 7978 101324 8534 13446 10533 7645 6500 21679 3119 8422 5109 5870 5024 17700 4509 4859 3979
is_linear=0
shrinkage=0.03


Tree=119
num_leaves=31
num_cat=0
split_feature=25 8 8 24 25 34 2 39 2 22 38 21 8 20 8 8 7 4 24 24 25 31 29 39 39 38 29 8 0 4
split_gain=2836.26 232.119 183.829 60.6141 36.795 32.6655 27.9118 27.5987 40.1605 39.4842 27.2987 23.1045 18.1692 15.8946 13.654 12.97 12.9496 12.9248 12.5535 11.5015 15.978 14.4459 11.0236 10.5554 10.2778 10.1652 9.0552 8.49524 8.38429 7.73499
threshold=1670.5000000000002 0.49999999999999739 0.60000000000000064 0.75000000000000011 1588.5000000000002 6.5000000000000009 1013.0500000000001 0.64414586362404946 1020.5500000000001 18.500000000000004 -0.091260668982868151 26.500000000000004 0.20000000000000198 -1.9000000000000339 0.70000000000000029 2.199999999999998 2.100000000000001 5.4500000000000002 -0.70000000000000095 1.6000000000000008 1990.5000000000002 23.320512820512821 12.633333333333335 0.47369649395226454 -0.89404254237865755 0.24372619187392155 17.450000000000003 1.099999999999999 17.150000000000002 4.2500000000000009
decision_type=2 2 2 2 2 2 2 2 2 2 2 2 2 2 2 2 2 2 2 2 2 2 2 2 2 2 2 2 2 2
left_child=2 12 3 13 11 6 23 8 -7 -9 -8 22 19 25 -3 -13 17 -15 -18 28 21 -21 29 -5 -6 -1 -27 -26 -2 -4
right_child=1 14 4 5 24 7 10 9 -10 -11 -12 15 -14 16 -16 -17 18 -19 -20 20 -22 -23 -24 -25 27 26 -28 -29 -30 -31
leaf_value=-0.0022141069179935275 0.0013359263193777164 -0.0014395611776357945 -0.0079375718523841954 0.0026015791017844326 -0.0014675596599435284 0.00094815085011368922 0.00079090475687406683 0.0039421427246877803 0.016053909305745684 -0.0031122255411330933 0.0090556836488775629 0.0023305919702007014 -0.0014564786430143444 -0.0059331268937140719 -0.0014395611776357945 -0.010510496576079321 -0.0023760714159504529 0.0052718604647422462 0.0006742597710741638 -0.00093652125134354087 -0.0032994705825220871 0.003900165513892146 -0.0085752983561684024 -0.0049633581781495292 -0.0014657871654260119 -0.00061150747789144653 -0.003658495692591318 -0.0014590673204945552 -0.0027708963334662157 0.0011886150158567992
leaf_weight=4854 508 7022 2273 13337 1051 38133 4027 3213 1761 12621 8611 2661 5073 3256 93346 501 3437 662 9877 1026 626 549 2836 808 3401 3426 590 2834 3678 994
leaf_count=4854 508 7022 2273 13337 1051 38133 4027 3213 1761 12621 8611 2661 5073 3256 93346 501 3437 662 9877 1026 626 549 2836 808 3401 3426 590 2834 3678 994
internal_value=-0.00338452 -0.00685657 -0.000282345 0.000166483 -0.00322736 0.000565093 0.00142608 0.000151265 0.000571862 -0.000908373 0.00245055 -0.00197232 -0.00281103 -0.00109351 -0.00731842 0.000109039 -0.000562261 -0.00207781 -0.000116026 -0.00174558 1.02133e-05 0.00162175 -0.00305037 0.000510532 -0.00482231 -0.00212523 -0.00100796 -0.00528499 -0.00266834 -0.00186066
internal_weight=236992 111828 125164 108613 16551 82511 26783 55728 39894 15834 12638 9265 11460 26102 100368 3162 17232 3918 13314 6387 2201 1575 6103 14145 7286 8870 4016 6235 4186 3267
internal_count=236992 111828 125164 108613 16551 82511 26783 55728 39894 15834 12638 9265 11460 26102 100368 3162 17232 3918 13314 6387 2201 1575 6103 14145 7286 8870 4016 6235 4186 3267
is_linear=0
shrinkage=0.03


Tree=120
num_leaves=31
num_cat=0
split_feature=35 8 8 24 35 34 39 3 38 0 6 38 44 15 35 4 0 7 39 8 39 7 0 39 35 24 3 8 8 33
split_gain=2807.09 200.744 198.407 61.4095 41.6911 37.3034 25.2856 47.8321 39.0843 24.1332 22.699 18.9443 17.936 15.7801 15.029 20.4815 20.8286 17.1602 15.7228 14.666 13.2755 12.1166 11.9206 11.5743 11.2731 11.0777 9.85048 9.53737 8.52555 8.36703
threshold=935.00000000000011 0.59999999999999887 0.4000000000000013 0.70000000000000118 845.00000000000011 5.5000000000000009 0.64414586362404946 19.150000000000002 -0.17647087149565668 26.150000000000002 25.250000000000004 -0.022576249993022688 837.50000000000011 0.23166067138507862 1335.0000000000002 2.2999999999999985 18.650000000000002 1.1500000000000006 0.53312596302726967 0.70000000000000029 -0.89404254237865755 5.6499999999999995 14.950000000000001 -0.34234976856068178 1025.0000000000002 1.6000000000000008 24.850000000000005 1.3500000000000016 1.2999999999999983 -2.6956521739130439
decision_type=2 2 2 2 2 2 2 2 2 2 2 2 2 2 2 2 2 2 2 2 2 2 2 2 2 2 2 2 2 2
left_child=1 3 14 13 9 10 7 -7 -8 22 11 -5 -12 23 15 17 24 -2 -19 -4 -6 29 -3 26 -17 -18 -1 -11 -22 -15
right_child=2 4 19 5 20 6 8 -9 -10 27 12 -13 -14 21 -16 16 25 18 -20 -21 28 -23 -24 -25 -26 -27 -28 -29 -30 -31
leaf_value=0.0037247437347442585 -0.0028725156533598653 0.0024206296035039218 -0.0013963743423067209 0.0015074474023320111 -0.0013963743423067209 0.0061108592724823272 -0.0041176081261060015 -0.00010779900121890311 0.00067246794335223579 0.0008329473521427594 4.3196452419614614e-05 0.010061324001642041 0.012390567984854649 0.003590931371652862 -0.0020577680352484714 -0.0016587006405277555 -0.0015677601043181844 0.0032836140948225576 -0.001710979145450412 -0.0013963743423067209 -0.0013963743423067209 -0.0027565219618872097 -0.0070298451997054005 -0.0019638346136712469 0.0024027139149340121 -0.0013689974715448371 -0.0022945701589985787 -0.0070991408910471348 -0.0013963743423067209 -0.0004953891565362378
leaf_weight=1359 526 527 7556 3356 1150 12223 6978 34270 11189 3328 6974 7354 645 696 989 528 4428 1057 576 92282 4372 2327 4634 9408 594 899 2079 1436 2295 10839
leaf_count=1359 526 527 7556 3356 1150 12223 6978 34270 11189 3328 6974 7354 645 696 989 528 4428 1057 576 92282 4372 2327 4634 9408 594 899 2079 1436 2295 10839
internal_value=-0.00340083 -0.000374467 -0.00692501 0.000104399 -0.00333493 0.000507073 0.000168414 0.000539252 -0.000780588 -0.00204367 0.00170163 0.00259195 0.000449744 -0.00114676 -0.0028042 -0.0024007 -0.00324717 0.000128413 0.00164679 -0.00732106 -0.00497346 -0.000444677 -0.00346456 -0.00190419 0.000467082 -0.00402937 -0.000414244 -0.000503567 -0.00548695 -4.61558e-05
internal_weight=236874 127439 109435 109697 17742 82989 64660 46493 18167 9925 18329 10710 7619 26708 9597 8608 6449 2159 1633 99838 7817 13862 5161 12846 1122 5327 3438 4764 6667 11535
internal_count=236874 127439 109435 109697 17742 82989 64660 46493 18167 9925 18329 10710 7619 26708 9597 8608 6449 2159 1633 99838 7817 13862 5161 12846 1122 5327 3438 4764 6667 11535
is_linear=0
shrinkage=0.03


Tree=121
num_leaves=31
num_cat=0
split_feature=35 8 8 24 3 25 15 11 24 36 8 8 39 3 16 35 8 4 2 6 33 35 27 35 1 24 31 15 15 4
split_gain=2825.63 222.219 166.493 57.7888 33.3899 27.2956 34.4056 18.3747 17.6023 16.4188 16.4157 14.0476 13.8733 20.5365 15.2985 13.6609 13.657 12.3408 12.0315 11.9155 11.8713 10.4568 9.23354 8.94176 16.3051 11.8815 8.73211 7.11796 6.87316 6.32222
threshold=925.00000000000011 0.49999999999999739 0.64999999999999869 0.75000000000000011 23.350000000000005 1250.5000000000002 0.10488088481733919 0.19999999999999754 5.6500000000000012 0.93301270189221952 1.3500000000000016 0.70000000000000029 -0.85225707553516283 25.250000000000004 -1.0000000180025095e-35 705.00000000000011 1.1499999999999988 4.2999999999999998 1012.35 28.650000000000002 1.5714285714285701 865.00000000000011 16.183333333333337 1285.0000000000002 91.500000000000014 1.6000000000000008 17.839743589743595 0.14719601443879507 0.0632455532029947 2.2000000000000002
decision_type=2 2 2 2 2 2 2 2 2 2 2 2 2 2 2 2 2 2 2 2 2 2 2 2 2 2 2 2 2 2
left_child=2 7 3 12 16 8 28 23 19 -8 26 29 13 -1 20 -12 21 27 -10 -5 -14 -4 -15 24 25 -2 -6 -9 -7 -3
right_child=1 11 4 5 10 6 9 17 18 -11 15 -13 14 22 -16 -17 -18 -19 -20 -21 -22 -23 -24 -25 -26 -27 -28 -29 -30 -31
leaf_value=0.0059150882102317667 -0.0013709550981240918 -0.0013544831120375191 -0.0032586704656892575 0.0037554578783977133 0.0010753562352244542 -0.0058743918736525068 0.00056622084499103047 -0.00092673206030966123 0.0029199418871538427 0.0070750149752215157 -0.00067911092153965841 -0.0013544831120375191 -0.00050668854598339775 0.0011820800929781261 -0.0020353301905559145 -0.0015054400838461187 -0.001478088304069548 -0.0015866985576605314 0.011126997802253874 -0.002753428399141584 -0.0033471493081196424 -0.001345589833633335 -0.0033891248052007432 -0.0017051886818146974 0.0012966414523649075 -0.0015472330957104509 -0.0017179454902163417 0.0025513290348688567 -0.0023118296095979321 -0.0013544831120375191
leaf_weight=1365 3821 1521 2836 26494 2460 3025 37698 1225 894 3557 837 93586 10786 1264 8455 2205 3107 2372 1511 2565 3783 1615 1269 1231 663 1410 1808 653 7448 5586
leaf_count=1365 3821 1521 2836 26494 2460 3025 37698 1225 894 3557 837 93586 10786 1264 8455 2205 3107 2372 1511 2565 3783 1615 1269 1231 663 1410 1808 653 7448 5586
internal_value=-0.00340843 -0.00686732 -0.000306879 9.54902e-05 -0.00328648 0.000486453 6.26329e-05 -0.00289202 0.00118318 0.000452469 -0.00184013 -0.00731633 -0.00111258 0.000542308 -0.00139277 -0.00352332 -0.00468452 -0.00132996 0.00364873 0.000978889 -0.00080348 -0.0036161 -0.00105621 -0.00382314 -0.00333531 -0.0038969 -0.000639344 0.000486702 -0.00147279 -0.00602511
internal_weight=237050 112068 124982 110114 14868 83192 51728 11375 31464 41255 7310 100693 26922 3898 23024 3042 7558 4250 2405 29059 14569 4451 2533 7125 5894 5231 4268 1878 10473 7107
internal_count=237050 112068 124982 110114 14868 83192 51728 11375 31464 41255 7310 100693 26922 3898 23024 3042 7558 4250 2405 29059 14569 4451 2533 7125 5894 5231 4268 1878 10473 7107
is_linear=0
shrinkage=0.03


Tree=122
num_leaves=31
num_cat=0
split_feature=25 8 8 24 25 34 37 6 4 6 38 32 5 22 38 18 8 8 8 24 5 8 37 29 33 24 6 8 1 24
split_gain=2775.65 228.558 186.237 52.1488 36.7382 31.6575 27.2212 29.999 24.7093 22.0743 21.2628 20.9606 20.6604 19.7045 17.4495 14.2057 13.004 12.7772 11.1997 11.1704 10.8157 10.426 13.1787 10.1451 9.63204 8.12593 7.53046 7.3596 6.27343 6.15787
threshold=1679.5000000000002 0.49999999999999739 0.59999999999999887 0.70000000000000118 1588.5000000000002 6.5000000000000009 0.6830127018922193 11.050000000000002 3.2000000000000002 24.950000000000003 -0.022576249993022688 52.500000000000007 15.550000000000002 29.500000000000004 0.86113431103781346 0.30000000000000121 0.19999999999999976 2.0000000000000013 0.70000000000000029 1.6000000000000008 16.050000000000004 1.3999999999999997 0.25000000000000017 12.633333333333335 -2.6956521739130439 -1.2000000000000008 24.850000000000005 1.0999999999999963 91.500000000000014 -0.84999999999999953
decision_type=2 2 2 2 2 2 2 2 2 2 2 2 2 2 2 2 2 2 2 2 2 2 2 2 2 2 2 2 2 2
left_child=2 11 3 15 13 9 8 -8 -7 10 -5 12 -2 20 -11 23 19 -15 -3 -14 -4 22 -6 29 -17 -26 -25 -22 -18 -1
right_child=1 18 4 5 21 6 7 -9 -10 14 -12 -13 16 17 -16 24 28 -19 -20 -21 27 -23 -24 26 25 -27 -28 -29 -30 -31
leaf_value=-0.0022928410709212323 0.0028446611687479879 -0.0013138486186763934 0.0034373582612556063 0.00098577360169737282 -0.0013800007650455817 -0.0015836585581332559 0.0072868747400264096 -0.0025590006794374938 0.0023773858038382877 0.0018058657051157477 0.0080451525800451056 0.0031795788145518775 -0.003026332288515822 0.00070641660963689735 -0.015105295594572467 0.0041167156020273689 -0.0013297644005109896 -0.0089213556386290825 -0.0013138486186763934 -0.00057099550410815987 -0.0062395415350536805 -0.0013296046090575954 -0.0013119151505249723 -0.0028607911537765827 -0.002843630905064053 -0.00051224770849570803 -0.0017370794124142884 -0.0083378447394659438 -0.0014043056530076013 -0.00071975165340604848
leaf_weight=1475 540 7004 502 4801 2945 15628 703 13374 26090 11237 10093 516 3659 3469 539 682 4183 706 93137 1841 2558 2238 2350 3780 1774 11612 2011 2194 591 4902
leaf_count=1475 540 7004 502 4801 2945 15628 703 13374 26090 11237 10093 516 3659 3469 539 682 4183 706 93137 1841 2558 2238 2350 3780 1774 11612 2011 2194 591 4902
internal_value=-0.0034219 -0.00686796 -0.000364958 9.12808e-05 -0.00328843 0.000461912 5.55137e-05 -0.00108513 0.000440436 0.00131205 0.00207942 -0.00282872 -0.00311067 -0.00203982 0.000341314 -0.00107363 -0.00341135 -0.000500958 -0.0073249 -0.00241549 -0.00326199 -0.00485036 -0.00412167 -0.00182416 -0.000424307 -0.000601658 -0.00273304 -0.00370425 -0.00455716 -0.000998197
internal_weight=237134 111471 125663 108701 16962 82465 55795 14077 41718 26670 14894 11330 10814 9429 11776 26236 10274 4175 100141 5500 5254 7533 5295 12168 14068 13386 5791 4752 4774 6377
internal_count=237134 111471 125663 108701 16962 82465 55795 14077 41718 26670 14894 11330 10814 9429 11776 26236 10274 4175 100141 5500 5254 7533 5295 12168 14068 13386 5791 4752 4774 6377
is_linear=0
shrinkage=0.03


Tree=123
num_leaves=31
num_cat=0
split_feature=35 8 8 24 35 37 6 38 29 38 29 0 11 29 39 6 32 24 8 7 39 38 6 24 30 8 29 28 0 8
split_gain=2793.13 227.515 161.411 52.7939 34.8277 26.2476 38.6366 35.8158 32.2512 27.6072 25.7819 22.3926 18.7531 17.3912 16.4946 15.8724 14.2301 14.6412 13.902 12.6349 12.4792 11.3538 11.3512 10.7312 9.86019 9.5796 9.18006 7.84837 7.59418 7.58781
threshold=925.00000000000011 0.49999999999999739 0.60000000000000064 1.6500000000000006 835.00000000000011 0.6830127018922193 22.350000000000005 0.99374995976406788 3.6333333333333337 -0.074117382312902977 13.450000000000001 26.150000000000002 0.099999999999996106 9.4500000000000011 0.45847758937963173 10.850000000000003 46.500000000000007 -0.29999999999999888 0.70000000000000029 4.4500000000000002 -0.89404254237865755 0.22700754078277605 15.050000000000002 -0.15000000000000033 10.500000000000002 1.2999999999999983 10.225000000000001 23.500000000000004 30.450000000000003 0.2999999999999981
decision_type=2 2 2 2 2 2 2 2 2 2 2 2 2 2 2 2 2 2 2 2 2 2 2 2 2 2 2 2 2 2
left_child=2 12 3 10 11 6 8 -8 -5 13 16 22 -2 -7 19 -11 17 -1 -3 -12 28 -16 -4 -14 -25 26 -22 -13 -6 -26
right_child=1 18 4 5 20 9 7 -9 -10 15 14 27 23 -15 21 -17 -18 -19 -20 -21 25 -23 -24 24 29 -27 -28 -29 -30 -31
leaf_value=-0.0014283081462376716 -0.0012903315776337221 -0.0012744331601161015 0.0034498832957074598 0.016816469566987933 -0.0014343342783831796 -0.00021330350300437172 0.0016184145359768132 -0.017902094275482328 0.0061876513685165989 0.010582767572255403 -0.0004824455621477658 0.0016525680249422602 -0.001500136338422561 -0.0061749268504870392 -0.0033734423481248852 0.0013571061790816506 -0.0077416489753862287 0.00068374663896721296 -0.0012744331601161015 -0.0026747982884362275 -0.00128388471289237 -0.0020912250423360916 -0.0076664916178882303 0.0012031300727724935 -0.0010107639275198656 -0.001301163265711729 -0.0013061861859122532 -0.005770303758700422 0.0019732564492526781 -0.0014665336929564831
leaf_weight=6564 5260 7156 504 1331 559 4497 33424 918 13670 531 7314 2519 1753 4895 3477 5864 724 19594 93251 2958 1103 2697 4223 1315 2347 2075 3059 1911 528 756
leaf_count=6564 5260 7156 504 1331 559 4497 33424 918 13670 531 7314 2519 1753 4895 3477 5864 724 19594 93251 2958 1103 2697 4223 1315 2347 2075 3059 1911 528 756
internal_value=-0.00341866 -0.00686253 -0.000335859 8.45012e-05 -0.00310183 0.000624347 0.000964991 0.000410115 0.00223505 -0.000440338 -0.000726979 -0.00186783 -0.00285161 -0.00147541 -0.00166251 0.0010798 -0.000154553 -3.95642e-05 -0.00731909 -0.000925638 -0.00464373 -0.00288779 -0.00330355 -0.0017289 -0.000940045 -0.00516068 -0.00432637 -0.000335063 -0.00167355 -0.00186232
internal_weight=236777 111838 124939 108458 16481 65130 49343 34342 15001 15787 43328 9157 11431 9392 16446 6395 26882 26158 100407 10272 7324 6174 4727 6171 4418 6237 4162 4430 1087 3103
internal_count=236777 111838 124939 108458 16481 65130 49343 34342 15001 15787 43328 9157 11431 9392 16446 6395 26882 26158 100407 10272 7324 6174 4727 6171 4418 6237 4162 4430 1087 3103
is_linear=0
shrinkage=0.03


Tree=124
num_leaves=31
num_cat=0
split_feature=35 35 9 13 31 3 38 37 3 7 38 39 1 38 38 32 9 9 1 35 1 7 31 7 5 31 13 35 37 32
split_gain=2773.51 136.112 108.183 59.8085 41.306 38.8972 30.3082 29.5466 38.338 27.066 26.7094 22.9059 18.5298 17.7984 16.1276 15.3003 14.8232 11.4534 14.5024 10.7436 14.1065 10.5185 13.0564 10.4134 9.04188 10.2802 8.98933 7.5792 7.44898 7.45061
threshold=935.00000000000011 775.00000000000011 35.000000000000007 -0.0024999999999999758 34.519230769230781 9.1500000000000004 -0.2102246306142678 0.6830127018922193 19.750000000000004 2.0999999999999992 0.26037272046371446 -0.42179730054635828 78.500000000000014 -0.45274443793211405 0.87397152483179585 53.500000000000007 75.000000000000014 75.000000000000014 77.500000000000014 1165.0000000000002 92.500000000000014 5.5999999999999996 17.839743589743595 1.5000000000000007 14.65 22.292857142857148 0.0016666666666666462 965.00000000000011 0.25000000000000017 28.500000000000004
decision_type=2 2 2 2 2 2 2 2 2 2 2 2 2 2 2 2 2 2 2 2 2 2 2 2 2 2 2 2 2 2
left_child=1 4 12 16 5 6 13 8 -7 15 -9 21 26 -1 -8 19 28 18 -13 20 -4 22 -5 -14 25 -11 -2 -26 29 -3
right_child=2 3 9 11 -6 7 14 10 -10 24 -12 17 23 -15 -16 -17 -18 -19 -20 -21 -22 -23 -24 -25 27 -27 -28 -29 -30 -31
leaf_value=0.0045040940495595433 -0.0013881351194797525 -0.0011215928428029947 -0.0012362001653126186 0.0025344753638868343 -0.0085159062897043475 0.0048267578507853745 0.006048416979346165 -0.0027106556571446249 -3.7380797129991095e-05 -0.0012362001653126186 0.0032266044594019493 -0.0019427873201256797 -0.0024536271934298922 -0.0099167439889166244 0.030339419393551947 -0.0012362001653126186 -0.0012362001653126186 -0.0012362001653126186 0.0010744142112184322 -0.0012362001653126186 -0.0012362001653126186 -0.0020957820059665645 -0.0012362001653126186 0.00037602591103785051 -0.0012362001653126186 -0.0012362001653126186 -0.0016546125312060548 -0.0012362001653126186 -0.0014774801866561029 -0.0013892282137429807
leaf_weight=526 1284 1874 3860 4486 3336 18003 4331 15459 45968 512 3113 10723 811 864 519 611 4319 3440 2116 4981 866 978 3391 1504 4214 532 1850 88812 2497 1306
leaf_count=526 1284 1874 3860 4486 3336 18003 4331 15459 45968 512 3113 10723 811 864 519 611 4319 3440 2116 4981 866 978 3391 1504 4214 532 1850 88812 2497 1306
internal_value=-0.00342702 -0.000412394 -0.00691947 -0.00200117 0.000193523 0.000316692 0.00260013 0.000144012 0.000449838 -0.00713459 -0.000909336 -0.00122036 -0.00279719 -0.00130388 0.00371908 -0.00567297 -0.00396379 -0.00188824 -0.00147594 -0.00596277 -0.00493338 7.62109e-06 0.000372192 -0.000760682 -0.00729478 -0.00450287 -0.00430006 -0.00732602 -0.00295431 -0.00198931
internal_weight=237086 127249 109837 35130 92119 88783 6240 82543 63971 104388 18572 25134 5449 1390 4850 10318 9996 16279 12839 9707 4726 8855 7877 2315 94070 1044 3134 93026 5677 3180
internal_count=237086 127249 109837 35130 92119 88783 6240 82543 63971 104388 18572 25134 5449 1390 4850 10318 9996 16279 12839 9707 4726 8855 7877 2315 94070 1044 3134 93026 5677 3180
is_linear=0
shrinkage=0.03


Tree=125
num_leaves=31
num_cat=0
split_feature=35 8 8 24 35 34 21 39 6 38 6 37 33 5 4 35 24 31 8 29 8 38 0 31 39 3 13 24 4 6
split_gain=2806.38 205.762 188.396 45.7811 43.5164 30.0545 23.6101 21.0635 37.1179 29.8309 19.0668 16.1585 16.6741 15.7603 15.1057 24.5026 15.3324 15.0848 14.0541 12.6566 12.5323 12.399 11.7279 11.2066 8.9525 8.70612 8.53346 8.28933 8.19385 7.71565
threshold=935.00000000000011 0.4000000000000013 0.60000000000000064 0.75000000000000011 845.00000000000011 5.5000000000000009 26.500000000000004 0.56191161272202661 22.350000000000005 -0.17647087149565668 28.250000000000004 0.25000000000000017 -0.73913043478260654 15.550000000000002 2.2999999999999985 1225.0000000000002 1.6000000000000008 7.1742424242424248 0.70000000000000029 12.633333333333335 2.0000000000000013 -0.78326540922535159 29.050000000000004 23.825757575757578 0.28313308994381592 26.850000000000005 0.0024999999999999766 -1.45 2.0999999999999992 17.650000000000002
decision_type=2 2 2 2 2 2 2 2 2 2 2 2 2 2 2 2 2 2 2 2 2 2 2 2 2 2 2 2 2 2
left_child=2 13 3 11 6 10 19 8 -7 -9 21 25 29 -2 15 23 26 -14 28 -4 -8 -5 -6 -15 -18 27 -16 -1 -3 -13
right_child=1 18 4 5 22 7 20 9 -10 -11 -12 12 17 14 16 -17 24 -19 -20 -21 -22 -23 -24 -25 -26 -27 -28 -29 -30 -31
leaf_value=-0.0022264276691349337 0.0023847103896159983 -0.0011991141603532401 -0.004771405147859958 0.00011908497146898455 -0.0011991141603532401 0.0067586847511741542 0.0023884251246719941 -0.0033215422810477569 8.8374515242115593e-05 0.00052062064484769126 -0.003163808296392396 0.0014548631807377449 0.002787564077276265 -0.00086228481383252671 -0.0013327089385754777 -0.0018358263698769791 -0.0017340193584574051 -0.0022615341365161174 -0.0011991141603532401 -0.0066042911375829459 -0.008500411097538638 0.006430942399066491 -0.0011991141603532401 0.0037005204508457922 0.0022707900574015201 -0.004464573691784008 -0.0016964586095843644 0.0002627642256189355 -0.0011991141603532401 -0.0011565355823281364
leaf_weight=1536 525 1587 3487 2852 5430 10192 2672 7944 34085 12151 1793 1869 565 1020 3062 1030 648 7963 92559 3068 577 13686 2252 539 528 656 2273 11837 6030 2505
leaf_count=1536 525 1587 3487 2852 5430 10192 2672 7944 34085 12151 1793 1869 565 1020 3062 1030 648 7963 92559 3068 577 13686 2252 539 528 656 2273 11837 6030 2505
internal_value=-0.00340481 -0.00691791 -0.000370274 9.09829e-05 -0.00326195 0.000440814 -0.00193657 0.000135614 0.000501197 -0.000669876 0.00151244 -0.000983273 -0.00174946 -0.00272749 -0.00301912 -0.0010797 -0.00378973 -0.00252169 -0.00732047 -0.00297278 0.000154568 0.00183102 -0.0049525 0.00129244 -0.000687606 -0.00027849 -0.00447302 -0.00011271 -0.00607658 -0.000243373
internal_weight=236921 109801 127120 109634 17486 82703 9804 64372 44277 20095 18331 26931 12902 9625 9100 2589 6511 8528 100176 6555 3249 16538 7682 1559 1176 14029 5335 13373 7617 4374
internal_count=236921 109801 127120 109634 17486 82703 9804 64372 44277 20095 18331 26931 12902 9625 9100 2589 6511 8528 100176 6555 3249 16538 7682 1559 1176 14029 5335 13373 7617 4374
is_linear=0
shrinkage=0.03


Tree=126
num_leaves=31
num_cat=0
split_feature=35 8 8 29 37 35 5 38 25 38 4 22 39 2 6 22 4 39 8 11 4 6 8 39 39 30 4 5 31 35
split_gain=2785.31 203.222 186.208 49.5591 53.1595 41.5633 40.681 44.9296 24.4405 24.367 24.2988 22.7307 22.1411 23.3914 22.0774 22.0606 19.3748 18.1394 14.376 14.3536 14.0918 12.2869 12.2527 11.5672 10.6029 10.0826 8.06498 7.57887 12.3792 7.17641
threshold=935.00000000000011 0.4000000000000013 0.64999999999999869 10.633333333333335 0.6830127018922193 855.00000000000011 25.050000000000004 0.63920241694561786 1449.5000000000002 0.22700754078277605 2.1500000000000008 18.500000000000004 -0.19337245081799007 1012.2500000000001 16.850000000000005 27.500000000000004 6.6000000000000005 0.99932962452255414 0.70000000000000029 0.19999999999999754 4.2500000000000009 14.850000000000003 2.699999999999998 -0.87810534180523914 -0.89404254237865755 24.500000000000004 2.0999999999999992 19.450000000000003 27.215384615384618 1165.0000000000002
decision_type=2 2 2 2 2 2 2 2 2 2 2 2 2 2 2 2 2 2 2 2 2 2 2 2 2 2 2 2 2 2
left_child=2 19 3 6 8 15 7 17 10 11 -5 -6 13 -8 -11 21 -9 -1 26 27 -21 -4 25 -10 -7 -17 29 -2 -29 -3
right_child=1 18 5 4 9 24 12 16 23 14 -12 -13 -14 -15 -16 22 -18 -19 -20 20 -22 -23 -24 -25 -26 -27 -28 28 -30 -31
leaf_value=0.00072198005559858996 -0.0012403068996972052 -0.0011631407355426429 0.0011487684783906135 -0.0052784078649542017 0.0018984471176984163 -0.0011631407355426429 0.00018065595494468843 0.0093311970787571374 0.0010584158174623741 -0.002031520574771128 0.0032132459666481647 -0.0032390460407384978 -0.0022416962166484262 0.0096440756112545906 0.0060626245316296595 -0.00028125785302716587 0.016368416186707986 0.0072001083070184395 -0.0011631407355426429 0.00049581219093261237 -0.0016842096574087467 -0.0052735906520421849 -0.0068040085768302488 -0.0014141906453556063 -0.0011631407355426429 -0.0087447461956305251 -0.0011631407355426429 -0.0014296761230097714 -6.343342625232589e-05 -0.0011631407355426429
leaf_weight=15920 1584 739 526 4667 1257 933 21377 8534 3636 1796 17539 10333 5592 1394 1333 4635 1242 867 92149 1695 1867 3280 556 15885 5417 503 6003 3868 554 819
leaf_count=15920 1584 739 526 4667 1257 933 21377 8534 3636 1796 17539 10333 5592 1394 1333 4635 1242 867 92149 1695 1867 3280 556 15885 5417 503 6003 3868 554 819
internal_value=-0.00340729 -0.00692007 -0.000389903 4.3098e-05 -0.000581154 -0.00343206 0.000684624 0.00152823 -3.43286e-05 -0.00213114 0.000646389 -0.00276527 -0.0001055 0.000309906 0.000217981 -0.00217533 0.00314481 0.000586545 -0.00732083 -0.00274295 -0.00123316 -0.00394301 -0.000992802 -0.000808662 -0.00531093 -0.000534047 -0.00605811 -0.00363765 -0.00427554 -0.004125
internal_weight=236500 109278 127222 111372 56446 15850 54926 26563 41727 14719 22206 11590 28363 22771 3129 9500 9776 16787 99710 9568 3562 3806 5694 19521 6350 5138 7561 6006 4422 1558
internal_count=236500 109278 127222 111372 56446 15850 54926 26563 41727 14719 22206 11590 28363 22771 3129 9500 9776 16787 99710 9568 3562 3806 5694 19521 6350 5138 7561 6006 4422 1558
is_linear=0
shrinkage=0.03


Tree=127
num_leaves=31
num_cat=0
split_feature=35 8 8 35 10 3 7 22 24 8 35 5 24 38 35 36 4 29 6 22 11 3 29 35 8 8 39 28 4 35
split_gain=2786.73 245.089 153.104 52.7388 37.0376 32.7547 19.5826 18.9834 18.4636 16.7199 16.3995 15.3969 16.1823 19.6851 15.6215 14.8571 14.6261 14.2341 28.1522 27.7939 11.7942 11.205 9.04431 8.73233 8.45483 8.14558 7.75477 7.25707 6.30308 6.52911
threshold=925.00000000000011 0.4000000000000013 0.79999999999999816 515.00000000000011 0.09999999999999877 23.550000000000004 5.7000000000000011 29.500000000000004 5.7500000000000009 0.70000000000000029 835.00000000000011 15.550000000000002 1.6000000000000008 -0.099819732675876835 1225.0000000000002 0.93301270189221952 2.2999999999999985 10.900000000000002 24.350000000000005 29.500000000000004 0.19999999999999754 12.750000000000002 14.100000000000001 855.00000000000011 1.1499999999999988 1.3500000000000016 -0.022575793296316496 32.500000000000007 2.2000000000000002 1145.0000000000002
decision_type=2 2 2 2 2 2 2 2 2 2 2 2 2 2 2 2 2 2 2 2 2 2 2 2 2 2 2 2 2 2
left_child=2 11 3 8 7 23 15 22 17 28 -7 -2 16 26 -15 -6 -13 18 -1 -19 -18 -10 -5 24 -4 -12 -14 -9 29 -3
right_child=1 9 5 4 6 10 -8 27 21 -11 25 12 13 14 -16 -17 20 19 -20 -21 -22 -23 -24 -25 -26 -27 -28 -29 -30 -31
leaf_value=0.0065264278693407986 0.0024674189164066531 -0.0011282465134763637 -0.0037445800972572751 -0.001428935320359787 -4.759786143643252e-05 -0.0020647936425701478 -0.0026546315999619601 0.0001608060633302255 0.017058341139417673 -0.0011282465134763637 -0.0013236456227194891 -7.5847094116659596e-05 -0.00029764263725456713 -0.00091791691210717848 -0.0019247107641282533 0.0046034365175042988 -0.0012496564391016745 -0.002330673474601047 0.00065919809521644448 0.0067386842394555587 -0.0015886433853473235 0.0064415220605852979 -0.0024546162081006085 -0.0010969026376962355 -0.0062951596125061134 -0.001186244659097605 0.0064029304555283523 -0.0041649560229563192 -0.0011282465134763637 -0.0011282465134763637
leaf_weight=10198 560 766 1697 9477 48413 3766 2513 6881 581 93475 1115 959 508 1406 601 4479 3361 8588 10733 2484 2604 1560 6473 2547 1907 1206 500 505 6301 929
leaf_count=10198 560 766 1697 9477 48413 3766 2513 6881 581 93475 1115 959 508 1406 601 4479 3361 8588 10733 2484 2604 1560 6473 2547 1907 1206 500 505 6301 929
internal_value=-0.00341069 -0.00684881 -0.000333926 1.16267e-05 -0.00041537 -0.00352083 6.90346e-06 -0.00141786 0.00099631 -0.00730029 -0.00195968 -0.00248476 -0.00275752 -0.000922274 -0.00263937 0.000129882 -0.00355617 0.000815732 0.00127586 -5.4181e-05 -0.00410885 0.00369225 -0.00200006 -0.0050646 -0.00410982 -0.0039421 0.00249505 -0.000160395 -0.00597899 -0.00434443
internal_weight=237093 111970 125123 112885 78741 12238 55405 23336 34144 101471 6087 10499 9939 3015 2007 52892 6924 32003 20931 11072 5965 2141 15950 6151 3604 2321 1008 7386 7996 1695
internal_count=237093 111970 125123 112885 78741 12238 55405 23336 34144 101471 6087 10499 9939 3015 2007 52892 6924 32003 20931 11072 5965 2141 15950 6151 3604 2321 1008 7386 7996 1695
is_linear=0
shrinkage=0.03


Tree=128
num_leaves=31
num_cat=0
split_feature=25 8 8 25 10 25 7 6 32 39 3 37 23 22 8 39 38 21 8 30 18 1 25 1 38 5 23 11 21 30
split_gain=2758.25 215.14 184.698 52.237 39.2253 35.3371 21.5974 19.3695 18.108 24.0621 17.3178 17.0872 18.7599 16.4833 16.0967 12.0889 11.8962 11.0587 10.6037 10.3665 9.56474 8.40824 9.46386 8.33595 17.2282 8.11766 7.86622 8.22975 7.75023 7.62398
threshold=1680.5000000000002 0.49999999999999739 0.79999999999999816 1250.5000000000002 0.19999999999999976 1580.5000000000002 5.6499999999999995 28.250000000000004 23.500000000000004 -0.41399101439218416 24.250000000000004 0.6830127018922193 3.5000000000000004 18.500000000000004 0.14999999999999861 -0.89404254237865755 -0.11692013674435776 12.500000000000002 0.70000000000000029 14.500000000000002 0.40000000000000308 87.500000000000014 1949.5000000000002 78.500000000000014 0.46800856592688472 19.050000000000004 4.5000000000000009 1.0000000180025095e-35 27.500000000000004 12.500000000000002
decision_type=2 2 2 2 2 2 2 2 2 2 2 2 2 2 2 2 2 2 2 2 2 2 2 2 2 2 2 2 2 2
left_child=2 14 3 7 8 10 17 11 9 -5 23 12 -1 -13 26 -7 19 -6 -3 -9 -10 25 -23 24 -4 -16 27 -2 -18 -29
right_child=1 18 5 4 6 15 -8 16 20 -11 -12 13 -14 -15 21 -17 28 -19 -20 -21 -22 22 -24 -25 -26 -27 -28 29 -30 -31
leaf_value=-0.00042562095818302948 -0.0024260848502307007 -0.0010943991180720728 -0.0057313785499239784 0.0040726895033711061 0.0049997239186714169 -0.0010943991180720728 -0.0025787482710982355 -0.00079573817706455328 -0.0018050064527780679 -0.0011418993532439376 -0.0017773289916280619 0.0051804889219882909 0.0078757252945257702 -0.0011684780940095728 -0.0011172221672595486 -0.0010943991180720728 -0.015158009021880218 0.00048903545070568379 -0.0010943991180720728 0.007455096852294096 -0.0010343779325750562 0.00068030699404387541 -0.0012713846918367012 -0.0095846277209807613 0.0069458199258017553 -0.0011098205830641645 -0.0038138512688345927 0.0026692460796489863 -0.0068292782333207068 -0.00080665123598742342
leaf_weight=4074 975 6630 921 4673 1738 969 2270 2154 19139 8301 3269 1492 15732 6815 891 5463 506 38585 92344 531 6918 798 683 2178 527 3800 1111 930 1186 1278
leaf_count=4074 975 6630 921 4673 1738 969 2270 2154 19139 8301 3269 1492 15732 6815 891 5463 506 38585 92344 531 6918 798 683 2178 527 3800 1111 930 1186 1278
internal_value=-0.0034164 -0.00690969 -0.00041648 -2.61576e-05 -0.000431113 -0.00375816 0.000198439 0.000991167 -0.00111809 -0.000202297 -0.00226512 0.00128019 0.00175914 0.000138103 -0.00281859 -0.00535748 -0.000864923 0.000358772 -0.00734223 0.000376814 -0.00157402 -0.00379981 -0.00182569 -0.00369212 -0.00192414 -0.00442201 -0.00140712 -0.000647567 -0.00283353 0.000366516
internal_weight=236881 109440 127441 114114 81624 13327 42593 32490 39031 12974 6895 28113 19806 8307 10466 6432 4377 40323 98974 2685 26057 6172 1481 3626 1448 4691 4294 3183 1692 2208
internal_count=236881 109440 127441 114114 81624 13327 42593 32490 39031 12974 6895 28113 19806 8307 10466 6432 4377 40323 98974 2685 26057 6172 1481 3626 1448 4691 4294 3183 1692 2208
is_linear=0
shrinkage=0.03


Tree=129
num_leaves=31
num_cat=0
split_feature=35 8 8 25 35 15 6 29 6 3 3 22 39 39 5 32 39 4 25 39 8 8 21 8 39 39 2 2 28 8
split_gain=2766.66 203.808 177.654 46.1472 43.3448 27.3682 21.2184 24.0099 30.1501 20.7935 19.4018 17.1047 35.9466 24.493 16.8669 14.2911 22.8665 13.9772 22.4958 13.2981 13.249 12.3583 10.4826 10.3914 10.1516 11.2319 10.7093 8.33979 8.143 8.13863
threshold=935.00000000000011 0.49999999999999739 0.60000000000000064 1280.5000000000002 845.00000000000011 0.23166067138507862 28.450000000000003 10.900000000000002 27.050000000000004 21.150000000000002 24.250000000000004 23.500000000000004 0.70747208174348741 0.47369649395226454 15.550000000000002 28.500000000000004 -0.41399101439218416 2.2999999999999985 1960.5000000000002 -0.89404254237865755 1.1499999999999988 0.25000000000000006 24.500000000000004 0.70000000000000029 -0.9292178835113839 -0.83375966452616657 1005.6500000000002 1025.7500000000002 31.500000000000004 1.099999999999999
decision_type=2 2 2 2 2 2 2 2 2 2 2 2 2 2 2 2 2 2 2 2 2 2 2 2 2 2 2 2 2 2
left_child=2 14 3 6 10 15 7 9 -9 -1 20 12 -7 -13 -2 16 -5 18 22 -6 -4 -19 -16 -3 26 -26 -8 -17 -12 -21
right_child=1 23 4 5 19 11 24 8 -10 -11 28 13 -14 -15 17 27 -18 21 -20 29 -22 -23 -24 -25 25 -27 -28 -29 -30 -31
leaf_value=0.0061470630381709919 0.0025700399535564427 -0.0010615671445299104 -0.0041306897206973454 0.002339837584586427 -0.0010615671445299104 0.0091150003565431629 -0.017316854642164745 -0.0014441684502306551 0.010482411252419523 0.0030527208978737394 0.00048224198491543909 0.00036341999765727187 -1.2613677644601195e-05 -0.0034897030479031032 -0.00070422462271132894 -0.0023878256299765545 -0.0013358115655797802 -0.0027081297433559767 -0.00148986752798845 -0.0010601421374747547 -0.0068477729989602784 -0.0010760658564341774 0.0045312350779885078 -0.0010615671445299104 0.007628786135518535 -0.0027582703125635889 -0.00224434237535447 0.0045635458150088612 -0.0078790153669983827 -0.0010615671445299104
leaf_weight=11766 501 6729 3279 6704 1171 3060 636 10764 1223 10367 3741 20592 6392 3848 1087 17816 12631 4065 1160 3593 2120 3101 518 92713 937 1447 1070 518 698 2947
leaf_count=11766 501 6729 3279 6704 1171 3060 636 10764 1223 10367 3741 20592 6392 3848 1087 17816 12631 4065 1160 3593 2120 3101 518 92713 937 1447 1070 518 698 2947
internal_value=-0.00343494 -0.00692267 -0.000425064 2.30248e-05 -0.00322759 -0.000426442 0.000864781 0.00110955 2.81508e-05 0.00169517 -0.00190701 0.000192069 0.00127565 -0.000227068 -0.00293272 -0.000982918 -0.000413844 -0.00320371 -0.0013905 -0.00491151 -0.0031147 -0.00390276 0.000910081 -0.00734117 -0.00117669 8.80134e-05 -0.00294204 -0.00158295 -0.000437401 -0.0054387
internal_weight=237194 109874 127320 109771 17549 71561 38210 34120 11987 22133 9838 33892 9452 24440 10432 37669 19335 9931 2765 7711 5399 7166 1605 99442 4090 2384 1706 18334 4439 6540
internal_count=237194 109874 127320 109771 17549 71561 38210 34120 11987 22133 9838 33892 9452 24440 10432 37669 19335 9931 2765 7711 5399 7166 1605 99442 4090 2384 1706 18334 4439 6540
is_linear=0
shrinkage=0.03


Tree=130
num_leaves=31
num_cat=0
split_feature=35 8 8 24 25 34 22 2 39 2 38 38 18 35 8 8 20 39 8 39 20 24 1 29 4 24 19 7 39 4
split_gain=2755.41 208.505 176.878 47.7857 46.5398 26.3983 21.5441 21.2684 20.8813 28.608 27.4785 20.2179 16.6342 15.3689 15.3858 14.8143 13.1981 12.9596 10.8917 10.4105 10.089 9.38244 10.1577 8.53462 8.17713 7.52375 7.3251 8.69815 7.19426 7.1092
threshold=935.00000000000011 0.4000000000000013 0.64999999999999869 0.70000000000000118 1588.5000000000002 6.5000000000000009 29.500000000000004 1012.9500000000002 0.56191161272202661 1020.5500000000001 -0.17647087149565668 -0.091260668982868151 0.30000000000000343 1345.0000000000002 0.14999999999999861 0.70000000000000029 -0.69999999999998852 -0.89404254237865755 1.3500000000000016 -0.61236746317008228 0.599999999999966 1.9500000000000004 88.500000000000014 12.633333333333335 4.2999999999999998 -0.24999999999999997 1.0000000180025095e-35 1.5000000000000007 -0.98521978256641018 2.0999999999999992
decision_type=2 2 2 2 2 2 2 2 2 2 2 2 2 2 2 2 2 2 2 2 2 2 2 2 2 2 2 2 2 2
left_child=2 13 3 12 6 7 23 16 9 -7 -10 -9 19 14 26 29 -5 -6 -8 28 -20 22 -16 24 -4 -21 -2 -28 -1 -3
right_child=1 15 4 5 17 8 18 11 10 -11 -12 -13 -14 -15 21 -17 -18 -19 20 25 -22 -23 -24 -25 -26 -27 27 -29 -30 -31
leaf_value=-0.0036877361835379245 -0.0019332842869511169 -0.0010297201301940132 -0.0077366559553384354 0.0077554721355059626 -0.0010297201301940132 0.00060411440739637661 0.0025656400609585348 0.00048253804184827996 -0.0035471033687654511 0.013928801906545281 0.00022143871499971101 0.0076457326734708873 -0.00052368014600792157 -0.0016438761576531011 -0.0011370785674315756 -0.0010297201301940132 0.00029111520237208973 -0.0010297201301940132 -0.0076297465646142076 -0.001568939608030227 0.0024787173928474205 -0.0011648847546308399 -0.00022356744870422258 -0.0067205177552398755 0.0024678230901601173 -0.0011601950287062654 -0.0011465537253729965 0.0023050886378629472 0.0011264118714296378 -0.0010297201301940132
leaf_weight=530 2497 1534 1673 883 1108 37478 2300 4084 7142 1378 10833 8703 14330 916 3470 92315 13282 6370 1051 5053 501 872 552 2201 705 5534 525 847 2137 6056
leaf_count=530 2497 1534 1673 883 1108 37478 2300 4084 7142 1378 10833 8703 14330 916 3470 92315 13282 6370 1051 5053 501 872 552 2201 705 5534 525 847 2137 6056
internal_value=-0.00342858 -0.00691566 -0.000426154 -3.43453e-06 -0.00338492 0.000353136 -0.0018561 0.00112636 -1.35925e-05 0.000377528 -0.000859014 0.00201325 -0.00108642 -0.00271072 -0.00232316 -0.00732299 0.000325581 -0.00510762 -0.000202387 -0.00185237 -0.00214286 -0.00344056 -0.00405194 -0.00324656 -0.0019979 -0.00227429 -0.00090868 0.000851528 -0.000177033 -0.00604386
internal_weight=236860 109584 127276 111367 15909 83783 8431 26952 56831 38856 17975 12787 27584 9679 8763 99905 14165 7478 3852 13254 1552 4894 4022 4579 2378 10587 3869 1372 2667 7590
internal_count=236860 109584 127276 111367 15909 83783 8431 26952 56831 38856 17975 12787 27584 9679 8763 99905 14165 7478 3852 13254 1552 4894 4022 4579 2378 10587 3869 1372 2667 7590
is_linear=0
shrinkage=0.03


Tree=131
num_leaves=31
num_cat=0
split_feature=25 11 9 25 25 7 16 4 6 32 37 1 37 1 9 9 9 1 22 39 39 11 28 39 2 39 30 21 5 11
split_gain=2753.2 123.259 114.252 51.6987 45.49 26.7715 24.4648 23.791 19.2432 17.9813 23.6444 16.4506 20.8356 16.4218 15.3371 14.8149 12.5427 13.1007 12.0506 35.4651 26.3864 11.9635 9.64615 9.27961 12.7315 10.7337 8.99538 8.31446 9.58687 8.01736
threshold=1680.5000000000002 -1.0000000180025095e-35 45.000000000000007 1588.5000000000002 1280.5000000000002 2.0999999999999992 -2.4999999999999996 4.2999999999999998 28.450000000000003 28.500000000000004 0.93301270189221952 51.500000000000007 0.6830127018922193 51.500000000000007 105.00000000000001 75.000000000000014 265.00000000000006 87.500000000000014 23.500000000000004 0.28313308994381592 0.71952396275653763 0.099999999999996106 24.500000000000004 -0.9292178835113839 1005.1500000000002 -0.83375966452616657 15.500000000000002 26.500000000000004 18.350000000000005 0.20000000000000198
decision_type=2 2 2 2 2 2 2 2 2 2 2 2 2 2 2 2 2 2 2 2 2 2 2 2 2 2 2 2 2 2
left_child=1 3 7 14 8 16 18 21 11 10 -8 -3 -13 -11 27 -5 17 -4 20 -20 -6 -2 -19 24 -10 -25 -16 28 -1 -18
right_child=2 4 5 15 6 -7 9 -9 23 13 -12 12 -14 -15 26 -17 29 22 19 -21 -22 -23 -24 25 -26 -27 -28 -29 -30 -31
leaf_value=0.0021640764906256547 -0.0010833087751140542 0.0076411397513657039 -0.00099882852628819293 -0.0010123122309576276 0.0088452282502022687 -0.00099882852628819293 6.7294406770193602e-06 -0.0011291904885959274 -0.016945624409649196 0.0018341314528409701 -0.0023055389252719201 0.0053859615253446244 -0.00077976652044277285 -0.0023970488372489556 -0.0050567520226059703 -0.0009901933587968426 -0.00099882852628819293 -0.00099882852628819293 0.00095583281827201329 -0.0034656976151757968 3.1096235701054684e-05 0.00040800251494581974 0.0016463422124977842 0.0074141840261765036 -0.0021316425274329177 -0.0033574191998855005 -0.0082431600379808349 0.0017969706244459701 -0.0040867260649585686 -0.00099882852628819293
leaf_weight=1860 1180 900 2221 4767 2650 92469 19178 3755 512 1505 2208 22241 7609 16134 1412 4271 5974 911 18015 4742 5500 1652 539 950 1086 1415 1487 2964 6307 501
leaf_count=1860 1180 900 2221 4767 2650 92469 19178 3755 512 1505 2208 22241 7609 16134 1412 4271 5974 911 18015 4742 5500 1652 539 950 1086 1415 1487 2964 6307 501
internal_value=-0.0034061 -0.000415593 -0.00690346 -0.00240052 2.20025e-05 -0.00714933 -0.00041868 -0.00307217 0.000909765 -0.000918018 -0.000333131 0.00116334 0.00104264 -0.00162703 -0.00126033 -0.0041698 -0.00568339 -0.00427784 0.000211832 -0.000142691 0.00120155 -0.00099506 -0.00205579 -0.00105738 -0.00282187 0.000136248 -0.00320321 -0.00075384 -0.0012477 -0.00647869
internal_weight=236915 127713 109202 23068 104645 102615 69932 6587 34713 39025 21386 30750 29850 17639 14030 9038 10146 3671 30907 22757 8150 2832 1450 3963 1598 2365 2899 11131 8167 6475
internal_count=236915 127713 109202 23068 104645 102615 69932 6587 34713 39025 21386 30750 29850 17639 14030 9038 10146 3671 30907 22757 8150 2832 1450 3963 1598 2365 2899 11131 8167 6475
is_linear=0
shrinkage=0.03


Tree=132
num_leaves=31
num_cat=0
split_feature=35 8 8 24 35 34 39 3 3 22 2 38 8 8 8 39 35 20 33 31 28 0 24 4 39 8 35 6 35 29
split_gain=2744.07 219.884 178.578 52.3899 36.3482 31.9072 26.2615 30.8409 29.0204 20.1041 19.1663 19.7685 15.5307 14.8765 12.2335 12.0868 11.1675 10.949 10.5632 10.1526 9.15036 9.0144 8.8125 8.42273 7.96909 7.95483 7.45378 7.25472 6.99085 6.86417
threshold=935.00000000000011 0.4000000000000013 0.79999999999999816 1.0000000180025095e-35 835.00000000000011 6.5000000000000009 0.56191161272202661 14.350000000000003 12.550000000000002 27.500000000000004 1013.0500000000001 -0.091260668982868151 0.14999999999999861 0.70000000000000029 0.19999999999999754 0.77652048701313048 1325.0000000000002 -0.69999999999998852 1.5909090909090913 17.720779220779225 31.500000000000004 18.950000000000003 1.6500000000000006 2.2000000000000002 -0.89404254237865755 2.600000000000001 875.00000000000011 15.950000000000001 1165.0000000000002 17.225000000000005
decision_type=2 2 2 2 2 2 2 2 2 2 2 2 2 2 2 2 2 2 2 2 2 2 2 2 2 2 2 2 2 2
left_child=2 12 3 14 9 10 8 -8 -7 27 17 -12 16 23 18 26 19 -5 -1 -2 21 -14 -21 28 -6 29 -16 -4 -3 -11
right_child=1 13 4 5 24 6 7 -9 -10 25 11 -13 20 -15 15 -17 -18 -19 -20 22 -22 -23 -24 -25 -26 -27 -28 -29 -30 -31
leaf_value=-0.00036937235262975539 -0.0019050076242547276 -0.00096886367049954709 -0.0066002602678232394 0.0055572796708298049 -0.00096912272552428767 0.010656891370893281 0.00017878127681473011 -0.0029281920030612839 0.00028838332548017262 0.00026100839341687277 0.00029945239677688361 0.0066727460826025162 -0.001053591625168496 -0.00096886367049954709 -0.0015997626314022482 -0.0012811301728146813 -0.002704928824907863 0.00022154188302969002 -0.0039595412968585295 -0.00054552696480778321 0.00011078680665046525 -0.0010999733562032687 0.0034002163973917941 -0.00096886367049954709 -0.00096912272552428767 -0.0073272685426895552 -0.00099565191789669112 -0.0070112827665052791 -0.00096886367049954709 -0.0074391724012439773
leaf_weight=7277 1908 778 558 1327 981 1999 11239 10257 43677 3129 4544 9624 1033 92528 3435 2089 520 14332 2389 1176 519 3803 685 5903 5382 511 2006 2027 873 552
leaf_count=7277 1908 778 558 1327 981 1999 11239 10257 43677 3129 4544 9624 1033 92528 3435 2089 520 14332 2389 1176 519 3803 685 5903 5382 511 2006 2027 873 552
internal_value=-0.00342823 -0.00690521 -0.000432023 -5.08989e-05 -0.00374372 0.000219663 -0.000142912 -0.00100754 0.000264022 -0.00221382 0.00103616 0.00183557 -0.00257827 -0.0073221 -0.00157693 -0.0024834 -0.00123223 0.000312719 -0.000870397 -0.000662291 -0.0036555 -0.0040616 0.000913849 -0.00603692 -0.00537196 -0.0009299 -0.00173755 -0.00429358 -0.00413339 -0.000441895
internal_weight=237061 109726 127335 114195 13140 96999 67172 21496 45676 6777 29827 14168 9644 100082 17196 7530 4289 15659 9666 3769 5355 4836 1861 7554 6363 4192 5441 2585 1651 3681
internal_count=237061 109726 127335 114195 13140 96999 67172 21496 45676 6777 29827 14168 9644 100082 17196 7530 4289 15659 9666 3769 5355 4836 1861 7554 6363 4192 5441 2585 1651 3681
is_linear=0
shrinkage=0.03


Tree=133
num_leaves=31
num_cat=0
split_feature=35 8 8 24 35 2 34 39 22 11 38 37 8 39 8 35 1 24 29 8 29 38 7 1 28 0 8 29 29 1
split_gain=2758.97 246.628 153.825 41.4374 37.3685 31.0527 29.0934 29.8433 21.601 18.1078 16.7638 14.4289 14.0688 12.6634 12.3482 10.4066 14.3932 13.9499 9.12467 8.90752 8.55922 8.74816 8.14562 7.00865 6.72294 6.11005 5.81438 6.8678 5.27652 4.69123
threshold=925.00000000000011 0.49999999999999739 0.64999999999999869 -0.29999999999999888 845.00000000000011 1028.4500000000003 6.5000000000000009 0.56191161272202661 27.500000000000004 0.19999999999999754 0.63920241694561786 0.93301270189221952 0.70000000000000029 -0.89404254237865755 2.699999999999998 1315.0000000000002 91.500000000000014 1.8499999999999999 6.2250000000000005 1.2000000000000022 14.633333333333335 -0.69057362043749781 4.9000000000000004 86.500000000000014 31.500000000000004 19.950000000000003 1.2999999999999983 10.100000000000001 10.708333333333334 89.500000000000014
decision_type=2 2 2 2 2 2 2 2 2 2 2 2 2 2 2 2 2 2 2 2 2 2 2 2 2 2 2 2 2 2
left_child=2 9 3 11 8 6 10 -8 19 15 -5 20 29 -6 24 16 17 -2 -11 28 21 -1 -22 25 -10 -20 27 -15 -4 -3
right_child=1 12 4 5 13 -7 7 -9 14 18 -12 -13 -14 26 -16 -17 -18 -19 23 -21 22 -23 -24 -25 -26 -27 -28 -29 -30 -31
leaf_value=-0.0020198293315274577 -0.00095432162006976187 -0.00093979776038456068 -0.002763535224686569 0.0012664810960839779 -0.00097851238748292656 0.015592174233989358 0.00072677185538054349 -0.0016505079167133273 0.00045459136580134951 0.0023053909320071161 0.00717999143606542 -0.0025270260896090827 -0.00093979776038456068 -0.00097385609220933798 -0.0068092564058965539 -0.001273328751210625 0.0010079267886247381 -0.0010669741555171708 0.00014991189035396091 -0.0075710484330665838 -0.001219508383819267 -0.00011365024289825331 -0.0032699248604512979 0.00074440977057135425 -0.0062360118758914961 -0.0013329822903065309 -0.00095815720714068444 -0.00095810528408416733 -0.0040468922411107788 -0.00093979776038456068
leaf_weight=1663 4321 6021 870 21328 908 525 46237 21476 4062 617 8522 1312 93256 824 530 1014 720 1105 591 1240 2133 5232 1392 745 750 2276 1948 2409 1347 1123
leaf_count=1663 4321 6021 870 21328 908 525 46237 21476 4062 617 8522 1312 93256 824 530 1014 720 1105 591 1240 2133 5232 1392 745 750 2276 1948 2409 1347 1123
internal_value=-0.00342005 -0.00684239 -0.000352177 3.57852e-05 -0.00321357 0.000237333 0.000198099 -0.000145869 -0.00196256 -0.00265802 0.000978326 -0.00164905 -0.00731699 -0.00502011 -0.00076628 -0.00357721 -0.00311077 -0.00363946 -0.0011008 -0.00380963 -0.00127519 -0.00066007 -0.00247732 -0.00167681 -0.000286664 -0.00235012 -0.0055928 -0.00480603 -0.00266674 -0.00602855
internal_weight=236497 111789 124708 109820 14888 98088 97563 67713 8799 11389 29850 11732 100400 6089 5342 7160 6146 5426 4229 3457 10420 6895 3525 3612 4812 2867 5181 3233 2217 7144
internal_count=236497 111789 124708 109820 14888 98088 97563 67713 8799 11389 29850 11732 100400 6089 5342 7160 6146 5426 4229 3457 10420 6895 3525 3612 4812 2867 5181 3233 2217 7144
is_linear=0
shrinkage=0.03


Tree=134
num_leaves=31
num_cat=0
split_feature=25 8 8 25 25 15 24 3 8 8 24 36 1 36 39 27 37 6 6 24 28 8 29 0 1 23 11 4 9 20
split_gain=2735.46 249.449 161.708 39.8224 39.5938 29.6664 29.7066 20.3911 18.6555 15.9751 14.2846 13.4505 12.5623 13.7168 12.1052 11.8728 10.5442 10.236 9.42702 8.97875 8.17606 8.11325 8.4015 7.5887 7.36983 7.28615 7.53764 6.86081 6.79635 6.30937
threshold=1679.5000000000002 0.4000000000000013 0.59999999999999887 1588.5000000000002 1230.5000000000002 0.098319208025073698 -0.39999999999999941 24.250000000000004 0.70000000000000029 0.14999999999999861 5.7500000000000009 0.93301270189221952 74.500000000000014 0.68301270189221941 -0.89404254237865755 16.366666666666671 0.93301270189221952 28.250000000000004 22.850000000000005 1.9500000000000004 31.500000000000004 1.1999999999999977 11.633333333333335 30.450000000000003 87.500000000000014 4.5000000000000009 1.0000000180025095e-35 2.2000000000000002 215.00000000000003 -0.10000000000007957
decision_type=2 2 2 2 2 2 2 2 2 2 2 2 2 2 2 2 2 2 2 2 2 2 2 2 2 2 2 2 2 2
left_child=2 9 4 7 10 -6 16 12 27 25 15 -8 13 -4 23 17 -7 -1 -12 24 -9 22 -16 -5 -11 26 -2 29 -21 -3
right_child=1 8 3 14 5 6 11 20 -10 19 18 -13 -14 -15 21 -17 -18 -19 -20 28 -22 -23 -24 -25 -26 -27 -28 -29 -30 -31
leaf_value=0.0041647497998079427 -0.001983025157884307 -0.00091160382757302387 -0.0038909941191794437 -0.00096985893341728757 -0.0028559618959828337 -0.0013803749990061735 8.9690767086354482e-05 0.00088749650352689443 -0.00091160382757302387 -0.001011547965601562 0.010464461883153904 0.0042352569817053366 -0.0081958214805757101 0.009063689316239569 -0.00091748433164626621 -0.003182810819315378 -0.002933397154972026 -0.001033392081417066 0.003644096203049558 0.0011083562879298391 -0.0068891330136218436 -0.0009253508675138866 -0.00092287045905325841 0.0014809847954993516 -0.00094923894177225559 -0.0030026628708224737 0.00036228455024292901 -0.00091160382757302387 -0.0013076281590162189 -0.00091160382757302387
leaf_weight=19305 1025 512 1451 566 11788 7851 55213 3609 93359 3849 1149 5079 3170 502 1434 3175 828 3413 740 588 696 2601 2366 515 800 1261 2352 6193 511 1186
leaf_count=19305 1025 512 1451 566 11788 7851 55213 3609 93359 3849 1149 5079 3170 502 1434 3175 828 3413 740 588 696 2601 2366 515 800 1261 2352 6193 511 1186
internal_value=-0.00342526 -0.00684122 -0.000385423 -0.00311406 3.97308e-05 -0.000296337 -5.86099e-05 -0.00181654 -0.00729541 -0.00241288 0.00101659 0.00017763 -0.00309512 -0.00120077 -0.00474813 0.00083269 -0.0016994 0.00107284 0.00353384 -0.00346957 -0.000294288 -0.00524403 -0.0043556 -0.00180748 -0.0040459 -0.00110237 -0.000375111 -0.00589035 -0.00102861 -0.00419118
internal_weight=237087 111636 125451 16910 108541 80759 68971 9428 101250 10386 27782 60292 5123 1953 7482 25893 8679 22718 1889 5748 4305 6401 3800 1081 4649 4638 3377 7891 1099 1698
internal_count=237087 111636 125451 16910 108541 80759 68971 9428 101250 10386 27782 60292 5123 1953 7482 25893 8679 22718 1889 5748 4305 6401 3800 1081 4649 4638 3377 7891 1099 1698
is_linear=0
shrinkage=0.03


Tree=135
num_leaves=31
num_cat=0
split_feature=35 8 8 35 25 1 0 37 33 7 11 3 38 37 3 38 38 38 8 8 3 8 2 3 8 29 4 2 29 35
split_gain=2751.85 224.24 173.31 45.7955 37.8367 23.9907 20.376 19.2959 25.4379 23.4851 18.1412 16.9895 16.6448 14.7628 21.5609 14.9471 13.2345 12.5333 11.8146 10.8621 9.98265 9.84812 9.22941 8.61033 10.4752 8.58801 9.40676 7.95856 7.17955 6.7305
threshold=935.00000000000011 0.49999999999999739 0.60000000000000064 855.00000000000011 1320.5000000000002 61.500000000000007 26.150000000000002 0.25000000000000017 -0.72189542483660085 1.2 0.099999999999996106 10.15 0.67167992559793654 0.6830127018922193 20.950000000000003 0.29342972903661901 -0.159513159777915 -0.76141707087277943 0.19999999999999754 1.3000000000000027 10.250000000000002 0.70000000000000029 1013.7500000000001 22.850000000000005 1.4000000000000041 8.4500000000000011 4.1499999999999995 1006.2500000000001 10.225000000000001 1305.0000000000002
decision_type=2 2 2 2 2 2 2 2 2 2 2 2 2 2 2 2 2 2 2 2 2 2 2 2 2 2 2 2 2 2
left_child=2 10 4 6 5 16 20 9 12 22 29 -11 -9 14 -7 -15 17 -1 -10 -8 -4 -3 -6 -5 -25 -12 27 -27 -18 -2
right_child=1 21 3 23 7 13 19 8 18 11 25 -13 -14 15 -16 -17 28 -19 -20 -21 -22 -23 -24 24 -26 26 -28 -29 -30 -31
leaf_value=0.0077585427510298444 -0.00089788374750241601 -0.00088425571274583319 0.0010714312059730718 -0.00086639936668362206 -0.0063024414122240463 0.006148797582836112 0.00083927723330176488 -0.00029600240385938573 -0.0021345315974932964 0.013924774844916334 9.2807732315398908e-05 0.0003979754044487538 0.0078091969871915776 -0.0020584883803952247 0.0007659391130808757 0.00416816297398273 0.010570521213050327 -0.0028237390368162796 -0.0016514324393957244 -0.005057142660954481 -0.004593947501388594 -0.00088425571274583319 -0.0010633292429200402 -0.00089900876329605892 -0.00088924022617608005 0.0019842371342659163 -0.0013513829555968735 -0.0010901521150551369 0.0085710003109849622 -0.001142946645821642
leaf_weight=903 4187 6741 637 3904 2786 11309 3527 8925 13293 596 1837 30209 1090 8479 21719 1621 928 734 4741 1561 4814 92457 1781 1956 1148 507 1820 1373 682 771
leaf_count=903 4187 6741 637 3904 2786 11309 3527 8925 13293 596 1837 30209 1090 8479 21719 1621 928 734 4741 1561 4814 92457 1781 1956 1148 507 1820 1373 682 771
internal_value=-0.00341958 -0.0069023 -0.00041951 -0.00318779 2.29512e-05 0.000674203 -0.00193743 -0.000453266 -0.00104087 1.27212e-05 -0.00273149 0.0003104 0.000171459 0.0004869 0.000793824 -0.000516729 0.0031602 0.00125839 -0.00171407 -0.000571709 -0.00321153 -0.0073435 -0.00199442 -0.00506705 -0.00388281 -0.00155037 -0.0023825 -0.000892667 0.00508995 -0.0040494
internal_weight=237036 109693 127343 17547 109796 46375 10539 63421 28049 35372 10495 30805 10015 43128 33028 10100 3247 1637 18034 5088 5451 99198 4567 7008 3104 5537 3700 1880 1610 4958
internal_count=237036 109693 127343 17547 109796 46375 10539 63421 28049 35372 10495 30805 10015 43128 33028 10100 3247 1637 18034 5088 5451 99198 4567 7008 3104 5537 3700 1880 1610 4958
is_linear=0
shrinkage=0.03


Tree=136
num_leaves=31
num_cat=0
split_feature=25 8 8 24 25 34 39 22 3 6 3 8 8 29 18 39 39 24 4 7 33 4 30 8 31 29 25 25 22 37
split_gain=2734.6 227.819 171.708 50.9384 34.5247 28.1926 25.1914 30.5152 27.3707 20.5223 18.8594 15.6332 13.7697 12.5159 12.245 9.9247 8.9001 8.58796 7.76196 7.70602 7.4616 7.20792 7.20708 7.1878 7.07015 8.05513 7.48572 7.00038 6.89735 6.50726
threshold=1680.5000000000002 0.4000000000000013 0.79999999999999816 1.0000000180025095e-35 1590.5000000000002 6.5000000000000009 0.56191161272202661 18.500000000000004 12.550000000000002 28.250000000000004 23.550000000000004 0.14999999999999861 0.70000000000000029 3.7083333333333335 0.30000000000000343 -0.91595872546125101 -0.73865259438682551 1.9500000000000004 2.2999999999999985 1.4000000000000015 1.778216952129996 2.0999999999999992 17.500000000000004 1.2999999999999983 17.519230769230774 10.225000000000001 1980.5000000000002 1848.5000000000002 33.500000000000007 0.93301270189221952
decision_type=2 2 2 2 2 2 2 2 2 2 2 2 2 2 2 2 2 2 2 2 2 2 2 2 2 2 2 2 2 2
left_child=2 11 3 14 10 9 8 -8 -7 13 23 24 21 -5 16 -6 22 18 -13 -19 29 27 -1 -4 -2 -26 -27 -3 -11 -16
right_child=1 12 4 5 15 6 7 -9 -10 28 -12 17 -14 -15 20 -17 -18 19 -20 -21 -22 -23 -24 -25 25 26 -28 -29 -30 -31
leaf_value=0.0027583407701386431 -0.0019864732141800382 -0.00085772804136345822 -0.0034427642585063535 0.0068218233863509186 -0.00085698447849343474 0.0098949762867217208 0.0029601725183270645 -0.0018957275419762495 0.00028682289773621252 -0.0049285863112113115 -0.0018915670292957586 -0.00083686434839543261 -0.00085772804136345822 0.0021704214691111189 3.1867249783602837e-05 -0.0008575794834326043 -0.0011714176739794934 -0.0013800748264332927 -0.00096360113925077087 0.0011278760799421073 -0.0028743306573565412 -0.00085772804136345822 -0.0020343315165227338 -0.0065196902511467057 0.0032256016789824465 0.00016097676552187621 -0.0025443042209266752 -0.00085772804136345822 0.002648049379014159 -0.0021913880424061726
leaf_weight=765 1996 570 1899 6791 817 1985 4049 17469 43772 2364 4005 803 92242 19684 6051 5128 7225 520 3466 529 2103 5920 620 1479 588 1208 529 985 859 549
leaf_count=765 1996 570 1899 6791 817 1985 4049 17469 43772 2364 4005 803 92242 19684 6051 5128 7225 520 3466 529 2103 5920 620 1479 588 1208 529 985 859 549
internal_value=-0.00341832 -0.00689963 -0.000435016 -5.91926e-05 -0.00365716 0.00020843 -0.000131434 -0.000977928 0.000266669 0.000978283 -0.00228605 -0.00249481 -0.00732536 0.00125345 -0.00155804 -0.00535858 -0.00236008 -0.00358365 -0.00418111 -0.00114891 -0.000764216 -0.00608165 -0.000156813 -0.00393639 -0.00115371 -2.90073e-05 -0.00105664 -0.00425337 -0.0012814 -0.000268101
internal_weight=236970 109356 127614 114286 13328 96973 67275 21518 45757 29698 7383 9639 99717 26475 17313 5945 8610 5318 4269 1049 8703 7475 1385 3378 4321 2325 1737 1555 3223 6600
internal_count=236970 109356 127614 114286 13328 96973 67275 21518 45757 29698 7383 9639 99717 26475 17313 5945 8610 5318 4269 1049 8703 7475 1385 3378 4321 2325 1737 1555 3223 6600
is_linear=0
shrinkage=0.03


Tree=137
num_leaves=31
num_cat=0
split_feature=8 40 8 19 8 24 2 40 19 39 6 29 24 1 8 3 20 19 24 31 1 0 39 39 6 39 21 39 41 4
split_gain=2675.8 164.428 101.272 90.1442 35.3572 30.4867 26.7167 24.9287 24.4756 22.7595 54.7463 45.8497 14.8711 14.0195 13.6733 12.3503 12.1581 13.0744 12.1326 11.5334 11.5217 17.9412 10.433 9.24663 9.30097 9.08367 7.60679 7.04401 7.01974 6.48819
threshold=0.5999999999999962 1.0000000180025095e-35 0.25000000000000006 -0.39999999999992036 1.1499999999999988 -1.0000000180025095e-35 1028.3000000000004 1.0000000180025095e-35 -0.39999999999992036 0.53312596302726967 22.350000000000005 8.9000000000000021 0.60000000000000064 88.500000000000014 1.0999999999999963 7.6500000000000012 -0.900000000000034 -0.64999999999997715 0.10000000000000055 29.630681818181824 83.500000000000014 25.350000000000005 -0.89404254237865755 0.85561368268953431 19.050000000000004 -0.35846086284744721 24.500000000000004 -0.72694848937061807 1.0000000180025095e-35 2.4500000000000006
decision_type=2 2 2 2 2 2 2 2 2 2 2 2 2 2 2 2 2 2 2 2 2 2 2 2 2 2 2 2 2 2
left_child=2 3 5 4 16 23 9 8 18 10 -7 -11 -3 -10 22 -9 17 -2 -4 29 -14 -22 -5 24 -1 -26 -20 -23 -15 -17
right_child=1 12 7 14 -6 6 -8 15 13 11 -12 -13 20 28 -16 19 -18 -19 26 -21 21 27 -24 -25 25 -27 -28 -29 -30 -31
leaf_value=0.0014827836828684626 -0.00083199620012255437 -0.015803407426545596 -0.00083199620012255437 -0.00083199620012255437 -0.00083199620012255437 0.0066509417872273376 0.011079123592500059 0.0068098478967848998 -0.00083199620012255437 0.0021967566288132239 0.00028138653845974913 -0.0025254695740572399 0.0061775097226542371 -0.00083199620012255437 -0.00083199620012255437 -0.0082283237836186518 -0.00016460913859169091 -0.00083199620012255437 -0.00090834736488356466 -0.013128653942980312 -0.015426510589972232 -0.0031459505805966803 -0.00083199620012255437 -0.0026589697247317427 -0.00024443386662246049 -0.0025962395264778168 0.0010501094232431782 0.0091671391351847917 0.0019637131863191998 0.0011350835417719284
leaf_weight=1775 3833 744 3852 1640 7132 12430 547 530 5628 10862 45933 17786 1209 914 82497 1508 814 4153 2880 704 1222 1131 10821 2682 3595 3832 2083 582 546 3299
leaf_count=1775 3833 744 3852 1640 7132 12430 547 530 5628 10862 45933 17786 1209 914 82497 1508 814 4153 2880 704 1222 1131 10821 2682 3595 3832 2083 582 546 3299
internal_value=-0.00341103 -0.00667382 -0.000298918 -0.00691118 -0.00482176 0.000108151 0.000301679 -0.00214344 -0.00276658 0.000260047 0.000599974 -0.000432461 -0.00128834 -0.00407898 -0.00726164 -0.000502648 -0.00354806 -0.00390398 -0.00171062 -0.000923726 -0.000586107 -0.00160112 -0.00633134 -0.00131752 -0.000865385 -0.00133161 -0.000729607 0.000380466 -0.00145691 -0.000397692
internal_weight=237164 115778 121386 110890 15932 99442 87558 21944 15903 87011 58363 28648 4888 7088 94958 6041 8800 7986 8815 5511 4144 2935 12461 11884 9202 7427 4963 1713 1460 4807
internal_count=237164 115778 121386 110890 15932 99442 87558 21944 15903 87011 58363 28648 4888 7088 94958 6041 8800 7986 8815 5511 4144 2935 12461 11884 9202 7427 4963 1713 1460 4807
is_linear=0
shrinkage=0.03


Tree=138
num_leaves=31
num_cat=0
split_feature=35 8 8 35 29 22 8 38 35 0 8 10 38 38 2 0 37 28 39 8 35 4 28 15 19 4 5 22 38 8
split_gain=2725.45 218.937 163.342 38.1341 36.8315 39.5804 25.4676 23.7826 22.4923 22.4057 20.2665 20.2558 18.7578 18.0857 17.494 15.4406 14.3678 13.8623 11.8759 11.4091 8.79673 8.73487 10.2162 8.55777 8.41252 8.33504 8.02072 7.40637 7.25606 6.94567
threshold=935.00000000000011 0.49999999999999739 0.79999999999999816 835.00000000000011 13.633333333333335 29.500000000000004 0.25000000000000006 -0.99467753128998015 485.00000000000006 29.650000000000002 0.14999999999999861 0.09999999999999877 -0.99763297024448894 0.22700754078277605 1012.1500000000002 28.750000000000004 0.6830127018922193 25.500000000000004 -0.91595872546125101 0.70000000000000029 1325.0000000000002 2.2999999999999985 26.500000000000004 0.040824829046391273 0.19999999999987497 4.1000000000000005 18.650000000000002 33.500000000000007 0.17646842360078763 2.199999999999998
decision_type=2 2 2 2 2 2 2 2 2 2 2 2 2 2 2 2 2 2 2 2 2 2 2 2 2 2 2 2 2 2
left_child=2 10 4 14 8 6 13 9 15 -7 20 23 -13 -6 29 16 -1 -9 -5 -3 24 22 -12 -10 -2 -16 -23 -17 -26 -4
right_child=1 19 3 18 5 7 -8 17 11 -11 21 12 -14 -15 25 27 -18 -19 -20 -21 -22 26 -24 -25 28 -27 -28 -29 -30 -31
leaf_value=0.0065387514088975163 -0.0014933619636388281 -0.00080703631411887774 -0.00040395646959910571 -0.00080686731286247005 -0.0035513742464163256 0.01331930506259439 -0.0013343348769604367 0.0028171255167867503 -0.010891235580584732 0.00093098184694261337 -0.0012136355554159105 -0.0059425391272849232 0.00072321100596408835 -0.00064165518057931244 -0.0095891127334864403 -0.0062528259720994739 0.0001381101048989297 -0.0013500385012594417 -0.00080782774461266808 -0.00080703631411887774 -0.0023922110070771579 -0.0008200334603069016 0.0010682168207317131 -0.00087060077392923691 0.0044699358688978915 -0.0029865484148921552 -0.00082086566578482055 0.0041185493847386212 -0.00034483588139769142 -0.0066085060450961066
leaf_weight=14263 2641 6722 3276 854 8045 546 5378 3565 599 537 1037 852 41485 11585 1782 1940 5817 3660 5540 92382 521 706 534 15161 510 899 3882 598 610 747
leaf_count=14263 2641 6722 3276 854 8045 546 5378 3565 599 537 1037 852 41485 11585 1782 1940 5817 3660 5540 92382 521 706 534 15161 510 899 3882 598 610 747
internal_value=-0.00343755 -0.0069056 -0.000449123 -0.00362176 -8.46465e-05 -0.000923825 -0.00151979 0.000870036 0.000261748 0.00501152 -0.00277291 -5.07324e-05 0.000291044 -0.00101849 -0.00203996 0.00106432 0.00134299 0.000248028 -0.00527908 -0.00734093 -0.00118697 -0.00387478 -0.00194056 -0.000968786 -0.000679644 -0.00391633 -0.00453595 -0.00113976 0.00149733 -0.000788199
internal_weight=236674 109545 127129 13098 114031 33316 25008 8308 80715 1083 10441 58097 42337 19630 6704 22618 20080 7225 6394 99104 4282 6159 1571 15760 3761 2681 4588 2538 1120 4023
internal_count=236674 109545 127129 13098 114031 33316 25008 8308 80715 1083 10441 58097 42337 19630 6704 22618 20080 7225 6394 99104 4282 6159 1571 15760 3761 2681 4588 2538 1120 4023
is_linear=0
shrinkage=0.03


Tree=139
num_leaves=31
num_cat=0
split_feature=35 13 13 35 24 35 7 7 29 6 31 38 29 0 27 28 7 15 35 1 3 31 4 35 3 5 5 24 24 0
split_gain=2720.53 93.0036 63.5025 38.4267 37.0533 34.1114 24.3034 22.8612 21.7367 29.3132 17.651 17.6465 16.7894 15.7902 14.8762 13.6207 13.7078 13.9003 13.5747 13.2293 9.20779 9.04506 8.59452 8.51606 8.49714 8.5733 8.19358 7.25989 7.1184 6.2165
threshold=925.00000000000011 -0.0016666666666666679 0.0016666666666666462 835.00000000000011 0.75000000000000011 985.00000000000011 2.149999999999999 2.0999999999999992 3.7083333333333335 18.350000000000005 32.720779220779228 0.96465729447553372 14.900000000000002 28.250000000000004 8.5500000000000025 32.500000000000007 5.6499999999999995 0.22583179581275706 1155.0000000000002 92.500000000000014 7.8500000000000005 14.759615384615387 1.7999999999999983 965.00000000000011 24.450000000000003 19.550000000000004 18.850000000000005 0.95000000000000029 1.0000000180025095e-35 26.150000000000002
decision_type=2 2 2 2 2 2 2 2 2 2 2 2 2 2 2 2 2 2 2 2 2 2 2 2 2 2 2 2 2 2
left_child=1 3 6 12 15 27 18 24 9 14 11 -10 20 -14 -6 16 17 -3 19 -2 -1 -11 -12 -8 25 -7 -9 -4 -5 -22
right_child=2 4 5 28 8 7 23 26 10 21 22 -13 13 -15 -16 -17 -18 -19 -20 -21 29 -23 -24 -25 -26 -27 -28 -29 -30 -31
leaf_value=0.0069980405164160242 -0.00078282522469531142 -0.00096226345809551962 -0.00078282522469531142 -0.00080876602929156108 0.020616113149100165 -0.00078282522469531142 -0.00078282522469531142 -0.00078282522469531142 0.00015591712092011712 0.0015918941924741969 0.0026524433915409897 0.0065031308111107343 -0.0066924246409880532 0.0040199575236637437 0.0069148252912059824 -0.0030328305181104871 -0.001810007444720953 0.00022504934518875028 -0.00078282522469531142 -0.00078282522469531142 -0.0036531129600093303 0.0082523762419740593 -0.0062485110399172102 -0.00078282522469531142 2.4452077257619135e-05 -0.00078282522469531142 -0.00078282522469531142 -0.00078282522469531142 -0.00079971141959345605 0.00033742917904902245
leaf_weight=509 4002 9222 3154 3838 785 696 4903 1147 61969 5742 804 6336 2774 508 510 1818 3379 11513 4864 780 4666 596 2852 80129 522 1352 9324 1111 3525 3569
leaf_count=509 4002 9222 3154 3838 785 696 4903 1147 61969 5742 804 6336 2774 508 510 1818 3379 11513 4864 780 4666 596 2852 80129 522 1352 9324 1111 3525 3569
internal_value=-0.00344305 -0.000399085 -0.00683844 -0.00230867 -4.81863e-05 -0.00516611 -0.00714401 -0.00592789 0.00027269 0.0017947 0.000111203 0.000219926 -0.0012633 -0.00309227 0.00590401 -0.00103301 -0.000844045 -0.000555167 -0.00571362 -0.00457462 -0.000576263 0.00095347 -0.00191908 -0.00730614 -0.00338841 -0.00425854 -0.00655042 -0.00283513 -0.00401527 -0.000818563
internal_weight=236899 124915 111984 19389 105526 17306 94678 13041 79594 7633 71961 68305 12026 3282 1295 25932 24114 20735 9646 4782 8744 6338 3656 85032 2570 2048 10471 4265 7363 8235
internal_count=236899 124915 111984 19389 105526 17306 94678 13041 79594 7633 71961 68305 12026 3282 1295 25932 24114 20735 9646 4782 8744 6338 3656 85032 2570 2048 10471 4265 7363 8235
is_linear=0
shrinkage=0.03


Tree=140
num_leaves=31
num_cat=0
split_feature=25 9 11 25 24 7 11 2 27 38 32 29 4 9 25 0 9 24 25 39 4 4 4 5 24 24 4 3 10 32
split_gain=2712.36 140.266 96.0558 44.6356 31.0673 27.0616 23.272 18.6609 19.1794 20.3743 15.5301 14.6507 14.4751 14.3126 11.6727 11.5337 11.2763 10.958 9.73949 9.0569 8.75329 8.31443 8.26967 8.18679 7.99566 7.56432 7.46961 6.49297 5.59914 5.48173
threshold=1679.5000000000002 45.000000000000007 -1.0000000180025095e-35 1550.5000000000002 0.60000000000000064 2.0999999999999992 0.099999999999996106 1028.3000000000004 21.083333333333339 0.84773968378660736 53.500000000000007 14.900000000000002 4.2999999999999998 75.000000000000014 1719.5000000000002 27.250000000000004 95.000000000000014 -1.45 1799.5000000000002 -0.71502926860092908 1.4500000000000004 6.4500000000000002 3.4500000000000006 14.65 -1.0000000180025095e-35 0.39999999999999952 2.2000000000000002 24.550000000000004 0.20000000000000065 30.500000000000004
decision_type=2 2 2 2 2 2 2 2 2 2 2 2 2 2 2 2 2 2 2 2 2 2 2 2 2 2 2 2 2 2
left_child=2 6 3 11 16 10 22 8 9 -6 18 21 27 24 28 -13 17 -4 26 -19 -10 25 -2 -16 -5 -1 -3 -8 -7 -26
right_child=1 5 4 13 7 14 12 -9 20 -11 -12 15 -14 -15 23 -17 -18 19 -20 -21 -22 -23 -24 -25 29 -27 -28 -29 -30 -31
leaf_value=-0.0079250874527013841 -0.0009337191403325383 -0.00075934046795445205 -0.0023340142953024996 -0.0009369990640639707 0.00015937856351757595 -0.00075934046795445205 -0.00062144838054344184 0.0099431440191133456 0.0036925839665963513 0.0041857766135826174 -0.00075934046795445205 -0.0089981760214388456 -0.0011436711069784016 -0.00074936803305078242 -0.00075934046795445205 0.0025996613692041456 -0.00078588815762366433 0.0012959975297708543 -0.00075934046795445205 -0.0010411088638011554 -0.0053528552620060489 0.0047161112681372141 -0.00075138079431657991 -0.00075934046795445205 -0.00058457364795545537 -0.00099001384669324946 -0.00075934046795445205 0.0031278166374901625 -0.00075934046795445205 -0.0013338859698524606
leaf_weight=1193 960 961 2420 2955 62065 4362 1235 501 502 14818 619 2517 2382 4358 983 595 1963 3792 7434 14065 3292 991 2136 87625 1740 6674 1359 571 828 1022
leaf_count=1193 960 961 2420 2955 62065 4362 1235 501 502 14818 619 2517 2382 4358 983 595 1963 3792 7434 14065 3292 991 2136 87625 1740 6674 1359 571 828 1022
internal_value=-0.00343236 -0.006838 -0.000406906 -0.00220472 -2.36415e-05 -0.00711943 -0.00281224 0.000248522 0.000212602 0.000315374 -0.00566241 -0.000966004 -0.00135322 -0.00367595 -0.00728044 -0.00273603 -0.00101699 -0.000806623 -0.0059548 -0.000549723 -0.00186907 -0.000343679 -0.00478373 -0.0073617 -0.0026871 -0.000670034 -0.00425065 0.000672013 -0.00589079 -0.00152496
internal_weight=236918 111455 125463 22045 103418 104171 7284 81178 80677 76883 10373 11970 4188 10075 93798 3112 22240 20277 9754 17857 3794 8858 3096 88608 5717 7867 2320 1806 5190 2762
internal_count=236918 111455 125463 22045 103418 104171 7284 81178 80677 76883 10373 11970 4188 10075 93798 3112 22240 20277 9754 17857 3794 8858 3096 88608 5717 7867 2320 1806 5190 2762
is_linear=0
shrinkage=0.03


Tree=141
num_leaves=31
num_cat=0
split_feature=35 9 11 25 24 7 9 25 15 12 9 9 29 24 3 3 29 0 29 0 20 9 11 39 31 11 3 6 5 25
split_gain=2703.31 122.354 100.57 40.5977 40.0108 27.8836 24.9231 20.7345 26.4429 19.5236 14.8968 14.0276 13.5201 12.9131 12.4659 12.4381 12.354 11.0947 11.0588 10.4292 10.3155 9.50996 10.897 9.3057 14.5797 8.65039 7.44949 6.82395 6.51517 6.27271
threshold=935.00000000000011 35.000000000000007 -0.14999999999999855 1568.5000000000002 1.6500000000000006 2.0999999999999992 85.000000000000014 1211.0000000000002 0.075277265270966828 0.0033333333333332034 275.00000000000006 65.000000000000014 13.633333333333335 6.2500000000000009 24.350000000000005 26.850000000000005 14.900000000000002 27.150000000000002 10.633333333333335 28.850000000000005 -0.69999999999987483 95.000000000000014 -0.10000000000000007 0.67007489853957602 25.174242424242429 0.20000000000000198 8.6500000000000004 26.550000000000004 19.450000000000003 1638.5000000000002
decision_type=2 2 2 2 2 2 2 2 2 2 2 2 2 2 2 2 2 2 2 2 2 2 2 2 2 2 2 2 2 2
left_child=2 9 3 16 6 10 12 13 -9 28 23 -5 15 19 -14 -4 26 -18 -8 -6 -10 22 -7 24 -3 -12 -1 -11 -2 -20
right_child=1 5 4 11 7 21 18 8 20 27 25 -13 14 -15 -16 -17 17 -19 29 -21 -22 -23 -24 -25 -26 -27 -28 -29 -30 -31
leaf_value=0.0065984859213812979 -0.00088026509079784274 -0.00073656025391581853 -3.4037354235607609e-05 -0.00079721144616317827 0.0037414276967222193 -0.00073656025391581853 -0.00073732794149479507 -0.0041977924608648295 0.0029576898972963031 0.00022238593621886764 -0.00073656025391581853 -0.00073664271571002133 -0.0021936202140898941 0.010481458194917758 0.00022205942615092941 -0.0058542863309637965 -0.0086832342631188077 0.0014691885891062761 -0.0024446790318571466 -0.0031884275703707274 0.00021623712272597739 -0.00073656025391581853 -0.00073656025391581853 -0.00073656025391581853 4.4445999479108545e-05 -0.00073656025391581853 -0.0027605919450258104 -0.0017676610874020249 -0.00093811620076926353 -0.00069212593094671157
leaf_weight=513 545 1711 24733 3908 18111 5155 2356 5864 4288 1855 5853 4417 10655 708 3980 712 1747 543 1950 1740 33750 87303 1177 1487 831 511 5942 538 2606 1290
leaf_count=513 545 1711 24733 3908 18111 5155 2356 5864 4288 1855 5853 4417 10655 708 3980 712 1747 543 1950 1740 33750 87303 1177 1487 831 511 5942 538 2606 1290
internal_value=-0.0034377 -0.00689151 -0.000462644 -0.00260514 -0.00013054 -0.00712295 -0.000809799 0.000350783 -1.74244e-05 -0.00254778 -0.00564574 -0.00410442 -0.000547877 0.00113698 -0.00127434 -0.000129976 -0.00117726 -0.00306937 -0.00268489 0.000994686 0.000271688 -0.00728678 -0.00615725 -0.00421421 -0.00310731 -0.00655042 -0.000505266 -0.000504175 -0.00409848 -0.00382171
internal_weight=236779 109572 127207 17070 110137 104028 45676 64461 43902 5544 10393 8325 40080 20559 14635 25445 8745 2290 5596 19851 38038 93635 6332 4029 2542 6364 6455 2393 3151 3240
internal_count=236779 109572 127207 17070 110137 104028 45676 64461 43902 5544 10393 8325 40080 20559 14635 25445 8745 2290 5596 19851 38038 93635 6332 4029 2542 6364 6455 2393 3151 3240
is_linear=0
shrinkage=0.03


Tree=142
num_leaves=31
num_cat=0
split_feature=25 8 8 24 25 29 8 25 15 6 3 8 8 32 24 24 1 0 1 38 0 6 24 25 5 25 20 7 24 28
split_gain=2705.55 249.128 139.486 37.8448 32.8479 23.4675 20.5619 19.2269 27.581 17.1206 14.4174 14.1712 13.9077 12.9677 13.8012 12.3206 9.86053 9.76151 8.68831 13.0057 8.55931 8.46244 8.06692 8.12415 8.73905 7.03704 11.7549 6.87645 6.67833 6.3007
threshold=1679.5000000000002 0.49999999999999739 0.79999999999999816 1.6500000000000006 1580.5000000000002 13.633333333333335 0.14999999999999861 1220.5000000000002 0.098319208025013746 25.350000000000005 23.850000000000005 0.25000000000000006 0.70000000000000029 46.500000000000007 -0.74999999999999989 6.2500000000000009 48.500000000000007 28.850000000000005 78.500000000000014 -0.159513159777915 30.850000000000005 28.150000000000002 0.10000000000000055 1719.5000000000002 19.250000000000004 1990.5000000000002 0.099999999999965908 0.65000000000000047 0.89999999999999958 30.500000000000004
decision_type=2 2 2 2 2 2 2 2 2 2 2 2 2 2 2 2 2 2 2 2 2 2 2 2 2 2 2 2 2 2
left_child=2 6 3 5 10 13 25 15 27 11 18 -7 -3 14 -1 17 -10 -5 19 -4 -6 -11 -8 -24 -25 26 28 -9 -2 -12
right_child=1 12 4 7 20 9 22 8 16 21 29 -13 -14 -15 -16 -17 -18 -19 -20 -21 -22 -23 23 24 -26 -27 -28 -29 -30 -31
leaf_value=-0.0011899365462212036 -0.0023918316171173599 -0.00071446344629834391 -0.0041975944678803237 0.0035394245373804797 -0.00071281266805683495 -0.0026877909487196053 -0.00072726775946225087 -0.0066147127373200739 0.0050087955564742589 0.00085729030100116337 -0.00022400343913833942 -0.0012698231470392478 -0.00071446344629834391 -0.0062133226966516819 0.00027170470430069036 0.010059567982441123 0.00059283919242656248 -0.0033427037878657672 -0.0078166649594294917 0.0030695742249878376 -0.00073734472153662669 -0.0018126623527738783 -0.0004305209070104954 -0.00070442397054570742 -0.00082674370916706753 -0.0022520828984678755 0.0032933908410355049 -0.001218664694182669 0.00041601286705518129 -0.006213121770753777
leaf_weight=4519 1806 7016 606 21164 4929 7991 2062 4777 1313 3820 2968 3371 93171 825 24109 844 32678 1992 1904 735 807 2159 909 808 2839 1007 570 3443 1255 677
leaf_count=4519 1806 7016 606 21164 4929 7991 2062 4777 1313 3820 2968 3371 93171 825 24109 844 32678 1992 1904 735 807 2159 909 808 2839 1007 570 3443 1255 677
internal_value=-0.00343845 -0.00684115 -0.000419973 -8.58133e-05 -0.00341028 -0.000738845 -0.00260881 0.000375719 -9.77187e-06 -0.00161434 -0.0020132 -0.00229805 -0.0073166 -0.000223307 -0.000116312 0.00105366 0.000367355 0.000923655 -0.00346705 -0.00161392 -0.00508714 -0.000314747 -0.00368202 -0.00297499 -0.00360715 -0.00107651 -0.000460363 -0.00156896 -0.00119736 -0.000717713
internal_weight=237074 111443 125631 113005 12626 46794 11256 66211 42211 17341 6890 11362 100187 29453 28628 24000 33991 23156 3245 1341 5736 5979 6618 4556 3647 4638 3631 8220 3061 3645
internal_count=237074 111443 125631 113005 12626 46794 11256 66211 42211 17341 6890 11362 100187 29453 28628 24000 33991 23156 3245 1341 5736 5979 6618 4556 3647 4638 3631 8220 3061 3645
is_linear=0
shrinkage=0.03


Tree=143
num_leaves=31
num_cat=0
split_feature=25 8 8 25 29 6 36 37 44 6 23 2 11 6 28 4 32 8 4 4 8 4 8 3 36 36 32 5 31 27
split_gain=2723.68 250.143 141.056 43.2042 32.5343 39.8486 34.8196 33.8361 31.9268 22.355 21.3007 19.162 18.2254 16.024 15.8733 23.2915 15.0058 13.5515 12.1678 11.9189 10.2097 9.79877 9.49466 11.1505 9.47556 8.49232 8.01535 6.67143 11.0844 10.2149
threshold=1679.5000000000002 0.49999999999999739 0.64999999999999869 1588.5000000000002 10.633333333333335 24.350000000000005 0.68301270189221941 0.6830127018922193 22.000000000000004 13.050000000000002 3.5000000000000004 1012.1500000000002 0.19999999999999754 25.250000000000004 31.500000000000004 2.1500000000000008 27.500000000000004 0.70000000000000029 1.4500000000000004 4.0000000000000036 2.199999999999998 4.2999999999999998 1.2999999999999983 21.950000000000003 0.25000000000000011 0.25000000000000011 32.500000000000007 19.250000000000004 25.038461538461544 12.708333333333334
decision_type=2 2 2 2 2 2 2 2 2 2 2 2 2 2 2 2 2 2 2 2 2 2 2 2 2 2 2 2 2 2
left_child=2 12 4 11 5 8 16 14 10 -9 -1 20 27 -8 15 -6 -7 -3 -16 -13 26 -14 23 -5 -11 -21 -4 29 -29 -2
right_child=1 17 3 22 7 6 13 9 -10 24 -12 19 21 -15 18 -17 -18 -19 -20 25 -22 -23 -24 -25 -26 -27 -28 28 -30 -31
leaf_value=-0.00061189343891531215 0.00017175441624650497 -0.00069302954290939361 0.0026794608908736789 -0.00067754752339442461 -0.0055718689083121241 0.00085899526686450173 -0.00079099961346299147 0.0039371559722898375 -0.012834354555679656 -0.0027434782191021511 0.0040488685556711399 -0.008429526208155496 0.00053486987375315326 -0.016405209744732925 0.0061934879610192149 0.00092994190103549501 -0.0036864414318900775 -0.00069302954290939361 -0.0029351289994859362 -0.0032524695716105458 -0.0059019706382766454 -0.00098592654484043474 -0.00070796971180275684 -0.00081843088135417463 -0.0010802355022182057 0.0046401204002344595 -0.0034536046943795589 -0.00074593619937105807 -0.00062876018332782104 -0.0012003501627426646
leaf_weight=4737 969 6975 2565 2456 4398 18692 598 1144 707 8743 23415 2138 1892 1198 819 30074 5114 93088 5797 681 756 2295 2638 1763 4726 627 1683 4455 1042 668
leaf_count=4737 969 6975 2565 2456 4398 18692 598 1144 707 8743 23415 2138 1892 1198 819 30074 5114 93088 5797 681 756 2295 2638 1763 4726 627 1683 4455 1042 668
internal_value=-0.00342858 -0.00684296 -0.000397442 -0.00309573 -2.24665e-05 0.000498917 -0.000362639 -0.000532242 0.00126321 -0.00177198 0.00142147 -0.00165937 -0.00261569 -0.00438821 -9.12631e-05 0.000167082 -5.85937e-05 -0.00732117 -0.00143699 -0.00338022 -0.000473432 -0.00104381 -0.00486478 -0.00397832 -0.00211399 -0.00112214 9.88235e-05 -0.0035377 -0.00403846 -0.00185326
internal_weight=236853 111384 125469 15307 110162 54461 25602 55701 28859 14613 28152 8450 11321 1796 41088 34472 23806 100063 6616 3446 5004 4187 6857 4219 13469 1308 4248 7134 5497 1637
internal_count=236853 111384 125469 15307 110162 54461 25602 55701 28859 14613 28152 8450 11321 1796 41088 34472 23806 100063 6616 3446 5004 4187 6857 4219 13469 1308 4248 7134 5497 1637
is_linear=0
shrinkage=0.03


Tree=144
num_leaves=31
num_cat=0
split_feature=35 8 8 35 25 16 2 1 31 11 8 29 7 38 37 21 38 39 8 7 8 4 35 1 5 27 4 4 28 25
split_gain=2709.44 227.31 153.888 47.337 32.5978 20.5588 19.3388 17.4479 16.7243 15.7195 15.1011 12.9306 14.6464 11.7506 11.5088 20.7174 19.2251 10.5204 10.5055 10.1313 9.76327 9.7174 8.84338 9.61925 15.7956 10.505 7.29351 7.21125 7.19725 6.6779
threshold=935.00000000000011 0.4000000000000013 0.64999999999999869 855.00000000000011 1280.5000000000002 -2.4999999999999996 1012.1500000000002 49.500000000000007 31.839743589743595 0.19999999999999754 0.70000000000000029 15.225000000000001 0.84999999999999976 0.96465729447553372 0.25000000000000017 16.500000000000004 -0.34235669412071207 -0.89404254237865755 1.2500000000000002 5.1999999999999984 2.0000000000000013 4.2999999999999998 1345.0000000000002 87.500000000000014 20.050000000000004 14.083333333333334 2.8500000000000001 2.2000000000000002 31.500000000000004 1849.5000000000002
decision_type=2 2 2 2 2 2 2 2 2 2 2 2 2 2 2 2 2 2 2 2 2 2 2 2 2 2 2 2 2 2
left_child=2 9 4 6 7 14 20 -1 13 22 27 12 -7 -9 15 -6 -16 -5 26 -13 28 -11 23 24 -2 -25 -8 29 -4 -3
right_child=1 10 3 17 5 11 18 8 -10 21 -12 19 -14 -15 16 -17 -18 -19 -20 -21 -22 -23 -24 25 -26 -27 -28 -29 -30 -31
leaf_value=0.0069169693401907326 -0.0006473263276488096 -0.00067223865662211185 0.00099167398466516862 -0.00067234197611282904 0.022743020966905527 -0.0061091835711005599 -0.0087768387226610789 0.0014212316049337348 -0.0057466019876481235 0.00051511221097889264 -0.00067223865662211185 -0.0015844375963608721 -0.00044842301725215336 0.0090288894990164081 -0.0025410360845806931 0.00099814286115518735 0.0010228806378885791 -0.00067202558844888926 -0.0049283687327618475 -0.0023263213077087687 -0.0049242608088281483 -0.0011335901260003229 -0.0011482001134230009 -0.001639693444679062 -0.00077956331191092378 0.0019668149066124413 -0.0018277676993668755 -0.00067223865662211185 -0.005295236838379078 -0.00067223865662211185
leaf_weight=935 1179 573 3778 967 524 3873 872 32262 1903 1746 92579 10372 27616 3193 5264 17631 6699 5390 1486 987 952 1903 676 932 2737 521 1626 5881 762 1051
leaf_count=935 1179 573 3778 967 524 3873 872 32262 1903 1746 92579 10372 27616 3193 5264 17631 6699 5390 1486 987 952 1903 676 932 2737 521 1626 5881 762 1051
internal_value=-0.0034456 -0.00689784 -0.000463594 -0.00323066 -6.97684e-05 -0.000441769 -0.00188647 0.000639052 0.000537607 -0.00251083 -0.0073227 -0.000863944 -0.000550872 0.000684703 0.000158865 0.000634879 -0.000563519 -0.00523313 -0.00347717 -0.00173158 -0.000731707 -0.000955218 -0.00344923 -0.00303994 -0.00381317 -0.000953608 -0.002286 -0.00602338 -0.000151915 -0.00424354
internal_weight=236870 109778 127092 15833 111259 72966 9476 38293 37358 9694 100084 42848 31489 35455 30118 18155 11963 6357 3984 11359 5492 3649 6045 5369 3916 1453 2498 7505 4540 1624
internal_count=236870 109778 127092 15833 111259 72966 9476 38293 37358 9694 100084 42848 31489 35455 30118 18155 11963 6357 3984 11359 5492 3649 6045 5369 3916 1453 2498 7505 4540 1624
is_linear=0
shrinkage=0.03


Tree=145
num_leaves=31
num_cat=0
split_feature=35 8 8 35 7 23 36 27 8 3 3 0 8 39 36 29 39 0 24 35 8 29 32 1 28 24 1 0 35 24
split_gain=2721.46 260.434 132.38 39.2594 29.2725 27.2549 24.5046 23.4805 20.527 19.6703 18.7599 17.3021 14.1339 12.8722 9.67374 9.50546 12.0135 31.1964 9.33884 9.24626 9.00914 9.2278 8.95521 8.67436 9.38117 8.85911 8.44733 7.01241 6.90986 6.84687
threshold=925.00000000000011 0.49999999999999739 0.59999999999999887 835.00000000000011 4.6999999999999984 3.5000000000000004 0.25000000000000011 21.366666666666671 0.14999999999999861 18.850000000000005 14.850000000000003 26.150000000000002 0.70000000000000029 -0.89404254237865755 0.68301270189221941 16.100000000000005 0.69521084835931835 23.450000000000003 0.60000000000000064 1325.0000000000002 1.2999999999999983 11.225000000000001 50.500000000000007 87.500000000000014 26.500000000000004 1.9500000000000004 79.500000000000014 30.450000000000003 965.00000000000011 -0.10000000000000052
decision_type=2 2 2 2 2 2 2 2 2 2 2 2 2 2 2 2 2 2 2 2 2 2 2 2 2 2 2 2 2 2
left_child=2 8 4 11 5 6 10 9 19 -7 -1 18 -3 27 -8 16 17 -6 -4 29 21 -15 -9 25 -25 28 -20 -5 -10 -2
right_child=1 12 3 13 15 7 14 22 23 -11 -12 -13 -14 20 -16 -17 -18 -19 26 -21 -22 -23 -24 24 -26 -27 -28 -29 -30 -31
leaf_value=0.0060236630987982893 -0.0024392166337441792 -0.00065207149692344841 -0.0049180089915711218 -0.00078302670149946933 0.0094013566027504152 0.0024327201875914218 -0.0042128654109481172 -0.0013908189329333263 -0.00065380714616539539 0.00027509885884065331 -0.00037530846111180302 -0.00048009007463333919 -0.00065207149692344841 -0.00069189562547242612 -0.0021913645970927207 -0.0029948133149292518 -0.0021513436497356542 -0.0013036547562331562 0.0015262618343256146 -0.0021566872112182027 -0.00067459990078405229 -0.00066642355446679894 -0.0085648522596328946 -0.0010379825852586716 0.0011631607098243331 -0.00057824921977163652 -0.0068844833386736077 0.0016387923407475045 -0.0006902381181055912 0.00010307002561032147
leaf_weight=1068 1152 7098 1390 578 576 29010 5483 1713 1654 45946 8660 4420 93340 1459 5868 1484 2127 5475 932 509 2075 2718 1270 1006 530 620 2491 523 2919 3042
leaf_count=1068 1152 7098 1390 578 576 29010 5483 1713 1654 45946 8660 4420 93340 1459 5868 1484 2127 5475 932 509 2075 2718 1270 1006 530 620 2491 523 2919 3042
internal_value=-0.00343003 -0.0068308 -0.000392878 -0.00288914 -1.18695e-05 0.000141941 -0.00081507 0.000400784 -0.00253979 0.000504683 0.000289825 -0.00158609 -0.00731915 -0.00452447 -0.00176187 -0.00158785 -0.00118643 -0.000504295 -0.00283022 -0.0010186 -0.00505117 -0.00424444 -0.00220854 -0.00360236 -0.00161899 -0.00418816 -0.00198613 -0.00152992 -0.00464426 -0.000554099
internal_weight=237136 111870 125266 16586 108680 99018 21079 77939 11432 74956 9728 9233 100438 7353 11351 9662 8178 6051 4813 4703 6252 4177 2983 6729 1536 5193 3423 1101 4573 4194
internal_count=237136 111870 125266 16586 108680 99018 21079 77939 11432 74956 9728 9233 100438 7353 11351 9662 8178 6051 4813 4703 6252 4177 2983 6729 1536 5193 3423 1101 4573 4194
is_linear=0
shrinkage=0.03


Tree=146
num_leaves=31
num_cat=0
split_feature=8 9 8 7 24 24 2 24 9 39 6 29 9 13 39 7 10 3 41 37 15 21 2 29 31 21 7 28 8 24
split_gain=2594.26 145.303 108.247 36.6138 35.4518 23.8836 22.8659 21.0052 22.1169 19.7269 48.4883 32.9816 18.3828 15.9996 11.2416 11.0337 10.4443 10.0999 9.73252 9.66966 9.21641 8.64748 7.79832 6.88078 13.1767 6.23482 5.86965 5.86397 5.45652 4.67783
threshold=0.60000000000000064 85.000000000000014 0.25000000000000006 2.149999999999999 0.95000000000000029 -0.29999999999999888 1028.3000000000004 0.10000000000000055 225.00000000000003 0.53312596302726967 22.350000000000005 8.9000000000000021 225.00000000000003 -0.0050000000000000409 -0.90892157495189674 0.95000000000000029 0.25000000000000006 7.8500000000000005 1.0000000180025095e-35 0.93301270189221952 0.27141603981099166 24.500000000000004 1010.85 13.225000000000001 19.519230769230774 25.500000000000004 3.7999999999999985 18.500000000000004 1.0999999999999963 1.6000000000000008
decision_type=2 2 2 2 2 2 2 2 2 2 2 2 2 2 2 2 2 2 2 2 2 2 2 2 2 2 2 2 2 2
left_child=2 4 5 12 13 19 9 20 17 10 -7 -11 15 -2 -14 -3 28 -9 -10 23 -4 -19 -17 24 -1 -6 -18 -25 -5 -27
right_child=1 3 7 16 25 6 -8 8 18 11 -12 -13 14 -15 -16 22 26 21 -20 -21 -22 -23 -24 27 -26 29 -28 -29 -30 -31
leaf_value=-0.0012059143157136158 -0.00063250935201574496 0.0012754073297973677 -0.00063250935201574496 -0.00063250935201574496 -0.00063250935201574496 0.0055177675944385199 0.010270343065693934 0.0029510555260353444 -0.00063250935201574496 0.0015334756029701834 -1.4244987216912308e-05 -0.0022487136819438281 -0.00063250935201574496 -0.00063250935201574496 -0.00063250935201574496 -0.00063250935201574496 -0.00063250935201574496 -0.00063348367296812958 -0.00063250935201574496 -0.002542404117979011 -0.00063250935201574496 -0.00063005072930014041 -0.00063250935201574496 0.00036069494314466875 0.0049567543904787056 -0.00063250935201574496 -0.00063250935201574496 -0.0027176171527275991 -0.00063250935201574496 0.0038045991152101163
leaf_weight=4206 6119 512 5236 7374 1174 12632 532 978 1984 11038 47107 18253 558 2612 6342 1330 1352 7864 823 1124 1519 5764 1771 666 627 746 2094 3061 80157 1182
leaf_count=4206 6119 512 5236 7374 1174 12632 532 978 1984 11038 47107 18253 558 2612 6342 1330 1352 7864 823 1124 1519 5764 1771 666 627 746 2094 3061 80157 1182
internal_value=-0.00344192 -0.00671919 -0.000432561 -0.00708603 -0.00357224 5.89433e-06 0.000158937 -0.00223293 -0.00168174 0.00012181 0.000434501 -0.000515908 -0.00540728 -0.00455084 -0.00631556 -0.00367012 -0.00727989 -0.00121269 -0.00411979 -0.00140925 -0.00365288 -0.00142406 -0.00434338 -0.00106517 -0.000317994 -0.000816688 -0.0056511 -0.00203339 -0.00734389 0.000233161
internal_weight=236737 113323 123414 101490 11833 99246 89562 24168 17413 89030 59739 29291 10513 8731 6900 3613 90977 14606 2807 9684 6755 13628 3101 8560 4833 3102 3446 3727 87531 1928
internal_count=236737 113323 123414 101490 11833 99246 89562 24168 17413 89030 59739 29291 10513 8731 6900 3613 90977 14606 2807 9684 6755 13628 3101 8560 4833 3102 3446 3727 87531 1928
is_linear=0
shrinkage=0.03


Tree=147
num_leaves=31
num_cat=0
split_feature=35 8 8 35 24 22 8 29 29 1 23 22 8 32 35 22 5 24 8 39 38 8 38 6 8 28 29 24 1 28
split_gain=2738.4 253.582 130.166 40.1471 27.5691 20.5899 18.2875 17.1966 16.1007 15.4472 22.4537 17.5939 14.3425 12.9068 12.8888 12.5359 12.4839 11.5525 10.9867 12.2741 10.8137 10.3053 8.97857 8.0622 7.91613 7.58463 7.22287 6.96649 6.62106 6.05448
threshold=925.00000000000011 0.49999999999999739 0.59999999999999887 845.00000000000011 1.55 27.500000000000004 0.29999999999999943 1.6333333333333335 14.100000000000001 50.500000000000007 5.5000000000000009 34.500000000000007 0.70000000000000029 46.500000000000007 1345.0000000000002 29.500000000000004 16.050000000000004 -0.15000000000000033 1.4999999999999993 -0.89404254237865755 -0.98214942551678475 2.699999999999998 0.26037272046371446 17.650000000000002 1.2999999999999983 19.500000000000004 9.9000000000000021 -1.0000000180025095e-35 87.500000000000014 22.500000000000004
decision_type=2 2 2 2 2 2 2 2 2 2 2 2 2 2 2 2 2 2 2 2 2 2 2 2 2 2 2 2 2 2
left_child=2 6 4 5 8 16 14 22 13 10 -9 -11 -3 20 17 25 -4 -2 19 -5 -1 29 -6 -19 -18 -10 -21 -17 -8 -7
right_child=1 12 3 18 7 21 28 9 15 11 -12 -13 -14 -15 -16 27 24 23 -20 26 -22 -23 -24 -25 -26 -27 -28 -29 -30 -31
leaf_value=-0.0028017231938130766 -0.0019889103687323801 -0.00061353407145527258 0.0044535849673035784 0.00015823275770501536 0.0025439335605950486 0.0017117706854545671 -0.00059889511638139172 -0.0025502904308387243 -0.00046699072838206178 0.00038679599817602052 0.0061196490088864849 0.010341456955070771 -0.00061353407145527258 -0.0070223798248544743 -0.0021803445901765433 -0.0015847037091518885 -0.0036913389138810942 0.001117168601376884 -0.00063259387067468695 -0.00063374218529760979 6.505528057439322e-05 -0.0053498126928116646 0.017134965570858141 -0.0011702429283903879 -0.0054492860421949214 -0.0024772189240754431 -0.00062482035360577779 0.0015046722531559956 -0.00063480258878720948 -0.0028787290944378764
leaf_weight=1130 1781 7127 505 604 969 2811 3089 924 2085 62430 1465 526 93517 753 609 1388 2452 1300 1875 946 25623 514 925 3594 1079 7831 3206 2423 944 2542
leaf_count=1130 1781 7127 505 604 969 2811 3089 924 2085 62430 1465 526 93517 753 609 1388 2452 1300 1875 946 25623 514 925 3594 1079 7831 3206 2423 944 2542
internal_value=-0.00343282 -0.00684045 -0.000380736 -0.00286012 -2.76564e-06 -0.00164992 -0.00258216 0.00037176 -0.000613496 0.000290029 0.00265684 0.000200133 -0.00731922 -0.000194671 -0.00168405 -0.00145258 -0.00329866 -0.00130186 -0.00466644 -0.0038966 -8.5498e-05 -0.000514994 0.00318829 -0.000548407 -0.00392938 -0.00201452 -0.00447761 9.83478e-06 -0.0042026 -0.00012465
internal_weight=236967 111961 125006 16534 108472 9903 11317 67239 41233 65345 2389 62956 100644 27506 7284 13727 4036 6675 6631 4756 26753 5867 1894 4894 3531 9916 4152 3811 4033 5353
internal_count=236967 111961 125006 16534 108472 9903 11317 67239 41233 65345 2389 62956 100644 27506 7284 13727 4036 6675 6631 4756 26753 5867 1894 4894 3531 9916 4152 3811 4033 5353
is_linear=0
shrinkage=0.03


Tree=148
num_leaves=31
num_cat=0
split_feature=25 9 11 25 24 7 10 25 11 24 9 9 4 29 9 1 4 0 5 5 31 23 33 28 3 20 2 6 25 11
split_gain=2688.51 121.301 98.8229 48.559 33.9006 25.0665 22.5339 17.9027 17.9091 16.1463 14.6049 13.295 12.8954 12.8337 12.4605 12.355 11.946 11.3933 11.2484 9.01864 9.7778 8.85251 8.73511 7.76218 7.64818 7.42653 7.08341 11.9054 7.07374 6.8988
threshold=1680.5000000000002 45.000000000000007 -0.10000000000000096 1570.5000000000002 0.60000000000000064 2.0999999999999992 -0.14999999999999855 1211.0000000000002 0.19999999999999754 6.2500000000000009 245.00000000000003 95.000000000000014 4.1499999999999995 14.900000000000002 65.000000000000014 45.500000000000007 2.2000000000000002 27.650000000000002 28.750000000000004 14.65 22.379807692307697 4.5000000000000009 1.5714285714285701 21.500000000000004 7.8500000000000005 -1.7499999999999998 1004.35 17.650000000000002 1720.5000000000002 0.20000000000000198
decision_type=2 2 2 2 2 2 2 2 2 2 2 2 2 2 2 2 2 2 2 2 2 2 2 2 2 2 2 2 2 2
left_child=2 6 3 13 11 10 -2 9 12 18 16 22 -9 24 -5 -10 23 -15 -6 20 -7 26 25 -3 -1 -4 -8 -28 -21 -12
right_child=1 5 4 14 7 19 21 8 15 -11 29 -13 -14 17 -16 -17 -18 -19 -20 28 -22 -23 -24 -25 -26 -27 27 -29 -30 -31
leaf_value=0.006630981709440595 -0.00059095699353431527 -0.00059512804931161447 -0.00093514100536518053 -0.00062632808169282546 0.0032846026568698794 -0.00059512804931161447 0.0013159732448407592 -0.0028581443605294062 0.0042244504563275229 0.011038094657130796 -0.00059512804931161447 -0.00058340117536617611 0.00043934482204587071 -0.0064779548154791766 -0.0005924734933407523 0.00012838728865018911 -0.00059512804931161447 0.0026466494748006004 -0.0037994869948372043 -0.00059512804931161447 -0.00059512804931161447 -0.0015227243138214608 -0.0024128711541648749 0.00031821676862615889 -0.002050585173934482 2.9287702060798446e-05 0.00066999569186802744 -0.0015350404910918108 -0.00059512804931161447 -0.00059512804931161447
leaf_weight=500 2003 656 6671 4109 18224 506 596 6767 1502 699 6332 2338 3538 2507 4937 50305 1944 579 2269 5410 504 1444 5165 714 7932 9349 916 1548 86271 535
leaf_count=500 2003 656 6671 4109 18224 506 596 6767 1502 699 6332 2338 3538 2507 4937 50305 1944 579 2269 5410 504 1444 5165 714 7932 9349 916 1548 86271 535
internal_value=-0.00343995 -0.00688988 -0.000477754 -0.00238209 -0.000111136 -0.00714116 -0.00291635 0.000172857 -8.4039e-05 0.000925734 -0.00572498 -0.00111679 -0.00122611 -0.00108984 -0.00402686 0.00014317 -0.00408474 -0.00274449 0.000772505 -0.00729659 -0.00446146 -0.00173768 -0.000879667 -0.00193513 -0.000483756 -0.000533641 -0.000822992 -0.00153285 -0.00732772 -0.00651514
internal_weight=236770 109379 127391 20564 106827 102872 6507 83304 62112 21192 10181 23523 10305 11518 9046 51807 3314 3086 20493 92691 1010 4504 21185 1370 8432 16020 3060 2464 91681 6867
internal_count=236770 109379 127391 20564 106827 102872 6507 83304 62112 21192 10181 23523 10305 11518 9046 51807 3314 3086 20493 92691 1010 4504 21185 1370 8432 16020 3060 2464 91681 6867
is_linear=0
shrinkage=0.03


Tree=149
num_leaves=31
num_cat=0
split_feature=35 9 11 25 25 11 15 24 9 24 6 39 29 5 38 0 29 36 4 23 30 9 9 4 24 4 21 24 35 39
split_gain=2714.55 120.214 93.4437 41.691 29.1872 24.8685 20.9346 16.7104 20.4343 16.5823 13.7252 16.7975 15.7065 15.0303 12.8066 12.7659 15.6113 12.0663 11.8244 11.4131 11.3897 10.5203 9.24791 9.043 8.25213 6.9522 6.7586 6.58962 6.58106 6.22917
threshold=935.00000000000011 45.000000000000007 -0.14999999999999855 1588.5000000000002 1280.5000000000002 0.099999999999996106 0.14719601443881622 1.8499999999999999 275.00000000000006 -1.45 28.250000000000004 -0.86974577485258975 10.450000000000001 26.750000000000004 -0.11692013674435776 27.050000000000004 12.633333333333335 0.93301270189221952 4.2500000000000009 4.5000000000000009 15.500000000000002 65.000000000000014 105.00000000000001 6.4500000000000002 0.79999999999999905 3.4500000000000006 27.500000000000004 -1.0000000180025095e-35 985.00000000000011 0.94353349168649059
decision_type=2 2 2 2 2 2 2 2 2 2 2 2 2 2 2 2 2 2 2 2 2 2 2 2 2 2 2 2 2 2
left_child=2 5 3 15 10 25 22 28 19 -8 11 13 -13 -4 20 16 23 -11 -7 -9 -12 27 29 -1 -24 -2 -16 -5 -3 -6
right_child=1 7 4 21 6 18 9 8 -10 17 14 12 -14 -15 26 -17 -18 -19 -20 -21 -22 -23 24 -25 -26 -27 -28 -29 -30 -31
leaf_value=-0.0032589771148672951 -0.00081721852865854411 -0.00057727420783226606 -0.0041129493684746608 -0.00059311947656799202 -0.0011874513834477997 0.00032202738022034676 -0.0013682025333124918 -0.00057727420783226606 -0.00057727420783226606 -0.00028773035911038551 -0.00092861129332605591 0.0033072977585672614 -0.00082095260058221537 0.011571159259051257 -0.015144906098661811 0.00070544014455345308 -0.0050557817868529054 0.003214522591200657 -0.0009338188583680496 -0.00057727420783226606 0.0071759941537310268 -0.00057718991859502067 -0.00059260763906754876 0.0054363376152542775 -0.00090634788042884382 -0.00056936733954661845 -0.0077600393743423573 -0.00057373326543484814 -0.00057727420783226606 -0.0019694017065498264
leaf_weight=3364 910 7291 732 1772 13423 1667 2461 1564 4866 46733 2599 17514 11050 2276 567 3245 2812 4140 1993 864 535 4009 1266 522 2950 1920 1338 1391 88508 2504
leaf_count=3364 910 7291 732 1772 13423 1667 2461 1564 4866 46733 2599 17514 11050 2276 567 3245 2812 4140 1993 864 535 4009 1266 522 2950 1920 1338 1391 88508 2504
internal_value=-0.00343744 -0.00689814 -0.000456055 -0.00251811 -0.000135435 -0.00293669 -0.000480239 -0.00714746 -0.00575863 -0.000169023 0.000556565 0.000788624 0.000563957 0.00292027 -0.000897143 -0.00126018 -0.00200821 -5.2629e-05 -0.00130257 -0.00350617 0.000282207 -0.00426122 -0.00130417 -0.000775463 -0.00255334 -0.00504767 -0.00283561 -0.00296445 -0.00725308 -0.000973225
internal_weight=236786 109583 127203 17115 110088 6490 73477 103093 7294 53334 36611 31572 28564 3008 5039 9943 6698 50873 3660 2428 3134 7172 20143 3886 4216 2830 1905 3163 95799 15927
internal_count=236786 109583 127203 17115 110088 6490 73477 103093 7294 53334 36611 31572 28564 3008 5039 9943 6698 50873 3660 2428 3134 7172 20143 3886 4216 2830 1905 3163 95799 15927
is_linear=0
shrinkage=0.03


Tree=150
num_leaves=31
num_cat=0
split_feature=35 35 11 11 32 35 7 3 37 37 38 39 6 39 7 37 35 35 2 6 35 0 7 4 36 38 32 7 21 5
split_gain=2703.55 90.2107 56.618 53.4296 28.8286 26.7876 22.1467 20.5535 27.7231 26.4884 23.4792 21.2442 20.7728 16.352 15.9605 14.8123 14.6063 11.053 10.9998 13.302 10.24 11.1109 10.0518 8.94192 10.1956 8.33301 8.21529 7.55938 6.8623 7.57253
threshold=935.00000000000011 785.00000000000011 -0.14999999999999855 0.09999999999999877 48.500000000000007 1195.0000000000002 2.149999999999999 8.4500000000000011 0.6830127018922193 0.25000000000000017 0.26037272046371446 0.99530134160901229 28.950000000000003 -0.42179730054635828 2.0999999999999992 -0.24999999999999994 975.00000000000011 1185.0000000000002 1022.2500000000001 25.750000000000004 865.00000000000011 26.250000000000004 4.0000000000000018 2.2500000000000004 0.25000000000000011 0.35846314187849709 30.500000000000004 5.2999999999999989 24.500000000000004 20.150000000000002
decision_type=2 2 2 2 2 2 2 2 2 2 2 2 2 2 2 2 2 2 2 2 2 2 2 2 2 2 2 2 2 2
left_child=1 4 20 6 7 14 17 9 12 -1 -10 -11 -9 27 28 -6 -16 23 19 -17 21 -3 -15 24 -2 -24 -23 -4 29 -5
right_child=3 2 13 5 15 -7 -8 8 10 11 -12 -13 -14 22 16 18 -18 -19 -20 -21 -22 26 25 -25 -26 -27 -28 -29 -30 -31
leaf_value=0.022937763459463561 -0.00054083737685434185 -0.0019860972688868854 0.00082495044766589304 -3.2011590236442067e-05 -0.012120585285579674 -0.00055995598159729813 -0.00055995598159729813 0.0013202121440786085 -0.0028532769328832555 0.00071853343431229949 0.0028137586516059996 0.011148376815673341 -0.0045436230299916482 -0.00048301262891977303 -0.00055995598159729813 -0.0051209709901027974 -0.00055995598159729813 -0.00055995598159729813 0.0093541304891241774 0.0060804996768633619 -0.00055282634513680224 0.00043922573742950972 -0.00085347738028946686 -0.00055995598159729813 -0.00055995598159729813 -0.00070863169060007207 -0.0040011612853726088 -0.001222842695994094 0.0020575570328951499 -0.00055995598159729813
leaf_weight=592 672 2327 6865 501 2580 8027 83857 59680 16022 4134 3296 517 3684 7550 2494 2829 4280 4254 512 537 5205 1405 4139 2974 1502 3295 677 1421 508 637
leaf_count=592 672 2327 6865 501 2580 8027 83857 59680 16022 4134 3296 517 3684 7550 2494 2829 4280 4254 512 537 5205 1405 4139 2974 1502 3295 677 1421 508 637
internal_value=-0.00344647 -0.000471383 -0.00182448 -0.00689772 7.94618e-08 -0.00531962 -0.00717591 0.000142192 2.66678e-05 0.0019633 -0.000968168 0.00120084 0.000329988 -0.00102419 -0.0041356 -0.00193421 -0.00477937 -0.00579168 -0.000761598 -0.0013851 -0.00376092 -0.00269497 -0.00161551 -0.00485243 -0.00338465 -0.00239847 -0.00110125 4.52461e-05 -0.00148362 -0.00277632
internal_weight=236973 127267 32884 109706 94383 16447 93259 87925 82682 5243 19318 4651 63364 23270 8420 6458 6774 9402 3878 3366 9614 4409 14984 5148 2174 7434 2082 8286 1646 1138
internal_count=236973 127267 32884 109706 94383 16447 93259 87925 82682 5243 19318 4651 63364 23270 8420 6458 6774 9402 3878 3366 9614 4409 14984 5148 2174 7434 2082 8286 1646 1138
is_linear=0
shrinkage=0.03


Tree=151
num_leaves=31
num_cat=0
split_feature=35 8 8 25 24 37 6 29 3 24 38 39 2 8 8 39 31 39 8 24 35 28 1 9 35 24 24 1 1 30
split_gain=2711.95 227.134 137.482 38.7574 35.0559 19.1606 35.1488 34.2501 25.1007 33.9712 20.775 18.809 18.36 15.0945 13.7212 11.4133 12.6197 9.16398 8.60728 8.36279 8.23856 7.80601 7.65979 7.26625 6.80736 6.59072 6.58946 6.08535 5.68704 5.51055
threshold=935.00000000000011 0.4000000000000013 0.79999999999999816 1588.5000000000002 1.0000000180025095e-35 0.6830127018922193 11.050000000000002 9.6333333333333346 13.15 3.100000000000001 -0.11692013674435776 0.97461712852231652 1012.1500000000002 0.19999999999999754 0.70000000000000029 0.77652048701313048 8.3205128205128229 -0.91595872546125101 0.19999999999999754 1.9500000000000004 1325.0000000000002 32.500000000000007 89.500000000000014 205.00000000000003 1205.0000000000002 2.1500000000000008 -0.10000000000000052 76.500000000000014 87.500000000000014 10.500000000000002
decision_type=2 2 2 2 2 2 2 2 2 2 2 2 2 2 2 2 2 2 2 2 2 2 2 2 2 2 2 2 2 2
left_child=2 13 4 12 15 8 11 -8 9 -6 -10 -7 25 20 22 16 -1 -5 -17 28 26 -18 -3 -21 -24 -4 -2 -14 -15 -28
right_child=1 14 3 17 5 6 7 -9 10 -11 -12 -13 27 19 -16 18 21 -19 -20 23 -22 -23 24 -25 -26 -27 29 -29 -30 -31
leaf_value=0.0047108106979836866 -0.0025656825786720288 -0.00054315730214937914 -0.0027932971299148963 -0.0005435769080557733 0.00034668555934219193 0.00061527560604884173 0.00086168037377059464 -0.0020314954638499007 0.0018999254398292731 0.010362197889510342 -0.00073826902362029913 0.011056199398796148 -0.0021193399824311881 -0.00063954242781941477 -0.00054315730214937914 -0.0016825356938021635 -0.000634971720969578 -0.0005436890295769034 -0.00085750091677107786 0.0014079131604128174 -0.0019849086771693367 -0.0024937017475333148 -0.00054315730214937914 -0.00099952499987245773 -0.00054315730214937914 0.0031395355809933955 0.0015196010662616871 -0.007403803391355014 -0.00057651744283520256 -0.00052403241548553759
leaf_weight=950 1001 6298 2909 835 3168 521 10101 13650 27657 2461 38688 629 953 3455 92471 2482 10576 5337 2121 532 501 1058 621 509 625 1219 773 1776 780 2043
leaf_count=950 1001 6298 2909 835 3168 521 10101 13650 27657 2461 38688 629 953 3455 92471 2482 10576 5337 2121 532 501 1058 621 509 625 1219 773 1776 780 2043
internal_value=-0.00344547 -0.00690321 -0.000463302 -0.00338251 -0.000129796 9.174e-05 -0.000625527 -0.000873679 0.000339905 0.00226292 0.000176685 0.00449219 -0.00182935 -0.00249323 -0.00732618 -0.00137835 -0.000910536 -0.0051069 -0.00265635 -0.00356953 -0.00117708 -0.00118211 -0.00609064 -0.00115772 -0.00393029 -0.000566586 -0.0007011 -0.00373764 -0.00416155 4.25834e-05
internal_weight=236700 109609 127091 13029 114062 96875 24901 23751 71974 5629 66345 1150 6857 9594 100015 17187 12584 6172 4603 5276 4318 11634 7544 1041 1246 4128 3817 2729 4235 2816
internal_count=236700 109609 127091 13029 114062 96875 24901 23751 71974 5629 66345 1150 6857 9594 100015 17187 12584 6172 4603 5276 4318 11634 7544 1041 1246 4128 3817 2729 4235 2816
is_linear=0
shrinkage=0.03


Tree=152
num_leaves=31
num_cat=0
split_feature=35 8 8 35 7 23 37 6 22 36 3 2 8 8 29 36 39 39 35 20 4 0 31 3 27 7 4 4 5 0
split_gain=2716.81 239.956 140.735 39.7724 27.1564 27.864 31.8647 50.9224 25.6516 21.5384 17.6029 16.1254 15.4947 14.0988 11.9428 12.5292 10.0789 10.0714 9.52848 9.92385 9.56674 9.40857 10.7427 9.35906 9.20898 6.70722 6.54604 6.25991 5.8378 11.4026
threshold=935.00000000000011 0.4000000000000013 0.79999999999999816 835.00000000000011 4.9000000000000004 3.5000000000000004 0.93301270189221952 19.050000000000004 20.500000000000004 0.25000000000000011 14.850000000000003 1010.7500000000001 0.19999999999999754 0.70000000000000029 15.633333333333335 1.0000000180025095e-35 -0.91595872546125101 -0.79382744783423187 1245.0000000000002 0.19999999999998866 2.2999999999999985 18.950000000000003 26.519230769230774 20.850000000000005 11.91666666666667 6.4000000000000004 4.1000000000000005 2.2000000000000002 28.950000000000003 28.050000000000004
decision_type=2 2 2 2 2 2 2 2 2 2 2 2 2 2 2 2 2 2 2 2 2 2 2 2 2 2 2 2 2 2
left_child=2 12 4 11 5 9 7 -7 -8 10 -1 28 18 27 15 17 -5 -6 19 20 -2 24 -23 -11 -14 -17 -13 -3 -4 -30
right_child=1 13 3 16 14 6 8 -9 -10 23 -12 26 21 -15 -16 25 -18 -19 -20 -21 -22 22 -24 -25 -26 -27 -28 -29 29 -31
leaf_value=0.0051398740355001939 0.0022883553466494766 -0.00052686258308489787 0.001619671588242053 -0.0005272696008141001 0.0011673300117679519 0.0047218528713095422 0.00081969299345034045 0.00016496264046444496 -0.0035859617781697556 -0.0018476179346348476 -0.00046313141700694344 -0.0070645268030615277 0.001418624883853796 -0.00052686258308489787 -0.0017863965653832036 0.0010095900795716022 -0.00052791429148247725 -0.001411903833999383 -0.0019315828499930068 0.0030858588780360518 -0.0018722076482545098 -0.00064872441985708068 -4.6070914779677976e-05 -0.0082765181811910535 -0.0010114528093069976 -0.0012750436984973789 -0.0020206541256294099 -0.00052686258308489787 -0.0084814391725969336 -0.00016074386518943439
leaf_weight=1126 614 1637 1689 870 618 14717 3034 60206 4559 9911 9283 2131 594 92703 1671 2823 5503 2847 960 537 2248 3613 507 2169 575 1050 984 5868 575 1370
leaf_count=1126 614 1637 1689 870 618 14717 3034 60206 4559 9911 9283 2131 594 92703 1671 2823 5503 2847 960 537 2248 3613 507 2169 575 1050 984 5868 575 1370
internal_value=-0.00343275 -0.00688816 -0.000446916 -0.00338883 -0.000108274 2.73553e-05 0.000282484 0.00047017 -0.00156912 -0.000908697 9.14898e-05 -0.00178307 -0.00236891 -0.00732322 -0.00168877 -0.00116689 -0.00508824 -0.00247693 -0.00104391 -0.000297707 -0.00100035 -0.00346012 -0.00413392 -0.0017704 -0.00108241 5.80645e-06 -0.00336622 -0.00606734 -0.000424917 -0.00154468
internal_weight=236992 109856 127136 13122 114014 105005 82516 74923 7593 22489 10409 6749 9648 100208 9009 7338 6373 3465 4359 3399 2862 5289 4120 12080 1169 3873 3115 7505 3634 1945
internal_count=236992 109856 127136 13122 114014 105005 82516 74923 7593 22489 10409 6749 9648 100208 9009 7338 6373 3465 4359 3399 2862 5289 4120 12080 1169 3873 3115 7505 3634 1945
is_linear=0
shrinkage=0.03


Tree=153
num_leaves=31
num_cat=0
split_feature=35 8 8 35 7 23 37 6 22 36 8 2 8 3 39 0 39 3 39 28 0 35 8 7 35 4 4 35 0 3
split_gain=2730.9 232.415 136.823 37.4774 29.178 27.819 29.7105 54.8493 28.5293 24.4102 17.038 16.8338 13.9507 13.4523 12.4365 19.2464 11.9086 11.8332 9.12678 8.97082 8.79171 8.5401 6.76833 6.71628 15.3387 6.63028 6.42399 5.94413 5.91252 5.14263
threshold=935.00000000000011 0.4000000000000013 0.79999999999999816 835.00000000000011 4.6999999999999984 3.5000000000000004 0.93301270189221952 19.050000000000004 18.500000000000004 0.25000000000000011 0.14999999999999861 1012.1500000000002 0.70000000000000029 14.850000000000003 0.70747208174348741 23.550000000000004 -0.73865259438682551 20.150000000000002 -0.91595872546125101 31.500000000000004 18.950000000000003 1325.0000000000002 1.7000000000000004 1.3999999999999997 1075.0000000000002 2.2000000000000002 4.2500000000000009 695.00000000000011 18.450000000000003 19.450000000000003
decision_type=2 2 2 2 2 2 2 2 2 2 2 2 2 2 2 2 2 2 2 2 2 2 2 2 2 2 2 2 2 2
left_child=2 10 4 11 5 9 7 -7 -8 13 21 22 25 -1 15 -6 -17 -11 -5 20 -12 23 -4 -2 -25 -3 -13 -24 -16 -22
right_child=1 12 3 18 14 6 8 -9 -10 17 19 26 -14 -15 28 16 -18 -19 -20 -21 29 -23 27 24 -26 -27 -28 -29 -30 -31
leaf_value=0.0049231747971332229 -0.0019305464153784428 -0.0005110567055923509 0.0003805217275529049 -0.00051115845667607776 0.0052093999617116062 0.0048645814819751739 0.0033241832100197486 0.00018564730868355332 -0.0029752582366679757 -0.0017632279323004261 -0.00059600012292589685 -0.0069656942152288527 -0.0005110567055923509 -0.00028809721002828921 -0.00055629356128581169 0.00084955197818739885 -0.001197389423493081 -0.0082067472836086508 -0.00051158368015677663 0.00014262366038231042 -0.00083923626815770387 -0.0018715615534469667 0.00014212641495899847 -0.0012652554632871967 0.0024162311051513395 -0.0005110567055923509 -0.0018949283047339143 -0.0057942358424633352 -0.0015137931233002529 -0.00060456876804604483
leaf_weight=1127 865 1649 2823 859 1001 14377 1645 58982 5763 9572 1036 1865 92658 9239 560 1822 5745 2538 5490 537 1171 507 503 2154 773 5853 866 716 2053 2664
leaf_count=1127 865 1649 2823 859 1001 14377 1645 58982 5763 9572 1036 1865 92658 9239 560 1822 5745 2538 5490 537 1171 507 503 2154 773 5853 866 716 2053 2664
internal_value=-0.00342808 -0.00689478 -0.000441834 -0.00334311 -0.000109066 4.8598e-05 0.000308379 0.000491235 -0.00150202 -0.000884865 -0.00246189 -0.00179004 -0.00732433 0.000183738 -0.00156465 -0.00101167 -0.00152893 -0.00179946 -0.00499882 -0.00358226 -0.00398779 -0.0010515 -0.000560089 -0.000561413 0.000125469 -0.00607476 -0.00360867 -0.00242629 -0.00337572 -0.00465012
internal_weight=237413 109867 127546 13122 114424 103243 80767 73359 7408 22476 9707 6773 100160 10366 11181 8568 7567 12110 6349 5408 4871 4299 4042 3792 2927 7502 2731 1219 2613 3835
internal_count=237413 109867 127546 13122 114424 103243 80767 73359 7408 22476 9707 6773 100160 10366 11181 8568 7567 12110 6349 5408 4871 4299 4042 3792 2927 7502 2731 1219 2613 3835
is_linear=0
shrinkage=0.03


Tree=154
num_leaves=31
num_cat=0
split_feature=35 9 24 9 11 34 22 1 23 27 24 9 11 16 6 1 44 23 4 33 33 35 4 35 9 24 9 27 1 9
split_gain=2729.75 117.949 82.9485 49.5283 24.4602 22.1816 18.3339 15.83 26.036 17.773 14.9466 18.5427 14.9275 14.7205 14.0685 12.6883 15.2052 11.9359 11.0226 9.11492 8.11685 7.2305 7.01775 6.2593 7.81108 6.14141 6.06009 5.7345 5.64788 8.84844
threshold=935.00000000000011 45.000000000000007 0.54999999999999993 65.000000000000014 0.099999999999996106 6.5000000000000009 34.500000000000007 45.500000000000007 5.5000000000000009 21.083333333333339 1.8499999999999999 275.00000000000006 -0.14999999999999855 1.0000000180025095e-35 28.450000000000003 96.500000000000014 11990.000000000002 4.5000000000000009 4.2500000000000009 3.5895721925133697 -2.7777777777777755 975.00000000000011 3.5000000000000009 905.00000000000011 195.00000000000003 -0.45000000000000012 1.0000000180025095e-35 8.5500000000000025 90.500000000000014 185.00000000000003
decision_type=2 2 2 2 2 2 2 2 2 2 2 2 2 2 2 2 2 2 2 2 2 2 2 2 2 2 2 2 2 2
left_child=2 4 3 13 22 14 7 8 -7 -9 21 17 -5 19 15 16 -4 27 -6 20 -1 -3 -2 24 -14 -15 -20 -12 -23 -30
right_child=1 10 5 12 18 6 -8 9 -10 -11 11 -13 23 25 -16 -17 -18 -19 26 -21 -22 28 -24 -25 -26 -27 -28 -29 29 -31
leaf_value=0.0030266978012955447 -0.00070980403356517556 -0.00049572500442458031 0.002942523504497226 -0.00049672935233329959 0.00027852231682369517 -0.0030408996950020174 0.0076734379934509421 -0.00047769182724435644 0.0062691752580172544 -0.0029736517418034311 -0.00049572500442458031 -0.00049572500442458031 -0.0002478824562887784 -0.00088792349600684941 -0.0031188410017547264 -0.0080760304577945363 -0.0075661989637848771 -0.00049572500442458031 -0.0016514244756415351 -0.0050499790514610451 -0.00071252068868217662 -0.00049572500442458031 -0.00048699000731327647 -0.00045780599114586258 -0.0024154837211711761 -0.00069042692550629384 -0.00086504713935997145 -0.00049572500442458031 -0.00049572500442458031 -0.00049572500442458031
leaf_weight=866 941 5700 26122 3793 1646 755 550 57803 1062 4629 504 4875 2050 2978 2431 1218 583 865 902 961 16674 82485 1940 1076 534 3217 1139 1027 664 6874
leaf_count=866 941 5700 26122 3793 1646 755 550 57803 1062 4629 504 4875 2050 2978 2431 1218 583 865 902 961 16674 82485 1940 1076 534 3217 1139 1027 664 6874
internal_value=-0.00342763 -0.00689912 -0.000439853 -0.00175725 -0.003 5.28086e-06 -0.000308213 -0.000354975 0.00240379 -0.00043534 -0.0071477 -0.0058315 -0.0039004 -0.00111021 0.000674496 0.000865085 0.0010017 -0.00366555 -0.00138046 -0.00068624 -0.000530156 -0.00724756 -0.00507024 -0.0025314 -0.00172854 -0.00237575 -0.00285242 -0.00206947 -0.00731355 -0.00651923
internal_weight=236864 109562 127302 32149 6568 95153 64799 64249 1817 62432 102994 7271 7453 24696 30354 27923 26705 2396 3687 18501 17540 95723 2881 3660 2584 6195 2041 1531 90023 7538
internal_count=236864 109562 127302 32149 6568 95153 64799 64249 1817 62432 102994 7271 7453 24696 30354 27923 26705 2396 3687 18501 17540 95723 2881 3660 2584 6195 2041 1531 90023 7538
is_linear=0
shrinkage=0.03


Tree=155
num_leaves=31
num_cat=0
split_feature=35 11 11 25 24 35 7 7 25 39 10 11 27 39 7 4 24 0 29 25 35 31 3 24 5 7 3 4 27 36
split_gain=2744.47 83.4398 55.9216 39.6342 30.9379 29.4661 21.4843 20.7643 19.4674 15.5501 15.2559 14.6343 13.8202 13.4375 12.125 11.7859 11.7744 11.4285 13.512 10.6618 9.68236 9.52632 9.32562 9.25741 8.82058 8.69665 8.37613 8.33349 8.26389 7.64091
threshold=935.00000000000011 -0.14999999999999855 0.09999999999999877 1588.5000000000002 0.75000000000000011 985.00000000000011 2.0999999999999992 2.149999999999999 1190.5000000000002 -0.85225707553516283 0.14999999999999861 0.64999999999999869 18.708333333333339 -0.90161545992537195 5.6499999999999995 4.1499999999999995 6.2500000000000009 27.050000000000004 12.633333333333335 1949.5000000000002 905.00000000000011 37.038461538461547 24.550000000000004 0.10000000000000055 18.850000000000005 3.149999999999999 12.050000000000002 2.2500000000000004 16.183333333333337 0.25000000000000011
decision_type=2 2 2 2 2 2 2 2 2 2 2 2 2 2 2 2 2 2 2 2 2 2 2 2 2 2 2 2 2 2
left_child=1 3 7 17 9 -4 22 19 16 12 15 20 13 -3 -13 -10 28 18 26 27 -11 -12 -7 -5 -8 -14 -1 29 -6 -2
right_child=2 4 5 23 8 6 24 -9 10 11 21 14 25 -15 -16 -17 -18 -19 -20 -21 -22 -23 -24 -25 -26 -27 -28 -29 -30 -31
leaf_value=0.0041332390180368918 -0.0004813975828055601 0.00084820912383920034 -0.0004808532542918429 -0.0004809218224057965 0.0034274294777666323 -0.0004808532542918429 -0.0004808532542918429 -0.0004808532542918429 -0.0020620326367089812 -0.0013153961074725445 0.00077649215509095532 0.00015347474203112414 -0.0052289476413806069 0.0099065112039107995 -0.0029114820168814797 0.00043560652470977845 0.010214405855312619 0.0008509266021136441 -0.0045555963189981346 -0.0004808532542918429 -0.0004763934118395163 -0.0084317420848085464 0.00024222557740122174 -0.00047822417824499837 -0.0004808532542918429 0.00076041605722821086 -0.0030765666980226091 -0.0004808532542918429 -0.0027962485897801391 -0.0004808532542918429
leaf_weight=903 697 2287 3365 3922 15335 2031 1169 83881 14387 11841 40633 7866 597 795 1678 8435 629 3251 2791 4031 2091 521 518 3272 9347 503 2959 3078 2168 1583
leaf_count=903 697 2287 3365 3922 15335 2031 1169 83881 14387 11841 40633 7866 597 795 1678 8435 629 3251 2791 4031 2091 521 518 3272 9347 503 2959 3078 2168 1583
internal_value=-0.00341955 -0.000414768 -0.0068944 -0.00236404 -0.000111098 -0.00527903 -0.00592389 -0.00717884 0.00018122 -0.00097885 -6.47097e-05 -0.00127907 0.000706262 0.00173638 -0.000373979 -0.000686777 0.00104886 -0.00113265 -0.00184485 -0.00583724 -0.00189895 0.000280275 -0.00344865 -0.0040585 -0.0065231 -0.00217786 -0.000694876 -0.00495616 0.000903599 -0.00357581
internal_weight=236564 126864 109700 17098 109766 16430 13065 93270 82108 27658 63976 23476 4182 3082 9544 22822 18132 9904 6653 9389 13932 41154 2549 7194 10516 1100 3862 5358 17503 2280
internal_count=236564 126864 109700 17098 109766 16430 13065 93270 82108 27658 63976 23476 4182 3082 9544 22822 18132 9904 6653 9389 13932 41154 2549 7194 10516 1100 3862 5358 17503 2280
is_linear=0
shrinkage=0.03


Tree=156
num_leaves=31
num_cat=0
split_feature=25 8 8 25 7 32 39 3 6 22 8 6 38 8 39 23 29 38 0 39 8 8 4 0 25 8 0 4 19 25
split_gain=2717.27 236.842 132.606 44.3906 25.4322 20.9248 20.4055 56.7359 40.6517 19.044 17.5532 13.2606 13.6621 12.9233 11.9923 11.6932 10.07 11.9615 17.5808 10.9351 9.75172 9.55564 8.58226 10.1695 9.34922 7.1899 6.74371 6.663 6.25137 6.21454
threshold=1680.5000000000002 0.4000000000000013 0.64999999999999869 1588.5000000000002 4.6999999999999984 49.500000000000007 0.39629089145655322 10.750000000000002 24.050000000000004 27.500000000000004 0.14999999999999861 21.450000000000003 -0.62588817255938378 0.70000000000000029 -0.89404254237865755 3.5000000000000004 15.900000000000002 0.7210268013660811 23.550000000000004 -0.73865259438682551 1.2999999999999983 2.600000000000001 2.2999999999999985 18.650000000000002 1969.5000000000002 1.3999999999999997 30.650000000000002 2.0999999999999992 -0.900000000000034 2089.5000000000005
decision_type=2 2 2 2 2 2 2 2 2 2 2 2 2 2 2 2 2 2 2 2 2 2 2 2 2 2 2 2 2 2
left_child=2 10 4 9 5 6 7 -1 -8 20 29 15 -13 27 26 -7 17 19 -19 -6 -4 -11 24 -24 -12 28 -5 -3 -16 -2
right_child=1 13 3 14 16 11 8 -9 -10 21 22 12 -14 -15 25 -17 -18 18 -20 -21 -22 -23 23 -25 -26 -27 -28 -29 -30 -31
leaf_value=0.023273503032535267 -0.00049282229737556023 -0.00046642765666308762 -0.0031675971193746832 -0.00047395767059419037 0.0009450937410654058 -0.0041255245004213573 -0.00024247845794612253 0.0011311481396817135 -0.0075898548179406788 0.0001733000907474791 0.00046835657787952674 -0.00093248922442556775 -0.0098939466059234926 -0.00046642765666308762 -0.00047691458934003738 0.0061796562567367182 -0.0020514442098179403 0.0081650529805551587 -0.00056815543258267127 -0.0013454400526330928 -0.0058651001695326976 -0.0045705314402571303 -0.00049449411837595861 -0.00055455294074445167 -0.00081160049490792703 -0.00046677080510487977 0.0016706185368628569 -0.00046642765666308762 -0.00045958622197267142 -0.0017881911701283148
leaf_weight=755 3749 1552 2087 629 1368 953 35957 56835 1460 4587 828 1537 2043 92221 770 975 1774 625 2023 4724 1116 536 666 3269 536 2000 507 5937 3770 544
leaf_count=755 3749 1552 2087 629 1368 953 35957 56835 1460 4587 828 1537 2043 92221 770 975 1774 625 2023 4724 1116 536 666 3269 536 2000 507 5937 3770 544
internal_value=-0.00342737 -0.00689522 -0.000443448 -0.00299644 -7.54519e-05 7.14058e-05 0.000175641 0.000530022 -0.000369799 -0.00147875 -0.00239212 -0.00172595 -0.0028057 -0.00732836 -0.00464183 0.000279793 -0.00147917 -0.0010604 0.000622642 -0.00179193 -0.00329251 -0.000343902 -0.00354697 -0.00425768 -0.00149341 -0.00513604 -0.00179262 -0.00612435 -0.0044716 -0.000965658
internal_weight=236333 109302 127031 16002 111029 100515 95007 57590 37417 8326 9592 5508 3580 99710 7676 1928 10514 8740 2648 6092 3203 5123 5299 3935 1364 6540 1136 7489 4540 4293
internal_count=236333 109302 127031 16002 111029 100515 95007 57590 37417 8326 9592 5508 3580 99710 7676 1928 10514 8740 2648 6092 3203 5123 5299 3935 1364 6540 1136 7489 4540 4293
is_linear=0
shrinkage=0.03


Tree=157
num_leaves=31
num_cat=0
split_feature=8 40 8 9 19 42 24 2 37 3 22 22 24 11 22 22 21 24 8 3 21 15 6 37 23 4 7 2 21 28
split_gain=2571.13 178.834 95.3235 92.2578 28.953 25.5812 26.1023 20.1544 20.2008 19.2243 23.6439 19.5049 16.3683 15.1583 14.6465 26.3878 14.3994 10.342 9.95303 9.42024 8.66579 8.44183 7.75058 10.2942 14.7696 7.6892 6.08977 9.74212 5.72345 5.35656
threshold=0.60000000000000064 1.0000000180025095e-35 0.25000000000000006 85.000000000000014 -0.4999999999999431 1.0000000180025095e-35 0.10000000000000055 1028.4500000000003 0.93301270189221952 12.450000000000001 19.500000000000004 20.500000000000004 0.60000000000000064 -0.30000000000000243 18.500000000000004 17.500000000000004 20.500000000000004 0.84999999999999976 1.1999999999999977 7.6500000000000012 24.500000000000004 0.19407902170682087 27.150000000000002 -0.24999999999999994 4.5000000000000009 2.3999999999999995 2.149999999999999 1010.85 17.500000000000004 26.500000000000004
decision_type=2 2 2 2 2 2 2 2 2 2 2 2 2 2 2 2 2 2 2 2 2 2 2 2 2 2 2 2 2 2
left_child=2 3 7 13 18 6 21 8 9 11 -11 -1 -3 17 15 -10 -16 -2 25 -8 -21 -4 23 -14 -25 -5 27 -6 -7 -30
right_child=1 12 5 4 26 28 19 -9 14 10 -12 -13 22 -15 16 -17 -18 -19 -20 20 -22 -23 -24 24 -26 -27 -28 -29 29 -31
leaf_value=0.00047707959839038969 -0.00045243482696319501 -0.012514834945068059 -0.00045243482696319501 -0.00039887775738947531 -0.00045243482696319501 -0.00045243482696319501 0.0033492425386504807 0.013030301141525013 -0.0019541357708293995 -0.003080777811595574 5.5450508563454904e-05 0.0054167514835083003 -0.0083692625116547105 -0.00045243482696319501 -0.0031684200248491157 0.0082883039727380693 0.0029395543880397245 -0.00045243482696319501 -0.00045243482696319501 -0.00056442632000696855 -0.00044403563844669835 -0.00045243482696319501 0.0071056782952889329 0.0073509360684755149 -0.010202355775470299 -0.00045243482696319501 -0.00045243482696319501 -0.00045243482696319501 -0.00045243482696319501 -0.00045242751955605214
leaf_weight=5764 5644 714 3271 552 2652 769 945 517 1225 2233 78861 3414 1437 3052 5993 763 555 1281 4107 8101 5782 3115 703 943 742 2397 84885 4556 1572 548
leaf_count=5764 5644 714 3271 552 2652 769 945 517 1225 2233 78861 3414 1437 3052 5993 763 555 1281 4107 8101 5782 3115 703 943 742 2397 84885 4556 1572 548
internal_value=-0.0034236 -0.00667905 -0.000425585 -0.00692173 -0.00719849 -0.00211792 -0.00175693 -1.48751e-05 -4.58456e-05 8.60713e-05 -6.12237e-05 0.00138725 -0.000843977 -0.00417051 -0.00144062 0.00081407 -0.00212519 -0.00494695 -0.00534287 -0.00106608 -0.00126341 -0.00336021 -6.46721e-05 -0.000705826 0.000884707 -0.00400796 -0.00734055 -0.00649515 -0.00476565 -0.00557022
internal_weight=237093 113665 123428 109126 99149 24103 21214 99325 98808 90272 81094 9178 4539 9977 8536 1988 6548 6925 7056 14828 13883 6386 3825 3122 1685 2949 92093 7208 2889 2120
internal_count=237093 113665 123428 109126 99149 24103 21214 99325 98808 90272 81094 9178 4539 9977 8536 1988 6548 6925 7056 14828 13883 6386 3825 3122 1685 2949 92093 7208 2889 2120
is_linear=0
shrinkage=0.03


Tree=158
num_leaves=31
num_cat=0
split_feature=35 9 11 35 7 7 11 32 37 23 22 37 9 1 27 9 21 29 4 39 5 11 4 39 5 9 35 38 3 1
split_gain=2731.37 122.183 83.2116 37.432 27.2983 26.4109 24.5717 21.6745 19.6926 25.6293 20.1364 13.8675 12.068 13.0117 10.8504 10.8436 10.094 13.3446 9.86658 9.71601 18.7419 9.11198 8.35265 8.32232 8.19193 7.00547 6.75867 6.65849 6.36332 6.32979
threshold=935.00000000000011 45.000000000000007 -0.14999999999999855 835.00000000000011 4.6999999999999984 2.0999999999999992 0.099999999999996106 49.500000000000007 0.93301270189221952 3.5000000000000004 18.500000000000004 -0.24999999999999994 275.00000000000006 91.500000000000014 21.083333333333339 65.000000000000014 26.500000000000004 12.633333333333335 4.2999999999999998 0.70747208174348741 23.350000000000005 0.20000000000000198 3.5000000000000009 -0.73865259438682551 14.65 1.0000000180025095e-35 975.00000000000011 -0.41398024697495356 9.2500000000000018 89.500000000000014
decision_type=2 2 2 2 2 2 2 2 2 2 2 2 2 2 2 2 2 2 2 2 2 2 2 2 2 2 2 2 2 2
left_child=2 6 3 16 7 12 22 8 9 -4 -10 29 13 -3 -13 -5 17 28 -8 20 -6 -14 -2 -22 -7 -20 -26 -21 -1 -9
right_child=1 5 4 15 19 24 18 11 10 -11 -12 14 21 -15 -16 -17 -18 -19 25 27 23 -23 -24 -25 26 -27 -28 -29 -30 -31
leaf_value=0.0061348297986309587 -0.00062565777350145077 -0.00043886178215429914 -0.00090525965357098948 -0.00044281601507198924 0.0057984997517635459 -0.00043886178215429914 0.00025303030178672149 -0.0093352047164717254 0.0025598547865570741 0.001324045024505831 -0.0024633701179108923 0.0021706655891970713 -0.00043886178215429914 -0.00043886178215429914 -0.0033095079926912276 -0.00043910365393633221 0.0014592120027269995 -0.004610295274239313 -0.0012569561081454091 -0.0014511944792012805 0.00037101700460542077 -0.00043886178215429914 -0.00043044415396743547 -0.0011504576440843851 -0.00043886178215429914 -0.00076947822012071135 -0.00043886178215429914 -0.00055865232544744566 -0.0020968789250349284 -0.00085347266306057485
leaf_weight=508 953 2996 16992 3288 793 1002 1714 1813 1817 68350 6576 1607 5854 844 1670 4087 2632 3128 890 615 1859 504 1908 5730 5310 1110 86510 1821 3565 514
leaf_count=508 953 2996 16992 3288 793 1002 1714 1813 1817 68350 6576 1607 5854 844 1670 4087 2632 3128 890 615 1859 504 1908 5730 5310 1110 86510 1821 3565 514
internal_value=-0.00341675 -0.0068889 -0.000428977 -0.00236897 -0.000125886 -0.00714197 -0.00292269 2.99725e-05 0.000138339 0.000274712 -0.00124806 -0.00178202 -0.00568971 -0.00435711 -0.000523788 -0.00398434 -0.00115684 -0.00173782 -0.00131189 -0.00155684 -0.00107168 -0.00649292 -0.00501135 -0.00153043 -0.0073014 -0.00274226 -0.00733092 -0.00322395 -0.000605521 -0.00355195
internal_weight=236960 109595 127365 17208 110157 103020 6575 99339 93735 85342 8393 5604 10198 3840 3277 7375 9833 7201 3714 10818 8382 6358 2861 7589 92822 2000 91820 2436 4073 2327
internal_count=236960 109595 127365 17208 110157 103020 6575 99339 93735 85342 8393 5604 10198 3840 3277 7375 9833 7201 3714 10818 8382 6358 2861 7589 92822 2000 91820 2436 4073 2327
is_linear=0
shrinkage=0.03


Tree=159
num_leaves=31
num_cat=0
split_feature=35 8 8 35 24 22 2 8 32 37 39 8 35 8 39 8 33 39 32 24 1 8 35 7 31 4 35 29 0 7
split_gain=2764.47 231.904 119.884 40.6702 26.9641 21.2568 17.6958 16.8103 15.2052 18.2597 17.3766 12.2187 10.5547 10.5054 9.71596 9.46146 8.03912 9.39206 10.9786 7.70233 6.9013 6.58888 6.4814 6.16611 6.07119 6.04601 6.33502 5.45369 5.33428 5.29302
threshold=935.00000000000011 0.4000000000000013 0.64999999999999869 845.00000000000011 1.0000000180025095e-35 27.500000000000004 1028.4500000000003 0.14999999999999861 47.500000000000007 -0.24999999999999994 0.39629089145655322 0.70000000000000029 1325.0000000000002 2.699999999999998 -0.89404254237865755 1.2999999999999983 1.7368421052631591 0.78724360164103002 18.500000000000004 1.9500000000000004 87.500000000000014 0.09999999999999877 905.00000000000011 1.4500000000000004 17.148351648351653 2.2000000000000002 1165.0000000000002 12.633333333333335 30.350000000000005 1.5000000000000007
decision_type=2 2 2 2 2 2 2 2 2 2 2 2 2 2 2 2 2 2 2 2 2 2 2 2 2 2 2 2 2 2
left_child=2 7 4 5 16 15 8 12 10 -10 -6 25 24 -7 28 27 17 18 -1 20 -9 -19 -16 -21 -2 26 -3 -4 -5 -26
right_child=1 11 3 14 6 13 -8 19 9 -11 -12 -13 -14 -15 22 -17 -18 21 -20 23 -22 -23 -24 -25 29 -27 -28 -29 -30 -31
leaf_value=0.0023652134729236387 -0.0014687259095350767 -0.00042569592868967022 -0.0022733756739768342 -0.0004727159248348649 0.0014441115281666227 0.00028380151628178417 0.012599670756544085 -0.00051569624210018143 -0.0076176789925110865 -3.1143587673874153e-05 -0.00050725724556851756 -0.00042569592868967022 -0.0017542496187541474 -0.0044331181065597166 -0.00040035758830677423 -0.0043213109483140801 -0.0022358992932069097 -0.00098012617442393883 -0.00056688158024481865 -0.0010306766524739931 -0.00047321884177406584 -0.00095897649515869405 -0.00042588779410658763 0.0011523692618097005 -0.00091230094242672011 -0.00042569592868967022 -0.00042569592868967022 -0.0027747492656775151 0.001137472414035477 0.0010404931760179608
leaf_weight=1754 1745 771 1243 545 54213 4829 505 3476 2600 3989 33847 92558 516 528 3682 1213 3476 1811 7410 514 793 1758 2371 527 658 5878 877 1050 503 1317
leaf_count=1754 1745 771 1243 545 54213 4829 505 3476 2600 3989 33847 92558 516 528 3682 1213 3476 1811 7410 514 793 1758 2371 527 658 5878 877 1050 503 1317
internal_value=-0.0034129 -0.00690496 -0.000406133 -0.00283728 -5.75809e-05 -0.00148139 0.000135094 -0.00243664 0.000105149 -0.00128471 0.000209171 -0.0073311 -0.00102643 -0.000292499 -0.00452872 -0.00329675 -0.00118854 -0.000839223 -0.000330569 -0.00356081 -0.00412491 -0.00214436 -0.0049905 -0.00124401 -0.000467491 -0.00616299 -0.00454545 -0.00216013 -0.00185714 0.000671472
internal_weight=236957 109630 127327 15964 111363 8863 95154 9546 94649 6589 88060 100084 4236 5357 7101 3506 16209 12733 9164 5310 4269 3569 6053 1041 3720 7526 1648 2293 1048 1975
internal_count=236957 109630 127327 15964 111363 8863 95154 9546 94649 6589 88060 100084 4236 5357 7101 3506 16209 12733 9164 5310 4269 3569 6053 1041 3720 7526 1648 2293 1048 1975
is_linear=0
shrinkage=0.03


Tree=160
num_leaves=31
num_cat=0
split_feature=25 8 8 25 24 32 37 37 29 4 8 8 22 8 39 18 24 25 24 1 25 33 4 24 7 39 30 25 25 7
split_gain=2706.65 252.833 117.91 35.0149 28.0025 18.9089 21.8627 19.5259 26.706 22.0514 18.4973 15.8596 16.8949 13.8918 12.7389 10.0813 8.95549 8.63995 8.00478 7.62055 7.57474 7.03082 6.97751 6.67223 9.69253 6.64778 7.37204 5.73188 5.61816 5.40105
threshold=1680.5000000000002 0.4000000000000013 0.79999999999999816 1588.5000000000002 1.0000000180025095e-35 46.500000000000007 -0.24999999999999994 0.6830127018922193 9.6333333333333346 11.750000000000004 0.14999999999999861 2.9999999999999978 27.500000000000004 0.70000000000000029 0.029024409397335523 0.30000000000000343 1.9500000000000004 1650.5000000000002 0.95000000000000029 87.500000000000014 2071.0000000000005 3.4782608695652182 2.2000000000000002 -0.10000000000000052 1.5000000000000007 -0.8611288361322974 16.500000000000004 1890.5000000000002 1710.5000000000002 1.4000000000000015
decision_type=2 2 2 2 2 2 2 2 2 2 2 2 2 2 2 2 2 2 2 2 2 2 2 2 2 2 2 2 2 2
left_child=2 10 4 11 15 7 -7 9 -9 -6 20 12 18 22 -8 25 19 -5 -4 28 23 -17 27 -2 -25 26 -1 -3 -12 -18
right_child=1 13 3 17 5 6 14 8 -10 -11 16 -13 -14 -15 -16 21 29 -19 -20 -21 -22 -23 -24 24 -26 -27 -28 -29 -30 -31
leaf_value=0.0041656240375907757 -0.0020743423245912561 -0.0004129250508289801 -0.0036260222759396579 -0.00037485962946031662 0.0010070515762002471 -0.0079386779541826234 0.0067931175792208471 0.001059164744135117 -0.0015559735347909526 0.0079808395086078121 -0.00035031123350618332 -0.0060602523312502212 -2.4984484337542412e-06 -0.0004129250508289801 -0.0010236725530143093 -0.00028970333187656073 -0.00085960586270721116 -0.00041313253538921731 -0.0032423078081446162 -0.00041791078654155358 -0.0016732850885991762 -0.0055207371954409364 -0.0004129250508289801 -0.0010656638571083935 0.0012447582792285881 -0.00067365326517243444 -0.001837469468237498 -0.0004129250508289801 -0.00053833510764118376 0.0011160381777045719
leaf_weight=517 920 709 1130 4089 65132 2895 523 10616 12892 840 1031 544 3965 92376 4086 8125 521 2371 1312 795 612 541 5816 972 1805 7660 510 919 2429 560
leaf_count=517 920 709 1130 4089 65132 2895 523 10616 12892 840 1031 544 3965 92376 4086 8125 521 2371 1312 795 612 541 5816 972 1805 7660 510 919 2429 560
internal_value=-0.00341377 -0.00687557 -0.000447358 -0.00310837 -0.00013519 6.34112e-05 -0.00138289 0.00018473 -0.000557635 0.000449268 -0.00223671 -0.00162987 -0.00121119 -0.00732374 -9.92193e-05 -0.00124503 -0.00341701 -0.00469824 -0.00317308 -0.00403629 -0.000774182 -0.000520881 -0.00607172 -0.000261557 0.000472292 -0.00196714 0.000298834 -0.00432515 -0.00464471 -0.000976454
internal_weight=237213 109465 127748 13411 114337 96984 7504 89480 23508 65972 9645 6951 6407 99820 4609 17353 5336 6460 2442 4255 4309 8666 7444 3697 2777 8687 1027 1628 3460 1081
internal_count=237213 109465 127748 13411 114337 96984 7504 89480 23508 65972 9645 6951 6407 99820 4609 17353 5336 6460 2442 4255 4309 8666 7444 3697 2777 8687 1027 1628 3460 1081
is_linear=0
shrinkage=0.03


Tree=161
num_leaves=31
num_cat=0
split_feature=35 8 8 35 24 2 8 34 6 8 8 2 1 35 35 10 24 28 7 7 4 5 6 35 2 20 24 27 24 7
split_gain=2736.01 243.707 107.333 31.6157 26.1227 16.5412 16.3373 16.2528 17.7736 15.5553 14.7432 14.0482 13.6923 10.1783 10.0637 9.89345 9.21693 7.90451 7.30048 8.25741 7.26472 6.98447 6.03386 6.01919 5.21304 5.17957 4.96574 4.04993 3.02625 2.53033
threshold=935.00000000000011 0.4000000000000013 0.79999999999999816 905.00000000000011 1.0000000180025095e-35 1028.4500000000003 0.14999999999999861 6.5000000000000009 28.250000000000004 0.70000000000000029 2.8000000000000003 1013.35 45.500000000000007 1255.0000000000002 815.00000000000011 -0.099999999999996078 -0.10000000000000052 31.500000000000004 6.1499999999999995 2.2000000000000002 2.2000000000000002 19.250000000000004 17.550000000000004 1155.0000000000002 1016.6500000000002 -1.6999999999999884 0.95000000000000029 11.450000000000001 -0.54999999999999971 2.0999999999999992
decision_type=2 2 2 2 2 2 2 2 2 2 2 2 2 2 2 2 2 2 2 2 2 2 2 2 2 2 2 2 2 2
left_child=2 6 4 10 15 7 13 8 -6 20 11 14 -9 16 -4 25 -2 21 19 -17 23 27 -18 -3 -23 -1 -13 -8 -27 -11
right_child=1 9 3 -5 5 -7 17 12 -10 29 -12 26 -14 -15 -16 18 22 -19 -20 -21 -22 24 -24 -25 -26 28 -28 -29 -30 -31
leaf_value=-0.00064646164914124084 -0.0021169117653663588 -0.0004005372993041107 -6.7961013061046963e-05 -0.00040079470284134648 0.0023953398021587468 0.012827521086207463 0.00037606569087590539 0.0032025656182847828 -0.0029499389802343278 -0.0004005372993041107 -0.0019024148088855075 -0.00066712781088387892 -0.00050628024461654871 -0.0017106306622213241 -0.00063822988033817457 -0.0046786932087214709 0.0045357739379219379 9.0554983188526132e-05 -0.0019248561013782809 -0.00019388144522920146 -0.0004005372993041107 -0.00047846358459814652 -5.7009179561662843e-05 -0.0004005372993041107 -0.00082674665779874543 -0.00098530575493593203 -0.0014791843845644843 -0.00086820567890215578 0.00048424791454472482 -0.0004005372993041107
leaf_weight=2529 905 747 3560 2344 26225 508 539 2098 3216 5220 1002 2125 64663 898 2641 1315 615 507 1512 10061 5879 3184 1885 911 599 953 1350 510 727 87106
leaf_count=2529 905 747 3560 2344 26225 508 539 2098 3216 5220 1002 2125 64663 898 2641 1315 615 507 1512 10061 5879 3184 1885 911 599 953 1350 510 727 87106
internal_value=-0.00340365 -0.00687744 -0.000404298 -0.00298411 -0.000109064 8.20477e-05 -0.00232217 5.34801e-05 0.000640645 -0.0073172 -0.00229073 -0.00193118 -0.000205466 -0.000945993 -0.00107488 -0.00118998 -0.00019592 -0.00343054 -0.000777347 -0.000516787 -0.00600179 -0.0038043 0.000743405 -0.00423795 -0.00440489 -0.00245251 -0.00345772 -0.00163416 -0.00115933 -0.00742445
internal_weight=236334 109505 126829 13022 113807 96710 9642 96202 29441 99863 10678 9676 66761 4303 6201 17097 3405 5339 12888 11376 7537 4832 2500 1658 3783 4209 3475 1049 1680 92326
internal_count=236334 109505 126829 13022 113807 96710 9642 96202 29441 99863 10678 9676 66761 4303 6201 17097 3405 5339 12888 11376 7537 4832 2500 1658 3783 4209 3475 1049 1680 92326
is_linear=0
shrinkage=0.03


Tree=162
num_leaves=31
num_cat=0
split_feature=25 8 8 25 7 8 23 37 6 38 38 38 8 8 3 29 25 24 4 39 29 38 24 4 24 25 36 6 9 7
split_gain=2739.83 244.73 103.002 40.2445 21.46 19.0205 18.9176 24.7498 47.4397 23.0864 32.6873 19.286 16.5045 15.3443 13.6218 10.3739 9.28199 8.66913 8.11395 8.08305 7.9524 14.3497 7.90509 6.82051 6.23605 6.17294 5.9549 8.56435 5.71128 5.49177
threshold=1680.5000000000002 0.4000000000000013 0.64999999999999869 1650.5000000000002 4.6999999999999984 0.14999999999999861 3.5000000000000004 0.93301270189221952 19.050000000000004 -0.85227431625818906 -0.91597725483594616 -0.05695216311707673 2.8000000000000003 0.70000000000000029 23.350000000000005 16.633333333333336 1588.5000000000002 1.9500000000000004 2.2999999999999985 -0.73865259438682551 11.708333333333334 0.7210268013660811 -0.54999999999999971 2.2000000000000002 0.95000000000000029 2071.0000000000005 -0.6830127018922193 17.550000000000004 395.00000000000006 1.4000000000000015
decision_type=2 2 2 2 2 2 2 2 2 2 2 2 2 2 2 2 2 2 2 2 2 2 2 2 2 2 2 2 2 2
left_child=2 5 4 12 6 25 9 8 -8 10 -1 -9 14 23 24 -11 -16 18 -7 22 21 -21 -6 28 -4 26 -2 -28 -3 -19
right_child=1 13 3 -5 19 17 7 11 -10 15 -12 -13 -14 -15 16 -17 -18 29 -20 20 -22 -23 -24 -25 -26 -27 27 -29 -30 -31
leaf_value=1.3219044916903399e-05 0.0013030545806489427 -0.00038852118032498738 -0.00043212331680724875 -0.00038845344026193349 -0.0013213431337606889 -0.00038377824772492498 0.0044407141905711319 -0.0025836657628020613 0.00012400826868646158 -0.00089644932042219681 0.012056728775232372 0.0040033235753199736 -0.0017169093547688603 -0.00038852118032498738 0.00021870420184325222 -0.0029283113687982327 -0.00064081670835074264 -0.00094438744071375237 -0.00046510124475913922 -0.0011240862683075711 -0.0014207234449270841 0.0031733364211673975 0.0034718548566703986 -0.00038852118032498738 -0.00094471973619577731 -0.001572032839174165 0.00099369852473780236 -0.0017704038352590471 -0.00038852118032498738 0.0010267663354390241
leaf_weight=1917 763 1094 3694 2815 822 856 14222 6356 57588 13467 624 944 1032 92316 4306 5776 1833 508 3435 2743 4852 1327 848 5817 2412 603 1008 1959 569 561
leaf_count=1917 763 1094 3694 2815 822 856 14222 6356 57588 13467 624 944 1032 92316 4306 5776 1833 508 3435 2743 4852 1327 848 5817 2412 603 1008 1959 569 561
internal_value=-0.00339493 -0.00687625 -0.000407156 -0.00265068 -8.32825e-05 -0.00232465 5.15878e-05 0.000267153 0.000436348 -0.000731204 0.00195537 -0.00139688 -0.0019593 -0.00731828 -0.00165163 -0.00108613 -0.000653395 -0.00351921 -0.00412124 -0.00136776 -0.00172624 -0.00074779 0.000547249 -0.00600642 -0.00265472 -0.000846021 -0.000389871 -0.000997811 -0.0043018 -0.00109944
internal_weight=237067 109489 127578 16092 111486 9693 100894 79110 71810 21784 2541 7300 13277 99796 12245 19243 6139 5360 4291 10592 8922 4070 1670 7480 6106 4333 3730 2967 1663 1069
internal_count=237067 109489 127578 16092 111486 9693 100894 79110 71810 21784 2541 7300 13277 99796 12245 19243 6139 5360 4291 10592 8922 4070 1670 7480 6106 4333 3730 2967 1663 1069
is_linear=0
shrinkage=0.03


Tree=163
num_leaves=31
num_cat=0
split_feature=35 8 8 35 24 8 31 38 6 38 44 38 4 24 35 0 8 38 1 25 4 15 24 35 24 7 4 35 39 0
split_gain=2758.97 246.138 102.763 36.8587 22.0396 20.7799 15.5148 30.2385 25.2988 23.6932 21.7888 21.579 17.4897 13.5614 13.4021 16.1041 11.1346 10.1282 15.4704 10.6502 9.59113 8.68695 8.56768 6.97192 7.57424 7.5235 5.9387 7.28211 5.47815 6.58902
threshold=935.00000000000011 0.49999999999999739 0.64999999999999869 905.00000000000011 -0.29999999999999888 0.14999999999999861 16.519230769230774 -0.88622299073327826 28.050000000000004 -0.93545489084327571 10509.500000000002 -0.90893996196865023 3.2000000000000002 0.95000000000000029 895.00000000000011 29.050000000000004 0.70000000000000029 0.49812943072827093 80.500000000000014 1459.5000000000002 2.2999999999999985 0.081649658092707231 1.9500000000000004 1325.0000000000002 -0.10000000000000052 1.5000000000000007 1.8499999999999999 1175.0000000000002 -0.73865259438682551 32.050000000000004
decision_type=2 2 2 2 2 2 2 2 2 2 2 2 2 2 2 2 2 2 2 2 2 2 2 2 2 2 2 2 2 2
left_child=2 5 4 13 28 23 9 11 -9 12 -11 -8 -6 14 15 -4 26 19 -19 -15 21 -7 -22 24 -2 -26 27 -3 -1 -30
right_child=1 16 3 -5 6 20 7 8 -10 10 -12 -13 -14 17 -16 -17 -18 18 -20 -21 22 -23 -24 -25 25 -27 -28 -29 29 -31
leaf_value=0.00035568346051672916 -0.0022241450281533797 -0.00037686554491523781 -0.0010252062230196493 -0.00037708249014026973 0.0035486935853415755 -0.00061241668659283279 0.002086872292231398 -0.00067085613331996363 -0.0054718810012843455 0.0016795190499640177 -0.011761040297050617 0.01455987099693647 -0.0037543392851860707 0.0032312369986866596 3.2427538878249985e-05 -0.0010197053613876124 -0.00037686554491523781 0.0032196597270651717 -0.0041226147104340902 -0.0011364028342469197 -0.00038808562816533559 0.0010126367198048287 -0.00029083368118942816 -0.0015159953206033939 -0.0009157087540664434 0.0012289234949762358 -0.00037686554491523781 -0.00037686554491523781 -0.00069015129703946145 -0.002397127862510875
leaf_weight=1993 972 562 4490 2768 1511 966 6168 36005 4556 45493 568 587 3980 2149 602 2006 92426 523 1561 1792 4054 572 544 516 1016 1813 5565 602 9438 775
leaf_count=1993 972 562 4490 2768 1511 966 6168 36005 4556 45493 568 587 3980 2149 602 2006 92426 523 1561 1792 4054 572 544 516 1016 1813 5565 602 9438 775
internal_value=-0.00339232 -0.00687912 -0.000382127 -0.00263843 -5.92837e-05 -0.0025 8.92081e-05 -0.000303056 -0.000612566 0.000449238 0.000671309 0.00155505 -0.00141316 -0.00197429 -0.00286268 -0.00325946 -0.00734071 -0.000927078 -0.00261745 -3.23358e-05 -0.0036217 -0.00156818 -0.00430761 -0.000904723 -0.000459506 0.000325857 -0.00615622 -0.00419383 -0.00126188 -0.00154258
internal_weight=236573 109608 126965 15891 111074 10453 98868 47316 40561 51552 46061 6755 5491 13123 7098 6496 99155 6025 2084 3941 6136 1538 4598 4317 3801 2829 6729 1164 12206 10213
internal_count=236573 109608 126965 15891 111074 10453 98868 47316 40561 51552 46061 6755 5491 13123 7098 6496 99155 6025 2084 3941 6136 1538 4598 4317 3801 2829 6729 1164 12206 10213
is_linear=0
shrinkage=0.03


Tree=164
num_leaves=31
num_cat=0
split_feature=35 8 8 35 24 11 35 3 1 1 31 38 38 8 8 35 1 8 1 23 24 30 18 1 27 37 0 21 22 32
split_gain=2767.88 237.276 95.2171 33.1071 25.6398 18.5409 18.2694 21.2987 14.9214 25.2714 17.4487 25.4727 24.5274 12.6482 10.6117 9.78226 14.8569 11.6804 9.22649 8.67063 7.90436 7.04119 6.27621 4.78626 5.19356 4.60382 4.58166 4.31578 3.96574 3.85244
threshold=935.00000000000011 0.49999999999999739 0.79999999999999816 905.00000000000011 1.0000000180025095e-35 0.19999999999999754 895.00000000000011 23.350000000000005 45.500000000000007 30.500000000000004 16.148351648351653 -0.93545489084327571 -0.88622299073327826 2.8000000000000003 0.70000000000000029 1295.0000000000002 91.500000000000014 0.20000000000000198 86.500000000000014 5.5000000000000009 0.95000000000000029 12.500000000000002 0.19999999999999665 89.500000000000014 11.733333333333336 0.93301270189221952 23.950000000000003 14.500000000000002 20.500000000000004 18.500000000000004
decision_type=2 2 2 2 2 2 2 2 2 2 2 2 2 2 2 2 2 2 2 2 2 2 2 2 2 2 2 2 2 2
left_child=2 5 4 6 22 15 7 20 9 -6 11 -10 -12 -9 23 16 17 -2 21 -11 -4 -7 28 27 -25 26 -24 -3 -1 -30
right_child=1 14 3 -5 8 18 -8 13 10 19 12 -13 -14 -15 -16 -17 -18 -19 -20 -21 -22 -23 25 24 -26 -27 -28 -29 29 -31
leaf_value=-0.0011615291794849778 -0.0016349748580391699 -0.00036555957856778065 -0.000930829137617476 -0.00036580478384404003 -0.0044949887666770405 -1.6458772001085865e-05 3.9181431006690485e-05 -0.00075907527603201973 -0.0029909496369431784 0.0029373916383537168 0.0027207412925710672 0.0015258452003376365 -0.0011857746088911561 -0.0022945808892409179 -0.00036555957856778065 -0.00060776092945523093 0.0014066292918498546 -0.00037535013016216955 0.0013452642513575341 0.0060619108733128606 -0.0020422878853677577 -0.00077823711338686282 0.00098933145027109708 -0.00036555957856778065 -0.00036555957856778065 -0.0019220697564185278 -0.0007385717908940648 -0.00036555957856778065 8.6512554751019835e-05 -0.00055313856717691351
leaf_weight=1583 2141 563 2866 2300 545 1259 652 4730 5033 716 6459 43098 39851 514 92482 1156 665 2757 853 1344 2041 1612 2522 594 509 871 7125 5141 915 4071
leaf_count=1583 2141 563 2866 2300 545 1259 652 4730 5033 716 6459 43098 39851 514 92482 1156 665 2757 853 1344 2041 1612 2522 594 509 871 7125 5141 915 4071
internal_value=-0.00339511 -0.00688638 -0.000384083 -0.00280599 -0.000105993 -0.00258425 -0.00210944 -0.00242219 8.2691e-05 0.00232163 2.08856e-05 0.000420865 -0.000394822 -0.00109226 -0.00733881 -0.00352515 -0.00300135 -0.00357245 -0.000885668 0.00384093 -0.00384243 -0.00169944 -0.00117751 -0.00618923 -0.00436425 -0.000722909 -0.000533993 -0.00654048 -0.00190496 -0.00148857
internal_weight=236968 109732 127236 13103 114133 10443 10803 10151 97046 2605 94441 48131 46310 5244 99289 6719 5563 4898 3724 2060 4907 2871 17087 6807 1103 10518 9647 5704 6569 4986
internal_count=236968 109732 127236 13103 114133 10443 10803 10151 97046 2605 94441 48131 46310 5244 99289 6719 5563 4898 3724 2060 4907 2871 17087 6807 1103 10518 9647 5704 6569 4986
is_linear=0
shrinkage=0.03


Tree=165
num_leaves=31
num_cat=0
split_feature=35 8 8 35 24 8 31 25 3 8 37 22 6 8 4 35 24 8 6 28 4 6 39 31 38 37 25 25 38 35
split_gain=2737.46 246.425 91.1191 32.8863 24.9236 17.9738 16.5115 15.7098 16.7491 14.437 14.1919 23.9359 21.1675 13.2421 9.75081 8.52456 9.64028 8.08432 8.07215 9.38719 7.39279 7.25096 7.12979 8.85207 7.12787 6.55105 6.33453 6.1881 6.83579 5.59637
threshold=935.00000000000011 0.4000000000000013 0.79999999999999816 905.00000000000011 -1.0000000180025095e-35 0.14999999999999861 34.519230769230781 1648.5000000000002 23.350000000000005 0.70000000000000029 0.6830127018922193 18.500000000000004 22.350000000000005 2.8000000000000003 1.6500000000000006 1245.0000000000002 -0.24999999999999997 1.2999999999999983 14.750000000000002 30.500000000000004 2.0999999999999992 21.450000000000003 0.77652048701313048 8.1742424242424256 0.97696484778429815 0.6830127018922193 1890.5000000000002 1520.5000000000002 -0.0053757284505435614 835.00000000000011
decision_type=2 2 2 2 2 2 2 2 2 2 2 2 2 2 2 2 2 2 2 2 2 2 2 2 2 2 2 2 2 2
left_child=2 5 4 7 22 15 10 8 17 20 12 -12 -6 -10 -8 16 -2 -4 -7 -20 26 -16 23 -1 -25 -18 -3 28 -24 -29
right_child=1 9 3 -5 6 18 14 -9 13 -11 11 -13 -14 -15 21 -17 25 -19 19 -21 -22 -23 27 24 -26 -27 -28 29 -30 -31
leaf_value=0.0037673752854885884 -0.0022285676760550577 -0.00035459279121074724 -0.00081875512947517548 -0.0003548306403287188 0.0032568719193219607 -0.00020034803010043987 0.0034747842946007824 3.7385602591619373e-05 -0.00085315761895185061 -0.00035459279121074724 0.0026264458983881597 -0.0010748965830688752 -1.5772312491963981e-05 -0.0021199716977678496 -0.0024267233070503409 -0.0015050939066595733 0.0012170026778528652 -0.0014495002177602873 -0.0004559212074776719 -0.00010022080303662861 -0.00035459279121074724 -0.009290328280925653 -0.0040878214181639307 -0.00072931835013703499 0.0018575668678237299 -0.0016482371914480311 -0.00035459279121074724 -0.0054344451900126666 0.0027158689959486588 -0.00025908091262532293
leaf_weight=832 778 706 2865 2298 20284 581 696 601 4840 92356 4039 20506 50363 526 1226 933 2017 2064 4223 537 5975 1223 721 9485 1177 550 868 1241 648 1700
leaf_count=832 778 706 2865 2298 20284 581 696 601 4840 92356 4039 20506 50363 526 1226 933 2017 2064 4223 537 5975 1223 721 9485 1177 550 868 1241 648 1700
internal_value=-0.00340336 -0.00688083 -0.000412233 -0.00277243 -0.000139365 -0.0022942 3.83622e-05 -0.00208387 -0.00235918 -0.00732238 0.00010904 -0.000512384 0.000324952 -0.00119877 -0.00209962 -0.000844626 -0.00013669 -0.00362148 -0.00345452 -0.00386182 -0.00605582 -0.0029896 -0.0012451 -0.000854645 -0.0010873 0.000750292 -0.00421637 -0.00228548 -0.000618162 -0.00306065
internal_weight=236859 109524 127335 13194 114141 9619 98337 10896 10295 99905 95192 24545 70647 5366 3145 4278 3345 4929 5341 4760 7549 2449 15804 11494 10662 2567 1574 4310 1369 2941
internal_count=236859 109524 127335 13194 114141 9619 98337 10896 10295 99905 95192 24545 70647 5366 3145 4278 3345 4929 5341 4760 7549 2449 15804 11494 10662 2567 1574 4310 1369 2941
is_linear=0
shrinkage=0.03


Tree=166
num_leaves=31
num_cat=0
split_feature=8 42 8 24 42 19 24 9 7 23 6 38 39 36 7 20 9 9 2 36 19 39 24 20 29 21 20 24 28 21
split_gain=2470.7 138.259 106.633 65.2522 35.4362 34.4034 28.5554 22.0394 21.3645 18.0282 22.9154 69.8314 45.0009 19.3347 14.9069 12.9965 11.5637 9.44025 8.98368 7.96479 7.46391 7.52119 7.39155 7.38531 7.02266 10.6618 6.07296 6.05318 6.03904 5.34799
threshold=0.64999999999999869 1.0000000180025095e-35 0.25000000000000006 0.95000000000000029 1.0000000180025095e-35 -0.39999999999992036 0.10000000000000055 95.000000000000014 4.6999999999999984 3.5000000000000004 18.850000000000005 0.97508442350096236 0.39629089145655322 0.25000000000000011 2.7500000000000004 0.40000000000003416 55.000000000000007 125.00000000000001 1.0000000180025095e-35 0.68301270189221941 -0.300000000000125 -0.23537842981696178 2.6500000000000008 -1.0000000000000566 16.100000000000005 24.500000000000004 -0.69999999999998852 2.600000000000001 29.500000000000004 17.500000000000004
decision_type=2 2 2 2 2 2 2 2 2 2 2 2 2 2 2 2 2 2 2 2 2 2 2 2 2 2 2 2 2 2
left_child=2 3 8 5 6 17 20 22 9 13 11 -11 -12 18 15 -9 26 23 -1 -15 -4 -22 -5 -2 27 -26 -7 -8 29 -6
right_child=1 -3 4 7 28 16 24 14 -10 10 12 -13 -14 19 -16 -17 -18 -19 -20 -21 21 -23 -24 -25 25 -27 -28 -29 -30 -31
leaf_value=-0.0022968014148758925 -0.00034395500747442484 -0.00034395500747442484 -0.00034395500747442484 -0.00034395500747442484 -0.00034395500747442484 -0.00033573458912206593 -0.00034056603305454011 -0.00034395500747442484 -0.0018268347938957868 0.0015884599960505153 0.00093351714914093444 0.02972343983518912 -0.0029998824112396428 -0.0027781299455563835 -0.00034395500747442484 -3.3272362735286553e-05 -0.00034395500747442484 -0.00034395500747442484 0.0011104537385388756 -0.0016833110646330004 -0.00034216063324587874 -0.00034395500747442484 0.0052063608781100744 -0.00034395500747442484 -0.00064786871180707055 0.00073991681139320867 -0.00034384383081899762 0.00045833311078413762 -0.00034395500747442484 -0.00034395500747442484
leaf_weight=984 5521 73101 4865 2309 772 856 9380 3460 8569 16116 43795 857 10058 5154 2691 1027 16151 3240 8120 5857 884 1732 655 611 2126 909 665 3843 537 2128
leaf_count=984 5521 73101 4865 2309 772 856 9380 3460 8569 16116 43795 857 10058 5154 2691 1027 16151 3240 8120 5857 884 1732 655 611 2126 909 665 3843 537 2128
internal_value=-0.00340811 -0.00669117 -0.000549973 -0.00520127 -0.00221539 -0.00597094 -0.00180289 -0.00314817 -9.51142e-05 3.98326e-05 0.000264938 0.00122607 -3.80188e-05 -0.000752722 -0.00404666 -0.00298563 -0.00675059 -0.00449968 0.000270152 -0.00159834 -0.00333656 -0.00462949 -0.000971005 -0.00380502 -0.00109686 -0.00239793 -0.00423999 -0.000797921 -0.00506179 -0.00560303
internal_weight=236973 110287 126686 37186 27176 27044 23739 10142 99510 90941 70826 16973 53853 20115 7178 4487 17672 9372 9104 11011 7481 2616 2964 6132 16258 3035 1521 13223 3437 2900
internal_count=236973 110287 126686 37186 27176 27044 23739 10142 99510 90941 70826 16973 53853 20115 7178 4487 17672 9372 9104 11011 7481 2616 2964 6132 16258 3035 1521 13223 3437 2900
is_linear=0
shrinkage=0.03


Tree=167
num_leaves=31
num_cat=0
split_feature=25 8 8 25 24 25 8 23 38 38 27 39 8 3 38 8 24 39 32 38 20 1 31 29 25 21 28 10 25 38
split_gain=2723.13 248.552 90.4787 37.0763 22.4127 18.5787 16.7659 15.8044 22.0247 32.1854 17.8958 17.847 15.2692 14.7772 14.1376 13.7953 8.37589 7.65844 8.46595 8.68128 6.89111 6.38774 6.0988 11.0705 6.08915 6.07227 9.45851 5.26977 5.15835 4.83036
threshold=1680.5000000000002 0.4000000000000013 0.79999999999999816 1650.5000000000002 1.0000000180025095e-35 1648.5000000000002 0.14999999999999861 3.5000000000000004 -0.84315017450793706 -0.91597725483594616 23.083333333333339 0.99932962452255414 2.7999999999999985 23.350000000000005 -0.70291267844185523 0.70000000000000029 0.10000000000000055 0.77652048701313048 18.500000000000004 -0.8041866928211282 -0.94999999999998852 87.500000000000014 17.519230769230774 10.100000000000001 1851.0000000000002 17.500000000000004 27.500000000000004 -1.0000000180025095e-35 1971.0000000000002 -0.42180583328916638
decision_type=2 2 2 2 2 2 2 2 2 2 2 2 2 2 2 2 2 2 2 2 2 2 2 2 2 2 2 2 2 2
left_child=2 6 4 5 17 12 22 8 9 -6 11 -9 13 -4 -10 21 -8 18 19 -1 -20 -3 -2 -24 -23 -18 -27 -19 -25 -12
right_child=1 15 3 -5 7 -7 16 10 14 -11 29 -13 -14 -15 -16 -17 25 27 20 -21 -22 24 23 28 -26 26 -28 -29 -30 -31
leaf_value=-0.0020319175196975075 -0.0013215442406906087 -0.00033363635725019205 -0.00084172726145364737 -0.00033383230248664603 5.2508679449192736e-05 4.7203070222973929e-05 -0.00034388350806392412 0.00050685894346820244 -0.0078801127018706344 0.012044060054546378 -0.009050226177467903 0.0074924787724522379 -0.001905998691948138 -0.00069770807266786501 -0.0014851465524559071 -0.00033363635725019205 -0.00022858841500816702 -0.00083932068205363726 -0.00065845409198601944 0.0032848708576731023 9.935450205186269e-06 -0.00033363635725019205 0.0042192494317732157 6.3919052184269188e-06 -0.00033363635725019205 -0.0006755245264590718 2.4141834282027476e-05 -0.00081013795215114607 -0.0014551722694368936 -0.0021861036031278181
leaf_weight=532 2034 5930 4449 2398 1571 626 1594 75745 905 506 809 823 995 4886 15653 92463 813 1291 7052 1759 3262 507 555 1202 1008 2307 618 3347 552 866
leaf_count=532 2034 5930 4449 2398 1571 626 1594 75745 905 506 809 823 995 4886 15653 92463 813 1291 7052 1759 3262 507 555 1202 1008 2307 618 3347 552 866
internal_value=-0.0034111 -0.00687898 -0.000429901 -0.00276617 -0.000156476 -0.00202592 -0.00228712 2.09021e-05 -0.000764206 0.00214646 0.000207905 0.000275042 -0.00233014 -0.00195272 -0.00112953 -0.00732359 -0.00341395 -0.00115294 -0.000769216 0.000879852 -0.00113561 -0.00607594 -0.000902762 0.000152531 -0.00432597 -0.00263503 -0.00327212 -0.00219504 -0.00101651 -0.00285778
internal_weight=237058 109583 127475 13354 114121 10956 9675 96878 18635 2077 78243 76568 10330 9335 16558 99908 5332 17243 12605 2291 10314 7445 4343 2309 1515 3738 2925 4638 1754 1675
internal_count=237058 109583 127475 13354 114121 10956 9675 96878 18635 2077 78243 76568 10330 9335 16558 99908 5332 17243 12605 2291 10314 7445 4343 2309 1515 3738 2925 4638 1754 1675
is_linear=0
shrinkage=0.03


Tree=168
num_leaves=31
num_cat=0
split_feature=35 9 11 35 11 25 16 22 39 38 25 5 39 5 29 39 4 29 29 4 32 38 4 9 15 5 25 10 0 35
split_gain=2741.04 129.192 48.9609 24.9804 24.8553 23.4477 19.9624 12.8908 30.6343 23.792 12.4632 11.508 14.3951 15.9618 12.5085 11.7822 10.8722 10.6209 10.3679 9.81052 13.8348 9.08627 8.85967 8.23567 8.22715 8.20042 8.06138 7.155 7.03616 12.0914
threshold=935.00000000000011 45.000000000000007 -0.14999999999999855 905.00000000000011 1.0000000180025095e-35 1240.5000000000002 -2.4999999999999996 23.500000000000004 0.28313308994381592 0.69676570133721638 1729.5000000000002 28.950000000000003 0.53312596302726967 22.450000000000003 9.4500000000000011 -0.9292178835113839 4.2500000000000009 14.366666666666669 15.225000000000001 2.2500000000000004 58.500000000000007 -0.45274443793211405 3.5000000000000009 285.00000000000006 0.040824829046446721 14.65 1420.5000000000002 -0.10000000000000007 28.450000000000003 875.00000000000011
decision_type=2 2 2 2 2 2 2 2 2 2 2 2 2 2 2 2 2 2 2 2 2 2 2 2 2 2 2 2 2 2
left_child=2 4 3 17 22 11 7 9 -9 -7 27 12 13 -4 -14 -13 -6 26 24 20 23 -17 -2 -12 -8 -21 -1 -3 29 -19
right_child=1 10 5 -5 16 6 18 8 -10 -11 19 15 14 -15 -16 21 -18 28 -20 25 -22 -23 -24 -25 -26 -27 -28 -29 -30 -31
leaf_value=0.00051918533131004811 -0.0005002836989649968 -0.00032362726653268633 0.01005545209718905 -0.00032328298067785548 0.0004553523503391473 9.5525338156688948e-05 -0.0069656812013817416 0.00067248644328728722 -0.0033345490048047564 0.009210794404048827 -0.00032362726653268633 -0.0096044646283792792 0.0016639581957959449 0.0024125565072306986 -0.0029359477345828888 -0.0041138452873284593 -0.00064666155936055547 -0.0021183404262481499 -0.0013363535055640906 -0.00032362726653268633 -0.00032362726653268633 0.01240406335882089 -0.00031583425174988702 -0.00032362726653268633 -0.00039819175621039242 -0.00032362726653268633 -0.00052167728586012064 -0.00032362726653268633 -7.2982361511268322e-05 3.9918275852487567e-05
leaf_weight=3797 955 3470 3813 2418 1682 6119 842 20334 5145 2837 3677 1099 4787 13441 3972 785 2023 3217 11728 700 602 547 1893 11371 34619 80094 6320 3257 919 562
leaf_count=3797 955 3470 3813 2418 1682 6119 842 20334 5145 2837 3677 1099 4787 13441 3972 785 2023 3217 11728 700 602 547 1893 11371 34619 80094 6320 3257 919 562
internal_value=-0.00339914 -0.00687403 -0.000403977 -0.00189077 -0.00278833 -0.000171164 -0.000429643 0.000119566 -0.000224579 0.00109846 -0.00713348 0.000570555 0.000755045 0.00125782 -0.000235418 -0.00140259 -0.00116739 -0.00142893 -0.000830402 -0.00722083 -0.0065292 0.000494753 -0.00489474 -0.00670764 -0.000574613 -0.00735463 -0.000881263 -0.0058794 -0.00260745 -0.00317971
internal_weight=237025 109724 127301 17233 6553 110068 81624 34435 25479 8956 103171 28444 26013 17254 8759 2431 3705 14815 47189 96444 15650 1332 2848 15048 35461 80794 10117 6727 4698 3779
internal_count=237025 109724 127301 17233 6553 110068 81624 34435 25479 8956 103171 28444 26013 17254 8759 2431 3705 14815 47189 96444 15650 1332 2848 15048 35461 80794 10117 6727 4698 3779
is_linear=0
shrinkage=0.03


Tree=169
num_leaves=31
num_cat=0
split_feature=35 8 8 35 33 8 35 39 32 6 6 8 24 1 37 3 1 4 35 8 7 3 25 25 6 2 27 15 4 35
split_gain=2766.75 245.215 81.912 34.9464 20.9338 19.0573 18.6856 15.6009 28.43 16.9063 15.4933 14.8146 14.8128 18.0534 17.2876 13.8066 13.074 12.9832 12.6316 11.7633 11.7534 11.6034 11.5634 9.80385 8.06787 10.1236 6.93096 6.79137 6.47011 7.09658
threshold=935.00000000000011 0.40000000000000396 0.79999999999999816 905.00000000000011 0.63636363636363613 0.25000000000000006 895.00000000000011 -0.73865259438682551 19.500000000000004 27.250000000000004 27.850000000000005 2.7999999999999985 1.7500000000000002 49.500000000000007 0.93301270189221952 23.350000000000005 87.500000000000014 7.1000000000000005 1355.0000000000002 0.70000000000000029 1.4500000000000004 3.9500000000000006 1478.5000000000002 1359.5000000000002 17.650000000000002 1004.6500000000002 10.366666666666669 0.25819888974716237 1.8499999999999999 1175.0000000000002
decision_type=2 2 2 2 2 2 2 2 2 2 2 2 2 2 2 2 2 2 2 2 2 2 2 2 2 2 2 2 2 2
left_child=2 5 4 6 12 18 11 8 9 -6 -10 15 20 21 -15 -4 -7 27 24 28 26 -14 -22 -19 -2 -26 -1 -9 29 -3
right_child=1 19 3 -5 7 16 -8 17 10 -11 -12 -13 13 14 -16 -17 -18 23 -20 -21 22 -23 -24 -25 25 -27 -28 -29 -30 -31
leaf_value=-0.0060315456687265586 0.00052058023364987449 -0.00031391844853670571 -0.0008520348223485715 -0.00031407609378005636 -0.0032067774288457259 -0.00031760380904289265 5.3605437639070483e-05 -0.0013388440525628953 0.0024448747749028438 0.0085555870099808997 -0.0035115966453091382 -0.0021139072987626504 0.0013691488605589684 0.0017960649995338489 -0.0033662313376043016 -0.00076451482515734761 -0.00024378699591780405 0.00074319619876400005 -0.0016937497911048364 -0.00031391844853670571 0.0022406157980481333 0.0082008139480107146 -0.0002411094019163586 -0.0019211287156262666 0.00055820455699981777 -0.0019940369403775734 -0.0013767528731345651 0.00028080629780229404 -0.00031391844853670571 -0.00031391844853670571
leaf_weight=2001 1581 574 4424 2295 716 3175 657 17907 3556 2415 4234 991 734 37676 3474 4763 986 1321 536 92509 5715 671 17539 5759 1074 2955 3662 6749 5657 609
leaf_count=2001 1581 574 4424 2295 716 3175 657 17907 3556 2415 4234 991 734 37676 3474 4763 986 1321 536 92509 5715 671 17539 5759 1074 2955 3662 6749 5657 609
internal_value=-0.00338255 -0.00687501 -0.000373111 -0.00261689 -0.000114934 -0.00246993 -0.00190389 -0.000640838 0.000337133 0.00275056 -0.000633342 -0.00222053 0.000198953 0.000554962 0.000440683 -0.00184378 -0.00403735 -0.000977377 -0.00140777 -0.00733196 -0.000324959 0.00389659 -2.64448e-05 -0.00210957 -0.000986279 -0.00169871 -0.00155031 -0.000652121 -0.0061254 -0.00409494
internal_weight=236915 109656 127259 13130 114129 10307 10835 42657 10921 3131 7790 10178 71472 42555 41150 9187 4161 31736 6146 99349 28917 1405 23254 7080 5610 4029 5663 24656 6840 1183
internal_count=236915 109656 127259 13130 114129 10307 10835 42657 10921 3131 7790 10178 71472 42555 41150 9187 4161 31736 6146 99349 28917 1405 23254 7080 5610 4029 5663 24656 6840 1183
is_linear=0
shrinkage=0.03


Tree=170
num_leaves=31
num_cat=0
split_feature=35 11 11 25 35 25 15 24 24 5 35 24 35 24 24 38 1 24 38 38 1 25 35 37 23 21 5 35 32 1
split_gain=2786.07 55.2403 48.5513 33.6028 25.209 20.2021 18.7377 14.1155 13.8149 12.5858 15.1831 12.2068 11.4646 14.2728 11.005 10.0642 9.69148 9.39925 11.711 10.6499 8.45699 9.47326 7.62968 7.40741 6.81224 6.78675 6.21399 5.48992 5.24133 3.78797
threshold=935.00000000000011 1.0000000180025095e-35 -0.14999999999999855 1921.0000000000002 905.00000000000011 1230.5000000000002 0.098319208025013746 2.4500000000000006 -0.39999999999999941 19.450000000000003 965.00000000000011 6.2500000000000009 895.00000000000011 0.89999999999999958 1.8499999999999999 0.97112537654464559 45.500000000000007 2.100000000000001 -0.03977009085991149 0.84773968378660736 78.500000000000014 1610.5000000000002 1135.0000000000002 0.93301270189221952 4.5000000000000009 27.500000000000004 19.050000000000004 975.00000000000011 51.500000000000007 76.500000000000014
decision_type=2 2 2 2 2 2 2 2 2 2 2 2 2 2 2 2 2 2 2 2 2 2 2 2 2 2 2 2 2 2
left_child=2 14 4 7 12 11 20 9 23 29 -11 17 13 25 27 -15 -10 18 -4 -19 -7 -22 24 -8 -16 -1 -5 -2 -28 -3
right_child=1 3 5 26 -6 6 8 -9 16 10 -12 -13 -14 15 22 -17 -18 19 -20 -21 21 -23 -24 -25 -26 -27 28 -29 -30 -31
leaf_value=-0.00080975215792356556 -0.00030450089508060455 -0.00030450089508060455 0.0027711885089251975 -0.00030450089508060455 -0.00030318351224062909 -0.00024722019397437181 -0.00040148476844555184 0.00014906415464605393 0.0025242849973304846 -0.00030450089508060455 -0.00030450089508060455 0.0068833755917882119 4.8950949853051286e-05 -0.0005848428157112606 -0.00030450089508060455 -0.0053507095623785694 -0.00013344533465269314 0.0010176937615478908 -0.009915667691511967 0.00755862689164231 -0.0055930853654356169 0.00029601116711404688 -0.00030450089508060455 -0.0014769857323792357 -0.00030450089508060455 -0.00030070445390303246 -0.00030450089508060455 -0.00030450089508060455 -0.00030450089508060455 0.00047588118026868685
leaf_weight=5936 5304 525 1327 1429 2335 4286 8600 639 2159 2042 5381 851 700 6638 1463 580 60149 18223 1789 4161 6893 810 3334 918 935 846 8520 79313 513 503
leaf_count=5936 5304 525 1327 1429 2335 4286 8600 639 2159 2042 5381 851 700 6638 1463 580 60149 18223 1789 4161 6893 810 3334 918 935 846 8520 79313 513 503
internal_value=-0.0033844 -0.00688296 -0.000361607 -0.00543572 -0.001852 -0.000131118 -0.000358907 -0.00409976 -0.000175628 -0.00442476 -0.00485556 0.000593386 -0.00139165 -0.00157906 -0.00719602 -0.000650277 -1.29995e-05 0.000475257 -0.00106799 0.000690163 -0.00145672 -0.00205094 -0.00591734 -0.00124002 -0.00461875 -0.00256707 -0.00659547 -0.0072825 -0.00688738 -0.00131068
internal_weight=237102 109901 127201 19552 17035 110166 83815 9090 71826 8451 7423 26351 14700 14000 90349 7218 62308 25500 3116 22384 11989 7703 5732 9518 2398 6782 10462 84617 9033 1028
internal_count=237102 109901 127201 19552 17035 110166 83815 9090 71826 8451 7423 26351 14700 14000 90349 7218 62308 25500 3116 22384 11989 7703 5732 9518 2398 6782 10462 84617 9033 1028
is_linear=0
shrinkage=0.03


Tree=171
num_leaves=31
num_cat=0
split_feature=35 8 8 25 24 8 25 32 2 39 3 6 8 8 39 38 35 24 4 10 19 38 28 0 25 37 24 28 39 32
split_gain=2756.66 252.484 81.5071 34.0228 17.6716 15.9781 15.0418 14.265 17.2182 16.7236 55.9056 33.4666 14.137 14.0129 13.0629 9.96822 9.12548 8.54918 7.11227 6.69646 6.20297 6.47006 5.98858 11.1776 5.92751 5.30245 4.50654 5.80303 4.23547 3.60765
threshold=935.00000000000011 0.4000000000000013 0.79999999999999816 1650.5000000000002 1.0000000180025095e-35 0.70000000000000029 1648.5000000000002 47.500000000000007 1022.85 0.41202506375868281 10.65 24.150000000000002 2.8000000000000003 0.19999999999999754 -0.87810534180523914 -0.96235977360714686 1325.0000000000002 0.10000000000000055 2.2000000000000002 -0.099999999999996078 0.19999999999987497 0.17646842360078763 29.500000000000004 18.950000000000003 1849.5000000000002 0.6830127018922193 -1.6000000000000003 31.500000000000004 0.77652048701313048 25.500000000000004
decision_type=2 2 2 2 2 2 2 2 2 2 2 2 2 2 2 2 2 2 2 2 2 2 2 2 2 2 2 2 2 2
left_child=2 13 4 6 19 18 12 9 15 10 -6 -11 14 16 -4 -9 20 -15 24 28 25 -22 23 -19 -3 -2 29 -28 -1 -21
right_child=1 5 3 -5 7 -7 -8 8 -10 11 -12 -13 -14 17 -16 -17 -18 22 -20 26 21 -23 -24 -25 -26 -27 27 -29 -30 -31
leaf_value=-0.00037008670331672679 -0.00043961171255924925 -0.00029536586822818641 0.0006716238906645832 -0.00029563582421906885 0.02189330376390335 -0.00029536586822818641 4.6067737418834483e-05 0.0029106155110703914 0.010326715329170812 -0.00028938701821906054 0.00094133422998692983 -0.0092092946056011715 -0.0018750341014553058 -0.00030853650179600908 -0.00083019883379249922 -0.0040298799536836087 -0.0013315102324609894 0.00051418624483176166 -0.00029536586822818641 -0.0025293361652610241 0.0048303104807616536 -0.00026782414369260534 0.00019819147684082793 -0.000594709419616826 -0.00029536586822818641 -0.0021848784646634422 -0.00019381687350396469 -0.0027571615869474036 -0.00070480803351784368 -0.0002434531885705743
leaf_weight=2960 2103 626 1825 2246 776 92510 596 847 500 33067 55051 1113 1009 1606 7498 5464 531 674 5913 993 517 628 584 2461 1061 583 10125 877 1273 877
leaf_count=2960 2103 626 1825 2246 776 92510 596 847 500 33067 55051 1113 1009 1606 7498 5464 531 674 5913 993 517 628 584 2461 1061 583 10125 877 1273 877
internal_value=-0.00338446 -0.00686625 -0.000376537 -0.00261043 -0.00011817 -0.00731376 -0.00191857 3.88866e-05 -0.00128468 0.000139069 0.000459036 -0.000383535 -0.00218599 -0.00224094 -0.00182011 -0.00170957 -0.000979606 -0.00327342 -0.00598658 -0.00100704 -0.000467649 0.00137969 -0.00248119 -0.00300048 -0.00425844 -0.00125558 -0.00066646 -0.000434842 -0.00204191 -0.00202724
internal_weight=236894 109797 127097 13174 113923 100110 10928 96818 6811 90007 55827 34180 10332 9687 9323 6311 4362 5325 7600 17105 3831 1145 3719 3135 1687 2686 12872 11002 4233 1870
internal_count=236894 109797 127097 13174 113923 100110 10928 96818 6811 90007 55827 34180 10332 9687 9323 6311 4362 5325 7600 17105 3831 1145 3719 3135 1687 2686 12872 11002 4233 1870
is_linear=0
shrinkage=0.03


Tree=172
num_leaves=31
num_cat=0
split_feature=35 9 11 7 11 35 2 35 15 7 9 35 21 0 39 1 1 11 5 39 1 25 29 7 9 28 25 12 2 11
split_gain=2805.45 120.749 42.504 26.4583 24.9741 18.203 17.4309 18.0879 17.6355 16.8505 11.8199 11.7984 9.98549 9.87489 12.8356 9.18266 8.9849 8.46099 8.45385 7.31664 7.26724 7.01462 6.70262 6.65008 6.12059 5.30533 5.2927 5.20593 4.17148 3.13174
threshold=935.00000000000011 45.000000000000007 -0.20000000000000193 2.0999999999999992 1.0000000180025095e-35 905.00000000000011 1028.4500000000003 495.00000000000006 0.098319208025013746 5.6499999999999995 235.00000000000003 895.00000000000011 26.500000000000004 28.950000000000003 -0.86974577485258975 77.500000000000014 87.500000000000014 0.20000000000000198 14.65 -0.9292178835113839 79.500000000000014 1720.5000000000002 13.100000000000001 0.59999999999999887 1.0000000180025095e-35 22.500000000000004 1569.5000000000002 0.006666666666666733 1007.0500000000001 -0.10000000000000007
decision_type=2 2 2 2 2 2 2 2 2 2 2 2 2 2 2 2 2 2 2 2 2 2 2 2 2 2 2 2 2 2
left_child=2 4 5 10 20 11 7 13 23 -10 16 12 22 14 -4 24 29 -12 -5 -15 -2 27 -1 -9 -6 -18 -14 -20 -17 -3
right_child=1 3 6 18 15 -7 -8 8 9 -11 17 -13 26 19 -16 28 25 -19 21 -21 -22 -23 -24 -25 -26 -27 -28 -29 -30 -31
leaf_value=-0.00078199002770876355 -0.00027876487682303668 -0.00028650489218134083 0.0089170929399114435 -0.00028650489218134083 -0.0011346871369958904 -0.0002814862655687784 0.012773588989910116 -0.006793182096698428 -0.00012388636672616747 -0.00080020214175404304 -0.00028650489218134083 4.4514684408480276e-05 0.0015563621558550866 -0.0081951887685873578 0.0010857450522196632 0.0017734391275911106 -0.00028650489218134083 -0.00028650489218134083 -0.00028650489218134083 0.00056478380772655428 -0.00048107637569721914 -0.00028650489218134083 -0.00088973384219987242 -0.0004105226094086767 -0.00060169093284258876 6.4038726399798242e-06 -0.00096238208227036263 -0.00028650489218134083 -0.00036864975089815287 -0.00028650489218134083
leaf_weight=4493 1810 1054 3203 992 936 1986 554 3747 67805 4166 6566 582 2044 1014 23372 552 678 565 4747 1189 1002 86277 3590 8144 1119 552 1121 883 1038 769
leaf_count=4493 1810 1054 3203 992 936 1986 554 3747 67805 4166 6566 582 2044 1014 23372 552 678 565 4747 1189 1002 86277 3590 8144 1119 552 1121 883 1038 769
internal_value=-0.00337175 -0.00688969 -0.000337645 -0.00713899 -0.00290873 -0.00190838 -0.000145897 -0.00017205 -0.000394746 -0.000217894 -0.00568427 -0.00146171 -0.00167733 0.000476894 0.000636923 -0.00126885 -0.00411702 -0.00635392 -0.00729833 -0.00145238 -0.00503198 -0.00732815 -0.00223655 -0.00146494 -0.00259237 -0.00213068 -0.000248658 -0.0062935 0.000442839 -0.00545342
internal_weight=236550 109540 127010 103083 6457 13816 113194 112640 83862 71971 10184 11830 11248 28778 26575 3645 3053 7131 92899 2203 2812 91907 8083 11891 2055 1230 3165 5630 1590 1823
internal_count=236550 109540 127010 103083 6457 13816 113194 112640 83862 71971 10184 11830 11248 28778 26575 3645 3053 7131 92899 2203 2812 91907 8083 11891 2055 1230 3165 5630 1590 1823
is_linear=0
shrinkage=0.03


Tree=173
num_leaves=31
num_cat=0
split_feature=35 8 8 35 35 25 8 18 8 8 37 21 22 38 4 38 15 21 24 24 7 6 6 38 35 24 7 4 30 28
split_gain=2787.17 261.296 69.8395 37.295 21.0775 18.8806 16.72 16.1516 14.266 13.5545 13.1728 31.1892 18.8159 11.4816 25.5872 14.3845 10.6486 10.4799 10.3682 8.92456 8.46536 8.41221 17.5326 7.98321 7.25043 5.99469 7.41569 5.8811 5.78327 9.2126
threshold=935.00000000000011 0.4000000000000013 0.79999999999999816 905.00000000000011 895.00000000000011 1211.0000000000002 0.14999999999999861 0.59999999999999709 0.70000000000000029 1.8000000000000027 0.25000000000000017 16.500000000000004 23.500000000000004 0.97508442350096236 3.2999999999999998 0.99466373373798567 0.075277265270966828 26.500000000000004 -1.0000000180025095e-35 0.10000000000000055 1.9500000000000004 28.250000000000004 26.350000000000005 -0.15101209918632377 1325.0000000000002 -0.10000000000000052 1.5000000000000007 2.2000000000000002 11.500000000000002 29.500000000000004
decision_type=2 2 2 2 2 2 2 2 2 2 2 2 2 2 2 2 2 2 2 2 2 2 2 2 2 2 2 2 2 2
left_child=2 6 5 4 9 13 24 16 27 17 11 -9 -12 21 15 -15 20 -4 -18 -8 -7 22 -1 -23 25 -2 -27 -3 -21 -30
right_child=1 8 3 -5 -6 7 19 10 -10 -11 12 -13 -14 14 -16 -17 18 -19 -20 28 -22 23 -24 -25 -26 26 -28 -29 29 -31
leaf_value=0.00046916060171398266 -0.0017921516771676994 -0.00027790974541590062 -0.00069726784791208549 -0.00027741642411772326 5.7573713436859949e-05 -0.0038008740251267671 -0.00029935491012462166 0.021978115424433231 -0.00027790974541590062 -0.0016834077840897769 0.00098484015949657075 0.0010488824495363664 -0.0022634865788742696 0.014798864842644121 0.024180437192253001 -0.006348796733796771 -0.00050857538867878646 0.00048659203050931951 -0.00034629939465573089 -0.00017665440675171864 0.00055519858193311023 0.00068040553591183989 0.0076210418851199524 -0.0095175764863977864 -0.0012443606360841789 -0.00091263203052975941 0.0011558920112183994 -0.00027790974541590062 -0.00070438772950723967 3.0415551977509591e-05
leaf_weight=14415 952 1671 5318 2314 643 6826 1650 668 92447 2536 7280 21148 6669 705 511 681 9205 2378 37483 1321 802 1950 4417 1344 517 954 1819 5906 1879 564
leaf_count=14415 952 1671 5318 2314 643 6826 1650 668 92447 2536 7280 21148 6669 705 511 681 9205 2378 37483 1321 802 1950 4417 1344 517 954 1819 5906 1879 564
internal_value=-0.00335785 -0.00686284 -0.000337778 -0.00240448 -0.00166797 -9.88555e-05 -0.00214951 -0.000298142 -0.0073178 -0.00199922 0.000196899 0.000657255 -0.000523081 0.000648387 0.00288705 0.000767291 -0.000624103 -0.00137178 -0.000454273 -0.00325425 -0.00166317 0.000456209 0.00070086 -0.000942051 -0.00073869 -0.000275691 0.00042973 -0.00606116 -0.00244557 -0.00330982
internal_weight=236973 109680 127293 13189 10875 114104 9656 90081 100024 10232 35765 21816 13949 24023 1897 1386 54316 7696 46688 5414 7628 22126 18832 3294 4242 3725 2773 7577 3764 2443
internal_count=236973 109680 127293 13189 10875 114104 9656 90081 100024 10232 35765 21816 13949 24023 1897 1386 54316 7696 46688 5414 7628 22126 18832 3294 4242 3725 2773 7577 3764 2443
is_linear=0
shrinkage=0.03


Tree=174
num_leaves=31
num_cat=0
split_feature=35 8 8 25 25 39 8 3 33 31 39 4 23 37 5 44 38 6 36 6 39 8 8 4 24 39 8 35 25 31
split_gain=2782.69 252.433 64.6325 39.8424 21.6214 30.3456 20.8232 19.5074 17.001 16.1133 29.8522 14.8239 14.7873 15.2046 32.5118 13.8505 13.7902 12.3517 11.9594 14.2911 11.5579 11.3904 10.4117 10.1882 8.7532 8.23261 8.10895 7.41769 7.20807 6.64929
threshold=935.00000000000011 0.49999999999999739 0.79999999999999816 1650.5000000000002 1629.5000000000002 0.47369649395226454 0.14999999999999861 23.550000000000004 0.21052631578947525 14.14835164835165 -0.70289845916694649 8.1500000000000004 3.5000000000000004 0.93301270189221952 22.550000000000004 22.000000000000004 -0.17647087149565668 26.150000000000002 -0.24999999999999994 27.850000000000005 -0.95242240592625282 0.70000000000000029 1.2999999999999983 2.2500000000000004 1.9500000000000004 0.097680735332368748 2.649999999999999 1325.0000000000002 1949.5000000000002 17.379807692307697
decision_type=2 2 2 2 2 2 2 2 2 2 2 2 2 2 2 2 2 2 2 2 2 2 2 2 2 2 2 2 2 2
left_child=2 6 8 4 7 -6 27 22 12 10 20 -12 15 14 -14 17 -15 -1 25 -20 -10 -3 -4 28 -25 -11 -9 29 -8 -2
right_child=1 21 3 -5 5 -7 23 26 9 18 11 -13 13 16 -16 -17 -18 -19 19 -21 -22 -23 -24 24 -26 -27 -28 -29 -30 -31
leaf_value=-0.00092350504819028729 -0.0011489992288508104 -0.00026957245305342359 -0.0010186985563612268 -0.00026996490039392335 -5.7436615113163337e-05 0.00016611460098321112 0.00040720728950605648 -0.00064892486218352319 -9.531401229095237e-05 0.0010720784427506443 -0.00031965272320518451 -0.0027689394906968592 0.0044475777587885011 -0.0023715516626382997 0.00010479338904998636 -0.010927613973054473 0.0018684996363864748 0.0055918756239088999 -0.0014442562522897588 -0.0068003265890675966 0.0066043316839516529 -0.00026957245305342359 -0.0020783188049791112 -0.00028010548766985757 -0.00021988394007201696 -0.0011089867051164769 -0.0024747057152560356 -0.0012195457290001394 -0.00046824084628180611 0.0004949827016548908
leaf_weight=11235 1836 6712 2506 2231 1274 518 860 4239 1931 6275 13173 1890 14184 3455 29061 721 1759 1539 16796 2461 4216 92454 1889 4033 560 5117 515 525 681 1947
leaf_count=11235 1836 6712 2506 2231 1274 518 860 4239 1931 6275 13173 1890 14184 3455 29061 721 1759 1539 16796 2461 4216 92454 1889 4033 560 5117 515 525 681 1947
internal_value=-0.00336984 -0.00687173 -0.000347102 -0.00233642 -0.00159074 0.0014214 -0.00243441 -0.00218091 -0.000116834 -0.000517585 0.000118094 -0.000600896 0.000218623 0.000463208 0.000647733 -0.000659591 -0.00106691 -0.000430886 -0.000957473 -0.00141324 0.00187957 -0.00733891 -0.00362122 -0.00355688 -0.00426496 -0.00018694 -0.000848402 -0.000835267 -0.00144362 -0.000370542
internal_weight=236593 109608 126985 13172 10941 1792 10442 9149 113813 51859 21210 15063 61954 48459 43245 13495 5214 12774 30649 19257 6147 99166 4395 6134 4593 11392 4754 4308 1541 3783
internal_count=236593 109608 126985 13172 10941 1792 10442 9149 113813 51859 21210 15063 61954 48459 43245 13495 5214 12774 30649 19257 6147 99166 4395 6134 4593 11392 4754 4308 1541 3783
is_linear=0
shrinkage=0.03


Tree=175
num_leaves=31
num_cat=0
split_feature=35 8 8 25 35 39 22 25 16 8 8 8 7 39 22 27 27 0 39 2 35 7 8 4 0 28 6 39 4 31
split_gain=2801.83 260.046 62.9328 38.5136 21.2802 36.347 18.603 16.5081 18.083 14.6043 14.2234 13.1675 12.5138 12.4351 22.2701 17.0711 10.8979 9.22975 11.0874 9.20637 8.75629 7.89159 7.88208 7.30055 9.78747 9.67147 6.92553 12.1624 6.75217 6.38952
threshold=935.00000000000011 0.4000000000000013 0.79999999999999816 1650.5000000000002 875.00000000000011 0.50370931781787065 27.500000000000004 1240.5000000000002 -2.4999999999999996 2.9999999999999978 0.70000000000000029 0.14999999999999861 0.70000000000000029 -0.70289845916694649 23.500000000000004 13.708333333333334 16.183333333333337 28.950000000000003 0.53312596302726967 1014.2500000000001 1325.0000000000002 4.4500000000000002 1.2999999999999983 2.2999999999999985 18.650000000000002 25.500000000000004 22.450000000000003 0.63089349388778826 2.2000000000000002 16.839743589743595
decision_type=2 2 2 2 2 2 2 2 2 2 2 2 2 2 2 2 2 2 2 2 2 2 2 2 2 2 2 2 2 2
left_child=2 11 7 4 6 -6 22 16 13 -8 28 20 19 15 -15 -9 17 18 -1 -10 29 -14 -4 25 -25 -13 27 -18 -3 -2
right_child=1 10 3 -5 5 -7 9 8 12 -11 -12 23 21 14 -16 -17 26 -19 -20 -21 -22 -23 -24 24 -26 -27 -28 -29 -30 -31
leaf_value=0.0046052501961971054 -0.0011580859568272059 -0.00026148527946182087 -0.0011115126631658461 -0.00026186595338210564 -5.8806520498650622e-05 0.00018284819992178865 -0.0012981147743980209 0.0059753421504599724 -0.0095568407822196767 -0.0027613442540477743 -0.00026148527946182087 -0.00081601104880123395 -0.00027169844517490791 0.0021326289656722628 -0.001328809098323132 -0.00064997616132188686 0.018376654231692276 -0.003727497343750945 4.61693771296634e-05 -0.0027265185567042758 -0.0012362825549091941 -0.00053661849811099526 -0.0019867789953412242 -0.00021348306379801157 -0.00031561003450245121 0.0013525611864711085 -0.0067211237012258203 -0.0039770602302314773 -0.00026148527946182087 0.00045288889634018115
leaf_weight=15772 1727 1623 2074 2206 1391 547 4930 5006 2884 503 92461 855 33976 8847 16212 3586 869 2118 8691 5113 520 8230 1499 697 3241 519 1920 1109 5896 2017
leaf_count=15772 1727 1623 2074 2206 1391 547 4930 5006 2884 503 92461 855 33976 8847 16212 3586 869 2118 8691 5113 520 8230 1499 697 3241 519 1920 1109 5896 2017
internal_value=-0.00334736 -0.00686568 -0.000323744 -0.00228901 -0.00155947 0.00129124 -0.00217307 -9.76735e-05 -0.000315004 -0.0010667 -0.00731802 -0.00214241 -0.00067568 0.000223086 -0.00011462 0.00120782 0.00050023 0.00071747 0.000881974 -0.00176366 -0.000900141 -0.000469461 -0.00385385 -0.00313888 -0.00379569 -0.00125363 -0.000980769 0.000265152 -0.00605804 -0.000392419
internal_weight=237039 109556 127483 13150 10944 1938 9006 114333 83854 5433 99980 9576 50203 33651 25059 8592 30479 26581 24463 7997 4264 42206 3573 5312 3938 1374 3898 1978 7519 3744
internal_count=237039 109556 127483 13150 10944 1938 9006 114333 83854 5433 99980 9576 50203 33651 25059 8592 30479 26581 24463 7997 4264 42206 3573 5312 3938 1374 3898 1978 7519 3744
is_linear=0
shrinkage=0.03


Tree=176
num_leaves=31
num_cat=0
split_feature=25 8 8 25 25 25 37 3 5 15 7 32 8 37 27 8 8 38 6 7 8 25 29 4 15 29 25 4 3 37
split_gain=2795.02 259.548 65.7156 39.8567 17.6486 15.9028 24.2846 18.6031 15.7308 15.7045 15.71 15.6215 14.1299 11.0525 10.6312 10.0598 9.76561 8.95961 16.534 8.05929 8.00662 7.88907 7.86956 7.25772 7.14501 6.94834 6.33227 5.25048 5.17507 3.32561
threshold=1680.5000000000002 0.4000000000000013 0.79999999999999816 1650.5000000000002 1211.0000000000002 1620.5000000000002 0.25000000000000017 23.350000000000005 15.550000000000002 0.098319208025013746 4.9000000000000004 50.500000000000007 0.70000000000000029 0.93301270189221952 16.366666666666671 1.2500000000000002 0.19999999999999754 0.96465729447553372 22.350000000000005 1.7999999999999983 2.699999999999998 2028.5000000000002 15.900000000000002 2.2000000000000002 0.04082482904637881 1.2250000000000003 1890.5000000000002 2.2999999999999985 8.2500000000000018 0.25000000000000017
decision_type=2 2 2 2 2 2 2 2 2 2 2 2 2 2 2 2 2 2 2 2 2 2 2 2 2 2 2 2 2 2
left_child=2 8 4 5 14 7 -7 15 -2 19 13 16 23 -11 17 -4 21 25 -19 24 -9 -10 -12 26 -6 -1 -3 -18 -16 -30
right_child=1 12 3 -5 9 6 -8 20 11 10 22 -13 -14 -15 28 -17 27 18 -20 -21 -22 -23 -24 -25 -26 -27 -28 -29 29 -31
leaf_value=0.0090542389737585435 0.0027612572368346769 -0.00025364072107796629 -0.00099172861314724683 -0.00025277873579698063 -0.010448677610803592 -7.0434975251675746e-05 0.00012540416834088487 -0.00059624509880855283 -0.00069284449594227636 0.00026707662826312538 -0.00046708360448138007 0.0017160318333108951 -0.00025364072107796629 -0.0011593979043719015 0.0045993342245368996 -0.0019807257735961711 -0.00061528683974498583 0.012565680418151056 -0.0041674187930631152 0.00012205462595311057 -0.0023046006146782015 -0.0014184005361412364 -0.001663080487651167 -0.00025364072107796629 -0.0026112384089126638 0.001369834370861741 -0.00025364072107796629 -0.00031738531869308456 -0.0029571862687389136 -0.0064292057596090618
leaf_weight=738 514 732 2478 2327 910 1258 658 4271 3082 61513 7353 581 92322 6098 510 1830 1142 1201 720 2619 515 670 1473 5812 10225 18462 907 3610 1461 970
leaf_count=738 514 732 2478 2327 910 1258 658 4271 3082 61513 7353 581 92322 6098 510 1830 1142 1201 720 2619 515 670 1473 5812 10225 18462 907 3610 1461 970
internal_value=-0.00335462 -0.00687366 -0.000337991 -0.00233057 -0.000105356 -0.00157601 0.000907195 -0.00209927 -0.00216149 -0.000297944 -0.000130006 -0.00245048 -0.00732696 2.54019e-05 0.000616481 -0.003529 -0.00277569 0.000851797 0.00280421 -0.0012311 -0.000811404 -0.00163026 -0.00132023 -0.00606501 -0.00158324 0.000656182 -0.00429159 -0.00367901 -0.00107288 -0.0016492
internal_weight=236962 109372 127590 13337 114253 11010 1916 9094 9599 90191 76437 9085 99773 67611 24062 4308 8504 21121 1921 13754 4786 3752 8826 7451 11135 19200 1639 4752 2941 2431
internal_count=236962 109372 127590 13337 114253 11010 1916 9094 9599 90191 76437 9085 99773 67611 24062 4308 8504 21121 1921 13754 4786 3752 8826 7451 11135 19200 1639 4752 2941 2431
is_linear=0
shrinkage=0.03


Tree=177
num_leaves=31
num_cat=0
split_feature=25 9 12 7 9 25 15 24 11 7 9 1 27 1 11 37 6 1 5 31 25 25 1 25 38 38 1 27 25 6
split_gain=2787.29 131.878 38.8887 28.321 23.4159 17.548 19.0069 16.6763 13.4366 13.4114 13.18 11.5396 10.3992 9.9759 9.31882 8.89988 12.7498 8.74941 8.24771 9.1926 7.66679 7.44026 7.21287 7.65043 7.09267 6.99292 7.79141 7.9873 6.76459 6.66636
threshold=1680.5000000000002 45.000000000000007 -0.006666666666666583 2.0999999999999992 1.0000000180025095e-35 1220.5000000000002 0.098319208025013746 0.89999999999999958 0.25000000000000006 4.6999999999999984 225.00000000000003 81.500000000000014 16.183333333333337 48.500000000000007 -0.40000000000000385 0.6830127018922193 28.250000000000004 87.500000000000014 14.65 22.630681818181824 1650.5000000000002 1620.5000000000002 76.500000000000014 1619.5000000000002 -0.69057362043749781 -0.96235977360714686 83.500000000000014 15.366666666666669 1720.5000000000002 17.550000000000004
decision_type=2 2 2 2 2 2 2 2 2 2 2 2 2 2 2 2 2 2 2 2 2 2 2 2 2 2 2 2 2 2
left_child=2 4 7 8 29 12 22 14 10 13 17 -6 15 -8 20 16 -4 -3 19 -5 21 -1 -7 -24 -17 -9 27 -27 -20 -2
right_child=1 3 5 18 11 6 9 25 -10 -11 -12 -13 -14 -15 -16 24 -18 -19 28 -21 -22 -23 23 -25 -26 26 -28 -29 -30 -31
leaf_value=-0.0011354107302156006 0.0022021668397327115 -0.00024603149944562729 0.0048093538025845463 -0.00024603149944562729 -0.00029100312139112645 -0.00015753480594557078 0.0027287800396181869 0.0066350165116088019 -0.00024603149944562729 -0.00037695616434780404 -0.00024603149944562729 -0.00029275630714139362 -0.002765676456714159 -5.6225883046440506e-05 -0.00025881977941986944 -0.0038648119715667304 -0.0014895243474027265 -0.00024603149944562729 -0.00024603149944562729 -0.00024603149944562729 -0.00024491356376905285 -2.6666767571526541e-06 -0.0044905965984498508 0.00015359867776958478 0.0003764482956007864 0.0021433933977601017 -0.0017462480039229958 -0.00064263549264195004 -0.00024603149944562729 -0.00098052424436378006
leaf_weight=2396 688 1733 13095 512 3028 4109 2226 503 558 10001 6778 990 3017 59582 6117 842 3115 1134 5279 501 765 648 8503 1003 4251 2425 3418 1516 86214 1777
leaf_count=2396 688 1733 13095 512 3028 4109 2226 503 558 10001 6778 990 3017 59582 6117 842 3115 1134 5279 501 765 648 8503 1003 4251 2425 3418 1516 86214 1777
internal_value=-0.00335185 -0.00686988 -0.000339674 -0.00713183 -0.00271897 -0.000128752 -0.000331164 -0.00164081 -0.00562886 -0.000136295 -0.00589069 -0.0041306 0.000582189 2.86361e-05 -0.0024582 0.000815654 0.00115933 -0.00418003 -0.00729748 -0.00458867 -0.00362306 -0.00294485 -0.00135878 -0.00181268 -0.000278214 -0.000608469 -0.000842616 6.65737e-05 -0.00732737 -0.000416498
internal_weight=236724 109192 127532 102709 6483 109744 85424 17788 10203 71809 9645 4018 24320 61808 9926 21303 16210 2867 92506 1013 3809 3044 13615 9506 5093 7862 7359 3941 91493 2465
internal_count=236724 109192 127532 102709 6483 109744 85424 17788 10203 71809 9645 4018 24320 61808 9926 21303 16210 2867 92506 1013 3809 3044 13615 9506 5093 7862 7359 3941 91493 2465
is_linear=0
shrinkage=0.03


Tree=178
num_leaves=31
num_cat=0
split_feature=35 8 8 35 35 0 29 22 38 8 6 38 39 39 6 38 38 8 2 3 27 8 35 38 24 31 30 28 38 4
split_gain=2781.1 263.247 63.0875 34.1283 20.8276 28.9865 17.1019 28.2684 19.4135 16.5642 15.7976 29.558 39.267 26.6882 37.4052 33.329 19.6771 15.1436 14.7609 13.3706 12.4009 9.63608 8.7058 7.86291 6.88948 6.10082 6.06558 8.81772 6.43967 5.91273
threshold=935.00000000000011 0.4000000000000013 0.79999999999999816 905.00000000000011 885.00000000000011 26.150000000000002 15.225000000000001 29.500000000000004 -0.99467753128998015 0.14999999999999861 28.250000000000004 -0.11692013674435776 -0.85225707553516283 -0.71502926860092908 24.050000000000004 0.10837544681456425 0.42179998225932674 0.70000000000000029 1025.0500000000002 23.350000000000005 20.550000000000004 2.8000000000000003 1325.0000000000002 0.98522604642031408 0.10000000000000055 17.379807692307697 11.500000000000002 29.500000000000004 0.24372619187392155 2.2000000000000002
decision_type=2 2 2 2 2 2 2 2 2 2 2 2 2 2 2 2 2 2 2 2 2 2 2 2 2 2 2 2 2 2
left_child=2 9 6 4 19 -6 10 18 -9 22 13 12 -12 15 -15 -1 -13 29 23 -4 -10 -21 25 -8 -11 -2 28 -28 -26 -3
right_child=1 17 3 -5 5 -7 7 8 20 24 11 16 -14 14 -16 -17 -18 -19 -20 21 -22 -23 -24 -25 26 -27 27 -29 -30 -31
leaf_value=0.00746377300841754 -0.0010675440520063187 -0.00023865055446225844 -0.00098161563804017508 -0.00023664907160445708 0.00013266073658258016 -0.00010351997900390814 -0.0018423073403710435 0.0075976770933608778 0.0020672750931587671 -0.00023102472125310341 0.0047068386522020923 -0.0092855822942936664 -0.0029228033224276396 0.00064462488212210236 -0.0021129023395399576 0.00037032717328509352 -0.00019488766914427136 -0.00023865055446225844 0.0060362724402533915 -0.00086116313563645624 -0.0026871406080700385 -0.001997870011899671 -0.0011086958150113852 0.00049821513302317764 -0.00029658777191007981 0.00047988631958297635 -0.00064527613786521726 -3.7790021437036915e-05 0.00044129358711667189 -0.00023865055446225844
leaf_weight=5843 1868 1666 4512 2309 603 678 16004 820 3090 1631 3794 3156 3794 47575 17866 7427 1566 92542 505 4556 1098 508 517 1745 710 1956 1873 545 587 5897
leaf_count=5843 1868 1666 4512 2309 603 678 16004 820 3090 1631 3794 3156 3794 47575 17866 7427 1566 92542 505 4556 1098 508 517 1745 710 1956 1873 545 587 5897
internal_value=-0.00336203 -0.00686158 -0.000347251 -0.00231356 -0.00160857 0.00198168 -0.000120685 -0.000846587 0.0011497 -0.00213877 6.48462e-05 -0.000934454 0.000225296 0.000221152 -2.76195e-05 0.00144778 -0.00279742 -0.00731854 -0.00139434 -0.00208916 0.000322196 -0.0010304 -0.00076157 -0.00153836 -0.00325636 -0.000266597 -0.00254036 -0.00342769 -0.000883372 -0.0060228
internal_weight=237241 109792 127449 13166 10857 1281 114283 23262 5008 9687 91021 12310 7588 78711 65441 13270 4722 100105 18254 9576 4188 5064 4341 17749 5346 3824 3715 2418 1297 7563
internal_count=237241 109792 127449 13166 10857 1281 114283 23262 5008 9687 91021 12310 7588 78711 65441 13270 4722 100105 18254 9576 4188 5064 4341 17749 5346 3824 3715 2418 1297 7563
is_linear=0
shrinkage=0.03


Tree=179
num_leaves=31
num_cat=0
split_feature=35 9 11 11 35 32 38 9 11 10 25 35 0 21 4 9 38 6 23 4 21 1 4 32 1 4 25 39 38 4
split_gain=2771.27 135.664 30.7098 26.9865 19.028 15.8895 25.5374 13.3596 18.3405 12.8542 12.3929 10.9683 17.3983 12.6346 9.7701 9.50521 9.36752 19.7737 15.1696 9.29956 9.2863 9.28151 8.82694 8.81955 8.58026 8.0841 7.98801 7.86498 7.71357 7.46743
threshold=935.00000000000011 45.000000000000007 -0.40000000000000119 1.0000000180025095e-35 525.00000000000011 14.500000000000002 -0.90163369914317015 115.00000000000001 -0.14999999999999855 0.19999999999999976 1650.5000000000002 875.00000000000011 27.850000000000005 25.500000000000004 2.2000000000000002 295.00000000000006 0.96465729447553372 22.350000000000005 4.5000000000000009 4.2500000000000009 27.500000000000004 95.500000000000014 3.5000000000000009 43.500000000000007 86.500000000000014 4.4500000000000002 1449.5000000000002 0.53312596302726967 0.10837544681456425 2.9000000000000017
decision_type=2 2 2 2 2 2 2 2 2 2 2 2 2 2 2 2 2 2 2 2 2 2 2 2 2 2 2 2 2 2
left_child=2 3 10 22 16 6 -6 8 29 25 11 13 -13 -1 15 23 21 18 -18 -5 -8 27 -2 -9 -19 -7 -15 -4 -23 -3
right_child=1 7 4 19 5 9 20 14 -10 -11 -12 12 -14 26 -16 -17 17 24 -20 -21 -22 28 -24 -25 -26 -27 -28 -29 -30 -31
leaf_value=-0.0010816448288022305 -0.00039560888855138252 -0.00023149103782839071 0.0021222109751047524 0.00048379957158428141 -0.0047991059707963362 -0.0010317996689894508 0.0012995743959286672 -0.00023149103782839071 -0.00023149103782839071 -0.0002777874130540933 -0.00022583697182648396 9.5721022841160984e-05 -0.00021054417479718956 0.0031966279854134783 -0.00023149103782839071 -0.00023149103782839071 0.0053389788992846531 -0.018073180068667857 0.014840360833461288 -0.00051943573926430196 0.0070503005518694544 0.0023792475316135775 -0.00022263407427247072 -0.00023149103782839071 0.0053395743093914618 -0.00022206247196258406 -0.00228526769902718 -0.00066708832700786754 -0.017198217953270936 -0.00023149103782839071
leaf_weight=3395 935 838 19637 1682 1521 18150 5264 3120 2181 36586 1225 700 550 1116 78548 11684 1156 537 1045 2016 1948 655 1900 585 609 18767 1763 11658 1007 6131
leaf_count=3395 935 838 19637 1682 1521 18150 5264 3120 2181 36586 1225 700 550 1116 78548 11684 1156 537 1045 2016 1948 655 1900 585 609 18767 1763 11658 1007 6131
internal_value=-0.00334698 -0.00684333 -0.000335904 -0.00264996 -0.000209293 -0.00046183 0.000747853 -0.00710903 -0.00601016 -0.000605571 -0.00205091 -0.00159447 0.000970447 -0.00210564 -0.00721593 -0.00652053 0.00036275 0.00187444 0.00353722 -0.000960811 0.00149293 0.000209123 -0.00485108 -0.00518951 -0.00131969 -0.0010005 -0.000643006 0.000325191 -0.00197416 -0.00676194
internal_weight=236909 109620 127289 6533 118540 82236 8733 103087 9150 73503 8749 7524 1250 6274 93937 15389 36304 3347 2201 3698 7212 32957 2835 3705 1146 36917 2879 31295 1662 6969
internal_count=236909 109620 127289 6533 118540 82236 8733 103087 9150 73503 8749 7524 1250 6274 93937 15389 36304 3347 2201 3698 7212 32957 2835 3705 1146 36917 2879 31295 1662 6969
is_linear=0
shrinkage=0.03


Tree=180
num_leaves=31
num_cat=0
split_feature=8 42 8 40 19 42 7 24 1 37 2 29 24 8 1 19 8 9 1 24 3 19 32 1 39 39 39 27 7 32
split_gain=2478.68 163.519 81.843 79.7054 62.0529 27.8221 18.8784 17.6537 16.7388 16.5686 34.1797 22.8639 14.9776 12.1881 12.0192 11.7151 11.0524 10.8244 9.19471 8.64851 7.9306 9.59629 7.80702 11.5609 7.35246 5.94482 5.91885 5.41359 4.14929 4.5167
threshold=0.64999999999999869 1.0000000180025095e-35 0.2999999999999981 1.0000000180025095e-35 -0.300000000000125 1.0000000180025095e-35 4.6999999999999984 0.10000000000000055 50.500000000000007 0.25000000000000017 1013.7500000000001 8.1000000000000014 0.60000000000000064 1.099999999999999 33.500000000000007 -0.30000000000001131 0.4000000000000013 55.000000000000007 90.500000000000014 1.7999999999999992 7.8500000000000005 -0.4999999999999431 49.500000000000007 82.500000000000014 0.42763731121559989 -0.83375966452616657 0.47369649395226454 15.550000000000002 6.4000000000000004 15.500000000000002
decision_type=2 2 2 2 2 2 2 2 2 2 2 2 2 2 2 2 2 2 2 2 2 2 2 2 2 2 2 2 2 2
left_child=2 3 6 4 13 7 8 15 14 10 -10 -11 -5 19 -1 -4 -7 25 -19 -2 27 -22 23 -14 -16 -6 -15 -9 29 -8
right_child=1 -3 5 12 17 16 28 20 9 11 -12 -13 22 26 24 -17 -18 18 -20 -21 21 -23 -24 -25 -26 -27 -28 -29 -30 -31
leaf_value=-0.0026288481021964748 -0.00022454630669353897 -0.00022454630669353897 -0.00022454630669353897 -0.011277122996081631 -0.00021595505204429662 -0.00018263104561118716 0.00046399578682303569 0.0049504955326515531 -0.00027885737767165684 0.0012532895431862339 0.0044092196969021547 -0.0014852973544133563 0.0097544768168815101 -0.00022454630669353897 0.0073202787545051584 -0.00022454630669353897 -0.00022454630669353897 -0.00022454630669353897 -0.00022454630669353897 0.0011315907839717543 -9.7405540527412129e-05 -0.00022650383138917926 -0.013027685438215747 -0.002111037183558811 0.002498729708712739 -0.00022454630669353897 -0.00022372943054972718 -0.00044620524323607839 -0.0025687819451457429 -0.0013525426910461576
leaf_weight=528 5557 73193 4609 670 550 1162 1205 502 40324 10728 11855 26254 622 5169 840 2293 2114 17315 1785 536 4735 9346 506 2232 1981 1105 1203 513 1290 6510
leaf_count=528 5557 73193 4609 670 550 1162 1205 502 40324 10728 11855 26254 622 5169 840 2293 2114 17315 1785 536 4735 9346 506 2232 1981 1105 1203 513 1290 6510
internal_value=-0.00334101 -0.00662658 -0.000478957 -0.00500792 -0.00549124 -0.00200645 -9.86288e-05 -0.00162205 2.90233e-05 -4.92076e-05 0.000295079 -0.000534961 -0.00102307 -0.00381708 0.00211056 -0.00287877 -0.00458511 -0.00649624 -0.00669825 -0.00285603 -0.00104716 -0.0012318 -0.000205235 0.000404412 0.00288789 -0.00415963 -0.00473486 0.0015118 -0.00140974 -0.00114585
internal_weight=237232 110443 126789 37250 33220 25274 101515 21998 92510 89161 52179 36982 4030 12465 3349 6902 3276 20755 19100 6093 15096 14081 3360 2854 2821 1655 6372 1015 9005 7715
internal_count=237232 110443 126789 37250 33220 25274 101515 21998 92510 89161 52179 36982 4030 12465 3349 6902 3276 20755 19100 6093 15096 14081 3360 2854 2821 1655 6372 1015 9005 7715
is_linear=0
shrinkage=0.03


Tree=181
num_leaves=31
num_cat=0
split_feature=35 8 8 25 25 37 3 11 8 7 44 44 31 8 24 8 33 6 28 4 37 6 1 25 30 6 4 37 9 6
split_gain=2821.6 257.027 53.8433 39.6143 23.3781 30.4891 16.4772 13.9073 13.891 13.8836 14.5519 34.6939 13.8665 8.96435 8.078 7.66468 7.59167 7.12008 6.81369 6.51888 6.02764 7.23054 5.84176 5.6572 5.60313 3.94299 3.88782 3.60074 2.74779 2.24572
threshold=935.00000000000011 0.4000000000000013 0.79999999999999816 1650.5000000000002 1620.5000000000002 0.25000000000000017 23.350000000000005 0.19999999999999754 0.70000000000000029 4.6999999999999984 11899.500000000002 5940.0000000000009 16.148351648351653 1.2500000000000002 -0.65000000000000024 2.649999999999999 1.5714285714285701 14.750000000000002 30.500000000000004 2.0999999999999992 0.93301270189221952 19.050000000000004 89.500000000000014 1849.5000000000002 10.500000000000002 17.650000000000002 7.7500000000000009 -0.68301270189221952 115.00000000000001 15.350000000000003
decision_type=2 2 2 2 2 2 2 2 2 2 2 2 2 2 2 2 2 2 2 2 2 2 2 2 2 2 2 2 2 2
left_child=2 7 9 4 6 28 13 14 19 10 11 12 -1 -4 -2 -8 20 -16 -19 23 21 -11 24 -3 -9 -26 -18 -5 -6 -21
right_child=1 8 3 27 5 -7 15 22 -10 16 -12 -13 -14 -15 17 -17 26 18 -20 29 -22 -23 -24 -25 25 -27 -28 -29 -30 -31
leaf_value=0.00076724366573602872 -0.00028574483315635217 -0.00021780991749273282 -0.00083611491697282894 -0.00021699565101465887 -0.00014081124152537329 0.00013764240295137639 -0.00062134760286203315 0.00075061870296653426 -0.00021780991749273282 0.00093585602200537972 -0.0087215740049464627 0.016767578611628236 -0.0004992901212620617 -0.0018005694432609734 0.00072536191379362778 -0.002140267354356924 -0.00082266135241096871 -0.00046585376183781182 5.3750824791988362e-05 -0.00021780991749273282 -0.001173747525391678 -0.00045663573732832724 0.0017907100661487243 -0.00021780991749273282 0.00011049334429040219 -0.00087023332665479641 -0.0021650178143799406 -0.0002132485960801709 2.4701740809871031e-05 -0.00021780991749273282
leaf_weight=49349 839 560 2435 611 634 622 4332 845 92707 2075 856 584 51985 1823 529 537 1349 4157 530 590 817 5433 605 1003 542 1610 1538 1601 579 5468
leaf_count=49349 839 560 2435 611 634 622 4332 845 92707 2075 856 584 51985 1823 529 537 1349 4157 530 590 817 5433 605 1003 542 1610 1538 1601 579 5468
internal_value=-0.00335314 -0.0068717 -0.000309762 -0.00212546 -0.0013859 0.0017025 -0.00200707 -0.00219666 -0.00732164 -9.98789e-05 9.48665e-06 4.2239e-05 1.48022e-07 -0.00336972 -0.00307454 -0.000814514 -0.00110219 -0.00263319 -0.00300544 -0.0060852 -0.000642188 -0.000375499 -0.000720033 -0.00434665 -0.00126292 -0.00207521 -0.00242731 -0.00578591 -0.0010679 -0.00653218
internal_weight=237145 109985 127160 13174 10962 1835 9127 9657 100328 113986 102774 101918 101334 4258 6055 4869 11212 5216 4687 7621 8325 7508 3602 1563 2997 2152 2887 2212 1213 6058
internal_count=237145 109985 127160 13174 10962 1835 9127 9657 100328 113986 102774 101918 101334 4258 6055 4869 11212 5216 4687 7621 8325 7508 3602 1563 2997 2152 2887 2212 1213 6058
is_linear=0
shrinkage=0.03


Tree=182
num_leaves=31
num_cat=0
split_feature=35 8 8 25 35 8 5 11 37 6 5 23 38 39 38 0 38 38 6 38 1 21 8 1 28 4 20 27 8 25
split_gain=2782.61 269.556 56.5156 41.6032 22.4642 15.8599 15.0438 12.1441 12.0389 18.6882 15.7942 36.208 31.6995 21.0296 37.0364 13.3468 12.5998 19.9585 11.9032 10.982 12.0523 10.0864 9.49024 9.26805 7.40997 6.96374 6.37637 5.87913 3.80065 2.92022
threshold=935.00000000000011 0.4000000000000013 0.79999999999999816 1650.5000000000002 895.00000000000011 0.70000000000000029 15.550000000000002 0.19999999999999754 0.93301270189221952 11.450000000000001 22.550000000000004 3.5000000000000004 0.97508442350096236 -0.41399101439218416 -0.11692013674435776 32.250000000000007 -0.17647087149565668 -0.14250824554987665 21.650000000000002 0.58481550752069722 78.500000000000014 18.500000000000004 2.9999999999999978 88.500000000000014 31.500000000000004 2.2000000000000002 -0.09999999999996588 11.91666666666667 0.19999999999999754 1708.5000000000002
decision_type=2 2 2 2 2 2 2 2 2 2 2 2 2 2 2 2 2 2 2 2 2 2 2 2 2 2 2 2 2 2
left_child=2 6 8 4 19 25 -2 24 10 -10 11 21 -13 14 -12 -15 18 -18 -11 22 -21 -1 -4 27 28 26 -3 -9 -8 -27
right_child=1 5 3 -5 -6 -7 7 23 9 16 13 12 -14 15 -16 -17 17 -19 -20 20 -22 -23 -24 -25 -26 29 -28 -29 -30 -31
leaf_value=-0.0019108710463575775 0.0026847822032632818 -0.00021127561996795084 -0.00026728928920242805 -0.00020839167609937754 5.7688046127325505e-05 -0.00021127561996795084 -0.0010848426464398172 -7.995156672637974e-05 0.0059280247483143979 -0.0027384620534284098 0.0027641731674795684 0.0016519661398618028 0.013276114260569663 -0.00079177988587128209 -0.001184526597823983 -0.0025354614348225748 0.0097822014078441551 -0.00070118574961419234 0.0015317378454388104 -0.00023204549687546827 -0.0029343026519723326 0.001500661233664644 -0.001759752888846794 0.0020441682509243645 6.5759841792138171e-05 -0.00021127561996795084 -0.00021127561996795084 -0.00086234670300842453 -0.00026509415980991395 -0.00021127561996795084
leaf_weight=7193 534 507 6455 2250 746 92459 1731 1135 513 5664 16698 20008 2678 32105 21892 796 608 2964 516 1130 1980 2603 595 660 546 911 1171 1578 3456 5049
leaf_count=7193 534 507 6455 2250 746 92459 1731 1135 513 5664 16698 20008 2678 32105 21892 796 608 2964 516 1130 1980 2603 595 660 546 911 1171 1578 3456 5049
internal_value=-0.00334999 -0.00685142 -0.000333802 -0.00219562 -0.00142877 -0.00731284 -0.00205974 -0.00234684 -0.000119354 -0.0010994 -2.25775e-05 0.000525951 0.00118411 -0.00027181 0.00020328 -0.000829028 -0.00139327 2.51819e-05 -0.00221288 -0.00179787 -0.00328246 -0.000998163 -0.00114223 -0.000917778 -0.00318701 -0.00599411 -0.00427679 -0.00169337 -0.00353681 -0.00647601
internal_weight=237131 109737 127394 13156 10906 100097 9640 9106 114238 10265 103973 32482 22686 71491 38590 32901 9752 3572 6180 10160 3110 9796 7050 3373 5733 7638 1678 2713 5187 5960
internal_count=237131 109737 127394 13156 10906 100097 9640 9106 114238 10265 103973 32482 22686 71491 38590 32901 9752 3572 6180 10160 3110 9796 7050 3373 5733 7638 1678 2713 5187 5960
is_linear=0
shrinkage=0.03


Tree=183
num_leaves=31
num_cat=0
split_feature=25 8 8 25 25 39 8 8 2 33 31 39 44 44 0 25 8 0 6 28 0 30 2 25 32 1 25 39 37 5
split_gain=2802.17 287.17 58.1671 42.1077 23.132 30.5888 14.0483 13.9757 13.5493 13.2457 16.1548 27.1534 13.0605 23.1231 13.0003 9.30706 7.89807 7.50634 7.30689 7.03781 8.41412 6.02685 6.30809 8.22462 6.05059 5.99586 5.2805 4.79732 3.04954 2.32149
threshold=1680.5000000000002 0.4000000000000013 0.79999999999999816 1650.5000000000002 1620.5000000000002 0.50370931781787065 0.70000000000000029 0.14999999999999861 1028.3000000000004 0.21052631578947525 13.912878787878789 -0.70289845916694649 11899.500000000002 5254.5000000000009 25.250000000000004 1449.5000000000002 1.2999999999999983 28.050000000000004 28.150000000000002 30.500000000000004 18.950000000000003 11.500000000000002 1004.1500000000002 1980.5000000000002 25.500000000000004 87.500000000000014 1851.0000000000002 0.70747208174348741 -0.68301270189221952 19.050000000000004
decision_type=2 2 2 2 2 2 2 2 2 2 2 2 2 2 2 2 2 2 2 2 2 2 2 2 2 2 2 2 2 2
left_child=2 7 8 4 14 17 25 21 9 12 11 -11 13 -1 16 -16 -4 -6 -12 20 -9 24 -23 -24 -2 29 -27 -22 -5 -3
right_child=1 6 3 28 5 -7 -8 19 -10 10 18 -13 -14 -15 15 -17 -18 -19 -20 -21 27 22 23 -25 -26 26 -28 -29 -30 -31
leaf_value=0.00027414966917929038 -0.0002640205181893757 -0.0002049373513689123 -0.0007604435209495994 -0.00020574138388448435 4.5158267587051824e-05 0.00017003506605155281 -0.0002049373513689123 -0.00023195821604848644 0.0095165787909065602 0.004716963148203023 -0.00086347299271316254 -0.00061831916509427125 -0.0075709962688082794 0.013671835114856496 0.0018401828905758976 -0.0015210930560379729 -0.0018643747308621193 -0.00022718732409396261 -0.0030524350262670502 3.3319047785173927e-05 -0.00024689543373853192 0.00090220955738641085 -0.00082456142722827719 -0.0017823218866144378 0.0029735144902518417 -0.0002049373513689123 -0.0002049373513689123 -0.00060711552248939222 -0.00019891443177437015 -0.0002049373513689123
leaf_weight=60366 822 950 2009 674 657 534 92309 981 605 5978 26792 14618 875 639 1591 3836 1731 702 4454 596 2992 609 1711 586 564 532 1043 766 1703 4920
leaf_count=60366 822 950 2009 674 657 534 92309 981 605 5978 26792 14618 875 639 1591 3836 1731 702 4454 596 2992 609 1711 586 564 532 1043 766 1703 4920
internal_value=-0.00332076 -0.00684519 -0.000303367 -0.00217036 -0.00139125 0.00162665 -0.00732272 -0.00189661 -8.39026e-05 -0.000107761 -0.000461481 0.000190795 0.000188585 0.000240833 -0.00201467 -0.00107617 -0.0033752 -0.000765981 -0.000891417 -0.00292159 -0.00330785 -0.000621798 -0.00139787 -0.00211722 0.00100504 -0.00606385 -0.00440869 -0.00395346 -0.0057913 -0.0065063
internal_weight=237145 109381 127764 13437 11060 1893 99754 9627 114327 113722 51842 20596 61880 61005 9167 5427 3740 1359 31246 5335 4739 4292 2906 2297 1386 7445 1575 3758 2377 5870
internal_count=237145 109381 127764 13437 11060 1893 99754 9627 114327 113722 51842 20596 61880 61005 9167 5427 3740 1359 31246 5335 4739 4292 2906 2297 1386 7445 1575 3758 2377 5870
is_linear=0
shrinkage=0.03


Tree=184
num_leaves=31
num_cat=0
split_feature=25 7 13 13 25 21 24 39 7 31 37 3 38 25 25 25 0 23 3 20 4 25 13 5 6 0 13 24 6 25
split_gain=2785.24 63.8017 36.0775 29.3224 22.8187 22.5268 22.3644 15.9109 15.33 16.3536 14.6603 19.3719 14.888 12.4087 11.7042 14.1602 15.2031 11.6782 8.8601 8.81238 8.53565 8.50947 7.59848 7.38675 7.12751 6.2797 5.89301 5.57552 3.99068 4.00576
threshold=1680.5000000000002 2.0999999999999992 0.003333333333333344 -0.0066666666666666862 1730.5000000000002 25.500000000000004 1.1500000000000006 -0.84313311835787952 5.3500000000000023 32.720779220779228 0.93301270189221952 18.850000000000005 -0.074117382312902977 1949.5000000000002 1650.5000000000002 1620.5000000000002 25.350000000000005 3.5000000000000004 24.250000000000004 0.19999999999998866 1.7999999999999983 1720.5000000000002 0.0016666666666666017 18.550000000000004 21.450000000000003 16.550000000000004 -0.0033333333333332915 0.20000000000000109 24.650000000000002 2010.5000000000002
decision_type=2 2 2 2 2 2 2 2 2 2 2 2 2 2 2 2 2 2 2 2 2 2 2 2 2 2 2 2 2 2
left_child=3 5 21 14 -4 13 -7 -8 9 10 11 -5 -12 17 15 18 -17 22 -1 -20 -11 26 -2 25 -22 -23 -3 -28 29 -6
right_child=1 2 4 8 28 6 7 -9 -10 20 12 -13 -14 -15 -16 16 -18 -19 19 -21 24 23 -24 -25 -26 -27 27 -29 -30 -31
leaf_value=-0.00093468434459619671 -0.00019878923082784495 -0.00019878923082784495 -0.00019878923082784495 0.0010688212823360009 -0.00019878923082784495 -0.00019878923082784495 0.0063898307322565974 -0.00019878923082784495 -0.00036023772528217559 0.00080965776106198977 -0.0014435260908599035 -0.00024278084593074237 0.0016614429509913863 -0.00019878923082784495 -0.00019249738171128939 0.00012298224022368542 -5.0504566490672977e-05 -0.00019878923082784495 -0.0020138189454355507 0.0044964872443907823 -0.0010917662149041011 -0.00019878923082784495 -0.00019878923082784495 -0.00019878923082784495 -0.0047727647788229494 -0.00019878923082784495 -0.00019878923082784495 -0.00019878923082784495 -0.00019878923082784495 -0.00019878923082784495
leaf_weight=3573 2419 3742 2049 34303 1042 652 583 764 6405 1187 8013 62892 1629 4399 1315 500 711 2102 1974 748 2062 3851 1110 79983 2211 877 1363 803 2661 938
leaf_count=3573 2419 3742 2049 34303 1042 652 583 764 6405 1187 8013 62892 1629 4399 1315 500 711 2102 1974 748 2062 3851 1110 79983 2211 877 1363 803 2661 938
internal_value=-0.00333031 -0.00684356 -0.00709845 -0.000317996 -0.00496937 -0.00478077 -0.00187031 0.00033914 -0.00019397 -0.000112534 -3.0677e-05 8.00179e-05 -0.00114631 -0.00536035 -0.00198657 -0.00152837 0.00144064 -0.00442437 -0.00209981 -0.000809471 -0.00171366 -0.00725552 -0.00336661 -0.00733267 -0.0023386 -0.00617125 -0.00614721 -0.00489161 -0.00613343 -0.00510091
internal_weight=236861 109338 97309 127523 6690 12029 1999 1347 118702 112297 106837 97195 9642 10030 8821 7506 1211 5631 6295 2722 5460 90619 3529 84711 4273 4728 5908 2166 4641 1980
internal_count=236861 109338 97309 127523 6690 12029 1999 1347 118702 112297 106837 97195 9642 10030 8821 7506 1211 5631 6295 2722 5460 90619 3529 84711 4273 4728 5908 2166 4641 1980
is_linear=0
shrinkage=0.03


Tree=185
num_leaves=31
num_cat=0
split_feature=35 8 8 25 35 0 8 2 13 29 6 38 39 39 6 44 21 29 38 8 39 24 7 24 1 24 25 1 29 37
split_gain=2797.21 275.37 45.9483 39.6397 24.4573 26.8726 16.1875 15.5517 14.3077 14.0551 23.2558 18.5604 12.9888 37.7956 27.3642 19.8526 13.1128 29.6072 25.9566 11.005 9.71789 8.82445 8.47785 10.5902 7.9524 7.59062 6.77895 6.16671 5.04764 2.98654
threshold=935.00000000000011 0.4000000000000013 0.79999999999999816 1650.5000000000002 875.00000000000011 25.850000000000005 0.70000000000000029 1013.35 0.0033333333333332923 2.4500000000000006 18.350000000000005 0.82414472752956958 -0.84313311835787952 -0.95242240592625282 28.950000000000003 8619.5000000000018 23.500000000000004 12.633333333333335 0.67167992559793654 2.8000000000000003 0.41202506375868281 -0.45000000000000012 1.1500000000000006 1.8499999999999999 87.500000000000014 0.95000000000000029 1849.5000000000002 89.500000000000014 7.7083333333333348 -0.68301270189221952
decision_type=2 2 2 2 2 2 2 2 2 2 2 2 2 2 2 2 2 2 2 2 2 2 2 2 2 2 2 2 2 2
left_child=2 8 9 4 7 -6 24 19 21 10 -1 20 13 14 -11 -15 17 -14 -18 -4 -12 -2 -23 -24 -3 -9 -26 28 -10 -5
right_child=1 6 3 29 5 -7 -8 25 27 12 11 -13 16 15 -16 -17 18 -19 -20 -21 -22 22 23 -25 26 -27 -28 -29 -30 -31
leaf_value=0.016458832515205291 -0.0002467138269448144 -0.0001928255539030096 -0.00085858961700002864 -0.00019379422091661113 0.00014260788290197451 -7.5960609615163807e-05 -0.0001928255539030096 -0.00096323167955010894 0.0008520227199205647 0.00019555703527886575 0.00073093516185844358 0.0097948176039048124 0.00076541093598401664 0.0056456723396764701 -0.0066203268811972455 -0.0065147406728070251 -0.00052896083159287061 -0.00086507928032758476 -0.004986523861710627 -0.0020537282382616867 -0.0077251129807244644 -0.0013475012568959712 -0.00023469167281284537 0.00048650503548062509 -0.0001928255539030096 -0.0022496258223977197 -0.0001928255539030096 0.0024702240771342899 -0.00060054660865506405 -0.00019015016311058671
leaf_weight=765 1016 6020 5192 631 868 1080 92608 1857 763 7760 1913 740 35517 8027 2092 636 24010 25101 6863 573 605 848 3035 1139 519 1317 1056 614 2255 1588
leaf_count=765 1016 6020 5192 631 868 1080 92608 1857 763 7760 1913 740 35517 8027 2092 636 24010 25101 6863 573 605 848 3035 1139 519 1317 1056 614 2255 1588
internal_value=-0.00333771 -0.00684348 -0.000307877 -0.00199001 -0.0012446 0.0018 -0.00731004 -0.00190834 -0.00200837 -0.000114508 0.00162671 0.000519939 -0.000178214 0.00054639 -0.000724579 0.00199163 -0.000324861 -6.85417e-05 -0.000828097 -0.000979279 -0.000708333 -0.00290315 -0.00238555 -0.0018283 -0.00597374 -0.00359414 -0.00406627 -0.000520088 -0.00107781 -0.00564273
internal_weight=237008 109873 127135 13106 10887 1948 100203 8939 9670 114029 4023 3258 110006 18515 9852 8663 91491 60618 30873 5765 2518 6038 5022 4174 7595 3174 1575 3632 3018 2219
internal_count=237008 109873 127135 13106 10887 1948 100203 8939 9670 114029 4023 3258 110006 18515 9852 8663 91491 60618 30873 5765 2518 6038 5022 4174 7595 3174 1575 3632 3018 2219
is_linear=0
shrinkage=0.03


Tree=186
num_leaves=31
num_cat=0
split_feature=25 8 8 25 25 0 11 8 2 2 32 37 37 22 24 8 24 4 27 1 30 21 28 25 24 1 0 37 19 7
split_gain=2809.98 275.451 52.1799 40.9445 18.6185 24.8137 14.8273 14.4461 13.273 12.7936 12.4933 18.3208 13.3163 16.1027 14.0236 11.4872 7.81021 7.07118 6.93365 6.09994 5.9118 5.70837 6.5594 5.5803 5.23301 3.41692 2.87265 2.48677 2.36454 2.14351
threshold=1680.5000000000002 0.4000000000000013 0.79999999999999816 1650.5000000000002 1620.5000000000002 24.750000000000004 0.19999999999999754 0.70000000000000029 1013.2500000000001 1028.4500000000003 49.500000000000007 -0.24999999999999994 0.93301270189221952 18.500000000000004 6.2500000000000009 2.9999999999999978 -0.65000000000000024 2.2000000000000002 21.083333333333339 88.500000000000014 11.500000000000002 14.500000000000002 30.500000000000004 1849.5000000000002 0.95000000000000029 88.500000000000014 28.350000000000005 -0.68301270189221952 -0.50000000000005673 2.0999999999999992
decision_type=2 2 2 2 2 2 2 2 2 2 2 2 2 2 2 2 2 2 2 2 2 2 2 2 2 2 2 2 2 2
left_child=2 6 9 4 8 -6 16 17 15 10 12 25 14 -14 -1 -4 -2 23 -13 20 -8 -18 -23 -3 -10 -12 -7 -5 -19 -9
right_child=1 7 3 27 5 26 19 29 24 -11 11 18 13 -15 -16 -17 21 28 -20 -21 -22 22 -24 -25 -26 -27 -28 -29 -30 -31
leaf_value=4.2377156889221725e-05 -0.00024452791486308305 -0.00018704078728591929 -0.00076359489168357489 -0.00018798039428911281 0.00013755506752217503 1.0106585132527056e-05 0.00061622901839296948 -0.00018704078728591929 -0.00083417561690571839 0.01006187159956318 -0.0085762307850441102 0.00236920383905132 0.0017674793570996027 -0.0015314382636792852 0.0058353163586898878 -0.0019403775193012607 0.00071762271715640198 -0.00018704078728591929 -0.0021326997905169792 0.0021520347073972889 -0.0006913411400176233 -0.00042362094337750083 0.00024784191074737145 -0.00018704078728591929 -0.0023052373647663095 -0.0040813801122475462 -0.00021419536276470671 -0.00018149689414573574 -0.00018704078728591929 -0.00018704078728591929
leaf_weight=96991 832 584 5361 653 680 531 974 5248 1851 545 1697 1680 2029 7774 1000 517 512 531 1710 653 1948 4172 523 1077 1413 542 635 1682 5302 87019
leaf_count=96991 832 584 5361 653 680 531 974 5248 1851 545 1697 1680 2029 7774 1000 517 512 531 1710 653 1948 4172 523 1077 1413 542 635 1682 5302 87019
internal_value=-0.00333131 -0.00685777 -0.000301136 -0.00207749 -0.00131028 0.00143669 -0.00200759 -0.00732514 -0.00186516 -9.34456e-05 -0.000115517 -0.00149307 -4.35545e-05 -0.00109765 6.19177e-05 -0.00101276 -0.00291384 -0.00605323 -0.00010171 -0.000475958 -0.0010619 -0.0024808 -0.00280871 -0.004316 -0.00339865 -0.00359772 -0.00122003 -0.00568357 -0.00654627 -0.00742831
internal_weight=236666 109375 127291 13323 10988 1846 9614 99761 9142 113968 113423 5629 107794 9803 97991 5878 6039 7494 3390 3575 2922 5207 4695 1661 3264 2239 1166 2335 5833 92267
internal_count=236666 109375 127291 13323 10988 1846 9614 99761 9142 113968 113423 5629 107794 9803 97991 5878 6039 7494 3390 3575 2922 5207 4695 1661 3264 2239 1166 2335 5833 92267
is_linear=0
shrinkage=0.03


Tree=187
num_leaves=31
num_cat=0
split_feature=35 8 8 25 35 39 8 11 22 8 33 39 39 44 44 35 6 1 35 8 31 8 0 29 1 35 38 8 38 35
split_gain=2818.54 282.261 45.6641 35.9237 24.0989 28.3088 14.4896 14.4887 14.3459 13.338 12.6198 14.3207 24.1586 12.1527 19.0151 12.1651 11.2779 8.15325 8.12666 7.82675 7.49531 6.95609 6.67263 7.0063 5.72735 6.0192 5.60192 5.38496 3.95121 3.62411
threshold=935.00000000000011 0.4000000000000013 0.79999999999999816 1650.5000000000002 875.00000000000011 0.47369649395226454 0.70000000000000029 0.20000000000000065 27.500000000000004 2.8000000000000029 0.63636363636363613 -0.87810534180523914 -0.95242240592625282 10714.500000000002 5940.0000000000009 475.00000000000006 28.950000000000003 82.500000000000014 1375.0000000000002 0.19999999999999754 27.038461538461544 1.6000000000000008 31.850000000000005 15.450000000000001 89.500000000000014 1165.0000000000002 0.3744682635859638 1.7000000000000004 -0.62588817255938378 1205.0000000000002
decision_type=2 2 2 2 2 2 2 2 2 2 2 2 2 2 2 2 2 2 2 2 2 2 2 2 2 2 2 2 2 2
left_child=2 7 10 4 8 21 24 18 27 -10 13 12 16 14 15 -1 -12 -9 19 29 -21 -6 23 -13 -3 -26 -14 -4 -24 -2
right_child=1 6 3 -5 5 -7 -8 17 9 -11 11 22 26 -15 -16 -17 -18 -19 -20 20 -22 -23 28 -25 25 -27 -28 -29 -30 -31
leaf_value=0.0020401550848498373 -0.00013305448704237905 -0.00018142956366734174 -0.0007861865929531702 -0.00017942291472691102 -0.00017553059929914733 0.00017427141694088019 -0.00018142956366734174 -0.00049822783502138761 -0.00094744544542122106 -0.0022492367704704586 0.00018849175047973982 -0.00053387185278957181 0.007189934296580585 -0.0067409880146900043 0.014585770271319735 -0.00011241986131494714 -0.0079594159229932765 0.0019045659123233161 -0.0007396436182123407 -0.00021874726812716135 2.0607361554718372e-06 5.0162475233952524e-05 -0.00331887517210935 -0.0018342321922990013 -0.00018142956366734174 -0.00018142956366734174 0.0027567318670794288 -0.0023048527587612604 -0.00079636790489360891 -0.0010836626933923041
leaf_weight=21110 1636 6307 2722 2209 882 539 92524 1957 4901 531 3590 25098 1906 967 555 48926 894 832 522 3457 571 514 1049 8559 524 696 912 797 571 638
leaf_count=21110 1636 6307 2722 2209 882 539 92524 1957 4901 531 3590 25098 1906 967 555 48926 894 832 522 3457 571 514 1049 8559 524 696 912 797 571 638
internal_value=-0.00331814 -0.00684278 -0.000280114 -0.00195789 -0.00124954 0.00178498 -0.00731455 -0.00193214 -0.00190579 -0.000938535 -8.75906e-05 -0.000496524 0.000712623 0.000155743 0.000201543 0.000157629 -0.000655372 -0.000110176 -0.00267653 -0.00237706 -0.00317122 -0.000472103 -0.000746832 -0.000656214 -0.00604363 -0.00414894 0.0028883 -0.00339747 -0.00262639 -0.000968805
internal_weight=236896 109664 127232 13095 10886 1935 100051 9613 8951 5432 114137 42579 7302 71558 70591 70036 4484 2789 6824 6302 4028 1396 35277 33657 7527 1220 2818 3519 1620 2274
internal_count=236896 109664 127232 13095 10886 1935 100051 9613 8951 5432 114137 42579 7302 71558 70591 70036 4484 2789 6824 6302 4028 1396 35277 33657 7527 1220 2818 3519 1620 2274
is_linear=0
shrinkage=0.03


Tree=188
num_leaves=31
num_cat=0
split_feature=35 8 8 35 35 39 11 3 8 29 22 2 38 6 39 39 21 29 39 35 29 8 39 24 7 24 6 8 8 8
split_gain=2813.45 286.18 49.8972 32.0688 16.8617 20.6829 15.5619 15.0762 14.7761 13.262 26.898 14.9678 14.4134 13.164 46.5477 31.1122 28.29 18.8093 17.4403 9.29062 8.54957 8.1496 7.97662 7.78558 7.73039 7.14583 6.35419 6.07538 5.05898 4.79789
threshold=935.00000000000011 0.4000000000000013 0.79999999999999816 905.00000000000011 875.00000000000011 0.50370931781787065 0.099999999999996106 23.350000000000005 0.70000000000000029 15.900000000000002 29.500000000000004 1024.7500000000002 -0.99275805973510278 19.650000000000002 0.71952396275653763 0.67007489853957602 18.500000000000004 8.6333333333333346 -0.41399101439218416 895.00000000000011 5.366666666666668 2.649999999999999 -0.88620506325989179 -0.45000000000000012 1.1500000000000006 1.8499999999999999 20.350000000000005 1.8000000000000027 0.14999999999999861 1.5000000000000011
decision_type=2 2 2 2 2 2 2 2 2 2 2 2 2 2 2 2 2 2 2 2 2 2 2 2 2 2 2 2 2 2
left_child=2 6 9 4 7 29 23 27 -3 13 11 19 -12 14 15 -1 26 -16 -18 -11 -8 -9 -14 -2 -25 -26 -15 -4 -22 -6
right_child=1 8 3 -5 5 -7 20 21 -10 10 12 -13 22 16 17 -17 18 -19 -20 -21 28 -23 -24 24 25 -27 -28 -29 -30 -31
leaf_value=0.0041693836520908696 -0.00021468997224681905 -0.00017598667675732148 -0.00086463372507734827 -0.00017232493435071769 -0.00019377392617495585 0.00016172028425521641 0.0028632419517811781 -0.0007671614544125957 -0.00017598667675732148 -0.0025321783741704749 0.0069657115752196795 0.0058251514466955917 0.0040019813979803752 -0.01597068195533689 0.0015777747206024895 0.018229267186451761 0.00095007427885298028 -0.00083503131417587062 -0.00076090562574346484 0.00022974871940097596 -0.00030812153751123616 -0.0019615394432679015 -0.0009685415010842191 -0.0014186277751165523 -0.00019813476185117466 0.00019257183100705226 -0.0047863692676595286 -0.0025086837832844298 -0.00044419616109759783 3.0477432467854903e-05
leaf_weight=7447 762 7593 3331 2327 808 526 603 4263 92580 14708 985 500 1336 720 8369 1009 33996 12011 29872 820 2720 510 1749 645 2173 789 512 872 1978 527
leaf_count=7447 762 7593 3331 2327 808 526 603 4263 92580 14708 985 500 1336 720 8369 1009 33996 12011 29872 820 2720 510 1749 645 2173 789 512 872 1978 527
internal_value=-0.00332107 -0.00683811 -0.000283844 -0.00203251 -0.00134583 0.00125201 -0.00190912 -0.00188461 -0.00731388 -8.19478e-05 -0.000781343 -0.00133437 0.00139612 6.77042e-05 0.00060129 0.00247222 -0.000168658 -0.000175155 -8.17285e-05 -0.00149903 -0.000816048 -0.000730366 0.000386297 -0.00323439 -0.00264963 -0.00199899 -0.00466775 -0.00319441 -0.00124787 -0.000734854
internal_weight=237041 109843 127198 13164 10837 1861 9670 8976 100173 114034 20098 16028 4070 93936 28836 8456 65100 20380 63868 15528 5301 4773 3085 4369 3607 2962 1232 4203 4698 1335
internal_count=237041 109843 127198 13164 10837 1861 9670 8976 100173 114034 20098 16028 4070 93936 28836 8456 65100 20380 63868 15528 5301 4773 3085 4369 3607 2962 1232 4203 4698 1335
is_linear=0
shrinkage=0.03


Tree=189
num_leaves=31
num_cat=0
split_feature=35 8 8 25 35 0 8 3 11 22 6 39 2 29 2 37 32 24 8 8 4 35 39 39 29 29 32 35 25 2
split_gain=2816.99 293.383 45.8862 35.8097 18.8093 20.389 14.9384 14.7197 13.1684 11.0329 13.1753 30.9963 30.2943 20.3953 19.5473 12.2626 11.9969 8.06271 8.05021 7.55388 6.333 5.82101 5.58193 17.3813 5.46797 4.82927 3.71234 4.61931 2.80071 2.51212
threshold=935.00000000000011 0.4000000000000013 0.79999999999999816 1650.5000000000002 875.00000000000011 25.850000000000005 0.70000000000000029 23.350000000000005 1.0000000180025095e-35 34.500000000000007 28.250000000000004 -0.86974577485258975 999.05000000000007 10.900000000000002 1001.0500000000001 -0.9330127018922193 25.500000000000004 -0.45000000000000012 2.0499999999999994 1.3500000000000016 2.0999999999999992 1165.0000000000002 0.57605713708605399 0.063390085881955341 5.366666666666668 10.900000000000002 46.500000000000007 1275.0000000000002 1699.5000000000002 1013.0500000000001
decision_type=2 2 2 2 2 2 2 2 2 2 2 2 2 2 2 2 2 2 2 2 2 2 2 2 2 2 2 2 2 2
left_child=2 8 9 4 7 -6 20 19 17 10 11 12 -1 -13 16 -16 -12 -2 -9 -4 21 -3 23 -19 -10 -24 27 -26 -22 -5
right_child=1 6 3 29 5 -7 -8 18 24 -11 14 13 -14 -15 15 -17 -18 22 -20 -21 28 -23 25 -25 26 -27 -28 -29 -30 -31
leaf_value=-0.0080900258621781334 -0.00022261079384280368 -0.00017070707645460185 -0.0006509492644340369 -0.00016871021903724676 0.00012535806649228217 -7.417022287248707e-05 -0.00017070707645460185 -8.4778219871183835e-05 0.0022890022482007898 0.0059135455163214969 0.009223606753074173 0.00054221687575678522 0.0057822767380763607 -0.00063869922908979027 -0.0063243386352865383 -0.001175577437114337 -0.00018417005060342495 -0.00034545354743252641 -0.0019466938649315467 -0.0017706141671653631 -0.00017070707645460185 -0.00017070707645460185 -0.00033585575532949131 0.0014772354097186183 -0.00027161422341640337 -0.00059456308698339184 0.00092592145799764807 -0.00081031554735450431 -0.00017070707645460185 -0.0001677236838311196
leaf_weight=856 741 737 2654 1333 874 1114 92794 3724 602 753 556 44914 8360 46038 3006 9006 655 1605 1056 1561 510 790 647 623 3704 664 503 504 5541 888
leaf_count=856 741 737 2654 1333 874 1114 92794 3724 602 753 556 44914 8360 46038 3006 9006 655 1605 1056 1561 510 790 647 623 3704 664 503 504 5541 888
internal_value=-0.00331904 -0.00683639 -0.000281743 -0.00195593 -0.00125284 0.00138693 -0.00731544 -0.00183645 -0.00182361 -8.80451e-05 -0.00011211 5.39084e-06 0.00166305 -0.00016261 -0.00100208 -0.0013684 0.00262778 -0.00306165 -0.000696361 -0.00312841 -0.00602968 -0.00429202 -0.00246329 -0.00154709 -0.000825494 -0.00401561 -0.00116964 -0.00146081 -0.00646663 -0.00542848
internal_weight=237313 109965 127348 13204 10983 1988 100372 8995 9593 114144 113391 100168 9216 90952 13223 12012 1211 4280 4780 4215 7578 1527 3539 2228 5313 1311 4711 4208 6051 2221
internal_count=237313 109965 127348 13204 10983 1988 100372 8995 9593 114144 113391 100168 9216 90952 13223 12012 1211 4280 4780 4215 7578 1527 3539 2228 5313 1311 4711 4208 6051 2221
is_linear=0
shrinkage=0.03


Tree=190
num_leaves=31
num_cat=0
split_feature=35 8 8 25 35 0 8 3 29 22 38 1 5 38 39 38 27 38 22 11 25 8 7 39 24 7 24 8 1 25
split_gain=2821.62 291.304 41.8694 35.4704 17.3983 19.596 15.3395 13.2854 11.6246 27.411 16.5196 18.3695 13.9541 30.0665 23.3834 36.6013 20.4179 16.5284 13.1905 11.4488 10.3941 12.099 9.98365 9.04021 8.36372 8.31185 7.70892 7.68815 6.89257 6.9609
threshold=935.00000000000011 0.4000000000000013 0.79999999999999816 1650.5000000000002 875.00000000000011 24.750000000000004 0.70000000000000029 23.350000000000005 15.225000000000001 29.500000000000004 -0.99275805973510278 70.500000000000014 25.050000000000004 0.63920241694561786 -0.41399101439218416 -0.11692013674435776 18.183333333333337 -0.76141707087277943 33.500000000000007 0.099999999999996106 1629.5000000000002 0.4000000000000013 5.1999999999999984 -0.88620506325989179 -0.45000000000000012 1.1500000000000006 1.8499999999999999 2.699999999999998 87.500000000000014 1849.5000000000002
decision_type=2 2 2 2 2 2 2 2 2 2 2 2 2 2 2 2 2 2 2 2 2 2 2 2 2 2 2 2 2 2
left_child=2 19 8 4 7 -6 28 -4 12 20 11 -11 13 17 15 -14 -15 -1 -16 24 22 -22 -10 -12 -2 -26 -27 -9 -3 -30
right_child=1 6 3 -5 5 -7 -8 27 9 10 23 -13 14 16 18 -17 -18 -19 -20 -21 21 -23 -24 -25 25 26 -28 -29 29 -31
leaf_value=0.003664723237375028 -0.00020925265587211987 -0.00016558586416096378 -0.001022884100012019 -0.00016320043011110996 0.0001495846732954395 -4.1307799231081235e-05 -0.00016558586416096378 -0.00047995513441914742 -0.00238322373160243 0.00078071449929628136 0.003459508455498301 0.012868401856064613 0.00297870297372401 0.0037421727800257959 -0.00095379538294544815 -0.0016478798753272325 0.023215159181772207 -0.0005098892439840358 -0.0082965676627048818 -0.00027237812556283269 -0.00036077253454785366 0.00034058389603219678 -0.0043099068404578045 -0.0009965252924323089 -0.0012392777642450674 -0.00016116779996779422 0.00078658387742355752 -0.0018392843901449706 -0.00016558586416096378 -0.00016558586416096378
leaf_weight=3732 769 6004 4172 2232 702 1295 92419 4194 16074 524 1683 545 14563 15640 15229 16785 591 23583 832 5235 958 592 731 2273 652 2148 753 514 512 1031
leaf_count=3732 769 6004 4172 2232 702 1295 92419 4194 16074 524 1683 545 14563 15640 15229 16785 591 23583 832 5235 958 592 731 2273 652 2148 753 514 512 1031
internal_value=-0.00330357 -0.00683481 -0.00026882 -0.00187457 -0.00116716 0.00136193 -0.00731319 -0.0017361 -8.46839e-05 -0.000681293 0.00128158 0.00458683 6.86863e-05 0.000456393 -0.000287433 0.000189474 0.00147893 -0.000151279 -0.00121817 -0.00183047 -0.00121874 0.0011308 -0.00143556 0.000386559 -0.00297294 -0.00235654 -0.00166638 -0.000643312 -0.00600775 -0.00420874
internal_weight=236967 109523 127444 13109 10877 1997 99966 8880 114335 23380 5025 1069 90955 43546 47409 31348 16231 27315 16061 9557 18355 1550 16805 3956 4322 3553 2901 4708 7547 1543
internal_count=236967 109523 127444 13109 10877 1997 99966 8880 114335 23380 5025 1069 90955 43546 47409 31348 16231 27315 16061 9557 18355 1550 16805 3956 4322 3553 2901 4708 7547 1543
is_linear=0
shrinkage=0.03


Tree=191
num_leaves=31
num_cat=0
split_feature=25 9 7 13 12 9 4 7 31 44 44 39 23 24 25 27 4 4 38 39 13 9 30 27 2 25 7 39 2 9
split_gain=2813.53 130.911 33.3452 24.3399 21.1493 13.4624 13.7998 11.2386 11.4938 11.5499 15.6517 9.51928 9.43668 9.33177 8.78735 8.22692 7.62142 7.42268 14.2891 6.3732 5.9828 5.92194 7.67393 5.87158 5.29099 5.90025 6.05559 5.2202 4.79621 4.42056
threshold=1680.5000000000002 45.000000000000007 2.0999999999999992 0.0016666666666666017 -0.0033333333333333656 235.00000000000003 2.2000000000000002 5.6499999999999995 37.759615384615394 10714.500000000002 5254.5000000000009 -0.94703994556331683 4.5000000000000009 0.20000000000000109 1720.5000000000002 13.550000000000002 4.0000000000000036 3.1000000000000005 0.54219432480460406 -0.30982845708428081 -0.0033333333333332915 1.0000000180025095e-35 12.500000000000002 20.916666666666668 1017.4500000000002 1659.5000000000002 3.600000000000001 0.75438814418115718 1015.1500000000002 65.000000000000014
decision_type=2 2 2 2 2 2 2 2 2 2 2 2 2 2 2 2 2 2 2 2 2 2 2 2 2 2 2 2 2 2
left_child=4 3 5 16 13 6 15 8 9 10 -6 -7 21 24 20 -3 -2 18 19 -15 -4 22 -5 27 25 26 -1 -19 -10 -27
right_child=1 2 14 12 7 11 -8 -9 28 -11 -12 -13 -14 17 -16 -17 -18 23 -20 -21 -22 -23 -24 -25 -26 29 -28 -29 -30 -31
leaf_value=-0.00069275010067888776 -0.00031981260343743695 -0.00016061828823613487 -0.00016061828823613487 0.0031050807772535004 1.0624381374863961e-05 -0.00016061828823613487 -0.00016061828823613487 -0.00053000878054031955 -0.0019434301323233887 -0.006579780803701283 0.014963150401147178 -0.00016061828823613487 -0.00057801453433786059 -0.00074957043903318033 -0.00016061828823613487 0.0014589172809908906 -0.00015212219764262457 0.0008407450418977671 -0.0033128131503937209 0.0013976397265866511 -0.00016061828823613487 -0.00046640222288436969 -0.00033968481151991668 -0.00089722984601031197 -0.00020568898942314805 -0.00013358733780359307 -3.3103297756704707e-05 -0.0002214263206622317 -0.007638910245211088 -0.00015635995842376861
leaf_weight=1669 1091 765 3291 605 97430 534 1823 3711 1116 887 500 6628 1378 2481 87194 507 1768 5722 2777 1460 2132 843 866 729 1876 690 3314 2068 612 711
leaf_count=1669 1091 765 3291 605 97430 534 1823 3711 1116 887 500 6628 1378 2481 87194 507 1768 5722 2777 1460 2132 843 866 729 1876 690 3314 2068 612 711
internal_value=-0.0033054 -0.00683586 -0.00709772 -0.0027228 -0.000281378 -0.00547202 -0.00381418 -9.8122e-05 -3.82657e-05 4.1743e-06 3.50754e-05 -0.00618719 -0.00111262 -0.00109441 -0.00727764 -0.00141287 -0.0047999 -0.000654078 -0.00139955 -0.000237763 -0.00609816 5.82902e-05 0.00120672 -6.60134e-05 -0.00190632 -0.00149389 -0.00100953 0.00017518 -0.00246243 -0.00321276
internal_weight=237178 109425 102874 6551 127753 10257 3095 104256 100545 98817 97930 7162 3692 23497 92617 1272 2859 15237 6718 3941 5423 2314 1471 8519 8260 6384 4983 7790 1728 1401
internal_count=237178 109425 102874 6551 127753 10257 3095 104256 100545 98817 97930 7162 3692 23497 92617 1272 2859 15237 6718 3941 5423 2314 1471 8519 8260 6384 4983 7790 1728 1401
is_linear=0
shrinkage=0.03


Tree=192
num_leaves=31
num_cat=0
split_feature=35 8 8 35 35 0 8 3 11 2 29 21 24 37 3 29 24 38 8 8 4 35 19 4 35 29 0 8 2 19
split_gain=2848.05 292.888 36.1017 28.6978 20.0982 21.7796 15.8501 13.7169 11.9829 11.1975 10.7134 23.1615 16.7022 12.1076 27.2424 15.4358 8.82378 8.27505 7.47553 7.23745 7.11577 6.38958 5.27532 5.22043 5.16151 4.90279 4.59286 4.15143 3.48242 2.61902
threshold=935.00000000000011 0.4000000000000013 0.79999999999999816 905.00000000000011 875.00000000000011 24.750000000000004 0.70000000000000029 23.350000000000005 1.0000000180025095e-35 1028.4500000000003 3.9000000000000004 17.500000000000004 3.2500000000000004 0.25000000000000017 10.15 9.6333333333333346 -0.45000000000000012 -0.52766804058324157 1.6000000000000008 2.0000000000000013 2.2000000000000002 1195.0000000000002 0.19999999999987497 2.9000000000000017 975.00000000000011 5.366666666666668 28.650000000000002 0.14999999999999861 1004.6500000000002 -0.4999999999999431
decision_type=2 2 2 2 2 2 2 2 2 2 2 2 2 2 2 2 2 2 2 2 2 2 2 2 2 2 2 2 2 2
left_child=2 8 9 4 7 -6 20 18 16 10 11 12 -1 14 -12 -15 -2 -13 -4 -9 21 -3 24 -5 -18 -10 -7 28 -27 -29
right_child=1 6 3 23 5 26 -8 19 25 -11 13 17 -14 15 -16 -17 22 -19 -20 -21 -22 -23 -24 -25 -26 27 -28 29 -30 -31
leaf_value=0.0030392912951799486 -0.00020694056352182864 -0.00015579973958905081 -0.00066345499058138662 -8.3772505089090558e-05 0.00015798784955934996 3.6296567872836942e-05 -0.00015579973958905081 0.00011226678681835466 0.0022612394656487088 0.011110010157076074 0.013158106341046718 -0.0024925455272563203 0.018179222728406042 0.00033195245103340013 3.9791045403644866e-05 -0.0008770443774285152 -5.2259502881097735e-05 0.0026560697681301004 -0.0018694041367949166 -0.0017807463716148482 -0.00015579973958905081 -0.00015579973958905081 -6.5884362788824706e-05 -0.00015699642662174318 -0.00059289292323741764 0.00073553654811860298 -0.00027198754363579871 -4.1226506162959055e-05 -0.00072019031101166835 -0.00048442610986493956
leaf_weight=803 758 890 2989 531 692 572 92578 3728 586 529 1125 2583 762 15376 58115 30297 669 4597 1172 1048 5950 786 1467 1795 1406 617 611 506 2138 1465
leaf_count=803 758 890 2989 531 692 572 92578 3728 586 529 1125 2583 762 15376 58115 30297 669 4597 1172 1048 5950 786 1467 1795 1406 617 611 506 2138 1465
internal_value=-0.00329134 -0.00683139 -0.000238029 -0.00172717 -0.00107638 0.00174614 -0.00731124 -0.00166881 -0.00182858 -6.66658e-05 -8.69699e-05 0.000921745 0.00422623 -0.000171067 0.000111914 -0.000538095 -0.00300558 0.000200501 -0.00292758 -0.000571369 -0.00599174 -0.00425507 -0.00237444 -0.00474871 -0.00334738 -0.000875047 -0.000727848 -0.00119607 -0.000443417 -0.00224658
internal_weight=237141 109816 127325 13138 10812 1875 100204 8937 9612 114187 113658 8745 1565 104913 59240 45673 4300 7180 4161 4776 7626 1676 3542 2326 2075 5312 1183 4726 2755 1971
internal_count=237141 109816 127325 13138 10812 1875 100204 8937 9612 114187 113658 8745 1565 104913 59240 45673 4300 7180 4161 4776 7626 1676 3542 2326 2075 5312 1183 4726 2755 1971
is_linear=0
shrinkage=0.03


Tree=193
num_leaves=31
num_cat=0
split_feature=35 8 8 25 35 0 8 8 8 33 21 13 31 39 22 38 1 31 1 25 29 2 44 7 38 1 25 7 7 39
split_gain=2816.81 306.644 35.1656 34.3533 20.3838 17.6088 17.3624 13.0715 12.9077 12.5407 11.5954 11.5901 10.8538 18.8097 19.2329 11.4041 10.395 16.2073 14.1407 10.2067 9.73502 9.23785 8.86349 8.39997 7.81586 6.8494 7.43244 5.22566 7.53952 5.04811
threshold=935.00000000000011 0.4000000000000013 0.79999999999999816 1650.5000000000002 875.00000000000011 27.950000000000003 0.70000000000000029 1.1999999999999977 2.0000000000000013 0.47826086956521602 26.500000000000004 0.0033333333333332923 14.14835164835165 -0.70289845916694649 30.500000000000004 -0.88622299073327826 48.500000000000007 13.14835164835165 32.500000000000007 1649.5000000000002 1.2250000000000003 1006.1500000000002 11899.500000000002 0.70000000000000029 0.26037272046371446 87.500000000000014 1849.5000000000002 4.5000000000000018 1.1500000000000006 0.57605713708605399
decision_type=2 2 2 2 2 2 2 2 2 2 2 2 2 2 2 2 2 2 2 2 2 2 2 2 2 2 2 2 2 2
left_child=2 11 9 4 8 7 25 -6 10 16 -4 27 13 23 -15 21 17 -1 -19 -17 24 -14 -22 -11 -18 -3 -27 28 -2 -30
right_child=1 6 3 -5 5 -7 -8 -9 -10 12 -12 -13 15 14 -16 19 20 18 -20 -21 22 -23 -24 -25 -26 26 -28 -29 29 -31
leaf_value=-0.0014745262251680462 -0.0011220666296944428 -0.00015112574740137931 -0.00080398228171806117 -0.00015082619919789167 7.0244289843334541e-06 -0.00013515333310291352 -0.00015112574740137931 0.0001577603255124306 -0.0019460411981641647 -0.0024554371684772677 0.0012924609203439079 -0.00019626728962749307 0.0054857261119609204 0.00024099827527532201 -0.0041233369277187222 -0.0022850318414836777 0.00025468072988172886 -0.0010345230525679518 0.0045403116345508121 0.0002919684684932792 0.00011118020593099067 -1.9469212992571093e-05 -0.0067988599143454075 0.0044439711499979929 0.014743886587719128 -0.00015112574740137931 -0.00015112574740137931 -0.00014285170617564703 -5.1019979921274191e-05 -0.00050470395262911829
leaf_weight=683 903 6059 4872 2231 532 766 92474 695 1800 836 2311 3609 656 8988 4034 22109 613 548 2096 1124 62771 3342 879 4702 639 521 1051 1053 2508 1629
leaf_count=683 903 6059 4872 2231 532 766 92474 695 1800 836 2311 3609 656 8988 4034 22109 613 548 2096 1124 62771 3342 879 4702 639 521 1051 1053 2508 1629
internal_value=-0.00329614 -0.00681631 -0.000257901 -0.00172326 -0.00103298 0.00171053 -0.00730985 0.00393613 -0.0016419 -8.81409e-05 -0.00107203 -0.00172352 -0.000472179 8.72751e-05 -0.00053555 -0.000853468 0.000169608 0.0018046 0.00286848 -0.00110813 8.5742e-05 0.00062625 3.41702e-05 0.00155144 0.00270335 -0.00592984 -0.00415502 -0.00252133 -0.00211821 -0.00157466
internal_weight=237034 109807 127227 13207 10976 1993 100105 1227 8983 114020 7183 9702 45791 18560 13022 27231 68229 3327 2644 23233 64902 3998 63650 5538 1252 7631 1572 6093 5040 4137
internal_count=237034 109807 127227 13207 10976 1993 100105 1227 8983 114020 7183 9702 45791 18560 13022 27231 68229 3327 2644 23233 64902 3998 63650 5538 1252 7631 1572 6093 5040 4137
is_linear=0
shrinkage=0.03


Tree=194
num_leaves=31
num_cat=0
split_feature=25 8 8 25 8 7 25 0 6 39 2 23 39 21 39 8 5 21 39 8 2 22 4 4 25 3 33 5 0 4
split_gain=2813.29 312.214 44.2396 36.7379 14.9696 13.8042 12.6642 19.4031 12.2857 27.0323 28.8183 25.1748 35.4589 14.1451 14.1169 9.64052 9.57837 9.5158 9.23191 7.97062 7.88614 11.2439 10.8025 7.43263 7.08731 4.90326 3.97547 3.39587 3.9003 3.21825
threshold=1680.5000000000002 0.4000000000000013 0.79999999999999816 1650.5000000000002 0.70000000000000029 5.3000000000000034 1620.5000000000002 27.950000000000003 28.250000000000004 -0.86974577485258975 999.05000000000007 5.5000000000000009 -0.88620506325989179 23.500000000000004 -0.97507822412530132 1.8000000000000027 15.550000000000002 26.500000000000004 0.79253265336324141 1.3500000000000016 1004.1500000000002 22.500000000000004 2.8500000000000001 2.2000000000000002 1849.5000000000002 23.050000000000004 1.5909090909090913 18.150000000000002 19.450000000000003 3.649999999999999
decision_type=2 2 2 2 2 2 2 2 2 2 2 2 2 2 2 2 2 2 2 2 2 2 2 2 2 2 2 2 2 2
left_child=2 16 5 6 23 8 15 19 9 10 -1 14 -13 -11 -10 17 -2 -4 20 -8 22 -22 -18 24 -3 -17 -7 -20 -29 -5
right_child=1 4 3 29 -6 26 7 -9 11 13 -12 12 -14 -15 -16 25 18 -19 27 -21 21 -23 -24 -25 -26 -27 -28 28 -30 -31
leaf_value=-0.0088998982329360904 0.0018418663179698813 -0.00014659197497933791 -0.00068902489733441217 -0.00012055587449582375 -0.00014659197497933791 -0.00046636623227055756 2.6156515949254124e-05 -0.00023970421745377518 -0.0054611549039851734 0.0002895503610946176 0.0059116588601581628 0.0095731111918006383 -0.0016999465881576304 -0.0010314897749608345 -0.0011510771439820133 -0.0019914178575004917 0.0035919415713519718 0.0011084876213515032 -0.00096906180942287097 0.00014565095127148142 7.6141297401809507e-05 -0.00047580136563333056 -7.8063649594685728e-05 -0.00014659197497933791 -0.00014659197497933791 -0.0014784545645128424 -0.0017426562041858405 -0.00012782124379528975 -0.00054161370563103801 -0.0001466990721347558
leaf_weight=834 541 582 4696 710 92397 4398 640 715 3554 58717 8071 1053 1494 27248 7347 827 552 2192 591 508 1390 4333 970 5845 1078 1445 1522 510 804 1634
leaf_count=834 541 582 4696 710 92397 4398 640 715 3554 58717 8071 1053 1494 27248 7347 827 552 2192 591 508 1390 4333 970 5845 1078 1445 1522 510 804 1634
internal_value=-0.00329285 -0.00681826 -0.000265013 -0.00189786 -0.00731697 -7.39233e-05 -0.00117211 0.00108177 3.18501e-06 0.000123482 0.0016967 -0.000845353 0.00183896 -3.9521e-05 -0.00147276 -0.00163065 -0.00167673 -0.00107112 -0.00190614 0.00349565 -0.00141679 -0.00192707 0.000501969 -0.00602338 -0.00424188 -0.00332454 -0.0014843 -0.00376377 -0.00290653 -0.00530691
internal_weight=237198 109593 127605 13367 99902 114238 11023 1863 108318 94870 8905 13448 2547 85965 10901 9160 9691 6888 9150 1148 7245 5723 1522 7505 1660 2272 5920 1905 1314 2344
internal_count=237198 109593 127605 13367 99902 114238 11023 1863 108318 94870 8905 13448 2547 85965 10901 9160 9691 6888 9150 1148 7245 5723 1522 7505 1660 2272 5920 1905 1314 2344
is_linear=0
shrinkage=0.03


Tree=195
num_leaves=31
num_cat=0
split_feature=35 8 8 25 35 0 8 7 8 2 31 3 39 5 8 35 4 4 8 4 20 4 24 0 20 38 25 23 7 39
split_gain=2797.07 324.383 34.2458 29.1257 17.7639 18.5891 16.6841 12.1401 11.4426 11.2564 10.4046 10.0068 11.1428 9.51089 8.74973 12.6478 11.3958 8.70658 7.42915 6.96169 6.37111 6.0648 5.74384 3.88528 3.6926 3.19522 2.96541 2.84059 2.66921 6.19828
threshold=935.00000000000011 0.4000000000000013 0.79999999999999816 1650.5000000000002 875.00000000000011 27.950000000000003 0.70000000000000029 6.4000000000000004 1.1999999999999977 1012.2500000000001 37.759615384615394 26.650000000000002 -0.84313311835787952 15.550000000000002 0.35000000000000148 1345.0000000000002 2.2999999999999985 2.2000000000000002 2.8000000000000003 1.8999999999999992 -0.10000000000007957 4.2999999999999998 0.79999999999999905 26.850000000000005 -0.30000000000001131 0.12545942051955489 1698.5000000000002 3.5000000000000004 2.0999999999999992 -0.86974577485258975
decision_type=2 2 2 2 2 2 2 2 2 2 2 2 2 2 2 2 2 2 2 2 2 2 2 2 2 2 2 2 2 2
left_child=2 13 7 4 9 8 17 10 -6 18 11 12 -1 -2 15 16 -15 20 -4 -12 -3 -11 -5 -9 -16 -13 -19 -21 29 -8
right_child=1 6 3 22 5 -7 28 23 -10 21 19 25 -14 14 24 -17 -18 26 -20 27 -22 -23 -24 -25 -26 -27 -28 -29 -30 -31
leaf_value=0.001768858562349147 0.0021242647996400628 -0.00014219421572995777 -0.00081191819752088118 -0.00014226730508958452 1.0946191171086323e-05 -0.00018769583785821779 -0.00014219421572995777 -0.00055382280250561126 0.00016740045937699158 -0.0027962332083852361 0.00087046736115411723 -0.0017725077344630446 -0.00012845977908942019 0.0001674115349414479 -1.0927992605042518e-05 -0.00078557670528575966 -0.00070166388684129099 -0.00014219421572995777 -0.0014189160961957188 -0.0033273111705650845 -0.00014219421572995777 -0.00027270901008638479 -7.9448415939946808e-05 -0.0023652890245005106 5.1012128723954197e-05 -0.0071133961229708246 -0.00014219421572995777 -0.011970671887852006 -0.00014219421572995777 -0.00014219421572995777
leaf_weight=17047 524 506 4734 1667 536 764 518 963 666 2134 522 2120 90548 1857 739 732 5171 501 527 698 1174 1569 525 781 567 744 5388 581 87371 4727
leaf_count=17047 524 506 4734 1667 536 764 518 963 666 2134 522 2120 90548 1857 739 732 5171 501 527 698 1174 1569 525 781 567 744 5388 581 87371 4727
internal_value=-0.00329125 -0.00679917 -0.000262059 -0.00171327 -0.00107986 0.00150152 -0.00730372 -9.4995e-05 0.00382475 -0.00164622 -5.6386e-05 -1.94865e-05 2.71151e-05 -0.00152784 -0.00175507 -0.00213734 -0.00174538 -0.00594472 -0.000753848 -0.00231697 -0.00403092 -0.00291296 -0.00486782 -0.00257732 0.000516055 -0.00176902 -0.00648914 -0.00350703 -0.00741465 -0.00674242
internal_weight=236901 109775 127126 13122 10930 1966 100185 114004 1202 8964 112260 110459 107595 9590 9066 7760 7028 7569 5261 1801 1680 3703 2192 1744 1306 2864 5889 1279 92616 5245
internal_count=236901 109775 127126 13122 10930 1966 100185 114004 1202 8964 112260 110459 107595 9590 9066 7760 7028 7569 5261 1801 1680 3703 2192 1744 1306 2864 5889 1279 92616 5245
is_linear=0
shrinkage=0.03


Tree=196
num_leaves=31
num_cat=0
split_feature=25 9 7 11 24 7 4 39 22 38 39 39 6 3 2 6 9 1 7 29 11 35 27 23 3 12 5 38 5 11
split_gain=2815.96 132.824 30.9269 23.5214 18.2783 13.8778 17.746 13.5976 15.0228 16.367 13.1169 17.361 16.4879 13.7633 13.7078 12.2526 12.1736 15.4824 11.1409 10.7985 10.0161 9.58925 8.39598 8.11581 7.69181 7.50981 7.4519 6.93017 9.38126 6.68041
threshold=1680.5000000000002 45.000000000000007 2.0999999999999992 1.0000000180025095e-35 0.60000000000000064 2.4000000000000017 6.1499999999999995 0.99445195900249039 18.500000000000004 0.056951373111866731 0.94353349168649059 0.92843842216862604 20.450000000000003 14.15 1014.1500000000002 19.650000000000002 275.00000000000006 89.500000000000014 5.9000000000000004 8.1000000000000014 -0.39999999999999986 985.00000000000011 13.183333333333335 4.5000000000000009 26.650000000000002 -0.010000000000000082 14.65 0.57077594689671507 18.150000000000002 0.1000000000000001
decision_type=2 2 2 2 2 2 2 2 2 2 2 2 2 2 2 2 2 2 2 2 2 2 2 2 2 2 2 2 2 2
left_child=4 3 16 25 5 6 27 10 -9 19 11 15 14 -13 -12 -6 17 -3 20 -10 -7 29 -19 -5 -22 -2 -23 28 -1 -4
right_child=1 2 21 23 7 18 -8 8 9 -11 12 13 -14 -15 -16 -17 -18 22 -20 -21 24 26 -24 -25 -26 -27 -28 -29 -30 -31
leaf_value=0.0020043388533986747 -0.00012959201732662198 -0.00013792838925805903 -0.00013792838925805903 -1.7022587958444301e-06 0.0011315973298479131 -0.00013003066133793122 0.0041050351881324956 0.0083152810756074117 0.0066291930031112988 0.0084334249730622039 0.0028588329841799506 0.001110203000705353 0.0072905024013102835 0.011280715485943409 -0.0032260680048501497 -0.00033133445550798856 -0.00013792838925805903 -0.00013792838925805903 -0.00016499150651399846 -0.0026146606330117272 1.9570300220134188e-05 -0.00013792838925805903 0.0024226492698488093 -0.00048353276963320553 -0.0025459258400053176 -0.00045967705830378462 -0.00013792838925805903 -0.0046165405789030207 -0.0016312522636398748 -0.00013792838925805903
leaf_weight=516 945 2641 5354 2306 18127 3433 628 547 606 609 684 767 503 509 6021 65445 6366 709 3858 1281 18584 977 501 1378 725 1822 85058 1889 2669 1317
leaf_count=516 945 2641 5354 2306 18127 3433 628 547 606 609 684 767 503 509 6021 65445 6366 709 3858 1281 18584 977 501 1378 725 1822 85058 1889 2669 1317
internal_value=-0.0032994 -0.00683034 -0.00709208 -0.00265342 -0.000268027 -0.000884565 -0.00222738 -5.85956e-05 0.00191379 0.00092474 -0.000123835 -1.94461e-05 -0.00135229 0.0034507 -0.00174556 -7.25106e-05 -0.0055228 -0.004187 -0.000596572 -0.000456591 -0.000343607 -0.00726491 -0.00137376 -0.00108247 -7.80643e-05 -0.00474269 -0.00735024 -0.00281619 -0.00196031 -0.00616252
internal_weight=236775 109374 102923 6451 127401 32302 5702 95099 3043 2496 92056 84848 7208 1276 6705 83572 10217 3851 26600 1887 22742 92706 1210 3684 19309 2767 86035 5074 3185 6671
internal_count=236775 109374 102923 6451 127401 32302 5702 95099 3043 2496 92056 84848 7208 1276 6705 83572 10217 3851 26600 1887 22742 92706 1210 3684 19309 2767 86035 5074 3185 6671
is_linear=0
shrinkage=0.03


Tree=197
num_leaves=31
num_cat=0
split_feature=35 8 8 25 35 7 8 8 35 2 37 22 6 8 38 4 4 38 24 9 7 24 38 25 6 2 7 39 2 39
split_gain=2807.01 290.425 46.5877 49.8983 20.0832 15.8972 15.476 10.4995 12.0091 10.4021 12.3376 18.037 12.1313 10.1431 9.9459 10.3393 8.92522 8.35779 6.97658 6.32281 5.00755 3.4962 3.07121 2.77124 2.70465 4.24543 2.65439 6.55927 1.79336 1.62541
threshold=945.00000000000011 0.4000000000000013 0.79999999999999816 1650.5000000000002 895.00000000000011 6.3500000000000023 0.70000000000000029 0.35000000000000148 1345.0000000000002 1028.3000000000004 0.93301270189221952 18.500000000000004 22.250000000000004 0.14999999999999861 0.58481550752069722 4.1000000000000005 2.2000000000000002 0.27694220057652758 1.8499999999999999 395.00000000000006 1.3999999999999997 0.95000000000000029 0.58481550752069722 1818.5000000000002 20.050000000000004 1018.1500000000002 2.0999999999999992 -0.86974577485258975 1011.0500000000001 -0.6652727025667432
decision_type=2 2 2 2 2 2 2 2 2 2 2 2 2 2 2 2 2 2 2 2 2 2 2 2 2 2 2 2 2 2
left_child=2 7 5 4 14 9 16 8 13 10 12 -12 -1 20 17 -16 19 -4 -15 22 -2 29 -3 -9 25 -7 27 -8 -29 -5
right_child=1 6 3 21 -6 24 26 23 -10 -11 11 -13 -14 18 15 -17 -18 -19 -20 -21 -22 -23 -24 -25 -26 -27 -28 28 -30 -31
leaf_value=0.00059861946502354636 -0.0014424072702835238 -0.00013378645511646437 -0.00030576967050802086 -0.00013379053758031726 7.0915068107877947e-05 9.415736241032175e-05 -0.00013379053758031726 -1.7554747786779312e-06 -0.00078210285990599625 0.0086970648333079097 0.0018574873799487174 -0.0015410484456798578 -0.00022948851677341507 -0.00065184372308187371 -0.0024081230631288254 -0.0001098785770330173 -0.00013379053758031726 0.0010267975707217831 -0.00027415571628612958 -0.00013379053758031726 0.00013694970074525005 -0.00013379053758031726 -0.00013379053758031726 5.8021043184252817e-05 -0.0018056886507478978 -0.0015876839749596396 -0.00013379053758031726 -0.00013379053758031726 -0.00013379053758031726 -0.00013379053758031726
leaf_weight=39710 853 512 5850 695 765 541 513 753 795 600 2190 7989 62733 2512 2033 1071 5517 1192 763 530 2548 609 529 513 887 503 86311 1261 3352 1763
leaf_count=39710 853 512 5850 695 765 541 513 753 795 600 2190 7989 62733 2512 2033 1071 5517 1192 763 530 2548 609 529 513 887 503 86311 1261 3352 1763
internal_value=-0.00327002 -0.00685687 -0.000290573 -0.00192597 -0.000975213 -9.20281e-05 -0.00732172 -0.00161432 -0.00204235 -4.59708e-05 -6.69928e-05 -0.00106301 3.19928e-05 -0.00162624 -0.00132883 -0.00274308 -0.00596615 -0.000704855 -0.00281736 -0.00396217 -0.000478254 -0.00530547 -0.00259588 0.000910883 -0.00278971 -0.00174952 -0.00742667 -0.00674824 -0.00710672 -0.00581098
internal_weight=236393 107262 129131 13978 10911 115153 98525 8737 7471 113222 112622 10179 102443 6676 10146 3104 7088 7042 3275 1571 3401 3067 1041 1266 1931 1044 91437 5126 4613 2458
internal_count=236393 107262 129131 13978 10911 115153 98525 8737 7471 113222 112622 10179 102443 6676 10146 3104 7088 7042 3275 1571 3401 3067 1041 1266 1931 1044 91437 5126 4613 2458
is_linear=0
shrinkage=0.03


Tree=198
num_leaves=31
num_cat=0
split_feature=25 8 8 25 25 0 8 5 32 33 25 9 28 39 25 8 44 44 3 8 19 5 39 25 4 1 4 7 6 7
split_gain=2809.06 332.538 31.0696 32.5131 18.4554 17.1374 11.5154 11.0709 12.1107 10.972 10.7136 12.8027 11.978 20.3914 18.0278 10.6243 9.43068 16.321 9.66854 9.31857 7.35681 7.12168 6.65023 5.51514 5.42728 5.41401 4.63907 4.84976 3.11938 2.1667
threshold=1680.5000000000002 0.49999999999999739 0.79999999999999816 1650.5000000000002 1620.5000000000002 27.950000000000003 0.70000000000000029 15.550000000000002 51.500000000000007 0.21052631578947525 1601.0000000000002 95.000000000000014 19.500000000000004 -0.70289845916694649 1399.5000000000002 1.1999999999999977 11899.500000000002 5940.0000000000009 18.850000000000005 1.5999999999999963 -0.59999999999996578 26.850000000000005 -0.84313311835787952 1439.5000000000002 3.5000000000000009 80.500000000000014 1.8499999999999999 1.7000000000000004 15.350000000000003 2.0999999999999992
decision_type=2 2 2 2 2 2 2 2 2 2 2 2 2 2 2 2 2 2 2 2 2 2 2 2 2 2 2 2 2 2
left_child=2 7 9 4 19 15 26 -2 20 16 12 25 13 -11 -14 -6 17 18 -1 21 -9 -4 -22 -21 -5 -12 27 -3 -28 -8
right_child=1 6 3 24 5 -7 29 8 -10 10 11 -13 14 -15 -16 -17 -18 -19 -20 23 22 -23 -24 -25 -26 -27 28 -29 -30 -31
leaf_value=0.00084823395225946008 0.0023330931250688009 -0.00012977682145290774 -0.00053868863241122685 -8.7047893012760983e-05 1.2560780602971082e-05 -0.00015554615039408708 -0.00012977682145290774 7.3532591090366554e-05 0.0026687685811165626 0.0037745025579592048 -5.8983396145299718e-05 0.00060312163603695788 -0.00058582808056228952 -0.0013257774169255936 -0.003400299750232354 0.00017198994551814647 -0.0063224630663745703 0.013064940853203545 -0.0002666710981322745 -0.0033260276150821519 -3.2738412809735109e-05 0.00015736340099732916 -0.00027726970463133485 -0.00139417383189996 -0.00012974775080684106 0.0023340373186392016 -0.00012977682145290774 -0.00012977682145290774 -0.00012977682145290774 -0.00012977682145290774
leaf_weight=29407 530 617 2761 697 517 720 5230 928 517 5946 4073 827 11643 17312 11653 650 886 647 31298 998 1580 3214 6888 2130 1655 590 533 525 4924 87067
leaf_count=29407 530 617 2761 697 517 720 5230 928 517 5946 4073 827 11643 17312 11653 650 886 647 31298 998 1580 3214 6888 2130 1655 590 533 525 4924 87067
internal_value=-0.00327108 -0.00679994 -0.000247755 -0.00161758 -0.000932041 0.00176681 -0.00733756 -0.00170823 -0.00193419 -8.78076e-05 -0.000409253 0.000843955 -0.000557071 -7.54514e-05 -0.00103786 0.00400984 0.000180993 0.000225413 0.000174815 -0.00149176 -0.00218025 -0.000796804 -0.00245809 -0.00281789 -0.00481733 0.000233119 -0.00612066 -0.00436626 -0.00648608 -0.00742443
internal_weight=236963 109339 127624 13342 10990 1887 98896 10443 9913 114282 52044 5490 46554 23258 23296 1167 62238 61352 60705 9103 9396 5975 8468 3128 2352 4663 6599 1142 5457 92297
internal_count=236963 109339 127624 13342 10990 1887 98896 10443 9913 114282 52044 5490 46554 23258 23296 1167 62238 61352 60705 9103 9396 5975 8468 3128 2352 4663 6599 1142 5457 92297
is_linear=0
shrinkage=0.03


Tree=199
num_leaves=31
num_cat=0
split_feature=25 8 8 25 25 0 29 7 8 32 2 39 0 15 38 34 39 4 25 8 4 4 25 39 39 0 7 2 23 19
split_gain=2800.24 341.632 31.1944 30.1555 16.1603 18.9732 12.2309 11.6521 11.4832 10.0866 9.79578 10.9363 9.56049 8.02803 7.80512 7.58071 7.36819 12.517 7.79783 7.07539 6.38114 4.03609 4.85897 3.28953 2.49608 2.47578 2.42878 5.49171 5.47522 1.69437
threshold=1680.5000000000002 0.40000000000000396 0.79999999999999816 1650.5000000000002 1620.5000000000002 26.250000000000004 1.2250000000000003 6.4000000000000004 0.70000000000000029 51.500000000000007 1028.4500000000003 0.73136292505298039 15.450000000000001 0.37815340802389369 0.26037272046371446 5.5000000000000009 -0.84313311835787952 2.9000000000000017 1950.5000000000002 1.5999999999999963 2.9500000000000006 2.0999999999999992 1948.5000000000002 -0.065537083312030994 0.48877522411129348 18.550000000000004 2.0999999999999992 1011.1500000000002 3.5000000000000004 -0.30000000000001131
decision_type=2 2 2 2 2 2 2 2 2 2 2 2 2 2 2 2 2 2 2 2 2 2 2 2 2 2 2 2 2 2
left_child=2 9 6 4 13 -6 14 10 21 12 11 -8 -2 15 -1 -4 17 -14 -18 -15 -5 22 -3 -9 -25 -23 27 28 -10 -27
right_child=1 8 3 20 5 -7 7 23 26 -11 -12 -13 16 19 -16 -17 18 -19 -20 -21 -22 25 -24 24 -26 29 -28 -29 -30 -31
leaf_value=0.00073091104443534505 0.0020378664254440313 -0.00012588351680932049 4.8717729372095626e-05 -6.2674693193425461e-05 0.00012241501750284898 -7.9237374189600895e-05 0.0001019826458960097 -0.0023189452187823865 -0.00012588351680932049 0.0028974422985036702 0.0094442902822148376 -0.00058296081232744391 0.0023920600178900793 0.00084954222336857614 0.014065862538317733 -0.0012182077413043653 -0.00013924795619622146 -0.00013570946073710249 -0.00049105199491171361 -0.0010047523835931894 -0.00012453857789315113 -0.00012588351680932049 -0.00012588351680932049 -2.4740805411734966e-05 -0.0016607441356350458 -0.00012588351680932049 -0.00012588351680932049 -0.00012588351680932049 -0.00012588351680932049 -0.00012588351680932049
leaf_weight=717 534 721 1172 519 872 959 82310 615 831 527 549 28065 586 1733 693 4856 5799 1244 1794 1310 1821 877 662 540 592 1220 86944 3423 995 3220
leaf_count=717 534 721 1172 519 872 959 82310 615 831 527 549 28065 586 1733 693 4856 5799 1244 1794 1310 1821 877 662 540 592 1220 86944 3423 995 3220
internal_value=-0.00327146 -0.00679196 -0.000247104 -0.00162526 -0.000961574 0.00160802 -8.71076e-05 -0.000121879 -0.00733786 -0.00164219 -8.35692e-05 -0.000103486 -0.00185636 -0.00148049 0.00268768 -0.00211443 -0.00207772 -0.00036845 -0.00248947 -0.000224138 -0.00471392 -0.0061325 -0.00467329 -0.00255146 -0.0015873 -0.00651015 -0.00742532 -0.00678299 -0.00544037 -0.00680099
internal_weight=236700 109377 127323 13242 10902 1831 114081 112671 98893 10484 110924 110375 9957 9071 1410 6028 9423 1830 7593 3043 2340 6700 1383 1747 1132 5317 92193 5249 1826 4440
internal_count=236700 109377 127323 13242 10902 1831 114081 112671 98893 10484 110924 110375 9957 9071 1410 6028 9423 1830 7593 3043 2340 6700 1383 1747 1132 5317 92193 5249 1826 4440
is_linear=0
shrinkage=0.03


Tree=200
num_leaves=31
num_cat=0
split_feature=35 8 8 35 35 0 8 3 39 39 38 31 29 6 6 8 7 3 19 1 35 4 4 8 3 4 4 35 19 20
split_gain=2815.31 304.779 44.9669 44.4454 20.4748 15.5153 10.9892 10.8155 14.813 40.8046 24.7387 16.8205 13.5692 34.9856 15.2144 10.5042 10.0727 9.94242 9.69444 7.11524 15.0596 6.29734 6.07953 6.04208 5.87238 7.20083 5.04733 5.86794 4.59159 4.36573
threshold=945.00000000000011 0.49999999999999739 0.79999999999999816 905.00000000000011 875.00000000000011 27.950000000000003 0.70000000000000029 26.650000000000002 -0.84313311835787952 -0.95242240592625282 0.12545942051955489 10.961538461538463 9.6333333333333346 24.350000000000005 26.150000000000002 1.3 1.1500000000000006 23.350000000000005 0.25000000000000006 87.500000000000014 1145.0000000000002 4.3000000000000034 3.0999999999999992 2.0000000000000013 15.850000000000003 2.2999999999999985 1.8499999999999999 1195.0000000000002 -0.59999999999996578 -0.09999999999996588
decision_type=2 2 2 2 2 2 2 2 2 2 2 2 2 2 2 2 2 2 2 2 2 2 2 2 2 2 2 2 2 2
left_child=2 16 7 4 17 15 26 8 9 10 -1 -11 13 -10 -14 -6 -2 21 19 28 -21 -4 -5 -19 -20 -26 27 -3 -18 -9
right_child=1 6 3 22 5 -7 -8 29 12 11 -12 -13 14 -15 -16 -17 18 23 24 20 -22 -23 -24 -25 25 -27 -28 -29 -30 -31
leaf_value=0.0010017220116654646 -0.00097911887607002399 -0.00012210701130504088 -0.0020582585618684202 -0.000102724835022999 1.577814217090729e-05 -0.00016874089033549575 -0.00012210701130504088 -0.0029023462121596259 0.0017668703160446241 0.010057774695168307 -0.0058006972863700514 0.0028325345583564907 -0.0005724260525849169 -0.0022942915799779862 0.00076063619858973079 0.00016610493019892023 -1.8463148531172431e-05 -7.0158479555594292e-05 0.0019634032012355021 0.0030990371689498097 -0.00061822223915761502 -0.00022925706731202853 -0.00012210701130504088 -0.0015801307856195593 0.00048598595348245681 -0.000163469759520901 -0.00012210701130504088 -0.00012210701130504088 -0.0001804947340649223 -0.0020965045613382726
leaf_weight=6487 1136 574 2275 768 571 716 91617 1180 24997 2718 2954 5440 46663 13124 10122 562 647 3711 692 645 528 1972 2435 1037 876 816 5186 567 4279 1707
leaf_count=6487 1136 574 2275 768 571 716 91617 1180 24997 2718 2954 5440 46663 13124 10122 562 647 3711 692 645 528 1972 2435 1037 876 816 5186 567 4279 1707
internal_value=-0.00326102 -0.00684779 -0.000280379 -0.00188287 -0.000965333 0.00190843 -0.00734823 -8.52731e-05 -3.87309e-05 0.00076061 -0.000582177 0.00231434 -0.000186971 0.000250833 -0.000480876 0.00409031 -0.00175164 -0.00155635 -0.0013957 -0.00202959 7.02128e-05 -0.00261061 -0.00498674 -0.000612632 0.00022632 -0.000726092 -0.00613249 -0.00431102 -0.00252942 -0.00189772
internal_weight=237002 107563 129439 14047 10844 1849 97944 115392 112505 17599 9441 8158 94906 38121 56785 1133 9619 8995 8483 6099 1173 4247 3203 4748 2384 1692 6327 1141 4926 2887
internal_count=237002 107563 129439 14047 10844 1849 97944 115392 112505 17599 9441 8158 94906 38121 56785 1133 9619 8995 8483 6099 1173 4247 3203 4748 2384 1692 6327 1141 4926 2887
is_linear=0
shrinkage=0.03


Tree=201
num_leaves=31
num_cat=0
split_feature=25 9 7 25 11 25 10 32 9 6 38 4 37 24 6 7 9 11 9 1 15 15 38 22 11 38 2 10 3 6
split_gain=2805.64 121.948 37.8582 26.0499 18.4559 13.599 18.0275 12.8455 11.2743 9.37716 19.0182 9.24052 8.9457 11.2829 12.8223 8.75414 8.25186 13.8678 8.03425 7.96912 7.86212 6.66284 6.37117 6.12772 5.95099 4.91309 4.00585 3.93966 3.05228 2.92065
threshold=1690.5000000000002 45.000000000000007 2.0999999999999992 1680.5000000000002 0.099999999999996106 1170.5000000000002 0.099999999999996106 53.500000000000007 45.000000000000007 28.250000000000004 -0.13398594226331254 4.7500000000000009 0.6830127018922193 2.3500000000000001 22.350000000000005 4.6999999999999984 125.00000000000001 -0.40000000000000119 295.00000000000006 92.500000000000014 0.18708286933849935 1.0000000180025095e-35 -0.36647417525074694 18.500000000000004 -0.39999999999999986 -0.074117382312902977 1010.0500000000001 -0.19999999999999749 24.650000000000002 15.250000000000002
decision_type=2 2 2 2 2 2 2 2 2 2 2 2 2 2 2 2 2 2 2 2 2 2 2 2 2 2 2 2 2 2
left_child=3 4 7 5 20 12 21 18 -5 15 -11 -6 13 22 -15 -8 17 -4 19 -3 26 -7 -1 -14 -23 -25 -2 -19 -20 -18
right_child=1 2 16 8 11 6 9 -9 -10 10 -12 -13 23 14 -16 -17 29 27 28 -21 -22 24 -24 25 -26 -27 -28 -29 -30 -31
leaf_value=0.0043896381949660732 -0.00017350173215167322 -0.00011844380096588966 -0.00011844380096588966 -9.3668834935912683e-05 0.00021402243356892931 -0.0083858457234253208 0.00024417564287920746 -0.00011844380096588966 -0.00011844380096588966 5.1748281642972622e-05 -0.0053043136139880008 -0.00047022398555690304 0.0022570943156554699 0.0086083318899319739 0.0026652737028172433 -0.00035376892632386496 -0.00011844380096588966 -0.00011844380096588966 -0.00011844380096588966 -0.00011844380096588966 -0.00011035752019239571 -0.00011963651088329885 -0.010532318027200572 -0.0037692674180506013 -0.00016506831891459727 0.00037573090320120795 -0.00080241652268443677 -0.00011844380096588966 -0.00011844380096588966 -0.00011844380096588966
leaf_weight=562 547 3147 5100 757 1726 919 58357 589 1435 5731 3277 1530 731 2789 7238 7734 7016 1192 4897 680 1038 7780 1181 2054 27986 1232 959 2308 686 75898
leaf_count=562 547 3147 5100 757 1726 919 58357 589 1435 5731 3277 1530 731 2789 7238 7734 7016 1192 4897 680 1038 7780 1181 2054 27986 1232 959 2308 686 75898
internal_value=-0.0032545 -0.0068432 -0.00708494 -0.000286614 -0.00261117 -0.000230868 -0.000347271 -0.00532972 -0.0035278 -8.09909e-05 -0.000988901 -0.00111418 0.000593293 0.00101045 0.0013977 4.27806e-05 -0.0072766 -0.00638572 -0.0055987 -0.00453447 -0.00452474 -0.000892346 -0.00121633 -0.000628888 -0.000827416 -0.00118157 -0.00313329 -0.00492576 -0.00632632 -0.00736884
internal_weight=237076 107313 101513 129763 5800 127571 111784 9999 2192 75099 9008 3256 15787 11770 10027 66091 91514 8600 9410 3827 2544 36685 1743 4017 35766 3286 1506 3500 5583 82914
internal_count=237076 107313 101513 129763 5800 127571 111784 9999 2192 75099 9008 3256 15787 11770 10027 66091 91514 8600 9410 3827 2544 36685 1743 4017 35766 3286 1506 3500 5583 82914
is_linear=0
shrinkage=0.03


Tree=202
num_leaves=31
num_cat=0
split_feature=35 9 7 11 24 25 4 39 22 38 37 4 4 39 29 9 7 38 1 39 4 7 39 9 11 5 10 6 39 25
split_gain=2811.34 124.151 33.5316 24.8222 22.5513 18.5123 13.1801 11.8298 13.1981 15.1571 12.6973 23.5479 17.674 14.6707 11.9682 11.3284 11.2328 11.0176 10.8542 8.69025 8.13774 7.87689 7.45669 7.41773 13.4117 6.2476 5.9314 5.72856 5.15989 5.14565
threshold=945.00000000000011 55.000000000000007 2.0999999999999992 0.099999999999996106 0.3499999999999997 1680.5000000000002 3.5000000000000009 0.99445195900249039 18.500000000000004 0.056951373111866731 0.93301270189221952 2.7500000000000004 11.750000000000004 0.97062204580664158 7.6333333333333337 255.00000000000003 2.0000000000000013 -0.17647087149565668 92.500000000000014 0.26659387353423869 5.1499999999999995 5.9000000000000004 -0.93543596745397617 135.00000000000003 -0.20000000000000193 25.150000000000002 -0.29999999999999799 16.450000000000003 0.67007489853957602 1809.5000000000002
decision_type=2 2 2 2 2 2 2 2 2 2 2 2 2 2 2 2 2 2 2 2 2 2 2 2 2 2 2 2 2 2
left_child=4 3 15 6 5 16 -2 10 -9 14 12 27 13 -6 -10 18 20 -13 28 -14 25 26 -17 24 -4 -1 -18 -12 -3 -5
right_child=1 2 23 29 7 -7 -8 8 9 -11 11 17 19 -15 -16 22 21 -19 -20 -21 -22 -23 -24 -25 -26 -27 -28 -29 -30 -31
leaf_value=-0.0051462964938748679 -0.00017246257623460394 -0.00011489048693691297 -0.00011489048693691297 -0.00037721694795827258 -3.7710619941966338e-06 -0.00011489048693691297 -0.00011489048693691297 0.0090758076199782666 0.0074357425914524499 0.0077158961401732106 0.0051263988598556813 -0.0028831068918075261 0.0073391974506077599 -0.0035427384950324822 -0.0020451061827860633 -0.00011489048693691297 -0.00011698590873805551 0.00065887743096875947 -6.0455783596051344e-05 0.0013419706994582926 0.0014316701832419346 -0.0001445640401362174 -0.00011489048693691297 -0.00011489048693691297 -0.00011489048693691297 -0.0013406626033720152 -3.9430863634149323e-05 0.00044763622156557823 -0.00011489048693691297 0.00051877244677651327
leaf_weight=1402 1110 1562 7045 2273 86292 1319 2431 566 566 649 515 4718 663 2245 1440 505 4063 1024 561 696 522 3712 6199 81505 2357 1065 17064 548 1087 983
leaf_count=1402 1110 1562 7045 2273 86292 1319 2431 566 566 649 515 4718 663 2245 1440 505 4063 1024 561 696 522 3712 6199 81505 2357 1065 17064 548 1087 983
internal_value=-0.00324942 -0.00683 -0.00709459 -0.00290447 -0.000263866 -0.000998062 -0.00464225 -4.96878e-05 0.00173829 0.000849642 -0.000109278 -0.00135853 -1.46833e-05 -6.6835e-05 -0.000440737 -0.00543516 -0.000833273 -0.00211786 -0.00396482 0.00337803 -0.00257021 -0.000624069 -0.00613779 -0.00727543 -0.00647118 -0.00328979 -0.000400043 0.00273944 -0.00476707 -0.00101289
internal_weight=236687 107618 100821 6797 129069 29147 3541 99922 3221 2655 96701 6805 89896 88537 2006 9914 27828 5742 3210 1359 2989 24839 6704 90907 9402 2467 21127 1063 2649 3256
internal_count=236687 107618 100821 6797 129069 29147 3541 99922 3221 2655 96701 6805 89896 88537 2006 9914 27828 5742 3210 1359 2989 24839 6704 90907 9402 2467 21127 1063 2649 3256
is_linear=0
shrinkage=0.03


Tree=203
num_leaves=31
num_cat=0
split_feature=35 8 8 25 35 0 33 31 38 32 44 44 25 38 8 38 1 8 3 8 8 35 8 32 24 13 1 24 4 39
split_gain=2828.38 318.962 34.6691 47.8741 25.2382 16.139 11.3314 11.2906 17.8058 14.4812 10.4983 13.7848 10.4066 13.1237 9.96114 9.86671 13.0814 10.2919 9.42526 9.34903 21.942 12.9486 9.82882 8.66664 8.38547 8.3121 7.94454 6.01906 4.66085 4.58468
threshold=945.00000000000011 0.49999999999999739 0.79999999999999816 1650.5000000000002 875.00000000000011 27.950000000000003 0.058823529411764615 14.14835164835165 -0.75015329512557205 12.500000000000002 11899.500000000002 5940.0000000000009 1601.0000000000002 -0.88622299073327826 0.70000000000000029 0.58481550752069722 78.500000000000014 2.8000000000000003 18.850000000000005 0.35000000000000148 0.39999999999999908 1365.0000000000002 0.14999999999999861 21.500000000000004 0.95000000000000029 -0.0033333333333333656 79.500000000000014 1.8499999999999999 3.7000000000000024 0.063390085881955341
decision_type=2 2 2 2 2 2 2 2 2 2 2 2 2 2 2 2 2 2 2 2 2 2 2 2 2 2 2 2 2 2
left_child=2 19 6 4 15 25 10 8 23 -10 11 18 13 -9 -3 17 -17 -4 -1 21 24 22 29 -8 -21 -6 -14 -24 -5 -2
right_child=1 14 3 28 5 -7 7 12 9 -11 -12 -13 26 -15 -16 16 -18 -19 -20 20 -22 -23 27 -25 -26 -27 -28 -29 -30 -31
leaf_value=0.00083678205790239208 -0.0014477977957526736 -0.00011144377232880559 -0.00014417297771884434 -0.00010100250268382289 0.00013588096286451667 -8.942835765403845e-05 -0.0030792008323399186 0.001187466840971616 0.0055667444368999704 0.00022620283646087298 -0.0063170020854603744 0.011585765646900448 1.5470633847588157e-06 -0.0026260682177468675 -0.00011144377232880559 0.00021587891845788228 -0.0033067916472742744 -0.0015687339351395408 -0.00015049801404437514 4.6499153817676203e-05 -0.00011141253480884574 -0.00089695224277759947 -0.00061226294709304995 0.0016456830518491788 9.4478155861438429e-07 6.7547964092014618e-05 0.0024429930305562867 -0.00037320021516818803 -0.00011144377232880559 0.00033836916549588451
leaf_weight=28083 1722 6350 5588 924 702 786 4330 4248 3202 14083 882 655 3361 24836 91685 883 1840 612 29745 654 838 607 2551 1154 570 516 815 777 2111 1853
leaf_count=28083 1722 6350 5588 924 702 786 4330 4248 3202 14083 882 655 3361 24836 91685 883 1840 612 29745 654 838 607 2551 1154 570 516 815 777 2111 1853
internal_value=-0.00324146 -0.00683495 -0.000252091 -0.00166392 -0.000737716 0.00230309 -8.1242e-05 -0.000387241 0.000127465 0.000600017 0.000207565 0.000256604 -0.000739583 -0.000940659 -0.00734531 -0.00142101 -0.00292569 -0.000759432 0.000207505 -0.00160748 0.000181686 -0.00209864 -0.0017281 -0.00136165 0.00274062 0.00446311 0.000660603 -0.0029009 -0.00499588 -0.000635309
internal_weight=236963 107607 129356 13962 10927 2004 115394 56029 22769 17285 59365 58483 33260 29084 98035 8923 2723 6200 57828 9572 2062 7510 6903 5484 1224 1218 4176 3328 3035 3575
internal_count=236963 107607 129356 13962 10927 2004 115394 56029 22769 17285 59365 58483 33260 29084 98035 8923 2723 6200 57828 9572 2062 7510 6903 5484 1224 1218 4176 3328 3035 3575
is_linear=0
shrinkage=0.03


Tree=204
num_leaves=31
num_cat=0
split_feature=25 8 8 25 25 0 29 6 38 39 2 39 29 38 7 32 8 8 25 5 24 38 1 8 8 38 1 25 21 0
split_gain=2810.32 324.605 33.7271 47.8917 14.0106 17.4046 11.7413 10.5561 26.5975 22.8774 24.7069 20.1449 17.2768 11.5492 10.2284 9.98948 10.5341 19.9234 9.93687 10.7249 9.61505 9.55133 12.8204 9.14746 8.69915 7.64144 3.33888 4.6936 4.59047 3.03423
threshold=1690.5000000000002 0.49999999999999739 0.79999999999999816 1650.5000000000002 1620.5000000000002 24.750000000000004 1.2250000000000003 28.250000000000004 -0.13398594226331254 -0.86974577485258975 999.05000000000007 -0.85225707553516283 9.6333333333333346 0.46800856592688472 2.7500000000000004 51.500000000000007 0.35000000000000148 0.39999999999999908 2091.0000000000005 19.550000000000004 0.95000000000000029 0.58481550752069722 77.500000000000014 0.70000000000000029 2.9999999999999978 0.22700754078277605 89.500000000000014 1950.5000000000002 14.500000000000002 28.750000000000004
decision_type=2 2 2 2 2 2 2 2 2 2 2 2 2 2 2 2 2 2 2 2 2 2 2 2 2 2 2 2 2 2
left_child=2 15 6 4 21 -6 25 9 11 10 -8 -9 -11 -10 -5 16 18 20 19 -2 -18 24 -23 26 -4 -1 28 -28 -3 -7
right_child=1 23 3 14 5 29 7 8 13 12 -12 -13 -14 -15 -16 -17 17 -19 -20 -21 -22 22 -24 -25 -26 -27 27 -29 -30 -31
leaf_value=0.00026648101283341494 0.00012641915999392808 -0.00010810045915894142 -9.6688672743750254e-05 -4.6030681160740779e-05 0.00015219463076863475 2.1566777337804216e-05 -0.006001561841248562 0.0033958571944400868 -0.0066292676218648247 0.00068143964128879902 0.0049341214879320304 -0.0015085951670990598 -0.00036699540836326286 -9.1148915805291901e-05 -0.00010810045915894142 0.0031277489552538856 4.2868723643429877e-05 -0.00010823940831772018 -0.0007864776836463503 -0.00065535287994930417 -5.3422520482566851e-06 0.00055546959628479243 -0.0030166370523250666 -0.00010810045915894142 -0.0014606213780277151 0.015294516890173684 -0.00010810045915894142 -0.00010810045915894142 -0.00010810045915894142 -0.00015070795191311754
leaf_weight=673 1618 548 5838 573 663 606 864 3980 4017 35705 8393 4523 55402 1300 2662 505 631 818 812 4707 512 851 1898 91262 509 741 507 547 4633 600
leaf_count=673 1618 548 5838 573 663 606 864 3980 4017 35705 8393 4523 55402 1300 2662 505 631 818 812 4707 512 851 1898 91262 509 741 507 547 4633 600
internal_value=-0.00323611 -0.00683321 -0.000267989 -0.00164766 -0.000700967 0.00166355 -9.84862e-05 -0.000132153 -0.00090942 -2.51081e-05 0.00139567 0.000131393 -0.000169495 -0.00257332 -0.00485403 -0.00157028 -0.00179835 0.000149007 -0.00233331 -0.00193101 0.00270524 -0.00118707 -0.00266358 -0.00735154 -0.000546937 0.00261653 -0.00623256 -0.0046733 -0.00654785 -0.000484272
internal_weight=236898 107100 129798 14200 10965 1869 115598 114184 13820 100364 9257 8503 91107 5317 3235 9603 9098 1961 7137 6325 1143 9096 2749 97497 6347 1414 6235 1054 5181 1206
internal_count=236898 107100 129798 14200 10965 1869 115598 114184 13820 100364 9257 8503 91107 5317 3235 9603 9098 1961 7137 6325 1143 9096 2749 97497 6347 1414 6235 1054 5181 1206
is_linear=0
shrinkage=0.03


Tree=205
num_leaves=31
num_cat=0
split_feature=35 8 8 25 35 0 7 8 25 37 6 3 9 8 8 35 38 5 3 25 7 24 8 2 8 4 35 2 29 31
split_gain=2827.37 324.56 34.6801 40.9551 21.6893 16.0704 12.2161 11.8511 11.8001 14.8553 22.7005 21.6602 11.3552 10.4613 18.4285 14.5284 10.2116 9.11291 13.6682 10.0983 9.06639 8.86518 8.20226 8.1581 6.4792 6.14879 7.41341 5.8018 4.49843 6.48957
threshold=945.00000000000011 0.40000000000000396 0.79999999999999816 1650.5000000000002 875.00000000000011 27.950000000000003 5.3500000000000023 0.70000000000000029 1599.5000000000002 0.6830127018922193 24.150000000000002 20.050000000000004 115.00000000000001 0.35000000000000148 0.39999999999999908 1355.0000000000002 0.63920241694561786 28.850000000000005 24.450000000000003 1720.5000000000002 2.7500000000000004 1.1000000000000008 1.1999999999999977 1014.7500000000001 2.9999999999999978 1.8499999999999999 1165.0000000000002 1015.7500000000001 16.100000000000005 18.839743589743595
decision_type=2 2 2 2 2 2 2 2 2 2 2 2 2 2 2 2 2 2 2 2 2 2 2 2 2 2 2 2 2 2
left_child=2 13 6 4 23 22 8 25 9 11 -11 -1 27 15 21 17 -14 18 -2 -19 -5 -15 -6 24 -4 26 -3 -10 29 -8
right_child=1 7 3 20 5 -7 28 -9 12 10 -12 -13 16 14 -16 -17 -18 19 -20 -21 -22 -23 -24 -25 -26 -27 -28 -29 -30 -31
leaf_value=0.0022390483096525315 -0.00052168990335788577 -0.00010485744538417316 -0.00066267789646875738 -4.3135787203344773e-05 3.3452897183083825e-05 -0.00013867466926211348 -0.00053331918124304128 -0.00010485744538417316 0.0004918284057513425 -0.0010190749884748307 -0.0097127864281823986 -0.00061281743808184964 0.0013741259553925653 4.7949963493775152e-05 -0.00010072567486886378 -0.00075726274529334329 -8.8773488177905908e-05 -0.00019919486181301627 0.0030436829575336203 -0.00085233734418887531 -0.00010485744538417316 -4.9149781568649006e-06 0.00016325147928492411 -0.00081066372107447616 -0.0013433053801048154 -0.00010485744538417316 -0.00010485744538417316 -0.0001340001006546991 -0.0012093113777364834 0.0018973359165648043
leaf_weight=23433 4419 510 5850 544 522 759 4592 91625 7060 25051 689 48477 1197 692 796 712 504 695 720 1033 2508 511 691 2574 540 5269 631 2925 985 564
leaf_count=23433 4419 510 5850 544 522 759 4592 91625 7060 25051 689 48477 1197 692 796 712 504 695 720 1033 2508 511 691 2574 540 5269 631 2925 985 564
internal_value=-0.00322961 -0.006823 -0.000242668 -0.00165332 -0.000795392 0.00205167 -7.17663e-05 -0.00733797 1.37189e-06 -0.000106449 -0.000724885 0.000114932 0.000902207 -0.00155167 0.000378561 -0.00206074 0.00316647 -0.0016367 -0.00100224 -0.00352023 -0.00472495 0.00271992 0.00419136 -0.00142204 -0.000847153 -0.00608468 -0.0040748 0.000515921 -0.00137351 -0.00101784
internal_weight=237078 107613 129465 13988 10936 1972 115477 98035 109336 97650 25740 71910 11686 9578 1999 7579 1701 6867 5139 1728 3052 1203 1213 8964 6390 6410 1141 9985 6141 5156
internal_count=237078 107613 129465 13988 10936 1972 115477 98035 109336 97650 25740 71910 11686 9578 1999 7579 1701 6867 5139 1728 3052 1203 1213 8964 6390 6410 1141 9985 6141 5156
is_linear=0
shrinkage=0.03


Tree=206
num_leaves=31
num_cat=0
split_feature=35 8 8 25 35 7 25 31 37 2 8 39 0 8 8 35 4 10 38 1 9 7 8 39 0 29 15 7 38 4
split_gain=2827.91 330.269 33.8332 44.6816 22.2394 12.3668 17.0812 16.5101 13.2742 10.7655 10.5674 9.90459 9.65101 9.50118 17.202 11.91 9.37567 9.37495 8.23436 11.9279 8.12887 7.63124 7.55031 7.39457 11.7002 7.25403 7.03107 6.08658 5.13099 4.87664
threshold=945.00000000000011 0.49999999999999739 0.79999999999999816 1650.5000000000002 885.00000000000011 4.2999999999999989 1599.5000000000002 32.720779220779228 0.93301270189221952 1015.7500000000001 0.70000000000000029 0.76556758748011056 27.950000000000003 0.30000000000000254 0.39999999999999908 1375.0000000000002 1.4500000000000004 0.099999999999996106 0.58481550752069722 76.500000000000014 35.000000000000007 2.7500000000000004 2.9999999999999978 0.70747208174348741 23.550000000000004 6.9000000000000012 0.30605010483034839 1.1500000000000006 -0.39036798905311365 2.0000000000000013
decision_type=2 2 2 2 2 2 2 2 2 2 2 2 2 2 2 2 2 2 2 2 2 2 2 2 2 2 2 2 2 2
left_child=2 13 5 4 18 6 7 8 -1 11 29 -8 -6 15 -15 17 -9 27 22 -20 23 -5 -4 24 -7 -19 -22 -2 -25 -3
right_child=1 10 3 21 12 20 9 16 -10 -11 -12 -13 -14 14 -16 -17 -18 25 19 -21 26 -23 -24 28 -26 -27 -28 -29 -30 -31
leaf_value=0.00033329030928559434 -0.0016370162754785734 -0.00010171172202264797 -0.00011158467759903841 -4.5178215933020508e-05 0.00010057944360700746 0.0035622360617188938 0.0013939732475351987 0.0037695954127370157 -0.002101693455057185 -6.4222002611155971e-05 -0.00010171172202264797 0.002091797652452793 -8.5121106827086589e-06 3.4604159270572536e-05 -9.8526322157532393e-05 -0.00083349392488597362 -0.0055509005454041829 0.001834890366751708 0.0004537344020619308 -0.0026546121088403332 -1.4226556179336194e-05 -0.00010171172202264797 -0.0012907158406199801 -0.0036884626625061433 -0.0010240151352508705 -0.00052562406315063254 0.0016644028510583531 -0.00056189119074485623 -0.0018475478432126895 -0.00010171172202264797
leaf_weight=79277 589 1290 6146 533 852 1080 4966 648 8011 2527 91564 725 558 1300 831 523 3784 672 920 1980 2725 2506 555 627 8572 2695 580 3031 1976 5048
leaf_count=79277 589 1290 6146 533 852 1080 4966 648 8011 2527 91564 725 558 1300 831 523 3784 672 920 1980 2725 2506 555 627 8572 2695 580 3031 1976 5048
internal_value=-0.00322744 -0.0068234 -0.000242223 -0.00163215 -0.000742986 -7.31169e-05 4.93796e-05 -6.80317e-05 2.2683e-05 0.00135949 -0.0073451 0.00208282 0.00277266 -0.0015252 0.000242616 -0.00202676 -0.00185386 -0.00169874 -0.00125976 -0.00259476 -0.000859787 -0.0048512 -0.000681411 -0.00121584 -0.000832815 -0.000558771 0.000460387 -0.00275814 -0.00263436 -0.00615379
internal_weight=237091 107543 129548 14050 11011 115498 99938 91720 87288 8218 97902 5691 1410 9641 2131 7510 4432 6987 9601 2900 15560 3039 6701 12255 9652 3367 3305 3620 2603 6338
internal_count=237091 107543 129548 14050 11011 115498 99938 91720 87288 8218 97902 5691 1410 9641 2131 7510 4432 6987 9601 2900 15560 3039 6701 12255 9652 3367 3305 3620 2603 6338
is_linear=0
shrinkage=0.03


Tree=207
num_leaves=31
num_cat=0
split_feature=8 9 8 40 41 20 4 40 15 24 40 44 20 20 9 37 6 6 41 20 2 1 21 38 20 34 9 37 20 22
split_gain=2417.55 146.066 85.6883 54.5657 43.0466 33.3899 31.2868 26.4023 25.1553 19.1734 18.3241 11.583 11.5431 11.4091 11.5949 10.7504 40.2032 17.7416 10.6218 8.07984 7.46324 7.09856 6.52234 6.27583 6.09267 6.08083 5.80403 7.06316 5.76432 5.5754
threshold=0.75000000000000011 105.00000000000001 0.49999999999999739 1.0000000180025095e-35 1.0000000180025095e-35 -2.1999999999998745 2.5999999999999992 1.0000000180025095e-35 0.1722401424368277 -0.65000000000000024 1.0000000180025095e-35 11899.500000000002 -1.5000000000000566 -2.0500000000000109 55.000000000000007 0.6830127018922193 8.9500000000000011 22.350000000000005 1.0000000180025095e-35 -1.0000000180025095e-35 1010.5500000000001 83.500000000000014 24.500000000000004 0.49812943072827093 -0.74999999999999989 9.5000000000000018 75.000000000000014 0.6830127018922193 -1.6000000000000794 24.500000000000004
decision_type=2 2 2 2 2 2 2 2 2 2 2 2 2 2 2 2 2 2 2 2 2 2 2 2 2 2 2 2 2 2
left_child=2 7 9 4 -3 26 28 13 10 19 18 15 -8 -2 -15 17 -17 -11 -7 -1 -9 -12 -10 25 -24 -5 -4 -28 -6 -21
right_child=1 3 5 23 6 8 12 20 22 11 21 -13 -14 14 -16 16 -18 -19 -20 29 -22 -23 24 -25 -26 -27 27 -29 -30 -31
leaf_value=-0.00037262333072825672 -9.0816678011679413e-05 -9.8660370361968545e-05 -8.8800685073064619e-05 0.0049949645371992948 -9.8660370361968545e-05 -9.8660370361968545e-05 -9.8660370361968545e-05 0.003837027296728448 -9.8660370361968545e-05 0.0015910183171019682 0.0032097934146579432 -0.0037865547500473399 -9.8660370361968545e-05 -9.2399054152880294e-05 -9.8660370361968545e-05 0.011306499628664261 -0.00054836956421382686 -0.00018797428044880777 -9.8660370361968545e-05 -0.0018625359683770715 -0.0099793797259460533 -0.010342778495533044 -9.8660370361968545e-05 -0.010950247953997214 0.0011594027520272976 -0.0097019816208781962 -2.0387435223355442e-05 0.00044225407171356759 -9.8660370361968545e-05 -0.00060900843409643314
leaf_weight=7388 2374 71662 1728 540 903 2643 3647 997 2452 23663 594 839 12230 2498 5098 509 27226 54352 3317 669 605 656 2084 754 1554 546 557 505 3784 563
leaf_count=7388 2374 71662 1728 540 903 2643 3647 997 2452 23663 594 839 12230 2498 5098 509 27226 54352 3317 669 605 656 2084 754 1554 546 557 505 3784 563
internal_value=-0.00323745 -0.00661582 -0.000519284 -0.00700711 -0.00710918 -0.00256991 -0.0058976 -0.00343442 -0.00319576 -0.000232855 -0.00439476 -0.000122782 -0.00653363 -0.00400872 -0.0045762 -9.48918e-05 -0.000602174 8.54621e-05 -0.00508722 -0.0015936 0.000140274 -0.00109026 -0.00177528 -0.00188925 -0.000968407 -0.00042739 0.000413682 0.00215695 -0.0037412 -0.00384117
internal_weight=236937 105638 131299 94066 92226 16090 20564 11572 13300 115209 7210 106589 15877 9970 7596 105750 27735 78015 5960 8620 1602 1250 6090 1840 3638 1086 2790 1062 4687 1232
internal_count=236937 105638 131299 94066 92226 16090 20564 11572 13300 115209 7210 106589 15877 9970 7596 105750 27735 78015 5960 8620 1602 1250 6090 1840 3638 1086 2790 1062 4687 1232
is_linear=0
shrinkage=0.03


Tree=208
num_leaves=31
num_cat=0
split_feature=35 8 8 35 35 0 8 8 7 8 8 35 8 24 21 37 22 22 35 31 24 35 7 24 7 4 35 8 11 22
split_gain=2804.37 313.4 29.548 35.5726 16.5684 21.6102 11.526 11.1151 10.806 10.1054 20.9103 12.3142 10.443 10.1117 9.84757 9.24913 22.372 16.1663 15.2042 12.2805 12.0707 9.43248 7.74466 6.87593 6.45819 6.02484 6.94308 5.11111 4.52852 3.69285
threshold=945.00000000000011 0.40000000000000396 0.79999999999999816 905.00000000000011 865.00000000000011 24.150000000000002 0.70000000000000029 2.8000000000000003 6.3500000000000023 0.30000000000000254 0.39999999999999908 1345.0000000000002 0.14999999999999861 0.95000000000000029 26.500000000000004 0.93301270189221952 18.500000000000004 17.500000000000004 865.00000000000011 31.839743589743595 6.5500000000000007 845.00000000000011 2.7000000000000006 1.9500000000000004 1.1500000000000006 1.8499999999999999 1175.0000000000002 1.5000000000000011 0.19999999999999754 25.500000000000004
decision_type=2 2 2 2 2 2 2 2 2 2 2 2 2 2 2 2 2 2 2 2 2 2 2 2 2 2 2 2 2 2
left_child=2 9 8 4 7 -6 25 14 15 11 13 12 24 -11 -4 19 17 -17 -18 20 -1 -21 -5 -14 -2 26 -3 -7 -10 -30
right_child=1 6 3 22 5 27 -8 -9 28 10 -12 -13 23 -15 -16 16 18 -19 -20 21 -22 -23 -24 -25 -26 -27 -28 -29 29 -31
leaf_value=6.6707087135636499e-05 -0.0025659597484637836 -9.5700559251109488e-05 -0.00098820269987091977 -3.9831839761560371e-05 0.00017516384784667843 -0.00011965763523760867 -9.5700559251109488e-05 -0.0019633107450488154 -9.8379797693309665e-06 4.8808620537292799e-05 -8.2905078914162714e-05 -0.00067852527484045196 -0.00058911066742523119 -3.9550233948797257e-05 0.0012582970002473336 -0.00034033780423463556 -0.0030893809908124747 0.0074597379963135309 0.00030390756715137178 -0.0041324568581152668 0.0072495000043847034 0.0012703116283482711 -9.5700559251109488e-05 -0.00016116639999609646 -3.951706124919782e-05 -9.5700559251109488e-05 -9.5700559251109488e-05 4.5115233295545538e-05 -0.0017673395181251809 -0.0031800412250114728
leaf_weight=97192 515 553 5068 547 804 1051 91422 768 557 708 819 790 2548 562 2482 1505 7151 904 854 4796 654 576 2604 652 2966 5269 580 581 751 681
leaf_count=97192 515 553 5068 547 804 1051 91422 768 557 708 819 790 2548 562 2482 1505 7151 904 854 4796 654 576 2604 652 2966 5269 580 581 751 681
internal_value=-0.00324722 -0.0068319 -0.000275269 -0.00158176 -0.000760041 0.00141509 -0.00733854 -0.00139724 -0.000118121 -0.00164714 0.000197274 -0.00216279 -0.00174286 0.00260613 -0.00104674 -7.97297e-05 -0.00093174 0.00160203 -0.00169445 6.24879e-06 8.29348e-05 -0.00139003 -0.00438392 -0.00297939 -0.000605082 -0.00610166 -0.00410352 -0.000569155 -0.00230914 -0.00320084
internal_weight=236910 107384 129526 13905 10754 2436 97824 8318 115621 9560 2089 7471 6681 1270 7550 113632 10414 2409 8005 103218 97846 5372 3151 3200 3481 6402 1133 1632 1989 1432
internal_count=236910 107384 129526 13905 10754 2436 97824 8318 115621 9560 2089 7471 6681 1270 7550 113632 10414 2409 8005 103218 97846 5372 3151 3200 3481 6402 1133 1632 1989 1432
is_linear=0
shrinkage=0.03


Tree=209
num_leaves=31
num_cat=0
split_feature=35 9 11 7 35 2 11 25 10 32 39 39 27 1 35 9 9 1 1 5 1 7 25 39 11 9 1 3 14 5
split_gain=2792.98 126.002 34.2631 32.9563 19.4858 12.9098 11.8523 11.8285 10.7948 10.2794 9.46117 8.4174 8.01724 9.19991 7.43381 7.41092 7.14871 10.7198 5.94834 5.89154 5.81235 5.81093 5.42399 4.82601 4.59876 4.95366 4.54655 3.53753 2.7255 1.83662
threshold=945.00000000000011 65.000000000000014 -0.40000000000000119 2.0999999999999992 935.00000000000011 1028.4500000000003 0.099999999999996106 1230.5000000000002 0.099999999999996106 53.500000000000007 -0.87810534180523914 -0.97507822412530132 16.183333333333337 96.500000000000014 985.00000000000011 65.000000000000014 265.00000000000006 92.500000000000014 63.500000000000007 14.65 80.500000000000014 1.599999999999999 1799.5000000000002 0.2332836900311728 -0.19999999999999971 135.00000000000003 78.500000000000014 24.650000000000002 -0.0066666666666669377 18.550000000000004
decision_type=2 2 2 2 2 2 2 2 2 2 2 2 2 2 2 2 2 2 2 2 2 2 2 2 2 2 2 2 2 2
left_child=4 2 -2 9 5 7 20 12 10 16 -9 -10 13 -1 24 -6 17 -3 -14 -16 28 -22 26 -24 -5 -26 -8 -18 -4 -21
right_child=1 3 6 14 15 -7 22 8 11 -11 -12 -13 18 -15 19 -17 27 -19 -20 29 21 -23 23 -25 25 -27 -28 -29 -30 -31
leaf_value=0.0015930924227374277 -9.2829542473576193e-05 -9.2829542473576193e-05 -9.3263994510419618e-05 -9.2829542473576193e-05 -8.5475208900919462e-05 0.010260869979142532 -0.00037561985008289654 0.00022953051576847763 -0.0020550867958710728 -9.2829542473576193e-05 -0.00012441931943089809 -9.2813046030241854e-05 0.0071822751525432446 -0.011660101601340409 -9.2829542473576193e-05 -9.2829542473576193e-05 -9.2829542473576193e-05 -9.4433353945230555e-05 -0.004606104221334068 -9.2829542473576193e-05 -0.0014828955175543803 2.3157502197701517e-05 -0.00058112462948544687 0.0023920677439102059 -9.2829542473576193e-05 -9.2829542473576193e-05 0.00048050011852386772 -9.2829542473576193e-05 -9.719152783598736e-05 -9.2829542473576193e-05
leaf_weight=24117 1723 2526 693 2560 961 558 1588 4919 4340 545 26274 62370 628 928 943 1208 5365 546 3193 3750 528 579 504 533 910 1471 635 750 1078 80308
leaf_count=24117 1723 2526 693 2560 961 558 1588 4919 4340 545 26274 62370 628 928 943 1208 5365 546 3193 3750 528 579 504 533 910 1471 635 750 1078 80308
internal_value=-0.00324812 -0.00682168 -0.00316387 -0.00711009 -0.000280545 -0.000232488 -0.00211319 -0.000252562 -0.000409913 -0.00544894 -0.000870572 -0.000194493 0.000281107 0.000476404 -0.0072897 -0.0030988 -0.00568642 -0.00449902 -0.000998561 -0.00735583 -0.00351562 -0.00180568 -0.000873697 0.000916747 -0.00614961 -0.00518989 -0.00170899 -0.00628127 -0.00458122 -0.00738241
internal_weight=237031 107535 7861 99674 129496 127327 6138 126769 97903 9732 31193 66710 28866 25045 89942 2169 9187 3072 3821 85001 2878 1107 3260 1037 4941 2381 2223 6115 1771 84058
internal_count=237031 107535 7861 99674 129496 127327 6138 126769 97903 9732 31193 66710 28866 25045 89942 2169 9187 3072 3821 85001 2878 1107 3260 1037 4941 2381 2223 6115 1771 84058
is_linear=0
shrinkage=0.03


Tree=210
num_leaves=31
num_cat=0
split_feature=35 8 8 25 35 8 8 35 8 21 8 39 39 38 2 44 3 21 33 21 36 39 24 8 7 1 38 1 8 35
split_gain=2803.97 317.904 27.0898 41.4778 23.5454 11.5413 18.6127 11.6223 11.451 11.4345 15.1185 10.232 34.9568 24.6732 23.5529 17.1518 23.2923 16.4493 13.2829 14.0025 25.0355 21.5328 10.1778 9.40876 8.82337 8.00682 7.87542 10.92 7.86042 6.70941
threshold=945.00000000000011 0.49999999999999739 0.79999999999999816 1650.5000000000002 875.00000000000011 0.30000000000000254 0.39999999999999908 1345.0000000000002 0.70000000000000029 25.500000000000004 1.1999999999999977 -0.8611288361322974 -0.95242240592625282 0.12545942051955489 1004.6500000000002 6579.5000000000009 25.150000000000002 26.500000000000004 1.8947368421052648 23.500000000000004 -0.6830127018922193 -0.41399101439218416 0.95000000000000029 0.14999999999999861 2.7500000000000004 62.500000000000007 0.58481550752069722 77.500000000000014 2.9999999999999978 605.00000000000011
decision_type=2 2 2 2 2 2 2 2 2 2 2 2 2 2 2 2 2 2 2 2 2 2 2 2 2 2 2 2 2 2
left_child=2 5 11 4 26 7 22 23 -3 10 -6 12 13 14 -1 16 -14 -15 19 21 -21 -13 -7 -2 -5 29 28 -28 -4 -20
right_child=1 8 3 24 9 6 -8 -9 -10 -11 -12 18 15 17 -16 -17 -18 -19 25 20 -22 -23 -24 -25 -26 -27 27 -29 -30 -31
leaf_value=-0.00530161564982835 -0.00043413130567778623 -9.0044656199368911e-05 -0.00014490335369247208 -4.0118698554451315e-05 1.2777002463112105e-05 5.0135667035717853e-05 -7.9580606441511544e-05 -0.00060757727996830102 -9.0044656199368911e-05 -3.6295844853512884e-05 0.00018854724908682577 0.006913216684192377 0.0099835911831129553 0.0021172420817212089 0.0025787927705902504 -0.005196550474604919 0.0033516897153982499 -0.0079279427594422455 0.00073589935720645976 3.0588965590303345e-05 -0.0027885470815289474 5.2038173429404293e-05 -2.9402407213335271e-05 -0.00056082915280262645 -9.0044656199368911e-05 -0.0011778661362496143 0.00033054437254382782 -0.0029377536886394627 -0.0014977694363678192 -0.0026952307768487883
leaf_weight=1878 3461 6354 5740 549 577 719 826 801 91356 887 567 2619 2121 865 5291 613 4991 2301 519 17971 9563 52147 574 3196 2502 12366 864 1879 508 2194
leaf_count=1878 3461 6354 5740 549 577 719 826 801 91356 887 567 2619 2121 865 5291 613 4991 2301 519 17971 9563 52147 574 3196 2502 12366 864 1879 508 2194
internal_value=-0.00324041 -0.0068271 -0.00026916 -0.00151172 -0.000654481 -0.00161055 0.000342999 -0.00216555 -0.00733835 0.00226144 0.00424084 -0.000117658 0.000538146 -0.000602931 0.000371287 0.00206451 0.00247962 -0.00280777 -0.000239292 -8.93052e-05 -0.000641161 0.000188157 0.0025888 -0.00175364 -0.00460613 -0.00105779 -0.00131352 -0.00265301 -0.0007248 -0.00253315
internal_weight=236799 107287 129512 14073 11022 9577 2119 7458 97710 2031 1144 115439 18060 10335 7169 7725 7112 3166 97379 82300 27534 54766 1293 6657 3051 15079 8991 2743 6248 2713
internal_count=236799 107287 129512 14073 11022 9577 2119 7458 97710 2031 1144 115439 18060 10335 7169 7725 7112 3166 97379 82300 27534 54766 1293 6657 3051 15079 8991 2743 6248 2713
is_linear=0
shrinkage=0.03


Tree=211
num_leaves=31
num_cat=0
split_feature=35 8 8 35 35 8 8 39 35 8 8 24 29 21 24 39 3 22 31 39 32 7 35 3 7 8 21 1 8 16
split_gain=2833.09 326.634 23.9098 33.7493 16.0663 15.0534 20.1344 13.0163 12.95 11.4555 10.49 9.81053 9.17229 19.1401 16.4534 9.93847 41.7452 16.8367 31.2236 18.2122 16.3377 8.40748 7.48114 8.09877 6.94172 6.70676 6.96098 6.2928 4.94375 4.88391
threshold=945.00000000000011 0.40000000000000396 0.79999999999999816 905.00000000000011 875.00000000000011 0.30000000000000254 0.39999999999999908 0.18281312110578132 1355.0000000000002 0.70000000000000029 0.25000000000000006 0.95000000000000029 3.9000000000000004 17.500000000000004 3.2500000000000004 0.39629089145655322 10.15 23.500000000000004 6.6794871794871806 0.95936279103287792 47.500000000000007 2.7500000000000004 675.00000000000011 25.950000000000003 1.1500000000000006 1.8000000000000027 26.500000000000004 85.500000000000014 1.4999999999999993 3.5000000000000004
decision_type=2 2 2 2 2 2 2 2 2 2 2 2 2 2 2 2 2 2 2 2 2 2 2 2 2 2 2 2 2 2
left_child=2 5 12 4 25 8 11 28 10 -3 24 -7 13 14 -1 16 -14 18 -17 -19 -18 -5 23 -15 -2 26 -4 -12 -6 -27
right_child=1 9 3 21 7 6 -8 -9 -10 -11 27 -13 15 22 -16 17 20 19 -20 -21 -22 -23 -24 -25 -26 29 -28 -29 -30 -31
leaf_value=0.002427734249019041 -0.0019865579239219198 -8.7343316513387853e-05 -0.00049631381290070765 -3.3632597975181171e-05 -0.00020286866267637833 4.7116360108164758e-05 -7.4904122396104373e-05 0.00013772839832653576 -0.00069565148982267833 -8.7343316513387853e-05 -0.00047783492418277556 5.8148115809104154e-06 0.015174313870266338 0.00064253529585497795 0.017642652378907685 0.0097654817439882455 0.0001764857855133095 -0.0013270471656225214 -0.00020672286139043519 0.0029330106061693129 -0.002862360646762254 -8.7343316513387853e-05 0.0065677568921294876 -0.0085306105998385808 -0.00044000802354678202 -0.0019166523333748289 0.0018360096119214697 -0.00037310919357950008 6.6568084441407429e-05 -0.00037120287160729269
leaf_weight=822 668 6381 4559 583 674 741 790 675 716 91482 1120 572 884 5838 755 613 58901 12769 27922 624 4862 2595 659 798 4362 1423 2133 525 549 822
leaf_count=822 668 6381 4559 583 674 741 790 675 716 91482 1120 572 884 5838 755 613 58901 12769 27922 624 4862 2595 659 798 4362 1423 2133 525 549 822
internal_value=-0.00321844 -0.00682167 -0.000230338 -0.00140046 -0.000602796 -0.00150853 0.000730404 0.00190263 -0.00214561 -0.00733707 -0.00173319 0.0030057 -8.82857e-05 0.000838404 0.00383312 -0.000165444 6.78665e-05 -0.000525161 -0.000113274 -0.00140258 -2.19948e-05 -0.00411792 0.000190147 -0.000112986 -0.00105227 -0.00113519 -0.000658799 -0.00381148 5.5102e-05 -0.0025534
internal_weight=236817 107357 129460 14013 10835 9494 2103 1898 7391 97863 6675 1313 115447 8872 1577 106575 64647 41928 28535 13393 63763 3178 7295 6636 5030 8937 6692 1645 1223 2245
internal_count=236817 107357 129460 14013 10835 9494 2103 1898 7391 97863 6675 1313 115447 8872 1577 106575 64647 41928 28535 13393 63763 3178 7295 6636 5030 8937 6692 1645 1223 2245
is_linear=0
shrinkage=0.03


Tree=212
num_leaves=31
num_cat=0
split_feature=35 9 7 11 25 28 9 11 9 7 6 22 38 39 2 38 29 9 12 38 29 3 17 5 31 38 5 0 19 25
split_gain=2840.56 127.302 38.2224 22.2037 15.4527 12.6586 10.9231 15.792 10.6389 10.5075 10.6365 25.9129 29.9517 24.6037 23.8369 17.4082 14.5023 7.79882 7.05217 6.98545 8.62593 5.82151 5.47322 5.15111 5.80791 6.01683 4.82489 7.87388 4.17283 4.27513
threshold=945.00000000000011 45.000000000000007 2.0999999999999992 0.099999999999996106 1680.5000000000002 38.500000000000007 115.00000000000001 -0.40000000000000119 65.000000000000014 4.9000000000000004 28.250000000000004 33.500000000000007 -0.90893996196865023 -0.86974577485258975 998.35000000000002 -0.16799356919963607 10.100000000000001 275.00000000000006 -0.010000000000000082 -0.37447345805034543 15.633333333333335 24.750000000000004 -0.099999999999998743 28.750000000000004 17.379807692307697 0.35846314187849709 18.550000000000004 16.950000000000003 -0.300000000000125 1560.5000000000002
decision_type=2 2 2 2 2 2 2 2 2 2 2 2 2 2 2 2 2 2 2 2 2 2 2 2 2 2 2 2 2 2
left_child=4 3 5 18 9 17 7 -4 -6 10 13 15 -13 14 -1 -12 -15 -3 -2 28 22 -19 -21 24 -5 -26 27 -8 29 -11
right_child=1 2 6 23 8 -7 26 -9 -10 19 11 12 -14 16 -16 -17 -18 21 -20 20 -22 -23 -24 -25 25 -27 -28 -29 -30 -31
leaf_value=-0.0053127824585749673 -7.7067164153969727e-05 -8.4723017017986218e-05 -8.4723017017986218e-05 -0.00047485150896336655 -4.9516310304935865e-05 -8.4723017017986218e-05 -8.4723017017986218e-05 -8.4723017017986218e-05 -8.4723017017986218e-05 -0.0065358709857323604 -0.00024809176998531984 -0.0081060145111099512 0.0054799339272139464 0.0004734961043168007 0.0043512088398690646 -0.0039886115349256164 -0.00016241083906110105 -8.4723017017986218e-05 -0.00043061067383550904 0.00052120988956749379 -0.00020347935805881004 -8.4723017017986218e-05 -8.5902101631353702e-05 -0.00039013402966678844 0.0033721842090954474 -0.00023217622068719297 -8.4723017017986218e-05 -8.4723017017986218e-05 -3.7576982942577123e-06 -0.0001133793792190735
leaf_weight=879 878 3492 4429 934 1067 553 4112 3056 1161 1079 5774 537 2333 40474 9636 5482 50641 5298 1689 2074 1618 626 3687 1074 589 598 79543 526 810 2242
leaf_count=879 878 3492 4429 934 1067 553 4112 3056 1161 1079 5774 537 2333 40474 9636 5482 50641 5298 1689 2074 1618 626 3687 1074 589 598 79543 526 810 2242
internal_value=-0.00320661 -0.00681382 -0.00705976 -0.00247484 -0.000214872 -0.0052931 -0.00725177 -0.00614766 -0.00269058 -0.000171489 -8.55232e-05 -0.000856809 0.00168698 2.16959e-05 0.0013956 -0.0015056 -0.000136884 -0.00555213 -0.00455138 -0.00103588 -0.000482658 -0.00621667 6.11661e-05 -0.000804661 5.29911e-05 0.00144449 -0.00734979 -0.00639763 -0.00202335 -0.00249398
internal_weight=236891 107397 101635 5762 129494 9969 91666 7485 2228 127266 115756 14126 2870 101630 10515 11256 91115 9416 2567 11510 7379 5924 5761 3195 2121 1187 84181 4638 4131 3321
internal_count=236891 107397 101635 5762 129494 9969 91666 7485 2228 127266 115756 14126 2870 101630 10515 11256 91115 9416 2567 11510 7379 5924 5761 3195 2121 1187 84181 4638 4131 3321
is_linear=0
shrinkage=0.03


Tree=213
num_leaves=31
num_cat=0
split_feature=35 8 8 25 35 8 8 35 0 24 8 8 1 1 22 24 33 25 7 38 1 11 24 24 7 1 25 21 0 7
split_gain=2799.86 343.451 28.1071 35.2522 17.1147 12.7908 21.8505 12.916 12.6063 12.1043 12.0245 11.5755 9.22514 10.4326 15.5655 15.5127 10.1781 9.60087 8.38985 8.10549 10.0712 7.72784 7.01101 6.89284 5.15586 5.00732 6.48425 4.35442 2.49032 2.46195
threshold=945.00000000000011 0.49999999999999739 0.79999999999999816 1650.5000000000002 875.00000000000011 0.30000000000000254 0.39999999999999908 1375.0000000000002 27.950000000000003 0.95000000000000029 0.70000000000000029 0.14999999999999861 27.500000000000004 44.500000000000007 34.500000000000007 0.20000000000000109 -1.2105263157894739 1601.0000000000002 2.649999999999999 0.58481550752069722 76.500000000000014 -0.24999999999999997 0.84999999999999976 1.6000000000000008 1.1500000000000006 89.500000000000014 1948.5000000000002 14.500000000000002 21.250000000000004 2.0999999999999992
decision_type=2 2 2 2 2 2 2 2 2 2 2 2 2 2 2 2 2 2 2 2 2 2 2 2 2 2 2 2 2 2
left_child=2 5 12 4 19 7 9 11 21 -7 25 24 -1 15 17 28 -17 -15 -5 22 -21 -6 -4 -13 -2 27 -27 -3 -14 -12
right_child=1 10 3 18 8 6 -8 -9 -10 -11 29 23 13 14 -16 16 -18 -19 -20 20 -22 -23 -24 -25 -26 26 -28 -29 -30 -31
leaf_value=-0.0052499049512980704 -0.0021408953131215776 -8.2181326507446641e-05 -0.00041411448691237499 -2.9099747959600276e-05 0.00012902077420802121 5.2235347300249524e-05 -7.2426325381770329e-05 -0.00071749635982939694 -0.00011765275561442423 -3.8860442961526789e-06 -8.2181326507446641e-05 -0.00051639158904654846 -0.00099706547387263698 -0.00058294424483203318 0.0066977456318249784 0.0069067852429088184 0.0027819278072825958 0.00014533884155306468 -8.2181326507446641e-05 0.00038161620671891286 -0.0028774483887601594 4.4450160597409553e-05 0.00044828537729704407 -0.00047051790341974081 3.2548292707987311e-05 -8.2181326507446641e-05 -8.2181326507446641e-05 -8.2181326507446641e-05 0.00011270543355679673 -8.2181326507446641e-05
leaf_weight=531 534 553 2878 508 710 711 839 525 776 570 5168 2341 517 98723 665 508 1269 12770 2582 816 1916 506 3314 1028 3065 510 561 4804 509 86328
leaf_count=531 534 553 2878 508 710 711 839 525 776 570 5168 2341 517 98723 665 508 1269 12770 2582 816 1916 506 3314 1028 3065 510 561 4804 509 86328
internal_value=-0.00322592 -0.00680383 -0.00025471 -0.00152377 -0.00072266 -0.00139236 0.000664467 -0.00197432 0.00179037 0.00312744 -0.00733503 -0.00163128 -0.000100784 -8.25266e-05 -0.000127719 0.0017246 0.00341906 -0.000155052 -0.00435155 -0.00128389 -0.00264448 0.00369458 -0.000682919 -0.00289454 -0.000447792 -0.00607465 -0.00418686 -0.00645036 -0.00121109 -0.00742344
internal_weight=237035 107537 129498 14006 10916 9613 2120 7493 1992 1281 97924 6968 115492 114961 112158 2803 1777 111493 3090 8924 2732 1216 6192 3369 3599 6428 1071 5357 1026 91496
internal_count=237035 107537 129498 14006 10916 9613 2120 7493 1992 1281 97924 6968 115492 114961 112158 2803 1777 111493 3090 8924 2732 1216 6192 3369 3599 6428 1071 5357 1026 91496
is_linear=0
shrinkage=0.03


Tree=214
num_leaves=31
num_cat=0
split_feature=25 8 8 25 25 0 8 8 24 8 8 25 24 24 25 1 37 38 21 8 38 32 32 21 9 4 25 38 38 24
split_gain=2793.18 349.004 32.4108 38.9965 14.9037 18.4168 11.2399 17.9302 10.1854 9.68824 9.37975 9.18007 10.6582 8.88049 8.8961 15.6482 13.3402 20.3051 20.0552 8.30899 8.26008 7.67386 7.16558 6.99505 4.15758 3.86021 4.76756 3.80778 3.59226 3.24366
threshold=1699.5000000000002 0.49999999999999739 0.79999999999999816 1650.5000000000002 1610.5000000000002 25.150000000000002 0.30000000000000254 0.39999999999999908 1.1000000000000008 0.70000000000000029 1.8000000000000027 2059.5000000000005 -0.65000000000000024 -1.45 1590.5000000000002 91.500000000000014 0.6830127018922193 -0.17647087149565668 23.500000000000004 0.25000000000000006 0.58481550752069722 33.500000000000007 39.500000000000007 26.500000000000004 35.000000000000007 1.8499999999999999 1930.5000000000002 -0.46801505794253101 0.73865729060996177 0.3499999999999997
decision_type=2 2 2 2 2 2 2 2 2 2 2 2 2 2 2 2 2 2 2 2 2 2 2 2 2 2 2 2 2 2
left_child=2 6 13 4 10 -6 11 8 -8 25 23 12 -2 21 16 20 18 -18 -15 -14 -16 24 27 -4 -1 26 -3 -5 -12 -7
right_child=1 9 3 22 5 29 7 -9 -10 -11 28 -13 19 14 15 -17 17 -19 -20 -21 -22 -23 -24 -25 -26 -27 -28 -29 -30 -31
leaf_value=-0.0018917901787904512 -0.00068393488301873319 -7.9715886712223238e-05 -0.00072746418984678709 -7.9715886712223238e-05 0.0001490574968417944 1.4744002880197604e-05 5.0668286881242032e-05 -6.7942518452228557e-05 -3.171577149994452e-05 -7.9715886712223238e-05 -0.0016521291707765704 -0.00058655055201170449 -0.00019738167260969822 0.0018136360863820165 0.00024476411010122552 0.0067527090114065848 -0.002555517957930944 0.00019775127200077956 -0.00084742887901969319 -0.00042390566672795163 -0.00016795840231309032 0.00060697277491638139 -4.1901077154576813e-05 0.0014254328157380757 -2.4076504402143295e-05 -7.9715886712223238e-05 -7.9715886712223238e-05 -7.9715886712223238e-05 -0.0027809227205906235 -0.00026980483651402109
leaf_weight=2014 874 529 4389 992 968 907 765 832 505 91327 1578 1249 4108 28471 8996 528 13362 12641 44363 1275 3898 515 501 2042 700 5031 582 1836 531 618
leaf_count=2014 874 529 4389 992 968 907 765 832 505 91327 1578 1249 4108 28471 8996 528 13362 12641 44363 1275 3898 515 501 2042 700 5031 582 1836 531 618
internal_value=-0.00322954 -0.00681653 -0.000271578 -0.0016155 -0.000756457 0.00128357 -0.00136108 0.000577471 0.0028184 -0.00735426 -0.00135214 -0.00190397 -0.00143433 -0.000104425 -5.97937e-05 0.000664854 -0.000158212 -0.000741492 5.00439e-05 -0.00093454 0.000457118 -0.00165506 -0.00446037 -0.000782294 -0.00229197 -0.00619385 -0.00457547 -0.00504594 -0.0030874 -0.00077112
internal_weight=236927 107077 129850 14362 11033 2493 9608 2102 1270 97469 8540 7506 6257 115488 112259 13422 98837 26003 72834 5383 12894 3229 3329 6431 2714 6142 1111 2828 2109 1525
internal_count=236927 107077 129850 14362 11033 2493 9608 2102 1270 97469 8540 7506 6257 115488 112259 13422 98837 26003 72834 5383 12894 3229 3329 6431 2714 6142 1111 2828 2109 1525
is_linear=0
shrinkage=0.03


Tree=215
num_leaves=31
num_cat=0
split_feature=35 9 7 11 35 9 11 44 44 32 38 33 9 1 39 11 15 38 35 5 0 39 10 1 35 35 7 1 39 16
split_gain=2802.7 131.753 35.3399 21.0534 17.2594 11.4719 15.5643 10.205 14.7633 10.1765 39.6458 11.4522 10.0463 9.95831 9.23903 9.06472 8.97116 7.6294 5.84072 5.43544 8.76869 4.57809 4.18581 3.8732 3.87303 3.69783 3.20555 3.19935 3.71592 2.09383
threshold=945.00000000000011 45.000000000000007 2.0999999999999992 0.09999999999999877 935.00000000000011 105.00000000000001 -0.40000000000000119 11899.500000000002 5940.0000000000009 12.500000000000002 -0.54220184589352438 0.99999999999999989 255.00000000000003 92.500000000000014 -0.94703994556331683 0.14999999999999861 0.20412414523192454 0.39036257410962044 1055.0000000000002 18.550000000000004 16.950000000000003 0.60383265664488517 -0.19999999999999749 77.500000000000014 975.00000000000011 975.00000000000011 0.95000000000000029 79.500000000000014 -0.065537083312030994 1.5000000000000002
decision_type=2 2 2 2 2 2 2 2 2 2 2 2 2 2 2 2 2 2 2 2 2 2 2 2 2 2 2 2 2 2
left_child=4 3 12 16 7 6 -4 8 9 10 -1 -11 13 21 -14 29 27 -9 23 20 -7 -3 -8 25 -21 -5 -16 -2 -29 -6
right_child=1 2 5 18 15 19 22 17 -10 11 -12 -13 14 -15 26 -17 -18 -19 -20 24 -22 -23 -24 -25 -26 -27 -28 28 -30 -31
leaf_value=-0.0027363478101558943 -0.00038955605125785478 -7.7324410110856537e-05 -7.7324410110856537e-05 -0.0001060409687325253 -7.7324410110856537e-05 -7.7324410110856537e-05 -7.7324410110856537e-05 -0.00027544249649935458 0.010147301614919632 -4.3122611415240111e-05 0.005449770807641148 -0.00036622005857322543 -7.7324410110856537e-05 -7.8880107238361261e-05 -7.7324410110856537e-05 5.7220820352618678e-06 -6.9746537793478932e-05 -0.0095342536484560175 0.00094528736070548008 -7.7324410110856537e-05 -7.7324410110856537e-05 -7.7324410110856537e-05 -7.7324410110856537e-05 0.00042563932581675802 -7.7324410110856537e-05 -0.00056861249269559203 -7.7324410110856537e-05 -0.0014282154714554602 -1.8637135644739358e-06 -7.7324410110856537e-05
leaf_weight=3702 864 1533 3662 822 857 4195 816 541 718 79516 5591 36680 500 569 515 669 979 503 833 2410 553 1174 1759 634 78227 652 5662 512 508 677
leaf_count=3702 864 1533 3662 822 857 4195 816 541 718 79516 5591 36680 500 569 515 669 979 503 833 2410 553 1174 1759 634 78227 652 5662 512 508 677
internal_value=-0.00322177 -0.00680504 -0.00705625 -0.00240785 -0.000249467 -0.00724084 -0.00599255 -0.000203866 -0.000179405 -0.000203979 0.00075121 -0.000280383 -0.00535585 -0.00399024 -0.00602448 -0.00288095 -0.00423822 -0.00315488 -0.000624363 -0.00733188 -0.00633474 -0.00474806 -0.00419965 -0.00146445 -0.00739044 -0.00230691 -0.00634205 -0.00302227 -0.00187867 -0.00415039
internal_weight=236833 107379 101575 5804 129454 91622 6237 127251 126207 125489 9293 116196 9953 3276 6677 2203 2863 1044 2941 85385 4748 2707 2575 2108 80637 1474 6177 1884 1020 1534
internal_count=236833 107379 101575 5804 129454 91622 6237 127251 126207 125489 9293 116196 9953 3276 6677 2203 2863 1044 2941 85385 4748 2707 2575 2108 80637 1474 6177 1884 1020 1534
is_linear=0
shrinkage=0.03


Tree=216
num_leaves=31
num_cat=0
split_feature=25 9 13 25 24 23 39 2 25 10 9 9 5 25 24 23 39 38 2 6 37 25 13 9 25 15 24 9 5 0
split_gain=2836 129.608 23.4815 22.6657 15.7206 18.0653 12.4134 11.9096 10.071 11.425 9.27532 9.03113 8.57657 8.17036 8.0945 8.06341 7.59217 7.22198 6.72914 9.49308 6.507 5.84979 5.65032 4.45542 4.19674 3.31771 2.94175 2.65179 2.12515 7.00886
threshold=1690.5000000000002 55.000000000000007 -0.0033333333333333283 1680.5000000000002 0.79999999999999905 3.5000000000000004 -0.90161545992537195 1028.4500000000003 1180.5000000000002 0.099999999999996106 75.000000000000014 265.00000000000006 15.350000000000003 1610.5000000000002 2.100000000000001 4.5000000000000009 -0.97507822412530132 -0.022576249993022688 1004.35 17.650000000000002 0.6830127018922193 1750.5000000000002 0.0016666666666666683 135.00000000000003 1739.5000000000002 0.23664319132395686 -0.24999999999999997 155.00000000000003 18.550000000000004 16.950000000000003
decision_type=2 2 2 2 2 2 2 2 2 2 2 2 2 2 2 2 2 2 2 2 2 2 2 2 2 2 2 2 2 2
left_child=3 2 25 7 21 6 -6 8 14 13 26 -8 -7 -10 17 18 -11 -1 -4 -20 -16 22 -3 -14 -17 -2 -5 -24 29 -23
right_child=1 4 15 10 5 12 11 -9 9 16 -12 -13 23 -15 20 24 -18 -19 19 -21 -22 28 27 -25 -26 -27 -28 -29 -30 -31
leaf_value=0.001769049211311171 -7.3048843336941983e-05 -7.5004677807530848e-05 0.001449739476588765 -7.5004677807530848e-05 -7.5004677807530848e-05 -7.5004677807530848e-05 -7.5004677807530848e-05 0.010558315459569491 -0.0012220658725865541 -0.0017892622991598623 -7.5004677807530848e-05 -7.5004677807530848e-05 -7.5004677807530848e-05 5.7959040937286357e-06 0.0035552912523875158 -0.00010660893046556844 2.6640146328576822e-06 -0.0092773739487502695 0.0003951740738716849 -0.00048096195840909337 -0.00065099447427734874 -7.5004677807530848e-05 -7.5004677807530848e-05 -7.5004677807530848e-05 -0.00052410943694820129 -7.3354177959445536e-05 2.0476258184340123e-05 -7.5004677807530848e-05 -7.5004677807530848e-05 -7.5004677807530848e-05
leaf_weight=946 505 6063 724 502 648 534 1584 574 26744 4966 1155 3386 1831 8524 11781 973 68654 1199 954 1788 3807 2972 539 16269 794 1076 581 605 65168 705
leaf_count=946 505 6063 724 502 648 534 1584 574 26744 4966 1155 3386 1831 8524 11781 973 68654 1199 954 1788 3807 2972 539 16269 794 1076 581 605 65168 705
internal_value=-0.00320437 -0.00681511 -0.0028103 -0.000216074 -0.00708711 -0.00641956 -0.00492438 -0.000163388 -0.000182964 -0.000290936 -0.00320759 -0.00543343 -0.00686977 -0.000734902 0.000479983 -0.00184097 -7.82375e-05 -0.00124709 -0.000999135 -0.00167821 0.000717768 -0.00729981 -0.00647836 -0.00698044 -0.00348926 -0.00601232 -0.00120968 -0.0045288 -0.00738562 -0.00666418
internal_weight=236551 107118 6814 129433 100304 24252 5618 127195 126621 108888 2238 4970 18634 35268 17733 5233 73620 2145 3466 2742 15588 76052 7207 18100 1767 1581 1083 1144 68845 3677
internal_count=236551 107118 6814 129433 100304 24252 5618 127195 126621 108888 2238 4970 18634 35268 17733 5233 73620 2145 3466 2742 15588 76052 7207 18100 1767 1581 1083 1144 68845 3677
is_linear=0
shrinkage=0.03


Tree=217
num_leaves=31
num_cat=0
split_feature=35 8 8 25 35 0 8 8 35 8 35 7 8 7 8 35 23 6 37 9 3 39 31 7 19 6 25 28 6 6
split_gain=2833.72 343.798 22.8378 34.0771 16.7446 16.1406 14.6909 16.8455 11.4425 11.1475 10.3811 10.1657 9.19016 9.00386 8.57896 8.01183 11.411 19.874 16.5799 9.60481 7.98483 7.50452 7.37794 6.69032 6.36181 5.67703 4.80131 3.87423 2.77549 2.73387
threshold=945.00000000000011 0.49999999999999739 0.79999999999999816 1650.5000000000002 865.00000000000011 24.150000000000002 0.30000000000000254 0.39999999999999908 1335.0000000000002 0.70000000000000029 895.00000000000011 2.7500000000000004 0.14999999999999861 6.4000000000000004 2.9999999999999978 855.00000000000011 3.5000000000000004 26.250000000000004 0.93301270189221952 115.00000000000001 21.850000000000005 -0.87810534180523914 26.348484848484851 3.0500000000000012 0.19999999999987497 16.750000000000004 1630.5000000000002 32.500000000000007 15.250000000000002 20.050000000000004
decision_type=2 2 2 2 2 2 2 2 2 2 2 2 2 2 2 2 2 2 2 2 2 2 2 2 2 2 2 2 2 2
left_child=2 6 13 4 14 -6 8 23 12 27 -7 -5 24 15 21 16 17 -1 -18 25 -21 -4 -14 -8 -2 -17 29 28 -3 -15
right_child=1 9 3 11 5 10 7 -9 -10 -11 -12 -13 22 26 -16 19 18 -19 -20 20 -22 -23 -24 -25 -26 -27 -28 -29 -30 -31
leaf_value=-0.0023698069548341175 -0.0010346750266555008 -7.2754537473304932e-05 0.00181294787731851 -2.1917153464384067e-05 0.00018428336210714181 -0.00012875981628650561 2.122962873825882e-05 -6.1334370261110067e-05 -0.00057502328807001286 -7.2754537473304932e-05 6.5597026056713836e-05 -7.2754537473304932e-05 -0.00053417411231924733 -0.0023794133519633135 -0.0016133275415754972 -0.00042159307086413119 0.00034203986991220069 0.0054185239048148105 -0.0021376906051905559 9.5472921354330771e-05 0.0052262813080155403 -0.00086394919368906514 0.00035968187761912303 5.5014319396813955e-05 0.00081529029460676778 0.00021270633219961794 -6.6091908285908448e-06 -7.2754537473304932e-05 -7.2754537473304932e-05 -0.0040980484938052978
leaf_weight=17386 2257 596 1611 552 831 1161 623 827 888 91703 527 2489 2645 659 675 1638 73557 2705 7297 1025 686 6111 523 650 1131 9271 630 506 5228 512
leaf_count=17386 2257 596 1611 552 831 1161 623 827 888 91703 527 2489 2645 659 675 1638 73557 2705 7297 1025 686 6111 523 650 1131 9271 630 506 5228 512
internal_value=-0.00321171 -0.00680911 -0.000219157 -0.00136525 -0.000582524 0.00156188 -0.00137335 0.000842055 -0.00199839 -0.00733827 -0.00012426 -0.00417269 -0.0015645 -8.04816e-05 -0.00122604 -4.70867e-05 -0.000136185 -0.000776017 2.28183e-05 0.000665505 0.00275394 -0.000941869 -0.00272555 0.00300588 -0.000477876 0.000337503 -0.00218386 -0.00611418 -0.00633368 -0.00331841
internal_weight=236900 107577 129323 13957 10916 2519 9544 2100 7444 98033 1688 3041 6556 115366 8397 113565 100945 20091 80854 12620 1711 7722 3168 1273 3388 10909 1801 6330 5824 1171
internal_count=236900 107577 129323 13957 10916 2519 9544 2100 7444 98033 1688 3041 6556 115366 8397 113565 100945 20091 80854 12620 1711 7722 3168 1273 3388 10909 1801 6330 5824 1171
is_linear=0
shrinkage=0.03


Tree=218
num_leaves=31
num_cat=0
split_feature=35 8 8 35 8 8 8 35 35 5 8 3 37 3 38 38 3 38 35 8 38 4 8 7 4 7 7 4 35 20
split_gain=2839.87 351.275 21.2204 33.1599 12.0794 18.1224 11.3738 11.2949 11.0142 13.341 11.5595 10.4925 9.54892 23.3954 26.2754 23.5713 16.7972 31.0307 14.0525 8.66105 8.42074 12.4603 9.51644 8.27105 8.24073 6.16732 5.45508 3.96682 5.68959 3.89746
threshold=945.00000000000011 0.49999999999999739 0.79999999999999816 905.00000000000011 0.30000000000000254 0.39999999999999908 0.70000000000000029 1345.0000000000002 865.00000000000011 27.250000000000004 1.1000000000000008 26.650000000000002 0.25000000000000017 10.15 0.039769539193789977 0.9193901325473397 18.850000000000005 -0.76141707087277943 835.00000000000011 0.25000000000000006 0.58481550752069722 4.1000000000000005 2.8000000000000029 2.7500000000000004 2.5999999999999992 1.1500000000000006 3.0500000000000012 2.0000000000000013 1175.0000000000002 -0.09999999999996588
decision_type=2 2 2 2 2 2 2 2 2 2 2 2 2 2 2 2 2 2 2 2 2 2 2 2 2 2 2 2 2 2
left_child=2 4 11 8 7 26 27 19 20 10 -10 12 13 15 -15 -1 17 -14 -18 25 22 -22 -4 -5 -21 -2 -6 28 -3 -13
right_child=1 6 3 23 5 -7 -8 -9 9 -11 -12 29 16 14 -16 -17 18 -19 -20 24 21 -23 -24 -25 -26 -27 -28 -29 -30 -31
leaf_value=-0.00065569941559909803 -0.0019902743429232135 -7.0571901349105771e-05 -2.2943096730702367e-05 -2.5935453627249125e-05 2.1771002058781103e-05 -6.1761453689511734e-05 -7.0571901349105771e-05 -0.00055496373879943179 9.9541802386439373e-06 -6.0620328181198999e-05 0.00023787806097192647 -0.002975222756663174 0.0033887675845171721 0.0018954952649966684 -0.00050347060100961404 0.020473976052439474 -0.0028065479118611798 -0.00029305098950844393 0.00021583582539778625 -0.00011763872126363832 -0.0031777365065940011 0.0013553083193979015 -0.001679565154448507 -7.0571901349105771e-05 -0.00039106477348541276 -0.00035900182664167125 5.1254099751594125e-05 -7.0571901349105771e-05 -7.0571901349105771e-05 -0.0018859496611039206
leaf_weight=505 668 622 5302 573 621 821 91601 794 511 1394 546 1181 4630 24208 37412 689 10576 32406 1999 522 1809 745 516 2591 1114 4359 659 5013 678 1724
leaf_count=505 668 622 5302 573 621 821 91601 794 511 1394 546 1181 4630 24208 37412 689 10576 32406 1999 522 1809 745 516 2591 1114 4359 659 5013 678 1724
internal_value=-0.00319931 -0.00680313 -0.000204204 -0.00130763 -0.00131328 0.000695435 -0.00733899 -0.00187927 -0.000517552 0.00125051 0.00378895 -7.03621e-05 -2.43491e-05 0.000221361 0.000140697 0.00437709 -0.000335446 -1.37696e-05 -0.0012827 -0.00147524 -0.00103535 -0.00247066 -0.000404639 -0.00400821 -0.00336996 -0.000857526 0.00292512 -0.00610095 -0.00460829 -0.00184985
internal_weight=236789 107472 129317 13987 9558 2101 97914 7457 10823 2451 1057 115330 112425 62814 61620 1194 49611 37036 12575 6663 8372 2554 5818 3164 1636 5027 1280 6313 1300 2905
internal_count=236789 107472 129317 13987 9558 2101 97914 7457 10823 2451 1057 115330 112425 62814 61620 1194 49611 37036 12575 6663 8372 2554 5818 3164 1636 5027 1280 6313 1300 2905
is_linear=0
shrinkage=0.03


Tree=219
num_leaves=31
num_cat=0
split_feature=35 8 8 35 8 35 37 4 8 8 24 8 29 6 39 2 38 39 29 38 35 20 38 1 8 6 31 35 4 4
split_gain=2818.53 352.338 20.1935 29.3756 13.0744 12.1492 12.8383 12.183 11.7043 18.6537 11.4542 11.3513 9.23878 8.42739 21.0003 20.7018 20.563 22.4546 13.0498 11.8808 7.73812 9.03844 7.67837 12.8515 8.49933 7.39432 6.09475 5.3187 6.26502 4.94029
threshold=945.00000000000011 0.49999999999999739 0.79999999999999816 905.00000000000011 0.70000000000000029 865.00000000000011 0.6830127018922193 2.7000000000000002 0.30000000000000254 0.39999999999999908 1.1000000000000008 0.14999999999999861 1.2250000000000003 28.250000000000004 -0.86974577485258975 999.05000000000007 -0.16799356919963607 -0.85225707553516283 9.6333333333333346 0.42179998225932674 1245.0000000000002 0.30000000000001142 0.58481550752069722 74.500000000000014 2.8500000000000019 20.050000000000004 26.679487179487186 935.00000000000011 3.649999999999999 1.8499999999999999
decision_type=2 2 2 2 2 2 2 2 2 2 2 2 2 2 2 2 2 2 2 2 2 2 2 2 2 2 2 2 2 2
left_child=2 8 12 5 29 22 7 -7 11 10 -10 20 25 14 15 -14 17 -15 -16 -18 21 -2 24 -24 -4 -1 -13 28 -5 -3
right_child=1 4 3 27 -6 6 -8 -9 9 -11 -12 26 13 16 18 -17 19 -19 -20 -21 -22 -23 23 -25 -26 -27 -28 -29 -30 -31
leaf_value=0.017795432821539389 -0.000609197849069856 -6.845474430863261e-05 -9.545097290237447e-05 -3.1373748728124089e-05 -6.845474430863261e-05 0.00018138636555633467 0.00014583556471791208 -8.3746999636553785e-05 5.9041327693330607e-05 -5.8177249246055607e-05 -2.9473122432444209e-05 -0.00048126970828510699 -0.0054260292881867381 0.0035748168439256253 0.00058431290942750457 0.0044108614017768387 -0.0054986718232940502 -0.0015799841173461675 -0.00036458391233630706 -0.00010905226086310091 -0.00076915010721797248 0.0024685144246185259 0.0026291667594156654 -0.0031354319337128156 -0.0016447348914123145 0.0019760931314809628 -9.006507909932564e-05 -6.845474430863261e-05 -6.7049181579299314e-05 -6.845474430863261e-05
leaf_weight=507 2388 1126 5278 719 91734 523 563 1386 765 825 529 2992 878 3708 35531 8456 3965 4420 55252 1766 932 506 614 1903 504 939 584 857 1635 5227
leaf_count=507 2388 1126 5278 719 91734 523 563 1386 765 825 529 2992 878 3708 35531 8456 3965 4420 55252 1766 932 506 614 1903 504 939 584 857 1635 5227
internal_value=-0.00320563 -0.00679314 -0.000222324 -0.00129898 -0.00732796 -0.000547898 0.00129749 0.000121664 -0.00128295 0.000682461 0.00292824 -0.00184562 -9.18786e-05 -0.000122129 -2.61439e-05 0.00132873 -0.000815417 0.000154982 -0.000165473 -0.00219126 -0.000709248 5.69751e-05 -0.00109776 -0.00248015 -0.000495332 0.00228936 -0.00306037 -0.00381653 -0.00307513 -0.0060059
internal_weight=237012 107608 129404 13982 98087 10771 2472 1909 9521 2119 1294 7402 115422 113976 100117 9334 13859 8128 90783 5731 3826 2894 8299 2517 5782 1446 3576 3211 2354 6353
internal_count=237012 107608 129404 13982 98087 10771 2472 1909 9521 2119 1294 7402 115422 113976 100117 9334 13859 8128 90783 5731 3826 2894 8299 2517 5782 1446 3576 3211 2354 6353
is_linear=0
shrinkage=0.03


Tree=220
num_leaves=31
num_cat=0
split_feature=35 8 8 35 8 8 24 35 0 8 24 35 35 7 6 22 39 8 7 8 9 7 7 4 35 8 24 7 36 4
split_gain=2833.05 361.717 21.7734 26.8732 12.4067 15.9181 13.0297 12.0148 18.9548 11.716 10.2538 11.0907 9.2868 12.6911 10.8627 25.0968 12.051 8.96269 8.70942 7.78825 7.57733 6.67366 6.10433 5.2907 6.43806 3.82023 6.2196 3.79129 4.55412 3.67168
threshold=945.00000000000011 0.49999999999999739 0.79999999999999816 905.00000000000011 0.30000000000000254 0.39999999999999908 0.95000000000000029 865.00000000000011 24.650000000000002 0.70000000000000029 -0.65000000000000024 1285.0000000000002 895.00000000000011 4.9000000000000004 28.950000000000003 33.500000000000007 -0.86974577485258975 0.25000000000000006 2.7500000000000004 2.0000000000000013 115.00000000000001 2.3500000000000001 1.7000000000000004 1.8499999999999999 1195.0000000000002 0.49999999999999739 0.75000000000000011 6.3500000000000023 0.68301270189221941 1.7999999999999983
decision_type=2 2 2 2 2 2 2 2 2 2 2 2 2 2 2 2 2 2 2 2 2 2 2 2 2 2 2 2 2 2
left_child=2 4 12 7 10 6 -6 19 -9 23 -2 17 13 14 16 -16 -1 -12 -5 21 25 -4 -13 24 -3 26 -14 28 -15 -21
right_child=1 9 3 18 5 -7 -8 8 -10 -11 11 22 20 27 15 -17 -18 -19 -20 29 -22 -23 -24 -25 -26 -27 -28 -29 -30 -31
leaf_value=0.0023824802115046048 -0.00064990837176439925 -6.6401101979373625e-05 -0.0022014098459159693 -1.3640107917982476e-05 5.0656852157645267e-05 -5.6237677748390569e-05 -4.5338693206233428e-05 0.00015760482054239444 -4.7471273564107287e-05 -6.6401101979373625e-05 -3.8281819323703333e-05 -0.00064061025999609454 -0.000128654317992455 -0.0013424971355005917 -0.0065704555326339328 0.0045334542844927871 -0.00020709717086924483 -0.00035870162694270398 -6.6401101979373625e-05 -0.00091303512909300341 0.00034315515301673973 0.00014285384606935582 -0.00033247428103573117 -6.6401101979373625e-05 -6.6401101979373625e-05 0.00016453079196954997 0.0017087522197004664 -0.0026582897590127362 0.00030331859662684701 -0.0023472092712359459
leaf_weight=12901 988 567 3685 563 711 820 572 877 1581 91655 3977 547 3194 3958 3186 1138 83793 1246 2610 873 1157 3046 691 5189 565 1478 1311 1389 1735 805
leaf_count=12901 988 567 3685 563 711 820 572 877 1581 91655 3977 547 3194 3958 3186 1138 83793 1246 2610 873 1157 3046 691 5189 565 1478 1311 1389 1735 805
internal_value=-0.00319332 -0.00679122 -0.000200724 -0.00131605 -0.00121834 0.000815914 0.00290078 -0.000606542 0.0012378 -0.0073345 -0.00179271 -0.00135657 -6.48201e-05 -0.00013404 -4.79608e-05 -0.00151872 1.78394e-05 -0.000750718 -0.00374409 -0.00114582 0.000982918 -0.000689514 -0.00390726 -0.006079 -0.00420635 0.000552632 0.00011815 -0.00136152 -0.001018 -0.00297321
internal_weight=236808 107528 129280 14040 9552 2103 1283 10867 2458 97976 7449 6461 115240 108100 101018 4324 96694 5223 3173 8409 7140 6731 1238 6321 1132 5983 4505 7082 5693 1678
internal_count=236808 107528 129280 14040 9552 2103 1283 10867 2458 97976 7449 6461 115240 108100 101018 4324 96694 5223 3173 8409 7140 6731 1238 6321 1132 5983 4505 7082 5693 1678
is_linear=0
shrinkage=0.03


Tree=221
num_leaves=31
num_cat=0
split_feature=25 9 7 10 25 28 24 9 11 2 3 39 9 23 9 1 2 6 3 38 5 0 38 9 20 29 10 7 9 25
split_gain=2822.15 134.99 37.4731 18.5779 18.4723 11.1377 10.2421 10.1503 15.387 9.37108 8.75666 9.26344 7.97499 7.89772 7.8935 8.60473 5.39373 9.83261 5.00724 4.70914 4.49913 7.48006 4.34798 4.30689 3.2857 3.24973 2.96841 2.88371 3.37218 1.67294
threshold=1690.5000000000002 45.000000000000007 2.0999999999999992 -0.39999999999999986 1680.5000000000002 38.500000000000007 -1.6000000000000003 115.00000000000001 -0.40000000000000119 1028.3000000000004 26.650000000000002 -0.8611288361322974 75.000000000000014 4.5000000000000009 265.00000000000006 92.500000000000014 1004.1500000000002 17.650000000000002 24.750000000000004 0.26037272046371446 18.550000000000004 16.950000000000003 0.12545942051955489 65.000000000000014 -1.8000000000001248 14.100000000000001 -1.0000000180025095e-35 5.0999999999999996 35.000000000000007 1730.5000000000002
decision_type=2 2 2 2 2 2 2 2 2 2 2 2 2 2 2 2 2 2 2 2 2 2 2 2 2 2 2 2 2 2
left_child=4 3 5 -2 6 14 19 8 -4 10 11 -8 26 16 15 -3 -5 -18 -16 25 21 -9 -12 -10 -15 -1 -6 -21 -29 -22
right_child=1 2 7 13 12 -7 9 20 23 -11 22 -13 -14 24 18 -17 17 -19 -20 27 29 -23 -24 -25 -26 -27 -28 28 -30 -31
leaf_value=-0.00049417386330187442 -5.7259742806860307e-05 -6.440906891999242e-05 -6.440906891999242e-05 0.0014515435446320834 -6.4644379690501086e-05 -6.440906891999242e-05 0.0008395633822288628 -6.440906891999242e-05 -5.2099490941073192e-05 0.009113528415729294 -0.00066180548595013257 -8.4752856869974814e-05 -6.440906891999242e-05 -9.0148453328568455e-05 -6.440906891999242e-05 -6.5924606257209786e-05 0.00045347113070945937 -0.0004781455960733945 -6.440906891999242e-05 0.00032496879660690693 -6.440906891999242e-05 -6.440906891999242e-05 -0.0050213168273203724 -6.440906891999242e-05 -0.00047433622796839634 -5.8888246497016113e-05 7.0811564032408368e-05 -0.0013493901732807756 2.6517475023396771e-05 -6.440906891999242e-05
leaf_weight=1016 843 2777 4345 633 525 543 18595 4104 643 597 2423 101574 1121 568 5511 543 949 1726 647 526 3156 516 828 2414 1030 597 563 949 502 76431
leaf_count=1016 843 2777 4345 633 525 543 18595 4104 643 597 2423 101574 1121 568 5511 543 949 1726 647 526 3156 516 828 2414 1030 597 563 949 502 76431
internal_value=-0.00321881 -0.00681678 -0.00706977 -0.00234351 -0.000242647 -0.0053255 -0.000195539 -0.00726045 -0.00618922 -0.000149796 -0.00016796 -0.000126382 -0.00296133 -0.00163509 -0.00556487 -0.00437989 -0.000797583 -0.00138681 -0.00620211 -0.00177478 -0.00735447 -0.00643228 -0.00170381 -0.00455296 -0.00336562 -0.00297678 -0.00112844 -0.000792067 -0.00148142 -0.00740784
internal_weight=237195 107379 101630 5749 129816 10021 127607 91609 7402 124017 123420 120169 2209 4906 9478 3320 3308 2675 6158 3590 84207 4620 3251 3057 1598 1613 1088 1977 1451 79587
internal_count=237195 107379 101630 5749 129816 10021 127607 91609 7402 124017 123420 120169 2209 4906 9478 3320 3308 2675 6158 3590 84207 4620 3251 3057 1598 1613 1088 1977 1451 79587
is_linear=0
shrinkage=0.03


Tree=222
num_leaves=30
num_cat=0
split_feature=25 9 7 10 25 9 9 11 4 44 44 25 2 39 24 11 44 23 2 5 5 28 25 35 16 7 10 11 4
split_gain=2796.92 141.021 38.9616 19.6249 16.5641 12.5571 11.8234 16.7025 11.7061 9.94404 15.4224 9.45688 10.7485 9.3654 7.97446 7.83729 7.47672 6.49354 6.04351 10.6123 5.54245 5.3605 3.95478 3.44854 3.35515 3.02632 2.8922 2.4607 0.17807
threshold=1690.5000000000002 45.000000000000007 2.0999999999999992 -0.40000000000000385 1680.5000000000002 235.00000000000003 95.000000000000014 -0.40000000000000119 2.2000000000000002 11014.500000000002 5940.0000000000009 1211.0000000000002 1028.4500000000003 -0.94703994556331683 2.100000000000001 0.14999999999999861 16724.500000000004 4.5000000000000009 1004.5500000000001 18.850000000000005 14.65 23.500000000000004 1739.5000000000002 985.00000000000011 1.5000000000000002 0.95000000000000029 -0.19999999999999749 -0.10000000000000007 4.0000000000000036
decision_type=2 2 2 2 2 2 2 2 2 2 2 2 2 2 2 2 2 2 2 2 2 2 2 2 2 2 2 2 2
left_child=4 3 5 -2 9 8 7 28 21 10 11 14 -13 -7 -1 24 -11 18 -5 -20 -8 -3 -19 -22 -6 -15 -9 -10 -4
right_child=1 2 6 17 15 13 20 26 27 16 -12 12 -14 25 -16 -17 -18 22 19 -21 23 -23 -24 -25 -26 -27 -28 -29 -30
leaf_value=-0.0033798285450710596 -5.5541950522654498e-05 -6.2476919326308238e-05 -6.2476796852392654e-05 0.00144006653595793 -6.2476796852392654e-05 -6.2476796852392654e-05 -6.2476796852392654e-05 -6.2476796852392654e-05 -6.2476796852392654e-05 -0.0083637076135960366 0.010158605180156481 -9.150388634353544e-05 0.010209283135910704 -6.2476796852392654e-05 0.0016289741942320979 -2.7080809615747292e-05 -0.00052147889757877815 -7.5013516644571276e-05 0.0018985390341817417 -0.00042607689405354583 -6.2476796852392654e-05 0.0005699010292258954 -0.00065148026500570354 -6.2476796852392654e-05 -6.2476796852392654e-05 -6.2476796852392654e-05 -6.2476796852392654e-05 -6.2476796852392654e-05 -6.2476796852392654e-05
leaf_weight=2968 767 714 501 678 841 522 908 633 974 549 701 101014 507 527 21171 655 518 928 618 2026 3669 520 764 81791 695 5958 1346 756 2462
leaf_count=2968 767 714 501 678 841 522 908 633 974 549 701 101014 507 527 21171 655 518 928 618 2026 3669 520 764 81791 695 5958 1346 756 2462
internal_value=-0.00320711 -0.00679542 -0.00705555 -0.00223716 -0.00024319 -0.00527249 -0.00725014 -0.00581614 -0.00363115 -0.000198697 -0.000174319 -0.000199106 -0.00032601 -0.00596554 0.000334597 -0.00282832 -0.00307998 -0.00155203 -0.000780686 -0.00142857 -0.00733206 -0.00139563 -0.00306375 -0.00735695 -0.0039987 -0.00627678 -0.00367617 -0.00522229 -0.00724199
internal_weight=236681 107062 101281 5781 129619 9971 91310 4942 2964 127428 126361 125660 101521 7007 24139 2191 1067 5014 3322 2644 86368 1234 1692 85460 1536 6485 1979 1730 2963
internal_count=236681 107062 101281 5781 129619 9971 91310 4942 2964 127428 126361 125660 101521 7007 24139 2191 1067 5014 3322 2644 86368 1234 1692 85460 1536 6485 1979 1730 2963
is_linear=0
shrinkage=0.03


Tree=223
num_leaves=31
num_cat=0
split_feature=25 8 25 8 8 8 8 24 24 35 23 1 39 25 2 7 5 39 39 38 7 37 4 35 9 23 5 7 39 2
split_gain=2822.54 355.568 19.5384 17.6062 15.7822 15.9731 13.3707 10.0235 9.36303 11.0303 9.89481 9.07943 12.1766 9.66273 11.4687 10.6773 9.31033 12.4093 9.25732 8.28398 4.56529 4.45891 4.35103 6.48938 4.50704 4.05679 2.87295 2.03562 5.22333 1.49946
threshold=1690.5000000000002 0.40000000000000396 1680.5000000000002 0.79999999999999993 0.30000000000000254 0.39999999999999908 0.70000000000000029 0.95000000000000029 -0.65000000000000024 1285.0000000000002 4.5000000000000009 96.500000000000014 -0.20180761162458913 1230.5000000000002 1028.4500000000003 0.70000000000000029 28.950000000000003 0.53312596302726967 -0.90892157495189674 0.51297097409535064 1.6499999999999988 -0.24999999999999994 1.8499999999999999 1195.0000000000002 45.000000000000007 3.5000000000000004 19.050000000000004 2.0999999999999992 -0.8611288361322974 1011.1500000000002
decision_type=2 2 2 2 2 2 2 2 2 2 2 2 2 2 2 2 2 2 2 2 2 2 2 2 2 2 2 2 2 2
left_child=2 4 11 21 8 7 22 -6 -2 10 -10 13 19 16 15 -15 17 -1 -18 25 -11 -4 23 -3 -24 -13 -26 28 -8 -30
right_child=1 6 3 -5 5 -7 27 -9 9 20 -12 12 -14 14 -16 -17 18 -19 -20 -21 -22 -23 24 -25 26 -27 -28 -29 29 -31
leaf_value=0.0034541315316479726 -0.0006184955085931969 -6.0602492946820861e-05 0.00025221882933451845 -6.0602492946820861e-05 5.4212854584082626e-05 -5.0636674300543463e-05 -6.0602492946820861e-05 4.6927507217235784e-06 -8.6557530959156855e-05 -0.00065481791451233546 -0.00072349841470313093 -0.0069444636267217063 0.0037000941228721384 -0.0029005936132049381 0.010703367768802971 -5.1361116017151756e-05 -0.0081855379667908918 -0.00069985656887224131 0.0015154059307456202 -0.012401568722098725 -0.00036937414864574334 -9.4953344387957547e-05 -4.1812962085771468e-05 -6.0602492946820861e-05 -6.0602492946820861e-05 0.00070100431055857405 -6.0602492946820861e-05 -6.0602492946820861e-05 -6.0602492946820861e-05 -6.0602492946820861e-05
leaf_weight=16342 962 562 511 876 717 792 518 557 3922 501 1412 604 598 11114 500 85771 1106 9451 1148 642 728 787 588 545 783 510 3764 86232 1275 3362
leaf_count=16342 962 562 511 876 717 792 518 557 3922 501 1412 604 598 11114 500 85771 1106 9451 1148 642 728 787 588 545 783 510 3764 86232 1275 3362
internal_value=-0.00319375 -0.00679674 -0.000221142 -0.00303998 -0.00128453 0.00103723 -0.00733822 0.0031152 -0.00192208 -0.00151599 -0.00092485 -0.000173138 -0.00201825 -0.000138479 -0.000279786 -0.000303214 0.000352152 0.000513762 -0.00149601 -0.00327645 -0.00407595 -0.000819231 -0.00598895 -0.00426736 -0.00635828 -0.00170699 -0.00667894 -0.00743024 -0.00683392 -0.00715402
internal_weight=237180 107220 129960 2174 9591 2066 97629 1274 7525 6563 5334 127786 2354 125432 97385 96885 28047 25793 2254 1756 1229 1298 6242 1107 5135 1114 4547 91387 5155 4637
internal_count=237180 107220 129960 2174 9591 2066 97629 1274 7525 6563 5334 127786 2354 125432 97385 96885 28047 25793 2254 1756 1229 1298 6242 1107 5135 1114 4547 91387 5155 4637
is_linear=0
shrinkage=0.03


Tree=224
num_leaves=31
num_cat=0
split_feature=25 8 25 8 8 8 8 24 8 7 1 23 39 22 6 38 35 31 6 0 4 35 39 38 35 39 24 9 5 7
split_gain=2807.18 364.443 18.4898 18.6105 16.3518 16.7448 12.5474 11.4387 10.221 9.9305 9.47161 17.2004 10.7053 10.067 10.6497 9.31586 8.25463 7.73085 5.26889 5.25619 4.98108 6.95271 4.88071 4.44799 5.21776 5.89123 3.651 3.23035 3.19219 2.19924
threshold=1690.5000000000002 0.40000000000000396 1680.5000000000002 0.75000000000000011 0.30000000000000254 0.39999999999999908 0.70000000000000029 1.1000000000000008 0.14999999999999861 5.3000000000000034 50.500000000000007 5.5000000000000009 0.39629089145655322 34.500000000000007 28.250000000000004 0.10837544681456425 1325.0000000000002 27.215384615384618 17.550000000000004 18.950000000000003 1.8499999999999999 1175.0000000000002 -0.15950993297387572 0.97508442350096236 845.00000000000011 0.45847758937963173 -1.2000000000000008 45.000000000000007 19.050000000000004 2.0999999999999992
decision_type=2 2 2 2 2 2 2 2 2 2 2 2 2 2 2 2 2 2 2 2 2 2 2 2 2 2 2 2 2 2
left_child=2 4 9 22 8 7 20 -6 16 10 11 15 -13 14 -12 -1 18 19 -2 -10 21 -3 -4 24 26 -26 -11 -22 -29 -8
right_child=1 6 3 -5 5 -7 29 -9 17 23 13 12 -14 -15 -16 -17 -18 -19 -20 -21 27 -23 -24 -25 25 -27 -28 28 -30 -31
leaf_value=0.0012379795884463595 0.0017917715606746265 -5.8784418158416237e-05 0.00026114819653695853 -5.8784418158416237e-05 6.2568763899894405e-05 -4.9039506557874832e-05 -5.8784418158416237e-05 -3.8585135678096156e-05 -0.00040032648430023148 -0.0045436881891884251 -4.1893744000234325e-05 0.0068967207504257383 0.0017137091950571847 0.0072631793033524515 -0.0010053895357909695 -0.0024453727631334509 -0.00066745346696385867 0.00014928181928145656 -0.00058868792174286201 -0.00044794179974595461 -4.7257373169746662e-05 -5.8784418158416237e-05 -9.1275760631117224e-05 0.00013059350958844474 -8.6799437347386476e-05 6.5087797178056756e-05 -0.0023794719132688462 -5.8784418158416237e-05 -5.8784418158416237e-05 -5.8784418158416237e-05
leaf_weight=1412 925 528 503 911 786 799 5147 500 612 761 100551 750 1458 609 13754 1227 511 525 2530 2431 602 626 755 953 2413 1405 2084 795 3763 86218
leaf_count=1412 925 528 503 911 786 799 5147 500 612 761 100551 750 1458 609 13754 1227 511 525 2530 2431 602 626 755 953 2413 1405 2084 795 3763 86218
internal_value=-0.00320157 -0.00679026 -0.000229143 -0.00297444 -0.00121843 0.00113201 -0.00733891 0.00324922 -0.00186903 -0.00018235 -0.000115541 0.00118323 0.00313575 -0.000170342 -0.000190868 -0.000451534 -0.000820312 -0.00303361 -0.000292884 -0.0036133 -0.00603942 -0.00424308 -0.000607143 -0.00123261 -0.00150675 -0.000781414 -0.00247893 -0.00643936 -0.00671382 -0.00742858
internal_weight=236844 107298 129546 2169 9619 2085 97679 1286 7534 127377 119761 4847 2208 114914 114305 2639 3966 3568 3455 3043 6314 1154 1258 7616 6663 3818 2845 5160 4558 91365
internal_count=236844 107298 129546 2169 9619 2085 97679 1286 7534 127377 119761 4847 2208 114914 114305 2639 3966 3568 3455 3043 6314 1154 1258 7616 6663 3818 2845 5160 4558 91365
is_linear=0
shrinkage=0.03


Tree=225
num_leaves=31
num_cat=0
split_feature=25 8 25 8 8 8 7 8 1 23 2 22 23 24 24 6 39 31 37 39 2 6 31 9 3 1 1 6 7 39
split_gain=2839.08 347.045 20.5436 19.0442 12.4282 11.9485 11.2679 9.92455 9.7047 16.5984 10.6551 10.21 10.6284 8.80688 8.34396 8.06814 6.96567 6.78072 6.04951 4.95455 6.22348 8.94618 7.25369 4.94308 4.12693 5.04698 3.25012 4.01599 2.44055 5.59458
threshold=1690.5000000000002 0.40000000000000396 1680.5000000000002 0.79999999999999993 0.70000000000000029 0.30000000000000254 5.3000000000000034 0.39999999999999908 50.500000000000007 5.5000000000000009 1023.7500000000001 34.500000000000007 6.5000000000000009 -0.65000000000000024 0.95000000000000029 14.450000000000001 0.95178258287705175 24.038461538461544 -0.24999999999999994 -0.065537083312030994 1018.1500000000002 17.350000000000005 15.379807692307695 45.000000000000007 20.650000000000002 68.500000000000014 90.500000000000014 15.350000000000003 2.0999999999999992 -0.86974577485258975
decision_type=2 2 2 2 2 2 2 2 2 2 2 2 2 2 2 2 2 2 2 2 2 2 2 2 2 2 2 2 2 2
left_child=2 5 6 18 23 13 8 14 9 16 -11 12 -10 -2 -7 -15 -1 -17 -4 24 21 -21 -22 -3 -8 -26 27 -25 29 -6
right_child=1 4 3 -5 28 7 19 -9 11 10 -12 -13 -14 15 -16 17 -18 -19 -20 20 22 -23 -24 26 25 -27 -28 -29 -30 -31
leaf_value=-0.0015551234520594902 -0.00058350478130279274 -4.8298789351593594e-05 0.000439846954069407 -5.7020885613663756e-05 -5.7020885613663756e-05 4.9537070869455449e-05 -0.00088435551572547022 -4.444546221862641e-05 -4.9567685908560996e-05 0.0046662664890948034 -1.6715653868237812e-05 0.0070459946353974073 -0.0028478929313721897 0.0014219041642001145 -3.8032310943976538e-05 -0.00049629890676488361 0.001831235665482993 -4.0968398096752603e-05 -8.9263231686226928e-05 0.0027421731410931269 -0.00062630865045249331 -4.3620034496188159e-05 5.387084400831848e-05 -5.7020885613663756e-05 -8.4369941380516011e-05 -0.00032525443992351165 -5.7020885613663756e-05 -5.7020885613663756e-05 -5.7020885613663756e-05 -5.7020885613663756e-05
leaf_weight=1681 977 655 508 879 522 697 787 779 110797 1502 653 602 3750 630 553 4242 931 1658 813 537 990 2232 670 544 1722 686 848 4225 86348 4731
leaf_count=1681 977 655 508 879 522 697 787 779 110797 1502 653 602 3750 630 553 4242 931 1658 813 537 990 2232 670 544 1722 686 848 4225 86348 4731
internal_value=-0.00319268 -0.00680021 -0.000206024 -0.00307902 -0.00733249 -0.00133676 -0.000156419 0.000705318 -8.53083e-05 0.00124083 0.00318846 -0.000140229 -0.000160739 -0.00188873 0.00236022 -0.00149036 -0.000367253 -0.00183497 -0.00079932 -0.00127459 -0.000624577 0.000246301 -0.00207581 -0.00603443 -0.0021747 -0.00155602 -0.00632274 -0.00662911 -0.00742124 -0.00677783
internal_weight=237149 107409 129740 2200 97873 9536 127540 2029 119916 4767 2155 115149 114547 7507 1250 6530 2612 5900 1321 7624 4429 2769 1660 6272 3195 2408 5617 4769 91601 5253
internal_count=237149 107409 129740 2200 97873 9536 127540 2029 119916 4767 2155 115149 114547 7507 1250 6530 2612 5900 1321 7624 4429 2769 1660 6272 3195 2408 5617 4769 91601 5253
is_linear=0
shrinkage=0.03


Tree=226
num_leaves=31
num_cat=0
split_feature=25 8 25 8 8 8 8 8 7 44 44 1 35 23 39 9 31 0 7 39 25 1 5 39 7 2 29 7 39 2
split_gain=2822.25 353.919 19.4459 17.5313 13.7598 13.1162 11.3134 10.1443 8.94589 8.33245 16.4756 10.0317 8.14971 8.51479 7.94713 6.07775 5.44659 5.5363 4.08099 3.61236 3.26487 3.19673 3.4983 2.69817 2.93715 2.81643 2.17931 2.01489 5.44815 1.45394
threshold=1690.5000000000002 0.40000000000000396 1680.5000000000002 0.75000000000000011 0.70000000000000029 0.30000000000000254 0.39999999999999908 0.14999999999999861 5.9000000000000004 11899.500000000002 5940.0000000000009 95.500000000000014 1325.0000000000002 4.5000000000000009 -0.92272482904738262 45.000000000000007 27.038461538461544 18.950000000000003 3.0500000000000012 -0.18493013702746822 1578.5000000000002 90.500000000000014 19.050000000000004 0.029024409397335523 6.5999999999999996 1014.2500000000001 11.225000000000001 2.0999999999999992 -0.86974577485258975 1011.1500000000002
decision_type=2 2 2 2 2 2 2 2 2 2 2 2 2 2 2 2 2 2 2 2 2 2 2 2 2 2 2 2 2 2
left_child=2 5 8 19 15 7 18 12 9 10 11 -1 13 -2 -11 -3 17 -9 -7 -4 26 22 -17 24 -22 -25 -10 28 -6 -30
right_child=1 4 3 -5 27 6 -8 16 20 14 -12 -13 -14 -15 -16 21 -18 -19 -20 -21 23 -23 -24 25 -26 -27 -28 -29 29 -31
leaf_value=-3.2176294390503096e-05 0.00038353034874630189 -3.6278912416889466e-05 0.00030810799250743069 -5.5310259045253839e-05 -5.5310259045253839e-05 1.6931886464250347e-05 -4.6078822467275128e-05 -0.00028541761890657936 -0.0035387312997074284 -0.00012550609295492466 0.01233331816031223 -0.0023453853354353849 -0.00062579906835787504 -0.0018072003669092446 -0.0094442253647768395 -5.5310259045253839e-05 -5.3758911730591438e-05 -0.00043572251296084149 4.9939272681059099e-05 -8.4548062725327757e-05 -4.9467203698386079e-05 -5.5310259045253839e-05 -5.5310259045253839e-05 0.00023272825223726975 -0.00018445108166622099 -4.9525240137126714e-05 -0.0046260419965501011 -5.5310259045253839e-05 -5.5310259045253839e-05 -5.5310259045253839e-05
leaf_weight=117903 2542 632 506 901 503 644 793 612 504 544 669 3698 515 877 520 888 528 2412 653 766 727 822 3988 512 592 1068 777 85879 1305 3377
leaf_count=117903 2542 632 506 901 503 644 793 612 504 544 669 3698 515 877 520 888 528 2412 653 766 727 822 3988 512 592 1068 777 85879 1305 3377
internal_value=-0.00318677 -0.00679397 -0.000211371 -0.00302414 -0.00733505 -0.00129046 0.000810229 -0.001877 -0.000163391 -0.000117119 -9.40935e-05 -0.00011996 -0.000826982 -0.000295966 -0.00275797 -0.00597678 -0.00303883 -0.00352941 0.00253464 -0.000753532 -0.00152798 -0.00628684 -0.00658057 -0.000969493 -0.0019701 -0.000132743 -0.00278839 -0.00742934 -0.00683777 -0.00715734
internal_weight=236657 106970 129687 2173 97394 9576 2090 7486 127514 123334 122270 121601 3934 3419 1064 6330 3552 3024 1297 1272 4180 5698 4876 2899 1319 1580 1281 91064 5185 4682
internal_count=236657 106970 129687 2173 97394 9576 2090 7486 127514 123334 122270 121601 3934 3419 1064 6330 3552 3024 1297 1272 4180 5698 4876 2899 1319 1580 1281 91064 5185 4682
is_linear=0
shrinkage=0.03


Tree=227
num_leaves=31
num_cat=0
split_feature=25 8 25 8 8 8 8 25 2 35 1 10 24 35 31 24 1 39 24 9 7 38 4 25 18 5 7 39 2 5
split_gain=2809.3 350.394 20.6699 16.8678 14.0719 12.0963 10.2627 8.64172 9.33122 9.36045 21.6572 14.8751 8.16997 9.56187 11.6532 7.96617 6.60006 9.26865 6.52341 5.42566 5.35917 5.08416 4.79111 5.90656 2.40151 2.20104 2.19913 5.10945 1.7439 0.836682
threshold=1690.5000000000002 0.40000000000000396 1680.5000000000002 0.64999999999999869 0.70000000000000029 0.30000000000000254 0.39999999999999908 1220.5000000000002 1028.3000000000004 855.00000000000011 90.500000000000014 1.0000000180025095e-35 -0.65000000000000024 1265.0000000000002 23.320512820512821 6.5500000000000007 95.500000000000014 0.53312596302726967 0.95000000000000029 45.000000000000007 1.6499999999999988 0.10837544681456425 2.0999999999999992 1939.5000000000002 2.6645352591003761e-15 19.050000000000004 2.0999999999999992 -0.86974577485258975 1011.1500000000002 14.65
decision_type=2 2 2 2 2 2 2 2 2 2 2 2 2 2 2 2 2 2 2 2 2 2 2 2 2 2 2 2 2 2
left_child=2 5 7 24 19 12 18 15 9 11 -11 -9 -2 14 -14 16 17 -1 -7 -3 -15 -18 23 -21 -4 -24 27 -6 -29 -28
right_child=1 4 3 -5 26 6 -8 8 -10 10 -12 -13 13 20 -16 -17 21 -19 -20 22 -22 -23 25 -25 -26 -27 29 28 -30 -31
leaf_value=0.0025184243833811324 -0.00058087098336686281 -4.7075085977208018e-05 -8.6563854517567184e-05 -5.3650951273896226e-05 -5.3650951273896226e-05 4.8949954464172522e-05 -4.4696457793256882e-05 -0.0014972906894683887 0.0095366666948425386 4.8676357395726788e-08 0.00042636940616332027 -0.00046338045444133 -0.00045082283484181501 -0.00058981187615278193 0.00093146505885619653 0.0085705761627870147 0.0060737137321910661 -0.001068376184627171 -1.4115135884743319e-05 -5.3650951273896226e-05 -0.00032184115180370118 -0.01561761871734816 -5.3650951273896226e-05 -5.3650951273896226e-05 0.00033001839855540278 -5.3650951273896226e-05 -5.3650951273896226e-05 -5.3650951273896226e-05 -5.3650951273896226e-05 -5.3650951273896226e-05
leaf_weight=16437 962 640 562 1052 520 715 817 22036 536 16754 1215 60382 3708 584 1442 558 530 8437 542 630 834 877 778 658 550 3559 795 1315 3373 85519
leaf_count=16437 962 640 562 1052 520 715 817 22036 536 16754 1215 60382 3708 584 1442 558 530 8437 542 630 834 877 778 658 550 3559 795 1315 3373 85519
internal_value=-0.00320546 -0.00679562 -0.000237939 -0.00314404 -0.00733265 -0.0013273 0.000700867 -0.000188668 -0.000315903 -0.000337014 0.000283373 -0.000472276 -0.00188595 -0.00150685 -0.000905474 0.000289762 0.000214302 0.000327424 0.00240071 -0.00595141 -0.00368662 -0.00178318 -0.00624978 -0.00462791 -0.00056553 -0.00672909 -0.00742707 -0.0068119 -0.0071258 -0.00746403
internal_weight=237317 107391 129926 2164 97787 9604 2074 127762 100923 100387 17969 82418 7530 6568 5150 26839 26281 24874 1257 6265 1418 1407 5625 1288 1112 4337 91522 5208 4688 86314
internal_count=237317 107391 129926 2164 97787 9604 2074 127762 100923 100387 17969 82418 7530 6568 5150 26839 26281 24874 1257 6265 1418 1407 5625 1288 1112 4337 91522 5208 4688 86314
is_linear=0
shrinkage=0.03


Tree=228
num_leaves=31
num_cat=0
split_feature=25 8 25 8 8 29 8 8 24 35 23 38 2 8 25 35 24 4 38 6 15 8 12 4 8 2 38 5 32 20
split_gain=2836.02 346.703 19.0351 18.9207 13.6188 8.68714 8.38404 11.0828 10.6081 8.5731 11.8797 8.30681 8.21296 7.9955 11.5811 8.78628 6.24442 3.96917 2.82938 2.58174 2.32695 1.92636 1.71206 1.61439 3.49925 7.09283 1.56269 1.00259 0.272401 0.236131
threshold=1690.5000000000002 0.49999999999999739 1680.5000000000002 0.5999999999999962 0.70000000000000029 1.2250000000000003 0.30000000000000254 0.39999999999999908 -0.60000000000000042 1265.0000000000002 4.5000000000000009 0.26037272046371446 1028.4500000000003 0.79999999999999816 1650.5000000000002 895.00000000000011 1.1000000000000008 1.6500000000000006 0.26037272046371446 15.350000000000003 0.24832774042920905 1.0000000000000011 0.0033333333333332034 1.8999999999999992 1.4000000000000041 1006.85 0.056951373111866731 14.65 41.500000000000007 -1.5000000000000566
decision_type=2 2 2 2 2 2 2 2 2 2 2 2 2 2 2 2 2 2 2 2 2 2 2 2 2 2 2 2 2 2
left_child=2 6 5 26 17 11 8 16 22 10 -10 -1 13 15 -15 -7 -8 -3 -11 -19 -21 -5 -2 24 25 -6 -4 -25 -26 -29
right_child=1 4 3 21 23 12 7 -9 9 18 -12 -13 -14 14 -16 -17 -18 19 -20 20 -22 -23 -24 27 28 -27 -28 29 -30 -31
leaf_value=-0.00019129630141422993 -0.0005248471403358477 -5.2041422735679339e-05 -7.2411376016985189e-05 -5.2041422735679339e-05 -5.2041422735679339e-05 -0.00033143091027299355 4.6074503515519101e-05 -4.5710483859401548e-05 5.5305836606281166e-05 -0.00026204979047418365 -0.00068139605502693268 0.012882754234414351 0.0089617064384583858 -5.8913937365747342e-05 -4.1074952911336535e-05 0.00020580872310112277 -3.7101281375141566e-05 -5.2041422735679339e-05 -0.00056319156673381179 -5.2041422735679339e-05 -5.2041422735679339e-05 -5.2041422735679339e-05 -0.00059483256043327292 -5.2041422735679339e-05 -5.2041422735679339e-05 -5.2041422735679339e-05 0.00037988611015191457 -5.2041422735679339e-05 -5.2041422735679339e-05 -5.2041422735679339e-05
leaf_weight=762 509 947 503 599 723 106351 753 829 3696 570 1377 774 562 10819 2352 5995 524 520 839 4166 616 598 540 555 5878 1846 504 3218 1697 77349
leaf_count=762 509 947 503 599 723 106351 753 829 3696 570 1377 774 562 10819 2352 5995 524 520 839 4166 616 598 540 555 5878 1846 504 3218 1697 77349
internal_value=-0.00318337 -0.00679573 -0.000201682 -0.00296464 -0.00733218 -0.000153918 -0.0013671 0.000305977 -0.00183493 -0.00138109 -0.000805419 0.00208713 -0.000181253 -0.00019748 -0.000896721 -0.000115489 0.00205825 -0.00597144 -0.00344968 -0.00629242 -0.00651233 -0.00551084 -0.0046313 -0.00742522 -0.007055 -0.00608226 6.68979e-05 -0.00747134 -0.0073832 -0.00748045
internal_weight=236971 107152 129819 2204 97515 127615 9637 2106 7531 6482 5073 1536 126079 125517 13171 112346 1277 6249 1409 5302 4782 1197 1049 91266 10144 2569 1007 81122 7575 80567
internal_count=236971 107152 129819 2204 97515 127615 9637 2106 7531 6482 5073 1536 126079 125517 13171 112346 1277 6249 1409 5302 4782 1197 1049 91266 10144 2569 1007 81122 7575 80567
is_linear=0
shrinkage=0.03


Tree=229
num_leaves=31
num_cat=0
split_feature=25 8 25 8 8 8 8 23 35 25 15 25 7 31 27 38 5 39 8 29 7 3 8 9 7 21 28 8 39 25
split_gain=2847.11 349.276 21.1331 17.7504 14.9098 10.2658 11.8871 8.57827 8.93286 8.2635 11.2934 14.5088 9.24392 9.24185 8.19972 15.6866 8.20696 12.5291 7.58696 7.31501 7.02581 6.97078 6.81372 6.69587 4.94727 4.01107 4.21392 3.97605 3.83677 3.63656
threshold=1690.5000000000002 0.49999999999999739 1680.5000000000002 0.64999999999999869 0.70000000000000029 0.35000000000000148 0.39999999999999908 4.5000000000000009 1245.0000000000002 1211.0000000000002 0.098319208025013746 1590.5000000000002 6.3500000000000023 24.174242424242429 4.0833333333333348 -0.55657520495441892 28.650000000000002 -0.86974577485258975 0.20000000000000198 8.1000000000000014 1.6000000000000008 20.650000000000002 0.79999999999999816 45.000000000000007 3.0500000000000012 14.500000000000002 30.500000000000004 0.39999999999999908 -0.099822328936730861 1730.5000000000002
decision_type=2 2 2 2 2 2 2 2 2 2 2 2 2 2 2 2 2 2 2 2 2 2 2 2 2 2 2 2 2 2
left_child=2 5 9 -4 23 7 24 8 18 14 11 21 22 -13 15 -1 17 -16 -2 -18 -10 -11 -12 -3 -7 -25 -27 -14 -17 -9
right_child=1 4 3 -5 -6 6 -8 29 20 10 12 13 27 -15 16 28 19 -19 -20 -21 -22 -23 -24 25 -26 26 -28 -29 -30 -31
leaf_value=-0.0029764935799191016 0.00022714419866426582 -3.2275451256676982e-05 -3.342240678512521e-05 -5.0480180053608956e-05 -5.0480180053608956e-05 1.3772415479097398e-05 -4.2325749226857949e-05 -0.00039101038208438324 -0.00057995414000712789 -0.0018048560507532318 3.3834671011056792e-05 2.5238724911264353e-06 -0.0026315431219671968 0.00070234074179639392 0.0085893978429621674 0.011700736700866554 -0.0091479692962446336 0.0002459317461923571 -0.00022293171221838572 4.7636302441684817e-05 -0.0002487712283524909 -0.0057450079166899252 -4.3591138084812542e-05 -5.0480180053608956e-05 5.2089745356100078e-05 -5.0480180053608956e-05 -5.0480180053608956e-05 -2.0929333688440034e-05 0.0022930926541580329 -0.00089569436681757062
leaf_weight=1300 2831 630 1148 1091 91422 615 837 970 615 7751 74455 1972 1413 637 1805 1307 1074 16912 1299 1205 915 4959 10775 551 568 4600 550 1037 819 909
leaf_count=1300 2831 630 1148 1091 91422 615 837 970 615 7751 74455 1972 1413 637 1805 1307 1074 16912 1299 1205 915 4959 10775 551 568 4600 550 1037 819 909
internal_value=-0.00317921 -0.00679371 -0.000187642 -0.00307564 -0.00732891 -0.00132021 0.000578635 -0.001829 -0.00124514 -0.000136847 -0.000254488 -0.00100597 -0.000123172 0.00103121 0.000359278 0.00171966 0.000137156 0.000344169 -0.000519119 -0.00156181 -0.0032017 -0.00142424 -7.09241e-05 -0.00591544 0.00251266 -0.00624014 -0.00650136 -0.00193923 0.00330592 -0.00358453
internal_weight=236972 107312 129660 2239 97753 9559 2020 7539 5660 127421 102999 15319 87680 2609 24422 3426 20996 18717 4130 2279 1530 12710 85230 6331 1183 5701 5150 2450 2126 1879
internal_count=236972 107312 129660 2239 97753 9559 2020 7539 5660 127421 102999 15319 87680 2609 24422 3426 20996 18717 4130 2279 1530 12710 85230 6331 1183 5701 5150 2450 2126 1879
is_linear=0
shrinkage=0.03


Tree=230
num_leaves=29
num_cat=0
split_feature=25 9 7 25 10 32 9 13 9 44 44 7 21 1 9 9 1 35 38 36 5 0 13 39 10 13 13 35
split_gain=2822.39 157.979 38.2001 20.2026 20.0988 10.8631 10.2479 17.8568 9.76089 8.43343 11.2618 8.64789 8.80506 7.98504 7.60709 7.50275 9.39501 6.61408 5.92442 4.65868 4.32979 6.78532 3.53055 3.46311 3.39905 2.26831 1.51745 0.908819
threshold=1690.5000000000002 45.000000000000007 2.0999999999999992 1680.5000000000002 -0.40000000000000119 53.500000000000007 135.00000000000003 -0.0033333333333333656 35.000000000000007 11899.500000000002 5940.0000000000009 5.7000000000000011 23.500000000000004 73.500000000000014 65.000000000000014 295.00000000000006 92.500000000000014 1275.0000000000002 0.39036257410962044 0.93301270189221952 18.550000000000004 16.850000000000005 0.0016666666666666462 -0.87810534180523914 -0.14999999999999855 -0.0066666666666666862 -0.0041666666666666657 965.00000000000011
decision_type=2 2 2 2 2 2 2 2 2 2 2 2 2 2 2 2 2 2 2 2 2 2 2 2 2 2 2 2
left_child=3 4 5 9 -2 15 7 25 13 10 11 12 -1 22 -5 16 -3 -15 -11 -13 21 -8 -6 -17 -9 -4 -16 -22
right_child=1 2 6 14 8 -7 20 24 -10 18 -12 19 -14 17 26 23 -18 -19 -20 -21 27 -23 -24 -25 -26 -27 -28 -29
leaf_value=7.0986439326008787e-05 -4.2239330419020697e-05 -4.8965774652000684e-05 -4.8965774652000684e-05 -4.8958715328885428e-05 -0.00050777673202478371 -4.8965774652000684e-05 -4.8965774652000684e-05 -4.8965774652000684e-05 3.0289580787324999e-05 -0.00020686625459462297 0.0086935016112896224 -0.00010783758341251835 -0.00019367590932628601 8.542670465213786e-05 -4.8965774652000684e-05 -4.8965774652000684e-05 -4.8965774652000684e-05 -0.0011244376679740054 -0.0089288512630919456 0.00031943630521077347 -4.8965774652000684e-05 -4.8965774652000684e-05 -0.00060198748941006337 -4.8965774652000684e-05 -4.8965774652000684e-05 -4.8965774652000684e-05 -4.8965774652000684e-05 -4.8965774652000684e-05
leaf_weight=64603 846 3162 5943 962 561 553 3960 594 682 545 715 4308 56153 1999 501 541 685 522 525 802 1104 530 1201 5004 1961 1576 720 75904
leaf_count=64603 846 3162 5943 962 561 553 3960 594 682 545 715 4308 56153 1999 501 541 685 522 525 802 1104 530 1201 5004 1961 1576 720 75904
internal_value=-0.00318735 -0.00678683 -0.0070622 -0.000211767 -0.00197531 -0.00529381 -0.00725413 -0.00634627 -0.00124572 -0.000162805 -0.000140362 -0.000161717 -0.000110552 -0.00177655 -0.00307208 -0.00553438 -0.00451091 -0.000692628 -0.0028125 -0.00137031 -0.0073662 -0.00644813 -0.00332483 -0.00624256 -0.00417384 -0.00708317 -0.00464227 -0.00741956
internal_weight=237162 107328 101517 129834 5811 9945 91572 10074 4965 127651 126581 125866 120756 4283 2183 9392 3847 2521 1070 5110 81498 4490 1762 5545 2555 7519 1221 77008
internal_count=237162 107328 101517 129834 5811 9945 91572 10074 4965 127651 126581 125866 120756 4283 2183 9392 3847 2521 1070 5110 81498 4490 1762 5545 2555 7519 1221 77008
is_linear=0
shrinkage=0.03


Tree=231
num_leaves=31
num_cat=0
split_feature=35 8 35 8 8 8 8 33 6 38 23 21 27 39 27 8 9 35 20 35 39 4 35 28 20 16 3 6 39 30
split_gain=2827.99 355.251 17.0566 16.1925 15.4422 11.0229 12.9987 9.44435 8.71244 24.753 27.0833 23.2537 22.3566 11.6958 8.94656 8.52941 8.45028 7.04504 8.87016 6.64577 9.14238 6.32688 8.10933 5.89595 5.12429 4.69709 4.51217 4.06869 2.95261 2.21026
threshold=945.00000000000011 0.49999999999999739 935.00000000000011 0.70000000000000029 0.79999999999999993 0.30000000000000254 0.39999999999999908 2.2000000000000024 19.650000000000002 0.97508442350096236 3.5000000000000004 18.500000000000004 5.916666666666667 0.44312301391210612 12.366666666666669 0.14999999999999861 45.000000000000007 1235.0000000000002 0.19999999999998866 865.00000000000011 0.26659387353423869 1.8499999999999999 1195.0000000000002 28.500000000000004 1.3000000000000116 -1.4999999999999998 20.150000000000002 24.950000000000003 -0.22700609751797865 12.500000000000002
decision_type=2 2 2 2 2 2 2 2 2 2 2 2 2 2 2 2 2 2 2 2 2 2 2 2 2 2 2 2 2 2
left_child=2 5 7 16 28 15 29 8 9 12 -11 14 -1 -13 -10 17 -3 18 -2 20 24 22 -18 25 -9 -17 -22 -21 -4 -7
right_child=1 3 4 -5 -6 6 -8 19 11 10 -12 13 -14 -15 -16 23 21 -19 -20 27 26 -23 -24 -25 -26 -27 -28 -29 -30 -31
leaf_value=0.0066489105435761251 -0.00060219229480040944 -3.1394582263393884e-05 0.00024442380020815019 -4.7496801412440662e-05 -4.7496801412440662e-05 7.8799074270476544e-05 -3.9557773881920685e-05 -0.0017037174494950258 -0.013004243067431087 -0.0020704065338479067 0.014454576375056795 5.2402564435901475e-06 -2.9345777414606941e-05 -0.00028680028523718167 -0.00022281590299578452 -0.00022793378583060205 -4.7496801412440662e-05 -0.00071088611309384569 0.0029024563868753489 0.00015619649946338392 -0.0022839186204748163 -4.7496801412440662e-05 -4.7496801412440662e-05 -0.0001016856588439356 0.0040189429212075011 -0.00038076001824340424 -0.0077984392028772271 -3.3375979030016418e-05 -7.8885154278989081e-05 1.7969757869687532e-05
leaf_weight=2565 2370 618 504 91629 893 545 832 9125 930 633 1649 63114 29983 11095 505 567 578 984 519 889 4520 4579 537 609 1030 2426 585 738 818 739
leaf_count=2565 2370 618 504 91629 893 545 832 9125 930 633 1649 63114 29983 11095 505 567 578 984 519 889 4520 4579 537 609 1030 2426 585 738 818 739
internal_value=-0.00317359 -0.00677004 -0.000188921 -0.00730963 -0.0027977 -0.00125951 0.000651558 -0.000143507 -4.24979e-05 0.000350109 0.00336909 -0.000223277 0.000138249 -0.000150079 -0.00400313 -0.00180052 -0.00583465 -0.000822581 -7.52335e-05 -0.000804222 -0.000998559 -0.00619645 -0.00415622 -0.002851 -0.000477749 -0.00339816 -0.00203397 0.0010175 -0.000736405 0.00254277
internal_weight=237108 107532 129576 97941 2215 9591 2116 127361 110474 34830 2282 75644 32548 74209 1435 7475 6312 3873 2889 16887 15260 5694 1115 3602 10155 2993 5105 1627 1322 1284
internal_count=237108 107532 129576 97941 2215 9591 2116 127361 110474 34830 2282 75644 32548 74209 1435 7475 6312 3873 2889 16887 15260 5694 1115 3602 10155 2993 5105 1627 1322 1284
is_linear=0
shrinkage=0.03


Tree=232
num_leaves=31
num_cat=0
split_feature=25 8 25 8 8 8 8 24 6 38 39 2 2 39 2 22 23 29 6 35 32 35 10 24 9 35 4 35 6 39
split_gain=2803.22 364.485 21.6773 18.1281 14.6383 10.7502 11.246 11.1233 9.7659 19.3058 23.8623 18.3884 15.9343 14.8789 27.8488 23.7009 17.1032 13.2418 21.4725 16.035 9.64976 9.96908 7.56496 7.40588 7.09651 6.12115 4.98038 7.18221 4.57882 2.89578
threshold=1690.5000000000002 0.40000000000000396 1680.5000000000002 0.75000000000000011 0.70000000000000029 0.30000000000000254 0.39999999999999908 -0.65000000000000024 28.250000000000004 -0.13398594226331254 -0.85225707553516283 1006.35 1009.6500000000002 -0.86974577485258975 1008.0500000000001 30.500000000000004 3.5000000000000004 9.6333333333333346 24.350000000000005 855.00000000000011 17.500000000000004 875.00000000000011 0.099999999999996106 1.1000000000000008 45.000000000000007 1195.0000000000002 2.0000000000000013 1175.0000000000002 17.550000000000004 -0.18493013702746822
decision_type=2 2 2 2 2 2 2 2 2 2 2 2 2 2 2 2 2 2 2 2 2 2 2 2 2 2 2 2 2 2
left_child=2 5 8 29 24 7 23 -2 13 10 11 -10 -12 14 16 -16 -1 18 -15 -19 -11 -22 25 -7 -3 -9 27 -26 -24 -4
right_child=1 4 3 -5 -6 6 -8 22 9 20 12 -13 -14 17 15 -17 -18 19 -20 -21 21 -23 28 -25 26 -27 -28 -29 -30 -31
leaf_value=-0.0022682219718253476 -0.00052384795397225885 -3.1362719910304603e-05 0.00029569084616999294 -4.6071897370067441e-05 -4.6071897370067441e-05 5.4996552415459391e-05 -3.8400270294034562e-05 -0.00031488973875094751 -0.00040766804620992638 0.0026600114690147644 -0.0018862022398075046 0.006260915015357243 0.0016176542918298509 0.0013330113039595449 0.016564753080075861 0.004311313712823981 0.0016406643631125583 -0.0011436899448950765 -0.00071901133174043425 5.135019347496771e-05 -0.006704063628617694 0.00010193127845219224 0.0015508218905746448 -2.3550504128942675e-05 -4.6071897370067441e-05 -0.00050843690688877569 -4.6071897370067441e-05 -4.6071897370067441e-05 -0.00028186851958490169 -7.9620137255298883e-05
leaf_weight=2282 961 644 501 935 91314 760 812 2276 2038 565 3754 2223 1219 26291 713 2822 5587 50753 13252 10704 4654 537 829 525 591 1155 4408 682 2295 778
leaf_count=2282 961 644 501 935 91314 760 812 2276 2038 565 3754 2223 1219 26291 713 2822 5587 50753 13252 10704 4654 537 829 525 591 1155 4408 682 2295 778
internal_value=-0.00318831 -0.00677597 -0.000219428 -0.0031611 -0.00732472 -0.00120203 0.00069676 -0.00173184 -0.000168255 -0.000887473 -3.73538e-05 0.00160978 -0.00144874 -7.23271e-05 0.000954761 0.00316582 -3.90675e-05 -0.000188313 0.000239917 -0.000463846 -0.00225078 -0.00265598 -0.00128908 0.00244172 -0.00592342 -0.00226114 -0.0062621 -0.00459412 -0.000220729 -0.000837237
internal_weight=236860 107252 129608 2214 97639 9613 2097 7516 127394 14990 9234 4261 4973 112404 11404 3535 7869 101000 39543 61457 5756 5191 6555 1285 6325 3431 5681 1273 3124 1279
internal_count=236860 107252 129608 2214 97639 9613 2097 7516 127394 14990 9234 4261 4973 112404 11404 3535 7869 101000 39543 61457 5756 5191 6555 1285 6325 3431 5681 1273 3124 1279
is_linear=0
shrinkage=0.03


Tree=233
num_leaves=31
num_cat=0
split_feature=25 8 25 8 9 8 25 8 8 24 1 39 29 6 27 23 36 22 2 23 35 4 25 36 2 37 14 24 5 29
split_gain=2867.65 345.657 20.1795 19.0613 15.1733 8.1021 14.0718 9.54926 7.85685 7.58508 7.43761 13.6031 8.66021 21.2743 13.0309 12.8304 8.16166 23.4512 14.7388 6.57305 10.1907 5.15668 7.2594 5.13082 5.02496 4.48609 3.56454 3.39921 2.59 2.47683
threshold=1690.5000000000002 0.49999999999999739 1680.5000000000002 0.79999999999999993 45.000000000000007 0.30000000000000254 1930.5000000000002 0.4000000000000013 0.70000000000000029 -0.65000000000000024 96.500000000000014 -0.20180761162458913 3.9000000000000004 18.350000000000005 6.5500000000000007 6.5000000000000009 -0.24999999999999994 22.500000000000004 1010.7500000000001 4.5000000000000009 1175.0000000000002 1.8499999999999999 1939.5000000000002 0.25000000000000011 1012.2500000000001 -0.24999999999999994 -0.023333333333333272 0.39999999999999952 19.050000000000004 6.6333333333333337
decision_type=2 2 2 2 2 2 2 2 2 2 2 2 2 2 2 2 2 2 2 2 2 2 2 2 2 2 2 2 2 2
left_child=2 5 10 25 26 9 7 27 21 -2 12 23 13 14 -1 -15 17 -14 -18 20 -11 22 -6 29 -21 -4 -3 -7 -23 -12
right_child=1 4 3 -5 8 6 -8 -9 -10 19 11 -13 16 15 -16 -17 18 -19 -20 24 -22 28 -24 -25 -26 -27 -28 -29 -30 -31
leaf_value=0.017859937507408795 -0.00048411776651896842 -3.8422470475586108e-05 0.00050561662442974464 -4.4689740448965412e-05 -4.4689740448965412e-05 2.3405026105740362e-05 9.6879620799776608e-05 -4.5080533885645161e-05 -4.4689740448965412e-05 9.9092174493805031e-05 -0.0084581916385106405 0.0042696612789287379 0.006898452864102355 0.00089671528975620023 0.0048717865054380199 -0.011365155461095105 -0.00067525724441878585 2.7465393486602753e-05 -3.4507386515641284e-05 -0.00043125920471362531 -0.00037851640564135386 -4.4689740448965412e-05 -4.4689740448965412e-05 -0.01023513895575574 -0.0012450677566172227 -7.4376486218471254e-05 -2.1663034806073614e-05 -5.8243583566382301e-05 -4.4689740448965412e-05 -0.00028446048145686146
leaf_weight=600 974 720 524 878 518 511 519 575 90598 2995 588 619 891 6801 1123 584 19599 44503 51215 975 2012 808 567 645 535 801 509 503 3691 512
leaf_count=600 974 720 524 878 518 511 519 575 90598 2995 588 619 891 6801 1123 584 19599 44503 51215 975 2012 808 567 645 535 801 509 503 3691 512
internal_value=-0.00315396 -0.00679031 -0.000157928 -0.0030034 -0.00732554 -0.00135845 0.00028436 -0.00111722 -0.00736791 -0.0018207 -0.000108786 -0.00177515 -7.73233e-05 0.000813392 0.00381304 0.000112698 -0.000147147 0.000166865 -0.000348438 -0.00145076 -0.000926832 -0.00626745 -0.00439512 -0.00312965 -0.00318452 -0.000729088 -0.00400284 0.000634843 -0.00671684 -0.0018784
internal_weight=236893 107010 129883 2203 97411 9599 2108 1589 96182 7491 127680 2364 125316 9108 1723 7385 116208 45394 70814 6517 5007 5584 1085 1745 1510 1325 1229 1014 4499 1100
internal_count=236893 107010 129883 2203 97411 9599 2108 1589 96182 7491 127680 2364 125316 9108 1723 7385 116208 45394 70814 6517 5007 5584 1085 1745 1510 1325 1229 1014 4499 1100
is_linear=0
shrinkage=0.03


Tree=234
num_leaves=31
num_cat=0
split_feature=25 8 25 8 8 32 25 37 3 24 32 44 44 8 25 8 11 38 31 35 30 27 8 0 27 6 5 2 2 3
split_gain=2851.86 367.462 19.2017 18.1448 13.9255 9.23862 23.0426 11.967 11.4736 8.31797 9.47259 8.36676 15.2868 6.5073 10.7376 10.032 8.35344 6.38139 5.75719 7.66914 4.96334 5.93932 3.82831 3.44796 2.97933 3.87189 2.68143 2.613 2.03397 1.86576
threshold=1690.5000000000002 0.49999999999999739 1680.5000000000002 0.64999999999999869 0.70000000000000029 49.500000000000007 1610.5000000000002 -0.24999999999999994 23.150000000000002 -1.6000000000000003 35.500000000000007 11899.500000000002 5254.5000000000009 0.30000000000000254 1930.5000000000002 0.39999999999999908 0.099999999999996106 0.39036257410962044 20.887500000000003 1185.0000000000002 11.500000000000002 16.733333333333338 0.099999999999996106 27.750000000000004 16.733333333333338 15.250000000000002 20.150000000000002 1018.4500000000002 1007.35 21.550000000000004
decision_type=2 2 2 2 2 2 2 2 2 2 2 2 2 2 2 2 2 2 2 2 2 2 2 2 2 2 2 2 2 2
left_child=2 13 5 29 24 9 7 23 -9 10 27 12 -11 16 15 -15 18 -13 26 -20 22 -22 -18 -7 25 -3 -2 -1 -26 -4
right_child=1 4 3 -5 -6 6 -8 8 -10 11 -12 17 -14 14 -16 -17 20 -19 19 -21 21 -23 -24 -25 28 -27 -28 -29 -30 -31
leaf_value=-0.00010082795149677964 -0.00035217235427807973 -4.3349048235496449e-05 -7.5721623319500075e-05 -4.3349048235496449e-05 -4.3349048235496449e-05 -0.004498895803556462 0.00035762205179839439 -0.0020831480801894176 0.0060890052759821085 -8.1669225149028074e-06 0.00033091655281087287 -0.00013275073515421452 0.010447396864424776 1.2505408104525908e-05 9.1868987165481854e-05 -4.4274582448178789e-05 0.0023249656595430075 -0.0090602197042814313 0.0005902877621905882 -0.0003352788297654734 -0.00059803689289441003 0.00069227098061187321 -0.00023601038742468637 -0.0095070567683523989 -4.3349048235496449e-05 -4.3349048235496449e-05 -0.00046136763417944649 -0.00076623322798671757 -4.3349048235496449e-05 0.00047565622100156246
leaf_weight=2499 576 506 620 1054 91275 1583 580 3210 576 115509 503 531 686 941 529 619 622 511 745 512 1906 867 874 1024 517 4555 1380 586 637 501
leaf_count=2499 576 506 620 1054 91275 1583 580 3210 576 115509 503 531 686 941 529 619 622 511 745 512 1906 867 874 1024 517 4555 1380 586 637 501
internal_value=-0.00315212 -0.00677776 -0.000165551 -0.00295935 -0.00732845 -0.000117958 -0.00117957 -0.00169937 -0.0006217 -5.66719e-05 -0.00147911 -1.31142e-05 1.09082e-05 -0.00116813 0.000312052 -0.000941101 -0.00158137 -0.00268678 -0.00273639 -0.00114972 -0.000711192 -0.00146216 0.000680908 -0.00326274 -0.00594861 -0.00626457 -0.00375383 -0.00210155 -0.0045545 -0.000300534
internal_weight=237034 107061 129973 2175 97490 127798 6973 6393 3786 120825 3588 117237 116195 9571 2089 1560 7482 1042 3213 1257 4269 2773 1496 2607 6215 5061 1956 3085 1154 1121
internal_count=237034 107061 129973 2175 97490 127798 6973 6393 3786 120825 3588 117237 116195 9571 2089 1560 7482 1042 3213 1257 4269 2773 1496 2607 6215 5061 1956 3085 1154 1121
is_linear=0
shrinkage=0.03


Tree=235
num_leaves=31
num_cat=0
split_feature=25 9 7 25 10 9 4 39 7 35 31 32 36 39 1 9 11 11 9 23 1 28 5 5 0 7 11 5 10 4
split_gain=2846.43 159.541 41.5441 19.7848 15.7871 10.5385 10.875 9.17953 9.1597 10.8968 16.6795 13.6201 16.7631 14.5713 11.2388 8.8591 14.7802 8.38887 7.51704 7.95678 7.41136 5.59039 5.49778 5.38876 8.60627 3.66127 3.48977 3.16319 3.04641 2.65802
threshold=1690.5000000000002 45.000000000000007 2.0999999999999992 1680.5000000000002 -0.40000000000000385 245.00000000000003 2.2000000000000002 -0.93543596745397617 6.3500000000000023 855.00000000000011 28.441558441558445 46.500000000000007 -0.93301270189221908 0.75438814418115718 91.500000000000014 115.00000000000001 -0.20000000000000193 0.14999999999999861 35.000000000000007 4.5000000000000009 83.500000000000014 24.500000000000004 18.850000000000005 18.550000000000004 16.950000000000003 0.95000000000000029 0.19999999999999754 26.950000000000003 0.14999999999999861 3.2000000000000002
decision_type=2 2 2 2 2 2 2 2 2 2 2 2 2 2 2 2 2 2 2 2 2 2 2 2 2 2 2 2 2 2
left_child=3 4 5 8 -2 6 21 -7 9 11 14 13 -13 -1 -11 16 -4 -5 19 22 -12 -3 -6 24 -17 -9 -10 -28 -21 -8
right_child=1 2 15 17 18 7 29 25 26 10 20 12 -14 -15 -16 23 -18 -19 -20 28 -22 -23 -24 -25 -26 -27 27 -29 -30 -31
leaf_value=0.0002256490147909068 -3.6214370344861714e-05 -4.260580140109123e-05 -4.2048576788431559e-05 -4.2048576788431559e-05 0.001953382899448216 -4.2048576788431559e-05 -4.2048576788431559e-05 -4.2048576788431559e-05 -1.8241734838534718e-05 1.1701051411932561e-05 0.00016410983734230905 0.0074898117812318343 -0.0031980770203754371 -0.0010577440146907727 0.00054308009178667715 -4.2048576788431559e-05 -4.2048576788431559e-05 -3.4335442299665062e-05 2.081361482657957e-05 -0.00050103060427596929 0.0013955876279392752 0.00034846009147796326 -0.00038634696744272546 -4.2048576788431559e-05 -4.2048576788431559e-05 -4.2048576788431559e-05 -0.0011716233773805037 -0.0024616517161218814 -0.00091467592263495769 -4.2048576788431559e-05
leaf_weight=75508 784 794 5574 1535 573 506 828 511 1033 14129 1013 536 8150 24171 851 4108 1849 623 652 823 527 501 2374 79454 540 5807 770 694 559 1006
leaf_count=75508 784 794 5574 1535 573 506 828 511 1033 14129 1013 536 8150 24171 851 4108 1849 623 652 823 527 501 2374 79454 540 5807 770 694 559 1006
internal_value=-0.00316651 -0.0067815 -0.0070573 -0.000173689 -0.00192604 -0.00521421 -0.00376797 -0.00587606 -0.000125408 -8.94208e-05 0.000628253 -0.000198838 -0.00133805 -9.95425e-05 0.000322387 -0.00725761 -0.00625758 -0.00302083 -0.00130193 -0.00175421 0.00359922 -0.0016596 -0.00087233 -0.00734573 -0.00634194 -0.0061875 -0.00192377 -0.00286494 -0.00363078 -0.00525327
internal_weight=236783 107243 101478 129540 5765 9953 3129 6824 127382 124885 16520 108365 8686 99679 14980 91525 7423 2158 4981 4329 1540 1295 2947 84102 4648 6318 2497 1464 1382 1834
internal_count=236783 107243 101478 129540 5765 9953 3129 6824 127382 124885 16520 108365 8686 99679 14980 91525 7423 2158 4981 4329 1540 1295 2947 84102 4648 6318 2497 1464 1382 1834
is_linear=0
shrinkage=0.03


Tree=236
num_leaves=31
num_cat=0
split_feature=25 8 25 8 9 7 35 23 27 38 31 8 25 8 4 31 30 35 24 8 24 1 12 4 35 29 38 29 25 8
split_gain=2863.81 365.972 19.4847 17.9938 15.1924 9.84186 13.046 14.2931 23.5192 20.7465 13.1471 9.05016 12.8857 11.6872 8.58636 8.53089 10.3681 8.69482 13.0643 7.98297 6.38727 6.04487 5.73108 5.20572 7.18896 4.44359 5.69731 5.8586 5.21386 4.19524
threshold=1690.5000000000002 0.40000000000000396 1680.5000000000002 0.75000000000000011 45.000000000000007 5.1999999999999984 855.00000000000011 3.5000000000000004 21.366666666666671 -0.85227431625818906 28.441558441558445 0.30000000000000254 1940.5000000000002 0.39999999999999908 1.7999999999999983 23.320512820512821 11.500000000000002 1225.0000000000002 1.6000000000000008 0.70000000000000029 -0.10000000000000052 83.500000000000014 -0.018333333333333295 1.8499999999999999 1195.0000000000002 16.450000000000003 0.7210268013660811 12.633333333333335 1579.5000000000002 0.30000000000000254
decision_type=2 2 2 2 2 2 2 2 2 2 2 2 2 2 2 2 2 2 2 2 2 2 2 2 2 2 2 2 2 2
left_child=2 11 5 -4 22 6 7 9 -9 -1 14 15 13 -13 -8 16 20 18 -17 23 -2 -12 -3 24 -6 26 28 -28 -7 -27
right_child=1 4 3 -5 19 25 10 8 -10 -11 21 12 -14 -15 -16 17 -18 -19 -20 -21 -22 -23 -24 -25 -26 29 27 -29 -30 -31
leaf_value=0.0048592859356146679 -0.00041762202734288456 -3.4882893803907781e-05 -4.141924028641606e-05 -4.0787119484778612e-05 -4.0787119484778612e-05 -0.0040125170214038997 0.0005034948929032862 0.00031393994229955257 -0.0048169818593177659 -0.0021291760055413668 0.00013754587686463801 1.456655748809053e-05 0.0001011330123540596 -4.0591958512874505e-05 2.3471853606161744e-05 -0.00027545565273784313 -0.00050446646238487514 -0.00034934252425806355 0.0036265109224507125 -4.0787119484778612e-05 1.113424184651851e-05 0.001082733813191665 -1.9910389553213781e-05 -4.0787119484778612e-05 -4.0787119484778612e-05 -0.0031104350239991169 0.0017108850550971745 -0.00010244332502195552 -3.8029028384860805e-05 -3.9362731070303999e-05
leaf_weight=2616 533 569 1283 918 555 1852 1136 79524 3401 19191 951 968 516 576 10680 783 3052 672 607 90848 1819 513 641 4507 567 665 1525 1206 3459 576
leaf_count=2616 533 569 1283 918 555 1852 1136 79524 3401 19191 951 968 516 576 10680 783 3052 672 607 90848 1819 513 641 4507 567 665 1525 1206 3459 576
internal_value=-0.00315008 -0.00677655 -0.00014757 -0.00294485 -0.00732388 -9.91579e-05 -2.51665e-05 -0.000137491 4.22359e-05 -0.000820877 0.000860563 -0.00116341 0.000596508 -0.000776197 0.000528008 -0.00164904 -0.00227525 -7.26744e-06 0.00134698 -0.00736583 -0.0007774 0.00354025 -0.00397277 -0.00626132 -0.00441726 -0.00103958 -0.000781328 0.000332053 -0.00135375 -0.00270917
internal_weight=236709 107213 129496 2201 97687 127295 118012 104732 82925 21807 13280 9526 2060 1544 11816 7466 5404 2062 1390 96477 2352 1464 1210 5629 1122 9283 8042 2731 5311 1241
internal_count=236709 107213 129496 2201 97687 127295 118012 104732 82925 21807 13280 9526 2060 1544 11816 7466 5404 2062 1390 96477 2352 1464 1210 5629 1122 9283 8042 2731 5311 1241
is_linear=0
shrinkage=0.03


Tree=237
num_leaves=31
num_cat=0
split_feature=25 8 25 8 9 24 1 37 20 29 21 36 8 8 24 8 21 39 24 10 28 4 35 38 6 5 9 15 39 4
split_gain=2827.79 369.682 21.2229 17.9082 16.652 9.0229 9.74582 13.498 11.6614 8.73785 27.9128 9.91731 7.33755 6.95654 9.70478 9.63387 7.07441 8.25737 6.37763 6.33381 5.97709 4.45382 5.18793 3.49246 2.51742 2.48561 2.41741 2.11569 1.90525 0.572179
threshold=1690.5000000000002 0.49999999999999739 1680.5000000000002 0.64999999999999869 45.000000000000007 -1.6000000000000003 95.500000000000014 0.25000000000000017 -0.24999999999999997 4.9000000000000012 17.500000000000004 -0.24999999999999994 0.70000000000000029 0.30000000000000254 -0.65000000000000024 0.39999999999999908 14.500000000000002 0.67007489853957602 1.1000000000000008 -0.50000000000000255 27.500000000000004 1.8499999999999999 1175.0000000000002 0.22700754078277605 25.050000000000004 19.050000000000004 25.000000000000004 0.16329931618557506 -0.99938741687870725 1.8999999999999992
decision_type=2 2 2 2 2 2 2 2 2 2 2 2 2 2 2 2 2 2 2 2 2 2 2 2 2 2 2 2 2 2
left_child=2 13 5 27 19 20 9 8 -8 10 -7 -11 21 14 -2 18 -16 -18 -15 -3 23 22 -6 24 -1 -23 -25 -4 -14 -30
right_child=1 4 3 -5 12 6 7 -9 -10 11 -12 -13 28 15 16 -17 17 -19 -20 -21 -22 25 -24 26 -26 -27 -28 -29 29 -31
leaf_value=-0.00047687455446550239 -0.00048318989723396797 -3.3950476183883312e-05 -0.00010148010015300599 -3.9563505900235258e-05 -3.9563505900235258e-05 0.0068950327503112495 0.00045142847721257304 0.0030157010355640387 -0.0099909563766477794 0.00012265907474001477 8.262683490671829e-06 -0.00014823842842706734 -3.9563505900235258e-05 4.5194317394952688e-05 0.0014976753278202429 -3.4101812752921175e-05 -0.0002389216307685869 -0.00040825453265124395 -4.3899453326773717e-05 -1.8175478182298586e-05 8.7750742217402575e-05 -3.9563505900235258e-05 -3.9563505900235258e-05 -0.001604989252996901 -0.00059262679377927805 -3.9563505900235258e-05 -2.9696232457525107e-06 9.7952132091689935e-05 -3.9563505900235258e-05 -3.9563505900235258e-05
leaf_weight=613 971 578 573 1042 517 2459 528 665 2602 42360 10242 64992 901 765 689 834 4474 1413 525 629 744 811 590 935 537 3774 742 556 9863 80088
leaf_count=613 971 578 573 1042 517 2459 528 665 2602 42360 10242 64992 901 765 689 834 4474 1413 525 629 744 811 590 935 537 3774 742 556 9863 80088
internal_value=-0.00317412 -0.00677321 -0.000190637 -0.00313046 -0.00732676 -0.000140499 -9.76181e-05 -0.00159402 -0.00241858 -5.02895e-05 0.000693734 -0.000138327 -0.00737058 -0.00117776 -0.00160452 0.000338664 -0.00119033 -0.001527 0.00196207 -0.00381514 -0.00162678 -0.00631718 -0.00459197 -0.0022561 -0.00352865 -0.00673152 -0.00138029 -0.00051061 -0.00743644 -0.00745047
internal_weight=237012 107422 129590 2171 97751 127419 123848 3795 3130 120053 12701 107352 96544 9671 7547 2124 6576 5887 1290 1207 3571 5692 1107 2827 1150 4585 1677 1129 90852 89951
internal_count=237012 107422 129590 2171 97751 127419 123848 3795 3130 120053 12701 107352 96544 9671 7547 2124 6576 5887 1290 1207 3571 5692 1107 2827 1150 4585 1677 1129 90852 89951
is_linear=0
shrinkage=0.03


Tree=238
num_leaves=31
num_cat=0
split_feature=35 9 7 35 10 9 11 9 4 9 31 7 35 31 37 22 23 11 9 4 22 2 23 15 4 5 0 39 35 10
split_gain=2820.81 158.144 42.2217 15.5929 15.3982 10.9734 16.2807 10.5951 13.9884 10.5105 9.71518 9.07402 10.6147 11.97 11.9463 24.0188 17.3367 8.71993 6.20844 5.70947 5.6603 4.92313 4.7713 4.54434 4.42656 4.30525 8.56931 3.39319 3.3415 2.90092
threshold=945.00000000000011 45.000000000000007 2.0999999999999992 935.00000000000011 -0.40000000000000385 115.00000000000001 -0.19999999999999971 345.00000000000006 2.2000000000000002 35.000000000000007 24.839743589743595 6.4000000000000004 875.00000000000011 28.038461538461544 0.93301270189221952 18.500000000000004 3.5000000000000004 0.099999999999996106 65.000000000000014 1.7 25.500000000000004 1017.1500000000002 4.5000000000000009 0.17606816861660199 3.5000000000000009 18.550000000000004 16.950000000000003 -0.86974577485258975 985.00000000000011 -1.0000000180025095e-35
decision_type=2 2 2 2 2 2 2 2 2 2 2 2 2 2 2 2 2 2 2 2 2 2 2 2 2 2 2 2 2 2
left_child=3 4 7 11 -2 6 -4 8 10 17 -3 12 14 19 16 -16 -1 24 -5 -14 21 -13 -19 -15 -6 26 -7 -9 -27 -8
right_child=1 2 5 18 9 25 29 27 -10 -11 -12 20 13 23 15 -17 -18 22 -20 -21 -22 -23 -24 -25 -26 28 -28 -29 -30 -31
leaf_value=-0.0014799567972595652 -3.3320675774359417e-05 -3.83766007232282e-05 -3.83766007232282e-05 -3.8234362345725012e-05 -0.00057540842994120104 -3.83766007232282e-05 -3.83766007232282e-05 -3.83766007232282e-05 -3.83766007232282e-05 2.4063719684537937e-05 0.00040140749129892011 0.00029257543362350684 0.00026424864541778022 0.00054562678317676781 0.0026128989370111677 -0.0021455415995881057 0.00014715962752245737 -6.5614429224443666e-05 -3.83766007232282e-05 1.9169413022207763e-05 -0.00047741942424021797 -0.00039557682301035092 -0.00057050805306926411 8.8607691273320514e-05 -0.00043513472567036988 -3.83766007232282e-05 -3.83766007232282e-05 -3.83766007232282e-05 -3.83766007232282e-05 -3.83766007232282e-05
leaf_weight=20962 777 1421 5673 984 660 4081 766 506 2847 674 718 524 819 653 2325 7711 81849 1995 1190 10194 1117 643 977 547 701 3085 527 4464 76496 1114
leaf_count=20962 777 1421 5673 984 660 4081 766 506 2847 674 718 524 819 653 2325 7711 81849 1995 1190 10194 1117 643 977 547 701 3085 527 4464 76496 1114
internal_value=-0.0031725 -0.00676524 -0.00703968 -0.000190974 -0.00193916 -0.00724118 -0.00613997 -0.00518176 -0.00420108 -0.00132811 -0.00236455 -0.000147943 -0.000113704 0.000726361 -0.000204632 -0.00119247 -0.000108182 -0.00187024 -0.0027091 0.000416024 -0.002021 -0.000558169 -0.000958305 0.00356905 -0.0038573 -0.00733983 -0.00643601 -0.00616352 -0.007392 -0.00371413
internal_weight=237000 107482 101698 129518 5784 91742 7553 9956 4986 5007 2139 127344 125060 12213 112847 10036 102811 4333 2174 11013 2284 1167 2972 1200 1361 84189 4608 4970 79581 1880
internal_count=237000 107482 101698 129518 5784 91742 7553 9956 4986 5007 2139 127344 125060 12213 112847 10036 102811 4333 2174 11013 2284 1167 2972 1200 1361 84189 4608 4970 79581 1880
is_linear=0
shrinkage=0.03


Tree=239
num_leaves=31
num_cat=0
split_feature=25 8 25 8 8 7 8 8 9 35 31 39 6 3 37 24 7 24 1 24 25 39 2 4 6 2 5 8 7 39
split_gain=2813.84 379.24 19.194 17.8747 15.1424 9.43255 9.20776 12.1275 8.94992 8.57765 11.6499 11.0263 31.9562 26.6985 10.4161 7.91121 7.31105 9.05572 6.65093 4.88845 4.80966 6.98609 4.72983 4.51536 3.03919 2.89746 2.5778 2.54628 2.00613 5.23711
threshold=1690.5000000000002 0.40000000000000396 1680.5000000000002 0.40000000000000396 0.70000000000000029 5.6499999999999995 0.30000000000000254 0.39999999999999908 45.000000000000007 855.00000000000011 28.441558441558445 0.5475998096715059 19.150000000000002 20.150000000000002 0.6830127018922193 -0.65000000000000024 1.1500000000000006 1.8499999999999999 72.500000000000014 1.1000000000000008 1590.5000000000002 0.57605713708605399 1018.1500000000002 1.6500000000000006 20.050000000000004 1014.1500000000002 19.050000000000004 0.85000000000000153 2.0999999999999992 -0.86974577485258975
decision_type=2 2 2 2 2 2 2 2 2 2 2 2 2 2 2 2 2 2 2 2 2 2 2 2 2 2 2 2 2 2
left_child=2 6 5 -4 8 9 15 19 -3 11 14 13 -13 -1 -11 -2 -17 -18 -12 -8 22 25 24 -10 -7 -22 -25 -5 29 -6
right_child=1 4 3 27 28 20 7 -9 23 10 18 12 -14 -15 -16 16 17 -19 -20 -21 21 -23 -24 26 -26 -27 -28 -29 -30 -31
leaf_value=0.0024196218869013218 -0.00039612317580108134 -2.871956094282151e-05 5.9463129837771315e-05 -3.8359746988260747e-05 -3.7225302701531352e-05 0.00014171455792600331 4.7568292581481506e-05 -3.1927460348636694e-05 -3.7225302701531352e-05 -2.5379979405080148e-05 3.4695738389585687e-05 -6.5018602236722182e-05 -0.0026540266191332632 -0.00076621701379550426 0.00013332136852969029 -0.00091206483300176693 -0.00024800026143481977 0.0010445082894921783 0.00050756799120863709 5.473429491864594e-06 -4.2379496251626437e-05 0.00013062025734401995 -0.004779790628911193 -3.7225302701531352e-05 -0.0024811229200209567 -0.00032578791181918685 -3.7225302701531352e-05 -3.7225302701531352e-05 -3.7225302701531352e-05 -3.7225302701531352e-05
leaf_weight=18495 993 621 846 511 517 518 774 804 921 9826 584 24203 10387 53858 3670 961 4117 1491 961 525 1721 860 675 807 1157 612 3950 810 86200 4697
leaf_count=18495 993 621 846 511 517 518 774 804 921 9826 584 24203 10387 53858 3670 961 4117 1491 961 525 1721 860 675 807 1157 612 3950 810 86200 4697
internal_value=-0.00317344 -0.00676537 -0.000199505 -0.00299793 -0.00732608 -0.000151907 -0.00109626 0.000659145 -0.00589787 -9.68964e-05 0.000573855 -0.000191243 -0.000631793 1.93836e-05 0.000291154 -0.00158448 -0.00120644 -0.000791444 0.00303975 0.00245004 -0.00136204 -0.000603286 -0.00239158 -0.00627201 -0.00153399 -0.00145503 -0.00664583 -0.00517574 -0.00742436 -0.0068357
internal_weight=237072 107378 129694 2167 97713 127527 9665 2103 6299 121984 15041 106943 34590 72353 13496 7562 6569 5608 1545 1299 5543 3193 2350 5678 1675 2333 4757 1321 91414 5214
internal_count=237072 107378 129694 2167 97713 127527 9665 2103 6299 121984 15041 106943 34590 72353 13496 7562 6569 5608 1545 1299 5543 3193 2350 5678 1675 2333 4757 1321 91414 5214
is_linear=0
shrinkage=0.03


Tree=240
num_leaves=31
num_cat=0
split_feature=25 8 25 8 8 33 25 1 32 24 3 39 4 2 38 25 20 8 3 1 39 5 36 7 4 25 6 15 7 39
split_gain=2851.03 369.458 18.1595 17.8146 14.4122 8.10922 10.736 12.6466 10.9335 9.86723 9.4458 18.8284 15.9529 13.006 10.2789 9.91492 6.37815 10.0666 10.2743 6.61228 6.68861 5.16407 4.67146 4.61559 4.52886 3.95511 2.76782 2.90258 2.3371 5.69169
threshold=1690.5000000000002 0.49999999999999739 1680.5000000000002 0.64999999999999869 0.70000000000000029 0.50000000000000033 1601.0000000000002 84.500000000000014 54.500000000000007 -0.54999999999999971 18.850000000000005 0.73136292505298039 3.2000000000000002 1.0000000180025095e-35 0.99374995976406788 1580.5000000000002 0.25000000000000006 0.35000000000000148 15.950000000000001 91.500000000000014 0.87291090774974645 19.950000000000003 -0.6830127018922193 2.149999999999999 1.6500000000000006 1539.5000000000002 15.350000000000003 0.19663841604993063 2.0999999999999992 -0.86974577485258975
decision_type=2 2 2 2 2 2 2 2 2 2 2 2 2 2 2 2 2 2 2 2 2 2 2 2 2 2 2 2 2 2
left_child=2 16 5 -4 24 10 8 22 9 -7 11 12 -1 25 -15 -13 19 18 -18 20 21 -2 -8 -20 -3 -12 -26 -28 29 -6
right_child=1 4 3 -5 28 6 7 -9 -10 -11 13 15 -14 14 -16 -17 17 -19 23 -21 -22 -23 -24 -25 26 -27 27 -29 -30 -31
leaf_value=-0.00032063850873000445 0.0013266666236034042 -3.6108543620485413e-05 -2.671584683793841e-05 -3.6108543620485413e-05 -3.6108543620485413e-05 -0.0020858415497803048 -7.6056625556543216e-05 0.00048334875453857732 -0.0055163921113481392 -0.00079932573972691713 -0.0080982061495171401 -0.00086071069374015071 0.0035051942420237531 7.557021111387358e-07 -0.002768233150959074 0.00014240901108015903 0.00088059425369125285 7.6075996446693704e-05 -0.00044249961527494119 0.0017334018282101932 -0.00016459784362052172 -7.8233619018092571e-05 7.2851133736660727e-05 6.2649661923851196e-05 -3.6108543620485413e-05 -6.1307278438712138e-05 -3.6108543620485413e-05 -3.6108543620485413e-05 -3.6108543620485413e-05 -3.6108543620485413e-05
leaf_weight=4205 582 943 1150 1055 503 3196 1516 894 1473 39259 1796 15829 11392 38403 1483 3201 738 631 1299 638 1045 4144 4161 525 538 591 3587 1204 86298 4714
leaf_count=4205 582 943 1150 1055 503 3196 1516 894 1473 39259 1796 15829 11392 38403 1483 3201 738 631 1299 638 1045 4144 4161 525 538 591 3587 1204 86298 4714
internal_value=-0.00315516 -0.00676991 -0.000159946 -0.00285795 -0.0073213 -0.000113206 -0.000408556 0.000722273 -0.000577737 -0.000489495 8.07521e-05 0.000448107 0.00122075 -0.000220166 -9.13809e-05 -0.000185214 -0.00115421 -5.86854e-05 -0.000895086 -0.00169981 -0.00202018 -0.00153871 0.000199419 -0.00210296 -0.00592445 -0.00237024 -0.00626477 -0.00649541 -0.0074169 -0.00678435
internal_weight=236993 107389 129604 2205 97787 127399 50499 6571 43928 42455 76900 34627 15597 42273 39886 19030 9602 3193 2562 6409 5771 4726 5677 1824 6272 2387 5329 4791 91515 5217
internal_count=236993 107389 129604 2205 97787 127399 50499 6571 43928 42455 76900 34627 15597 42273 39886 19030 9602 3193 2562 6409 5771 4726 5677 1824 6272 2387 5329 4791 91515 5217
is_linear=0
shrinkage=0.03


Tree=241
num_leaves=31
num_cat=0
split_feature=25 8 25 9 8 7 6 22 39 35 39 2 1 8 8 10 29 8 10 23 7 9 2 1 21 30 2 6 11 7
split_gain=2817.33 367.461 19.7015 18.121 17.3728 8.90858 8.90064 15.8727 26.2752 15.9151 14.396 21.357 10.7553 8.21246 8.4728 7.8772 7.40725 6.67987 6.37596 4.69088 4.37429 4.25911 3.97211 3.72766 3.38054 3.21146 2.62578 2.44623 2.25488 2.09395
threshold=1690.5000000000002 0.49999999999999739 1680.5000000000002 45.000000000000007 0.79999999999999993 6.3500000000000023 28.250000000000004 33.500000000000007 -0.42179730054635828 905.00000000000011 -0.86974577485258975 1008.2500000000001 28.500000000000004 0.30000000000000254 0.39999999999999908 0.099999999999996106 6.4500000000000011 0.70000000000000029 -0.54999999999999882 4.5000000000000009 1.1500000000000006 55.000000000000007 1004.5500000000001 90.500000000000014 16.500000000000004 12.500000000000002 1008.85 15.350000000000003 0.54999999999999905 2.0999999999999992
decision_type=2 2 2 2 2 2 2 2 2 2 2 2 2 2 2 2 2 2 2 2 2 2 2 2 2 2 2 2 2 2
left_child=2 13 5 18 26 6 10 9 -9 -8 11 -1 -12 15 25 19 -17 23 -3 20 -2 24 -18 27 -7 -15 -4 -5 -26 -19
right_child=1 3 4 17 -6 21 7 8 -10 -11 12 -13 -14 14 -16 16 22 29 -20 -21 -22 -23 -24 -25 28 -27 -28 -29 -30 -31
leaf_value=0.00018307376087739078 -0.00096035105014735135 -2.961825704138276e-05 9.131432578822146e-05 -3.5025287311870852e-05 -3.5025287311870852e-05 -0.00012252089745053404 -0.0025667442494182028 0.0037010838340087084 -0.0060591346682680554 0.00012034254827592442 -0.0056707751818904769 0.0073317276705765263 -4.7552629303052053e-05 6.7192135221687529e-05 -2.6542450465882573e-05 0.0021604967753007234 0.00042995155868161939 -3.5025287311870852e-05 -1.6824111243450175e-05 -0.00051993345910093271 -0.00018235931603178209 6.3412326298364476e-06 -0.00035324640815592257 -3.5025287311870852e-05 -0.00032138429682126291 7.3172030695286892e-06 -6.5208103827365206e-05 -3.5025287311870852e-05 -0.0048450646136699521 -3.5025287311870852e-05
leaf_weight=8245 650 564 512 539 901 515 11004 2774 625 556 516 3081 98159 553 843 641 621 5217 643 785 2498 617 2349 875 692 719 771 4212 677 85795
leaf_count=8245 650 564 512 539 901 515 11004 2774 625 556 516 3081 98159 553 843 641 621 5217 643 785 2498 617 2349 875 692 719 771 4212 677 85795
internal_value=-0.00318661 -0.00677739 -0.00020901 -0.00732846 -0.00303294 -0.000160576 -0.000125078 -0.00081161 0.00099015 -0.00134146 -3.17037e-05 0.000981197 -0.000147983 -0.00119475 0.000457015 -0.00165783 -0.000645585 -0.00737412 -0.00366625 -0.0025864 -0.00206667 -0.00193268 -0.00127692 -0.00636194 -0.00264051 0.00200157 -0.000787938 -0.00669525 -0.00341904 -0.00743655
internal_weight=237149 107504 129645 97845 2184 127461 124960 14959 3399 11560 110001 11326 98675 9659 2115 7544 3611 96638 1207 3933 3148 2501 2970 5626 1884 1272 1283 4751 1369 91012
internal_count=237149 107504 129645 97845 2184 127461 124960 14959 3399 11560 110001 11326 98675 9659 2115 7544 3611 96638 1207 3933 3148 2501 2970 5626 1884 1272 1283 4751 1369 91012
is_linear=0
shrinkage=0.03


Tree=242
num_leaves=31
num_cat=0
split_feature=25 9 7 25 10 9 9 11 4 9 11 9 11 7 35 31 1 4 38 38 23 31 5 0 10 9 4 7 6 2
split_gain=2820.64 175.769 42.2518 19.9298 17.0461 10.6068 10.2684 19.9725 9.76436 9.02028 8.287 8.0145 7.66294 7.28142 8.13967 12.4771 11.3431 9.20042 8.77594 6.72998 5.5989 5.52511 4.60666 8.25481 3.97777 3.81795 3.67626 2.80029 2.69397 2.31624
threshold=1690.5000000000002 45.000000000000007 2.0999999999999992 1680.5000000000002 -0.40000000000000385 225.00000000000003 135.00000000000003 -0.20000000000000193 3.0999999999999992 35.000000000000007 0.099999999999996106 65.000000000000014 0.20000000000000198 6.2000000000000011 855.00000000000011 32.720779220779228 91.500000000000014 1.7999999999999983 0.96465729447553372 -0.065535378769913874 4.5000000000000009 25.038461538461544 18.550000000000004 16.850000000000005 -0.14999999999999855 35.000000000000007 4.8000000000000034 0.95000000000000029 17.250000000000004 1012.1500000000002
decision_type=2 2 2 2 2 2 2 2 2 2 2 2 2 2 2 2 2 2 2 2 2 2 2 2 2 2 2 2 2 2
left_child=3 4 5 13 -2 8 7 -4 21 10 26 -5 27 14 15 18 19 -17 -1 -16 -12 -3 23 -8 -9 28 -6 -7 -15 -30
right_child=1 2 6 11 9 12 22 24 -10 -11 20 -13 -14 25 16 17 -18 -19 -20 -21 -22 -23 -24 -25 -26 -27 -28 -29 29 -31
leaf_value=-0.00038595167897766401 -2.8974754760749357e-05 -3.3974528692514725e-05 -3.3974528692514725e-05 -3.4522385068125477e-05 -0.00048310341274138293 -3.3974528692514725e-05 -3.3974528692514725e-05 -3.3974528692514725e-05 -3.3974528692514725e-05 2.6046546820965808e-05 0.00014076355686617331 -3.3974528692514725e-05 -3.3974528692514725e-05 -0.0004358451703597141 0.00010032886463039097 0.0011781843235821677 0.00061516907557645996 -0.0039276638299216189 0.0023667364340867513 -2.4330240238634584e-05 -0.00060974698819556378 1.5181603651229879e-05 -3.3974528692514725e-05 -3.3974528692514725e-05 -3.3974528692514725e-05 -3.6503372292909205e-06 -0.00041657581371542732 -3.3974528692514725e-05 -0.00075565776287876869 -0.002929962316145921
leaf_weight=94132 775 1224 7497 962 827 528 4029 612 1009 687 2026 1213 554 563 7257 1249 991 4069 8975 8057 969 557 76858 527 1943 960 530 6079 624 697
leaf_count=94132 775 1224 7497 962 827 528 4029 612 1009 687 2026 1213 554 563 7257 1249 991 4069 8975 8057 969 557 76858 527 1943 960 530 6079 624 697
internal_value=-0.00315745 -0.00675764 -0.00704846 -0.000182022 -0.00168415 -0.00518964 -0.00725057 -0.00634076 -0.00361569 -0.00104592 -0.0015503 -0.00302825 -0.00580169 -0.00013345 -9.92127e-05 -0.000193194 0.000525694 -0.00160996 -0.000120091 0.000324171 -0.000668168 -0.00227566 -0.00736274 -0.00642387 -0.00404478 -0.00163387 -0.00349338 -0.00608602 -0.00241782 -0.0031576
internal_weight=236980 107231 101417 129749 5814 9951 91466 10052 2790 5039 4352 2175 7161 127574 124730 108425 16305 5318 103107 15314 2995 1781 81414 4556 2555 2844 1357 6607 1884 1321
internal_count=236980 107231 101417 129749 5814 9951 91466 10052 2790 5039 4352 2175 7161 127574 124730 108425 16305 5318 103107 15314 2995 1781 81414 4556 2555 2844 1357 6607 1884 1321
is_linear=0
shrinkage=0.03


Tree=243
num_leaves=29
num_cat=0
split_feature=25 8 25 8 8 32 8 8 30 6 6 21 3 8 35 24 24 4 35 6 15 11 4 8 3 5 20 32
split_gain=2802.32 389.199 19.3482 17.4658 15.4604 8.27496 8.45938 8.53971 7.71132 7.53749 8.95408 13.2077 12.7595 6.55002 7.15204 5.76686 4.63449 3.98299 5.66666 2.94905 3.43883 2.77096 1.57253 3.23201 5.30194 0.697473 0.498607 0.0181433
threshold=1690.5000000000002 0.49999999999999739 1680.5000000000002 0.79999999999999993 0.70000000000000029 51.500000000000007 0.30000000000000254 0.39999999999999908 36.500000000000007 9.4500000000000011 14.450000000000001 12.500000000000002 11.950000000000001 0.14999999999999861 1205.0000000000002 0.95000000000000029 2.1500000000000008 2.0000000000000013 1175.0000000000002 15.350000000000003 0.19663841604993063 0.14999999999999861 1.6500000000000006 1.6999999999999977 24.550000000000004 14.65 -1.5000000000000566 52.500000000000007
decision_type=2 2 2 2 2 2 2 2 2 2 2 2 2 2 2 2 2 2 2 2 2 2 2 2 2 2 2 2
left_child=2 5 8 21 17 6 13 15 9 -1 11 -11 -12 14 -2 -8 -15 18 -3 -19 -21 -4 23 24 -6 -24 -27 -25
right_child=1 4 3 -5 22 -7 7 -9 -10 10 12 -13 -14 16 -16 -17 -18 19 -20 20 -22 -23 25 27 -26 26 -28 -29
leaf_value=0.0053431188634574479 1.9665325074453286e-05 -3.2955292831739291e-05 -5.2647164340574995e-05 -3.2955292831739291e-05 -3.2955292831739291e-05 0.0028026645625770633 4.6719250154161679e-05 -2.4726941091130653e-05 -0.0051445609179964604 -0.00010682729553558239 0.0011103715494251176 -0.0027061274143111999 -6.5054127841199924e-05 -0.00027135796221012165 -0.00061034585762759729 -1.7627017236819237e-05 -0.00010370981713996842 -3.2955292831739291e-05 -3.2955292831739291e-05 -3.2955292831739291e-05 -3.2955292831739291e-05 0.00040424802301291141 -3.2955292831739291e-05 -3.2955292831739291e-05 -3.2955292831739291e-05 -3.2955292831739291e-05 -3.2955292831739291e-05 -3.2955292831739291e-05
leaf_weight=855 2653 626 780 880 1963 506 664 784 600 4013 8532 2484 110780 2825 1023 515 597 511 691 3280 1184 521 577 5051 582 3237 79520 505
leaf_count=855 2653 626 780 880 1963 506 664 784 600 4013 8532 2484 110780 2825 1023 515 597 511 691 3280 1184 521 577 5051 582 3237 79520 505
internal_value=-0.00317052 -0.00675556 -0.000198904 -0.00299931 -0.00732088 -0.00098051 -0.00118918 0.000553435 -0.000150865 -0.000134764 -0.000153862 -0.00123827 -9.47919e-05 -0.00167113 -0.000791191 0.00216554 -0.00261536 -0.00587703 -0.00439538 -0.00626733 -0.0065159 -0.000788565 -0.00742011 -0.00700574 -0.00610424 -0.00746022 -0.00746792 -0.00741634
internal_weight=236739 107294 129445 2181 97727 9567 9061 1963 127264 126664 125809 6497 119312 7098 3676 1179 3422 6292 1317 4975 4464 1301 91435 8101 2545 83334 82757 5556
internal_count=236739 107294 129445 2181 97727 9567 9061 1963 127264 126664 125809 6497 119312 7098 3676 1179 3422 6292 1317 4975 4464 1301 91435 8101 2545 83334 82757 5556
is_linear=0
shrinkage=0.03


Tree=244
num_leaves=31
num_cat=0
split_feature=25 9 7 25 12 9 1 9 12 24 44 44 9 39 23 9 39 32 12 5 0 1 25 39 9 7 15 15 35 5
split_gain=2812.26 174.674 43.0198 19.1429 16.2385 11.6049 12.8023 9.80555 12.3631 9.14595 9.901 16.3905 8.96423 8.42201 8.28755 8.06771 7.77915 7.45067 6.1096 4.98704 7.4295 4.96874 4.15948 4.07647 3.95047 3.84383 2.89866 2.55072 1.49786 1.46211
threshold=1690.5000000000002 45.000000000000007 2.0999999999999992 1680.5000000000002 -0.013333333333333463 245.00000000000003 92.500000000000014 135.00000000000003 -0.006666666666666583 -1.6000000000000003 10714.500000000002 5940.0000000000009 35.000000000000007 -0.94703994556331683 4.5000000000000009 75.000000000000014 0.99445195900249039 34.500000000000007 0.0033333333333332923 18.550000000000004 16.750000000000004 81.500000000000014 1730.5000000000002 -0.92272482904738262 25.000000000000004 0.95000000000000029 0.075277265270826343 0.28577380332452801 975.00000000000011 25.150000000000002
decision_type=2 2 2 2 2 2 2 2 2 2 2 2 2 2 2 2 2 2 2 2 2 2 2 2 2 2 2 2 2 2
left_child=3 4 5 9 -2 6 21 8 -4 17 11 16 14 -7 18 -5 -11 24 -6 20 -9 -3 -16 -12 29 -15 -10 -26 -21 -1
right_child=1 2 7 15 12 13 -8 19 26 10 23 -13 -14 25 22 -17 -18 -19 -20 28 -22 -23 -24 -25 27 -27 -28 -29 -30 -31
leaf_value=-0.0013480442190827735 -2.7116853332974699e-05 -3.1966634046787111e-05 -3.1966634046787111e-05 -3.1943350812096985e-05 -0.00034141688586286195 -3.1966634046787111e-05 9.928814882559989e-05 -3.1966634046787111e-05 -3.1966634046787111e-05 -6.2381488945233379e-05 -0.00092347528850427656 0.011981017867265992 2.6817081719748689e-05 -3.1966634046787111e-05 -0.00034962183174869189 -3.1966634046787111e-05 0.00093199305233301866 0.00013927808048866709 0.00080493443530985629 -3.1966634046787111e-05 -3.1966634046787111e-05 -3.1966634046787111e-05 -0.00092906386472488159 -0.0075059228387324602 -8.5729305553807454e-05 -3.1966634046787111e-05 -3.1966634046787111e-05 2.1995270668480083e-05 -3.1966634046787111e-05 -0.0021506736812848004
leaf_weight=597 777 968 6309 1037 1771 503 547 3918 522 117819 571 589 654 519 747 1125 4372 619 1200 1804 579 1649 625 567 809 5797 3199 577 75120 1016
leaf_count=597 777 968 6309 1037 1771 503 547 3918 522 117819 571 589 654 519 747 1125 4372 619 1200 1804 579 1649 625 567 809 5797 3199 577 75120 1016
internal_value=-0.00316129 -0.00675637 -0.00704528 -0.000189553 -0.00168023 -0.00517301 -0.00366709 -0.00724954 -0.00635915 -0.000142075 -9.86524e-05 -7.2812e-05 -0.00105171 -0.00587047 -0.00154488 -0.00298752 -9.69164e-05 -0.00162845 -0.00065338 -0.00735907 -0.00637642 -0.00453895 -0.00347162 -0.00288158 -0.00224675 -0.00616809 -0.00498187 -0.00106988 -0.00741635 -0.00325542
internal_weight=236906 107208 101434 129698 5774 9983 3164 91451 10030 127536 123918 122780 4997 6819 4343 2162 122191 3618 2971 81421 4497 2617 1372 1138 2999 6316 3721 1386 76924 1613
internal_count=236906 107208 101434 129698 5774 9983 3164 91451 10030 127536 123918 122780 4997 6819 4343 2162 122191 3618 2971 81421 4497 2617 1372 1138 2999 6316 3721 1386 76924 1613
is_linear=0
shrinkage=0.03


Tree=245
num_leaves=31
num_cat=0
split_feature=25 7 25 11 25 21 24 2 23 5 31 2 33 25 24 32 38 38 11 5 11 11 11 6 5 31 19 3 24 0
split_gain=2832.19 78.2877 35.3456 28.7451 19.1684 18.0996 14.0457 16.2312 9.97335 9.53098 9.13836 8.12288 7.22199 6.89092 9.11661 6.72985 12.1249 9.11215 6.21891 10.4442 5.8847 5.79336 5.51748 4.70253 3.37892 3.24369 3.22313 2.90907 2.13915 1.96586
threshold=1690.5000000000002 2.0999999999999992 1749.5000000000002 0.1000000000000001 1680.5000000000002 25.500000000000004 1.1500000000000006 1004.35 3.5000000000000004 14.65 22.292857142857148 1028.4500000000003 2.2000000000000024 1601.0000000000002 0.15000000000000038 46.500000000000007 0.93544191479114935 0.96465729447553372 -1.0000000180025095e-35 20.250000000000004 0.14999999999999861 0.09999999999999877 -0.24999999999999997 25.150000000000002 18.850000000000005 29.630681818181824 -0.59999999999996578 16.550000000000004 0.20000000000000109 30.050000000000004
decision_type=2 2 2 2 2 2 2 2 2 2 2 2 2 2 2 2 2 2 2 2 2 2 2 2 2 2 2 2 2 2
left_child=4 5 3 22 11 8 -7 -8 18 10 -4 12 15 14 -14 17 -17 -1 27 -20 28 -11 -3 -15 -23 -10 -5 -2 -6 -28
right_child=1 2 9 26 20 6 7 -9 25 21 -12 -13 13 23 -16 16 -18 -19 19 -21 -22 24 -24 -25 -26 -27 29 -29 -30 -31
leaf_value=-2.6121205437495011e-05 -3.1007635025383497e-05 -3.1007635025383497e-05 -3.1007635025383497e-05 -3.1007635025383497e-05 -3.1007635025383497e-05 -3.1007635025383497e-05 0.0072282354013887854 -3.1007635025383497e-05 -3.1007635025383497e-05 -3.1007635025383497e-05 -3.1007635025383497e-05 0.0087934581910161669 -0.0028846747506710395 0.00015359707886840906 -0.0013675940743592884 -0.0002062382490909531 -0.0041111519488145828 0.0014880387499749364 -3.1007635025383497e-05 -3.1007635025383497e-05 -3.4792303441529392e-05 -3.1007635025383497e-05 -3.1007635025383497e-05 -4.6831298159494205e-05 -3.1007635025383497e-05 -3.1007635025383497e-05 -3.1007635025383497e-05 -3.1007635025383497e-05 -3.4341217773664989e-05 -3.1007635025383497e-05
leaf_weight=93135 1106 4595 537 636 915 651 516 801 3076 74919 528 572 2716 1063 12187 6605 1263 9150 1516 2009 661 799 2565 829 8884 504 1336 1621 636 698
leaf_count=93135 1106 4595 537 636 915 651 516 801 3076 74919 528 572 2716 1063 12187 6605 1263 9150 1516 2009 661 799 2565 829 8884 504 1336 1621 636 698
internal_value=-0.00314165 -0.00674748 -0.0070324 -0.00532598 -0.000159326 -0.00444077 -0.00181218 -2.84306e-05 -0.00496644 -0.00722808 -0.00439316 -0.000111275 -0.000127373 -0.000706823 -0.000923348 -3.90132e-05 -0.000884371 2.60297e-05 -0.00424049 -0.00340445 -0.00292683 -0.00726366 -0.00631667 0.000997888 -0.00656608 -0.00623116 -0.00266654 -0.00531788 -0.00393593 -0.00324902
internal_weight=237029 107297 95497 9830 129732 11800 1968 1317 9832 85667 1065 127520 126948 16795 14903 110153 7868 102285 6252 3525 2212 84602 7160 1892 9683 3580 2670 2727 1551 2034
internal_count=237029 107297 95497 9830 129732 11800 1968 1317 9832 85667 1065 127520 126948 16795 14903 110153 7868 102285 6252 3525 2212 84602 7160 1892 9683 3580 2670 2727 1551 2034
is_linear=0
shrinkage=0.03


Tree=246
num_leaves=31
num_cat=0
split_feature=25 8 9 25 8 8 8 29 24 7 1 1 35 8 39 23 39 10 24 39 6 27 6 6 4 35 13 4 16 29
split_gain=2824.1 380.851 17.834 17.6874 18.2874 10.3332 11.0016 8.60583 8.33188 8.27982 8.68119 15.57 8.35747 7.96164 7.10732 9.07057 9.94343 6.47676 6.18809 5.86284 5.63928 9.49447 5.6693 4.18996 4.17473 5.67685 3.68865 3.57969 3.15194 3.11214
threshold=1690.5000000000002 0.40000000000000396 45.000000000000007 1680.5000000000002 0.79999999999999993 0.30000000000000254 0.39999999999999908 20.366666666666671 -0.65000000000000024 4.9000000000000004 45.500000000000007 29.500000000000004 855.00000000000011 0.70000000000000029 -0.31800055644052067 4.5000000000000009 -0.039769286347669845 -0.50000000000000255 1.1000000000000008 -0.58481178939031186 17.650000000000002 17.183333333333337 16.650000000000002 26.750000000000004 2.0999999999999992 1185.0000000000002 0.006666666666666733 6.6000000000000005 1.5000000000000002 15.900000000000002
decision_type=2 2 2 2 2 2 2 2 2 2 2 2 2 2 2 2 2 2 2 2 2 2 2 2 2 2 2 2 2 2
left_child=3 5 17 7 -5 8 18 9 -2 10 11 -1 -12 24 19 16 -16 -3 -7 23 22 -22 -10 -9 25 -4 28 -17 -11 -28
right_child=1 2 13 4 -6 6 -8 14 20 26 12 -13 -14 -15 15 27 -18 -19 -20 -21 21 -23 -24 -25 -26 -27 29 -29 -30 -31
leaf_value=-0.00298208710354221 -0.00043062273305922603 -2.5140875427459321e-05 -3.0077405974621996e-05 -2.7490835789536819e-05 -3.0077405974621996e-05 5.0718194138370105e-05 -2.2678084708116954e-05 -1.8062718944434009e-05 -0.00025588574456638746 2.4091524298159599e-05 -0.00024850079456529119 0.0037826648922483783 8.6641288319581141e-05 -3.0077405974621996e-05 0.0055163879415665558 -0.00027771996134908926 -0.00023698840868235658 -1.5249150943635055e-05 1.9070724006727412e-07 -0.0046410260731471198 -0.00039838473749566669 0.0009315020755855534 0.001642975312514729 -0.0021303241826647148 -3.0077405974621996e-05 -3.0077405974621996e-05 -0.0010156725764594705 -0.0033887033363191135 -4.0209866022378078e-05 -0.003297940064971003
leaf_weight=520 962 570 614 1309 880 760 805 856 1231 3727 95042 1914 11244 90585 761 525 3306 636 523 693 3791 902 636 614 4413 681 4719 570 2354 675
leaf_count=520 962 570 614 1309 880 760 805 856 1231 3727 95042 1914 11244 90585 761 525 3306 636 523 693 3791 902 636 614 4413 681 4719 570 2354 675
internal_value=-0.00315588 -0.006761 -0.00732262 -0.00017884 -0.00285144 -0.00106273 0.000803828 -0.000132918 -0.00158094 -7.20692e-05 8.82986e-06 0.00177956 -3.17533e-05 -0.00736806 -0.00113109 -0.000525755 0.000127181 -0.00368791 0.00252724 -0.0025739 -0.00119781 -0.0017524 0.000196629 -0.00149796 -0.0062732 -0.00475906 -0.000838416 -0.00294667 -0.000331662 -0.00140938
internal_weight=236818 107109 97499 129709 2189 9610 2088 127520 7522 120195 108720 2434 106286 96293 7325 5162 4067 1206 1283 2163 6560 4693 1867 1470 5708 1295 11475 1095 6081 5394
internal_count=236818 107109 97499 129709 2189 9610 2088 127520 7522 120195 108720 2434 106286 96293 7325 5162 4067 1206 1283 2163 6560 4693 1867 1470 5708 1295 11475 1095 6081 5394
is_linear=0
shrinkage=0.03


Tree=247
num_leaves=31
num_cat=0
split_feature=25 8 25 9 8 32 38 6 6 6 2 36 21 32 22 38 6 6 8 25 8 8 24 21 10 36 4 25 1 3
split_gain=2835.51 379.181 21.026 18.3456 16.4781 9.74086 32.2615 30.8547 19.9534 17.6441 16.7837 10.2518 23.5087 24.6355 21.4926 18.1047 15.2586 10.1822 9.08459 8.83823 11.2253 7.73158 6.52804 6.47509 6.17642 5.72864 4.63231 6.32818 3.10023 2.73626
threshold=1690.5000000000002 0.40000000000000396 1680.5000000000002 45.000000000000007 0.70000000000000207 12.500000000000002 -0.54220184589352438 27.750000000000004 23.950000000000003 27.550000000000004 1008.7500000000001 -0.24999999999999994 22.500000000000004 23.500000000000004 21.500000000000004 -0.17647087149565668 26.150000000000002 28.350000000000005 0.30000000000000254 1940.5000000000002 0.4000000000000013 0.70000000000000029 -0.65000000000000024 14.500000000000002 -0.50000000000000255 0.25000000000000011 1.8499999999999999 1929.5000000000002 83.500000000000014 22.050000000000004
decision_type=2 2 2 2 2 2 2 2 2 2 2 2 2 2 2 2 2 2 2 2 2 2 2 2 2 2 2 2 2 2
left_child=2 18 5 24 29 6 9 8 -8 10 -1 14 15 -14 -7 -13 -16 -9 22 20 -20 26 -2 -24 -3 -25 27 -5 -11 -4
right_child=1 3 4 21 -6 11 7 17 -10 28 -12 12 13 -15 16 -17 -18 -19 19 -21 -22 -23 23 25 -26 -27 -28 -29 -30 -31
leaf_value=0.0077476696039871168 -0.00037721590242585428 -2.4375615168492246e-05 -7.2680324081951192e-05 -2.9175083795383339e-05 -2.9175083795383339e-05 0.007861743860612197 0.0041149780417122136 0.016413414713907538 -0.004711016064671867 -0.011225909183539107 -0.0021330515965929902 -0.00078685971418748931 0.0002853320247145774 -0.0016612761329473896 -0.00012544383486591006 0.00010557601172719293 0.00066683895048683431 0.0083058520771520268 1.8523374393048653e-05 8.7014949950395761e-05 -2.8014225950331074e-05 -2.9175083795383339e-05 0.00095159677726776716 -0.00011053589881121371 -1.5115671254417073e-05 -0.00049188994937880595 -2.9175083795383339e-05 -2.9175083795383339e-05 -0.0048388615272005999 0.00039611000540771781
leaf_weight=916 949 581 750 507 968 701 2871 516 1301 1104 1096 6700 7985 16458 20419 42141 23849 894 1001 513 537 90716 685 3003 655 2821 4535 594 578 502
leaf_count=916 949 581 750 507 968 701 2871 516 1301 1104 1096 6700 7985 16458 20419 42141 23849 894 1001 513 537 90716 685 3003 655 2821 4535 594 578 502
internal_value=-0.00315386 -0.0067668 -0.000171617 -0.00732401 -0.00306481 -0.000121206 0.000814831 0.00225376 0.000955918 -0.00135958 0.000536246 -0.000194643 -0.000413449 -0.00117294 0.000161938 -3.3321e-05 7.92862e-05 0.00608711 -0.001048 0.000719679 -0.000418831 -0.00737063 -0.00153418 -0.00119452 -0.00368336 -0.00151905 -0.00628414 -0.00452176 -0.0036253 -0.000789474
internal_weight=236846 107097 129749 97588 2220 127529 9276 5582 4172 3694 2012 118253 73284 24443 44969 48841 44268 1410 9509 2051 1538 96352 7458 6509 1236 5824 5636 1101 1682 1252
internal_count=236846 107097 129749 97588 2220 127529 9276 5582 4172 3694 2012 118253 73284 24443 44969 48841 44268 1410 9509 2051 1538 96352 7458 6509 1236 5824 5636 1101 1682 1252
is_linear=0
shrinkage=0.03


Tree=248
num_leaves=28
num_cat=0
split_feature=25 8 25 9 8 8 8 30 2 8 44 44 10 24 24 7 24 4 35 39 39 39 11 7 39 5 5
split_gain=2854.27 379.926 19.9758 19.8121 16.2396 8.01962 9.38605 8.01468 7.46251 7.37971 7.32145 10.8427 7.21595 6.27102 6.17178 5.76435 8.87167 4.70641 4.96679 4.53312 3.25473 4.84896 3.06417 2.31315 5.53421 2.18688 0.745204
threshold=1690.5000000000002 0.49999999999999739 1680.5000000000002 45.000000000000007 0.75000000000000011 0.30000000000000254 0.39999999999999908 30.500000000000004 1028.3000000000004 0.70000000000000029 10714.500000000002 5940.0000000000009 -0.50000000000000255 1.1000000000000008 -0.65000000000000024 1.1500000000000006 1.9500000000000004 2.0000000000000013 1165.0000000000002 -0.92272482904738262 -0.49812626372919411 0.097680735332368748 0.14999999999999861 2.0999999999999992 -0.8611288361322974 19.050000000000004 14.65
decision_type=2 2 2 2 2 2 2 2 2 2 2 2 2 2 2 2 2 2 2 2 2 2 2 2 2 2 2
left_child=2 5 7 12 22 14 13 8 10 17 11 -1 -3 -7 -2 -16 -17 18 -5 -12 -9 -22 -4 24 -11 -19 -25
right_child=1 3 4 9 -6 6 -8 20 -10 23 19 -13 -14 -15 15 16 -18 25 -20 -21 21 -23 -24 26 -26 -27 -28
leaf_value=-3.0734857469052503e-05 -0.00040402701377678939 -2.3688482698010652e-05 -5.8125356969348974e-05 -2.8299831281521837e-05 -2.8299831281521837e-05 4.9679606379707029e-05 -2.1157315388363511e-05 -0.0048875323262288694 0.0086523231514961194 -2.8299831281521837e-05 -0.00037330474068928863 0.009605487345272206 -1.1760512399873905e-05 -2.9760816367391449e-05 -0.00083026260368152731 -0.00025010918114601625 0.0013582315379424383 -2.8299831281521837e-05 -2.8299831281521837e-05 -0.0073459296882781256 0.0015699335549156622 -0.0021775716748640658 0.00063484867428696473 -2.8299831281521837e-05 -2.8299831281521837e-05 -2.8299831281521837e-05 -2.8299831281521837e-05
leaf_weight=122729 964 573 746 580 920 765 829 732 618 518 581 637 648 538 943 4394 1251 787 710 550 520 984 502 769 4657 3611 84964
leaf_count=122729 964 573 746 580 920 765 829 732 618 518 581 637 648 538 943 4394 1251 787 710 550 520 984 502 769 4657 3611 84964
internal_value=-0.00314515 -0.00675867 -0.000145864 -0.00731982 -0.003 -0.00109023 0.000534208 -9.72297e-05 -6.53988e-05 -0.00736785 -8.17476e-05 -5.96994e-05 -0.0035139 0.00212069 -0.00154885 -0.00122003 -0.00085665 -0.00631107 -0.00470201 -0.00248235 -0.00187668 -0.0010757 -0.000768 -0.00743384 -0.00680172 -0.00678068 -0.00747183
internal_weight=237020 107501 129519 97817 2168 9684 2132 127351 125115 96596 124497 123366 1221 1303 7552 6588 5645 5688 1290 1131 2236 1504 1248 90908 5175 4398 85733
internal_count=237020 107501 129519 97817 2168 9684 2132 127351 125115 96596 124497 123366 1221 1303 7552 6588 5645 5688 1290 1131 2236 1504 1248 90908 5175 4398 85733
is_linear=0
shrinkage=0.03


Tree=249
num_leaves=31
num_cat=0
split_feature=25 8 25 8 8 7 35 31 31 37 8 8 24 31 39 5 24 6 25 39 15 37 15 8 6 28 8 7 39 7
split_gain=2866.59 392.412 18.5317 15.9631 15.8416 8.23623 8.1589 13.6217 10.8572 9.75387 6.16593 9.64618 6.01785 6.02402 11.8556 9.4085 5.63058 5.33587 5.17521 4.71348 3.60531 3.3079 2.78629 2.73306 2.39673 2.97565 2.34265 2.48187 2.37537 2.21183
threshold=1690.5000000000002 0.40000000000000396 1680.5000000000002 0.79999999999999993 0.70000000000000029 5.9000000000000004 865.00000000000011 37.038461538461547 28.441558441558445 0.93301270189221952 0.30000000000000254 0.39999999999999908 -0.65000000000000024 23.320512820512821 0.59003219687534991 19.150000000000002 0.95000000000000029 25.550000000000004 1579.5000000000002 0.50370931781787065 0.16733200530679335 -0.24999999999999994 0.17224014243686406 0.500000000000001 15.550000000000002 28.500000000000004 0.40000000000000396 6.5999999999999996 0.16587474750015932 2.0999999999999992
decision_type=2 2 2 2 2 2 2 2 2 2 2 2 2 2 2 2 2 2 2 2 2 2 2 2 2 2 2 2 2 2
left_child=2 10 5 21 22 6 7 9 19 -1 12 16 -2 15 -15 -14 -12 -9 -7 -8 -10 -4 24 -24 -3 -26 27 -20 -28 -6
right_child=1 4 3 -5 29 18 8 17 20 -11 11 -13 13 14 -16 -17 -18 -19 26 -21 -22 -23 23 -25 25 -27 28 -29 -30 -31
leaf_value=4.6389198485176638e-05 -0.00036971672022407967 -2.745083634307618e-05 0.00037521516281810598 -2.745083634307618e-05 -2.745083634307618e-05 -0.0042517049646343501 -3.7624525888171009e-06 -0.0054260699693727448 0.0005521739127761988 -0.001217089417436018 5.0648406856687494e-05 -2.1607179905302009e-05 0.00047637244340224523 0.000954346799543603 -0.00058188149264596365 -0.00036215361633806851 -1.3528179928192456e-05 -2.9101058692874991e-05 -0.00030249529609309607 0.00010266850399957551 0.00011717425966148165 -5.5896904632920997e-05 -2.745083634307618e-05 -2.745083634307618e-05 -2.745083634307618e-05 -2.745083634307618e-05 -2.5778700280206862e-05 -0.0017511067256768533 8.5129882480759208e-05 -2.745083634307618e-05
leaf_weight=97596 964 535 511 878 5181 1301 8106 1786 660 9485 731 787 963 1313 667 3623 547 634 847 4278 673 797 588 1202 3407 601 635 656 736 86163
leaf_count=97596 964 535 511 878 5181 1301 8106 1786 660 9485 731 787 963 1313 667 3623 547 634 847 4278 673 797 588 1202 3407 601 635 656 736 86163
internal_value=-0.00312418 -0.0067515 -0.000121256 -0.00285878 -0.00732018 -7.42376e-05 -2.98247e-05 -0.00011623 0.000659851 -6.59068e-05 -0.000962019 0.00048984 -0.0013602 -0.00103456 0.000348133 -0.00163143 0.00209766 -0.00234104 -0.00138437 0.00038269 0.00323034 -0.000755725 -0.00586385 -0.00484654 -0.00626238 -0.00651621 -0.000672809 -0.00149003 0.000223962 -0.00742101
internal_weight=236851 107272 129579 2186 97677 127393 123218 109501 13717 107081 9595 2065 7530 6566 1980 4586 1278 2420 4175 12384 1333 1308 6333 1790 4543 4008 2874 1503 1371 91344
internal_count=236851 107272 129579 2186 97677 127393 123218 109501 13717 107081 9595 2065 7530 6566 1980 4586 1278 2420 4175 12384 1333 1308 6333 1790 4543 4008 2874 1503 1371 91344
is_linear=0
shrinkage=0.03


Tree=250
num_leaves=31
num_cat=0
split_feature=25 8 25 8 8 35 1 37 38 24 32 38 1 38 8 8 35 31 35 24 5 25 19 31 24 15 6 6 28 6
split_gain=2826.52 385.683 18.1149 16.0119 15.1318 7.13787 13.4169 14.454 14.3507 12.2613 10.4831 12.3473 11.3718 10.053 6.31336 7.73138 6.08486 5.84069 6.40216 8.46871 6.31019 7.47999 7.27241 5.78392 4.05132 4.00064 3.23974 3.11831 3.23273 2.33053
threshold=1690.5000000000002 0.40000000000000396 1680.5000000000002 0.64999999999999869 0.70000000000000029 855.00000000000011 91.500000000000014 0.6830127018922193 -0.091260668982868151 -0.65000000000000024 49.500000000000007 -0.96235977360714686 96.500000000000014 0.97696484778429815 0.30000000000000254 0.39999999999999908 705.00000000000011 23.320512820512821 1235.0000000000002 1.6000000000000008 19.150000000000002 1749.5000000000002 0.099999999999965908 28.839743589743595 1.1000000000000008 0.25298221281342342 24.450000000000003 15.350000000000003 28.500000000000004 23.550000000000004
decision_type=2 2 2 2 2 2 2 2 2 2 2 2 2 2 2 2 2 2 2 2 2 2 2 2 2 2 2 2 2 2
left_child=2 14 5 29 25 9 7 23 -9 13 12 -12 -11 16 17 24 -1 20 19 -19 22 -22 -2 -7 -16 27 -8 -3 -29 -4
right_child=1 4 3 -5 -6 6 26 8 -10 10 11 -13 -14 -15 15 -17 -18 18 -20 -21 21 -23 -24 -25 -26 -27 -28 28 -30 -31
leaf_value=-0.013309962332219151 -0.00052448714852578512 -2.6627311252783893e-05 -7.7016267820281898e-05 -2.6627311252783893e-05 -2.6627311252783893e-05 -4.4036877906846933e-05 0.0019708148516992883 0.00027172675017411642 -1.2307626890425563e-05 -3.4467643594467962e-05 0.0049416727518606547 -0.004110782197568193 -0.0069619407852810709 0.0030620250854544329 4.6669765982615189e-05 -1.8909138680427735e-05 -0.0013677859298156737 -0.00023004200431843481 -0.00035292956689441572 0.0030751352478193784 -0.00015510098607550947 -0.00049135076363464867 0.0017035849525867636 0.00018838777029179753 -1.2447636191682273e-05 -2.6627311252783893e-05 0.00013814951102939429 -2.6627311252783893e-05 -2.6627311252783893e-05 0.00032691550577330301
leaf_weight=558 555 624 616 1038 91415 11477 517 2573 1917 95456 783 5232 2033 615 761 798 4922 785 665 631 1803 2493 538 946 518 635 512 4287 729 506
leaf_count=558 555 624 616 1038 91415 11477 517 2573 1917 95456 783 5232 2033 615 761 798 4922 785 665 631 1803 2493 538 946 518 635 512 4287 729 506
internal_value=-0.00315643 -0.00675992 -0.000177001 -0.00290009 -0.00732235 -0.000130838 0.000423819 0.000221253 0.00167965 -0.000221645 -0.000144629 -0.0013599 -6.96218e-05 -0.00152903 -0.00100456 0.000458153 -0.00193725 -0.00141127 -6.12098e-05 0.00107898 -0.00193239 -0.00244998 0.00010274 -0.000306036 0.00190281 -0.00589175 0.00374636 -0.00614676 -0.00639697 -0.000413701
internal_weight=236938 107237 129701 2160 97690 127541 17942 16913 4490 109599 103504 6015 97489 6095 9547 2077 5480 7470 2081 1416 5389 4296 1093 12423 1279 6275 1029 5640 5016 1122
internal_count=236938 107237 129701 2160 97690 127541 17942 16913 4490 109599 103504 6015 97489 6095 9547 2077 5480 7470 2081 1416 5389 4296 1093 12423 1279 6275 1029 5640 5016 1122
is_linear=0
shrinkage=0.03


Tree=251
num_leaves=31
num_cat=0
split_feature=25 8 25 8 9 7 35 8 27 37 38 4 8 10 20 8 25 15 1 38 35 38 15 4 25 20 2 5 25 18
split_gain=2819.41 402.872 19.1487 20.3525 17.2437 9.4655 9.37125 12.6137 10.0687 9.31417 13.5017 9.9742 6.77853 6.60747 5.85858 8.08342 9.36522 7.09286 7.5014 6.37146 5.5171 5.0205 4.23506 3.61749 4.55079 3.33728 4.64117 6.69777 2.98257 2.93397
threshold=1690.5000000000002 0.49999999999999739 1680.5000000000002 0.64999999999999869 45.000000000000007 5.6499999999999995 855.00000000000011 1.7000000000000004 21.366666666666671 0.6830127018922193 -0.091260668982868151 1.6000000000000012 0.70000000000000029 -0.50000000000000255 0.25000000000000006 0.35000000000000148 1921.0000000000002 0.040824829046385985 87.500000000000014 0.54219432480460406 965.00000000000011 0.49812943072827093 0.081649658092707231 2.0999999999999992 1949.5000000000002 -1.5999999999999657 1017.9500000000002 25.450000000000003 1601.0000000000002 5.3290705182007522e-15
decision_type=2 2 2 2 2 2 2 2 2 2 2 2 2 2 2 2 2 2 2 2 2 2 2 2 2 2 2 2 2 2
left_child=2 14 5 29 13 6 7 8 -1 11 -11 -8 23 -3 17 16 -16 -2 20 -18 -19 -9 -20 24 -6 26 27 -7 -28 -4
right_child=1 4 3 -5 12 25 9 21 -10 10 -12 -13 -14 -15 15 -17 19 18 22 -21 -22 -23 -24 -25 -26 -27 28 -29 -30 -31
leaf_value=-0.00011702050015767767 -0.00060882343898482287 -2.1310463714771281e-05 -5.8276648367087689e-05 -2.5828491915200377e-05 -2.5828491915200377e-05 0.00050245689401206878 0.00047190731291210663 -0.0012778088971548331 -0.0026964525211473998 0.00032033467195551876 -8.7173886546321571e-06 -8.865107747481204e-06 -2.5828491915200377e-05 -1.3805348761907687e-05 0.0022916661466836452 8.0417650133367375e-05 2.5736827444490144e-06 -2.287834771434909e-06 -0.00021826454256168937 -0.00048789739957515031 -8.621277525512234e-05 -0.0033061060688165077 0.0032045305692856422 -2.5828491915200377e-05 -2.5828491915200377e-05 -0.00053978781839546621 -0.0039889937439114799 -7.0396113703639191e-05 -6.1946781796180127e-05 0.00066626076633791967
leaf_weight=99937 537 559 609 1061 639 649 996 1394 5220 2318 1701 9898 90659 625 622 629 1018 1472 538 898 3342 721 505 4350 636 1549 537 2256 564 532
leaf_count=99937 537 559 609 1061 639 649 996 1394 5220 2318 1701 9898 90659 625 622 629 1018 1472 538 898 3342 721 505 4350 636 1549 537 2256 564 532
internal_value=-0.00314425 -0.0067498 -0.000174421 -0.00294691 -0.00732625 -0.000126583 -7.15092e-05 -0.000169473 -0.000123313 0.000633087 0.00186707 0.000177588 -0.00737054 -0.00371838 -0.000872896 0.000182234 -0.000572835 -0.0013954 -0.00109191 -0.00161105 -0.00159157 -0.00246221 0.00121292 -0.00635108 -0.00492756 -0.0013375 -0.000879491 -0.000250258 -0.00253626 -0.000164042
internal_weight=236971 107029 129942 2202 97468 127740 122185 107272 105157 14913 4019 10894 96284 1184 9561 3167 2538 6394 5857 1916 4814 2115 1043 5625 1275 5555 4006 2905 1101 1141
internal_count=236971 107029 129942 2202 97468 127740 122185 107272 105157 14913 4019 10894 96284 1184 9561 3167 2538 6394 5857 1916 4814 2115 1043 5625 1275 5555 4006 2905 1101 1141
is_linear=0
shrinkage=0.03


Tree=252
num_leaves=31
num_cat=0
split_feature=25 8 9 25 8 7 1 37 44 37 27 8 10 8 8 8 10 30 24 4 25 31 31 22 7 24 6 7 18 7
split_gain=2841.23 394.205 19.3515 19.0862 17.5694 6.94272 7.49556 11.6483 8.08044 9.02022 7.96663 6.80014 6.26984 5.69742 5.34307 7.08861 6.24484 5.42477 5.20034 4.89258 6.52128 4.517 4.04169 3.71575 3.60894 3.16972 2.3743 2.09174 1.99311 1.96904
threshold=1690.5000000000002 0.40000000000000396 45.000000000000007 1680.5000000000002 0.75000000000000011 6.3500000000000023 95.500000000000014 0.25000000000000017 10714.500000000002 0.25000000000000017 13.366666666666669 0.70000000000000029 -0.54999999999999882 0.49999999999999739 0.30000000000000254 0.39999999999999908 0.099999999999996106 11.500000000000002 0.95000000000000029 1.8499999999999999 1949.5000000000002 23.174242424242429 24.174242424242429 21.500000000000004 1.6499999999999988 1.6000000000000008 20.050000000000004 2.9499999999999997 5.3290705182007522e-15 2.0999999999999992
decision_type=2 2 2 2 2 2 2 2 2 2 2 2 2 2 2 2 2 2 2 2 2 2 2 2 2 2 2 2 2 2
left_child=3 14 12 5 28 6 8 10 9 -1 -8 19 -3 26 16 18 22 27 -16 20 -4 -19 23 -2 -10 -24 -7 -18 -5 -13
right_child=1 2 11 4 -6 13 7 -9 24 -11 -12 29 -14 -15 15 -17 17 21 -20 -21 -22 -23 25 -25 -26 -27 -28 -29 -30 -31
leaf_value=0.00017879858682169123 -0.00016843417086584179 -2.0669873933487387e-05 -2.5053637157744367e-05 -5.836737378145142e-05 -2.5053637157744367e-05 -0.0017651674487601651 -0.0070408656468127365 0.0031619419507165547 -0.011039355759747665 -8.6290804148496275e-05 0.00027059846005280438 -2.5053637157744367e-05 -1.2510639556643842e-05 3.783464472927716e-06 4.0472707502396968e-05 -1.9238471325997668e-05 0.0023477532222865049 -0.00046143166105615669 -2.9251518706360814e-05 -2.5053637157744367e-05 -2.5053637157744367e-05 0.00020593270164328159 -0.00027498946512342985 -0.000410949796729641 -0.00053137306915769262 0.00067943080985733936 -0.0022893503929880769 -4.2115308133206605e-05 0.00032852545538249764 -2.5053637157744367e-05
leaf_weight=68849 944 568 523 701 919 824 2319 679 526 51248 785 5095 667 980 715 797 636 1464 560 4537 556 871 552 1938 511 501 705 594 546 85574
leaf_count=68849 944 568 523 701 919 824 2319 679 526 51248 785 5095 667 980 715 797 636 1464 560 4537 556 871 552 1938 511 501 705 594 546 85574
internal_value=-0.00313732 -0.00675304 -0.00732327 -0.000149312 -0.0029405 -0.000101822 -7.04256e-05 -0.00138507 -2.93472e-05 -6.55709e-06 -0.00216355 -0.00737117 -0.00358327 -0.00166368 -0.000943179 0.000405014 -0.00131565 -0.000405803 0.00179131 -0.00634923 -0.00451665 -0.00125481 -0.00213932 -0.00272018 -0.00266362 -0.000547393 -0.00280699 0.00120536 -0.000618495 -0.00743432
internal_weight=236684 107092 97520 129592 2166 127426 124917 3783 121134 120097 3104 96285 1235 2509 9572 2072 7500 3565 1275 5616 1079 2335 3935 2882 1037 1053 1529 1230 1247 90669
internal_count=236684 107092 97520 129592 2166 127426 124917 3783 121134 120097 3104 96285 1235 2509 9572 2072 7500 3565 1275 5616 1079 2335 3935 2882 1037 1053 1529 1230 1247 90669
is_linear=0
shrinkage=0.03


Tree=253
num_leaves=31
num_cat=0
split_feature=25 9 7 25 10 9 9 9 11 1 31 39 25 31 33 39 39 1 39 31 39 38 1 1 25 9 11 6 5 24
split_gain=2831.88 182.886 43.0084 20.9967 17.0308 12.4714 12.185 11.8825 20.2998 9.46255 11.2392 8.69202 7.60977 11.4354 11.0837 14.6857 14.9588 10.4209 13.4785 11.3299 9.96999 15.9589 8.528 8.38822 7.39129 7.10524 7.05233 4.66679 4.57485 3.08003
threshold=1690.5000000000002 45.000000000000007 2.0999999999999992 1680.5000000000002 -0.40000000000000385 255.00000000000003 35.000000000000007 115.00000000000001 -0.20000000000000193 81.500000000000014 25.174242424242429 -0.90892157495189674 1590.5000000000002 28.441558441558445 1.0666666666666673 -0.86974577485258975 -0.95242240592625282 48.500000000000007 0.42763731121559989 31.839743589743595 0.50370931781787065 -0.108376950152639 71.500000000000014 93.500000000000014 1400.5000000000002 75.000000000000014 0.099999999999996106 20.950000000000003 14.65 -0.20000000000000104
decision_type=2 2 2 2 2 2 2 2 2 2 2 2 2 2 2 2 2 2 2 2 2 2 2 2 2 2 2 2 2 2
left_child=3 4 5 12 -2 9 26 8 -4 -3 -11 -7 14 20 17 16 -16 18 -1 -19 23 -22 -15 -14 -17 29 -6 -28 -9 -5
right_child=1 2 7 25 6 11 -8 28 -10 10 -12 -13 13 22 15 24 -18 19 -20 -21 21 -23 -24 -25 -26 -27 27 -29 -30 -31
leaf_value=0.0058848524061813111 -2.2193283231436052e-05 -2.4302028043012037e-05 -2.4302028043012037e-05 -2.5759293443172869e-05 -0.00040948902744165964 -2.4302028043012037e-05 3.2944777323078268e-05 -2.4302028043012037e-05 -2.4302028043012037e-05 -2.4302028043012037e-05 6.6763668799395094e-05 -2.4302028043012037e-05 -4.3214238212276575e-05 -2.4840407129665156e-06 -0.0017747516462431811 -0.0014217883344705561 0.0054479830412239357 1.7776029988617188e-05 0.00069130933627816968 -0.0030243051658674757 0.00029287250956293884 -6.7340603949462448e-06 0.00051886744965914759 0.00060901896350703361 -0.0023026702328076023 -2.4302028043012037e-05 0.00038582188971943528 -0.00040518834706100592 -2.4302028043012037e-05 1.6024199688248245e-05
leaf_weight=833 797 1016 5552 504 1397 538 681 927 1821 1588 718 6099 11387 616 3623 14762 2428 68746 2334 3751 2602 3550 1097 538 11322 1126 1219 1732 83213 578
leaf_count=833 797 1016 5552 504 1397 538 681 927 1821 1588 718 6099 11387 616 3623 14762 2428 68746 2334 3751 2602 3550 1097 538 11322 1126 1219 1732 83213 578
internal_value=-0.00313615 -0.00674217 -0.00703895 -0.000155144 -0.00157258 -0.00516439 -0.00092576 -0.00724283 -0.00608237 -0.00365975 -0.00259315 -0.00591618 -0.000104925 0.000435782 -0.000204196 -0.000670956 0.000660416 -5.94719e-06 0.00167797 -7.95528e-05 0.000213646 0.00119435 0.00277697 -0.000292404 -0.000979836 -0.0030543 -0.00151034 -0.000678124 -0.00734437 -0.00131458
internal_weight=237095 107298 101472 129797 5826 9959 5029 91513 7373 3322 2306 6637 127589 19790 107799 32135 6051 75664 3167 72497 18077 6152 1713 11925 26084 2208 4348 2951 84140 1082
internal_count=237095 107298 101472 129797 5826 9959 5029 91513 7373 3322 2306 6637 127589 19790 107799 32135 6051 75664 3167 72497 18077 6152 1713 11925 26084 2208 4348 2951 84140 1082
is_linear=0
shrinkage=0.03


Tree=254
num_leaves=31
num_cat=0
split_feature=25 8 9 25 8 8 10 33 35 24 9 24 44 44 8 8 38 24 21 31 24 4 35 38 31 15 38 7 7 2
split_gain=2798.97 399.497 20.2179 19.9716 15.9766 7.10056 7.02138 6.77523 7.67209 8.66068 8.31841 6.51874 7.92311 12.305 6.24062 8.53993 5.8214 5.44103 6.24932 7.60138 5.22262 4.24818 4.88295 4.18372 3.58767 3.70489 3.23731 3.19912 2.65006 5.73642
threshold=1690.5000000000002 0.49999999999999739 45.000000000000007 1680.5000000000002 0.64999999999999869 0.70000000000000029 -0.50000000000000255 1.778216952129996 855.00000000000011 -0.70000000000000095 75.000000000000014 -1.6000000000000003 10714.500000000002 5940.0000000000009 0.30000000000000254 0.39999999999999908 -0.98803845231459242 -0.65000000000000024 14.500000000000002 24.839743589743595 0.95000000000000029 2.0999999999999992 1195.0000000000002 0.39036257410962044 19.26136363636364 0.4167333280007936 -0.29343379936893921 4.0000000000000018 2.0999999999999992 1011.1500000000002
decision_type=2 2 2 2 2 2 2 2 2 2 2 2 2 2 2 2 2 2 2 2 2 2 2 2 2 2 2 2 2 2
left_child=3 14 6 7 -5 21 -3 11 9 26 27 24 13 -13 17 20 -11 -2 -19 -20 -16 22 -4 -14 25 -1 -9 -10 29 -7
right_child=1 2 5 4 -6 28 -8 8 10 16 -12 12 23 -15 15 -17 -18 18 19 -21 -22 -23 -24 -25 -26 -27 -28 -29 -30 -31
leaf_value=-0.0002788386292754764 -0.00036201214956167683 -1.9384370998530362e-05 -2.3572967201721675e-05 -3.924237555738232e-05 -2.3572967201721675e-05 -2.3572967201721675e-05 -1.23698618477052e-05 -0.0054722748859641398 0.00047622277372108817 0.0032722429426331866 0.0001426937048733889 2.7450582216914653e-06 -0.00033097040945674177 0.011536144986184426 5.0622855197624404e-05 -1.7947771555014576e-05 -0.0016208806701086564 0.0013939552497182217 -0.00034191392887290693 0.00012982698360699464 -2.1297682080104894e-06 -2.3572967201721675e-05 -2.3572967201721675e-05 -0.00705645162974094 1.3191013828073807e-05 -7.738384230234607e-06 -0.0019684795049426515 -0.00011037671255563455 -2.3572967201721675e-05 -2.3572967201721675e-05
leaf_weight=1453 965 561 657 1169 1071 1823 636 518 679 1022 952 99541 592 577 690 818 18066 700 4423 1483 571 4364 634 560 768 556 940 1172 85576 3357
leaf_count=1453 965 561 657 1169 1071 1823 636 518 679 1022 952 99541 592 577 690 818 18066 700 4423 1483 571 4364 634 560 768 556 940 1172 85576 3357
internal_value=-0.00315664 -0.00674161 -0.00731728 -0.000190453 -0.00299732 -0.00736542 -0.00343411 -0.000141054 -0.000602865 -0.000803728 0.000868984 -3.74103e-05 1.92551e-06 3.04135e-05 -0.000918462 0.000537001 -0.000633316 -0.00131817 -0.00101014 -0.00132786 0.00208432 -0.00632535 -0.00479698 -0.00246967 -0.00147085 -0.002137 -0.00303082 -0.000303562 -0.00743009 -0.00675608
internal_weight=236894 107258 97608 129636 2240 96411 1197 127396 23349 20546 2803 104047 101270 100118 9650 2079 19088 7571 6606 5906 1261 5655 1291 1152 2777 2009 1458 1851 90756 5180
internal_count=236894 107258 97608 129636 2240 96411 1197 127396 23349 20546 2803 104047 101270 100118 9650 2079 19088 7571 6606 5906 1261 5655 1291 1152 2777 2009 1458 1851 90756 5180
is_linear=0
shrinkage=0.03


Tree=255
num_leaves=31
num_cat=0
split_feature=35 9 7 10 35 9 35 4 39 31 2 39 39 38 2 20 24 21 9 13 13 9 7 9 9 24 6 31 6 35
split_gain=2831.05 177.773 43.1595 20.1931 14.452 10.1557 9.68974 9.18508 8.93313 8.21248 7.52631 6.63939 41.52 21.6888 25.4978 17.1706 15.6683 10.5119 6.22248 5.42332 4.97732 5.36522 4.35071 4.28048 10.1442 3.63935 3.40427 2.97876 5.12673 4.1723
threshold=945.00000000000011 55.000000000000007 2.0999999999999992 -0.39999999999999986 935.00000000000011 245.00000000000003 985.00000000000011 3.2500000000000004 -0.93543596745397617 24.839743589743595 1028.3000000000004 -0.95242240592625282 -0.86974577485258975 0.12545942051955489 1004.85 -0.44999999999998858 1.6500000000000006 23.500000000000004 75.000000000000014 0.0016666666666666017 -0.0033333333333333283 115.00000000000001 0.95000000000000029 25.000000000000004 45.000000000000007 -0.24999999999999997 9.9500000000000011 16.379807692307697 22.050000000000004 975.00000000000011
decision_type=2 2 2 2 2 2 2 2 2 2 2 2 2 2 2 2 2 2 2 2 2 2 2 2 2 2 2 2 2 2
left_child=4 3 5 -2 10 7 20 9 -7 -3 11 13 16 14 -1 -15 -13 -14 25 23 -4 -22 -10 -5 -25 -6 -8 29 -29 -21
right_child=1 2 6 19 18 8 26 -9 22 -11 -12 12 17 15 -16 -17 -18 -19 -20 27 21 -23 -24 24 -26 -27 -28 28 -30 -31
leaf_value=-0.0027605088933593809 -2.2924453219787684e-05 -2.2865778185670026e-05 -2.2865778185670026e-05 -0.00057919329007167879 -2.4080573845912076e-05 -2.2865778185670026e-05 -2.2865778185670026e-05 -2.2865778185670026e-05 -2.2865778185670026e-05 1.1494519884227415e-06 0.0081956622575938276 0.00059447315982209229 8.4526595445495831e-06 0.00061990332143075126 0.0021553189016007522 -0.011172721156315369 0.0074074479292019386 -0.00034124133078916911 -2.2865778185670026e-05 0.00011444264868959589 -2.2865778185670026e-05 -2.2865778185670026e-05 -2.2865778185670026e-05 1.3946732905423869e-05 -2.2921540850281559e-05 8.1592130220917682e-05 -2.2865778185670026e-05 0.001945728424567719 -0.00024667684461928617 -0.00072037941300680968
leaf_weight=2428 1140 1396 2937 1066 505 520 827 947 511 682 613 3942 67704 1018 5708 2551 4370 39213 1103 585 648 1728 5828 782 679 575 84607 767 960 823
leaf_count=2428 1140 1396 2937 1066 505 520 827 947 511 682 613 3942 67704 1018 5708 2551 4370 39213 1103 585 648 1728 5828 782 679 575 84607 767 960 823
internal_value=-0.00312766 -0.00672944 -0.00704672 -0.00203483 -0.000144876 -0.00516185 -0.0072519 -0.00370912 -0.00580127 -0.00258894 -0.000103431 -0.00011947 -5.0312e-05 -0.000800162 5.52961e-05 -0.00274923 0.00199182 -0.000209107 -0.00256407 -0.00130032 -0.00600141 -0.00497056 -0.00611142 -0.00233393 -0.00127649 -0.000942699 -0.00732952 -0.00046621 0.00036871 -0.00148936
internal_weight=237163 107433 100631 6802 129730 9884 90747 3025 6859 2078 127547 126934 115229 11705 8136 3569 8312 106917 2183 5662 5313 2376 6339 2527 1461 1080 85434 3135 1727 1408
internal_count=237163 107433 100631 6802 129730 9884 90747 3025 6859 2078 127547 126934 115229 11705 8136 3569 8312 106917 2183 5662 5313 2376 6339 2527 1461 1080 85434 3135 1727 1408
is_linear=0
shrinkage=0.03


Tree=256
num_leaves=31
num_cat=0
split_feature=25 8 25 9 8 8 6 38 38 6 30 32 35 1 29 6 6 8 25 8 23 35 7 10 38 4 25 25 8 5
split_gain=2838.08 399.095 19.9725 19.0413 15.0949 7.47389 7.16281 21.1999 22.3885 13.7737 13.7415 10.2615 12.2344 9.96194 9.85423 16.5493 13.3324 6.08724 8.94876 8.9101 5.92789 7.80584 7.33071 5.77892 4.69921 4.54579 5.86021 3.59496 2.61175 2.59316
threshold=1690.5000000000002 0.40000000000000396 1680.5000000000002 45.000000000000007 0.79999999999999993 0.70000000000000029 28.250000000000004 -0.16799356919963607 -0.52766804058324157 28.950000000000003 17.500000000000004 17.500000000000004 875.00000000000011 28.500000000000004 5.1000000000000005 18.850000000000005 27.050000000000004 0.30000000000000254 1939.5000000000002 0.39999999999999908 4.5000000000000009 1175.0000000000002 1.5000000000000007 -0.50000000000000255 0.26037272046371446 1.8499999999999999 1949.5000000000002 1720.5000000000002 0.39999999999999908 19.050000000000004
decision_type=2 2 2 2 2 2 2 2 2 2 2 2 2 2 2 2 2 2 2 2 2 2 2 2 2 2 2 2 2 2
left_child=2 17 6 23 28 25 13 8 10 -10 -8 -9 -13 -1 15 -15 -16 20 19 -19 21 24 -23 -3 -2 26 -5 -22 -4 -27
right_child=1 3 4 5 -6 -7 7 11 9 -11 -12 12 -14 14 16 -17 -18 18 -20 -21 27 22 -24 -25 -26 29 -28 -29 -30 -31
leaf_value=-0.0049051255628914815 -0.00019605542783478333 -1.8115106271980821e-05 3.0230931964753214e-05 -2.2179804840099923e-05 -2.2179804840099923e-05 -2.2179804840099923e-05 -0.0023470327694906073 0.0031473493292318677 0.0061626699957652211 -0.00029187210323648304 0.00089583106173087566 -0.0060434460673312968 0.00012694979064890061 0.0054220231184672896 -7.7028844677548645e-05 0.00022830818610598897 0.0014686628093474585 1.224916372767909e-05 9.1557945805234971e-05 -2.10097515589621e-05 -0.00020222549811673083 -0.00055260620537774809 -0.0001534998067312847 -1.3132628363935841e-05 0.00036774664905490261 -2.2179804840099923e-05 -2.2179804840099923e-05 -0.00060711854208284977 -4.6688099434496604e-05 -2.2179804840099923e-05
leaf_weight=516 1742 566 821 557 887 90926 3644 583 2366 1580 1324 4998 537 3372 84549 10258 13740 986 529 576 764 839 1270 625 1835 786 545 1072 512 3760
leaf_count=516 1742 566 821 557 887 90926 3644 583 2366 1580 1324 4998 537 3372 84549 10258 13740 986 529 576 764 839 1270 625 1835 786 545 1072 512 3760
internal_value=-0.00313737 -0.00674469 -0.000150533 -0.00731819 -0.0029703 -0.00736472 -0.000101378 -0.000716376 0.000217026 0.0019035 -0.00112274 -0.00207598 -0.00247472 -1.91441e-05 6.70116e-08 0.000755942 -0.000104765 -0.000911856 0.000519589 -0.000623402 -0.00130981 -0.000830696 -0.00227736 -0.0035394 2.30511e-05 -0.00629735 -0.00455163 -0.00279108 -0.000949438 -0.00671834
internal_weight=237065 107378 129687 97765 2220 96574 127467 15032 8914 3946 4968 6118 5535 112435 111919 13630 98289 9613 2091 1562 7522 5686 2109 1191 3577 5648 1102 1836 1333 4546
internal_count=237065 107378 129687 97765 2220 96574 127467 15032 8914 3946 4968 6118 5535 112435 111919 13630 98289 9613 2091 1562 7522 5686 2109 1191 3577 5648 1102 1836 1333 4546
is_linear=0
shrinkage=0.03


Tree=257
num_leaves=31
num_cat=0
split_feature=25 8 25 8 8 8 25 24 24 25 1 8 37 25 37 22 3 5 2 6 38 39 32 4 25 4 15 5 5 8
split_gain=2859.98 408.468 20.006 16.4677 14.4989 7.26728 13.6014 9.99736 7.51271 7.03835 11.5169 10.7913 9.51787 13.5749 9.39277 22.3248 15.2786 8.00586 6.75049 9.89362 5.21809 4.51512 4.46379 4.37651 6.11417 4.01785 3.74847 3.4411 2.81717 2.69744
threshold=1690.5000000000002 0.40000000000000396 1680.5000000000002 0.70000000000000029 0.79999999999999993 0.29999999999999943 2050.5000000000005 1.2000000000000013 -0.65000000000000024 1601.0000000000002 89.500000000000014 1.8000000000000027 0.6830127018922193 1650.5000000000002 0.93301270189221952 18.500000000000004 18.950000000000003 27.350000000000005 1004.1500000000002 17.550000000000004 -0.39826117949089107 0.70747208174348741 47.500000000000007 1.8499999999999999 1948.5000000000002 2.0000000000000013 0.17511900715426798 28.050000000000004 19.050000000000004 0.500000000000001
decision_type=2 2 2 2 2 2 2 2 2 2 2 2 2 2 2 2 2 2 2 2 2 2 2 2 2 2 2 2 2 2
left_child=2 5 9 23 -4 8 7 21 -2 11 12 14 22 -14 16 -16 -1 -12 20 -20 -10 -7 -11 24 -3 27 28 -13 -25 -28
right_child=1 3 4 -5 -6 6 -8 -9 18 10 17 25 13 -15 15 -17 -18 -19 19 -21 -22 -23 -24 26 -26 -27 29 -29 -30 -31
leaf_value=0.00091917639184993017 -0.00079395292212556775 -2.1514410694896925e-05 -3.7522370123474076e-05 -2.1514410694896925e-05 -2.1514410694896925e-05 -4.4468119661012974e-06 0.00010467354197471278 -0.0002231864052209393 0.002554575821646447 -2.4718661172798314e-05 0.0019463136083393237 -0.0030052650042276517 0.00026006061239353465 -2.3891505283484347e-05 0.0026026646584943192 -0.0023327315391325296 -0.00068958016725954765 1.1332778884225174e-05 0.00019677200451746562 -0.00076450507924879856 -0.00038518100877806569 4.2071826218588518e-05 0.00024036943285214496 -2.1514410694896925e-05 -2.1514410694896925e-05 -0.003005197790135466 -2.1514410694896925e-05 5.3189870928229046e-05 -2.1514410694896925e-05 -2.1514410694896925e-05
leaf_weight=36504 758 572 1306 91338 861 1228 519 1064 512 11246 858 500 2759 1604 2176 7325 61831 516 1439 2919 517 641 516 710 546 798 536 668 2810 1114
leaf_count=36504 758 572 1306 91338 861 1228 519 1064 512 11246 858 500 2759 1604 2176 7325 61831 516 1439 2919 517 641 516 710 546 798 536 668 2810 1114
internal_value=-0.00311438 -0.006738 -0.000113308 -0.00731855 -0.00297026 -0.000832118 0.000269253 -0.00052385 -0.00145071 -6.46293e-05 0.000494115 -0.000153683 0.000269269 0.00146564 -0.000113504 -0.00101415 -2.64651e-05 0.00312863 -0.00105632 -0.00157225 0.00112755 0.000797702 -0.000174685 -0.0058283 -0.00411161 -0.00235518 -0.0061978 -0.00123077 -0.00675468 -0.00500303
internal_weight=236691 107223 129468 97626 2167 9597 3452 2933 6145 127301 17499 109802 16125 4363 107836 9501 98335 1374 5387 4358 1029 1869 11762 6288 1118 1966 5170 1168 3520 1650
internal_count=236691 107223 129468 97626 2167 9597 3452 2933 6145 127301 17499 109802 16125 4363 107836 9501 98335 1374 5387 4358 1029 1869 11762 6288 1118 1966 5170 1168 3520 1650
is_linear=0
shrinkage=0.03


Tree=258
num_leaves=31
num_cat=0
split_feature=25 8 9 25 8 8 10 8 3 39 39 21 8 25 35 7 23 16 8 7 4 35 21 2 2 30 7 5 7 2
split_gain=2830.24 405.092 22.0521 19.4628 17.5984 8.54892 8.37683 6.7778 6.36198 9.40822 33.5534 9.39145 6.1319 13.0371 7.7669 7.39374 7.42927 5.86441 5.46026 5.50054 5.28468 6.11621 4.57803 5.86817 3.98537 5.60382 4.13646 2.86583 2.5931 5.75452
threshold=1690.5000000000002 0.40000000000000396 45.000000000000007 1680.5000000000002 0.79999999999999993 0.70000000000000029 -0.54999999999999882 1.7000000000000004 26.450000000000003 -0.8611288361322974 -0.95242240592625282 23.500000000000004 0.29999999999999943 2050.5000000000005 1355.0000000000002 0.89999999999999913 4.5000000000000009 -2.4999999999999996 0.39999999999999908 2.3500000000000001 2.0000000000000013 1165.0000000000002 27.500000000000004 1006.85 1007.6500000000002 14.500000000000002 2.9000000000000017 19.050000000000004 2.0999999999999992 1011.1500000000002
decision_type=2 2 2 2 2 2 2 2 2 2 2 2 2 2 2 2 2 2 2 2 2 2 2 2 2 2 2 2 2 2
left_child=3 12 6 7 -5 20 -3 8 9 10 -1 -11 14 18 15 -2 -17 -9 19 -14 21 -4 23 -19 26 -26 -10 -22 29 -7
right_child=1 2 5 4 -6 28 -8 17 24 11 -12 -13 13 -15 -16 16 -18 22 -20 -21 27 -23 -24 -25 25 -27 -28 -29 -30 -31
leaf_value=-0.0006977457459690972 -0.0018153814585064316 -1.6927988942674644e-05 -2.0868978374050017e-05 -2.9234776341611106e-05 -2.0868978374050017e-05 -2.0868978374050017e-05 -1.119897218914498e-05 -0.00051079454921144516 -0.0017152399304790156 3.8210373380361909e-05 0.0042548184891202075 -0.00038474049767366514 -8.7920159378229688e-05 0.00010114796890697906 -0.00073988075205222241 -1.0023508359370431e-05 -0.00080996644898234616 0.00018116620739159957 -2.1658035577528182e-05 2.2847501585401306e-05 -2.0868978374050017e-05 -2.0868978374050017e-05 -0.00024707429674432249 -5.7023586424366497e-05 -0.0021255443382341864 0.0032956991092538751 -0.0020127472192118514 -2.0868978374050017e-05 -2.0868978374050017e-05 -2.0868978374050017e-05
leaf_weight=9831 507 587 582 1279 895 1806 663 520 2171 67191 7298 34831 955 530 570 3658 1439 706 678 1265 811 713 525 1931 810 680 1090 3609 85423 3416
leaf_count=9831 507 587 582 1279 895 1806 663 520 2171 67191 7298 34831 955 530 570 3658 1439 706 678 1265 811 713 525 1931 810 680 1090 3609 85423 3416
internal_value=-0.0031241 -0.00673093 -0.0073093 -0.00014392 -0.00295726 -0.00736068 -0.00334265 -9.59353e-05 -5.82306e-05 -1.52955e-05 0.000635252 -0.00012453 -0.000851208 0.000166181 -0.00141597 -0.00107563 -0.000731026 -0.00136401 -0.000625862 9.45095e-05 -0.00622748 -0.00452776 -0.000877054 -0.000366616 -0.00113455 0.000150804 -0.00172158 -0.0067232 -0.00743199 -0.0067678
internal_weight=236970 107212 97610 129758 2174 96360 1250 127584 123902 119151 17129 102022 9602 3428 6174 5604 5097 3682 2898 2220 5715 1295 3162 2637 4751 1490 3261 4420 90645 5222
internal_count=236970 107212 97610 129758 2174 96360 1250 127584 123902 119151 17129 102022 9602 3428 6174 5604 5097 3682 2898 2220 5715 1295 3162 2637 4751 1490 3261 4420 90645 5222
is_linear=0
shrinkage=0.03


Tree=259
num_leaves=31
num_cat=0
split_feature=25 8 25 9 8 10 8 8 25 35 24 7 24 22 35 1 37 24 1 27 1 35 38 6 19 7 2 29 24 5
split_gain=2813.7 400.438 21.3137 20.2428 19.625 7.86824 7.54254 6.23542 13.0127 9.68454 9.6832 8.29377 9.53061 6.13168 6.32528 11.0579 10.3565 10.0777 11.3645 4.12908 3.6292 4.46065 3.62412 3.58387 3.05722 2.25943 5.03805 0.878796 0.675456 0.592849
threshold=1699.5000000000002 0.49999999999999739 1680.5000000000002 45.000000000000007 0.75000000000000011 -0.54999999999999882 0.70000000000000029 0.29999999999999943 2040.5000000000002 1355.0000000000002 1.2000000000000013 0.89999999999999913 -0.24999999999999997 34.500000000000007 855.00000000000011 92.500000000000014 0.6830127018922193 -1.1500000000000001 45.500000000000007 13.366666666666669 89.500000000000014 1215.0000000000002 0.26037272046371446 15.350000000000003 -0.4999999999999431 2.0999999999999992 1011.1500000000002 10.450000000000001 -0.24999999999999997 14.65
decision_type=2 2 2 2 2 2 2 2 2 2 2 2 2 2 2 2 2 2 2 2 2 2 2 2 2 2 2 2 2 2
left_child=2 7 13 5 24 -3 20 9 10 11 19 -2 -13 14 17 16 -16 22 -19 -9 23 -22 -1 -5 -4 26 -8 -12 -6 -27
right_child=1 3 4 6 28 -7 25 8 -10 -11 27 12 -14 -15 15 -17 -18 18 -20 -21 21 -23 -24 -25 -26 29 -28 -29 -30 -31
leaf_value=-0.0025172766496240682 -0.0020141420332211342 -1.6419265184544327e-05 8.0957548010077507e-05 -2.0242909022828517e-05 -2.0242909022828517e-05 -1.0994192147769402e-05 -2.0242909022828517e-05 3.6648343867212603e-05 9.5076245564449901e-05 -0.00074104685503531336 -0.00014920467382962066 -0.00062939147862100587 -1.7544764736854313e-05 0.0038469762958250131 -2.1541292728025568e-05 0.00072355837273720787 0.00010031978420861573 0.0021896871057690446 -0.00044515479039526905 -6.7468302682286274e-06 -2.0242909022828517e-05 -2.0242909022828517e-05 -0.0010337615057363497 -2.0242909022828517e-05 -3.960503906775417e-05 -2.0242909022828517e-05 -2.0242909022828517e-05 -0.00034193848633226988 -2.0478219793337172e-05 -2.0242909022828517e-05
leaf_weight=1567 516 579 667 559 501 632 1774 931 538 571 503 1088 3999 798 12448 837 4505 2838 103242 918 508 505 1578 4060 730 792 3342 504 524 84647
leaf_count=1567 516 579 667 559 501 632 1774 931 538 571 503 1088 3999 798 12448 837 4505 2838 103242 918 508 505 1578 4060 730 792 3342 504 524 84647
internal_value=-0.00313848 -0.00674375 -0.000177311 -0.00731905 -0.00296411 -0.00345631 -0.0073676 -0.000887147 0.00014576 -0.00145483 -0.000661302 -0.00107449 -0.000705934 -0.000124457 -0.000140946 0.000383599 0.000217193 -0.000226386 -0.00017675 0.000628039 -0.00629393 -0.00464778 -0.00189943 -0.00665278 -0.000648678 -0.00743424 -0.00680539 -0.00302527 -0.00611246 -0.00747173
internal_weight=237201 106966 130235 97398 2422 1211 96187 9568 3394 6174 2856 5603 5087 127813 127015 17790 16953 109225 106080 1849 5632 1013 3145 4619 1397 90555 5116 1007 1025 85439
internal_count=237201 106966 130235 97398 2422 1211 96187 9568 3394 6174 2856 5603 5087 127813 127015 17790 16953 109225 106080 1849 5632 1013 3145 4619 1397 90555 5116 1007 1025 85439
is_linear=0
shrinkage=0.03


Tree=260
num_leaves=31
num_cat=0
split_feature=35 8 8 35 8 44 44 7 24 1 37 37 2 20 4 36 15 37 0 4 35 8 4 21 11 5 15 7 2 35
split_gain=2865.52 403.122 17.8113 17.1685 14.1004 7.24618 7.31159 6.8255 6.90245 6.70771 13.1868 6.47449 4.60065 4.7721 6.13893 4.72846 4.14435 3.77462 3.66983 3.4733 6.18114 2.30549 2.48597 4.4171 2.25991 1.99666 1.46042 0.975511 2.55632 0.577245
threshold=945.00000000000011 0.40000000000000396 0.70000000000000029 935.00000000000011 0.79999999999999993 10714.500000000002 5940.0000000000009 1.1500000000000006 2.0500000000000003 95.500000000000014 0.25000000000000017 0.25000000000000017 995.75000000000011 -0.30000000000001131 2.2999999999999985 0.25000000000000011 0.19748417658115369 -0.24999999999999994 26.250000000000004 1.8499999999999999 1175.0000000000002 1.1999999999999977 1.8499999999999999 23.500000000000004 -0.19999999999999971 19.050000000000004 0.28577380332452801 2.0999999999999992 1010.6500000000002 975.00000000000011
decision_type=2 2 2 2 2 2 2 2 2 2 2 2 2 2 2 2 2 2 2 2 2 2 2 2 2 2 2 2 2 2
left_child=3 7 16 5 17 6 9 8 -2 11 -11 -1 -9 14 -14 -15 19 -5 -7 20 -3 22 23 -4 -18 -21 -24 28 -23 -29
right_child=1 2 21 4 -6 18 -8 12 -10 10 -12 -13 13 15 -16 -17 24 -19 -20 25 -22 27 26 -25 -26 -27 -28 29 -30 -31
leaf_value=0.00013928185269691278 -6.2324736247027084e-05 -1.9635621752143661e-05 -1.9635621752143661e-05 0.00038877918283471645 -1.9635621752143661e-05 -0.010283292795405205 0.0089261386502856484 -0.00026713532986069144 -0.0015583993878235305 -0.0039273568300253183 0.0037391510766190275 -7.6341171495683736e-05 0.0030477280379809838 0.00014778905661792517 -3.2017206392989676e-05 -3.9704195049935938e-05 -1.9635621752143661e-05 -6.3327883843751847e-05 -0.00058964439539894032 -1.9635621752143661e-05 -1.9635621752143661e-05 -1.9635621752143661e-05 -1.9635621752143661e-05 -1.9635621752143661e-05 -1.9635621752143661e-05 -1.9635621752143661e-05 -1.9635621752143661e-05 -1.9635621752143661e-05 -1.9635621752143661e-05 -1.9635621752143661e-05
leaf_weight=69474 597 504 937 508 855 516 621 625 533 3057 694 52392 530 1389 4081 1827 675 816 650 764 594 817 8038 548 700 3164 1374 1614 1805 76390
leaf_count=69474 597 504 937 508 855 516 621 625 533 3057 694 52392 530 1389 4081 1827 675 816 650 764 594 817 8038 548 700 3164 1374 1614 1805 76390
internal_value=-0.00309872 -0.00671964 -0.00729428 -9.4629e-05 -0.00273384 -4.94482e-05 -2.76854e-05 -0.000846724 -0.00303445 -4.37633e-05 -0.00129297 -5.29261e-06 -0.000553584 -0.000355409 -0.000973878 0.000531386 -0.00575941 -0.000791855 -0.00240154 -0.0061605 -0.00465 -0.0074015 -0.00698115 -0.0058154 -0.00428649 -0.00658015 -0.0071638 -0.00745814 -0.00685404 -0.00747827
internal_weight=237089 107506 97924 129583 2179 127404 126238 9582 1130 125617 3751 121866 8452 7827 4611 3216 6401 1324 1166 5026 1098 91523 10897 1485 1375 3928 9412 80626 2622 78004
internal_count=237089 107506 97924 129583 2179 127404 126238 9582 1130 125617 3751 121866 8452 7827 4611 3216 6401 1324 1166 5026 1098 91523 10897 1485 1375 3928 9412 80626 2622 78004
is_linear=0
shrinkage=0.03


Tree=261
num_leaves=31
num_cat=0
split_feature=25 9 7 25 12 9 9 11 9 4 28 23 9 25 24 35 16 4 36 32 39 39 5 5 12 9 5 0 3 4
split_gain=2843.64 176.524 44.0571 18.7036 16.4511 13.1809 13.0781 20.7301 12.2737 9.62008 8.3028 7.81345 7.29326 6.63889 9.93783 8.54767 12.1055 11.0385 10.9788 9.82176 7.87036 6.63087 16.6076 7.7267 6.08052 4.83004 4.77782 10.7839 4.37894 3.20997
threshold=1690.5000000000002 45.000000000000007 2.0999999999999992 1680.5000000000002 -0.013333333333333463 35.000000000000007 115.00000000000001 -0.35000000000000137 315.00000000000006 2.2000000000000002 25.500000000000004 4.5000000000000009 65.000000000000014 1211.0000000000002 0.65000000000000047 845.00000000000011 -1.4999999999999998 4.1499999999999995 0.93301270189221952 52.500000000000007 0.50370931781787065 0.39629089145655322 22.450000000000003 23.650000000000002 0.0033333333333332923 75.000000000000014 18.550000000000004 16.950000000000003 24.750000000000004 3.4500000000000006
decision_type=2 2 2 2 2 2 2 2 2 2 2 2 2 2 2 2 2 2 2 2 2 2 2 2 2 2 2 2 2 2
left_child=3 4 8 13 -2 11 7 -4 9 10 -3 24 -5 14 -1 16 18 -18 -15 20 -17 22 -16 -23 -6 -9 27 -8 -10 -11
right_child=1 2 6 12 5 -7 26 25 28 29 -12 -13 -14 15 21 19 17 -19 -20 -21 -22 23 -24 -25 -26 -27 -28 -29 -30 -31
leaf_value=-0.0097232117930057208 -1.6455448251572576e-05 -1.9046553099579351e-05 -1.9046553099579351e-05 -2.0224904890014141e-05 -0.00030375206129337577 3.3026894534639116e-05 -1.9046553099579351e-05 -1.7738080272385871e-05 -1.9046553099579351e-05 -1.9046553099579351e-05 0.00045941470925174528 -0.00048076883727865848 -1.9046553099579351e-05 -0.0002766789140956441 0.0092415780862675038 -1.7325747973107324e-05 -0.0026012164251021696 -0.00024045241080979251 0.0038227396570931741 0.00042050370358257325 9.5410871210352351e-05 1.1323052313625403e-05 0.0010926147144378251 -0.007537809538571567 0.00070313138395258366 -1.9046553099579351e-05 -1.9046553099579351e-05 -1.9046553099579351e-05 -1.9046553099579351e-05 -1.9046553099579351e-05
leaf_weight=536 765 1187 4771 959 1765 686 4079 873 4894 1442 650 1386 1193 41496 2542 12946 20310 17206 3920 551 6688 8423 12488 505 1148 1713 79413 523 636 1125
leaf_count=536 765 1187 4771 959 1765 686 4079 873 4894 1442 650 1386 1193 41496 2542 12946 20310 17206 3920 551 6688 8423 12488 505 1148 1713 79413 523 636 1125
internal_value=-0.00312461 -0.00674382 -0.00703404 -0.000138654 -0.00162987 -0.0010001 -0.00724046 -0.00602222 -0.00513436 -0.00394916 -0.00228793 -0.00161648 -0.00291086 -9.18598e-05 0.000352098 -0.000197321 -0.000332071 -0.000730849 -2.64212e-06 0.000356294 0.000245213 0.000442613 0.000827235 -0.000204927 -0.000733276 -0.00385433 -0.007347 -0.00639553 -0.00607646 -0.00513527
internal_weight=236819 107056 101306 129763 5750 4985 91372 7357 9934 4404 1837 4299 2152 127611 24494 103117 82932 37516 45416 20185 19634 23958 15030 8928 2913 2586 84015 4602 5530 2567
internal_count=236819 107056 101306 129763 5750 4985 91372 7357 9934 4404 1837 4299 2152 127611 24494 103117 82932 37516 45416 20185 19634 23958 15030 8928 2913 2586 84015 4602 5530 2567
is_linear=0
shrinkage=0.03


Tree=262
num_leaves=31
num_cat=0
split_feature=25 8 9 25 8 8 43 8 8 10 32 38 3 7 24 25 38 35 25 15 37 6 38 6 38 24 1 5 6 1
split_gain=2832.06 410.319 19.2257 17.692 17.0912 8.55007 8.14646 6.67361 8.68686 6.17222 5.99472 17.9621 7.12077 5.89844 7.75595 10.5511 5.85337 5.79448 6.94336 8.40915 8.11211 5.54309 5.10145 11.4508 8.07922 4.6426 4.52963 4.68331 3.31121 4.05063
threshold=1690.5000000000002 0.40000000000000396 45.000000000000007 1680.5000000000002 0.75000000000000011 0.70000000000000029 15.500000000000002 0.30000000000000254 0.39999999999999908 -0.54999999999999882 14.500000000000002 -0.8041866928211282 24.250000000000004 1.1500000000000006 1.8499999999999999 1958.5000000000002 -0.2270106897347694 505.00000000000006 1570.5000000000002 0.10488088481733919 0.6830127018922193 27.750000000000004 -0.76141707087277943 21.350000000000005 -0.70291267844185523 1.1000000000000008 95.500000000000014 28.950000000000003 15.350000000000003 89.500000000000014
decision_type=2 2 2 2 2 2 2 2 2 2 2 2 2 2 2 2 2 2 2 2 2 2 2 2 2 2 2 2 2 2
left_child=3 7 9 6 -5 28 17 13 25 -3 11 12 -8 -2 16 -16 -15 26 19 -19 -20 -13 23 -12 -24 -9 27 -1 -4 -30
right_child=1 2 5 4 -6 -7 10 8 -10 -11 22 21 -14 14 15 -17 -18 18 20 -21 -22 -23 24 -25 -26 -27 -28 -29 29 -31
leaf_value=0.0012130346754387399 -0.00087561069089457883 -1.4844839218746591e-05 -1.8475156506591969e-05 -2.857216636392088e-05 -1.8475156506591969e-05 -1.8475156506591969e-05 -0.00528671377369662 4.5713206212647097e-05 -1.5504516533752361e-05 -1.2068921183772459e-05 0.0048790949178581832 0.0024005155439503923 -0.00054786529142541291 -0.00032235350945350873 0.0025772650620204934 -0.00035740583591724556 -9.7751106485616419e-05 -0.0040931335538385771 -3.5684163260947404e-05 -0.0011536387187910569 0.00013295137064371542 0.0076859519770518013 -0.0012335096351908459 0.00021093844850694348 -1.5245075716360182e-05 1.2529729856872699e-07 -0.0091546942551803019 -0.0047423900190109178 -1.8475156506591969e-05 -1.8475156506591969e-05
leaf_weight=13577 982 549 615 1262 901 90910 604 780 790 660 818 3934 1249 1582 950 514 3379 5252 8557 28549 2939 1331 1419 11021 46018 515 822 1279 4080 958
leaf_count=13577 982 549 615 1262 901 90910 604 780 790 660 818 3934 1249 1582 950 514 3379 5252 8557 28549 2939 1331 1419 11021 46018 515 822 1279 4080 958
internal_value=-0.00313356 -0.00673885 -0.00731698 -0.000147992 -0.00283718 -0.00736408 -0.00010228 -0.000783653 0.000715141 -0.00354872 0.000127643 0.00095014 -0.00158895 -0.00120563 -0.000874047 0.00104366 -0.00144016 -0.000352633 -0.00052468 -0.00074128 0.000112193 0.00184403 2.88471e-05 0.000585888 -0.000110194 0.00222629 0.000144452 0.000264504 -0.00622414 -0.00647917
internal_weight=236796 107264 97772 129532 2163 96563 127369 9492 2085 1209 66394 7118 1853 7407 6425 1464 4961 60975 45297 33801 11496 5265 59276 11839 47437 1295 15678 14856 5653 5038
internal_count=236796 107264 97772 129532 2163 96563 127369 9492 2085 1209 66394 7118 1853 7407 6425 1464 4961 60975 45297 33801 11496 5265 59276 11839 47437 1295 15678 14856 5653 5038
is_linear=0
shrinkage=0.03


Tree=263
num_leaves=31
num_cat=0
split_feature=8 42 19 41 8 42 9 24 20 7 1 38 37 8 15 41 33 4 44 44 4 9 37 8 4 9 21 3 2 2
split_gain=2411.38 238.222 68.6177 88.425 66.8225 58.4156 19.9815 19.2648 16.4369 14.2653 13.5525 13.1047 9.86134 11.1757 9.32856 10.157 8.84358 8.88083 8.11519 8.10196 6.03244 7.59852 5.67832 4.76151 4.74277 3.92691 2.56763 2.76036 2.33411 2.22372
threshold=0.70000000000000207 1.0000000180025095e-35 -0.4999999999999431 1.0000000180025095e-35 0.49999999999999739 1.0000000180025095e-35 65.000000000000014 0.95000000000000029 -2.1999999999999882 6.3500000000000023 90.500000000000014 0.49812943072827093 0.6830127018922193 1.2000000000000004 0.28047578623954711 1.0000000180025095e-35 -3.2631578947368416 5.7999999999999998 10714.500000000002 5940.0000000000009 2.6500000000000008 55.000000000000007 -0.5 1.5999999999999963 1.6500000000000006 75.000000000000014 16.500000000000004 21.050000000000004 1017.9500000000002 1017.1500000000002
decision_type=2 2 2 2 2 2 2 2 2 2 2 2 2 2 2 2 2 2 2 2 2 2 2 2 2 2 2 2 2 2
left_child=4 2 12 7 9 8 22 -4 25 16 -8 -9 20 29 15 -10 17 24 19 -18 23 -22 -5 -2 -1 28 -11 -28 -6 -14
right_child=1 -3 3 6 5 -7 10 11 14 26 -12 -13 13 -15 -16 -17 18 -19 -20 -21 21 -23 -24 -25 -26 -27 27 -29 -30 -31
leaf_value=0.0060332700177152133 6.6027290202886485e-05 -1.7920901811394211e-05 -0.0096418128452695432 -1.7920901811394211e-05 9.5479682938841396e-05 -1.7920901811394211e-05 -1.7920901811394211e-05 0.0040143005975238101 -0.002377339162206366 -0.00010435443591918044 -1.7920901811394211e-05 -0.010462679566525267 -1.0037609611939063e-05 0.00019822163502135258 -3.5372425063378889e-07 -1.7920901811394211e-05 -7.2464271612055278e-05 0.004760286178946172 -0.0022931116886927682 0.0083630653757431166 -1.8156496042085869e-05 -1.7920901811394211e-05 -1.7920901811394211e-05 -1.7920901811394211e-05 -0.0001427585801894632 0.00023077358927491712 -0.0015934015975273324 -0.00010276697688497069 -0.00014288017990417612 -4.3794203683835051e-05
leaf_weight=527 857 72361 765 1294 1088 2662 17428 1806 2231 522 1924 821 502 509 1800 6003 108875 885 909 613 1554 3943 1087 1062 1603 938 860 503 522 598
leaf_count=527 857 72361 765 1294 1088 2662 17428 1806 2231 522 1924 821 502 509 1800 6003 108875 885 909 613 1554 3943 1087 1062 1603 938 860 503 522 598
internal_value=-0.00313144 -0.00648111 -0.00441541 -0.00522138 -0.000398317 -0.00226486 -0.00592443 -0.000715969 -0.00141012 -0.000151497 -0.00624367 0.000504945 -0.00217099 -4.18994e-05 -0.00195646 -0.00238405 -0.000108452 0.00149403 -0.000152243 -0.000128779 -0.00263279 -0.0031383 -0.00332669 -0.00118298 0.000443246 0.000741176 -0.00273847 -0.00342308 -0.000158189 -0.00174229
internal_weight=237052 106511 34150 25125 130541 15244 21733 3392 12582 115297 19352 2627 9025 1609 10034 8234 113412 3015 110397 109488 7416 5497 2381 1919 2130 2548 1885 1363 1610 1100
internal_count=237052 106511 34150 25125 130541 15244 21733 3392 12582 115297 19352 2627 9025 1609 10034 8234 113412 3015 110397 109488 7416 5497 2381 1919 2130 2548 1885 1363 1610 1100
is_linear=0
shrinkage=0.03


Tree=264
num_leaves=31
num_cat=0
split_feature=25 8 9 25 8 8 25 24 35 8 3 24 32 39 38 3 35 37 37 24 23 10 4 25 9 4 15 8 18 0
split_gain=2817.68 423.21 22.5677 18.0853 17.9062 9.03719 9.76059 9.18119 8.40907 8.17955 7.43798 7.01202 7.7086 7.65699 18.2231 17.8611 10.0014 19.8207 15.9464 6.94694 6.84051 6.76387 5.20742 6.42134 3.33319 2.30746 2.24318 2.23588 2.20625 1.85082
threshold=1690.5000000000002 0.49999999999999739 45.000000000000007 1680.5000000000002 0.5999999999999962 0.29999999999999943 2009.5000000000002 1.2000000000000013 1345.0000000000002 0.70000000000000029 21.250000000000004 -1.5499999999999996 35.500000000000007 0.99445195900249039 0.074116354202380205 9.2500000000000018 825.00000000000011 0.6830127018922193 0.6830127018922193 -0.65000000000000024 4.5000000000000009 -0.54999999999999882 2.0999999999999992 1949.5000000000002 35.000000000000007 6.2500000000000009 0.26583202716486615 1.0000000000000011 5.3290705182007522e-15 18.550000000000004
decision_type=2 2 2 2 2 2 2 2 2 2 2 2 2 2 2 2 2 2 2 2 2 2 2 2 2 2 2 2 2 2
left_child=3 5 21 11 28 8 7 10 19 22 -7 12 24 16 15 -15 17 -13 -18 -2 -21 -3 23 -4 25 -1 -26 -6 -5 -24
right_child=1 2 9 4 27 6 -8 -9 -10 -11 -12 13 -14 14 -16 -17 18 -19 -20 20 -22 -23 29 -25 26 -27 -28 -29 -30 -31
leaf_value=-0.0023104290228347416 -0.00064168181860424121 -1.386009880814221e-05 -1.7383274757052385e-05 -6.4726512717565402e-05 -1.7383274757052385e-05 4.0639410660675002e-05 8.8070343291329583e-05 -0.00022998734871612758 -0.00069429768100414248 -1.7383274757052385e-05 -1.0432212309424057e-05 -8.0659170035080056e-06 0.00022730753521572062 0.0069321316063416932 0.0087060110275867485 -0.00017445432770627902 2.2466318792685657e-06 -0.0017857117116413411 0.00022576734969197412 4.3507126255339783e-05 -0.00097310603993141088 -9.3651748649543927e-06 -1.7383274757052385e-05 -1.7383274757052385e-05 -7.8611600949153135e-05 -0.0011811406014382631 2.891439140997381e-05 -1.7383274757052385e-05 0.00073785534831959717 -1.7383274757052385e-05
leaf_weight=508 740 555 647 500 584 1001 664 1002 630 90649 793 75733 542 794 674 2860 16271 22358 4959 3531 1211 645 835 625 674 1426 506 602 507 3508
leaf_count=508 740 555 647 500 584 1001 664 1002 630 90649 793 75733 542 794 674 2860 16271 22358 4959 3531 1211 645 835 625 674 1426 506 602 507 3508
internal_value=-0.00312314 -0.00672462 -0.00731578 -0.000146293 -0.00284624 -0.000705034 0.000519931 -0.000257327 -0.00139843 -0.00736678 0.00102728 -9.97392e-05 -0.0013942 -6.14431e-05 0.00117783 0.000340536 -0.000106413 -0.000234191 0.000483939 -0.00102024 -0.000597597 -0.00321963 -0.00624755 -0.00454474 -0.00196887 -0.00273502 -0.00071066 -0.00534091 9.66303e-05 -0.00674396
internal_weight=236534 107036 97464 129498 2193 9572 3460 2796 6112 96264 1794 127305 3656 123649 4328 3654 119321 98091 21230 5482 4742 1200 5615 1272 3114 1934 1180 1186 1007 4343
internal_count=236534 107036 97464 129498 2193 9572 3460 2796 6112 96264 1794 127305 3656 123649 4328 3654 119321 98091 21230 5482 4742 1200 5615 1272 3114 1934 1180 1186 1007 4343
is_linear=0
shrinkage=0.03


Tree=265
num_leaves=31
num_cat=0
split_feature=25 8 25 9 8 8 25 24 8 35 23 10 8 2 8 25 21 3 30 36 31 1 35 5 25 8 7 39 25 5
split_gain=2806.83 431.43 22.2855 21.8177 18.3899 9.51123 12.657 11.2092 8.49037 7.68283 8.01994 6.67509 6.61549 6.30065 6.71919 7.74668 11.0321 9.80761 7.34393 7.37888 5.42554 3.54717 6.50901 3.75161 3.47746 3.14729 2.34719 6.12309 2.29975 0.871126
threshold=1699.5000000000002 0.40000000000000396 1680.5000000000002 45.000000000000007 0.75000000000000011 0.29999999999999943 2050.5000000000005 1.2000000000000013 0.70000000000000029 1355.0000000000002 4.5000000000000009 -0.54999999999999882 0.1000000000000001 1028.3000000000004 1.7999999999999983 1560.5000000000002 25.500000000000004 22.850000000000005 36.500000000000007 -0.24999999999999994 18.519230769230774 89.500000000000014 1215.0000000000002 19.050000000000004 1730.5000000000002 0.39999999999999908 2.0999999999999992 -0.86974577485258975 1820.5000000000002 14.65
decision_type=2 2 2 2 2 2 2 2 2 2 2 2 2 2 2 2 2 2 2 2 2 2 2 2 2 2 2 2 2 2
left_child=2 5 13 11 25 9 7 20 21 10 12 -3 -2 14 18 17 -17 -16 19 -1 -7 23 -23 -5 -12 -4 27 -10 -9 -28
right_child=1 3 4 8 -6 6 -8 28 26 -11 24 -13 -14 -15 15 16 -18 -19 -20 -21 -22 22 -24 -25 -26 -27 29 -29 -30 -31
leaf_value=0.00017081145720279341 0.00056321248365198717 -1.3444295843897943e-05 4.2552267164271549e-05 -1.6861776514340817e-05 -1.6861776514340817e-05 3.7177717949396223e-05 0.0001018085628831873 -0.00032606208471581586 -1.6861776514340817e-05 -0.00065856196615271859 -0.00054309847198208557 -9.2777010328060082e-06 -0.00040503735135277973 0.0072258286755019878 -0.0072992758520068115 9.2055193568579499e-05 -7.938523192602011e-05 -0.0024177807246070103 -0.0054811366075975896 -0.00011194420050700546 -5.8442724517748109e-06 -1.6861776514340817e-05 -1.6861776514340817e-05 -1.6861776514340817e-05 -0.0012132430441569408 -3.8560258498147241e-05 -1.6861776514340817e-05 -1.6861776514340817e-05 -8.2468575560875961e-05 -1.6861776514340817e-05
leaf_weight=47671 1948 555 876 863 1004 1063 509 539 508 560 781 626 2100 646 604 844 989 1059 579 75062 750 509 524 3733 672 514 779 4676 507 84751
leaf_count=47671 1948 555 876 863 1004 1063 509 539 508 560 781 626 2100 646 604 844 989 1059 579 75062 750 509 524 3733 672 514 779 4676 507 84751
internal_value=-0.00312161 -0.00672037 -0.000157335 -0.00731282 -0.00302379 -0.000592461 0.00068546 -9.17511e-05 -0.00736253 -0.00130257 -0.00096084 -0.00325232 -0.000274074 -0.000103447 -0.000118524 -0.00141509 -6.94823e-05 -0.0028964 -8.17425e-05 -6.58125e-05 0.00133471 -0.00622403 -0.00461594 -0.0065833 -0.00287113 -0.000786638 -0.00743303 -0.00679715 -0.00256202 -0.00747141
internal_weight=236801 106953 129848 97524 2394 9429 3368 2859 96343 6061 5501 1181 4048 127454 126808 3496 1833 1663 123312 122733 1813 5629 1033 4596 1453 1390 90714 5184 1046 85530
internal_count=236801 106953 129848 97524 2394 9429 3368 2859 96343 6061 5501 1181 4048 127454 126808 3496 1833 1663 123312 122733 1813 5629 1033 4596 1453 1390 90714 5184 1046 85530
is_linear=0
shrinkage=0.03


Tree=266
num_leaves=31
num_cat=0
split_feature=25 9 7 25 10 9 1 9 11 39 7 35 31 4 1 37 5 4 9 5 0 17 11 9 9 30 38 39 38 39
split_gain=2823.77 185.888 47.3285 19.6 19.2367 10.4923 10.7766 9.97136 20.1361 6.63845 6.22598 9.80649 10.4193 11.1971 8.20369 11.5854 7.44471 7.33737 5.80025 4.84376 7.8555 4.83936 4.72449 5.84262 11.3093 4.54085 4.3658 6.98245 5.76757 4.22975
threshold=1690.5000000000002 55.000000000000007 2.0999999999999992 1680.5000000000002 -0.40000000000000385 265.00000000000006 91.500000000000014 135.00000000000003 -0.20000000000000193 -0.90892157495189674 4.6999999999999984 855.00000000000011 32.720779220779228 8.4500000000000046 84.500000000000014 0.25000000000000017 18.550000000000004 1.7999999999999983 65.000000000000014 18.550000000000004 16.750000000000004 0.49999999999999983 0.099999999999996106 25.000000000000004 45.000000000000007 10.500000000000002 -0.37447345805034543 0.73136292505298039 -0.19337636264337835 0.67007489853957602
decision_type=2 2 2 2 2 2 2 2 2 2 2 2 2 2 2 2 2 2 2 2 2 2 2 2 2 2 2 2 2 2
left_child=3 4 5 10 -2 6 29 8 -4 -7 11 12 13 -1 16 -16 -13 -14 -5 20 -9 26 23 -6 -25 -24 27 -12 -28 -3
right_child=1 2 7 18 22 9 -8 19 -10 -11 21 14 17 -15 15 -17 -18 -19 -20 -21 -22 -23 25 24 -26 -27 28 -29 -30 -31
leaf_value=-0.0002583199868796582 -1.6591517449602248e-05 -1.635592321891059e-05 -1.635592321891059e-05 -1.7734235226140998e-05 -0.00053579403102400457 -1.635592321891059e-05 -1.6339202806313336e-05 -1.635592321891059e-05 -1.635592321891059e-05 -1.635592321891059e-05 -5.5084195736743867e-05 -0.00039434045320914038 0.0012306381307206108 0.0018808914841009128 0.00011489883333087345 0.0021999405096270329 7.261822157763405e-05 -0.0032711172641031231 -1.635592321891059e-05 -1.635592321891059e-05 -1.635592321891059e-05 -0.00025414401110347197 0.00070057337435414947 1.6944880762620635e-05 -1.645578149373208e-05 -0.000270038420102285 0.00082900638212178926 -0.00044287000699762573 -1.2237634954827936e-05 -1.635592321891059e-05
leaf_weight=90440 997 1543 6891 970 1071 526 749 3936 2276 5957 3140 795 1247 6157 1868 530 8112 4034 1215 76967 574 4144 859 809 701 2324 536 636 5904 1095
leaf_count=90440 997 1543 6891 970 1071 526 749 3936 2276 5957 3140 795 1247 6157 1868 530 8112 4034 1215 76967 574 4144 859 809 701 2324 536 636 5904 1095
internal_value=-0.00311446 -0.00671544 -0.00703933 -0.000136668 -0.00189967 -0.00506432 -0.00370685 -0.00725426 -0.00631067 -0.00577217 -8.83806e-05 -1.37165e-05 -0.000106743 -3.57923e-05 0.000824489 0.00238125 0.000404928 -0.00140403 -0.00295267 -0.00736027 -0.00639295 -0.000676786 -0.00123309 -0.00218641 -0.000982143 -0.000459184 -0.000325895 -0.00113552 0.000149022 -0.00460795
internal_weight=237003 107275 100514 129728 6761 9870 3387 90644 9167 6483 127543 113183 101878 96597 11305 2398 8907 5281 2185 81477 4510 14360 5764 2581 1510 3183 10216 3776 6440 2638
internal_count=237003 107275 100514 129728 6761 9870 3387 90644 9167 6483 127543 113183 101878 96597 11305 2398 8907 5281 2185 81477 4510 14360 5764 2581 1510 3183 10216 3776 6440 2638
is_linear=0
shrinkage=0.03


Tree=267
num_leaves=31
num_cat=0
split_feature=25 9 7 25 10 9 10 9 9 39 33 35 32 39 6 6 23 3 39 35 2 2 2 35 4 7 9 9 23 5
split_gain=2833.85 175.918 45.3306 21.2203 17.4888 10.4436 14.7035 10.2291 9.90268 9.75307 7.6074 7.84276 10.0212 7.96439 7.46918 11.4082 7.31711 7.24171 15.5683 15.5856 10.5514 7.98831 7.4995 5.33029 4.99205 4.7685 4.29751 13.1604 6.09028 4.03482
threshold=1699.5000000000002 55.000000000000007 2.0999999999999992 1680.5000000000002 -0.40000000000000385 135.00000000000003 -0.19999999999999749 175.00000000000003 65.000000000000014 -0.94703994556331683 0.33333333333333265 855.00000000000011 54.500000000000007 -0.71502926860092908 16.750000000000004 26.350000000000005 3.5000000000000004 18.850000000000005 0.73136292505298039 835.00000000000011 1.0000000180025095e-35 1003.2500000000001 1019.2500000000001 805.00000000000011 2.2999999999999985 1.2500000000000002 45.000000000000007 35.000000000000007 4.5000000000000009 18.550000000000004
decision_type=2 2 2 2 2 2 2 2 2 2 2 2 2 2 2 2 2 2 2 2 2 2 2 2 2 2 2 2 2 2
left_child=3 4 7 10 -2 6 -4 16 -5 -9 17 12 13 -12 -13 -16 24 18 19 -1 23 -22 -20 -19 -3 -11 27 28 -6 -7
right_child=1 2 5 8 26 29 -8 9 -10 25 11 14 -14 -15 15 -17 -18 20 22 -21 21 -23 -24 -25 -26 -27 -28 -29 -30 -31
leaf_value=0.0040161467474409077 -1.608670409919343e-05 5.1172582589359097e-05 -1.5865245522343272e-05 -1.5874269563800603e-05 -0.00023583497814865236 -1.5865245522343272e-05 -1.5865245522343272e-05 -1.5865245522343272e-05 -1.5865245522343272e-05 -1.5865245522343272e-05 0.0005266964451728581 -0.00010528255018357119 -0.0052417880863680315 -0.0011560110105395993 0.00015645053434894981 -0.00010831782914177051 -1.5865245522343272e-05 -0.0076014516455916213 0.00025964867010973747 -0.0001543507249640373 0.0021097967788890949 -6.2371751892625421e-05 -0.00051172456368310645 6.6069864727554448e-05 -1.5865245522343272e-05 -1.5865245522343272e-05 -1.591920824273535e-05 4.2037584372046905e-05 -0.00044011866329068413 -1.5865245522343272e-05
leaf_weight=12382 990 548 5812 1050 2926 4470 3409 580 1339 1415 12478 962 1574 33680 4197 2323 643 1765 7479 2383 3485 33752 10615 546 567 6015 751 662 1366 76746
leaf_count=12382 990 548 5812 1050 2926 4470 3409 580 1339 1415 12478 962 1574 33680 4197 2323 643 1765 7479 2383 3485 33752 10615 546 567 6015 751 662 1366 76746
internal_value=-0.00311426 -0.00673261 -0.00704719 -0.000139026 -0.00202367 -0.00725702 -0.00629486 -0.00510338 -0.00293915 -0.00555854 -8.65636e-05 -0.0003518 -0.000493359 -0.00041302 0.000551176 0.000915363 -0.00302557 0.000115697 0.000444828 0.00116764 -0.000157775 -3.56481e-05 -0.00014506 -0.00212387 -0.00155103 -0.00585105 -0.00138383 -0.00106235 -0.00166977 -0.0073661
internal_weight=236910 106900 100205 130010 6695 90437 9221 9768 2389 8010 127621 55214 47732 46158 7482 6520 1758 72407 32859 14765 39548 37237 18094 2311 1115 7430 5705 4954 4292 81216
internal_count=236910 106900 100205 130010 6695 90437 9221 9768 2389 8010 127621 55214 47732 46158 7482 6520 1758 72407 32859 14765 39548 37237 18094 2311 1115 7430 5705 4954 4292 81216
is_linear=0
shrinkage=0.03


Tree=268
num_leaves=31
num_cat=0
split_feature=25 8 25 8 8 8 24 25 7 4 31 27 23 32 24 24 37 25 6 3 8 29 27 4 6 4 25 30 7 3
split_gain=2817.19 428.244 19.7288 17.0044 16.219 10.3532 10.7757 8.92707 6.71015 7.34106 14.0689 14.9578 13.4102 13.4325 10.3754 6.12525 6.09337 8.49114 6.0833 14.5694 4.98185 6.49026 6.44205 6.03987 5.57192 3.48099 6.7737 3.46187 2.29495 4.63095
threshold=1690.5000000000002 0.40000000000000396 1680.5000000000002 0.70000000000000029 0.75000000000000011 0.29999999999999943 1.2000000000000013 1838.5000000000002 4.6999999999999984 6.6000000000000005 35.89204545454546 9.9166666666666696 6.5000000000000009 18.500000000000004 5.8500000000000005 -0.65000000000000024 -0.9330127018922193 2110.5000000000005 17.250000000000004 20.750000000000004 0.39999999999999908 15.900000000000002 14.550000000000002 4.9500000000000002 25.050000000000004 1.8499999999999999 1929.5000000000002 18.500000000000004 2.0999999999999992 24.350000000000005
decision_type=2 2 2 2 2 2 2 2 2 2 2 2 2 2 2 2 2 2 2 2 2 2 2 2 2 2 2 2 2 2
left_child=2 5 8 25 -4 15 18 -8 9 12 11 -11 13 -1 -14 -2 -17 -18 -7 -20 21 22 -10 -22 -23 26 -3 -25 29 -5
right_child=1 3 4 28 -6 6 7 -9 20 10 -12 -13 14 -15 -16 16 17 -19 19 -21 23 24 -24 27 -26 -27 -28 -29 -30 -31
leaf_value=0.0014842575932522382 -0.00071752857181937629 -1.5389288156672976e-05 -3.6053265448249416e-05 -1.5389288156672976e-05 -1.5389288156672976e-05 -1.6648033339949891e-05 -0.00033474608679782622 3.1920909669819993e-05 -0.0014466864623407722 -0.001360573802187115 -0.0059805077961864166 0.0012178171577795615 -0.0071490057385674259 -0.00012629029040292944 0.0010987202573001808 0.0014369405070823874 -0.00039792622219169126 -0.00078345745503339214 7.2963404923208e-05 1.0892947076678509e-05 -8.8675948185907503e-05 -0.0033329809513123619 0.00044614988687808623 -2.7914806742114371e-06 -0.00026114515280075025 -1.5389288156672976e-05 -1.5389288156672976e-05 9.837450110593278e-05 -1.5389288156672976e-05 -1.5389288156672976e-05
leaf_weight=18742 785 541 1274 4349 908 520 575 757 5383 3164 527 14792 1894 73117 830 540 4264 504 577 1004 877 984 2150 3286 501 5141 584 1223 86285 832
leaf_count=18742 785 541 1274 4349 908 520 575 757 5383 3164 527 14792 1894 73117 830 540 4264 504 577 1004 877 984 2150 3286 501 5141 584 1223 86285 832
internal_value=-0.00312224 -0.00671895 -0.000146698 -0.00731076 -0.0029739 -0.00064704 0.000670306 -0.00143928 -9.82569e-05 -2.05628e-05 0.000526237 0.000668226 -0.000127425 -6.58876e-05 -0.00220103 -0.00138925 -0.0010226 -0.00136478 0.00200785 0.00293272 -0.000708038 -0.00113914 -0.000781354 1.39198e-05 -0.00295057 -0.00579371 -0.00426575 0.000457216 -0.00741456 -0.00678516
internal_weight=236910 107258 129652 97732 2182 9526 3433 1332 127470 113066 18483 17956 94583 91859 2724 6093 5308 4768 2101 1581 14404 9018 7533 5386 1485 6266 1125 4509 91466 5181
internal_count=236910 107258 129652 97732 2182 9526 3433 1332 127470 113066 18483 17956 94583 91859 2724 6093 5308 4768 2101 1581 14404 9018 7533 5386 1485 6266 1125 4509 91466 5181
is_linear=0
shrinkage=0.03


Tree=269
num_leaves=31
num_cat=0
split_feature=25 8 9 25 8 8 8 24 35 31 24 25 6 39 2 39 39 33 2 30 25 44 24 15 30 10 39 4 25 7
split_gain=2819.13 421.25 24.5498 20.4197 15.8448 8.87216 8.23374 9.17402 7.26916 9.24051 7.54442 7.20535 6.70738 13.2871 26.0152 15.3217 12.3882 10.0001 9.77587 9.45225 9.23599 8.99861 6.7396 6.1625 6.00277 5.89155 5.42162 5.25425 7.06635 4.11963
threshold=1690.5000000000002 0.49999999999999739 45.000000000000007 1680.5000000000002 0.75000000000000011 0.70000000000000029 0.29999999999999943 1.2000000000000013 1275.0000000000002 23.320512820512821 1.6000000000000008 1880.5000000000002 28.450000000000003 -0.86974577485258975 1010.7500000000001 -0.95242240592625282 -0.98212955754013376 0.84210526315789658 1004.7500000000001 8.5000000000000018 1599.5000000000002 22.000000000000004 0.70000000000000118 0.081649658092773775 11.500000000000002 -0.54999999999999882 -0.29342786347392819 1.8499999999999999 1949.5000000000002 4.1999999999999984
decision_type=2 2 2 2 2 2 2 2 2 2 2 2 2 2 2 2 2 2 2 2 2 2 2 2 2 2 2 2 2 2
left_child=3 6 25 12 -5 27 8 23 9 24 -11 -9 13 14 15 -1 18 21 -14 -18 -19 -15 -20 -8 -2 -3 -21 28 -4 -25
right_child=1 2 5 4 -6 -7 7 11 -10 10 -12 -13 16 17 -16 -17 19 20 22 26 -22 -23 -24 29 -26 -27 -28 -29 -30 -31
leaf_value=-0.00025432037426174203 -0.00014281244958649989 -1.1598941677416945e-05 -1.4927609511972785e-05 -3.6695296530279884e-05 -1.4927609511972785e-05 -1.4927609511972785e-05 6.706544034012963e-05 -0.00031044915652866689 -0.00057353894811161847 -0.00029829492176510701 0.0030301008648066286 3.5899587627353498e-05 -0.0081671009663296951 5.81745673024129e-05 0.010909219385377419 0.0036628875623031546 -0.0054512944609685738 -0.0015553778110870974 -0.0024913518525042219 0.00040030206857518817 5.4074382673538796e-05 -0.0032425820318215089 -0.00087101457077206452 -1.6148592339751395e-05 -0.00083284940002866588 -7.65344347009832e-06 -0.00091996259274943078 -1.4927609511972785e-05 -1.4927609511972785e-05 2.5268998093596428e-05
leaf_weight=6809 1542 566 547 1268 933 90848 673 721 1169 677 575 620 807 68301 524 5478 1193 28067 569 6736 4926 1514 1661 743 2184 632 924 4539 537 708
leaf_count=6809 1542 566 547 1268 933 90848 673 721 1169 677 575 620 807 68301 524 5478 1193 28067 569 6736 4926 1514 1661 743 2184 632 924 4539 537 708
internal_value=-0.003125 -0.00672276 -0.00731248 -0.000149292 -0.00301294 -0.00736551 -0.000730185 0.00043914 -0.00138925 -0.000888554 0.00133971 -0.00150223 -9.98149e-05 -3.00335e-05 0.000880941 0.000601147 -0.000778254 -0.000143566 -0.0024309 -0.000210898 -0.000573951 5.9835e-05 -0.00140457 0.0016651 -0.00163761 -0.0030375 0.000176194 -0.00620133 -0.00430939 0.000562629
internal_weight=236991 107281 97669 129710 2201 96471 9612 3465 6147 4978 1252 1341 127509 115619 12811 12287 11890 102808 3037 8853 32993 69815 2230 2124 3726 1198 7660 5623 1084 1451
internal_count=236991 107281 97669 129710 2201 96471 9612 3465 6147 4978 1252 1341 127509 115619 12811 12287 11890 102808 3037 8853 32993 69815 2230 2124 3726 1198 7660 5623 1084 1451
is_linear=0
shrinkage=0.03


Tree=270
num_leaves=31
num_cat=0
split_feature=25 8 25 8 8 8 24 33 8 24 1 2 25 38 7 25 32 24 25 3 15 25 31 4 25 13 1 15 5 8
split_gain=2804.11 434.732 20.19 19.1747 17.0908 9.44582 9.93173 6.71709 8.51096 7.71197 8.3369 6.64056 10.0787 10.0513 6.63784 6.55859 6.06803 6.02463 6.22494 5.9153 5.09225 4.92617 4.56218 4.05922 6.38154 3.59963 3.53424 3.26078 3.18484 3.14959
threshold=1699.5000000000002 0.49999999999999739 1680.5000000000002 0.70000000000000029 0.70000000000000029 0.29999999999999943 1.2000000000000013 0.21052631578947525 1.7999999999999983 -1.6500000000000001 44.500000000000007 1017.85 1360.5000000000002 -0.074117382312902977 0.89999999999999913 1849.5000000000002 53.500000000000007 -0.29999999999999888 1959.5000000000002 27.150000000000002 0.081649658092773775 1750.5000000000002 8.5192307692307718 1.8499999999999999 1948.5000000000002 -0.010000000000000007 82.500000000000014 0.17224014243686406 19.050000000000004 0.500000000000001
decision_type=2 2 2 2 2 2 2 2 2 2 2 2 2 2 2 2 2 2 2 2 2 2 2 2 2 2 2 2 2 2
left_child=2 5 7 -4 23 14 20 8 9 -1 -11 16 13 -13 -2 -8 19 -16 -19 -9 -7 -22 -14 24 -3 -10 -18 28 -25 -29
right_child=1 4 3 -5 -6 6 15 11 25 10 -12 12 22 -15 17 -17 26 18 -20 -21 21 -23 -24 27 -26 -27 -28 29 -30 -31
leaf_value=-0.00022996654648343157 -0.0013334051946233185 -1.4479781226613602e-05 -1.6614657742456482e-05 -1.4479781226613602e-05 -1.4479781226613602e-05 7.8617514718843254e-05 -0.00031097609682392754 -2.2625303327150562e-05 -1.8208086285705952e-05 0.0021760016399390578 0.00010761436754596509 -0.0034043159352939376 0.001772330670794271 0.001816083465182725 -0.00053247681389543341 3.0775850331440856e-05 -0.0038457329527357715 0.00017638489769918622 -0.00048053139989250097 -0.0029006565131016715 2.9736674066914778e-05 -1.9871009424291527e-05 -0.00087155011214947733 -1.4479781226613602e-05 -1.4479781226613602e-05 -0.00028054437934905052 -0.00026909003438632667 -1.4479781226613602e-05 -1.4479781226613602e-05 -1.4479781226613602e-05
leaf_weight=1371 564 576 1372 1035 91164 682 591 42017 908 2036 64046 2383 517 4107 1117 700 810 3070 1374 710 865 579 6713 730 578 1097 926 518 2707 1150
leaf_count=1371 564 576 1372 1035 91164 682 591 42017 908 2036 64046 2383 517 4107 1117 700 810 3070 1374 710 865 579 6713 730 578 1097 926 518 2707 1150
internal_value=-0.00311211 -0.00671008 -0.00015271 -0.0028736 -0.00730862 -0.000598806 0.000664668 -0.000101357 9.78261e-05 0.000155103 0.000201335 -0.000339134 -0.000916047 -5.77634e-05 -0.00130366 -0.00140951 -0.000161082 -0.000988226 -0.000492578 -9.03953e-05 0.00192434 0.000912863 -0.00168626 -0.00578701 -0.00416522 -0.00182735 -0.00189873 -0.00615185 -0.00668436 -0.0050479
internal_weight=237013 106965 130048 2407 97423 9542 3417 127641 69458 67453 66082 58183 13720 6490 6125 1291 44463 5561 4444 42727 2126 1444 7230 6259 1154 2005 1736 5105 3437 1668
internal_count=237013 106965 130048 2407 97423 9542 3417 127641 69458 67453 66082 58183 13720 6490 6125 1291 44463 5561 4444 42727 2126 1444 7230 6259 1154 2005 1736 5105 3437 1668
is_linear=0
shrinkage=0.03


Tree=271
num_leaves=31
num_cat=0
split_feature=35 8 9 35 8 8 8 35 24 7 24 35 10 8 24 28 14 13 38 20 17 39 4 35 2 39 38 7 39 6
split_gain=2819.62 436.431 28.093 14.4011 13.6338 9.58652 7.23137 9.44588 11.2372 8.45962 6.95746 6.73358 6.0644 6.06085 6.66088 6.9399 6.50359 6.89562 6.11182 9.64063 5.80521 5.76758 4.76856 7.18328 4.76608 4.43499 4.42671 2.69285 6.55777 2.31585
threshold=945.00000000000011 0.49999999999999739 45.000000000000007 935.00000000000011 0.79999999999999993 0.70000000000000029 0.29999999999999943 1295.0000000000002 1.2000000000000013 0.89999999999999913 -0.70000000000000095 1335.0000000000002 -0.54999999999999882 1.7000000000000004 -1.6000000000000003 26.500000000000004 0.029999999999999988 0.0050000000000000426 -0.76141707087277943 -0.94999999999998852 -1.0000000180025095e-35 0.99932962452255414 1.8499999999999999 1175.0000000000002 1008.0500000000001 0.83730377313544024 0.22700754078277605 2.0999999999999992 -0.86974577485258975 15.550000000000002
decision_type=2 2 2 2 2 2 2 2 2 2 2 2 2 2 2 2 2 2 2 2 2 2 2 2 2 2 2 2 2 2
left_child=3 6 12 13 -5 22 9 8 25 -2 -11 -12 -3 14 15 26 21 -18 -15 20 -20 -16 23 -4 -21 -8 -1 28 -7 -24
right_child=1 2 5 4 -6 27 7 -9 -10 10 11 -13 -14 18 16 -17 17 -19 19 24 -22 -23 29 -25 -26 -27 -28 -29 -30 -31
leaf_value=-0.00062146670334251367 -0.0014317972736774343 -1.0811478956872951e-05 -1.4045387789815195e-05 -2.1727897435514652e-05 -1.4045387789815195e-05 -1.4045387789815195e-05 4.1141089396368583e-06 8.5021535317473669e-05 -0.00018346817758488985 -0.00059324046892217494 -2.7281332475367904e-06 -0.00055726305730251669 -6.5003823209922829e-06 8.8024312066108709e-05 -4.2946057420119127e-05 0.00014016756987998791 0.0027094000053090473 1.7858218565304921e-05 0.00012749987527148124 -0.00033747956807168438 -8.513098504082108e-05 0.0018778125711038627 -1.4045387789815195e-05 -1.4045387789815195e-05 -0.0022193729655505695 4.9480083049184521e-05 -0.0001623438254325814 -1.4045387789815195e-05 -1.4045387789815195e-05 -1.4045387789815195e-05
leaf_weight=1016 559 571 520 1307 874 511 1365 523 1041 698 4245 595 652 813 115490 768 1575 1772 560 828 568 1509 535 593 917 508 1523 85752 4742 4066
leaf_count=1016 559 571 520 1307 874 511 1365 523 1041 698 4245 595 652 813 115490 768 1575 1772 560 828 568 1509 535 593 917 508 1523 85752 4742 4066
internal_value=-0.00309686 -0.006689 -0.00728544 -0.000116042 -0.00253207 -0.00734259 -0.000561556 0.000538674 -0.000128601 -0.00118175 -0.000825812 -0.000421314 -0.00276122 -7.46225e-05 -3.88783e-05 -0.00136673 -2.36813e-06 0.00130113 -0.00127305 -0.00192261 0.000238938 -3.96791e-05 -0.00614328 -0.00436547 -0.00331855 0.00126 -0.0021222 -0.00741775 -0.00674358 -0.00657126
internal_weight=236996 107476 97942 129520 2181 96719 9534 3437 2914 6097 5538 4840 1223 127339 123653 3307 120346 3347 3686 2873 1128 116999 5714 1113 1745 1873 2539 91005 5253 4601
internal_count=236996 107476 97942 129520 2181 96719 9534 3437 2914 6097 5538 4840 1223 127339 123653 3307 120346 3347 3686 2873 1128 116999 5714 1113 1745 1873 2539 91005 5253 4601
is_linear=0
shrinkage=0.03


Tree=272
num_leaves=31
num_cat=0
split_feature=9 42 11 7 20 9 7 7 24 38 20 7 39 11 11 6 9 38 20 16 9 28 20 24 6 24 38 3 39 1
split_gain=2231.26 228.198 111.168 96.793 38.5598 21.7004 21.145 18.7783 17.7764 14.1724 11.8315 11.4901 10.268 9.51299 9.33055 9.32111 9.06115 11.1387 8.72093 7.70982 6.2445 6.08898 5.79002 8.27124 6.37631 5.5623 5.36541 5.86325 5.2285 4.8909
threshold=115.00000000000001 1.0000000180025095e-35 -0.40000000000000119 2.7500000000000004 -1.649999999999977 65.000000000000014 2.0999999999999992 4.6999999999999984 0.79999999999999905 0.75014288946266361 -2.2499999999999996 3.100000000000001 -0.94703994556331683 0.099999999999996106 1.0000000180025095e-35 8.7500000000000018 75.000000000000014 0.96465729447553372 -1.649999999999977 1.0000000180025095e-35 185.00000000000003 27.500000000000004 -2.3000000000000109 0.84999999999999976 25.550000000000004 1.9500000000000004 -0.17647087149565668 23.450000000000003 0.70747208174348741 90.500000000000014
decision_type=2 2 2 2 2 2 2 2 2 2 2 2 2 2 2 2 2 2 2 2 2 2 2 2 2 2 2 2 2 2
left_child=2 3 5 8 26 22 12 15 18 13 -7 -12 -3 -10 29 -4 17 -17 -2 -9 -16 -11 -1 -24 -25 -18 28 -28 -5 -6
right_child=1 6 7 4 14 10 -8 19 9 21 11 -13 -14 -15 20 16 25 -19 -20 -21 -22 -23 23 24 -26 -27 27 -29 -30 -31
leaf_value=-3.5598299989699001e-06 -1.3624026156120739e-05 -1.3624026156120739e-05 0.0070661356482287436 -1.3624026156120739e-05 -1.3624026156120739e-05 -1.3624026156120739e-05 -1.3624026156120739e-05 -1.385757209585058e-05 -1.3624026156120739e-05 -1.3624026156120739e-05 -1.3624026156120739e-05 -1.3624026156120739e-05 -1.3624026156120739e-05 0.0010941785260029269 -1.3624026156120739e-05 -0.00010018745227122516 -1.3624026156120739e-05 0.002433599731599134 -1.3624026156120739e-05 -1.3624026156120739e-05 -1.3624026156120739e-05 -1.3624026156120739e-05 -1.3624026156120739e-05 -9.2937894223902467e-05 0.0015658381177995229 -1.3624026156120739e-05 -1.3624026156120739e-05 -1.3624026156120739e-05 4.6163208580716763e-05 -1.3624026156120739e-05
leaf_weight=1112 654 501 588 835 10493 678 69312 10248 2949 1880 1550 3845 6375 2961 1155 88887 4102 8664 2353 4295 1437 955 3269 756 1097 2621 1706 615 513 804
leaf_count=1112 654 501 588 835 10493 678 69312 10248 2949 1880 1550 3845 6375 2961 1155 88887 4102 8664 2353 4295 1437 955 3269 756 1097 2621 1706 615 513 804
internal_value=-0.00312309 -0.00637408 -0.000519079 -0.00412408 -0.00553445 -0.00323361 -0.00723953 -0.000239245 -0.00201633 -0.0013316 -0.00450988 -0.00497916 -0.00564844 -0.000494756 -0.00625711 -9.91284e-05 -0.000120402 -4.69745e-05 -0.00400548 -0.0012494 -0.00462606 -0.00307455 -0.00198926 -0.00241511 -0.000812668 -0.0011855 -0.00279692 -0.0036709 -0.00128889 -0.00663045
internal_weight=237210 105498 131712 29310 17558 12307 76188 119405 11752 8745 6073 5395 6876 5910 13889 104862 104274 97551 3007 14543 2592 2835 6234 5122 1853 6723 3669 2321 1348 11297
internal_count=237210 105498 131712 29310 17558 12307 76188 119405 11752 8745 6073 5395 6876 5910 13889 104862 104274 97551 3007 14543 2592 2835 6234 5122 1853 6723 3669 2321 1348 11297
is_linear=0
shrinkage=0.03


Tree=273
num_leaves=31
num_cat=0
split_feature=25 8 9 25 8 8 8 10 33 6 25 1 38 8 8 24 9 7 24 31 24 11 20 1 21 8 7 39 14 5
split_gain=2816.65 420.77 24.43 19.9405 19.2785 8.43299 7.39269 6.89237 6.87061 7.68445 6.56679 6.97602 6.54579 6.32082 6.00927 5.83048 5.09727 4.91163 4.87583 11.0901 4.63503 4.51255 4.40757 4.30564 3.28107 2.73878 2.00566 6.38574 1.22179 0.551982
threshold=1699.5000000000002 0.40000000000000396 45.000000000000007 1680.5000000000002 0.79999999999999816 0.70000000000000029 0.30000000000000254 -0.54999999999999882 2.2000000000000024 9.4500000000000011 1601.0000000000002 54.500000000000007 -0.98803845231459242 0.39999999999999908 1.8 -1.45 65.000000000000014 1.1500000000000006 1.8499999999999999 14.292857142857146 1.1000000000000008 -0.60000000000000042 0.19999999999998866 90.500000000000014 14.500000000000002 0.39999999999999908 2.0999999999999992 -0.86974577485258975 -0.0066666666666664633 14.65
decision_type=2 2 2 2 2 2 2 2 2 2 2 2 2 2 2 2 2 2 2 2 2 2 2 2 2 2 2 2 2 2
left_child=3 6 7 8 25 23 17 -3 9 -1 11 -10 -13 20 15 -11 28 -2 22 -20 -8 -16 -19 24 -4 -5 27 -7 -12 -28
right_child=1 2 5 4 -6 26 13 -9 10 14 16 12 -14 -15 21 -17 -18 18 19 -21 -22 -23 -24 -25 -26 -27 29 -29 -30 -31
leaf_value=0.0053896525248966634 -0.00066758823844396162 -1.0085283016606374e-05 -1.3215305371437118e-05 6.6037975302152399e-05 -1.3215305371437118e-05 -1.3215305371437118e-05 4.5217836585976767e-05 -1.0488414444405654e-05 -0.0060753607691624543 -0.00014545506828313203 -0.00012448933904741458 0.0050381630560252712 -0.0017495282792908721 -1.4871350644387912e-05 -9.0991263156252777e-06 2.4826104798617591e-05 0.0001088361440106168 -0.00024505667315470679 -0.00061570030024975426 0.0021638673029355485 1.1447865299214011e-06 -0.00020573742131203734 9.1578642296982751e-06 -1.3215305371437118e-05 -1.3215305371437118e-05 -2.5270718231838265e-05 -1.3215305371437118e-05 -1.3215305371437118e-05 0.000201273270894679 -1.3215305371437118e-05
leaf_weight=804 972 567 501 876 976 518 751 662 885 3229 549 758 13262 779 1366 103898 789 3446 504 964 525 1454 1517 836 4297 538 770 4685 558 84684
leaf_count=804 972 567 501 876 976 518 751 662 885 3229 549 758 13262 779 1366 103898 789 3446 504 964 525 1454 1517 836 4297 538 770 4685 558 84684
internal_value=-0.00312001 -0.00672504 -0.00731097 -0.000152027 -0.0028658 -0.00736463 -0.000683404 -0.00310114 -0.000101134 -1.5372e-05 -0.000666399 -0.000877943 -0.000714591 0.000907876 -3.6767e-05 -7.701e-07 0.000995785 -0.00112525 -0.000824266 0.000693878 0.00220657 -0.00140326 -0.00127341 -0.00623048 -0.00657812 -0.000625 -0.00743498 -0.00684582 -0.000317854 -0.00747069
internal_weight=236920 106978 97520 129942 2390 96291 9458 1229 127552 110751 16801 14905 14020 2055 109947 107127 1896 7403 6431 1468 1276 2820 4963 5634 4798 1414 90657 5203 1107 85454
internal_count=236920 106978 97520 129942 2390 96291 9458 1229 127552 110751 16801 14905 14020 2055 109947 107127 1896 7403 6431 1468 1276 2820 4963 5634 4798 1414 90657 5203 1107 85454
is_linear=0
shrinkage=0.03


Tree=274
num_leaves=31
num_cat=0
split_feature=35 8 35 8 9 8 39 38 8 10 38 8 39 0 44 44 1 39 39 24 44 24 4 8 6 35 38 39 8 8
split_gain=2825.49 382.158 37.0487 34.6489 24.5341 8.94296 8.1844 9.34918 8.11715 7.91583 7.4767 7.24856 5.94629 12.2097 5.93944 8.26066 6.40209 6.47328 5.93068 5.83267 4.67279 4.01516 3.88909 3.54247 2.88468 2.59652 2.09859 1.59618 0.645219 0.395302
threshold=955.00000000000011 0.40000000000000396 935.00000000000011 0.60000000000000064 45.000000000000007 0.30000000000000254 0.04621408538533487 -0.62588817255938378 0.70000000000000029 -0.50000000000000255 -0.2270106897347694 0.39999999999999908 -0.78324956448884031 28.350000000000005 11990.000000000002 5940.0000000000009 97.500000000000014 -0.6391983530350368 -0.57077231802681661 6.5500000000000007 16724.500000000004 0.95000000000000029 1.6500000000000006 0.90000000000000135 15.550000000000002 1005.0000000000001 0.24372619187392155 -0.99938741687870725 1.4999999999999993 1.3500000000000016
decision_type=2 2 2 2 2 2 2 2 2 2 2 2 2 2 2 2 2 2 2 2 2 2 2 2 2 2 2 2 2 2
left_child=2 5 14 18 9 6 12 -8 22 -3 -9 21 13 -2 15 16 19 -18 -4 -1 -16 -7 -6 -5 -24 -14 -20 -10 -29 -25
right_child=1 4 3 23 8 11 7 10 27 -11 -12 -13 25 -15 20 -17 17 -19 26 -21 -22 -23 24 29 -26 -27 -28 28 -30 -31
leaf_value=-3.6273275675989791e-05 0.0027314778713205222 -1.0026001777016107e-05 0.0025207849232213469 -1.2818846210294002e-05 -1.2818846210294002e-05 4.6979958571587895e-05 0.00098037077706299765 -0.00065224558684720177 -1.2818846210294002e-05 -2.8803600316221202e-06 -3.7354169922258361e-05 -1.3294444946349899e-05 -0.00024517137944826597 -0.00033850985637906642 -0.0072017213451494918 0.0080744830239234313 -0.0072602638493121053 0.001212838401948536 -2.3696586076206431e-05 0.0048363764574672662 -0.00016753337484694497 3.1995658260642691e-05 -1.2818846210294002e-05 -1.2818846210294002e-05 -1.2818846210294002e-05 -0.00084713844819800529 1.3343339865472397e-05 -1.2818846210294002e-05 -1.2818846210294002e-05 -1.2818846210294002e-05
leaf_weight=123561 512 513 576 779 909 626 565 503 910 546 2503 751 650 889 529 715 686 526 800 702 507 531 512 724 4058 1167 697 17925 71150 772
leaf_count=123561 512 513 576 779 909 626 565 503 910 546 2503 751 650 889 529 715 686 526 800 702 507 531 512 724 4058 1167 697 17925 71150 772
internal_value=-0.00310463 -0.00676912 -0.000174082 -0.00289655 -0.00731181 -0.000745775 -0.00125571 -0.000266583 -0.0073622 -0.0027639 -0.000932513 0.00106806 -0.00235248 -0.000882038 -8.09963e-05 -6.24049e-05 -8.07519e-05 -0.00224876 -9.03614e-05 -5.95703e-05 -0.00234104 0.00255608 -0.0062329 -0.00545125 -0.00659121 -0.00348406 -0.00108572 -0.00743082 -0.00744392 -0.00630841
internal_weight=236794 105220 131574 4348 96523 8697 6789 3571 95464 1059 3006 1908 3218 1401 127226 126190 125475 1212 2073 124263 1036 1157 5479 2275 4570 1817 1497 89985 89075 1496
internal_count=236794 105220 131574 4348 96523 8697 6789 3571 95464 1059 3006 1908 3218 1401 127226 126190 125475 1212 2073 124263 1036 1157 5479 2275 4570 1817 1497 89985 89075 1496
is_linear=0
shrinkage=0.03


Tree=275
num_leaves=31
num_cat=0
split_feature=25 8 9 25 8 8 8 25 10 32 38 21 39 23 39 25 36 21 35 38 22 39 35 8 31 5 39 32 28 0
split_gain=2809.7 450.671 27.25 15.1535 16.5413 9.76324 9.40826 9.90043 8.32176 7.87667 36.6535 20.9987 20.9207 17.7227 14.9679 9.99206 7.24813 19.2487 24.5672 18.7448 16.9655 26.0304 6.13772 5.89128 5.78133 9.22413 7.21689 5.56453 2.58184 2.71496
threshold=1690.5000000000002 0.49999999999999739 45.000000000000007 1680.5000000000002 0.75000000000000011 0.60000000000000064 0.29999999999999943 1999.5000000000002 -0.54999999999999882 12.500000000000002 -0.54220184589352438 27.500000000000004 -0.6523320455745395 5.5000000000000009 -0.90161545992537195 1440.5000000000002 -0.24999999999999994 22.500000000000004 895.00000000000011 -0.17647087149565668 22.500000000000004 0.57605713708605399 1355.0000000000002 0.39999999999999908 23.408333333333335 19.150000000000002 0.5475998096715059 28.500000000000004 27.500000000000004 18.750000000000004
decision_type=2 2 2 2 2 2 2 2 2 2 2 2 2 2 2 2 2 2 2 2 2 2 2 2 2 2 2 2 2 2
left_child=3 6 8 9 -5 28 22 23 -3 10 13 12 -12 15 -13 -1 20 19 -19 -18 -11 -22 24 27 25 -2 -26 -8 29 -4
right_child=1 2 5 4 -6 -7 7 -9 -10 16 11 14 -14 -15 -16 -17 17 18 -20 -21 21 -23 -24 -25 26 -27 -28 -29 -30 -31
leaf_value=-0.0030161762318592833 0.00085996058523630983 -9.6623827239568712e-06 -1.2434280823985183e-05 -1.7897153860560538e-05 -1.2434280823985183e-05 -1.2434280823985183e-05 3.4356673541535609e-05 7.4488914362736875e-05 -6.874932426478298e-06 0.0059238648247624554 -0.005312043207602252 0.0073621268145420754 0.0042598733976418135 -0.010164005782941379 0.013679511970304592 0.0030398261584267598 -0.00080841247915036088 -0.0022975820142697055 0.00023046161399106573 0.00016462109927527311 0.00031861646074627948 -0.00041155492422340507 -0.00054197970746832421 -1.9961156442718606e-05 0.0017008172467325939 -0.00059726604146959571 -0.00097273662603540719 -2.2230376253465395e-05 -1.2434280823985183e-05 -1.2434280823985183e-05
leaf_weight=2228 820 590 509 1263 899 93451 1144 699 650 1000 764 1038 3181 761 566 680 6768 22611 1825 42202 37041 7081 580 621 966 3323 507 961 504 1730
leaf_count=2228 820 590 509 1263 899 93451 1144 699 650 1000 764 1038 3181 761 566 680 6768 22611 1825 42202 37041 7081 580 621 966 3323 507 961 504 1730
internal_value=-0.00308929 -0.00668777 -0.00729941 -0.000123778 -0.00261322 -0.00735639 -0.000493349 0.000768165 -0.0028744 -8.1606e-05 0.000763015 0.00230094 0.001123 -0.00156293 0.00519303 -0.000494845 -0.000147304 -0.000331231 -0.0010189 1.19456e-05 0.000151915 6.42507e-05 -0.00119071 -4.94868e-05 -0.000886436 -0.00146019 0.000727119 0.000708353 -0.00558197 -0.00602075
internal_weight=236963 107055 97434 129908 2162 96194 9621 3425 1240 127746 9218 5549 3945 3669 1604 2908 118528 73406 24436 48970 45122 44122 6196 2726 5616 4143 1473 2105 2743 2239
internal_count=236963 107055 97434 129908 2162 96194 9621 3425 1240 127746 9218 5549 3945 3669 1604 2908 118528 73406 24436 48970 45122 44122 6196 2726 5616 4143 1473 2105 2743 2239
is_linear=0
shrinkage=0.03


Tree=276
num_leaves=31
num_cat=0
split_feature=35 8 35 8 9 8 10 8 8 8 7 0 39 35 24 1 38 39 38 38 22 38 38 37 0 4 24 35 24 24
split_gain=2834.46 385.206 37.322 34.4299 23.7458 10.2979 8.95561 6.37588 8.90604 6.27689 6.08593 8.15754 6.98711 5.90105 6.45214 6.34656 15.6583 17.9844 16.0366 11.3794 22.8109 18.8545 6.26432 5.74844 5.12952 4.82547 4.57488 4.1465 3.74819 3.68463
threshold=955.00000000000011 0.49999999999999739 935.00000000000011 0.49999999999999739 45.000000000000007 0.70000000000000029 -0.50000000000000255 0.30000000000000254 0.39999999999999908 0.85000000000000153 1.1500000000000006 29.150000000000002 -0.84313311835787952 425.00000000000006 2.100000000000001 78.500000000000014 0.49812943072827093 -0.77243990499604276 0.35846314187849709 0.22700754078277605 15.500000000000002 0.10837544681456425 -0.03977009085991149 0.6830127018922193 22.350000000000005 1.6500000000000006 0.95000000000000029 995.00000000000011 3.4500000000000006 0.20000000000000109
decision_type=2 2 2 2 2 2 2 2 2 2 2 2 2 2 2 2 2 2 2 2 2 2 2 2 2 2 2 2 2 2
left_child=2 7 13 29 6 25 -3 10 26 -5 -2 12 -12 14 22 19 18 -18 -17 21 -21 -15 -1 24 -16 -6 -9 -13 -25 -4
right_child=1 4 3 9 5 -7 -8 8 -10 -11 11 27 -14 15 23 16 17 -19 -20 20 -22 -23 -24 28 -26 -27 -28 -29 -30 -31
leaf_value=0.0019398169249449353 -0.00068102476294616362 -9.4353502419869176e-06 -2.3092847299903232e-05 -1.2061252399265627e-05 -1.2061252399265627e-05 -1.2061252399265627e-05 -1.1580753650969066e-06 4.3452689471629756e-05 -1.6188107937354518e-05 -1.2061252399265627e-05 0.0024126479904924727 -0.00019189250466249239 -9.8156877367135879e-05 -3.2220711168911005e-05 0.0071235982308812135 -9.9413452210215459e-05 -0.0055232284970677245 -0.00059968718189699574 0.0039602268903320588 -0.0084837281517796369 0.00065409073607643697 -0.0019628635373097917 -0.0092132179108613457 0.0016105589713592649 0.0019618096049123243 -1.2061252399265627e-05 2.4492999946993763e-05 -0.00045256889574341725 -0.0015408689291808652 0.0012606306071094862
leaf_weight=764 896 511 903 1073 910 89961 526 650 769 1571 553 646 4139 37425 2923 23382 2109 17598 2667 628 25563 2574 1025 1384 7286 4495 560 566 1913 814
leaf_count=764 896 511 903 1073 910 89961 526 650 769 1571 553 646 4139 37425 2923 23382 2109 17598 2667 628 25563 2574 1025 1384 7286 4495 560 566 1913 814
internal_value=-0.00308202 -0.00675345 -0.000147602 -0.00287589 -0.00730131 -0.00735042 -0.00277911 -0.000737103 0.000760979 -0.00502268 -0.00117318 -0.000822892 -0.000255646 -5.40501e-05 0.000498627 -0.000129569 -0.000401241 -0.00103925 8.14748e-05 5.82397e-05 0.000544325 -0.000260056 -0.00119347 0.000722905 0.00107458 -0.0060713 0.00236386 -0.00301483 -0.00036602 0.000431937
internal_weight=236784 105182 131602 4361 96403 95366 1037 8779 1979 2644 6800 5904 4692 127241 15295 111946 45756 19707 26049 66190 26191 39999 1789 13506 10209 5405 1210 1212 3297 1717
internal_count=236784 105182 131602 4361 96403 95366 1037 8779 1979 2644 6800 5904 4692 127241 15295 111946 45756 19707 26049 66190 26191 39999 1789 13506 10209 5405 1210 1212 3297 1717
is_linear=0
shrinkage=0.03


Tree=277
num_leaves=31
num_cat=0
split_feature=25 8 9 25 8 8 8 25 24 10 24 36 6 6 24 39 38 22 39 21 6 25 39 20 9 39 20 28 5 8
split_gain=2821.33 431.141 24.4764 19.953 21.1734 10.2694 7.68357 10.4471 9.01288 6.55403 5.92021 6.18016 9.60049 6.17234 5.769 8.87595 21.352 17.5789 9.15707 28.63 28.6022 7.0618 8.19404 9.33841 8.04338 4.58965 4.3539 3.63341 3.59889 1.83731
threshold=1699.5000000000002 0.49999999999999739 45.000000000000007 1680.5000000000002 0.75000000000000011 0.70000000000000029 0.29999999999999943 2029.5000000000002 1.2000000000000013 -0.54999999999999882 -0.65000000000000024 0.25000000000000011 17.550000000000004 20.950000000000003 -0.39999999999999941 0.99445195900249039 0.074116354202380205 18.500000000000004 0.39629089145655322 16.500000000000004 24.150000000000002 1570.5000000000002 -0.73865259438682551 -1.0000000180025095e-35 125.00000000000001 0.82777578779003613 -2.2499999999999996 31.500000000000004 19.150000000000002 0.39999999999999908
decision_type=2 2 2 2 2 2 2 2 2 2 2 2 2 2 2 2 2 2 2 2 2 2 2 2 2 2 2 2 2 2
left_child=3 6 9 14 29 27 10 8 25 -3 -2 13 -13 -12 21 18 17 -17 19 -16 -20 22 -1 -24 26 -8 -23 28 -4 -5
right_child=1 2 5 4 -6 -7 7 -9 -10 -11 11 12 -14 -15 15 16 -18 -19 20 -21 -22 24 23 -25 -26 -27 -28 -29 -30 -31
leaf_value=0.0022372945956249811 -0.00070328229455602221 -8.9090124838193886e-06 -1.1699414827287659e-05 7.9938520231181328e-05 -1.1699414827287659e-05 -1.1699414827287659e-05 9.3536903624928157e-07 7.3085326368317865e-05 -0.0002023870995325029 -1.0981199366552959e-05 0.0025648382858996107 7.7424279475825223e-05 -0.00093402737934399874 -0.0002201989126752194 0.019994818020519924 0.0080124628118792077 0.011789098717279657 -0.00026394250024720865 -0.00014428405291886962 6.9930548847162735e-05 -0.0047317841294826834 3.6441970958143991e-05 -0.0016809548654511219 -0.0070662267803596572 9.9660729349580654e-05 6.0266614681630304e-05 -7.7886582826537987e-05 -1.1699414827287659e-05 -1.1699414827287659e-05 -2.1380603647766022e-05
leaf_weight=881 765 556 992 882 1015 90833 1308 599 1030 628 615 1095 1525 2102 1162 623 553 2620 37097 69998 1411 3394 3866 1120 866 500 3910 523 4109 526
leaf_count=881 765 556 992 882 1015 90833 1308 599 1030 628 615 1095 1525 2102 1162 623 553 2620 37097 69998 1411 3394 3866 1120 866 500 3910 523 4109 526
internal_value=-0.00310646 -0.00670943 -0.00730413 -0.000134153 -0.0028299 -0.00735678 -0.00062179 0.000512504 -0.000248239 -0.00301012 -0.00126065 -0.000906069 -0.00194508 9.65428e-05 -8.28804e-05 -1.18978e-05 0.0014139 0.000483051 -6.12747e-05 0.000140384 -0.000433913 -0.000656564 -0.00145042 -0.00192161 -8.62702e-05 0.00102762 -0.000410621 -0.00610558 -0.00635068 -0.000446809
internal_weight=237104 107180 97641 129924 2423 96457 9539 3437 2838 1184 6102 5337 2620 2717 127501 113464 3796 3243 109668 71160 38508 14037 5867 4986 8170 1808 7304 5624 5101 1408
internal_count=237104 107180 97641 129924 2423 96457 9539 3437 2838 1184 6102 5337 2620 2717 127501 113464 3796 3243 109668 71160 38508 14037 5867 4986 8170 1808 7304 5624 5101 1408
is_linear=0
shrinkage=0.03


Tree=278
num_leaves=31
num_cat=0
split_feature=35 8 35 8 9 8 8 35 39 39 12 19 3 39 39 38 3 21 38 44 6 8 4 2 6 8 37 35 4 8
split_gain=2797.04 380.568 43.9483 28.5667 22.5907 11.1951 7.6808 8.29815 7.01947 13.2588 6.88694 6.11374 6.02098 6.08653 27.6851 16.3002 11.6411 11.0056 26.1717 17.1611 5.51517 5.08082 5.18445 4.97911 7.32053 4.30418 3.79141 2.70749 3.6924 2.20728
threshold=955.00000000000011 0.49999999999999739 935.00000000000011 0.49999999999999739 45.000000000000007 0.60000000000000064 0.29999999999999943 1305.0000000000002 0.063390085881955341 0.53312596302726967 -0.01666666666666675 0.25000000000000006 27.050000000000004 -0.8611288361322974 -0.95242240592625282 0.12545942051955489 24.850000000000005 23.500000000000004 0.99374995976406788 22.000000000000004 28.850000000000005 0.4000000000000013 5.9500000000000002 1008.6500000000002 25.350000000000005 0.85000000000000153 -0.24999999999999994 1175.0000000000002 3.1000000000000005 1.0999999999999963
decision_type=2 2 2 2 2 2 2 2 2 2 2 2 2 2 2 2 2 2 2 2 2 2 2 2 2 2 2 2 2 2
left_child=2 6 12 26 10 27 8 21 23 -10 -3 -11 13 14 15 -1 -16 19 -19 -15 -14 22 -8 24 -2 -5 -4 28 -6 -7
right_child=1 4 3 25 5 29 7 -9 9 11 -12 -13 20 17 16 -17 -18 18 -20 -21 -22 -23 -24 -25 -26 -27 -28 -29 -30 -31
leaf_value=0.00021799382546726769 0.00092187062234520465 -8.6417421093048065e-06 0.00135447430823727 -1.1348432382469031e-05 -1.1348432382469031e-05 -1.1348432382469031e-05 -1.4659445750405094e-05 7.1020453886348503e-05 0.001456889271183436 -0.00079139454665972232 -7.4332584856470185e-06 0.00027099501162072728 -0.003511532674519955 5.3540940142312483e-05 0.0069509229148572819 -0.0035289875922173935 0.0022224550786880113 -0.00025398813156776208 -0.010439541699858579 -0.007825712613839228 0.00011902138177507666 -1.8868942527731311e-05 3.7071396737628438e-05 -0.0010791293456768115 -0.00065228542641992883 -1.1348432382469031e-05 -4.1168369250691821e-05 -1.1348432382469031e-05 -1.1348432382469031e-05 -1.1348432382469031e-05
leaf_weight=7729 511 533 645 1112 549 10311 1522 506 933 1273 528 676 907 67418 2126 3487 6539 36890 714 784 573 585 576 934 1210 1579 1046 835 1253 82768
leaf_count=7729 511 533 645 1112 549 10311 1522 506 933 1273 528 676 907 67418 2126 3487 6539 36890 714 784 573 585 576 934 1210 1579 1046 835 1253 82768
internal_value=-0.00312321 -0.00676198 -0.000204845 -0.00315807 -0.007303 -0.00735128 -0.000761343 0.000411313 -0.00143663 -0.000410888 -0.00294214 -0.0018183 -0.000103032 -8.06156e-05 0.000400971 -0.000582992 0.00167445 -0.000171112 -0.000583152 5.60818e-05 -0.00200405 -0.00025419 0.000435714 -0.00254893 -0.0015888 -0.00507705 -0.00010189 -0.00541398 -0.00474778 -0.00740605
internal_weight=237052 105503 131549 4382 96777 95716 8726 3189 5537 2882 1061 1949 127167 125687 19881 11216 8665 105806 37604 68202 1480 2683 2098 2655 1721 2691 1691 2637 1802 93079
internal_count=237052 105503 131549 4382 96777 95716 8726 3189 5537 2882 1061 1949 127167 125687 19881 11216 8665 105806 37604 68202 1480 2683 2098 2655 1721 2691 1691 2637 1802 93079
is_linear=0
shrinkage=0.03


Tree=279
num_leaves=30
num_cat=0
split_feature=25 8 9 25 8 8 10 8 25 24 29 35 7 22 3 7 21 24 23 38 24 8 7 39 28 5 8 15 5
split_gain=2824.7 419.332 28.1335 20.561 14.824 10.6226 9.01831 6.60888 9.63577 8.71523 6.39359 6.45858 6.77985 9.83369 5.95061 5.7814 5.74974 5.19823 6.21778 5.00991 4.71581 4.1159 2.47914 6.90527 2.42911 3.45961 1.75637 1.13704 1.08082
threshold=1690.5000000000002 0.49999999999999739 45.000000000000007 1680.5000000000002 0.79999999999999993 0.69999999999999762 -0.50000000000000255 0.29999999999999943 2009.5000000000002 1.2000000000000013 1.2250000000000003 925.00000000000011 4.6999999999999984 34.500000000000007 21.150000000000002 0.89999999999999913 22.500000000000004 -0.84999999999999953 4.5000000000000009 0.074116354202380205 4.2500000000000009 0.40000000000000396 2.0999999999999992 -0.87810534180523914 27.500000000000004 19.150000000000002 0.39999999999999908 0.18708286933871773 14.65
decision_type=2 2 2 2 2 2 2 2 2 2 2 2 2 2 2 2 2 2 2 2 2 2 2 2 2 2 2 2 2
left_child=3 7 6 10 26 24 -3 15 9 14 20 12 13 -12 -9 -2 27 -17 -19 -18 -1 -14 23 -7 25 -4 -5 -13 -24
right_child=1 2 5 4 -6 22 -8 8 -10 -11 11 16 21 -15 -16 17 19 18 -20 -21 -22 -23 28 -25 -26 -27 -28 -29 -30
leaf_value=0.00090611859045634194 -0.0011239372117901364 -8.3824898460256605e-06 -1.100797941099496e-05 -1.4627451141164367e-05 -1.100797941099496e-05 -1.100797941099496e-05 -5.199713915132964e-06 3.4806790225682421e-05 6.2375204163012625e-05 -0.00021740159893378949 -5.8753346860855317e-05 2.3335379938109466e-05 -0.0011258989965321293 0.0067161547699732833 -1.1207986115534662e-05 -0.00058961024102781269 6.8396654515316593e-05 -3.8476369620226572e-05 -0.00093752705426671835 0.00034633359328925344 0.0074303029114412573 -3.196410369212207e-06 -1.100797941099496e-05 -1.100797941099496e-05 -1.100797941099496e-05 -1.100797941099496e-05 -4.609757944977211e-05 -3.2347541049162565e-05 -1.100797941099496e-05
leaf_weight=852 589 585 602 816 893 502 630 975 669 956 109303 691 8854 582 836 577 884 3697 1257 508 657 4491 826 5308 706 2728 503 519 85812
leaf_count=852 589 585 602 816 893 502 630 975 669 956 109303 691 8854 582 836 577 884 3697 1257 508 657 4491 826 5308 706 2728 503 519 85812
internal_value=-0.00310958 -0.00671054 -0.00729719 -0.000128343 -0.00299458 -0.00735433 -0.00275472 -0.000712492 0.000340314 -0.000441495 -7.85084e-05 -0.000101801 -0.000133042 -5.54888e-05 0.000781853 -0.0013035 0.00137673 -0.00100172 -0.000687046 0.0026901 0.00186135 -0.000771522 -0.00742034 -0.00680575 -0.00583952 -0.00618097 -0.000970855 -0.000136139 -0.00746139
internal_weight=236808 107255 97699 129553 2212 96484 1215 9556 3436 2767 127341 125832 123230 109885 1811 6120 2602 5531 4954 1392 1509 13345 92448 5810 4036 3330 1319 1210 86638
internal_count=236808 107255 97699 129553 2212 96484 1215 9556 3436 2767 127341 125832 123230 109885 1811 6120 2602 5531 4954 1392 1509 13345 92448 5810 4036 3330 1319 1210 86638
is_linear=0
shrinkage=0.03


Tree=280
num_leaves=31
num_cat=0
split_feature=25 8 9 25 8 8 8 32 38 6 23 39 39 6 36 6 36 22 39 23 25 8 7 10 35 31 20 2 4 35
split_gain=2836.4 411.058 24.977 20.7314 19.5175 11.0561 7.48545 7.30185 30.8894 25.4941 16.372 15.0093 13.1397 10.2108 8.78574 18.6008 31.9776 16.1524 16.2097 13.4972 6.88793 7.17642 6.56763 6.39996 5.03085 5.80578 8.2537 6.84321 3.49161 5.88446
threshold=1699.5000000000002 0.49999999999999739 45.000000000000007 1680.5000000000002 0.75000000000000011 0.70000000000000029 0.29999999999999943 12.500000000000002 -0.54220184589352438 27.750000000000004 5.5000000000000009 -0.6523320455745395 -0.90161545992537195 27.150000000000002 -0.24999999999999994 25.150000000000002 0.68301270189221941 21.500000000000004 0.56191161272202661 3.5000000000000004 2009.5000000000002 0.39999999999999908 2.3500000000000001 -0.50000000000000255 1355.0000000000002 23.408333333333335 0.19999999999998866 1012.35 2.0999999999999992 1165.0000000000002
decision_type=2 2 2 2 2 2 2 2 2 2 2 2 2 2 2 2 2 2 2 2 2 2 2 2 2 2 2 2 2 2
left_child=3 6 23 7 -5 28 24 8 10 11 13 -10 -11 -1 17 19 -17 -9 -19 -16 21 22 -8 -3 25 26 -2 -27 29 -4
right_child=1 2 5 4 -6 -7 20 14 9 12 -12 -13 -14 -15 15 16 -18 18 -20 -21 -22 -23 -24 -25 -26 27 -28 -29 -30 -31
leaf_value=0.003775422938058842 -0.00070719108101927985 -8.1307722231430409e-06 -1.067774002866511e-05 -1.8464177226304932e-05 -1.067774002866511e-05 -1.067774002866511e-05 -8.3104989315281399e-05 0.0069527780149274167 -0.0042733441924703141 0.0076577057182053831 -0.010206014637499717 0.0036735749367949877 0.013032769549039008 -0.004397573615571547 -0.00045095941580890718 -0.00073655162663385679 -0.0078812837940712768 0.00032790811961454306 -0.00027400601768855779 9.8930953863959136e-05 6.0503948038122242e-05 -1.9805196282669542e-05 3.2874278326191159e-05 -8.8799715678099054e-06 -0.00060001366615743156 0.0024290176847361852 0.00026228483406239358 -0.00066286756770464234 -1.067774002866511e-05 -1.067774002866511e-05
leaf_weight=1315 3092 583 577 1389 1014 90692 867 699 898 883 764 3200 583 1614 14988 14457 1775 36594 7570 41987 669 641 1248 628 566 773 991 695 4253 701
leaf_count=1315 3092 583 577 1389 1014 90692 867 699 898 883 764 3200 583 1614 14988 14457 1775 36594 7570 41987 669 641 1248 628 566 773 991 695 4253 701
internal_value=-0.0031011 -0.00671746 -0.00729941 -0.000118976 -0.00287838 -0.00735331 -0.000774832 -6.68544e-05 0.000744411 0.00215595 -0.00138227 0.000940244 0.00554837 -0.000360798 -0.000130471 -0.000333053 -0.0012289 0.0002001 0.000128379 -7.77945e-05 0.000347972 -0.000315446 0.00052787 -0.00301113 -0.00140342 -0.00112777 -0.0017093 0.000489796 -0.00604419 -0.00465234
internal_weight=236706 106976 97434 129730 2403 96223 9542 127327 9257 5564 3693 4098 1466 2929 118070 73207 16232 44863 44164 56975 3425 2756 2115 1211 6117 5551 4083 1468 5531 1278
internal_count=236706 106976 97434 129730 2403 96223 9542 127327 9257 5564 3693 4098 1466 2929 118070 73207 16232 44863 44164 56975 3425 2756 2115 1211 6117 5551 4083 1468 5531 1278
is_linear=0
shrinkage=0.03


Tree=281
num_leaves=31
num_cat=0
split_feature=25 8 9 25 8 8 10 35 37 38 1 29 24 39 38 39 37 3 24 39 22 24 3 8 3 31 27 7 39 22
split_gain=2832.5 427.047 27.1063 16.4419 15.9782 11.9794 8.68225 6.93018 12.8015 16.0875 10.9404 10.8754 9.46994 10.5261 21.0038 13.783 6.70027 6.62773 6.45739 5.79324 10.3236 9.96098 9.0401 6.44052 5.52737 4.96462 3.15805 3.12755 8.83008 2.35535
threshold=1690.5000000000002 0.49999999999999739 45.000000000000007 1680.5000000000002 0.79999999999999993 0.60000000000000064 -0.50000000000000255 845.00000000000011 0.6830127018922193 -0.108376950152639 92.500000000000014 13.100000000000001 -0.74999999999999989 0.99445195900249039 0.074116354202380205 0.5475998096715059 0.93301270189221952 21.750000000000004 2.8500000000000001 0.063390085881955341 27.500000000000004 1.9500000000000004 15.450000000000001 0.30000000000000254 24.850000000000005 19.519230769230774 15.550000000000002 2.0999999999999992 -0.92272482904738262 20.500000000000004
decision_type=2 2 2 2 2 2 2 2 2 2 2 2 2 2 2 2 2 2 2 2 2 2 2 2 2 2 2 2 2 2
left_child=3 18 6 7 -5 26 -3 12 10 11 17 -10 16 15 -15 -14 24 -9 19 20 -2 22 -21 -22 -1 -11 29 28 -7 -4
right_child=1 2 5 4 -6 27 -8 8 9 25 -12 -13 13 14 -16 -17 -18 -19 -20 21 23 -23 -24 -25 -26 -27 -28 -29 -30 -31
leaf_value=-0.00041930995084599128 -0.00029473948438070262 -7.9241601416030227e-06 -1.0328178199233652e-05 -2.2381935118968992e-05 -1.0357407827805158e-05 -1.0357407827805158e-05 -5.4642492641644016e-06 -7.6808442463325338e-05 0.0001801087087896327 -6.579672326649939e-05 0.0007160621173768468 0.00043210441912274459 0.00016821190188233913 0.00092743038117567558 0.010713090886772945 -0.0011357228348581104 -0.0029978273280811527 5.8354738672012938e-05 -0.00095795892180780822 -0.00011554262375569453 -0.00016436997422374864 0.0029331814928761431 4.2844333775348457e-05 3.5452263776296634e-05 -0.0051002436798270627 0.00019631727205659096 -1.0357407827805158e-05 -1.0357407827805158e-05 -1.0357407827805158e-05 -1.0357407827805158e-05
leaf_weight=3228 938 567 529 1330 877 507 625 5767 1802 1658 915 1088 69471 3006 536 29394 609 8313 809 1791 2368 546 2284 771 1095 587 654 87353 5731 1556
leaf_count=3228 938 567 529 1330 877 507 625 5767 1802 1658 915 1088 69471 3006 536 29394 609 8313 809 1791 2368 546 2284 771 1095 587 654 87353 5731 1556
internal_value=-0.00308739 -0.00669962 -0.00729128 -0.000105955 -0.00267202 -0.00734694 -0.00278894 -6.14846e-05 0.000449285 0.00174178 6.5013e-06 0.00322095 -0.000157279 -9.54262e-05 0.001511 -0.000153009 -0.00144102 -0.000200256 -0.000630192 -0.000391379 -0.00121537 0.000335821 -0.000174761 -0.000389207 -0.00102486 -0.000163551 -0.00538216 -0.00740432 -0.00674279 -0.00595472
internal_weight=236705 107029 97522 129676 2207 96330 1192 127469 20130 5135 14995 2890 107339 102407 3542 98865 4932 14080 9507 8698 4077 4621 4075 3139 4323 2245 2739 93591 6238 2085
internal_count=236705 107029 97522 129676 2207 96330 1192 127469 20130 5135 14995 2890 107339 102407 3542 98865 4932 14080 9507 8698 4077 4621 4075 3139 4323 2245 2739 93591 6238 2085
is_linear=0
shrinkage=0.03


Tree=282
num_leaves=31
num_cat=0
split_feature=25 8 9 25 8 8 1 39 24 44 39 32 10 8 25 24 35 6 2 5 38 3 9 4 25 6 25 4 8 11
split_gain=2823.75 432.797 26.6005 19.1738 15.6071 11.5283 6.79972 8.64856 6.42113 7.3962 7.65869 6.83735 6.16997 6.03755 10.818 8.24219 5.20695 4.68469 9.86714 8.01682 4.56636 4.3555 3.88183 3.05536 6.03129 1.86183 1.60013 1.58672 3.10215 1.56647
threshold=1690.5000000000002 0.40000000000000396 45.000000000000007 1680.5000000000002 0.70000000000000207 0.70000000000000029 96.500000000000014 -0.20180761162458913 -1.6000000000000003 13359.500000000002 -0.86974577485258975 35.500000000000007 -0.54999999999999882 0.29999999999999943 2050.5000000000005 1.2000000000000013 1355.0000000000002 17.550000000000004 1004.2500000000001 18.150000000000002 0.51297097409535064 21.250000000000004 25.000000000000004 1.8499999999999999 1939.5000000000002 15.550000000000002 1820.5000000000002 1.8999999999999992 1.6999999999999977 0.14999999999999861
decision_type=2 2 2 2 2 2 2 2 2 2 2 2 2 2 2 2 2 2 2 2 2 2 2 2 2 2 2 2 2 2
left_child=3 13 12 6 29 23 8 20 11 10 -10 22 -3 16 15 21 17 19 -19 -2 -8 -15 -1 24 -4 -25 -17 28 -7 -5
right_child=1 2 5 4 -6 27 7 -9 9 -11 -12 -13 -14 14 -16 26 -18 18 -20 -21 -22 -23 -24 25 -26 -27 -28 -29 -30 -31
leaf_value=-0.0019145404143807217 -0.00062008847472891978 -7.6475990000023531e-06 -1.0046685592971002e-05 -4.3489268695920727e-05 -1.0046685592971002e-05 -1.0046685592971002e-05 -0.0035151789314478046 0.0032386859572037284 0.0010388333437365959 -0.0038855208108385065 -3.8990777526077354e-05 0.0002430223689317001 -9.1219166745626399e-06 2.7375935525796582e-05 7.3899463779417883e-05 -0.00032437596655586086 -0.00054414574074251854 0.00083683347819161157 -0.00060050487123612737 0.0020522215423517919 -0.009280086222770741 -6.6153037988959792e-06 -2.1187055036710709e-05 -1.0046685592971002e-05 -1.0046685592971002e-05 -1.0046685592971002e-05 -0.00010319101326680898 -1.0046685592971002e-05 -1.0046685592971002e-05 0.00033979718943276269
leaf_weight=1651 837 563 519 727 931 3154 1111 622 18337 824 102864 537 639 1034 520 553 558 1044 3051 652 632 817 1389 532 561 4048 525 80513 6916 509
leaf_count=1651 837 563 519 727 931 3154 1111 622 18337 824 102864 537 639 1034 520 553 558 1044 3051 652 632 817 1389 532 561 4048 525 80513 6916 509
internal_value=-0.00308668 -0.00669603 -0.0072945 -0.000117915 -0.00291494 -0.00734991 -7.05054e-05 -0.0016635 -4.04844e-05 -3.74917e-06 1.55318e-05 -0.00129296 -0.00285299 -0.000615292 0.000389018 -0.000319857 -0.0011792 -0.000902256 -0.00142604 0.000538229 -0.00274642 0.000894495 -0.00184418 -0.00602967 -0.00457486 -0.00637058 -0.00240278 -0.00743227 -0.00706364 -0.000702746
internal_weight=237170 107036 97445 130134 2167 96243 127967 2365 125602 122025 121201 3577 1202 9591 3449 2929 6142 5584 4095 1489 1743 1851 3040 5660 1080 4580 1078 90583 10070 1236
internal_count=237170 107036 97445 130134 2167 96243 127967 2365 125602 122025 121201 3577 1202 9591 3449 2929 6142 5584 4095 1489 1743 1851 3040 5660 1080 4580 1078 90583 10070 1236
is_linear=0
shrinkage=0.03


Tree=283
num_leaves=31
num_cat=0
split_feature=25 8 9 25 8 8 10 24 35 9 38 20 4 8 2 7 6 39 3 8 25 24 7 8 27 19 4 25 30 24
split_gain=2847.16 436.882 28.059 15.8035 18.2904 11.1181 7.90864 6.59214 6.65291 10.6763 13.0982 11.2961 9.70128 9.62848 6.5003 5.39348 7.20302 6.1405 5.64841 5.08649 8.40639 6.60516 5.23667 4.8558 4.76001 4.24369 3.483 5.78148 2.95369 2.6332
threshold=1690.5000000000002 0.49999999999999739 45.000000000000007 1680.5000000000002 0.75000000000000011 0.70000000000000029 -0.54999999999999882 -0.39999999999999941 825.00000000000011 85.000000000000014 0.49812943072827093 -2.4000000000000337 1.7999999999999983 0.5999999999999962 1017.4500000000002 2.5000000000000009 27.150000000000002 0.99530134160901229 25.150000000000002 0.25000000000000006 2019.5000000000002 -0.29999999999999888 0.89999999999999913 0.14999999999999861 12.633333333333335 0.25000000000000006 2.0000000000000013 1939.5000000000002 13.500000000000002 0.10000000000000055
decision_type=2 2 2 2 2 2 2 2 2 2 2 2 2 2 2 2 2 2 2 2 2 2 2 2 2 2 2 2 2 2
left_child=3 19 6 7 29 26 -3 15 9 11 -11 -9 13 -10 -14 24 17 -17 -18 22 21 -21 -2 25 -1 -24 27 -4 -23 -5
right_child=1 2 5 4 -6 -7 -8 8 12 10 -12 -13 14 -15 -16 16 18 -19 -20 20 -22 28 23 -25 -26 -27 -28 -29 -30 -31
leaf_value=-0.003033699354596112 -0.00096548205865128059 -7.4292062491155455e-06 -9.7452850251818731e-06 -4.7025414081512498e-05 -9.7452850251818731e-06 -9.7452850251818731e-06 -6.8524373637549443e-06 -0.003006682755304471 0.0060092076534244698 -0.00022534984922133126 -0.0050934708852433024 0.00019322977053905065 0.00013269755123582216 9.439231596062107e-05 -0.00012199107818646248 1.685758720372479e-05 -1.9583720788517829e-05 -0.00018639222024438489 -0.00080292841689635669 2.311729133767794e-05 6.2252784364503415e-05 -2.9179017560223295e-06 -0.0004508573041930736 -0.0008745261230280678 -0.00011099537979382049 0.00059275744061396466 -9.7452850251818731e-06 -9.7452850251818731e-06 -7.0658833098894463e-05 0.0002349285069322507
leaf_weight=649 567 558 633 611 921 90923 659 1313 783 5464 3565 86811 11613 1012 2610 9049 1215 591 1672 899 729 1163 2427 1582 787 1013 4371 650 1184 665
leaf_count=649 567 558 633 611 921 90923 659 1313 783 5464 3565 86811 11613 1012 2610 9049 1215 591 1672 899 729 1163 2427 1582 787 1013 4371 650 1184 665
internal_value=-0.00308545 -0.00669677 -0.00729524 -8.76226e-05 -0.00260914 -0.0073523 -0.00276251 -4.4008e-05 3.1876e-05 -6.15254e-05 -0.0010439 3.91485e-05 0.000598315 0.00267529 0.000335852 -0.000658969 -0.000459135 -6.53391e-05 -0.0017731 -0.000577044 0.000243274 -0.000411022 -0.00116035 -0.000850916 -0.00239917 -0.000217897 -0.00605463 -0.00466342 -0.0012484 -0.00028169
internal_weight=236689 107358 97794 129331 2197 96577 1217 127134 113171 97153 9029 88124 16018 1795 14223 13963 12527 9640 2887 9564 3975 3246 5589 5022 1436 3440 5654 1283 2347 1276
internal_count=236689 107358 97794 129331 2197 96577 1217 127134 113171 97153 9029 88124 16018 1795 14223 13963 12527 9640 2887 9564 3975 3246 5589 5022 1436 3440 5654 1283 2347 1276
is_linear=0
shrinkage=0.03


Tree=284
num_leaves=31
num_cat=0
split_feature=25 8 9 25 8 11 8 33 6 9 6 21 21 8 25 7 19 3 4 32 7 3 25 12 1 28 6 11 38 7
split_gain=2836.04 429.07 27.2348 20.3589 18.3354 14.2762 8.18141 7.18603 7.25391 6.46058 6.08807 12.6963 9.74973 5.32752 8.2343 6.66742 5.19986 7.7368 4.59684 4.41303 4.25379 5.25005 4.09413 4.05674 3.80604 3.78641 3.88528 2.82551 2.24833 2.24077
threshold=1699.5000000000002 0.49999999999999739 55.000000000000007 1680.5000000000002 0.79999999999999816 -0.19999999999999971 0.70000000000000029 1.8947368421052648 9.4500000000000011 125.00000000000001 14.450000000000001 14.500000000000002 12.500000000000002 0.29999999999999943 2050.5000000000005 0.89999999999999913 0.25000000000000006 17.050000000000004 7.6499999999999995 19.500000000000004 2.3500000000000001 20.850000000000005 1540.5000000000002 -0.013333333333333463 60.500000000000007 28.500000000000004 15.550000000000002 0.14999999999999861 0.52766072109828632 2.0999999999999992
decision_type=2 2 2 2 2 2 2 2 2 2 2 2 2 2 2 2 2 2 2 2 2 2 2 2 2 2 2 2 2 2
left_child=3 13 5 7 -5 23 25 8 -1 18 12 -12 -10 15 20 -2 24 -18 19 -9 28 -22 -11 -3 -17 26 -4 -20 -15 -8
right_child=1 2 6 4 -6 -7 29 9 10 22 11 -13 -14 14 -16 16 17 -19 27 -21 21 -23 -24 -25 -26 -27 -28 -29 -30 -31
leaf_value=0.0057793345115742028 -0.0011351683977893162 -9.6677412939710695e-06 -9.4529264744264166e-06 -1.7311933061867584e-05 -9.4529264744264166e-06 2.4543974901042026e-06 -9.4529264744264166e-06 0.00084041965610643081 6.5980221342647378e-05 -0.00054018768231444639 0.0031420457686597825 1.2728648736171274e-05 -0.0021594617360091925 -6.5413710568712579e-06 7.0639637529843261e-05 -0.00088465563098832738 0.0019480360684956588 -0.00028037418802429065 -2.8533587886130306e-05 -0.00067742965113849372 2.8824567903916182e-05 -1.0095988579060305e-05 0.00030831663194545998 -8.1031119539867189e-06 -0.00027844688918445806 -9.4529264744264166e-06 -9.4529264744264166e-06 -0.0032144012313498438 -0.00022602035239580693 -9.4529264744264166e-06
leaf_weight=783 584 733 522 1406 969 521 5183 3638 3612 835 2173 97605 2192 676 520 539 565 1037 736 12923 745 889 720 524 3384 798 4039 2313 574 85161
leaf_count=783 584 733 522 1406 969 521 5183 3638 3612 835 2173 97605 2192 676 520 539 565 1037 736 12923 745 889 720 524 3384 798 4039 2313 574 85161
internal_value=-0.00308987 -0.00670665 -0.00730012 -0.000110906 -0.0028618 -0.00361517 -0.0073685 -5.96321e-05 4.08256e-05 -0.00056444 1.94632e-05 7.44137e-05 -0.000924905 -0.000625066 0.000325895 -0.00115488 -0.000831826 0.000607855 -0.000712064 -0.000514852 -0.000301455 0.00070599 0.00129576 -0.00534353 -0.00141975 -0.00622132 -0.00655654 -0.0017822 -0.00161741 -0.00743641
internal_weight=236899 106994 97481 129905 2375 1778 95703 127530 106365 21165 105582 99778 5804 9513 3404 6109 5525 1602 19610 16561 2884 1634 1555 1257 3923 5359 4561 3049 1250 90344
internal_count=236899 106994 97481 129905 2375 1778 95703 127530 106365 21165 105582 99778 5804 9513 3404 6109 5525 1602 19610 16561 2884 1634 1555 1257 3923 5359 4561 3049 1250 90344
is_linear=0
shrinkage=0.03


Tree=285
num_leaves=31
num_cat=0
split_feature=25 9 7 11 25 9 9 11 23 1 9 39 9 11 1 37 9 6 38 39 39 39 25 21 24 7 5 0 15 0
split_gain=2810.07 206.945 47.2525 20.028 18.3087 12.5543 11.2043 19.0778 8.95806 8.72217 8.3283 7.75689 7.2782 9.90544 5.93419 9.32653 5.80867 5.79832 18.8421 16.9088 12.8696 13.227 12.3858 11.4251 5.29015 5.0063 4.53538 8.06835 3.87138 3.71137
threshold=1690.5000000000002 55.000000000000007 2.0999999999999992 -0.49999999999999906 1680.5000000000002 245.00000000000003 115.00000000000001 -0.40000000000000119 3.5000000000000004 90.500000000000014 75.000000000000014 -0.93543596745397617 35.000000000000007 0.099999999999996106 97.500000000000014 -0.68301270189221952 75.000000000000014 28.250000000000004 -0.13398594226331254 -0.85225707553516283 -0.86974577485258975 -0.95242240592625282 1629.5000000000002 27.500000000000004 0.60000000000000064 0.95000000000000029 18.550000000000004 16.950000000000003 0.154919333848306 18.850000000000005
decision_type=2 2 2 2 2 2 2 2 2 2 2 2 2 2 2 2 2 2 2 2 2 2 2 2 2 2 2 2 2 2
left_child=4 3 5 -2 14 8 7 -4 9 -3 -6 -7 13 28 17 -16 -9 20 19 -19 21 -1 -20 -22 -14 -13 27 -8 -5 -15
right_child=1 2 6 12 10 11 26 16 -10 -11 -12 25 24 29 15 -17 -18 18 22 -21 23 -23 -24 -25 -26 -27 -28 -29 -30 -31
leaf_value=5.9745412316137997e-05 -9.2002726954629107e-06 -9.1693386801936226e-06 -9.1693386801936226e-06 -0.00047771927503718187 -9.3181267928156381e-06 -9.1693386801936226e-06 -9.1693386801936226e-06 -6.5727469743914725e-06 -9.1693386801936226e-06 0.00021966231989475822 -9.1693386801936226e-06 -9.1693386801936226e-06 2.1645461608530199e-05 0.0014141395063440143 -0.0081195897958360082 0.0026129124210718092 -9.1693386801936226e-06 0.0028113971745723858 -0.0053517451769035957 -0.00073588310662465962 -5.7690331426194999e-05 0.0045874282150510527 0.00024393283571946369 0.0023442703896560733 -2.7805494813268679e-05 -9.1693386801936226e-06 -9.1693386801936226e-06 -9.1693386801936226e-06 -0.00015441505638651647 -0.00020145795305059604
leaf_weight=6113 870 1248 3920 1099 1070 510 4080 634 1171 611 1124 520 734 506 781 503 1957 4329 5182 5027 94974 5031 514 5041 517 5742 79391 520 503 2573
leaf_count=6113 870 1248 3920 1099 1070 510 4080 634 1171 611 1124 520 734 506 781 503 1957 4329 5182 5027 94974 5031 514 5041 517 5742 79391 520 503 2573
internal_value=-0.00308869 -0.00668479 -0.00702819 -0.00162037 -0.000118725 -0.00504743 -0.00724261 -0.00603754 -0.00343832 -0.00213998 -0.0028347 -0.00576616 -0.000995956 -0.00153908 -7.19429e-05 -0.00209953 -0.0040349 -5.12824e-05 -0.000603826 0.000224407 2.35469e-05 0.00099049 -0.00196385 -8.42107e-05 0.00103551 -0.00605603 -0.00733588 -0.00640808 -0.00345075 -0.000542843
internal_weight=236795 107106 100304 6802 129689 9802 90502 6511 3030 1859 2194 6772 5932 4681 127495 1284 2591 126211 15052 9356 111159 11144 5696 100015 1251 6262 83991 4600 1602 3079
internal_count=236795 107106 100304 6802 129689 9802 90502 6511 3030 1859 2194 6772 5932 4681 127495 1284 2591 126211 15052 9356 111159 11144 5696 100015 1251 6262 83991 4600 1602 3079
is_linear=0
shrinkage=0.03


Tree=286
num_leaves=31
num_cat=0
split_feature=25 8 9 25 8 13 8 8 24 35 32 31 4 25 7 1 1 39 7 25 39 24 2 6 23 10 4 35 20 5
split_gain=2846.56 433.804 24.8132 17.4567 16.8014 11.5245 9.60636 7.37493 8.70286 7.08241 13.7837 8.98464 10.3348 9.39091 22.2997 10.4622 8.51513 7.94916 7.10568 5.81047 5.62887 5.03817 5.30454 6.6241 4.73719 4.20452 3.43198 5.53358 2.91761 2.87565
threshold=1690.5000000000002 0.40000000000000396 55.000000000000007 1680.5000000000002 0.79999999999999993 -0.0033333333333333283 0.70000000000000029 0.25000000000000006 1.4500000000000004 845.00000000000011 52.500000000000007 34.519230769230781 1.8999999999999992 1330.5000000000002 1.2 95.500000000000014 91.500000000000014 0.59003219687534991 2.0999999999999992 1950.5000000000002 0.69521084835931835 -0.65000000000000024 1004.5500000000001 17.550000000000004 3.5000000000000004 -0.40000000000000385 2.0999999999999992 1165.0000000000002 1.0000000180025095e-35 19.050000000000004
decision_type=2 2 2 2 2 2 2 2 2 2 2 2 2 2 2 2 2 2 2 2 2 2 2 2 2 2 2 2 2 2
left_child=3 7 5 9 -5 25 26 21 19 11 16 13 -13 15 -15 -1 17 -11 -18 20 -9 -2 -23 -24 -14 -3 27 -4 -10 -28
right_child=1 2 6 4 -6 -7 -8 8 28 10 -12 12 24 14 -16 -17 18 -19 -20 -21 -22 22 23 -25 -26 -27 29 -29 -30 -31
leaf_value=0.00075466353594276113 -0.00082092303322920486 -9.1017008742880514e-06 -8.8942585197878149e-06 -2.9260059193415141e-05 -8.8942585197878149e-06 -6.7507018110610246e-07 -8.8942585197878149e-06 -3.1349377043130856e-06 -0.00036844113476680601 -2.237600157583313e-05 0.00050721983813404171 0.001609088252965478 -0.0016355683010768072 -0.0047944018785472994 -0.00020853365231813888 -0.0081415066429206887 0.0028103870384849415 9.5866810006668246e-05 3.9645868127290687e-05 7.0068103755523102e-05 4.7684434615041147e-05 0.00075050125419551142 0.00016315631076787795 -0.00083356717167221964 -0.0078701500476844322 -7.7449925434399973e-06 -8.8942585197878149e-06 -8.8942585197878149e-06 -2.9348626955236772e-06 -8.8942585197878149e-06
leaf_weight=46526 662 785 559 1306 878 525 90177 1438 632 12596 558 1097 1278 7088 47564 2255 555 5920 503 521 677 985 1331 2668 1371 511 765 707 587 3380
leaf_count=46526 662 785 559 1306 878 525 90177 1438 632 12596 558 1097 1278 7088 47564 2255 555 5920 503 521 677 985 1331 2668 1371 511 765 707 587 3380
internal_value=-0.00307773 -0.0067007 -0.00729751 -8.6585e-05 -0.00274474 -0.003822 -0.00736364 -0.000581658 0.000429738 -4.09424e-05 0.000475315 -0.000137921 -0.00158084 -8.56335e-05 -0.000355692 0.00021693 0.000342511 0.000192785 0.00295755 0.00139879 0.000697922 -0.00127213 -0.000944645 -0.00143027 -0.0025943 -0.00533898 -0.0061283 -0.00474369 -0.00166462 -0.00654871
internal_weight=236405 106910 97409 129495 2184 1821 95588 9501 3855 127311 20132 107179 3746 103433 54652 48781 19574 18516 1058 2636 2115 5646 4984 3999 2649 1296 5411 1266 1219 4145
internal_count=236405 106910 97409 129495 2184 1821 95588 9501 3855 127311 20132 107179 3746 103433 54652 48781 19574 18516 1058 2636 2115 5646 4984 3999 2649 1296 5411 1266 1219 4145
is_linear=0
shrinkage=0.03


Tree=287
num_leaves=31
num_cat=0
split_feature=25 8 9 25 8 8 35 32 44 32 38 24 24 3 10 39 8 3 20 39 38 35 1 9 5 29 7 39 5 5
split_gain=2838.21 442.804 25.2504 17.122 15.8064 12.1116 6.57507 9.48741 8.46292 8.14752 23.3985 13.7916 6.04439 5.67569 5.6658 4.99822 4.92252 6.40169 6.6561 5.66942 9.12964 8.72015 4.77631 6.2445 4.45092 2.78436 2.61819 7.24079 2.4675 1.49326
threshold=1690.5000000000002 0.49999999999999739 45.000000000000007 1680.5000000000002 0.8000000000000026 0.69999999999999762 885.00000000000011 36.500000000000007 11990.000000000002 33.500000000000007 -0.88622299073327826 -1.45 2.8500000000000001 19.050000000000004 -0.54999999999999882 0.5475998096715059 0.30000000000000254 16.050000000000004 -0.44999999999998858 0.063390085881955341 -0.83377653105606597 965.00000000000011 83.500000000000014 85.000000000000014 30.550000000000004 17.100000000000005 2.0999999999999992 -0.87810534180523914 19.150000000000002 14.65
decision_type=2 2 2 2 2 2 2 2 2 2 2 2 2 2 2 2 2 2 2 2 2 2 2 2 2 2 2 2 2 2
left_child=3 12 14 6 -5 25 8 13 9 11 -11 -1 16 15 -3 -8 19 -18 -19 21 -21 -2 23 -9 -15 28 27 -7 -4 -28
right_child=1 2 5 4 -6 26 7 22 -10 10 -12 -13 -14 24 -16 -17 17 18 -20 20 -22 -23 -24 -25 -26 -27 29 -29 -30 -31
leaf_value=-0.0010885087129312175 0.0015609118787368115 -6.3607131768892172e-06 -8.6274307641941806e-06 -9.4352767085886243e-06 -8.6274307641941806e-06 -8.6274307641941806e-06 -0.00017479868249357017 -2.9225799379652057e-05 -0.0063352379053322099 0.0025721050192536498 -0.0012589606902224163 0.00018342128427699592 -0.00096768776966895634 0.00013886391304438988 -8.3215804173383394e-06 3.4721615676382978e-06 -2.4744620162936936e-05 3.0596580508743885e-06 6.5147275172463854e-05 0.0021169993177027543 -4.6813731154881154e-05 -0.00029166978203765858 0.00075505618125639611 0.00014626878961163936 1.0747923457442495e-06 -8.6274307641941806e-06 -8.6274307641941806e-06 -8.6274307641941806e-06 -8.6274307641941806e-06 -8.6274307641941806e-06
leaf_weight=2213 577 570 617 1366 797 520 1122 796 933 4569 29553 78884 836 2683 626 2733 512 825 636 504 3157 2540 657 609 2814 504 825 5319 2896 85819
leaf_count=2213 577 570 617 1366 797 520 1122 796 933 4569 29553 78884 836 2683 626 2733 512 825 636 504 3157 2540 657 609 2814 504 825 5319 2896 85819
internal_value=-0.00308007 -0.00669005 -0.0072938 -9.46381e-05 -0.00274018 -0.00734752 -4.97382e-05 0.000637263 -0.000117258 -9.41886e-05 -0.000483091 6.94522e-05 -0.000537334 0.000230917 -0.00295492 -0.000651413 -0.000304181 0.00101392 0.00202495 -0.000688053 0.000112613 -0.00162793 0.0024782 0.00148721 0.0008497 -0.00572717 -0.00741777 -0.00678865 -0.00602774 -0.00746001
internal_weight=237012 107283 97696 129729 2163 96500 127566 11414 116152 115219 34122 81097 9587 9352 1196 3855 8751 1973 1461 6778 3661 3117 2062 1405 5497 4017 92483 5839 3513 86644
internal_count=237012 107283 97696 129729 2163 96500 127566 11414 116152 115219 34122 81097 9587 9352 1196 3855 8751 1973 1461 6778 3661 3117 2062 1405 5497 4017 92483 5839 3513 86644
is_linear=0
shrinkage=0.03


Tree=288
num_leaves=31
num_cat=0
split_feature=35 8 35 8 9 8 10 8 35 24 8 43 38 38 21 34 22 7 38 1 33 29 24 0 21 27 39 31 0 3
split_gain=2840.79 379.282 37.9647 30.8172 22.6416 12.4369 8.27841 6.66463 8.34396 6.42815 6.26736 6.21508 5.15743 12.8274 18.2409 5.784 10.8873 5.0781 4.91379 4.78786 4.48055 4.25542 4.04948 3.89998 3.54713 4.24481 3.43048 4.94988 4.58447 3.41674
threshold=955.00000000000011 0.49999999999999739 935.00000000000011 0.49999999999999739 45.000000000000007 0.70000000000000029 -0.50000000000000255 0.29999999999999943 1305.0000000000002 1.2000000000000013 0.8000000000000026 15.500000000000002 0.97508442350096236 0.98049069993378934 22.500000000000004 1.5000000000000002 23.500000000000004 0.89999999999999913 0.12545942051955489 92.500000000000014 0.80000000000000004 9.3666666666666689 -1.45 19.050000000000004 14.500000000000002 16.550000000000004 -0.84313311835787952 11.961538461538463 31.950000000000003 21.250000000000004
decision_type=2 2 2 2 2 2 2 2 2 2 2 2 2 2 2 2 2 2 2 2 2 2 2 2 2 2 2 2 2 2
left_child=2 7 11 21 6 24 -3 17 9 29 -5 20 15 -14 -15 16 -13 -2 -17 23 22 -4 -1 -19 -6 -26 27 -22 -28 -9
right_child=1 4 3 10 5 -7 -8 8 -10 -11 -12 12 13 14 -16 18 -18 19 -20 -21 26 -23 -24 -25 25 -27 28 -29 -30 -31
leaf_value=-0.00015098424575367607 -0.0012546955215259762 -6.4104274319185587e-06 0.0020178230678375739 -8.368607841268355e-06 -8.368607841268355e-06 -8.368607841268355e-06 -1.6103635144212772e-06 2.9308497452342039e-05 6.2497674534760291e-05 -0.00016579867482243235 -8.368607841268355e-06 0.0086988718589631094 0.016811938861680555 0.0029688989306369622 -0.0041928161525774119 0.00014711655608866197 -7.0802257493681058e-05 2.5613683171241563e-05 -0.00015967245509935048 0.00075693879598760273 0.0031208014552949557 -3.7249696056934979e-05 -1.7936849942823657e-05 -0.00045250155528285188 -8.368607841268355e-06 -8.368607841268355e-06 -0.0003298526503176463 -0.00053122563410976922 -0.0020755668032195478 -7.6510467653196019e-06
leaf_weight=1219 522 513 502 1084 532 90221 531 909 507 1000 1600 1046 603 3354 1061 32846 1644 1085 25574 567 1186 1187 38955 3376 4014 883 16060 2954 655 766
leaf_count=1219 522 513 502 1084 532 90221 531 909 507 1000 1600 1046 603 3354 1061 32846 1644 1085 25574 567 1186 1187 38955 3376 4014 883 16060 2954 655 766
internal_value=-0.00308852 -0.00675746 -0.000147683 -0.00289543 -0.00729818 -0.00734616 -0.00289675 -0.000769407 0.000325063 -0.000344602 -0.00489203 -5.31421e-05 0.000148344 0.00107271 0.000511094 7.2408e-05 0.00143202 -0.00139679 9.7566e-06 -0.00110338 -0.00027146 0.00027942 -8.62455e-05 -0.00143345 -0.00594504 -0.00619871 -0.000628206 0.000144858 -0.000819675 0.000791592
internal_weight=236956 105426 131530 4373 96694 95650 1044 8732 3182 2675 2684 127157 66128 5018 4415 61110 2690 5550 58420 5028 61029 1689 40174 4461 5429 4897 20855 4140 16715 1675
internal_count=236956 105426 131530 4373 96694 95650 1044 8732 3182 2675 2684 127157 66128 5018 4415 61110 2690 5550 58420 5028 61029 1689 40174 4461 5429 4897 20855 4140 16715 1675
is_linear=0
shrinkage=0.03


Tree=289
num_leaves=31
num_cat=0
split_feature=25 8 9 25 8 11 8 25 37 38 29 31 37 38 23 3 5 23 27 39 8 39 6 25 24 27 39 10 10 1
split_gain=2845.34 437.584 25.6667 15.7275 18.303 12.1362 9.93419 6.42529 13.2087 13.8133 10.6364 10.1001 9.14283 22.7387 14.7328 8.90301 15.6572 7.90552 6.72079 4.90105 5.19 7.75737 7.22716 4.70336 5.40358 4.52293 4.19666 3.6354 3.25289 2.90633
threshold=1690.5000000000002 0.40000000000000396 55.000000000000007 1680.5000000000002 0.85000000000000153 -0.19999999999999971 0.70000000000000029 1590.5000000000002 0.6830127018922193 -0.108376950152639 13.100000000000001 37.759615384615394 0.93301270189221952 -0.17647087149565668 3.5000000000000004 21.750000000000004 27.950000000000003 3.5000000000000004 25.083333333333339 0.98332250088165762 0.2999999999999981 0.85561368268953431 20.950000000000003 1999.5000000000002 0.60000000000000064 12.633333333333335 0.57605713708605399 -0.45000000000000101 1.0000000180025095e-35 90.500000000000014
decision_type=2 2 2 2 2 2 2 2 2 2 2 2 2 2 2 2 2 2 2 2 2 2 2 2 2 2 2 2 2 2
left_child=3 19 5 7 28 27 29 11 15 10 -10 12 14 -14 -1 26 -17 18 -13 20 21 22 -2 24 -22 -11 -9 -3 -5 -4
right_child=1 2 6 4 -6 -7 -8 8 9 25 -12 17 13 -15 -16 16 -18 -19 -20 -21 23 -23 -24 -25 -26 -27 -28 -29 -30 -31
leaf_value=-0.0015442659248378864 0.00025333092987415051 -8.318768689895535e-06 -8.1175496060303055e-06 -2.1636548993568529e-05 -8.1175496060303055e-06 1.3828018979596895e-07 -8.1175496060303055e-06 -9.8160137797597262e-05 0.00017200791282268518 -8.7202251619894065e-05 0.00044362633426744144 -0.0044705003478859671 -0.0031364676085324709 0.0013662182385228935 0.00035128684348435303 0.0023017056494247243 7.9824002374347633e-06 -0.011280212526372853 0.0029452598296379122 7.884907406472136e-05 1.6944100416951493e-05 -0.0010040854802052372 -0.00040032066998358512 4.7944466619847505e-05 -8.7087885409179325e-05 7.2718287899160557e-05 0.00011487540328026183 -7.1073839963252283e-06 0.00015773854733386292 -8.1175496060303055e-06
leaf_weight=18633 1700 765 4601 755 809 544 90450 4542 1733 1080 1084 506 5887 3444 77773 1230 7595 865 663 636 1116 684 3287 655 1470 1128 1396 500 642 844
leaf_count=18633 1700 765 4601 755 809 544 90450 4542 1733 1080 1084 506 5887 3444 77773 1230 7595 865 663 636 1116 684 3287 655 1470 1128 1396 500 642 844
internal_value=-0.00307991 -0.00669541 -0.00729443 -9.16065e-05 -0.0026019 -0.00374793 -0.00736126 -4.81534e-05 0.000448711 0.0017769 0.00316868 -0.00013939 -9.90883e-05 -0.000995661 -1.22915e-05 -3.55571e-06 0.000600714 -0.00223232 -0.000621264 -0.000565445 -0.000747139 -0.00129429 -0.000882441 0.000210453 -0.000365147 0 -0.000901515 -0.00535714 -0.000520014 -0.00610933
internal_weight=237017 107252 97704 129765 2206 1809 95895 127559 19788 5025 2817 107771 105737 9331 96406 14763 8825 2034 1169 9548 8912 5671 4987 3241 2586 2208 5938 1265 1397 5445
internal_count=237017 107252 97704 129765 2206 1809 95895 127559 19788 5025 2817 107771 105737 9331 96406 14763 8825 2034 1169 9548 8912 5671 4987 3241 2586 2208 5938 1265 1397 5445
is_linear=0
shrinkage=0.03


Tree=290
num_leaves=31
num_cat=0
split_feature=25 8 9 25 8 8 10 3 7 35 32 31 8 25 7 8 23 31 38 19 30 3 28 5 39 25 39 7 39 35
split_gain=2807.74 444.889 29.3332 16.4875 15.0878 13.4424 7.42475 6.75058 5.80074 6.28187 15.4563 10.769 5.19989 7.60716 5.30376 4.60684 4.32398 4.04533 6.16887 4.58679 3.7568 3.70164 3.55752 4.06566 3.28973 3.34127 2.71131 2.44202 6.99067 2.42024
threshold=1690.5000000000002 0.49999999999999739 45.000000000000007 1680.5000000000002 0.79999999999999993 0.69999999999999762 -0.54999999999999882 27.050000000000004 6.4000000000000004 825.00000000000011 54.500000000000007 37.759615384615394 0.25000000000000006 2050.5000000000005 2.3500000000000001 0.14999999999999861 4.5000000000000009 15.14835164835165 0.52766072109828632 -0.1999999999999886 15.500000000000002 20.850000000000005 27.500000000000004 19.150000000000002 0.11478523713130605 1599.5000000000002 0.70747208174348741 2.0999999999999992 -0.87810534180523914 1015.0000000000001
decision_type=2 2 2 2 2 2 2 2 2 2 2 2 2 2 2 2 2 2 2 2 2 2 2 2 2 2 2 2 2 2
left_child=3 12 6 7 -5 22 -3 8 9 11 -11 -1 15 14 20 17 -9 19 -19 -2 -14 -16 23 -4 -10 -26 29 28 -7 -17
right_child=1 2 5 4 -6 27 -8 16 24 10 -12 -13 13 -15 21 26 -18 18 -20 -21 -22 -23 -24 -25 25 -27 -28 -29 -30 -31
leaf_value=-0.00017611268940326275 7.7806130479645473e-05 -5.9685515482641353e-06 -7.8740231178493956e-06 -2.490989362051195e-05 -7.8740231178493956e-06 -7.8740231178493956e-06 -5.203612035086251e-06 -7.5919856654027028e-05 -0.0005743108891445622 4.20377764118765e-05 0.0006358152271690316 -0.0046975630048506625 -4.1293011622421822e-06 5.8843150847169363e-05 2.6199907081685017e-05 -0.00035099378995274549 -0.0032218888992749605 0.00059867117415038612 -0.00063022756521916761 -0.0011439585493346381 -0.00016564830750455251 -6.7822338060406026e-06 -7.8740231178493956e-06 -7.8740231178493956e-06 -0.0027521062765083555 8.0380156754006449e-05 -0.00081881279174073876 -7.8740231178493956e-06 -7.8740231178493956e-06 -0.00086099822569657837
leaf_weight=99077 580 565 617 1288 870 511 646 682 1029 21972 522 1969 821 566 851 530 798 1574 1015 737 610 1130 723 2678 502 761 521 86673 5251 716
leaf_count=99077 580 565 617 1288 870 511 646 682 1029 21972 522 1969 821 566 851 530 798 1574 1015 737 610 1130 723 2678 502 761 521 86673 5251 716
internal_value=-0.0030904 -0.00667856 -0.00728575 -0.000116203 -0.00271528 -0.00734402 -0.00264015 -7.21052e-05 -4.83971e-05 -2.06408e-05 0.000432744 -0.000121576 -0.000533772 0.000297739 -0.000237258 -0.00111674 -0.00208502 -0.000541198 0.000147626 -0.00189348 -0.0016277 0.000767776 -0.00563806 -0.00605778 -0.00154316 -0.00051581 -0.00238694 -0.00741805 -0.00680517 -0.0016226
internal_weight=236785 107315 97664 129470 2158 96453 1211 127312 125832 123540 22494 101046 9651 3978 3412 5673 1480 3906 2589 1317 1431 1981 4018 3295 2292 1263 1767 92435 5762 1246
internal_count=236785 107315 97664 129470 2158 96453 1211 127312 125832 123540 22494 101046 9651 3978 3412 5673 1480 3906 2589 1317 1431 1981 4018 3295 2292 1263 1767 92435 5762 1246
is_linear=0
shrinkage=0.03


Tree=291
num_leaves=31
num_cat=0
split_feature=25 8 9 25 8 8 10 7 35 1 1 31 1 8 37 8 39 39 5 9 5 23 33 28 39 39 35 30 32 5
split_gain=2833.89 447.915 26.6072 19.281 15.6488 11.6238 8.28945 6.36125 9.8718 9.68546 9.66164 11.1269 9.26925 8.56111 7.53823 5.21828 5.3049 5.28062 9.00764 4.81351 4.90829 4.73244 4.69211 3.97469 3.83183 8.15257 5.19708 3.74731 6.04759 3.59632
threshold=1690.5000000000002 0.49999999999999739 45.000000000000007 1680.5000000000002 0.8000000000000026 0.70000000000000029 -0.50000000000000255 4.6999999999999984 825.00000000000011 92.500000000000014 48.500000000000007 31.839743589743595 32.500000000000007 0.90000000000000135 0.6830127018922193 0.39999999999999908 -0.20180761162458913 0.69521084835931835 23.350000000000005 25.000000000000004 17.850000000000005 4.5000000000000009 1.0666666666666673 30.500000000000004 0.14888728888808328 0.73136292505298039 1015.0000000000001 12.500000000000002 25.500000000000004 19.150000000000002
decision_type=2 2 2 2 2 2 2 2 2 2 2 2 2 2 2 2 2 2 2 2 2 2 2 2 2 2 2 2 2 2
left_child=3 19 6 7 -5 23 -3 8 10 14 12 -12 -1 -11 -10 17 -17 18 -9 21 -21 27 -18 29 26 -26 -22 28 -2 -4
right_child=1 2 5 4 -6 -7 -8 15 9 13 11 -13 -14 -15 -16 16 22 -19 -20 20 24 -23 -24 -25 25 -27 -28 -29 -30 -31
leaf_value=-0.0035025595585635914 -0.0005413853428603005 -5.7894950018162113e-06 -7.6378024243139149e-06 -1.1142706798328979e-05 -7.6378024243139149e-06 -7.6378024243139149e-06 -4.5375876397229385e-06 0.0041934543903656314 9.6493944192019433e-06 0.0069891998309004966 -0.00013880477671978641 -0.00303194512261006 0.0029433641106691509 9.8809354087667087e-05 0.00020066281726889326 -6.8677954307672456e-05 4.9173099688187006e-06 -0.0019870491853571015 -0.00094163193293014661 -0.00023656103118776506 3.2904387920503292e-05 -0.00073820011817461631 0.00017827919710274389 -7.6378024243139149e-06 0.00026416185622788352 -7.93300389020128e-06 -4.3055620614866464e-05 -0.00048561113825681523 0.0023703513567852794 -7.6378024243139149e-06
leaf_weight=521 541 565 967 1382 811 90704 626 685 10422 514 89072 5509 2425 592 4241 2318 2131 2027 6264 844 1163 1043 1016 602 1004 1204 1761 1498 512 4075
leaf_count=521 541 565 967 1382 811 90704 626 685 10422 514 89072 5509 2425 592 4241 2318 2131 2027 6264 844 1163 1043 1016 602 1004 1204 1761 1498 512 4075
internal_value=-0.00307766 -0.00669042 -0.00729808 -9.93981e-05 -0.00288724 -0.00735319 -0.00283529 -5.14917e-05 2.40957e-05 0.000720468 -8.85121e-05 -0.000141225 0.00160278 0.00342509 0.000516025 -0.00064443 8.64277e-05 -0.00108933 -0.000695943 -0.000496761 2.5092e-05 -0.00136402 0.000888377 -0.0060255 0.000373977 0.00131674 -0.000338346 -0.000666863 0.000703791 -0.00630155
internal_weight=237039 107109 97539 129930 2193 96348 1191 127737 113296 15769 97527 94581 2946 1106 14663 14441 5465 8976 6949 9570 5976 3594 3147 5644 5132 2208 2924 2551 1053 5042
internal_count=237039 107109 97539 129930 2193 96348 1191 127737 113296 15769 97527 94581 2946 1106 14663 14441 5465 8976 6949 9570 5976 3594 3147 5644 5132 2208 2924 2551 1053 5042
is_linear=0
shrinkage=0.03


Tree=292
num_leaves=29
num_cat=0
split_feature=35 8 9 35 8 8 30 12 6 39 2 2 35 21 24 39 20 4 7 6 6 28 6 37 7 39 19 35
split_gain=2858.66 432.617 25.8125 14.8914 14.0997 13.108 6.1552 5.91363 5.79189 14.4006 20.7288 13.923 12.6685 9.99687 5.63062 4.8383 4.28113 5.44101 5.58113 5.09127 5.39064 3.32133 3.50445 3.1777 2.80271 5.95669 2.44453 0.652415
threshold=945.00000000000011 0.49999999999999739 45.000000000000007 935.00000000000011 0.8000000000000026 0.70000000000000029 30.500000000000004 -0.018333333333333295 28.250000000000004 -0.86974577485258975 1008.2500000000001 999.05000000000007 895.00000000000011 27.500000000000004 2.8500000000000001 -0.46800559042974538 0.099999999999965908 3.4000000000000017 2.3999999999999999 16.250000000000004 19.650000000000002 30.500000000000004 15.550000000000002 0.25000000000000017 2.0999999999999992 -0.86974577485258975 -0.30000000000001131 975.00000000000011
decision_type=2 2 2 2 2 2 2 2 2 2 2 2 2 2 2 2 2 2 2 2 2 2 2 2 2 2 2 2
left_child=3 14 7 6 26 21 8 -3 9 10 -1 -10 -13 -11 16 -8 19 18 -18 -2 -21 22 -4 -17 25 -7 -5 -26
right_child=1 2 5 4 -6 24 15 -9 11 13 -12 12 -14 -15 -16 23 17 -19 -20 20 -22 -23 -24 -25 27 -27 -28 -29
leaf_value=0.00039951190536600565 -0.00025099976443910708 -5.6158101517617246e-06 -7.4086683515844976e-06 1.0605664662636237e-05 -7.4086683515844976e-06 -7.4086683515844976e-06 -0.0041233292171249259 -7.8258430773714112e-06 0.0042227566449186717 -4.2679446564551568e-05 0.0077897903872285144 -0.0017827805871278115 0.00026827007036409918 0.0022841162154672297 -0.00099803517171176675 0.0017806430487242147 -5.0250194962850506e-05 0.00043418211227905348 0.00059735551841561593 4.8751322536684076e-05 -2.7896291995075605e-05 -7.4086683515844976e-06 -7.4086683515844976e-06 -0.0014227319882019035 -7.4086683515844976e-06 -7.4086683515844976e-06 -3.3213583874270359e-05 -7.4086683515844976e-06
leaf_weight=8011 839 589 591 908 799 516 818 650 910 93992 3053 13182 868 5074 771 564 1848 651 544 1172 3768 613 4461 823 2687 4730 514 83201
leaf_count=8011 839 589 591 908 799 516 818 650 910 93992 3053 13182 868 5074 771 564 1848 651 544 1172 3768 613 4461 823 2687 4730 514 83201
internal_value=-0.00306842 -0.00668152 -0.00727647 -6.57824e-05 -0.0025 -0.00733156 -2.32723e-05 -0.00296737 4.43673e-06 7.96771e-05 0.00110609 -0.000549392 -0.000782451 -3.4976e-05 -0.000601094 -0.00159379 -0.000385879 0.000524631 -0.000137845 -0.000865335 -0.000497774 -0.00592509 -0.00617926 -0.000512959 -0.00741886 -0.00673114 -0.000705758 -0.00746071
internal_weight=237147 107631 98038 129516 2221 96799 127295 1239 125090 110130 11064 14960 14050 99066 9593 2205 8822 3043 2392 5779 4940 5665 5052 1387 91134 5246 1422 85888
internal_count=237147 107631 98038 129516 2221 96799 127295 1239 125090 110130 11064 14960 14050 99066 9593 2205 8822 3043 2392 5779 4940 5665 5052 1387 91134 5246 1422 85888
is_linear=0
shrinkage=0.03


Tree=293
num_leaves=31
num_cat=0
split_feature=8 9 8 19 40 9 9 19 40 20 19 9 40 7 7 20 39 3 39 39 44 4 28 23 7 7 24 20 7 29
split_gain=2430.94 197.475 67.9213 66.3498 56.1849 42.8825 26.9498 19.0332 24.443 16.8202 13.8884 11.9707 13.3816 10.3501 9.99549 9.40615 9.07255 7.4028 8.99615 29.5658 26.2481 6.13143 6.11548 5.57316 5.45137 5.42595 5.10442 4.64601 4.38973 4.0734
threshold=0.75000000000000011 115.00000000000001 0.40000000000000396 -0.4999999999999431 1.0000000180025095e-35 155.00000000000003 55.000000000000007 -0.30000000000001131 1.0000000180025095e-35 -2.1999999999999882 -0.300000000000125 55.000000000000007 1.0000000180025095e-35 6.3500000000000023 2.4500000000000006 -0.99999999999994305 0.64414586362404946 26.650000000000002 -0.82413948779581736 -0.95242240592625282 22.000000000000004 2.5999999999999992 27.500000000000004 4.5000000000000009 2.149999999999999 5.2000000000000011 1.55 -1.5000000000000566 3.2999999999999985 8.2250000000000014
decision_type=2 2 2 2 2 2 2 2 2 2 2 2 2 2 2 2 2 2 2 2 2 2 2 2 2 2 2 2 2 2
left_child=2 6 13 14 15 9 26 16 21 -4 -7 -11 -13 17 -3 28 25 18 19 -1 -20 -9 -12 -6 -17 -8 -2 -16 -5 -19
right_child=1 3 5 4 23 10 7 8 -10 11 22 12 -14 -15 27 24 -18 29 20 -21 -22 -23 -24 -25 -26 -27 -28 -29 -30 -31
leaf_value=-0.00032371162498888629 -6.3605674895240862e-06 -7.1864083010369627e-06 0.00012256222042518803 -7.1864083010369627e-06 -0.0003011804296523254 -7.1864083010369627e-06 -7.1864083010369627e-06 -7.1864083010369627e-06 -0.0033360269480202341 -7.386066837052634e-06 -7.1864083010369627e-06 -7.1864083010369627e-06 -0.00010108325995615508 -0.00063570531048857178 -7.1864083010369627e-06 -7.1864083010369627e-06 2.9345164555249751e-05 -0.0037635671327558911 -4.5744807328981507e-05 0.003236840292404741 -0.0072314229750180094 -7.1864083010369627e-06 -7.1864083010369627e-06 -0.017923091474994629 -7.1864083010369627e-06 -7.1864083010369627e-06 0.0027164001333756628 -7.1864083010369627e-06 -7.1864083010369627e-06 -0.0007747348901027863
leaf_weight=9334 3571 1354 2455 1671 992 801 1835 506 989 3952 3182 3832 1228 1897 1758 5120 771 762 91035 9009 887 4088 847 553 74637 824 700 1952 4344 1995
leaf_count=9334 3571 1354 2455 1671 992 801 1835 506 989 3952 3182 3832 1228 1897 1758 5120 771 762 91035 9009 887 4088 847 553 74637 824 700 1952 4344 1995
internal_value=-0.00309827 -0.00648488 -0.000371062 -0.00697669 -0.00717035 -0.00218342 -0.00306413 -0.00399418 -0.00507475 -0.00118428 -0.00455401 -0.00178389 -0.0027499 -0.000114013 -0.003636 -0.00727248 -0.00223339 -7.71075e-05 -3.87015e-05 0.000567866 -0.000159752 -0.00599543 -0.00527102 -0.00149806 -0.00735914 -0.0030637 -0.00110051 -0.004441 -0.00612141 -0.001612
internal_weight=236881 105665 131216 92381 87317 16297 13284 9013 5583 11467 4830 9012 5060 114919 5064 85772 3430 113022 110265 18343 91922 4594 4029 1545 79757 2659 4271 3710 6015 2757
internal_count=236881 105665 131216 92381 87317 16297 13284 9013 5583 11467 4830 9012 5060 114919 5064 85772 3430 113022 110265 18343 91922 4594 4029 1545 79757 2659 4271 3710 6015 2757
is_linear=0
shrinkage=0.03


Tree=294
num_leaves=29
num_cat=0
split_feature=25 8 9 25 8 8 6 22 22 3 6 10 28 8 25 7 24 6 36 2 3 21 6 8 7 2 28 5
split_gain=2796.21 463.086 27.116 17.6177 17.9802 11.8949 6.47494 6.27865 7.74398 26.6257 14.6661 5.88714 4.69946 4.19503 7.01161 8.25594 5.69917 4.92616 8.12291 6.45871 4.08597 9.18418 3.34251 3.04305 2.19707 4.9277 1.89757 0.942652
threshold=1690.5000000000002 0.49999999999999739 45.000000000000007 1680.5000000000002 0.75000000000000011 0.70000000000000029 9.4500000000000011 17.500000000000004 18.500000000000004 10.15 13.950000000000001 -0.54999999999999882 28.500000000000004 0.25000000000000006 2050.5000000000005 4.8500000000000023 -0.65000000000000024 20.950000000000003 0.25000000000000011 1008.6500000000002 11.750000000000002 12.500000000000002 15.550000000000002 0.4000000000000013 2.0999999999999992 1011.1500000000002 20.500000000000004 14.65
decision_type=2 2 2 2 2 2 2 2 2 2 2 2 2 2 2 2 2 2 2 2 2 2 2 2 2 2 2 2
left_child=3 13 11 6 26 12 -1 20 9 -9 -10 -3 22 16 15 23 -2 18 -18 -19 21 -8 -4 -15 25 -7 -5 -26
right_child=1 2 5 4 -6 24 7 8 10 -11 -12 -13 -14 14 -16 -17 17 19 -20 -21 -22 -23 -24 -25 27 -27 -28 -29
leaf_value=0.0047477561710206088 -0.00075753226241168548 -5.2565188225231507e-06 -6.9708160520058543e-06 7.2818690864791895e-05 -6.9708160520058543e-06 -6.9708160520058543e-06 -0.00073894712695318212 0.005968814786420475 -0.0041902594145924186 -0.00072150465918823068 -3.1758351904181152e-05 -7.3379399192237888e-06 -6.9708160520058543e-06 -1.2380772738492621e-05 5.8468804147169897e-05 3.7918222405708066e-05 0.0034705495359727617 -0.00025714856506867199 -0.00024671619468343069 -0.00090459656575471524 0.0012376258740790568 -0.0067565192077219012 -6.9708160520058543e-06 -2.2400071136571584e-05 -6.9708160520058543e-06 -6.9708160520058543e-06 -4.9815710511935484e-05 -6.9708160520058543e-06
leaf_weight=832 665 558 546 527 933 1807 3271 1585 848 1695 117924 646 852 2152 567 668 585 1774 1643 1018 574 711 4246 548 775 3373 728 84920
leaf_count=832 665 558 546 527 933 1807 3271 1585 848 1695 117924 646 852 2152 567 668 585 1774 1643 1018 574 711 4246 548 775 3373 728 84920
internal_value=-0.00309209 -0.00667318 -0.0072914 -0.000126591 -0.00279452 -0.00734724 -8.07426e-05 -9.80965e-05 -5.72697e-05 0.00138026 -9.69909e-05 -0.00281095 -0.00600425 -0.00039285 0.000360046 -0.000160237 -0.000913926 -0.000567503 0.000484305 -0.00140659 -0.00119131 -0.00153238 -0.00637046 -0.000899334 -0.00743051 -0.00681397 -0.000447494 -0.00746762
internal_weight=236971 107343 97723 129628 2188 96519 127440 126608 122052 3280 118772 1204 5644 9620 3935 3368 5685 5020 2228 2792 4556 3982 4792 2700 90875 5180 1255 85695
internal_count=236971 107343 97723 129628 2188 96519 127440 126608 122052 3280 118772 1204 5644 9620 3935 3368 5685 5020 2228 2792 4556 3982 4792 2700 90875 5180 1255 85695
is_linear=0
shrinkage=0.03


Tree=295
num_leaves=31
num_cat=0
split_feature=25 8 8 25 8 35 31 20 39 38 37 1 37 1 15 11 28 5 39 38 8 25 24 7 35 7 2 7 39 15
split_gain=2812.57 445.464 23.4682 18.5301 20.5863 6.02993 11.8578 11.4464 10.5514 17.9666 12.2708 8.74542 9.78079 6.10099 5.86583 3.99942 3.40921 4.32915 3.33457 3.2318 4.49143 6.39152 6.63446 4.73605 4.94279 2.77562 2.86968 2.21972 5.60679 2.05842
threshold=1699.5000000000002 0.40000000000000396 0.70000000000000029 1680.5000000000002 0.75000000000000011 825.00000000000011 27.679487179487186 -2.39999999999992 0.99445195900249039 0.074116354202380205 0.6830127018922193 92.500000000000014 0.6830127018922193 83.500000000000014 0.17224014243716082 -0.19999999999999971 28.500000000000004 19.150000000000002 0.70747208174348741 -0.94705910369513524 0.25000000000000006 2050.5000000000005 1.2000000000000013 4.7000000000000011 1245.0000000000002 3.149999999999999 1015.5500000000001 2.0999999999999992 -0.86974577485258975 0.19407902170677108
decision_type=2 2 2 2 2 2 2 2 2 2 2 2 2 2 2 2 2 2 2 2 2 2 2 2 2 2 2 2 2 2
left_child=3 19 14 5 29 7 11 25 10 -10 -9 12 -7 18 16 -16 17 -3 -8 -2 23 22 -22 24 -21 -1 -27 28 -4 -5
right_child=1 2 27 4 -6 6 13 8 9 -11 -12 -13 -14 -15 15 -17 -18 -19 -20 20 21 -23 -24 -25 -26 26 -28 -29 -30 -31
leaf_value=-0.00039131176325624253 0.00012965094025392431 -6.7616915704456779e-06 -6.7616915704456779e-06 -4.5090296149730529e-05 -6.7616915704456779e-06 -4.541288195783259e-05 6.8910075218065164e-05 1.1710783527063006e-05 0.00093427078286853894 0.010299759038963673 -0.0014040681047721337 0.0008892104172145488 0.00010696163957005099 0.0010098969798392424 -6.7616915704456779e-06 -6.7616915704456779e-06 -6.7616915704456779e-06 -6.7616915704456779e-06 0.0002290015732589185 -0.00025821472128083014 9.9636963491998847e-06 5.634634530241539e-05 -0.00015748212783756719 -0.00088310454486997684 -0.00052451699511967236 -0.0014838742866585635 -0.0040620290666939732 -6.7616915704456779e-06 -6.7616915704456779e-06 9.9674088986385163e-05
leaf_weight=562 696 858 511 857 1011 15473 1124 75731 2934 543 21451 949 5609 750 880 856 656 3043 505 3296 1971 533 1105 774 1184 502 1184 85909 4638 537
leaf_count=562 696 858 511 857 1011 15473 1124 75731 2934 543 21451 949 5609 750 880 856 656 3043 505 3296 1971 533 1105 774 1184 502 1184 85909 4638 537
internal_value=-0.00308172 -0.00668442 -0.00729122 -0.000112508 -0.00272019 -6.32074e-05 0.000360683 -0.000163761 -0.000116455 0.0015069 -0.000174566 0.000143308 1.63631e-05 0.0023719 -0.00551509 -0.00402186 -0.00608193 -0.00642006 0.00133814 -0.000504393 -0.000659052 0.000155774 -0.00037037 -0.00121861 -0.000843373 -0.00228 -0.00288803 -0.00741385 -0.00679237 -0.000354585
internal_weight=236632 106910 97351 129722 2405 127317 24410 102907 100659 3477 97182 22031 21082 2379 6293 1736 4557 3901 1629 9559 8863 3609 3076 5254 4480 2248 1686 91058 5149 1394
internal_count=236632 106910 97351 129722 2405 127317 24410 102907 100659 3477 97182 22031 21082 2379 6293 1736 4557 3901 1629 9559 8863 3609 3076 5254 4480 2248 1686 91058 5149 1394
is_linear=0
shrinkage=0.03


Tree=296
num_leaves=31
num_cat=0
split_feature=25 8 9 25 8 8 12 7 35 31 6 37 1 4 39 3 6 7 8 38 39 3 36 38 25 39 7 28 5 7
split_gain=2826.1 453.427 29.1943 19.5678 20.0783 12.28 7.23692 5.83927 8.55284 10.1101 9.36145 13.7251 9.0364 7.46681 4.90186 5.64277 5.73187 7.99055 6.21621 3.9404 3.49003 3.30099 3.2431 4.57557 4.09915 4.82894 3.62983 2.87199 3.87158 2.74395
threshold=1699.5000000000002 0.49999999999999739 45.000000000000007 1680.5000000000002 0.75000000000000011 0.69999999999999762 -0.018333333333333295 5.0999999999999996 825.00000000000011 32.720779220779228 16.650000000000002 0.6830127018922193 95.500000000000014 7.1000000000000005 0.98332250088165762 15.250000000000002 20.950000000000003 2.2500000000000004 0.30000000000000254 -0.074117382312902977 0.87709077819680659 12.850000000000003 0.93301270189221952 0.94425825643485939 1579.5000000000002 0.45847758937963173 6.1499999999999995 28.500000000000004 19.150000000000002 2.0999999999999992
decision_type=2 2 2 2 2 2 2 2 2 2 2 2 2 2 2 2 2 2 2 2 2 2 2 2 2 2 2 2 2 2
left_child=3 14 6 7 -5 27 -3 8 9 12 19 -12 -1 -11 15 20 17 -17 -18 -10 21 -2 24 -24 26 -26 -9 28 -4 -7
right_child=1 2 5 4 -6 29 -8 22 10 13 11 -13 -14 -15 -16 16 18 -19 -20 -21 -22 -23 23 -25 25 -27 -28 -29 -30 -31
leaf_value=5.6848298733033694e-05 3.8284098102364782e-05 -4.7088697980247061e-06 -6.5588408233323081e-06 -1.4127974611090688e-05 -6.5588408233323081e-06 -6.5588408233323081e-06 -4.841704796223054e-06 -0.001945127408399821 0.00014844044843440602 -0.0018257810942932302 9.1566776430322946e-05 0.00029304289238555269 -0.0054991390598785527 -0.0074659356901770431 7.7282711264362399e-05 -1.7977241077493937e-05 -0.00017814048254963398 0.00069856059623706578 1.3943863723822204e-05 -0.00029057411733082549 -0.00037172801191407383 -0.00023990437201967579 -0.00035822849387052085 0.0014136597759444303 -8.6743657698665704e-05 5.5097436509061635e-05 -0.0051615634350475458 -6.5588408233323081e-06 -6.5588408233323081e-06 -6.5588408233323081e-06
leaf_weight=91382 535 564 628 1404 994 5801 631 2364 514 4307 12407 3417 3178 743 636 1387 3839 822 1163 1684 615 500 509 680 3582 2015 794 607 2709 86525
leaf_count=91382 535 564 628 1404 994 5801 631 2364 514 4307 12407 3417 3178 743 636 1387 3839 822 1163 1684 615 500 509 680 3582 2015 794 607 2709 86525
internal_value=-0.00306979 -0.00668145 -0.00729116 -9.7518e-05 -0.00278125 -0.00734902 -0.00262531 -4.70301e-05 1.19863e-05 -9.68257e-05 0.000613349 0.000868192 -2.69664e-05 -0.00140439 -0.000423992 -0.000606736 -0.00024435 0.00102782 -0.000806355 -0.00122045 -0.00218826 -0.00112102 -0.000745023 0.000724181 -0.000944673 -0.000456778 -0.00180854 -0.00570198 -0.00604897 -0.00741926
internal_weight=236936 106962 97465 129974 2398 96270 1195 127576 117632 99610 18022 15824 94560 5050 9497 8861 7211 2209 5002 2198 1650 1035 9944 1189 8755 5597 3158 3944 3337 92326
internal_count=236936 106962 97465 129974 2398 96270 1195 127576 117632 99610 18022 15824 94560 5050 9497 8861 7211 2209 5002 2198 1650 1035 9944 1189 8755 5597 3158 3944 3337 92326
is_linear=0
shrinkage=0.03


Tree=297
num_leaves=31
num_cat=0
split_feature=25 8 8 25 8 33 38 1 35 1 3 22 8 24 25 24 35 7 7 33 37 32 29 20 4 8 38 4 38 27
split_gain=2797.86 444.29 23.5275 16.7584 16.0989 6.24986 5.72052 5.71432 9.19353 9.34259 7.93936 6.31791 5.42329 5.97087 5.36251 5.39168 5.20593 6.15899 5.37044 5.19307 4.61877 6.53701 4.96458 4.52131 5.60258 3.41796 2.82611 2.72395 3.8258 2.57324
threshold=1690.5000000000002 0.49999999999999739 0.69999999999999762 1680.5000000000002 0.79999999999999993 2.2000000000000024 -0.98803845231459242 48.500000000000007 765.00000000000011 33.500000000000007 5.0500000000000007 34.500000000000007 0.25000000000000006 -0.65000000000000024 2050.5000000000005 1.2000000000000013 1185.0000000000002 4.5000000000000018 1.5000000000000007 -1.3905051150895138 -0.68301270189221952 19.500000000000004 16.708333333333339 -0.10000000000007957 3.3500000000000001 1.0999999999999963 -0.23537230790205757 1.8499999999999999 0.55656748448714433 15.366666666666669
decision_type=2 2 2 2 2 2 2 2 2 2 2 2 2 2 2 2 2 2 2 2 2 2 2 2 2 2 2 2 2 2
left_child=3 12 23 5 -5 7 -7 8 9 -1 -9 -12 13 -2 15 26 17 -15 -18 -10 21 -8 -22 24 -3 27 -14 28 -4 -26
right_child=1 2 25 4 -6 6 20 10 19 -11 11 -13 14 16 -16 -17 18 -19 -20 -21 22 -23 -24 -25 29 -27 -28 -29 -30 -31
leaf_value=-0.0020589332947017406 -0.00071472028336771803 -6.1759344800592721e-06 -6.3620755986323391e-06 -2.825268772978606e-05 -6.3620755986323391e-06 0.0028792628166415522 0.0041440144261765694 -0.003645205819412611 0.0012273672819211779 0.0038923574895261557 -2.0394368455726472e-05 0.0036547836611124929 -1.131419874620992e-05 0.000384931479877042 5.0492046812571882e-05 -0.00013588845580011591 -0.00066297486386774664 -0.0010055696069540864 -0.00024747147090930187 -0.00028718305682531793 -0.00041524802783481183 -0.0005636130867070682 -0.0014150060728373973 -6.3620755986323391e-06 -6.3620755986323391e-06 -6.3620755986323391e-06 2.4359050276555859e-05 -6.3620755986323391e-06 -6.3620755986323391e-06 -6.3620755986323391e-06
leaf_weight=530 669 535 625 1305 877 881 1024 993 661 2135 104205 627 770 2807 576 1141 614 571 978 1490 8038 3993 2991 2046 1350 83216 1438 8284 851 675
leaf_count=530 669 535 625 1305 877 881 1024 993 661 2135 104205 627 770 2807 576 1141 614 571 978 1490 8038 3993 2991 2046 1350 83216 1438 8284 851 675
internal_value=-0.00309741 -0.0066851 -0.00728987 -0.00013468 -0.00274038 -9.00682e-05 -0.000626883 -7.93091e-06 0.00100249 0.00217942 -5.39324e-05 -2.86167e-05 -0.000514322 -0.00111018 0.000341864 -0.000118621 -0.000751207 -8.43195e-05 -0.00216437 -0.00045634 -0.000756169 -1.49432e-06 -0.0010994 -0.00519206 -0.00434426 -0.00739368 0.000746606 -0.0068531 -0.00564276 -0.00506537
internal_weight=236896 107146 97582 129750 2182 127568 16927 110641 4816 2665 105825 104832 9564 5639 3925 3349 4970 3378 1592 2151 16046 5017 11029 4606 2560 92976 2208 9760 1476 2025
internal_count=236896 107146 97582 129750 2182 127568 16927 110641 4816 2665 105825 104832 9564 5639 3925 3349 4970 3378 1592 2151 16046 5017 11029 4606 2560 92976 2208 9760 1476 2025
is_linear=0
shrinkage=0.03


Tree=298
num_leaves=31
num_cat=0
split_feature=25 8 8 25 8 15 3 13 7 35 32 32 28 8 24 25 7 35 31 8 6 38 38 39 7 7 39 6 15 8
split_gain=2821.95 438.874 23.0046 18.5127 17.0334 5.88337 5.39916 5.04024 4.99034 7.77144 9.44315 8.92125 4.92698 4.75373 7.47826 6.58566 7.05557 6.18721 6.28996 5.49412 4.07689 3.5138 7.98906 6.48037 2.88289 2.39019 6.13306 2.253 1.5259 1.3513
threshold=1699.5000000000002 0.49999999999999739 0.70000000000000029 1680.5000000000002 0.79999999999999816 0.19663841605003848 27.450000000000003 -0.0033333333333333283 4.6999999999999984 815.00000000000011 54.500000000000007 49.500000000000007 30.500000000000004 0.25000000000000006 -0.24999999999999997 2019.5000000000002 5.1999999999999984 1205.0000000000002 23.320512820512821 0.39999999999999908 15.550000000000002 -0.37447345805034543 -0.16799356919963607 0.73136292505298039 1.5000000000000007 2.0999999999999992 -0.86974577485258975 20.650000000000002 0.19407902170677108 0.90000000000000135
decision_type=2 2 2 2 2 2 2 2 2 2 2 2 2 2 2 2 2 2 2 2 2 2 2 2 2 2 2 2 2 2
left_child=3 13 5 6 28 12 8 -7 9 11 -11 -1 20 14 27 16 19 18 -16 -15 -3 23 -23 -10 -19 26 -4 -2 -5 -27
right_child=1 2 25 4 -6 7 -8 -9 21 10 -12 -13 -14 15 17 -17 -18 24 -20 -21 -22 22 -24 -25 -26 29 -28 -29 -30 -31
leaf_value=-2.7250818417232647e-05 -0.00054422008666905083 -6.1712133306733693e-06 -6.1712133306733693e-06 -4.921761811037085e-05 -6.1712133306733693e-06 -6.1712133306733693e-06 -0.0024083002385256558 -6.1712133306733693e-06 -7.9899943789116793e-05 8.4243158722255973e-05 0.00068440492713006912 -0.0027118624315034933 -6.1712133306733693e-06 -7.9081357787627546e-06 -0.00063714728772805516 5.0178384245620015e-05 3.877479630603567e-05 -0.00055512529909233018 0.0019888369455556437 -2.9375462438822487e-05 -6.1712133306733693e-06 0.00090766845776255869 -6.176264588802386e-05 -0.00032068748295928053 -0.00042855590035116033 -6.1712133306733693e-06 -6.1712133306733693e-06 -0.00087732855920509838 2.7162214867551047e-05 -6.1712133306733693e-06
leaf_weight=89713 508 538 529 878 970 681 675 654 4394 16609 536 5829 510 2128 2280 704 509 567 902 564 3806 812 8177 886 806 3421 4662 536 552 82740
leaf_count=89713 508 538 529 878 970 681 675 654 4394 16609 536 5829 510 2128 2280 704 509 567 902 564 3806 812 8177 886 806 3421 4662 536 552 82740
internal_value=-0.00308316 -0.0066905 -0.00729009 -0.000113452 -0.00272273 -0.00551567 -6.43446e-05 -0.00374159 -5.00953e-05 1.68384e-05 0.000604916 -8.87026e-05 -0.00600185 -0.000536503 -0.00109668 0.000266829 -0.000311427 -0.000571099 0.000155465 -0.000924276 -0.00632996 -0.000578621 -0.000217718 -0.00119273 -0.00225273 -0.00741018 -0.00676921 -0.00338432 -0.000638966 -0.00744864
internal_weight=237076 107045 97541 130031 2400 6189 127631 1335 126956 112687 17145 95542 4854 9504 5599 3905 3201 4555 3182 2692 4344 14269 8989 5280 1373 91352 5191 1044 1430 86161
internal_count=237076 107045 97541 130031 2400 6189 127631 1335 126956 112687 17145 95542 4854 9504 5599 3905 3201 4555 3182 2692 4344 14269 8989 5280 1373 91352 5191 1044 1430 86161
is_linear=0
shrinkage=0.03


Tree=299
num_leaves=31
num_cat=0
split_feature=25 8 9 25 8 8 10 25 15 39 1 5 38 39 38 25 15 7 8 25 7 23 25 36 38 28 5 8 38 7
split_gain=2830.85 450.013 28.6437 17.8856 19.4895 12.3675 7.14175 6.32291 9.00481 8.83111 8.04966 8.36627 6.39998 8.71856 8.11536 6.38472 11.3614 9.23121 5.07064 5.59229 5.82969 5.19449 4.36277 4.33011 6.04469 3.53424 4.54241 2.7328 2.61738 2.45691
threshold=1699.5000000000002 0.49999999999999739 45.000000000000007 1680.5000000000002 0.79999999999999816 0.70000000000000029 -0.54999999999999882 1200.5000000000002 1.0000000180025095e-35 0.53312596302726967 95.500000000000014 28.950000000000003 0.65883702558178847 0.81800285027139286 0.75580964594513067 1578.5000000000002 0.10488088481704035 4.0000000000000018 0.25000000000000006 1999.5000000000002 5.1999999999999984 4.5000000000000009 1730.5000000000002 -0.6830127018922193 -0.2270106897347694 28.500000000000004 19.150000000000002 0.39999999999999908 0.42179998225932674 2.0999999999999992
decision_type=2 2 2 2 2 2 2 2 2 2 2 2 2 2 2 2 2 2 2 2 2 2 2 2 2 2 2 2 2 2
left_child=3 18 6 7 -5 25 -3 9 -9 10 11 -1 13 -11 -14 16 -10 -17 21 20 27 23 -23 -2 -25 26 -4 -20 -12 -7
right_child=1 2 5 4 -6 29 -8 8 15 12 28 -13 14 -15 -16 17 -18 -19 19 -21 -22 22 -24 24 -26 -27 -28 -29 -30 -31
leaf_value=0.0039630138273750413 0.00097808920758685387 -4.172498655658675e-06 -5.9860769307531674e-06 -1.2893625752374479e-05 -5.9860769307531674e-06 -5.9860769307531674e-06 -4.702567272862645e-06 -0.0084549938057431172 -0.0021954315329093801 -0.0046435707301519464 -0.00091342992171380196 -0.0043613714620628751 0.011924480523077588 -0.00020702118766066313 -0.0029129860695080723 0.00015583995422247391 -0.00012891270013266399 -2.5502557740071722e-05 -1.0137505126673631e-05 4.8020535729120514e-05 3.7640205514766038e-05 -0.00056033986138445116 -0.0012000305383966453 -0.0009986652843327103 -0.00019086910735394098 -5.9860769307531674e-06 -5.9860769307531674e-06 -2.7574027578900403e-05 -0.015996218015867175 -5.9860769307531674e-06
leaf_weight=12441 709 557 932 1443 975 5208 646 671 16454 1700 510 1507 529 4485 574 11947 64179 11850 2057 782 505 691 645 576 2959 864 3845 539 515 85483
leaf_count=12441 709 557 932 1443 975 5208 646 671 16454 1700 510 1507 529 4485 574 11947 64179 11850 2057 782 505 691 645 576 2959 864 3845 539 515 85483
internal_value=-0.00307026 -0.00668285 -0.00728885 -9.17693e-05 -0.00264669 -0.00734632 -0.00268257 -4.32226e-05 -0.000140505 0.000416049 0.000832888 0.00102151 -0.000440329 -0.000815824 0.0016629 -0.000118211 -0.000245644 0.000313564 -0.000436609 0.000395753 -0.000176442 -0.00101576 -0.00264574 -0.000501649 -0.000930874 -0.00597687 -0.00629787 -0.000750577 -0.00173077 -0.00743136
internal_weight=236778 106998 97535 129780 2418 96332 1203 127362 105101 22261 14973 13948 7288 6185 1103 104430 80633 23797 9463 3883 3101 5580 1336 4244 3535 5641 4777 2596 1025 90691
internal_count=236778 106998 97535 129780 2418 96332 1203 127362 105101 22261 14973 13948 7288 6185 1103 104430 80633 23797 9463 3883 3101 5580 1336 4244 3535 5641 4777 2596 1025 90691
is_linear=0
shrinkage=0.03


Tree=300
num_leaves=29
num_cat=0
split_feature=25 8 9 25 8 8 10 6 38 6 2 3 6 38 25 24 8 8 21 28 37 35 24 7 2 15 34 5
split_gain=2851.79 445.277 28.0481 17.9625 16.4094 11.7816 6.93397 6.19269 11.5455 17.1175 15.0946 8.31543 6.96439 24.3105 6.22835 3.64607 3.6901 7.61878 3.48963 4.92099 3.31853 8.96815 5.88411 2.63775 5.93016 2.45882 2.10595 0.735074
threshold=1699.5000000000002 0.49999999999999739 45.000000000000007 1680.5000000000002 0.79999999999999816 0.70000000000000029 -0.54999999999999882 28.950000000000003 0.21022171450811275 29.050000000000004 1001.0500000000001 27.050000000000004 28.850000000000005 -0.16799356919963607 1180.5000000000002 3.1500000000000008 0.30000000000000254 0.39999999999999908 14.500000000000002 28.500000000000004 1.0000000180025095e-35 965.00000000000011 1.8499999999999999 2.0999999999999992 1011.0500000000001 0.19407902170677108 8.5000000000000018 14.65
decision_type=2 2 2 2 2 2 2 2 2 2 2 2 2 2 2 2 2 2 2 2 2 2 2 2 2 2 2 2
left_child=3 15 6 7 25 18 -3 11 9 -9 -11 12 14 -14 -1 16 20 26 -4 -20 21 -2 -22 24 -7 -5 -18 -25
right_child=1 2 5 4 -6 23 -8 8 -10 10 -12 -13 13 -15 -16 -17 17 -19 19 -21 22 -23 -24 27 -26 -27 -28 -29
leaf_value=0.0014052138234586309 0.0016219846335268834 -4.2535327892444142e-06 -5.806494622830573e-06 -5.2572716822437912e-05 -5.806494622830573e-06 -5.806494622830573e-06 -5.9882863398782084e-06 -0.0095454947312627516 0.0056304572234880997 0.0064531446687595105 -0.002405411163309769 -0.0026849275198754948 0.0083227004819094556 -0.001897371363879129 -2.4026123567747478e-05 -0.00071642029595773461 4.9958591664859574e-05 -1.6343970422917533e-05 -5.806494622830573e-06 -5.806494622830573e-06 -6.3786009895608234e-05 -0.00026226701220570222 0.0019720239566383291 -5.806494622830573e-06 -5.806494622830573e-06 5.1971569841418702e-05 1.8295264552104514e-05 -5.806494622830573e-06
leaf_weight=16805 560 578 538 851 967 1789 625 761 726 626 2963 986 586 656 103280 703 510 776 4384 772 3144 2535 614 778 3427 539 727 84486
leaf_count=16805 560 578 538 851 967 1789 625 761 726 626 2963 986 586 656 103280 703 510 776 4384 772 3144 2535 614 778 3427 539 727 84486
internal_value=-0.00305686 -0.00668386 -0.00729066 -6.71687e-05 -0.00266109 -0.00734762 -0.00273237 -1.9134e-05 -0.00104569 -0.00163028 -0.000762322 2.34844e-05 4.58052e-05 0.00227894 2.26711e-05 -0.000508568 -0.000343369 0.00078536 -0.00601738 -0.00625824 -0.000675055 -0.00140216 -7.57979e-05 -0.0074312 -0.00676121 -0.000571121 0.00224576 -0.00747203
internal_weight=236692 106946 97377 129746 2357 96174 1203 127389 5076 4350 3589 122313 121327 1242 120085 9569 8866 2013 5694 5156 6853 3095 3758 90480 5216 1390 1237 85264
internal_count=236692 106946 97377 129746 2357 96174 1203 127389 5076 4350 3589 122313 121327 1242 120085 9569 8866 2013 5694 5156 6853 3095 3758 90480 5216 1390 1237 85264
is_linear=0
shrinkage=0.03


Tree=301
num_leaves=31
num_cat=0
split_feature=25 9 7 11 25 9 9 11 9 9 1 7 11 12 28 23 43 12 37 25 22 6 38 29 5 0 7 29 7 25
split_gain=2804.21 206.684 49.8583 20.1148 14.1017 10.6884 10.346 16.9393 10.3212 10.3053 9.60652 9.36449 8.15663 7.56385 6.66369 6.5831 5.733 5.46923 5.10851 8.40386 11.2875 6.48384 10.6169 10.1377 4.93326 9.81831 4.77588 4.42964 4.37955 6.35447
threshold=1690.5000000000002 55.000000000000007 2.0999999999999992 -0.24999999999999997 1680.5000000000002 255.00000000000003 115.00000000000001 -0.40000000000000119 25.000000000000004 75.000000000000014 88.500000000000014 4.1999999999999984 0.20000000000000198 -0.010000000000000082 22.500000000000004 4.5000000000000009 15.500000000000002 -0.006666666666666583 0.93301270189221952 1588.5000000000002 18.500000000000004 22.250000000000004 0.99466373373798567 12.633333333333335 18.550000000000004 16.950000000000003 0.95000000000000029 10.225000000000001 4.2000000000000011 1569.5000000000002
decision_type=2 2 2 2 2 2 2 2 2 2 2 2 2 2 2 2 2 2 2 2 2 2 2 2 2 2 2 2 2 2
left_child=4 3 5 13 16 10 7 -4 15 -6 -3 -10 26 -2 -12 27 28 -9 21 20 -20 23 -23 -18 25 -8 -7 -5 29 -1
right_child=1 2 6 8 9 12 24 17 11 -11 14 -13 -14 -15 -16 -17 18 -19 19 -21 -22 22 -24 -25 -26 -27 -28 -29 -30 -31
leaf_value=-0.00069154299653896968 -5.8593253467610644e-06 -5.6322997841456561e-06 -5.6322997841456561e-06 0.00024018624735022587 -5.5413134828803537e-06 -5.6322997841456561e-06 -5.6322997841456561e-06 -5.6322997841456561e-06 -3.8274900725384063e-05 -5.6322997841456561e-06 -1.1046514192232486e-05 3.8031268922388436e-05 -5.6322997841456561e-06 -5.1655352197854747e-06 0.00063175611077762744 -0.00045828127278351821 0.00175519051507371 -5.6322997841456561e-06 0.0030755187332875988 0.00016346557930082531 -0.0034161374161846211 1.669146356263246e-05 -0.0060125663323174535 -4.8997867576862936e-05 -5.6322997841456561e-06 -5.6322997841456561e-06 -5.6322997841456561e-06 -0.00046409644885054706 -0.00013098045810934988 0.0001244203571077164
leaf_weight=44791 941 2043 3909 1137 1049 507 4097 896 865 1119 622 642 518 518 500 1175 13502 1678 1126 961 3755 36411 834 9863 79260 531 5686 1527 9506 6744
leaf_count=44791 941 2043 3909 1137 1049 507 4097 896 865 1119 622 642 518 518 500 1175 13502 1678 1126 961 3755 36411 834 9863 79260 531 5686 1527 9506 6744
internal_value=-0.00308501 -0.0066785 -0.00702194 -0.00161855 -0.000118056 -0.00499595 -0.00724323 -0.00608211 -0.000765707 -0.00251613 -0.00355463 0.00133698 -0.00567444 -0.00473819 -0.00132117 -0.00159138 -7.72383e-05 -0.00418672 0.000115569 -0.00073152 -0.00123643 0.000197238 -4.85274e-05 0.000588972 -0.00733282 -0.00636933 -0.005977 -0.000765191 -0.000287134 -0.000177979
internal_weight=236713 107052 100247 6805 129661 9876 90371 6483 5346 2168 3165 1507 6711 1459 1122 3839 127493 2574 66452 5842 4881 60610 37245 23365 83888 4628 6193 2664 61041 51535
internal_count=236713 107052 100247 6805 129661 9876 90371 6483 5346 2168 3165 1507 6711 1459 1122 3839 127493 2574 66452 5842 4881 60610 37245 23365 83888 4628 6193 2664 61041 51535
is_linear=0
shrinkage=0.03


Tree=302
num_leaves=31
num_cat=0
split_feature=25 8 9 25 8 8 6 38 38 6 2 39 2 22 23 6 2 21 39 39 10 32 39 2 35 27 4 25 28 6
split_gain=2822.3 438.87 30.3558 13.5475 14.4672 12.1528 7.19883 16.4694 13.5968 16.0786 15.9105 11.4477 19.0413 20.2768 11.597 10.9284 16.0346 8.96942 27.7537 22.7296 6.79579 4.14865 4.30741 5.74485 6.20909 5.4157 4.56081 3.88027 3.37612 3.5471
threshold=1690.5000000000002 0.40000000000000396 45.000000000000007 1680.5000000000002 0.79999999999999993 0.70000000000000207 28.250000000000004 -0.11692013674435776 -0.52766804058324157 28.950000000000003 1009.6500000000002 -0.86974577485258975 1008.2500000000001 32.500000000000007 3.5000000000000004 28.850000000000005 1006.35 27.500000000000004 -0.71502926860092908 -0.75013812021657655 -0.50000000000000255 51.500000000000007 -0.84313311835787952 1013.9500000000002 985.00000000000011 14.550000000000002 2.9000000000000017 1559.5000000000002 27.500000000000004 15.550000000000002
decision_type=2 2 2 2 2 2 2 2 2 2 2 2 2 2 2 2 2 2 2 2 2 2 2 2 2 2 2 2 2 2
left_child=3 21 20 6 -5 28 11 8 10 -10 -8 12 14 -14 -1 27 -17 19 -19 -13 -3 22 26 24 -24 -25 -2 -9 29 -4
right_child=1 2 5 4 -6 -7 7 15 9 -11 -12 17 13 -15 -16 16 -18 18 -20 -21 -22 -23 23 25 -26 -27 -28 -29 -30 -31
leaf_value=-0.0016227078890821058 0.0024052293920177265 -3.7439379519087507e-06 -5.4633307906212859e-06 -2.1276687459989486e-05 -5.4633307906212859e-06 -5.4633307906212859e-06 -0.0017233055521067547 -0.010607116895432174 0.0045776317945563274 -0.0014588303053596542 0.0022937223762993252 -0.0027126513773428414 0.0098589575970418758 -0.002099344644184846 0.0015620587268858354 -0.0033584283084489241 0.0034580986181567395 0.0092514400800197752 -0.00024120671651160371 -2.1868452736649427e-05 -4.5415194904733057e-06 0.001408886063760295 -7.1253059631919537e-06 2.2347494836970886e-05 -0.00019685185033017187 -0.00011461584651835089 -1.2309597717720588e-05 -0.00015048986985698997 -5.4633307906212859e-06 -5.4633307906212859e-06
leaf_weight=2367 535 561 549 1298 877 90911 3798 2468 2795 1766 1166 4822 2250 853 5969 1245 1293 1686 3327 91427 648 509 1207 2797 2461 865 1118 553 998 4179
leaf_count=2367 535 561 549 1298 877 90911 3798 2468 2795 1766 1166 4822 2250 853 5969 1245 1293 1686 3327 91427 648 509 1207 2797 2461 865 1118 553 998 4179
internal_value=-0.00308995 -0.00668991 -0.00728737 -0.000116573 -0.00246325 -0.00734649 -7.65923e-05 -0.000692032 6.53406e-05 0.00124753 -0.00102094 5.78955e-06 0.000905297 0.00291063 0.000158311 -0.0019893 -0.000537402 -9.58386e-05 0.00114108 -0.000160284 -0.0025578 -0.000530862 -0.000680301 -0.000992226 -0.00183106 -0.000151474 0.000702417 -0.00320791 -0.00599948 -0.00633615
internal_weight=237298 107338 97846 129960 2175 96637 127785 15084 9525 4561 4964 112701 11439 3103 8336 5559 2538 101262 5013 96249 1209 9492 8983 7330 3668 3662 1653 3021 5726 4728
internal_count=237298 107338 97846 129960 2175 96637 127785 15084 9525 4561 4964 112701 11439 3103 8336 5559 2538 101262 5013 96249 1209 9492 8983 7330 3668 3662 1653 3021 5726 4728
is_linear=0
shrinkage=0.03


Tree=303
num_leaves=31
num_cat=0
split_feature=25 8 9 25 8 8 10 29 6 8 25 24 7 1 23 37 21 8 8 23 2 1 7 6 39 6 28 5 7 39
split_gain=2827.58 453.534 30.6012 15.7802 14.9045 12.9614 6.17347 6.0865 6.18707 5.63364 5.79256 6.82352 5.46157 5.91523 14.0082 9.94801 5.53296 5.12034 5.10748 4.55225 4.48114 4.14879 3.17518 3.07014 2.67758 3.50394 2.66886 3.75343 2.56707 6.6718
threshold=1690.5000000000002 0.40000000000000396 45.000000000000007 1680.5000000000002 0.79999999999999993 0.64999999999999869 -0.54999999999999882 1.2250000000000003 20.050000000000004 0.25000000000000006 1999.5000000000002 1.2000000000000013 5.1999999999999984 75.500000000000014 6.5000000000000009 0.25000000000000017 27.500000000000004 0.39999999999999908 0.14999999999999861 4.5000000000000009 1004.35 88.500000000000014 4.9000000000000004 27.750000000000004 0.67007489853957602 25.350000000000005 27.500000000000004 19.150000000000002 2.0999999999999992 -0.87810534180523914
decision_type=2 2 2 2 2 2 2 2 2 2 2 2 2 2 2 2 2 2 2 2 2 2 2 2 2 2 2 2 2 2
left_child=3 9 6 7 -5 26 -3 8 -1 18 11 22 13 15 -15 -9 17 -14 19 20 -2 -10 -11 -18 25 -20 27 -4 29 -7
right_child=1 2 5 4 -6 28 -8 12 21 10 -12 -13 16 14 -16 -17 23 -19 24 -21 -22 -23 -24 -25 -26 -27 -28 -29 -30 -31
leaf_value=0.015676081901201986 0.0013646904202731062 -3.5945516556990643e-06 -5.2994308669026478e-06 -2.8345978230805622e-05 -5.2994308669026478e-06 -5.2994308669026478e-06 -5.2518336370131758e-06 0.0010351583096379821 -0.0037907376916275124 3.5955033712047573e-06 5.19128122310766e-05 -0.00016448592092031881 -0.00085717933309473345 -0.00010042752916359434 -0.0069858625746982619 -4.6471480714601544e-05 -0.0012143111347675177 2.9344556941729252e-05 -0.00021947113508499449 -0.00115010631551392 -0.00016938912998958649 0.0057027927003396803 3.1532773718735086e-05 -0.00033411148882991703 -0.00069317978187399376 -0.00079860323177465985 -5.2994308669026478e-06 -5.2994308669026478e-06 -5.2994308669026478e-06 -5.2994308669026478e-06
leaf_weight=505 586 575 616 1268 871 512 648 21506 502 1511 771 1029 4754 65318 1502 28396 573 2995 694 921 2432 530 553 1011 545 526 683 2668 86645 5268
leaf_count=505 586 575 616 1268 871 512 648 21506 502 1511 771 1029 4754 65318 1502 28396 573 2995 694 921 2432 530 553 1011 545 526 683 2668 86645 5268
internal_value=-0.00306963 -0.0066753 -0.00728626 -9.05899e-05 -0.00264479 -0.0073461 -0.00256531 -4.77295e-05 0.00182749 -0.000442006 0.000442318 -0.000138126 -7.06228e-05 -1.47785e-05 -0.000199336 0.000232346 -0.000768881 -0.000438331 -0.00104101 -0.000439609 0.000124172 0.00049323 0.000856728 -0.00238335 -0.00238115 -0.00159574 -0.00565949 -0.00601643 -0.00741837 -0.00679177
internal_weight=236914 107183 97615 129731 2139 96392 1223 127592 1537 9568 3864 3093 126055 116722 66820 49902 9333 7749 5704 3939 3018 1032 2064 1584 1765 1220 3967 3284 92425 5780
internal_count=236914 107183 97615 129731 2139 96392 1223 127592 1537 9568 3864 3093 126055 116722 66820 49902 9333 7749 5704 3939 3018 1032 2064 1584 1765 1220 3967 3284 92425 5780
is_linear=0
shrinkage=0.03


Tree=304
num_leaves=31
num_cat=0
split_feature=25 9 7 11 25 9 9 11 9 1 9 39 11 28 43 9 24 44 44 29 15 7 7 11 30 21 3 11 2 0
split_gain=2801.26 202.125 49.2838 20.5241 14.3831 11.3048 11.1538 20.4126 10.2202 9.16183 8.82659 8.1363 7.57744 7.51711 6.38534 6.0965 5.89904 6.00939 8.91678 5.59237 5.39042 5.08845 4.57785 4.39682 4.2954 3.12357 6.5979 2.81299 2.11604 2.69183
threshold=1690.5000000000002 55.000000000000007 2.0999999999999992 -0.49999999999999906 1680.5000000000002 235.00000000000003 135.00000000000003 -0.35000000000000137 65.000000000000014 87.500000000000014 35.000000000000007 -0.94703994556331683 0.099999999999996106 20.500000000000004 13.500000000000002 75.000000000000014 -1.5499999999999996 11899.500000000002 5940.0000000000009 11.366666666666669 0.16329931618542379 1.2500000000000002 3.8000000000000029 0.30000000000000032 9.5000000000000018 14.500000000000002 12.450000000000001 -0.14999999999999855 1017.6500000000002 22.350000000000005
decision_type=2 2 2 2 2 2 2 2 2 2 2 2 2 2 2 2 2 2 2 2 2 2 2 2 2 2 2 2 2 2
left_child=4 3 5 -2 14 9 7 -4 -6 27 12 -7 20 -11 28 -9 19 18 -18 -16 -5 -13 -12 -21 -14 26 -8 -3 -1 -30
right_child=1 2 6 10 8 11 25 15 -10 13 22 21 24 -15 16 -17 17 -19 -20 23 -22 -23 -24 -25 -26 -27 -28 -29 29 -31
leaf_value=-0.00018014207150727983 -5.2960379701304008e-06 -5.1404479408955686e-06 -5.1404479408955686e-06 -0.00037653375020244202 -5.3754774475551704e-06 -5.1404479408955686e-06 -5.1404479408955686e-06 -2.6606970934323042e-06 -5.1404479408955686e-06 -1.0392235916739792e-05 -3.8813972909911792e-06 -5.1404479408955686e-06 0.0009588245863367393 0.00058813673563410632 -0.00030020407978007316 -5.1404479408955686e-06 1.3236174801580251e-05 -0.00393382451573297 0.0089319201980174959 5.3380650846676718e-05 -0.00014984440656026692 -5.1404479408955686e-06 2.2095865394802267e-05 -0.0015037489141558342 -0.00022350509195879191 -5.1404479408955686e-06 -5.1404479408955686e-06 -5.1404479408955686e-06 -0.00068133214644880728 -0.0032097302649515889
leaf_weight=11079 871 770 6048 1107 952 505 5601 514 1219 524 626 1258 615 589 1119 2694 107506 912 600 1120 505 5265 639 920 2437 75365 504 929 3553 671
leaf_count=11079 871 770 6048 1107 952 505 5601 514 1219 524 626 1258 615 589 1119 2694 107506 912 600 1120 505 5265 639 920 2437 75365 504 929 3553 671
internal_value=-0.00309839 -0.0066823 -0.00702077 -0.00167598 -0.000130444 -0.00500203 -0.00723961 -0.00624757 -0.00255062 -0.00339019 -0.00104325 -0.0056458 -0.00164595 -0.0012713 -8.91891e-05 -0.00430841 -1.0764e-05 2.62796e-05 4.67588e-05 -0.00128836 -0.00330855 -0.00592989 0.00117798 -0.000352595 -0.000766208 -0.00735216 -0.006687 -0.00477513 -0.000663999 -0.00123521
internal_weight=237017 107366 100566 6800 129651 9840 90726 9256 2171 2812 5929 7028 4664 1113 127480 3208 112177 109018 108106 3159 1612 6523 1265 2040 3052 81470 6105 1699 15303 4224
internal_count=237017 107366 100566 6800 129651 9840 90726 9256 2171 2812 5929 7028 4664 1113 127480 3208 112177 109018 108106 3159 1612 6523 1265 2040 3052 81470 6105 1699 15303 4224
is_linear=0
shrinkage=0.03


Tree=305
num_leaves=31
num_cat=0
split_feature=35 9 9 11 11 35 24 9 9 11 10 24 11 6 30 39 2 22 5 2 37 2 29 6 35 28 15 9 5 3
split_gain=2794.28 213.604 19.9397 37.1043 19.5568 13.6866 11.1379 8.40479 7.98827 9.54614 7.43275 5.73047 5.12393 5.02612 13.2932 11.9573 17.3725 21.2804 11.872 8.91374 17.2367 9.56582 8.70856 18.6902 11.0664 5.51131 4.8483 4.77798 3.66018 12.1113
threshold=945.00000000000011 55.000000000000007 155.00000000000003 -0.29999999999999799 -0.40000000000000385 935.00000000000011 1.1500000000000006 65.000000000000014 35.000000000000007 0.099999999999996106 -0.19999999999999749 0.84999999999999976 -0.14999999999999855 28.250000000000004 9.5000000000000018 -0.86974577485258975 1008.2500000000001 30.500000000000004 26.250000000000004 1006.0500000000001 -0.9330127018922193 999.55000000000007 10.225000000000001 24.350000000000005 825.00000000000011 8.5000000000000018 0.16020819787592197 315.00000000000006 19.250000000000004 14.750000000000002
decision_type=2 2 2 2 2 2 2 2 2 2 2 2 2 2 2 2 2 2 2 2 2 2 2 2 2 2 2 2 2 2
left_child=5 4 3 -3 -2 13 28 -7 9 26 -5 -12 -8 15 25 16 18 -18 -1 21 -21 -16 23 -17 -24 -15 -6 -14 29 -4
right_child=1 2 6 10 8 7 12 -9 -10 -11 11 -13 27 14 19 22 17 -19 -20 20 -22 -23 24 -25 -26 -27 -28 -29 -30 -31
leaf_value=-0.010105510797455135 -5.1371568310264888e-06 -4.986234502668701e-06 -4.986234502668701e-06 -4.986234502668701e-06 -0.00030176639872605941 -6.3141414888979828e-06 -4.986234502668701e-06 -4.986234502668701e-06 1.1690085987680548e-05 -0.00010206210299548452 -4.986234502668701e-06 -4.986234502668701e-06 -4.986234502668701e-06 -0.00033462139245954425 0.0024455699697356992 0.0010215743344424788 0.016350816626604196 0.0039634129871071854 0.00060996572135406184 -0.00425979213566744 0.0015811003737936156 -0.0017107737539429687 -0.0011738572638786615 -0.00073016776561465836 4.1969531230997767e-05 -0.008159441576712622 -0.00014563476728733925 -4.986234502668701e-06 -4.986234502668701e-06 -4.986234502668701e-06
leaf_weight=582 865 9137 4800 1007 1066 985 5443 1221 1256 3011 2310 1363 2410 721 991 29536 604 2467 7776 1506 5745 4007 43409 14708 13381 2050 504 6912 66741 657
leaf_count=582 865 9137 4800 1007 1066 985 5443 1221 1256 3011 2310 1363 2410 721 991 29536 604 2467 7776 1506 5745 4007 43409 14708 13381 2050 504 6912 66741 657
internal_value=-0.00308873 -0.0066656 -0.00701048 -0.00594887 -0.00147897 -0.000124276 -0.00717901 -0.00246603 -0.00085417 -0.0014352 -0.00377403 -0.0031449 -0.00642429 -8.37157e-05 -0.000599121 -1.48713e-05 0.000904776 0.00283355 0.000195574 -0.000174476 0.00049738 -0.001149 -0.000118918 0.000196628 -0.000364752 -0.00247476 -0.00333015 -0.0059926 -0.00733317 -0.00657401
internal_weight=237171 107482 100780 13817 6702 129689 86963 2206 5837 4581 4680 3673 14765 127483 15020 112463 11429 3071 8358 12249 7251 4998 101034 44244 56790 2771 1570 9322 72198 5457
internal_count=237171 107482 100780 13817 6702 129689 86963 2206 5837 4581 4680 3673 14765 127483 15020 112463 11429 3071 8358 12249 7251 4998 101034 44244 56790 2771 1570 9322 72198 5457
is_linear=0
shrinkage=0.03


Tree=306
num_leaves=31
num_cat=0
split_feature=25 8 8 25 8 15 7 25 32 4 3 32 39 11 8 24 30 23 24 2 20 7 24 8 8 36 4 2 21 39
split_gain=2810.68 451.892 26.0005 12.9853 15.8723 5.90433 5.74721 8.27764 9.48253 11.2281 8.79073 9.13576 8.66301 4.79277 4.69583 6.20102 6.01103 6.06176 5.81694 4.76552 4.71308 3.789 4.6946 3.74729 3.7209 3.42355 3.25305 4.66372 3.24537 5.64984
threshold=1690.5000000000002 0.49999999999999739 0.69999999999999762 1680.5000000000002 0.79999999999999993 0.17511900715417214 4.6999999999999984 1570.5000000000002 53.500000000000007 1.6500000000000006 9.6500000000000004 53.500000000000007 0.99445195900249039 0.35000000000000148 0.25000000000000006 -0.65000000000000024 11.500000000000002 3.5000000000000004 1.2000000000000013 1004.1500000000002 0.099999999999965908 1.9000000000000015 -0.29999999999999888 1.0999999999999963 0.500000000000001 0.93301270189221952 1.7999999999999983 1008.35 16.500000000000004 0.69521084835931835
decision_type=2 2 2 2 2 2 2 2 2 2 2 2 2 2 2 2 2 2 2 2 2 2 2 2 2 2 2 2 2 2
left_child=3 14 5 6 -5 -3 7 8 12 -10 -9 -12 -1 25 15 -2 17 -17 21 -18 -20 -16 -23 26 -7 -8 27 -4 29 -15
right_child=1 2 23 4 -6 24 13 10 9 -11 11 -13 -14 28 18 16 19 -19 20 -21 -22 22 -24 -25 -26 -27 -28 -29 -30 -31
leaf_value=-0.00021679937667769432 -0.0006957228466068549 -4.8366474675886395e-06 -4.8366474675886395e-06 -1.7103345179704768e-05 -4.8366474675886395e-06 -4.8366474675886395e-06 -1.5276852104449874e-05 -0.00060212891626308478 0.0033508855160242694 -0.0048055117592760831 0.0001112813554794962 0.00057888574317248613 0.0021393579017574479 0.003896730038463365 7.1165846984159512e-05 0.0018474389271255702 0.00033192292884898721 -0.00046451019894468468 -0.00025270437431439949 -0.00064676985663899525 2.2502061824209573e-05 2.7531495730040931e-05 -1.1111121834088997e-05 -4.8366474675886395e-06 -4.8366474675886395e-06 0.00057864770063816289 -4.8366474675886395e-06 -4.8366474675886395e-06 -0.001248759994664109 -0.0014646640301210852
leaf_weight=90747 680 3254 503 1320 873 551 6265 820 822 2797 14180 517 3437 537 502 683 653 994 779 2641 676 893 1089 83181 719 589 8494 862 5986 892
leaf_count=90747 680 3254 503 1320 873 551 6265 820 822 2797 14180 517 3437 537 502 683 653 994 779 2641 676 893 1089 83181 719 589 8494 862 5986 892
internal_value=-0.00307637 -0.00667228 -0.00728307 -0.000107371 -0.00239522 -0.00505745 -6.80103e-05 3.44152e-06 -9.86913e-05 -0.00160522 0.00064711 0.000815872 -4.07704e-05 -0.000635379 -0.000458194 -0.00101229 -0.000643977 0.000817451 0.000336843 -0.00138805 -0.0011685 0.00121883 0.00062752 -0.00739118 -0.00331368 -6.34481e-05 -0.00682918 -0.00544806 -0.00116388 0.000120545
internal_weight=236936 107154 97564 129782 2193 4524 127589 113320 97803 3619 15517 14697 94184 14269 9590 5651 4971 1677 3939 3294 1455 2484 1982 93040 1270 6854 9859 1365 7415 1429
internal_count=236936 107154 97564 129782 2193 4524 127589 113320 97803 3619 15517 14697 94184 14269 9590 5651 4971 1677 3939 3294 1455 2484 1982 93040 1270 6854 9859 1365 7415 1429
is_linear=0
shrinkage=0.03


Tree=307
num_leaves=25
num_cat=0
split_feature=25 8 9 25 8 8 12 1 1 31 33 22 23 32 39 8 37 25 28 5 7 39 18 5
split_gain=2796.06 445.774 27.1599 15.2924 15.2043 13.6315 5.85219 5.60155 7.60879 13.5296 11.537 6.46677 6.97028 4.49371 5.73585 4.72341 6.08902 4.72231 3.52219 3.44493 2.79611 7.40106 1.64968 1.17068
threshold=1690.5000000000002 0.49999999999999739 45.000000000000007 1680.5000000000002 0.85000000000000153 0.64999999999999869 -0.018333333333333295 27.500000000000004 45.500000000000007 11.679487179487181 -1.3905051150895138 34.500000000000007 6.5000000000000009 51.500000000000007 0.98174098242282837 0.25000000000000006 0.6830127018922193 1999.5000000000002 28.500000000000004 19.150000000000002 2.0999999999999992 -0.87810534180523914 5.3290705182007522e-15 14.65
decision_type=2 2 2 2 2 2 2 2 2 2 2 2 2 2 2 2 2 2 2 2 2 2 2 2
left_child=3 13 6 7 22 18 -3 -1 9 -9 -11 12 -10 14 15 16 -2 -17 19 -4 21 -7 -5 -22
right_child=1 2 5 4 -6 20 -8 8 11 10 -12 -13 -14 -15 -16 17 -18 -19 -20 -21 23 -23 -24 -25
leaf_value=-0.0034468839132724472 -0.00049208956708884173 -3.2718970888736497e-06 -4.6915480435609804e-06 -1.052871904268701e-05 -4.6915480435609804e-06 -4.6915480435609804e-06 -4.900332042788405e-06 -0.0010087764475039415 -3.6901678598682276e-05 0.0052493170627964519 0.00086382359944307645 0.0039964341280119518 -0.00096719430919929193 0.0016492228262867004 6.5374146228035649e-05 -1.0327820975150468e-05 -0.0009198053598389722 4.117874226250039e-05 -4.6915480435609804e-06 -4.6915480435609804e-06 -4.6915480435609804e-06 -4.6915480435609804e-06 3.6966877791154452e-05 -4.6915480435609804e-06
leaf_weight=548 4084 564 617 795 799 533 624 525 117906 727 2125 705 4783 521 671 2824 918 667 595 2693 817 5294 594 85915
leaf_count=548 4084 564 617 795 799 533 624 525 117906 727 2125 705 4783 521 671 2824 918 667 595 2693 817 5294 594 85915
internal_value=-0.00309834 -0.00667872 -0.00728757 -0.000130821 -0.00261644 -0.00734311 -0.00277311 -8.80648e-05 -7.49568e-05 0.00132954 0.00214436 -0.000113415 -0.0001299 -0.000539641 -0.000693869 -0.000904944 -0.0014958 -5.79731e-05 -0.00559956 -0.00598279 -0.00741654 -0.0067666 -0.00071711 -0.00746005
internal_weight=236844 107337 97652 129507 2188 96464 1188 127319 126771 3377 2852 123394 122689 9685 9164 8493 5002 3491 3905 3310 92559 5827 1389 86732
internal_count=236844 107337 97652 129507 2188 96464 1188 127319 126771 3377 2852 123394 122689 9685 9164 8493 5002 3491 3905 3310 92559 5827 1389 86732
is_linear=0
shrinkage=0.03


Tree=308
num_leaves=31
num_cat=0
split_feature=25 9 7 11 25 9 9 11 9 28 9 11 35 9 7 35 32 9 39 6 3 4 10 31 36 25 9 11 9 11
split_gain=2807.49 213.409 47.9101 19.1014 13.9802 11.5412 11.1792 21.342 10.7703 9.3824 8.12456 10.0655 6.42875 6.38444 6.11718 5.90992 10.3962 9.53803 10.2963 7.52802 7.32198 4.78026 4.44442 4.1385 3.67623 3.21042 2.84461 2.62144 4.53387 1.81804
threshold=1690.5000000000002 55.000000000000007 2.0999999999999992 -0.49999999999999906 1680.5000000000002 425.00000000000006 135.00000000000003 -0.30000000000000021 75.000000000000014 35.500000000000007 35.000000000000007 0.099999999999996106 1315.0000000000002 45.000000000000007 5.9000000000000004 815.00000000000011 52.500000000000007 145.00000000000003 0.99445195900249039 16.750000000000004 24.950000000000003 4.0000000000000036 -0.14999999999999855 17.630681818181824 0.93301270189221952 1559.5000000000002 65.000000000000014 0.09999999999999877 205.00000000000003 -0.40000000000000119
decision_type=2 2 2 2 2 2 2 2 2 2 2 2 2 2 2 2 2 2 2 2 2 2 2 2 2 2 2 2 2 2
left_child=4 3 5 -2 14 9 7 29 -6 12 11 21 -3 -12 15 17 19 18 -1 -17 -19 -5 -9 -13 25 -16 -27 -8 -29 -4
right_child=1 2 6 10 8 -7 27 22 -10 -11 13 23 -14 -15 24 16 -18 20 -20 -21 -22 -23 -24 -25 -26 26 -28 28 -30 -31
leaf_value=-0.00030815932197406136 -4.7063562994363163e-06 -4.5508016022541516e-06 -4.5508016022541516e-06 -0.0003203094021524941 -4.520160941354474e-06 -4.5508016022541516e-06 -4.5508016022541516e-06 -4.5508016022541516e-06 -4.5508016022541516e-06 -4.5508016022541516e-06 3.6236812575082575e-05 -0.00028176798407249308 -4.5508016022541516e-06 -4.4657447177680274e-06 -0.0051328805276714736 -0.00015060473949333927 0.00062750349525844044 -0.0039136829262927837 0.0021915271495741772 8.0619915892457953e-05 0.0025166395200815271 -0.00015154667685258203 -4.5508016022541516e-06 7.6685269532998678e-05 0.00024721072088521522 -0.00036471856090038656 2.9729682007970348e-05 -4.5508016022541516e-06 -4.5508016022541516e-06 -4.5508016022541516e-06
leaf_weight=91910 865 5046 5580 757 1066 3654 71688 699 1132 506 699 1561 636 586 785 3048 718 3535 3440 19902 797 826 1954 1570 699 2033 676 1065 8681 1086
leaf_count=91910 865 5046 5580 757 1066 3654 71688 699 1132 506 699 1561 636 586 785 3048 718 3535 3440 19902 797 826 1954 1570 699 2033 676 1065 8681 1086
internal_value=-0.00308787 -0.00667407 -0.0070233 -0.00155549 -0.000117521 -0.00503302 -0.00723902 -0.0062496 -0.00248864 -0.00424071 -0.000953591 -0.0015299 -0.0045892 0.00115967 -7.662e-05 -3.8305e-05 0.000387833 -0.000139491 -7.69255e-05 0.000276446 -0.00151592 -0.00347792 -0.00396893 -0.000543409 -0.00120322 -0.0016004 -0.00110937 -0.00735209 -0.00687987 -0.00715582
internal_weight=237200 107459 100595 6864 129741 9842 90753 9319 2198 6188 5999 4714 5682 1285 127543 123350 23668 99682 95350 22950 4332 1583 2653 3131 4193 3494 2709 81434 9746 6666
internal_count=237200 107459 100595 6864 129741 9842 90753 9319 2198 6188 5999 4714 5682 1285 127543 123350 23668 99682 95350 22950 4332 1583 2653 3131 4193 3494 2709 81434 9746 6666
is_linear=0
shrinkage=0.03


Tree=309
num_leaves=31
num_cat=0
split_feature=35 7 35 11 23 5 35 7 5 0 24 0 38 20 38 6 39 2 22 23 38 38 2 38 35 6 29 6 36 5
split_gain=2831.32 77.8077 62.1428 34.1419 15.8105 24.7242 11.1958 10.5727 8.28635 7.94685 7.76945 7.69014 6.52354 6.22295 5.86235 5.75753 10.9442 16.3172 18.0511 13.8198 10.7827 16.1362 21.742 11.3152 10.6131 9.5477 8.60409 15.2291 12.8225 4.6993
threshold=945.00000000000011 2.0999999999999992 1005.0000000000001 -0.24999999999999997 3.5000000000000004 26.650000000000002 935.00000000000011 1.2999999999999983 18.550000000000004 16.550000000000004 1.8999999999999997 30.550000000000004 -0.63921128368950708 -1.6000000000000794 0.93845596220871974 28.250000000000004 -0.86974577485258975 1008.2500000000001 32.500000000000007 3.5000000000000004 -0.16799356919963607 -0.20180236284700911 1010.7500000000001 0.42179998225932674 855.00000000000011 28.750000000000004 9.6333333333333346 25.250000000000004 -0.93301270189221908 14.65
decision_type=2 2 2 2 2 2 2 2 2 2 2 2 2 2 2 2 2 2 2 2 2 2 2 2 2 2 2 2 2 2
left_child=6 4 3 -3 5 7 15 10 9 29 -2 13 -6 -5 -9 16 17 19 -19 -1 21 22 -17 24 -22 -25 27 -18 -28 -4
right_child=1 2 8 11 12 -7 -8 14 -10 -11 -12 -13 -14 -15 -16 20 26 18 -20 -21 23 -23 -24 25 -26 -27 28 -29 -30 -31
leaf_value=-0.0017241801316357174 -1.0983531434578379e-06 -4.4142775541865276e-06 -4.4142775541865276e-06 -4.4142775541865276e-06 -4.4142775541865276e-06 0.00060449711997035121 -4.4142775541865276e-06 -4.4142775541865276e-06 -4.4142775541865276e-06 -4.4142775541865276e-06 -4.4142775541865276e-06 -4.4142775541865276e-06 -4.4142775541865276e-06 -4.4142775541865276e-06 -4.4142775541865276e-06 -0.00077744107515178163 0.001115666923718468 0.0094966471007159672 -0.0020774443319612522 0.0018574911899828452 -0.0063830732587143767 0.0057498952296189884 0.0082854353900112844 -0.0018068036840449653 0.00033190228494857393 0.0056398045325894673 0.0018636451444946764 -0.00076934299388228486 -0.00012728480883480485 -4.4142775541865276e-06
leaf_weight=2340 892 5476 1008 1909 624 864 2183 3783 79556 840 795 1705 3929 2397 830 7567 28668 2228 847 5931 3676 528 845 1007 510 957 4508 10789 56787 2984
leaf_count=2340 892 5476 1008 1909 624 864 2183 3783 79556 840 795 1705 3929 2397 830 7567 28668 2228 847 5931 3676 528 845 1007 510 957 4508 10789 56787 2984
internal_value=-0.0030684 -0.00666422 -0.00694632 -0.00487445 -0.00435511 -0.00347474 -7.78563e-05 -0.00412726 -0.00722823 -0.00601365 -0.00209147 -0.00331157 -0.0057382 -0.00398677 -0.00487053 -4.12768e-05 3.27832e-05 0.00091602 0.00278112 0.000222108 -0.000591373 7.3809e-05 -0.000246019 -0.00155803 -0.00243911 0.000320448 -6.66971e-05 0.000278834 -0.000289125 -0.00657236
internal_weight=236963 107592 95875 11487 11717 7164 129371 6300 84388 4832 1687 6011 4553 4306 4613 127188 112098 11346 3075 8271 15090 8940 8412 6150 4186 1964 100752 39457 61295 3992
internal_count=236963 107592 95875 11487 11717 7164 129371 6300 84388 4832 1687 6011 4553 4306 4613 127188 112098 11346 3075 8271 15090 8940 8412 6150 4186 1964 100752 39457 61295 3992
is_linear=0
shrinkage=0.03


Tree=310
num_leaves=31
num_cat=0
split_feature=25 8 9 8 25 8 2 10 2 38 29 24 8 37 24 8 24 7 30 7 35 31 28 5 24 11 7 39 38 5
split_gain=2802.46 459.501 31.0501 14.1945 12.6345 16.6902 6.61877 6.46871 5.85662 30.4129 46.3466 18.4539 5.9323 6.89139 6.56909 3.77307 5.89969 4.1128 5.43611 5.72513 4.04018 6.75256 3.71978 3.57913 2.72311 2.4693 2.33821 5.40232 1.34644 0.681856
threshold=1690.5000000000002 0.49999999999999739 45.000000000000007 0.70000000000000029 1680.5000000000002 0.79999999999999993 1028.5500000000002 -0.54999999999999882 1.0000000180025095e-35 -0.8781231054254196 14.366666666666669 3.3500000000000001 1.7000000000000004 0.25000000000000017 0.25000000000000006 0.25000000000000006 -0.65000000000000024 3.5000000000000013 16.500000000000004 1.9000000000000015 1265.0000000000002 23.320512820512821 30.500000000000004 19.150000000000002 1.4500000000000004 0.1000000000000001 2.0999999999999992 -0.86974577485258975 -0.01397611846945947 14.65
decision_type=2 2 2 2 2 2 2 2 2 2 2 2 2 2 2 2 2 2 2 2 2 2 2 2 2 2 2 2 2 2
left_child=4 15 7 22 6 28 8 -3 9 10 -1 -11 13 -10 -14 16 -2 18 19 -17 21 -18 23 -4 -22 -19 27 -5 -6 -28
right_child=1 2 3 26 5 -7 -8 -9 12 11 -12 -13 14 -15 -16 17 20 25 -20 -21 24 -23 -24 -25 -26 -27 29 -29 -30 -31
leaf_value=0.011372305224538764 -0.00061626348045055047 -2.9001211605987545e-06 -4.2818492275609317e-06 -4.2818492275609317e-06 -4.2653923390331225e-05 -4.2818492275609317e-06 0.0087079628573277345 -3.7109129490665486e-06 0.00020506626218354999 -0.00062244203351730521 -0.0020576734159619141 -0.013036932788885149 1.7357712380840607e-05 -0.00010108471883191592 -0.00042150070898149217 6.2909282641555739e-05 -0.00057346459219209222 6.6131623487522837e-06 -0.00010757357834589446 -2.4095672917686812e-05 -0.00012429082915277876 0.001279798799123232 -4.2818492275609317e-06 -4.2818492275609317e-06 -0.00069719020664561434 0.00010150669284022982 -4.2818492275609317e-06 -4.2818492275609317e-06 3.6691636608746104e-05 -4.2818492275609317e-06
leaf_weight=570 647 555 982 511 623 903 509 639 69080 4713 560 1113 1319 47244 2254 799 2834 925 872 823 521 1110 596 4037 576 500 767 4623 673 85052
leaf_count=570 647 555 982 511 623 903 509 639 69080 4713 560 1113 1319 47244 2254 799 2834 925 872 823 521 1110 596 4037 576 500 767 4623 673 85052
internal_value=-0.00308487 -0.00666891 -0.00728412 -0.00734358 -0.000114674 -0.00236824 -7.57278e-05 -0.00247074 -8.94525e-05 -0.000935614 0.00356449 -0.00180937 -4.03465e-05 -3.35265e-06 -0.00124406 -0.000408211 -0.000901582 0.000307957 -0.000426683 0.000600369 -0.000554729 -0.000106437 -0.00587369 -0.00614071 -0.00216333 0.0015925 -0.0074342 -0.00679614 -0.0001849 -0.00747221
internal_weight=236930 107369 97762 96568 129561 2199 127362 1194 126853 6956 1130 5826 119897 116324 3573 9607 5688 3919 2494 1622 5041 3944 5615 5019 1097 1425 90953 5134 1296 85819
internal_count=236930 107369 97762 96568 129561 2199 127362 1194 126853 6956 1130 5826 119897 116324 3573 9607 5688 3919 2494 1622 5041 3944 5615 5019 1097 1425 90953 5134 1296 85819
is_linear=0
shrinkage=0.03


Tree=311
num_leaves=31
num_cat=0
split_feature=25 8 9 8 25 8 10 39 39 38 20 24 2 27 21 38 5 23 3 44 8 24 24 3 39 23 35 25 28 5
split_gain=2788 472.753 28.4482 14.2952 12.8444 15.7803 5.60877 5.35326 20.3463 16.8272 19.7987 16.5961 16.1808 14.0516 13.9422 10.3636 8.78232 8.5635 7.70502 7.23537 4.44673 6.26774 5.47838 5.88511 7.34031 4.17669 4.59729 4.4133 3.55262 5.03589
threshold=1690.5000000000002 0.49999999999999739 45.000000000000007 0.70000000000000029 1680.5000000000002 0.79999999999999993 -0.50000000000000255 -0.95242240592625282 -0.89404254237865755 0.12545942051955489 -0.54999999999995441 1.6000000000000008 1004.7500000000001 7.366666666666668 26.500000000000004 -0.25205528343633254 28.650000000000002 4.5000000000000009 27.250000000000004 22.000000000000004 0.25000000000000006 -0.65000000000000024 1.55 15.450000000000001 0.44312301391210612 4.5000000000000009 1205.0000000000002 1730.5000000000002 28.500000000000004 19.150000000000002
decision_type=2 2 2 2 2 2 2 2 2 2 2 2 2 2 2 2 2 2 2 2 2 2 2 2 2 2 2 2 2 2
left_child=4 20 6 28 7 -6 -3 9 11 12 -11 17 16 -13 -12 -14 -1 -9 19 -10 21 -2 23 -22 -25 26 -23 -27 29 -4
right_child=1 2 3 -5 5 -7 -8 8 18 10 14 13 15 -15 -16 -17 -18 -19 -20 -21 22 25 -24 24 -26 27 -28 -29 -30 -31
leaf_value=0.0036893379536604527 -0.00062702286451551742 -2.779539366744675e-06 -4.1533937507341034e-06 -4.1533937507341034e-06 -1.6982635062934397e-05 -4.1533937507341034e-06 -3.8755455153238152e-06 -0.00098419704059198748 -2.9897428909151087e-05 0.0010590574572150353 -0.00030106095007675915 0.0014181500344890496 -0.0051985432316949427 0.0090967155160739735 -0.011830519680902088 0.002435762445220369 -0.0029653167882153506 0.0039410527664288219 -0.0035786623629640688 -0.0031883368142145165 -2.2858179696631189e-05 0.00059865709236182462 -0.00010199125212249524 1.36267119534875e-05 7.2769329654725102e-05 -0.00024965303494099711 -0.00039235805128455271 -0.0011242269848373975 -4.1533937507341034e-06 -4.1533937507341034e-06
leaf_weight=502 691 578 910 90859 1306 898 631 1853 107394 946 741 1347 540 2121 1896 5266 1828 825 575 1652 694 2470 1074 1627 543 589 1387 591 837 3900
leaf_count=502 691 578 910 90859 1306 898 631 1853 107394 946 741 1347 540 2121 1896 5266 1828 825 575 1652 694 2470 1074 1627 543 589 1387 591 837 3900
internal_value=-0.00308421 -0.0066595 -0.00728555 -0.00734286 -0.00012387 -0.00239347 -0.00270644 -8.45962e-05 -2.27392e-05 -0.000695546 -0.00240795 0.00165664 5.89826e-05 0.00302594 -0.0037429 0.000906508 -0.00205189 -0.000117537 -0.000116923 -9.86263e-05 -0.000330472 -0.000863874 0.000445431 0.0011305 0.00189917 -0.000495634 -1.74916e-05 -0.00205584 -0.00587228 -0.00618766
internal_weight=237071 107381 97715 96506 129690 2204 1209 127486 115767 11719 3583 6146 8136 3468 2637 5806 2330 2678 109621 109046 9666 5728 3938 2864 2170 5037 3857 1180 5647 4810
internal_count=237071 107381 97715 96506 129690 2204 1209 127486 115767 11719 3583 6146 8136 3468 2637 5806 2330 2678 109621 109046 9666 5728 3938 2864 2170 5037 3857 1180 5647 4810
is_linear=0
shrinkage=0.03


Tree=312
num_leaves=29
num_cat=0
split_feature=25 8 9 25 8 8 6 35 37 2 2 22 6 6 7 10 28 36 32 30 8 23 8 5 7 2 31 5
split_gain=2801.01 462.926 31.1269 15.5965 14.702 12.8693 7.17676 13.8807 13.9425 14.4751 9.86702 8.22799 12.539 19.845 14.9254 6.57953 4.67303 4.54372 3.41279 5.22602 4.45141 5.97718 4.1519 3.24833 2.22851 5.06694 1.04331 0.703835
threshold=1690.5000000000002 0.49999999999999739 45.000000000000007 1680.5000000000002 0.79999999999999993 0.70000000000000207 28.250000000000004 915.00000000000011 -0.9330127018922193 1006.5500000000001 1009.0500000000001 33.500000000000007 27.050000000000004 26.850000000000005 1.1500000000000006 -0.54999999999999882 31.500000000000004 -0.5 51.500000000000007 21.500000000000004 0.2999999999999981 4.5000000000000009 0.39999999999999908 19.150000000000002 2.0999999999999992 1011.1500000000002 14.620192307692308 14.65
decision_type=2 2 2 2 2 2 2 2 2 2 2 2 2 2 2 2 2 2 2 2 2 2 2 2 2 2 2 2
left_child=3 18 15 6 26 16 11 8 10 -10 -8 12 13 -1 -14 -3 23 -13 19 20 21 -2 -22 -4 25 -7 -5 -26
right_child=1 2 5 4 -6 24 7 -9 9 -11 -12 17 14 -15 -16 -17 -18 -19 -20 -21 22 -23 -24 -25 27 -27 -28 -29
leaf_value=-9.7075106672430337e-06 -7.6398202955338661e-05 -2.7297313447784517e-06 -4.0287919382120806e-06 1.8606636380530914e-05 -4.0287919382120806e-06 -4.0287919382120806e-06 -0.0030478495106758875 0.0002967688185213838 -0.0021991940447070339 0.0007435217975236074 -0.013805949829484835 -0.0045116684124226099 0.0057653916254660539 -0.0029203916233559207 0.00011909122677698613 -3.3288877468863516e-06 -4.0287919382120806e-06 -0.00068089828241163204 0.0015226484653914497 -0.00022586686687348738 2.6287891006523734e-05 -0.00059113731929140185 -1.2596098381474733e-05 -4.0287919382120806e-06 -4.0287919382120806e-06 -4.0287919382120806e-06 -5.5484713735986606e-05 -4.0287919382120806e-06
leaf_weight=93978 3865 574 1000 525 882 1773 2596 531 4872 6377 647 792 5015 2036 10110 653 511 515 516 841 2301 1416 716 4199 804 3389 755 84831
leaf_count=93978 3865 574 1000 525 882 1773 2596 531 4872 6377 647 792 5015 2036 10110 653 511 515 516 841 2301 1416 716 4199 804 3389 755 84831
internal_value=-0.00308376 -0.00666683 -0.0072859 -0.000115422 -0.00264094 -0.00734628 -7.25459e-05 -0.000688353 -0.000863116 -0.000363301 -0.00259553 9.73783e-06 3.75874e-05 -8.88914e-05 0.000840385 -0.00253255 -0.00595851 -0.00235485 -0.000399969 -0.000534132 -0.000305422 -0.000830494 0.000613614 -0.00622813 -0.00743342 -0.00681158 -0.000585023 -0.00747075
internal_weight=237020 107389 97734 129631 2162 96507 127469 15023 14492 11249 3243 112446 111139 96014 15125 1227 5710 1307 9655 9139 8298 5281 3017 5199 90797 5162 1280 85635
internal_count=237020 107389 97734 129631 2162 96507 127469 15023 14492 11249 3243 112446 111139 96014 15125 1227 5710 1307 9655 9139 8298 5281 3017 5199 90797 5162 1280 85635
is_linear=0
shrinkage=0.03


Tree=313
num_leaves=31
num_cat=0
split_feature=35 8 9 8 35 8 10 32 36 6 39 2 6 6 36 6 37 22 39 39 8 24 6 15 36 3 24 39 24 28
split_gain=2788.97 452.725 31.6457 14.37 9.86925 14.9059 7.58386 5.57193 19.4712 15.6641 14.9275 14.6161 15.9779 6.83097 6.77592 18.8209 27.1347 17.7589 22.2644 13.1104 4.76841 5.89437 4.85019 8.99998 5.63211 4.20546 4.78649 6.11586 3.63495 3.58732
threshold=945.00000000000011 0.49999999999999739 45.000000000000007 0.70000000000000207 935.00000000000011 0.79999999999999993 -0.50000000000000255 12.500000000000002 -0.5 27.850000000000005 -0.6523320455745395 1008.7500000000001 27.150000000000002 28.450000000000003 -0.24999999999999994 25.150000000000002 -0.5 22.500000000000004 0.64414586362404946 -0.8142754349318998 0.25000000000000006 -0.65000000000000024 25.350000000000005 0.10954451150100934 0.25000000000000011 15.250000000000002 2.100000000000001 0.41202506375868281 3.600000000000001 27.500000000000004
decision_type=2 2 2 2 2 2 2 2 2 2 2 2 2 2 2 2 2 2 2 2 2 2 2 2 2 2 2 2 2 2
left_child=4 20 6 29 7 -6 -3 8 11 10 -10 12 -1 -11 17 19 -17 -9 -19 -16 21 -2 24 -24 -23 -22 27 -27 -13 -4
right_child=1 2 3 -5 5 -7 -8 14 9 13 -12 28 -14 -15 15 16 -18 18 -20 -21 25 22 23 -25 -26 26 -28 -29 -30 -31
leaf_value=0.010351315666319163 -0.00060310360603385061 -2.6478394044350985e-06 -3.9079281800657184e-06 -3.9079281800657184e-06 -3.3479090776801509e-06 -3.9079281800657184e-06 -2.1589092861345959e-06 0.0064198811370477765 -0.0051623640547698276 0.012138425214465726 0.003649924978988861 -0.002074605170676209 -0.00281054656757145 0.0048169172846294827 0.0041992537044674809 -0.00088512988769790912 -0.0076521274893105781 0.00026446870771054454 -0.00044092955906781137 -4.8651932953203135e-05 -4.0681468863121605e-05 0.00094350338762028173 -0.0012339895061402252 5.9382245910474663e-05 -0.00035736552093259378 9.0366747436148186e-06 -0.00010539468514623406 6.5151328652011123e-05 -0.0088440474237275763 -3.9079281800657184e-06
leaf_weight=680 732 580 4734 90777 1327 891 643 972 935 529 3218 1249 1232 701 952 14447 1860 38288 5539 56029 840 1263 607 696 2362 1828 576 719 666 1039
leaf_count=680 732 580 4734 90777 1327 891 643 972 935 529 3218 1249 1232 701 952 14447 1860 38288 5539 56029 840 1263 607 696 2362 1828 576 719 666 1039
internal_value=-0.00308237 -0.00665683 -0.00726789 -0.00732864 -0.000118305 -0.00210135 -0.00246735 -8.37202e-05 0.0006269 0.00178969 0.000907942 -0.00100875 0.000846395 0.00476055 -0.000139154 -0.000316824 -0.00121543 0.000151503 6.24586e-05 -5.9623e-05 -0.000448052 -0.00100671 -0.00063286 -0.00220115 -6.82382e-05 0.000349937 0.0008568 0.00141526 -0.00285994 -0.00587143
internal_weight=236911 107396 97773 96550 129515 2218 1223 127297 9210 5383 4153 3827 1912 1230 118087 73288 16307 44799 43827 56981 9623 5660 4928 1303 3625 3963 3123 2547 1915 5773
internal_count=236911 107396 97773 96550 129515 2218 1223 127297 9210 5383 4153 3827 1912 1230 118087 73288 16307 44799 43827 56981 9623 5660 4928 1303 3625 3963 3123 2547 1915 5773
is_linear=0
shrinkage=0.03


Tree=314
num_leaves=31
num_cat=0
split_feature=25 8 9 25 8 11 8 39 38 39 25 2 22 2 5 22 21 21 39 29 8 24 24 10 23 39 3 39 28 5
split_gain=2815.89 463.252 33.031 17.0808 18.3651 12.7862 10.449 5.84723 19.4812 19.1501 18.6971 17.6336 15.9847 15.1649 26.4901 9.89302 9.41383 8.00008 21.9761 15.2062 4.67703 5.82011 4.9976 4.46225 4.31312 5.50644 3.87122 7.21126 3.77495 4.08037
threshold=1699.5000000000002 0.40000000000000396 55.000000000000007 1680.5000000000002 0.85000000000000153 -0.19999999999999971 0.70000000000000029 -0.95242240592625282 0.12545942051955489 -0.86974577485258975 1559.5000000000002 1004.85 32.500000000000007 995.75000000000011 28.450000000000003 31.500000000000004 26.500000000000004 23.500000000000004 0.29958852271690523 15.633333333333335 0.25000000000000006 -0.65000000000000024 1.4500000000000004 -0.45000000000000101 4.5000000000000009 0.063390085881955341 15.450000000000001 0.44312301391210612 28.500000000000004 19.150000000000002
decision_type=2 2 2 2 2 2 2 2 2 2 2 2 2 2 2 2 2 2 2 2 2 2 2 2 2 2 2 2 2 2
left_child=3 20 5 7 -5 23 28 8 11 13 16 15 -13 -9 -15 -1 -10 19 -19 -11 21 -2 26 -3 25 -23 -22 -28 29 -4
right_child=1 2 6 4 -6 -7 -8 9 10 17 -12 12 -14 14 -16 -17 -18 18 -20 -21 22 24 -24 -25 -26 -27 27 -29 -30 -31
leaf_value=4.7665739832566641e-05 -0.00060146312366934755 -3.997043118757449e-06 -3.7906903346637463e-06 -3.7767659143589529e-06 -3.7906903346637463e-06 4.6582305648491734e-06 -3.7906903346637463e-06 -0.0036569511367581407 -0.0026396008800958935 0.00027054487932395762 0.00077722038097870357 0.0055169849440763526 -0.0011934903535727058 0.011932140532869732 0.0016557393592434532 -0.0047810867710821889 -0.011375076513241631 -0.00013758667866711871 -0.0031896908612566973 -0.0002143968999525798 -1.6216097531470789e-05 -0.00060833283444190484 -7.9013124383884388e-05 -3.9063037782555042e-06 -0.00088229438711768062 0.00035454049048124365 9.4846976786358001e-06 7.0705336177574637e-05 -3.7906903346637463e-06 -3.7906903346637463e-06
leaf_weight=1074 638 740 903 1528 904 544 90214 849 768 52679 802 3324 2340 1511 5851 1359 2010 37546 1766 15612 639 1799 1256 502 1123 2048 1476 526 796 3695
leaf_count=1074 638 740 903 1528 904 544 90214 849 768 52679 802 3324 2340 1511 5851 1359 2010 37546 1766 15612 639 1799 1256 502 1123 2048 1476 526 796 3695
internal_value=-0.00305385 -0.0066602 -0.00727715 -8.65307e-05 -0.00257601 -0.00322987 -0.00735268 -3.90021e-05 -0.000678782 2.55146e-05 -0.00252094 0.000136128 0.00105365 0.00142183 0.00185972 -0.00199897 -0.00368525 -8.10604e-05 -0.000421987 0.000115202 -0.000338435 -0.000893048 0.000459733 -0.00490756 -0.000546058 -6.81995e-05 0.00120034 0.0018488 -0.00606282 -0.00639457
internal_weight=236822 106899 97394 129923 2432 1786 95608 127491 11677 115814 3580 8097 5664 8211 7362 2433 2778 107603 39312 68291 9505 5608 3897 1242 4970 3847 2641 2002 5394 4598
internal_count=236822 106899 97394 129923 2432 1786 95608 127491 11677 115814 3580 8097 5664 8211 7362 2433 2778 107603 39312 68291 9505 5608 3897 1242 4970 3847 2641 2002 5394 4598
is_linear=0
shrinkage=0.03


Tree=315
num_leaves=31
num_cat=0
split_feature=35 8 9 8 35 8 10 35 31 32 44 44 23 1 37 29 3 8 8 7 20 9 19 37 1 35 4 27 30 28
split_gain=2799.91 448.481 33.4432 16.0661 11.6745 14.472 6.74089 5.53623 9.66275 8.39667 7.79948 11.4237 7.27714 6.83113 6.20262 12.5269 7.93372 4.28773 4.85399 4.22205 4.80716 4.1288 4.11412 10.575 5.17859 4.05241 7.14233 3.58024 2.60212 2.44203
threshold=945.00000000000011 0.49999999999999739 45.000000000000007 0.70000000000000207 935.00000000000011 0.85000000000000153 -0.54999999999999882 845.00000000000011 37.759615384615394 40.500000000000007 10714.500000000002 5940.0000000000009 3.5000000000000004 83.500000000000014 0.6830127018922193 13.366666666666669 19.950000000000003 0.25000000000000006 0.14999999999999861 4.8500000000000023 0.099999999999965908 295.00000000000006 0.19999999999987497 0.25000000000000017 78.500000000000014 1195.0000000000002 1.8499999999999999 26.916666666666668 11.500000000000002 28.500000000000004
decision_type=2 2 2 2 2 2 2 2 2 2 2 2 2 2 2 2 2 2 2 2 2 2 2 2 2 2 2 2 2 2
left_child=4 17 6 25 7 -6 -3 8 10 14 11 -1 27 29 16 -16 -9 18 22 20 28 -22 24 -24 -2 26 -4 -10 -19 -11
right_child=1 2 3 -5 5 -7 -8 9 12 13 -12 -13 -14 -15 15 -17 -18 19 -20 -21 21 -23 23 -25 -26 -27 -28 -29 -30 -31
leaf_value=-0.00021531917775573838 -0.0010288245671835449 -2.4484929287393222e-06 -3.6769696246238339e-06 -3.6769696246238339e-06 -3.4737163979055015e-06 -3.6769696246238339e-06 -2.1054209093494635e-06 -0.00015607325113154699 -0.0031958331913051704 -5.9801391625509168e-05 -0.0073608169940211675 0.010005913805223931 -0.010323285180285724 0.00091032275446172733 -4.3878118628623903e-06 0.00019868542664800353 5.860070764803975e-05 1.0625545258962727e-05 -0.00054783279813942494 3.6344156559683162e-05 -7.2314025849537167e-06 6.2816552191327172e-05 -0.00074972470983187167 0.0019649069353676607 7.4407065603862492e-05 -3.6769696246238339e-06 -3.6769696246238339e-06 0.0024867720680260439 -3.1691957733900743e-05 0.00027491027993371549
leaf_weight=103987 1274 577 564 91083 1419 784 647 3946 651 532 974 556 874 803 3081 1600 8895 627 1755 708 647 606 620 704 1236 1601 3550 503 1363 927
leaf_count=103987 1274 577 564 91083 1419 784 647 3946 651 532 974 556 874 803 3081 1600 8895 627 1755 708 647 606 620 704 1236 1601 3550 503 1363 927
internal_value=-0.00307527 -0.00665283 -0.00725715 -0.00731947 -0.000104451 -0.00226871 -0.00232463 -6.69711e-05 -0.000151817 0.000394218 -0.000112373 -8.74504e-05 -0.00220197 0.00211352 0.00017205 0.00110666 -0.000168769 -0.000443303 -0.000977911 0.000313053 -0.000145609 0.00130876 -0.000379301 0.000972851 -0.00109275 -0.00577095 -0.00526603 -0.000635813 -0.00106175 0.00088809
internal_weight=237094 107562 98022 96798 129532 2203 1224 127329 107545 19784 105517 104543 2028 2262 17522 4681 12841 9540 5589 3951 3243 1253 3834 1324 2510 5715 4114 1154 1990 1459
internal_count=237094 107562 98022 96798 129532 2203 1224 127329 107545 19784 105517 104543 2028 2262 17522 4681 12841 9540 5589 3951 3243 1253 3834 1324 2510 5715 4114 1154 1990 1459
is_linear=0
shrinkage=0.03


end of trees

feature_importances:
drop_from_max=1082
minutes_since_midnight=777
forecast_gap_from_max_so_far=737
forecast_age_minutes=637
day_sin=488
day_cos=486
dew_point_spread=378
rh_current=368
range_so_far=354
time_since_max=325
dew_point_current=315
min_so_far=304
month_cos=264
wind_offshore_highland_mean=262
temp_change_60m=245
pressure_current=229
max_so_far=220
wind_victoria_harbour_mean=208
forecast_range=201
wind_ref_mean=189
temp_current=151
wind_offshore_highland_max=140
forecast_max_temp=127
forecast_min_temp=120
wind_ref_max=106
temp_change_30m=95
month_sin=90
temp_volatility_60m=83
pressure_change_180m=79
temp_slope_60m=67
wind_victoria_harbour_max=62
wind_data_age_minutes=59
wind_all_change_60m=42
pressure_change_60m=36
temp_slope_30m=26
wind_kings_park_current=23
is_morning=16
rh_change_60m=15
dew_point_spread_change_60m=14
is_evening=14
is_afternoon=12
temp_acceleration_60m=4
obs_data_age_minutes=4
dew_point_change_60m=3

parameters:
[boosting: gbdt]
[objective: quantile]
[metric: quantile]
[tree_learner: serial]
[device_type: cpu]
[data_sample_strategy: bagging]
[data: ]
[valid: ]
[num_iterations: 1500]
[learning_rate: 0.03]
[num_leaves: 31]
[num_threads: 4]
[seed: 42]
[deterministic: 0]
[force_col_wise: 0]
[force_row_wise: 0]
[histogram_pool_size: -1]
[max_depth: 6]
[min_data_in_leaf: 500]
[min_sum_hessian_in_leaf: 0.001]
[bagging_fraction: 0.8]
[pos_bagging_fraction: 1]
[neg_bagging_fraction: 1]
[bagging_freq: 1]
[bagging_seed: 400]
[bagging_by_query: 0]
[feature_fraction: 0.8]
[feature_fraction_bynode: 1]
[feature_fraction_seed: 30056]
[extra_trees: 0]
[extra_seed: 12879]
[early_stopping_round: 0]
[early_stopping_min_delta: 0]
[first_metric_only: 0]
[max_delta_step: 0]
[lambda_l1: 0]
[lambda_l2: 2]
[linear_lambda: 0]
[min_gain_to_split: 0]
[drop_rate: 0.1]
[max_drop: 50]
[skip_drop: 0.5]
[xgboost_dart_mode: 0]
[uniform_drop: 0]
[drop_seed: 17869]
[top_rate: 0.2]
[other_rate: 0.1]
[min_data_per_group: 100]
[max_cat_threshold: 32]
[cat_l2: 10]
[cat_smooth: 10]
[max_cat_to_onehot: 4]
[top_k: 20]
[monotone_constraints: ]
[monotone_constraints_method: basic]
[monotone_penalty: 0]
[feature_contri: ]
[forcedsplits_filename: ]
[refit_decay_rate: 0.9]
[cegb_tradeoff: 1]
[cegb_penalty_split: 0]
[cegb_penalty_feature_lazy: ]
[cegb_penalty_feature_coupled: ]
[path_smooth: 0]
[interaction_constraints: ]
[verbosity: -1]
[saved_feature_importance_type: 0]
[use_quantized_grad: 0]
[num_grad_quant_bins: 4]
[quant_train_renew_leaf: 0]
[stochastic_rounding: 1]
[linear_tree: 0]
[max_bin: 255]
[max_bin_by_feature: ]
[min_data_in_bin: 3]
[bin_construct_sample_cnt: 200000]
[data_random_seed: 175]
[is_enable_sparse: 1]
[enable_bundle: 1]
[use_missing: 1]
[zero_as_missing: 0]
[feature_pre_filter: 1]
[pre_partition: 0]
[two_round: 0]
[header: 0]
[label_column: ]
[weight_column: ]
[group_column: ]
[ignore_column: ]
[categorical_feature: ]
[forcedbins_filename: ]
[precise_float_parser: 0]
[parser_config_file: ]
[objective_seed: 16083]
[num_class: 1]
[is_unbalance: 0]
[scale_pos_weight: 1]
[sigmoid: 1]
[boost_from_average: 1]
[reg_sqrt: 0]
[alpha: 0.75]
[fair_c: 1]
[poisson_max_delta_step: 0.7]
[tweedie_variance_power: 1.5]
[lambdarank_truncation_level: 30]
[lambdarank_norm: 1]
[label_gain: ]
[lambdarank_position_bias_regularization: 0]
[eval_at: ]
[multi_error_top_k: 1]
[auc_mu_weights: ]
[num_machines: 1]
[local_listen_port: 12400]
[time_out: 120]
[machine_list_filename: ]
[machines: ]
[gpu_platform_id: -1]
[gpu_device_id: -1]
[gpu_use_dp: 0]
[num_gpu: 1]

end of parameters

pandas_categorical:[]
