tree
version=v4
num_class=1
num_tree_per_iteration=1
label_index=0
max_feature_idx=53
objective=quantile
feature_names=temp_current rh_current pressure_current dew_point_current dew_point_spread max_so_far min_so_far range_so_far drop_from_max time_since_max temp_change_30m temp_change_60m temp_slope_30m temp_slope_60m temp_acceleration_60m temp_volatility_60m rh_change_60m dew_point_change_60m dew_point_spread_change_60m pressure_change_60m pressure_change_180m forecast_min_temp forecast_max_temp forecast_range forecast_gap_from_max_so_far forecast_age_minutes forecast_lead_days wind_ref_mean wind_ref_max wind_victoria_harbour_mean wind_victoria_harbour_max wind_offshore_highland_mean wind_offshore_highland_max wind_all_change_60m wind_kings_park_current minutes_since_midnight month_sin month_cos day_sin day_cos is_morning is_afternoon is_evening obs_data_age_minutes wind_data_age_minutes rainfall_60m rainfall_120m has_recent_rainfall_obs rain_intensity_max_120m rain_cooling_60m rain_after_max_flag post_peak_rain_flag rain_data_gap_flag rainfall_data_age_minutes
feature_infos=[6.4000000000000004:36] [25:100] [0:1032.7] [0.29999999999999999:28.699999999999999] [-0.5:20.200000000000003] [6.7000000000000002:36] [6.4000000000000004:31.600000000000001] [0:9.6999999999999993] [0:9.6999999999999993] [0:1070] [-5.6999999999999993:2.5] [-5.8000000000000007:3.2000000000000028] [-0.18999999999999997:0.083333333333333329] [-0.096666666666666679:0.053333333333333378] [-0.19333333333333325:0.19333333333333336] [0:2.9393876913397849] [-19:23] [-4.5999999999999996:4.5] [-5.8000000000000007:5.5000000000000036] [-2.7999999999999545:4] [-4.8000000000000682:4.8999999999999773] [7:29] [10:36] [2:11] [-4.3000000000000007:7.1999999999999993] [1025:3620] none [0:76.799999999999997] [0:122] [0:69.799999999999997] [0:102] [1.1818181818181819:100.25] [4:144] [-20.545454545454547:16.59090909090909] [0:56] [360:1430] [-1:1] [-1:1] [-0.9999994220246925:0.99998555065071859] [-0.99997919295908233:0.9999907524084426] [0:1] [0:1] [0:1] [10:26] [10:25915] [0:116] [0:162] [0:1] [0:57] [0:151.20000000000005] [0:1] [0:1] none [10:20]
tree_sizes=1656 1845 1708 1942 1798 1942 1715 1649 1795 1934 1833 1935 2006 1829 2095 2263 1759 2097 2306 2179 1938 1945 2373 2200 1928 1999 2296 2447 2163 2390 2117 2391 1924 2329 2019 1825 1793 2028 1817 2418 1666 2308 1853 1863 1935 1918 1939 1771 1780 2232 2127 1782 1963 2586 1951 1967 2184 2513 2263 2120 2222 1903 2366 2132 2537 2784 2153 2156 2067 1699 2439 2055 1910 1698 1610 2363 2271 2447 1608 2162 2440 1814 1906 1292 2248 1913 1826 2025 1290 2163 1433 2445 1864 1871 1355 1382 1901 1379 1607 1725 1550 1432 2173 1251 2184 1905 1296 1634 1607 1901 1385 1453 1829 1987 1832 1900 1702 1498 1200 1799 1547 2186 1347 1548 1707 1634 1526 1524 1348 1653 1133 1535 1808 1408 1300 2083 1454 1600 1465 1368 1391 1343 1202 1823 1793 1826 1347 1794 1475 1228 1455 1473 1576 1433 1363 1806 1827 1818 1574 1372 1564 1657 1373 2209 1659

Tree=0
num_leaves=19
num_cat=0
split_feature=35 8 8 24 35 8 35 35 39 6 8 24 8 24 8 15 8 24
split_gain=5285.49 435.768 236.796 86.856 54.7525 48.6974 31.2403 23.4081 20.1722 12.0879 9.11346 6.81403 5.68543 3.8252 3.13842 3.10076 0.492626 0.266763
threshold=845.00000000000011 0.4000000000000013 0.40000000000000396 1.4500000000000004 765.00000000000011 1.0000000180025095e-35 905.00000000000011 895.00000000000011 0.63089349388778826 23.450000000000003 0.19999999999999754 2.6500000000000008 0.64999999999999869 1.55 0.1000000000000001 0.1169045194451603 0.90000000000000402 2.100000000000001
decision_type=2 2 2 2 2 2 2 2 2 2 2 2 2 2 2 2 2 2
left_child=2 5 4 -4 10 -2 -7 -3 14 -8 13 -12 -9 15 -6 -1 -14 -15
right_child=1 7 3 -5 8 6 9 12 -10 -11 11 -13 16 17 -16 -17 -18 -19
leaf_value=0.0090000003576278676 0 0 0 0.0060000000894069672 0.0090000003576278676 0 0 0 0 0 0.0090000003576278676 0.068999998569488519 0 0.033000000715255738 0.0030000000447034836 0.024000000357627869 0 0.072000002861022941
leaf_weight=500 941 733 977 778 670 531 522 975 504 729 950 761 1244 1029 529 1892 11939 6169
leaf_count=500 941 733 977 778 670 531 522 975 504 729 950 761 1244 1029 529 1892 11939 6169
internal_value=-0.00874726 -0.0198425 0.00449512 -0.00584377 0.00589113 -0.00879908 -0.0117124 -0.0218604 0.000875367 -0.0142997 0.00664669 0.00461909 -0.0221345 0.0070074 0.00299126 0.00595238 -0.02231 0.00735625
internal_weight=32373 17614 14759 1755 13004 2723 1782 14891 1703 1251 11301 1711 14158 9590 1199 2392 13183 7198
internal_count=32373 17614 14759 1755 13004 2723 1782 14891 1703 1251 11301 1711 14158 9590 1199 2392 13183 7198
is_linear=0
shrinkage=0.03


Tree=1
num_leaves=22
num_cat=0
split_feature=35 8 8 24 35 8 5 25 37 8 8 35 5 24 24 31 6 35 24 24 24
split_gain=5296.72 372.843 279.099 109.539 57.4393 52.5068 35.1254 22.1739 17.6209 15.5692 9.99317 9.43817 8.71115 6.45293 4.05651 3.4049 1.5699 0.623213 0.238617 0.381432 0.195118
threshold=855.00000000000011 0.4000000000000013 0.4000000000000013 1.4500000000000004 775.00000000000011 1.0000000180025095e-35 27.050000000000004 1669.5000000000002 0.25000000000000017 0.79999999999999993 0.19999999999999754 945.00000000000011 25.250000000000004 2.6500000000000008 1.55 21.591666666666672 23.650000000000002 925.00000000000011 1.3999999999999997 1.9500000000000004 2.100000000000001
decision_type=2 2 2 2 2 2 2 2 2 2 2 2 2 2 2 2 2 2 2 2 2
left_child=2 5 4 6 10 -2 -4 -7 -6 11 14 -3 -9 -12 15 -1 -13 -11 -19 -20 -16
right_child=1 9 3 -5 8 7 -8 12 -10 17 13 16 -14 -15 20 -17 -18 18 19 -21 -22
leaf_value=0.020279999631643297 0 0 0 0.0058200000867247581 0.0059100000880658622 0 0 0 0 0 0.008730000346899032 0 0 0.063930001473426812 0.032010000693798064 0.0082800003468990312 0 0 0 0 0.069840002775192256
leaf_weight=2018 878 562 548 876 895 548 648 507 689 636 957 521 640 695 1035 500 614 11290 564 552 6140
leaf_count=2018 878 562 548 876 895 548 648 507 689 636 957 521 640 695 1035 500 614 11290 564 552 6140
internal_value=-0.00880435 -0.0201097 0.00424365 -0.00597396 0.0058818 -0.00956214 -0.0118698 -0.0126444 0.000529634 -0.0219495 0.00662884 -0.0191539 -0.0150196 0.00446191 0.00699716 0.00594643 -0.0207718 -0.0223103 -0.0223852 -0.0213864 0.00736415
internal_weight=32313 17312 15001 2072 12929 2573 1196 1695 1584 14739 11345 1697 1147 1652 9693 2518 1135 13042 12406 1116 7175
internal_count=32313 17312 15001 2072 12929 2573 1196 1695 1584 14739 11345 1697 1147 1652 9693 2518 1135 13042 12406 1116 7175
is_linear=0
shrinkage=0.03


Tree=2
num_leaves=20
num_cat=0
split_feature=35 8 8 24 8 35 39 35 39 35 8 5 24 11 8 31 2 24 21
split_gain=5298.45 391.305 293.371 107.21 53.5464 52.4755 40.6956 25.5313 20.5451 17.0009 10.5106 10.1828 6.3952 7.67455 5.70848 1.25723 0.940033 0.622528 2.37691
threshold=855.00000000000011 0.4000000000000013 0.4000000000000013 1.4500000000000004 1.0000000180025095e-35 775.00000000000011 0.21652257995689161 915.00000000000011 0.47369649395226454 895.00000000000011 0.25000000000000006 25.250000000000004 1.55 0.20000000000000198 0.64999999999999869 14.519230769230772 1002.2500000000001 1.3999999999999997 24.500000000000004
decision_type=2 2 2 2 2 2 2 2 2 2 2 2 2 2 2 2 2 2 2
left_child=2 4 5 6 -2 10 -4 -6 15 -3 12 -9 13 -1 -11 -7 -14 -16 -19
right_child=1 9 3 -5 7 8 -8 11 -10 14 -12 -13 16 -15 17 -17 -18 18 -20
leaf_value=0.0081216003579497337 0 0 0 0.005645400084123015 0 0.0056413500773571431 0 0 0 0 0.014012100713968276 0 0.028744800546169277 0.019671599642693997 0 0.0057327000854238861 0.061049697096705435 0 0
leaf_weight=604 900 579 655 851 534 515 538 507 535 995 787 665 509 2161 12042 518 7363 502 809
leaf_count=604 900 579 655 851 534 515 538 507 535 995 787 665 509 2161 12042 518 7363 502 809
internal_value=-0.00885489 -0.0200595 0.00421133 -0.00634897 -0.00932324 0.00587348 -0.0121444 -0.0124444 0.000726115 -0.0219323 0.00657973 -0.0149233 0.00682747 0.00557553 -0.0221394 0.00319565 0.00726568 -0.0223147 -0.0212776
internal_weight=32569 17533 15036 2044 2606 12992 1193 1706 1568 14927 11424 1172 10637 2765 14348 1033 7872 13353 1311
internal_count=32569 17533 15036 2044 2606 12992 1193 1706 1568 14927 11424 1172 10637 2765 14348 1033 7872 13353 1311
is_linear=0
shrinkage=0.03


Tree=3
num_leaves=23
num_cat=0
split_feature=35 8 8 24 8 35 39 25 39 8 8 5 35 24 24 11 24 6 35 24 24 24
split_gain=5277.57 392.271 281.376 100.582 56.3994 54.5901 39.2617 24.4201 20.9889 15.4525 11.2571 10.3383 9.45041 7.83718 3.86698 2.73187 2.24672 2.11501 0.867414 0.694552 0.89339 0.260185
threshold=855.00000000000011 0.4000000000000013 0.4000000000000013 1.4500000000000004 1.0000000180025095e-35 775.00000000000011 0.21652257995689161 1669.5000000000002 0.57605713708605399 0.79999999999999993 0.19999999999999754 25.250000000000004 945.00000000000011 2.6500000000000008 1.55 0.30000000000000032 0.65000000000000047 23.550000000000004 925.00000000000011 1.3999999999999997 1.9500000000000004 2.1500000000000008
decision_type=2 2 2 2 2 2 2 2 2 2 2 2 2 2 2 2 2 2 2 2 2 2
left_child=2 4 5 6 -2 10 -4 -6 16 12 14 -9 -3 -12 15 -1 -7 -14 -11 -20 -21 -16
right_child=1 9 3 -5 7 8 -8 11 -10 18 13 -13 17 -15 21 -17 -18 -19 19 20 -22 -23
leaf_value=0.0078779523472112412 0 0 0 0.0054760380815993253 0 0.0053807190734734391 0 0 0 0 0.005224452057532668 0 0 0.059430609443439239 0.032218210475338696 0.019441451631955504 0.0065276799014729811 0 0 0 0 0.065913311779035325
leaf_weight=523 871 562 655 861 572 604 522 502 501 648 961 639 502 708 1255 1971 506 658 11390 554 548 6008
leaf_count=523 871 562 655 861 572 604 522 502 501 648 961 639 502 708 1255 1971 506 658 11390 554 548 6008
internal_value=-0.00882276 -0.0200559 0.00417805 -0.00618382 -0.00925754 0.00579857 -0.0118766 -0.0124155 0.000627712 -0.0219318 0.00652739 -0.0149541 -0.0191676 0.00424147 0.00691746 0.00588341 0.00292716 -0.0207573 -0.0222911 -0.0223715 -0.0212092 0.00727082
internal_weight=32521 17446 15075 2038 2584 13037 1177 1713 1611 14862 11426 1141 1722 1669 9757 2494 1110 1160 13140 12492 1102 7263
internal_count=32521 17446 15075 2038 2584 13037 1177 1713 1611 14862 11426 1141 1722 1669 9757 2494 1110 1160 13140 12492 1102 7263
is_linear=0
shrinkage=0.03


Tree=4
num_leaves=21
num_cat=0
split_feature=25 8 8 24 25 8 39 25 39 25 8 6 30 8 18 24 6 13 2 19
split_gain=5201.12 409.12 296.866 106.476 60.115 52.5271 31.1467 21.9242 19.1338 15.4541 11.6607 10.4713 7.3599 5.14119 3.98947 3.40923 3.07876 3.0232 0.576282 0.232765
threshold=1600.5000000000002 0.4000000000000013 0.40000000000000396 1.4500000000000004 1510.5000000000002 1.0000000180025095e-35 0.21652257995689161 1670.5000000000002 0.57605713708605399 1640.5000000000002 0.14999999999999861 23.550000000000004 16.500000000000004 0.90000000000000402 0.3000000000000061 1.55 18.650000000000002 0.0050000000000000053 1002.7500000000001 -0.24999999999999997
decision_type=2 2 2 2 2 2 2 2 2 2 2 2 2 2 2 2 2 2 2 2
left_child=2 5 4 6 10 -2 -4 -7 14 -3 15 -9 -12 16 -6 17 -11 -1 -17 -18
right_child=1 9 3 -5 8 7 -8 11 -10 13 12 -13 -14 -15 -16 18 19 -19 -20 -21
leaf_value=0.0076416137767949047 0 0 0 0.0053117569391513443 0.0024548886424546018 0 0 0 0 0 0.033479876934748527 0 0.0078910037533470329 0 0.0082034636071911457 0.040905057176413143 0 0.018948208104454509 0.057935910995152794 0
leaf_weight=516 902 597 623 791 586 609 514 508 568 503 948 554 760 12004 687 522 541 1907 6672 1159
leaf_count=516 902 597 623 791 586 609 514 508 568 503 948 554 760 12004 687 522 541 1907 6672 1159
internal_value=-0.00884142 -0.0200306 0.00404114 -0.00694819 0.0056512 -0.00897961 -0.0128205 -0.0121264 0.000622626 -0.0219499 0.00646839 -0.0147321 0.00417544 -0.0221527 0.00266471 0.00687468 -0.0206837 0.00588557 0.00720609 -0.0213631
internal_weight=32471 17377 15094 1928 13166 2573 1137 1671 1841 14804 11325 1062 1708 14207 1273 9617 2203 2423 7194 1700
internal_count=32471 17377 15094 1928 13166 2573 1137 1671 1841 14804 11325 1062 1708 14207 1273 9617 2203 2423 7194 1700
is_linear=0
shrinkage=0.03


Tree=5
num_leaves=23
num_cat=0
split_feature=35 8 8 24 35 8 21 25 39 8 6 8 35 30 24 8 28 6 35 25 24 24
split_gain=5252.26 401.2 267.143 90.2829 57.5541 49.4072 35.879 27.9357 25.063 15.8664 9.48523 8.74653 7.92752 6.25346 3.16696 2.89306 2.31959 2.2021 0.917044 0.423458 0.0749812 0.269275
threshold=855.00000000000011 0.4000000000000013 0.40000000000000396 1.4500000000000004 755.00000000000011 1.0000000180025095e-35 23.500000000000004 1669.5000000000002 0.57605713708605399 0.79999999999999993 23.550000000000004 0.19999999999999754 945.00000000000011 16.500000000000004 2.1500000000000008 0.1000000000000001 24.500000000000004 23.650000000000002 925.00000000000011 1369.5000000000002 1.3999999999999997 1.9500000000000004
decision_type=2 2 2 2 2 2 2 2 2 2 2 2 2 2 2 2 2 2 2 2 2 2
left_child=2 5 4 6 11 -2 -4 -7 15 12 -9 14 -3 -13 16 -6 -1 -14 -11 -16 -20 -22
right_child=1 9 3 -5 8 7 -8 10 -10 18 -12 13 17 -15 19 -17 -18 -19 20 -21 21 -23
leaf_value=0.025412364290607451 0 0 0 0.0051524042309768047 0.006122848160306088 0 0 0 0 0 0 0.038475478480938852 0 0.010160961405163524 0.071197833665298207 0.0051356402725131339 0.014929762934204482 0 0 0.032197831519530998 0 0
leaf_weight=2568 885 548 529 798 838 582 563 547 655 645 593 913 506 711 5120 632 883 618 11385 871 564 576
leaf_count=2568 885 548 529 798 838 582 563 547 655 645 593 913 506 711 5120 632 883 618 11385 871 564 576
internal_value=-0.00883668 -0.0200425 0.00412965 -0.00641385 0.00564106 -0.0091788 -0.012011 -0.0121375 0.00111777 -0.0219493 -0.0148687 0.00650931 -0.0191039 0.00446494 0.00685991 0.00329144 0.00612294 -0.020595 -0.0223075 0.00728225 -0.0223886 -0.0214623
internal_weight=32530 17449 15081 1890 13191 2607 1092 1722 2125 14842 1140 11066 1672 1624 9442 1470 3451 1124 13170 5991 12525 1140
internal_count=32530 17449 15081 1890 13191 2607 1092 1722 2125 14842 1140 11066 1672 1624 9442 1470 3451 1124 13170 5991 12525 1140
is_linear=0
shrinkage=0.03


Tree=6
num_leaves=20
num_cat=0
split_feature=35 9 35 11 9 35 30 9 11 22 10 9 25 11 35 4 28 15 28
split_gain=5226.41 318.34 197.988 73.3059 63.6491 63.5569 27.862 17.677 15.4964 14.8815 8.33137 5.82347 5.62473 4.64254 4.10642 3.4562 1.91192 0.933702 0.887661
threshold=855.00000000000011 15.000000000000002 775.00000000000011 -1.0000000180025095e-35 45.000000000000007 925.00000000000011 16.500000000000004 1.0000000180025095e-35 0.099999999999996106 18.500000000000004 -0.19999999999999749 85.000000000000014 1660.5000000000002 -0.19999999999999971 685.00000000000011 5.0000000000000036 23.500000000000004 0.18708286933914778 29.500000000000004
decision_type=2 2 2 2 2 2 2 2 2 2 2 2 2 2 2 2 2 2 2
left_child=2 12 4 -4 10 8 -6 -5 17 -7 -1 13 -2 -11 16 -16 -12 -3 -13
right_child=1 5 3 7 6 9 -8 -9 -10 11 14 18 -14 -15 15 -17 -18 -19 -20
leaf_value=0.014783836902562578 0 0 0 0.0047895081482443175 0.017732342375620672 0 0 0 0 0 0.055751211610971303 0 0 0 0.0072318980044565467 0.015199994792400702 0.027061895794316317 0 0
leaf_weight=714 538 504 706 803 981 947 865 864 522 605 6155 11523 708 520 720 1261 1971 507 1115
leaf_count=714 538 504 706 803 981 947 865 864 522 605 6155 11523 708 520 720 1261 1971 507 1115
internal_value=-0.00894232 -0.0200928 0.00402473 -0.00392526 0.00551444 -0.0212138 0.00036526 -0.000489814 -0.0153567 -0.021822 0.00639264 -0.0220783 -0.00546875 -0.0198248 0.00661416 0.00537443 0.00691499 -0.0175395 -0.0222757
internal_weight=32529 17489 15040 2373 12667 16243 1846 1667 1533 14710 10821 13763 1246 1125 10107 1981 8126 1011 12638
internal_count=32529 17489 15040 2373 12667 16243 1846 1667 1533 14710 10821 13763 1246 1125 10107 1981 8126 1011 12638
is_linear=0
shrinkage=0.03


Tree=7
num_leaves=19
num_cat=0
split_feature=35 9 35 11 9 35 9 11 39 5 11 24 9 7 31 9 35 9
split_gain=5207.03 317.821 193.697 74.6676 62.8669 48.2384 36.202 22.7626 22.0053 15.7612 13.9788 11.7308 10.8066 6.60636 4.66542 4.51292 2.75295 0.565586
threshold=855.00000000000011 25.000000000000004 775.00000000000011 -1.0000000180025095e-35 105.00000000000001 935.00000000000011 1.0000000180025095e-35 -0.30000000000000021 0.5475998096715059 18.550000000000004 -0.19999999999999971 1.2000000000000013 1.0000000180025095e-35 1.9000000000000015 17.919871794871799 1.0000000180025095e-35 655.00000000000011 95.000000000000014
decision_type=2 2 2 2 2 2 2 2 2 2 2 2 2 2 2 2 2 2
left_child=2 6 4 -4 7 10 -2 -1 15 -7 -3 12 -9 14 -11 -5 -13 -15
right_child=1 5 3 8 -6 9 -8 11 -10 13 -12 16 -14 17 -16 -17 -18 -19
leaf_value=0.0012107582207453596 0 0 0 0.0048814140896858383 0 0 0 0.015494854584273512 0 0 0 0.057184530563906349 0.0049504347077246932 0 0 0.0017550992787008486 0.017309985184831372 0
leaf_weight=541 884 670 697 569 761 914 694 1634 509 588 910 7492 856 913 506 629 1416 11381
leaf_count=541 884 670 697 569 761 914 694 1634 509 588 910 7492 856 913 506 629 1416 11381
internal_value=-0.00888227 -0.0200389 0.00401562 -0.00379052 0.00549362 -0.0213148 -0.00718671 0.00602651 -0.000408133 -0.0218677 -0.0162895 0.00631184 0.00448435 -0.0221337 -0.0197217 0.0018125 0.00682155 -0.0223451
internal_weight=32564 17460 15104 2404 12700 15882 1578 11939 1707 14302 1580 11398 2490 13388 1094 1198 8908 12294
internal_count=32564 17460 15104 2404 12700 15882 1578 11939 1707 14302 1580 11398 2490 13388 1094 1198 8908 12294
is_linear=0
shrinkage=0.03


Tree=8
num_leaves=21
num_cat=0
split_feature=25 9 25 11 9 25 9 5 39 24 9 11 7 9 31 25 11 9 1 24
split_gain=5110.08 357.351 176.088 72.818 65.9391 53.2644 32.3633 19.394 18.9714 18.4477 22.5563 13.7269 6.88054 6.7795 5.03977 3.93319 5.2746 2.66901 2.10261 1.52504
threshold=1599.5000000000002 25.000000000000004 1510.5000000000002 -1.0000000180025095e-35 95.000000000000014 1660.5000000000002 1.0000000180025095e-35 18.550000000000004 0.57605713708605399 1.2000000000000013 15.000000000000002 -0.19999999999999971 1.9000000000000015 1.0000000180025095e-35 18.541958041958047 1380.5000000000002 0.500000000000001 85.000000000000014 74.500000000000014 2.1500000000000008
decision_type=2 2 2 2 2 2 2 2 2 2 2 2 2 2 2 2 2 2 2 2
left_child=2 6 4 -4 9 11 -2 -7 13 10 18 -3 14 -5 -9 19 -17 -14 -1 -11
right_child=1 5 3 8 -6 7 -8 12 -10 15 -12 -13 17 -15 -16 16 -18 -19 -20 -21
leaf_value=0.016825230935211464 0 0 0 0.0074670272996688308 0 0 0 0 0 0.026538301152451139 -3.6322746622360788e-05 0 0 0 0 0.0073158030957603468 0.030256597174628103 0 0.010485588712568618 0.065673826390092935
leaf_weight=1024 960 553 681 600 837 938 718 634 524 1160 577 724 903 657 504 914 912 11591 847 6127
leaf_count=1024 960 553 681 600 837 938 718 634 524 1160 577 724 903 657 504 914 912 11591 847 6127
internal_value=-0.00887185 -0.0198444 0.00406944 -0.0032569 0.0055246 -0.0212384 -0.00666964 -0.0217558 -6.30959e-05 0.00611325 0.00379592 -0.0153108 -0.0220478 0.00193606 -0.0196447 0.00673478 0.00547319 -0.0222635 0.00539375 0.00704932
internal_weight=32385 17525 14860 2462 12398 15847 1678 14570 1781 11561 2448 1277 13632 1257 1138 9113 1826 12494 1871 7287
internal_count=32385 17525 14860 2462 12398 15847 1678 14570 1781 11561 2448 1277 13632 1257 1138 9113 1826 12494 1871 7287
is_linear=0
shrinkage=0.03


Tree=9
num_leaves=22
num_cat=0
split_feature=35 9 35 13 9 24 9 35 5 9 24 13 19 13 7 32 24 31 9 4 4
split_gain=5133.26 300.2 192.375 79.5635 64.0641 53.9705 49.7975 37.9638 18.6073 18.5905 12.9276 13.7392 10.0547 7.27854 6.22396 5.11112 2.66366 2.47835 1.25454 1.19746 0.744509
threshold=855.00000000000011 35.000000000000007 775.00000000000011 -1.0000000180025095e-35 55.000000000000007 1.6500000000000006 1.0000000180025095e-35 915.00000000000011 18.550000000000004 1.0000000180025095e-35 1.2000000000000013 0.0024999999999999766 0.40000000000003416 -0.0024999999999999758 1.9000000000000015 33.500000000000007 2.5500000000000003 23.480769230769234 75.000000000000014 5.1499999999999995 1.4500000000000004
decision_type=2 2 2 2 2 2 2 2 2 2 2 2 2 2 2 2 2 2 2 2 2
left_child=2 6 4 -4 10 -6 -2 13 -9 -5 11 -1 -7 -3 15 -10 17 -12 -16 -13 -18
right_child=1 7 3 9 5 12 -8 8 14 -11 16 19 -14 -15 18 -17 20 -19 -20 -21 -22
leaf_value=-3.5233064223689964e-05 0 0 0 0.0043457641242884044 -3.6322746622360788e-05 0.003622030466768024 0 0 0 0 0.027617980844775087 0.011631837919653814 0.044275981048859478 0 0 0 0.048703611598390151 0.009276166343021492 0 0.014980401576146333 0.06370361159839015
leaf_weight=501 867 518 721 791 510 535 962 931 557 892 2616 810 511 506 592 536 597 513 11835 1153 4879
leaf_count=501 867 518 721 791 510 535 962 931 557 892 2616 810 511 506 592 536 597 513 11835 1153 4879
internal_value=-0.0089158 -0.0200549 0.00391042 -0.00386534 0.00539142 -0.000308087 -0.00854861 -0.0214135 -0.0218119 -0.000289318 0.00619253 0.00427007 0.00359256 -0.0157602 -0.0220995 -0.0197466 0.0067419 0.00602922 -0.0223033 0.00540076 0.00714677
internal_weight=32333 17304 15029 2404 12625 1556 1829 15475 14451 1683 11069 2464 1046 1024 13520 1093 8605 3129 12427 1963 5476
internal_count=32333 17304 15029 2404 12625 1556 1829 15475 14451 1683 11069 2464 1046 1024 13520 1093 8605 3129 12427 1963 5476
is_linear=0
shrinkage=0.03


Tree=10
num_leaves=21
num_cat=0
split_feature=35 8 35 8 8 8 25 39 8 38 35 22 32 25 25 31 8 4 39 8
split_gain=5194.53 396.398 198.069 108.806 48.6116 41.1838 27.8009 21.0941 16.1178 12.1227 10.9758 8.05493 7.23258 6.82653 3.63529 2.18979 1.8684 1.73218 1.20063 0.536855
threshold=855.00000000000011 0.4000000000000013 775.00000000000011 0.39999999999999908 1.0000000180025095e-35 0.29999999999999943 1670.5000000000002 0.56191161272202661 0.79999999999999993 0.36648264796514479 935.00000000000011 27.500000000000004 49.500000000000007 1400.5000000000002 1459.5000000000002 14.519230769230772 0.09999999999999877 5.2500000000000009 0.11478523713130605 1.0000000000000011
decision_type=2 2 2 2 2 2 2 2 2 2 2 2 2 2 2 2 2 2 2 2
left_child=2 4 5 7 -2 12 -6 15 10 13 -3 -8 14 -7 16 -4 -1 -16 -12 -10
right_child=1 8 3 -5 6 9 11 -9 19 -11 18 -13 -14 -15 17 -17 -18 -19 -20 -21
leaf_value=0.044738453031575399 0 0 0.0042512735567062808 0 0 0.019320877725118642 0 0 0 -0.00047769117937385657 0 0 0.0067226454595824573 1.0896823986708236e-06 0.006901291899334059 0.0051189286648469093 0.041620977612757577 0.012292377548845299 0 0
leaf_weight=6952 870 505 568 812 637 617 549 504 1307 783 667 515 834 503 504 546 1561 867 540 11758
leaf_count=6952 870 505 568 812 637 617 549 504 1307 783 667 515 834 503 504 546 1561 867 540 11758
internal_value=-0.00886107 -0.020049 0.00403524 -0.00380551 -0.00916731 0.00554523 -0.0121154 0.000694444 -0.0219408 0.00147638 -0.0191132 -0.0150844 0.00626726 0.00347594 0.00649403 0.00299731 0.00672666 0.00504188 -0.020701 -0.0223083
internal_weight=32399 17348 15051 2430 2571 12621 1701 1618 14777 1903 1712 1064 10718 1120 9884 1114 8513 1371 1207 13065
internal_count=32399 17348 15051 2430 2571 12621 1701 1618 14777 1903 1712 1064 10718 1120 9884 1114 8513 1371 1207 13065
is_linear=0
shrinkage=0.03


Tree=11
num_leaves=22
num_cat=0
split_feature=35 9 35 13 35 9 9 24 22 9 24 13 30 12 7 32 25 9 25 2 24
split_gain=5107.65 302.319 202.238 70.8661 49.3269 41.7638 34.9464 34.2638 19.6442 17.2523 13.2289 11.8607 11.2826 7.14746 6.56101 6.39744 3.428 2.43579 1.22556 2.15969 0.438882
threshold=855.00000000000011 25.000000000000004 785.00000000000011 -1.0000000180025095e-35 915.00000000000011 35.000000000000007 1.0000000180025095e-35 1.1500000000000006 18.500000000000004 1.0000000180025095e-35 2.1500000000000008 -0.0033333333333332915 16.500000000000004 -0.0033333333333332026 1.9000000000000015 36.500000000000007 1499.5000000000002 75.000000000000014 1339.5000000000002 1010.7500000000001 3.2500000000000004
decision_type=2 2 2 2 2 2 2 2 2 2 2 2 2 2 2 2 2 2 2 2 2
left_child=2 6 5 -4 11 10 -2 -7 -6 -5 13 -3 -9 -1 15 -10 -15 -16 20 -20 -12
right_child=1 4 3 9 8 7 -8 12 14 -11 18 -13 -14 16 17 -17 -18 -19 19 -21 -22
leaf_value=0.0037738937917687941 0 0 0 0.0039857902070885238 0 -0.00051654985348873373 0 0.030381493503317269 0 0 0.04353291429056521 0 1.542041777988652e-05 0.019024332199203506 0 0 0.0050069709496577981 0 0.026247457294358019 0.034311026272967886 0.081450351090002662
leaf_weight=529 870 528 655 680 963 553 674 957 641 795 1621 601 729 3290 739 519 604 11834 502 969 3060
leaf_count=529 870 528 655 680 963 553 674 957 641 795 1621 601 729 3290 739 519 604 11834 502 969 3060
internal_value=-0.00899466 -0.0200571 0.00386391 -0.00469278 -0.0212935 0.00528675 -0.00737387 0.00156292 -0.0217601 -0.00104096 0.00607474 -0.0151923 0.0036878 0.00481864 -0.0220555 -0.0197246 0.00526309 -0.0222674 0.00697595 0.00618635 0.00722133
internal_weight=32313 17369 14944 2130 15825 12814 1544 2239 14696 1475 10575 1129 1686 4423 13733 1160 3894 12573 6152 1471 4681
internal_count=32313 17369 14944 2130 15825 12814 1544 2239 14696 1475 10575 1129 1686 4423 13733 1160 3894 12573 6152 1471 4681
is_linear=0
shrinkage=0.03


Tree=12
num_leaves=23
num_cat=0
split_feature=35 8 35 8 8 8 25 24 35 37 24 6 11 8 8 24 35 25 2 4 24 24
split_gain=5113.84 405.483 195.915 98.2848 54.1193 45.7659 27.0384 18.1441 15.4188 15.2655 14.0584 10.9861 10.656 6.15818 4.79004 2.62851 2.14126 1.12734 1.31827 0.524312 0.361924 0.424457
threshold=855.00000000000011 0.4000000000000013 785.00000000000011 0.35000000000000148 1.0000000180025095e-35 0.29999999999999943 1670.5000000000002 2.6500000000000008 895.00000000000011 0.25000000000000017 2.3500000000000001 23.550000000000004 -0.29999999999999799 1.0000000180025095e-35 0.64999999999999869 1.2000000000000013 745.00000000000011 1340.5000000000002 1012.35 1.6500000000000006 1.3999999999999997 1.9500000000000004
decision_type=2 2 2 2 2 2 2 2 2 2 2 2 2 2 2 2 2 2 2 2 2 2
left_child=2 4 5 9 -2 10 -6 12 -3 -4 13 -8 -7 16 -10 -15 -1 19 -19 -12 -16 -22
right_child=1 8 3 -5 6 7 11 -9 14 -11 17 -13 -14 15 20 -17 -18 18 -20 -21 21 -23
leaf_value=0.020352874825892358 0 0 0.0047886745524440815 0 0 -0.00053631911257972175 0 0.019903038865857443 0 0 0.048226928292359729 0 1.6553487531372707e-05 0.0026960750814027743 0 0.014109321081957412 0.0057733965574484026 0.027749060225641102 0.030596783493991472 0.067471740935010349 0 0
leaf_weight=3048 889 601 710 845 649 505 513 635 984 524 787 568 828 666 11944 654 507 502 650 4080 665 609
leaf_count=3048 889 601 710 845 649 505 513 635 984 524 787 568 828 666 11944 654 507 502 650 4080 665 609
internal_value=-0.00899606 -0.0200387 0.00388125 -0.00466002 -0.00914823 0.00526236 -0.0122373 0.00105076 -0.021964 0.000740291 0.00602285 -0.0151454 -0.000938202 0.0048211 -0.0221673 0.00306354 0.00547161 0.00699427 0.00610919 0.00720117 -0.0223309 -0.0213597
internal_weight=32363 17422 14941 2079 2619 12862 1730 1968 14803 1234 10894 1081 1333 4875 14202 1320 3555 6019 1152 4867 13218 1274
internal_count=32363 17422 14941 2079 2619 12862 1730 1968 14803 1234 10894 1081 1333 4875 14202 1320 3555 6019 1152 4867 13218 1274
is_linear=0
shrinkage=0.03


Tree=13
num_leaves=21
num_cat=0
split_feature=35 8 35 8 8 8 25 35 24 24 39 21 28 28 8 6 35 23 25 25
split_gain=5086.05 406.594 185.191 99.8273 54.1216 37.1285 28.763 15.839 15.0116 14.228 13.9824 11.6357 10.15 5.50913 4.60622 2.87131 2.73558 2.26744 0.735232 0.0103698
threshold=855.00000000000011 0.4000000000000013 785.00000000000011 0.39999999999999908 1.0000000180025095e-35 0.25000000000000006 1669.5000000000002 905.00000000000011 2.3500000000000001 2.6500000000000008 0.36447543099728863 23.500000000000004 29.500000000000004 24.500000000000004 0.90000000000000402 18.850000000000005 745.00000000000011 3.5000000000000004 1360.5000000000002 1720.5000000000002
decision_type=2 2 2 2 2 2 2 2 2 2 2 2 2 2 2 2 2 2 2 2
left_child=2 4 5 10 -2 8 -6 -3 12 13 -4 -8 16 -7 15 -9 -1 -10 -19 -17
right_child=1 7 3 -5 6 9 11 14 17 -11 -12 -13 -14 -15 -16 19 -18 18 -20 -21
leaf_value=0.020602333966292723 0 0 0.0039294223380846281 0 0 3.0420308758607342e-05 0 0 0.012626514378804864 0.018235614550054995 0 0 0.0009659293280526543 -0.0005469505803728349 0 0 0.0051557689501759239 0.067126528930337978 0.030376524545165248 0
leaf_weight=3575 893 723 868 747 574 893 500 506 812 713 504 652 575 515 11962 503 663 4466 742 1162
leaf_count=3575 893 723 868 747 574 893 500 506 812 713 504 652 575 515 11962 503 663 4466 742 1162
internal_value=-0.00900922 -0.0200222 0.0037597 -0.00445898 -0.00911389 0.00510458 -0.0122135 -0.0219437 0.00581518 0.00147315 0.000349345 -0.014948 0.00456231 -0.000276596 -0.02217 -0.0207536 0.00506958 0.00681501 0.00704798 -0.0214292
internal_weight=32548 17475 15073 2119 2619 12954 1726 14856 10833 2121 1372 1152 4813 1408 14133 2171 4238 6020 5208 1665
internal_count=32548 17475 15073 2119 2619 12954 1726 14856 10833 2121 1372 1152 4813 1408 14133 2171 4238 6020 5208 1665
is_linear=0
shrinkage=0.03


Tree=14
num_leaves=24
num_cat=0
split_feature=35 8 35 8 8 24 35 8 35 6 28 8 28 0 24 30 4 4 31 31 24 24 4
split_gain=5065.55 444.124 149.65 80.7745 60.8014 33.586 29.2995 28.7384 20.1065 9.96417 9.18365 6.77682 6.73872 4.07462 4.04621 3.60444 5.37651 3.40837 0.732169 0.567067 0.23179 0.474246 0.0617429
threshold=845.00000000000011 0.4000000000000013 785.00000000000011 0.29999999999999943 1.0000000180025095e-35 2.6500000000000008 905.00000000000011 0.19999999999999754 895.00000000000011 23.450000000000003 26.500000000000004 0.79999999999999993 29.500000000000004 24.550000000000004 1.2000000000000013 15.500000000000002 2.5000000000000013 3.6500000000000008 18.696153846153852 18.894444444444449 1.3999999999999997 1.9500000000000004 1.6500000000000006
decision_type=2 2 2 2 2 2 2 2 2 2 2 2 2 2 2 2 2 2 2 2 2 2 2
left_child=2 4 5 -4 -2 7 -6 12 -3 -8 14 13 17 -10 -9 19 -17 -1 -18 22 -13 -22 -7
right_child=1 8 3 -5 6 15 9 10 11 -11 -12 20 -14 -15 -16 16 18 -19 -20 -21 21 -23 -24
leaf_value=0.014596913926142216 0 0 0.002606368170314846 0 0 0.051677565676257316 0 1.0828122803531875e-05 0 0 -0.00056578329980332977 0 0.0025076568115027531 0 0.0095540648951243402 0.0091649227326870975 0.059709847033501816 0.018150836297644902 0.020490795475568462 0.036829566213795885 0 0 0.072062412432372241
leaf_weight=1656 984 699 1000 777 529 585 505 698 503 728 536 11703 548 946 700 689 652 2873 678 616 588 584 2808
leaf_count=1656 984 699 1000 777 529 585 505 698 503 728 536 11703 548 946 700 689 652 2873 678 616 588 584 2808
internal_value=-0.00905215 -0.0198521 0.00390134 -0.00426223 -0.00875 0.00501438 -0.0120833 0.00360081 -0.02188 -0.0146174 0.00048812 -0.0221262 0.00478588 -0.0200293 0.00176786 0.00665672 0.00560737 0.00516608 0.00672297 0.00718212 -0.0223591 -0.0213884 0.00734536
internal_weight=32585 17769 14816 1777 2746 13039 1762 7011 15023 1233 1934 14324 5077 1449 1398 6028 2019 4529 1330 4009 12875 1172 3393
internal_count=32585 17769 14816 1777 2746 13039 1762 7011 15023 1233 1934 14324 5077 1449 1398 6028 2019 4529 1330 4009 12875 1172 3393
is_linear=0
shrinkage=0.03


Tree=15
num_leaves=26
num_cat=0
split_feature=25 8 8 25 8 25 24 24 25 24 20 8 5 1 3 15 38 8 27 23 0 4 25 24 24
split_gain=4974.69 476.726 145.91 92.3887 60.986 28.8047 27.072 20.8934 19.8023 10.2231 10.1379 9.68385 8.11479 6.09393 8.62069 6.04969 5.71297 3.33507 3.23962 2.19011 1.73786 1.5415 0.86682 0.10783 0.297787
threshold=1590.5000000000002 0.4000000000000013 0.25000000000000006 1530.5000000000002 1.0000000180025095e-35 1660.5000000000002 0.75000000000000011 2.6500000000000008 1660.5000000000002 2.6500000000000008 -1.6000000000000794 0.85000000000000153 25.250000000000004 80.500000000000014 24.950000000000003 0.18618986725036377 -0.01397611846945947 0.79999999999999993 16.916666666666668 3.5000000000000004 24.850000000000005 6.3500000000000014 1350.5000000000002 1.3999999999999997 1.9500000000000004
decision_type=2 2 2 2 2 2 2 2 2 2 2 2 2 2 2 2 2 2 2 2 2 2 2 2 2
left_child=2 4 6 7 -2 -6 10 16 11 13 -1 -3 -7 18 -15 -12 -4 20 -8 -11 -10 -17 -21 -19 -25
right_child=1 8 3 -5 5 12 9 -9 17 19 15 -13 -14 14 -16 21 -18 23 -20 22 -22 -23 -24 24 -26
leaf_value=-7.8191045109445378e-05 0 0 4.9438899310716462e-05 0 0 0 0.023014865248822909 0.018483931581399458 0 0.011809016296474307 0.00090475152213371915 0 0 0.0031198828844513169 0.026159005793102211 0.0091360017192394158 -0.00048681483232508523 0 0.013202838977499196 0.067957383431337573 0 0.0099878858718737383 0.028300123845102564 0 0
leaf_weight=504 996 538 639 854 616 504 2132 712 505 561 502 566 657 1129 632 558 829 11510 522 4062 780 508 624 574 572
leaf_count=504 996 538 639 854 616 504 2132 712 505 561 502 566 657 1129 632 558 829 11510 522 4062 780 508 624 574 572
internal_value=-0.00912161 -0.0197921 0.00375355 -0.00210968 -0.00835405 -0.0116821 0.00526968 0.00116865 -0.0218989 0.00593698 0.00215526 -0.0179295 -0.0144647 0.00486812 0.00349263 0.00334395 -0.000877551 -0.0222106 0.00577748 0.00683416 -0.0205303 0.00462079 0.00704885 -0.0223779 -0.0214416
internal_weight=32586 17818 14768 3034 2773 1777 11734 2180 15045 9662 2072 1104 1161 4415 1761 1568 1468 13941 2654 5247 1285 1066 4686 12656 1146
internal_count=32586 17818 14768 3034 2773 1777 11734 2180 15045 9662 2072 1104 1161 4415 1761 1568 1468 13941 2654 5247 1285 1066 4686 12656 1146
is_linear=0
shrinkage=0.03


Tree=16
num_leaves=20
num_cat=0
split_feature=35 8 35 8 8 8 25 8 37 32 0 22 35 25 35 1 23 0 8
split_gain=5047.77 401.158 170.327 90.7918 53.9686 29.3087 23.6424 17.1014 16.9883 13.5605 12.1417 10.3265 10.0117 8.25205 7.12379 4.52868 4.05307 0.670861 0.645784
threshold=855.00000000000011 0.4000000000000013 785.00000000000011 0.4000000000000013 1.0000000180025095e-35 0.25000000000000006 1669.5000000000002 0.75000000000000011 0.25000000000000017 49.500000000000007 24.950000000000003 31.500000000000004 945.00000000000011 1360.5000000000002 675.00000000000011 74.500000000000014 4.5000000000000009 25.350000000000005 0.90000000000000402
decision_type=2 2 2 2 2 2 2 2 2 2 2 2 2 2 2 2 2 2 2
left_child=2 4 5 8 -2 9 -6 12 -4 14 -8 13 -3 -7 16 -16 -1 -14 -9
right_child=1 7 3 -5 6 11 10 18 -10 -11 -12 -13 17 -15 15 -17 -18 -19 -20
leaf_value=0.03116101644385405 0 0 0.0041838633303672192 0 0 0.0065411114229526734 0 0 -7.5845313756162019e-05 0.0037122790181366183 0 0.031925561094778725 0 -0.0004535635011349754 0.011180045947484958 0.004605677625982533 0.056905821689413966 0 0
leaf_weight=3672 889 535 791 739 557 691 503 996 563 866 640 515 523 885 1490 753 4086 528 12359
leaf_count=3672 889 535 791 739 557 691 503 996 563 866 640 515 523 885 1490 753 4086 528 12359
internal_value=-0.00912692 -0.0200676 0.00361672 -0.004321 -0.00915573 0.00489931 -0.0122855 -0.0219569 0.000298673 0.00552512 -0.0147576 0.00164477 -0.01892 0.000437262 0.005837 0.00433964 0.00626869 -0.0206624 -0.0223147
internal_weight=32581 17530 15051 2093 2589 12958 1700 14941 1354 10867 1143 2091 1586 1576 10001 2243 7758 1051 13355
internal_count=32581 17530 15051 2093 2589 12958 1700 14941 1354 10867 1143 2091 1586 1576 10001 2243 7758 1051 13355
is_linear=0
shrinkage=0.03


Tree=17
num_leaves=24
num_cat=0
split_feature=35 8 8 35 8 24 25 24 24 8 11 20 6 3 35 35 7 23 35 6 44 24 8
split_gain=4983.57 343.373 204.684 97.0848 48.058 37.4124 20.7411 17.397 15.7085 13.9566 13.3285 8.39338 7.54055 6.67562 6.5395 4.39297 4.31111 3.83821 3.13137 2.36971 1.10218 0.481024 0.575337
threshold=865.00000000000011 0.4000000000000013 0.4000000000000013 785.00000000000011 1.0000000180025095e-35 2.600000000000001 1670.5000000000002 1.4500000000000004 0.25000000000000006 0.79999999999999993 0.25000000000000006 -1.6999999999999884 23.550000000000004 24.250000000000004 945.00000000000011 645.00000000000011 3.4999999999999978 3.5000000000000004 755.00000000000011 23.650000000000002 18.500000000000004 1.3999999999999997 1.6999999999999977
decision_type=2 2 2 2 2 2 2 2 2 2 2 2 2 2 2 2 2 2 2 2 2 2 2
left_child=2 4 5 7 -2 8 -6 -4 11 14 13 -1 -8 -10 -3 17 -13 -7 -12 -16 -19 -11 -23
right_child=1 9 3 -5 6 15 12 -9 10 21 18 16 -14 -15 19 -17 -18 20 -20 -21 -22 22 -24
leaf_value=-7.3569954343477169e-05 0 0 -0.0004745760654530753 0 0 0.011880136456838655 0 0.0069196052431131777 0.0011315453585865501 0 0.022010662663696678 0.00050210537898331736 0 0.013928010190194979 0 0.0099063599756992853 0.007056787549773993 0.060431695174668627 0.0046729808392708934 0 0.058098608957485885 0 0
leaf_weight=531 814 521 573 875 542 648 503 736 1322 11794 2921 585 544 580 500 548 525 4094 746 645 672 617 584
leaf_count=531 814 521 573 875 542 648 503 736 1322 11794 2921 585 544 580 500 548 525 4094 746 645 672 617 584
internal_value=-0.00911141 -0.0202684 0.00328754 -0.005215 -0.00974532 0.00469789 -0.0127797 -4.00458e-05 0.00324251 -0.0219916 0.00400242 0.000661899 -0.0152502 0.00196166 -0.0193076 0.00645624 0.00214478 0.00671621 0.00505928 -0.0206299 0.00701237 -0.0223327 -0.0212905
internal_weight=32420 17064 15356 2184 2403 13172 1589 1309 7210 14661 5569 1641 1047 1902 1666 5962 1110 5414 3667 1145 4766 12995 1201
internal_count=32420 17064 15356 2184 2403 13172 1589 1309 7210 14661 5569 1641 1047 1902 1666 5962 1110 5414 3667 1145 4766 12995 1201
is_linear=0
shrinkage=0.03


Tree=18
num_leaves=26
num_cat=0
split_feature=35 9 35 11 35 24 9 9 2 5 11 7 10 7 30 2 27 24 39 2 38 9 31 31 4
split_gain=4916.01 292.616 178.378 86.3173 52.4707 40.0591 38.5756 15.0536 14.8501 14.6417 13.8799 8.2881 7.40348 7.24535 6.07322 5.92298 5.67791 5.01767 4.56669 4.09026 3.45784 1.88904 1.85634 1.22266 0.329799
threshold=865.00000000000011 15.000000000000002 785.00000000000011 -0.19999999999999749 935.00000000000011 2.6500000000000008 25.000000000000004 15.000000000000002 1017.1500000000002 18.550000000000004 1.0000000180025095e-35 3.8999999999999999 0.14999999999999861 1.9000000000000015 15.500000000000002 1010.1500000000002 12.550000000000002 0.15000000000000038 0.48877522411129348 1012.2500000000001 -0.01397611846945947 75.000000000000014 18.696153846153852 19.348484848484851 1.6500000000000006
decision_type=2 2 2 2 2 2 2 2 2 2 2 2 2 2 2 2 2 2 2 2 2 2 2 2 2
left_child=2 11 5 -4 10 6 12 19 20 -6 -3 -2 18 16 23 -16 -11 -14 -1 -5 -8 -15 -17 24 -7
right_child=1 4 3 7 9 14 8 -9 -10 13 -12 -13 17 21 15 22 -18 -19 -20 -21 -22 -23 -24 -25 -26
leaf_value=0.011827487871703235 0 0 0 0.0034111581504768979 0 0.047232748227359421 0.0024638441137686466 -3.3946360757596502e-05 -0.00058152961011909089 0 0 0 0.0057329526073792167 0 0.0069105137852207626 0.055139178509216076 0 0.020207636863293077 0.00087857029678463567 -3.1671001344911638e-05 -0.00045811603133932605 0 0.016305973616512755 0.02834317809389246 0.06538569189195706
leaf_weight=1251 646 990 632 548 916 552 524 746 523 612 538 518 593 742 661 597 500 2999 530 501 547 11686 754 556 2819
leaf_count=1251 646 990 632 548 916 552 524 746 523 612 538 518 593 742 661 597 500 2999 530 501 547 11686 754 556 2819
internal_value=-0.00918457 -0.0202198 0.00315797 -0.00430115 -0.0212774 0.00456112 0.00301657 -0.000939065 -0.00108083 -0.0218391 -0.0159412 -0.00568611 0.00423209 -0.0220935 0.0063714 0.00501986 -0.019605 0.00501669 0.00264582 0.00137726 0.000943616 -0.022313 0.00615854 0.00706096 0.00728209
internal_weight=32481 17148 15333 2427 15984 12906 6967 1795 1594 14456 1528 1164 5373 13540 5939 2012 1112 3592 1781 1049 1071 12428 1351 3927 3371
internal_count=32481 17148 15333 2427 15984 12906 6967 1795 1594 14456 1528 1164 5373 13540 5939 2012 1112 3592 1781 1049 1071 12428 1351 3927 3371
is_linear=0
shrinkage=0.03


Tree=19
num_leaves=25
num_cat=0
split_feature=35 8 8 8 35 35 24 25 8 8 21 6 38 38 25 31 1 24 0 25 35 24 24 24
split_gain=4975.69 358.785 173.671 54.8012 49.0434 45.9595 18.2156 16.8774 12.9905 11.7416 10.9465 10.0998 8.38197 8.22328 6.25575 5.80228 5.23886 2.79024 1.63211 1.07094 0.303738 0.276449 0.446793 0.17567
threshold=865.00000000000011 0.4000000000000013 0.5999999999999962 1.0000000180025095e-35 705.00000000000011 785.00000000000011 3.2500000000000004 1670.5000000000002 0.79999999999999993 0.1000000000000001 26.500000000000004 23.550000000000004 0.24372619187392155 -0.48314718476766422 1690.5000000000002 25.160256410256412 79.500000000000014 0.79999999999999905 25.150000000000002 1320.5000000000002 925.00000000000011 1.3999999999999997 1.9500000000000004 3.7500000000000004
decision_type=2 2 2 2 2 2 2 2 2 2 2 2 2 2 2 2 2 2 2 2 2 2 2 2
left_child=2 3 4 -2 6 -4 9 -5 14 15 13 -9 -11 -6 -3 -1 -15 -12 -16 23 -10 -22 -23 -8
right_child=1 8 5 7 10 -7 19 11 20 12 17 -13 -14 16 18 -17 -18 -19 -20 -21 21 22 -24 -25
leaf_value=0.026913665841786186 0 0 -0.00012175719129972989 0 -0.00046404460006146286 0 0.055834944692243239 0 0 0.014986054471296128 0.0031236828343252881 0 -0.00012475264867443416 0.0023935589208335896 0 0.0056322454258186661 -3.2927969934868606e-05 0.013542471857440088 0 0.035753456624458828 0 0 0 0.076470078984139059
leaf_weight=4045 830 508 898 529 713 728 969 519 545 871 501 544 700 1438 508 523 553 516 616 506 11377 571 567 2442
leaf_count=4045 830 508 898 529 713 728 969 519 545 871 501 544 700 1438 508 523 553 516 616 506 11377 571 567 2442
internal_value=-0.0091006 -0.0202328 0.00326923 -0.00952351 0.00436371 -0.00599816 0.00545238 -0.0127792 -0.0219967 0.00442965 0.00142023 -0.0149648 0.00218849 0.000421286 -0.0193696 0.00519912 0.00141119 0.00407017 -0.020675 0.00705218 -0.022322 -0.0223838 -0.0213816 0.00724949
internal_weight=32517 17114 15403 2422 13777 1626 10056 1592 14692 6139 3721 1063 1571 2704 1632 4568 1991 1017 1124 3917 13060 12515 1138 3411
internal_count=32517 17114 15403 2422 13777 1626 10056 1592 14692 6139 3721 1063 1571 2704 1632 4568 1991 1017 1124 3917 13060 12515 1138 3411
is_linear=0
shrinkage=0.03


Tree=20
num_leaves=22
num_cat=0
split_feature=35 8 8 35 24 8 8 20 24 38 35 31 8 13 35 5 1 8 31 7 24
split_gain=4985.7 350.547 161.022 51.3869 49.0151 36.9045 31.7437 19.0041 18.4925 14.9828 11.1352 10.2844 9.11682 8.43803 7.05931 6.15357 3.29892 1.94079 1.58141 0.642001 0.0422623
threshold=865.00000000000011 0.29999999999999943 0.5999999999999962 785.00000000000011 0.84999999999999976 1.0000000180025095e-35 0.64999999999999869 -1.8499999999999657 3.3500000000000001 0.35846314187849709 935.00000000000011 24.080128205128208 0.099999999999996106 0.0041666666666666675 965.00000000000011 25.650000000000002 74.500000000000014 0.90000000000000402 18.961538461538463 3.1500000000000008 1.8499999999999999
decision_type=2 2 2 2 2 2 2 2 2 2 2 2 2 2 2 2 2 2 2 2 2
left_child=2 5 4 -4 7 -2 10 -1 9 11 -3 -6 -11 -9 -7 -12 -15 19 -10 -8 -19
right_child=1 6 3 -5 8 14 17 13 18 12 15 -13 -14 16 -16 -17 -18 20 -20 -21 -22
leaf_value=-0.00014215123251545264 0 0 -0.00011642914663298527 0 0.023628323179025225 0 0 -0.0001124082242295643 0.068992494231179577 0.014303027758087668 0 0.0034983501124766251 0.00057063099696731396 0.0080861646130451804 0 0 0.0039209541265455153 0 0.026429463803640894 0 0
leaf_weight=681 817 534 927 715 3734 537 659 573 2687 1845 525 511 1044 1081 509 660 588 11707 953 699 543
leaf_count=681 817 534 927 715 3734 537 659 573 2687 1845 525 511 1044 1081 509 660 588 11707 953 699 543
internal_value=-0.00917194 -0.0202655 0.00326136 -0.00561131 0.00432568 -0.00796649 -0.0217592 0.000879487 0.0052603 0.0043701 -0.0178544 0.00550447 0.00270062 0.00221257 -0.0116937 -0.0195051 0.00328995 -0.0222498 0.00700165 -0.0209007 -0.0223959
internal_weight=32529 17190 15339 1642 13697 1863 15327 2923 10774 7134 1719 4245 2889 2242 1046 1185 1669 13608 3640 1358 12250
internal_count=32529 17190 15339 1642 13697 1863 15327 2923 10774 7134 1719 4245 2889 2242 1046 1185 1669 13608 3640 1358 12250
is_linear=0
shrinkage=0.03


Tree=21
num_leaves=22
num_cat=0
split_feature=35 8 8 35 8 35 25 39 23 39 8 8 5 25 8 35 7 22 5 31 38
split_gain=4926.66 357.944 168.778 57.2396 54.4705 48.3327 20.7306 19.3963 18.8369 13.5709 10.6757 10.5245 9.72682 5.73245 5.43156 5.26402 6.52832 1.89572 1.35151 0.669099 0.250385
threshold=865.00000000000011 0.4000000000000013 0.5999999999999962 745.00000000000011 1.0000000180025095e-35 795.00000000000011 1670.5000000000002 0.47369649395226454 4.5000000000000009 0.91852788691372023 0.79999999999999993 0.099999999999996106 25.850000000000005 1690.5000000000002 0.20000000000000198 625.00000000000011 2.5000000000000013 31.500000000000004 25.650000000000002 18.374125874125877 0.9916835347852474
decision_type=2 2 2 2 2 2 2 2 2 2 2 2 2 2 2 2 2 2 2 2 2
left_child=2 4 3 8 -2 -4 -6 14 9 11 13 -1 -8 -3 17 19 -17 -5 -15 -10 -12
right_child=1 10 5 7 6 -7 12 -9 15 -11 20 -13 -14 18 -16 16 -18 -19 -20 -21 -22
leaf_value=0.017128400681548576 0 0 -0.00011225526296605338 0.0032701738234429782 0 0 0 -0.00013788669553998906 0.060248985467982151 0.035373038786082278 0 0.0032753543892593412 0 0 -7.5121429736348084e-05 0.009324289876918598 0.01979765664690376 0.007066033883434247 0 0.033079104080209476 0
leaf_weight=3016 823 504 982 753 551 682 557 929 3027 859 12596 1730 526 502 502 547 1092 509 655 826 503
leaf_count=3016 823 504 982 753 551 682 557 929 3027 859 12596 1730 526 502 502 547 1092 509 655 826 503
internal_value=-0.0092363 -0.0202725 0.00305998 0.00414914 -0.00965941 -0.00596038 -0.012827 0.000225417 0.00510114 0.00387507 -0.0220377 0.00324452 -0.0152419 -0.0196587 0.00207248 0.00635056 0.00491316 0.00312104 -0.0208822 0.00695914 -0.0223363
internal_weight=32671 17217 15454 13790 2457 1664 1634 2693 11097 5605 14760 4746 1083 1661 1764 5492 1639 1262 1157 3853 13099
internal_count=32671 17217 15454 13790 2457 1664 1634 2693 11097 5605 14760 4746 1083 1661 1764 5492 1639 1262 1157 3853 13099
is_linear=0
shrinkage=0.03


Tree=22
num_leaves=27
num_cat=0
split_feature=35 8 8 35 8 24 25 24 18 5 8 24 20 6 15 25 4 25 35 10 35 4 5 37 24 8
split_gain=4899.45 361.318 146.188 72.0664 48.8589 35.3898 19.222 16.2168 13.2577 13.0161 12.5721 12.4686 11.9178 10.0066 9.33857 9.28404 7.55612 5.74551 3.9538 3.41827 2.81696 2.62156 1.74317 1.65651 0.148112 0.266776
threshold=865.00000000000011 0.4000000000000013 0.29999999999999943 795.00000000000011 1.0000000180025095e-35 1.1500000000000006 1670.5000000000002 2.6500000000000008 -0.19999999999999882 25.550000000000004 0.79999999999999993 2.8999999999999999 -1.8499999999999657 23.550000000000004 0.16329931618554352 1289.5000000000002 5.1499999999999995 1698.5000000000002 605.00000000000011 0.25000000000000006 755.00000000000011 1.599999999999999 25.650000000000002 -0.24999999999999994 1.3999999999999997 1.6999999999999977
decision_type=2 2 2 2 2 2 2 2 2 2 2 2 2 2 2 2 2 2 2 2 2 2 2 2 2 2
left_child=2 4 5 7 -2 12 -6 9 -5 -4 17 14 -1 -8 15 -7 19 -3 21 -14 -18 -13 -19 -16 -12 -26
right_child=1 10 3 8 6 11 13 -9 -10 -11 24 18 16 -15 23 -17 20 22 -20 -21 -22 -23 -24 -25 25 -27
leaf_value=-0.00013380129026057479 0 0 -0.00062563371687824384 0 0 0.022180533480371446 0 0.014281232603189645 -5.1634587538297562e-05 7.6964107355587816e-05 0 0.037644456589199488 -0.00045296866215173204 0 0.018387302514541418 0.0024333263138455762 0.012857069817868319 0 0.019126844335227152 0.0055386380527866 0.0029130399841909922 0.057523849615538601 0 0.025369811871171828 0 0
leaf_weight=590 816 507 535 507 549 1169 508 675 511 907 11885 565 601 554 1044 1127 845 501 528 519 522 3497 629 1223 607 585
leaf_count=590 816 507 535 507 549 1169 508 675 511 907 11885 565 601 554 1044 1127 845 501 528 519 522 3497 629 1223 607 585
internal_value=-0.0092225 -0.0202486 0.00307916 -0.00269923 -0.00951317 0.00456058 -0.0125403 0.000456583 -0.00925 -0.00134003 -0.0220179 0.00549618 0.00177574 -0.0149013 0.00438171 0.00302872 0.00268481 -0.0194341 0.0066017 0.000855615 0.00418006 0.00692052 -0.0206846 0.00574813 -0.0223383 -0.021407
internal_weight=32506 17141 15365 3135 2427 12230 1611 2117 1018 1442 14714 9153 3077 1062 4563 2296 2487 1637 4590 1120 1367 4062 1130 2267 13077 1192
internal_count=32506 17141 15365 3135 2427 12230 1611 2117 1018 1442 14714 9153 3077 1062 4563 2296 2487 1637 4590 1120 1367 4062 1130 2267 13077 1192
is_linear=0
shrinkage=0.03


Tree=23
num_leaves=25
num_cat=0
split_feature=35 8 8 8 35 18 24 25 20 24 32 8 2 6 1 25 27 13 24 0 4 8 24 38
split_gain=4925.04 352.77 116.495 52.1447 42.7165 35.8514 33.7971 19.5065 18.5422 17.8526 14.557 12.5171 10.7644 9.97534 7.41544 5.19726 4.09467 3.93106 3.29681 2.09407 1.20322 0.22611 0.0560583 0.054199
threshold=865.00000000000011 0.4000000000000013 0.25000000000000006 1.0000000180025095e-35 795.00000000000011 -0.19999999999999882 2.8999999999999999 1679.5000000000002 -1.8499999999999657 2.6500000000000008 48.500000000000007 0.79999999999999993 1016.2500000000001 23.550000000000004 79.500000000000014 1698.5000000000002 12.266666666666667 -0.0016666666666666457 3.9500000000000006 25.050000000000004 1.6500000000000006 1.0000000000000011 0.65000000000000047 0.74443451080969758
decision_type=2 2 2 2 2 2 2 2 2 2 2 2 2 2 2 2 2 2 2 2 2 2 2 2
left_child=2 3 6 -2 9 -6 8 -5 -1 12 14 15 17 -9 -10 -3 20 -4 -18 -17 -8 22 -13 -22
right_child=1 11 4 7 5 -7 16 13 10 -11 -12 21 -14 -15 -16 19 18 -19 -20 -21 23 -23 -24 -25
leaf_value=-0.00012973605596597218 0 0 -0.00043616822559285084 0 0 -5.0085549912148633e-05 0.048169397095452579 0 0.013898312786038682 0.015478580544889601 -0.00027369915110563405 0 -0.000439204142135549 0 0.0089117145009950209 0 0.014574146587391736 0.0039061171327474001 0.034649785367720086 0 0.060389537212761517 0 0 0.047962639422663489
leaf_weight=748 800 515 525 568 529 569 548 515 3676 695 682 784 507 536 2356 511 681 517 528 610 2261 11841 538 513
leaf_count=748 800 515 525 568 529 569 548 515 3676 695 682 784 507 536 2356 511 681 517 528 610 2261 11841 538 513
internal_value=-0.00926471 -0.0202761 0.00309986 -0.00964374 -0.00185257 -0.00669545 0.00447999 -0.0127375 0.00323754 0.000520926 0.0037366 -0.0220125 -0.00127176 -0.0151638 0.00420617 -0.0194322 0.00652383 0.000474138 0.00501032 -0.0206434 0.0070713 -0.0223302 -0.0214237 0.00733249
internal_weight=32553 17218 15335 2419 3342 1098 11993 1619 7462 2244 6714 14799 1549 1051 6032 1636 4531 1042 1209 1121 3322 13163 1322 2774
internal_count=32553 17218 15335 2419 3342 1098 11993 1619 7462 2244 6714 14799 1549 1051 6032 1636 4531 1042 1209 1121 3322 13163 1322 2774
is_linear=0
shrinkage=0.03


Tree=24
num_leaves=22
num_cat=0
split_feature=25 8 25 13 8 31 25 44 39 7 8 8 2 6 8 23 25 21 0 8 38
split_gain=4864.26 374.154 124.493 58.5311 58.508 28.074 17.4371 17.0746 12.3872 11.7516 11.6958 10.6558 9.11199 8.95735 8.50717 6.09833 4.90271 2.65799 1.4991 0.290442 0.0419694
threshold=1610.5000000000002 0.4000000000000013 1470.5000000000002 -0.0041666666666666657 1.0000000180025095e-35 24.541958041958047 1670.5000000000002 2010.0000000000002 0.57605713708605399 1.0000000000000011 0.79999999999999993 0.40000000000000396 1019.7500000000001 23.750000000000004 0.25000000000000006 4.5000000000000009 1699.5000000000002 26.500000000000004 25.150000000000002 1.0000000000000011 0.22700754078277605
decision_type=2 2 2 2 2 2 2 2 2 2 2 2 2 2 2 2 2 2 2 2 2
left_child=2 4 5 -4 -2 7 -6 11 14 -7 16 15 -10 -8 17 -1 -3 -5 -18 20 -12
right_child=1 10 3 8 6 9 13 -9 12 -11 19 -13 -14 -15 -16 -17 18 -19 -20 -21 -22
leaf_value=0.02351933736923404 0 0 0 0.002480255950781354 0 0.0052128977044644097 0 -0.0005661471377537094 -0.00026830875887780465 -0.00074188328851348246 0 0.0035372851835134187 4.0187993594558709e-06 0 -4.8582983414784173e-05 0.040577853957401627 0 0.0063836894693362302 0 0 0
leaf_weight=3725 838 500 752 975 528 965 500 503 509 504 596 644 518 573 795 4916 504 657 597 11760 697
leaf_count=3725 838 500 752 975 528 965 500 503 509 504 596 644 518 573 795 4916 504 657 597 11760 697
internal_value=-0.00916825 -0.0201967 0.00302376 -0.00137952 -0.00930664 0.00466893 -0.0126653 0.00524923 0.000273438 0.000800476 -0.0220077 0.00554081 -0.00248542 -0.0148674 0.00144195 0.00581829 -0.0194775 0.00268054 -0.0206641 -0.022315 -0.0213764
internal_weight=32556 17093 15463 4206 2439 11257 1601 9788 3454 1469 14654 9285 1027 1073 2427 8641 1601 1632 1101 13053 1293
internal_count=32556 17093 15463 4206 2439 11257 1601 9788 3454 1469 14654 9285 1027 1073 2427 8641 1601 1632 1101 13053 1293
is_linear=0
shrinkage=0.03


Tree=25
num_leaves=24
num_cat=0
split_feature=8 9 41 42 42 24 9 24 24 18 39 20 4 27 4 8 7 18 24 9 31 4 5
split_gain=4170.46 221.013 181.869 179.265 74.136 84.9469 69.8691 58.8744 23.207 21.4828 20.5487 17.2235 14.7889 13.8898 12.8093 12.2439 6.98895 4.18417 3.52549 3.49709 2.81008 0.247768 0.00780019
threshold=0.40000000000000396 75.000000000000014 1.0000000180025095e-35 1.0000000180025095e-35 1.0000000180025095e-35 1.3999999999999997 15.000000000000002 0.79999999999999905 3.2500000000000004 -0.20000000000000459 0.48877522411129348 -1.4500000000000453 3.5000000000000009 18.916666666666668 1.9500000000000004 0.25000000000000006 4.0000000000000018 -1.0000000180025095e-35 0.25000000000000006 195.00000000000003 18.961538461538463 1.7 17.950000000000003
decision_type=2 2 2 2 2 2 2 2 2 2 2 2 2 2 2 2 2 2 2 2 2 2 2
left_child=2 7 3 8 5 12 11 9 13 -2 15 16 19 14 -1 -8 -4 -14 -13 -3 21 -10 -6
right_child=1 4 6 -5 22 -7 10 -9 20 -11 -12 18 17 -15 -16 -17 -18 -19 -20 -21 -22 -23 -24
leaf_value=0.00303525790987618 0 0 0 0 0 0 0 0 0.052415044954813139 0 0 0.0008392686240321389 0 -0.00063877950217379356 0.021801207827872357 0 0 0 0.0060000000894069672 0 0.024714161559766253 0.060360512616633687 0
leaf_weight=964 755 525 777 666 501 881 626 637 513 551 661 562 1862 595 4695 681 860 775 962 530 961 2404 9687
leaf_count=964 755 525 777 666 501 881 626 637 513 551 661 562 1862 595 4695 681 860 775 962 530 961 2404 9687
internal_value=-0.00920809 -0.0196798 0.00177554 0.00398472 -0.0209322 -0.0177361 -0.00287517 -0.010153 0.00497632 -0.0137959 -0.00730964 -0.000111445 -0.0197347 0.00384351 0.0043018 -0.0051165 -0.0022468 -0.0209596 0.00218218 -0.0166391 0.00680026 0.00726876 -0.0223631
internal_weight=32631 16704 15927 10798 14761 4573 5129 1943 10132 1306 1968 3161 3692 6254 5659 1307 1637 2637 1524 1055 3878 2917 10188
internal_count=32631 16704 15927 10798 14761 4573 5129 1943 10132 1306 1968 3161 3692 6254 5659 1307 1637 2637 1524 1055 3878 2917 10188
is_linear=0
shrinkage=0.03


Tree=26
num_leaves=26
num_cat=0
split_feature=35 8 8 8 35 24 18 24 25 24 25 9 38 39 0 15 27 28 8 35 0 4 35 38 38
split_gain=4820.98 355.84 114.088 51.8655 37.5173 35.0078 30.2003 18.5199 17.6756 13.5066 13.3951 11.2433 11.1975 9.74129 7.73959 7.22171 5.63125 4.98572 4.65865 3.58251 2.8345 1.28511 0.465713 0.15917 0.0518932
threshold=865.00000000000011 0.4000000000000013 0.25000000000000006 1.0000000180025095e-35 795.00000000000011 2.8999999999999999 -0.19999999999999882 2.6500000000000008 1670.5000000000002 0.25000000000000006 1640.5000000000002 85.000000000000014 0.50557357885840837 0.39629089145655322 25.750000000000004 0.081649658092760383 12.266666666666667 24.500000000000004 0.90000000000000402 545.00000000000011 21.250000000000004 1.6500000000000006 965.00000000000011 0.74443451080969758 0.99053107487289871
decision_type=2 2 2 2 2 2 2 2 2 2 2 2 2 2 2 2 2 2 2 2 2 2 2 2 2
left_child=2 3 5 -2 7 9 -6 11 -5 13 -3 -4 17 -1 -10 -14 21 -11 20 -18 -12 -7 -22 -23 -20
right_child=1 10 4 8 6 16 -8 -9 14 12 18 -13 15 -15 -16 -17 19 -19 24 -21 22 23 -24 -25 -26
leaf_value=0.0032860175812257867 0 0 2.018935990160946e-05 0 0 0.042749627013991931 -4.7125493912340647e-05 0.014315624130359077 0 0.01617634189118668 0 -0.00054195828362826784 -0.00068567056269394134 -0.00012603279905015722 0 0.0093502888481578599 0.024189874309637129 0.0043668017617795891 0 0.011625895694927505 0 0.056168754127914486 0 0.043602332975031292 0
leaf_weight=867 820 501 977 553 535 551 536 722 554 3105 518 556 510 523 504 1550 728 913 11476 502 503 2268 1177 502 513
leaf_count=867 820 501 977 553 535 551 536 722 554 3105 518 556 510 523 504 1550 728 913 11476 502 503 2268 1177 502 513
internal_value=-0.00928202 -0.0202265 0.00292875 -0.00958385 -0.00198768 0.00428937 -0.00660531 0.000209349 -0.0127077 0.0030241 -0.0219864 -0.00165635 0.00363405 0.000355603 -0.0149858 0.00183317 0.00636339 0.00455597 -0.0221607 0.00461445 -0.0207477 0.00700797 -0.0214209 0.00727814 -0.0224162
internal_weight=32464 17119 15345 2431 3326 12019 1071 2255 1611 7468 14688 1533 6078 1390 1058 2060 4551 4018 14187 1230 2198 3321 1680 2770 11989
internal_count=32464 17119 15345 2431 3326 12019 1071 2255 1611 7468 14688 1533 6078 1390 1058 2060 4551 4018 14187 1230 2198 3321 1680 2770 11989
is_linear=0
shrinkage=0.03


Tree=27
num_leaves=28
num_cat=0
split_feature=35 8 8 8 35 18 24 25 24 31 8 35 20 0 23 15 19 35 2 24 2 0 0 39 35 24 24
split_gain=4819.62 354.619 112.682 53.4202 37.5387 36.326 36.2884 17.5163 17.0807 15.1426 13.5059 12.6357 11.7878 9.96218 9.7199 7.22128 7.09311 6.99057 6.93133 6.43388 4.11061 3.56114 1.84842 0.989395 0.639587 0.569295 0.685846
threshold=865.00000000000011 0.4000000000000013 0.25000000000000006 1.0000000180025095e-35 795.00000000000011 -0.19999999999999882 1.1500000000000006 1670.5000000000002 2.100000000000001 19.519230769230774 0.79999999999999993 595.00000000000011 -1.8499999999999657 25.750000000000004 4.5000000000000009 0.12649110640689373 0.19999999999998866 945.00000000000011 1014.5500000000001 3.1500000000000008 1009.0500000000001 23.050000000000004 25.150000000000002 -0.95242240592625282 925.00000000000011 1.3999999999999997 1.9500000000000004
decision_type=2 2 2 2 2 2 2 2 2 2 2 2 2 2 2 2 2 2 2 2 2 2 2 2 2 2 2
left_child=2 3 6 -2 8 -6 12 -5 18 14 17 21 -1 -9 19 -14 -10 -3 -4 -8 -17 -11 -19 -16 -12 -26 -27
right_child=1 10 4 7 5 -7 9 13 16 11 24 -13 15 -15 23 20 -18 22 -20 -21 -22 -23 -24 -25 25 26 -28
leaf_value=-0.0001222518150786525 0 0 -7.8844558101214961e-05 0 0 -4.5711729094970429e-05 0.018583834831564189 0 0.0012034616084994213 0.03743797068134052 0 0.0004257612299250679 -0.00060263280155844015 0 0.031165178811364085 0.0022377637602780881 0.034757699232203947 0 -0.00047531841438648126 0.045603187083403281 0.0077235939356627217 0.0073173432051370831 0 0.040042534450102238 0 0 0
leaf_weight=567 814 519 765 523 528 561 2033 565 502 687 535 827 508 510 586 694 518 509 500 692 1257 813 625 3346 11450 580 551
leaf_count=567 814 519 765 523 528 561 2033 565 502 687 535 827 508 510 586 694 518 509 500 692 1257 813 625 3346 11450 580 551
internal_value=-0.00931288 -0.0202329 0.00288379 -0.00955675 -0.00195942 -0.00653758 0.00424451 -0.0127406 0.000226279 0.00520142 -0.021975 0.003114 0.00140192 -0.0149373 0.00592994 0.00230089 0.00311155 -0.0193187 -0.00210142 0.0045462 0.0031298 0.00475366 -0.020691 0.00688612 -0.0223068 -0.0223748 -0.0212688
internal_weight=32565 17181 15384 2412 3374 1089 12010 1598 2285 8984 14769 2327 3026 1075 6657 2459 1020 1653 1265 2725 1951 1500 1134 3932 13116 12581 1131
internal_count=32565 17181 15384 2412 3374 1089 12010 1598 2285 8984 14769 2327 3026 1075 6657 2459 1020 1653 1265 2725 1951 1500 1134 3932 13116 12581 1131
is_linear=0
shrinkage=0.03


Tree=28
num_leaves=25
num_cat=0
split_feature=35 8 35 8 11 24 9 25 22 10 8 24 38 25 35 31 31 2 6 27 4 24 8 35
split_gain=4703.72 366.497 107.764 55.9829 53.8904 34.1477 32.018 19.1491 17.4057 15.8294 14.6945 11.6861 7.7334 10.3818 6.29822 4.68988 4.62077 3.17182 2.59274 0.970803 0.900859 0.429506 0.75234 0.466696
threshold=865.00000000000011 0.4000000000000013 715.00000000000011 1.0000000180025095e-35 -0.24999999999999997 3.2500000000000004 85.000000000000014 1680.5000000000002 31.500000000000004 0.14999999999999861 0.79999999999999993 1.55 0.75580964594513067 1549.5000000000002 945.00000000000011 20.038461538461544 18.961538461538463 1009.5500000000001 23.650000000000002 15.733333333333336 1.6500000000000006 1.3999999999999997 1.6999999999999977 925.00000000000011
decision_type=2 2 2 2 2 2 2 2 2 2 2 2 2 2 2 2 2 2 2 2 2 2 2 2
left_child=2 3 5 -2 -4 6 9 -5 12 11 14 -1 13 -6 -3 -11 20 -9 -16 -18 -7 23 -23 -12
right_child=1 10 4 7 8 16 -8 17 -10 15 21 -13 -14 -15 18 -17 19 -19 -20 -21 -22 22 -24 -25
leaf_value=-0.00061720958544943987 0 0 0 0 -1.7573705375612476e-05 0.049727330586126724 -0.0005843687199750629 0 0.0062920185226661715 0.023064696993127593 0 0.011890763233236264 0.00019813101967512193 -0.00013242497263290259 0 0.012314827989463487 0.048854314693390556 0 0 0.011449699208423588 0.05634963663311051 0 0 0
leaf_weight=827 833 507 747 628 1227 514 573 501 907 2818 512 1936 797 825 510 651 503 505 629 502 2492 610 582 11335
leaf_count=827 833 507 747 628 1227 514 573 501 907 2818 512 1936 797 825 510 651 503 505 629 502 2492 610 582 11335
internal_value=-0.00937633 -0.0201661 0.0027056 -0.00945626 -0.00119367 0.0043289 0.00303327 -0.0126803 0.000271421 0.00365736 -0.0219638 0.00196112 -0.00088127 -0.00185492 -0.019196 0.00500648 0.00652442 -0.015253 -0.0204886 0.00474429 0.00711602 -0.0223102 -0.0212814 -0.0224101
internal_weight=32471 17152 15319 2467 4503 10816 6805 1634 3756 6232 14685 2763 2849 2052 1646 3469 4011 1006 1139 1005 3006 13039 1192 11847
internal_count=32471 17152 15319 2467 4503 10816 6805 1634 3756 6232 14685 2763 2849 2052 1646 3469 4011 1006 1139 1005 3006 13039 1192 11847
is_linear=0
shrinkage=0.03


Tree=29
num_leaves=27
num_cat=0
split_feature=25 11 40 11 25 24 25 11 5 24 22 3 21 7 10 39 31 25 31 2 39 39 3 1 19 24
split_gain=4710.67 164.868 106.695 57.9228 50.3793 29.2687 25.2554 21.1943 15.5806 15.5719 14.4266 12.8254 11.1249 12.6061 8.39477 6.21101 5.81067 4.36506 4.20027 2.9323 2.43202 2.03408 1.77937 0.927458 0.674966 0.174235
threshold=1610.5000000000002 0.14999999999999861 1.0000000180025095e-35 -0.39999999999999897 1679.5000000000002 3.2500000000000004 1670.5000000000002 0.4000000000000013 26.250000000000004 1.2000000000000013 31.500000000000004 17.150000000000002 14.500000000000002 2.149999999999999 0.09999999999999877 -0.5129677127369543 19.519230769230774 1549.5000000000002 18.961538461538463 1007.2500000000001 0.47369649395226454 -0.24372464231556024 21.850000000000005 90.500000000000014 -0.45000000000004542 3.600000000000001
decision_type=2 2 2 2 2 2 2 2 2 2 2 2 2 2 2 2 2 2 2 2 2 2 2 2 2 2
left_child=2 6 3 -1 -3 7 22 9 -6 -4 14 -11 -8 15 20 -14 21 -16 23 -12 -5 -9 -2 25 -15 -7
right_child=1 4 5 10 8 18 12 16 -10 11 19 -13 13 24 17 -17 -18 -19 -20 -21 -22 -23 -24 -25 -26 -27
leaf_value=0 0 0 -0.00044191752635090877 -5.3513656928980168e-05 0 0.041075724612920438 0 0.019139225025175285 0 0.041625175775694759 0.0027375513402185542 0.0027082733701083582 0 0 0.001307713369683719 0 0.011118132257098495 -0.00013218580718624945 0.018258347911734592 0.0073137591186534755 -6.0043786251102549e-05 0.024938159864540836 0 0.053145840715959992 0 0.059963797717010908
leaf_weight=519 530 753 845 743 635 501 787 1233 976 769 500 2152 535 595 1129 775 557 635 983 504 504 1296 504 522 10866 1938
leaf_count=519 530 753 845 743 635 501 787 1233 976 769 500 2152 535 595 1129 775 557 635 983 504 504 1296 504 522 10866 1938
internal_value=-0.00933087 -0.0202259 0.00272078 -0.00114087 -0.0128571 0.00434247 -0.0214177 0.00315582 -0.0158509 0.00164411 8.02838e-05 0.00268132 -0.0217666 -0.0219868 -0.000958347 -0.0190816 0.00499838 0.000373726 0.00640142 0.00319085 -0.00284027 0.00560944 -0.0168098 0.00696844 -0.0223155 0.00722347
internal_weight=32286 16956 15330 4534 2364 10796 14592 6852 1611 3766 4015 2921 13558 12771 3011 1310 3086 1764 3944 1004 1247 2529 1034 2961 11461 2439
internal_count=32286 16956 15330 4534 2364 10796 14592 6852 1611 3766 4015 2921 13558 12771 3011 1310 3086 1764 3944 1004 1247 2529 1034 2961 11461 2439
is_linear=0
shrinkage=0.03


Tree=30
num_leaves=24
num_cat=0
split_feature=25 8 40 11 8 24 9 25 31 22 38 8 8 6 25 39 38 31 4 24 24 34 24
split_gain=4711.56 364.855 108.303 62.7829 57.3735 29.418 26.6752 16.054 15.3067 10.7564 9.62923 9.5896 8.95432 7.76607 3.92319 3.48385 3.33137 3.23706 1.76409 0.460948 0.633231 0.384395 0.239854
threshold=1610.5000000000002 0.4000000000000013 1.0000000180025095e-35 -0.39999999999999897 1.0000000180025095e-35 3.2500000000000004 95.000000000000014 1680.5000000000002 25.160256410256412 31.500000000000004 0.24372619187392155 0.79999999999999993 0.099999999999996106 23.850000000000005 1700.5000000000002 0.64414586362404946 0.022575936829235418 19.519230769230774 1.6500000000000006 1.3999999999999997 1.9500000000000004 9.5000000000000018 3.5500000000000003
decision_type=2 2 2 2 2 2 2 2 2 2 2 2 2 2 2 2 2 2 2 2 2 2 2
left_child=2 4 3 -1 -2 6 8 -6 10 12 -4 14 16 -9 -3 -14 -5 18 -7 -13 -21 -16 -20
right_child=1 11 5 9 7 17 -8 13 -10 -11 -12 19 15 -15 21 -17 -18 -19 22 20 -22 -23 -24
leaf_value=0 0 0 0.022222700813340025 -0.00050019289824679671 0 0.052914568232237127 -0.0005535801325852837 0 -0.00020953423586679473 0.0050030602467825841 0.010933705780069303 0 -5.3211933069674519e-05 0 0 -0.00010457211033027443 0.003392189955280801 0.018891922053474841 0.039677071009288203 0 0 0 0.056884693926603121
leaf_weight=553 815 556 3137 503 614 515 500 516 809 979 2360 11856 1211 504 521 534 808 931 512 587 584 526 2024
leaf_count=553 815 556 3137 503 614 515 500 516 809 979 2360 11856 1211 504 521 534 808 931 512 587 584 526 2024
internal_value=-0.00941515 -0.0202598 0.00263168 -0.00122876 -0.00953182 0.0042734 0.00307359 -0.012772 0.00360257 7.24548e-05 0.00416939 -0.0220541 -0.000804447 -0.0150881 -0.019743 -0.00221093 0.00106816 0.00632154 0.00679741 -0.0223354 -0.0212852 -0.0209128 0.00712766
internal_weight=32455 17079 15376 4588 2449 10788 6806 1634 6306 4035 5497 14630 3056 1020 1603 1745 1311 3982 3051 13027 1171 1047 2536
internal_count=32455 17079 15376 4588 2449 10788 6806 1634 6306 4035 5497 14630 3056 1020 1603 1745 1311 3982 3051 13027 1171 1047 2536
is_linear=0
shrinkage=0.03


Tree=31
num_leaves=27
num_cat=0
split_feature=25 8 8 8 25 11 8 24 22 11 25 31 3 6 24 20 39 6 4 4 25 31 39 8 2 20
split_gain=4663.13 365.404 99.6667 38.1146 34.611 34.0655 33.773 16.0555 13.8269 12.5831 11.0389 10.1572 10.9921 8.58494 10.5936 7.70919 6.38319 6.19663 5.83222 5.67302 5.63819 2.79346 1.8084 1.43025 0.625628 0.580183
threshold=1610.5000000000002 0.29999999999999943 0.25000000000000006 1.0000000180025095e-35 1419.5000000000002 -0.40000000000000385 0.64999999999999869 3.3999999999999999 31.500000000000004 0.69999999999999984 1680.5000000000002 17.839743589743595 17.150000000000002 24.950000000000003 1.3999999999999997 -1.3000000000000111 0.57605713708605399 23.650000000000002 5.1499999999999995 3.600000000000001 1709.5000000000002 19.348484848484851 -0.24372464231556024 1.0000000000000011 1010.35 -1.4000000000000339
decision_type=2 2 2 2 2 2 2 2 2 2 2 2 2 2 2 2 2 2 2 2 2 2 2 2 2 2
left_child=2 3 4 -2 7 -4 10 11 13 16 -3 19 -13 14 -7 -11 18 -12 -6 -1 -5 24 -17 25 -9 -8
right_child=1 6 5 20 9 8 23 21 -10 15 17 12 -14 -15 -16 22 -18 -19 -20 -21 -22 -23 -24 -25 -26 -27
leaf_value=0.020139025541693428 0 0 0 0 -0.0007123742289279778 -4.2742606592078669e-05 0 0.045138399206864181 0.012476858761211173 0.00064463449811599056 0 0.023984511540369124 0.00060851813464850909 -0.0014905330252938591 0.0089077740890651496 0.0051062667171186569 -0.00052774471124965164 0 0.004767665603806294 0.032196927975902193 0 0.025618253480029128 0.012575100100149837 0 0.056747412119533019 0
leaf_weight=1867 831 530 810 500 762 762 581 830 583 528 502 621 1107 666 583 518 697 620 626 1579 552 746 638 11735 1550 1218
leaf_count=1867 831 530 810 500 762 762 581 830 583 528 502 621 1107 666 583 518 697 620 626 1579 552 746 638 11735 1550 1218
internal_value=-0.00940312 -0.0202145 0.00252456 -0.00773873 0.00380312 -0.00200822 -0.0217603 0.00488557 -0.000329353 0.00141806 -0.0176481 0.00385723 0.00197688 -0.00150894 -0.000128062 0.0033452 -0.000140153 -0.0193639 0.00103597 0.00479843 -0.0115275 0.00658408 0.00471503 -0.0222595 0.00709068 -0.0212091
internal_weight=32542 17069 15473 1883 12069 3404 15186 8300 2594 3769 1652 5174 1728 2011 1345 1684 2085 1122 1388 3446 1052 3126 1156 13534 2380 1799
internal_count=32542 17069 15473 1883 12069 3404 15186 8300 2594 3769 1652 5174 1728 2011 1345 1684 2085 1122 1388 3446 1052 3126 1156 13534 2380 1799
is_linear=0
shrinkage=0.03


Tree=32
num_leaves=22
num_cat=0
split_feature=25 9 11 25 9 11 24 11 38 5 9 25 22 24 25 24 32 31 28 2 2
split_gain=4673.02 300.479 86.7809 52.6333 41.6316 25.1257 19.9904 14.9972 13.0149 11.2971 10.5419 10.2511 8.91399 8.2981 5.8424 5.30598 4.89164 3.24813 1.6323 1.52979 1.08205
threshold=1610.5000000000002 15.000000000000002 -0.40000000000000385 1390.5000000000002 75.000000000000014 0.75000000000000011 3.3999999999999999 -0.14999999999999855 0.35846314187849709 18.550000000000004 15.000000000000002 1660.5000000000002 31.500000000000004 1.55 1490.5000000000002 0.84999999999999976 40.500000000000007 18.961538461538463 30.500000000000004 1014.85 1010.35
decision_type=2 2 2 2 2 2 2 2 2 2 2 2 2 2 2 2 2 2 2 2 2
left_child=2 15 -1 6 7 12 8 -3 13 -6 -10 -11 16 -4 19 -2 -5 20 -13 -7 -8
right_child=1 4 3 5 9 14 17 -9 10 11 -12 18 -14 -15 -16 -17 -18 -19 -20 -21 -22
leaf_value=0 0 0 0.0056700931318389072 -3.617780320847761e-05 0 0.011001960610087409 0.045274275500008891 0 0.011842832319870633 0 -0.00063719674411102294 0 0.0061800997847838062 0.027850547438836377 0.0022021184812138737 0 -0.0010054632779046033 0.024319634701959667 0 0.012318414619157652 0.057764998090952334
leaf_weight=795 654 869 567 2388 900 596 878 713 1719 572 503 11966 798 2472 847 510 748 834 801 619 1630
leaf_count=795 654 869 567 2388 900 596 878 713 1719 572 503 11966 798 2472 847 510 748 834 801 619 1630
internal_value=-0.00937888 -0.020228 0.00259256 0.00311845 -0.0213103 0.00096032 0.00462202 -0.0166383 0.00346713 -0.0218269 0.00171987 -0.0220536 -0.000445884 0.00474268 0.00364099 -0.005506 -0.00116635 0.0064369 -0.0222357 0.00497329 0.00698008
internal_weight=32379 16985 15394 14599 15821 5996 8603 1582 5261 14239 2222 13339 3934 3039 2062 1164 3136 3342 12767 1215 2508
internal_count=32379 16985 15394 14599 15821 5996 8603 1582 5261 14239 2222 13339 3934 3039 2062 1164 3136 3342 12767 1215 2508
is_linear=0
shrinkage=0.03


Tree=33
num_leaves=27
num_cat=0
split_feature=35 8 35 11 8 24 9 24 38 39 35 8 6 31 8 27 38 2 35 35 5 24 30 2 24 24
split_gain=4649.68 319.728 118.958 55.8356 46.3353 35.7517 31.3582 15.9341 15.926 12.7515 12.6175 11.9078 11.4529 10.0124 9.65425 8.12408 6.41794 5.86179 3.68772 3.48393 2.43178 2.30028 1.73975 0.676905 0.446958 0.742126
threshold=875.00000000000011 0.4000000000000013 755.00000000000011 -0.40000000000000119 1.0000000180025095e-35 3.2500000000000004 15.000000000000002 1.55 0.35846314187849709 0.47369649395226454 935.00000000000011 0.79999999999999993 23.550000000000004 26.080128205128208 0.35000000000000148 16.083333333333339 0.50557357885840837 1019.35 955.00000000000011 825.00000000000011 25.850000000000005 3.7500000000000004 13.500000000000002 1010.85 1.3999999999999997 1.9500000000000004
decision_type=2 2 2 2 2 2 2 2 2 2 2 2 2 2 2 2 2 2 2 2 2 2 2 2 2 2
left_child=2 4 5 -4 -2 6 13 -8 -9 14 -6 18 -12 16 19 21 -1 -11 -3 -5 -20 22 -7 -23 -13 -26
right_child=1 11 3 9 10 15 7 8 -10 17 12 24 -14 -15 -16 -17 -18 -19 20 -21 -22 23 -24 -25 25 -27
leaf_value=0.016456227865567118 0 0 0 0.0039226747193258681 0 0.037822532464596145 -0.00053697272860772519 0.010826688243807375 -0.0025224590384267907 -0.00050303648123355756 0 0 0 -0.00045781358549299919 -2.4461431258931349e-05 0.0056696840935665889 0.0099673967887286778 -9.7741433453508463e-06 0 0 0 0.053252367091371308 0.024364066542152292 0.062032042426177866 0 0
leaf_weight=3652 749 513 518 915 513 624 880 828 516 523 501 11838 509 534 636 504 1614 507 502 540 559 880 531 1533 569 598
leaf_count=3652 749 513 518 915 513 624 880 828 516 523 501 11838 509 534 636 504 1614 507 502 540 559 880 531 1533 569 598
internal_value=-0.00943829 -0.0203879 0.00228903 -0.00246567 -0.00990765 0.00371962 0.00255669 -0.000471698 0.00158247 -0.000948607 -0.0129098 -0.0220196 -0.0148666 0.00371768 0.000397754 0.00600884 0.00411446 -0.00367733 -0.0194448 0.00174502 -0.0205386 0.00651261 0.00538678 0.00704658 -0.0223282 -0.021281
internal_weight=32586 16851 15735 3639 2272 12096 8024 2224 1344 3121 1523 14579 1010 5800 2091 4072 5266 1030 1574 1455 1061 3568 1155 2413 13005 1167
internal_count=32586 16851 15735 3639 2272 12096 8024 2224 1344 3121 1523 14579 1010 5800 2091 4072 5266 1030 1574 1455 1061 3568 1155 2413 13005 1167
is_linear=0
shrinkage=0.03


Tree=34
num_leaves=23
num_cat=0
split_feature=35 8 11 8 35 24 7 10 35 25 8 38 5 39 28 35 27 31 36 5 24 24
split_gain=4725.64 324.133 101.296 51.883 51.6276 21.359 17.8541 13.8454 11.9617 11.8322 10.5445 10.0441 9.75907 8.46063 5.3887 4.42767 3.60333 2.62236 1.48293 1.14036 0.09194 0.215194
threshold=875.00000000000011 0.4000000000000013 -0.40000000000000119 1.0000000180025095e-35 665.00000000000011 3.3500000000000001 1.4500000000000004 0.14999999999999861 755.00000000000011 1680.5000000000002 0.79999999999999993 0.35846314187849709 25.550000000000004 0.79773375822167203 23.500000000000004 955.00000000000011 15.083333333333334 17.679487179487186 -0.24999999999999994 25.950000000000003 1.3999999999999997 1.9500000000000004
decision_type=2 2 2 2 2 2 2 2 2 2 2 2 2 2 2 2 2 2 2 2 2 2
left_child=2 3 -1 -2 5 7 -6 11 14 -5 15 -4 -11 -10 -8 -3 18 -9 -7 -17 -12 -22
right_child=1 10 4 9 6 16 8 17 13 12 20 -13 -14 -15 -16 19 -18 -19 -20 -21 21 -23
leaf_value=0 0 0 0.013437537205084985 0 -0.0013907913601727017 0.049888315483581219 0.0082696527397781213 0.026086885567770047 1.5091094437006726e-05 0 0 -8.5960496798898864e-05 0 -6.9443242345210732e-05 0.00020426084163677598 0 0.012368639274410764 0.0136227251149401 0.047162508248586067 0 0 0
leaf_weight=903 764 504 1378 537 749 1443 1592 2084 2166 511 11792 1207 509 564 528 512 544 812 1637 552 584 586
leaf_count=903 764 504 1378 537 749 1443 1592 2084 2166 511 11792 1207 509 564 528 512 544 812 1637 552 584 586
internal_value=-0.00938678 -0.0204022 0.00250769 -0.00997955 0.0031069 0.00450066 0.000839582 0.00331707 0.00150556 -0.013119 -0.0220654 0.00171917 -0.0150294 0.000192167 0.0031951 -0.0196242 0.00628792 0.0047412 0.00668722 -0.0207974 -0.0223577 -0.0214377
internal_weight=32458 16851 15607 2321 14704 9105 5599 5481 4850 1557 14530 2585 1020 2730 2120 1568 3624 2896 3080 1064 12962 1170
internal_count=32458 16851 15607 2321 14704 9105 5599 5481 4850 1557 14530 2585 1020 2730 2120 1568 3624 2896 3080 1064 12962 1170
is_linear=0
shrinkage=0.03


Tree=35
num_leaves=21
num_cat=0
split_feature=25 8 11 8 24 8 25 31 44 20 22 8 5 3 28 4 5 19 24 8
split_gain=4664.11 334.676 110.412 56.3302 54.611 23.3782 12.3992 11.6518 10.4548 10.2899 10.15 9.27885 7.82704 7.53289 5.93722 4.78648 3.00593 0.48878 0.334883 0.469717
threshold=1620.5000000000002 0.4000000000000013 -0.40000000000000385 1.0000000180025095e-35 2.600000000000001 1.0000000180025095e-35 1680.5000000000002 23.320512820512821 18.500000000000004 -1.6000000000000794 31.500000000000004 0.79999999999999993 25.650000000000002 15.15 26.500000000000004 1.6500000000000006 25.150000000000002 -1.0000000180025095e-35 1.3999999999999997 1.6999999999999977
decision_type=2 2 2 2 2 2 2 2 2 2 2 2 2 2 2 2 2 2 2 2
left_child=2 3 -1 -2 5 9 -5 8 15 -4 14 16 -8 -11 -7 -6 -3 -18 -13 -20
right_child=1 11 4 6 7 10 12 -9 -10 13 -12 18 -14 -15 -16 -17 17 -19 19 -21
leaf_value=0 0 0 -0.00039627779771358269 0 0.023570385687266777 -7.0136193329779202e-06 0 0.0021306582713657486 0.017691292439896866 0.017122846731059974 0.0057126859774297069 0 0 0.007188851993451437 -0.00066440737278601321 0.038927140405245704 0 0 0 0
leaf_weight=870 762 552 624 526 624 2318 506 847 843 740 755 11852 501 3389 816 3873 511 500 584 567
leaf_count=870 762 552 624 526 624 2318 506 847 843 740 755 11852 501 3389 816 3873 511 500 584 567
internal_value=-0.0094251 -0.0203803 0.00234205 -0.00972029 0.00295176 0.00141081 -0.0130309 0.00510301 0.00562149 0.00282177 -0.000314187 -0.0220583 -0.0149926 0.0033642 -0.00106665 0.00619638 -0.0197492 -0.0208268 -0.0223328 -0.0213161
internal_weight=32560 16861 15699 2295 14829 8642 1533 6187 5340 4753 3889 14566 1007 4129 3134 4497 1563 1011 13003 1151
internal_count=32560 16861 15699 2295 14829 8642 1533 6187 5340 4753 3889 14566 1007 4129 3134 4497 1563 1011 13003 1151
is_linear=0
shrinkage=0.03


Tree=36
num_leaves=20
num_cat=0
split_feature=35 8 11 24 8 8 8 35 0 31 44 35 15 21 21 37 4 8 20
split_gain=4683.42 302.054 101.835 55.1118 39.7818 21.8682 21.2818 12.0316 12.6675 11.5125 10.4826 8.81026 10.1116 8.00186 5.91853 4.44686 3.65003 1.57692 0.275398
threshold=875.00000000000011 0.20000000000000198 -0.40000000000000385 2.600000000000001 0.64999999999999869 0.14999999999999861 1.0000000180025095e-35 935.00000000000011 24.750000000000004 22.873076923076926 18.500000000000004 755.00000000000011 0.10488088481688825 19.500000000000004 24.500000000000004 0.25000000000000017 1.6500000000000006 0.90000000000000402 -1.0999999999999657
decision_type=2 2 2 2 2 2 2 2 2 2 2 2 2 2 2 2 2 2 2
left_child=2 6 -1 5 7 11 -2 -3 -9 10 16 12 -4 -7 -15 -13 -5 18 -6
right_child=1 4 3 9 17 13 -8 8 -10 -11 -12 15 -14 14 -16 -17 -18 -19 -20
leaf_value=0 0 0 0.0018214700598373882 0.026743520535538065 0 -8.9542685522450089e-05 0 0 0 0.0029086643831771411 0.018345938048857629 0.0023121886169193292 0.011359238695263105 3.4570582787476924e-05 -0.00027845231736190634 -0.00040458356944545886 0.03760158724415711 0 0
leaf_weight=847 776 538 1097 618 529 703 720 505 842 931 819 870 3231 713 1248 654 3814 12166 799
leaf_count=847 776 538 1097 618 529 703 720 505 842 931 819 870 3231 713 1248 654 3814 12166 799
internal_value=-0.00948893 -0.0204318 0.0023913 0.00297449 -0.0216837 0.00140878 -0.00755007 -0.0175477 -0.0190864 0.00513017 0.00567533 0.00243423 0.00312471 -0.000843961 0.000141365 0.000471822 0.00625169 -0.0222588 -0.0209774
internal_weight=32420 16875 15545 14698 15379 8516 1496 1885 1347 6182 5251 5852 4328 2664 1961 1524 4432 13494 1328
internal_count=32420 16875 15545 14698 15379 8516 1496 1885 1347 6182 5251 5852 4328 2664 1961 1524 4432 13494 1328
is_linear=0
shrinkage=0.03


Tree=37
num_leaves=23
num_cat=0
split_feature=35 8 11 8 35 11 23 35 39 21 8 5 35 7 7 39 38 35 33 2 3 7
split_gain=4653.78 340.113 101 55.1329 51.8964 20.3521 17.8442 13.7329 12.5408 13.3977 10.9795 10.6186 10.0581 9.28713 4.53407 4.26215 4.2029 3.92691 3.59118 3.41249 1.50081 0.204185
threshold=875.00000000000011 0.4000000000000013 -0.40000000000000385 1.0000000180025095e-35 635.00000000000011 0.64999999999999869 4.5000000000000009 935.00000000000011 0.91852788691372023 26.500000000000004 0.79999999999999993 25.550000000000004 745.00000000000011 1.4000000000000015 4.4999999999999982 -0.24372464231556024 0.95242846126021108 955.00000000000011 0.37228260869565238 1020.9500000000002 22.950000000000003 1.7999999999999983
decision_type=2 2 2 2 2 2 2 2 2 2 2 2 2 2 2 2 2 2 2 2 2 2
left_child=2 3 -1 -2 6 13 8 -5 9 -4 17 -9 15 -6 -15 -7 19 -3 -14 -8 -19 -12
right_child=1 10 4 7 5 12 16 11 -10 -11 21 -13 18 14 -16 -17 -18 20 -20 -21 -22 -23
leaf_value=0 0 0 0.0044340839257105908 0 -0.0014450916126948223 0.0068562433191484105 0.0382013551161565 0 0.042516328061930314 0.026887499379586725 0 0 -0.00017151441280534313 2.8566900809095323e-05 -4.1180567661867865e-05 0.012479432185449816 0.018604895303509061 0 0.0018996333784490368 0.041378569859402997 0 0
leaf_weight=834 771 521 2749 502 941 587 2927 500 623 810 514 513 563 2450 521 961 518 528 536 605 553 12555
leaf_count=834 771 521 2749 502 941 587 2927 500 623 810 514 513 563 2450 521 961 518 528 536 605 553 12555
internal_value=-0.00947075 -0.0203534 0.00234066 -0.00957823 0.00291371 0.000922497 0.00449964 -0.0128988 0.00312261 0.0024326 -0.0220308 -0.0149187 0.002953 -0.000452223 0.000370838 0.00450968 0.0059193 -0.0195729 0.000756131 0.00629032 -0.0206856 -0.022329
internal_weight=32582 16957 15625 2286 14791 6559 8232 1515 4182 3559 14671 1013 2647 3912 2971 1548 4050 1602 1099 3532 1081 13069
internal_count=32582 16957 15625 2286 14791 6559 8232 1515 4182 3559 14671 1013 2647 3912 2971 1548 4050 1602 1099 3532 1081 13069
is_linear=0
shrinkage=0.03


Tree=38
num_leaves=21
num_cat=0
split_feature=35 8 13 8 24 8 25 22 27 20 3 8 6 25 4 5 32 24 8 35
split_gain=4652.49 317.479 99.0501 56.5359 52.5274 23.9648 12.6589 11.9271 11.1128 10.3708 11.2571 10.0467 9.66803 3.50432 1.36193 1.32406 0.613173 0.478087 0.588246 0.333457
threshold=875.00000000000011 0.4000000000000013 -0.0066666666666666497 1.0000000180025095e-35 3.3500000000000001 1.0000000180025095e-35 1680.5000000000002 31.500000000000004 15.083333333333334 -1.5999999999999657 15.65 0.79999999999999993 24.950000000000003 1700.5000000000002 1.7 25.850000000000005 30.500000000000004 1.3999999999999997 1.6999999999999977 935.00000000000011
decision_type=2 2 2 2 2 2 2 2 2 2 2 2 2 2 2 2 2 2 2 2
left_child=2 3 -1 -2 5 9 -5 12 14 -4 -11 13 -7 -3 -6 -15 -16 19 -19 -13
right_child=1 11 4 6 8 7 -8 -9 -10 10 -12 17 -14 15 16 -17 -18 18 -20 -21
leaf_value=0 0 0 -0.0002432699437044972 0 0.042161837307058657 1.4959687479784896e-05 0 0.0087579443799400154 0.0069185421299369429 0.02069890580824776 0.0091272804047877621 0 -0.001404105537168228 0 0.044829260083965268 0 0.043919616937783769 0 0 0
leaf_weight=925 765 505 664 522 515 2477 995 925 594 1134 4605 522 1281 504 1825 555 824 606 563 11240
leaf_count=925 765 505 664 522 515 2477 995 925 594 1134 4605 522 1281 504 1825 555 824 606 563 11240
internal_value=-0.00939366 -0.0203893 0.00230597 -0.00997592 0.00289977 0.00186012 -0.0133262 0.000228922 0.0059641 0.00305269 0.00346325 -0.0220271 -0.000522606 -0.019636 0.00667088 -0.0207045 0.00695115 -0.0223133 -0.0212575 -0.0224146
internal_weight=32546 16777 15769 2282 14844 11086 1517 4683 3758 6403 5739 14495 3758 1564 3164 1059 2649 12931 1169 11762
internal_count=32546 16777 15769 2282 14844 11086 1517 4683 3758 6403 5739 14495 3758 1564 3164 1059 2649 12931 1169 11762
is_linear=0
shrinkage=0.03


Tree=39
num_leaves=28
num_cat=0
split_feature=8 40 40 19 11 9 19 8 24 11 8 6 3 8 9 20 27 41 7 2 22 18 46 36 24 36 2
split_gain=3796.09 316.588 264.033 155.642 93.0792 43.4449 34.6596 30.7561 26.3483 15.7566 15.3524 14.2896 18.307 14.2013 11.7455 10.4143 8.58418 7.26992 6.70782 5.35088 9.11127 4.50081 2.75902 2.32887 1.96019 1.82549 0.396083
threshold=0.40000000000000396 1.0000000180025095e-35 1.0000000180025095e-35 -0.54999999999995441 0.14999999999999861 65.000000000000014 -0.45000000000004542 0.90000000000000135 3.2500000000000004 0.30000000000000254 0.14999999999999861 26.650000000000002 16.250000000000004 0.90000000000000402 45.000000000000007 -1.4000000000000339 15.633333333333335 1.0000000180025095e-35 4.2500000000000009 1011.0500000000001 31.500000000000004 0.40000000000000085 1.5000000000000002 0.68301270189221941 3.8999999999999999 -0.24999999999999994 1010.1500000000002
decision_type=2 2 2 2 2 2 2 2 2 2 2 2 2 2 2 2 2 2 2 2 2 2 2 2 2 2 2
left_child=2 3 4 7 6 -5 -1 -2 9 11 15 12 -4 17 -8 18 24 -7 -6 20 -11 -17 -15 -21 25 -10 -26
right_child=1 -3 8 5 10 13 14 -9 16 19 -12 -13 -14 22 -16 21 -18 -19 -20 23 -22 -23 -24 -25 26 -27 -28
leaf_value=0 0 -0.00015961501918924014 0.033196652612131665 0 0 0 0 0 0.032985937688992772 0.0001563841929371168 0 0.022804071331121323 -0.0025265418259254441 0 0 0 0.010512801233913405 0 0 0.019536445001148831 0.019940125249033887 0.0041058932633915119 0 0.019904072183662348 0.051080645972815857 0.027823500387454639 0.056569528015674074
leaf_weight=804 763 777 608 768 773 758 526 636 593 647 918 725 1536 11178 623 603 502 1061 666 1407 671 885 541 572 588 816 1327
leaf_count=804 763 777 608 768 773 758 526 636 593 647 918 725 1536 11178 623 603 502 1061 666 1407 671 885 541 572 588 816 1327
internal_value=-0.00946273 -0.0195326 0.00104958 -0.0204573 -0.00404224 -0.0213919 -0.00937212 -0.0108833 0.0040044 0.0027894 -0.00133156 0.00116249 -6.98975e-05 -0.0217877 -0.0127129 -0.000268863 0.00596003 -0.0192298 -0.00208709 0.00420355 0.00271591 0.00148993 -0.0221813 0.00519056 0.00651233 0.00563962 0.00714789
internal_weight=32272 16482 15790 15705 5798 14306 1953 1399 9992 6166 3845 2869 2144 13538 1149 2927 3826 1819 1439 3297 1318 1488 11719 1979 3324 1409 1915
internal_count=32272 16482 15790 15705 5798 14306 1953 1399 9992 6166 3845 2869 2144 13538 1149 2927 3826 1819 1439 3297 1318 1488 11719 1979 3324 1409 1915
is_linear=0
shrinkage=0.03


Tree=40
num_leaves=19
num_cat=0
split_feature=35 8 11 8 24 44 24 28 25 8 11 27 35 4 0 24 7 8
split_gain=4566.32 325.604 96.9233 58.6157 53.2206 28.3598 23.9439 22.2427 12.7938 12.6925 9.25909 8.47645 5.7819 2.40374 1.68956 0.909837 0.236299 0.223645
threshold=875.00000000000011 0.4000000000000013 -0.40000000000000385 1.0000000180025095e-35 3.3500000000000001 5070.0000000000009 1.2000000000000013 19.500000000000004 1680.5000000000002 0.79999999999999993 0.99999999999999922 15.266666666666667 955.00000000000011 1.7 25.250000000000004 3.7500000000000004 1.7500000000000002 0.90000000000000402
decision_type=2 2 2 2 2 2 2 2 2 2 2 2 2 2 2 2 2 2
left_child=2 3 -1 -2 5 6 10 -8 -5 12 -4 13 -3 -6 -14 -15 -11 -18
right_child=1 9 4 8 11 -7 7 -9 -10 16 -12 -13 14 15 -16 -17 17 -19
leaf_value=0 0 0 -2.2788027831084418e-05 0 0.033450999747224999 -0.0041993925158640717 0.01817712796375183 0.0024473410241216517 0 0 0.0051729821463655287 0.0076761178118882438 0 0.030497167097675273 0 0.049900077663837847 0 0
leaf_weight=841 774 515 3490 526 531 514 3343 2732 999 502 996 578 500 703 565 1918 656 11838
leaf_count=841 774 515 3490 526 531 514 3343 2732 999 502 996 578 500 703 565 1918 656 11838
internal_value=-0.00952841 -0.0203518 0.00214628 -0.00984681 0.00270936 0.00166494 0.00200014 0.00322733 -0.0132564 -0.0220071 0.000337567 0.00580788 -0.0193616 0.00642042 -0.0206865 0.00679661 -0.0223257 -0.0223836
internal_weight=32521 16875 15646 2299 14805 11075 10561 6075 1525 14576 4486 3730 1580 3152 1065 2621 12996 12494
internal_count=32521 16875 15646 2299 14805 11075 10561 6075 1525 14576 4486 3730 1580 3152 1065 2621 12996 12494
is_linear=0
shrinkage=0.03


Tree=41
num_leaves=26
num_cat=0
split_feature=35 9 13 35 35 23 5 38 13 13 28 20 7 7 22 31 7 1 33 32 39 1 19 22 9
split_gain=4563.96 269.816 93.9154 42.8637 34.0883 23.6482 13.7763 13.6728 13.0716 9.88422 9.34995 8.10673 7.46025 7.1067 6.90296 6.53573 6.34866 5.73686 4.95162 4.15799 3.95809 2.77278 2.7236 1.64873 1.04306
threshold=875.00000000000011 15.000000000000002 -0.0066666666666667313 655.00000000000011 945.00000000000011 4.5000000000000009 18.550000000000004 0.35846314187849709 0.0083333333333333506 1.0000000180025095e-35 22.500000000000004 -1.3000000000000111 1.7000000000000004 3.8000000000000003 21.500000000000004 17.679487179487186 1.9000000000000015 74.500000000000014 -0.045454545454544075 34.500000000000007 -0.72694848937061807 74.500000000000014 -0.45000000000004542 32.500000000000007 95.000000000000014
decision_type=2 2 2 2 2 2 2 2 2 2 2 2 2 2 2 2 2 2 2 2 2 2 2 2 2
left_child=2 13 -1 5 9 7 -6 10 12 22 -4 -10 18 -2 -9 23 19 -13 -5 -8 -14 -17 -3 -7 -18
right_child=1 4 3 8 6 15 16 14 11 -11 -12 17 20 -15 -16 21 24 -19 -20 -21 -22 -23 -24 -25 -26
leaf_value=0 0 0 0.02602842111992373 -0.00029718418703880874 0 0.034914033412425723 0 0.025543944581122136 -5.1410499600524542e-05 0 0.0025885075811628621 0.0082939348290364326 0.0016608050277456307 0 -0.00069071623172316948 0.044653039287121228 0 0.0012037600221287675 -0.0026104268649275592 0 -1.3473970286379384e-05 0.010140537084442422 0 0.033091066726381867 0
leaf_weight=814 552 513 1609 500 908 2236 569 619 831 535 802 1313 622 504 1431 538 937 599 501 509 1629 538 504 1002 11230
leaf_count=814 552 513 1609 500 908 2236 569 619 831 535 802 1313 622 504 1431 538 937 599 501 509 1629 538 504 1002 11230
internal_value=-0.00955429 -0.0204195 0.00213268 0.00267973 -0.0214065 0.00401532 -0.0218737 0.00248207 0.000724112 -0.0171236 0.00401264 0.00224863 -0.000562385 -0.00572779 0.000679825 0.00559893 -0.0221252 0.00332288 -0.00271436 -0.0197361 0.000396138 0.00356215 -0.0188935 0.00627315 -0.0223336
internal_weight=32345 16761 15584 14770 15705 8775 14153 4461 5995 1552 2411 2743 3252 1056 2050 4314 13245 1912 1001 1078 2251 1076 1017 3238 12167
internal_count=32345 16761 15584 14770 15705 8775 14153 4461 5995 1552 2411 2743 3252 1056 2050 4314 13245 1912 1001 1078 2251 1076 1017 3238 12167
is_linear=0
shrinkage=0.03


Tree=42
num_leaves=21
num_cat=0
split_feature=35 9 11 24 35 9 5 9 27 24 11 3 7 31 7 31 24 36 9 3
split_gain=4597.65 246.566 91.3162 52.0895 34.5435 22.7025 14.7054 10.8665 9.50973 9.02184 9.00368 8.6589 7.62793 6.25605 5.88616 4.66993 3.11365 2.51133 1.49272 0.0600778
threshold=875.00000000000011 15.000000000000002 -0.40000000000000385 3.3500000000000001 935.00000000000011 1.0000000180025095e-35 18.550000000000004 165.00000000000003 15.633333333333335 -1.0000000180025095e-35 -0.19999999999999749 15.65 1.9000000000000015 24.541958041958047 3.8000000000000003 18.038461538461544 4.1500000000000012 -0.24999999999999994 95.000000000000014 24.550000000000004
decision_type=2 2 2 2 2 2 2 2 2 2 2 2 2 2 2 2 2 2 2 2
left_child=2 14 -1 5 10 9 -6 13 16 -4 -3 -11 15 -7 -2 -8 17 -5 -14 -18
right_child=1 4 3 8 6 7 12 -9 -10 11 -12 -13 18 -15 -16 -17 19 -19 -20 -21
leaf_value=0 0 0 -0.00025571174910688562 0.030288274160836487 0 4.2520307681032385e-05 0 -0.0010072616332543454 0.0055703939894236523 0.016791392155539174 0 0.0076839673068463052 0 -0.00116131251762895 0 0 0.053416633553843219 0.025371322445657145 0 0.047017628569926494
leaf_weight=831 533 577 734 655 901 3583 587 509 549 1168 742 4423 1079 681 505 503 1086 945 11397 526
leaf_count=831 533 577 734 655 901 3583 587 509 549 1168 742 4423 1079 681 505 503 1086 945 11397 526
internal_value=-0.00958743 -0.0204808 0.00209438 0.00263593 -0.0214121 0.00160135 -0.0218396 3.9267e-05 0.00568629 0.00277975 -0.0166976 0.00319015 -0.0220921 0.000534459 -0.00630288 -0.0195192 0.00630989 0.00535581 -0.0223137 0.00724907
internal_weight=32514 16824 15690 14859 15786 11098 14467 4773 3761 6325 1319 5591 13566 4264 1038 1090 3212 1600 12476 1612
internal_count=32514 16824 15690 14859 15786 11098 14467 4773 3761 6325 1319 5591 13566 4264 1038 1090 3212 1600 12476 1612
is_linear=0
shrinkage=0.03


Tree=43
num_leaves=21
num_cat=0
split_feature=25 8 13 24 8 8 9 32 24 39 9 0 24 25 24 38 8 9 2 24
split_gain=4522.23 329.234 95.9031 50.5166 33.125 28.2529 23.0021 16.8 15.4422 11.8995 8.28378 8.10291 6.65059 5.07454 3.57421 3.75105 1.10608 0.17305 0.163063 0.161099
threshold=1620.5000000000002 0.29999999999999943 -0.0066666666666667313 3.1500000000000008 1.0000000180025095e-35 0.64999999999999869 15.000000000000002 42.500000000000007 -0.44999999999999923 0.95936279103287792 135.00000000000003 24.550000000000004 1.6500000000000006 1730.5000000000002 4.1500000000000012 -0.23537230790205757 0.90000000000000402 195.00000000000003 1010.6500000000002 1.8499999999999999
decision_type=2 2 2 2 2 2 2 2 2 2 2 2 2 2 2 2 2 2 2 2
left_child=2 4 -1 6 -2 11 8 14 -4 -10 12 -3 -8 -13 15 -5 17 -7 -16 -18
right_child=1 5 3 7 -6 16 10 -9 9 -11 -12 13 -14 -15 18 -17 19 -19 -20 -21
leaf_value=0 0 0 -0.00052249557057942582 0.028565500073883886 0 0 -5.7837297903162217e-05 0.0023842438830989059 0.0060244928313811317 0.01830327481043155 -0.00097448556544104282 0 0.0045620203978235206 0 0.045966165049861465 0.023358459241493743 0 0 0.051748902020836755 0
leaf_weight=848 780 577 623 810 942 782 1615 671 6047 570 643 506 1038 533 504 1254 11604 508 1085 537
leaf_count=848 780 577 623 810 942 782 1615 671 6047 570 643 506 1038 533 504 1254 11604 508 1085 537
internal_value=-0.00956533 -0.0203991 0.00200127 0.00256157 -0.00796114 -0.0218212 0.0014405 0.00529126 0.00238608 0.00281123 -0.00063675 -0.0180037 0.00010452 -0.0196326 0.00609234 0.00525653 -0.0222778 -0.0210952 0.00717002 -0.0223999
internal_weight=32477 16769 15708 14860 1722 15047 10536 4324 7240 6617 3296 1616 2653 1039 3653 2064 13431 1290 1589 12141
internal_count=32477 16769 15708 14860 1722 15047 10536 4324 7240 6617 3296 1616 2653 1039 3653 2064 13431 1290 1589 12141
is_linear=0
shrinkage=0.03


Tree=44
num_leaves=22
num_cat=0
split_feature=35 8 11 24 8 8 27 25 8 9 24 24 4 38 35 4 6 30 24 8 35
split_gain=4529.6 311.511 91.0359 53.3605 51.4196 21.861 14.1788 12.7084 11.6218 10.4071 10.0837 9.66692 8.24914 5.22592 4.6315 3.35359 1.8589 1.81673 0.486703 0.773815 0.391493
threshold=875.00000000000011 0.4000000000000013 -0.40000000000000385 3.1500000000000008 1.0000000180025095e-35 1.0000000180025095e-35 15.083333333333334 1680.5000000000002 0.79999999999999993 125.00000000000001 0.89999999999999958 1.6500000000000006 3.6500000000000008 -0.2270106897347694 955.00000000000011 1.6500000000000006 24.250000000000004 15.500000000000002 1.3999999999999997 1.6999999999999977 935.00000000000011
decision_type=2 2 2 2 2 2 2 2 2 2 2 2 2 2 2 2 2 2 2 2 2
left_child=2 4 -1 5 -2 10 15 -6 14 11 13 -7 -12 -4 -3 -5 -16 -17 20 -20 -10
right_child=1 8 3 6 7 9 -8 -9 18 -11 12 -13 -14 -15 16 17 -18 -19 19 -21 -22
leaf_value=0 0 0 -0.001084922998492665 0.025184323932854982 0 -4.0448514375819407e-05 0.0041048575043766689 0 0 -0.00092061378696252165 0.0062241164703229716 0.0063926373071325638 0.014339291809039275 0.003504009897975233 0 0.037499054370016056 0 0.028909217925342751 0 0 0
leaf_weight=823 764 507 736 556 510 2365 712 986 536 663 1735 1438 2308 1073 510 2313 552 757 597 603 11348
leaf_count=823 764 507 736 556 510 2365 712 986 536 663 1735 1438 2308 1073 510 2313 552 757 597 603 11348
internal_value=-0.00967494 -0.0204063 0.00205171 0.00259722 -0.0100265 0.00142297 0.00538825 -0.0132577 -0.0220056 -0.000157789 0.00262897 0.000447438 0.00346168 0.000766151 -0.0194542 0.00614802 -0.0206532 0.00653809 -0.0223086 -0.0212646 -0.0224104
internal_weight=32392 16913 15479 14656 2260 10318 4338 1496 14653 4466 5852 3803 4043 1809 1569 3626 1062 3070 13084 1200 11884
internal_count=32392 16913 15479 14656 2260 10318 4338 1496 14653 4466 5852 3803 4043 1809 1569 3626 1062 3070 13084 1200 11884
is_linear=0
shrinkage=0.03


Tree=45
num_leaves=22
num_cat=0
split_feature=35 8 11 8 24 8 25 20 8 5 27 22 3 35 35 24 36 0 24 8 24
split_gain=4535.05 336.069 94.1932 51.0309 49.1884 18.7193 16.3048 12.2789 10.5707 10.4287 9.67506 8.92733 8.10242 5.50746 4.3212 3.32845 2.97034 2.37659 0.55219 0.972522 0.150969
threshold=875.00000000000011 0.4000000000000013 -0.40000000000000385 1.0000000180025095e-35 3.3500000000000001 1.0000000180025095e-35 1680.5000000000002 -1.5500000000000111 0.79999999999999993 25.650000000000002 15.083333333333334 31.500000000000004 15.65 495.00000000000006 955.00000000000011 4.1500000000000012 -0.24999999999999994 25.150000000000002 1.3999999999999997 1.6999999999999977 4.6500000000000012
decision_type=2 2 2 2 2 2 2 2 2 2 2 2 2 2 2 2 2 2 2 2 2
left_child=2 3 -1 -2 5 7 -5 -4 14 -8 15 13 -9 -7 -3 16 -6 -16 -10 -20 -17
right_child=1 8 4 6 10 11 9 12 18 -11 -12 -13 -14 -15 17 20 -18 -19 19 -21 -22
leaf_value=0 0 0 -0.00051033280292611389 0 0.027926406454600299 0.0093621635418837425 0 0.016871026541952581 0 0 0.0063558353752410628 0.0069157946596522229 0.0076178178437553484 -0.00010069189321293823 0 0.038432330148399182 0.024175397441160592 0 0 0 0.053642083396499181
leaf_weight=864 793 505 706 517 619 665 506 1119 11788 503 596 936 4583 3133 505 561 932 597 589 603 1028
leaf_count=864 793 505 706 517 619 665 506 1119 11788 503 596 936 4583 3133 505 561 932 597 589 603 1028
internal_value=-0.00955498 -0.0203433 0.0020322 -0.00972318 0.00259173 0.00159234 -0.0129287 0.00264899 -0.0220301 -0.0151558 0.00556982 0.000161529 0.00311097 -0.000485526 -0.0196193 0.00623488 0.0052302 -0.0207473 -0.0223255 -0.0212563 0.00720773
internal_weight=32648 16906 15742 2319 14878 11142 1526 6408 14587 1009 3736 4734 5702 3798 1607 3140 1551 1102 12980 1192 1589
internal_count=32648 16906 15742 2319 14878 11142 1526 6408 14587 1009 3736 4734 5702 3798 1607 3140 1551 1102 12980 1192 1589
is_linear=0
shrinkage=0.03


Tree=46
num_leaves=22
num_cat=0
split_feature=35 8 13 8 24 8 35 32 25 8 28 9 21 35 18 24 6 6 25 24 24
split_gain=4493.69 320.121 90.5413 55.6359 51.3515 18.0749 13.4629 12.2591 11.192 10.29 8.79142 7.34028 6.33252 4.55908 3.77455 3.65239 1.35392 1.33598 0.207236 0.165489 0.319012
threshold=875.00000000000011 0.4000000000000013 -0.0066666666666667313 1.0000000180025095e-35 3.3500000000000001 0.099999999999996106 695.00000000000011 41.500000000000007 1680.5000000000002 0.79999999999999993 22.500000000000004 125.00000000000001 26.500000000000004 955.00000000000011 0.40000000000000085 3.7500000000000004 24.250000000000004 26.150000000000002 1670.5000000000002 1.3999999999999997 1.9500000000000004
decision_type=2 2 2 2 2 2 2 2 2 2 2 2 2 2 2 2 2 2 2 2 2
left_child=2 3 -1 -2 5 6 10 15 -5 13 -4 12 -7 -3 -8 -6 -15 -17 -11 -20 -21
right_child=1 9 4 8 7 11 14 -9 -10 18 -12 -13 -14 16 -16 17 -18 -19 19 20 -22
leaf_value=0 0 0 0.017474374524001374 0 0.023838936348074193 -1.9532144459981482e-05 -0.00080737025765139085 0.0036870477628228697 0 0 0.004284430200114318 -0.00068954506284525131 0.0059898127066250386 0 0.002096680144589501 0.046756939169382429 0 0.035581001790351459 0 0 0
leaf_weight=841 782 509 3143 519 862 2971 812 567 992 515 1168 739 1091 517 1325 1418 547 908 11337 565 562
leaf_count=841 782 509 3143 519 862 2971 812 567 992 515 1168 739 1091 517 1325 1418 547 908 11337 565 562
internal_value=-0.00961474 -0.0204014 0.00185382 -0.00997059 0.00239104 0.00137654 0.00241395 0.00542787 -0.0133295 -0.0220434 0.00337874 -1.71768e-05 0.000483514 -0.0196333 0.000466339 0.00615047 -0.0208255 0.00677191 -0.0223324 -0.0223905 -0.0214238
internal_weight=32690 16845 15845 2293 15004 11249 6448 3755 1511 14552 4311 4801 4062 1573 2137 3188 1064 2326 12979 12464 1127
internal_count=32690 16845 15845 2293 15004 11249 6448 3755 1511 14552 4311 4801 4062 1573 2137 3188 1064 2326 12979 12464 1127
is_linear=0
shrinkage=0.03


Tree=47
num_leaves=20
num_cat=0
split_feature=35 8 11 8 24 44 24 38 32 25 8 39 24 38 35 0 7 38 8
split_gain=4448.92 301.041 90.6813 54.4267 49.8887 19.7596 17.9489 20.722 16.9594 12.5352 10.5464 8.85106 5.02389 4.34695 4.09401 1.71129 0.413673 0.245678 0.129632
threshold=875.00000000000011 0.4000000000000013 -0.40000000000000119 1.0000000180025095e-35 3.1500000000000008 4890.0000000000009 1.2000000000000013 0.83849049182116964 41.500000000000007 1680.5000000000002 0.79999999999999993 0.47369649395226454 4.1500000000000012 -0.23537230790205757 955.00000000000011 25.250000000000004 1.7500000000000002 0.24372619187392155 1.0000000000000011
decision_type=2 2 2 2 2 2 2 2 2 2 2 2 2 2 2 2 2 2 2
left_child=2 3 -1 -2 5 6 11 -8 12 -5 14 -4 13 -6 -3 -16 -12 -14 -18
right_child=1 10 4 9 8 -7 7 -9 -10 -11 16 -13 17 -15 15 -17 18 -19 -20
leaf_value=0 0 0 0.00016738612746112417 0 0.025598919882730806 -0.0031259422671100182 0.011335969165449508 -0.0014049151216763 0.0024149395537588244 0 0 -0.00014965188592497901 0.045709233634776622 0.018105882643277022 0 0 0 0.046173258505616335 0
leaf_weight=902 743 502 2871 538 829 500 4501 968 730 989 511 1570 1000 1232 506 561 1033 601 11405
leaf_count=902 743 502 2871 538 829 500 4501 968 730 989 511 1570 1000 1232 506 561 1033 601 11405
internal_value=-0.00970333 -0.020439 0.00177448 -0.0102663 0.00233754 0.00120582 0.0014997 0.00264988 0.00501821 -0.0135039 -0.0220279 8.27144e-05 0.00585016 0.00486064 -0.0195878 -0.020718 -0.0223205 0.00711634 -0.022383
internal_weight=32492 16788 15704 2270 14802 10410 9910 5469 4392 1527 14518 4441 3662 2061 1569 1067 12949 1601 12438
internal_count=32492 16788 15704 2270 14802 10410 9910 5469 4392 1527 14518 4441 3662 2061 1569 1067 12949 1601 12438
is_linear=0
shrinkage=0.03


Tree=48
num_leaves=20
num_cat=0
split_feature=35 8 11 24 8 8 44 27 27 35 6 15 24 24 38 25 24 5 24
split_gain=4460.2 315.722 87.1253 51.6548 37.9212 21.7207 18.0253 18.3925 16.0418 12.2954 15.6029 11.2552 9.93065 4.25253 3.13973 1.63552 0.814449 2.08965 0.401611
threshold=875.00000000000011 0.20000000000000198 -0.40000000000000385 3.2500000000000004 0.64999999999999869 1.0000000180025095e-35 5070.0000000000009 9.7333333333333361 16.266666666666669 935.00000000000011 23.450000000000003 0.10488088481700798 1.2999999999999992 4.1500000000000012 -0.23537230790205757 1670.5000000000002 1.3999999999999997 25.650000000000002 4.5500000000000007
decision_type=2 2 2 2 2 2 2 2 2 2 2 2 2 2 2 2 2 2 2
left_child=2 5 -1 6 9 -2 7 12 13 -3 -11 -9 -4 14 -5 -6 -17 -18 -15
right_child=1 4 3 8 15 -7 -8 11 -10 10 -12 -13 -14 18 -16 16 17 -19 -20
leaf_value=0 0 0 0.00023829619085121622 0.025015037181248659 0 0 -0.002991048528340545 -0.00093548785811903442 0.00069528221872160233 0 0 0.00028025971842050276 0.017679704783988864 0.031366188873084434 0.022351510229942303 0 0 0 0.048174111978147388
leaf_weight=830 762 523 1022 728 596 730 501 1734 504 503 844 5388 2131 504 1170 11655 520 738 1130
leaf_count=830 762 523 1022 728 596 730 501 1734 504 503 844 5388 2131 504 1170 11655 520 738 1130
internal_value=-0.00971898 -0.0204171 0.00182083 0.00235115 -0.0216954 -0.00722892 0.00126647 0.00153766 0.00524517 -0.0176362 -0.0191753 0.000692729 0.00344453 0.00595925 0.00498158 -0.0222546 -0.0223432 -0.0212262 0.00708741
internal_weight=32513 16871 15642 14812 15379 1492 10776 10275 4036 1870 1347 7122 3153 3532 1898 13509 12913 1258 1634
internal_count=32513 16871 15642 14812 15379 1492 10776 10275 4036 1870 1347 7122 3153 3532 1898 13509 12913 1258 1634
is_linear=0
shrinkage=0.03


Tree=49
num_leaves=25
num_cat=0
split_feature=35 8 35 11 8 31 24 38 8 35 3 8 5 18 7 7 24 39 25 0 23 29 8 21
split_gain=4446.89 322.299 86.3998 68.2269 51.4745 33.1065 23.406 20.2768 14.8553 12.9001 12.0165 10.6659 10.451 8.02571 4.86209 6.91751 4.52368 4.17336 3.4991 1.94026 3.43139 1.76752 0.437442 0.078114
threshold=875.00000000000011 0.4000000000000013 695.00000000000011 -0.40000000000000385 1.0000000180025095e-35 24.541958041958047 3.7500000000000004 0.24372619187392155 0.1000000000000001 935.00000000000011 19.750000000000004 0.75000000000000011 25.750000000000004 0.60000000000000686 1.7000000000000004 4.4500000000000002 1.8499999999999999 0.48877522411129348 1709.5000000000002 26.250000000000004 5.5000000000000009 11.675000000000002 1.0000000000000011 18.500000000000004
decision_type=2 2 2 2 2 2 2 2 2 2 2 2 2 2 2 2 2 2 2 2 2 2 2 2
left_child=2 4 5 -4 -2 6 7 16 -9 -6 -7 18 -11 14 -5 -16 -1 21 -3 23 -21 -15 -13 -8
right_child=1 11 3 13 9 10 19 8 -10 12 -12 22 -14 17 15 -17 -18 -19 -20 20 -22 -23 -24 -25
leaf_value=0.009680967075370004 0 0 0 -0.0014698744298428503 0 0.0046365199433801305 0.048920942456753082 0.010653678384379594 -0.0015945903827332976 0 -0.003078135694576684 0 0 0.0017219620017537057 3.188548867830321e-05 -0.00044716182329160352 0.022624780922152764 -0.00011252527265872597 0 0.02193644863974608 0.04020608253925622 0.0050269805229147153 0 0.042537730625913234
leaf_weight=1149 781 506 565 718 525 626 502 1994 731 505 687 1362 502 526 1869 620 2579 544 984 584 502 578 11688 954
leaf_count=1149 781 506 565 718 525 626 502 1994 731 505 687 1362 502 526 1869 620 2579 544 984 584 502 578 11688 954
internal_value=-0.00965726 -0.0203632 0.00181564 -0.00125046 -0.00994924 0.00342774 0.00407719 0.00311503 0.00114686 -0.0131421 -0.00102091 -0.0220183 -0.0151412 -0.000100371 -0.000974603 -0.000346246 0.00455228 0.0016 -0.019494 0.00651533 0.00552849 0.00265823 -0.0223035 0.0072428
internal_weight=32581 16853 15728 5420 2313 10308 8995 6453 2725 1532 1313 14540 1007 4855 3207 2489 3728 1648 1490 2542 1086 1104 13050 1456
internal_count=32581 16853 15728 5420 2313 10308 8995 6453 2725 1532 1313 14540 1007 4855 3207 2489 3728 1648 1490 2542 1086 1104 13050 1456
is_linear=0
shrinkage=0.03


Tree=50
num_leaves=24
num_cat=0
split_feature=35 9 35 35 18 31 24 38 5 32 22 38 9 3 4 9 24 39 35 31 24 6 4
split_gain=4375.97 260.573 74.2128 38.65 33.958 32.4166 26.1746 21.2442 16.883 10.786 9.51828 11.0291 8.2533 8.24261 6.39603 6.05883 5.64167 4.17133 3.17125 2.58864 1.81663 3.04118 1.62694
threshold=875.00000000000011 15.000000000000002 695.00000000000011 935.00000000000011 -0.49999999999999972 24.696153846153852 3.7500000000000004 0.24372619187392155 18.550000000000004 23.500000000000004 31.500000000000004 0.64579916509010216 75.000000000000014 19.850000000000005 5.2000000000000011 75.000000000000014 1.8499999999999999 0.86439018870140905 785.00000000000011 18.894444444444449 4.5500000000000007 26.050000000000004 1.9500000000000004
decision_type=2 2 2 2 2 2 2 2 2 2 2 2 2 2 2 2 2 2 2 2 2 2 2
left_child=2 14 5 12 -4 6 7 16 -5 -9 11 17 -3 -7 -2 -10 -1 -6 -12 -13 21 -8 -17
right_child=1 3 4 8 10 13 20 9 15 -11 18 19 -14 -15 -16 22 -18 -19 -20 -21 -22 -23 -24
leaf_value=0.0081895280035637619 0 0 0 0 -0.0010021679853594663 0.0037851325051040251 0.034677771673834519 0.022859418314878515 0 -0.00015204837636905406 0.0079491920317262647 0.00041755040078937438 0 -0.0031760673082849061 0 0 0.021942671545544565 -5.0054381608385248e-07 0.00082059620323683008 0 0.047355131552769207 0.02285216675690848 0
leaf_weight=1135 502 557 723 913 1571 624 768 701 845 2079 596 642 798 677 580 1682 2540 745 524 551 1147 525 10920
leaf_count=1135 502 557 723 913 1571 624 768 701 845 2079 596 642 798 677 580 1682 2540 745 524 551 1147 525 10920
internal_value=-0.0097407 -0.0203561 0.00172862 -0.0213366 -0.00113186 0.00323005 0.00387687 0.00287479 -0.0217971 0.00089504 -0.000186245 -0.000954856 -0.0164315 -0.00119148 -0.0061024 -0.0220706 0.00437109 -0.00216135 0.00221925 0.00138703 0.00652334 0.0057278 -0.0222465
internal_weight=32345 16797 15548 15715 5352 10196 8895 6455 14360 2780 4629 3509 1355 1301 1082 13447 3675 2316 1120 1193 2440 1293 12602
internal_count=32345 16797 15548 15715 5352 10196 8895 6455 14360 2780 4629 3509 1355 1301 1082 13447 3675 2316 1120 1193 2440 1293 12602
is_linear=0
shrinkage=0.03


Tree=51
num_leaves=20
num_cat=0
split_feature=35 8 13 24 8 8 44 28 24 35 22 35 5 24 38 25 24 5 2
split_gain=4422.29 328.551 86.9096 44.0447 32.4845 29.5722 20.6704 20.2923 17.2232 11.1978 10.9646 10.842 6.81409 4.91928 5.14244 1.62894 0.705766 1.96165 0.216241
threshold=875.00000000000011 0.29999999999999943 -0.0066666666666667313 3.3500000000000001 1.0000000180025095e-35 0.64999999999999869 5070.0000000000009 18.500000000000004 1.2999999999999992 945.00000000000011 31.500000000000004 575.00000000000011 25.650000000000002 4.3500000000000005 0.24372619187392155 1670.5000000000002 1.3999999999999997 25.650000000000002 1010.35
decision_type=2 2 2 2 2 2 2 2 2 2 2 2 2 2 2 2 2 2 2
left_child=2 4 -1 6 -2 9 7 8 -4 -3 -9 13 -11 14 -5 -7 -17 -18 -15
right_child=1 5 3 11 -6 15 -8 10 -10 12 -12 -13 -14 18 -16 16 17 -19 -20
leaf_value=-6.7085697481149504e-06 0 0 6.534466714364159e-05 0.026434227930876818 0 0 -0.0038057901240438636 -4.6623571585555353e-05 0.015966781891872589 0 0.0067018006917741848 0.0023767081620361761 0 0.039811476014076058 0.01578926718616909 0 0 0 0.043844477132357736
leaf_weight=840 774 543 1830 955 984 597 509 4606 2939 500 1211 522 603 506 790 11658 504 723 1009
leaf_count=840 774 543 1830 955 984 597 509 4606 2939 500 1211 522 603 506 790 11658 504 723 1009
internal_value=-0.00969997 -0.0203585 0.0017525 0.00228292 -0.00807102 -0.0217852 0.00132941 0.00161362 0.00306382 -0.0179217 0.000424042 0.00507796 -0.01969 0.00572042 0.00462364 -0.0222542 -0.0223429 -0.0212429 0.00697594
internal_weight=32603 16886 15717 14877 1758 15128 11095 10586 4769 1646 5817 3782 1103 3260 1745 13482 12885 1227 1515
internal_count=32603 16886 15717 14877 1758 15128 11095 10586 4769 1646 5817 3782 1103 3260 1745 13482 12885 1227 1515
is_linear=0
shrinkage=0.03


Tree=52
num_leaves=22
num_cat=0
split_feature=35 8 8 24 9 35 31 25 4 8 5 3 7 21 27 6 24 24 3 8 24
split_gain=4544.7 312.886 51.4781 48.6628 28.2757 16.8595 20.2778 13.5013 11.357 11.0663 10.645 9.08024 8.46993 7.84953 7.76937 4.77704 4.76754 1.91482 1.46926 0.416056 0.0258487
threshold=875.00000000000011 0.4000000000000013 1.0000000180025095e-35 3.7500000000000004 105.00000000000001 695.00000000000011 19.160256410256412 1680.5000000000002 3.6500000000000008 0.79999999999999993 25.650000000000002 19.750000000000004 1.7000000000000004 24.500000000000004 14.633333333333335 23.450000000000003 -1.0499999999999996 4.5500000000000007 23.150000000000002 1.0000000000000011 0.65000000000000047
decision_type=2 2 2 2 2 2 2 2 2 2 2 2 2 2 2 2 2 2 2 2 2
left_child=3 2 -2 4 5 6 8 -4 -1 15 -9 -8 -7 -6 17 -3 -14 18 -5 20 -11
right_child=1 9 7 14 13 12 11 10 -10 19 -12 -13 16 -15 -16 -17 -18 -19 -20 -21 -22
leaf_value=0.010113492629075311 0 0 0 0.031698396549327885 -2.3853840215181281e-05 -0.0018368326161429306 0.010731867049708981 0 0.019718862404598806 0 0 -0.0029249116560009468 -0.00015471943192210802 -0.0014066074327009836 0.0078197593211150364 0 6.0529942206586817e-06 0.044525619029650874 0.026224458530659685 0 0
leaf_weight=2727 743 643 523 667 584 563 981 501 2376 758 506 993 504 522 525 944 3607 1071 510 11732 515
leaf_count=2727 743 643 523 667 584 563 981 501 2376 758 506 993 504 522 525 944 3607 1071 510 11732 515
internal_value=-0.00961127 -0.020411 -0.0100451 0.00204292 0.00126507 0.0016968 0.00262007 -0.0131886 0.00361851 -0.0220241 -0.0152304 3.79555e-05 0.000298332 -0.00331679 0.00564595 -0.0195453 0.000771335 0.00641333 0.00555344 -0.0223236 -0.0213353
internal_weight=32495 16865 2273 15630 12857 11751 7077 1530 5103 14592 1007 1974 4674 1106 2773 1587 4111 2248 1177 13005 1273
internal_count=32495 16865 2273 15630 12857 11751 7077 1530 5103 14592 1007 1974 4674 1106 2773 1587 4111 2248 1177 13005 1273
is_linear=0
shrinkage=0.03


Tree=53
num_leaves=29
num_cat=0
split_feature=35 8 8 35 24 4 32 35 35 30 8 4 0 0 10 28 24 8 35 15 24 32 24 3 3 39 8 24
split_gain=4531.34 309.975 54.2396 45.3222 19.8396 19.5237 20.8471 17.4451 13.6655 11.4758 10.9213 10.6711 9.8972 8.07058 7.13115 6.55388 5.81652 5.46177 4.51659 4.42827 4.14112 3.95555 2.13329 1.98149 1.29297 0.762364 0.485742 0.368429
threshold=875.00000000000011 0.4000000000000013 1.0000000180025095e-35 575.00000000000011 3.3999999999999999 3.7500000000000004 39.500000000000007 735.00000000000011 935.00000000000011 16.500000000000004 0.79999999999999993 2.3500000000000001 25.450000000000003 26.750000000000004 0.19999999999999754 19.500000000000004 1.3499999999999999 0.500000000000001 965.00000000000011 0.18348478592696948 4.3500000000000005 34.500000000000007 2.5500000000000003 24.750000000000004 23.050000000000004 -0.23537842981696178 1.0000000000000011 4.8500000000000005
decision_type=2 2 2 2 2 2 2 2 2 2 2 2 2 2 2 2 2 2 2 2 2 2 2 2 2 2 2 2
left_child=3 2 -2 4 9 14 7 19 -4 15 18 -11 -10 -8 16 22 -5 -9 -3 -7 21 25 -1 -16 -20 -6 -12 -22
right_child=1 10 8 5 20 6 13 17 12 11 26 -13 -14 -15 23 -17 -18 -19 24 -21 27 -23 -24 -25 -26 -27 -28 -29
leaf_value=0.020318911282581047 0 0 0 -2.5535064567424753e-05 0.022885667046631433 0.0079272323208469594 -0.0029812768992880981 1.9667265823688059e-08 0 -0.0039108363208157967 0 0.010535380891817825 0 1.9667265823688059e-08 -0.00066893068961383694 0.0050696530877662278 -0.0018533429133798182 1.9667265823688059e-08 0 0.011909281885138038 0.036851179954876599 0.0096377095326830812 0.029505825093420448 0.0026746324711696356 0 0.033006343407430978 0 0.045928025999013258
leaf_weight=646 755 539 525 631 503 529 538 2161 505 565 1262 865 504 568 666 608 867 545 502 1976 605 522 808 513 520 564 11738 908
leaf_count=646 755 539 525 631 503 529 538 2161 505 565 1262 865 504 568 666 608 867 545 502 1976 605 522 808 513 520 564 11738 908
internal_value=-0.00962377 -0.0204074 -0.010132 0.002034 0.00392283 0.000648622 0.0015584 0.00235229 -0.0133691 0.00236978 -0.022021 0.000303771 -0.0154228 -0.0021796 -0.00149776 0.00380087 -0.00287 0.000681315 -0.0195345 0.00415536 0.00566849 0.00458674 0.00489354 0.000247671 -0.0207861 0.00563377 -0.0223166 0.00679703
internal_weight=32438 16850 2289 15588 6594 8994 6317 5211 1534 3492 14561 1430 1009 1106 2677 2062 1498 2706 1561 2505 3102 1589 1454 1179 1022 1067 13000 1513
internal_count=32438 16850 2289 15588 6594 8994 6317 5211 1534 3492 14561 1430 1009 1106 2677 2062 1498 2706 1561 2505 3102 1589 1454 1179 1022 1067 13000 1513
is_linear=0
shrinkage=0.03


Tree=54
num_leaves=22
num_cat=0
split_feature=35 8 8 24 31 8 4 35 8 39 39 15 30 39 38 29 35 6 24 8 35
split_gain=4539.9 317.888 52.6852 43.2211 20.4398 19.9814 13.3414 13.2814 11.1985 9.78778 20.2679 20.3567 7.6967 7.17804 7.10812 6.64235 5.73502 1.15929 0.216551 0.444487 0.220166
threshold=875.00000000000011 0.4000000000000013 1.0000000180025095e-35 2.6500000000000008 23.038461538461544 1.099999999999999 1.3999999999999997 935.00000000000011 0.79999999999999993 0.95936279103287792 0.47369649395226454 0.18348478592696948 16.500000000000004 0.011826144619637555 0.85673801594079257 13.225000000000001 955.00000000000011 24.250000000000004 1.3999999999999997 1.6999999999999977 935.00000000000011
decision_type=2 2 2 2 2 2 2 2 2 2 2 2 2 2 2 2 2 2 2 2 2
left_child=3 2 -2 5 6 9 -5 -4 16 10 13 -12 14 -1 -8 -14 -3 -18 20 -20 -10
right_child=1 8 7 4 -6 -7 12 -9 18 -11 11 -13 15 -15 -16 -17 17 -19 19 -21 -22
leaf_value=0.0009932258699691509 0 0 0 0.00075837017920940618 -0.00030396608620009147 -0.00073495477226023667 0.028959157852709951 0 0 0.0037141752991216113 -0.002460246139727383 4.8422500321319781e-06 0.0026280491412623594 0.0059840556269962529 0.010667989871523805 0.02344834786371568 0 0 0 0 0
leaf_weight=4547 761 506 502 638 907 581 3018 980 525 814 1019 1138 515 1413 537 560 519 548 605 560 11309
leaf_count=4547 761 506 502 638 907 581 3018 980 525 814 1019 1138 515 1413 537 560 519 548 605 560 11309
internal_value=-0.00957621 -0.0204048 -0.00987862 0.00203216 0.00398616 0.000763086 0.00470209 -0.0131705 -0.0220235 0.00111413 0.000799052 -0.00169176 0.00526231 0.00170077 0.00593548 0.00302925 -0.019519 -0.0208302 -0.0223235 -0.021356 -0.0224151
internal_weight=32502 16815 2243 15687 6175 9512 5268 1482 14572 8931 8117 2157 4630 5960 3555 1075 1573 1067 12999 1165 11834
internal_count=32502 16815 2243 15687 6175 9512 5268 1482 14572 8931 8117 2157 4630 5960 3555 1075 1573 1067 12999 1165 11834
is_linear=0
shrinkage=0.03


Tree=55
num_leaves=22
num_cat=0
split_feature=25 9 24 25 9 31 22 24 2 39 39 7 6 21 11 4 38 7 3 27 9
split_gain=4417.23 256.054 58.0196 32.4077 26.9699 16.95 16.7533 16.055 12.8565 12.6585 13.6235 10.9024 9.15328 16.1807 8.53903 8.31462 8.07259 7.3083 5.77582 3.84162 1.64366
threshold=1620.5000000000002 15.000000000000002 2.6500000000000008 1680.5000000000002 35.000000000000007 23.038461538461544 18.500000000000004 -0.44999999999999923 1003.6500000000002 0.95936279103287792 0.48877522411129348 3.7999999999999985 19.450000000000003 24.500000000000004 -0.19999999999999749 1.4500000000000004 0.95242846126021108 1.9000000000000015 25.250000000000004 12.450000000000001 75.000000000000014
decision_type=2 2 2 2 2 2 2 2 2 2 2 2 2 2 2 2 2 2 2 2 2
left_child=2 11 4 14 7 8 -5 -1 -4 10 -9 -2 -6 -14 -3 -10 -17 19 -15 -8 -19
right_child=1 3 5 6 12 -7 17 9 15 -11 -12 -13 13 18 -16 16 -18 20 -20 -21 -22
leaf_value=-0.00035523952018097168 0 0 0.00042448375771499998 0 -0.00043031372422684357 0.00023520655003836044 0 0.004990277497402924 0.0059903062139740702 0.012883454810879781 -0.00075148252431183867 0 2.8666811469492841e-05 -0.0012386446925876083 0 0.026186776116174679 0.0087526241838939214 0 -0.00015025876424647579 0 0
leaf_weight=821 571 575 507 949 540 861 604 4357 513 554 1562 508 810 515 752 3532 568 713 502 503 11630
leaf_count=821 571 575 507 949 540 861 604 4357 513 554 1562 508 810 515 752 3532 568 713 502 503 11630
internal_value=-0.00975215 -0.0204303 0.00172111 -0.0214004 0.000283297 0.0040427 -0.0218178 0.00118627 0.00469738 0.00168764 0.00128061 -0.00627891 -0.00249789 -0.00148032 -0.0168454 0.00519556 0.00564603 -0.0220952 -0.00399657 -0.019592 -0.0223165
internal_weight=32447 16805 15642 15726 9661 5981 14399 7294 5120 6473 5919 1079 2367 1827 1327 4613 4100 13450 1017 1107 12343
internal_count=32447 16805 15642 15726 9661 5981 14399 7294 5120 6473 5919 1079 2367 1827 1327 4613 4100 13450 1017 1107 12343
is_linear=0
shrinkage=0.03


Tree=56
num_leaves=24
num_cat=0
split_feature=35 8 35 8 24 8 13 23 3 21 22 35 24 35 38 38 1 39 8 39 20 21 7
split_gain=4397.86 310.903 54.7822 37.6461 25.112 24.3468 22.0282 16.9252 17.508 15.6486 11.7738 11.1814 9.38029 8.64362 7.40799 6.41135 5.01181 4.95909 3.45051 2.94006 2.85182 1.76924 0.738732
threshold=875.00000000000011 0.20000000000000198 625.00000000000011 0.40000000000000396 1.1500000000000006 1.0000000180025095e-35 0.0083333333333333506 4.5000000000000009 15.750000000000002 26.500000000000004 31.500000000000004 715.00000000000011 1.7999999999999992 945.00000000000011 0.94425825643485939 -0.20180236284700911 73.500000000000014 0.64414586362404946 0.90000000000000402 -0.031174269516803289 1.1999999999999889 14.500000000000002 1.9000000000000015
decision_type=2 2 2 2 2 2 2 2 2 2 2 2 2 2 2 2 2 2 2 2 2 2 2
left_child=2 5 4 -3 -1 -2 10 8 -6 -10 12 16 17 18 20 -13 -8 -4 -5 -14 -9 -15 -23
right_child=1 3 6 13 7 -7 11 14 9 -11 -12 15 19 21 -16 -17 -18 -19 -20 -21 -22 22 -24
leaf_value=-0.0014100996323370744 0 0 -3.1078167021603399e-05 0 0.030765910918079675 0 0.010159624320677707 0.029103749053767891 -0.00042311437788894013 0.02137326672578568 0.00010115590171444751 -0.00094977154961950992 -0.0030513056336827827 0 0.0093979660374928376 0.0022963374160344377 0.0038394042424407249 -9.8496769998994036e-05 0 -0.0022141629799272999 0.016023148316289801 0 0
leaf_weight=682 752 899 1612 570 961 759 908 2748 1945 725 911 742 510 727 508 996 583 795 543 503 553 813 11747
leaf_count=682 752 899 1612 570 961 759 908 2748 1945 725 911 742 510 727 508 996 583 795 543 503 553 813 11747
internal_value=-0.00971626 -0.0203756 0.00171098 -0.0216579 0.00342134 -0.00738103 -0.000126951 0.00392636 0.00245871 0.00120696 -0.00152492 0.00174791 -0.00233197 -0.0220324 0.00532341 0.000112069 0.00365204 -0.00131071 -0.0193386 -0.00475123 0.00584242 -0.0222551 -0.0223579
internal_weight=32492 16810 15682 15299 8122 1511 7560 7440 3631 2670 4331 3229 3420 14400 3809 1738 1491 2407 1113 1013 3301 13287 12560
internal_count=32492 16810 15682 15299 8122 1511 7560 7440 3631 2670 4331 3229 3420 14400 3809 1738 1491 2407 1113 1013 3301 13287 12560
is_linear=0
shrinkage=0.03


Tree=57
num_leaves=28
num_cat=0
split_feature=35 9 25 35 11 24 31 5 35 38 22 24 4 11 7 2 37 39 9 39 38 21 24 24 7 11 3
split_gain=4390.74 257.16 54.45 44.4195 28.053 21.2524 20.1456 18.3372 17.2773 10.1103 9.26386 9.29673 8.91475 8.73175 8.63222 8.14669 7.8045 6.76106 6.48391 6.04541 5.41711 4.57077 3.3907 2.67401 2.36504 1.48502 0.66812
threshold=875.00000000000011 15.000000000000002 1320.5000000000002 935.00000000000011 0.45000000000000112 4.2500000000000009 16.961538461538463 18.550000000000004 735.00000000000011 0.24372619187392155 31.500000000000004 1.7999999999999992 4.5000000000000036 -0.19999999999999749 3.8000000000000003 1012.35 0.25000000000000017 -0.013976481981245173 65.000000000000014 -0.75013812021657655 0.67167992559793654 18.500000000000004 2.2999999999999994 2.600000000000001 1.9000000000000015 0.85000000000000153 23.050000000000004
decision_type=2 2 2 2 2 2 2 2 2 2 2 2 2 2 2 2 2 2 2 2 2 2 2 2 2 2 2
left_child=2 14 5 13 10 6 9 -5 15 23 11 21 22 -3 -2 19 -10 -13 -9 -6 -11 -4 -8 -1 -20 -17 -7
right_child=1 3 4 7 8 26 12 18 16 20 -12 17 -14 -15 -16 25 -18 -19 24 -21 -22 -23 -24 -25 -26 -27 -28
leaf_value=0.018729155701032889 0 0 -9.5541866899024217e-05 0 0.012292942573279194 0.03830978448621649 -0.0018010333286108569 0 0.0013020993357965049 0.0042183295689302066 6.1015556926133904e-05 -0.0027917476761408168 0.0262463028937629 0 0 0.01059097521575488 -0.0007450524019352705 -0.0019479509203853005 0 -0.0022117006488048541 0.021717719766483599 -2.2631691976543659e-05 0.00060356407362274018 0.024435772702235268 0 0.012292698103351134 0.029327447506174099
leaf_weight=514 547 574 651 932 627 1021 506 736 967 734 883 647 638 757 501 784 694 613 975 508 572 1667 770 1301 11802 906 620
leaf_count=514 547 574 651 932 627 1021 506 736 967 734 883 647 638 757 501 784 694 613 975 508 572 1667 770 1301 11802 906 620
internal_value=-0.00974198 -0.0203756 0.00171024 -0.0213316 0.000180188 0.00376011 0.00279184 -0.0218179 0.00185495 0.00427714 -0.00150403 -0.00218296 0.000367954 -0.0160296 -0.00597143 0.00328175 -0.00057276 -0.00425515 -0.0221038 0.00131266 0.00225917 -0.00105388 -0.00107981 0.0057251 -0.0222711 0.00460106 0.00672398
internal_weight=32447 16824 15623 15776 8947 6676 5035 14445 4486 3121 4461 3578 1914 1331 1048 2825 1661 1260 13513 1135 1306 2318 1276 1815 12777 1690 1641
internal_count=32447 16824 15623 15776 8947 6676 5035 14445 4486 3121 4461 3578 1914 1331 1048 2825 1661 1260 13513 1135 1306 2318 1276 1815 12777 1690 1641
is_linear=0
shrinkage=0.03


Tree=58
num_leaves=25
num_cat=0
split_feature=25 9 25 25 11 24 20 5 6 32 4 1 11 22 24 25 39 9 39 27 24 24 28 38
split_gain=4380.9 260.199 52.8894 36.5671 29.7311 19.8441 14.3433 13.3165 11.0829 10.9485 10.2586 9.97958 9.44346 7.39723 7.74732 7.07552 6.25215 6.09469 6.07972 4.81115 4.79326 1.63568 1.51958 1.39307
threshold=1620.5000000000002 15.000000000000002 1300.5000000000002 1680.5000000000002 0.29999999999999943 3.5500000000000003 -1.5000000000000566 18.550000000000004 26.650000000000002 42.500000000000007 3.7000000000000024 79.500000000000014 -0.19999999999999749 31.500000000000004 1.7999999999999992 1470.5000000000002 -0.34234976856068178 65.000000000000014 -0.082691941062253513 13.633333333333335 0.39999999999999952 4.7500000000000009 30.500000000000004 0.22700754078277605
decision_type=2 2 2 2 2 2 2 2 2 2 2 2 2 2 2 2 2 2 2 2 2 2 2 2
left_child=2 20 5 12 13 8 -6 -5 10 11 16 -8 -3 14 15 -4 -1 -9 -16 21 -2 23 -19 -7
right_child=1 3 4 7 6 19 9 17 -10 -11 -12 -13 -14 -15 18 -17 -18 22 -20 -21 -22 -23 -24 -25
leaf_value=-0.0053566727425073245 0 0 -0.0015846685013374867 0 -0.00036461433585416509 0.025982776989160895 0.0077072748473972731 0 0.019772794492080598 -0.003222922692773043 0.024463959530272774 0.00037776371421827771 0 3.2682935046150781e-05 -0.0026615119298535866 -1.7763689031594106e-05 0.0018360915073550217 0 -0.0017357869935706899 0.0086668722197230149 0 0.042018624191207991 0 0.027586781524939548
leaf_weight=535 506 600 550 911 992 825 3197 683 994 600 825 1145 766 701 508 1384 944 12078 500 519 557 787 758 593
leaf_count=535 506 600 550 911 992 825 3197 683 994 600 825 1145 766 701 508 1384 944 12078 500 519 557 787 758 593
internal_value=-0.00984335 -0.0204441 0.0016148 -0.0214109 0.000229408 0.00381723 0.00153892 -0.0218587 0.00225 0.00219964 0.00110581 0.00272445 -0.0166557 -0.00190329 -0.00256284 -0.00144886 -0.000389939 -0.0221017 -0.00469307 0.00571167 -0.00606338 0.0063242 -0.0222581 0.00569366
internal_weight=32458 16859 15599 15796 9577 6022 5934 14430 3298 4942 2304 4342 1366 3643 2942 1934 1479 13519 1008 2724 1063 2205 12836 1418
internal_count=32458 16859 15599 15796 9577 6022 5934 14430 3298 4942 2304 4342 1366 3643 2942 1934 1479 13519 1008 2724 1063 2205 12836 1418
is_linear=0
shrinkage=0.03


Tree=59
num_leaves=24
num_cat=0
split_feature=35 9 35 31 35 24 38 5 25 38 11 22 2 38 2 3 6 7 31 24 6 11 9
split_gain=4357.18 216.471 62.9967 30.4792 29.1398 23.3492 21.5766 13.7878 13.4197 12.0699 8.02051 7.12126 7.08069 9.21463 5.99917 5.9535 5.93267 5.36523 4.50715 2.29636 4.28339 1.08978 0.790729
threshold=885.00000000000011 15.000000000000002 675.00000000000011 25.160256410256412 955.00000000000011 3.7500000000000004 0.24372619187392155 18.550000000000004 1619.5000000000002 0.63257020223555627 0.099999999999996106 31.500000000000004 1020.85 0.69676570133721638 1007.7500000000001 19.750000000000004 21.550000000000004 1.9000000000000015 17.839743589743595 4.7500000000000009 26.150000000000002 -0.30000000000000243 75.000000000000014
decision_type=2 2 2 2 2 2 2 2 2 2 2 2 2 2 2 2 2 2 2 2 2 2 2
left_child=2 -2 3 5 10 6 16 -6 11 -8 21 12 13 -4 -13 -5 -1 18 -9 20 -7 -3 -19
right_child=1 4 8 15 7 19 9 17 -10 -11 -12 14 -14 -15 -16 -17 -18 22 -20 -21 -22 -23 -24
leaf_value=0.022616323812541205 0 0 -0.0004993026104580556 0.00087620997404871828 0 0.028330377099795398 -0.0019868639748449818 0 0 0.0076302297271939861 0 -3.1115567734433239e-05 0.00032694604827944467 1.7848290024956436e-05 0.0051270925815307834 -0.0032778460412721286 0.01264801956915316 0 0 0.041035758684100095 0.018181848462396979 0 0
leaf_weight=833 988 506 2327 543 874 887 1164 567 533 1424 526 758 801 1224 662 597 2594 592 500 973 606 581 11364
leaf_count=833 988 506 2327 543 874 887 1164 567 533 1424 526 758 801 1224 662 597 2594 592 500 973 606 581 11364
internal_value=-0.00979862 -0.0206027 0.00139471 0.00292191 -0.0214702 0.00354091 0.00253158 -0.0219183 -0.000935865 0.00046332 -0.0175867 -0.000514375 -0.00111621 -0.00169082 0.00132911 -0.00168126 0.0040923 -0.0221695 -0.0199322 0.00599878 0.00524247 -0.0190978 -0.0223658
internal_weight=32424 16498 15926 9621 15510 8481 6015 13897 6305 2588 1613 5772 4352 3551 1420 1140 3427 13023 1067 2466 1493 1087 11956
internal_count=32424 16498 15926 9621 15510 8481 6015 13897 6305 2588 1613 5772 4352 3551 1420 1140 3427 13023 1067 2466 1493 1087 11956
is_linear=0
shrinkage=0.03


Tree=60
num_leaves=25
num_cat=0
split_feature=35 8 35 8 31 24 8 4 30 25 39 5 19 6 3 35 2 6 24 27 35 24 5 36
split_gain=4335.21 285.994 64.181 35.0723 32.6051 25.6127 25.3537 19.2729 20.2291 13.3356 10.911 9.15862 8.13573 7.27119 6.36781 5.66205 5.38307 4.94159 3.7343 2.13651 0.989989 0.675727 1.28598 0.442141
threshold=885.00000000000011 0.29999999999999943 695.00000000000011 1.0000000180025095e-35 24.696153846153852 3.5500000000000003 0.70000000000000029 1.9500000000000004 13.500000000000002 1619.5000000000002 0.95936279103287792 25.150000000000002 -1.0000000180025095e-35 27.250000000000004 19.750000000000004 985.00000000000011 1007.5500000000001 17.150000000000002 4.3500000000000005 6.7333333333333343 945.00000000000011 1.3999999999999997 26.950000000000003 1.0000000180025095e-35
decision_type=2 2 2 2 2 2 2 2 2 2 2 2 2 2 2 2 2 2 2 2 2 2 2 2
left_child=2 3 4 -2 5 7 11 8 -1 12 -9 -3 13 17 -6 -13 -15 -4 19 -7 -8 -22 -23 -20
right_child=1 6 9 -5 14 18 20 10 -10 -11 -12 15 -14 16 -16 -17 -18 -19 23 -21 21 22 -24 -25
leaf_value=0.0076868593738636864 0 0 0.00012284993486043726 0 0.0013242228440233234 0.025317173271880274 0 0.0099635124684842747 -0.0049910338963427055 0 0.026558030299985064 0 -0.0011675934864377943 -2.9545675326235221e-06 -0.0032865654247001851 0 0.004739451901251435 -0.00021352043379170796 0.038486155598767384 0.014854638226752223 0 0 0 0.030874681182383922
leaf_weight=578 681 686 571 918 598 500 642 4274 632 545 523 529 544 648 685 648 524 2923 816 987 11382 506 645 609
leaf_count=578 681 686 571 918 598 500 642 4274 632 545 523 529 544 648 685 648 524 2923 816 987 11382 506 645 609
internal_value=-0.00981792 -0.020532 0.00135394 -0.00845565 0.00278273 0.00342591 -0.0218148 0.00230529 -0.00107673 -0.001179 0.00315847 -0.0184705 -0.00071086 -0.00030527 -0.00168677 -0.0201209 0.00173765 -0.000991133 0.00573439 0.00466924 -0.0222849 -0.0223672 -0.0212381 0.00683777
internal_weight=32594 16637 15957 1599 10202 8919 15038 6007 1210 5755 4797 1863 5210 4666 1283 1177 1172 3494 2912 1487 13175 12533 1151 1425
internal_count=32594 16637 15957 1599 10202 8919 15038 6007 1210 5755 4797 1863 5210 4666 1283 1177 1172 3494 2912 1487 13175 12533 1151 1425
is_linear=0
shrinkage=0.03


Tree=61
num_leaves=21
num_cat=0
split_feature=35 8 24 8 8 35 25 25 38 39 6 15 24 39 8 24 32 5 38 35
split_gain=4328.06 312.542 49.6407 48.7608 29.6811 17.9647 15.1776 12.9557 12.9413 12.1095 17.121 13.6387 8.32188 7.69083 4.27768 3.52568 3.24261 3.01802 0.51474 0.301872
threshold=875.00000000000011 0.4000000000000013 3.3999999999999999 1.0000000180025095e-35 0.35000000000000148 565.00000000000011 1680.5000000000002 1650.5000000000002 -0.27694604220087021 0.95936279103287792 26.650000000000002 0.081649658092850574 2.100000000000001 0.33222858587828868 0.79999999999999993 4.3500000000000005 30.500000000000004 25.250000000000004 0.9916835347852474 465.00000000000006
decision_type=2 2 2 2 2 2 2 2 2 2 2 2 2 2 2 2 2 2 2 2
left_child=2 3 4 -2 9 15 -5 -3 -6 10 11 -1 -12 -10 17 16 -4 -9 -16 -17
right_child=1 7 5 6 8 -7 -8 14 13 -11 12 -13 -14 -15 18 19 -18 -19 -20 -21
leaf_value=-0.0024534478264922905 0 0 0.024548327877249969 0 1.9786474674624876e-05 -0.00074528533025140233 0 0 -0.00038587520325939715 0.012519668959763756 0.0028506786400330918 0.0011889105376738521 0.01653470055111618 -0.00046945890588816441 0 0.037246971929259576 0.010115257293273698 0 0 0.031122199337982662
leaf_weight=1435 762 506 880 521 992 564 995 502 974 845 1749 4421 1170 501 12156 971 605 863 504 501
leaf_count=1435 762 506 880 521 992 564 995 502 974 845 1749 4421 1170 501 12156 971 605 863 504 501
internal_value=-0.00981531 -0.0203773 0.00156054 -0.0100329 0.000647076 0.00469415 -0.0131423 -0.0219974 -0.00228736 0.00139992 0.00106899 0.000133151 0.00294505 -0.00406737 -0.0221717 0.00562944 0.00458473 -0.0203822 -0.0223614 0.00667571
internal_weight=32417 16809 15608 2278 12087 3521 1516 14531 2467 9620 8775 5856 2919 1475 14025 2957 1485 1365 12660 1472
internal_count=32417 16809 15608 2278 12087 3521 1516 14531 2467 9620 8775 5856 2919 1475 14025 2957 1485 1365 12660 1472
is_linear=0
shrinkage=0.03


Tree=62
num_leaves=26
num_cat=0
split_feature=35 8 35 8 31 38 18 23 6 8 38 20 1 7 11 6 23 6 3 5 33 35 38 6 38
split_gain=4331.65 267.839 58.9489 46.9423 30.8652 20.6873 15.0325 11.6495 11.1524 8.0502 7.29627 6.56461 6.72753 5.96679 5.86851 5.57191 7.59691 5.36599 4.94213 3.82156 3.73241 1.98219 1.64623 0.864202 0.504614
threshold=885.00000000000011 0.4000000000000013 665.00000000000011 1.0000000180025095e-35 25.160256410256412 0.24372619187392155 0.3000000000000061 5.5000000000000009 23.450000000000003 0.90000000000000402 0.63257020223555627 -1.5000000000000566 77.500000000000014 4.4500000000000002 1.0000000180025095e-35 21.550000000000004 4.5000000000000009 23.650000000000002 19.750000000000004 21.450000000000003 0.26449275362318986 955.00000000000011 -0.20180236284700911 18.350000000000005 0.99053107487289871
decision_type=2 2 2 2 2 2 2 2 2 2 2 2 2 2 2 2 2 2 2 2 2 2 2 2 2
left_child=2 3 4 -2 5 15 13 10 -5 19 -7 -8 22 14 20 23 -17 -16 -6 -3 -4 -21 -13 -1 -11
right_child=1 9 6 8 18 7 11 -9 -10 24 -12 12 -14 -15 17 16 -18 -19 -20 21 -22 -23 -24 -25 -26
leaf_value=0.02825197252860941 0 0 -5.4479145706189327e-05 0 0.00064214044800590454 -0.0013861522896562082 -0.00015644131133143145 0.030721880750271921 0 0 0.0073035891261673778 0.0016097265293212504 -0.00081844016768274576 -9.1552812538657201e-05 -0.00079770718083367381 0.0089333850834831339 0.020066210279024315 0.0011541996784893902 -0.0035060813752135133 0 -0.00075888643754032684 0 0.0066579914401946674 0.023724028875226073 0
leaf_weight=521 663 505 803 578 534 1263 861 691 852 11581 1597 769 575 701 604 1436 2184 815 584 538 551 1255 872 621 516
leaf_count=521 663 505 803 578 534 1263 861 691 852 11581 1597 769 575 701 604 1436 2184 815 584 538 551 1255 872 621 516
internal_value=-0.00980552 -0.0205925 0.00132414 -0.0105501 0.00284241 0.00347174 -0.000861819 0.00173726 -0.0136068 -0.0220509 0.000890985 0.000664989 0.0015284 -0.00221375 -0.00158649 0.00476385 0.00418277 -0.000237509 -0.00183482 -0.0203152 -0.00299779 -0.0210209 0.00250609 0.00659528 -0.0223773
internal_weight=32470 16488 15982 2093 9431 8313 6551 3551 1430 14395 2860 3077 2216 3474 2773 4762 3620 1419 1118 2298 1354 1793 1641 1142 12097
internal_count=32470 16488 15982 2093 9431 8313 6551 3551 1430 14395 2860 3077 2216 3474 2773 4762 3620 1419 1118 2298 1354 1793 1641 1142 12097
is_linear=0
shrinkage=0.03


Tree=63
num_leaves=24
num_cat=0
split_feature=35 8 35 8 8 24 24 7 1 5 35 4 4 35 25 7 36 25 10 25 24 5 2
split_gain=4439.9 273.5 42.0942 32.6376 23.3574 23.1822 14.5464 14.1135 12.2683 11.5573 10.4001 8.57044 7.51972 7.12335 5.17371 4.81562 2.96537 1.73208 1.68187 1.45435 0.941026 2.33349 0.0939192
threshold=885.00000000000011 0.20000000000000198 625.00000000000011 0.69999999999999762 1.0000000180025095e-35 1.2000000000000013 4.3500000000000005 1.5000000000000011 92.500000000000014 25.250000000000004 725.00000000000011 4.4500000000000028 6.3500000000000014 985.00000000000011 1618.5000000000002 4.8500000000000023 0.25000000000000011 1679.5000000000002 0.35000000000000148 1219.5000000000002 1.3999999999999997 25.650000000000002 1012.85
decision_type=2 2 2 2 2 2 2 2 2 2 2 2 2 2 2 2 2 2 2 2 2 2 2
left_child=2 4 5 9 -2 -1 8 16 12 -3 11 -9 -7 -11 15 -12 -4 -5 -13 22 -19 -22 -8
right_child=1 3 7 17 -6 6 19 10 -10 13 14 18 -14 -15 -16 -17 -18 20 -20 -21 21 -23 -24
leaf_value=-0.0012640325146965252 0 0 -0.002366913649795513 0 0 0.013081512944964272 0.028680890618352491 -0.00031469791377865584 -0.0022254071565787036 0 -5.9830844151556722e-06 0.0053036194543631529 0.0318372167138865 0 2.7465843761597159e-06 -0.00031961613992121507 -0.00069860520499971331 0 0.0086385306099032288 0.022529136699687147 0 0 0.037468707287632824
leaf_weight=769 695 638 573 503 702 4599 502 770 623 543 2945 546 546 603 503 756 784 11655 936 553 518 728 515
leaf_count=769 695 638 573 503 702 4599 502 770 623 543 2945 546 546 603 503 756 784 11655 936 553 518 728 515
internal_value=-0.0096983 -0.0205602 0.00161852 -0.0217288 -0.0078431 0.00313263 0.00365191 4.7025e-05 0.00295321 -0.0178555 0.000631775 0.00227595 0.00343452 -0.0196908 -0.000249643 -0.000637996 -0.00273179 -0.0222415 0.00360849 0.00621183 -0.0223245 -0.0211659 0.00689647
internal_weight=32505 16585 15920 15188 1397 8107 7338 7813 5768 1784 6456 2252 5145 1146 4204 3701 1357 13404 1482 1570 12901 1246 1017
internal_count=32505 16585 15920 15188 1397 8107 7338 7813 5768 1784 6456 2252 5145 1146 4204 3701 1357 13404 1482 1570 12901 1246 1017
is_linear=0
shrinkage=0.03


Tree=64
num_leaves=28
num_cat=0
split_feature=25 8 25 8 8 13 24 41 31 32 38 1 37 8 1 24 4 32 21 32 27 6 29 24 38 24 24
split_gain=4394.68 285.24 44.6202 34.9222 23.1758 19.0914 18.9993 14.2744 9.57402 9.20658 9.00105 8.38103 8.00725 6.70677 5.50393 4.66982 5.46243 9.33148 4.31717 4.12425 4.0755 3.1114 3.01611 1.83178 1.7363 0.386032 0.607551
threshold=1630.5000000000002 0.20000000000000198 1290.5000000000002 0.49999999999999739 1.0000000180025095e-35 0.0049999999999999897 3.5500000000000003 1.0000000180025095e-35 17.174242424242429 40.500000000000007 0.35846314187849709 80.500000000000014 0.6830127018922193 0.79999999999999993 77.500000000000014 0.10000000000000055 3.7500000000000004 33.500000000000007 23.500000000000004 42.500000000000007 13.633333333333335 23.450000000000003 7.1000000000000005 4.7500000000000009 0.22700754078277605 1.3999999999999997 1.9500000000000004
decision_type=2 2 2 2 2 2 2 2 2 2 2 2 2 2 2 2 2 2 2 2 2 2 2 2 2 2 2
left_child=2 4 6 -3 -2 15 8 9 10 11 22 -7 14 21 -9 -4 18 -18 -17 -10 23 -5 -1 24 -8 -15 -27
right_child=1 3 5 13 -6 7 20 12 19 -11 -12 -13 -14 25 -16 16 17 -19 -20 -21 -22 -23 -24 -25 -26 26 -28
leaf_value=0.015929580953644811 0 0 2.6641868448749244e-06 0 0 0.011576819429677601 0.022431765024520132 0.0020241404465113876 -0.002805719136987257 -0.0018015072209837356 0.004583213656520326 0.0016696708110116143 -0.00079482694697869739 0 -0.00081571461183370375 -0.00023135425558149796 4.1093702686570709e-05 -0.0013863909510881886 -0.0015162397224019251 0.0027298898669526912 0.0062608529892415662 0 0.022751866095898344 0.037613751673225088 0.024895542422597592 0 0
leaf_weight=508 683 855 961 553 696 2266 799 1437 525 561 764 793 663 11668 502 510 750 636 1049 698 516 838 614 796 573 587 570
leaf_count=508 683 855 961 553 696 2266 799 1437 525 561 764 793 663 11668 502 510 750 636 1049 698 516 838 614 796 573 587 570
internal_value=-0.00969998 -0.0205735 0.00153599 -0.0217686 -0.0075 0.00033465 0.00363546 0.00136648 0.00203713 0.00258421 0.00337659 0.00323179 -0.000328341 -0.0221255 0.000645286 -0.00130885 -0.00190109 -0.000529539 -0.00311819 -3.06122e-05 0.00548399 -0.019991 0.00508452 0.0060553 0.00537118 -0.0223538 -0.0213223
internal_weight=32371 16450 15921 15071 1379 10128 5793 6222 3109 3620 1886 3059 2602 14216 1939 3906 2945 1386 1559 1223 2684 1391 1122 2168 1372 12825 1157
internal_count=32371 16450 15921 15071 1379 10128 5793 6222 3109 3620 1886 3059 2602 14216 1939 3906 2945 1386 1559 1223 2684 1391 1122 2168 1372 12825 1157
is_linear=0
shrinkage=0.03


Tree=65
num_leaves=31
num_cat=0
split_feature=35 8 35 8 8 24 11 35 5 30 37 22 24 39 2 4 25 32 27 24 39 25 2 30 39 6 24 5 4 2
split_gain=4413.33 281.149 42.6799 29.9107 22.4932 17.9235 16.8191 13.7765 10.2692 10.0936 8.99223 8.44929 11.5751 8.4024 7.26119 6.63019 6.09743 5.34315 4.99485 3.50306 3.40101 2.39346 2.32109 2.06002 2.01148 1.02302 0.624634 1.78403 0.582735 0.0595766
threshold=885.00000000000011 0.29999999999999943 555.00000000000011 1.0000000180025095e-35 0.64999999999999869 3.5500000000000003 0.45000000000000112 735.00000000000011 25.250000000000004 16.500000000000004 0.25000000000000017 31.500000000000004 1.7999999999999992 -0.013976481981245173 1011.6500000000002 2.3500000000000001 1470.5000000000002 32.500000000000007 9.8166666666666682 4.3500000000000005 -0.78324956448884031 1679.5000000000002 1008.5500000000001 9.5000000000000018 0.88917497572200743 26.150000000000002 1.3999999999999997 25.650000000000002 4.1499999999999995 1017.1500000000002
decision_type=2 2 2 2 2 2 2 2 2 2 2 2 2 2 2 2 2 2 2 2 2 2 2 2 2 2 2 2 2 2
left_child=2 3 5 -2 8 9 11 14 -3 18 22 12 16 -14 20 -11 -4 25 23 -19 -8 -6 -9 -1 -16 29 -23 -28 -10 -7
right_child=1 4 6 -5 21 17 7 10 28 15 -12 -13 13 -15 24 -17 -18 19 -20 -21 -22 26 -24 -25 -26 -27 27 -29 -30 -31
leaf_value=0.01884104324440147 0 0 -0.00093838950629094545 0 0 0.033596685857767587 0.0079644783217200314 -3.9820249403169336e-05 0 -0.0039716905162784687 -0.0010564899934934402 7.0190563116738559e-05 -0.0034362396111006248 -0.0015121394103169436 0.009305419851411657 0.0077955471338003032 2.5842612395286765e-06 0.0054194510633257262 0.0061661561366240835 0.020656355362504104 -0.0015315095236949937 0 0.003986014779396853 0.022796235827610027 0.011937301131370291 0.024782263259308036 0 0 0 0.031508553017323727
leaf_weight=577 685 563 749 896 524 511 683 523 501 531 689 998 738 710 1438 806 1830 501 713 507 509 11609 509 647 537 721 510 717 504 506
leaf_count=577 685 563 749 896 524 511 683 523 501 531 689 998 738 710 1438 806 1830 501 713 507 509 11609 509 647 537 721 510 717 504 506
internal_value=-0.0096984 -0.0205677 0.00156495 -0.00852337 -0.0218419 0.00355696 0.000354766 0.00160736 -0.0183631 0.00205586 -0.000552815 -0.000863835 -0.00147617 -0.00362069 0.00278085 5.04108e-05 -0.000270244 0.00534389 0.00343863 0.00359406 0.000929648 -0.0222474 0.00121857 0.00460033 0.00389605 0.00635345 -0.0223423 -0.0212673 -0.020221 0.00698479
internal_weight=32442 16509 15933 1581 14928 6020 9913 4888 1568 3274 1721 5025 4027 1448 3167 1337 2579 2746 1937 1008 1192 13360 1032 1224 1975 1738 12836 1227 1005 1017
internal_count=32442 16509 15933 1581 14928 6020 9913 4888 1568 3274 1721 5025 4027 1448 3167 1337 2579 2746 1937 1008 1192 13360 1032 1224 1975 1738 12836 1227 1005 1017
is_linear=0
shrinkage=0.03


Tree=66
num_leaves=24
num_cat=0
split_feature=35 9 24 35 28 44 24 5 32 24 6 21 24 11 21 7 31 4 19 36 15 6 9
split_gain=4380.51 218.387 39.2442 31.1179 17.9073 25.187 23.0984 15.3303 11.3258 9.73423 9.55891 12.9342 12.8114 7.95944 6.74709 6.0344 4.86888 3.27984 3.18371 2.54325 1.40225 0.927749 0.877702
threshold=885.00000000000011 15.000000000000002 3.7500000000000004 955.00000000000011 20.500000000000004 7920.0000000000009 2.0500000000000003 18.550000000000004 40.500000000000007 -0.65000000000000024 27.850000000000005 25.500000000000004 0.89999999999999958 0.099999999999996106 15.500000000000002 1.9000000000000015 18.038461538461544 2.9000000000000017 -0.40000000000003405 1.0000000180025095e-35 0.10327955589886206 27.450000000000003 95.000000000000014
decision_type=2 2 2 2 2 2 2 2 2 2 2 2 2 2 2 2 2 2 2 2 2 2 2
left_child=2 -2 4 13 5 6 9 -5 19 -1 11 14 -12 18 -6 16 -9 -8 -3 21 -21 -4 -17
right_child=1 3 8 7 10 -7 17 15 -10 -11 12 -13 -14 -15 -16 22 -18 -19 -20 20 -22 -23 -24
leaf_value=-0.00022823590048179216 0 0 0.024925895328656206 0 -0.001612842120772059 -0.0045294193773814896 0.013245395304569287 0 0.0016073871754763024 0.00019045824506777319 -0.0002789933898582711 -0.0019994533464030477 0.018359192000372254 0 1.4947818791392837e-05 0 0 0.015959502469140328 0 0.03038126322556323 0.018240134185963531 0.023453141468556229 0
leaf_weight=502 985 542 669 911 574 500 1156 581 509 3347 503 935 586 511 3212 864 505 1842 561 557 521 519 11155
leaf_count=502 985 542 669 911 574 500 1156 581 509 3347 503 935 586 511 3212 864 505 1842 561 557 521 519 11155
internal_value=-0.00977288 -0.0205493 0.00146668 -0.0214128 0.000782544 0.00176657 0.00224157 -0.0218719 0.00470742 0.000703064 -0.000461975 -0.00104647 0.0020692 -0.0174041 -0.000265312 -0.0221395 -0.0198116 0.004215 -0.0188756 0.00561508 0.00454167 0.00657983 -0.0223465
internal_weight=32547 16615 15932 15630 13157 7347 6847 14016 2775 3849 5810 4721 1089 1614 3786 13105 1086 2998 1103 2266 1078 1188 12019
internal_count=32547 16615 15932 15630 13157 7347 6847 14016 2775 3849 5810 4721 1089 1614 3786 13105 1086 2998 1103 2266 1078 1188 12019
is_linear=0
shrinkage=0.03


Tree=67
num_leaves=24
num_cat=0
split_feature=35 8 24 8 8 44 24 35 31 6 8 39 12 36 3 35 4 22 24 25 24 5 24
split_gain=4349.25 277.597 42.1787 31.2807 22.8488 18.2295 19.4312 15.5338 14.6622 12.7393 9.77356 11.571 6.10227 5.37111 6.09244 5.1537 5.02652 4.55542 3.55239 2.6219 0.777415 2.03681 0.675425
threshold=885.00000000000011 0.20000000000000198 3.3999999999999999 0.64999999999999869 1.0000000180025095e-35 7760.0000000000009 2.100000000000001 565.00000000000011 16.62587412587413 23.450000000000003 0.75000000000000011 0.47369649395226454 0.0066666666666665847 -0.24999999999999994 22.950000000000003 1005.0000000000001 3.0000000000000009 23.500000000000004 0.3499999999999997 1670.5000000000002 1.3999999999999997 25.850000000000005 4.2500000000000009
decision_type=2 2 2 2 2 2 2 2 2 2 2 2 2 2 2 2 2 2 2 2 2 2 2
left_child=2 4 5 9 -2 6 10 13 16 -3 11 -1 -10 22 17 -11 -8 -15 -12 -5 -21 -22 -4
right_child=1 3 7 19 -6 -7 8 -9 12 15 18 -13 -14 14 -16 -17 -18 -19 -20 20 21 -23 -24
leaf_value=0.0013449822789019293 0 0 0.016921622889093234 0 0 -0.0043881196474260297 0.012815378751314365 -0.00090338685534290691 -0.0011519711125682812 0 -1.0519181478099553e-05 -0.00037078574571764155 0.0069872167893672678 0.023212325336709441 0.0033631054669830676 0 0.016056094502958612 0.03370129928749023 -0.00058022489621890265 0 0 0 0.032077132434384065
leaf_weight=4369 694 699 527 517 696 501 1041 545 957 535 503 2387 682 533 514 547 1375 600 546 11663 510 727 860
leaf_count=4369 694 699 527 517 696 501 1041 545 957 535 503 2387 682 533 514 547 1375 600 546 11663 510 727 860
internal_value=-0.00982078 -0.0205732 0.00136997 -0.021747 -0.00772629 0.000539311 0.000776429 0.00423694 0.00246056 -0.0179487 -9.89497e-05 0.000319621 0.000269653 0.00507411 0.00390691 -0.0200231 0.00394541 0.00513436 -0.0027902 -0.0222485 -0.0223454 -0.0212288 0.00645248
internal_weight=32528 16588 15940 15198 1390 12361 11860 3579 4055 1781 7805 6756 1639 3034 1647 1082 2416 1133 1049 13417 12900 1237 1387
internal_count=32528 16588 15940 15198 1390 12361 11860 3579 4055 1781 7805 6756 1639 3034 1647 1082 2416 1133 1049 13417 12900 1237 1387
is_linear=0
shrinkage=0.03


Tree=68
num_leaves=23
num_cat=0
split_feature=35 8 35 8 24 8 4 31 38 28 0 18 21 35 7 7 22 35 25 38 24 24
split_gain=4392.64 282.24 36.4339 33.3842 21.4561 21.2006 13.6124 14.1438 14.184 9.42768 9.13308 7.73704 6.43178 4.84311 4.51418 7.00042 4.10887 3.2445 2.29031 0.932715 0.636224 0.683403
threshold=885.00000000000011 0.29999999999999943 645.00000000000011 1.0000000180025095e-35 1.2000000000000013 0.69999999999999762 6.6499999999999995 19.160256410256412 0.17646842360078763 32.500000000000007 24.550000000000004 0.69999999999999674 23.500000000000004 745.00000000000011 4.8500000000000023 2.8000000000000029 29.500000000000004 995.00000000000011 1679.5000000000002 -0.20180236284700911 1.3999999999999997 1.9500000000000004
decision_type=2 2 2 2 2 2 2 2 2 2 2 2 2 2 2 2 2 2 2 2 2 2
left_child=2 3 4 -2 -1 10 7 8 -6 11 -3 14 -9 19 15 -4 -15 -12 -7 -13 -20 -22
right_child=1 5 9 -5 6 18 -8 12 -10 -11 17 13 -14 16 -16 -17 -18 -19 20 -21 21 -23
leaf_value=-0.0012598429872081678 0 0 -0.00044097556332284559 0 0.018306142044589687 0 0.031806287496009944 0.0053372420876189493 0.0079805601558356094 -0.0010655509881263628 0 0.0023932278797357542 -0.0022310356217376094 -0.00038320235386095727 -0.00020205594493152897 4.2409993892744188e-05 0.0023948952526367103 0 0 0.010884101109784961 0 0
leaf_weight=903 687 535 2170 915 3027 517 726 919 2323 554 510 523 836 505 591 1696 531 534 11672 637 629 592
leaf_count=903 687 535 2170 915 3027 517 726 919 2323 554 510 523 836 505 591 1696 531 534 11672 637 629 592
internal_value=-0.00977255 -0.0205772 0.00147384 -0.00859414 0.00277644 -0.0218566 0.00328131 0.00287991 0.0036463 -0.000105077 -0.0184867 0.00020849 0.000542117 0.00166515 -0.000509643 -0.000135729 0.00017341 -0.0201625 -0.0222506 0.00299484 -0.022343 -0.0212612
internal_weight=32532 16591 15941 1602 8734 14989 7831 7105 5350 7207 1579 6653 1755 2196 4457 3866 1036 1044 13410 1160 12893 1221
internal_count=32532 16591 15941 1602 8734 14989 7831 7105 5350 7207 1579 6653 1755 2196 4457 3866 1036 1044 13410 1160 12893 1221
is_linear=0
shrinkage=0.03


Tree=69
num_leaves=19
num_cat=0
split_feature=35 8 8 24 2 21 5 22 35 35 8 32 5 1 24 25 24 24
split_gain=4334.61 280.662 47.7472 39.2456 15.9261 25.0915 19.2164 16.7429 14.6777 8.76113 7.79525 5.5026 3.5725 3.16341 3.3387 0.776968 0.0967215 0.257274
threshold=885.00000000000011 0.4000000000000013 1.0000000180025095e-35 3.3500000000000001 1024.0500000000002 15.500000000000002 19.450000000000003 31.500000000000004 575.00000000000011 945.00000000000011 0.79999999999999993 40.500000000000007 25.150000000000002 73.500000000000014 4.7500000000000009 1680.5000000000002 1.3999999999999997 1.9500000000000004
decision_type=2 2 2 2 2 2 2 2 2 2 2 2 2 2 2 2 2 2
left_child=3 2 -2 4 5 -1 -7 -8 11 -4 12 13 -3 -5 -15 -12 -17 -18
right_child=1 10 9 8 -6 6 7 -9 -10 -11 15 -13 -14 14 -16 16 17 -19
leaf_value=-0.0020305371774390689 0 0 0 0.028290105467818034 0.020054778720299472 0.018311057206625816 -8.1775548321518082e-05 0.0046347988212583693 -0.00081600610236189921 0 0 0.0036458446779516814 0 0.016572683348848566 0.032089244287515285 0 0 0
leaf_weight=501 700 536 504 539 510 671 7892 2576 537 941 566 500 991 1470 700 11217 564 566
leaf_count=501 700 536 504 539 510 671 7892 2576 537 941 566 500 991 1470 700 11217 564 566
internal_value=-0.00983199 -0.0205602 -0.0104204 0.00136244 0.00053448 0.000306648 0.000602504 0.000286533 0.00404616 -0.0135332 -0.0220648 0.00481392 -0.0199003 0.00534766 0.00482735 -0.0223177 -0.0223919 -0.0214532
internal_weight=32481 16585 2145 15896 12150 11640 11139 10468 3746 1445 14440 3209 1527 2709 2170 12913 12347 1130
internal_count=32481 16585 2145 15896 12150 11640 11139 10468 3746 1445 14440 3209 1527 2709 2170 12913 12347 1130
is_linear=0
shrinkage=0.03


Tree=70
num_leaves=27
num_cat=0
split_feature=35 8 35 8 8 11 24 24 5 31 39 6 20 7 8 35 24 32 4 21 39 8 29 23 3 20
split_gain=4332.57 286.264 45.9059 31.238 22.4325 20.1316 17.8662 15.8338 12.3896 11.1535 8.58335 7.40984 6.43179 5.72336 5.95875 5.55553 4.59972 4.44003 4.57977 4.24127 3.66859 1.54963 1.3033 1.15393 0.956468 0.781831
threshold=885.00000000000011 0.20000000000000198 555.00000000000011 0.69999999999999762 1.0000000180025095e-35 0.35000000000000148 3.3999999999999999 0.20000000000000109 25.250000000000004 16.62587412587413 -0.82413948779581736 19.150000000000002 -1.0999999999999657 0.70000000000000029 1.1499999999999988 985.00000000000011 2.3999999999999999 30.500000000000004 3.9500000000000006 18.500000000000004 0.39629089145655322 1.0000000000000011 6.9000000000000012 5.5000000000000009 24.350000000000005 -1.4000000000000339
decision_type=2 2 2 2 2 2 2 2 2 2 2 2 2 2 2 2 2 2 2 2 2 2 2 2 2 2
left_child=2 4 6 8 -2 13 9 20 -3 10 -1 -9 -13 -4 19 -10 -11 23 -19 -15 -7 25 -12 24 -8 -5
right_child=1 3 5 21 -6 7 17 11 15 16 22 12 -14 14 -16 -17 -18 18 -20 -21 -22 -23 -24 -25 -26 -27
leaf_value=0.0011511182667510939 0 0 -0.0023771323507480757 0 0 -0.00019680599711230574 0.022917868970881522 0.013947532548941032 0 -0.001824358174600688 0.021404248050807519 -0.00067703543641435202 0.004956756029384027 -0.00043028373487368366 -0.00028361988257436633 0 0.0050641032674487337 0.0035776616316676021 0.033044642044776459 -1.7104718724841757e-06 -0.00097661969268216008 0 0.018464084212669183 0.034541601978323615 0.019961362306098528 0
leaf_weight=518 721 659 545 506 674 852 544 959 517 775 512 519 2777 655 542 590 569 675 526 2609 503 11717 722 613 563 1185
leaf_count=518 721 659 545 506 674 852 544 959 517 775 512 519 2777 655 542 590 569 675 526 2609 503 11717 722 613 563 1185
internal_value=-0.00981436 -0.020562 0.00133198 -0.0217577 -0.00754295 8.20536e-05 0.00340048 0.0012696 -0.017944 0.00181085 0.00338655 0.00216878 0.00149181 -0.001449 -0.00103598 -0.0199166 -0.000245171 0.00508296 0.00367207 -0.000551133 -0.00155306 -0.0222573 0.00474515 0.00606272 0.00545762 -0.0211444
internal_weight=32547 16569 15978 15174 1395 9961 6017 5610 1766 3096 1752 4255 3296 4351 3806 1107 1344 2921 1201 3264 1355 13408 1234 1720 1107 1691
internal_count=32547 16569 15978 15174 1395 9961 6017 5610 1766 3096 1752 4255 3296 4351 3806 1107 1344 2921 1201 3264 1355 13408 1234 1720 1107 1691
is_linear=0
shrinkage=0.03


Tree=71
num_leaves=23
num_cat=0
split_feature=35 8 8 24 31 8 38 2 6 24 22 39 8 11 38 25 6 3 24 24 35 25
split_gain=4327.11 289.72 48.3242 39.395 21.2593 19.5023 11.453 13.614 11.0672 9.21519 12.2711 18.1202 8.17747 6.39616 5.04589 4.77313 3.83596 3.65876 2.68432 1.03685 1.13493 0.0881891
threshold=885.00000000000011 0.4000000000000013 1.0000000180025095e-35 2.6500000000000008 24.873076923076926 1.0999999999999963 0.17646842360078763 1012.5500000000001 23.450000000000003 1.2000000000000013 21.500000000000004 0.60383265664488517 0.79999999999999993 1.1999999999999977 0.88220160189607266 1290.5000000000002 23.450000000000003 13.350000000000003 4.0500000000000007 1.3999999999999997 1215.0000000000002 1688.5000000000002
decision_type=2 2 2 2 2 2 2 2 2 2 2 2 2 2 2 2 2 2 2 2 2 2
left_child=3 2 -2 5 6 9 15 -8 -4 13 -11 -12 16 14 -1 18 -3 -9 -5 21 -21 -14
right_child=1 12 8 4 -6 -7 7 17 -10 10 11 -13 19 -15 -16 -17 -18 -19 -20 20 -22 -23
leaf_value=-0.00019736691772918695 0 0 0 0.015078451048298995 -0.0018752039051708812 -0.00040343641752606636 -0.001071615452602177 0.024782170494613027 0 0.025687725042762861 0.0041107628353275055 -0.0039867160751125355 0 0.0045390735941176876 0.0013796790957365981 0.0072126983387930457 0 0.013496160713494345 0.029244449621073955 0 0 0
leaf_weight=3611 702 600 594 1096 660 696 973 510 841 643 2937 753 501 647 620 840 936 936 1036 626 574 11231
leaf_count=3611 702 600 594 1096 660 696 973 510 841 643 2937 753 501 647 620 840 936 936 1036 626 574 11231
internal_value=-0.00979756 -0.0205174 -0.0101928 0.00135808 0.00326491 0.000193006 0.00388698 0.0023513 -0.0133455 0.000559264 0.00156574 0.000897887 -0.0220408 -0.000335041 -0.000760099 0.0051345 -0.0198375 0.00419544 0.00589035 -0.0222994 -0.0210899 -0.0224195
internal_weight=32563 16605 2137 15958 6051 9907 5391 2419 1435 9211 4333 3690 14468 4878 4231 2972 1536 1446 2132 12932 1200 11732
internal_count=32563 16605 2137 15958 6051 9907 5391 2419 1435 9211 4333 3690 14468 4878 4231 2972 1536 1446 2132 12932 1200 11732
is_linear=0
shrinkage=0.03


Tree=72
num_leaves=21
num_cat=0
split_feature=35 9 35 35 24 5 4 38 2 11 35 37 2 39 11 9 11 32 4 24
split_gain=4322.19 221.421 38.6633 31.9399 18.7469 16.3586 14.6761 17.79 9.74241 9.2124 8.71252 7.24994 6.17867 5.91903 5.84797 5.31892 3.87017 4.82441 4.93285 1.16514
threshold=885.00000000000011 15.000000000000002 635.00000000000011 935.00000000000011 1.2000000000000013 18.550000000000004 1.3499999999999999 0.83849049182116964 1008.35 0.500000000000001 725.00000000000011 0.25000000000000017 1012.2500000000001 0.011826144619637555 -0.099999999999998743 75.000000000000014 -0.40000000000000119 40.500000000000007 2.5000000000000013 1.8499999999999999
decision_type=2 2 2 2 2 2 2 2 2 2 2 2 2 2 2 2 2 2 2 2
left_child=2 -2 4 14 -1 -5 -6 8 -8 16 12 -12 -11 -9 -3 -7 -4 18 -18 -17
right_child=1 3 9 5 6 15 7 13 -10 10 11 -13 -14 -15 -16 19 17 -19 -20 -21
leaf_value=-0.0011198168499486265 0 0 -0.0001040574064591836 0 -0.0017935974905357356 0 0.008904778267723951 -0.003312146550167666 0.020980468845464385 0.00032425787814115701 0.0015103296088332656 -0.0010282291767197754 0.00770451715258871 0.01245821911893474 0 0 -0.0012762842150892864 -0.0013547839135579138 2.5905826919226795e-05 0
leaf_weight=819 966 582 733 915 784 846 1703 635 3918 586 956 670 917 532 541 12079 520 873 2295 710
leaf_count=819 966 582 733 915 784 846 1703 635 3918 586 956 670 917 532 541 12079 520 873 2295 710
internal_value=-0.00991007 -0.0206044 0.00125369 -0.0214636 0.00265489 -0.0218434 0.0031212 0.00356996 0.00426952 -0.000303893 0.000941393 -0.000580467 0.00258638 0.000198888 -0.0165133 -0.0221095 -0.00118528 -0.000788618 -0.000183706 -0.0222737
internal_weight=32580 16639 15941 15673 8391 14550 7572 6788 5621 7550 3129 1626 1503 1167 1123 13635 4421 3688 2815 12789
internal_count=32580 16639 15941 15673 8391 14550 7572 6788 5621 7550 3129 1626 1503 1167 1123 13635 4421 3688 2815 12789
is_linear=0
shrinkage=0.03


Tree=73
num_leaves=19
num_cat=0
split_feature=35 8 8 24 8 44 28 24 38 6 8 25 0 23 22 25 24 24
split_gain=4267.05 269.007 41.8351 35.4464 22.3403 15.3934 22.0148 14.1341 11.0602 9.78852 8.65156 6.14648 3.11001 1.84566 1.7092 0.868699 0.370774 0.469374
threshold=885.00000000000011 0.4000000000000013 1.0000000180025095e-35 3.9500000000000006 1.099999999999999 7840.0000000000009 17.500000000000004 1.2999999999999992 -0.95754239937548935 23.450000000000003 0.75000000000000011 1260.5000000000002 24.750000000000004 5.5000000000000009 29.500000000000004 1680.5000000000002 1.3999999999999997 1.9500000000000004
decision_type=2 2 2 2 2 2 2 2 2 2 2 2 2 2 2 2 2 2
left_child=3 2 -2 4 5 6 7 -1 -8 -4 12 13 -3 14 -5 -12 -17 -18
right_child=1 10 9 11 -6 -7 8 -9 -10 -11 15 -13 -14 -15 -16 16 17 -19
leaf_value=2.3773912839828314e-05 0 0 0 0.023812668709915774 -0.00041807478406363893 -0.0043623148704229012 0.0066676745429899613 0.012081999964775604 -7.5587431075256037e-05 0 0 0.0051439712114030017 0 0.03297340725868271 0.014022448505535379 0 0 0
leaf_weight=1707 699 510 580 526 683 500 700 3391 6548 812 562 546 928 727 534 11240 598 558
leaf_count=1707 699 510 580 526 683 500 700 3391 6548 812 562 546 928 727 534 11240 598 558
internal_value=-0.00989343 -0.0205796 -0.01051 0.00121502 0.000625785 0.000907145 0.00111638 0.00262647 5.37931e-05 -0.0135151 -0.0220406 0.00462848 -0.0196979 0.00547932 0.00466102 -0.0222975 -0.022373 -0.0213472
internal_weight=32349 16487 2091 15862 13529 12846 12346 5098 7248 1392 14396 2333 1438 1787 1060 12958 12396 1156
internal_count=32349 16487 2091 15862 13529 12846 12346 5098 7248 1392 14396 2333 1438 1787 1060 12958 12396 1156
is_linear=0
shrinkage=0.03


Tree=74
num_leaves=18
num_cat=0
split_feature=35 9 24 25 2 21 35 5 3 35 7 13 7 32 3 9 29
split_gain=4253.92 220.434 34.0166 30.4689 17.4594 34.5577 17.9148 15.7417 15.2842 9.8754 6.73482 5.73031 5.49151 4.45627 3.99707 1.98036 1.1182
threshold=885.00000000000011 15.000000000000002 3.7500000000000004 1680.5000000000002 1024.0500000000002 15.500000000000002 655.00000000000011 18.550000000000004 15.65 535.00000000000011 4.8500000000000023 -0.0024999999999999758 1.9000000000000015 35.500000000000007 22.950000000000003 85.000000000000014 9.3250000000000011
decision_type=2 2 2 2 2 2 2 2 2 2 2 2 2 2 2 2 2
left_child=2 -2 4 11 5 -1 8 -5 -7 14 -8 -3 13 -9 16 -14 -4
right_child=1 3 9 7 -6 6 10 12 -10 -11 -12 -13 15 -15 -16 -17 -18
leaf_value=-0.0032405501428194633 0 0 0.03176617155810952 0 0.019389350542727488 0.021468353108991933 -1.3862061989232321e-05 0 0.0036633986082858349 0.0014458783158640463 -0.00031956142586900569 0 0 0 0.015843488771353404 0 0.016165347680240829
leaf_weight=583 959 537 747 932 571 851 5398 583 4897 553 835 644 867 511 931 11453 511
leaf_count=583 959 537 747 932 571 851 5398 583 4897 553 835 644 867 511 931 11453 511
internal_value=-0.00992855 -0.0206013 0.00115483 -0.0214636 0.000520096 0.000286487 0.000634023 -0.0218487 0.00184174 0.00419278 -0.000479952 -0.0167561 -0.0221165 -0.0198859 0.00509699 -0.0223113 0.00620238
internal_weight=32363 16486 15877 15527 13135 12564 11981 14346 5748 2742 6233 1181 13414 1094 2189 12320 1258
internal_count=32363 16486 15877 15527 13135 12564 11981 14346 5748 2742 6233 1181 13414 1094 2189 12320 1258
is_linear=0
shrinkage=0.03


Tree=75
num_leaves=26
num_cat=0
split_feature=35 8 35 8 8 31 38 32 1 18 25 24 6 24 24 2 20 32 24 8 8 22 22 33 7
split_gain=4265.57 282.447 33.7641 31.0769 24.6498 21.788 18.698 12.1162 12.7268 8.2576 7.53861 7.5226 5.25071 8.61028 5.12533 5.06504 4.93164 4.96957 4.76228 3.43251 2.26224 1.64187 0.826553 0.502081 0.0794317
threshold=885.00000000000011 0.20000000000000198 635.00000000000011 0.40000000000000396 1.0000000180025095e-35 25.160256410256412 0.22700754078277605 18.500000000000004 73.500000000000014 0.40000000000000085 1660.5000000000002 4.0500000000000007 25.050000000000004 1.6000000000000008 0.84999999999999976 1008.85 -1.5000000000000566 36.500000000000007 0.20000000000000109 0.5999999999999962 0.90000000000000402 22.500000000000004 32.500000000000007 0.086956521739131723 2.2000000000000006
decision_type=2 2 2 2 2 2 2 2 2 2 2 2 2 2 2 2 2 2 2 2 2 2 2 2 2
left_child=2 4 5 -3 -2 6 11 -8 -9 12 -5 15 13 19 -14 -1 -11 18 -18 -4 21 -12 -13 -7 -22
right_child=1 3 9 10 -6 23 7 8 -10 16 20 22 14 -15 -16 -17 17 -19 -20 -21 24 -23 -24 -25 -26
leaf_value=0.0057532800494256419 0 0 4.6406796122262125e-06 0 0 -0.0022822976311446161 0.026196398144307857 0.026906029910056185 -0.00072405494602566288 -0.0003695363046433024 0 0.024503978064177066 -0.00032672438042932115 -0.0017788733694256841 -0.00032353639493477263 0.016310248021023665 -0.00015892180247285804 -0.00085046447465150505 0.0050620468818768274 5.1515380391808192e-05 0 0 0.021510814845653085 -0.0009568003551630351 0
leaf_weight=1188 694 820 1106 525 698 500 514 501 2218 842 514 600 827 732 933 1880 567 505 1564 504 541 1454 513 502 11236
leaf_count=1188 694 820 1106 525 698 500 514 501 2218 842 514 600 827 732 933 1880 567 505 1564 504 541 1454 513 502 11236
internal_value=-0.00985299 -0.0205627 0.00118327 -0.0217556 -0.00761836 0.00249109 0.00305218 0.00133771 0.000537486 -0.000269058 -0.0220849 0.00437664 -0.00118056 -0.000249573 -0.00241771 0.00360586 0.000806034 0.00144428 0.00207806 0.000977047 -0.0222261 -0.0210761 0.00649103 -0.00165837 -0.0224147
internal_weight=32478 16482 15996 15090 1392 8416 7414 3233 2719 7580 14270 4181 4102 2342 1760 3068 3478 2636 2131 1610 13745 1968 1113 1002 11777
internal_count=32478 16482 15996 15090 1392 8416 7414 3233 2719 7580 14270 4181 4102 2342 1760 3068 3478 2636 2131 1610 13745 1968 1113 1002 11777
is_linear=0
shrinkage=0.03


Tree=76
num_leaves=25
num_cat=0
split_feature=35 9 25 35 5 11 31 24 9 18 32 4 24 38 2 4 24 4 32 39 7 24 24 0
split_gain=4252.44 217.42 43.141 31.6125 16.2323 14.5519 14.1276 12.3112 10.9639 8.71146 8.3308 9.6216 7.44407 6.99902 6.78006 5.97745 5.25945 5.54331 6.2881 5.68568 3.14443 2.91214 2.69484 1.73487
threshold=885.00000000000011 1.0000000180025095e-35 1680.5000000000002 525.00000000000011 18.550000000000004 0.29999999999999943 17.174242424242429 0.25000000000000006 55.000000000000007 0.099999999999996994 41.500000000000007 2.6500000000000008 2.3999999999999999 0.22700754078277605 1010.35 3.9500000000000006 0.10000000000000055 3.7500000000000004 37.500000000000007 -0.3744658827978154 1.9000000000000015 3.0500000000000003 -0.44999999999999923 27.650000000000002
decision_type=2 2 2 2 2 2 2 2 2 2 2 2 2 2 2 2 2 2 2 2 2 2 2 2
left_child=3 -2 9 6 -4 16 13 22 -6 -3 11 -9 -8 21 -15 -14 -5 19 -19 -18 -10 -1 -7 -23
right_child=1 2 4 5 8 7 12 10 20 -11 -12 -13 15 14 -16 -17 17 18 -20 -21 -22 23 -24 -25
leaf_value=0.018260302116037734 0 0 0 2.1811877703048521e-05 0 -0.00099155465841985657 -0.0021407939466442784 -0.002513322957933873 0 0 -0.0019653085156469039 0.0060402315184830248 0.00066687888089383865 0.00091048850766248463 0.024539848063563692 0.030038955210977443 -0.0006010528677546312 0.00010424125832888796 -0.0015877948462944354 -0.0018817291371800542 0 0.02106073028780785 -3.549442171204578e-05 0.014499463969965582
leaf_weight=544 688 816 937 952 698 690 613 547 1023 500 771 3968 632 571 806 582 933 959 517 743 11850 730 807 659
leaf_count=544 688 816 937 952 698 690 613 547 1023 500 771 3968 632 571 806 582 933 959 517 743 11850 730 807 659
internal_value=-0.00988291 -0.0205662 -0.021284 0.00112692 -0.0217588 0.000211452 0.00306626 0.00106448 -0.0220281 -0.0160243 0.00174452 0.00223655 0.000947239 0.0042346 0.00259427 0.00230674 -0.00119825 -0.00178821 -0.000446549 -0.00296782 -0.0222332 0.00539922 -0.00133589 0.00613048
internal_weight=32536 16512 15824 16024 14508 10887 5137 6783 13571 1316 5286 4515 1827 3310 1377 1214 4104 3152 1476 1676 12873 1933 1497 1389
internal_count=32536 16512 15824 16024 14508 10887 5137 6783 13571 1316 5286 4515 1827 3310 1377 1214 4104 3152 1476 1676 12873 1933 1497 1389
is_linear=0
shrinkage=0.03


Tree=77
num_leaves=27
num_cat=0
split_feature=35 8 35 8 8 31 38 11 35 32 38 7 8 32 24 11 6 0 38 6 1 4 6 35 31 24
split_gain=4240.93 281.837 31.7173 29.5753 20.5671 17.7731 15.0412 14.6112 13.3812 9.5387 9.71341 7.41754 7.39274 6.80417 6.32199 4.90271 4.46858 4.2113 3.85897 7.65098 3.63838 2.77916 1.92195 1.66519 0.884175 0.0956503
threshold=885.00000000000011 0.20000000000000198 565.00000000000011 0.4000000000000013 1.0000000180025095e-35 25.348484848484851 0.22700754078277605 0.45000000000000112 685.00000000000011 23.500000000000004 0.64579916509010216 0.75000000000000011 0.90000000000000402 47.500000000000007 4.0500000000000007 -0.39999999999999897 28.450000000000003 20.750000000000004 -0.20180236284700911 26.150000000000002 80.500000000000014 5.0000000000000036 25.650000000000002 955.00000000000011 11.679487179487181 1.3999999999999997
decision_type=2 2 2 2 2 2 2 2 2 2 2 2 2 2 2 2 2 2 2 2 2 2 2 2 2 2
left_child=2 4 5 -3 -2 6 14 11 20 -8 -11 -4 17 15 16 -13 -1 -5 19 -10 22 -20 -9 -19 -16 -14
right_child=1 3 7 12 -6 -7 9 8 18 10 -12 13 25 -15 24 -17 -18 23 21 -21 -22 -23 -24 -25 -26 -27
leaf_value=0.011941238787822874 0 0 -0.0028944235243534388 0 0 -0.0016152201196355462 0.025000108219668589 0.010404649353634745 -0.0020733129756246201 -0.0040166239746141199 0.0071875249399396173 -8.5542158103663044e-05 0 -0.0015238318879150325 0.021445928052614027 2.083586653153814e-05 0.015875241013167521 0 -0.00071214279833314918 0.00082615547579894253 0.003006512851086328 0.0024222765528026085 0.0065036673448745771 0 0.02706025338476661 0
leaf_weight=1539 682 724 547 501 678 711 633 1015 536 744 1064 693 11161 530 555 3146 506 529 500 611 534 983 629 1306 555 943
leaf_count=1539 682 724 547 501 678 711 633 1015 536 744 1064 693 11161 530 555 3146 506 529 500 611 534 983 629 1306 555 943
internal_value=-0.0099216 -0.0205857 0.0010717 -0.0217592 -0.00748899 0.00272825 0.00329582 -3.08452e-06 0.00117256 0.00152579 0.000414365 -0.00115291 -0.0220586 -0.000739533 0.00466345 -0.00029875 0.00366756 -0.0204021 -0.000267857 -0.00157311 0.00291055 0.000742424 0.00360875 -0.02112 0.00648831 -0.0223749
internal_weight=32555 16524 16031 15164 1360 6307 5596 9724 4808 2441 1808 4916 14440 4369 3155 3839 2045 2336 2630 1147 2178 1483 1644 1835 1110 12104
internal_count=32555 16524 16031 15164 1360 6307 5596 9724 4808 2441 1808 4916 14440 4369 3155 3839 2045 2336 2630 1147 2178 1483 1644 1835 1110 12104
is_linear=0
shrinkage=0.03


Tree=78
num_leaves=18
num_cat=0
split_feature=25 8 8 24 8 8 44 27 3 31 5 7 6 1 8 7 24
split_gain=4195.33 299.24 32.6343 30.7505 22.0963 17.5682 14.414 18.6939 9.50362 9.3997 8.94945 7.11798 5.49815 1.39313 1.10256 0.617191 0.108803
threshold=1630.5000000000002 0.29999999999999943 1.0000000180025095e-35 3.7500000000000004 0.64999999999999869 1.099999999999999 7680.0000000000009 9.1833333333333353 10.65 21.591666666666672 25.250000000000004 1.2999999999999983 26.150000000000002 76.500000000000014 0.90000000000000402 3.1500000000000008 1.8499999999999999
decision_type=2 2 2 2 2 2 2 2 2 2 2 2 2 2 2 2 2
left_child=3 2 -2 5 10 6 7 11 -9 12 -3 -1 13 -5 15 -6 -16
right_child=1 4 -4 9 14 -7 -8 8 -10 -11 -12 -13 -14 -15 16 -17 -18
leaf_value=0.01470683955441217 0 0 0 0.022388932959489006 0 -0.00028840234815978393 -0.0047283870732364279 0.0053654284109453223 -2.6656075161862184e-05 0.00049312960118589547 0 0.0024491339332552487 0.01268217897662203 0.020249228724736407 0 0 0
leaf_weight=1732 700 562 931 508 653 723 501 683 7849 503 984 1758 885 836 11500 640 520
leaf_count=1732 700 562 931 508 653 723 501 683 7849 503 984 1758 885 836 11500 640 520
internal_value=-0.00992393 -0.0205381 -0.0083267 0.0010316 -0.0218772 0.00043365 0.000696407 0.000904441 0.000147645 0.00392831 -0.0184012 0.00275344 0.00476356 0.00597325 -0.0222781 -0.0210985 -0.0224014
internal_weight=32468 16490 1631 15978 14859 13246 12523 12022 8532 2732 1546 3490 2229 1344 13313 1293 12020
internal_count=32468 16490 1631 15978 14859 13246 12523 12022 8532 2732 1546 3490 2229 1344 13313 1293 12020
is_linear=0
shrinkage=0.03


Tree=79
num_leaves=24
num_cat=0
split_feature=25 8 35 8 8 4 28 6 3 4 6 25 29 7 4 32 24 39 2 6 8 7 7
split_gain=4179.36 297.555 36.0751 33.6781 22.7275 18.2464 20.3616 17.5921 14.9401 11.8206 11.3305 8.79988 8.45418 5.53258 6.83793 7.45082 7.1373 6.30261 5.42765 13.1786 0.908648 0.249587 0.072965
threshold=1630.5000000000002 0.29999999999999943 655.00000000000011 1.0000000180025095e-35 0.64999999999999869 6.5000000000000036 19.500000000000004 26.750000000000004 22.650000000000002 1.7500000000000002 23.450000000000003 1240.5000000000002 7.9000000000000012 4.8500000000000023 4.3500000000000014 33.500000000000007 0.25000000000000006 0.097680735332368748 1007.35 24.650000000000002 0.90000000000000402 2.2000000000000006 3.1500000000000008
decision_type=2 2 2 2 2 2 2 2 2 2 2 2 2 2 2 2 2 2 2 2 2 2 2
left_child=2 3 5 -2 10 6 9 8 -8 12 -3 -11 -1 14 18 16 -16 -17 -4 -20 22 -22 -6
right_child=1 4 13 -5 20 -7 7 -9 -10 11 -12 -13 -14 -15 15 17 -18 -19 19 -21 21 -23 -24
leaf_value=0.01085055492795382 0 0 5.8295236117389743e-05 0 0 0.022675735326698723 -0.00023479344000736701 0.011911287159155267 -0.0078790032589622222 0.01989906380091061 0 0.010048834556853476 -0.0025854748447712073 -0.00026213597150393951 -4.3088910995615544e-05 6.0210045623652901e-05 0.002594809792606222 -0.0013590177611309707 -1.5204462054254967e-05 -0.0022119414919473277 0 0 0
leaf_weight=558 716 642 778 909 629 866 1697 782 507 1862 940 2179 550 976 879 556 1645 527 900 702 583 11505 651
leaf_count=558 716 642 778 909 629 866 1697 782 507 1862 940 2179 550 976 879 556 1645 527 900 702 583 11505 651
internal_value=-0.010003 -0.0205536 0.000952649 -0.00834819 -0.021879 0.00220676 0.00176509 -0.000205823 -0.00157752 0.00290769 -0.0183996 0.00366003 0.000162162 -0.000668701 -0.000326849 0.000496675 0.00138955 -0.00158295 -0.00157431 -0.0025717 -0.022288 -0.0224045 -0.0211544
internal_weight=32539 16575 15964 1625 14950 9001 8135 2986 2204 5149 1582 4041 1108 6963 5987 3607 2524 1083 2380 1602 13368 12088 1280
internal_count=32539 16575 15964 1625 14950 9001 8135 2986 2204 5149 1582 4041 1108 6963 5987 3607 2524 1083 2380 1602 13368 12088 1280
is_linear=0
shrinkage=0.03


Tree=80
num_leaves=27
num_cat=0
split_feature=25 9 35 35 5 24 18 30 4 7 7 2 11 36 32 32 7 38 19 27 27 6 29 9 18 3
split_gain=4158.62 243.531 32.2586 25.8534 18.8008 14.8715 14.5184 7.35568 7.83444 7.147 6.88254 6.52586 6.35714 6.02531 8.59021 5.47328 5.22428 7.22687 5.13091 5.01072 4.29776 3.58221 3.29566 1.8813 1.3541 1.29518
threshold=1630.5000000000002 15.000000000000002 565.00000000000011 935.00000000000011 18.550000000000004 3.3999999999999999 0.40000000000000085 16.500000000000004 3.7999999999999985 4.8500000000000023 1.9000000000000015 1022.1500000000002 -1.0000000180025095e-35 -0.24999999999999994 33.500000000000007 38.500000000000007 1.5000000000000011 0.36648264796514479 -0.80000000000012494 12.266666666666667 9.9166666666666696 25.850000000000005 5.9000000000000012 65.000000000000014 0.19999999999999798 20.950000000000003
decision_type=2 2 2 2 2 2 2 2 2 2 2 2 2 2 2 2 2 2 2 2 2 2 2 2 2 2
left_child=2 -2 5 12 -5 7 9 20 -9 16 19 15 -3 24 25 18 17 -4 -8 -6 22 -18 -1 -12 -7 -15
right_child=1 3 6 4 10 13 11 8 -10 -11 23 -13 -14 14 -16 -17 21 -19 -20 -21 -22 -23 -24 -25 -26 -27
leaf_value=0.011894263092044851 0 0 0.00013781537126680699 0 0 0.024432485163915149 -0.00043908219622477588 -0.0034271764317498721 0.010399947146961377 -0.00026956556972725082 0 0.010690294708952447 0 0.023068740585000143 0.00017547797724219659 -0.00071697557189288126 3.56472004652984e-05 -0.002776705256943182 0.0023438534710104224 0 0.0031303457537359934 -0.00018493431096510787 0.017057315008674231 0 0.011107786753961301 0.021915926659299471
leaf_weight=513 994 580 678 921 592 764 590 789 570 534 604 503 505 526 604 658 1673 982 2764 500 758 1230 692 11785 579 503
leaf_count=513 994 580 678 921 592 764 590 789 570 534 604 503 505 526 604 658 1673 982 2764 500 758 1230 692 11785 579 503
internal_value=-0.00997831 -0.0205389 0.000962481 -0.0214628 -0.0218033 0.00263095 -0.000131059 0.00125 -0.000446363 -0.00122818 -0.0220917 0.00110748 -0.0169112 0.00417058 0.00294037 0.000702541 -0.000842826 -0.00218412 0.00119338 -0.0196344 0.00242366 -7.48709e-05 0.00353563 -0.0223051 0.00565985 0.00460475
internal_weight=32391 16481 15910 15487 14402 6298 9612 3322 1359 5097 13481 4515 1085 2976 1633 4012 4563 1660 3354 1092 1963 2903 1205 12389 1343 1029
internal_count=32391 16481 15910 15487 14402 6298 9612 3322 1359 5097 13481 4515 1085 2976 1633 4012 4563 1660 3354 1092 1963 2903 1205 12389 1343 1029
is_linear=0
shrinkage=0.03


Tree=81
num_leaves=20
num_cat=0
split_feature=25 8 8 24 8 8 21 0 38 22 31 25 24 7 8 0 36 24 24
split_gain=4173.03 284.386 33.1088 28.7445 28.3933 16.5335 11.6583 10.8089 10.6658 13.6245 13.3352 8.33316 6.2641 6.16252 5.28865 2.56561 2.55214 0.505951 0.738975
threshold=1630.5000000000002 0.20000000000000198 0.49999999999999739 3.9500000000000006 1.0000000180025095e-35 0.1000000000000001 15.500000000000002 21.150000000000002 -0.95754239937548935 21.500000000000004 16.190909090909095 1259.5000000000002 1.2999999999999992 4.4999999999999982 0.79999999999999993 24.650000000000002 -0.24999999999999994 1.3999999999999997 1.9500000000000004
decision_type=2 2 2 2 2 2 2 2 2 2 2 2 2 2 2 2 2 2 2
left_child=3 4 -3 5 -2 8 -7 -8 -1 12 -11 16 -10 -9 15 -4 -5 -16 -19
right_child=1 2 14 11 -6 6 7 13 9 10 -12 -13 -14 -15 17 -17 -18 18 -20
leaf_value=0.00973751121300169 0 0 0 0.022259062445561195 0 -0.001567904467937689 0.00029304501525094268 -7.2747743030986958e-05 0.0014025219165257896 0.002930074919514141 -0.002565054844785758 0.0025014477825356291 0.019704930282000821 -0.00016960644329927518 0 0 0.017728537974617594 0 0
leaf_weight=731 700 847 503 832 705 527 661 3605 533 4081 1967 602 761 747 11719 890 921 592 570
leaf_count=731 700 847 503 832 705 527 661 3605 533 4081 1967 602 761 747 11719 890 921 592 570
internal_value=-0.0100282 -0.0205951 -0.0217948 0.000909205 -0.00767058 0.000379545 -0.000882353 -0.000435194 0.00124551 0.000900735 0.000302479 0.00396797 0.00369213 -0.000978411 -0.0221396 -0.0202097 0.00501282 -0.0223451 -0.0212758
internal_weight=32494 16526 15121 15968 1405 13613 5540 5013 8073 7342 6048 2355 1294 4352 14274 1393 1753 12881 1162
internal_count=32494 16526 15121 15968 1405 13613 5540 5013 8073 7342 6048 2355 1294 4352 14274 1393 1753 12881 1162
is_linear=0
shrinkage=0.03


Tree=82
num_leaves=21
num_cat=0
split_feature=25 9 25 9 31 38 5 4 32 13 7 38 24 38 7 32 6 21 38 25
split_gain=4186.6 243.845 30.6224 26.6053 21.1592 16.7479 14.8475 14.3479 16.4381 14.3016 7.22365 7.61362 6.81468 5.75352 5.64161 4.75643 4.74471 6.36606 4.53534 2.63311
threshold=1630.5000000000002 15.000000000000002 1400.5000000000002 75.000000000000014 25.160256410256412 0.17646842360078763 18.550000000000004 5.3500000000000014 23.500000000000004 -0.0024999999999999758 4.8500000000000023 -0.95244167294248061 4.4500000000000011 -0.95244167294248061 1.9000000000000015 33.500000000000007 17.450000000000003 18.500000000000004 0.12545942051955489 1680.5000000000002
decision_type=2 2 2 2 2 2 2 2 2 2 2 2 2 2 2 2 2 2 2 2
left_child=2 -2 4 9 5 12 -5 8 -7 -3 11 -4 13 -1 15 -8 -13 -18 -6 -16
right_child=1 3 10 6 18 7 14 -9 -10 -11 -12 16 -14 -15 19 -17 17 -19 -20 -21
leaf_value=0.026138393529687158 0 0 0.0036486629707110788 0 -0.003827486000719923 0.019071374360199705 0 0.02563585287972775 -0.001175317240731062 0 -0.00031440691035682111 0.00058706416437027259 0.022760364391445433 0.008537453164486895 0 0 -0.00075488423745891792 -4.7553758194792116e-05 -1.6914538663344878e-06 0
leaf_weight=540 988 758 520 894 500 834 575 520 2263 609 996 657 792 3065 570 530 626 4094 595 11565
leaf_count=540 988 758 520 894 500 834 575 520 2263 609 996 657 792 3065 570 530 626 4094 595 11565
internal_value=-0.00994853 -0.0205562 0.000983192 -0.0214773 0.00212463 0.00265906 -0.0218686 0.00114603 0.000370281 -0.017405 -0.000525381 -0.000125869 0.00390259 0.00334558 -0.0221273 -0.0198848 -0.000461517 -0.000794155 -0.00178441 -0.0223282
internal_weight=32491 16489 16002 15501 9109 8014 14134 3617 3097 1367 6893 5897 4397 3605 13240 1105 5377 4720 1095 12135
internal_count=32491 16489 16002 15501 9109 8014 14134 3617 3097 1367 6893 5897 4397 3605 13240 1105 5377 4720 1095 12135
is_linear=0
shrinkage=0.03


Tree=83
num_leaves=14
num_cat=0
split_feature=25 8 8 27 8 24 23 2 38 5 37 25 8
split_gain=4169.36 284.076 36.0134 27.7359 23.1029 15.5049 17.1509 21.2909 11.4516 9.13201 2.91386 2.34122 0.989661
threshold=1630.5000000000002 0.29999999999999943 1.0000000180025095e-35 5.7333333333333343 0.64999999999999869 4.4500000000000011 6.5000000000000009 1022.6500000000002 -0.97509794945709805 25.250000000000004 -0.24999999999999994 1748.5000000000002 0.90000000000000402
decision_type=2 2 2 2 2 2 2 2 2 2 2 2 2
left_child=3 2 -2 10 9 6 7 8 -5 -3 -1 -11 -6
right_child=1 4 -4 5 12 -7 -8 -9 -10 11 -12 -13 -14
leaf_value=0.013081233965036642 0 0 0 0.0060390822591963557 0 0.013717913861641295 -0.0023493841598635711 0.013173067937545966 -3.1682805378915169e-05 0 0.022938072814730735 0 0
leaf_weight=903 686 578 889 805 1296 975 551 989 11003 500 744 501 12013
leaf_count=903 686 578 889 805 1296 975 551 989 11003 500 744 501 12013
internal_value=-0.0100075 -0.0206005 -0.0084702 0.000913787 -0.0218825 0.000489529 0.000222472 0.000445933 9.14479e-05 -0.0183729 0.00459824 -0.020152 -0.022296
internal_weight=32433 16463 1575 15970 14888 14323 13348 12797 11808 1579 1647 1001 13309
internal_count=32433 16463 1575 15970 14888 14323 13348 12797 11808 1579 1647 1001 13309
is_linear=0
shrinkage=0.03


Tree=84
num_leaves=25
num_cat=0
split_feature=25 8 8 25 31 11 24 38 20 38 39 8 6 39 30 0 2 3 3 2 3 20 24 24
split_gain=4124.39 294.833 46.822 26.7145 16.588 13.412 13.3816 10.6839 8.12274 10.7078 10.6077 7.43672 7.26993 6.55281 6.49772 5.08947 4.96723 4.1664 9.25695 6.31659 3.90611 2.60163 0.744608 1.05747
threshold=1630.5000000000002 0.4000000000000013 1.0000000180025095e-35 1310.5000000000002 25.348484848484851 0.45000000000000112 4.3500000000000005 0.24372619187392155 -0.80000000000001126 0.34235194516023087 -0.24372464231556024 0.79999999999999993 23.450000000000003 -0.75013812021657655 15.500000000000002 24.550000000000004 1008.6500000000002 13.15 16.250000000000004 1017.1500000000002 23.050000000000004 0.69999999999998874 1.3999999999999997 1.9500000000000004
decision_type=2 2 2 2 2 2 2 2 2 2 2 2 2 2 2 2 2 2 2 2 2 2 2 2
left_child=3 2 -2 4 6 17 7 16 9 -7 13 15 -4 -10 -9 -3 -1 -5 -19 -20 -8 -12 -13 -24
right_child=1 11 12 5 -6 8 20 14 10 -11 21 22 -14 -15 -16 -17 -18 18 19 -21 -22 -23 23 -25
leaf_value=0.0053608638905947789 0 0 0 -0.00051060690614153402 -0.0020432964772272833 -0.0012188876885441602 0.023501119834835018 0.010243104657902959 0.0036790261789430342 0.003475353157314997 0.0040502607969587186 0 0 -0.003526766926304241 -0.0023346309039269345 0 0.016244769560802258 8.6403615536380363e-05 -0.00010805324887772884 -0.0031593726725393338 0.01372263432713686 0.014243882611029299 0 0
leaf_weight=862 694 505 593 529 746 967 841 1144 833 557 869 11693 835 543 736 985 1495 514 3396 506 542 949 599 586
leaf_count=862 694 505 593 529 746 967 841 1144 833 557 869 11693 835 543 736 985 1495 514 3396 506 542 949 599 586
internal_value=-0.010011 -0.0205436 -0.0100918 0.000825744 0.00233433 -0.000168391 0.00289221 0.00205414 0.000975636 -0.000825688 0.00183511 -0.0220856 -0.0131958 -0.000152395 0.000366631 -0.0199363 0.00339869 -0.00125985 -0.000957447 -0.0014562 0.00545307 0.00333791 -0.0223311 -0.0211984
internal_weight=32519 16490 2122 16029 6366 9663 5620 4237 4718 1524 3194 14368 1428 1376 1880 1490 2357 4945 4416 3902 1383 1818 12878 1185
internal_count=32519 16490 2122 16029 6366 9663 5620 4237 4718 1524 3194 14368 1428 1376 1880 1490 2357 4945 4416 3902 1383 1818 12878 1185
is_linear=0
shrinkage=0.03


Tree=85
num_leaves=21
num_cat=0
split_feature=25 8 8 35 8 31 38 4 32 5 24 2 18 8 32 6 3 39 8 24
split_gain=4141.25 291.783 27.096 24.5315 24.1362 18.5018 14.5364 11.4769 14.1928 10.0488 8.55854 9.35289 5.92381 3.66768 5.49625 5.94915 4.21326 1.76663 0.708137 0.373768
threshold=1630.5000000000002 0.29999999999999943 1.0000000180025095e-35 645.00000000000011 0.64999999999999869 25.348484848484851 0.22700754078277605 4.9500000000000002 19.500000000000004 25.250000000000004 4.4500000000000011 1008.85 1.2000000000000048 0.8000000000000026 40.500000000000007 17.150000000000002 23.050000000000004 0.1318557721318592 1.1999999999999977 0.89999999999999958
decision_type=2 2 2 2 2 2 2 2 2 2 2 2 2 2 2 2 2 2 2 2
left_child=3 2 -2 5 9 6 10 8 -8 -3 11 -1 13 14 15 -5 -16 -7 19 -6
right_child=1 4 -4 12 18 17 7 -9 -10 -11 -12 -13 -14 -15 16 -17 -18 -19 -20 -21
leaf_value=0.002770066522607622 0 0 0 0.0013931770213358595 0 -0.0012730985709446746 0.019934441506144252 0.026530021650337892 -0.0015339550421607795 0 0.020258706806144538 0.012895790150719533 0.002404519359820292 -0.00012437190948743558 -0.0020383647713576054 -5.610274560122397e-05 -0.00028222235450900185 -0.0030973298017469607 0 0
leaf_weight=1302 718 561 922 536 1511 503 547 534 2193 975 776 2283 865 849 504 4039 502 505 11223 649
leaf_count=1302 718 561 922 536 1511 503 547 534 2193 975 776 2283 865 849 504 4039 502 505 11223 649
internal_value=-0.0100515 -0.0205572 -0.00853228 0.000864806 -0.0218777 0.00194592 0.00245024 0.000938645 0.000153173 -0.018238 0.00358412 0.00296278 -0.000416267 -0.000729944 -0.000450027 -8.19314e-06 -0.00245536 -0.00187129 -0.0222927 -0.021494
internal_weight=32497 16559 1640 15938 14919 8643 7635 3274 2740 1536 4361 3585 7295 6430 5581 4575 1006 1008 13383 2160
internal_count=32497 16559 1640 15938 14919 8643 7635 3274 2740 1536 4361 3585 7295 6430 5581 4575 1006 1008 13383 2160
is_linear=0
shrinkage=0.03


Tree=86
num_leaves=20
num_cat=0
split_feature=35 9 25 35 4 31 5 24 9 2 3 38 9 18 22 18 24 15 28
split_gain=4140.57 229.471 45.0599 25.5819 20.2389 25.4625 17.8225 11.3445 10.1565 10.0528 20.4586 8.28488 7.92215 5.63988 5.31314 4.40526 3.21738 3.16255 1.86232
threshold=885.00000000000011 1.0000000180025095e-35 1680.5000000000002 645.00000000000011 6.5000000000000036 17.174242424242429 18.550000000000004 1.55 65.000000000000014 1010.5500000000001 24.750000000000004 0.82899317702918729 65.000000000000014 1.2999999999999983 23.500000000000004 -0.79999999999999793 -0.84999999999999953 0.13662601021296097 30.500000000000004
decision_type=2 2 2 2 2 2 2 2 2 2 2 2 2 2 2 2 2 2 2
left_child=3 -2 12 4 5 9 -4 -7 -8 10 -1 -9 -3 15 -11 -5 -17 -18 -10
right_child=1 2 6 13 -6 7 8 11 18 14 -12 -13 -14 -15 -16 16 17 -19 -20
leaf_value=-0.006192838713856964 0 0 0 -0.00016151761098923215 0.022077602681577893 -0.0039588460703284334 0 0.0037667447662409034 0 0.011637045935102938 0.0096826735956875454 -0.003983308815866473 0 0.0023044412109796226 0.017538610309473547 -0.00032360833535725897 -0.00052360596380264567 2.4919727534619761e-05 0
leaf_weight=539 709 531 943 525 820 547 830 1457 12129 654 2036 629 784 825 2006 585 1432 3854 764
leaf_count=539 709 531 943 525 820 547 830 1457 12129 654 2036 629 784 825 2006 585 1432 3854 764
internal_value=-0.0101042 -0.0205419 -0.0212828 0.000847055 0.00194361 0.00147522 -0.0217627 -0.00093074 -0.0220421 0.00268522 0.0013475 7.9023e-05 -0.0159055 -0.000472449 0.00397821 -0.000773679 -0.00053763 -0.000303517 -0.0222569
internal_weight=32599 16690 15981 15909 8688 7868 14666 2633 13723 5235 2575 2086 1315 7221 2660 6396 5871 5286 12893
internal_count=32599 16690 15981 15909 8688 7868 14666 2633 13723 5235 2575 2086 1315 7221 2660 6396 5871 5286 12893
is_linear=0
shrinkage=0.03


Tree=87
num_leaves=22
num_cat=0
split_feature=25 8 8 35 8 31 4 38 31 6 24 35 7 38 37 33 0 1 20 23 8
split_gain=4148.64 300.867 32.8767 21.9721 21.1309 18.7854 14.2971 22.1105 14.8719 12.8542 9.01053 6.50285 6.4704 5.43997 5.17988 4.84354 7.37624 3.39442 2.55121 2.22748 0.753459
threshold=1630.5000000000002 0.20000000000000198 0.64999999999999869 675.00000000000011 1.0000000180025095e-35 25.160256410256412 1.9500000000000004 0.92602006027323147 11.160256410256411 23.450000000000003 1.2000000000000013 995.00000000000011 4.8500000000000023 -0.14250824554987665 -0.24999999999999994 1.217028985507244 28.750000000000004 76.500000000000014 -0.80000000000012494 3.5000000000000004 0.90000000000000402
decision_type=2 2 2 2 2 2 2 2 2 2 2 2 2 2 2 2 2 2 2 2 2
left_child=3 4 9 5 -2 6 8 10 -1 -3 -8 -11 15 -7 -10 17 -17 18 -5 -19 -4
right_child=1 2 20 12 -6 13 7 -9 14 11 -12 -13 -14 -15 -16 16 -18 19 -20 -21 -22
leaf_value=0.011480686516831463 0 0 0 2.3966448294681386e-05 0 -0.0040209779125051194 0.00028473973032453506 -0.0061049929936409682 -0.00059835549271345376 0 0.012701060606727281 0 -0.0003504227810841941 -5.609196575394174e-06 -0.004932774796501704 -0.00096110925963405441 0.00018443207467181493 0.00015583533314898938 0.002862882443370711 -0.00039044181172084348 0
leaf_weight=600 713 682 1292 1397 698 500 678 714 582 507 5412 565 975 632 516 755 671 744 907 927 12085
leaf_count=600 713 682 1292 1397 698 500 678 714 582 507 5412 565 975 632 516 755 671 744 907 927 12085
internal_value=-0.0100144 -0.0205497 -0.0217853 0.000872158 -0.00728769 0.00177615 0.00225952 0.00287393 -0.000202941 -0.0178616 0.00345946 -0.0199441 -0.000493885 -0.00185185 -0.00227727 -8.74514e-05 -0.00158613 0.000450717 0.00119688 -0.000578302 -0.0222971
internal_weight=32552 16542 15131 16010 1411 9634 8502 6804 1698 1754 6090 1072 6376 1132 1098 5401 1426 3975 2304 1671 13377
internal_count=32552 16542 15131 16010 1411 9634 8502 6804 1698 1754 6090 1072 6376 1132 1098 5401 1426 3975 2304 1671 13377
is_linear=0
shrinkage=0.03


Tree=88
num_leaves=14
num_cat=0
split_feature=35 9 25 27 5 24 2 21 22 9 11 37 28
split_gain=4132.56 221.255 31.7814 24.1932 14.3897 12.407 15.9828 19.5165 14.5574 5.61057 5.05741 4.60752 2.29301
threshold=885.00000000000011 15.000000000000002 1680.5000000000002 5.7333333333333343 18.550000000000004 4.4500000000000011 1024.0500000000002 15.500000000000002 21.500000000000004 65.000000000000014 -0.14999999999999855 -0.24999999999999994 30.500000000000004
decision_type=2 2 2 2 2 2 2 2 2 2 2 2 2
left_child=3 -2 10 11 -4 6 7 -5 -9 -6 -3 -1 -11
right_child=1 2 4 5 9 -7 -8 8 -10 12 -12 -13 -14
leaf_value=0.010997844686014648 0 0 0 -0.0022582680895154084 0 0.011020456729620308 0.014640257242375519 0.0053487063933418729 -2.1067032946868822e-05 0 0 0.021415654640831335 0
leaf_weight=960 988 541 915 633 685 960 679 1035 10891 12010 644 774 775
leaf_count=960 988 541 915 633 685 960 679 1035 10891 12010 644 774 775
internal_value=-0.0100774 -0.0205716 -0.0214452 0.0008303 -0.0218379 0.000421479 0.000182402 -6.03057e-05 0.000212525 -0.0220914 -0.0166491 0.00417339 -0.0222431
internal_weight=32490 16558 15570 15932 14385 14198 13238 12559 11926 13470 1185 1734 12785
internal_count=32490 16558 15570 15932 14385 14198 13238 12559 11926 13470 1185 1734 12785
is_linear=0
shrinkage=0.03


Tree=89
num_leaves=24
num_cat=0
split_feature=35 8 8 35 4 31 6 3 6 38 39 8 24 18 39 21 6 28 6 33 35 24 24
split_gain=4077.98 277.984 43.7108 27.386 15.2538 25.0186 16.3105 13.7503 9.47685 8.79331 16.3306 8.63735 5.92937 5.49421 5.29507 6.01642 5.86767 5.32811 3.49754 2.67475 1.34004 0.358699 0.159782
threshold=885.00000000000011 0.4000000000000013 1.0000000180025095e-35 645.00000000000011 6.5000000000000036 16.961538461538463 26.750000000000004 22.150000000000002 23.450000000000003 -0.01397611846945947 -0.88220415136009767 0.79999999999999993 2.2999999999999994 1.2999999999999983 0.74298546529340237 23.500000000000004 27.350000000000005 16.500000000000004 23.450000000000003 -0.18519433465085552 945.00000000000011 1.3999999999999997 1.9500000000000004
decision_type=2 2 2 2 2 2 2 2 2 2 2 2 2 2 2 2 2 2 2 2 2 2 2
left_child=3 2 -2 4 5 9 7 -7 -4 12 -11 18 -1 14 15 19 -17 -16 -3 -5 -13 -22 -23
right_child=1 11 8 13 -6 6 -8 -9 -10 10 -12 20 -14 -15 17 16 -18 -19 -20 -21 21 22 -24
leaf_value=0.0033397845968163435 0 0 0 0.00031198207122607835 0.020852919022616198 -0.00084345682949797836 0.013448134170238558 -0.0071718623634160691 0 -0.0034450379632084993 0.016499608334307077 0 0.011939304689180056 0.0019177574189535489 -6.121806976762435e-06 -0.00069175365241693019 6.1504184593965601e-05 -0.00069994313297198441 0 7.2928820378430109e-07 0 0 0
leaf_weight=512 706 600 573 620 779 1673 572 506 837 753 1904 622 2055 811 535 2172 1461 883 908 691 11139 585 545
leaf_count=512 706 600 573 620 779 1673 572 506 837 753 1904 622 2055 811 535 2172 1461 883 908 691 11139 585 545
internal_value=-0.0100914 -0.0205357 -0.0103683 0.000739689 0.00186558 0.0014733 -0.000841809 -0.00202545 -0.0134171 0.00269231 0.00148082 -0.0220282 0.00394414 -0.000634495 -0.000931018 -0.000467044 -0.0010956 -0.00254577 -0.0197483 0.0012738 -0.0222917 -0.0223814 -0.0213472
internal_weight=32442 16515 2116 15927 8754 7975 2751 2179 1410 5224 2657 14399 2567 7173 6362 4944 3633 1418 1508 1311 12891 12269 1130
internal_count=32442 16515 2116 15927 8754 7975 2751 2179 1410 5224 2657 14399 2567 7173 6362 4944 3633 1418 1508 1311 12891 12269 1130
is_linear=0
shrinkage=0.03


Tree=90
num_leaves=16
num_cat=0
split_feature=35 8 8 8 27 28 24 2 21 5 2 6 35 24 5
split_gain=4089.78 289.21 30.0173 24.8267 22.4721 12.6821 17.1761 14.6027 11.7572 9.53218 4.7132 8.62332 3.10507 0.946806 1.87926
threshold=885.00000000000011 0.29999999999999943 1.0000000180025095e-35 0.64999999999999869 5.916666666666667 35.500000000000007 4.4500000000000011 1023.85 15.500000000000002 25.250000000000004 1012.7500000000001 27.850000000000005 935.00000000000011 1.3999999999999997 25.650000000000002
decision_type=2 2 2 2 2 2 2 2 2 2 2 2 2 2 2
left_child=4 2 -2 9 10 6 7 8 -6 -3 11 -1 -5 -14 -15
right_child=1 3 -4 12 5 -7 -8 -9 -10 -11 -12 -13 13 14 -16
leaf_value=0.00068323004354224506 0 0 0 0 -0.0021494473682907487 -0.0015819022354685347 0.012629126265402867 0.013090604991792354 7.368078284443557e-05 0 0.020369120513722548 0.018909296491676265 0 0 0
leaf_weight=583 717 563 902 571 537 770 847 645 11342 999 642 579 11518 504 741
leaf_count=583 717 563 902 571 537 770 847 645 11342 999 642 579 11518 504 741
internal_value=-0.0100188 -0.0204812 -0.00842535 -0.0217902 0.000818806 0.000416284 0.000632057 0.000352068 0.000112996 -0.0181362 0.0039701 0.00282216 -0.0222154 -0.0223249 -0.0211648
internal_weight=32460 16515 1619 14896 15945 14141 13371 12524 11879 1562 1804 1162 13334 12763 1245
internal_count=32460 16515 1619 14896 15945 14141 13371 12524 11879 1562 1804 1162 13334 12763 1245
is_linear=0
shrinkage=0.03


Tree=91
num_leaves=27
num_cat=0
split_feature=25 8 8 35 10 24 21 3 29 8 6 24 2 6 18 21 21 38 19 5 5 38 28 25 24 24
split_gain=4098.16 286.917 44.9791 24.7922 11.7802 11.5551 8.47416 8.76939 9.28746 8.46427 8.4191 8.32782 6.83591 9.59907 5.06705 4.95666 8.65538 4.49683 3.93551 3.63211 3.35966 2.02116 1.2222 0.941931 0.177388 0.330291
threshold=1630.5000000000002 0.4000000000000013 1.0000000180025095e-35 525.00000000000011 0.25000000000000006 4.4500000000000011 26.500000000000004 15.950000000000001 11.900000000000002 0.79999999999999993 23.450000000000003 0.65000000000000047 1012.35 27.850000000000005 0.59999999999999842 18.500000000000004 21.500000000000004 0.3261394409934788 -0.45000000000004542 19.050000000000004 25.250000000000004 -0.19337636264337835 21.500000000000004 1190.5000000000002 1.3999999999999997 1.9500000000000004
decision_type=2 2 2 2 2 2 2 2 2 2 2 2 2 2 2 2 2 2 2 2 2 2 2 2 2 2
left_child=3 2 -2 5 14 6 7 -1 -9 20 -4 17 13 -13 15 19 -17 -6 -14 -5 -3 -7 -16 -8 -11 -26
right_child=1 9 10 4 11 21 23 8 -10 24 -12 12 18 -15 22 16 -18 -19 -20 -21 -22 -23 -24 -25 25 -27
leaf_value=0.018069967715574366 0 0 0 -0.0012884071824570086 -0.00095076879866846475 0.020132178346447187 0.014293387270578698 0.0050265634100793094 -0.0045357415754263665 0 0 -0.0023479979376036884 0.00052159183735297457 0.0090872258713574662 0.00090565410873538982 0.00011803861708481207 -0.00033994922575375573 0.00081771324278124343 0.011448344339686844 -0.00048657465043041605 0 0.014835233218959782 -4.1374816752442765e-05 0.0097053238560102419 0 0
leaf_weight=881 687 526 568 532 901 632 520 1341 634 11658 813 845 540 710 666 511 3213 630 1336 523 973 581 515 528 600 564
leaf_count=881 687 526 568 532 901 632 520 1341 634 11658 813 845 540 710 666 511 3213 630 1336 523 973 581 515 528 600 564
internal_value=-0.0100407 -0.0205901 -0.0101304 0.000740135 -6.7283e-05 0.00246288 0.00166667 0.000818754 -0.000292109 -0.0220989 -0.0132484 0.00101229 0.00183294 0.000361272 -0.000966119 -0.00140086 -0.000885668 -0.00082681 0.00305112 -0.00321429 -0.0198318 0.00501852 0.000792477 0.00397143 -0.0223608 -0.0214065
internal_weight=32428 16389 2068 16039 10922 5117 3904 2856 1975 14321 1381 4962 3431 1555 5960 4779 3724 1531 1876 1055 1499 1213 1181 1048 12822 1164
internal_count=32428 16389 2068 16039 10922 5117 3904 2856 1975 14321 1381 4962 3431 1555 5960 4779 3724 1531 1876 1055 1499 1213 1181 1048 12822 1164
is_linear=0
shrinkage=0.03


Tree=92
num_leaves=21
num_cat=0
split_feature=25 8 8 35 8 31 24 7 38 2 5 38 32 30 31 3 8 0 38 7
split_gain=4117.17 301.215 29.2681 22.0415 21.1506 15.0538 12.8319 10.2907 11.5171 11.0667 7.33238 7.03968 6.91481 3.50179 3.31056 2.22039 0.860215 0.445852 0.121486 0.0617245
threshold=1630.5000000000002 0.29999999999999943 1.0000000180025095e-35 525.00000000000011 0.69999999999999762 25.348484848484851 4.3500000000000005 4.8500000000000023 -0.97509794945709805 1022.85 25.250000000000004 0.17646842360078763 16.500000000000004 16.500000000000004 16.190909090909095 22.850000000000005 0.90000000000000402 28.350000000000005 0.99053107487289871 3.1500000000000008
decision_type=2 2 2 2 2 2 2 2 2 2 2 2 2 2 2 2 2 2 2 2
left_child=3 2 -2 5 10 6 11 8 -5 12 -3 14 -10 -13 -1 -8 19 -12 -18 -6
right_child=1 4 -4 7 16 -7 15 -9 9 -11 17 13 -14 -15 -16 -17 18 -19 -20 -21
leaf_value=0.012587699935640359 0 0 0 0.008079196185265463 0 -0.0024610126697044077 0.021105350496528206 -0.0004196851730253795 0.0053380882783084279 0.0082689645676546266 0 0.0071951618990444208 -0.00016870362258889374 -0.0022492143643951285 0.002931056882040743 0.013654989826739494 0 0 0 0
leaf_weight=1217 708 556 912 659 656 568 722 974 867 808 500 998 7606 595 512 513 11561 503 520 618
leaf_count=1217 708 556 912 659 656 568 722 974 867 808 500 998 7606 595 512 513 11561 503 520 618
internal_value=-0.010063 -0.0205669 -0.00826757 0.000766318 -0.0219016 0.00238882 0.00296282 4.12239e-06 0.000292698 2.01982e-05 -0.0185122 0.00199007 -0.0003 0.000550157 0.00331456 0.00557195 -0.0222945 -0.020097 -0.0224094 -0.0211716
internal_weight=32573 16534 1620 16039 14914 5125 4557 10914 9940 9281 1559 3322 8473 1593 1729 1235 13355 1003 12081 1274
internal_count=32573 16534 1620 16039 14914 5125 4557 10914 9940 9281 1559 3322 8473 1593 1729 1235 13355 1003 12081 1274
is_linear=0
shrinkage=0.03


Tree=93
num_leaves=21
num_cat=0
split_feature=25 8 8 8 25 31 4 31 0 24 39 18 7 22 25 2 25 8 24 7
split_gain=4101.66 296.38 34.9252 23.2603 21.126 17.9875 15.7975 14.6531 10.7885 8.56089 8.22788 6.08946 6.06543 5.94857 5.77697 3.85445 2.10517 0.682333 0.106755 0.0500869
threshold=1630.5000000000002 0.29999999999999943 1.0000000180025095e-35 0.64999999999999869 1370.5000000000002 25.160256410256412 2.1500000000000008 11.160256410256411 24.550000000000004 4.5500000000000007 0.95936279103287792 1.2999999999999983 4.8500000000000023 32.500000000000007 1229.5000000000002 1022.35 1740.5000000000002 0.90000000000000402 1.8499999999999999 3.1500000000000008
decision_type=2 2 2 2 2 2 2 2 2 2 2 2 2 2 2 2 2 2 2 2
left_child=4 2 -2 8 5 6 7 -1 -3 10 -8 12 13 15 -9 -6 -10 19 -19 -5
right_child=1 3 -4 17 11 -7 9 14 16 -11 -12 -13 -14 -15 -16 -17 -18 18 -20 -21
leaf_value=0.011223188637885179 0 0 0 0 -0.00018025140411789353 -0.0023597325198102424 0.0071492241857781733 -0.00056195257290325479 0 0.01882567016622479 0.023728122579520856 0.0025825086632385052 -0.00039728466587935055 0.0031636202189440671 -0.0045505680296903704 0.0041400479886263414 0 0 0 0
leaf_weight=687 714 526 902 636 4867 965 3938 622 502 886 551 901 849 688 511 504 503 11556 521 643
leaf_count=687 714 526 902 636 4867 965 3938 622 502 886 551 901 849 688 511 504 503 11556 521 643
internal_value=-0.0100724 -0.0205597 -0.00834363 -0.0218844 0.000766859 0.00183411 0.00234994 -6.58617e-05 -0.0183023 0.00316766 0.0026336 -0.000348547 -0.00065123 -0.000318017 -0.00216079 -0.000654662 -0.0201614 -0.0222923 -0.0224019 -0.0212237
internal_weight=32472 16503 1616 14887 15969 8160 7195 1820 1531 5375 4489 7809 6908 6059 1133 5371 1005 13356 12077 1279
internal_count=32472 16503 1616 14887 15969 8160 7195 1820 1531 5375 4489 7809 6908 6059 1133 5371 1005 13356 12077 1279
is_linear=0
shrinkage=0.03


Tree=94
num_leaves=15
num_cat=0
split_feature=25 9 27 9 11 24 2 21 5 5 11 2 24 34
split_gain=4083.84 249.618 26.875 25.232 15.9346 13.3862 14.4452 17.5861 11.9756 11.9261 5.42212 3.51483 2.44805 0.231552
threshold=1630.5000000000002 15.000000000000002 5.7333333333333343 85.000000000000014 -0.14999999999999855 4.4500000000000011 1024.0500000000002 15.500000000000002 18.550000000000004 19.350000000000005 0.19999999999999754 1010.5500000000001 0.3499999999999997 16.500000000000004
decision_type=2 2 2 2 2 2 2 2 2 2 2 2 2 2
left_child=2 -2 11 4 -3 6 7 -4 -5 -9 13 -1 -12 -10
right_child=1 3 5 8 -6 -7 -8 9 10 -11 12 -13 -14 -15
leaf_value=0.011200120113689366 0 0 -0.0029779695459627472 0 0 0.010130975995292947 0.013271871776640869 0.013192410756668157 0 -3.2351746258145823e-05 0 0.019622946127034527 0 0
leaf_weight=820 993 922 614 882 659 961 672 781 11293 11208 553 838 529 658
leaf_count=820 993 922 614 882 659 961 672 781 11293 11208 553 838 529 658
internal_value=-0.0100994 -0.020558 0.000752076 -0.0214925 -0.0178285 0.000330805 8.30383e-05 -0.000145775 -0.0219061 0.000108206 -0.0221421 0.00436446 -0.0199124 -0.0223406
internal_weight=32383 16489 15894 15496 1581 14236 13275 12603 13915 11989 13033 1658 1082 11951
internal_count=32383 16489 15894 15496 1581 14236 13275 12603 13915 11989 13033 1658 1082 11951
is_linear=0
shrinkage=0.03


Tree=95
num_leaves=15
num_cat=0
split_feature=35 8 8 27 8 2 21 25 4 5 5 25 39 7
split_gain=4100.63 267.661 32.1513 22.8158 22.4653 11.5744 15.4934 13.8458 9.59044 9.13502 5.05814 4.20359 4.06417 0.0948815
threshold=885.00000000000011 0.29999999999999943 1.0000000180025095e-35 5.7333333333333343 0.64999999999999869 1024.0500000000002 15.500000000000002 1230.5000000000002 3.6500000000000008 25.250000000000004 28.050000000000004 1670.5000000000002 -0.24372464231556024 1.8999999999999997
decision_type=2 2 2 2 2 2 2 2 2 2 2 2 2 2
left_child=3 2 -2 12 9 6 -5 10 -9 -3 -8 -6 -1 -13
right_child=1 4 -4 5 11 -7 7 8 -10 -11 -12 13 -14 -15
leaf_value=0.010117705131251377 0 0 0 -0.0025346459333728598 0 0.012619921687871587 0.0045054028097250582 -0.00093969400818039411 7.6728066379331408e-05 0 0.01274325439896799 0 0.020308055497410223 0
leaf_weight=972 706 550 907 629 506 881 2076 3370 6701 997 582 642 754 12214
leaf_count=972 706 550 907 629 506 881 2076 3370 6701 997 582 642 754 12214
internal_value=-0.0100966 -0.0205728 -0.00894892 0.000746383 -0.021829 0.000351274 0.000131362 0.00035877 -0.000149658 -0.0183263 0.00228383 -0.0222317 0.00400174 -0.0223472
internal_weight=32487 16522 1613 15965 14909 14239 13358 12729 10071 1547 2658 13362 1726 12856
internal_count=32487 16522 1613 15965 14909 14239 13358 12729 10071 1547 2658 13362 1726 12856
is_linear=0
shrinkage=0.03


Tree=96
num_leaves=21
num_cat=0
split_feature=35 8 8 8 35 5 11 24 31 24 1 38 3 32 22 24 35 4 24 24
split_gain=4100.94 275.249 32.2071 21.7771 20.4023 9.90632 9.55355 11.7106 9.10863 10.7938 8.67557 11.1425 7.07727 7.22173 4.04472 7.72839 3.71756 3.40367 0.659002 0.570159
threshold=885.00000000000011 0.29999999999999943 1.0000000180025095e-35 0.64999999999999869 525.00000000000011 25.250000000000004 0.29999999999999943 -0.44999999999999923 25.696153846153852 4.7500000000000009 73.500000000000014 0.17646842360078763 10.65 16.500000000000004 22.500000000000004 0.10000000000000055 945.00000000000011 3.7500000000000004 1.3999999999999997 1.9500000000000004
decision_type=2 2 2 2 2 2 2 2 2 2 2 2 2 2 2 2 2 2 2 2
left_child=4 2 -2 5 8 -3 14 -8 9 10 -1 -12 -9 -14 -6 -16 -5 -17 -18 -20
right_child=1 3 -4 16 6 -7 7 12 -10 -11 11 -13 13 -15 15 17 18 -19 19 -21
leaf_value=0.019993265495921696 0 0 0 0 -0.00042746183655671563 0 -0.0010801805756788744 0.0099369028241096374 -0.0012783161438066953 0.018497894540109021 0.010324223053332691 -0.00078230925966698509 0.0093798117968349783 0.00038205123822773355 7.2072348987838598e-05 -0.0010702207065160713 0 -4.1903938405440243e-05 0 0
leaf_weight=583 686 558 908 747 770 967 677 522 549 878 1595 1472 762 4770 744 1414 11426 1170 625 601
leaf_count=583 686 558 908 747 770 967 677 522 549 878 1595 1472 762 4770 744 1414 11426 1170 625 601
internal_value=-0.0100891 -0.0205578 -0.00869361 -0.0218237 0.000783568 -0.0183448 4.77795e-05 0.000742982 0.00235233 0.0027947 0.00207421 0.00143451 0.00116166 0.000845681 -0.0010939 -0.00063964 -0.0222168 -0.00141531 -0.0223518 -0.0212663
internal_weight=32424 16518 1594 14924 15906 1525 10829 6731 5077 4528 3650 3067 6054 5532 4098 3328 13399 2584 12652 1226
internal_count=32424 16518 1594 14924 15906 1525 10829 6731 5077 4528 3650 3067 6054 5532 4098 3328 13399 2584 12652 1226
is_linear=0
shrinkage=0.03


Tree=97
num_leaves=15
num_cat=0
split_feature=25 9 9 27 11 5 24 2 22 35 39 35 37 7
split_gain=4116.35 236.609 28.2434 20.1227 15.6931 13.3113 10.2684 11.819 10.2588 12.8544 11.8969 4.74967 4.17452 2.21485
threshold=1630.5000000000002 15.000000000000002 85.000000000000014 5.7333333333333343 -0.14999999999999855 18.550000000000004 4.4500000000000011 1024.0500000000002 31.500000000000004 815.00000000000011 -0.88220415136009767 945.00000000000011 -0.24999999999999994 1.9000000000000015
decision_type=2 2 2 2 2 2 2 2 2 2 2 2 2 2
left_child=3 -2 4 12 -3 -4 7 8 10 -10 -5 -7 -1 -13
right_child=1 2 5 6 -6 11 -8 -9 9 -11 -12 13 -14 -15
leaf_value=0.0081411345388562421 0 0 0 -0.0030800176456131875 0 0 0.0088753194970077453 0.012830500744872346 0.0063085372434406994 -0.0003884068071327177 -4.051627991804579e-05 0 0.016788372989856991 0
leaf_weight=924 983 916 883 872 711 686 968 666 2483 549 8826 960 758 11404
leaf_count=924 983 916 883 872 711 686 968 666 2483 549 8826 960 758 11404
internal_value=-0.0100719 -0.0205716 -0.0214735 0.0007543 -0.0176657 -0.0219155 0.000390505 0.000174653 -2.94533e-05 0.00149308 -0.00050567 -0.0221633 0.00385689 -0.0223096
internal_weight=32589 16543 15560 16046 1627 13933 14364 13396 12730 3032 9698 13050 1682 12364
internal_count=32589 16543 15560 16046 1627 13933 14364 13396 12730 3032 9698 13050 1682 12364
is_linear=0
shrinkage=0.03


Tree=98
num_leaves=18
num_cat=0
split_feature=25 8 8 8 27 28 3 0 44 7 1 37 25 8 4 7 38
split_gain=4120.41 291.435 32.5478 22.6776 18.6018 9.91322 16.7442 9.21393 9.10855 9.27553 4.8625 4.7994 3.59333 1.21496 0.472885 0.448347 0.0419121
threshold=1630.5000000000002 0.29999999999999943 1.0000000180025095e-35 0.64999999999999869 5.7333333333333343 32.500000000000007 10.65 24.550000000000004 8000.0000000000009 4.4999999999999982 79.500000000000014 -0.24999999999999994 1360.5000000000002 0.90000000000000402 4.2999999999999998 3.1500000000000008 0.99053107487289871
decision_type=2 2 2 2 2 2 2 2 2 2 2 2 2 2 2 2 2
left_child=4 2 -2 7 11 6 12 -3 9 -8 -7 -1 -6 15 -9 -5 -15
right_child=1 3 -4 13 5 10 8 14 -10 -11 -12 -13 -14 16 -16 -17 -18
leaf_value=0.0081905443143400793 0 0 0 0 0.032214319286910202 -0.0030228329603865364 0.00028415022105134064 0 -0.0039422676109954679 -0.00025652246271005443 -0.00019566318686528231 0.01727379002218828 0.00086410959188343848 0 0 0 0
leaf_weight=933 682 539 914 649 504 582 10379 501 503 1202 611 756 514 11605 500 631 508
leaf_count=933 682 539 914 649 504 582 10379 501 503 1202 611 756 514 11605 500 631 508
internal_value=-0.0100705 -0.0205718 -0.00837297 -0.0218743 0.000790066 0.000438029 0.000676511 -0.0183463 0.000364885 0.000536778 -0.00217782 0.00376552 0.00436765 -0.0222772 -0.0200922 -0.0210608 -0.0224022
internal_weight=32513 16529 1596 14933 15984 14295 13102 1540 12084 11581 1193 1689 1018 13393 1001 1280 12113
internal_count=32513 16529 1596 14933 15984 14295 13102 1540 12084 11581 1193 1689 1018 13393 1001 1280 12113
is_linear=0
shrinkage=0.03


Tree=99
num_leaves=19
num_cat=0
split_feature=25 9 9 27 13 5 39 39 4 32 39 22 24 7 23 31 27 35
split_gain=4105.68 239.396 28.4139 17.488 14.1577 11.6777 8.86974 10.4529 17.8318 17.1693 15.7594 13.3014 12.2931 5.62016 4.91635 4.33981 1.96384 1.32963
threshold=1630.5000000000002 15.000000000000002 85.000000000000014 5.916666666666667 -0.004999999999999988 18.550000000000004 0.98486764554468398 0.48877522411129348 2.4500000000000006 39.500000000000007 0.11478523713130605 31.500000000000004 0.65000000000000047 2.0000000000000013 4.5000000000000009 18.894444444444449 4.0833333333333348 945.00000000000011
decision_type=2 2 2 2 2 2 2 2 2 2 2 2 2 2 2 2 2 2
left_child=3 -2 4 14 -3 -4 7 10 -9 -10 11 -5 -12 15 -1 -7 -16 -15
right_child=1 2 5 6 -6 13 -8 8 9 -11 12 -13 -14 17 16 -17 -18 -19
leaf_value=0.0055319224674510023 0 0 0 -0.00065962333951501216 0 0 0.005139455501786969 -0.0065834652053099419 0.00010269200086384 -0.0038308340769030091 -2.0441424049794312e-05 0.0028699415030141351 0.0091903981382944963 0 0.026836075070975216 0 0.0095821608482187567 0
leaf_weight=654 969 727 896 4266 855 673 763 503 2841 700 605 3272 1318 572 546 509 546 11295
leaf_count=654 969 727 896 4266 855 673 763 503 2841 700 605 3272 1318 572 546 509 546 11295
internal_value=-0.0100574 -0.0205607 -0.0214636 0.000763299 -0.0175852 -0.0219009 0.000416258 0.00023821 -0.00103806 -0.000285775 0.000783842 0.000165119 0.00320649 -0.0221357 0.00359554 -0.0199789 0.00482633 -0.0223471
internal_weight=32510 16496 15527 16014 1582 13945 14268 13505 4044 3541 9461 7538 1923 13049 1746 1182 1092 11867
internal_count=32510 16496 15527 16014 1582 13945 14268 13505 4044 3541 9461 7538 1923 13049 1746 1182 1092 11867
is_linear=0
shrinkage=0.03


Tree=100
num_leaves=17
num_cat=0
split_feature=25 8 8 7 24 2 22 22 11 36 7 8 36 7 24 24
split_gain=4051.92 295.518 50.9073 21.9141 14.0732 14.5903 15.8959 13.5031 10.2884 9.95418 7.36137 7.10544 4.68708 1.71163 0.237564 0.501673
threshold=1630.5000000000002 0.4000000000000013 1.0000000180025095e-35 4.5999999999999996 4.4500000000000011 1024.5500000000002 31.500000000000004 30.500000000000004 0.19999999999999754 1.0000000180025095e-35 2.5000000000000013 0.79999999999999993 -0.24999999999999994 2.9999999999999996 1.3999999999999997 1.9500000000000004
decision_type=2 2 2 2 2 2 2 2 2 2 2 2 2 2 2 2
left_child=3 2 -2 4 5 6 7 -1 -4 -5 -8 13 -6 -3 -13 -16
right_child=1 11 8 9 12 -7 10 -9 -10 -11 -12 14 -14 -15 15 -17
leaf_value=7.6761463478679514e-05 0 0 0 -0.0010021276125802391 0.014073622069493398 0.017416376015677748 0.010584285314544613 -0.0038061484871876128 0 -1.9317372323260647e-05 0.00073047804357177391 0 0.0081619725958243586 0 0 0
leaf_weight=8785 714 714 935 726 697 513 1832 893 504 600 1151 11721 735 791 582 586
leaf_count=8785 714 714 935 726 697 513 1832 893 504 600 1151 11721 735 791 582 586
internal_value=-0.0101702 -0.0205667 -0.0101868 0.000628844 0.000964198 0.000656876 0.000455461 -0.000134814 -0.0134334 -0.00306099 0.00236935 -0.0221176 0.00378661 -0.0200216 -0.0223592 -0.0213846
internal_weight=32479 16547 2153 15932 14606 13174 12661 9678 1439 1326 2983 14394 1432 1505 12889 1168
internal_count=32479 16547 2153 15932 14606 13174 12661 9678 1439 1326 2983 14394 1432 1505 12889 1168
is_linear=0
shrinkage=0.03


Tree=101
num_leaves=16
num_cat=0
split_feature=25 11 35 5 27 35 24 2 24 22 22 11 4 31 2
split_gain=4082.47 110.719 34.6161 19.2319 18.8621 14.2317 11.4244 11.8593 10.949 9.63921 7.44205 5.43838 5.20597 12.6707 3.92377
threshold=1630.5000000000002 0.14999999999999861 945.00000000000011 26.250000000000004 5.7333333333333343 965.00000000000011 -0.65000000000000024 1024.0500000000002 4.7500000000000009 19.500000000000004 18.500000000000004 -0.14999999999999855 2.1500000000000008 19.793706293706297 1010.5500000000001
decision_type=2 2 2 2 2 2 2 2 2 2 2 2 2 2 2
left_child=4 5 -3 -4 14 11 -6 8 9 -8 -7 -2 13 -12 -1
right_child=1 2 3 -5 6 10 7 -9 -10 -11 12 -13 -14 -15 -16
leaf_value=0.0090218922534931363 0 0 0 0 -0.00025634991554164186 0 -0.0018257437670086113 0.01416966924425744 0.0087132132006147011 8.981739678042328e-05 0 0 0 0 0.016164582985532652
leaf_weight=854 879 692 585 838 964 807 573 842 549 11384 1415 641 10114 500 847
leaf_count=854 879 692 585 838 964 807 573 842 549 11384 1415 641 10114 500 847
internal_value=-0.0101379 -0.0206233 -0.0141887 -0.0168684 0.000648611 -0.0215692 0.000293419 0.000521348 0.000289015 9.84614e-05 -0.0219029 -0.0187254 -0.0220998 -0.0205203 0.00363329
internal_weight=32484 16471 2115 1423 16013 14356 14312 13348 12506 11957 12836 1520 12029 1915 1701
internal_count=32484 16471 2115 1423 16013 14356 14312 13348 12506 11957 12836 1520 12029 1915 1701
is_linear=0
shrinkage=0.03


Tree=102
num_leaves=24
num_cat=0
split_feature=25 8 8 24 31 38 21 32 8 8 39 0 30 35 32 3 24 38 28 24 5 24 24
split_gain=4082.22 287.665 50.8026 17.641 15.0321 14.2951 19.0966 19.5943 8.4159 7.31053 10.2558 18.1316 7.90245 7.17639 6.25379 5.84759 5.4789 5.67934 5.11481 4.60752 3.34257 0.29911 0.500269
threshold=1630.5000000000002 0.4000000000000013 1.0000000180025095e-35 2.100000000000001 23.160256410256412 0.17646842360078763 17.500000000000004 23.500000000000004 0.79999999999999993 0.69999999999999762 0.47369649395226454 19.950000000000003 15.500000000000002 955.00000000000011 33.500000000000007 20.150000000000002 4.7500000000000009 -0.20180236284700911 28.500000000000004 3.100000000000001 25.150000000000002 1.3999999999999997 1.9500000000000004
decision_type=2 2 2 2 2 2 2 2 2 2 2 2 2 2 2 2 2 2 2 2 2 2 2
left_child=3 2 -2 9 5 16 -7 -8 20 10 15 -12 -13 -4 -11 -1 17 -5 -17 -6 -3 -10 -23
right_child=1 8 13 4 19 6 7 -9 21 14 11 12 -14 -15 -16 18 -18 -19 -20 -21 -22 22 -24
leaf_value=0.0080223244826700384 0 0 0 0.0051943691003610492 0.00038236397324050607 0.019426611011911631 0.015789758681753883 -0.0035664361357642901 0 -0.00023935387435573997 0.0037164229227214019 -0.0001466336923808694 -0.0017868154900628709 0 4.1189249143699027e-05 0.00074865465536676646 0.015961707920466226 0.015834073984455018 -0.0018571952599955803 -0.0037125887079136012 0 0 0
leaf_weight=752 703 537 563 2351 559 593 804 1791 11719 787 702 670 944 851 504 3125 560 700 556 614 980 594 568
leaf_count=752 703 537 563 2351 559 593 804 1791 11719 787 702 670 944 851 504 3125 560 700 556 614 980 594 568
internal_value=-0.0101081 -0.020572 -0.0102324 0.00068565 0.00168548 0.00222651 0.000761755 -0.000349442 -0.0220906 -0.000305894 8.99867e-05 -0.00152718 -0.00327661 -0.0135064 -0.00237239 0.000935175 0.00351854 0.00301425 0.000441895 -0.00144894 -0.0198436 -0.0223521 -0.0213531
internal_weight=32527 16515 2117 16012 7972 6799 3188 2595 14398 8040 6749 2316 1614 1414 1291 4433 3611 3051 3681 1173 1517 12881 1162
internal_count=32527 16515 2117 16012 7972 6799 3188 2595 14398 8040 6749 2316 1614 1414 1291 4433 3611 3051 3681 1173 1517 12881 1162
is_linear=0
shrinkage=0.03


Tree=103
num_leaves=14
num_cat=0
split_feature=35 8 8 27 2 21 5 22 35 21 8 5 0
split_gain=4055.53 274.294 46.737 15.3783 10.6739 16.5505 13.1791 12.9498 9.55245 8.83188 2.0183 1.60351 0.219243
threshold=885.00000000000011 0.4000000000000013 1.0000000180025095e-35 4.366666666666668 1023.85 15.500000000000002 19.350000000000005 23.500000000000004 945.00000000000011 23.500000000000004 0.79999999999999993 25.650000000000002 26.750000000000004
decision_type=2 2 2 2 2 2 2 2 2 2 2 2 2
left_child=3 2 -2 -1 5 -5 -7 -8 12 -4 11 -10 -3
right_child=1 8 9 4 -6 6 7 -9 10 -11 -12 -13 -14
leaf_value=0.015463599805023757 0 0 0 -0.0029478280205089136 0.010032249635336792 0.01216761317466274 -0.0005198151087345863 0.00013316122825836468 0 0 0 0 0
leaf_weight=968 686 502 624 633 965 943 1126 11428 511 801 12300 623 501
leaf_count=968 686 502 624 633 965 943 1126 11428 511 801 12300 623 501
internal_value=-0.0101318 -0.0205541 -0.0104389 0.000606443 0.0003711 0.000162397 0.000385029 0.000127827 -0.0220315 -0.0135336 -0.022251 -0.0207438 -0.0190522
internal_weight=32611 16548 2111 16063 15095 14130 13497 12554 14437 1425 13434 1134 1003
internal_count=32611 16548 2111 16063 15095 14130 13497 12554 14437 1425 13434 1134 1003
is_linear=0
shrinkage=0.03


Tree=104
num_leaves=24
num_cat=0
split_feature=35 9 25 35 4 31 2 3 5 6 3 7 7 38 18 39 29 1 4 22 31 39 9
split_gain=4068.01 228.13 33.0936 19.2769 15.2802 17.1425 14.0445 15.3717 13.2611 13.107 10.5326 6.10336 6.02471 8.21475 5.93103 5.90943 8.11398 7.36993 4.98172 4.18221 3.95321 2.53253 0.822618
threshold=885.00000000000011 15.000000000000002 1680.5000000000002 635.00000000000011 6.6499999999999995 16.873076923076926 1010.5500000000001 24.750000000000004 18.550000000000004 26.750000000000004 21.950000000000003 1.9000000000000015 4.5500000000000016 -0.031173458710879235 -1.0000000180025095e-35 0.74298546529340237 11.900000000000002 73.500000000000014 1.7500000000000002 26.500000000000004 18.038461538461544 -0.78324956448884031 95.000000000000014
decision_type=2 2 2 2 2 2 2 2 2 2 2 2 2 2 2 2 2 2 2 2 2 2 2
left_child=3 -2 14 4 5 6 7 -1 -4 10 -7 20 15 -14 -3 17 -17 21 -19 -8 -10 -5 -13
right_child=1 2 8 12 -6 9 19 -9 11 -11 -12 22 13 -15 -16 16 -18 18 -20 -21 -22 -23 -24
leaf_value=-0.006585699144079497 0 0 0 0.0086802507657114392 0.019281192176004457 -0.00080468412230008939 0.010270925998314348 0.0061059466718322184 0 0.012737699402431425 -0.0053201716152714669 0 -0.00099426786657649292 7.6966073170506808e-06 0 0.0002323661831562786 -0.001045388960417996 0.00039602885983905123 -0.00053945363844176578 0.016740744515747176 0 0.00025962485849189982 0
leaf_weight=510 934 653 911 506 721 1595 1276 1946 604 553 520 986 668 626 521 574 754 500 2454 1274 505 1419 11338
leaf_count=510 934 653 911 506 721 1595 1276 1946 604 553 520 986 668 626 521 574 754 500 2454 1274 505 1419 11338
internal_value=-0.0101611 -0.0206175 -0.0214842 0.000662347 0.0016497 0.00125651 0.00229133 0.000671277 -0.0218841 -0.000685393 -0.00176075 -0.0221282 -0.000442823 -0.00230324 -0.0165689 -5.43566e-05 -0.00182707 0.000428703 -0.000512517 0.00384992 -0.0198132 0.00187208 -0.0223333
internal_weight=32348 16452 15518 15896 8395 7674 5006 2456 14344 2668 2115 13433 7501 1294 1174 6207 1328 4879 2954 2550 1109 1925 12324
internal_count=32348 16452 15518 15896 8395 7674 5006 2456 14344 2668 2115 13433 7501 1294 1174 6207 1328 4879 2954 2550 1109 1925 12324
is_linear=0
shrinkage=0.03


Tree=105
num_leaves=21
num_cat=0
split_feature=35 8 8 35 4 31 6 21 25 2 3 6 22 39 6 21 7 8 6 27
split_gain=4074.12 270.212 47.509 19.4133 14.7384 17.5962 13.5021 13.1809 10.2546 10.0967 16.1895 9.34164 5.14948 4.53065 9.58934 7.12324 6.42655 3.97298 2.79353 0.012364
threshold=885.00000000000011 0.4000000000000013 1.0000000180025095e-35 635.00000000000011 6.6499999999999995 16.961538461538463 26.750000000000004 23.500000000000004 1660.5000000000002 1010.5500000000001 24.750000000000004 23.450000000000003 26.500000000000004 0.97461712852231652 17.450000000000003 18.500000000000004 4.5500000000000016 0.90000000000000402 19.050000000000004 12.816666666666668
decision_type=2 2 2 2 2 2 2 2 2 2 2 2 2 2 2 2 2 2 2 2
left_child=3 2 -2 4 5 9 7 -7 -3 10 -1 -4 -11 14 -5 -16 -17 18 -10 -20
right_child=1 8 11 13 -6 6 -8 -9 17 12 -12 -13 -14 -15 15 16 -18 -19 19 -21
leaf_value=-0.0063881281697571101 0 0 0 0.0011380499863751926 0.019102497363022941 -0.00015536275772234855 0.013235784273574231 -0.0057730111701374221 0 0.0085132916548931719 0.0067385318132155087 0 0.014994391388946732 -0.00025123954960217762 -0.0018511759967084142 4.5446216233607075e-05 -0.00048615920895403133 0 0 0
leaf_weight=522 708 529 590 658 709 1442 526 630 502 1283 1975 818 1305 515 552 4940 898 11897 876 672
leaf_count=522 708 529 590 658 709 1442 526 630 502 1283 1975 818 1305 515 552 4940 898 11897 876 672
internal_value=-0.0101591 -0.0205665 -0.0105382 0.000665069 0.00165833 0.00127554 -0.000732692 -0.00182257 -0.0220307 0.00230145 0.000939376 -0.0137234 0.0036139 -0.000437211 -0.000238298 -0.000593711 -0.000285103 -0.0221914 -0.0208114 -0.0215226
internal_weight=32547 16592 2116 15955 8392 7683 2598 2072 14476 5085 2497 1408 2588 7563 7048 6390 5838 13947 2050 1548
internal_count=32547 16592 2116 15955 8392 7683 2598 2072 14476 5085 2497 1408 2588 7563 7048 6390 5838 13947 2050 1548
is_linear=0
shrinkage=0.03


Tree=106
num_leaves=14
num_cat=0
split_feature=25 8 8 8 27 0 3 21 24 5 27 39 8
split_gain=4100.6 297.557 30.9368 21.8948 17.6917 11.3344 8.93753 12.7522 9.43955 7.71422 6.44946 4.24057 1.09579
threshold=1630.5000000000002 0.29999999999999943 1.0000000180025095e-35 0.64999999999999869 5.7333333333333343 24.550000000000004 10.65 15.500000000000002 4.4500000000000011 19.450000000000003 14.083333333333334 -0.24372464231556024 0.90000000000000402
decision_type=2 2 2 2 2 2 2 2 2 2 2 2 2
left_child=4 2 -2 5 11 -3 10 -8 9 -9 -6 -1 -5
right_child=1 3 -4 12 6 -7 7 8 -10 -11 -12 -13 -14
leaf_value=0.0067014813426032006 0 0 0 0 0.0089697484946085135 0 -0.0028305917734929732 0.0097827920929114288 0.0064167714844759888 -3.4453614232015372e-05 0.00011652873700138859 0.015213538757216162 0
leaf_weight=898 716 541 918 1285 728 978 521 761 714 11120 500 768 12169
leaf_count=898 716 541 918 1285 728 978 521 761 714 11120 500 768 12169
internal_value=-0.010134 -0.0205772 -0.0084077 -0.021904 0.000699788 -0.0184073 0.000359682 0.000130355 0.00032091 0.000119288 0.00280488 0.0036241 -0.022296
internal_weight=32617 16607 1634 14973 16010 1519 14344 13116 12595 11881 1228 1666 13454
internal_count=32617 16607 1634 14973 16010 1519 14344 13116 12595 11881 1228 1666 13454
is_linear=0
shrinkage=0.03


Tree=107
num_leaves=18
num_cat=0
split_feature=35 8 8 27 6 7 1 22 22 28 2 35 36 7 7 8 31
split_gain=4008.64 273.279 44.7325 17.1988 11.1343 10.6771 12.398 10.6846 13.1088 10.15 12.9112 9.98598 9.10339 5.21821 2.75592 2.217 3.00451
threshold=885.00000000000011 0.4000000000000013 1.0000000180025095e-35 4.916666666666667 23.450000000000003 4.5500000000000016 76.500000000000014 31.500000000000004 30.500000000000004 29.500000000000004 1023.85 945.00000000000011 1.0000000180025095e-35 1.7000000000000004 0.500000000000001 0.90000000000000402 19.519230769230774
decision_type=2 2 2 2 2 2 2 2 2 2 2 2 2 2 2 2 2
left_child=3 2 -2 14 -4 6 9 8 -8 10 -5 -3 -7 -9 -1 16 -13
right_child=1 11 4 5 -6 12 7 13 -10 -11 -12 15 -14 -15 -16 -17 -18
leaf_value=0.020135015710445438 0 0 0 0.0010013880412992264 0 -0.001035273215244074 -0.00026500604612917478 0.0079219158623874963 -0.0051752702516620896 -0.0016098378746272498 0.018962277193190786 0 4.8502398949564483e-05 -8.3428306893126012e-05 0.0069797678562406118 0 0
leaf_weight=661 685 995 592 4579 840 693 5253 1071 721 795 544 1319 600 510 558 11599 510
leaf_count=661 685 995 592 4579 840 693 5253 1071 721 795 544 1319 600 510 558 11599 510
internal_value=-0.0101858 -0.0205386 -0.0104589 0.000527773 -0.0134728 0.000244786 0.000494805 -0.000310639 -0.000891064 0.0015228 0.0020122 -0.0220165 -0.00235714 0.00188092 0.00394963 -0.0222398 -0.02105
internal_weight=32525 16540 2117 15985 1432 14766 13473 7555 5974 5918 5123 14423 1293 1581 1219 13428 1829
internal_count=32525 16540 2117 15985 1432 14766 13473 7555 5974 5918 5123 14423 1293 1581 1219 13428 1829
is_linear=0
shrinkage=0.03


Tree=108
num_leaves=18
num_cat=0
split_feature=35 8 8 8 27 38 20 2 21 21 35 23 35 25 3 24 22
split_gain=4094.71 260.394 30.3356 21.2048 16.7895 11.5649 10.1839 10.1767 11.028 8.89469 8.4786 5.34222 4.88841 4.41213 2.00324 0.889223 1.70962
threshold=885.00000000000011 0.20000000000000198 0.64999999999999869 1.0000000180025095e-35 5.7333333333333343 -0.95244167294248061 -0.10000000000007957 1023.85 15.500000000000002 23.500000000000004 505.00000000000006 4.5000000000000009 1005.0000000000001 1670.5000000000002 24.550000000000004 1.3999999999999997 28.500000000000004
decision_type=2 2 2 2 2 2 2 2 2 2 2 2 2 2 2 2 2
left_child=4 3 9 -2 11 6 -6 8 -7 -3 -10 -1 -11 -4 -13 -15 -17
right_child=1 2 13 -5 5 7 -8 -9 10 12 -12 14 -14 15 -16 16 -18
leaf_value=0.0039327283178954642 0 0 0 0 -9.934857931777852e-05 -0.0025879683879993167 0.016088212274519464 0.0088806172476695085 0.0035916197643413492 0 -0.00013265126625106507 0.017578679771718279 0 0 0.0097785888792582525 0 0
leaf_weight=622 688 719 503 661 513 621 852 968 2742 507 8598 502 535 11746 560 569 682
leaf_count=622 688 719 503 661 513 621 852 968 2742 507 8598 502 535 11746 560 569 682
internal_value=-0.0101866 -0.0206155 -0.0217325 -0.00796632 0.000656133 0.000322118 0.00294623 4.46601e-05 -0.000194976 -0.0179651 1.85153e-05 0.00348754 -0.0197845 -0.0222212 0.00477914 -0.0223373 -0.0211951
internal_weight=32588 16610 15261 1349 15978 14294 1365 12929 11961 1761 11340 1684 1042 13500 1062 12997 1251
internal_count=32588 16610 15261 1349 15978 14294 1365 12929 11961 1761 11340 1684 1042 13500 1062 12997 1251
is_linear=0
shrinkage=0.03


Tree=109
num_leaves=21
num_cat=0
split_feature=35 8 8 35 4 31 6 6 2 3 11 39 25 6 6 22 8 6 33 31
split_gain=4054.4 284.529 45.8944 15.7054 15.788 21.9514 14.6158 13.9586 11.009 15.8911 9.47909 8.70046 8.15479 5.59254 5.74816 4.74833 4.13161 3.41011 2.93559 0.115538
threshold=885.00000000000011 0.4000000000000013 1.0000000180025095e-35 665.00000000000011 6.5000000000000036 17.174242424242429 26.750000000000004 24.650000000000002 1010.5500000000001 24.750000000000004 0.14999999999999861 0.96849880583763492 1660.5000000000002 17.450000000000003 19.550000000000004 26.500000000000004 0.90000000000000402 18.850000000000005 2.5454545454545467 17.919871794871799
decision_type=2 2 2 2 2 2 2 2 2 2 2 2 2 2 2 2 2 2 2 2
left_child=3 2 -2 4 5 8 7 -7 9 -1 -4 13 -3 -5 -15 -10 17 -14 -16 -19
right_child=1 12 10 11 -6 6 -8 -9 15 -11 -12 -13 16 14 18 -17 -18 19 -20 -21
leaf_value=-0.006538413389835615 0 0 0 0.0010899333833461944 0.014156969485167268 -0.0011131479507004815 0.01049879076256657 -0.006427515156815093 0.0063749400925351852 0.006249986833847556 0 -0.00040991402805500373 0 -0.0015040128142433905 1.2051292895305828e-05 0.013202527521961008 0 0 -0.0010157404844046939 0
leaf_weight=573 697 523 906 537 947 1741 581 529 1427 2123 519 510 509 526 4623 1382 11896 1059 514 510
leaf_count=573 697 523 906 537 947 1741 581 529 1427 2123 519 510 509 526 4623 1382 11896 1059 514 510
internal_value=-0.0101563 -0.0205353 -0.0102613 0.000616766 0.00141456 0.000997846 -0.00113828 -0.00222491 0.00210414 0.000733877 -0.0133444 -0.000489422 -0.0220376 -0.000178975 -0.000456752 0.00341782 -0.0221812 -0.0207909 -0.000150321 -0.0215547
internal_weight=32632 16619 2122 16013 9303 8356 2851 2270 5505 2696 1425 6710 14497 6200 5663 2809 13974 2078 5137 1569
internal_count=32632 16619 2122 16013 9303 8356 2851 2270 5505 2696 1425 6710 14497 6200 5663 2809 13974 2078 5137 1569
is_linear=0
shrinkage=0.03


Tree=110
num_leaves=15
num_cat=0
split_feature=35 8 8 8 27 2 38 19 36 0 6 25 7 5
split_gain=4078.65 274.092 26.2603 23 14.9246 9.68764 9.99439 14.2835 9.67103 8.00323 6.96032 3.9877 2.43568 0.430703
threshold=885.00000000000011 0.29999999999999943 1.0000000180025095e-35 0.64999999999999869 4.7333333333333343 1024.0500000000002 -0.95754239937548935 -1.0000000180025095e-35 -0.93301270189221908 24.550000000000004 28.850000000000005 1670.5000000000002 0.45000000000000023 17.950000000000003
decision_type=2 2 2 2 2 2 2 2 2 2 2 2 2 2
left_child=4 2 -2 9 12 6 7 -6 -8 -3 -10 -5 -1 -13
right_child=1 3 -4 11 5 -7 8 -9 10 -11 -12 13 -14 -15
leaf_value=0.020078118972633903 0 0 0 0 -0.00010483467195572027 0.0099456041612963151 -0.0042356601804747779 0.019195950019740584 -3.4607949863697716e-06 0 0.004619567899909977 0 0.0084546321934441948 0
leaf_weight=585 711 541 907 505 625 902 528 680 11308 999 775 616 543 12268
leaf_count=585 711 541 907 505 625 902 528 680 11308 999 775 616 543 12268
internal_value=-0.0101155 -0.0205485 -0.00880556 -0.0218199 0.000712002 0.000458502 0.000262969 0.00276014 4.16237e-06 -0.0182685 0.000178113 -0.0222256 0.0040354 -0.0223382
internal_weight=32493 16547 1618 14929 15946 14818 13916 1305 12611 1540 12083 13389 1128 12884
internal_count=32493 16547 1618 14929 15946 14818 13916 1305 12611 1540 12083 13389 1128 12884
is_linear=0
shrinkage=0.03


Tree=111
num_leaves=16
num_cat=0
split_feature=35 9 25 24 23 5 2 22 22 35 23 7 16 32 9
split_gain=4047.82 220.865 32.5364 15.1647 14.6482 14.5687 11.7739 9.8139 14.7503 12.4401 6.60423 6.23048 5.73339 4.20556 1.07243
threshold=885.00000000000011 15.000000000000002 1680.5000000000002 4.4500000000000011 6.5000000000000009 18.550000000000004 1023.7500000000001 31.500000000000004 30.500000000000004 805.00000000000011 5.5000000000000009 1.9000000000000015 1.0000000180025095e-35 35.500000000000007 95.000000000000014
decision_type=2 2 2 2 2 2 2 2 2 2 2 2 2 2 2
left_child=3 -2 12 4 6 -4 7 8 -1 -9 -5 13 -3 -7 -13
right_child=1 2 5 10 -6 11 -8 9 -10 -11 -12 14 -14 -15 -16
leaf_value=5.1572109566800166e-05 0 0 0 0.0027227389456682015 -0.0028336251705017852 0 0.010565020560845358 0.0068413960064098644 -0.0042635872782518939 -0.00038077750421986682 0.01574024444603107 0 0 0 0
leaf_weight=9099 965 596 917 714 532 597 730 2655 960 555 748 1030 578 511 11336
leaf_count=9099 965 596 917 714 532 597 730 2655 960 555 748 1030 578 511 11336
internal_value=-0.010197 -0.0206064 -0.0214699 0.000563145 0.000269903 -0.0218653 0.00045586 0.000251488 -0.000209472 0.00169521 0.00347336 -0.0221204 -0.0165944 -0.0197838 -0.0223266
internal_weight=32523 16530 15565 15993 14531 14391 13999 13269 10059 3210 1462 13474 1174 1108 12366
internal_count=32523 16530 15565 15993 14531 14391 13999 13269 10059 3210 1462 13474 1174 1108 12366
is_linear=0
shrinkage=0.03


Tree=112
num_leaves=20
num_cat=0
split_feature=25 8 8 8 35 6 31 38 6 30 7 38 33 2 35 39 6 39 8
split_gain=4031.33 295.671 32.7598 22.4269 16.4569 13.2971 9.49341 10.6117 7.9038 8.53622 6.76 8.92936 8.19415 8.09523 5.64748 5.39664 3.37665 5.81417 0.695674
threshold=1630.5000000000002 0.20000000000000198 0.64999999999999869 1.0000000180025095e-35 525.00000000000011 23.450000000000003 25.160256410256412 0.17646842360078763 25.950000000000003 14.500000000000002 4.8500000000000023 -0.97509794945709805 0.45833333333333487 1022.85 995.00000000000011 -0.39036009226888674 28.450000000000003 -0.32613736746952143 0.90000000000000402
decision_type=2 2 2 2 2 2 2 2 2 2 2 2 2 2 2 2 2 2 2
left_child=4 3 5 -2 6 -3 7 16 9 -9 11 -6 -12 15 -7 -13 17 -1 -4
right_child=1 2 18 -5 10 14 -8 8 -10 -11 12 13 -14 -15 -16 -17 -18 -19 -20
leaf_value=0.00072441757303446578 0 0 0 0 0.0064206929384932184 0 -0.0022674467615963812 0.015317971358912053 -0.0045386364324531379 -0.0013306740036003906 -0.00083573169318044754 0.00017792355545807396 3.4931877268008157e-05 0.0054911833103834205 0 -0.00046427611170813397 0.011064186644954638 0.012392855163846323 0
leaf_weight=506 700 703 1260 684 652 506 589 908 513 640 509 3989 518 787 581 4502 587 1389 12092
leaf_count=506 700 703 1260 684 652 506 589 908 513 640 509 3989 518 787 581 4502 587 1389 12092
internal_value=-0.0101747 -0.0205805 -0.0217938 -0.00729437 0.000515039 -0.0179213 0.00191663 0.00238119 0.0007889 0.00185806 -0.000141664 9.81675e-05 -0.00245627 -0.000140625 -0.0200344 -0.000410632 0.00370169 0.00307986 -0.0223102
internal_weight=32615 16526 15142 1384 16089 1790 5132 4543 2061 1548 10957 9930 1027 9278 1087 8491 2482 1895 13352
internal_count=32615 16526 15142 1384 16089 1790 5132 4543 2061 1548 10957 9930 1027 9278 1087 8491 2482 1895 13352
is_linear=0
shrinkage=0.03


Tree=113
num_leaves=22
num_cat=0
split_feature=35 8 8 8 35 5 15 7 38 39 28 33 1 39 38 35 2 4 38 4 21
split_gain=4058.86 274.001 32.5882 24.5315 12.5871 9.76605 9.5477 7.29956 8.95918 7.03689 6.28668 5.64243 4.00195 3.88043 3.22934 3.15187 1.05277 0.979392 0.48367 0.471128 0.27848
threshold=885.00000000000011 0.29999999999999943 1.0000000180025095e-35 0.64999999999999869 475.00000000000006 25.250000000000004 0.081649658092679003 4.5500000000000016 -0.97113884758256674 -0.96234030595689413 17.500000000000004 0.29166666666666635 75.500000000000014 -0.065537083312030994 0.17646842360078763 935.00000000000011 1014.6500000000002 2.7500000000000004 0.9916835347852474 4.2500000000000009 13.500000000000002
decision_type=2 2 2 2 2 2 2 2 2 2 2 2 2 2 2 2 2 2 2 2 2
left_child=4 2 -2 5 10 -3 16 8 -8 -10 14 -9 -12 -14 17 -5 -6 -1 20 -7 -17
right_child=1 3 -4 15 6 19 7 11 9 -11 12 -13 13 -15 -16 18 -18 -19 -20 -21 -22
leaf_value=0.012542942496313436 0 0 0 0 -0.0022338893179411688 0 0.0085448857789711466 -0.00073697968723627225 -0.001724334416792256 0.00025804286939615825 0.016748993600614433 1.9189536717122252e-05 0.0030667874589316935 -0.002942831535875805 0.0083690153071355432 0 -0.00097826342127771328 0.0079331514997503932 0 0 0
leaf_weight=516 686 563 901 587 547 515 686 571 918 8406 505 718 523 594 881 604 554 588 528 501 11664
leaf_count=516 686 563 901 587 547 515 686 571 918 8406 505 718 523 594 881 604 554 588 528 501 11664
internal_value=-0.010121 -0.0205379 -0.00867055 -0.0217953 0.000649791 -0.0181831 0.000195936 0.000455933 0.000729624 0.000485739 0.00220906 -0.00166731 0.000822044 -0.000180965 0.00334046 -0.0222187 -0.00246827 0.00442134 -0.0223301 -0.0199804 -0.0223961
internal_weight=32556 16549 1587 14962 16007 1579 12400 11299 10010 9324 3607 1289 1622 1117 1985 13383 1101 1104 12796 1016 12268
internal_count=32556 16549 1587 14962 16007 1579 12400 11299 10010 9324 3607 1289 1622 1117 1985 13383 1101 1104 12796 1016 12268
is_linear=0
shrinkage=0.03


Tree=114
num_leaves=21
num_cat=0
split_feature=8 40 40 9 11 41 7 9 39 38 7 32 10 9 39 7 6 21 2 39
split_gain=2974.32 260.038 191.67 145.918 100.774 51.5198 50.1058 30.5876 18.8516 13.9285 13.3976 13.1312 11.2625 9.46118 9.39971 8.81632 8.36847 7.38816 7.06213 4.14459
threshold=0.500000000000001 1.0000000180025095e-35 1.0000000180025095e-35 85.000000000000014 0.19999999999999754 1.0000000180025095e-35 2.2999999999999985 75.000000000000014 0.98486764554468398 -0.95754239937548935 4.7000000000000011 33.500000000000007 0.099999999999996106 45.000000000000007 0.48877522411129348 3.8000000000000003 27.850000000000005 17.500000000000004 1010.5500000000001 0.11478523713130605
decision_type=2 2 2 2 2 2 2 2 2 2 2 2 2 2 2 2 2 2 2 2
left_child=2 3 4 13 7 -5 -7 12 9 -4 16 18 19 -2 -13 -8 17 -6 -11 -1
right_child=1 -3 8 5 10 6 15 -9 -10 11 -12 14 -14 -15 -16 -17 -18 -19 -20 -21
leaf_value=0 0 -1.7877208331035801e-05 0.015279191557611099 0 0.00083826115191746784 0 0 0 0.018122722767313235 0.00067729147656670288 0 0.00014984853188653669 0 0 -0.0053244582612706169 0 0.0023287848181936053 0 0.0047382795818150204 0
leaf_weight=652 594 594 966 10072 602 552 1162 889 558 2587 939 1999 510 896 1066 1893 582 1879 3064 525
leaf_count=652 594 594 966 10072 602 552 1162 889 558 2587 939 1999 510 896 1066 1893 582 1879 3064 525
internal_value=-0.0101858 -0.0195476 -0.00140993 -0.02031 -0.00540502 -0.0212819 -0.0181733 -0.010031 0.001157 0.000847274 -0.00242383 0.000467997 -0.0076421 -0.0113706 -0.00111265 -0.0196786 -0.00146085 -0.0022201 0.0013254 -0.00925573
internal_weight=32581 15763 16818 15169 6578 13679 3607 2576 10240 9682 4002 8716 1687 1490 3065 3055 3063 2481 5651 1177
internal_count=32581 15763 16818 15169 6578 13679 3607 2576 10240 9682 4002 8716 1687 1490 3065 3055 3063 2481 5651 1177
is_linear=0
shrinkage=0.03


Tree=115
num_leaves=21
num_cat=0
split_feature=25 8 8 27 13 4 24 38 2 36 37 38 38 8 3 0 2 20 24 24
split_gain=4003.08 284.496 53.1738 15.9261 10.1485 8.2167 10.6556 13.4082 16.9123 11.5343 9.43808 12.4369 7.25165 7.04916 5.37851 2.83937 2.43283 2.11011 0.361333 0.613522
threshold=1630.5000000000002 0.4000000000000013 1.0000000180025095e-35 4.7333333333333343 0.0024999999999999766 1.9500000000000004 0.84999999999999976 0.83849049182116964 1008.6500000000002 0.93301270189221952 0.25000000000000017 0.46800856592688472 0.3504237462291826 0.79999999999999993 15.15 24.550000000000004 1010.5500000000001 -0.45000000000004542 1.3999999999999997 1.9500000000000004
decision_type=2 2 2 2 2 2 2 2 2 2 2 2 2 2 2 2 2 2 2 2
left_child=3 2 -2 16 -4 10 12 8 -8 -9 11 -5 14 15 -7 -3 -1 -14 -15 -20
right_child=1 13 4 5 -6 6 7 9 -10 -11 -12 -13 17 18 -16 -17 -18 -19 19 -21
leaf_value=0.00903400261762944 0 0 0 -0.0021306725738078581 0 -0.00043834332407102436 -0.0007186696974587802 -0.0038375198289674864 0.0049140234078710199 0.0055795786400673663 -0.0052542329170653492 0.0036302891166793902 0.0002276983050277549 0 -0.00027321324344070804 0 0.015025657572146836 -0.00018377811574032363 0 0
leaf_weight=588 683 521 944 879 501 505 2086 900 5027 632 523 829 884 11732 1946 978 546 632 586 571
leaf_count=588 683 521 944 879 501 505 2086 900 5027 632 523 829 884 11732 1946 978 546 632 586 571
internal_value=-0.0102346 -0.0205903 -0.010338 0.000471713 -0.0135954 0.000209667 0.00050658 0.0010972 0.00164547 -0.0014472 -0.00146776 -0.000385965 -0.000780423 -0.0221049 -0.00178863 -0.0200117 0.00389525 0.000849802 -0.0223452 -0.0213223
internal_weight=32493 16516 2128 15977 1445 14843 12612 8645 7113 1532 2231 1708 3967 14388 2451 1499 1134 1516 12889 1157
internal_count=32493 16516 2128 15977 1445 14843 12612 8645 7113 1532 2231 1708 3967 14388 2451 1499 1134 1516 12889 1157
is_linear=0
shrinkage=0.03


Tree=116
num_leaves=19
num_cat=0
split_feature=35 8 8 8 24 23 6 21 24 21 6 6 3 23 35 35 24 5
split_gain=3993.21 270.605 31.189 23.9892 13.9824 15.4299 12.9077 8.38603 17.2171 11.6325 11.329 13.8717 10.6247 5.25788 4.62176 2.96626 0.771655 1.74153
threshold=885.00000000000011 0.20000000000000198 0.64999999999999869 1.0000000180025095e-35 4.5500000000000007 6.5000000000000009 23.450000000000003 17.500000000000004 0.54999999999999993 15.500000000000002 19.950000000000003 21.250000000000004 15.550000000000002 5.5000000000000009 1005.0000000000001 945.00000000000011 1.3999999999999997 25.650000000000002
decision_type=2 2 2 2 2 2 2 2 2 2 2 2 2 2 2 2 2 2
left_child=4 3 6 -2 5 7 -3 8 -1 -10 12 -12 -9 -6 -8 -4 -17 -18
right_child=1 2 15 -5 13 -7 14 10 9 -11 11 -13 -14 -15 -16 16 17 -19
leaf_value=-0.00040676726861325576 0 0 0 0 0.0020988230387889305 -0.0032994024845492561 0 -4.2896805716932514e-05 0.0014725184989088274 0.017798001631381514 0.00096703849241164437 7.4333601091529722e-05 -0.0053676967200548507 0.016619259697398466 0 0 0 0
leaf_weight=594 702 697 739 698 595 581 534 773 790 751 696 9926 509 695 531 11428 518 752
leaf_count=594 702 697 739 698 595 581 534 773 790 751 696 9926 509 695 531 11428 518 752
internal_value=-0.01026 -0.0205528 -0.0217155 -0.00791726 0.000479827 0.000215429 -0.0178997 0.000413966 0.00214436 0.00381562 0.000103309 0.000424981 -0.00255841 0.00347136 -0.0200117 -0.0222131 -0.0223358 -0.0212382
internal_weight=32509 16599 15199 1400 15910 14620 1762 14039 2135 1541 11904 10622 1282 1290 1065 13437 12698 1270
internal_count=32509 16599 15199 1400 15910 14620 1762 14039 2135 1541 11904 10622 1282 1290 1065 13437 12698 1270
is_linear=0
shrinkage=0.03


Tree=117
num_leaves=16
num_cat=0
split_feature=35 8 8 8 25 25 24 27 15 24 38 23 30 21 27
split_gain=3997.98 273.558 32.5656 22.8354 13.8587 9.8152 6.70324 5.76119 5.56856 6.60002 5.33246 4.70614 4.17206 2.28192 2.05054
threshold=885.00000000000011 0.20000000000000198 0.49999999999999739 1.0000000180025095e-35 1220.5000000000002 1660.5000000000002 4.7500000000000009 5.0833333333333348 0.075277265270914509 -0.65000000000000024 0.78857998149907527 6.5000000000000009 15.500000000000002 14.500000000000002 8.3666666666666689
decision_type=2 2 2 2 2 2 2 2 2 2 2 2 2 2 2
left_child=4 3 -3 -2 6 -4 10 -6 -9 -10 12 -11 14 -7 -1
right_child=1 2 5 -5 7 13 -8 8 9 11 -12 -13 -14 -15 -16
leaf_value=0.010831912053778633 0 0 0 0 0.0074055466714063661 0 0.013382635188706743 -0.0015363124420031038 -0.0002303976090343784 0.00019907515943969517 -0.0016851945566863358 -0.0018361008766251867 0.0018463780091269246 0 0.0042882152588909908
leaf_weight=893 691 828 509 692 591 770 756 953 887 9184 567 556 902 12927 516
leaf_count=893 691 828 509 692 591 770 756 953 887 9184 567 556 902 12927 516
internal_value=-0.0101966 -0.0205641 -0.0217388 -0.00778159 0.000573638 -0.0220788 0.00219884 8.81048e-05 -5.95752e-05 0.000137595 0.00153646 0.000363375 0.00217575 -0.0222361 0.00319454
internal_weight=32222 16417 15034 1383 15805 14206 3634 12171 11580 10627 2878 9740 2311 13697 1409
internal_count=32222 16417 15034 1383 15805 14206 3634 12171 11580 10627 2878 9740 2311 13697 1409
is_linear=0
shrinkage=0.03


Tree=118
num_leaves=13
num_cat=0
split_feature=25 8 8 8 27 2 21 0 6 8 6 25
split_gain=4017.4 297.167 30.3096 26.4739 14.4973 7.9597 11.407 12.1996 6.93664 5.77352 2.56387 0.915589
threshold=1630.5000000000002 0.20000000000000198 0.40000000000000396 1.0000000180025095e-35 4.0833333333333348 1024.0500000000002 15.500000000000002 19.350000000000005 19.950000000000003 0.90000000000000402 18.650000000000002 1710.5000000000002
decision_type=2 2 2 2 2 2 2 2 2 2 2 2
left_child=4 3 -3 -2 -1 6 -6 -8 -9 10 -4 -12
right_child=1 2 9 -5 5 -7 7 8 -10 -11 11 -13
leaf_value=0.013511761587942884 0 0 0 0 -0.0023414088685163492 0.0090761621351663352 0.010761935325340295 -0.00046154944730027869 0.00011889194865353361 0 0 0
leaf_weight=820 719 823 505 675 655 915 956 1477 11146 12035 530 1178
leaf_count=820 719 823 505 675 655 915 956 1477 11146 12035 530 1178
internal_value=-0.0101854 -0.0205825 -0.0218084 -0.00731734 0.000535815 0.000325226 0.000150674 0.00033742 8.9703e-05 -0.0221347 -0.0205971 -0.0212281
internal_weight=32434 16465 15071 1394 15969 15149 14234 13579 12623 14248 2213 1708
internal_count=32434 16465 15071 1394 15969 15149 14234 13579 12623 14248 2213 1708
is_linear=0
shrinkage=0.03


Tree=119
num_leaves=20
num_cat=0
split_feature=35 8 8 8 27 6 4 37 35 4 36 24 27 24 35 25 24 24 6
split_gain=4025.28 272.589 29.5958 23.8875 13.0442 12.7315 9.49333 11.1957 9.8087 9.27138 6.74036 6.43032 6.41628 4.70856 4.53773 4.46743 1.97606 0.953134 2.12682
threshold=885.00000000000011 0.20000000000000198 0.64999999999999869 1.0000000180025095e-35 4.7333333333333343 23.450000000000003 1.9500000000000004 0.25000000000000017 585.00000000000011 6.5000000000000036 0.25000000000000011 3.1500000000000008 9.0833333333333339 -0.44999999999999923 1005.0000000000001 1670.5000000000002 3.9500000000000006 1.3999999999999997 23.750000000000004
decision_type=2 2 2 2 2 2 2 2 2 2 2 2 2 2 2 2 2 2 2
left_child=4 3 5 -2 16 -3 7 10 9 12 -6 13 -8 -10 -7 -4 -1 -17 -19
right_child=1 2 15 -5 6 14 8 -9 11 -11 -12 -13 -14 -15 -16 17 -18 18 -20
leaf_value=0.0081916342179511794 0 0 0 0 -0.0016058802815975188 0 0.0079160173616412526 -0.0053883593991970518 -0.00015617234269327913 0.021907101337365849 0.0023915717537002553 -0.0045974762946646734 0.00037295780333245876 0.00016633356931250597 0 0 0.015505392192834559 0 0
leaf_weight=609 695 703 515 695 929 528 1632 524 1176 527 779 534 2433 6323 526 11627 509 521 699
leaf_count=609 695 703 515 695 929 528 1632 524 1176 527 779 534 2433 6323 526 11627 509 521 699
internal_value=-0.0101748 -0.0205622 -0.0217312 -0.00783405 0.000560963 -0.018006 0.00032556 -0.00147717 0.000644452 0.00175011 -0.000298246 1.21344e-05 0.00126322 0.000238968 -0.0201278 -0.0222183 0.00368304 -0.0223377 -0.021162
internal_weight=32484 16509 15119 1390 15975 1757 14857 2232 12625 4592 1708 8033 4065 7499 1054 13362 1118 12847 1220
internal_count=32484 16509 15119 1390 15975 1757 14857 2232 12625 4592 1708 8033 4065 7499 1054 13362 1118 12847 1220
is_linear=0
shrinkage=0.03


Tree=120
num_leaves=17
num_cat=0
split_feature=25 8 8 24 35 8 4 31 38 5 29 38 5 38 24 24
split_gain=3995.66 290.419 48.4425 10.1704 9.28186 7.65859 6.80072 10.9706 9.35479 9.52789 9.28983 4.33115 3.85125 2.47429 0.483566 0.665972
threshold=1630.5000000000002 0.4000000000000013 1.0000000180025095e-35 4.7500000000000009 955.00000000000011 0.79999999999999993 1.8999999999999992 29.320512820512821 -0.97509794945709805 19.450000000000003 8.9000000000000021 0.46800856592688472 25.250000000000004 -0.23537230790205757 1.3999999999999997 1.9500000000000004
decision_type=2 2 2 2 2 2 2 2 2 2 2 2 2 2 2 2
left_child=3 2 -2 6 -4 12 10 8 -8 -10 11 -1 -3 -5 -7 -16
right_child=1 5 4 13 -6 14 7 -9 9 -11 -12 -13 -14 -15 15 -17
leaf_value=-0.0015695543531631189 0 0 0 0.011842286991179575 0 0 0.0076678588025694706 -0.0016768340484345609 0.0041182899395640401 5.8176165763869285e-05 -0.0026337901653109485 0.010921807799847551 0 0.0068089515392652043 0 0
leaf_weight=639 719 510 563 518 864 11694 826 642 1845 9306 992 617 978 555 605 562
leaf_count=639 719 510 563 518 864 11694 826 642 1845 9306 992 617 978 555 605 562
internal_value=-0.0102015 -0.0205515 -0.0102444 0.000509974 -0.0134412 -0.0220913 0.000306174 0.000577014 0.000781993 0.000553439 -0.00121333 0.000500795 -0.0199128 0.00332791 -0.0223402 -0.021281
internal_weight=32435 16495 2146 15940 1427 14349 14867 12619 11977 11151 2248 1256 1488 1073 12861 1167
internal_count=32435 16495 2146 15940 1427 14349 14867 12619 11977 11151 2248 1256 1488 1073 12861 1167
is_linear=0
shrinkage=0.03


Tree=121
num_leaves=24
num_cat=0
split_feature=35 9 25 5 35 38 24 39 39 7 15 7 38 39 1 11 2 22 24 32 2 5 9
split_gain=3992.91 225.925 34.7019 16.0459 11.4243 7.40779 8.2032 7.66835 6.60584 5.92846 5.42581 7.2605 8.13983 6.03446 5.67977 5.25056 4.52764 8.17285 4.29712 4.10008 3.17685 5.23115 1.27013
threshold=885.00000000000011 15.000000000000002 1680.5000000000002 18.550000000000004 535.00000000000011 -0.94139628442229062 4.7500000000000009 0.93158198870884079 0.48877522411129348 1.9000000000000015 0.13662601021296097 3.9499999999999997 0.24372619187392155 0.64414586362404946 64.500000000000014 -0.14999999999999855 1010.5500000000001 31.500000000000004 0.54999999999999993 35.500000000000007 1014.2500000000001 27.650000000000002 95.000000000000014
decision_type=2 2 2 2 2 2 2 2 2 2 2 2 2 2 2 2 2 2 2 2 2 2 2
left_child=4 -2 15 -4 5 -1 7 8 -7 19 13 16 14 20 -13 -3 17 -12 -18 -5 21 -6 -11
right_child=1 2 3 9 10 6 -8 -9 -10 22 11 12 -14 -15 -16 -17 18 -19 -20 -21 -22 -23 -24
leaf_value=0.015441468485869043 0 0 0 0 -0.0019795896985005663 0.0021938265720408178 0.011296215774121161 0.017107555314076657 -0.0030667676764448903 0 -0.0011959169638140327 -0.0010387959765609754 0.00030454714889504881 -0.0019335154533950071 -8.4033435576094046e-05 0 -8.0339701974913071e-05 0.0048051678946963959 0.0029062100689363824 0 0.00026214694182016449 0.00042635230459461734 0
leaf_weight=568 968 525 909 591 729 2527 816 556 910 987 1231 687 699 673 535 641 747 1332 2696 513 599 595 11396
leaf_count=568 968 525 909 591 729 2527 816 556 910 987 1231 687 699 673 535 641 747 1332 2696 513 599 595 11396
internal_value=-0.0102505 -0.0205737 -0.0214485 -0.0218551 0.000482958 0.00160764 0.00122376 0.000662703 0.000133033 -0.0221208 -9.1924e-05 0.000297957 -0.00130655 -0.00128176 -0.00278186 -0.0163998 0.000811418 -0.000143275 0.00152177 -0.0198282 -0.000424675 -0.00124434 -0.022322
internal_weight=32430 16530 15562 14396 15900 5377 4809 3993 3437 13487 10523 7927 1921 2596 1222 1166 6006 2563 3443 1104 1923 1324 12383
internal_count=32430 16530 15562 14396 15900 5377 4809 3993 3437 13487 10523 7927 1921 2596 1222 1166 6006 2563 3443 1104 1923 1324 12383
is_linear=0
shrinkage=0.03


Tree=122
num_leaves=15
num_cat=0
split_feature=25 9 9 11 5 27 28 2 21 5 27 25 0 7
split_gain=3977.58 248.686 27.2225 16.7301 12.0422 11.5988 9.02543 8.86766 7.00547 8.53231 5.4497 5.42907 3.04239 1.92494
threshold=1630.5000000000002 15.000000000000002 85.000000000000014 -0.14999999999999855 18.550000000000004 4.366666666666668 32.500000000000007 1023.85 15.500000000000002 19.450000000000003 21.550000000000004 1688.5000000000002 27.150000000000002 1.9000000000000015
decision_type=2 2 2 2 2 2 2 2 2 2 2 2 2 2
left_child=5 12 3 -3 -4 -1 7 8 -7 -10 -8 -6 -2 -13
right_child=1 2 4 -5 11 6 10 -9 9 -11 -12 13 -14 -15
leaf_value=0.012136151884915384 0 0 0 0 0 -0.0017123796381484989 -0.0034845121906442052 0.0090631608946870387 0.0091366588644611682 6.6346490534815409e-05 1.5969059562140321e-05 0 0 0
leaf_weight=942 500 912 872 648 590 525 660 779 905 11623 525 965 500 11508
leaf_count=942 500 912 872 648 590 525 660 779 905 11623 525 965 500 11508
internal_value=-0.0102328 -0.0205624 -0.0214982 -0.0176697 -0.0219242 0.000444991 0.000242193 0.000457568 0.000271735 0.000414206 -0.00226832 -0.022159 -0.0060479 -0.0223016
internal_weight=32454 16495 15495 1560 13935 15959 15017 13832 13053 12528 1185 13063 1000 12473
internal_count=32454 16495 15495 1560 13935 15959 15017 13832 13053 12528 1185 13063 1000 12473
is_linear=0
shrinkage=0.03


Tree=123
num_leaves=17
num_cat=0
split_feature=25 8 8 6 27 31 38 3 4 29 35 8 3 6 25 38
split_gain=3929.77 292.319 47.0956 9.91111 9.41981 7.14158 12.4309 11.8711 8.0992 11.4563 10.7878 6.98717 5.03518 4.73984 1.26429 0.111434
threshold=1630.5000000000002 0.4000000000000013 1.0000000180025095e-35 23.450000000000003 3.3666666666666671 24.696153846153852 -0.159513159777915 10.450000000000001 1.8999999999999992 10.900000000000002 645.00000000000011 0.90000000000000402 20.450000000000003 18.350000000000005 1700.5000000000002 0.99053107487289871
decision_type=2 2 2 2 2 2 2 2 2 2 2 2 2 2 2 2
left_child=4 2 -2 -4 -1 7 -7 -6 9 -9 -10 13 -8 -3 -15 -13
right_child=1 11 3 -5 5 6 12 8 10 -11 -12 15 -14 14 -16 -17
leaf_value=0.016866138102246145 0 0 0 0 0.0070502766131896304 -0.0037265459591074809 0.0009577156450139428 -0.00010564288975323785 0.0037522393415375618 -0.0047148032289211998 -9.5245224154751171e-05 0 -0.00076951516851007397 0 0 0
leaf_weight=510 702 501 589 827 918 855 613 1497 5117 503 5379 11457 516 503 1332 522
leaf_count=510 702 501 589 827 918 855 613 1497 5117 503 5379 11457 516 503 1332 522
internal_value=-0.0102669 -0.0205551 -0.0101392 -0.0132863 0.000362036 0.000228896 -0.00145015 0.000477415 0.000235238 -0.00151349 0.00056868 -0.0220945 0.000616711 -0.020479 -0.0212343 -0.0224061
internal_weight=32341 16433 2118 1416 15908 15398 1984 13414 12496 2000 10496 14315 1129 2336 1835 11979
internal_count=32341 16433 2118 1416 15908 15398 1984 13414 12496 2000 10496 14315 1129 2336 1835 11979
is_linear=0
shrinkage=0.03


Tree=124
num_leaves=19
num_cat=0
split_feature=35 8 8 27 6 8 44 27 24 1 6 37 38 38 36 35 24 24
split_gain=3940.89 276.182 45.85 10.2621 9.10295 8.74983 7.75579 8.91556 7.23352 6.5434 5.62872 5.52511 8.66729 5.82262 2.72801 1.07457 0.565477 0.460728
threshold=885.00000000000011 0.4000000000000013 1.0000000180025095e-35 3.3666666666666671 23.450000000000003 0.79999999999999993 8820.0000000000018 9.5500000000000025 1.2999999999999992 89.500000000000014 23.450000000000003 0.6830127018922193 -0.159513159777915 0.98802474685579866 0.25000000000000011 945.00000000000011 1.3999999999999997 1.9500000000000004
decision_type=2 2 2 2 2 2 2 2 2 2 2 2 2 2 2 2 2 2
left_child=3 2 -2 -1 -4 10 7 8 14 -10 -3 13 -13 -9 -5 -7 -17 -18
right_child=1 5 4 6 -6 15 -8 11 9 -11 -12 12 -14 -15 -16 16 17 -19
leaf_value=0.016177006249373235 0 0 0 -0.0013583624037887554 0 0 -0.0033420136021018931 0.00021070225630351094 0.0064480968312663279 -0.00050172065939655622 0 -0.002001607265062062 0.00014464608730452717 -0.0026884354472894402 0.00017090856517451829 0 0 0
leaf_weight=518 707 628 583 528 831 623 519 6745 3152 829 899 1496 1035 525 555 11135 568 562
leaf_count=518 707 628 583 528 831 623 519 6745 3152 829 899 1496 1035 525 555 11135 568 562
internal_value=-0.0102794 -0.0205327 -0.010411 0.000383866 -0.0135275 -0.0220204 0.000243728 0.000369779 0.00139163 0.0019828 -0.0197433 -0.00015837 -0.00136498 0.000261964 -0.000781106 -0.022287 -0.0223716 -0.0212677
internal_weight=32438 16536 2121 15902 1414 14415 15384 14865 5064 3981 1527 9801 2531 7270 1083 12888 12265 1130
internal_count=32438 16536 2121 15902 1414 14415 15384 14865 5064 3981 1527 9801 2531 7270 1083 12888 12265 1130
is_linear=0
shrinkage=0.03


Tree=125
num_leaves=18
num_cat=0
split_feature=25 8 8 24 23 35 21 24 22 21 4 6 8 23 5 24 24
split_gain=3951.84 284.843 49.1013 9.69334 12.6738 9.58997 9.14508 16.6594 16.0595 11.7524 9.92146 9.24363 7.50542 5.01881 3.75946 0.154943 0.342314
threshold=1630.5000000000002 0.4000000000000013 1.0000000180025095e-35 4.4500000000000011 6.5000000000000009 945.00000000000011 17.500000000000004 0.54999999999999993 23.500000000000004 15.500000000000002 4.7999999999999989 21.450000000000003 0.79999999999999993 5.5000000000000009 25.150000000000002 1.3999999999999997 1.9500000000000004
decision_type=2 2 2 2 2 2 2 2 2 2 2 2 2 2 2 2 2
left_child=3 2 -2 4 6 -4 7 -1 10 -9 -8 -10 14 -5 -3 -14 -17
right_child=1 12 5 13 -6 -7 8 9 11 -11 -12 -13 15 -15 -16 16 -18
leaf_value=-0.00046380651722986249 0 0 0 0.0024019538021244225 -0.0031162340000039832 0 -0.0082394591131228507 0.0016881482478420613 0.00047030898555920663 0.016895584426552236 -7.0000785010417233e-05 2.0970980463355911e-05 0 0.012526617357701858 0 0 0
leaf_weight=610 686 519 506 704 559 944 503 786 951 752 510 9840 11681 737 948 601 576
leaf_count=610 686 519 506 704 559 944 503 786 951 752 510 9840 11681 737 948 601 576
internal_value=-0.0102783 -0.0205894 -0.0103555 0.000362918 0.000129711 -0.0134814 0.000307439 0.00210698 -2.03286e-05 0.00376948 -0.00362808 0.000318957 -0.0221137 0.0027079 -0.019937 -0.0223589 -0.0214186
internal_weight=32413 16461 2136 15952 14511 1450 13952 2148 11804 1538 1013 10791 14325 1441 1467 12858 1177
internal_count=32413 16461 2136 15952 14511 1450 13952 2148 11804 1538 1013 10791 14325 1441 1467 12858 1177
is_linear=0
shrinkage=0.03


Tree=126
num_leaves=17
num_cat=0
split_feature=35 8 8 8 6 39 27 39 2 6 6 24 35 25 24 24
split_gain=4005.11 263.41 32.9012 20.7395 14.2511 11.0761 9.78362 8.13911 13.957 12.6819 8.71792 8.65365 4.88104 3.75764 0.470387 0.70836
threshold=885.00000000000011 0.20000000000000198 0.64999999999999869 1.0000000180025095e-35 23.450000000000003 0.98486764554468398 4.0833333333333348 0.84658398682345093 1019.0500000000001 19.950000000000003 18.450000000000003 2.3500000000000001 1005.0000000000001 1679.5000000000002 1.3999999999999997 1.9500000000000004
decision_type=2 2 2 2 2 2 2 2 2 2 2 2 2 2 2 2
left_child=5 3 4 -2 -3 6 -1 8 9 -8 -9 -10 -6 -4 -15 -16
right_child=1 2 13 -5 12 -7 7 10 11 -11 -12 -13 -14 14 15 -17
leaf_value=0.011232649897620284 0 0 0 0 0 0.0066053094500303751 -0.0042546715407036058 -0.0037319823892849632 0.00020627800653524292 0.00012486914879067626 0.00012140600250697286 0.015039579075140551 0 0 0 0
leaf_weight=781 673 693 512 661 524 856 562 967 1015 10075 912 820 543 11576 631 614
leaf_count=781 673 693 512 661 524 856 562 967 1015 10075 912 820 543 11576 631 614
internal_value=-0.010194 -0.0205964 -0.0217259 -0.00780314 -0.0178093 0.00049531 0.000307255 0.000129067 0.000406445 -1.05743e-05 -0.00171053 0.00282118 -0.0200164 -0.0222402 -0.0223514 -0.0213332
internal_weight=32415 16427 15093 1334 1760 15988 15132 14351 12472 10637 1879 1835 1067 13333 12821 1245
internal_count=32415 16427 15093 1334 1760 15988 15132 14351 12472 10637 1879 1835 1067 13333 12821 1245
is_linear=0
shrinkage=0.03


Tree=127
num_leaves=17
num_cat=0
split_feature=35 8 8 27 6 35 7 38 39 6 39 38 8 6 8 38
split_gain=3925.32 269.262 45.5775 10.9565 9.69119 9.60697 7.77742 10.4393 11.3407 10.3163 7.92936 5.73112 2.51995 2.39858 0.933356 0.194588
threshold=885.00000000000011 0.4000000000000013 1.0000000180025095e-35 4.0833333333333348 23.450000000000003 945.00000000000011 4.4500000000000002 -0.95754239937548935 0.98486764554468398 28.850000000000005 0.029024409397335523 0.24372619187392155 0.79999999999999993 23.650000000000002 0.89999999999999958 0.9916835347852474
decision_type=2 2 2 2 2 2 2 2 2 2 2 2 2 2 2 2
left_child=3 2 -2 -1 -4 14 7 10 9 -9 -5 -8 13 -7 -3 -14
right_child=1 5 4 6 -6 12 11 8 -10 -11 -12 -13 15 -15 -16 -17
leaf_value=0.012081319841805495 0 0 0 0.013197720932315457 0 0 -0.00060259872811581079 -0.00022351587725854226 0.0099129542055655766 0.0055321833698347891 0.0013105339009839457 7.0686806222521219e-05 0 0 0 0
leaf_weight=833 696 517 573 581 837 508 861 11140 692 756 569 559 11799 619 501 509
leaf_count=833 696 517 573 581 837 508 861 11140 692 756 569 559 11799 619 501 509
internal_value=-0.0103095 -0.0205463 -0.01051 0.000292159 -0.0136084 -0.0220071 0.00010785 0.000326419 7.6251e-05 -0.0001412 0.0030599 -0.00200422 -0.0222287 -0.0206001 -0.0190441 -0.0223745
internal_weight=32550 16559 2106 15991 1410 14453 15158 13738 12588 11896 1150 1420 13435 1127 1018 12308
internal_count=32550 16559 2106 15991 1410 14453 15158 13738 12588 11896 1150 1420 13435 1127 1018 12308
is_linear=0
shrinkage=0.03


Tree=128
num_leaves=15
num_cat=0
split_feature=35 8 8 8 5 27 7 38 1 27 35 35 24 5
split_gain=3959.96 279.342 29.9509 22.9018 12.1365 9.71947 6.34191 10.0403 6.90735 7.06576 5.63336 3.76843 0.225032 0.840827
threshold=885.00000000000011 0.20000000000000198 0.64999999999999869 1.0000000180025095e-35 25.250000000000004 4.0833333333333348 4.8500000000000023 -0.97509794945709805 59.500000000000007 9.7333333333333361 985.00000000000011 945.00000000000011 1.3999999999999997 25.850000000000005
decision_type=2 2 2 2 2 2 2 2 2 2 2 2 2 2
left_child=5 3 4 -2 -3 -1 7 -7 -9 -10 -6 -4 -13 -14
right_child=1 2 11 -5 10 6 -8 8 9 -11 -12 12 13 -15
leaf_value=0.011944715391355415 0 0 0 0 0 0.0087772980748917605 -0.00029190022127438423 0.0034742669221053545 0.00082643453000821757 -0.00037054408391846072 0 0 0 0
leaf_weight=836 699 640 745 689 514 856 973 879 4932 7469 592 11410 507 729
leaf_count=836 699 640 745 689 514 856 973 879 4932 7469 592 11410 507 729
internal_value=-0.0102665 -0.0205568 -0.0217381 -0.00766187 -0.0179777 0.000399291 0.000224836 0.000386193 0.000182954 6.04692e-07 -0.0199143 -0.0222256 -0.0223612 -0.0214216
internal_weight=32470 16525 15137 1388 1746 15945 15109 14136 13280 12401 1106 13391 12646 1236
internal_count=32470 16525 15137 1388 1746 15945 15109 14136 13280 12401 1106 13391 12646 1236
is_linear=0
shrinkage=0.03


Tree=129
num_leaves=18
num_cat=0
split_feature=35 8 8 8 24 39 39 2 32 6 3 34 35 2 24 21 7
split_gain=3937.22 282.319 33.596 20.003 8.42346 18.5372 8.97543 15.5729 15.2449 13.9335 10.3127 8.26682 7.61879 6.2621 5.26658 2.78271 0.771203
threshold=885.00000000000011 0.20000000000000198 0.49999999999999739 1.0000000180025095e-35 -0.44999999999999923 0.9863035000474919 0.48877522411129348 1012.85 34.500000000000007 26.750000000000004 16.650000000000002 9.5000000000000018 945.00000000000011 1016.7500000000001 0.84999999999999976 14.500000000000002 1.9000000000000015
decision_type=2 2 2 2 2 2 2 2 2 2 2 2 2 2 2 2 2
left_child=4 3 -3 -2 11 6 7 9 13 -6 -10 -1 -4 -8 -9 -14 -17
right_child=1 2 12 -5 5 -7 8 14 10 -11 -12 -13 15 -15 -16 16 -18
leaf_value=-0.00096440284075682424 0 0 0 0 -0.0012727232478150724 0.011865962996543198 0.00087540885542558284 9.6290163371129397e-05 -0.0016866351545642797 0.0014943445018537477 -0.0063893133873133756 1.4811846713848765e-05 0 -0.00012908134678150078 0.0092095648594051737 0 0
leaf_weight=501 688 839 965 717 3037 675 509 628 861 4376 505 725 733 2226 1929 797 11885
leaf_count=501 688 839 965 717 3037 675 509 628 861 4376 505 725 733 2226 1929 797 11885
internal_value=-0.0102899 -0.0205088 -0.0216968 -0.00762793 0.00034744 0.000546176 0.000312833 0.000798736 -0.000868267 0.000102158 -0.00345395 -0.0020399 -0.0220401 0.000424735 0.00281653 -0.022235 -0.0223545
internal_weight=32596 16624 15219 1405 15972 14746 14071 9970 4101 7413 1366 1226 14380 2735 2557 13415 12682
internal_count=32596 16624 15219 1405 15972 14746 14071 9970 4101 7413 1366 1226 14380 2735 2557 13415 12682
is_linear=0
shrinkage=0.03


Tree=130
num_leaves=12
num_cat=0
split_feature=25 8 8 8 6 7 3 21 24 6 8
split_gain=3941.69 288.767 30.5148 26.9594 10.8367 8.48155 7.24083 8.53358 7.06241 7.38963 1.12052
threshold=1630.5000000000002 0.25000000000000006 1.0000000180025095e-35 0.64999999999999869 23.450000000000003 4.8500000000000023 7.5500000000000007 14.500000000000002 -0.44999999999999923 17.350000000000005 0.90000000000000402
decision_type=2 2 2 2 2 2 2 2 2 2 2
left_child=5 2 -2 4 -3 6 -1 -8 -9 -10 -5
right_child=1 3 -4 10 -6 -7 7 8 9 -11 -12
leaf_value=0.01534470738323828 0 0 0 0 0 -0.00033885827309360067 -0.003350685006364742 -0.00050730827711854137 0.0073013573540059544 0.00031799427028210143 0
leaf_weight=536 728 651 773 1291 996 993 509 693 691 12537 12074
leaf_count=536 728 651 773 1291 996 993 509 693 691 12537 12074
internal_value=-0.0103246 -0.020599 -0.00803892 -0.0218536 -0.018161 0.000307781 0.000486037 0.000358578 0.000498276 0.000653061 -0.0223059
internal_weight=32472 16513 1501 15012 1647 15959 14966 14430 13921 13228 13365
internal_count=32472 16513 1501 15012 1647 15959 14966 14430 13921 13228 13365
is_linear=0
shrinkage=0.03


Tree=131
num_leaves=17
num_cat=0
split_feature=25 11 35 5 35 21 7 7 31 38 3 38 31 31 38 3
split_gain=3918.52 124.606 39.5224 19.4821 13.7551 10.1261 12.1821 9.155 9.12726 13.234 12.4998 9.83181 7.57892 6.60183 6.02954 2.49477
threshold=1630.5000000000002 0.14999999999999861 965.00000000000011 26.150000000000002 935.00000000000011 14.500000000000002 1.9000000000000015 4.4500000000000002 25.160256410256412 -0.97509794945709805 10.050000000000002 -0.159513159777915 10.759615384615387 19.679487179487186 0.24372619187392155 19.750000000000004
decision_type=2 2 2 2 2 2 2 2 2 2 2 2 2 2 2 2
left_child=7 4 -3 -4 -2 -6 13 8 9 -1 -11 -10 -12 -7 -9 -13
right_child=1 2 3 -5 5 6 -8 14 11 10 12 15 -14 -15 -16 -17
leaf_value=0.01360479054785823 0 0 0 0 0 0 0 -0.00058022665350668321 -0.0039152854227519603 0.011777644222857762 0.0028254623874443352 0.00057741572736324848 -0.00015970799898478496 0 6.68135186025e-05 -0.0005259766901775548
leaf_weight=753 868 854 531 729 782 655 11531 874 740 730 3395 519 7913 509 591 500
leaf_count=753 868 854 531 729 782 655 11531 874 740 730 3395 519 7913 509 591 500
internal_value=-0.010305 -0.0205837 -0.0137595 -0.0171395 -0.0215873 -0.021829 -0.0220404 0.00025988 0.000487562 0.000766239 0.000524502 -0.00153748 0.000278515 -0.018988 -0.00199898 0.000374633
internal_weight=32474 16459 2114 1260 14345 13477 12695 16015 14550 12791 12038 1759 11308 1164 1465 1019
internal_count=32474 16459 2114 1260 14345 13477 12695 16015 14550 12791 12038 1759 11308 1164 1465 1019
is_linear=0
shrinkage=0.03


Tree=132
num_leaves=20
num_cat=0
split_feature=35 8 8 8 6 44 35 24 25 39 39 2 39 2 24 31 22 21 7
split_gain=3956.61 263.627 28.9632 22.368 11.192 7.80261 8.89009 9.13255 5.23173 5.06676 14.6963 10.0116 9.30842 7.36116 4.82566 4.34161 6.65883 1.86257 1.24929
threshold=885.00000000000011 0.20000000000000198 0.500000000000001 1.0000000180025095e-35 23.450000000000003 8820.0000000000018 545.00000000000011 1.55 1670.5000000000002 -0.79382744783423187 -0.96234030595689413 1011.0500000000001 0.48877522411129348 1008.1500000000002 1.1000000000000008 24.873076923076926 21.500000000000004 14.500000000000002 1.9000000000000015
decision_type=2 2 2 2 2 2 2 2 2 2 2 2 2 2 2 2 2 2 2
left_child=5 3 4 -2 -3 6 7 -1 -4 10 -8 13 -13 -11 -12 16 -9 -10 -19
right_child=1 2 8 -5 -6 -7 9 15 17 11 14 12 -14 -15 -16 -17 -18 18 -20
leaf_value=-0.0020903450421308383 0 0 0 0 0 -0.0034302087010799022 -0.0013163887089437665 0.020010920062731502 0 -0.00022993464008361333 0.00047162990187521345 0.00071561055615044242 -0.00030218628312725929 -0.0028970296101507001 0.014305550466933848 -0.0016824278334076641 0.0040728330596377102 0 0
leaf_weight=514 701 520 582 696 782 508 864 613 719 1086 529 2493 3371 938 650 502 3862 667 11889
leaf_count=514 701 520 582 696 782 508 864 613 719 1086 529 2493 3371 938 650 502 3862 667 11889
internal_value=-0.0103169 -0.0205858 -0.0217352 -0.00810043 -0.0173811 0.000356829 0.000477503 0.00144593 -0.0221417 -5.81395e-05 0.00127262 -0.000403042 0.000225026 -0.00222113 0.00344835 0.00183922 0.00213592 -0.0222729 -0.022377
internal_weight=32486 16556 15159 1397 1302 15930 15422 5491 13857 9931 2043 7888 5864 2024 1179 4977 4475 13275 12556
internal_count=32486 16556 15159 1397 1302 15930 15422 5491 13857 9931 2043 7888 5864 2024 1179 4977 4475 13275 12556
is_linear=0
shrinkage=0.03


Tree=133
num_leaves=15
num_cat=0
split_feature=25 8 8 8 5 27 7 1 31 38 38 38 1 8
split_gain=3970.56 304.833 28.9063 21.526 9.71745 9.3668 6.65888 9.03889 10.8783 11.5857 10.933 7.19643 5.97482 0.829695
threshold=1630.5000000000002 0.29999999999999943 1.0000000180025095e-35 0.64999999999999869 25.250000000000004 3.5500000000000003 3.9499999999999997 61.500000000000007 25.348484848484851 -0.95244167294248061 -0.03977009085991149 0.24372619187392155 64.500000000000014 0.90000000000000402
decision_type=2 2 2 2 2 2 2 2 2 2 2 2 2 2
left_child=5 2 -2 4 -3 -1 7 -7 9 -9 -10 12 -8 -5
right_child=1 3 -4 13 -6 6 11 8 10 -11 -12 -13 -14 -15
leaf_value=0.012923762243960649 0 0 0 0 0 0.007307820227680833 -0.00094316981998935029 0.010716762434799174 -0.0045906690341844733 0.00021678043664384008 6.0091132361567986e-05 0.00015816692041420815 -9.1397841843075399e-05 0
leaf_weight=592 705 563 893 1303 993 859 778 859 603 10018 868 777 597 12102
leaf_count=592 705 563 893 1303 993 859 778 859 603 10018 868 777 597 12102
internal_value=-0.010288 -0.0205771 -0.00810938 -0.0219075 -0.0184852 0.00039444 0.000251448 0.000503634 0.000296356 0.000623908 -0.00212322 -0.00129526 -0.00259804 -0.022302
internal_weight=32510 16559 1598 14961 1556 15951 15359 13207 12348 10877 1471 2152 1375 13405
internal_count=32510 16559 1598 14961 1556 15951 15359 13207 12348 10877 1471 2152 1375 13405
is_linear=0
shrinkage=0.03


Tree=134
num_leaves=14
num_cat=0
split_feature=35 8 8 11 27 25 24 39 39 24 2 8 6
split_gain=3935.33 274.824 44.0819 10.6527 8.9431 8.73657 5.61303 9.20828 8.69243 16.8558 14.6593 3.71348 2.83866
threshold=885.00000000000011 0.4000000000000013 1.0000000180025095e-35 0.14999999999999861 4.366666666666668 1660.5000000000002 -0.65000000000000024 0.98486764554468398 0.84658398682345093 3.2500000000000004 1019.0500000000001 0.90000000000000402 19.150000000000002
decision_type=2 2 2 2 2 2 2 2 2 2 2 2 2
left_child=4 2 -2 -4 -1 -3 -6 8 10 -10 -8 12 -7
right_child=1 5 3 -5 6 11 7 -9 9 -11 -12 -13 -14
leaf_value=0.0095390923706582236 0 0 0 0 -0.00036720657107270618 0 -1.9543595708342059e-05 0.0093810818568974535 1.1923324796690163e-05 -0.0089394143655013355 0.0015592937988243188 0 0
leaf_weight=973 697 535 934 501 934 506 9820 686 1238 504 1769 11859 1528
leaf_count=973 697 535 934 501 934 506 9820 686 1238 504 1769 11859 1528
internal_value=-0.0103171 -0.0205555 -0.0104873 -0.0134916 0.000331533 -0.0220416 0.00014997 0.000300128 0.000125441 -0.0018492 0.000422526 -0.0221923 -0.0208423
internal_weight=32484 16560 2132 1435 15924 14428 14951 14017 13331 1742 11589 13893 2034
internal_count=32484 16560 2132 1435 15924 14428 14951 14017 13331 1742 11589 13893 2034
is_linear=0
shrinkage=0.03


Tree=135
num_leaves=23
num_cat=0
split_feature=25 9 9 11 22 35 31 4 31 38 38 38 22 3 4 20 32 35 1 1 25 28
split_gain=3994.46 244.365 28.306 14.9652 12.5007 9.26281 9.89467 10.6416 9.73741 9.37535 7.08222 6.31114 10.1374 5.17952 4.36382 4.04176 4.53048 3.77212 3.50865 3.1001 3.01218 0.791889
threshold=1630.5000000000002 15.000000000000002 85.000000000000014 -0.14999999999999855 18.500000000000004 635.00000000000011 25.160256410256412 1.7500000000000002 13.03846153846154 0.92602006027323147 -0.90893996196865023 0.3261394409934788 22.500000000000004 26.150000000000002 7.5000000000000036 -1.2499999999999998 39.500000000000007 965.00000000000011 79.500000000000014 71.500000000000014 1570.5000000000002 30.500000000000004
decision_type=2 2 2 2 2 2 2 2 2 2 2 2 2 2 2 2 2 2 2 2 2 2
left_child=5 19 3 -3 -4 6 7 8 -1 10 -9 12 -7 14 -14 20 18 -6 -17 -2 -13 -19
right_child=1 2 4 -5 17 11 -8 9 -10 -11 -12 15 13 -15 -16 16 -18 21 -20 -21 -22 -23
leaf_value=0.0024109872813085141 0 0 0 0 0 -0.0011513817320667179 -0.001918658921338131 0.018662778815069798 -0.0049818637458705298 -0.0040025816238105855 0.0044655962942015898 0.0013374441422949305 0.00015761981951891441 -0.0017731072657160233 -0.00054352008312523123 0.003686957387014893 -0.001434966070301041 0 -0.00059463574676460408 0 9.3913071361126813e-05 0
leaf_weight=863 503 933 900 705 978 599 991 788 519 615 4751 520 2431 555 869 773 538 11353 738 500 578 730
leaf_count=863 503 933 900 705 978 599 991 788 519 615 4751 520 2431 555 869 773 538 11353 738 500 578 730
internal_value=-0.0102262 -0.020555 -0.021478 -0.0176799 -0.021921 0.000407316 0.001086 0.00145662 -0.000921243 0.00199074 0.00238089 -0.000354137 -0.00108057 -0.000515297 -6.35978e-05 0.000674023 -0.000113359 -0.0221636 0.000728685 -0.00618657 0.00214091 -0.022325
internal_weight=32730 16602 15599 1638 13961 16128 8527 7536 1382 6154 5539 7601 4454 3855 3300 3147 2049 13061 1511 1003 1098 12083
internal_count=32730 16602 15599 1638 13961 16128 8527 7536 1382 6154 5539 7601 4454 3855 3300 3147 2049 13061 1511 1003 1098 12083
is_linear=0
shrinkage=0.03


Tree=136
num_leaves=16
num_cat=0
split_feature=25 8 8 6 8 27 44 33 35 24 31 5 27 24 24
split_gain=3948.81 295.011 53.4147 8.35214 7.65423 7.62731 7.05332 6.42121 5.40124 6.43997 4.74722 3.25902 0.970797 0.499645 0.850458
threshold=1630.5000000000002 0.4000000000000013 1.0000000180025095e-35 23.450000000000003 0.79999999999999993 3.3666666666666671 8820.0000000000018 -2.2272727272727253 535.00000000000011 3.4500000000000006 25.160256410256412 25.150000000000002 12.183333333333335 1.3999999999999997 1.9500000000000004
decision_type=2 2 2 2 2 2 2 2 2 2 2 2 2 2 2
left_child=5 2 -2 -4 11 -1 7 12 10 -10 -9 -3 -7 -6 -15
right_child=1 4 3 -5 13 6 -8 8 9 -11 -12 -13 -14 14 -16
leaf_value=0.013272005382127843 0 0 0 0 0 -0.0017536133643722316 -0.0034166672711552996 0.0044238110122507722 0.00012304704805011094 -0.0045802714636953108 -0.001888172860651786 0 -0.00054060798410475691 0 0
leaf_weight=511 719 527 595 874 11714 536 522 4036 8497 784 586 969 514 577 593
leaf_count=511 719 527 595 874 11714 536 522 4036 8497 784 586 969 514 577 593
internal_value=-0.0102741 -0.0205365 -0.0102603 -0.0135367 -0.0220985 0.000363085 0.000243749 0.000363591 0.00053452 0.00011715 0.00137219 -0.0199266 -0.00189639 -0.0223475 -0.0212841
internal_weight=32554 16568 2188 1469 14380 15986 15475 14953 13903 9281 4622 1496 1050 12884 1170
internal_count=32554 16568 2188 1469 14380 15986 15475 14953 13903 9281 4622 1496 1050 12884 1170
is_linear=0
shrinkage=0.03


Tree=137
num_leaves=18
num_cat=0
split_feature=25 9 9 11 5 24 23 2 39 2 39 24 25 7 23 32 35
split_gain=3965.83 238.926 30.0344 15.3632 13.145 7.4521 7.99388 9.71272 10.3853 12.8773 12.3461 4.64319 4.48981 4.4446 4.39971 2.55003 0.855156
threshold=1630.5000000000002 15.000000000000002 85.000000000000014 -0.14999999999999855 18.550000000000004 4.4500000000000011 6.5000000000000009 1022.35 0.48877522411129348 1014.2500000000001 0.6174544326165855 0.65000000000000047 1390.5000000000002 2.0000000000000013 5.5000000000000009 33.500000000000007 945.00000000000011
decision_type=2 2 2 2 2 2 2 2 2 2 2 2 2 2 2 2 2
left_child=5 11 3 -3 -4 6 7 8 9 -1 -10 -2 -9 15 -7 -6 -15
right_child=1 2 4 -5 13 14 -8 12 10 -11 -12 -13 -14 16 -16 -17 -18
leaf_value=-2.3295092191310783e-06 0 0 0 0 0 0.0017416102777460462 -0.0035203650015587021 0.013253760142159999 -0.0037334149744162031 0.002658266558314375 -0.00020668221386194519 0 0.0015977501170853661 0 0.011276708986045563 0 0
leaf_weight=7584 501 916 895 688 601 718 534 642 626 1945 2671 501 523 573 737 586 11377
leaf_count=7584 501 916 895 688 601 718 534 642 626 1945 2671 501 523 573 737 586 11377
internal_value=-0.0103156 -0.0205664 -0.0214765 -0.0175218 -0.021926 0.000358528 0.000153335 0.000291038 5.26193e-05 0.000554769 -0.00139815 -0.0063496 0.00291131 -0.0221723 0.00240391 -0.0202166 -0.0223632
internal_weight=32618 16638 15636 1604 14032 15980 14525 13991 12826 9529 3297 1002 1165 13137 1455 1187 11950
internal_count=32618 16638 15636 1604 14032 15980 14525 13991 12826 9529 3297 1002 1165 13137 1455 1187 11950
is_linear=0
shrinkage=0.03


Tree=138
num_leaves=16
num_cat=0
split_feature=25 9 9 11 5 27 24 39 39 2 24 31 35 28 11
split_gain=3944.99 234.189 27.3437 17.9298 11.1362 8.92397 7.84042 11.0048 7.04199 14.1744 10.9081 6.55196 3.85435 1.12279 0.935304
threshold=1630.5000000000002 15.000000000000002 95.000000000000014 -0.14999999999999855 18.550000000000004 4.0833333333333348 -0.5500000000000006 0.98486764554468398 0.84658398682345093 1019.0500000000001 3.1500000000000008 12.03846153846154 955.00000000000011 29.500000000000004 -0.50000000000000255
decision_type=2 2 2 2 2 2 2 2 2 2 2 2 2 2 2
left_child=5 -2 3 14 -4 -1 11 8 9 -8 -10 -7 -6 -14 -3
right_child=1 2 4 -5 12 6 7 -9 10 -11 -12 -13 13 -15 -16
leaf_value=0.0096769131721566645 0 0 0 0 0 -0.00092533438397555511 -3.2619912936577749e-05 0.0091673676231008965 -2.3850753062879369e-05 0.0014157212448170538 -0.007504634706766977 -1.9455090792052481e-05 0 0 0
leaf_weight=817 965 512 847 765 769 506 9987 684 1200 1739 544 584 11106 995 571
leaf_count=817 965 512 847 765 769 506 9987 684 1200 1739 544 584 11106 995 571
internal_value=-0.0102972 -0.0205846 -0.0214738 -0.0179838 -0.0219413 0.00029182 0.000127902 0.000316827 0.000128043 0.00039265 -0.00164948 -0.00232143 -0.0221679 -0.0223129 -0.0204954
internal_weight=32591 16530 15565 1848 13717 16061 15244 14154 13470 11726 1744 1090 12870 12101 1083
internal_count=32591 16530 15565 1848 13717 16061 15244 14154 13470 11726 1744 1090 12870 12101 1083
is_linear=0
shrinkage=0.03


Tree=139
num_leaves=15
num_cat=0
split_feature=35 9 35 5 7 31 16 33 32 44 2 5 2 9
split_gain=3927.47 241.06 34.4052 14.2562 7.73867 6.79741 6.74341 6.22542 6.07053 5.24967 6.54285 10.5996 8.34431 1.33228
threshold=885.00000000000011 15.000000000000002 935.00000000000011 18.550000000000004 1.9000000000000015 5.3923076923076936 1.0000000180025095e-35 -2.909090909090907 36.500000000000007 8820.0000000000018 1005.9000000000001 31.250000000000004 1008.6500000000002 95.000000000000014
decision_type=2 2 2 2 2 2 2 2 2 2 2 2 2 2
left_child=5 -2 6 -4 8 -1 -3 -7 -5 10 11 -9 -12 -6
right_child=1 2 3 4 13 7 -8 9 -10 -11 12 -13 -14 -15
leaf_value=0.010160789860926518 0 0 0 0 0 -0.0010832775416391141 0 0.0067635257659949934 0 -0.0028948802444917921 -0.0014864537277206279 -0.00056120496548392614 0.00020397516497723748 0
leaf_weight=780 988 582 901 617 1012 542 531 1531 507 503 1798 513 10358 11290
leaf_count=780 988 582 901 617 1012 542 531 1531 507 503 1798 513 10358 11290
internal_value=-0.0102259 -0.0205326 -0.0214519 -0.0218499 -0.0221012 0.000341143 -0.0162982 0.000201187 -0.019556 0.000317749 0.000424588 0.00199413 0.000160388 -0.0223305
internal_weight=32453 16428 15440 14327 13426 16025 1113 15245 1124 14703 14200 2044 12156 12302
internal_count=32453 16428 15440 14327 13426 16025 1113 15245 1124 14703 14200 2044 12156 12302
is_linear=0
shrinkage=0.03


Tree=140
num_leaves=15
num_cat=0
split_feature=25 8 8 8 28 24 7 38 39 6 1 8 6 38
split_gain=3926.66 296.301 32.4694 20.6689 7.81684 7.67377 5.68275 12.9841 9.37955 7.38946 5.38071 5.18519 2.32319 0.24583
threshold=1630.5000000000002 0.29999999999999943 1.0000000180025095e-35 0.49999999999999739 35.500000000000007 4.4500000000000011 4.8500000000000023 -0.95244167294248061 -0.022575793296316496 17.350000000000005 80.500000000000014 0.79999999999999993 23.450000000000003 0.9916835347852474
decision_type=2 2 2 2 2 2 2 2 2 2 2 2 2 2
left_child=4 2 -2 -3 5 6 7 8 -1 -9 -7 12 -5 -13
right_child=1 3 -4 11 -6 10 -8 9 -10 -11 -12 13 -14 -15
leaf_value=0.013845515905951299 0 0 0 0 -0.0016360907757719302 0.010187973642474394 -0.00035188082577676408 0.0014796563884535167 0.00034449253979031689 -0.00015471038953634086 0.0024397563244780581 0 0 0
leaf_weight=630 712 634 937 555 758 542 914 1335 511 10500 800 12373 823 516
leaf_count=630 712 634 937 555 758 542 914 1335 511 10500 800 12373 823 516
internal_value=-0.0103371 -0.0205797 -0.00849939 -0.0219152 0.000265445 0.000413549 0.000204074 0.000365233 0.00341864 7.03303e-05 0.00257812 -0.0221541 -0.0202283 -0.0223569
internal_weight=32540 16550 1649 14901 15990 15232 13890 12976 1141 11835 1342 14267 1378 12889
internal_count=32540 16550 1649 14901 15990 15232 13890 12976 1141 11835 1342 14267 1378 12889
is_linear=0
shrinkage=0.03


Tree=141
num_leaves=15
num_cat=0
split_feature=35 8 8 8 6 27 33 24 39 39 35 25 24 6
split_gain=3904.67 282.533 29.0212 25.6321 12.5309 7.94485 6.05472 5.97728 10.6883 7.41 4.86736 4.66762 1.07169 2.40666
threshold=885.00000000000011 0.20000000000000198 0.64999999999999869 1.0000000180025095e-35 23.450000000000003 3.7333333333333338 -2.909090909090907 -0.65000000000000024 0.98486764554468398 0.48877522411129348 1005.0000000000001 1670.5000000000002 1.3999999999999997 23.750000000000004
decision_type=2 2 2 2 2 2 2 2 2 2 2 2 2 2
left_child=5 3 4 -2 -3 -1 -7 -8 9 -9 -6 -4 -13 -14
right_child=1 2 11 -5 10 6 7 8 -10 -11 -12 12 13 -15
leaf_value=0.010268155235851423 0 0 0 0 0 -0.0010827447247775284 -0.00036157097292943599 0.00046279466977957006 0.00933616227668169 -0.00060824842297257725 0 0 0 0
leaf_weight=676 705 685 513 686 512 554 894 9128 671 4031 534 11640 520 712
leaf_count=676 705 685 513 686 512 554 894 9128 671 4031 534 11640 520 712
internal_value=-0.0103103 -0.0205383 -0.0217291 -0.00758615 -0.0180078 0.000273565 0.000132526 0.00024854 0.000402328 0.0002137 -0.0201097 -0.0222076 -0.0223287 -0.0211264
internal_weight=32461 16507 15116 1391 1731 15954 15278 14724 13830 13159 1046 13385 12872 1232
internal_count=32461 16507 15116 1391 1731 15954 15278 14724 13830 13159 1046 13385 12872 1232
is_linear=0
shrinkage=0.03


Tree=142
num_leaves=13
num_cat=0
split_feature=25 9 9 11 5 27 35 2 22 36 38 28
split_gain=3925.75 239.76 30.1661 15.1518 12.9089 7.91194 5.07026 4.95935 6.49211 6.17105 13.9585 0.81929
threshold=1630.5000000000002 15.000000000000002 75.000000000000014 -0.14999999999999855 18.550000000000004 3.3666666666666671 935.00000000000011 1024.0500000000002 19.500000000000004 0.93301270189221952 0.92922379131507438 30.500000000000004
decision_type=2 2 2 2 2 2 2 2 2 2 2 2
left_child=5 -2 3 -3 -4 -1 -6 8 -7 10 -10 -8
right_child=1 2 4 -5 6 7 11 -9 9 -11 -12 -13
leaf_value=0.011638261882638905 0 0 0 0 0 -0.0017110733941939759 0 0.0059294271536516957 9.6244176843645924e-05 0.0029611064868076842 -0.003842728486332379 0
leaf_weight=525 975 782 889 618 600 603 11988 917 12110 956 917 760
leaf_count=525 975 782 889 618 600 603 11988 917 12110 956 917 760
internal_value=-0.010379 -0.0205977 -0.0214977 -0.0172254 -0.0219153 0.00021335 -0.0221551 9.04547e-05 -4.42144e-05 8.74151e-05 -8.34676e-05 -0.0222918
internal_weight=32640 16612 15637 1400 14237 16028 13348 15503 14586 13983 13027 12748
internal_count=32640 16612 15637 1400 14237 16028 13348 15503 14586 13983 13027 12748
is_linear=0
shrinkage=0.03


Tree=143
num_leaves=20
num_cat=0
split_feature=25 8 8 8 0 20 39 38 38 1 31 6 7 4 4 25 6 8 20
split_gain=3928.4 289.233 33.4258 22.8709 10.8627 7.88988 18.4039 12.9382 11.5633 10.8072 13.0206 9.75246 4.0512 4.03671 2.92158 2.61335 2.1797 1.19894 0.0708896
threshold=1630.5000000000002 0.29999999999999943 1.0000000180025095e-35 0.64999999999999869 24.550000000000004 -1.0000000180025095e-35 0.98486764554468398 -0.95754239937548935 0.26037272046371446 61.500000000000007 16.784615384615389 18.850000000000005 2.7999999999999985 7.5000000000000036 5.4500000000000002 1740.5000000000002 23.250000000000004 0.90000000000000402 -1.0999999999999657
decision_type=2 2 2 2 2 2 2 2 2 2 2 2 2 2 2 2 2 2 2
left_child=5 2 -2 4 -3 8 7 -7 11 -9 -11 -1 -10 14 -13 -6 -14 18 -5
right_child=1 3 -4 17 15 6 -8 9 12 10 -12 13 16 -15 -16 -17 -18 -19 -20
leaf_value=-0.0010381670785651179 0 0 0 0 0 0.012843563238634333 0.016477741556681393 0.01017137366405004 -0.00020170046060865289 0.0010085362205205441 -0.0021650236314823463 -0.00051474238886434036 0.00072639606109994295 -0.0011002600031149268 0.00019231279703538158 0 0.00016797987106439459 0 0
leaf_weight=544 701 542 916 527 501 920 544 509 830 5823 3102 1000 604 621 899 512 556 12059 794
leaf_count=544 701 542 916 527 501 920 544 509 830 5823 3102 1000 604 621 899 512 556 12059 794
internal_value=-0.0103476 -0.0205854 -0.00851915 -0.0218904 -0.0183671 0.00027642 0.000730734 0.000447567 -0.000703125 0.000116045 -0.000126862 -0.0018591 0.00107681 -0.00107058 -0.000382693 -0.0202389 0.00222031 -0.0222971 -0.0211054
internal_weight=32504 16552 1617 14935 1555 15952 10898 10354 5054 9434 8925 3064 1990 2520 1899 1013 1160 13380 1321
internal_count=32504 16552 1617 14935 1555 15952 10898 10354 5054 9434 8925 3064 1990 2520 1899 1013 1160 13380 1321
is_linear=0
shrinkage=0.03


Tree=144
num_leaves=20
num_cat=0
split_feature=35 8 8 5 35 35 4 39 32 31 24 39 3 20 2 8 5 24 24
split_gain=3907.37 267.758 47.815 9.15366 8.77857 7.70601 7.44257 6.90316 6.50692 6.0916 5.32428 4.82619 4.06541 4.40914 3.62817 2.3582 2.17989 0.353773 0.32405
threshold=885.00000000000011 0.4000000000000013 1.0000000180025095e-35 25.250000000000004 945.00000000000011 585.00000000000011 1.7500000000000002 0.97461712852231652 29.500000000000004 25.160256410256412 4.7500000000000009 0.93158198870884079 26.350000000000005 1.4499999999999889 1011.0500000000001 0.79999999999999993 25.850000000000005 1.3999999999999997 1.9500000000000004
decision_type=2 2 2 2 2 2 2 2 2 2 2 2 2 2 2 2 2 2 2
left_child=5 2 -2 -4 -3 6 8 12 -1 10 11 -8 13 14 -7 16 -6 -17 -19
right_child=1 4 3 -5 15 7 9 -9 -10 -11 -12 -13 -14 -15 -16 17 -18 18 -20
leaf_value=0.0017446587710544515 0 0 0 0 0 -0.00023535224668791476 0.0021388293981843098 -0.00082123763823408185 -0.0035594912032729776 -0.0015834801043677204 0.0098944658589736594 0.015049657875106018 -0.0016521478081391772 -0.0046936493963931243 0.00018894304723568171 0 0 0 0
leaf_weight=831 696 997 602 842 505 3246 3429 629 554 649 790 601 542 592 4075 11198 616 580 554
leaf_count=831 696 997 602 842 505 3246 3429 629 554 649 790 601 542 592 4075 11198 616 580 554
internal_value=-0.0103723 -0.0205626 -0.0106443 -0.0137552 -0.0220298 0.000236198 0.000995478 -0.000336782 -0.000967916 0.00149287 0.00186022 0.00141741 -0.000110855 6.15919e-05 0.000263212 -0.0222402 -0.0206434 -0.022382 -0.0213512
internal_weight=32528 16590 2140 1444 14450 15938 6854 9084 1385 5469 4820 4030 8455 7913 7321 13453 1121 12332 1134
internal_count=32528 16590 2140 1444 14450 15938 6854 9084 1385 5469 4820 4030 8455 7913 7321 13453 1121 12332 1134
is_linear=0
shrinkage=0.03


Tree=145
num_leaves=20
num_cat=0
split_feature=25 9 9 11 5 25 46 35 18 7 22 22 2 1 22 39 36 7 7
split_gain=3924.22 230.628 27.8544 16.7641 10.4006 5.65431 5.30174 5.1374 3.5746 3.49961 3.19205 6.67609 5.17574 2.72338 6.58713 4.26487 2.08708 1.26126 0.0164785
threshold=1630.5000000000002 15.000000000000002 85.000000000000014 -0.14999999999999855 18.550000000000004 1270.5000000000002 1.0000000180025095e-35 965.00000000000011 1.3999999999999992 4.8500000000000023 31.500000000000004 30.500000000000004 1008.0500000000001 75.500000000000014 23.500000000000004 -0.67801649466304881 0.25000000000000011 1.9000000000000015 3.8500000000000019
decision_type=2 2 2 2 2 2 2 2 2 2 2 2 2 2 2 2 2 2 2
left_child=5 -2 3 -3 -4 6 13 18 9 10 11 -7 -12 16 -15 -16 -1 -9 -6
right_child=1 2 4 -5 7 8 -8 17 -10 -11 12 -13 -14 14 15 -17 -18 -19 -20
leaf_value=0.0024960751281410598 0 0 0 0 0 -8.0836377628999587e-05 -0.0015223229749991107 0 0.0021612855660191007 -0.00041843053481753001 -0.00033577653707888514 -0.0032595085743584622 0.0047321236845156564 -0.0029436720309605623 3.4562052757381999e-05 0.0065523847450210115 0.016723133559864416 0 0
leaf_weight=633 967 945 858 668 502 6411 507 937 885 861 1041 602 1010 584 1114 1868 517 11180 516
leaf_count=633 967 945 858 668 502 6411 507 937 885 861 1041 602 1010 584 1114 1868 517 11180 516
internal_value=-0.0103829 -0.0206186 -0.0214996 -0.0176981 -0.0219352 0.000198784 0.00100909 -0.0221517 -0.000192841 -0.000355848 -0.000181999 -0.000486458 0.0008585 0.00132259 0.000912276 0.00148291 0.00259115 -0.0223379 -0.0198971
internal_weight=32606 16573 15606 1613 13993 16033 5223 13135 10810 9925 9064 7013 2051 4716 3566 2982 1150 12117 1018
internal_count=32606 16573 15606 1613 13993 16033 5223 13135 10810 9925 9064 7013 2051 4716 3566 2982 1150 12117 1018
is_linear=0
shrinkage=0.03


Tree=146
num_leaves=15
num_cat=0
split_feature=25 8 8 35 27 8 28 2 33 6 0 4 24 24
split_gain=3924.7 290.431 50.3166 9.58674 7.73264 6.58701 5.45623 6.33864 5.13096 4.22772 3.4237 2.88565 0.433382 0.644501
threshold=1630.5000000000002 0.4000000000000013 1.0000000180025095e-35 945.00000000000011 3.3666666666666671 0.79999999999999993 35.500000000000007 1023.85 -1.9130434782608703 28.850000000000005 24.550000000000004 3.600000000000001 1.3999999999999997 1.9500000000000004
decision_type=2 2 2 2 2 2 2 2 2 2 2 2 2 2
left_child=4 2 -2 -4 -1 10 7 8 11 -10 -3 -6 -7 -14
right_child=1 5 3 -5 6 12 -8 -9 9 -11 -12 -13 13 -15
leaf_value=0.011482397496395453 0 0 0 0 -0.0026709772128034243 0 -0.0013582608979745563 0.0070069898405712488 8.6193497312958019e-05 0.0048321112827920338 0 -0.00021875642372306596 0 0
leaf_weight=513 705 535 503 936 500 11714 759 843 11887 762 950 664 594 565
leaf_count=513 705 535 503 936 500 11714 759 843 11887 762 950 664 594 565
internal_value=-0.0103218 -0.0205741 -0.010261 -0.013475 0.000301318 -0.0221125 0.000180483 0.000309046 0.000154723 0.000330211 -0.0200689 -0.00174957 -0.022345 -0.0212984
internal_weight=32430 16502 2144 1439 15928 14358 15415 14656 13813 12649 1485 1164 12873 1159
internal_count=32430 16502 2144 1439 15928 14358 15415 14656 13813 12649 1485 1164 12873 1159
is_linear=0
shrinkage=0.03


Tree=147
num_leaves=20
num_cat=0
split_feature=35 8 8 6 8 39 2 39 44 2 36 3 2 6 6 3 35 4 7
split_gain=3900.72 279.851 48.6193 9.4013 9.26878 6.33877 20.4645 6.28965 14.1025 10.5413 10.5654 11.7029 9.80088 9.87726 4.80407 2.63101 2.16355 1.93304 0.0385616
threshold=885.00000000000011 0.4000000000000013 1.0000000180025095e-35 23.450000000000003 0.79999999999999993 -0.96234030595689413 1007.85 -0.79382744783423187 8820.0000000000018 1010.5500000000001 -0.93301270189221908 23.250000000000004 1008.5500000000001 28.150000000000002 23.450000000000003 26.050000000000004 935.00000000000011 4.1499999999999995 1.8499999999999999
decision_type=2 2 2 2 2 2 2 2 2 2 2 2 2 2 2 2 2 2 2
left_child=5 2 -2 -4 14 6 -1 8 15 12 -11 -12 13 -9 -3 17 -6 -7 -18
right_child=1 4 3 -5 16 7 -8 9 -10 10 11 -13 -14 -15 -16 -17 18 -19 -20
leaf_value=-0.006312055756234951 0 0 0 0 0 0.0062569302217678679 0.0019898673590123877 0.00058597994982419286 -0.0026995627139784271 0.011421242605184238 0.00027868743609772836 -0.0034537865518140662 -0.0037427133221394834 -0.0033067974043607972 0 0.0013663836066779254 0 0.011333413973376881 0
leaf_weight=531 685 605 588 827 501 636 821 1350 518 514 8094 725 954 595 891 618 528 532 11946
leaf_count=531 685 605 588 827 501 636 821 1350 518 514 8094 725 954 595 891 618 528 532 11946
internal_value=-0.0103419 -0.0205242 -0.0102759 -0.0134492 -0.0220098 0.000279421 -0.0016839 0.000462237 0.00189939 0.00019127 0.00068211 0.000437876 -0.00138831 -0.000165639 -0.0196462 0.00316275 -0.0222792 0.004 -0.0223714
internal_weight=32459 16571 2100 1415 14471 15888 1352 14536 2304 12232 9333 8819 2899 1945 1496 1786 12975 1168 12474
internal_count=32459 16571 2100 1415 14471 15888 1352 14536 2304 12232 9333 8819 2899 1945 1496 1786 12975 1168 12474
is_linear=0
shrinkage=0.03


Tree=148
num_leaves=16
num_cat=0
split_feature=35 8 8 25 6 27 4 2 31 35 39 29 36 8 6
split_gain=3889.87 281.731 48.1832 10.9847 10.5933 5.749 4.49525 8.39819 6.49401 6.7244 9.00856 5.3344 5.25875 3.95816 3.05079
threshold=885.00000000000011 0.4000000000000013 1.0000000180025095e-35 1660.5000000000002 23.450000000000003 3.5500000000000003 1.8999999999999992 1007.2500000000001 29.087121212121215 805.00000000000011 0.98486764554468398 9.3250000000000011 0.68301270189221941 0.79999999999999993 23.450000000000003
decision_type=2 2 2 2 2 2 2 2 2 2 2 2 2 2 2
left_child=5 2 -2 -3 -4 -1 7 -7 9 10 -8 -9 -11 14 -5
right_child=1 3 4 13 -6 6 8 11 -10 12 -12 -13 -14 -15 -16
leaf_value=0.0092856618704651676 0 0 0 0 0 0.0012323036956392213 0.00066318696186924405 -0.00051895304004881512 -0.0015552826848892879 -0.00029734951014407241 0.0088119042344076189 -0.0028342477344326126 0.00017645390100090407 0 0
leaf_weight=579 722 522 589 523 846 700 9569 747 710 1613 691 859 516 12527 790
leaf_count=579 722 522 589 523 846 700 9569 747 710 1613 691 859 516 12527 790
internal_value=-0.0102919 -0.0204998 -0.0103763 -0.0220186 -0.0135543 0.000258977 0.000148471 -0.00107236 0.000363522 0.000523565 0.000841941 -0.00226679 -0.00101009 -0.0221847 -0.0204125
internal_weight=32503 16519 2157 14362 1435 15984 15405 2306 13099 12389 10260 1606 2129 13840 1313
internal_count=32503 16519 2157 14362 1435 15984 15405 2306 13099 12389 10260 1606 2129 13840 1313
is_linear=0
shrinkage=0.03


Tree=149
num_leaves=13
num_cat=0
split_feature=25 8 8 8 5 24 2 21 0 6 23 8
split_gain=3906.74 303.807 28.3754 23.1197 9.39316 6.12857 8.30553 6.51024 5.63189 7.91985 2.65189 0.673429
threshold=1630.5000000000002 0.29999999999999943 1.0000000180025095e-35 0.64999999999999869 25.250000000000004 4.4500000000000011 1024.0500000000002 15.500000000000002 18.450000000000003 19.750000000000004 5.5000000000000009 0.90000000000000402
decision_type=2 2 2 2 2 2 2 2 2 2 2 2
left_child=5 2 -2 4 -3 6 7 -1 -9 -10 -7 -5
right_child=1 3 -4 11 -6 10 -8 8 9 -11 -12 -13
leaf_value=-0.002490636084989041 0 0 0 0 0 0.0016616856164928286 0.0069770367381456833 0.0089080503782502877 -0.00093732642466225571 9.9535608804666743e-05 0.0091952597008585837 0
leaf_weight=623 716 545 897 1273 955 714 680 530 1627 11066 725 12103
leaf_count=623 716 545 897 1273 955 714 680 530 1627 11066 725 12103
internal_value=-0.0103261 -0.0205671 -0.00818731 -0.0219082 -0.0182956 0.000252239 6.71118e-05 -9.20711e-05 4.93384e-05 -7.73927e-05 0.00211832 -0.0223105
internal_weight=32454 16489 1613 14876 1500 15965 14526 13846 13223 12693 1439 13376
internal_count=32454 16489 1613 14876 1500 15965 14526 13846 13223 12693 1439 13376
is_linear=0
shrinkage=0.03


Tree=150
num_leaves=16
num_cat=0
split_feature=35 9 35 5 27 7 33 9 44 31 24 24 5 18 9
split_gain=3888.5 236.193 34.9607 17.8519 6.57105 5.90477 5.19958 4.84042 4.79257 4.29292 6.59097 6.05982 4.19018 1.76358 1.18163
threshold=885.00000000000011 15.000000000000002 945.00000000000011 18.550000000000004 3.7333333333333338 1.9000000000000015 -2.2272727272727253 85.000000000000014 8820.0000000000018 25.160256410256412 1.8499999999999999 1.9500000000000004 25.450000000000003 5.3290705182007522e-15 65.000000000000014
decision_type=2 2 2 2 2 2 2 2 2 2 2 2 2 2 2
left_child=4 -2 7 -4 -1 12 13 -3 9 10 -8 -11 -5 -6 -7
right_child=1 2 3 5 6 14 8 -9 -10 11 -12 -13 -14 -15 -16
leaf_value=0.0096630416626495887 0 0 0 0 -0.00038362856834318502 0 -5.5294460916916914e-05 0 -0.0028570864938408614 0.00035288240880001885 0.0029108565842419307 -0.002877612363727322 0 -0.001803030114217825 0
leaf_weight=666 978 606 909 504 520 519 5730 769 505 807 6340 845 601 514 11651
leaf_count=666 978 606 909 504 520 519 5730 769 505 807 6340 845 601 514 11651
internal_value=-0.0103262 -0.0205147 -0.0214136 -0.0218603 0.000253782 -0.0221441 0.000126286 -0.016781 0.000275669 0.000381449 0.000577783 -0.001052 -0.0198577 -0.00192568 -0.0223484
internal_weight=32464 16537 15559 14184 15927 13275 15261 1375 14227 13722 12070 1652 1105 1034 12170
internal_count=32464 16537 15559 14184 15927 13275 15261 1375 14227 13722 12070 1652 1105 1034 12170
is_linear=0
shrinkage=0.03


Tree=151
num_leaves=16
num_cat=0
split_feature=25 8 8 8 27 44 2 3 6 39 38 8 0 0 38
split_gain=3899.7 300.635 33.6902 20.3208 7.46895 5.41273 6.55093 11.9006 18.5011 11.1415 10.4247 5.11594 3.7283 2.6669 0.27013
threshold=1630.5000000000002 0.29999999999999943 1.0000000180025095e-35 0.49999999999999739 3.5500000000000003 8820.0000000000018 1005.9000000000001 23.150000000000002 26.550000000000004 0.48877522411129348 -0.66528616069191593 0.79999999999999993 28.850000000000005 24.650000000000002 0.9916835347852474
decision_type=2 2 2 2 2 2 2 2 2 2 2 2 2 2 2
left_child=4 2 -2 -3 -1 6 10 9 -9 -8 -6 13 -12 -5 -13
right_child=1 3 -4 11 5 -7 7 8 -10 -11 12 14 -14 -15 -16
leaf_value=0.010065530225321815 0 0 0 0 -0.00074866155232775479 -0.0032723738862041629 0.0010961799333179378 -0.0037778776056688673 5.7698515638021641e-06 -8.4675636719987524e-05 0.015541558544867183 0 0.0022145041236056231 0 0
leaf_weight=580 724 614 900 503 696 521 3210 1308 3053 5036 576 12328 893 879 504
leaf_count=580 724 614 900 503 696 521 3210 1308 3053 5036 576 12328 893 879 504
internal_value=-0.010336 -0.0205701 -0.00830258 -0.0219123 0.000272598 0.000145636 0.000251794 -1.01118e-05 -0.00127722 0.00066016 0.0017755 -0.0221465 0.003207 -0.0202348 -0.0223492
internal_weight=32325 16452 1624 14828 15873 15293 14772 12607 4361 8246 2165 14214 1469 1382 12832
internal_count=32325 16452 1624 14828 15873 15293 14772 12607 4361 8246 2165 14214 1469 1382 12832
is_linear=0
shrinkage=0.03


Tree=152
num_leaves=17
num_cat=0
split_feature=35 8 8 8 25 39 38 27 39 44 2 39 22 24 8 31
split_gain=3935.28 264.08 30.996 23.5459 8.91122 6.17731 14.4076 9.88268 6.11328 14.4502 7.41384 10.1131 7.21682 5.55775 2.46676 2.11567
threshold=885.00000000000011 0.20000000000000198 0.49999999999999739 1.0000000180025095e-35 1660.5000000000002 -0.94137724084408114 -0.01397611846945947 4.366666666666668 -0.79382744783423187 8820.0000000000018 1011.0500000000001 0.48877522411129348 28.500000000000004 1.7000000000000013 0.90000000000000402 18.784615384615389
decision_type=2 2 2 2 2 2 2 2 2 2 2 2 2 2 2 2
left_child=5 3 -3 -2 -4 6 -1 -7 9 13 12 -12 -10 -9 15 -6
right_child=1 2 4 -5 14 7 -8 8 10 -11 11 -13 -14 -15 -16 -17
leaf_value=0.0018134308740567124 0 0 0 0 0 0.0093390027421405078 -0.0048584831769197048 0.00099081931274661353 0.00044924280263306643 -0.0028929679270008335 0.0011454952052870747 -0.00022776599515439072 -0.0016258474382964386 0.015819036657318031 0 0
leaf_weight=805 687 862 510 691 1378 810 894 648 675 502 3637 5094 2303 640 11849 582
leaf_count=805 687 862 510 691 1378 810 894 648 675 502 3637 5094 2303 640 11849 582
internal_value=-0.0103481 -0.0206007 -0.0217422 -0.00801087 -0.0220779 0.000258588 -0.00145062 0.000461708 0.000268313 0.00190011 1.85723e-05 0.000459464 -0.00127349 0.0035814 -0.0222274 -0.0210398
internal_weight=32567 16559 15181 1378 14319 16008 1699 14309 13499 1790 11709 8731 2978 1288 13809 1960
internal_count=32567 16559 15181 1378 14319 16008 1699 14309 13499 1790 11709 8731 2978 1288 13809 1960
is_linear=0
shrinkage=0.03


Tree=153
num_leaves=16
num_cat=0
split_feature=35 8 8 8 6 27 33 35 44 2 2 5 25 24 5
split_gain=3898.86 278.264 34.0667 22.1656 15.4261 5.9293 5.3675 4.6643 4.16941 5.8145 8.08895 7.8824 3.62113 0.521345 1.71407
threshold=885.00000000000011 0.20000000000000198 0.64999999999999869 1.0000000180025095e-35 23.450000000000003 3.3666666666666671 -2.738224637681157 1005.0000000000001 8820.0000000000018 1005.9000000000001 1007.7500000000001 31.150000000000002 1679.5000000000002 1.3999999999999997 25.650000000000002
decision_type=2 2 2 2 2 2 2 2 2 2 2 2 2 2 2
left_child=5 3 4 -2 -3 -1 -7 -6 9 11 -11 -8 -4 -14 -15
right_child=1 2 12 -5 7 6 8 -9 -10 10 -12 -13 13 14 -16
leaf_value=0.010609397199393394 0 0 0 0 0 -0.00079163797137900499 0.0059252309124331898 0 -0.0025864136446294857 -0.0023032277728435757 0.00016246539515506854 -0.0005162886337602853 0 0 0
leaf_weight=528 713 710 520 698 539 644 1542 529 517 1043 11188 502 11543 526 751
leaf_count=528 713 710 520 698 539 644 1542 529 517 1043 11188 502 11543 526 751
internal_value=-0.0102983 -0.0205101 -0.0216994 -0.00775478 -0.0177388 0.000276212 0.000169063 -0.0200467 0.000285927 0.000381908 0.000134268 0.00186217 -0.0222246 -0.022335 -0.0213155
internal_weight=32493 16529 15118 1411 1778 15964 15436 1068 14792 14275 12231 2044 13340 12820 1277
internal_count=32493 16529 15118 1411 1778 15964 15436 1068 14792 14275 12231 2044 13340 12820 1277
is_linear=0
shrinkage=0.03


Tree=154
num_leaves=15
num_cat=0
split_feature=25 8 8 35 8 7 38 3 21 6 22 5 24 24
split_gain=3871.16 290.135 46.2431 9.34689 8.27524 6.76384 9.10718 5.94892 6.31267 8.19528 5.05671 4.82421 0.290299 0.457771
threshold=1630.5000000000002 0.4000000000000013 1.0000000180025095e-35 945.00000000000011 0.79999999999999993 4.4500000000000002 -0.97509794945709805 7.3500000000000005 14.500000000000002 17.350000000000005 27.500000000000004 25.250000000000004 1.3999999999999997 1.9500000000000004
decision_type=2 2 2 2 2 2 2 2 2 2 2 2 2 2
left_child=5 2 -2 -4 11 6 -1 -8 -9 -10 -7 -3 -6 -14
right_child=1 4 3 -5 12 10 7 8 9 -11 -12 -13 13 -15
leaf_value=0.008465138200145321 0 0 0 0 0 2.5250322658417498e-05 0.01492224703520189 -0.0033405569136392339 0.0051221168637847385 -1.9326811874982788e-05 -0.00069700075191622593 0 0 0
leaf_weight=964 707 527 507 929 11672 648 501 501 682 11926 808 966 602 561
leaf_count=964 707 527 507 929 11672 648 501 501 682 11926 808 966 602 561
internal_value=-0.0103373 -0.0205504 -0.0102413 -0.013331 -0.0220907 0.000158121 0.000352977 0.000153174 3.03181e-05 0.000161776 -0.00179012 -0.0198411 -0.0223493 -0.0213541
internal_weight=32501 16471 2143 1436 14328 16030 14574 13610 13109 12608 1456 1493 12835 1163
internal_count=32501 16471 2143 1436 14328 16030 14574 13610 13109 12608 1456 1493 12835 1163
is_linear=0
shrinkage=0.03


Tree=155
num_leaves=20
num_cat=0
split_feature=35 8 8 8 6 35 24 39 29 39 44 24 39 39 36 25 4 24 5
split_gain=3900.48 279.697 31.9267 24.2551 10.7516 6.29684 5.99467 5.57557 11.489 10.6502 11.0973 8.10331 7.58229 23.5999 11.4514 4.87217 1.87442 0.665082 1.91611
threshold=885.00000000000011 0.20000000000000198 0.64999999999999869 1.0000000180025095e-35 23.450000000000003 1005.0000000000001 4.7500000000000009 -0.94137724084408114 11.100000000000001 -0.79382744783423187 8820.0000000000018 1.4500000000000004 -0.29342786347392819 -0.39036009226888674 -0.93301270189221908 1670.5000000000002 3.0999999999999992 1.3999999999999997 25.650000000000002
decision_type=2 2 2 2 2 2 2 2 2 2 2 2 2 2 2 2 2 2 2
left_child=6 3 4 -2 -3 -6 7 8 -1 10 11 -9 13 -11 -14 -4 -8 -17 -19
right_child=1 2 15 -5 5 -7 16 9 -10 12 -12 -13 14 -15 -16 17 -18 18 -20
leaf_value=-0.0043917307334198187 0 0 0 0 0 0 0.0022207091641909924 0.00045053387470078053 0.0011717501454205454 -7.3762849185871675e-05 -0.0018833544004826866 0.017214987227337844 0.0080211198374642474 -0.0073193955123515477 4.881433332533797e-05 0 0.0093252430670306488 0 0
leaf_weight=979 704 686 500 682 536 532 505 589 573 2332 511 837 692 514 7842 11651 544 511 731
leaf_count=979 704 686 500 682 536 532 505 589 573 2332 511 837 692 514 7842 11651 544 511 731
internal_value=-0.0103278 -0.0205324 -0.0217128 -0.00761888 -0.0178445 -0.0197664 0.000272299 0.000117511 -0.00158301 0.000315902 0.00237107 0.00372899 -3.42646e-05 -0.00137465 0.000412957 -0.0222167 0.00246194 -0.0223383 -0.021258
internal_weight=32451 16533 15147 1386 1754 1068 15918 14869 1552 13317 1937 1426 11380 2846 8534 13393 1049 12893 1242
internal_count=32451 16533 15147 1386 1754 1068 15918 14869 1552 13317 1937 1426 11380 2846 8534 13393 1049 12893 1242
is_linear=0
shrinkage=0.03


Tree=156
num_leaves=20
num_cat=0
split_feature=35 8 8 8 25 35 38 3 29 9 15 35 2 4 8 20 27 31 38
split_gain=3892.49 285.486 31.5586 23.7755 8.55584 6.58809 9.62404 5.21383 7.84863 4.21694 5.02253 5.12856 3.79242 3.53861 3.31583 2.79613 2.43268 2.16922 0.252503
threshold=885.00000000000011 0.20000000000000198 0.49999999999999739 1.0000000180025095e-35 1660.5000000000002 535.00000000000011 -0.95754239937548935 16.550000000000004 12.550000000000002 145.00000000000003 0.075277265270914509 835.00000000000011 1004.0500000000001 4.2500000000000009 0.90000000000000402 -2.0999999999999654 9.8166666666666682 18.961538461538463 0.99053107487289871
decision_type=2 2 2 2 2 2 2 2 2 2 2 2 2 2 2 2 2 2 2
left_child=5 3 -3 -2 -4 6 -1 13 16 10 -7 12 -12 -8 17 -13 -9 -6 -16
right_child=1 2 4 -5 14 9 7 8 -10 -11 11 15 -14 -15 18 -17 -18 -19 -20
leaf_value=0.017713142887281381 0 0 0 0 0 -0.0027890455930613123 0.00037561930736834003 0.0035685585426146523 -0.0036946044096729368 0.00035912296181278401 0.0019662448895128607 -3.6843995748063891e-05 -7.4138115733842242e-05 0.014359800970804323 0 -0.00049390748108461141 -0.0020130077932923431 0 0
leaf_weight=512 720 834 519 671 1400 550 509 2258 650 774 791 638 7106 844 11370 600 630 562 509
leaf_count=512 720 834 519 671 1400 550 509 2258 650 774 791 638 7106 844 11370 600 630 562 509
internal_value=-0.0103614 -0.0205222 -0.0217133 -0.0075 -0.0220457 0.000263805 0.00111425 0.000703556 9.74576e-05 -0.000175652 -0.000346082 -0.000178122 0.000103494 0.00228598 -0.0221933 -0.00197177 0.000768166 -0.0208732 -0.0224078
internal_weight=32447 16585 15194 1391 14360 15862 5403 4891 3538 10459 9685 9135 7897 1353 13841 1238 2888 1962 11879
internal_count=32447 16585 15194 1391 14360 15862 5403 4891 3538 10459 9685 9135 7897 1353 13841 1238 2888 1962 11879
is_linear=0
shrinkage=0.03


Tree=157
num_leaves=20
num_cat=0
split_feature=25 8 8 8 5 39 6 27 7 39 2 2 6 2 31 8 6 4 7
split_gain=3881.82 291.054 30.5438 22.2981 9.50148 6.19412 11.6602 10.3589 5.64153 8.31102 13.3062 10.3845 6.59268 5.28175 3.92426 1.01949 0.479463 0.318304 0.0105056
threshold=1630.5000000000002 0.29999999999999943 1.0000000180025095e-35 0.64999999999999869 25.250000000000004 -0.94137724084408114 28.650000000000002 5.916666666666667 4.4500000000000002 0.48877522411129348 1021.1500000000002 1011.0500000000001 23.750000000000004 1008.0500000000001 5.3923076923076936 0.90000000000000402 24.750000000000004 4.1000000000000005 3.1500000000000008
decision_type=2 2 2 2 2 2 2 2 2 2 2 2 2 2 2 2 2 2 2
left_child=5 2 -2 4 -3 6 13 14 9 11 -11 -9 -10 -1 -7 18 -16 -6 -5
right_child=1 3 -4 15 17 7 -8 8 12 10 -12 -13 -14 -15 16 -17 -18 -19 -20
leaf_value=-0.0052791607780353798 0 0 0 0 0 0.013649685430289561 0.0022567517773209797 -6.7597523827399382e-05 5.0282080406121159e-06 -0.0015011123064561677 0.0014538291614337112 0.002462837297698064 -0.000912148325143657 -0.0011202792015907455 0.0016436621737470002 0 0.0058357449293112793 0 0
leaf_weight=558 714 559 906 629 501 521 576 4135 763 2445 1845 3033 586 540 511 12058 518 500 653
leaf_count=558 714 559 906 629 501 521 576 4135 763 2445 1845 3033 586 540 511 12058 518 500 653
internal_value=-0.0103753 -0.0205798 -0.00848952 -0.021893 -0.0184187 0.000141739 -0.00158413 0.000343165 6.26513e-05 0.000278796 -0.000765377 0.000903766 -0.00177091 -0.00339545 0.00265786 -0.0222965 0.00157856 -0.0202119 -0.0211332
internal_weight=32551 16520 1620 14900 1560 16031 1674 14357 12807 11458 4290 7168 1349 1098 1550 13340 1029 1001 1282
internal_count=32551 16520 1620 14900 1560 16031 1674 14357 12807 11458 4290 7168 1349 1098 1550 13340 1029 1001 1282
is_linear=0
shrinkage=0.03


Tree=158
num_leaves=17
num_cat=0
split_feature=35 9 35 5 39 38 24 39 37 3 4 5 0 18 4 28
split_gain=3899.69 228.758 31.9708 14.4444 5.55831 15.9796 7.43052 20.6066 21.3161 10.3216 8.44944 8.91037 11.268 5.25503 4.88818 10.9533
threshold=885.00000000000011 15.000000000000002 945.00000000000011 18.550000000000004 -0.96234030595689413 -0.01397611846945947 0.65000000000000047 0.98486764554468398 0.93301270189221952 15.850000000000003 3.2000000000000002 22.050000000000004 26.250000000000004 -1.0000000180025095e-35 1.9500000000000004 23.500000000000004
decision_type=2 2 2 2 2 2 2 2 2 2 2 2 2 2 2 2
left_child=4 -2 13 -4 5 -1 10 8 9 -8 -6 -12 -13 -3 15 -5
right_child=1 2 3 14 6 -7 7 -9 -10 -11 11 12 -14 -15 -16 -17
leaf_value=0.001829403571462729 0 0 0 0 0.00048511107367070049 -0.0061229484722384354 0.0060829729444303914 0.014598027079802976 -0.005503255114456233 0.0003011793052001579 -0.0015472262456871519 0.0002204023192042278 -0.00047900528968861122 0 0 0
leaf_weight=626 951 745 899 1262 527 731 1761 589 666 8142 586 784 1553 614 11573 511
leaf_count=626 951 745 899 1262 527 731 1761 589 666 8142 586 784 1553 614 11573 511
internal_value=-0.0103721 -0.020573 -0.0214437 -0.0218672 0.000207146 -0.00162804 0.000377823 0.000754032 0.000449106 0.000798839 -0.000838644 -0.00146923 -0.000638093 -0.0169783 -0.0221213 -0.0204972
internal_weight=32520 16555 15604 14245 15965 1357 14608 11158 10569 9903 3450 2923 2337 1359 13346 1773
internal_count=32520 16555 15604 14245 15965 1357 14608 11158 10569 9903 3450 2923 2337 1359 13346 1773
is_linear=0
shrinkage=0.03


Tree=159
num_leaves=15
num_cat=0
split_feature=25 8 8 6 8 24 39 39 2 6 6 24 5 38
split_gain=3944.95 263.321 46.5227 7.9571 7.13618 5.83132 8.82776 11.7356 11.8708 18.665 10.8269 8.00356 3.23593 0.446304
threshold=1630.5000000000002 0.4000000000000013 1.0000000180025095e-35 23.450000000000003 0.79999999999999993 -0.84999999999999953 0.98486764554468398 0.84658398682345093 1018.85 20.050000000000004 18.450000000000003 2.4500000000000006 25.150000000000002 0.9916835347852474
decision_type=2 2 2 2 2 2 2 2 2 2 2 2 2 2
left_child=5 2 -2 -4 12 -1 7 8 9 -7 -9 -10 -3 -6
right_child=1 4 3 -5 13 6 -8 10 11 -11 -12 -13 -14 -15
leaf_value=-0.00029470629053370462 0 0 0 0 0 -0.0045846255205802509 0.0075762779079655467 -0.004541708569864902 0.00024126106084567428 0.00026710462507160846 0.00018885764216825432 0.015017414752498976 0 0
leaf_weight=819 691 544 576 836 12350 508 776 953 1010 10252 870 861 977 522
leaf_count=819 691 544 576 836 12350 508 776 953 1010 10252 870 861 977 522
internal_value=-0.0103648 -0.0206661 -0.0107352 -0.0138543 -0.0221155 0.000224752 0.000357471 0.000189887 0.000514723 0.000131017 -0.0020589 0.0027189 -0.0200279 -0.022359
internal_weight=32545 16496 2103 1412 14393 16049 15230 14454 12631 10760 1823 1871 1521 12872
internal_count=32545 16496 2103 1412 14393 16049 15230 14454 12631 10760 1823 1871 1521 12872
is_linear=0
shrinkage=0.03


Tree=160
num_leaves=17
num_cat=0
split_feature=35 9 35 5 7 38 39 1 32 36 32 39 3 38 18 9
split_gain=3930.11 220.207 34.2552 17.4414 6.97425 6.08294 16.3153 5.06183 6.31541 7.11681 4.82025 4.49019 19.5036 9.03124 3.86058 1.60436
threshold=885.00000000000011 15.000000000000002 935.00000000000011 18.550000000000004 1.9000000000000015 -0.97509794945709805 -0.022575793296316496 51.500000000000007 17.500000000000004 1.0000000180025095e-35 35.500000000000007 -0.39036009226888674 23.750000000000004 0.45273815774107123 -1.0000000180025095e-35 95.000000000000014
decision_type=2 2 2 2 2 2 2 2 2 2 2 2 2 2 2 2
left_child=5 -2 14 -4 10 6 -1 -7 9 -9 -5 13 -13 -10 -3 -6
right_child=1 2 3 4 15 7 -8 8 11 -11 -12 12 -14 -15 -16 -17
leaf_value=0.014974598386712583 0 0 0 0 0 0.0015785398348074819 -0.00060355490252140458 -0.00013291041965005413 -0.00026270135813515598 0.0097339006843482952 0 -7.4788182575036825e-05 -0.0056062350823338171 0.0017063282781255621 0 0
leaf_weight=513 967 583 928 602 1028 525 612 873 3606 914 514 6679 791 1566 553 11315
leaf_count=513 967 583 928 602 1028 525 612 873 3606 914 514 6679 791 1566 553 11315
internal_value=-0.0102503 -0.02054 -0.0214053 -0.0218047 -0.0220844 0.000303619 0.00242902 0.000143421 3.79392e-05 0.00170626 -0.0196422 -0.000198118 -0.000668496 0.000481252 -0.0163181 -0.0223019
internal_weight=32569 16490 15523 14387 13459 16079 1125 14954 14429 1787 1116 12642 7470 5172 1136 12343
internal_count=32569 16490 15523 14387 13459 16079 1125 14954 14429 1787 1116 12642 7470 5172 1136 12343
is_linear=0
shrinkage=0.03


Tree=161
num_leaves=19
num_cat=0
split_feature=8 40 42 13 24 19 19 4 9 9 39 8 38 4 31 37 8 24
split_gain=2808.91 197.099 195.061 113.142 87.7059 73.6904 57.9826 28.1552 24.2346 18.8941 16.9088 14.5111 10.7646 9.35221 13.1557 8.90432 5.43224 5.37714
threshold=0.64999999999999869 1.0000000180025095e-35 1.0000000180025095e-35 0.0033333333333332923 1.8499999999999999 -0.54999999999995441 -0.54999999999995441 3.0000000000000009 55.000000000000007 75.000000000000014 0.98486764554468398 0.25000000000000006 -0.95754239937548935 7.9500000000000002 18.784615384615389 0.6830127018922193 0.49999999999999739 -1.0000000180025095e-35
decision_type=2 2 2 2 2 2 2 2 2 2 2 2 2 2 2 2 2 2
left_child=1 3 4 5 6 -1 -2 -8 -7 -9 12 15 -3 14 -14 17 -10 -5
right_child=2 10 -4 11 -6 8 7 9 16 -11 -12 -13 13 -15 -16 -17 -18 -19
leaf_value=0 0 0.0097989621222716785 0 0 0 0 0 0 0 0 0.012387725928232779 0 0.00051980910784246161 0.0093784890380948609 -0.0035657616413515693 -0.0007793459957231917 0 1.1038373058446238e-05
leaf_weight=927 836 931 9876 888 513 882 786 586 606 2291 553 814 6099 518 2182 804 648 1617
leaf_count=927 836 931 9876 888 513 882 786 586 606 2291 553 814 6099 518 2182 804 648 1617
internal_value=-0.0103907 -0.00223012 -0.0199644 -0.00604132 -0.0151316 -0.010407 -0.0164713 -0.0181003 -0.0134705 -0.0194833 0.000433884 -0.00279455 0.000143342 -0.000181513 -0.000426476 -0.00190954 -0.0161584 -0.00102613
internal_weight=32357 17469 14888 7186 5012 3063 4499 3663 2136 2877 10283 4123 9730 8799 8281 3309 1254 2505
internal_count=32357 17469 14888 7186 5012 3063 4499 3663 2136 2877 10283 4123 9730 8799 8281 3309 1254 2505
is_linear=0
shrinkage=0.03


Tree=162
num_leaves=15
num_cat=0
split_feature=25 9 35 5 11 7 24 32 38 7 24 2 32 9
split_gain=3868.32 259.067 31.3758 21.1896 8.67337 6.17936 5.91906 5.61345 4.31847 8.84774 5.79219 6.88679 5.54392 1.68186
threshold=1630.5000000000002 15.000000000000002 935.00000000000011 18.550000000000004 -0.10000000000000096 1.9000000000000015 -0.65000000000000024 35.500000000000007 -0.94705910369513524 1.9500000000000013 4.7500000000000009 1024.0500000000002 18.500000000000004 95.000000000000014
decision_type=2 2 2 2 2 2 2 2 2 2 2 2 2 2
left_child=6 -2 4 -4 -3 7 -1 -5 9 -8 11 12 -10 -7
right_child=1 2 3 5 -6 13 8 -9 10 -11 -12 -13 -14 -15
leaf_value=-0.00031772193858354121 0 0 0 0 0 0 0.0073079443050708993 0 0.0026419817219520431 -0.00044195288274426805 0.0055914320053616542 0.0064895106517052119 -0.00036823379887165176 0
leaf_weight=985 997 543 933 610 529 1010 959 511 1667 589 928 683 10247 11416
leaf_count=985 997 543 933 610 529 1010 959 511 1667 589 928 683 10247 11416
internal_value=-0.0102986 -0.0204763 -0.0214266 -0.0217967 -0.0163966 -0.0221026 0.000191469 -0.0197885 0.000338806 0.00183871 0.000166888 -1.78586e-06 -0.00016994 -0.0223081
internal_weight=32607 16549 15552 14480 1072 13547 16058 1121 15073 1548 13525 12597 11914 12426
internal_count=32607 16549 15552 14480 1072 13547 16058 1121 15073 1548 13525 12597 11914 12426
is_linear=0
shrinkage=0.03


Tree=163
num_leaves=24
num_cat=0
split_feature=35 8 8 11 25 25 22 38 31 2 24 0 35 29 25 39 4 29 8 6 38 24 24
split_gain=3829.63 331.91 33.1562 27.7238 7.52089 5.25711 4.03716 8.35565 6.6058 7.52794 6.47729 7.25873 6.2771 10.7151 5.97034 4.87841 3.85974 5.71865 3.44333 2.51369 2.42046 2.85092 0.453222
threshold=885.00000000000011 0.20000000000000198 0.49999999999999739 0.14999999999999861 1668.5000000000002 1220.5000000000002 31.500000000000004 0.64579916509010216 20.038461538461544 1018.5500000000001 3.600000000000001 18.050000000000004 815.00000000000011 11.100000000000001 1469.5000000000002 -0.93543596745397617 4.1000000000000005 12.225000000000001 0.79999999999999993 23.550000000000004 -0.67803021058859214 4.3500000000000005 1.3999999999999997
decision_type=2 2 2 2 2 2 2 2 2 2 2 2 2 2 2 2 2 2 2 2 2 2 2
left_child=5 3 -3 -2 -4 16 7 10 9 -9 11 -7 13 15 -10 -8 17 20 19 -6 -1 -22 -20
right_child=1 2 4 -5 18 6 12 8 14 -11 -12 -13 -14 -15 -16 -17 -18 -19 22 -21 21 -23 -24
leaf_value=0.007402732068795468 0 0 0 -3.3115119175338713e-07 0 0.0016184131346603599 -0.0050496889619259218 0.00035628910389493105 -0.0025947465392418029 0.009917189282749924 -0.0065063815216174345 -0.00054274191946931331 -0.00042830399316778434 0.010679765523298017 0.00027511322574612297 0.0019539980881917197 0.0097909482474936929 -0.0029035933564068098 0 0 -0.00020278962296342627 0.007662612165765274 0
leaf_weight=507 583 860 520 822 508 536 507 1362 768 530 565 4965 527 912 507 1066 948 530 11396 686 1186 521 1136
leaf_count=507 583 860 520 822 508 536 507 1362 768 530 565 4965 527 912 507 1066 948 530 11396 686 1186 521 1136
internal_value=-0.0102888 -0.0204135 -0.0217107 -0.00645522 -0.0220589 0.000201863 -9.73708e-05 -0.0004085 0.00084017 0.0019641 -0.00106048 -0.000745502 0.000856005 0.00148673 -0.000828113 -1.42857e-05 0.00119383 0.000622724 -0.0221995 -0.0204306 0.00129287 0.000750439 -0.0223648
internal_weight=32448 16511 15106 1405 14246 15937 12245 9233 3167 1892 6066 5501 3012 2485 1275 1573 3692 2744 13726 1194 2214 1707 12532
internal_count=32448 16511 15106 1405 14246 15937 12245 9233 3167 1892 6066 5501 3012 2485 1275 1573 3692 2744 13726 1194 2214 1707 12532
is_linear=0
shrinkage=0.03


Tree=164
num_leaves=18
num_cat=0
split_feature=25 8 11 8 8 24 39 39 24 2 6 24 39 0 11 24 24
split_gain=3746.37 427.706 55.6203 36.6861 6.23975 6.0356 9.22448 8.83024 10.6524 9.26475 10.2227 9.66114 7.37664 3.61634 2.47964 0.575988 0.838375
threshold=1630.5000000000002 0.20000000000000198 0.14999999999999861 0.40000000000000396 0.79999999999999993 -0.5500000000000006 0.9863035000474919 0.84658398682345093 3.2500000000000004 1019.0500000000001 20.350000000000005 2.4500000000000006 0.93158198870884079 24.550000000000004 0.35000000000000148 1.3999999999999997 1.9500000000000004
decision_type=2 2 2 2 2 2 2 2 2 2 2 2 2 2 2 2 2
left_child=5 2 -2 -3 13 14 7 9 12 10 -7 -11 -9 -5 -1 -6 -17
right_child=1 3 -4 4 15 6 -8 8 -10 11 -12 -13 -14 -15 -16 16 -18
leaf_value=-2.841238117948819e-05 0 0 9.9345357526016131e-09 0 0 -0.0036166608324254505 0.0071362332324423072 -0.0020869259684857676 -0.007404247216296931 0.00017406424003676451 0.00020696999916840824 0.014760217956923182 0.0012865017672395295 0 -0.0015246528367098455 0 0
leaf_weight=552 562 835 842 502 11627 588 696 677 544 951 9903 811 628 929 580 590 576
leaf_count=552 562 835 842 502 11627 588 696 677 544 951 9903 811 628 929 580 590 576
internal_value=-0.0102467 -0.0202817 -0.00443812 -0.021758 -0.0221194 0.00012522 0.000286824 0.000120179 -0.00181118 0.000411873 7.36205e-05 0.00242347 -0.000338562 -0.020082 -0.00198413 -0.0223441 -0.0212543
internal_weight=32393 16463 1404 15059 14224 15930 14798 14102 1849 12253 10491 1762 1305 1431 1132 12793 1166
internal_count=32393 16463 1404 15059 14224 15930 14798 14102 1849 12253 10491 1762 1305 1431 1132 12793 1166
is_linear=0
shrinkage=0.03


end of trees

feature_importances:
drop_from_max=480
forecast_gap_from_max_so_far=367
minutes_since_midnight=324
forecast_age_minutes=200
day_sin=137
min_so_far=135
day_cos=133
time_since_max=123
max_so_far=114
pressure_current=108
range_so_far=108
wind_offshore_highland_mean=99
dew_point_spread=95
temp_change_60m=87
wind_ref_mean=72
dew_point_current=66
forecast_max_temp=63
forecast_min_temp=56
wind_offshore_highland_max=55
temp_current=46
wind_ref_max=37
rh_current=36
pressure_change_180m=31
forecast_range=29
dew_point_spread_change_60m=28
month_sin=24
temp_slope_60m=23
wind_data_age_minutes=23
wind_victoria_harbour_max=19
month_cos=19
temp_volatility_60m=17
wind_victoria_harbour_mean=16
pressure_change_60m=15
wind_all_change_60m=15
temp_change_30m=10
is_morning=7
is_afternoon=4
wind_kings_park_current=3
is_evening=3
temp_slope_30m=2
rh_change_60m=2
rainfall_120m=2

parameters:
[boosting: gbdt]
[objective: quantile]
[metric: quantile]
[tree_learner: serial]
[device_type: cpu]
[data_sample_strategy: bagging]
[data: ]
[valid: ]
[num_iterations: 1500]
[learning_rate: 0.03]
[num_leaves: 31]
[num_threads: 4]
[seed: 42]
[deterministic: 0]
[force_col_wise: 0]
[force_row_wise: 0]
[histogram_pool_size: -1]
[max_depth: 6]
[min_data_in_leaf: 500]
[min_sum_hessian_in_leaf: 0.001]
[bagging_fraction: 0.8]
[pos_bagging_fraction: 1]
[neg_bagging_fraction: 1]
[bagging_freq: 1]
[bagging_seed: 400]
[bagging_by_query: 0]
[feature_fraction: 0.8]
[feature_fraction_bynode: 1]
[feature_fraction_seed: 30056]
[extra_trees: 0]
[extra_seed: 12879]
[early_stopping_round: 0]
[early_stopping_min_delta: 0]
[first_metric_only: 0]
[max_delta_step: 0]
[lambda_l1: 0]
[lambda_l2: 2]
[linear_lambda: 0]
[min_gain_to_split: 0]
[drop_rate: 0.1]
[max_drop: 50]
[skip_drop: 0.5]
[xgboost_dart_mode: 0]
[uniform_drop: 0]
[drop_seed: 17869]
[top_rate: 0.2]
[other_rate: 0.1]
[min_data_per_group: 100]
[max_cat_threshold: 32]
[cat_l2: 10]
[cat_smooth: 10]
[max_cat_to_onehot: 4]
[top_k: 20]
[monotone_constraints: ]
[monotone_constraints_method: basic]
[monotone_penalty: 0]
[feature_contri: ]
[forcedsplits_filename: ]
[refit_decay_rate: 0.9]
[cegb_tradeoff: 1]
[cegb_penalty_split: 0]
[cegb_penalty_feature_lazy: ]
[cegb_penalty_feature_coupled: ]
[path_smooth: 0]
[interaction_constraints: ]
[verbosity: -1]
[saved_feature_importance_type: 0]
[use_quantized_grad: 0]
[num_grad_quant_bins: 4]
[quant_train_renew_leaf: 0]
[stochastic_rounding: 1]
[linear_tree: 0]
[max_bin: 255]
[max_bin_by_feature: ]
[min_data_in_bin: 3]
[bin_construct_sample_cnt: 200000]
[data_random_seed: 175]
[is_enable_sparse: 1]
[enable_bundle: 1]
[use_missing: 1]
[zero_as_missing: 0]
[feature_pre_filter: 1]
[pre_partition: 0]
[two_round: 0]
[header: 0]
[label_column: ]
[weight_column: ]
[group_column: ]
[ignore_column: ]
[categorical_feature: ]
[forcedbins_filename: ]
[precise_float_parser: 0]
[parser_config_file: ]
[objective_seed: 16083]
[num_class: 1]
[is_unbalance: 0]
[scale_pos_weight: 1]
[sigmoid: 1]
[boost_from_average: 1]
[reg_sqrt: 0]
[alpha: 0.25]
[fair_c: 1]
[poisson_max_delta_step: 0.7]
[tweedie_variance_power: 1.5]
[lambdarank_truncation_level: 30]
[lambdarank_norm: 1]
[label_gain: ]
[lambdarank_position_bias_regularization: 0]
[eval_at: ]
[multi_error_top_k: 1]
[auc_mu_weights: ]
[num_machines: 1]
[local_listen_port: 12400]
[time_out: 120]
[machine_list_filename: ]
[machines: ]
[gpu_platform_id: -1]
[gpu_device_id: -1]
[gpu_use_dp: 0]
[num_gpu: 1]

end of parameters

pandas_categorical:[]
