tree
version=v4
num_class=1
num_tree_per_iteration=1
label_index=0
max_feature_idx=114
objective=quantile
feature_names=temp_current rh_current max_so_far_1m min_so_far_1m range_so_far_1m time_since_max_1m time_since_min_1m drop_from_max_1m rise_from_min_1m temp_change_5m temp_change_15m temp_change_30m temp_change_60m temp_acceleration_30m temp_std_30m temp_std_60m rh_change_15m rh_change_30m rh_change_60m rh_mean_30m rh_mean_60m rh_std_60m temp_x_rh dew_point_c dew_point_spread hour minute minutes_since_midnight month day_of_year month_sin month_cos day_sin day_cos is_morning is_afternoon is_evening is_night rainfall_60m rainfall_120m rainfall_60m_missing_flag rainfall_120m_missing_flag rain_cooling_60m rain_cooling_120m post_peak_rain_flag morning_peak_rain_flag rain_nc_nearest_mm_sum_30m rain_nc_nearest_mm_sum_60m rain_nc_nearest_mm_sum_90m rain_nc_nearest_mm_sum_120m rain_nc_mean_r5km_sum_30m rain_nc_mean_r5km_sum_60m rain_nc_mean_r5km_sum_90m rain_nc_mean_r5km_sum_120m rain_nc_max_r5km_sum_30m rain_nc_max_r5km_sum_60m rain_nc_max_r5km_sum_90m rain_nc_max_r5km_sum_120m rain_nc_min_r5km_sum_30m rain_nc_min_r5km_sum_60m rain_nc_min_r5km_sum_90m rain_nc_min_r5km_sum_120m rain_nc_p90_r5km_sum_30m rain_nc_p90_r5km_sum_60m rain_nc_p90_r5km_sum_90m rain_nc_p90_r5km_sum_120m rain_nc_area_gt0_r5km_sum_30m rain_nc_area_gt0_r5km_sum_60m rain_nc_area_gt0_r5km_sum_90m rain_nc_area_gt0_r5km_sum_120m rain_nc_area_gt5_r5km_sum_30m rain_nc_area_gt5_r5km_sum_60m rain_nc_area_gt5_r5km_sum_90m rain_nc_area_gt5_r5km_sum_120m rain_nc_sum_0_60m rain_nc_sum_0_120m rain_nc_front_loaded_ratio rain_nc_any_0_120m rain_nc_heavy_0_120m rain_nc_valid_horizon_count rain_nc_missing_flag rain_nowcast_age_minutes rain_nowcast_missing_flag temp_change_180m_crossday temp_change_360m_crossday temp_change_720m_crossday temp_slope_360m_crossday temp_slope_720m_crossday temp_min_360m_crossday temp_min_720m_crossday temp_range_360m_crossday temp_std_360m_crossday dew_point_spread_min_360m rh_mean_360m rh_max_360m prev_18_temp prev_21_temp prev_2359_temp prev_evening_temp_change prev_evening_temp_min prev_evening_temp_range prev_evening_temp_slope prev_evening_rh_mean prev_evening_rh_max prev_evening_dew_point_mean prev_evening_rainfall_18_24 prev_evening_rain_flag cooling_since_prev_18 cooling_since_prev_21 distance_to_prev_evening_min dew_point_floor_gap is_before_evening_cooling_window daytime_warming_so_far afternoon_temp_drop_60m afternoon_temp_drop_120m
feature_infos=[6.4000000000000004:32.700000000000003] [0:99] [7.0999999999999996:36.600000000000001] [6.2999999999999998:32.700000000000003] [0:11.799999999999999] [0:1440] none [0:11.000000000000002] [0:7.5999999999999979] [-2.5:0.89999999999999858] [-5.3000000000000007:1.1999999999999993] [-5.5999999999999979:1.8000000000000007] [-6.5:2.1999999999999993] [-0.33333333333333381:0.36666666666666664] [0:2.3869954181851001] [0:2.5306237367841029] [-19:19] [-22:23] [-30:26] [26.433333333333334:99.099999999999994] [27:99.033333333333331] [0:10.04205844700715] [0:2706.2999999999997] [-9.0478500729015376:28.173248881569027] [0:20.036582961469684] [0:7] [0:55] [0:475] [1:12] [1:366] [-1:1] [-1:1] [-0.9999994220246925:0.99998555065071859] [-0.99997919295908233:0.9999907524084426] [0:1] none none [0:1] [0:73] [0:103] [0:1] [0:1] [0:2.3000000000000007] [0:2.3000000000000007] none none [0:46.369999999999997] [0:48.130000000000003] [0:39.240000000000002] [0:56.509999999999998] [0:32.677894736842106] [0:40.998947368421057] [0:34.484736842105264] [0:34.30263157894737] [0:65.709999999999994] [0:88.680000000000007] [0:74.129999999999995] [0:72.609999999999999] [0:17.93] [0:16.77] [0:17.440000000000001] [0:16.050000000000001] [0:53.629999999999988] [0:70.091999999999985] [0:60.157999999999994] [0:68.652000000000001] [0:1] [0:1] [0:1] [0:1] [0:1] [0:1] [0:1] [0:1] [0:65.310000000000002] [0:110.75315789473684] [0:1] [0:1] [0:1] [0:4] none none none [-6.9000000000000021:3.4000000000000021] [-7.5999999999999996:3.6000000000000014] [-10.300000000000001:5] [-1.2666666666666666:0.6000000000000002] [-0.85833333333333339:0.41666666666666669] [0:32.5] [0:32.299999999999997] [0:7.6999999999999993] [0:3.0901605010085977] [-9.5019775675475984:27.488492859421374] [0:98.830555555555549] [0:100] [0:34.700000000000003] [0:33] [0:32.700000000000003] [-6.4000000000000021:2.4000000000000021] [0:32.600000000000001] [0:6.6000000000000014] [-0.017777777777777785:0.0066666666666666723] [0:97.63333333333334] [0:99] [-4.6461689961472379:28.414496378869863] none none [-8.5999999999999979:14.299999999999999] [-8.2999999999999972:13.1] [-12.399999999999999:8.5999999999999979] [0:20.036582961469684] none [0:11.799999999999999] none none
tree_sizes=2911 3034 3098 3079 3072 3086 3083 3070 3098 3073 3097 3080 3083 3083 3094 3085 3091 3075 3069 3081 3109 3091 3090 3092 3092 3084 3097 3101 3098 3086 3069 3097 3094 3100 3105 3070 3094 3086 3088 3083 3107 3099 3084 3094 3090 3071 3066 3076 3082 3097 3095 3117 3074 3086 3112 3085 3103 3088 3094 3101 3098 3103 3105 3100 3058 3086 3093 3104 3100 3099 3107 3100 3082 3097 3089 3122 3112 3128 3123 3107 3096 3122 3102 3114 3108 3107 3108 3118 3132 3104 3130 3110 3102 3123 3106 3099 3080 3118 3093 3098 3085 3109 3095 3099 3115 3107 3108 3098 3106 3117 3115 3118 3099 3119 3113 3127 3106 3090 3117 3103 3114 3099 3098 3126 3105 3121 3116 3091 3098 3106 3101 3088 3120 3099 3094 3084 3109 3120 3082 3126 3118 3133 3100 3100 3118 3076 3110 3113 3099 3120 3094 3072 3083 3074 3081 3093 3100 3067 3103 3118 3088 3066 3112 3124 3102 3114 3062 3085 3097 3106 3083 3080 3095 3076 3082 3078 3054 3088 3085 3105 3063 3106 3075 3083 3077 3061 3104 3097 3059 3105 3113 3083 3066 3085 3079 3097 3065 3080 3080 3061 3099 3055 3074 3076 3129 3083 3107 3111 3100 3080 3094 3109 3094 3087 3109 3066 3085 3094 3094 3107 3138 3092 3119 3101 3105 3073 3052 3093 3077 3096 3103 3047 3084 3133 3094 3104 3090 3065 3101 3076 3101 3088 3089 3119 3115 3065 3118 3108 3114 3053 3092 3134 3061 3103 3073 3037 3095 3115 3079 3068 3096 3057 3113

Tree=0
num_leaves=31
num_cat=0
split_feature=27 8 93 27 4 27 83 27 93 12 83 20 5 84 94 94 85 8 15 20 3 29 32 27 85 29 96 4 27 20
split_gain=10991.6 2132.57 1146.35 845.393 451.09 432.835 382.326 372.126 259.773 235.651 192.764 174.903 137.063 127.921 109.952 96.4897 85.488 84.2464 81.2343 71.5681 61.5782 61.5275 58.0423 52.6122 52.168 51.3686 49.9558 49.8474 47.7365 45.8408
threshold=247.50000000000003 0.25000000000000006 81.759722222222237 332.50000000000006 1.7000000000000004 157.50000000000003 -0.74999999999999989 162.50000000000003 90.531944444444449 -0.34999999999999959 -0.74999999999999989 80.267261904761924 159.50000000000003 -0.84999999999999953 60.500000000000007 85.500000000000014 -2.899999999999999 1.0000000180025095e-35 0.056648385219928162 82.41801075268819 25.850000000000005 86.500000000000014 0.7210268013660811 382.50000000000006 -1.2499999999999998 122.50000000000001 27.650000000000002 1.0000000000000011 292.50000000000006 81.534523809523833
decision_type=2 2 2 2 2 2 2 2 2 2 2 2 2 2 2 2 2 2 2 2 2 2 2 2 2 2 2 2 2 2
left_child=1 2 7 6 15 8 11 12 17 -5 29 -2 13 -1 -8 24 -12 -4 26 28 25 -20 -13 -11 -3 -17 -7 -22 -16 -9
right_child=3 4 5 9 -6 18 14 10 -10 23 16 22 -14 -15 19 20 -18 -19 21 -21 27 -23 -24 -25 -26 -27 -28 -29 -30 -31
leaf_value=0.31800001084804536 0.30600001156330109 0.30900001227855683 0.31200001120567322 0.29700001165270806 0.29100001156330108 0.29700001165270806 0.30600001156330109 0.31800001084804536 0.30000001192092896 0.29100001156330108 0.30600001156330109 0.29700001165270806 0.29100001156330108 0.31200001120567322 0.30000001192092896 0.2940000116080046 0.30300001174211499 0.30900001227855683 0.30600001156330109 0.2940000116080046 0.30300001174211499 0.30000001192092896 0.30600001156330109 0.29100001156330108 0.2940000116080046 0.29100001156330108 0.30300001174211499 0.29100001156330108 0.29700001165270806 0.30600001156330109
leaf_weight=22613 3165 2066 12625 5173 4025 5744 474 3504 5804 19436 5859 2351 306 16384 5976 2077 6018 10257 2676 19161 2366 6886 794 38780 615 2047 1657 683 5294 555
leaf_count=22613 3165 2066 12625 5173 4025 5744 474 3504 5804 19436 5859 2351 306 16384 5976 2077 6018 10257 2676 19161 2366 6886 794 38780 615 2047 1657 683 5294 555
internal_value=0.298845 0.305191 0.306707 0.291607 0.294165 0.30319 0.295196 0.309615 0.305436 0.2895 0.305747 0.301925 0.311182 0.311339 0.293822 0.297623 0.303818 0.306874 0.299391 0.293599 0.295808 0.301217 0.296915 0.288954 0.302478 0.293418 0.297031 0.299041 0.295496 0.31139
internal_weight=215371 114767 100888 100604 13879 45649 37215 55239 28686 63389 15936 6310 39303 38997 30905 9854 11877 22882 16963 30431 7173 9562 3145 58216 2681 4124 7401 3049 11270 4059
internal_count=215371 114767 100888 100604 13879 45649 37215 55239 28686 63389 15936 6310 39303 38997 30905 9854 11877 22882 16963 30431 7173 9562 3145 58216 2681 4124 7401 3049 11270 4059
is_linear=0
shrinkage=1


Tree=1
num_leaves=31
num_cat=0
split_feature=34 5 94 84 5 93 12 29 12 5 84 12 4 84 29 33 22 4 5 104 11 88 4 84 94 5 87 96 102 89
split_gain=7329.59 2962.44 1882.55 763.78 599.278 556.842 394.627 245.536 237.184 182.105 177.817 175.525 174.952 124.77 120.171 111.028 106.772 101.565 85.425 75.3877 50.3188 46.4139 46.7605 45.0331 44.9912 43.9932 34.856 27.9849 25.8946 32.665
threshold=1.0000000180025095e-35 199.50000000000003 88.500000000000014 -0.79999999999999793 375.50000000000006 74.270833333333357 1.0000000180025095e-35 196.50000000000003 -0.34999999999999959 129.50000000000003 -0.50000000000000122 -0.15000000000000033 0.3499999999999997 -1.4999999999999993 108.50000000000001 0.080547328232315238 1852.0000000000002 0.2999999999999981 277.50000000000006 22.481991647770453 -1.0000000180025095e-35 26.250000000000004 0.99999999999999922 -1.3 61.500000000000007 269.50000000000006 -0.38333333333333336 27.450000000000003 79.634722222222237 28.950000000000003
decision_type=2 2 2 2 2 2 2 2 2 2 2 2 2 2 2 2 2 2 2 2 2 2 2 2 2 2 2 2 2 2
left_child=1 2 3 9 5 13 10 17 26 23 14 15 -9 25 -4 -7 -11 -5 -13 -12 -10 27 -23 -1 -15 -3 -2 -8 29 -22
right_child=8 4 6 7 -6 11 21 12 20 16 19 18 -14 24 -16 -17 -18 -19 -20 -21 28 22 -24 -25 -26 -27 -28 -29 -30 -31
leaf_value=0.020459999674558638 0.009090000365674495 0.011819999295473099 0.011819999295473099 0.0086400003790855408 -0.008730000346899032 -0.0029100002601742747 -0.008730000346899032 0.011639999306201933 -0.008730000346899032 0.014460000032186508 -0.0029100002601742747 -0.0030000002682209013 0.0057299996316432945 0.0058199996531009667 0.0029999998211860655 0.00018000000938773076 0.0029999998211860655 0.0026399998426437374 -0.0059100003048777579 0.0029099998265504842 -0.008730000346899032 0.0029099998265504842 -0.008730000346899032 0.011819999295473099 0 0.003269999831914902 -0.0059100003048777579 -0.008730000346899032 -0.008730000346899032 -0.008730000346899032
leaf_weight=13844 423 2064 5829 8182 3870 6973 5730 9915 10018 5578 8196 13673 7508 513 9657 5746 4519 11140 8838 7282 17513 1581 744 14764 3581 2118 3616 1382 19416 1233
leaf_count=13844 423 2064 5829 8182 3870 6973 5730 9915 10018 5578 8196 13673 7508 513 9657 5746 4519 11140 8838 7282 17513 1581 744 14764 3581 2118 3616 1382 19416 1233
internal_value=-0.00049446 0.0026353 0.00521981 0.00801818 -0.0036847 -0.00267819 -6.31157e-06 0.00492013 -0.0102774 0.0109592 0.00163055 -0.00432318 0.00750258 0.00432403 0.00390327 -0.0015059 0.00749406 0.00259121 -0.00591485 -0.000643452 -0.0108628 -0.00537667 -0.00169604 0.0121818 0.000600733 0.00796797 -0.00329332 -0.0065795 -0.01136 -0.0121571
internal_weight=215446 163227 115851 75450 47376 43506 40401 36745 52219 38705 30964 35230 17423 8276 15486 12719 10097 19322 22511 15478 48180 9437 2325 28608 4094 4182 4039 7112 38162 18746
internal_count=215446 163227 115851 75450 47376 43506 40401 36745 52219 38705 30964 35230 17423 8276 15486 12719 10097 19322 22511 15478 48180 9437 2325 28608 4094 4182 4039 7112 38162 18746
is_linear=0
shrinkage=0.03


Tree=2
num_leaves=31
num_cat=0
split_feature=25 5 25 94 1 11 84 25 83 83 29 11 85 1 83 93 110 93 89 33 83 83 25 102 104 89 4 109 25 84
split_gain=9567.19 1671.57 2094.15 959.606 502.924 482.618 320.359 289.651 275.191 201.408 158.578 101.904 101.347 98.2026 81.4033 75.9831 64.82 47.2971 45.9817 37.0166 36.4622 35.5567 32.9573 31.517 30.7908 29.1056 26.8205 25.8203 25.2617 23.7636
threshold=4.5000000000000009 301.50000000000006 2.5000000000000004 89.500000000000014 79.500000000000014 -0.15000000000000033 -0.79999999999999793 5.5000000000000009 -0.65000000000000024 -1.0000000180025095e-35 196.50000000000003 1.0000000180025095e-35 -3.1499999999999981 72.500000000000014 -0.74999999999999989 56.337500000000006 1.0570637736441653 79.134722222222237 28.050000000000004 0.76556758748011056 -0.34999999999999959 -0.70000000000000051 5.5000000000000009 80.386111111111134 14.191989762055238 28.950000000000003 1.0000000000000011 -3.6000000000000001 5.5000000000000009 -1.8500000000000012
decision_type=2 2 2 2 2 2 2 2 2 2 2 2 2 2 2 2 2 2 2 2 2 2 2 2 2 2 2 2 2 2
left_child=1 2 3 6 8 14 17 13 29 12 -8 16 -6 20 22 -10 -5 -1 -11 -15 -7 -9 -2 25 -21 -23 -13 -25 -16 -4
right_child=5 -3 4 11 9 7 10 21 15 18 -12 26 -14 19 28 -17 -18 -19 -20 24 -22 23 -24 27 -26 -27 -28 -29 -30 -31
leaf_value=0.019846199684321879 0.0028145998316332697 -0.0084681003364920609 0.014465400031864643 8.7300007805228842e-05 0.00027000001743435751 0.00026460001044720461 0.0083808003677129754 -0.0084681003364920609 0.011645399305880069 -0.0085581003378331667 0.014290800042271614 -0.00017729998943209589 -0.0027300002507865437 -0.0084681003364920609 -0.0028254002591148026 0.0024707998527288442 0.0062618996527791021 0.011105399338066577 0.0032699998386204231 -0.0058092002974748603 -0.0059100003048777579 -0.0084681003364920609 -0.0027327002510279417 -0.0084681003364920609 -0.0029154002604559063 -0.0084681003364920609 -0.0084681003364920609 -0.0084681003364920609 -0.0057327002957314249 0.010846199326694011
leaf_weight=20548 2196 3907 2335 4103 11552 1658 13817 3580 590 6871 12390 4231 18620 15079 3038 8775 12369 12362 517 1322 885 21362 2630 799 2060 1513 522 19326 3515 3073
leaf_count=20548 2196 3907 2335 4103 11552 1658 13817 3580 590 6871 12390 4231 18620 15079 3038 8775 12369 12362 517 1322 885 21362 2630 799 2060 1513 522 19326 3515 3073
internal_value=-0.000410376 0.00439535 0.00496491 0.0080068 0.000294933 -0.00872277 0.00997133 -0.00968514 0.00498409 -0.00154948 0.00749599 0.00253486 -0.000462334 -0.00675982 -0.00300659 0.0018722 0.00365143 0.0119422 -0.00598863 -0.00752112 -0.00123231 -0.0110041 -4.97203e-05 -0.0112435 -0.00468223 -0.0120067 -0.00133467 -0.0103754 -0.00518386 0.0103716
internal_weight=215545 136582 132675 80342 52333 78963 59117 67584 14773 37560 26207 21225 30172 21004 11379 9365 16472 32910 7388 18461 2543 46580 4826 43000 3382 22875 4753 20125 6553 5408
internal_count=215545 136582 132675 80342 52333 78963 59117 67584 14773 37560 26207 21225 30172 21004 11379 9365 16472 32910 7388 18461 2543 46580 4826 43000 3382 22875 4753 20125 6553 5408
is_linear=0
shrinkage=0.03


Tree=3
num_leaves=31
num_cat=0
split_feature=27 8 27 27 24 4 1 83 11 5 86 23 83 85 29 20 27 86 8 20 94 10 85 83 32 83 27 4 85 8
split_gain=9653.94 2218.84 1076.96 761.162 664.802 466.844 440.669 278.651 246.429 184.207 183.964 132.875 126.337 124.402 118.99 116.263 99.8347 77.1119 68.4581 63.4306 57.2328 51.6741 50.4283 45.6356 43.6367 42.544 38.7877 38.2272 36.7419 31.2506
threshold=272.50000000000006 0.25000000000000006 152.50000000000003 352.50000000000006 2.3476884231816819 1.8499999999999999 76.500000000000014 -0.65000000000000024 -0.15000000000000033 153.50000000000003 -0.133333333333333 18.07896531512554 -0.65000000000000024 -2.899999999999999 98.500000000000014 93.017261904761924 167.50000000000003 -0.10833333333333338 1.0000000180025095e-35 85.085144927536234 85.500000000000014 -0.15000000000000033 -0.85000000000000131 -1.2499999999999998 0.39036257410962044 -0.70000000000000184 317.50000000000006 1.0000000000000011 -1.2499999999999998 0.35000000000000148
decision_type=2 2 2 2 2 2 2 2 2 2 2 2 2 2 2 2 2 2 2 2 2 2 2 2 2 2 2 2 2 2
left_child=1 2 4 7 15 16 12 11 23 10 -6 -2 -4 14 -8 17 20 -1 26 -15 28 -13 -17 -5 -14 -10 -9 -22 -3 -20
right_child=3 5 6 8 9 -7 13 18 25 -11 -12 21 24 19 -16 22 -18 -19 29 -21 27 -23 -24 -25 -26 -27 -28 -29 -30 -31
leaf_value=0.011097542337754366 0.0029839618339618295 0.011399375267704724 0.014494614030928015 0.00034928102472379816 0.016510012989909052 -0.0082140573263973001 0.0062591996590420597 -0.0026479382432544971 -0.0082140573263973001 -0.0082140573263973001 0.011129375283797979 0.0029155618396481124 0.0078808143714970361 0.0023093758363330365 0.0023968378571373227 0.0027221428369671105 -0.0082113573263570671 0.0028994428394079207 -0.0057217382896611836 -0.0025662002422437067 -0.00017198098974913255 -0.0056613572950646287 -0.0059073813054361926 -0.0053861192842577389 0.0024812758521044254 -0.0082140573263973001 -0.005298657282954455 -0.0082140573263973001 -0.0036373622235256445 -0.008304057327738406
leaf_weight=6612 4178 1169 4615 1191 27004 4121 4098 5196 3666 311 20651 831 3147 10064 11027 2569 6172 6598 14513 10347 3366 2391 1534 5281 1504 44399 3860 465 384 4112
leaf_count=6612 4178 1169 4615 1191 27004 4121 4098 5196 3666 311 20651 831 3147 10064 11027 2569 6172 6598 14513 10347 3366 2391 1534 5281 1504 44399 3860 465 384 4112
internal_value=-0.000417733 0.00494398 0.00644778 -0.00794162 0.00890602 -0.00561519 0.00286588 -0.00449419 -0.0101591 0.0107249 0.0108751 0.000676936 0.00869213 0.00134648 0.00340837 0.00386652 -0.00252315 0.00523655 -0.00587656 -0.000181511 0.000462396 -0.00390009 -0.000544591 -0.00466244 0.00520099 -0.0108991 -0.00373634 -0.00150705 0.00531853 -0.00691694
internal_weight=215376 125758 110081 89618 65279 15677 44802 35081 54537 47966 47655 7400 9266 35536 15125 17313 11556 13210 27681 20411 5384 3222 4103 6472 4651 48065 9056 3831 1553 18625
internal_count=215376 125758 110081 89618 65279 15677 44802 35081 54537 47966 47655 7400 9266 35536 15125 17313 11556 13210 27681 20411 5384 3222 4103 6472 4651 48065 9056 3831 1553 18625
is_linear=0
shrinkage=0.03


Tree=4
num_leaves=31
num_cat=0
split_feature=27 5 27 27 94 93 11 20 83 84 12 28 7 3 12 11 27 85 20 12 27 93 84 83 27 94 102 97 102 94
split_gain=9722.44 1807.86 1436.17 860.451 765.598 535.12 283.443 281.19 244.194 216.464 197.984 140.794 116.152 103.601 96.6461 85.5163 76.6692 75.7144 74.548 64.5543 60.01 45.3358 38.3532 36.9233 35.6005 32.4641 28.1904 27.7032 27.5487 24.288
threshold=267.50000000000006 277.50000000000006 142.50000000000003 342.50000000000006 89.500000000000014 79.46805555555558 -0.15000000000000033 78.817424242424252 -0.65000000000000024 -0.84999999999999953 -1.0000000180025095e-35 6.5000000000000009 1.3 27.550000000000004 0.09999999999999877 -0.15000000000000033 202.50000000000003 -2.800000000000002 93.151086956521752 -0.50000000000000255 392.50000000000006 73.762500000000003 -1.5000000000000011 0.09999999999999877 307.50000000000006 61.500000000000007 74.931944444444454 26.450000000000003 79.453415915915926 86.500000000000014
decision_type=2 2 2 2 2 2 2 2 2 2 2 2 2 2 2 2 2 2 2 2 2 2 2 2 2 2 2 2 2 2
left_child=1 2 4 7 9 8 19 12 21 29 16 -11 25 -12 18 -9 -7 -10 -6 -5 22 -4 27 24 -17 -2 -14 -8 -22 -1
right_child=3 -3 5 6 14 10 20 15 17 11 13 -13 26 -15 -16 23 -18 -19 -20 -21 28 -23 -24 -25 -26 -27 -28 -29 -30 -31
leaf_value=0.018755513304094952 0.0053754758316291711 -0.0079676356066053812 0.016157398536453527 0.00033880259398208376 0.0084524601121251583 0.0045415373100837885 -0.0019676355171984144 -0.0025685000959568627 0.0055094512263741914 0.00796565010328594 -0.0053962712780877215 0.013528194782489527 0.0026244429816251842 0.0026499947010421685 -0.0055476218637542461 -0.0052188165654436219 9.9948718094750037e-06 0.0024225539937786618 7.66644573849401e-05 -0.0052245357057300063 -0.0079676356066053812 0.0077027092689350186 -0.0079676356066053812 -0.0081270051789681039 -0.0053835861378868097 -0.0026662785339121959 0.0081984195174244628 -0.0079676356066053812 -0.0079676356066053812 0.010546936925311962
leaf_weight=21366 342 3912 4438 1716 10893 10424 1148 4126 5401 11561 11261 11977 1612 3335 2246 9283 11532 6016 3655 5569 16551 2222 16409 3038 7997 5192 1196 432 16961 3506
leaf_count=21366 342 3912 4438 1716 10893 10424 1148 4126 5401 11561 11261 11977 1612 3335 2246 9283 11532 6016 3655 5569 16551 2222 16409 3038 7997 5192 1196 432 16961 3506
internal_value=-0.000397993 0.00508586 0.00574107 -0.00780852 0.00874718 0.00215294 -0.00998027 -0.00391436 0.00637488 0.0106618 6.48374e-05 0.00859892 0.000841424 -0.00264301 0.00322775 -0.00553733 0.00186501 0.00371125 0.00412193 -0.00444071 -0.0107638 0.0109398 -0.00936437 -0.00633693 -0.00580001 -0.00168022 0.0058099 -0.00489564 -0.0115146 0.0126137
internal_weight=215317 123745 119833 91572 65204 54629 58786 32786 18077 48410 36552 23538 8342 14596 16794 24444 21956 11417 14548 7285 51501 6660 17989 20318 17280 5534 2808 1580 33512 24872
internal_count=215317 123745 119833 91572 65204 54629 58786 32786 18077 48410 36552 23538 8342 14596 16794 24444 21956 11417 14548 7285 51501 6660 17989 20318 17280 5534 2808 1580 33512 24872
is_linear=0
shrinkage=0.03


Tree=5
num_leaves=31
num_cat=0
split_feature=27 8 27 25 110 4 93 83 12 84 27 4 22 29 83 27 84 85 15 94 27 94 12 20 108 93 10 104 85 94
split_gain=9623.62 2232.32 1152.83 701.851 678.945 460.264 455.521 266.597 248.661 185.72 130.467 126.086 122.187 110.853 102.503 99.9386 98.7839 97.6311 85.6081 82.3999 65.0023 62.9774 52.7467 46.5463 43.8314 42.15 40.9014 37.9507 35.1277 29.7312
threshold=277.50000000000006 0.25000000000000006 157.50000000000003 5.5000000000000009 2.3476884231816819 1.8499999999999999 74.018055555555563 -0.59999999999999865 -0.34999999999999959 -0.79999999999999793 212.50000000000003 1.6000000000000008 1776.5500000000002 196.50000000000003 -0.65000000000000024 172.50000000000003 -0.45000000000000012 -2.5000000000000009 0.071428332430055128 93.500000000000014 312.50000000000006 85.500000000000014 -1.0000000180025095e-35 81.534523809523833 1.1500000000000006 56.337500000000006 -0.15000000000000033 22.395041635567591 -1.0999999999999985 75.500000000000014
decision_type=2 2 2 2 2 2 2 2 2 2 2 2 2 2 2 2 2 2 2 2 2 2 2 2 2 2 2 2 2 2
left_child=1 2 4 7 16 15 14 12 -5 11 17 -6 -2 -11 -4 21 19 -8 -12 -1 23 28 -10 -9 -23 -16 -14 -18 -3 -22
right_child=3 5 6 8 9 -7 10 20 22 13 18 -13 26 -15 25 -17 27 -19 -20 -21 29 24 -24 -25 -26 -27 -28 -29 -30 -31
leaf_value=0.010302902969303755 0.0024692096975408463 0.010818424506575004 0.013141253652940974 -0.0029042997622348477 0.01545204720108893 -0.0077286065384072188 0.0051409109791069945 -0.0025551837419026061 -0.0077286065384072188 0.0077365256111623214 -0.0024120975990020044 -0.0077286065384072188 0.00034435017289706439 0.013122348939014841 0.01385603352414371 -0.0078031284682237223 -0.00053651407845123063 0.00049807416898539516 0.0024634713655943916 0.0028234166074857662 -0.0026662977557804896 0.0014252912925199787 -0.0077286065384072188 -0.0053198836423132877 -0.0078012069506927543 0.0051775746220103563 -0.0053478875094360966 0.0050242855909039237 -0.0062804729462401648 -0.0077259065383669849
leaf_weight=6796 5062 1275 4213 3984 27583 4151 8979 3525 13641 10729 12310 302 891 10662 490 6227 4283 8133 7600 3819 1009 2342 34915 7689 1658 3124 2917 3086 358 13790
leaf_count=6796 5062 1275 4213 3984 27583 4151 8979 3525 13641 10729 12310 302 891 10662 490 6227 4283 8133 7600 3819 1009 2342 34915 7689 1658 3124 2917 3086 358 13790
internal_value=-0.000420958 0.00481537 0.00631188 -0.00809486 0.00879603 -0.00566294 0.00258629 -0.00479575 -0.0102851 0.0106169 0.00119601 0.0122303 -0.000304363 0.00851323 0.00916134 -0.00265323 0.00380651 0.00311693 -0.000455025 0.00565891 -0.00632717 0.000242279 -0.0108763 -0.00460366 -0.00178455 0.00545228 -0.00436335 0.00113772 0.00520502 -0.00763277
internal_weight=215543 128120 112109 87423 67260 16011 44849 34883 52540 49276 37022 27885 8870 21391 7827 11860 17984 17112 19910 10615 26013 5633 48556 11214 4000 3614 3808 7369 1633 14799
internal_count=215543 128120 112109 87423 67260 16011 44849 34883 52540 49276 37022 27885 8870 21391 7827 11860 17984 17112 19910 10615 26013 5633 48556 11214 4000 3614 3808 7369 1633 14799
is_linear=0
shrinkage=0.03


Tree=6
num_leaves=31
num_cat=0
split_feature=27 5 27 94 27 20 12 20 83 84 12 29 12 83 88 33 11 20 93 11 84 27 27 12 83 102 22 90 102 19
split_gain=9390.75 1688.77 1600.15 842.414 634.484 525.082 256.287 228.869 212.105 196.067 194.412 149.897 104.852 95.0624 90.9997 87.646 80.9926 76.9799 75.9716 49.2673 40.7254 39.2108 29.6483 27.4505 26.4274 26.1989 24.5607 24.4039 23.6807 25.4162
threshold=282.50000000000006 297.50000000000006 162.50000000000003 89.500000000000014 352.50000000000006 78.00833333333334 -0.24999999999999997 78.301785714285728 -0.65000000000000024 -0.79999999999999793 -1.0000000180025095e-35 196.50000000000003 1.0000000180025095e-35 -0.54999999999999971 28.150000000000002 -0.30164489695395946 -0.15000000000000033 93.270292207792224 56.337500000000006 -0.34999999999999959 -1.400000000000001 397.50000000000006 312.50000000000006 -0.50000000000000122 -1.1499999999999984 78.973611111111126 1968.1500000000003 1.8000000000000005 80.679166666666688 47.097619047619055
decision_type=2 2 2 2 2 2 2 2 2 2 2 2 2 2 2 2 2 2 2 2 2 2 2 2 2 2 2 2 2 2
left_child=1 2 3 9 7 8 19 13 27 20 15 -11 17 28 -12 -7 23 -5 -10 -6 -1 -8 -18 -9 26 -14 -21 -4 29 -2
right_child=4 -3 5 12 6 10 21 16 18 11 14 -13 25 -15 -16 -17 22 -19 -20 24 -22 -23 -24 -25 -26 -27 -28 -29 -30 -31
leaf_value=0.02072928720419517 0.0055769592389307739 -0.0074967483422550031 0.0093870153495546789 0.0074665562322910883 -3.2521756009496192e-05 -0.00019781629155685791 -0.0074967483422550031 0.0035738321834883854 0.01340198704685094 0.0073244298267341979 -0.0051757897963132038 0.012728678470844397 -0.0078485062070383499 -0.002748042240184061 0.0025883047543192616 0.002671050099844377 -0.005083058132106323 -2.3999876527741602e-06 0.002461447535985619 0.00075472966729047569 0.011988486857939868 -0.0074967483422550031 -0.0075715989133582941 -0.0025945562371103826 -0.0049060775047795385 -0.0010023241145474403 -0.0074967483422550031 0.015357638992873094 0.005733702436747771 0.00057272619420744794
leaf_weight=12166 377 3858 2246 11943 1542 11440 16217 785 611 12670 12879 11420 661 3753 2700 13169 8291 3806 6473 761 18414 31600 11033 3189 4093 2854 399 2944 785 2312
leaf_count=12166 377 3858 2246 11943 1542 11440 16217 785 611 12670 12879 11420 661 3753 2700 13169 8291 3806 6473 761 18414 31600 11033 3189 4093 2854 399 2944 785 2312
internal_value=-0.000502874 0.00456144 0.00515827 0.00800162 -0.0082509 0.0011511 -0.0101871 -0.00478658 0.00658167 0.00990251 -0.000507602 0.00787763 0.0026068 -0.000122441 -0.00312997 0.00115258 -0.00623331 0.00365238 0.00320536 -0.0047344 0.0114973 -0.0109619 -0.00703545 -0.00233208 -0.0061182 -0.00207765 -0.00211886 0.0111886 0.00345324 0.00211338
internal_weight=215391 130254 126396 73934 85137 52462 54612 30525 12274 54670 40188 24090 19264 7227 15579 24609 23298 15749 7084 6795 30580 47817 19324 3974 5253 3515 1160 5190 3474 2689
internal_count=215391 130254 126396 73934 85137 52462 54612 30525 12274 54670 40188 24090 19264 7227 15579 24609 23298 15749 7084 6795 30580 47817 19324 3974 5253 3515 1160 5190 3474 2689
is_linear=0
shrinkage=0.03


Tree=7
num_leaves=31
num_cat=0
split_feature=27 8 27 25 24 4 93 20 12 5 29 93 11 84 93 11 27 24 84 91 31 12 89 85 27 12 93 8 8 12
split_gain=9211.6 2060.29 1076.01 703.934 634.08 462.709 379.704 263.557 243.809 164.949 150.276 115.905 99.2232 97.9507 94.8684 93.5377 78.7378 76.3094 75.1905 65.0775 63.9714 52.8274 49.7746 44.7456 44.3989 38.7606 36.6017 29.6659 28.7079 27.6059
threshold=277.50000000000006 0.25000000000000006 172.50000000000003 5.5000000000000009 2.3476884231816819 1.8499999999999999 74.018055555555563 78.817424242424252 -0.34999999999999959 171.50000000000003 194.50000000000003 90.531944444444449 -0.15000000000000033 -1.4999999999999993 56.337500000000006 -0.15000000000000033 182.50000000000003 1.4927520193800865 -0.59999999999999865 0.4186836972922528 -0.5 -1.0000000180025095e-35 27.850000000000005 -0.85000000000000131 312.50000000000006 -0.15000000000000033 56.337500000000006 0.25000000000000006 1.0000000180025095e-35 -0.50000000000000122
decision_type=2 2 2 2 2 2 2 2 2 2 2 2 2 2 2 2 2 2 2 2 2 2 2 2 2 2 2 2 2 2
left_child=1 2 4 7 11 14 19 13 28 10 -6 18 29 -2 -3 20 22 -17 -1 26 -8 -10 -16 -13 27 -15 -4 -14 -5 -9
right_child=3 5 6 8 9 -7 15 12 21 -11 -12 23 24 25 16 17 -18 -19 -20 -21 -22 -23 -24 -25 -26 -27 -28 -29 -30 -31
leaf_value=0.0086763563235358575 0.0029498071553318854 0.020747679800684763 0.013354596362820596 -0.002008088274445935 0.010104695859048565 -0.0072718458919873528 -7.6367835470043106e-05 0.003218826022967912 -0.0072718458919873528 -0.0072718458919873528 0.014891055189705725 0.0025535481195415599 -0.0047862499993205458 0.00015612115489880286 -0.0025398804505556258 -0.0050922470204538307 -0.0074137609202876145 0.00015166953615508376 0.0020809844755178973 0.011926286895024224 0.0056221014524928921 -0.0072718458919873528 0.0093479788621803027 -0.0027242303332251725 -0.0073522002889854533 -0.0048553916184774113 0.0051075686134106901 -0.0075836372005652613 -0.0076811750992153722 -0.0025146692212778664
leaf_weight=8040 2840 301 376 2429 26247 4123 2370 890 13577 304 26898 3319 7472 2499 5409 3690 5523 21718 5169 3247 4591 34844 550 2963 12256 3615 3064 2054 1538 3521
leaf_count=8040 2840 301 376 2429 26247 4123 2370 890 13577 304 26898 3319 7472 2499 5409 3690 5523 21718 5169 3247 4591 34844 550 2963 12256 3615 3064 2054 1538 3521
internal_value=-0.000598014 0.0045339 0.00596882 -0.0080965 0.00812054 -0.00556925 0.00195023 -0.0048118 -0.0103001 0.00980964 0.00993574 0.00348835 -0.00633065 -0.000368509 -0.00254201 0.000605653 -0.00297832 -0.000238498 0.00508365 0.00845769 0.00368644 -0.0108859 -0.000586409 0.000133694 -0.00716155 -0.00250695 0.00557977 -0.00562402 -0.00314894 -0.00222688
internal_weight=215437 127902 111996 87535 72940 15906 39056 35147 52388 53449 53145 19491 26193 8954 11783 32369 11482 25408 13209 6687 6961 48421 5959 6282 21782 6114 3440 9526 3967 4411
internal_count=215437 127902 111996 87535 72940 15906 39056 35147 52388 53449 53145 19491 26193 8954 11783 32369 11482 25408 13209 6687 6961 48421 5959 6282 21782 6114 3440 9526 3967 4411
is_linear=0
shrinkage=0.03


Tree=8
num_leaves=31
num_cat=0
split_feature=27 8 27 24 25 20 4 20 12 5 8 27 83 8 11 83 24 85 20 89 83 11 94 27 8 109 98 94 83 27
split_gain=8833.24 1981.18 1101.94 630.035 617.182 362.72 299.206 237.694 237.601 207.114 159.16 159.043 106.263 96.0788 88.1298 80.7212 77.752 71.5012 59.8563 52.0935 48.8118 48.4239 43.0202 42.7963 40.3526 39.9413 37.3732 35.142 32.0955 31.8057
threshold=282.50000000000006 0.35000000000000148 182.50000000000003 2.5695944904698274 5.5000000000000009 74.900980392156882 1.2500000000000002 78.817424242424252 -0.34999999999999959 443.50000000000006 1.0000000180025095e-35 87.500000000000014 -0.65000000000000024 1.0000000180025095e-35 -0.24999999999999997 -0.34999999999999959 1.2268446188580315 -1.5000000000000002 90.338095238095249 25.750000000000004 -0.89999999999999891 -1.0000000180025095e-35 86.500000000000014 317.50000000000006 1.0000000180025095e-35 -0.59999999999999865 0.3499999999999997 61.500000000000007 -1.2499999999999998 122.50000000000001
decision_type=2 2 2 2 2 2 2 2 2 2 2 2 2 2 2 2 2 2 2 2 2 2 2 2 2 2 2 2 2 2
left_child=1 2 3 10 7 15 19 12 28 11 17 -5 -2 20 -9 -4 -12 -1 -15 22 -7 -10 -3 24 -16 -21 -24 -14 -6 -8
right_child=4 6 5 9 8 13 29 14 21 -11 16 -13 27 18 23 -17 -18 -19 -20 25 -22 -23 26 -25 -26 -27 -28 -29 -30 -31
leaf_value=0.0089402781247652531 0.0026357235118607274 -0.0021651480240859598 0.0089284975514600882 0.01580155462564924 0.00047698580994332939 0.0082466735153863598 -0.0070536905152277325 -3.9232404726817212e-05 -0.0070536905152277325 -0.0070536905152277325 -0.0033378204241024368 0.008185123880269856 0.0030359492420683342 -0.00024591739925672264 -0.0019594458527174112 0.0022271632171706134 0.0028935758127213219 0.0034540983702340891 -0.0054297322961852912 -0.0045432480530180532 0.00033661693088305578 -0.0070536905152277325 -0.0072813480940200903 -0.0071261823673161801 -0.0056288921211194373 0.0059476960856873901 0.0040105126276622285 -0.0027703140665668829 -0.0048676530675140607 -0.0073726032040326798
leaf_weight=8344 3122 1241 5360 27591 1280 1857 3529 1756 9879 316 3361 25466 331 13808 3452 1509 9125 5499 3816 719 13109 38244 2563 12032 7105 1250 315 4894 2714 1440
leaf_count=8344 3122 1241 5360 27591 1280 1857 3529 1756 9879 316 3361 25466 331 13808 3452 1509 9125 5499 3816 719 13109 38244 2563 12032 7105 1250 315 4894 2714 1440
internal_value=-0.000707419 0.00419962 0.00532682 0.00735669 -0.00824178 0.00122669 -0.00794764 -0.00501025 -0.0102687 0.00923006 0.00355887 0.00937436 -0.000641471 -9.3891e-05 -0.00650805 0.00749127 0.00110275 0.00577398 -0.00159489 -0.00348826 0.00167368 -0.0108523 -0.00540655 -0.00701129 -0.00561612 0.000525381 -0.00741924 -0.00325775 -0.00323655 -0.0134095
internal_weight=215027 130218 119161 79702 84809 39459 11057 32692 52117 53373 26329 53057 8347 32590 24345 6869 12486 13843 17624 6088 14966 48123 4119 22589 10557 1969 2878 5225 3994 4969
internal_count=215027 130218 119161 79702 84809 39459 11057 32692 52117 53373 26329 53057 8347 32590 24345 6869 12486 13843 17624 6088 14966 48123 4119 22589 10557 1969 2878 5225 3994 4969
is_linear=0
shrinkage=0.03


Tree=9
num_leaves=31
num_cat=0
split_feature=27 8 93 27 25 4 12 20 27 94 83 27 7 93 83 8 5 83 27 83 93 93 92 33 14 22 88 94 33 27
split_gain=8781.67 1927.76 977.686 793.948 550.24 299.972 284.534 275.1 264.025 192.774 138.87 134.764 107.433 99.9971 97.7831 87.6086 80.7121 79.9306 61.5179 57.7544 56.7734 50.5683 47.6472 45.194 42.9383 38.892 32.9776 30.8219 30.7261 30.3894
threshold=272.50000000000006 0.35000000000000148 79.312500000000014 342.50000000000006 1.5000000000000002 1.2500000000000002 -0.24999999999999997 78.817424242424252 187.50000000000003 93.500000000000014 -0.69999999999999962 197.50000000000003 1.9500000000000004 90.812500000000014 -0.79999999999999927 1.0000000180025095e-35 111.50000000000001 -0.39999999999999897 397.50000000000006 -1.2499999999999998 56.337500000000006 92.912500000000009 24.557688958354326 0.70747208174348741 0.081720015415685729 2376.1500000000001 26.250000000000004 61.500000000000007 0.76556758748011056 122.50000000000001
decision_type=2 2 2 2 2 2 2 2 2 2 2 2 2 2 2 2 2 2 2 2 2 2 2 2 2 2 2 2 2 2
left_child=1 2 8 7 9 22 19 14 12 16 -10 13 17 -6 -2 24 -4 -1 28 25 -12 -13 23 -3 -9 -5 -11 -16 -8 -7
right_child=3 5 4 6 11 29 18 15 10 26 20 21 -14 -15 27 -17 -18 -19 -20 -21 -22 -23 -24 -25 -26 -27 -28 -29 -30 -31
leaf_value=0.016415122500714308 0.005060258530616985 -0.0070629076511994878 0.0093275083445076307 0.0038374063978737936 0.0033794396096810454 -0.0068420797997709006 -0.0068420797997709006 -0.0021769701009923311 0.011035018693538363 0.00045763145771555601 0.009887142860165123 -7.5756251025756996e-05 -0.0068420797997709006 -0.0020284097450033664 0.0042288134049724996 -0.0069876209503300542 -0.0071404977896093718 0.010936546880102404 -0.0068420797997709006 -0.0042589930210460503 0.0021938477369609177 -0.0071184561251345316 0.0012672915488173902 0.00033982255917169521 0.00088021182374531208 -0.0062177025042692308 0.010664745169793328 -0.0021717081721466429 -0.0048724560865093906 -0.007151425107911699
leaf_weight=19875 2290 3414 23264 1239 17709 3498 15433 6776 3652 5057 452 18736 304 2902 448 14640 303 13600 31620 5983 6823 1473 1240 1171 1393 475 1153 5081 4207 1238
leaf_count=19875 2290 3414 23264 1239 17709 3498 15433 6776 3652 5057 452 18736 304 2902 448 14640 303 13600 31620 5983 6823 1473 1240 1171 1393 475 1153 5081 4207 1238
internal_value=-0.000757275 0.00435252 0.00547618 -0.00793634 0.00327778 -0.00791469 -0.00997193 -0.00401776 0.00894759 0.0063787 0.00489339 0.00101565 0.0102589 0.00272244 0.000838235 -0.00568238 0.00761774 0.0104202 -0.0107795 -0.00459275 0.00249656 -0.000725136 -0.00335479 -0.00476559 -0.00319278 0.000262391 0.00167606 -0.00132098 -0.00945929 -0.0135212
internal_weight=215449 125864 115303 89585 70597 10561 58957 30628 44706 29777 10927 40820 33779 20611 7819 22809 23567 33475 51260 7697 7275 20209 5825 4585 8169 1714 6210 5529 19640 4736
internal_count=215449 125864 115303 89585 70597 10561 58957 30628 44706 29777 10927 40820 33779 20611 7819 22809 23567 33475 51260 7697 7275 20209 5825 4585 8169 1714 6210 5529 19640 4736
is_linear=0
shrinkage=0.03


Tree=10
num_leaves=31
num_cat=0
split_feature=27 8 27 27 24 4 20 20 12 84 20 84 11 83 93 8 33 87 7 27 12 83 4 3 83 8 27 90 102 8
split_gain=8653.17 1938.52 919.265 702.701 556.082 459.818 308.76 258.289 255.165 195.015 146.285 102.602 100.722 94.5541 87.6683 83.1983 81.6615 108.126 77.9638 75.6738 61.8172 60.4414 55.1952 52.2596 38.2967 36.5935 35.0319 32.291 31.453 28.5402
threshold=277.50000000000006 0.25000000000000006 182.50000000000003 352.50000000000006 2.7440299079991104 1.8499999999999999 74.900980392156882 78.817424242424252 -0.34999999999999959 -1.1000000000000008 93.017261904761924 -0.40000000000000119 -0.15000000000000033 -0.49999999999999906 57.604166666666671 1.0000000180025095e-35 0.097680735332368748 -0.24166666666666661 1.6500000000000006 192.50000000000003 -1.0000000180025095e-35 -0.34999999999999959 1.0000000000000011 27.150000000000002 -0.69999999999999962 0.35000000000000148 317.50000000000006 1.6000000000000012 80.588888888888903 1.0000000180025095e-35
decision_type=2 2 2 2 2 2 2 2 2 2 2 2 2 2 2 2 2 2 2 2 2 2 2 2 2 2 2 2 2 2
left_child=1 2 4 7 10 14 21 13 29 18 11 -1 -9 27 -3 -11 23 -18 -6 22 -10 -4 -16 -8 -12 26 -14 -2 -29 -5
right_child=3 5 6 8 9 -7 16 12 20 15 24 -13 25 -15 19 -17 17 -19 -20 -21 -22 -23 -24 -25 -26 -27 -28 28 -30 -31
leaf_value=0.0067056362987129034 4.6390320136779907e-05 0.01676407690436069 0.0085825107958329549 -0.0016740462435557535 0.015956399913719162 -0.0066368174057777739 -0.0024975952979752239 -0.0020559366619646918 -0.0066368174057777739 0.011097943415855342 0.0049954291070334351 0.0022362141821088088 -0.0043135694943864352 -0.0030767632951757694 0.00012925792048230412 0.0072729911650511658 0.0054220698330946062 2.8180436750241397e-06 -0.0066368174057777739 -0.0067690984046370932 -0.0066368174057777739 0.0022194722909463804 -0.0070440314957689217 0.00010664947610002583 -0.0027598553180669064 -0.0068694011829871183 -0.0043769517049949726 0.0022304779476167848 0.0077799047970033043 -0.0072546605887063706
leaf_weight=15674 2219 342 5031 2620 17928 4164 7625 4137 14569 16105 1471 8083 9117 3643 5748 13826 4208 7708 309 5027 35934 1192 720 9478 3331 3261 7952 1861 662 1574
leaf_count=15674 2219 342 5031 2620 17928 4164 7625 4137 14569 16105 1471 8083 9117 3643 5748 13826 4208 7708 309 5027 35934 1192 720 9478 3331 3261 7952 1861 662 1574
internal_value=-0.000835816 0.00413625 0.00553206 -0.00810343 0.0073743 -0.00563086 0.00152115 -0.00463519 -0.0101864 0.00934086 0.00405725 0.00502252 -0.00619237 -9.12235e-05 -0.00261404 0.00785029 0.00022071 0.00212721 0.0117867 -0.00305976 -0.0107769 0.00758435 -0.000913588 -0.00110764 -0.000718301 -0.00706065 -0.00650351 0.00270082 0.00502179 -0.00307509
internal_weight=215519 127970 111969 87549 76727 16001 35242 32852 54697 48168 28559 23757 24467 8385 11837 29931 29019 11916 18237 11495 50503 6223 6468 17103 4802 20330 17069 4742 2523 4194
internal_count=215519 127970 111969 87549 76727 16001 35242 32852 54697 48168 28559 23757 24467 8385 11837 29931 29019 11916 18237 11495 50503 6223 6468 17103 4802 20330 17069 4742 2523 4194
is_linear=0
shrinkage=0.03


Tree=11
num_leaves=31
num_cat=0
split_feature=27 5 27 25 19 94 84 20 27 84 10 32 7 7 10 27 84 20 84 103 27 85 103 33 15 2 94 29 32 94
split_gain=8471.75 1564.99 1419.27 562.237 557.61 502.809 233.486 212.217 206.139 204.899 172.718 149.277 118.121 83.9729 81.2729 80.9624 80.5996 75.8608 65.2062 44.858 40.683 31.0565 29.0995 29.0503 26.7633 25.3581 24.0257 25.6325 23.9665 23.8808
threshold=287.50000000000006 307.50000000000006 137.50000000000003 5.5000000000000009 79.839743589743605 89.500000000000014 -1.1999999999999973 78.301785714285728 217.50000000000003 -1.3500000000000012 -0.15000000000000033 -0.72696319516528884 0.15000000000000038 0.15000000000000038 -0.15000000000000033 212.50000000000003 -1.4999999999999993 93.017261904761924 -1.7000000000000004 89.500000000000014 317.50000000000006 -0.74999999999999989 82.500000000000014 0.6174544326165855 0.16350676829060737 30.050000000000004 60.500000000000007 298.50000000000006 0.7090011537757156 85.500000000000014
decision_type=2 2 2 2 2 2 2 2 2 2 2 2 2 2 2 2 2 2 2 2 2 2 2 2 2 2 2 2 2 2
left_child=1 2 5 7 9 6 29 16 12 23 24 -8 -6 -10 -9 -11 -2 19 28 -7 -16 -19 25 -4 -5 -20 -18 -28 -12 -1
right_child=3 -3 4 10 8 17 11 14 13 15 18 -13 -14 -15 20 -17 26 21 22 -21 -22 -23 -24 -25 -26 -27 27 -29 -30 -31
leaf_value=0.01821548462117566 0.0026608366274750118 -0.0064377128836044413 0.0076827407626391016 -0.0038421187069002326 -0.0051171382494715001 0.0037235463547792714 0.011690561961100864 -0.0010682956408875166 -0.0066479474695243903 0.0053179036250004608 -0.0064377128836044413 0.0083617394324744607 0.0023537004990683503 -0.0019740630557340782 -0.0043047208185382187 0.0014957985123229755 0.002817609253425521 0.0022303795046191028 -0.0064377128836044413 0.0075182118572494029 -0.0064967381452164207 -0.005099975823355531 -0.0064377128836044413 0.015762382229351144 0.00031179328313985205 -0.0064377128836044413 -0.004486853570600028 -0.00045454662226208253 -0.0034377128389009581 0.0097359056664961894
leaf_weight=12951 2399 3862 2589 2123 4190 5854 7898 1991 2613 7053 2640 22765 20123 18937 9204 6635 309 2810 18064 5909 12234 1583 27218 3419 1160 728 3081 1495 665 3146
leaf_count=12951 2399 3862 2589 2123 4190 5854 7898 1991 2613 7053 2640 22765 20123 18937 9204 6635 309 2810 18064 5909 12234 1583 27218 3419 1160 728 3081 1495 665 3146
internal_value=-0.000899796 0.00381806 0.00438374 -0.00839393 0.00129477 0.0076024 0.0091788 -0.00516849 -0.00051838 0.00551658 -0.0102772 0.00764235 0.00137513 -0.00265463 -0.0065589 0.00348893 -0.000695951 0.00303955 -0.0107208 0.00429573 -0.00709735 -0.000324306 -0.0110132 0.0101348 -0.00361297 -0.0119231 -0.00290729 -0.00345423 -0.00664701 0.0121049
internal_weight=215648 132337 128475 83311 65559 62916 46760 30713 45863 19696 52598 30663 24313 21550 23429 13688 7284 16156 49315 11763 21438 4393 46010 6008 3283 18792 4885 4576 3305 16097
internal_count=215648 132337 128475 83311 65559 62916 46760 30713 45863 19696 52598 30663 24313 21550 23429 13688 7284 16156 49315 11763 21438 4393 46010 6008 3283 18792 4885 4576 3305 16097
is_linear=0
shrinkage=0.03


Tree=12
num_leaves=31
num_cat=0
split_feature=27 8 93 25 27 112 20 27 12 94 83 8 84 83 11 112 84 93 11 89 27 107 96 27 93 90 89 90 94 8
split_gain=8337.64 1851.5 908.839 703.587 460.827 302.611 254.414 250.555 237.903 159.459 124.216 112.653 111.73 107.473 106.238 101.486 112.036 69.9275 55.2819 52.2563 50.5864 50.0689 42.0242 40.9939 40.5094 38.2089 37.2336 35.0886 33.6611 32.9696
threshold=277.50000000000006 0.35000000000000148 79.312500000000014 5.5000000000000009 132.50000000000003 1.2500000000000002 78.817424242424252 192.50000000000003 -0.34999999999999959 93.500000000000014 -0.79999999999999793 1.0000000180025095e-35 -0.79999999999999793 -0.65000000000000024 -0.15000000000000033 2.0999999999999992 -0.79999999999999793 93.068055555555574 -1.0000000180025095e-35 25.950000000000003 207.50000000000003 1.9499999999999995 27.350000000000005 317.50000000000006 56.337500000000006 1.5000000000000029 26.250000000000004 1.0000000000000007 61.500000000000007 0.29999999999999943
decision_type=2 2 2 2 2 2 2 2 2 2 2 2 2 2 2 2 2 2 2 2 2 2 2 2 2 2 2 2 2 2
left_child=1 2 7 6 9 19 13 15 -5 12 -9 20 -4 -2 -8 16 -1 -13 -10 22 -6 25 27 29 -12 -21 -11 -3 -15 -16
right_child=3 5 4 8 11 -7 14 10 18 26 24 17 -14 28 23 -17 -18 -19 -20 21 -22 -23 -24 -25 -26 -27 -28 -29 -30 -31
leaf_value=0.014812610147204371 0.0024752975006376368 -0.0064485090454386588 0.009007518743975618 -0.0034256827066122364 0.0036657136894029702 -0.0062445814970963076 -0.0018865032520254592 0.0095885585445400438 -0.0062445814970963076 0.00056947651249147078 0.0093644072968817639 -0.00015671060632128697 0.006100169246280966 0.0029350261998228994 -0.0040447586977461394 -0.0062445814970963076 0.0092379338451508489 -0.0071690492669045022 -0.0062445814970963076 0.0014536245277428405 0.00021362416319018582 -0.0041977382468171721 -0.0071632300612824414 -0.0063109833225475833 0.0019747245659655086 0.013697676087837788 0.010313569947014236 -0.0012553021829967736 -0.0025335159602224012 -0.0066424090323590574
leaf_weight=22193 3345 1932 11841 3942 9120 4900 4361 3344 10109 6038 479 19127 14786 346 8524 300 11881 1839 38553 629 8297 712 860 10797 6933 365 989 1467 5249 2271
leaf_count=22193 3345 1932 11841 3942 9120 4900 4361 3344 10109 6038 479 19127 14786 346 8524 300 11881 1839 38553 629 8297 712 860 10797 6933 365 989 1467 5249 2271
internal_value=-0.0009868 0.00389103 0.00498963 -0.00812436 0.00289826 -0.00795555 -0.00482103 0.00832776 -0.0103154 0.0054607 0.00433113 0.000651443 0.00652152 -0.000456325 -0.00632446 0.00957818 0.00973118 -0.000829876 -0.0108896 -0.00341686 0.00243455 0.00101933 -0.00519366 -0.00718705 0.00216512 0.00536683 0.00144067 -0.00369265 -0.00299946 -0.00587857
internal_weight=215529 128032 117167 87497 72037 10865 34893 45130 52604 33654 10756 38383 26627 8940 25953 34374 34074 20966 48662 5965 17417 1706 4259 21592 7412 994 7027 3399 5595 10795
internal_count=215529 128032 117167 87497 72037 10865 34893 45130 52604 33654 10756 38383 26627 8940 25953 34374 34074 20966 48662 5965 17417 1706 4259 21592 7412 994 7027 3399 5595 10795
is_linear=0
shrinkage=0.03


Tree=13
num_leaves=31
num_cat=0
split_feature=27 8 93 12 27 4 27 27 20 27 90 90 11 29 86 93 27 20 20 15 31 94 85 4 12 110 83 8 102 27
split_gain=8086.43 1823.76 853.259 580.565 459.382 450.746 260.105 256.657 186.525 141.939 129.621 123.395 108.226 97.2394 109.196 93.2962 84.4077 77.9326 66.2546 65.7308 79.3211 51.8236 49.8123 47.7253 45.7899 43.8441 36.4574 30.7579 29.5271 28.4105
threshold=287.50000000000006 0.25000000000000006 79.134722222222237 -0.15000000000000033 187.50000000000003 1.8499999999999999 362.50000000000006 202.50000000000003 90.21702898550727 337.50000000000006 0.90000000000000002 1.8999999999999992 -0.24999999999999997 196.50000000000003 -0.24999999999999953 56.337500000000006 192.50000000000003 78.817424242424252 68.575980392156865 0.070088725045672248 -0.5 77.500000000000014 -0.65000000000000024 1.0000000000000011 -0.15000000000000033 1.5797473436573297 -0.89999999999999891 1.0000000180025095e-35 79.453415915915926 317.50000000000006
decision_type=2 2 2 2 2 2 2 2 2 2 2 2 2 2 2 2 2 2 2 2 2 2 2 2 2 2 2 2 2 2
left_child=1 2 7 9 8 15 21 13 10 17 -4 24 27 14 -1 -3 23 -2 -15 25 -21 -5 -10 -17 -9 -6 -14 -11 -8 -23
right_child=3 5 4 6 19 -7 28 11 22 12 -12 -13 26 18 -16 16 -18 -19 -20 20 -22 29 -24 -25 -26 -27 -28 -29 -30 -31
leaf_value=0.0157119363388524 0.0018375795825822266 0.017832107096028584 0.0048012382427842426 -0.0024451318925049715 -0.0047248063846661685 -0.0060572440521834189 -0.0060572440521834189 0.0039582150971235125 0.002585757063671082 0.00061614736259236081 0.0075416416877114954 0.010039346961985234 -0.0032124567359659447 0.029224641062868525 0.0076265634989176514 -4.3391802410759628e-05 -0.006255053774075499 -0.0018147508917709886 0.010291976825543949 -0.00050791451292228065 0.0030019793195142385 -0.0042661673971941278 -0.0022066746755254538 -0.0065294130401984561 -0.00017095950015173276 -0.00031376113249126922 -0.0045074529646512958 -0.0063064371916966844 -0.0060572440521834189 -0.0060572440521834189
leaf_weight=4621 2951 300 18704 2007 2964 4222 19546 4098 7176 2432 17398 1989 2335 5161 9867 5804 5643 4994 14129 3819 5810 7528 3285 718 3678 12738 8063 958 20760 11493
leaf_count=4621 2951 300 18704 2007 2964 4222 19546 4098 7176 2432 17398 1989 2335 5161 9867 5804 5643 4994 14129 3819 5810 7528 3285 718 3678 12738 8063 958 20760 11493
internal_value=-0.0010568 0.00355436 0.00489445 -0.00839114 0.00288713 -0.00571578 -0.00988408 0.00820859 0.00465585 -0.00417756 0.00567792 0.00392433 -0.00601784 0.00944699 0.00758852 -0.00284574 -0.00325374 -0.000983514 0.0108424 -0.000364164 0.00158723 -0.00717866 0.00112837 -0.00092902 0.00221808 -0.00156085 -0.00753534 -0.00136243 -0.0112953 -0.00766244
internal_weight=215191 132124 115437 83067 71894 16687 61334 43543 46563 21733 36102 9765 13788 33778 14488 12465 12165 7945 19290 25331 9629 21028 10461 6522 7776 15702 10398 3390 40306 19021
internal_count=215191 132124 115437 83067 71894 16687 61334 43543 46563 21733 36102 9765 13788 33778 14488 12465 12165 7945 19290 25331 9629 21028 10461 6522 7776 15702 10398 3390 40306 19021
is_linear=0
shrinkage=0.03


Tree=14
num_leaves=31
num_cat=0
split_feature=34 5 8 24 5 19 94 90 5 12 90 5 86 11 3 32 12 5 24 8 90 90 4 83 32 33 103 89 99 12
split_gain=5875.11 2193.68 1344.86 716.763 509.966 323.572 253.294 242.065 214.84 212.897 199.345 197.902 138.222 115.63 102.347 96.0965 89.5247 74.6124 66.819 56.9206 55.1137 51.3012 44.4485 39.2082 34.6364 28.3902 23.7074 37.6428 36.0409 23.4971
threshold=1.0000000180025095e-35 229.50000000000003 0.15000000000000038 3.1805592426220675 365.50000000000006 72.174242424242451 88.500000000000014 1.4499999999999995 133.50000000000003 -1.0000000180025095e-35 0.79999999999999816 131.50000000000003 -0.058333333333333272 -0.15000000000000033 27.350000000000005 0.63920241694561786 -0.45000000000000012 283.50000000000006 9.0466853888993004 0.35000000000000148 0.59999999999999887 1.8999999999999992 1.1500000000000006 -0.85000000000000131 -0.12546116083924153 0.2332836900311728 82.500000000000014 28.950000000000003 29.750000000000004 0.09999999999999877
decision_type=2 2 2 2 2 2 2 2 2 2 2 2 2 2 2 2 2 2 2 2 2 2 2 2 2 2 2 2 2 2
left_child=1 2 3 8 5 21 12 11 10 16 -1 -5 18 23 19 -14 25 -15 -4 -8 -10 24 -16 -7 -3 -2 27 -11 -29 -28
right_child=9 4 6 7 -6 13 14 -9 20 26 -12 -13 15 17 22 -17 -18 -19 -20 -21 -22 -23 -24 -25 -26 -27 29 28 -30 -31
leaf_value=0.0015954781652774053 -0.0046840994959281646 0.0025441424879575156 0.0032290361901117222 0.0094732367045696989 -0.0058755267306179167 0.0032743886808182529 -0.0058017898036067921 0.017125367390239784 -0.0027889140926836303 -0.0058755267306179167 0.0067537774840569238 0.0027470020512168044 1.7626599490743743e-05 -0.0029069309004542327 0.0052457656352992372 -0.006800453720395015 -0.0058755267306179167 -0.0039696924184681433 0.019494628342298967 -0.0061133264374548203 0.00050479230732713932 0.0051539734634315822 -0.0065345743233596581 -0.0018176202285349282 -0.0018750908554848505 0.0015696589454794352 -0.0058755267306179167 -0.0058755267306179167 0.00012447335878905063 -0.0058755267306179167
leaf_weight=15522 1431 1674 6144 22947 3863 1641 7328 12915 3086 12809 20952 10306 3654 12060 1639 1480 15058 9979 674 6326 12852 2290 506 3492 1488 1238 7257 444 436 13916
leaf_count=15522 1431 1674 6144 22947 3863 1641 7328 12915 3086 12809 20952 10306 3654 12060 1639 1480 15058 9979 674 6326 12852 2290 506 3492 1488 1238 7257 444 436 13916
internal_value=-0.00101911 0.00179666 0.00366807 0.00531035 -0.00468277 -0.00346207 -0.00216579 0.00803591 0.00290939 -0.00973674 0.00417903 0.00668175 0.00112942 -0.00480035 -0.00465854 -0.00258812 -0.00705917 -0.00574478 0.00392873 -0.00561553 3.76435e-06 0.00320741 0.0014329 -0.000745033 0.000730319 -0.00199438 -0.011098 -0.0120734 -0.00606129 -0.0104668
internal_weight=215407 162818 126331 98580 36487 32624 27751 46168 52412 52589 36474 33253 11952 27172 15799 5134 17727 22039 6818 13654 15938 5452 2145 5133 3162 2669 34862 13689 880 21173
internal_count=215407 162818 126331 98580 36487 32624 27751 46168 52412 52589 36474 33253 11952 27172 15799 5134 17727 22039 6818 13654 15938 5452 2145 5133 3162 2669 34862 13689 880 21173
is_linear=0
shrinkage=0.03


Tree=15
num_leaves=31
num_cat=0
split_feature=27 5 27 12 20 110 83 83 83 85 27 84 32 29 27 94 27 3 92 84 93 22 29 102 19 90 19 102 0 102
split_gain=7215.67 1516.92 1169.26 607.352 515.149 385.783 321.403 186.634 172.18 143.719 131.468 105.491 109.545 102.522 87.5226 77.2799 76.3055 70.34 61.5219 57.8497 37.2206 36.4667 34.2551 31.6864 30.7124 30.2358 27.2217 27.9935 25.99 28.959
threshold=287.50000000000006 307.50000000000006 122.50000000000001 -1.0000000180025095e-35 82.584349593495944 2.5695944904698274 -0.74999999999999989 -0.74999999999999989 -1.0000000180025095e-35 -2.850000000000001 382.50000000000006 -1.1999999999999973 -0.72696319516528884 86.500000000000014 322.50000000000006 93.500000000000014 372.50000000000006 27.350000000000005 14.679356618910113 -0.79999999999999793 79.626388888888911 1895.8500000000001 124.50000000000001 78.715277777777786 67.539393939393946 2.8500000000000019 57.416666666666671 81.797222222222231 29.650000000000002 79.634722222222237
decision_type=2 2 2 2 2 2 2 2 2 2 2 2 2 2 2 2 2 2 2 2 2 2 2 2 2 2 2 2 2 2
left_child=1 2 5 7 6 15 21 16 13 -8 -5 24 -13 -6 20 19 18 -10 23 -1 -9 -4 -17 -2 -7 -18 -16 -28 29 -12
right_child=3 -3 4 10 8 11 9 14 17 -11 28 12 -14 -15 26 22 25 -19 -20 -21 -22 -23 -24 -25 -26 -27 27 -29 -30 -31
leaf_value=0.0088938121881562693 0.0016278329912018112 -0.0056992609286993789 0.012467270729770075 -0.0056992609286993789 0.0030482968530486671 0.031547470714789569 0.0039779115626766282 -0.00024361597492125462 -0.0058840023677295883 0.00059548846434356927 -0.0056992609286993789 0.012110534719269572 0.0088204981379901015 -0.00043030409759722691 -0.0026992608839958953 0.0066444000155804241 -0.0038855403207931757 0.0026346635020901279 -0.0016127318225216613 0.0038573245439476392 -0.002197656473497755 0.0039506303744614047 -0.00055375777237082592 0.0072158021334474132 0.011202788606920453 0.0031117067798725959 -0.0056992609286993789 -0.0055367868236603987 -0.0056992609286993789 -0.0056992609286993789
leaf_weight=5282 1685 3936 6501 17767 7514 3208 10865 2173 7660 13686 14042 6852 17532 23904 971 2439 3498 1197 2657 6331 4814 843 4347 896 10422 552 12009 6491 559 15055
leaf_count=5282 1685 3936 6501 17767 7514 3208 10865 2173 7660 13686 14042 6852 17532 23904 971 2439 3498 1197 2657 6331 4814 843 4347 896 10422 552 12009 6491 559 15055
internal_value=-0.00100005 0.00334693 0.00390853 -0.00792636 0.00137922 0.00714424 0.00422733 -0.00497328 -0.000876328 0.00258003 -0.0101521 0.00887018 0.00768792 0.000165187 -0.00625761 0.00357799 -0.00131446 -0.00457044 0.00107654 0.00506415 -0.0033765 0.00973315 0.00103433 0.00437452 0.0109845 -0.00440632 -0.00729124 -0.00754824 -0.0113751 -0.0114982
internal_weight=215688 132519 128583 83169 72170 56413 31895 35746 40275 24551 47423 38014 24384 31418 26458 18399 9288 8857 5238 11613 6987 7344 6786 2581 13630 4050 19471 18500 29656 29097
internal_count=215688 132519 128583 83169 72170 56413 31895 35746 40275 24551 47423 38014 24384 31418 26458 18399 9288 8857 5238 11613 6987 7344 6786 2581 13630 4050 19471 18500 29656 29097
is_linear=0
shrinkage=0.03


Tree=16
num_leaves=31
num_cat=0
split_feature=27 8 93 12 27 4 27 27 5 27 8 3 19 86 24 91 8 93 85 10 92 33 3 89 27 5 22 8 31 7
split_gain=7002.72 1703.46 775.593 731.926 427.36 304.465 197.78 189.143 169.948 166.478 138.361 132.269 118.872 113.703 102.6 86.9038 77.8246 72.0805 62.7877 52.5872 47.6348 48.5156 41.3458 40.1423 38.6388 36.8369 36.3566 35.7997 35.5759 34.6572
threshold=272.50000000000006 0.35000000000000148 78.423611111111128 -1.0000000180025095e-35 112.50000000000001 1.2500000000000002 317.50000000000006 372.50000000000006 121.50000000000001 202.50000000000003 1.0000000180025095e-35 28.050000000000004 78.607692307692318 -0.28333333333333283 9.0466853888993004 0.41469962781728603 1.0000000180025095e-35 93.068055555555574 -2.899999999999999 -0.15000000000000033 24.557688958354326 0.70747208174348741 27.650000000000002 22.350000000000005 387.50000000000006 381.50000000000006 1469.2500000000002 0.49999999999999961 0.25000000000000017 1.2000000000000004
decision_type=2 2 2 2 2 2 2 2 2 2 2 2 2 2 2 2 2 2 2 2 2 2 2 2 2 2 2 2 2 2
left_child=1 2 9 6 8 20 12 27 11 14 18 -4 29 24 16 28 -1 -12 -6 -15 21 22 -3 -14 26 -21 -8 -5 -11 -2
right_child=3 5 4 7 10 -7 13 -9 -10 15 17 -13 23 19 -16 -17 -18 -19 -20 25 -22 -23 -24 -25 -26 -27 -28 -29 -30 -31
leaf_value=0.012350792964038484 0.00064812749697141896 -0.0059900350326697691 0.005871793381971609 -0.0055282831008383977 0.0032457792660997922 -0.0055282831008383977 0.002402588083189577 -0.0055282831008383977 -0.0076481797080437675 -0.00085983589640120531 -4.561130057844864e-05 0.0094880040432273657 -0.00042532839004313314 -0.0026061508814360403 0.028360874129427945 0.0069927422074811023 0.0073758824525492813 -0.0064888901808539722 0.00092518695438712265 -0.0037691095297594773 0.0020927524717180919 0.0010799789532039816 0.0059242476388829965 -0.0024108434338652729 -0.0042132230043882167 -0.0055282831008383977 -0.0028703137706092858 -0.0056498679008906271 0.0034027479352915558 0.0046338521701983207
leaf_weight=17080 2027 3092 23464 14810 9363 4771 1668 31849 359 1566 22361 7697 2879 2913 3021 2869 11102 2001 11375 16026 1227 1100 325 5440 2411 3481 1330 3377 3338 1569
leaf_count=17080 2027 3092 23464 14810 9363 4771 1668 31849 359 1566 22361 7697 2879 2913 3021 2869 11102 2001 11375 16026 1227 1100 325 5440 2411 3481 1330 3377 3338 1569
internal_value=-0.000999458 0.00355934 0.00461093 -0.00740301 0.00285822 -0.00800067 -0.00436357 -0.00981714 0.00553821 0.00805629 0.000985122 0.00577482 -0.00112915 -0.00574829 0.0090349 0.00412722 0.00847106 -0.000547962 0.00278606 -0.00669016 -0.00334726 -0.00477092 -0.00653452 -0.00309916 -0.00184381 -0.00725164 0.000430143 -0.00737547 0.00170031 0.00342786
internal_weight=215891 126111 115596 89780 76620 10515 39744 50036 31520 38976 45100 31161 11915 27829 31203 7773 28182 24362 20738 22420 5744 4517 3417 8319 5409 19507 2998 18187 4904 3596
internal_count=215891 126111 115596 89780 76620 10515 39744 50036 31520 38976 45100 31161 11915 27829 31203 7773 28182 24362 20738 22420 5744 4517 3417 8319 5409 19507 2998 18187 4904 3596
is_linear=0
shrinkage=0.03


Tree=17
num_leaves=31
num_cat=0
split_feature=27 8 27 93 27 4 83 12 5 27 83 23 85 29 19 8 4 33 29 32 11 92 83 24 11 33 12 25 27 3
split_gain=6821.75 1640.46 814.02 738.306 360.94 305.032 299.089 213.401 170.411 138.478 151.607 136.099 133.774 132.931 117.778 113.736 98.4325 71.8104 67.4078 57.5854 55.2608 51.1884 47.7394 46.2028 43.7207 43.0209 39.097 38.9462 36.8228 35.9478
threshold=262.50000000000006 0.35000000000000148 372.50000000000006 78.423611111111128 107.50000000000001 1.1500000000000006 -0.65000000000000024 -0.15000000000000033 117.50000000000001 112.50000000000001 -0.79999999999999927 18.07896531512554 -2.899999999999999 94.500000000000014 89.107692307692318 0.10000000000000099 1.1500000000000006 0.080547328232315238 196.50000000000003 0.39036257410962044 -0.24999999999999997 24.557688958354326 0.25000000000000006 8.7758862003042832 -0.34999999999999959 0.73136292505298039 0.09999999999999877 4.5000000000000009 47.500000000000007 27.650000000000002
decision_type=2 2 2 2 2 2 2 2 2 2 2 2 2 2 2 2 2 2 2 2 2 2 2 2 2 2 2 2 2 2
left_child=1 3 6 9 8 21 11 24 14 16 -11 -2 13 -6 -5 17 23 27 -14 -12 -13 25 -17 -1 -4 29 -9 -8 -7 -3
right_child=2 5 7 4 12 28 15 26 -10 10 19 20 18 -15 -16 22 -18 -19 -20 -21 -22 -23 -24 -25 -26 -27 -28 -29 -30 -31
leaf_value=0.012825752599131384 0.0023125376779462897 -0.0058329055261815742 -0.0012702951808272764 0.0079676510229293434 0.0074611632956277651 -0.005362434607813246 -0.0017346213542879657 -0.005362434607813246 -0.0074379313355304594 0.012469758119426869 0.0046681192906324626 0.0015821967434907188 -0.00095811898581541323 0.0013775138294208865 0.0029703596274104471 -0.005362434607813246 -0.0063892835160913727 -0.0010855783919687541 0.001835373683761327 0.0016354366657007895 -0.0038371247695617519 0.0032322206173502062 -0.0055277812457176076 0.032265384816821611 -0.0049467622821407721 0.0016457676081184636 -0.005362434607813246 -0.0033634106076936053 -0.0060210289362501541 0.005161679721107865
leaf_weight=17516 5701 2923 1262 21624 4733 3412 3170 15855 361 5782 8690 1249 16613 12633 8241 17862 325 8000 9685 3687 3119 1012 2824 1927 7354 982 21334 6165 1463 322
leaf_count=17516 5701 2923 1262 21624 4733 3412 3170 15855 361 5782 8690 1249 16613 12633 8241 17862 325 8000 9685 3687 3119 1012 2824 1927 7354 982 21334 6165 1463 322
internal_value=-0.000997049 0.00368332 -0.0070749 0.00472987 0.00298331 -0.00788631 -0.00434863 -0.00993702 0.00550336 0.00813238 0.00624036 0.000248759 0.00123875 0.00328209 0.00575119 -0.00556612 0.00987 -0.00377336 -0.000110651 0.00436621 -0.00373541 -0.00285973 -0.00706821 0.0101437 -0.00568179 -0.00431055 -0.0109227 -0.00556073 -0.0132865 -0.00597505
internal_weight=215826 121931 93895 111817 73890 10114 48090 45805 30226 37927 18159 10069 43664 17366 29865 38021 19768 17335 26298 12377 4368 5239 20686 19443 8616 4227 37189 9335 4875 3245
internal_count=215826 121931 93895 111817 73890 10114 48090 45805 30226 37927 18159 10069 43664 17366 29865 38021 19768 17335 26298 12377 4368 5239 20686 19443 8616 4227 37189 9335 4875 3245
is_linear=0
shrinkage=0.03


Tree=18
num_leaves=31
num_cat=0
split_feature=27 8 27 93 27 112 83 8 84 5 23 90 110 8 27 29 32 11 5 32 93 10 27 92 85 33 89 94 90 3
split_gain=6529.38 1606.04 886.713 684.995 328.715 325.759 277.733 236.746 171.697 163.915 140.728 123.682 113.262 101.836 95.2615 82.8045 74.5617 68.7449 67.1359 60.4951 59.61 57.2513 52.2268 46.4873 40.4684 40.1594 37.9727 36.8339 36.3612 33.1351
threshold=257.50000000000006 0.35000000000000148 367.50000000000006 78.423611111111128 102.50000000000001 1.1500000000000006 -0.59999999999999865 1.0000000180025095e-35 -1.3500000000000012 111.50000000000001 18.07896531512554 0.75000000000000011 1.981985845105988 0.15000000000000038 107.50000000000001 86.500000000000014 -0.85227431625818906 -0.24999999999999997 239.50000000000003 0.39036257410962044 66.670833333333348 -0.15000000000000033 302.50000000000006 24.557688958354326 -3.7999999999999994 0.73136292505298039 28.950000000000003 77.500000000000014 1.6499999999999988 27.650000000000002
decision_type=2 2 2 2 2 2 2 2 2 2 2 2 2 2 2 2 2 2 2 2 2 2 2 2 2 2 2 2 2 2
left_child=1 3 6 8 9 23 10 17 18 12 28 16 -5 20 27 -13 -6 -4 -1 -16 -8 -12 -22 25 -9 29 -15 -10 -2 -3
right_child=2 5 7 4 11 -7 13 24 14 -11 21 15 -14 26 19 -17 -18 -19 -20 -21 22 -23 -24 -25 -26 -27 -28 -29 -30 -31
leaf_value=0.015291733421068501 0.00015999033652650097 -0.0056579183603961275 8.1476090848414109e-05 0.0035481277291505337 0.0044566943804832731 -0.005201561569578848 0.0026356051165209071 -0.005201561569578848 0.016712817905165378 -0.0071955963767365416 0.0015454978370992886 0.0054672549760227656 0.0083011741798404981 -0.0053963016191758608 0.004922844568554254 0.0014794139599891109 -0.0011306128706424128 -0.0028603149935441255 -0.001575721183322622 0.0018031208372243511 -0.001679752718488579 -0.0036423164994903519 -0.0030958203272247234 0.0033397812719786475 -0.005201561569578848 0.0018132718411960817 0.00062961228673189321 0.0079624742242522164 0.0038216153702760845 0.0052690533398622877
leaf_weight=13221 2922 2821 1728 8951 1936 4852 854 1555 4965 349 1290 6180 19368 12666 8462 20479 14869 6402 434 3546 9212 4338 12712 982 38590 965 471 6661 3791 311
leaf_count=13221 2922 2821 1728 8951 1936 4852 854 1555 4965 349 1290 6180 19368 12666 8462 20479 14869 6402 434 3546 9212 4338 12712 982 38590 965 471 6661 3791 311
internal_value=-0.00107759 0.00361449 -0.00687891 0.00466291 0.00295621 -0.00793647 -0.00400294 -0.0097536 0.0079642 0.00544979 -0.000120321 0.0013114 0.0057018 -0.00533704 0.00641633 0.00258196 -0.000704213 -0.00508425 0.0106426 0.00454159 -0.00412353 -0.00361876 -0.00442645 -0.002625 -0.0106991 -0.00403001 -0.00744063 0.00835211 0.00281278 -0.00567826
internal_weight=215883 119352 96531 109421 72132 9931 48256 48275 37289 28668 12341 43464 28319 35915 23634 26659 16805 8130 13655 12008 22778 5628 21924 5079 40145 4097 13137 11626 6713 3132
internal_count=215883 119352 96531 109421 72132 9931 48256 48275 37289 28668 12341 43464 28319 35915 23634 26659 16805 8130 13655 12008 22778 5628 21924 5079 40145 4097 13137 11626 6713 3132
is_linear=0
shrinkage=0.03


Tree=19
num_leaves=31
num_cat=0
split_feature=25 8 25 8 4 24 93 83 86 20 15 33 25 29 93 25 25 3 25 5 25 11 83 92 7 33 4 89 96 102
split_gain=6241.76 1661.8 811.112 564.075 424.193 422.259 284.571 228.403 140.664 127.771 107.575 110.038 105.031 103.247 92.2003 91.0745 83.7414 75.2126 65.0565 60.2306 49.6403 47.8972 46.9895 46.6624 46.2235 39.225 37.4865 34.834 37.1147 31.7432
threshold=4.5000000000000009 0.25000000000000006 2.5000000000000004 0.15000000000000038 1.8499999999999999 2.9788778036442616 74.018055555555563 -0.65000000000000024 -0.18333333333333349 93.017261904761924 0.08123342942729464 -0.23537842981696178 5.5000000000000009 196.50000000000003 56.337500000000006 5.5000000000000009 2.5000000000000004 28.050000000000004 3.5000000000000004 167.50000000000003 5.5000000000000009 -0.15000000000000033 -0.79999999999999793 14.679356618910113 0.39999999999999908 0.097680735332368748 1.0000000000000011 28.950000000000003 30.250000000000004 81.726388888888906
decision_type=2 2 2 2 2 2 2 2 2 2 2 2 2 2 2 2 2 2 2 2 2 2 2 2 2 2 2 2 2 2
left_child=1 2 5 7 14 9 24 20 19 17 18 -12 25 -10 -3 -5 26 -1 -8 -7 23 -14 -11 -2 -4 -9 -16 -17 -29 -23
right_child=3 4 6 15 -6 8 10 12 13 22 11 -13 21 -15 16 27 -18 -19 -20 -21 -22 29 -24 -25 -26 -27 -28 28 -30 -31
leaf_value=0.0039792746029590027 0.0024570866400905845 0.015294696499386046 -0.0015404614334326788 -0.0053244125719416908 -0.0050455147224914834 0.01333599512929866 0.00011869520671286937 -0.0032309810414009039 0.0057099058841368362 0.004042371058175699 -0.00055111526507588824 0.0044834043030863094 -0.0026485296202594863 0.0095784622804846002 -0.00010534448625724335 -0.0050455147224914834 -0.0052558972690188105 0.0064309600926460812 -0.0019708711153042669 -0.0057164089179629245 -0.0023869779115351574 -0.0050455147224914834 -0.0030938492065149268 -0.0013063828754962432 0.0058276160164020298 -0.001638463305221915 -0.0055939527055815542 -0.0050455147224914834 -0.0050455147224914834 -0.0050455147224914834
leaf_weight=24056 2099 322 763 8468 4346 16067 12987 7440 11623 1366 4587 6296 2191 13525 5172 30279 7090 4511 13045 345 5714 8373 3316 2380 6870 5872 573 701 600 4516
leaf_count=24056 2099 322 763 8468 4346 16067 12987 7440 11623 1366 4587 6296 2191 13525 5172 30279 7090 4511 13045 345 5714 8373 3316 2380 6870 5872 573 701 600 4516
internal_value=-0.00112242 0.00274768 0.0040136 -0.00785824 -0.00588465 0.005922 0.000808772 -0.0052694 0.00793797 0.00340195 -0.000281585 0.00222299 -0.00665234 0.0065275 -0.00319995 -0.0103523 -0.00359808 0.00415482 -0.0013287 0.0100987 -0.00141701 -0.00836682 -0.00119154 0.000947545 0.00608135 -0.00470968 -0.000905848 -0.0110934 -0.0062788 -0.009064
internal_weight=215493 136860 119357 78633 17503 74809 44548 38585 41560 33249 36915 10883 28392 25148 13157 40048 12835 28567 26032 16412 10193 15080 4682 4479 7633 13312 5745 31580 1301 12889
internal_count=215493 136860 119357 78633 17503 74809 44548 38585 41560 33249 36915 10883 28392 25148 13157 40048 12835 28567 26032 16412 10193 15080 4682 4479 7633 13312 5745 31580 1301 12889
is_linear=0
shrinkage=0.03


Tree=20
num_leaves=31
num_cat=0
split_feature=25 5 25 11 94 20 25 84 83 29 83 83 83 3 25 25 83 25 25 22 83 33 31 33 33 83 25 3 11 89
split_gain=6178.48 1367.66 1076.9 554.328 473.872 342.055 211.178 203.391 190.972 135.785 133.276 123.085 121.579 117.354 88.0754 64.678 63.029 58.7818 38.7523 34.3805 43.3924 32.2498 31.1455 30.2061 29.2864 29.1736 27.9317 27.8719 21.7641 21.4102
threshold=4.5000000000000009 333.50000000000006 2.5000000000000004 -1.0000000180025095e-35 82.500000000000014 81.534523809523833 5.5000000000000009 -0.40000000000000119 -0.65000000000000024 86.500000000000014 -0.74999999999999989 -0.74999999999999989 1.0000000180025095e-35 27.250000000000004 1.0000000180025095e-35 5.5000000000000009 -0.29999999999999799 3.5000000000000004 6.5000000000000009 2361.8500000000008 -1.2499999999999998 0.41202506375868281 -0.24999999999999994 0.60383265664488517 0.18281312110578132 -0.24999999999999997 5.5000000000000009 27.250000000000004 -0.15000000000000033 28.950000000000003
decision_type=2 2 2 2 2 2 2 2 2 2 2 2 2 2 2 2 2 2 2 2 2 2 2 2 2 2 2 2 2 2
left_child=1 2 4 10 11 8 22 9 24 -6 19 -1 17 -9 -13 21 -10 -7 23 20 -2 29 -5 -8 -4 -24 -22 -14 -17 -12
right_child=3 -3 5 6 7 12 18 13 16 -11 15 14 27 -15 -16 28 -18 -19 -20 -21 26 -23 25 -25 -26 -27 -28 -29 -30 -31
leaf_value=0.021210096347677353 0.0056235240531820893 -0.0048941492808167383 0.0022084874161274258 -0.0051537679993796347 0.011218517136530333 4.1257774296691862e-05 -0.0048941492808167383 -0.0002650029670601117 0.0019612763317905166 0.0038461465634677299 -0.0031469721367729272 0.012459402242149982 -0.0051467685399105333 0.011626509997846479 0.0058668190351551909 -0.0036733968385178738 -0.0013049473054751787 -0.0021241568454438693 -0.0048941492808167383 -0.0045094518309315868 0.00099631875938958393 -0.000798273619899619 -0.0024187113088992808 -0.0048941492808167383 0.0082992459056656382 -0.0051367331124643461 -0.0023532344115099026 -0.00020528526478584219 -0.0048941492808167383 0.0012719117162443988
leaf_weight=7031 1805 3833 1143 6172 8217 13852 12761 13619 7938 26462 5364 8587 4154 3451 13229 3469 5770 13954 21761 1359 1841 3069 3693 4440 5021 4109 2046 525 6214 527
leaf_count=7031 1805 3833 1143 6172 8217 13852 12761 13619 7938 26462 5364 8587 4154 3451 13229 3469 5770 13954 21761 1359 1841 3069 3693 4440 5021 4109 2046 525 6214 527
internal_value=-0.00118319 0.00266889 0.00317828 -0.00788429 0.00535442 -0.000171607 -0.00963919 0.00363681 0.0029286 0.00495631 -0.00426853 0.00843542 -0.00206812 0.000956007 0.00732227 -0.00559724 0.000956306 -0.00131514 -0.0107741 -0.000755105 0.000268751 -0.00375963 -0.00647442 -0.00970788 0.00731387 -0.00521338 -0.0015162 -0.00654167 -0.00729709 -0.00505855
internal_weight=215416 136786 132953 78630 80596 52357 52936 51749 19872 34679 25694 28847 32485 17070 21816 18643 13708 27806 38962 7051 5692 8960 13974 17201 6164 7802 3887 4679 9683 5891
internal_count=215416 136786 132953 78630 80596 52357 52936 51749 19872 34679 25694 28847 32485 17070 21816 18643 13708 27806 38962 7051 5692 8960 13974 17201 6164 7802 3887 4679 9683 5891
is_linear=0
shrinkage=0.03


Tree=21
num_leaves=31
num_cat=0
split_feature=27 5 27 12 12 110 22 27 94 83 85 27 84 27 90 85 3 29 33 92 29 27 83 10 4 83 75 89 11 94
split_gain=5996.81 1408.4 889.363 698.198 469.131 277.116 267.732 224.46 224.336 166.685 131.455 116.985 81.8079 76.2127 74.104 70.6931 93.7425 68.887 67.755 65.8302 59.5193 50.7423 39.033 35.3642 33.387 31.2999 33.9286 28.3662 28.0209 27.077
threshold=282.50000000000006 307.50000000000006 102.50000000000001 -1.0000000180025095e-35 -0.15000000000000033 2.7576749304004449 1785.5000000000002 367.50000000000006 90.500000000000014 -0.74999999999999989 -2.7000000000000002 367.50000000000006 -1.400000000000001 212.50000000000003 1.8500000000000016 -0.74999999999999989 26.150000000000002 86.500000000000014 0.080547328232315238 20.526675170997795 196.50000000000003 337.50000000000006 -1.2499999999999998 -0.15000000000000033 2.0000000000000013 0.25000000000000006 0.42026315789473684 28.950000000000003 -0.15000000000000033 62.500000000000007
decision_type=2 2 2 2 2 2 2 2 2 2 2 2 2 2 2 2 2 2 2 2 2 2 2 2 2 2 2 2 2 2
left_child=1 2 5 9 6 15 14 25 10 19 -6 18 -7 -8 -4 17 -17 -1 27 21 -14 -2 -23 -21 -10 26 -5 -11 -13 -20
right_child=3 -3 4 7 8 12 13 -9 24 11 -12 28 20 -15 -16 16 -18 -19 29 23 -22 22 -24 -25 -26 -27 -28 -29 -30 -31
leaf_value=0.013369451300557495 0.0028938157239775464 -0.0047473248023922358 0.0054646191533423705 -0.0048104970396628602 0.0022283522300927303 0.01578653431985131 0.002683036927771052 -0.0047473248023922358 -0.004380681092807549 -0.003389215458669275 -0.0007260024649681329 -0.0035553483821006084 0.0071785207537360413 -0.00037041785434861806 0.013982942450277537 -0.0027893260774775803 0.010655720453678071 0.0034148028413324848 0.0030791124513951892 -0.00027393885944358877 0.011527271671213217 0.0041614108553251995 -0.0021484443182691426 -0.0049134755301579276 -0.0055323749094012154 -0.0049094346868677847 0.00091559730521345367 -0.00064219770150488842 -0.0048001000095246032 -0.001350958094161938
leaf_weight=3871 2624 3871 10797 13165 14337 7707 10985 32933 12987 7749 18349 2664 10488 6425 4423 3703 1587 8609 371 953 11721 1253 2929 1761 465 1931 320 1002 8325 7223
leaf_count=3871 2624 3871 10797 13165 14337 7707 10985 32933 12987 7749 18349 2664 10488 6425 4423 3703 1587 8609 371 953 11721 1253 2929 1761 465 1931 320 1002 8325 7223
internal_value=-0.00121974 0.00282641 0.00337211 -0.00740863 0.00141452 0.00660557 0.00416751 -0.00977963 -0.000532521 -0.00429792 0.000809496 -0.00548857 0.00836815 0.00162656 0.00707378 0.00363795 0.000731431 0.0048698 -0.00387893 -0.000879109 0.00744327 0.000696342 -0.00135549 -0.00482873 -0.00379321 -0.0067912 -0.00627873 -0.00567813 -0.00788217 -0.00180513
internal_weight=215528 130325 126454 85203 78768 47686 32630 48349 46138 36854 32686 27334 29916 17410 15220 17770 5290 12480 16345 9520 22209 6806 4182 2714 13452 15416 13485 8751 10989 7594
internal_count=215528 130325 126454 85203 78768 47686 32630 48349 46138 36854 32686 27334 29916 17410 15220 17770 5290 12480 16345 9520 22209 6806 4182 2714 13452 15416 13485 8751 10989 7594
is_linear=0
shrinkage=0.03


Tree=22
num_leaves=31
num_cat=0
split_feature=34 8 5 19 112 12 20 90 84 32 2 94 33 85 8 88 112 33 12 83 5 90 5 22 94 89 96 102 8 85
split_gain=5171.61 1744.18 1069.48 549.461 405.882 323.968 274.679 237.624 202.828 132.561 115.429 106.694 94.8394 111.824 89.8052 77.7551 81.2065 74.0208 59.7957 47.2954 46.8513 45.7723 41.6961 37.3523 37.1365 30.3568 30.3377 29.8611 28.9793 26.642
threshold=1.0000000180025095e-35 0.20000000000000198 189.50000000000003 82.01666666666668 1.8499999999999999 -0.15000000000000033 73.085144927536234 0.75000000000000011 -1.400000000000001 0.022575936829235418 28.150000000000002 62.500000000000007 0.080547328232315238 -2.2499999999999996 1.0000000180025095e-35 26.350000000000005 1.1000000000000003 0.42763731121559989 0.09999999999999877 -0.74999999999999989 257.50000000000006 1.6000000000000012 337.50000000000006 1843.1000000000001 61.500000000000007 28.950000000000003 30.250000000000004 80.588888888888903 0.54999999999999993 -4.4000000000000004
decision_type=2 2 2 2 2 2 2 2 2 2 2 2 2 2 2 2 2 2 2 2 2 2 2 2 2 2 2 2 2 2
left_child=1 2 3 8 11 19 21 10 23 -10 -5 -3 20 -14 -9 17 -17 -13 27 29 -8 24 -23 -1 -4 -20 -27 -7 -6 -2
right_child=5 4 6 7 28 18 12 14 9 -11 -12 15 13 -15 -16 16 -18 -19 25 -21 -22 22 -24 -25 -26 26 -28 -29 -30 -31
leaf_value=0.021163688829143882 0.0040560926399965174 0.01198969287512406 0.0047547641325843366 -0.00081113300298716272 -0.0048868079748374954 -0.0046049050583204694 -0.0014990136078113516 0.0053572458105331372 0.0079535399222448178 0.0042757313938990744 0.0054554156069910008 -0.0049173271365080019 0.0016290569608718717 -0.0022391838331234652 0.0022267006636509166 0.0015891573655780632 -0.0049812875462507218 -0.0046195107480249322 -0.0046049050583204694 -0.0046622857045026354 -0.002899073953038637 0.0054976092765186774 -0.0031155941476233382 0.007342009219499691 -7.2202817311701469e-05 -0.0046049050583204694 -0.0046049050583204694 -0.0046049050583204694 -0.0046049050583204694 -0.0024270062584823482
leaf_weight=7441 676 417 511 18091 1131 10556 10194 18135 18916 13330 3177 8220 7228 7419 13901 4016 1546 6059 21891 6494 9494 3803 300 2996 2803 536 437 8461 4031 3573
leaf_count=7441 676 417 511 18091 1131 10556 10194 18135 18916 13330 3177 8220 7228 7419 13901 4016 1546 6059 21891 6494 9494 3803 300 2996 2803 536 437 8461 4031 3573
internal_value=-0.00124381 0.00139382 0.00272633 0.00446978 -0.00582629 -0.00942157 -0.00128182 0.00243861 0.00700626 0.00582938 -1.9747e-05 -0.00391234 -0.00241277 -0.000584721 0.00407061 -0.00422815 -0.00121877 -0.00540021 -0.0106137 -0.00477336 -0.00377266 0.00395322 0.00607091 0.0106414 0.00133032 -0.0116484 -0.00645277 -0.00936928 -0.0133353 -0.00231176
internal_weight=215783 163159 137739 95987 25420 52624 41752 53304 42683 32246 21268 20258 34335 14647 32036 19841 5562 14279 41881 10743 19688 7417 4103 10437 3314 22864 973 19017 5162 4249
internal_count=215783 163159 137739 95987 25420 52624 41752 53304 42683 32246 21268 20258 34335 14647 32036 19841 5562 14279 41881 10743 19688 7417 4103 10437 3314 22864 973 19017 5162 4249
is_linear=0
shrinkage=0.03


Tree=23
num_leaves=31
num_cat=0
split_feature=25 5 25 12 12 24 22 94 25 12 87 93 90 25 84 29 25 99 92 10 97 25 25 3 91 84 0 12 12 87
split_gain=5697.28 1341.52 967.139 646.059 454.959 299.468 253.105 214.776 178.82 136.271 127.468 111.045 99.9566 90.096 81.6655 85.1946 63.3362 49.6271 46.8572 46.2083 51.1226 36.3967 35.3905 34.7335 31.8512 25.9825 25.2965 26.8412 20.1866 20.1741
threshold=4.5000000000000009 333.50000000000006 1.5000000000000002 -1.0000000180025095e-35 -0.15000000000000033 2.7440299079991104 2092.6500000000005 90.500000000000014 5.5000000000000009 -0.24999999999999997 -0.22500000000000001 74.018055555555563 1.7 5.5000000000000009 -0.40000000000000119 86.500000000000014 1.0000000180025095e-35 18.150000000000002 19.840541903626313 -0.15000000000000033 26.750000000000004 2.5000000000000004 3.5000000000000004 25.850000000000005 0.73192714450760887 -1.0500000000000005 29.550000000000004 0.09999999999999877 -0.50000000000000255 -0.3083333333333334
decision_type=2 2 2 2 2 2 2 2 2 2 2 2 2 2 2 2 2 2 2 2 2 2 2 2 2 2 2 2 2 2
left_child=1 2 5 9 6 14 12 10 -5 19 -6 17 -4 18 15 -1 -13 -7 25 28 24 -8 -9 -16 -21 -11 27 -10 -2 -15
right_child=3 -3 4 8 7 11 21 22 26 13 -12 16 -14 29 23 -17 -18 -19 -20 20 -22 -23 -24 -25 -26 -27 -28 -29 -30 -31
leaf_value=0.013340947449396953 0.0045247329678890441 -0.0044667579065708549 0.0037197590155251879 -0.0047073202341131196 0.0017186741949774065 0.015072013216818321 0.0018462330964545081 -0.0040170608054553693 -0.0044667579065708549 0.00068636487707336409 -0.0010942011660742758 0.0090351136882695932 0.010907568641907742 -0.0025811544754915524 -0.00071159051113701857 0.0029423226390338352 0.0047903239087405177 0.018366816006095552 -0.0028612013938425717 -0.0018006424215634908 -0.0047352792921371021 -0.00057831428633552866 -0.0046648770478714642 0.0047598944936108134 0.0054642582501598083 -0.0023710827161823643 -0.0044667579065708549 -0.0044667579065708549 -0.00097975910893804996 -0.0045179498574892509
leaf_weight=3720 1600 3872 14049 10742 14277 4130 4252 8789 11876 1808 18636 11886 5968 886 5175 8706 11183 6953 5264 5251 2098 7794 5075 2552 595 3032 864 22109 2286 10218
leaf_count=3720 1600 3872 14049 10742 14277 4130 4252 8789 11876 1808 18636 11886 5968 886 5175 8706 11183 6953 5264 5251 2098 7794 5075 2552 595 3032 864 22109 2286 10218
internal_value=-0.00128516 0.00240877 0.00291503 -0.00772205 0.000792988 0.00599575 0.00354557 -0.00109378 -0.010037 -0.00452738 0.000225588 0.00770708 0.0056132 -0.00596634 0.00309542 0.00460127 0.00652081 0.0101755 -0.00391588 -0.00194743 -0.00325865 0.000109571 -0.00422575 0.000673525 -0.00181632 -0.00178476 -0.0110802 -0.0112092 0.000733213 -0.00783161
internal_weight=215646 137017 133145 78629 78840 54305 32063 46777 45591 33038 32913 34152 20017 21208 20153 12426 23069 11083 10104 11830 7944 12046 13864 7727 5846 4840 34849 33985 3886 11104
internal_count=215646 137017 133145 78629 78840 54305 32063 46777 45591 33038 32913 34152 20017 21208 20153 12426 23069 11083 10104 11830 7944 12046 13864 7727 5846 4840 34849 33985 3886 11104
is_linear=0
shrinkage=0.03


Tree=24
num_leaves=31
num_cat=0
split_feature=25 8 25 12 20 4 5 20 25 25 83 3 85 25 83 24 24 8 8 33 25 10 8 23 15 32 12 3 96 98
split_gain=5606.16 1479.45 688.513 623.491 385.165 291.137 279.257 263.288 184.294 182.113 153.6 121.438 111.007 93.4793 82.9428 65.4607 64.4253 59.4298 51.0286 39.0844 38.8188 36.7188 35.4991 30.8189 27.9539 27.2009 25.956 32.0811 31.3377 25.8634
threshold=4.5000000000000009 0.35000000000000148 1.5000000000000002 -1.0000000180025095e-35 75.119799139167881 1.8499999999999999 247.50000000000003 79.319047619047623 5.5000000000000009 3.5000000000000004 -0.74999999999999989 28.050000000000004 -2.850000000000001 5.5000000000000009 -1.0000000000000007 8.7758862003042832 10.617055663152799 1.0000000180025095e-35 1.0000000180025095e-35 0.080547328232315238 2.5000000000000004 -0.15000000000000033 0.35000000000000148 19.872089284251171 0.17340068226556524 -0.67803021058859214 0.09999999999999877 28.950000000000003 30.250000000000004 -1.3999999999999992
decision_type=2 2 2 2 2 2 2 2 2 2 2 2 2 2 2 2 2 2 2 2 2 2 2 2 2 2 2 2 2 2
left_child=1 2 6 10 14 20 7 15 22 12 18 -9 -6 19 -4 -1 -16 -11 24 -12 25 -15 -5 -20 -2 -3 -10 -28 -29 -27
right_child=3 5 4 8 9 -7 -8 11 26 17 13 -13 -14 21 16 -17 -18 -19 23 -21 -22 -23 -24 -25 -26 29 27 28 -30 -31
leaf_value=0.011902744765163882 -0.00053334219249294261 -0.0059709450536249041 0.012850874080084737 -0.004617500900906151 0.0024978251151094202 -0.0043327551693737292 -0.0062040511170598977 0.0043391356774844072 -0.0043327551693737292 -0.00010153293170650057 -0.002840293329414342 0.0068940484245565547 8.7614975646077564e-05 -0.0022645515622758011 0.0034944171953118302 0.028515037993680374 0.011654023418291387 -0.0028277250389702894 -0.0017139130939816914 -0.00097155683082746308 -0.0045263832520653479 -0.0043824113617645733 -0.0045210267405076622 -0.0047396216005639574 0.0054290747090949753 -0.0052703236354648964 -0.0043327551693737292 -0.0043327551693737292 -0.0043327551693737292 0.0034235301287104175
leaf_weight=14949 3591 837 2989 7990 17511 4050 570 25938 12097 8339 6296 9891 22307 1456 8775 1975 996 10681 2104 5422 4599 11298 2853 1352 1568 784 21636 542 432 1585
leaf_count=14949 3591 837 2989 7990 17511 4050 570 25938 12097 8339 6296 9891 22307 1456 8775 1975 996 10681 2104 5422 4599 11298 2853 1352 1568 784 21636 542 432 1585
internal_value=-0.00131642 0.00235325 0.00331443 -0.00769914 0.00139234 -0.00777454 0.00589519 0.00612096 -0.00997585 0.000367613 -0.00456465 0.00466411 0.00152113 -0.00577739 0.00611708 0.00920473 0.00477845 -0.00204721 -0.00111943 -0.00384248 -0.00438701 -0.00755468 -0.00656077 -0.00393983 0.000770349 -0.0018522 -0.0110426 -0.0116439 -0.00630769 -0.000208861
internal_weight=215413 136776 124921 78637 71598 11855 53323 52753 45550 58838 33087 35829 39818 24472 12760 16924 9771 19020 8615 11718 7805 12754 10843 3456 5159 3206 34707 22610 974 2369
internal_count=215413 136776 124921 78637 71598 11855 53323 52753 45550 58838 33087 35829 39818 24472 12760 16924 9771 19020 8615 11718 7805 12754 10843 3456 5159 3206 34707 22610 974 2369
is_linear=0
shrinkage=0.03


Tree=25
num_leaves=31
num_cat=0
split_feature=27 5 27 11 24 24 84 27 29 27 7 7 84 7 33 85 22 27 94 33 85 33 3 27 11 102 0 102 108 23
split_gain=5573.35 1284.56 1084.56 500.301 486.509 269.839 202.787 186.292 144.132 133.476 109.678 105.988 102.477 94.6834 68.326 64.0428 53.3331 53.1774 51.9025 45.6066 45.3984 34.1854 32.5477 32.4436 29.9131 29.3736 27.1977 28.4844 26.4395 24.4732
threshold=312.50000000000006 333.50000000000006 202.50000000000003 -1.0000000180025095e-35 2.9788778036442616 3.6667395198726047 -1.4999999999999971 387.50000000000006 196.50000000000003 67.500000000000014 1.099999999999999 0.15000000000000038 -1.6999999999999973 0.15000000000000038 -0.52765736634565841 -0.65000000000000024 1828.7000000000003 367.50000000000006 60.500000000000007 0.080547328232315238 -1.400000000000001 0.41202506375868281 25.850000000000005 402.50000000000006 -0.24999999999999997 76.852777777777789 29.650000000000002 79.634722222222237 3.8000000000000029 13.986732947044613
decision_type=2 2 2 2 2 2 2 2 2 2 2 2 2 2 2 2 2 2 2 2 2 2 2 2 2 2 2 2 2 2
left_child=1 2 4 12 9 11 16 19 -8 15 18 22 23 -11 -13 -1 -6 21 -7 -5 -21 -14 -4 29 -19 -12 27 -9 -29 -2
right_child=3 -3 5 7 6 10 8 26 -10 13 25 14 17 -15 -16 -17 -18 24 -20 20 -22 -23 -24 -25 -26 -27 -28 28 -30 -31
leaf_value=0.0073637338803692279 0.0027761798165852909 -0.004202772514292517 -0.0044936349562461836 -0.004202772514292517 0.02025534954701224 0.007713810534235953 0.0040250871413454814 -0.004202772514292517 0.007668962820566989 -0.0024756750331200073 0.0036138691135561285 -0.0026610923354015662 -0.0027698592393067467 0.0018661939851748785 -0.00048156421913806839 0.0018707270955395272 0.0058519337487669453 -0.0024984504856398384 7.3163730881210809e-05 -0.0021935290023912609 -0.0042509390209116366 -0.00084140031455736417 -0.0043331130612128703 -0.0038511695316964267 -0.004202772514292517 0.0084683335846544583 -0.004202772514292517 -0.004202772514292517 -0.004202772514292517 -0.0011326966466616445
leaf_weight=10003 1567 3865 3101 10329 7234 478 18034 14857 20267 7846 2803 12094 5689 20614 17626 3826 3695 1562 9432 4034 4258 3235 892 1415 7601 1637 581 14702 912 1521
leaf_count=10003 1567 3865 3101 10329 7234 478 18034 14857 20267 7846 2803 12094 5689 20614 17626 3826 3695 1562 9432 4034 4258 3235 892 1415 7601 1637 581 14702 912 1521
internal_value=-0.00136043 0.00206218 0.00253462 -0.00815448 0.00445099 -0.00111445 0.00647824 -0.00983784 0.00544945 0.00209092 0.00233085 -0.00258098 -0.00445266 0.00091599 -0.00196427 0.00450868 0.0100828 -0.0054608 0.000575119 -0.00746456 -0.0058061 -0.00381176 -0.0071695 -0.000402975 -0.00706624 0.00624859 -0.0112607 -0.0113834 -0.0104861 0.00132082
internal_weight=215710 143447 139582 72263 91519 48063 49230 49673 38301 42289 14350 33713 22590 28460 29720 13829 10929 18087 9910 18621 8292 8924 3993 4503 9163 4440 31052 30471 15614 3088
internal_count=215710 143447 139582 72263 91519 48063 49230 49673 38301 42289 14350 33713 22590 28460 29720 13829 10929 18087 9910 18621 8292 8924 3993 4503 9163 4440 31052 30471 15614 3088
is_linear=0
shrinkage=0.03


Tree=26
num_leaves=31
num_cat=0
split_feature=27 8 27 12 19 4 19 8 83 27 83 27 3 27 7 11 0 27 8 24 33 11 29 33 109 91 29 102 12 8
split_gain=5424.79 1503.28 830.597 543.704 444.359 268.818 203.55 171.126 156.152 121.169 108.602 107.135 100.55 72.5052 68.2233 63.589 60.4605 50.1594 43.0678 42.5964 35.9588 34.6244 32.3136 32.2025 30.4036 48.2961 41.6534 28.7607 26.7935 25.2908
threshold=317.50000000000006 0.35000000000000148 212.50000000000003 -1.0000000180025095e-35 81.607692307692318 1.8499999999999999 78.471428571428589 1.0000000180025095e-35 -0.85000000000000131 77.500000000000014 -0.74999999999999989 377.50000000000006 26.350000000000005 367.50000000000006 1.1000000000000008 -0.15000000000000033 28.350000000000005 197.50000000000003 1.0000000180025095e-35 1.4927520193800865 0.41202506375868281 -0.15000000000000033 274.50000000000006 0.063390085881955341 -1.0000000180025095e-35 0.21090942117305969 106.50000000000001 80.588888888888903 -0.50000000000000255 0.49999999999999961
decision_type=2 2 2 2 2 2 2 2 2 2 2 2 2 2 2 2 2 2 2 2 2 2 2 2 2 2 2 2 2 2
left_child=1 2 4 10 8 17 14 16 -1 -10 18 29 -9 20 22 23 -6 24 28 -17 -12 -15 -4 -8 26 -26 -3 -16 -2 -5
right_child=3 5 6 11 7 -7 15 12 9 -11 13 -13 -14 21 27 19 -18 -19 -20 -21 -22 -23 -24 -25 25 -27 -28 -29 -30 -31
leaf_value=0.018828455719060094 0.0045431871909525894 0.017716631822367192 -0.0007718082996349962 -0.0041245221602341344 0.0038901477633333037 -0.0040766893388637414 -0.00049768422967833828 -0.0006094460876194896 0.010028873089718371 0.0039658217340665233 -0.0026740710319263436 -0.0040766893388637414 0.0034363079397132933 -0.0027504086050736381 0.0034928931816905137 -0.0041631425649610579 0.00510445417057942 -0.004361722752117516 -0.0041267720390215385 -0.0012618146620860481 -0.0012128519029641473 -0.004124855845482861 0.0027510798456452448 0.0027351918839236987 -0.0048866506360679988 0.0043769601173268037 -0.0054040989481526826 0.0093886494703235863 -0.0011969478807743112 -0.0040766893388637414
leaf_weight=7214 1392 333 3529 9210 21546 4198 3348 15851 13801 18267 6155 30788 9291 2662 3089 4361 5636 4829 2948 20429 3361 8255 2866 2592 454 1260 1750 1011 2970 2249
leaf_count=7214 1392 333 3529 9210 21546 4198 3348 15851 13801 18267 6155 30788 9291 2662 3089 4361 5636 4829 2948 20429 3361 8255 2866 2592 454 1260 1750 1011 2970 2249
internal_value=-0.00139639 0.00190198 0.00284897 -0.00826049 0.00444038 -0.00790643 -0.000687309 0.00262991 0.00685182 0.00595435 -0.0049973 -0.0104032 0.000845961 -0.00611995 0.00291968 -0.00191923 0.00427988 -0.00487539 -0.00185884 -0.00258723 -0.00420511 -0.00778851 0.000982645 0.000868541 -0.00229463 0.000664723 -0.00472889 0.00594001 3.438e-05 -0.00792539
internal_weight=215645 145655 132831 69990 91606 12824 41225 52324 39282 32068 27743 42247 25142 20433 10495 30730 27182 8626 7310 24790 9516 10917 6395 5940 3797 1714 2083 4100 4362 11459
internal_count=215645 145655 132831 69990 91606 12824 41225 52324 39282 32068 27743 42247 25142 20433 10495 30730 27182 8626 7310 24790 9516 10917 6395 5940 3797 1714 2083 4100 4362 11459
is_linear=0
shrinkage=0.03


Tree=27
num_leaves=31
num_cat=0
split_feature=27 8 27 12 19 112 19 8 27 24 10 24 104 27 25 7 33 8 27 29 20 15 12 8 8 7 102 102 89 112
split_gain=5302.38 1478.1 761.3 528.675 400.436 278.474 203.78 187.807 111.669 107.873 106.057 99.9556 110.197 87.7504 78.3714 75.8112 68.2332 62.7754 50.6467 40.4316 40.4132 34.3128 33.1503 28.5192 27.5915 27.5725 26.1801 25.8875 36.7745 28.1796
threshold=317.50000000000006 0.35000000000000148 207.50000000000003 -1.0000000180025095e-35 77.01666666666668 1.8499999999999999 79.303846153846166 1.0000000180025095e-35 377.50000000000006 2.1404100998841264 -0.15000000000000033 9.0466853888993004 12.523832599597588 372.50000000000006 1.0000000180025095e-35 1.1000000000000008 0.39629089145655322 0.10000000000000099 197.50000000000003 285.50000000000006 90.338095238095249 0.071702461170128906 -0.24999999999999997 0.69999999999999984 0.49999999999999961 1.2500000000000002 76.852777777777789 79.453415915915926 28.950000000000003 0.84999999999999976
decision_type=2 2 2 2 2 2 2 2 2 2 2 2 2 2 2 2 2 2 2 2 2 2 2 2 2 2 2 2 2 2
left_child=1 2 4 10 11 18 15 14 24 -9 -2 12 -1 16 -6 19 -12 21 23 -4 -19 -8 -15 -3 -5 -18 -17 28 -10 -30
right_child=3 5 6 8 7 -7 17 9 27 -11 13 -13 -14 22 -16 26 25 20 -20 -21 -22 -23 -24 -25 -26 -27 -28 -29 29 -31
leaf_value=0.0054139489396067362 -0.00079135429500647723 -0.0014069542097170662 -0.00047582242652435711 -0.00400286002164996 0.0077528207362216051 -0.0039543886586978294 -0.00089624498437496666 -0.0011161776238670267 -0.0039543886586978294 0.0026664773097640568 -0.0028054818127690195 0.022360432021367133 0.012633211881541014 -0.0037125414081918477 0.0032153474831356976 0.0033818745374306694 -0.00158812461552769 -0.0022155508969416431 -0.0042301930264819453 0.0031406073124842144 -0.004771113329611075 0.00068290085185752187 -0.0040011101701183755 -0.0050832605457341003 -0.0039543886586978294 0.00089835487809269434 0.0079241507875827 -0.0039543886586978294 -0.0039543886586978294 -0.0039543886586978294
leaf_weight=5067 4446 2995 4860 9281 13828 4245 10539 10377 13739 21920 6949 3065 12000 3548 23564 2780 2895 9524 4852 2926 3535 7237 8294 840 2204 1692 1576 16015 530 467
leaf_count=5067 4446 2995 4860 9281 13828 4245 10539 10377 13739 21920 6949 3065 12000 3548 23564 2780 2895 9524 4852 2926 3535 7237 8294 840 2204 1692 1576 16015 530 467
internal_value=-0.00145196 0.00180867 0.00275153 -0.00823425 0.00432272 -0.00787288 -0.000532249 0.00324602 -0.0103495 0.00157022 -0.00502318 0.00804947 0.00715286 -0.00583087 0.00469339 0.00275961 -0.0039681 -0.00182854 -0.00479454 0.000986259 -0.00340773 -0.000668279 -0.00764502 -0.00221715 -0.00782387 -0.00112794 0.00592839 -0.0112924 -0.0122019 -0.00662826
internal_weight=215790 145730 132798 70060 89821 12932 42977 69689 42236 32297 27824 20132 17067 23378 37392 12142 11536 30835 8687 7786 13059 17776 11842 3835 11485 4587 4356 30751 14736 997
internal_count=215790 145730 132798 70060 89821 12932 42977 69689 42236 32297 27824 20132 17067 23378 37392 12142 11536 30835 8687 7786 13059 17776 11842 3835 11485 4587 4356 30751 14736 997
is_linear=0
shrinkage=0.03


Tree=28
num_leaves=31
num_cat=0
split_feature=27 8 27 12 20 112 20 8 27 24 83 83 104 24 27 27 10 23 21 29 27 33 8 27 33 11 90 107 15 8
split_gain=5202.12 1409.11 711.948 540.075 373.937 282.158 200.623 169.778 119.978 108.534 108.395 104.884 101.054 97.3845 76.6166 71.2082 59.9532 52.0709 55.2277 52.0397 45.3275 44.7576 40.6943 39.6327 36.6765 32.9099 31.283 30.9609 29.5559 27.931
threshold=317.50000000000006 0.35000000000000148 197.50000000000003 -1.0000000180025095e-35 77.035897435897439 1.3499999999999999 81.534523809523833 1.0000000180025095e-35 377.50000000000006 8.7758862003042832 -0.74999999999999989 -0.65000000000000024 12.333631466778112 2.1644520126419367 62.500000000000007 367.50000000000006 -0.15000000000000033 25.133070171016751 1.1060950807608527 196.50000000000003 262.50000000000006 -0.89404254237865755 1.0000000180025095e-35 137.50000000000003 0.42763731121559989 -0.15000000000000033 1.2500000000000002 1.1000000000000008 0.16350676829060737 0.49999999999999961
decision_type=2 2 2 2 2 2 2 2 2 2 2 2 2 2 2 2 2 2 2 2 2 2 2 2 2 2 2 2 2 2
left_child=1 2 4 10 9 17 11 14 29 12 22 -4 -1 -9 -6 24 -8 18 -3 -13 -18 -19 28 -7 -12 -17 -23 -20 -2 -5
right_child=3 5 6 8 7 23 16 13 -10 -11 15 19 -14 -15 -16 25 20 21 27 -21 -22 26 -24 -25 -26 -27 -28 -29 -30 -31
leaf_value=0.0050875888152703908 -0.0013505578513985136 -0.0041525034388148821 0.0045859623181262101 -0.0038734856986259287 0.0072525546741531687 -0.0038357569989368946 0.0025256784704569628 -0.00090158693756648811 -0.0038357569989368946 0.022165710712537423 -0.0026432557903021897 -0.0010961289845364845 0.011897277865533077 0.0027446702940781779 0.003095248793982886 -0.0031257122003919583 -0.00064605295945808767 0.0040518581496029474 0.0069623840125386804 0.0017292706913716854 -0.0024412452449522103 0.0032337177384953821 -0.0038865043572090144 -0.0046032093706151198 -0.0012065548712001486 -0.0038810768650148243 -0.0048013855852077156 -0.0041067133342033903 0.0043706445090258821 -0.0038357569989368946
leaf_weight=4581 2852 3700 6005 9302 14685 3488 2606 10009 30722 3196 6195 5804 11779 20426 21067 2692 14005 1039 709 6498 11841 407 2916 1747 3298 8264 562 1155 1530 2257
leaf_count=4581 2852 3700 6005 9302 14685 3488 2606 10009 30722 3196 6195 5804 11779 20426 21067 2692 14005 1039 709 6498 11841 407 2916 1747 3298 8264 562 1155 1530 2257
internal_value=-0.00147501 0.00176199 0.00268047 -0.00819175 0.00430438 -0.00774008 -0.00029737 0.0032274 -0.010326 0.00794907 -0.00493927 0.00215234 0.00696045 0.00158053 0.00462926 -0.00605941 -0.00187362 -0.00403671 -0.005531 0.000565716 -0.00231091 0.00010453 -0.00180025 -0.0130949 -0.00415684 -0.0077074 -0.00453093 -0.00131903 2.73785e-05 -0.00771929
internal_weight=215337 145309 132502 70028 85743 12807 46759 66187 42281 19556 27747 18307 16360 30435 35752 20449 28452 7572 5564 12302 25846 2008 7298 5235 9493 10956 969 1864 4382 11559
internal_count=215337 145309 132502 70028 85743 12807 46759 66187 42281 19556 27747 18307 16360 30435 35752 20449 28452 7572 5564 12302 25846 2008 7298 5235 9493 10956 969 1864 4382 11559
is_linear=0
shrinkage=0.03


Tree=29
num_leaves=31
num_cat=0
split_feature=25 8 12 25 93 4 5 24 25 25 25 24 85 12 83 23 8 92 94 90 8 33 90 25 24 109 8 2 102 109
split_gain=5056.39 1375.83 670.891 541.073 302.586 299.808 253.413 225.599 213.52 129.58 128.741 124.107 101.165 93.2603 71.7088 63.2632 56.4371 51.7233 49.6122 47.1117 40.5478 40.4207 41.1091 37.2403 34.0774 32.218 31.1076 25.5442 31.687 24.1543
threshold=4.5000000000000009 0.35000000000000148 -1.0000000180025095e-35 1.5000000000000002 74.018055555555563 1.2500000000000002 247.50000000000003 5.3161076523536313 5.5000000000000009 3.5000000000000004 5.5000000000000009 2.561760885679099 -2.7999999999999976 -0.24999999999999997 -0.90000000000000113 19.948084006358513 1.0000000180025095e-35 24.557688958354326 60.500000000000007 1.6000000000000012 0.35000000000000148 0.70747208174348741 1.0000000000000007 1.5000000000000002 8.7758862003042832 -0.59999999999999865 0.15000000000000038 29.850000000000005 79.634722222222237 -4.4999999999999982
decision_type=2 2 2 2 2 2 2 2 2 2 2 2 2 2 2 2 2 2 2 2 2 2 2 2 2 2 2 2 2 2
left_child=1 3 10 6 14 17 7 11 20 12 15 -1 -6 26 -5 19 -11 21 -16 -2 -4 22 -3 -7 -9 -19 -12 28 -10 -30
right_child=2 5 8 4 9 23 -8 24 27 16 13 -13 -14 -15 18 -17 -18 25 -20 -21 -22 -23 -24 -25 -26 -27 -28 -29 29 -31
leaf_value=0.0032098210368470608 -0.0010634414975901495 -0.0040159175090541078 -0.0039853146778201006 0.0098465486664216333 0.0022463513320187798 -0.0037206842889687874 -0.0066054351113862316 0.01720692638514237 -0.0037206842889687874 4.5629580503164235e-05 -0.0016013498040482301 0.0061353547561252293 -0.00011771996503796373 -0.0037646445590643796 0.0090486233093597639 -0.0023608307623669898 -0.0025974404041514856 -0.0023654848470266738 0.0025341085972777361 0.0019198734034190862 -0.0038991722645807503 -0.0009876677738878412 -0.003983511934177288 -0.0045226738295965924 0.025330586629213829 0.0066701652858956609 -0.0044933037945325827 -0.0037206842889687874 -0.0037206842889687874 -0.0037206842889687874
leaf_weight=16538 5367 1856 7962 3938 18159 3512 556 4741 15518 8585 5426 29317 21705 11141 1234 7661 10761 464 7298 2394 2842 1321 2093 1724 2016 912 952 1717 414 17188
leaf_count=16538 5367 1856 7962 3938 18159 3512 556 4741 15518 8585 5426 29317 21705 11141 1234 7661 10761 464 7298 2394 2842 1321 2093 1724 2016 912 952 1717 414 17188
internal_value=-0.00154965 0.00193563 -0.00761386 0.00286402 0.00116307 -0.00781873 0.00515714 0.00537016 -0.00996878 0.000268531 -0.00435083 0.00461586 0.00124621 -0.00611045 0.00541015 -0.00235168 -0.00174601 -0.00358808 0.00386382 -0.000442541 -0.0062832 -0.00494024 -0.00645949 -0.0131869 0.0104876 0.00159041 -0.00321681 -0.0111116 -0.0112968 -0.0104232
internal_weight=215312 136730 78582 124848 71680 11882 53168 52612 45641 59210 32941 45855 39864 17519 12470 15422 19346 6646 8532 7761 10804 5270 3949 5236 6757 1376 6378 34837 33120 17602
internal_count=215312 136730 78582 124848 71680 11882 53168 52612 45641 59210 32941 45855 39864 17519 12470 15422 19346 6646 8532 7761 10804 5270 3949 5236 6757 1376 6378 34837 33120 17602
is_linear=0
shrinkage=0.03


Tree=30
num_leaves=31
num_cat=0
split_feature=27 8 27 12 24 4 8 1 12 27 24 27 24 99 27 8 19 27 33 7 4 8 20 12 8 0 8 102 98 21
split_gain=5059.93 1396.99 694.811 543.197 395.764 278.812 200.08 167.079 100.216 98.6801 95.8089 84.5223 79.4767 93.2333 78.7526 61.256 59.2774 51.9677 47.7581 42.4743 42.1346 40.0889 36.936 34.8739 28.905 26.3255 25.1189 25.0196 24.6993 27.6439
threshold=322.50000000000006 0.35000000000000148 212.50000000000003 -1.0000000180025095e-35 4.6970952986776497 1.8499999999999999 1.0000000180025095e-35 78.500000000000014 -0.24999999999999997 387.50000000000006 1.2268446188580315 82.500000000000014 8.7758862003042832 15.950000000000001 372.50000000000006 0.10000000000000099 47.097619047619055 197.50000000000003 0.41202506375868281 1.8 1.2000000000000004 0.15000000000000038 90.338095238095249 -0.50000000000000255 0.69999999999999984 29.550000000000004 0.54999999999999993 79.634722222222237 0.39999999999999952 1.052304439203799
decision_type=2 2 2 2 2 2 2 2 2 2 2 2 2 2 2 2 2 2 2 2 2 2 2 2 2 2 2 2 2 2
left_child=1 2 4 8 6 17 11 16 21 26 -8 -1 13 -6 18 20 -4 24 -10 -18 -9 23 -17 -2 -3 27 -5 -11 29 -19
right_child=3 5 7 9 12 -7 10 15 14 25 -12 -13 -14 -15 -16 22 19 28 -20 -21 -22 -23 -24 -25 -26 -27 -28 -29 -30 -31
leaf_value=0.0067718216073641285 0.0021211038318026542 -0.0013251844517337698 0.0083807416964066031 -0.0036090637602997242 0.0034757436314524185 -0.0036090637602997242 -0.0042177038906371983 -0.0006074661652259722 -0.0028452677194388751 -0.0036090637602997242 0.0019296133686346039 0.0026645752123265563 0.01963702226581374 0.012825056902248892 -0.0036517052222924482 -0.0021046362439924001 0.00095574103116735643 -0.0038848773241636431 -0.00096741014122355947 0.0077704969786109475 0.003252357199685195 -0.0043779741823638642 -0.0043835105141150259 -0.0016167825512774002 -0.004711571098614792 -0.0036090637602997242 -0.0036090637602997242 -0.0036090637602997242 -1.9358696602632812e-05 -0.0037777724994469773
leaf_weight=19644 2092 3054 721 11031 2410 4285 4016 16192 5039 13240 30852 21668 3392 9828 8984 9849 9337 3007 2959 1026 2257 1338 3558 6027 844 785 1849 14263 442 1569
leaf_count=19644 2092 3054 721 11031 2410 4285 4016 16192 5039 13240 30852 21668 3392 9828 8984 9849 9337 3007 2959 1026 2257 1338 3558 6027 844 785 1849 14263 442 1569
internal_value=-0.00157099 0.00153607 0.00244852 -0.00837039 0.00392175 -0.00777723 0.0030295 -0.000701428 -0.00501456 -0.0105254 0.00135593 0.00444194 0.0082701 0.00714274 -0.00639286 -0.00180525 0.00247091 -0.00475384 -0.00422678 0.00189164 -0.00068374 -0.00253912 -0.00334837 -0.00174569 -0.0021544 -0.0115168 -0.00834718 -0.0116716 -0.00677227 -0.00742626
internal_weight=215558 147951 134750 67607 91810 13201 76180 42940 26439 41168 34868 41312 15630 12238 16982 31856 11084 8916 7998 10363 18449 9457 13407 8119 3898 28288 12880 27503 5018 4576
internal_count=215558 147951 134750 67607 91810 13201 76180 42940 26439 41168 34868 41312 15630 12238 16982 31856 11084 8916 7998 10363 18449 9457 13407 8119 3898 28288 12880 27503 5018 4576
is_linear=0
shrinkage=0.03


Tree=31
num_leaves=31
num_cat=0
split_feature=25 8 12 24 4 90 25 25 25 25 31 12 88 93 14 90 32 23 90 8 84 32 4 92 84 32 103 89 99 25
split_gain=4845.17 1300.83 680.714 494.241 295.778 221.558 212.807 211.875 202.387 137.38 99.4584 97.7504 87.632 86.6274 68.0782 65.9947 59.2815 58.9476 41.2624 40.6585 37.834 36.8667 30.6577 46.7951 30.275 28.3833 26.0619 40.8456 35.2148 25.4388
threshold=4.5000000000000009 0.35000000000000148 -1.0000000180025095e-35 3.1805592426220675 1.8499999999999999 1.8500000000000016 5.5000000000000009 1.5000000000000002 1.5000000000000002 5.5000000000000009 0.25000000000000017 -0.24999999999999997 28.050000000000004 93.068055555555574 0.055605341676565979 0.79999999999999816 -0.71504373327588355 19.948084006358513 1.6000000000000012 0.35000000000000148 0.09999999999999877 0.71503381463111937 1.1500000000000006 24.079573602107025 -2.6999999999999971 -0.58482361983252518 82.500000000000014 28.950000000000003 29.750000000000004 2.5000000000000004
decision_type=2 2 2 2 2 2 2 2 2 2 2 2 2 2 2 2 2 2 2 2 2 2 2 2 2 2 2 2 2 2
left_child=1 3 9 7 20 8 19 12 16 17 -10 24 15 14 -9 -1 -5 18 -2 -4 22 -15 23 -3 -11 -14 27 -8 -29 -7
right_child=2 4 6 5 -6 29 26 13 10 11 -12 -13 25 21 -16 -17 -18 -19 -20 -21 -22 -23 -24 -25 -26 -27 -28 28 -30 -31
leaf_value=0.00014338820767063887 -0.0010335073244571867 -0.0037651020102971943 -0.0037656799902612403 0.008922504776237206 -0.0035007918474907326 0.016067951435625356 -0.0035007918474907326 -0.00068258813069807078 9.2454621794927917e-05 0.0050485930695857361 0.0033046724166199953 -0.0035421540656236749 0.0075422737051673025 -0.0052231200390954477 0.0016490685367056797 0.0044968101005022267 0.0067256341495850738 -0.0022643775459082606 0.0017987465760272566 -0.0036838023577304381 -0.0038279655046083065 -0.0020109689662327172 -0.004176049739585355 0.0041156743792503322 -0.0023134295608717788 0.0037733565709356085 -0.0035007918474907326 -0.0035007918474907326 -0.00067677081894911126 0.0061023365771978328
leaf_weight=8426 5268 2763 8016 6499 4049 6145 12825 24031 12029 628 15023 11195 1947 1958 12707 14294 15286 7640 2448 2894 2878 1274 1053 1096 5783 2209 21155 431 457 3199
leaf_count=8426 5268 2763 8016 6499 4049 6145 12825 24031 12029 628 15023 11195 1947 1958 12707 14294 15286 7640 2448 2894 2878 1274 1053 1096 5783 2209 21155 431 457 3199
internal_value=-0.00160848 0.00180263 -0.00753762 0.00270263 -0.00770144 0.0047244 -0.00990454 0.000942899 0.00391447 -0.00425022 0.00218127 -0.00605895 0.00300257 -0.000442071 -2.77634e-05 0.00226971 0.00606651 -0.00217621 -0.000326552 -0.00624691 -0.00428186 -0.00515002 -0.00268064 -0.00144171 -0.00310434 0.00700746 -0.0110488 -0.0120698 -0.00583802 0.00895666
internal_weight=215606 136866 78740 125027 11839 58181 45778 66846 48837 32962 27052 17606 26876 39970 36738 22720 21785 15356 7716 10910 7790 3232 4912 3859 6411 4156 34868 13713 888 9344
internal_count=215606 136866 78740 125027 11839 58181 45778 66846 48837 32962 27052 17606 26876 39970 36738 22720 21785 15356 7716 10910 7790 3232 4912 3859 6411 4156 34868 13713 888 9344
is_linear=0
shrinkage=0.03


Tree=32
num_leaves=31
num_cat=0
split_feature=25 5 12 25 12 33 24 25 20 25 24 12 32 25 88 29 12 33 86 109 83 28 33 12 10 19 2 103 62 31
split_gain=4777.9 1242.79 701.315 681.198 340.783 231.109 226.775 210.335 144.08 143.994 128.571 97.7606 86.2508 82.9166 63.1344 64.767 63.0852 61.7755 41.258 36.7987 32.8973 32.3671 28.0541 30.1757 27.7383 26.6483 26.0246 27.494 25.4339 30.297
threshold=4.5000000000000009 333.50000000000006 -1.0000000180025095e-35 1.5000000000000002 -0.15000000000000033 0.080547328232315238 2.561760885679099 5.5000000000000009 87.801785714285728 5.5000000000000009 5.5232858639283098 -0.24999999999999997 -0.20180236284700911 1.0000000180025095e-35 28.050000000000004 78.500000000000014 -0.34999999999999959 0.080547328232315238 -0.25000000000000017 2.4500000000000006 0.09999999999999877 8.5000000000000018 0.21652257995689161 -0.79999999999999971 -0.24999999999999997 57.416666666666671 29.850000000000005 82.500000000000014 0.0099999999999999846 -0.5
decision_type=2 2 2 2 2 2 2 2 2 2 2 2 2 2 2 2 2 2 2 2 2 2 2 2 2 2 2 2 2 2
left_child=1 3 9 6 5 24 14 20 12 17 13 22 -6 -8 15 -1 -7 -2 -19 -10 28 -12 -11 -24 -5 -13 27 -9 29 -4
right_child=2 -3 7 4 8 16 10 26 19 11 21 25 -14 -15 -16 -17 -18 18 -20 -21 -22 -23 23 -25 -26 -27 -28 -29 -30 -31
leaf_value=0.0078829796979185129 -0.0023007655366713651 -0.0033957680920660106 -0.003776593263908762 0.0055231313835742164 0.0013082850613547977 0.0091531104357819963 0.0076977746031281907 -0.0033957680920660106 -0.0034667285509027116 -0.0037522009153423538 0.013878235655431356 -0.00080907989568227833 -0.0012061190126365928 0.0036447307432565831 0.010462092803110406 0.00048626047988985731 0.003281820814342249 0.0024503485258376765 -0.00084081230266881463 0.006475317753867631 -0.0035976063811601791 0.022947960960993597 0.01258050083253804 -0.0013777535162787721 -0.0002245517306470146 -0.0034358894436549645 -0.0033957680920660106 -0.0033957680920660106 0.0018588411198422483 -0.0030792281398654281
leaf_weight=4533 7458 3874 2847 1153 13972 6281 15994 12597 13675 2795 2408 738 18381 14557 840 12061 11363 2069 5828 625 2703 3912 323 3354 13297 10369 1705 20689 356 4928
leaf_count=4533 7458 3874 2847 1153 13972 6281 15994 12597 13675 2795 2408 738 18381 14557 840 12061 11363 2069 5828 625 2703 3912 323 3354 13297 10369 1705 20689 356 4928
internal_value=-0.00163495 0.00175144 -0.00752228 0.00223918 0.000456583 0.00283596 0.00482405 -0.00992221 -0.00118028 -0.00418278 0.00615711 -0.00603669 -7.18613e-05 0.00535104 0.00200459 0.00159807 0.0051397 -0.00206011 -0.000210813 -0.00368785 -0.00626857 0.0100522 -0.00310521 -0.00138254 2.28358e-05 -0.00774442 -0.0110532 -0.0112386 -0.00531419 -0.00567323
internal_weight=215685 136926 78759 133052 78747 32094 54305 45825 46653 32934 36871 17579 32353 30551 17434 16594 17644 15355 7897 14300 10834 6320 6472 3677 14450 11107 34991 33286 8131 7775
internal_count=215685 136926 78759 133052 78747 32094 54305 45825 46653 32934 36871 17579 32353 30551 17434 16594 17644 15355 7897 14300 10834 6320 6472 3677 14450 11107 34991 33286 8131 7775
is_linear=0
shrinkage=0.03


Tree=33
num_leaves=31
num_cat=0
split_feature=27 5 27 12 93 12 19 33 27 12 84 24 99 94 27 27 29 84 33 84 109 0 102 33 103 108 5 9 33 4
split_gain=4791.99 1168.41 872.343 499.955 371.763 249.528 189.416 152.851 144.199 105.265 97.074 90.3727 83.6679 81.8711 79.7469 70.7085 70.4208 68.4675 45.128 41.9156 27.5445 25.1262 28.4097 24.7167 24.7203 20.9775 20.6602 18.7916 17.3098 19.0013
threshold=327.50000000000006 345.50000000000006 197.50000000000003 -1.0000000180025095e-35 74.018055555555563 -1.0000000180025095e-35 88.069047619047623 -0.23537842981696178 72.500000000000014 -0.24999999999999997 -1.1999999999999973 8.7758862003042832 18.150000000000002 90.500000000000014 387.50000000000006 372.50000000000006 158.50000000000003 -0.50000000000000122 0.42763731121559989 -2.5000000000000004 -0.54999999999999971 29.550000000000004 79.634722222222237 0.41202506375868281 82.500000000000014 3.8000000000000029 2.5000000000000004 -0.15000000000000033 0.76556758748011056 0.39999999999999908
decision_type=2 2 2 2 2 2 2 2 2 2 2 2 2 2 2 2 2 2 2 2 2 2 2 2 2 2 2 2 2 2
left_child=1 2 4 9 11 7 8 20 -6 19 -9 12 -1 16 28 18 -7 -8 -11 -2 -4 22 -16 27 -25 -24 -15 -21 -5 -30
right_child=3 -3 5 14 6 13 17 10 -10 15 -12 -13 -14 26 21 -17 -18 -19 -20 23 -22 -23 25 24 -26 -27 -28 -29 29 -31
leaf_value=0.0055500226534921718 0.0050160797101329244 -0.0032938950493040299 -0.0023359623482783792 -0.0032938950493040299 0.0063266331934162734 -0.003493688181418925 0.0023403106001813135 0.0034594661786483774 0.0020587687940124494 -0.002876298454817865 0.00015749205432598223 0.019049784932921886 0.01060572341228176 -0.0034899483384922617 -0.0032938950493040299 -0.0033328127603453159 -0.00022484352486447812 -0.0017198705988775381 -0.00078821851869836175 0.002029516749482433 -0.00065877692593200687 -0.0032938950493040299 -0.0032938950493040299 -0.0016542424240909325 0.00076874559575952704 -0.0032938950493040299 -0.0037131364363634303 -0.0035472008130520193 -0.0034184776738632838 -0.0033475177789829553
leaf_weight=5114 938 3870 5474 9435 20100 6272 10510 8623 31672 4580 13559 3266 8942 1704 13262 8964 7032 9694 2577 405 7938 766 13613 2152 1771 724 6174 3788 308 2178
leaf_count=5114 938 3870 5474 9435 20100 6272 10510 8623 31672 4580 13559 3266 8942 1704 13262 8964 7032 9694 2577 405 7938 766 13613 2152 1771 724 6174 3788 308 2178
internal_value=-0.00168484 0.00127167 0.00170276 -0.00845689 0.00355133 -0.00120471 0.00260166 0.000329541 0.00356305 -0.00514001 0.00185818 0.00749697 0.00645159 -0.00378275 -0.0105295 -0.00659378 -0.00234724 0.000138085 -0.00436924 -0.00255108 -0.00219861 -0.0113952 -0.011544 -0.00324504 -0.00153287 -0.0106155 -0.00620637 -0.00484621 -0.0084688 -0.00623643
internal_weight=215405 149944 146074 65461 89298 56776 71976 35594 51772 25175 22182 17322 14056 21182 40286 16121 13304 20204 7157 9054 13412 28365 27599 8116 3923 14337 7878 4193 11921 2486
internal_count=215405 149944 146074 65461 89298 56776 71976 35594 51772 25175 22182 17322 14056 21182 40286 16121 13304 20204 7157 9054 13412 28365 27599 8116 3923 14337 7878 4193 11921 2486
is_linear=0
shrinkage=0.03


Tree=34
num_leaves=31
num_cat=0
split_feature=27 8 27 12 110 4 8 19 12 27 110 27 83 27 110 27 19 8 8 29 23 65 83 8 29 98 83 0 102 8
split_gain=4794.58 1326.65 611.615 522.188 368.934 286.291 177.986 121.444 109.78 86.5611 85.2625 83.9234 81.0774 68.0048 61.8269 56.5407 53.3494 49.7872 45.9557 42.5955 38.7333 31.9908 29.8975 28.6801 25.7303 24.5624 23.8213 23.3108 24.3776 23.3044
threshold=327.50000000000006 0.35000000000000148 222.50000000000003 -1.0000000180025095e-35 4.6970952986776497 1.8499999999999999 1.0000000180025095e-35 79.839743589743605 -0.24999999999999997 67.500000000000014 2.1404100998841264 387.50000000000006 -1.0999999999999985 372.50000000000006 10.126365106432791 202.50000000000003 47.097619047619055 1.0000000180025095e-35 0.15000000000000038 299.50000000000006 19.808084840372189 0.29299999999999998 -1.2499999999999998 0.69999999999999984 96.500000000000014 0.39999999999999952 0.25000000000000006 29.650000000000002 79.634722222222237 0.54999999999999993
decision_type=2 2 2 2 2 2 2 2 2 2 2 2 2 2 2 2 2 2 2 2 2 2 2 2 2 2 2 2 2 2
left_child=1 2 4 8 6 15 9 16 18 -1 -8 29 -6 20 -14 23 -4 24 22 -18 -10 -19 -2 -3 -9 26 -17 28 -13 -5
right_child=3 5 7 11 12 -7 10 17 13 -11 -12 27 14 -15 -16 25 19 21 -20 -21 -22 -23 -24 -25 -26 -27 -28 -29 -30 -31
leaf_value=0.0065125291616102742 0.0025152721155516848 -0.0013745646184940466 0.0069503709343153542 -0.0031950781978249093 0.019407934779736308 -0.0031950781978249093 -0.0013005404189377916 0.0011055331113296412 -0.00099819838559059423 0.0024648794025842464 0.0020054861576031999 -0.0031950781978249093 0.0079030720587633576 -0.0032328283775349561 0.018673898346340655 -0.0035379694006993688 -0.00017000039848273974 -0.0025278801684290534 -0.0040357892133074062 0.0030861238858939572 -0.0033065857825068678 0.0045869592336521938 -0.0013914590556166845 -0.004303005919879547 -0.00072309608446343928 -2.2298011219677448e-05 -0.0034196641345879625 -0.0031950781978249093 -0.0031950781978249093 -0.0031950781978249093
leaf_weight=16860 1718 3152 673 10248 3295 4308 11210 3299 3396 25809 25348 13480 11414 8935 1629 2362 7696 15767 1249 4104 3802 357 6084 898 8749 447 2334 547 14395 1711
leaf_count=16860 1718 3152 673 10248 3295 4308 11210 3299 3396 25809 25348 13480 11414 8935 1629 2362 7696 15767 1249 4104 3802 357 6084 898 8749 447 2334 547 14395 1711
internal_value=-0.00171755 0.00124529 0.00213441 -0.00848283 0.00344542 -0.00772441 0.00259889 -0.000948064 -0.00509232 0.00391505 0.00106267 -0.0105972 0.00755003 -0.00657586 0.00648689 -0.00473298 0.00151635 -0.00203919 -0.00244753 0.00104737 -0.00440478 -0.0031293 -0.0015917 -0.00208097 -0.000580131 -0.00682057 -0.00746008 -0.0114847 -0.0116051 -0.00848704
internal_weight=215276 149711 136210 65565 95565 13501 79227 40645 25184 42669 36558 40381 16338 16133 13043 9193 12473 28172 9051 11800 7198 16124 7802 4050 12048 5143 4696 28422 27875 11959
internal_count=215276 149711 136210 65565 95565 13501 79227 40645 25184 42669 36558 40381 16338 16133 13043 9193 12473 28172 9051 11800 7198 16124 7802 4050 12048 5143 4696 28422 27875 11959
is_linear=0
shrinkage=0.03


Tree=35
num_leaves=31
num_cat=0
split_feature=27 8 27 12 24 4 27 5 85 12 20 27 29 20 89 27 7 19 8 21 27 104 8 29 32 23 102 104 107 86
split_gain=4679.38 1317.51 612.95 482.886 368.562 281.462 191.878 185.736 130.615 119.557 117.214 73.0333 69.7422 74.048 66.8725 66.594 65.1092 49.0737 45.7081 43.3428 41.5804 41.2247 39.3771 39.1461 38.3369 37.0596 35.0361 31.1868 30.277 28.6824
threshold=332.50000000000006 0.35000000000000148 227.50000000000003 -1.0000000180025095e-35 5.1298895505536581 1.3499999999999999 72.500000000000014 101.50000000000001 -2.850000000000001 -0.24999999999999997 81.534523809523833 387.50000000000006 148.50000000000003 56.241666666666674 25.950000000000003 372.50000000000006 1.1000000000000008 68.511904761904773 0.15000000000000038 1.1060950807608527 127.50000000000001 24.820300572017143 0.15000000000000038 96.500000000000014 0.77788564761185042 19.808084840372189 84.670833333333348 23.632657975952345 1.1000000000000008 -0.45833333333333326
decision_type=2 2 2 2 2 2 2 2 2 2 2 2 2 2 2 2 2 2 2 2 2 2 2 2 2 2 2 2 2 2
left_child=1 2 4 9 6 14 7 -1 -8 22 16 -5 13 -6 19 25 24 -14 23 -3 -7 -16 29 -12 -4 -11 -23 -18 -21 -2
right_child=3 5 10 11 12 20 8 -9 -10 15 18 -13 17 -15 21 -17 27 -19 -20 28 -22 26 -24 -25 -26 -27 -28 -29 -30 -31
leaf_value=0.0056915961955182467 0.0073480651278616657 -0.0034098525363616167 0.00028530575553578852 -0.0030992258518901619 0.013495214735109949 -0.0030992258518901619 0.0025640881159251804 -0.0065476958317480516 0.00020554597904718613 -0.00094726627786483454 0.00034083075424186094 -0.0030992258518901619 0.017877296903166921 0.0054024002880975032 -0.0037807042732630313 -0.0031358435262089077 0.0031261791213650584 0.0091237069080575255 -0.0036475264912123814 0.0066961944176445231 -0.0037567379080910984 -0.00056223968961926466 -0.0038724402408005835 -0.0016970429247079723 -0.0025603662675290607 -0.0032122624321828312 0.010693294556363009 -0.0017206239791300367 -0.0035736589749174688 -0.0012978250735315475
leaf_weight=29101 626 4144 9188 11168 1209 3500 23515 434 31224 3000 5403 28446 5899 3645 634 8902 4606 2719 5641 673 2083 1140 1213 13860 1661 3358 532 370 985 6727
leaf_count=29101 626 4144 9188 11168 1209 3500 23515 434 31224 3000 5403 28446 5899 3645 634 8902 4606 2719 5641 673 2083 1140 1213 13860 1661 3358 532 370 985 6727
internal_value=-0.00173802 0.00111568 0.00199345 -0.00858278 0.00328184 -0.00776183 0.00254524 0.00449401 0.0014937 -0.00520754 -0.00109858 -0.0106126 0.00788911 0.00501133 -0.00419164 -0.00679969 0.000920321 0.00950922 -0.00238145 -0.00590901 -0.012945 0.000130039 -0.00237072 -0.00168579 -0.000382949 -0.00445353 0.00260012 0.0037613 -0.00180832 -0.00154406
internal_weight=215606 152166 138475 63440 97746 13691 84274 29535 54739 23826 40729 39614 13472 4854 8108 15260 15825 8618 24904 5802 5583 2306 8566 19263 10849 6358 1672 4976 1658 7353
internal_count=215606 152166 138475 63440 97746 13691 84274 29535 54739 23826 40729 39614 13472 4854 8108 15260 15825 8618 24904 5802 5583 2306 8566 19263 10849 6358 1672 4976 1658 7353
is_linear=0
shrinkage=0.03


Tree=36
num_leaves=31
num_cat=0
split_feature=27 4 27 12 110 83 19 27 27 33 12 83 0 27 86 83 29 83 27 75 10 2 33 32 91 0 103 12 94 87
split_gain=4599.21 827.519 801.226 504.008 337.02 234.963 198.597 162.442 152.95 137.264 113.637 105.671 98.9768 78.0782 68.0233 66.3686 67.7462 52.1896 51.7262 48.167 37.5259 41.6105 33.5202 29.5718 23.442 23.1982 25.2426 19.342 18.3473 17.4974
threshold=332.50000000000006 2.8999999999999995 207.50000000000003 -1.0000000180025095e-35 5.3161076523536313 -1.0000000180025095e-35 88.069047619047623 37.500000000000007 62.500000000000007 -0.20180761162458913 -0.24999999999999997 -0.49999999999999906 23.050000000000004 387.50000000000006 -0.06666666666666686 -1.0000000000000007 148.50000000000003 0.25000000000000006 367.50000000000006 0.53473684210526329 -0.29999999999999799 27.150000000000002 0.42763731121559989 0.30983042691905771 0.73192714450760887 29.650000000000002 82.500000000000014 0.09999999999999877 75.500000000000014 -0.32500000000000001
decision_type=2 2 2 2 2 2 2 2 2 2 2 2 2 2 2 2 2 2 2 2 2 2 2 2 2 2 2 2 2 2
left_child=1 2 4 10 6 9 8 -3 -1 19 20 -11 -9 28 -8 -6 -17 23 22 -4 -2 24 -12 -7 -22 26 -15 -28 -5 -20
right_child=3 7 5 13 15 17 14 12 -10 11 18 -13 -14 25 -16 16 -18 -19 29 -21 21 -23 -24 -25 -26 -27 27 -29 -30 -31
leaf_value=0.0062425009888840794 0.0027789206441616297 -0.0030062490763334568 -0.0017771409245595183 -0.0026381772166029233 0.019251183041626135 -0.002791737376579628 0.001637042696096213 0.08008527873017407 0.0019886608486237461 0.0020135835756981751 -0.0026451920794355603 -0.00079495379072356501 -0.0040237725453737064 -0.0030062490763334568 -0.0023749962675451513 0.0052003256373994887 0.014430169676214695 -0.003220513154751861 -0.0014918125256096644 0.0085912898671728806 -0.0013826295410814741 -0.0036792638423719728 -0.00089789278945841071 -0.0036796608146551142 0.0037636134889556931 -0.0030062490763334568 -0.0030062490763334568 -0.0030062490763334568 -0.0030062490763334568 -0.0030417682204226405
leaf_weight=20497 1185 3370 17759 717 2930 3230 12249 360 40493 13414 3523 12542 521 10895 9096 3407 5371 2876 631 460 4805 1986 1999 3763 625 557 4951 11983 10437 9086
leaf_count=20497 1185 3370 17759 717 2930 3230 12249 360 40493 13414 3523 12542 521 10895 9096 3407 5371 2876 631 460 4805 1986 1999 3763 625 557 4951 11983 10437 9086
internal_value=-0.00177467 0.00105081 0.00142547 -0.00856582 0.00309828 -0.00148543 0.00242099 -0.0119979 0.00329262 -0.000550412 -0.00512017 0.000850638 -0.000527211 -0.0106431 -6.95681e-05 0.00786062 0.00655428 -0.00567021 -0.00667618 -0.00254638 -0.00236282 -0.00315491 -0.00435633 -0.00427009 -0.00179525 -0.0114792 -0.0116006 -0.0108733 -0.00851457 -0.00799393
internal_weight=215718 152338 148087 63380 94043 54044 82335 4251 60990 44175 23840 25956 881 39540 21345 11708 8778 9869 15239 18219 8601 7416 5522 6993 5430 28386 27829 16934 11154 9717
internal_count=215718 152338 148087 63380 94043 54044 82335 4251 60990 44175 23840 25956 881 39540 21345 11708 8778 9869 15239 18219 8601 7416 5522 6993 5430 28386 27829 16934 11154 9717
is_linear=0
shrinkage=0.03


Tree=37
num_leaves=31
num_cat=0
split_feature=27 5 27 83 24 83 20 27 27 83 85 27 23 85 29 28 20 83 98 102 29 32 83 14 108 19 108 0 102 31
split_gain=4171.84 1139.01 731.242 355.132 295.435 288.592 173.502 157.901 135.363 117.584 94.7236 75.5082 93.0191 71.502 65.7938 49.1959 63.8147 38.9484 34.9746 34.5923 31.8581 31.4246 30.2746 28.5928 28.0903 25.5388 25.4421 23.2482 28.3138 24.5386
threshold=327.50000000000006 345.50000000000006 162.50000000000003 -0.39999999999999986 5.5232858639283098 1.0000000180025095e-35 82.584349593495944 47.500000000000007 397.50000000000006 -0.90000000000000113 -2.350000000000001 407.50000000000006 19.465074691024451 -0.65000000000000024 96.500000000000014 8.5000000000000018 56.241666666666674 0.25000000000000006 0.39999999999999952 80.227777777777789 325.50000000000006 0.91248814248966237 -1.0999999999999999 0.16333450621208542 -0.54999999999999971 47.097619047619055 0.29999999999999988 29.650000000000002 79.634722222222237 1.0000000180025095e-35
decision_type=2 2 2 2 2 2 2 2 2 2 2 2 2 2 2 2 2 2 2 2 2 2 2 2 2 2 2 2 2 2
left_child=1 2 4 11 7 6 9 13 20 -4 -9 12 22 -1 -8 16 -6 21 -19 -13 -5 -7 -2 -14 -22 -24 -26 28 -10 -30
right_child=3 -3 5 8 15 17 14 10 27 -11 -12 19 23 -15 -16 -17 -18 18 -20 -21 24 -23 25 -25 26 -27 -28 -29 29 -31
leaf_value=0.0069767589923222925 0.0028646004782262521 -0.0029160616040434535 0.0059410142430628273 -0.0029160616040434535 0.01542350222942509 -0.0032188304878513932 0.00060397231408779476 0.0029594898783669487 -0.0029160616040434535 0.00064556333079395206 0.00048610341121929412 -0.0029160616040434535 -0.0029160616040434535 0.0027950601340510669 -0.0015723757012850001 0.017774882051463908 0.0075445702256113243 -0.0032092706203591267 0.0030427398452685162 -0.0029160616040434535 -0.0029720966383523567 -0.0038622476936154516 0.0027589465906455893 0.0011260262972516853 0.0059216040703375947 -0.00063595633698119438 -0.0029647177750996298 -0.0029160616040434535 -0.0029160616040434535 -0.0029160616040434535
leaf_weight=16560 1292 3859 4823 17673 914 3768 9592 23211 12779 24068 21488 3623 4865 4251 25071 5260 2351 3515 324 2753 496 985 366 495 373 5583 796 522 8575 5355
leaf_count=16560 1292 3859 4823 17673 914 3768 9592 23211 12779 24068 21488 3623 4865 4251 25071 5260 2351 3515 324 2753 496 985 366 495 373 5583 796 522 8575 5355
internal_value=-0.00166902 0.0010893 0.00151404 -0.00798297 0.00360858 -0.000635369 6.23082e-05 0.00292485 -0.00939263 0.00177921 0.0019198 -0.0045234 -0.00317688 0.00508337 -0.00136871 0.00886172 0.00596601 -0.00579541 -0.00804297 -0.00718363 -0.00747246 -0.00397875 -0.000958989 -0.00617236 -0.0035024 -0.00186303 -0.000961538 -0.0107559 -0.0108785 -0.00994042
internal_weight=215586 150040 146181 65546 74035 72146 63554 65510 46569 28891 44699 18977 12601 20811 34663 8525 3265 8592 3839 6376 19338 4753 7241 5360 1665 5949 1169 27231 26709 13930
internal_count=215586 150040 146181 65546 74035 72146 63554 65510 46569 28891 44699 18977 12601 20811 34663 8525 3265 8592 3839 6376 19338 4753 7241 5360 1665 5949 1169 27231 26709 13930
is_linear=0
shrinkage=0.03


Tree=38
num_leaves=31
num_cat=0
split_feature=27 8 8 27 110 4 8 27 8 90 12 27 83 29 110 31 85 97 27 27 1 8 89 102 90 8 12 0 1 22
split_gain=3930.87 1253.55 615.19 470.335 314.289 293.895 186.725 144.136 100.289 86.8539 75.6811 72.0861 63.1092 56.1827 56.0047 47.6513 49.9263 47.1753 44.8691 44.7261 36.4771 35.1416 34.8467 33.6358 32.7578 30.9169 30.2678 29.9164 29.5341 26.7241
threshold=322.50000000000006 0.35000000000000148 0.1000000000000001 227.50000000000003 5.1298895505536581 1.8499999999999999 1.0000000180025095e-35 392.50000000000006 1.0000000180025095e-35 0.75000000000000011 -0.45000000000000012 62.500000000000007 -1.0999999999999985 327.50000000000006 10.617055663152799 -0.68301270189221952 -1.7999999999999978 26.750000000000004 212.50000000000003 402.50000000000006 67.500000000000014 0.49999999999999961 29.050000000000004 81.661580486303492 1.3 0.69999999999999984 1.0000000180025095e-35 29.550000000000004 60.500000000000007 1768.9000000000003
decision_type=2 2 2 2 2 2 2 2 2 2 2 2 2 2 2 2 2 2 2 2 2 2 2 2 2 2 2 2 2 2
left_child=1 3 10 4 6 18 11 21 13 -8 -2 -1 -6 28 -14 22 -17 19 25 20 -12 24 -10 -21 -4 -3 -9 -28 -5 -26
right_child=2 5 7 8 12 -7 9 26 15 -11 17 -13 14 -15 -16 16 -18 -19 -20 23 -22 -23 -24 -25 29 -27 27 -29 -30 -31
leaf_value=0.006191789206711984 0.0011819017693235657 -0.0016961327490273336 -0.0028285797559221499 0.0038291210337663404 0.017797259990523402 -0.0028285797559221499 -0.0010726701844892494 -0.0028285797559221499 -0.0036530421767005075 0.0017658131873424187 0.0012249040513554971 0.0023903951205751358 0.0073968453914762143 0.0047928346915819308 0.017335496735280991 -8.2600756878611342e-05 -0.0032037235317398998 -0.0028285797559221499 -0.0030556242297018728 -0.0028285797559221499 -0.0010884291724603142 -0.0028285797559221499 0.00064720800836223498 -0.0028151323417074593 -0.00052390493484507413 -0.0039502706701769613 -0.0028285797559221499 -0.0028285797559221499 -7.7078350282383526e-05 -0.002915200249533885
leaf_weight=16676 2758 3391 10303 697 3070 4293 14161 7875 4520 24741 1471 28728 8865 2000 1455 9281 5793 4707 4532 3031 8375 3275 781 1741 1500 989 20531 686 14027 1473
leaf_count=16676 2758 3391 10303 697 3070 4293 14161 7875 4520 24741 1471 28728 8865 2000 1455 9281 5793 4707 4532 3031 8375 3275 781 1741 1500 989 20531 686 14027 1473
internal_value=-0.00166391 0.00107553 -0.00765027 0.00193971 0.00303172 -0.00774534 0.00235354 -0.00963905 -0.000935984 0.000828214 -0.00353944 0.00366039 0.00730117 0.00078565 0.00617673 -0.00234909 -0.00148856 -0.00420289 -0.00463817 -0.00336138 -0.00220575 -0.00740303 -0.00479536 -0.00574481 -0.00671537 -0.00247204 -0.0109109 -0.0115013 0.000144652 -0.00393914
internal_weight=215726 148000 67726 134795 97696 13205 84306 45643 37099 38902 22083 45404 13390 16724 10320 20375 15074 19325 8912 14618 9846 16551 5301 4772 13276 4380 29092 21217 14724 2973
internal_count=215726 148000 67726 134795 97696 13205 84306 45643 37099 38902 22083 45404 13390 16724 10320 20375 15074 19325 8912 14618 9846 16551 5301 4772 13276 4380 29092 21217 14724 2973
is_linear=0
shrinkage=0.03


Tree=39
num_leaves=31
num_cat=0
split_feature=27 12 7 27 93 83 85 29 7 27 27 83 33 31 83 33 27 12 83 12 3 31 84 10 83 85 102 0 102 12
split_gain=3772.54 604.907 563.826 551.579 329.354 205.601 181.96 223.288 191.041 157.381 117.025 106.896 93.0257 78.6676 78.0453 69.7294 77.6725 54.9489 48.5005 44.45 40.7123 35.3729 34.8096 34.7989 26.5453 26.2759 23.831 23.8284 27.2785 27.2747
threshold=322.50000000000006 -1.0000000180025095e-35 2.7999999999999998 217.50000000000003 74.018055555555563 -1.0000000180025095e-35 -2.2000000000000015 82.500000000000014 1.4999999999999993 32.500000000000007 397.50000000000006 -0.74999999999999989 -0.20180761162458913 -0.5 -0.49999999999999906 0.19969739736768838 397.50000000000006 0.09999999999999877 0.25000000000000006 -0.50000000000000122 28.050000000000004 -0.24999999999999994 -2.0500000000000003 -0.29999999999999932 -1.1499999999999984 -2.4999999999999991 83.595833333333346 29.650000000000002 79.634722222222237 0.15000000000000038
decision_type=2 2 2 2 2 2 2 2 2 2 2 2 2 2 2 2 2 2 2 2 2 2 2 2 2 2 2 2 2 2
left_child=2 15 3 4 11 12 7 -6 -8 -4 21 24 20 -11 -14 23 22 -13 -7 -18 -5 -3 -17 -2 -1 -23 -21 28 -12 -30
right_child=1 10 9 5 6 18 8 -9 -10 13 27 17 14 -15 -16 16 19 -19 -20 26 -22 25 -24 -25 -26 -27 -28 -29 29 -31
leaf_value=0.01766548323745714 0.00077288006262272578 -0.0027437223632444849 -0.0027437223632444849 -0.0022988213206916047 0.0091473427891231099 -0.0032276046592622479 0.00070367268812964671 0.0016629306244722408 -0.0027437223632444849 -0.0040620994822622844 -0.0027437223632444849 0.0065227747982175583 0.001929711260423642 0.072537193389339227 -0.00075626048800196189 0.0029321798460313106 0.0061399265509869717 -0.0026230632591789094 -0.0029742113807823944 -0.002778175933010993 -0.0002993561150708582 -0.0020686068723295482 -0.00058150137828099897 -0.0027830501561621622 0.010342523244670724 -0.0027437223632444849 -0.0027302749490297948 -0.0027437223632444849 -0.0027437223632444849 -0.0027437223632444849
leaf_weight=2820 822 7383 2486 8644 8267 5865 38439 32091 1029 357 12258 10475 11347 371 10440 1072 427 1101 2502 4297 6574 1435 7619 11135 4395 6352 1123 508 5379 7778
leaf_count=2820 822 7383 2486 8644 8267 5865 38439 32091 1029 357 12258 10475 11347 371 10440 1072 427 1101 2502 4297 6574 1435 7619 11135 4395 6352 1123 508 5379 7778
internal_value=-0.0016715 -0.00753895 0.00102256 0.00129999 0.00255942 -0.00143742 0.00171822 0.00313462 0.000269832 -0.0114028 -0.00981786 0.00613266 -0.000477085 0.000864198 0.000780017 -0.00400419 -0.00260816 0.00434569 -0.00568415 -0.00528129 -0.00227676 -0.00772395 -0.000809365 -0.0057012 0.00899875 -0.00631163 -0.0060155 -0.0110429 -0.0111715 -0.01022
internal_weight=214791 67588 147203 143989 98617 45372 79826 40358 39468 3214 41093 18791 37005 728 21787 26495 14538 11576 8367 5847 15218 15170 8691 11957 7215 7787 5420 25923 25415 13157
internal_count=214791 67588 147203 143989 98617 45372 79826 40358 39468 3214 41093 18791 37005 728 21787 26495 14538 11576 8367 5847 15218 15170 8691 11957 7215 7787 5420 25923 25415 13157
is_linear=0
shrinkage=0.03


Tree=40
num_leaves=31
num_cat=0
split_feature=27 5 27 11 83 24 31 27 87 94 27 3 83 31 4 89 28 19 83 83 11 89 33 27 33 27 10 89 96 102
split_gain=3673.01 1116.55 686.97 476.075 286.076 232.113 178.857 156.155 151.407 121.548 106.047 78.7912 71.7079 54.4609 41.2744 61.3683 39.2617 44.9014 38.5013 36.2084 34.0606 33.2763 25.4492 24.7137 24.4174 32.7584 21.1465 21.0154 21.902 20.2778
threshold=327.50000000000006 345.50000000000006 137.50000000000003 -1.0000000180025095e-35 1.0000000180025095e-35 5.5232858639283098 -0.24999999999999994 397.50000000000006 -0.18333333333333338 93.500000000000014 42.500000000000007 28.350000000000005 -0.74999999999999989 -0.24999999999999994 1.1500000000000006 25.850000000000005 8.5000000000000018 56.250000000000007 -1.0000000180025095e-35 -1.0000000180025095e-35 1.0000000180025095e-35 26.250000000000004 0.76556758748011056 392.50000000000006 0.42763731121559989 382.50000000000006 -0.29999999999999932 28.950000000000003 30.150000000000002 79.634722222222237
decision_type=2 2 2 2 2 2 2 2 2 2 2 2 2 2 2 2 2 2 2 2 2 2 2 2 2 2 2 2 2 2
left_child=1 2 5 12 6 9 11 13 -8 10 -1 -4 23 -5 15 -6 17 -7 22 24 -9 -11 -15 -2 26 -26 -14 29 -29 -22
right_child=3 -3 4 7 14 16 8 20 -10 21 -12 -13 19 18 -16 -17 -18 -19 -20 -21 27 -23 -24 -25 25 -27 -28 28 -30 -31
leaf_value=0.0065584232327881315 0.00064913919156459401 -0.0026614106923471504 -0.0019026631918685095 -0.0026614106923471504 -0.0030752990182083234 0.016839173078314177 0.0022197723004425264 -0.0026614106923471504 -0.00069086460778260345 -0.0011615002788494487 0.0027388758191363026 0.00036987666352625764 0.0023843888845204203 -0.0026614106923471504 -0.0030733877987379485 0.00046777344434640266 0.018194080716812076 0.0069194326031384121 -0.0026995586514772974 -0.0026991517042044334 -0.0026614106923471504 0.006512290290908781 -0.0012017834638606566 -0.001958877303359498 -8.8184027665154376e-06 -0.0026614106923471504 -0.0026614106923471504 -0.0026614106923471504 -0.0026614106923471504 -0.0026614106923471504
leaf_weight=16172 3190 3873 20090 8422 6814 758 26388 7332 16970 6819 31580 9848 309 4093 1181 1791 4505 2022 3041 2219 9455 1190 2531 2258 2409 2879 6231 395 446 10359
leaf_count=16172 3190 3873 20090 8422 6814 758 26388 7332 16970 6819 31580 9848 309 4093 1181 1791 4505 2022 3041 2219 9455 1190 2531 2258 2409 2879 6231 395 446 10359
internal_value=-0.00168877 0.000900288 0.00132171 -0.00761164 -0.000470132 0.00368297 0.000173131 -0.00927444 0.00140455 0.00302491 0.00359852 -0.00161027 -0.00368152 -0.00710112 -0.00528763 -0.00456484 0.00871878 0.00591154 -0.00556331 -0.00481456 -0.0106787 -0.000395131 -0.00427925 -0.000759772 -0.0041542 -0.00263755 -0.00537991 -0.011303 -0.00664489 -0.0115004
internal_weight=215570 150001 146128 65569 83082 63046 73296 46074 43358 55761 47752 29938 19495 18087 9786 8605 7285 2780 9665 14047 27987 8009 6624 5448 11828 5288 6540 20655 841 19814
internal_count=215570 150001 146128 65569 83082 63046 73296 46074 43358 55761 47752 29938 19495 18087 9786 8605 7285 2780 9665 14047 27987 8009 6624 5448 11828 5288 6540 20655 841 19814
is_linear=0
shrinkage=0.03


Tree=41
num_leaves=31
num_cat=0
split_feature=27 5 12 27 12 33 19 27 88 87 94 33 27 33 27 88 24 104 31 88 10 90 12 29 89 12 87 96 102 102
split_gain=3552.46 1124.25 672.301 591.202 329.974 215.921 175.89 142.946 125.59 123.359 79.0745 69.616 74.6693 61.8223 53.3741 45.0541 41.3704 41.5172 39.8375 36.3597 35.6036 35.5906 30.5115 30.3958 27.2224 26.4446 25.4343 25.2871 19.2743 17.7111
threshold=317.50000000000006 333.50000000000006 -1.0000000180025095e-35 97.500000000000014 -1.0000000180025095e-35 0.080547328232315238 76.677083333333357 387.50000000000006 27.850000000000005 -0.23333333333333353 93.500000000000014 0.39629089145655322 402.50000000000006 0.21652257995689161 27.500000000000004 29.750000000000004 8.2453866510426845 12.523832599597588 -0.24999999999999994 26.250000000000004 -0.29999999999999932 1.7999999999999983 0.09999999999999877 233.50000000000003 28.950000000000003 -0.60000000000000042 -0.11249999999999995 30.150000000000002 82.523611111111123 81.004415954415961
decision_type=2 2 2 2 2 2 2 2 2 2 2 2 2 2 2 2 2 2 2 2 2 2 2 2 2 2 2 2 2 2
left_child=1 3 11 6 5 15 16 18 13 -7 14 20 21 -6 -8 -5 17 -1 -4 -12 -2 -13 28 -10 -24 -14 29 -26 -9 -20
right_child=2 -3 7 4 8 9 10 22 23 -11 19 12 25 -15 -16 -17 -18 -19 26 -21 -22 -23 24 -25 27 -27 -28 -29 -30 -31
leaf_value=0.0055643090140352087 0.0010141278776288076 -0.0025815683715767362 -0.0025815683715767362 -0.00037568123928023554 -0.0029311300483361026 0.0049843573698618937 0.0064368346733257777 -0.0025815683715767362 0.00032668122303578765 0.0011036561939405422 -0.0012911320409429738 -0.00059304326498954313 0.0056946072340987482 -0.0017894908888982967 0.0032848214933401624 0.008589612202377115 0.019718839359557452 0.012408773507955599 -0.0026378246904134278 0.0087121522248671777 -0.0026148421075557135 0.0019217971282238441 -0.0025815683715767362 0.0026938790709562874 -0.0025815683715767362 -0.0026149883342502485 -0.0026230195609560931 -0.0025815683715767362 -0.0025815683715767362 -0.00035453715996783226
leaf_weight=2396 974 3866 6624 29781 14497 15653 9702 5664 4852 15898 4534 6206 301 13346 20079 627 1986 5552 2163 1080 13786 2057 18980 1610 356 4374 3840 453 2788 1188
leaf_count=2396 974 3866 6624 29781 14497 15653 9702 5664 4852 15898 4534 6206 301 13346 20079 627 1986 5552 2163 1080 13786 2057 18980 1610 356 4374 3840 453 2788 1188
internal_value=-0.00170586 0.000963255 -0.00727174 0.00139911 6.88724e-05 0.00137581 0.00422402 -0.00966189 -0.00229158 0.00311438 0.00323384 -0.00364237 -0.00203571 -0.00316603 0.00384947 -0.000428163 0.00775138 0.00678199 -0.00716018 -3.2057e-05 -0.00505047 -0.000321273 -0.0108854 0.00147609 -0.0115308 -0.00506523 -0.00561249 -0.00612963 -0.009373 -0.00370078
internal_weight=215213 145459 69754 141593 96264 61959 45329 42056 34305 31551 35395 27698 12938 27843 29781 30408 9934 7948 13815 5614 14760 8263 28241 6462 19789 4675 7191 809 8452 3351
internal_count=215213 145459 69754 141593 96264 61959 45329 42056 34305 31551 35395 27698 12938 27843 29781 30408 9934 7948 13815 5614 14760 8263 28241 6462 19789 4675 7191 809 8452 3351
is_linear=0
shrinkage=0.03


Tree=42
num_leaves=31
num_cat=0
split_feature=27 8 8 27 19 112 5 27 27 8 8 83 20 89 29 19 12 100 33 19 8 98 27 33 20 0 84 97 27 21
split_gain=3532.65 1186.97 700.089 450.165 291.277 217.591 176.089 184.195 154.218 99.9784 81.2006 64.7874 59.7716 51.826 45.7889 43.5244 42.2017 40.9496 40.3042 36.8038 35.5558 33.7882 30.7285 28.3048 27.9483 27.7041 27.3494 30.7706 26.3617 23.1624
threshold=322.50000000000006 0.49999999999999961 0.1000000000000001 227.50000000000003 73.107692307692318 1.3499999999999999 247.50000000000003 62.500000000000007 387.50000000000006 1.0000000180025095e-35 1.0000000180025095e-35 -1.1499999999999984 49.275000000000006 25.950000000000003 324.50000000000006 49.283333333333339 1.0000000180025095e-35 1.6500000000000006 0.19969739736768838 90.107692307692318 0.54999999999999993 0.3499999999999997 397.50000000000006 0.080547328232315238 59.552777777777784 29.650000000000002 -1.400000000000001 27.050000000000004 422.50000000000006 1.0750114964567203
decision_type=2 2 2 2 2 2 2 2 2 2 2 2 2 2 2 2 2 2 2 2 2 2 2 2 2 2 2 2 2 2
left_child=1 3 10 4 11 13 7 -6 20 14 18 -1 -13 21 24 -11 -10 -15 -2 -17 26 29 -20 -12 -5 -18 27 -4 -25 -3
right_child=2 5 8 9 6 -7 -8 -9 16 15 23 12 -14 17 -16 19 25 -19 22 -21 -22 -23 -24 28 -26 -27 -28 -29 -30 -31
leaf_value=0.017111348521497861 -0.0013785845924398521 -0.0028823838162145917 0.00046953454810365943 0.0039150634658210214 0.0050469723987325915 -0.0025041213204294341 -0.005735012519233783 0.0011026629553529932 -0.0025041213204294341 0.0047126710739713246 -0.0025363968443290418 0.015691443315856708 0.0068860593895887457 0.0065324191081666157 0.0041804375135929351 -0.0015885891820776718 -0.0025041213204294341 -0.0039002604733371677 0.00019985229110502267 -0.003148381596821567 -0.0025041213204294341 0.0046161815633351758 -0.0018562794819525245 -0.0018945466911376139 -0.00017725751163908952 -0.0025041213204294341 -0.0025363968443290418 -0.0028006022599061644 -0.0025041213204294341 -0.0030923428307431623
leaf_weight=2689 6530 1921 923 704 25323 4949 545 59161 8557 404 2738 1511 10416 817 2133 16778 21446 580 5377 4484 2120 372 3054 3106 14055 516 11688 536 1227 1065
leaf_count=2689 6530 1921 923 704 25323 4949 545 59161 8557 404 2738 1511 10416 817 2133 16778 21446 580 5377 4484 2120 372 3054 3106 14055 516 11688 536 1227 1065
internal_value=-0.00169444 0.000905123 -0.00736387 0.00161728 0.00268235 -0.00923648 0.00200982 0.00211955 -0.00947824 -0.00113514 -0.00296964 0.00659438 0.00564512 -0.00465202 0.000594921 -0.00248396 -0.0107099 0.000203863 -0.00171735 -0.00266943 -0.00701565 -0.00667163 -0.000346893 -0.00561864 1.01626e-06 -0.0114069 -0.0064333 -0.00255822 -0.00410821 -0.00773351
internal_weight=215725 147907 67818 138203 99645 9704 85029 84484 45786 38558 22032 14616 11927 4755 16892 21666 30519 1397 14961 21262 15267 3358 8431 7071 14759 21962 13147 1459 4333 2986
internal_count=215725 147907 67818 138203 99645 9704 85029 84484 45786 38558 22032 14616 11927 4755 16892 21666 30519 1397 14961 21262 15267 3358 8431 7071 14759 21962 13147 1459 4333 2986
is_linear=0
shrinkage=0.03


Tree=43
num_leaves=31
num_cat=0
split_feature=27 8 8 27 19 4 8 27 24 27 8 8 83 29 90 92 20 15 12 8 12 33 27 32 0 90 27 90 32 104
split_gain=3370.86 1173.44 708.14 436.805 271.771 215.851 172.284 154.074 113.316 93.088 78.7675 72.3718 61.1579 60.6142 59.1559 58.6008 48.1343 40.9368 38.2779 37.3273 37.0719 33.7288 34.2938 32.3916 28.8303 28.6213 28.5461 28.3417 38.2006 28.2609
threshold=327.50000000000006 0.49999999999999961 0.1000000000000001 207.50000000000003 73.107692307692318 1.2500000000000002 1.0000000180025095e-35 387.50000000000006 3.5649458471792514 1.0000000180025095e-35 0.15000000000000038 1.0000000180025095e-35 -1.0000000000000024 329.50000000000006 1.8000000000000005 24.620727785995488 49.275000000000006 0.059280049711398185 -1.0000000180025095e-35 0.54999999999999993 -0.50000000000000255 0.19969739736768838 402.50000000000006 0.78325454425165997 29.650000000000002 0.99999999999999967 147.50000000000003 1.6000000000000012 -0.54220184589352438 25.265649148564439
decision_type=2 2 2 2 2 2 2 2 2 2 2 2 2 2 2 2 2 2 2 2 2 2 2 2 2 2 2 2 2 2
left_child=1 3 11 4 12 15 14 19 10 -8 17 20 -1 23 -6 27 -14 -5 -9 -4 -2 -22 -23 -10 -20 -15 -7 -3 -29 -12
right_child=2 5 7 8 6 26 9 18 13 -11 29 -13 16 25 -16 -17 -18 -19 24 -21 21 22 -24 -25 -26 -27 -28 28 -30 -31
leaf_value=0.016103727040369348 0.0036197929313045905 -0.0027907461285367509 -0.0024280294150995627 -0.001477168705391747 0.002755619025429118 -0.0024289976808165512 -0.0045989303497095714 -0.0024661474278673281 0.00064454847059052184 0.000698676806497121 -0.0030784270132025891 -0.0024289976808165512 0.016022252859341328 -0.0001425958415219014 0.0072783094521558806 0.0034957137468449384 0.0072157359831085451 9.1449884530570572e-05 -0.0024289976808165512 -0.0024289976808165512 -0.0016336139911364116 0.00010112048411222929 -0.0024983124899128394 -0.0019193357217843808 -0.0024289976808165512 0.0064419310665036773 -0.0031620096128604312 -0.0055514951391883701 0.0033704854918746672 -0.00072232470448401896
leaf_weight=3165 1495 2759 12123 11679 35826 3458 419 4242 10680 36127 6129 6745 1180 793 5570 962 9066 12740 25588 2021 5315 4875 2445 2311 543 2504 1810 335 667 1654
leaf_count=3165 1495 2759 12123 11679 35826 3458 419 4242 10680 36127 6129 6745 1180 793 5570 962 9066 12740 25588 2021 5315 4875 2445 2311 543 2504 1810 335 667 1654
internal_value=-0.00172506 0.000755231 -0.00740813 0.00146488 0.00268642 -0.00917684 0.00200762 -0.00954591 -0.000836444 0.000506471 -0.00186784 -0.00284897 0.006631 0.00120265 0.00333285 -0.00451842 0.00550405 -0.0010301 -0.0107505 -0.00695864 -0.00162833 -0.00215693 -0.000835951 0.000280557 -0.01118 0.00483475 -0.0133517 -0.00620813 -0.00188435 -0.00449576
internal_weight=215226 149834 65392 139843 91353 9991 77942 44517 48490 36546 32202 20875 13411 16288 41396 4723 10246 24419 30373 14144 14130 12635 7320 12991 26131 3297 5268 3761 1002 7783
internal_count=215226 149834 65392 139843 91353 9991 77942 44517 48490 36546 32202 20875 13411 16288 41396 4723 10246 24419 30373 14144 14130 12635 7320 12991 26131 3297 5268 3761 1002 7783
is_linear=0
shrinkage=0.03


Tree=44
num_leaves=31
num_cat=0
split_feature=8 27 27 27 20 8 27 27 27 5 15 33 8 19 85 27 90 12 24 103 32 8 33 90 98 27 83 93 33 0
split_gain=3334.39 1057.6 813.938 542.74 256.894 201.646 164.747 127.281 119.777 109.841 81.2365 82.3551 71.8471 67.0713 63.1203 62.3614 59.5952 59.3275 59.2581 65.051 82.4986 54.4374 48.9333 48.7969 41.8069 38.7028 33.4449 31.6204 28.3605 28.3342
threshold=0.15000000000000038 257.50000000000006 337.50000000000006 1.0000000180025095e-35 72.801960784313735 1.0000000180025095e-35 232.50000000000003 77.500000000000014 377.50000000000006 83.500000000000014 0.091685813373907646 0.097680735332368748 0.69999999999999984 90.411538461538484 -2.2499999999999996 397.50000000000006 0.80000000000000038 -0.50000000000000255 10.617055663152799 77.500000000000014 0.022575936829235418 0.49999999999999961 0.14888728888808328 1.7 -0.29999999999999799 402.50000000000006 -0.54999999999999971 93.068055555555574 0.64414586362404946 29.650000000000002
decision_type=2 2 2 2 2 2 2 2 2 2 2 2 2 2 2 2 2 2 2 2 2 2 2 2 2 2 2 2 2 2
left_child=1 4 3 -2 18 17 12 9 23 14 13 -12 16 -9 -6 -4 -5 -3 19 20 -1 27 -19 -7 -14 -24 -10 -8 -21 -17
right_child=2 5 15 6 7 8 21 10 26 -11 11 -13 24 -15 -16 29 -18 22 -20 28 -22 -23 25 -25 -26 -27 -28 -29 -30 -31
leaf_value=0.007634270023466022 -0.0023561277503920544 0.0042576781080652373 -0.0023561277503920544 -0.0033095417983302644 0.0058635085591273971 -0.0023511675461262292 -0.0026823631658411794 0.00073219442040536593 -0.0024144115189701602 -0.0064065743483245532 0.00082276525531446091 0.0066911618167593218 -0.0038368342270897089 -0.0020356748010437234 0.0031878534731007513 -0.0023561277503920544 0.00085698132464224195 -0.0011739287114924276 0.015309648613042228 0.0059553563473425239 -0.0018686186245125468 -0.0026552619466658177 0.00020543167371960713 0.00086679887706123115 0.0033897247922405564 -0.0024233631152154544 -0.0023561277503920544 -0.0029866208805043701 0.016773469926215621 -0.0023561277503920544
leaf_weight=4417 3616 2419 10147 5426 13096 14192 8712 34137 2194 303 6280 5938 935 5436 15163 23931 12103 10574 1910 2587 2016 3737 10727 1959 322 2521 6522 1005 2664 539
leaf_count=4417 3616 2419 10147 5426 13096 14192 8712 34137 2194 303 6280 5938 935 5436 15163 23931 12103 10574 1910 2587 2016 3737 10727 1959 322 2521 6522 1005 2664 539
internal_value=-0.00177456 0.000826336 -0.00712795 -0.0039599 0.0027157 -0.0026467 -0.00272355 0.0020704 -0.0045824 0.00367819 0.00118368 0.00332188 -0.000908607 0.00052345 0.00387102 -0.0104092 -0.00041158 -0.000812248 0.00652961 0.00572786 0.00370454 -0.00525753 -0.00126684 -0.00305256 -0.00783386 -5.20794e-05 -0.00741654 -0.00407337 0.00820545 -0.0112296
internal_weight=215528 145055 70473 35856 93947 51108 32240 80353 24867 28562 51791 12218 18786 39573 28259 34617 17529 26241 13594 11684 6433 13454 23822 16151 1257 13248 8716 9717 5251 24470
internal_count=215528 145055 70473 35856 93947 51108 32240 80353 24867 28562 51791 12218 18786 39573 28259 34617 17529 26241 13594 11684 6433 13454 23822 16151 1257 13248 8716 9717 5251 24470
is_linear=0
shrinkage=0.03


Tree=45
num_leaves=31
num_cat=0
split_feature=27 8 8 27 93 4 5 8 27 8 8 32 22 89 102 102 24 100 12 98 57 40 8 0 12 19 2 102 92 27
split_gain=3287.99 1155.73 664.564 463.124 263.366 221.595 177.535 163.761 126.294 106.505 72.6471 54.3572 53.1479 53.1263 51.7476 47.3126 47.2328 41.472 37.7186 35.9741 34.3472 31.94 30.96 28.4036 28.1906 27.9775 27.027 25.9638 32.8355 32.6596
threshold=337.50000000000006 0.49999999999999961 0.1000000000000001 232.50000000000003 68.054166666666688 1.3499999999999999 415.50000000000006 1.0000000180025095e-35 387.50000000000006 1.0000000180025095e-35 1.0000000180025095e-35 0.39036257410962044 1490.1000000000004 25.950000000000003 81.969444444444463 85.219444444444449 3.8250457153898947 1.6000000000000008 1.0000000180025095e-35 0.3499999999999997 0.65500000000000014 1.0000000180025095e-35 0.70000000000000207 29.550000000000004 -0.65000000000000024 47.097619047619055 19.450000000000003 81.183333333333351 13.327934484706022 422.50000000000006
decision_type=2 2 2 2 2 2 2 2 2 2 2 2 2 2 2 2 2 2 2 2 2 2 2 2 2 2 2 2 2 2
left_child=1 3 10 4 11 13 7 -6 22 12 24 21 26 19 -13 17 20 -15 -10 -3 -11 -1 -4 -20 -2 -18 -5 28 29 -12
right_child=2 5 8 9 6 -7 -8 -9 18 16 27 14 -14 15 -16 -17 25 -19 23 -21 -22 -23 -24 -25 -26 -27 -28 -29 -30 -31
leaf_value=0.0024548239144479168 0.0037804081353530602 -0.0026014211184401119 -0.002284504700134814 0.0010897442390049022 0.0030967058403245339 -0.0022854439178802929 -0.005328964825463146 0.00058221818894287655 -0.0022854439178802929 -0.002457397134003171 -0.00030293687307695791 0.0018838595796768047 -0.00035722815056103918 0.0063340650081305369 0.0137509237915221 0.0085474193034284773 0.0051642486135320773 -0.0044843003431976449 -0.0022854439178802929 0.0041447717010572437 0.0040872011157184968 0.012575362676121988 -0.0022854439178802929 -0.0022854439178802929 -0.00072816979855517313 -0.00069796784782980177 0.0059890624675493697 -0.002284475652163304 -0.002303731156759047 -0.0022854439178802929
leaf_weight=1105 988 3296 10931 3823 47484 5221 562 42879 8652 17634 1020 2294 13219 449 537 439 344 594 21223 400 359 7107 1053 688 11462 5575 1257 2286 2491 493
leaf_count=1105 988 3296 10931 3823 47484 5221 562 42879 8652 17634 1020 2294 13219 449 537 439 344 594 21223 400 359 7107 1053 688 11462 5575 1257 2286 2491 493
internal_value=-0.0017695 0.000561849 -0.00764954 0.00125853 0.00235248 -0.00909663 0.0018211 0.00192571 -0.00972278 -0.00138409 -0.00294221 0.00672718 0.000338525 -0.00469782 0.00314089 0.000101146 -0.0027023 -0.00337644 -0.0107465 -0.00662159 -0.00346699 0.00796299 -0.00711139 -0.0114095 -0.00161433 -0.000377534 0.00294627 -0.00556986 -0.00702622 -0.00353699
internal_weight=215865 154578 61287 144179 101968 10399 90925 90363 42547 42211 18740 11043 18299 5178 2831 1482 23912 1043 30563 3696 17993 8212 11984 21911 12450 5919 5080 6290 4004 1513
internal_count=215865 154578 61287 144179 101968 10399 90925 90363 42547 42211 18740 11043 18299 5178 2831 1482 23912 1043 30563 3696 17993 8212 11984 21911 12450 5919 5080 6290 4004 1513
is_linear=0
shrinkage=0.03


Tree=46
num_leaves=31
num_cat=0
split_feature=27 8 8 27 24 4 20 27 20 4 29 8 85 8 89 30 29 20 102 12 98 84 8 33 93 33 27 24 33 3
split_gain=3223.13 1151.6 674.694 426.166 224.633 215.781 158.263 129.019 127.826 108.05 93.6897 82.537 77.2124 62.7388 54.895 50.0946 49.3401 54.0904 42.0123 41.0938 38.6652 34.4309 32.6019 35.3363 30.8928 27.6436 26.3931 25.6553 25.159 23.9245
threshold=337.50000000000006 0.49999999999999961 0.1000000000000001 167.50000000000003 5.5232858639283098 1.3499999999999999 82.336309523809533 387.50000000000006 93.017261904761924 2.9000000000000017 329.50000000000006 0.15000000000000038 -2.5000000000000009 1.0000000180025095e-35 25.950000000000003 0.93301270189221952 160.50000000000003 56.241666666666674 85.219444444444449 0.09999999999999877 0.3499999999999997 -1.1000000000000008 0.20000000000000198 0.31595530242620651 93.068055555555574 0.64414586362404946 422.50000000000006 6.3812019518104304 0.19969739736768838 27.550000000000004
decision_type=2 2 2 2 2 2 2 2 2 2 2 2 2 2 2 2 2 2 2 2 2 2 2 2 2 2 2 2 2 2
left_child=1 3 13 4 8 14 10 22 9 -1 12 15 -5 28 20 -8 17 -6 29 -9 -3 -12 23 -4 -13 -15 -27 -18 -2 -16
right_child=2 5 7 6 16 -7 11 19 -10 -11 21 24 -14 25 18 -17 27 -19 -20 -21 -22 -23 -24 -25 -26 26 -28 -29 -30 -31
leaf_value=0.0028886535548689951 -0.0015779620423041275 -0.0025425552640304773 -0.0022159695591307694 0.0012453572164375524 0.011434769361936712 -0.0022168806003438836 -0.00086623145293329034 -0.0022168806003438836 -0.0027516895101922781 -0.0050120759854332293 0.0078821072316902618 -0.0025253809956664957 -0.0010341728645104254 -0.0022173130707418341 -0.0036691003277369689 0.0016338903318673863 0.011112356033372746 0.0041112173800525349 0.0077761401556482035 -0.0022168806003438836 0.0045608704145063805 0.0019397454926276224 -0.0022168806003438836 -0.002208264409084539 -0.0029536070981145712 -0.0003795142138378584 -0.0022168806003438836 0.01587780773190816 -0.00018290861563338443 0.0018546341489249123
leaf_weight=60724 5210 3288 3974 14007 946 5150 26133 10644 5045 420 2679 8536 10352 3782 502 3336 1600 2202 433 19817 403 2627 5715 2305 1477 1696 807 3918 7258 508
leaf_count=60724 5210 3288 3974 14007 946 5150 26133 10644 5045 420 2679 8536 10352 3782 502 3336 1600 2202 433 19817 403 2627 5715 2305 1477 1696 807 3918 7258 508
internal_value=-0.00175132 0.000559606 -0.00757634 0.00125227 0.00282082 -0.00913855 -0.000445783 -0.00966966 0.00222609 0.00260479 0.00120997 -0.00168984 0.00042303 -0.00283699 -0.00478481 -0.000890227 0.00736241 0.00436329 0.000176593 -0.0107076 -0.006724 0.00482193 -0.00703293 -0.00553901 -0.00404284 -0.00528078 -0.00283347 0.0090723 -0.00160478 -0.00317507
internal_weight=215494 154286 61208 144002 74855 10284 69147 42455 66189 61144 29665 39482 24359 18753 5134 29469 8666 3148 1443 30461 3691 5306 11994 6279 10013 6285 2503 5518 12468 1010
internal_count=215494 154286 61208 144002 74855 10284 69147 42455 66189 61144 29665 39482 24359 18753 5134 29469 8666 3148 1443 30461 3691 5306 11994 6279 10013 6285 2503 5518 12468 1010
is_linear=0
shrinkage=0.03


Tree=47
num_leaves=31
num_cat=0
split_feature=8 5 34 4 1 8 90 8 29 90 34 32 29 95 90 20 32 98 100 94 24 4 90 97 5 100 29 12 20 109
split_gain=3188.34 820.384 799.504 506.381 266.685 176.699 143.599 134.324 121.304 111.231 110.736 98.4154 87.7175 86.426 82.826 79.0479 68.1313 61.8135 57.2287 53.9175 49.4547 48.8473 48.5463 47.667 39.6376 39.0839 38.0185 35.4195 33.3385 32.875
threshold=0.15000000000000038 229.50000000000003 1.0000000180025095e-35 2.2000000000000006 76.500000000000014 1.0000000180025095e-35 0.75000000000000011 0.49999999999999961 86.500000000000014 0.84999999999999976 1.0000000180025095e-35 0.30983042691905771 194.50000000000003 18.950000000000003 1.8500000000000016 90.00833333333334 0.88220160189607266 0.39999999999999952 1.3 62.500000000000007 10.617055663152799 1.099999999999999 1.6000000000000012 18.850000000000005 417.50000000000006 1.9999999999999993 327.50000000000006 1.0000000180025095e-35 57.44166666666667 -3.2000000000000015
decision_type=2 2 2 2 2 2 2 2 2 2 2 2 2 2 2 2 2 2 2 2 2 2 2 2 2 2 2 2 2 2
left_child=1 4 3 7 14 22 15 9 13 11 26 -2 -10 -8 16 18 20 21 -6 -11 -1 -9 28 -17 -24 -18 -7 -4 -3 -12
right_child=2 5 27 -5 6 10 8 17 12 19 29 -13 -14 -15 -16 23 25 -19 -20 -21 -22 -23 24 -25 -26 -27 -28 -29 -30 -31
leaf_value=0.0050887563170300644 -0.0012864375856772238 0.0032275204536963966 -0.0021503741823335671 -0.0021503741823335671 -0.00037290878576427182 -0.0018700593472467965 0.0013942062108034258 -0.0022656704779104165 8.1092975727065078e-05 0.0081493654068509266 -0.0021318857167831103 -0.0030901842715552351 0.0023520103109500637 0.0079986597037799787 0.012721969703504272 -0.0052482016826543984 0.0011770525507273449 0.003418303233066911 0.0030220486189167059 -0.00069349791849183603 0.016488655115470825 -0.0027424281734034148 0.0016110375959222968 -0.0013574500974212736 -0.0036104763131741429 -0.0058669894783491125 0.0017318098159270988 -0.0021503741823335671 -0.00080065131927943545 -0.0021503741823335671
leaf_weight=12434 5582 559 7304 4552 16034 9973 3824 4306 18155 816 984 6313 20771 7491 5124 942 1221 641 8070 14004 945 2427 5328 5274 487 583 1108 24391 16680 9272
leaf_count=12434 5582 559 7304 4552 16034 9973 3824 4306 18155 816 984 6313 20771 7491 5124 942 1221 641 8070 14004 945 2427 5328 5274 487 583 1108 24391 16680 9272
internal_value=-0.00181736 0.000721293 -0.00706015 -0.00416322 0.00221693 -0.00267717 0.00144243 -0.00290804 0.00242636 -0.00191851 -0.00464453 -0.0040791 0.00163152 0.00516039 0.00528929 -0.000187989 0.00417578 -0.0064922 0.000589919 -0.000184198 0.00491368 -0.00733962 -0.000856213 -0.00320412 0.00151393 -0.0012964 -0.00256497 -0.0105917 -0.00165574 -0.0068909
internal_weight=215595 145259 70336 38641 100868 44391 80561 34089 50241 26715 21337 11895 38926 11315 20307 30320 15183 7374 24104 14820 13379 6733 23054 6216 5815 1804 11081 31695 17239 10256
internal_count=215595 145259 70336 38641 100868 44391 80561 34089 50241 26715 21337 11895 38926 11315 20307 30320 15183 7374 24104 14820 13379 6733 23054 6216 5815 1804 11081 31695 17239 10256
is_linear=0
shrinkage=0.03


Tree=48
num_leaves=31
num_cat=0
split_feature=27 8 8 27 5 4 24 20 27 20 29 8 85 8 89 102 29 1 94 2 98 102 2 11 33 25 21 8 3 15
split_gain=3106.82 1129.9 665.652 408.959 235.459 217.243 205.597 151.347 131.057 98.2959 93.2709 84.4911 77.0074 64.4271 54.0297 52.6259 38.0029 36.8707 36.5054 35.4098 34.9086 33.9735 30.4334 27.3309 26.8434 30.2333 25.1796 25.1391 25.093 23.8775
threshold=337.50000000000006 0.49999999999999961 0.1000000000000001 147.50000000000003 247.50000000000003 1.3499999999999999 5.5232858639283098 82.336309523809533 392.50000000000006 94.00833333333334 329.50000000000006 0.15000000000000038 -2.6999999999999971 1.0000000180025095e-35 25.750000000000004 82.523611111111123 150.50000000000003 46.500000000000007 75.500000000000014 26.150000000000002 0.3499999999999997 85.219444444444449 30.450000000000003 1.0000000180025095e-35 0.080547328232315238 6.5000000000000009 1.0655096125626544 0.89999999999999913 27.550000000000004 0.14785662623272652
decision_type=2 2 2 2 2 2 2 2 2 2 2 2 2 2 2 2 2 2 2 2 2 2 2 2 2 2 2 2 2 2
left_child=1 3 13 4 6 14 9 10 18 -1 12 15 -5 29 20 -9 -8 -12 -4 -13 26 28 23 -10 -15 -26 -3 -20 -16 -2
right_child=2 5 8 7 -6 -7 16 11 22 -11 17 19 -14 24 21 -17 -18 -19 27 -21 -22 -23 -24 -25 25 -27 -28 -29 -30 -31
leaf_value=0.0030118225774243799 -0.00076204475240289446 -0.0023870756324218551 -0.0020847185180896564 0.0012482064366440549 -0.0054067488718947442 -0.0020858629568635601 0.0077105207027079676 -0.0011323645215055864 -0.0020858629568635601 -0.0033955871651005741 0.011034031165092977 -0.0027314718198381007 -0.00092075882202927097 -0.0021166086237678788 -0.003498995758970501 0.00040624486806052764 0.014660797658583262 0.0042661441130800995 -0.0020858629568635601 -0.0016463907201669883 0.0075107316574699852 0.0060098278540054182 -0.0020858629568635601 -0.0020858629568635601 -0.001406819634039098 -0.0020858629568635601 -0.0026063351494239745 -0.0020858629568635601 0.0018211090824191288 0.0013133011519410739
leaf_weight=55228 10515 2114 1116 15246 659 5170 2797 17824 8231 2898 431 6219 12230 2352 574 15255 4790 5489 11545 4663 307 565 342 20693 2531 1351 1125 764 514 1928
leaf_count=55228 10515 2114 1116 15246 659 5170 2797 17824 8231 2898 431 6219 12230 2352 574 15255 4790 5489 11545 4663 307 565 342 20693 2531 1351 1125 764 514 1928
internal_value=-0.00183843 0.000434915 -0.00754681 0.00112492 0.00285252 -0.00912874 0.00303155 -0.000357364 -0.00961339 0.00242521 0.00116507 -0.00151392 0.000429086 -0.00282284 -0.00479712 -0.000759522 0.00767594 0.00458031 -0.00715813 -0.00380685 -0.00688469 -0.000317412 -0.0107394 -0.0108446 -0.00531195 -0.00377801 -0.00780093 -0.00762916 -0.00341598 -0.00157546
internal_weight=215466 154098 61368 143729 66372 10369 65713 77357 42691 58126 33396 43961 27476 18677 5199 33079 7587 5920 13425 10882 3546 1653 29266 28924 6234 3882 3239 12309 1088 12443
internal_count=215466 154098 61368 143729 66372 10369 65713 77357 42691 58126 33396 43961 27476 18677 5199 33079 7587 5920 13425 10882 3546 1653 29266 28924 6234 3882 3239 12309 1088 12443
is_linear=0
shrinkage=0.03


Tree=49
num_leaves=31
num_cat=0
split_feature=8 25 25 8 19 8 25 25 5 93 25 33 24 7 99 112 24 33 23 85 32 14 12 25 15 12 3 104 31 91
split_gain=3063.41 851.774 830.031 520.953 207.174 195.241 143.695 135.63 157.699 94.5627 85.9107 70.8912 67.7584 66.4899 65.2149 63.6895 62.1687 48.0482 44.6913 43.1786 40.0542 37.4045 37.314 37.3104 36.2573 35.499 34.8781 33.2061 35.26 32.3777
threshold=0.15000000000000038 3.5000000000000004 5.5000000000000009 0.69999999999999984 73.107692307692318 1.0000000180025095e-35 5.5000000000000009 3.5000000000000004 403.50000000000006 90.398611111111123 1.0000000180025095e-35 0.080547328232315238 10.617055663152799 1.1000000000000008 15.950000000000001 1.3499999999999999 2.3476884231816819 0.6174544326165855 18.407846172896694 -0.70000000000000051 -0.29343379936893921 0.10954451150110468 -0.099999999999998743 6.5000000000000009 0.060065323917008799 0.09999999999999877 20.150000000000002 25.265649148564439 -0.24999999999999994 0.73192714450760887
decision_type=2 2 2 2 2 2 2 2 2 2 2 2 2 2 2 2 2 2 2 2 2 2 2 2 2 2 2 2 2 2
left_child=1 4 3 7 12 18 24 8 16 10 13 -12 14 -6 -1 -5 -2 -16 23 20 -11 -20 -8 29 -7 -4 -21 28 -9 -3
right_child=2 5 25 15 9 6 22 27 -10 19 11 -13 -14 -15 17 -17 -18 -19 21 26 -22 -23 -24 -25 -26 -27 -28 -29 -30 -31
leaf_value=0.0010767872237483266 -0.0027783991368076056 0.00032542308328300558 -0.0020232870681576535 -0.0022473409874930717 0.0049026071778459175 -0.0022334226033596289 -0.0020592583187871863 -0.0024449586167826897 -0.0020232870681576535 -0.004023524050255552 0.00036492360911013767 0.0028975793156375542 0.014176472290304562 -0.0053954236058953234 0.0048589203464939829 -0.0020232870681576535 0.0012921629462960787 0.015052635758779102 -0.00088071146711571205 -0.0059296946018275965 0.0021833470730674019 0.0028740392603982595 -0.0020232870681576535 -0.002276448987182864 -0.00051511525019985597 -0.0020232870681576535 -0.0025596530103396331 -0.0019786691301119249 -0.0023146382161741219 0.0062986174700626375
leaf_weight=2563 7216 11110 9941 1753 19614 8598 4730 3957 687 979 27026 20248 1757 301 4545 4308 10855 4141 14368 603 3595 1654 6661 1773 7669 21879 2372 2729 7262 932
leaf_count=2563 7216 11110 9941 1753 19614 8598 4730 3957 687 979 27026 20248 1757 301 4545 4308 10855 4141 14368 603 3595 1654 6661 1773 7669 21879 2372 2729 7262 932
internal_value=-0.0018651 0.000626584 -0.00699191 -0.00404444 0.0024863 -0.00221155 -0.00402726 -0.00254716 -0.000881177 0.00187814 0.00223582 0.0015395 0.00598063 0.00388858 0.005124 -0.0121222 -0.000344456 0.00636468 -0.000528353 -0.0013053 0.00052459 -0.00160644 -0.00661122 0.000721989 -0.00221754 -0.0105826 -0.00411794 -0.00478744 -0.00550936 0.00132027
internal_weight=215826 145239 70587 38767 87744 57495 27658 32706 18758 74738 67189 47274 13006 19915 11249 6061 18071 8686 29837 7549 4574 16022 11391 13815 16267 31820 2975 13948 11219 12042
internal_count=215826 145239 70587 38767 87744 57495 27658 32706 18758 74738 67189 47274 13006 19915 11249 6061 18071 8686 29837 7549 4574 16022 11391 13815 16267 31820 2975 13948 11219 12042
is_linear=0
shrinkage=0.03


Tree=50
num_leaves=31
num_cat=0
split_feature=8 27 25 27 90 8 25 27 24 33 29 29 8 20 8 24 14 5 104 88 33 14 24 98 12 12 24 3 5 4
split_gain=3051.76 841.155 818.049 526.819 200.354 192.209 184.784 138.647 123.468 105.588 93.9514 100.27 82.2117 80.3529 74.3392 62.8134 58.3489 58.3193 58.2236 52.1913 46.2182 46.9197 43.4003 39.9143 38.3586 37.0278 35.2391 32.4541 30.9021 31.7275
threshold=0.15000000000000038 257.50000000000006 5.5000000000000009 1.0000000180025095e-35 1.8000000000000027 1.0000000180025095e-35 3.5000000000000004 372.50000000000006 2.9788778036442616 -0.23537842981696178 196.50000000000003 62.500000000000007 0.69999999999999984 64.25833333333334 0.49999999999999961 2.3476884231816819 0.061494789985816624 143.50000000000003 23.040181114001893 25.450000000000003 0.76556758748011056 0.10635010497220788 5.3161076523536313 -0.29999999999999799 -0.099999999999998743 0.09999999999999877 2.0238822758814679 28.950000000000003 411.50000000000006 0.39999999999999908
decision_type=2 2 2 2 2 2 2 2 2 2 2 2 2 2 2 2 2 2 2 2 2 2 2 2 2 2 2 2 2 2
left_child=1 4 3 -2 8 20 12 22 16 19 11 -10 15 -12 26 -5 18 -11 -1 -6 21 -3 -7 -14 -9 -4 -8 -27 29 -22
right_child=2 5 25 6 9 7 14 24 10 17 13 -13 23 -15 -16 -17 -18 -19 -20 -21 28 -23 -24 -25 -26 27 -28 -29 -30 -31
leaf_value=-0.0011521047889295366 -0.0019625884561129238 -0.00086325719194702195 -0.0019625884561129238 -0.0027995892250571239 -0.0045569906743917503 -0.0020095098240763883 -0.0023486972762870959 -0.001997544573233292 0.0041305546137122206 0.014981158360351077 0.014603068355338287 -0.00016766558141586673 -0.0033066272477356036 0.003229225492539295 -0.0021799207578682795 0.0012130105427974663 0.0027641954468165348 0.0047353514003697006 0.0012301653381858269 0.0035071326666702993 -0.0022609307246997455 0.0027716537287491932 0.0006753752274316386 0.0027968860160020171 -0.0019625884561129238 -0.0019625884561129238 -0.0021994912424621502 -0.0019625884561129238 -0.0022081555175673781 0.0010476829681797084
leaf_weight=18133 3619 16433 9979 7146 926 13640 3895 3849 7363 5712 1987 13135 986 21421 4368 10829 8126 3015 10897 3078 464 2201 1918 311 5572 20706 7470 918 517 6548
leaf_count=18133 3619 16433 9979 7146 926 13640 3895 3849 7363 5712 1987 13135 986 21421 4368 10829 8126 3015 10897 3078 464 2201 1918 311 5572 20706 7470 918 517 6548
internal_value=-0.00186389 0.000623137 -0.00699657 -0.00406757 0.00231076 -0.00247189 -0.00294078 -0.00435408 0.00176122 0.00580938 0.00283827 0.00135519 -0.000971307 0.00413687 -0.00535306 -0.00044476 0.000488468 0.00765983 -0.000140539 0.00177528 -0.000674782 -0.00147625 -0.00261456 -0.00826271 -0.00722617 -0.010576 -0.00407399 -0.0112745 0.00130876 0.00183089
internal_weight=215162 144935 70227 38624 93793 51142 35005 24979 81062 12731 43906 20498 19272 23408 15733 17975 37156 8727 29030 4004 26163 18634 15558 1297 9421 31603 11365 21624 7529 7012
internal_count=215162 144935 70227 38624 93793 51142 35005 24979 81062 12731 43906 20498 19272 23408 15733 17975 37156 8727 29030 4004 26163 18634 15558 1297 9421 31603 11365 21624 7529 7012
is_linear=0
shrinkage=0.03


Tree=51
num_leaves=31
num_cat=0
split_feature=27 5 12 27 83 19 31 85 27 29 95 89 57 84 33 25 24 4 89 31 0 12 83 83 24 102 102 75 102 102
split_gain=2978.27 1031.23 631.945 550.934 273.857 201.332 134.377 126.816 100.172 81.9832 159.217 133.775 71.5177 70.7329 50.0415 59.1832 47.4778 44.2164 64.5255 36.7802 28.0834 28.7023 26.7244 23.6588 22.3375 20.1052 19.4649 24.3228 19.0903 18.8329
threshold=342.50000000000006 357.50000000000006 -1.0000000180025095e-35 147.50000000000003 1.0000000180025095e-35 77.01666666666668 -0.24999999999999994 -2.5000000000000009 392.50000000000006 74.500000000000014 19.150000000000002 26.250000000000004 0.14500000000000005 -1.7000000000000017 0.39629089145655322 6.5000000000000009 11.754684993792536 1.1500000000000006 25.950000000000003 -0.24999999999999994 29.650000000000002 1.0000000180025095e-35 -1.0000000180025095e-35 -1.0000000180025095e-35 5.5867413866557527 79.634722222222237 84.670833333333348 0.32684210526315799 75.852777777777803 79.938888888888911
decision_type=2 2 2 2 2 2 2 2 2 2 2 2 2 2 2 2 2 2 2 2 2 2 2 2 2 2 2 2 2 2
left_child=1 3 14 5 6 13 12 -8 19 10 -7 -11 -5 29 23 24 -15 18 -6 -4 21 -10 -21 26 28 -23 27 -2 -16 -1
right_child=2 -3 8 4 17 9 7 -9 20 11 -12 -13 -14 16 15 -17 -18 -19 -20 22 -22 25 -24 -25 -26 -27 -28 -29 -30 -31
leaf_value=0.012254443975795556 -0.0019922605436228291 -0.0019037108024295361 -0.0019028270924528155 -0.001325515459666779 -0.0022128058152078574 0.000359671997226898 0.0017251788371476847 -0.00067653089601404047 -0.0019037108024295361 -0.00044011082634927586 0.010021864931494739 0.0028598222706703877 0.0078898919411633447 0.0057237790087788431 -0.0016582562941858338 -0.0019373531286571283 0.019938584538971592 -0.0022196338516737076 0.00024803944746723289 -0.0019037108024295361 -0.0019037108024295361 -0.0019037108024295361 -0.0019371333799091664 -0.0019958502055146517 0.00096552016514273541 -0.0019037108024295361 -0.0018840829594509024 0.0016776747061277089 -7.6094641660064689e-05 0.020919678022532712
leaf_weight=2569 6996 3883 5116 29955 7097 4961 22858 21648 5507 21616 5276 20194 669 11067 1881 3396 703 1394 1784 3140 547 10133 2251 1064 2001 10993 2583 300 3219 927
leaf_count=2569 6996 3883 5116 29955 7097 4961 22858 21648 5507 21616 5276 20194 669 11067 1881 3396 703 1394 1784 3140 547 10133 2251 1064 2001 10993 2583 300 3219 927
internal_value=-0.00188904 0.000276912 -0.00762558 0.000665143 -0.000934536 0.00269476 -0.000306265 0.000746175 -0.00996484 0.00180612 0.00421225 0.0012169 -0.00183576 0.00572411 -0.00351336 -0.00203324 0.00461048 -0.00552793 -0.00474724 -0.00747573 -0.0109268 -0.011065 -0.00574462 -0.00493284 -0.000475218 -0.0115686 -0.00447419 -0.00526655 -0.00152911 0.00947098
internal_weight=215728 156601 59127 152718 85405 67313 75130 44506 37687 52047 10237 41810 30624 15266 21440 10497 11770 10275 8881 10507 27180 26633 5391 10943 7101 21126 9879 7296 5100 3496
internal_count=215728 156601 59127 152718 85405 67313 75130 44506 37687 52047 10237 41810 30624 15266 21440 10497 11770 10275 8881 10507 27180 26633 5391 10943 7101 21126 9879 7296 5100 3496
is_linear=0
shrinkage=0.03


Tree=52
num_leaves=31
num_cat=0
split_feature=8 25 25 8 8 19 25 5 25 20 91 25 4 24 102 24 90 85 0 29 12 33 12 24 31 31 29 11 85 89
split_gain=2983.88 834.8 768.494 520.542 183.184 174.138 140.674 118.939 148.054 86.6886 109.669 72.7113 71.4854 62.7436 67.0119 56.0229 46.1145 44.1002 43.979 43.0335 41.5606 41.5078 34.2496 34.2351 33.5475 32.9722 30.5607 30.4296 30.081 30.0521
threshold=0.15000000000000038 5.5000000000000009 3.5000000000000004 0.69999999999999984 1.0000000180025095e-35 73.107692307692318 5.5000000000000009 361.50000000000006 3.5000000000000004 90.338095238095249 0.55912771404726558 1.0000000180025095e-35 1.3499999999999999 10.617055663152799 78.113711911357356 2.3476884231816819 3.7000000000000002 -0.45000000000000012 11.350000000000003 108.50000000000001 -0.099999999999998743 0.76556758748011056 0.09999999999999877 1.981985845105988 -0.5 -0.24999999999999994 106.50000000000001 -0.34999999999999959 -1.7499999999999998 28.950000000000003
decision_type=2 2 2 2 2 2 2 2 2 2 2 2 2 2 2 2 2 2 2 2 2 2 2 2 2 2 2 2 2 2
left_child=2 3 5 7 16 13 24 8 15 10 11 -7 -5 14 18 -2 21 19 -1 -11 -8 27 -3 -10 -6 -16 -12 -4 -26 -24
right_child=1 22 4 12 6 9 20 -9 23 17 26 -13 -14 -15 25 -17 -18 -19 -20 -21 -22 -23 29 -25 28 -27 -28 -29 -30 -31
leaf_value=-0.0063141455067623892 -0.0026224746638307665 -0.0018465994783566501 0.00256768061018649 -0.0020082604281577497 -0.0023203015758094378 0.0041662209178835374 -0.001880353064009089 -0.0018465994783566501 -0.0021218931463759076 0.0029931693222675468 0.013674101251994411 0.0010135642823199669 -0.0018465994783566501 0.013141352510820178 0.0014571137135399571 0.0011475546496980055 0.034068899485277825 -0.0033703802725578995 0.0053059252065108566 -0.0011940267448488622 -0.0018465994783566501 0.00057272962568599218 -0.0018465994783566501 -0.002133519389831885 5.4542935457078668e-05 0.013812326347398556 0.0050316330888104874 -0.00072523732115673347 -0.0020643561232029329 -0.0018465994783566501
leaf_weight=369 7177 9906 1862 1711 5177 17073 4711 672 4749 3550 1766 42496 4361 1765 415 10859 361 2757 8006 4753 6672 8400 20813 9131 6717 2539 2143 19362 4397 877
leaf_count=369 7177 9906 1862 1711 5177 17073 4711 672 4749 3550 1766 42496 4361 1765 415 10859 361 2757 8006 4753 6672 8400 20813 9131 6717 2539 2143 19362 4397 877
internal_value=-0.00187998 -0.00695589 0.000574533 -0.00399938 -0.00211524 0.00234432 -0.00387534 -0.00249655 -0.00223329 0.00178376 0.00221081 0.0018913 -0.0120632 0.00553494 0.00471447 -0.000440761 -0.000490729 -0.000667209 0.00334348 0.000424494 -0.00643403 -0.000620759 -0.0105732 -0.00456235 -0.00208722 0.00859898 0.00707801 -0.00132721 -0.00115789 -0.0112415
internal_weight=215547 70256 145291 38660 57659 87632 27674 32588 31916 74538 63478 59569 6072 13094 11329 18036 29985 11060 8375 8303 11383 29624 31596 13880 16291 2954 3909 21224 11114 21690
internal_count=215547 70256 145291 38660 57659 87632 27674 32588 31916 74538 63478 59569 6072 13094 11329 18036 29985 11060 8375 8303 11383 29624 31596 13880 16291 2954 3909 21224 11114 21690
is_linear=0
shrinkage=0.03


Tree=53
num_leaves=31
num_cat=0
split_feature=8 25 27 27 8 27 90 27 27 33 8 14 24 19 33 8 31 5 2 89 98 32 27 12 29 85 12 102 104 4
split_gain=2978.6 813.34 761.004 527.807 181.134 179.007 169.273 135.31 114.559 91.0164 86.7684 83.0264 67.4464 66.7544 66.3577 57.9062 51.4092 50.6089 48.2821 47.235 45.8063 45.0158 41.4892 40.7853 40.1329 35.6221 35.044 32.5077 30.5987 29.2049
threshold=0.15000000000000038 5.5000000000000009 257.50000000000006 1.0000000180025095e-35 1.0000000180025095e-35 252.50000000000003 1.8000000000000027 377.50000000000006 82.500000000000014 -0.23537842981696178 0.69999999999999984 0.061025715325622461 3.8305986823619489 87.983333333333348 0.18281312110578132 0.59999999999999887 -0.5 119.50000000000001 25.950000000000003 26.250000000000004 -0.29999999999999799 0.40614137006726808 407.50000000000006 -0.099999999999998743 323.50000000000006 -1.7999999999999978 -0.50000000000000255 76.45694444444446 25.265649148564439 1.7000000000000022
decision_type=2 2 2 2 2 2 2 2 2 2 2 2 2 2 2 2 2 2 2 2 2 2 2 2 2 2 2 2 2 2
left_child=2 3 6 -2 24 10 8 16 12 18 13 21 19 -5 -13 28 -6 -11 -8 -1 -12 -10 -3 -9 26 -18 -4 -19 -7 -20
right_child=1 22 4 5 7 15 9 23 11 17 20 14 -14 -15 -16 -17 25 27 29 -21 -22 -23 -24 -25 -26 -27 -28 -29 -30 -31
leaf_value=0.0014751125497766717 -0.0017912014940059506 -0.0017912014940059506 0.0028133314287067269 0.00073203156531122747 -0.0020450765172544214 -0.0021381089173278202 -0.004910475746660101 -0.0018231744666747059 0.00062611357342441936 0.014492449934289046 -0.0029427408306870544 0.00048861044370319907 0.0070474939063914855 -0.0025791107637344614 0.0055302764541777941 -0.0019648619419242587 -1.6209916172053028e-05 0.0014351071666789028 0.0045146277270757557 0.0039433317909079064 0.002800984639174203 -0.0010030805524997948 -0.0017912014940059506 -0.0017912014940059506 0.0010425613436599163 -0.0018694149523437271 -0.00063863675733149465 0.0087986785863815066 -0.0018168442148197483 -0.0033324288810293369
leaf_weight=12586 3634 9449 1944 12363 5110 9259 832 3578 22739 5044 1151 7000 8880 7135 6618 2546 6373 1715 2706 7680 364 15525 22203 5172 3876 4682 20357 1977 2179 528
leaf_count=12586 3634 9449 1944 12363 5110 9259 832 3578 22739 5044 1151 7000 8880 7135 6618 2546 6373 1715 2706 7680 364 15525 22203 5172 3876 4682 20357 1977 2179 528
internal_value=-0.00194388 -0.00701191 0.000513997 -0.00409052 -0.00243204 -0.00296031 0.00211817 -0.00426292 0.00161165 0.00532375 -0.00120991 0.000766147 0.00311662 -0.000672342 0.00277774 -0.00559028 -0.00263609 0.00704933 0.00161544 0.00216115 -0.00812335 5.01764e-05 -0.0105772 -0.00726774 -0.000689319 -0.00148562 -0.00117904 0.00437855 -0.00467873 0.00327357
internal_weight=215205 70283 144922 38631 51092 34997 93830 24915 81028 12802 21013 51882 29146 19498 13618 13984 16165 8736 4066 20266 1515 38264 31652 8750 26177 11055 22301 3692 11438 3234
internal_count=215205 70283 144922 38631 51092 34997 93830 24915 81028 12802 21013 51882 29146 19498 13618 13984 16165 8736 4066 20266 1515 38264 31652 8750 26177 11055 22301 3692 11438 3234
is_linear=0
shrinkage=0.03


Tree=54
num_leaves=31
num_cat=0
split_feature=8 27 27 27 27 8 83 27 27 33 8 20 8 90 14 29 20 33 31 33 93 27 5 101 101 15 85 23 0 9
split_gain=2905.6 816.977 708.731 531.542 186.121 170.605 160.498 140.048 126.057 87.8218 80.0612 71.7906 69.2355 65.3245 60.1584 53.1783 50.5454 48.9807 47.6639 39.9859 38.93 38.6388 36.0468 34.9675 34.5763 32.8372 32.0906 25.9566 25.5134 24.746
threshold=0.15000000000000038 357.50000000000006 257.50000000000006 1.0000000180025095e-35 232.50000000000003 1.0000000180025095e-35 -0.95000000000000184 382.50000000000006 87.500000000000014 -0.27694043983797384 0.49999999999999961 89.450490196078448 0.69999999999999984 0.54999999999999993 0.061025715325622461 196.50000000000003 90.801785714285728 0.18281312110578132 -0.24999999999999994 0.19969739736768838 93.068055555555574 407.50000000000006 119.50000000000001 -0.00083333333333332775 0.0011111111111111148 0.065935253295162463 -2.5000000000000009 26.391869103042524 29.650000000000002 -0.15000000000000033
decision_type=2 2 2 2 2 2 2 2 2 2 2 2 2 2 2 2 2 2 2 2 2 2 2 2 2 2 2 2 2 2
left_child=2 3 6 -2 12 19 9 18 11 27 20 15 13 -5 16 -8 -10 -16 -7 29 -6 -3 -11 -14 -12 -9 -20 -1 -23 -4
right_child=1 21 5 4 10 7 8 25 14 22 24 -13 23 -15 17 -17 -18 -19 26 -21 -22 28 -24 -25 -26 -27 -28 -29 -30 -31
leaf_value=-0.00049316312405356887 -0.0017374654491857718 -0.0017374654491857718 0.0040877501927732837 -0.0042208950643418987 -0.0020030615786914836 -0.0018365248761162537 0.0026091537388974215 -0.0017374654491857718 0.00029542944118155114 0.015621945973298452 -0.0019565739811947935 -0.00050625836129486901 -0.0030527604953324984 0.00039938352975235289 0.00036547014714974953 0.0058860929995505681 -0.0024839664440893909 0.0048723746675671973 0.00047326570982862996 0.00016852010823090679 -0.002171517080098205 -0.0017374654491857718 0.005676473969950315 0.0027169550999989766 0.00087754038430146403 -0.0017681267088769006 -0.0017255275080882988 0.01160106507090565 -0.0017374654491857718 -0.00097061224575416098
leaf_weight=2409 3623 9393 655 2383 10616 6881 15325 5026 33071 4565 4230 4390 955 15171 6449 12932 4307 5909 3482 13993 1195 21646 4291 304 303 3049 6506 318 515 11544
leaf_count=2409 3623 9393 655 2383 10616 6881 15325 5026 33071 4565 4230 4390 955 15171 6449 12932 4307 5909 3482 13993 1195 21646 4291 304 303 3049 6506 318 515 11544
internal_value=-0.00196067 -0.00696481 0.00046498 -0.00404812 -0.00292039 -0.00237714 0.00201166 -0.00415274 0.00154672 0.00531811 -0.00526216 0.00299513 -0.000885777 -0.000398177 0.000595935 0.00354961 -4.01295e-06 0.00241039 -0.00259721 -0.000686061 -0.0039608 -0.0105492 0.00676753 -0.00767857 -0.0086513 -0.00740156 -0.0012734 0.000610337 -0.0112334 -0.00194139
internal_weight=215436 70334 145102 38780 35157 51136 93966 24944 82383 11583 16344 32647 18813 17554 49736 28257 37378 12358 16869 26192 11811 31554 8856 1259 4533 8075 9988 2727 22161 12199
internal_count=215436 70334 145102 38780 35157 51136 93966 24944 82383 11583 16344 32647 18813 17554 49736 28257 37378 12358 16869 26192 11811 31554 8856 1259 4533 8075 9988 2727 22161 12199
is_linear=0
shrinkage=0.03


Tree=55
num_leaves=31
num_cat=0
split_feature=8 25 25 4 8 20 25 25 20 8 90 32 90 24 103 32 8 29 12 83 32 29 12 24 25 3 83 29 96 98
split_gain=2907.64 835.519 651.852 520.114 178.55 166.22 149.024 146.887 79.3312 78.6587 77.1028 66.6377 61.2053 60.7724 56.5117 54.0284 52.2299 50.5006 43.5742 43.4145 42.0938 40.4483 37.0067 35.344 30.0471 29.8335 27.7276 36.8324 27.3362 27.083
threshold=0.15000000000000038 5.5000000000000009 3.5000000000000004 2.2000000000000006 1.0000000180025095e-35 72.801960784313735 3.5000000000000004 5.5000000000000009 93.151086956521752 0.69999999999999984 1.8000000000000005 0.42179998225932674 0.54999999999999993 11.188534670242447 77.500000000000014 0.022575936829235418 0.49999999999999961 106.50000000000001 -0.099999999999998743 -0.8999999999999998 -0.23537230790205757 327.50000000000006 0.15000000000000038 8.7758862003042832 1.5000000000000002 28.950000000000003 -0.85000000000000131 104.50000000000001 30.150000000000002 -0.29999999999999799
decision_type=2 2 2 2 2 2 2 2 2 2 2 2 2 2 2 2 2 2 2 2 2 2 2 2 2 2 2 2 2 2
left_child=2 3 5 6 19 13 9 21 10 12 11 -7 -2 14 15 -1 20 -12 -9 -4 -8 -6 -3 -21 -5 -24 27 -10 -27 -11
right_child=1 22 4 24 7 8 16 18 26 29 17 -13 -14 -15 -16 -17 -18 -19 -20 23 -22 -23 25 -25 -26 28 -28 -29 -30 -31
leaf_value=0.0063812384234796056 -0.0037768840289480743 -0.0016853414857101988 0.001636894873905604 -0.0016853414857101988 -0.0015195432216420328 0.0020009885390254731 -0.0014932440405043084 -0.0017171058884036556 0.013332796264636288 -0.0028458953697397464 0.0096916484077951056 0.00023364962598992775 0.00026850695801542589 0.013749967956586694 0.0088454096228140523 -0.0023757007986201129 -0.0018088634918717419 0.0029135461648723535 -0.0016853414857101988 -0.00049053876270434434 -0.0020695716785211278 0.0016642413921970152 -0.0016853414857101988 0.0029566235967807193 -0.0023969895745751899 -0.0016853414857101988 -0.0037450663187202776 -0.0020889279044388137 -0.001684456955796386 -0.0018501198862375971
leaf_weight=4208 2511 14098 5685 3408 14615 38101 3919 4747 556 966 2984 24124 15439 1506 5017 1895 3895 4783 6581 23345 7115 1617 16695 829 1143 310 3729 843 424 364
leaf_count=4208 2511 14098 5685 3408 14615 38101 3919 4747 556 966 2984 24124 15439 1506 5017 1895 3895 4783 6581 23345 7115 1617 16695 829 1143 310 3729 843 424 364
internal_value=-0.00196163 -0.00697011 0.000463435 -0.00402002 -0.00202168 0.00208964 -0.00275227 -0.00376293 0.00155429 -0.0010098 0.00181818 0.00146635 -0.000487995 0.00527441 0.00450769 0.00256799 -0.00500234 0.00463633 -0.0063845 -0.000414434 -0.00394744 -0.0019331 -0.0105968 -0.000969183 -0.0135468 -0.0115224 -0.00204718 0.00155357 -0.00559184 -0.00804658
internal_weight=215452 70287 145165 38760 57419 87746 34209 27560 75120 19280 69992 62225 17950 12626 11120 6103 14929 7767 11328 29859 11034 16232 31527 24174 4551 17429 5128 1399 734 1330
internal_count=215452 70287 145165 38760 57419 87746 34209 27560 75120 19280 69992 62225 17950 12626 11120 6103 14929 7767 11328 29859 11034 16232 31527 24174 4551 17429 5128 1399 734 1330
is_linear=0
shrinkage=0.03


Tree=56
num_leaves=31
num_cat=0
split_feature=8 27 27 27 25 8 20 27 5 27 14 8 8 20 103 24 28 31 12 12 33 89 24 12 98 33 27 33 85 85
split_gain=2917.68 838.389 655.734 527.427 192.277 184.155 159.309 138.726 84.8019 98.0465 90.1084 83.8932 74.694 64.946 59.2608 53.5792 51.961 47.1963 39.9954 39.2516 35.0817 35.0182 34.9659 33.7723 32.4015 31.635 32.2155 29.5321 27.1456 26.7161
threshold=0.15000000000000038 362.50000000000006 257.50000000000006 1.0000000180025095e-35 3.5000000000000004 1.0000000180025095e-35 72.801960784313735 377.50000000000006 261.50000000000006 27.500000000000004 0.061025715325622461 0.69999999999999984 0.49999999999999961 49.275000000000006 77.500000000000014 2.3476884231816819 5.5000000000000009 -0.24999999999999994 -0.65000000000000024 -0.099999999999998743 0.64414586362404946 28.950000000000003 2.0238822758814679 0.09999999999999877 -0.34999999999999959 0.097680735332368748 402.50000000000006 -0.97507822412530132 -0.39999999999999941 -2.6000000000000005
decision_type=2 2 2 2 2 2 2 2 2 2 2 2 2 2 2 2 2 2 2 2 2 2 2 2 2 2 2 2 2 2
left_child=2 3 6 -2 11 18 13 17 9 28 -11 15 22 -1 16 -5 -15 -7 -4 -9 -16 23 -6 -3 -13 -20 -27 -23 -8 -19
right_child=1 21 5 4 12 7 8 19 -10 10 -12 24 -14 14 20 -17 -18 29 25 -21 -22 27 -24 -25 -26 26 -28 -29 -30 -31
leaf_value=0.011051278767820623 -0.0016347812411388928 -0.0016347812411388928 0.0051922870015494137 -0.0024143765215650609 -0.0019384234015170356 -0.0017905176432969543 0.0052985884355385877 -0.001665592711751546 -0.0059004050076101964 0.00030720637617231761 0.0028690327582552321 -0.002889267993235268 -0.0017777767683153619 -0.0024918450575546411 0.0039346178555619525 0.0011427968882047879 0.0059955226901667142 0.00052102428324046887 -0.00084585336246519364 -0.0016347812411388928 0.014335087727533771 -0.0016347812411388928 -0.0018029431045123306 -0.0016347812411388928 -0.0013189137507994772 0.0002955717616417757 -0.0020735604259604036 -0.0016347812411388928 0.0017736336743040136 -0.0015214672390589414
leaf_weight=1857 3635 9132 1707 7190 4122 6564 10127 3533 304 49644 18459 966 4578 2032 2655 10728 4379 3324 10401 5143 2716 468 7825 20593 333 11438 2682 800 2019 6309
leaf_count=1857 3635 9132 1707 7190 4122 6564 10127 3533 304 49644 18459 966 4578 2032 2655 10728 4379 3324 10401 5143 2716 468 7825 20593 333 11438 2682 800 2019 6309
internal_value=-0.00197676 -0.00699066 0.00045167 -0.0040854 -0.00297793 -0.00228455 0.00193613 -0.00413383 0.00142842 0.00148841 0.00104553 -0.000937402 -0.00535066 0.00493438 0.00411186 -0.000403482 0.00216391 -0.00249383 -0.00053071 -0.00719488 0.00643615 -0.0106816 -0.00410152 -0.01089 -0.00829615 -0.000839858 8.49798e-05 -0.00579196 0.00397135 -0.00115684
internal_weight=215663 70370 145293 39377 35742 51101 94192 24873 80553 80249 68103 19217 16525 13639 11782 17918 6411 16197 26228 8676 5371 30993 11947 29725 1299 24521 14120 1268 12146 9633
internal_count=215663 70370 145293 39377 35742 51101 94192 24873 80553 80249 68103 19217 16525 13639 11782 17918 6411 16197 26228 8676 5371 30993 11947 29725 1299 24521 14120 1268 12146 9633
is_linear=0
shrinkage=0.03


Tree=57
num_leaves=31
num_cat=0
split_feature=8 25 25 8 83 8 25 25 4 33 25 4 110 90 23 93 102 83 103 20 25 110 75 110 21 23 110 101 31 29
split_gain=2843.6 835.235 605.615 513.699 166.349 159.151 132.479 108.011 129.148 95.2188 85.5099 73.1134 68.7327 63.7729 49.1762 46.0998 47.4899 44.8719 40.4561 44.7668 36.8289 33.5145 36.8326 30.8744 30.2927 29.3358 28.7652 28.1279 24.792 24.0134
threshold=0.15000000000000038 5.5000000000000009 4.5000000000000009 0.69999999999999984 -0.89999999999999891 1.0000000180025095e-35 1.5000000000000002 3.5000000000000004 2.100000000000001 -0.27694043983797384 5.5000000000000009 1.3499999999999999 3.8305986823619489 0.59999999999999887 25.036079212978606 92.912500000000009 84.495129216960706 -0.50000000000000122 82.500000000000014 47.036274509803924 6.5000000000000009 2.0238822758814679 0.0018421052631578951 10.617055663152799 0.97713983640375035 26.407124449409608 1.6886731402092041 -0.00083333333333332775 -0.5 140.50000000000003
decision_type=2 2 2 2 2 2 2 2 2 2 2 2 2 2 2 2 2 2 2 2 2 2 2 2 2 2 2 2 2 2
left_child=2 3 4 7 9 24 12 8 13 25 28 27 14 -2 -6 16 -8 -12 19 -11 -3 -9 -23 -14 -4 -1 -20 -5 -7 -17
right_child=1 20 5 11 6 10 15 21 -10 18 17 -13 23 -15 -16 29 -18 -19 26 -21 -22 22 -24 -25 -26 -27 -28 -29 -30 -31
leaf_value=-0.00073772162910934361 -0.0034857697880420597 -0.0015857378039047258 -0.00074397185658051015 -0.0020395825380147823 0.00092948357502053102 -0.0020544953273203656 -0.00014309253250983616 -0.0018281818393335936 -0.0015857378039047258 0.010748283912188484 -0.0016364013880688685 -0.0015857378039047258 0.0046464157881787645 0.00048834708096018612 0.0031073919845213726 -0.0024748242172703415 0.0015782159128373875 -0.0015857378039047258 0.0086718286995504761 0.0039778670356367448 -0.0015857378039047258 -0.0019423853513647754 0.0031852677238646968 0.017192749869605967 0.00032592068574815552 0.010021595594980812 0.013096700681351199 -0.0013867978278257814 -0.00069007655837590169 -0.0045356895765262866
leaf_weight=3113 3002 11875 12128 1250 19556 2491 37920 5019 854 818 2817 4339 11637 14668 9609 1136 10417 8529 1678 4961 19698 8310 591 517 6984 378 3978 493 5570 959
leaf_count=3113 3002 11875 12128 1250 19556 2491 37920 5019 854 818 2817 4339 11637 14668 9609 1136 10417 8529 1678 4961 19698 8310 591 517 6984 378 3978 493 5570 959
internal_value=-0.0019669 -0.00692889 0.000428728 -0.00396423 0.00159297 -0.00279556 0.00111513 -0.00246417 -0.000963563 0.00453005 -0.00470914 -0.0119645 0.00237452 -0.00041254 0.00158455 8.32788e-05 0.000272146 -0.00638759 0.00585388 0.00408737 -0.0105462 -0.00446089 -0.00335486 0.00426985 -0.000852299 0.000193299 0.00765777 -0.00676892 -0.00234619 -0.00427242
internal_weight=215295 70099 145196 38526 106677 38519 91751 32444 18524 14926 19407 6082 41319 17670 29165 50432 48337 11346 11435 5779 31573 13920 8901 12154 19112 3491 5656 1743 8061 2095
internal_count=215295 70099 145196 38526 106677 38519 91751 32444 18524 14926 19407 6082 41319 17670 29165 50432 48337 11346 11435 5779 31573 13920 8901 12154 19112 3491 5656 1743 8061 2095
is_linear=0
shrinkage=0.03


Tree=58
num_leaves=31
num_cat=0
split_feature=27 8 8 27 112 1 8 8 27 83 98 85 31 27 8 8 3 102 83 104 18 15 33 89 29 91 99 33 25 102
split_gain=2828.3 1110.8 523.846 381.484 212.409 150.07 125.071 96.4328 83.0841 77.0824 66.6132 62.4787 87.2687 61.5968 57.4364 54.932 48.8483 66.1974 48.0323 45.789 44.5265 35.7801 33.0143 30.9315 28.4572 28.3184 24.3548 20.4918 26.3676 18.9633
threshold=367.50000000000006 0.49999999999999961 0.1000000000000001 212.50000000000003 1.6500000000000006 76.500000000000014 1.0000000180025095e-35 1.0000000180025095e-35 1.0000000180025095e-35 -1.1499999999999984 0.39999999999999952 -1.5000000000000002 -0.24999999999999994 77.500000000000014 1.0000000180025095e-35 0.20000000000000198 26.650000000000002 83.943055555555574 -1.0000000000000007 25.194702462733911 1.0000000180025095e-35 0.088474197458286344 -0.21022037796396451 28.950000000000003 324.50000000000006 0.30469927992835788 29.750000000000004 0.64414586362404946 6.5000000000000009 80.588888888888903
decision_type=2 2 2 2 2 2 2 2 2 2 2 2 2 2 2 2 2 2 2 2 2 2 2 2 2 2 2 2 2 2
left_child=1 3 14 5 10 9 18 20 -9 29 16 12 -8 -11 -2 21 24 -18 -5 -13 -7 -4 -20 -17 -3 -12 -25 -16 -29 -1
right_child=2 4 15 6 -6 7 11 8 -10 13 25 19 -14 -15 27 23 17 -19 22 -21 -22 -23 -24 26 -26 -27 -28 28 -30 -31
leaf_value=0.010860125394404303 -0.00085971132632389367 -0.0017595608974401663 -0.0015381656697875841 0.0034384423432025427 -0.0015381656697875841 0.0028791194521847695 -0.0017568229175660153 -0.003495299307270969 0.00010691783761096752 0.008484753309303027 -0.0016231036576098269 -0.0018729163844915886 7.6285128415017612e-05 0.0019265830862049303 -0.0015376040785092832 -0.0015381656697875841 -0.0019644421814525898 0.010855958951982726 -0.00062237190654281676 0.00030452084455309837 0.00068881933218202789 -0.0015729265472608455 0.00037441352060588667 -0.0015381656697875841 0.00021151743020001416 0.0083738472577779936 -3.3273398950390273e-05 -9.0533491864934967e-05 -0.0015381656697875841 0.017506985491797251
leaf_weight=1977 8009 4402 9589 3326 4755 24473 9978 397 34459 7084 304 11206 12722 9707 2647 22954 1225 352 9215 1866 14775 2128 13970 478 332 344 392 996 923 794
leaf_count=1977 8009 4402 9589 3326 4755 24473 9978 397 34459 7084 304 11206 12722 9707 2647 22954 1225 352 9215 1866 14775 2128 13970 478 332 344 392 996 923 794
internal_value=-0.00200628 -0.000166315 -0.00841761 0.00050295 -0.00907554 0.00171288 -0.00131663 0.00109588 -5.25002e-05 0.00404999 -0.00573491 -0.00247393 -0.0015224 0.0032846 -0.00315482 -0.0102795 -0.00667538 -0.00210076 0.000244983 -0.00412606 0.00211572 -0.00859575 -0.000238722 -0.0111072 -0.00819852 0.00342065 -0.00554535 -0.00583972 -0.00347656 0.00868506
internal_weight=215779 167663 48116 155949 11714 93666 62283 74104 34856 19562 6959 35772 22700 16791 12575 35541 6311 1577 26511 13072 39248 11717 23185 23824 4734 648 870 4566 1919 2771
internal_count=215779 167663 48116 155949 11714 93666 62283 74104 34856 19562 6959 35772 22700 16791 12575 35541 6311 1577 26511 13072 39248 11717 23185 23824 4734 648 870 4566 1919 2771
is_linear=0
shrinkage=0.03


Tree=59
num_leaves=31
num_cat=0
split_feature=8 25 27 27 8 33 87 8 96 5 102 27 103 95 27 98 27 90 32 0 4 104 27 33 75 29 83 103 32 33
split_gain=2833.39 840.971 595.707 536.103 174.28 167.306 213.542 162.36 142.581 108.342 105.656 92.6566 91.2251 96.6187 88.2126 65.4743 64.0856 62.6173 51.9265 49.2528 48.6516 42.3107 41.8569 41.0951 36.958 35.5819 34.0967 31.5977 31.3377 28.5404
threshold=0.15000000000000038 5.5000000000000009 307.50000000000006 1.0000000180025095e-35 0.49999999999999961 0.080547328232315238 -0.20833333333333329 1.0000000180025095e-35 25.950000000000003 41.500000000000007 84.147222222222226 252.50000000000003 69.500000000000014 19.250000000000004 382.50000000000006 0.39999999999999952 132.50000000000003 0.54999999999999993 0.96234642434711437 27.950000000000003 1.2500000000000002 10.769791745336642 407.50000000000006 0.080547328232315238 0.43026315789473696 104.50000000000001 -0.40000000000000119 94.500000000000014 -0.23537230790205757 0.19969739736768838
decision_type=2 2 2 2 2 2 2 2 2 2 2 2 2 2 2 2 2 2 2 2 2 2 2 2 2 2 2 2 2 2
left_child=2 3 5 -2 11 8 10 29 18 -10 16 17 21 -14 23 20 -7 -5 19 -1 -6 -8 -3 -9 -11 -20 -16 -12 -13 -4
right_child=1 22 7 4 15 6 12 14 9 24 27 28 13 -15 26 -17 -18 -19 25 -21 -22 -23 -24 -25 -26 -27 -28 -29 -30 -31
leaf_value=-0.0032199318779436666 -0.0014920206996939566 -0.0014920206996939566 -0.0010532801469084389 -0.0035510953017734931 -0.0016247120294662363 0.007193305409553181 0.0091203080926122813 -0.0015862069047667756 0.0037954089607222566 2.8997654081543143e-05 0.016076795072579888 -0.0015971669166139886 -0.0021372691422931866 0.0012639858037811801 -0.001518650437019012 0.0032433314134266726 0.0019760314694069192 0.00050680818321139959 -0.00079166070133059204 0.0065022510223247312 -0.0020312043345219757 0.00029070143113801736 -0.0014920206996939566 -0.0007425277701623757 0.014231289281211186 0.0041767068069571821 -0.0014920206996939566 0.005011228968711345 -0.0018414842721535963 5.0900756399734274e-05
leaf_weight=8922 3638 9467 7794 2660 4825 10445 2442 5120 12438 27514 3588 3643 8099 14033 2933 627 13205 14367 4958 357 2434 1172 22256 4917 547 783 5049 851 6456 9690
leaf_count=8922 3638 9467 7794 2660 4825 10445 2442 5120 12438 27514 3588 3643 8099 14033 2933 627 13205 14367 4958 357 2434 1172 22256 4917 547 783 5049 851 6456 9690
internal_value=-0.00203642 -0.00697481 0.000362735 -0.00400352 -0.00286436 0.00145892 0.00265055 -0.0030136 0.000303404 0.00122926 0.00445942 -0.00172301 0.000676972 -4.47296e-05 -0.00501193 -0.00678965 0.003662 -0.000372622 -0.00219293 -0.00358028 -0.00759298 0.00509544 -0.0105947 -0.00313957 0.000196173 4.96343e-05 -0.00736565 0.00870608 -0.0039995 -0.000953961
internal_weight=215230 70373 144857 38650 35012 109354 53835 35503 55519 40499 28089 27126 25746 22132 18019 7886 23650 17027 15020 9279 7259 3614 31723 10037 28061 5741 7982 4439 10099 17484
internal_count=215230 70373 144857 38650 35012 109354 53835 35503 55519 40499 28089 27126 25746 22132 18019 7886 23650 17027 15020 9279 7259 3614 31723 10037 28061 5741 7982 4439 10099 17484
is_linear=0
shrinkage=0.03


Tree=60
num_leaves=31
num_cat=0
split_feature=8 25 27 27 8 8 83 27 20 27 27 33 33 98 5 90 4 33 27 12 12 110 91 5 29 27 109 107 8 110
split_gain=2781.37 837.135 585.238 538.773 175.875 172.519 147.351 146.658 99.0433 97.0439 92.4124 69.1288 67.9715 64.9987 63.231 57.9497 52.2404 45.8895 40.5042 39.6849 34.6475 33.5247 32.8302 31.3956 28.9022 22.1005 22.0896 29.1133 20.0585 19.9189
threshold=0.15000000000000038 5.5000000000000009 257.50000000000006 1.0000000180025095e-35 0.49999999999999961 1.0000000180025095e-35 -1.0000000000000007 382.50000000000006 93.517261904761924 82.500000000000014 252.50000000000003 -0.27694043983797384 0.080547328232315238 0.39999999999999952 79.500000000000014 0.59999999999999887 1.099999999999999 -0.49812626372919411 407.50000000000006 -0.099999999999998743 -0.50000000000000255 2.0238822758814679 0.33604226549794186 109.50000000000001 327.50000000000006 412.50000000000006 -2.6499999999999999 2.5999999999999992 0.70000000000000073 8.7758862003042832
decision_type=2 2 2 2 2 2 2 2 2 2 2 2 2 2 2 2 2 2 2 2 2 2 2 2 2 2 2 2 2 2
left_child=2 3 6 -2 10 20 11 17 9 14 15 -1 -11 16 -8 -5 -6 -7 28 -9 -4 -12 -19 -13 29 -26 -10 -28 -3 -22
right_child=1 18 5 4 13 7 8 19 26 12 21 23 -14 -15 -16 -17 -18 22 -20 -21 24 -23 -24 -25 25 -27 27 -29 -30 -31
leaf_value=0.0010930063577441306 -0.0014472600787031377 -0.0014472600787031377 0.0031246327346929922 -0.0030687501285489938 -0.0015347928881872632 -0.0015985748805706381 0.0035532149503762433 -0.0014771640529357608 0.001869123512096924 -0.00015639790599735582 -0.0017827028300112947 0.015749981320724058 0.0018325179549421276 0.0031094076186332273 -0.005518901869565781 0.00058968142973442436 -0.0019495341009567188 -0.001465999389202301 -0.0014472600787031377 -0.0014472600787031377 -0.00064550838901727048 -0.0016804937260457018 0.00054014134537911957 0.0059873824624245443 0.0015681967617697278 -0.0020137981420528645 -0.0036185010330625814 -0.0054407106639155749 -0.0014472600787031377 0.0016501913059713631
leaf_weight=2163 3624 8275 2427 3191 4358 5231 30415 3241 486 26428 3478 3306 23934 615 313 13904 2921 7835 22048 4804 19791 6625 3706 3615 2645 560 3024 509 1236 835
leaf_count=2163 3624 8275 2427 3191 4358 5231 30415 3241 486 26428 3478 3306 23934 615 313 13904 2921 7835 22048 4804 19791 6625 3706 3615 2645 560 3024 509 1236 835
internal_value=-0.00200848 -0.00690812 0.000361812 -0.00395175 -0.00281424 -0.00222404 0.00176397 -0.00401745 0.00137628 0.00160412 -0.00166991 0.00539571 0.00079344 -0.00675617 0.00293273 -0.000325515 -0.00754739 -0.00241996 -0.0105347 -0.00734713 -0.000528961 -0.00394448 -0.00136328 0.00685857 -0.000876762 0.00177324 -0.00322015 -0.00404499 -0.00889561 -0.0012886
internal_weight=215543 70275 145268 38716 35092 51075 94193 24817 85109 81090 27198 9084 50362 7894 30728 17095 7279 16772 31559 8045 26258 10103 11541 6921 23831 3205 4019 3533 9511 20626
internal_count=215543 70275 145268 38716 35092 51075 94193 24817 85109 81090 27198 9084 50362 7894 30728 17095 7279 16772 31559 8045 26258 10103 11541 6921 23831 3205 4019 3533 9511 20626
is_linear=0
shrinkage=0.03


Tree=61
num_leaves=31
num_cat=0
split_feature=8 27 27 27 27 8 33 85 96 8 102 98 33 90 109 24 32 7 5 27 98 32 27 27 32 2 102 112 89 102
split_gain=2753.89 843.527 556.653 547.012 179.072 158.454 123.232 165.661 132.241 110.894 87.0103 86.4112 83.9302 77.7327 72.8213 71.2867 70.0495 67.2939 65.0665 62.9218 62.1164 54.6947 53.9336 52.3641 50.648 63.2167 48.3739 48.0023 41.7282 40.0931
threshold=0.15000000000000038 347.50000000000006 1.0000000180025095e-35 247.50000000000003 382.50000000000006 0.49999999999999961 0.080547328232315238 -2.4999999999999991 25.950000000000003 1.0000000180025095e-35 81.870584045584067 -0.20000000000000193 0.097680735332368748 0.54999999999999993 1.2000000000000022 0.84031659403920511 -0.59869031648930193 0.3499999999999997 31.500000000000004 252.50000000000003 0.39999999999999952 -0.62588817255938378 402.50000000000006 107.50000000000001 0.96234642434711437 28.250000000000004 87.699570566388118 1.2500000000000002 21.350000000000005 81.726388888888906
decision_type=2 2 2 2 2 2 2 2 2 2 2 2 2 2 2 2 2 2 2 2 2 2 2 2 2 2 2 2 2 2
left_child=3 2 -2 6 12 13 8 10 24 -6 23 15 -5 16 18 -9 -4 28 -10 -15 27 -12 -3 -8 25 -1 -13 -7 -14 -19
right_child=1 22 5 4 9 20 7 11 14 -11 21 26 17 19 -16 -17 -18 29 -20 -21 -22 -23 -24 -25 -26 -27 -28 -29 -30 -31
leaf_value=-0.0035993228767772045 -0.0014038422763420434 -0.0014038422763420434 0.0061335389379407104 -0.0013636835462211107 -0.0013760313156701886 -0.0015288536694512084 0.006972022497076933 -0.0052573601292881357 0.0031661274203696565 -0.0014038422763420434 -0.00061233618034725427 -0.002641062892920213 -0.0029360663533901632 0.00045492489707104396 0.0067734784957091086 0.0029151158880551123 -0.0022261421448838302 -7.4884253333407085e-06 0.00014188622835601184 -0.0017414380319575326 0.0037532495823080327 0.014076173784000934 -0.0014038422763420434 0.0020069802771558376 0.00036754383184233852 0.0060736188811439159 0.0046824565074310379 -0.0020317984290030714 0.0023628893717181146 0.0017292135013672657
leaf_weight=7447 3635 9886 601 19883 6120 4644 7410 471 9427 8037 624 4450 1336 14443 3403 14899 4025 13227 20947 7058 588 5319 23326 10115 4747 333 1298 2281 475 5208
leaf_count=7447 3635 9886 601 19883 6120 4644 7410 471 9427 8037 624 4450 1336 14443 3403 14899 4025 13227 20947 7058 588 5319 23326 10115 4747 333 1298 2281 475 5208
internal_value=-0.00205285 -0.00691799 -0.00382002 0.000309347 -0.00207342 -0.00261467 0.00173251 0.00285823 0.000648526 -0.00497422 0.00459287 0.000930442 -0.00104996 -0.00151045 0.00162487 0.00210396 -0.00503782 0.000309676 0.00115852 -0.000751325 -0.00645395 0.00772964 -0.0103947 0.00352876 -0.00198396 -0.00347385 -0.00220734 -0.00724877 -0.00520695 0.000851866
internal_weight=215663 70487 37275 145176 54286 33640 90890 44586 46304 14157 23468 21118 40129 26127 33777 15370 4626 20246 30374 21501 7513 5943 33212 17525 12527 7780 5748 6925 1811 18435
internal_count=215663 70487 37275 145176 54286 33640 90890 44586 46304 14157 23468 21118 40129 26127 33777 15370 4626 20246 30374 21501 7513 5943 33212 17525 12527 7780 5748 6925 1811 18435
is_linear=0
shrinkage=0.03


Tree=62
num_leaves=31
num_cat=0
split_feature=8 25 27 27 8 8 27 5 12 20 27 27 112 90 24 108 33 33 29 23 12 27 2 32 21 0 103 32 8 102
split_gain=2743.36 859.622 547.85 536.677 171.181 156.999 147.872 144.935 117.526 104.424 98.979 93.535 69.3044 57.7174 56.2706 57.0911 53.7053 48.4724 47.518 47.3026 41.0147 39.4388 34.579 31.2795 28.2426 28.0289 27.6333 24.2275 21.2546 18.4825
threshold=0.15000000000000038 5.5000000000000009 307.50000000000006 1.0000000180025095e-35 0.49999999999999961 1.0000000180025095e-35 92.500000000000014 103.50000000000001 -0.34999999999999959 68.575980392156865 252.50000000000003 382.50000000000006 1.3499999999999999 0.54999999999999993 1.3403118893337533 2.0000000000000013 0.063390085881955341 0.28313308994381592 54.500000000000007 25.133070171016751 -0.099999999999998743 407.50000000000006 20.750000000000004 -0.23537230790205757 0.98849311786595995 29.650000000000002 82.500000000000014 0.056951373111866731 0.70000000000000073 79.634722222222237
decision_type=2 2 2 2 2 2 2 2 2 2 2 2 2 2 2 2 2 2 2 2 2 2 2 2 2 2 2 2 2 2
left_child=2 3 6 -2 10 24 7 9 16 27 13 17 19 -5 22 -16 -8 -7 -11 -6 -13 28 -10 -12 -4 29 -18 -1 -3 -23
right_child=1 21 5 4 12 11 8 -9 14 18 23 20 -14 -15 15 -17 26 -19 -20 -21 -22 25 -24 -25 -26 -27 -28 -29 -30 -31
leaf_value=0.014983681511995086 -0.0013617270080517822 -0.0013617270080517822 -0.0007629776254532959 -0.0031465102502272737 -0.0015339610075200375 -0.0014508106899064292 0.00060855450036166744 -0.0065921996386847093 -0.0043103242475530813 0.0063808856994721939 -0.001501838366079956 -0.0013898115453376144 -0.0018134450646153462 0.00059308794768409001 -3.4918635165969991e-05 0.002725837769322721 0.0032543837981753418 -0.00032349278699452894 0.002280425389713926 -0.00069119994839832557 -0.0013617270080517822 -0.0013617270080517822 -0.0011651966754960149 -0.0016887097527159862 0.00032004269080942728 -0.0013617270080517822 0.0097650642695728315 0.0078233966969375162 -0.0013617270080517822 -0.0013617270080517822
leaf_weight=2457 3573 8268 11052 2643 4101 5704 3992 412 1629 5156 3623 3264 2287 14431 47376 6877 3771 4278 29416 1561 4815 10634 3557 6460 6435 506 3418 1399 1202 11086
leaf_count=2457 3573 8268 11052 2643 4101 5704 3992 412 1629 5156 3623 3264 2287 14431 47376 6877 3771 4278 29416 1561 4815 10634 3557 6460 6435 506 3418 1399 1202 11086
internal_value=-0.00203699 -0.00689702 0.000321704 -0.00389542 -0.00276782 -0.00291401 0.00137254 0.00285935 0.000554792 0.00304926 -0.00163433 -0.00487571 -0.00663962 -0.00024246 2.39738e-05 0.000309378 0.00337641 -0.00293299 0.00252683 -0.00485785 -0.00727537 -0.0105597 -0.00296125 -0.00399098 -0.000887752 -0.0112512 0.00492559 0.0077314 -0.0089357 -0.0114138
internal_weight=215383 70375 145008 38679 35106 35548 109460 38840 70620 38428 27157 18061 7949 17074 59439 54253 11181 9982 34572 5662 8079 31696 5186 10083 17487 22226 7189 3856 9470 21720
internal_count=215383 70375 145008 38679 35106 35548 109460 38840 70620 38428 27157 18061 7949 17074 59439 54253 11181 9982 34572 5662 8079 31696 5186 10083 17487 22226 7189 3856 9470 21720
is_linear=0
shrinkage=0.03


Tree=63
num_leaves=31
num_cat=0
split_feature=8 34 5 34 8 5 1 8 5 90 29 32 112 89 83 93 103 85 12 110 90 85 0 12 89 96 102 5 33 23
split_gain=2707.65 841.128 524.077 467.327 182.097 164.643 159.75 154.958 90.1313 80.2374 78.0317 74.0639 73.3113 68.8823 63.7325 61.8168 74.5438 55.3465 52.4831 47.3647 46.3015 44.368 39.0027 36.8619 32.5037 22.1502 20.7448 20.4403 26.6495 19.3071
threshold=0.15000000000000038 1.0000000180025095e-35 353.50000000000006 1.0000000180025095e-35 0.49999999999999961 139.50000000000003 76.500000000000014 1.0000000180025095e-35 443.50000000000006 0.54999999999999993 327.50000000000006 -0.59869031648930193 1.3499999999999999 25.950000000000003 -1.1499999999999984 90.398611111111123 89.500000000000014 -3.2999999999999976 -0.099999999999998743 11.188534670242447 0.99999999999999967 -0.90000000000000113 11.550000000000002 0.09999999999999877 28.950000000000003 30.150000000000002 79.634722222222237 377.50000000000006 0.2332836900311728 18.676344744060504
decision_type=2 2 2 2 2 2 2 2 2 2 2 2 2 2 2 2 2 2 2 2 2 2 2 2 2 2 2 2 2 2
left_child=3 2 4 5 9 6 14 -5 10 11 17 -2 13 -6 -1 16 -8 -7 29 -11 -12 -17 -16 -3 26 -26 -25 28 -20 -9
right_child=1 23 -4 7 12 8 15 18 -10 19 20 -13 -14 -15 22 21 -18 -19 27 -21 -22 -23 -24 24 25 -27 -28 -29 -30 -31
leaf_value=0.014375864157111697 0.0062225452372338752 -0.0013208751978102287 -0.0013208751978102287 -0.00050532657582826534 -0.0015209632965400499 0.00036966876291645242 0.00084277897806265482 -0.0012973871052761822 -0.0063618323089364307 -0.001170253422174448 -0.00069897445118313707 -0.0019674910469242479 -0.0019100614707581484 0.00038762365361157819 -0.0051001375027825112 0.00087440346367554267 0.0046229853038621269 -0.00080488251806678124 -0.0013208751978102287 0.0072812928010603552 0.0042394538977266073 -0.0030948531883381522 0.0059154073442341647 -0.0013208751978102287 -0.0013208751978102287 -0.0013209017337076432 -0.0013208751978102287 -0.0013208751978102287 -0.0013208751978102287 -0.0013940673118419901
leaf_weight=1813 635 9889 3544 9494 4119 17734 39339 2726 375 21582 1854 4282 2349 1582 447 3306 10885 29523 2250 547 4145 3447 11737 9655 377 543 11136 2613 1841 2005
leaf_count=1813 635 9889 3544 9494 4119 17734 39339 2726 375 21582 1854 4282 2349 1582 447 3306 10885 29523 2250 547 4145 3447 11737 9655 377 543 11136 2613 1841 2005
internal_value=-0.00210052 -0.00693783 -0.00396884 0.00023417 -0.00285836 0.000930894 0.00187883 -0.00391376 -0.000323594 -0.0016793 -0.000220253 -0.00514538 -0.00681903 -0.00497983 0.00475032 0.00117335 0.00153569 -0.000629417 -0.00626574 -0.000908947 0.0030025 -0.00152132 0.00396881 -0.010568 -0.0112604 -0.0057329 -0.0115047 -0.00797315 -0.00664589 -0.0038451
internal_weight=215774 70240 38640 145534 35096 124605 70974 20929 53631 27046 53256 4917 8050 5701 13997 56977 50224 47257 11435 22129 5999 6753 12184 31600 21711 920 20791 6704 4091 4731
internal_count=215774 70240 38640 145534 35096 124605 70974 20929 53631 27046 53256 4917 8050 5701 13997 56977 50224 47257 11435 22129 5999 6753 12184 31600 21711 920 20791 6704 4091 4731
is_linear=0
shrinkage=0.03


Tree=64
num_leaves=31
num_cat=0
split_feature=27 8 8 27 112 5 27 15 8 8 19 92 8 93 57 29 90 15 32 2 33 109 112 93 27 112 33 27 33 102
split_gain=2695.49 1072.9 545.277 314.818 216.929 191.337 144.698 158.365 113.491 59.4813 58.7676 57.9808 53.7658 50.3514 53.6919 48.8573 42.195 40.4029 35.1884 32.89 30.2319 29.0148 28.6922 26.1789 24.9285 21.3364 20.3185 29.58 17.0057 20.288
threshold=367.50000000000006 0.49999999999999961 0.1000000000000001 242.50000000000003 1.3499999999999999 415.50000000000006 32.500000000000007 0.09099264265290595 0.1000000000000001 1.0000000180025095e-35 78.01666666666668 24.592145128951291 0.20000000000000198 93.068055555555574 0.115 327.50000000000006 1.6000000000000012 0.082270052764774226 -0.54220184589352438 30.450000000000003 0.76556758748011056 -1.1500000000000001 1.1000000000000003 67.104166666666671 137.50000000000003 1.1000000000000003 0.64414586362404946 417.50000000000006 0.95691861501572195 84.495129216960706
decision_type=2 2 2 2 2 2 2 2 2 2 2 2 2 2 2 2 2 2 2 2 2 2 2 2 2 2 2 2 2 2
left_child=1 3 9 5 11 6 10 -8 15 28 -1 16 17 14 -10 21 20 -4 -18 -14 -3 -5 -15 -17 -6 -13 -11 -28 29 -2
right_child=2 4 12 8 24 -7 7 -9 13 26 -12 25 19 22 -16 23 18 -19 -20 -21 -22 -23 -24 -25 -26 -27 27 -29 -30 -31
leaf_value=0.0097460836961282115 -0.0018753427462871145 -0.0013862931861323186 -0.0012812489418759221 0.00055831815532799063 -0.0012812489418759221 -0.0048548743301184459 7.614231971241086e-05 0.0034804994805150403 -0.0014021751598790547 -0.0012803493041426792 0.0036207511701636949 0.0058766924263990768 -0.0012812489418759221 -0.0017521601836833734 0.0080607470115660277 0.0053498540910865457 -0.0040099493091653032 -0.0013040445646162445 0.0032672358886806354 -0.0012812489418759221 -0.0014222876879916219 -0.00065955342282854822 -5.4142343929221011e-05 0.00079880329853607406 -0.0015731365461234686 -0.0014747861560118127 8.610119850372494e-05 -0.0012812489418759221 0.00035269777358524237 0.00034004306083456514
leaf_weight=4708 5009 2815 9205 6388 3374 648 64120 23896 19426 2642 12285 855 23614 1426 506 928 391 2518 674 328 856 18401 318 2450 2320 311 983 888 1277 1757
leaf_count=4708 5009 2815 9205 6388 3374 648 64120 23896 19426 2642 12285 855 23614 1426 506 928 391 2518 674 328 856 18401 318 2450 2320 311 983 888 1277 1757
internal_value=-0.00212456 -0.00032137 -0.00837284 0.00033511 -0.00912391 0.00126223 0.00136258 0.00087324 -0.00163019 -0.00299594 0.00389696 -0.00509233 -0.0102657 -0.00326198 -0.00283399 -0.000374361 -0.00656745 -0.00859903 -0.00130863 -0.0110813 -0.00809232 -0.000835619 -0.008149 0.00300977 -0.0133011 0.000899743 -0.0057521 -0.00335737 -0.00144891 -0.00204817
internal_weight=215317 167096 48221 155500 11596 105657 105009 88016 49843 12556 16993 5902 35665 21676 19932 28167 4736 11723 1065 23942 3671 24789 1744 3378 5694 1166 4513 1871 8043 6766
internal_count=215317 167096 48221 155500 11596 105657 105009 88016 49843 12556 16993 5902 35665 21676 19932 28167 4736 11723 1065 23942 3671 24789 1744 3378 5694 1166 4513 1871 8043 6766
is_linear=0
shrinkage=0.03


Tree=65
num_leaves=31
num_cat=0
split_feature=27 8 8 27 4 5 27 12 20 8 12 89 12 19 102 8 100 98 21 19 0 102 27 8 102 92 27 12 29 27
split_gain=2679.97 1081.76 551.089 308.513 222.838 194.796 142.246 113.794 101.308 96.2226 79.2551 73.0102 57.5333 47.1753 45.9108 43.2331 39.4331 31.9208 33.0345 26.8935 25.8799 26.2992 24.2669 21.5516 21.2214 20.7088 26.7359 19.8397 19.2226 15.0212
threshold=367.50000000000006 0.49999999999999961 0.1000000000000001 247.50000000000003 1.3499999999999999 261.50000000000006 82.500000000000014 -0.34999999999999959 68.575980392156865 1.0000000180025095e-35 -1.0000000180025095e-35 25.950000000000003 -1.0000000180025095e-35 47.097619047619055 85.219444444444449 0.19999999999999976 1.6000000000000008 0.3499999999999997 1.1122075569413628 78.471428571428589 29.650000000000002 79.634722222222237 137.50000000000003 0.79999999999999949 81.661580486303492 14.77384117391974 427.50000000000006 -0.70000000000000051 299.50000000000006 417.50000000000006
decision_type=2 2 2 2 2 2 2 2 2 2 2 2 2 2 2 2 2 2 2 2 2 2 2 2 2 2 2 2 2 2
left_child=1 3 12 5 11 6 8 -8 -1 19 -4 17 24 -11 16 -15 -13 18 -3 28 21 29 -6 -23 25 26 -2 -21 -5 -12
right_child=2 4 10 9 22 -7 7 -9 -10 13 20 14 -14 15 -16 -17 -18 -19 -20 27 -22 23 -24 -25 -26 -27 -28 -29 -30 -31
leaf_value=0.012445142715145876 0.00017518038310871959 -0.0013733053710202029 -0.0012794355635482575 0.00014435119328776169 -0.0012428114736196443 -0.0046435757022242176 0.0043351611105972437 2.7893398115408918e-05 0.0027575961384442814 0.0037962265541915349 -0.0012428114736196443 0.0064285247587744431 -0.0012422628564532816 -0.0013066585136092507 0.0067078213924420598 -0.0014468458759066996 -0.0031985374783862013 0.0020549193338012684 -0.0015166966472923123 0.0063998316007525674 -0.0012428114736196443 -0.0012428114736196443 -0.0015296677171743264 -0.0012428114736196443 3.0654079954911122e-05 -0.0014880815052916976 -0.001439711195372523 -0.00043099127959905781 0.0026932227460482686 -0.0012428114736196443
leaf_weight=3876 2222 2700 5635 3697 3392 661 9428 59218 34613 410 4812 477 2974 20781 503 6623 651 468 1190 643 566 12629 2322 2764 3456 2996 965 13305 2362 9145
leaf_count=3876 2222 2700 5635 3697 3392 661 9428 59218 34613 410 4812 477 2974 20781 503 6623 651 468 1190 643 566 12629 2322 2764 3456 2996 965 13305 2362 9145
internal_value=-0.00210001 -0.000304983 -0.00833572 0.000356546 -0.00910073 0.00124623 0.00134647 0.000527918 0.00280631 -0.00164893 -0.0102471 -0.00505593 -0.00294792 -0.00279022 0.000358456 -0.00294143 -0.00300266 -0.0070819 -0.00797224 -6.22251e-05 -0.0108621 -0.0109846 -0.0133386 -0.010127 -0.0018221 -0.00287435 -0.0011904 -0.000787153 0.00160644 -0.0119297
internal_weight=215484 167320 48164 155617 11703 107796 107135 68646 38489 47821 35551 5989 12613 27814 1631 27404 1128 4358 3890 20007 29916 29350 5714 15393 9639 6183 3187 13948 6059 13957
internal_count=215484 167320 48164 155617 11703 107796 107135 68646 38489 47821 35551 5989 12613 27814 1631 27404 1128 4358 3890 20007 29916 29350 5714 15393 9639 6183 3187 13948 6059 13957
is_linear=0
shrinkage=0.03


Tree=66
num_leaves=31
num_cat=0
split_feature=27 5 12 27 83 20 33 85 20 29 27 12 95 4 89 20 83 102 89 98 96 27 92 102 102 102 5 33 83 103
split_gain=2648.45 953.788 528.31 440.678 275.552 138.321 91.7848 95.1441 82.7689 77.4963 76.8179 52.6626 51.8508 46.1829 47.5334 41.8454 39.0927 36.2057 32.8424 32.6614 25.7468 20.0938 22.7916 18.9923 18.5658 17.5449 17.2108 19.6792 14.3175 13.9768
threshold=367.50000000000006 381.50000000000006 -1.0000000180025095e-35 192.50000000000003 1.0000000180025095e-35 69.50833333333334 -0.54219087765047058 -1.4999999999999993 93.151086956521752 130.50000000000003 42.500000000000007 0.09999999999999877 14.250000000000002 1.2500000000000002 25.950000000000003 49.275000000000006 -0.39999999999999986 52.370833333333344 28.950000000000003 -0.59999999999999865 30.150000000000002 417.50000000000006 13.869304376511094 81.183333333333351 84.495129216960706 79.634722222222237 389.50000000000006 0.71952396275653763 -0.49999999999999906 82.500000000000014
decision_type=2 2 2 2 2 2 2 2 2 2 2 2 2 2 2 2 2 2 2 2 2 2 2 2 2 2 2 2 2 2
left_child=1 3 16 5 6 12 9 -8 10 -5 -7 23 17 14 -6 -14 21 -1 25 -10 -20 22 -2 28 -23 -13 27 -18 -4 -24
right_child=2 -3 11 4 13 8 7 -9 19 -11 -12 18 15 -15 -16 -17 26 -19 20 -21 -22 24 29 -25 -26 -27 -28 -29 -30 -31
leaf_value=0.0062151573450003536 0.00037205970363415343 -0.0012055271294110549 -0.0012055271294110549 -0.0028122919669231277 -0.0012708799242670996 0.0037916754603224598 0.00031354025423178976 -0.0013761695379340712 -0.0039080828354361276 -0.0012333676177017671 0.00077288732123825365 -0.0012055271294110549 0.013220410884927751 -0.0013349184842863743 -0.0011701973449368926 0.007403317103807882 -0.0012650347018248837 -0.0050054030817650872 -0.0012055271294110549 -0.00044576168571759276 -0.0012055271294110549 -0.0013850581477406524 -0.0014153463543653854 -0.0012055271294110549 -0.00056484293818692135 -0.0012055271294110549 -0.0012268716282026792 -0.0011979988656363667 -0.0012055271294110549 -0.00076559920396467105
leaf_weight=475 2154 3901 895 1143 6479 17826 34626 12130 2610 19049 54322 9803 1361 1431 1724 6497 3312 734 406 3358 535 2623 1312 4587 826 11177 1705 1299 5554 2011
leaf_count=475 2154 3901 895 1143 6479 17826 34626 12130 2610 19049 54322 9803 1361 1431 1724 6497 3312 734 406 3358 535 2623 1312 4587 826 11177 1705 1299 5554 2011
internal_value=-0.0021193 -0.000337634 -0.00831691 1.16325e-05 -0.0016488 0.00147017 -0.000966109 -0.000236114 0.00106302 -0.00265637 0.00134389 -0.0104528 0.00497739 -0.00639232 -0.00552353 0.00586716 -0.00369809 -0.000805785 -0.0113044 -0.00233205 -0.0058121 -0.00241963 -0.0012897 -0.00876053 -0.00421304 -0.0115505 -0.0055042 -0.00455009 -0.00981163 -0.00284747
internal_weight=215865 167666 48199 163765 76582 87183 66948 46756 78116 20192 72148 32957 9067 9634 8203 7858 15242 1209 21921 5968 941 8926 5477 11036 3449 20980 6316 4611 6449 3323
internal_count=215865 167666 48199 163765 76582 87183 66948 46756 78116 20192 72148 32957 9067 9634 8203 7858 15242 1209 21921 5968 941 8926 5477 11036 3449 20980 6316 4611 6449 3323
is_linear=0
shrinkage=0.03


Tree=67
num_leaves=31
num_cat=0
split_feature=8 27 5 27 8 27 5 15 8 29 20 27 85 88 31 23 31 40 29 107 27 29 15 8 98 89 5 102 95 85
split_gain=2654.41 875.013 464.621 394.752 284.893 169.061 144.183 122.448 101.296 97.869 88.7673 78.5369 71.0025 63.7742 71.0923 61.2994 55.2171 53.1432 48.923 48.6929 48.226 48.0974 46.8929 44.8362 36.5071 34.4581 32.5342 30.8743 29.2978 22.7821
threshold=0.19999999999999976 347.50000000000006 329.50000000000006 317.50000000000006 1.0000000180025095e-35 92.500000000000014 101.50000000000001 0.067124136623898448 0.69999999999999984 324.50000000000006 70.370833333333351 387.50000000000006 -2.800000000000002 26.350000000000005 0.25000000000000017 19.168780645827983 -0.68301270189221952 1.0000000180025095e-35 82.500000000000014 1.0000000000000011 327.50000000000006 62.500000000000007 0.094405663911343266 0.65000000000000047 -0.29999999999999799 28.950000000000003 79.500000000000014 81.726388888888906 14.250000000000002 -1.9999999999999993
decision_type=2 2 2 2 2 2 2 2 2 2 2 2 2 2 2 2 2 2 2 2 2 2 2 2 2 2 2 2 2 2
left_child=1 5 3 8 -3 6 10 12 13 16 28 15 18 14 -2 29 -9 -11 -7 -14 -4 -12 27 -5 -10 -22 -15 -13 -1 -6
right_child=2 4 20 23 11 7 -8 9 24 17 21 22 19 26 -16 -17 -18 -19 -20 -21 25 -23 -24 -25 -26 -27 -28 -29 -30 -31
leaf_value=0.00044550710927765413 -0.0019433635546864684 -0.00045209382989147237 -0.0011693613155287232 -0.0011693613155287232 0.00079336188914059191 0.0035312003982752999 -0.0054960264234824264 -0.00085902917399271691 -0.001813210813997667 -0.0017794326021294134 0.0052749199687216388 -0.0011693613155287232 -0.0018451602843851281 0.0048710321568674331 -0.0010223964206997303 -0.0011841964153442939 0.0010282296096468058 0.005904008701237925 -7.043099667202276e-05 -0.00033016546192784558 -0.0011693613155287232 0.0017811482842840902 -0.0012542978303433268 -0.0011693613155287232 -0.0011606204693890886 -0.0011693613155287232 -0.0014616412034565611 -0.0011693613155287232 0.012693343283702798 -0.0012192243457362093
leaf_weight=615 5835 10830 3436 8797 1339 3055 434 9007 1952 886 6076 6573 17495 1939 5935 4311 29190 5644 13168 13756 14748 29952 2082 5136 580 714 2343 3573 4107 1647
leaf_count=615 5835 10830 3436 8797 1339 3055 434 9007 1952 886 6076 6573 17495 1939 5935 4311 29190 5644 13168 13756 14748 29952 2082 5136 580 714 2343 3573 4107 1647
internal_value=-0.00208948 -0.000222241 -0.00803592 -0.00586152 -0.00481931 0.000823962 0.002422 0.000110139 -0.00299919 0.00123647 0.00260533 -0.00698377 -0.000951027 -0.00211923 -0.00325971 -0.00451973 0.000656186 0.00463023 0.000659209 -0.00178693 -0.0117768 0.00209831 -0.00845368 -0.00967884 -0.00857481 -0.0110606 0.00101564 -0.00929536 0.00647258 -0.00121527
internal_weight=215155 163740 51415 32517 30355 133385 41184 92201 18584 44727 40750 19525 47474 16052 11770 7297 38197 6530 16223 31251 18898 36028 12228 13933 2532 15462 4282 10146 4722 2986
internal_count=215155 163740 51415 32517 30355 133385 41184 92201 18584 44727 40750 19525 47474 16052 11770 7297 38197 6530 16223 31251 18898 36028 12228 13933 2532 15462 4282 10146 4722 2986
is_linear=0
shrinkage=0.03


Tree=68
num_leaves=31
num_cat=0
split_feature=8 27 5 27 8 27 5 12 8 19 85 33 12 29 89 33 33 25 29 103 8 89 4 108 27 7 33 102 10 27
split_gain=2615.35 828.674 439.694 374.194 254.615 186.638 153.586 135.392 106.749 89.0775 80.6421 89.4812 77.1426 71.6163 64.2329 90.9885 58.3285 55.6915 46.8872 44.8622 43.5092 39.202 38.5103 32.565 26.3458 23.321 22.7712 21.8264 20.7443 18.0389
threshold=0.19999999999999976 367.50000000000006 315.50000000000006 312.50000000000006 1.0000000180025095e-35 92.500000000000014 101.50000000000001 -0.34999999999999959 0.95000000000000029 76.677083333333357 -2.6999999999999971 0.14888728888808328 -0.099999999999998743 196.50000000000003 25.950000000000003 0.011826144619637555 0.04621408538533487 4.5000000000000009 66.500000000000014 82.500000000000014 0.65000000000000047 28.950000000000003 1.1000000000000003 1.1000000000000008 382.50000000000006 0.15000000000000038 -0.90892157495189674 81.726388888888906 -0.19999999999999971 412.50000000000006
decision_type=2 2 2 2 2 2 2 2 2 2 2 2 2 2 2 2 2 2 2 2 2 2 2 2 2 2 2 2 2 2
left_child=1 5 3 8 -3 6 9 16 14 23 11 -9 -6 -12 15 -2 28 -4 -11 -18 25 24 -16 -1 -19 -5 -23 29 -7 -14
right_child=2 4 17 20 12 7 -8 10 -10 18 13 -13 27 -15 22 -17 19 21 -20 -21 -22 26 -24 -25 -26 -27 -28 -29 -30 -31
leaf_value=0.0060640171652027175 -0.0020829554123098612 -0.00060770764047157061 -0.0011342804760628615 -0.0011342804760628615 -0.0011652578089905925 0.0037800921830998817 -0.005398862673550291 -0.00038274336101658311 -0.0016984901684890558 0.0053434383715911943 -0.0014425783573173161 0.0016964537986901801 -0.0011342804760628615 -1.5728150542644871e-05 0.0023833456488153459 -0.0011582336511798933 0.0018987804124704793 -0.0011401239911605224 0.0012770355187378267 0.0086024437888508123 -0.0011342804760628615 -0.0011342804760628615 -0.0020197059587708337 0.010421152832388765 -0.0011342804760628615 -0.0011342804760628615 0.0045558264718600404 -0.0011342804760628615 -0.00096497321960006767 -0.0011342804760628615
leaf_weight=5609 4130 8018 3430 3822 5017 1546 465 21916 1383 5611 27378 15546 3350 19770 3766 7688 4782 2335 26106 4225 5081 339 1256 3300 13515 4442 424 3868 3812 3545
leaf_count=5609 4130 8018 3430 3822 5017 1546 465 21916 1383 5611 27378 15546 3350 19770 3766 7688 4782 2335 26106 4225 5081 339 1256 3300 13515 4442 424 3868 3812 3545
internal_value=-0.00214764 -0.000292741 -0.00803679 -0.00583009 -0.0054683 0.000586648 0.00228621 -0.000118968 -0.00303473 0.00248259 -0.000576166 0.000462857 -0.00768012 -0.00140173 -0.00237634 -0.00358406 0.00257379 -0.0115119 0.00173797 0.00404807 -0.00964671 -0.0107918 0.000465857 0.005133 -0.0111116 -0.00830127 -0.00414267 -0.00911232 9.5167e-05 -0.0101254
internal_weight=215475 163864 51611 31568 23798 140066 41091 98975 18223 40626 84610 37462 15780 47148 16840 11818 14365 20043 31717 9007 13345 16613 5022 8909 15850 8264 763 10763 5358 6895
internal_count=215475 163864 51611 31568 23798 140066 41091 98975 18223 40626 84610 37462 15780 47148 16840 11818 14365 20043 31717 9007 13345 16613 5022 8909 15850 8264 763 10763 5358 6895
is_linear=0
shrinkage=0.03


Tree=69
num_leaves=31
num_cat=0
split_feature=8 34 5 34 8 90 8 29 33 2 33 3 33 5 93 12 1 104 0 102 5 88 109 32 3 22 8 98 33 102
split_gain=2591.37 817.477 462.067 340.464 303.086 151.889 117.44 112.018 116.26 162.98 104.066 96.9003 99.1997 92.6171 89.596 84.0109 73.808 69.4892 61.6233 60.8168 49.3592 38.6112 37.924 34.0767 33.6381 28.2278 24.1282 23.4169 22.5071 21.8057
threshold=0.20000000000000198 1.0000000180025095e-35 305.50000000000006 1.0000000180025095e-35 1.0000000180025095e-35 1.5000000000000029 0.95000000000000029 196.50000000000003 0.29958852271690523 21.250000000000004 -0.23537842981696178 26.150000000000002 0.011826144619637555 73.500000000000014 90.268055555555563 -1.0000000180025095e-35 65.500000000000014 22.912849454034141 29.750000000000004 80.386111111111134 476.50000000000006 25.350000000000005 -0.45000000000000012 -0.33425342068356556 28.950000000000003 2279.8000000000006 0.70000000000000073 -0.20000000000000015 -0.90892157495189674 81.183333333333351
decision_type=2 2 2 2 2 2 2 2 2 2 2 2 2 2 2 2 2 2 2 2 2 2 2 2 2 2 2 2 2 2
left_child=1 5 3 6 -3 7 11 8 17 -10 18 12 -2 25 16 -6 -9 -1 21 -15 24 -7 -13 -16 -4 -12 -5 -8 -26 -17
right_child=2 4 20 26 15 10 27 14 9 -11 13 22 -14 19 23 29 -18 -19 -20 -21 -22 -23 -24 -25 28 -27 -28 -29 -30 -31
leaf_value=-0.0019167205837096939 -0.0016934783057250074 -0.00036697873177441467 -0.0011002520617809756 -0.0011002520617809756 -0.0011296727885913142 -0.0031540103097874536 -0.0013987046018900395 0.0084554505839298192 0.00021328163229480417 0.012007398195718114 0.010869756134831396 -0.0017074522478232493 -0.0011913687724975958 0.00082762945097364967 -0.0023635053624879404 -0.0011002520617809756 0.00098718252241545711 -0.00039769763133890398 0.0073054469105878561 0.0057826726142198165 -0.0011002520617809756 0.00018062463878640189 0.002221587640907856 0.0034920039730478342 -0.0011002520617809756 -0.0014205340606073412 -0.0011002520617809756 -0.0010922790591996994 -0.0011725988032289748 -0.0011002520617809756
leaf_weight=18357 4552 9445 16385 5899 6974 1872 1446 2144 21267 1535 5777 2351 8314 8476 2604 6663 41954 20627 876 4855 3219 6438 3715 544 366 300 3478 323 432 4352
leaf_count=18357 4552 9445 16385 5899 6974 1872 1446 2144 21267 1535 5777 2351 8314 8476 2604 6663 41954 20627 876 4855 3219 6438 3715 544 366 300 3478 323 432 4352
internal_value=-0.00214901 -0.000329878 -0.00809711 -0.0057329 -0.0050585 0.000612743 -0.00358444 0.000102354 -0.000738505 0.000963031 0.00255884 -0.00289336 -0.00436699 0.00380391 0.00120198 -0.00734325 0.00155106 -0.00173374 -7.18406e-05 0.00240437 -0.0115821 -0.000869931 0.000232405 -0.00368688 -0.0109419 0.00687315 -0.010475 -0.0109746 -0.00491865 -0.00897467
internal_weight=215540 165060 50480 30078 27434 137626 20701 109032 61786 22802 28594 18932 12866 19408 47246 17989 44098 38984 9186 13331 20402 8310 6066 3148 17183 6077 9377 1769 798 11015
internal_count=215540 165060 50480 30078 27434 137626 20701 109032 61786 22802 28594 18932 12866 19408 47246 17989 44098 38984 9186 13331 20402 8310 6066 3148 17183 6077 9377 1769 798 11015
is_linear=0
shrinkage=0.03


Tree=70
num_leaves=31
num_cat=0
split_feature=8 27 5 27 8 27 5 20 8 14 88 31 87 12 29 25 29 97 29 110 4 90 89 8 27 10 102 25 92 27
split_gain=2626.55 841.671 450.576 368.729 251.669 174.967 139.924 107.649 102.634 96.8256 71.6793 71.068 69.7315 67.1281 53.5419 53.0067 49.2082 45.9784 44.0704 43.0222 38.6866 35.7463 33.8861 32.6749 28.9788 25.5265 23.9878 20.2173 19.1218 18.8778
threshold=0.20000000000000198 367.50000000000006 305.50000000000006 327.50000000000006 1.0000000180025095e-35 127.50000000000001 443.50000000000006 77.035897435897439 0.95000000000000029 0.066867513545904325 26.350000000000005 0.25000000000000017 -0.23333333333333353 -0.099999999999998743 98.500000000000014 3.5000000000000004 196.50000000000003 26.750000000000004 74.500000000000014 11.188534670242447 1.1500000000000006 3.9000000000000017 28.950000000000003 0.70000000000000073 387.50000000000006 -0.24999999999999997 81.726388888888906 6.5000000000000009 14.96850316880907 402.50000000000006
decision_type=2 2 2 2 2 2 2 2 2 2 2 2 2 2 2 2 2 2 2 2 2 2 2 2 2 2 2 2 2 2
left_child=1 5 3 8 -3 6 7 19 10 12 11 -2 14 27 -7 -4 -14 21 -9 -1 -12 -11 24 -5 -17 -19 29 28 -6 -15
right_child=2 4 15 23 13 9 -8 18 -10 17 20 -13 16 26 -16 22 -18 25 -20 -21 -22 -23 -24 -25 -26 -27 -28 -29 -30 -31
leaf_value=0.0056649880830928773 -0.0017360021595441419 -0.00064827052240446598 -0.0010672444999275466 -0.0010672444999275466 -0.00024021355902690381 0.0017440932610010495 -0.0053923928795306508 0.0039026081328474623 -0.0014247470214818695 0.0018225680699362401 0.0024022322917862022 -0.0010628526405259868 -0.0013898601061318057 -0.0010672444999275466 -0.0002279645699254873 -0.0010752251010920191 -0.00026391834748589041 0.0046155238853689256 0.00083312726360933393 0.014303356693968424 -0.0019995862484036941 0.064173227410867492 -0.0010672444999275466 -0.0010672444999275466 -0.0010672444999275466 -0.00092701105444645097 -0.0010672444999275466 -0.0011014494078828649 -0.0011293398448441998 -0.0010672444999275466
leaf_weight=11779 6504 7959 3436 7475 1158 6826 438 8379 1498 14611 3670 5961 22926 2711 17753 3007 16924 1255 33258 976 1087 303 757 3941 13043 5325 3895 2051 1974 4406
leaf_count=11779 6504 7959 3436 7475 1158 6826 438 8379 1498 14611 3670 5961 22926 2711 17753 3007 16924 1255 33258 976 1087 303 757 3941 13043 5325 3895 2051 1974 4406
internal_value=-0.00213998 -0.000308445 -0.00813507 -0.00580947 -0.00548209 0.000579415 0.00190349 0.0020396 -0.00321778 -0.000265525 -0.00256227 -0.00375782 -0.000847199 -0.00762874 0.000409479 -0.0115968 -0.00162229 0.00147802 0.00130085 0.00445085 0.000570618 0.0023996 -0.0109011 -0.0100587 -0.0111937 -0.000610849 -0.00895396 -0.00481192 -0.00329397 -0.00999087
internal_weight=215286 164907 50379 30136 24154 140753 54830 54392 18720 85923 17222 12465 64429 16195 24579 20243 39850 21494 41637 12755 4757 14914 16807 11416 16050 6580 11012 5183 3132 7117
internal_count=215286 164907 50379 30136 24154 140753 54830 54392 18720 85923 17222 12465 64429 16195 24579 20243 39850 21494 41637 12755 4757 14914 16807 11416 16050 6580 11012 5183 3132 7117
is_linear=0
shrinkage=0.03


Tree=71
num_leaves=31
num_cat=0
split_feature=27 5 12 27 83 24 29 33 27 3 29 85 97 83 74 12 7 83 89 89 4 11 102 102 102 5 33 23 32 3
split_gain=2594.65 930.881 452.935 452.655 256.347 157.632 113.469 90.8581 82.8753 73.8156 170.678 70.6238 58.1349 46.4558 45.9067 43.2625 43.1927 37.6434 25.949 24.8104 23.1287 22.9095 19.3711 16.81 15.6887 15.6607 14.9926 13.9685 12.9283 12.8607
threshold=377.50000000000006 381.50000000000006 -1.0000000180025095e-35 247.50000000000003 -1.0000000180025095e-35 2.9215005968554935 329.50000000000006 -0.52765736634565841 27.500000000000004 26.350000000000005 106.50000000000001 -2.1999999999999971 27.550000000000004 0.25000000000000006 1.0000000180025095e-35 0.09999999999999877 1.1000000000000008 -0.39999999999999986 28.950000000000003 17.750000000000004 0.84999999999999976 1.0000000180025095e-35 84.773611111111123 83.084722222222226 79.634722222222237 389.50000000000006 0.11478523713130605 18.340825214745156 -0.861146256326485 28.450000000000003
decision_type=2 2 2 2 2 2 2 2 2 2 2 2 2 2 2 2 2 2 2 2 2 2 2 2 2 2 2 2 2 2
left_child=1 3 17 5 7 9 8 14 -7 10 -1 -8 -11 19 -5 23 -9 21 24 -6 -20 22 28 -4 -17 26 -19 -24 -2 -26
right_child=2 -3 15 4 13 6 11 16 -10 12 -12 -13 -14 -15 -16 18 -18 25 20 -21 -22 -23 27 -25 29 -27 -28 -29 -30 -31
leaf_value=0.0010512439801184591 -0.001322698936233348 -0.0010352271649297202 -0.0010352271649297202 -0.0012324863722502526 -0.0014759480941209722 0.0044775220041317126 0.0097450580967441518 -0.00068358629233749354 0.00077011992430206565 0.0043072553547171127 -0.0023194439131399439 0.003249458013085087 5.2858476824423906e-05 -0.0010266739096226889 0.0020401566848068492 -0.0010352271649297202 0.0006295579532410835 -0.0010668646464067897 -0.0010352271649297202 -0.0010660268080999748 -0.0010352271649297202 -0.0011750651939248476 0.0045272362753968499 -0.0010352271649297202 -0.0010352271649297202 -0.0010540627018090433 -0.0010649714566035732 -0.0011130659220773388 -0.0010674860878556449 -0.0010352271649297202
leaf_weight=18334 891 3920 6718 12596 1127 7803 5162 21427 44380 5411 16918 3611 9636 3343 961 9435 10484 1604 536 6975 369 772 753 3042 10185 1676 1974 799 4509 444
leaf_count=18334 891 3920 6718 12596 1127 7803 5162 21427 44380 5411 16918 3611 9636 3343 961 9435 10484 1604 536 6975 369 772 753 3042 10185 1676 1974 799 4509 444
internal_value=-0.00217351 -0.000515663 -0.00870081 -0.000178749 -0.00235487 0.000934466 0.00196023 -0.00134465 0.00142946 -0.000308648 -0.00105948 0.00511682 0.00145036 -0.00636773 -0.00340205 -0.0106855 -0.000470513 -0.00400108 -0.0114542 -0.00513884 -0.00647351 -0.00266796 -0.00212282 -0.00903289 -0.0116785 -0.00596004 -0.00483655 0.00083065 -0.00297167 -0.0108838
internal_weight=215795 172088 43707 168168 56913 111255 60956 45468 52183 50299 35252 8773 15047 11445 13557 30729 31911 12978 20969 8102 905 7724 6952 9760 20064 5254 3578 1552 5400 10629
internal_count=215795 172088 43707 168168 56913 111255 60956 45468 52183 50299 35252 8773 15047 11445 13557 30729 31911 12978 20969 8102 905 7724 6952 9760 20064 5254 3578 1552 5400 10629
is_linear=0
shrinkage=0.03


Tree=72
num_leaves=31
num_cat=0
split_feature=8 25 5 25 8 8 83 8 83 24 25 24 29 7 25 24 91 98 75 24 86 25 33 0 33 90 29 8 0 25
split_gain=2578.11 798.481 437.121 373.71 289.997 147.589 96.7161 95.4115 79.6084 70.5489 68.6447 62.2579 56.8899 56.2669 48.9582 45.3754 41.7431 38.887 38.8496 38.5784 36.7258 35.1902 34.9414 34.5261 33.3374 30.8634 29.308 25.1572 23.3032 22.3974
threshold=0.20000000000000198 5.5000000000000009 325.50000000000006 4.5000000000000009 1.0000000180025095e-35 1.0000000180025095e-35 -1.1499999999999984 0.69999999999999984 -0.40000000000000119 11.188534670242447 1.5000000000000002 1.2348737857148671 196.50000000000003 0.15000000000000038 4.5000000000000009 2.3476884231816819 0.12970456628458399 -0.29999999999999799 0.4763157894736843 3.8305986823619489 0.016666666666666465 6.5000000000000009 0.38043945030393422 29.550000000000004 -0.57077231802681661 3.4500000000000006 126.50000000000001 0.89999999999999913 26.250000000000004 6.5000000000000009
decision_type=2 2 2 2 2 2 2 2 2 2 2 2 2 2 2 2 2 2 2 2 2 2 2 2 2 2 2 2 2 2
left_child=1 5 3 7 -3 6 24 15 21 11 19 26 -13 -5 -4 16 -2 -9 -12 -8 -17 22 -6 -16 28 -26 -7 -15 -1 -10
right_child=2 4 14 13 8 9 10 17 29 -11 18 12 -14 27 23 20 -18 -19 -20 -21 -22 -23 -24 -25 25 -27 -28 -29 -30 -31
leaf_value=-0.0055847804099473011 -0.0020157854924412952 -0.00042886402604090044 -0.0010041703499818284 -0.0010041703499818284 -0.0010471634250685587 -0.0012269258193369288 0.0015396867692362604 -0.0017661471013286241 -0.0010041703499818284 0.0064683245245376565 0.00010638990608341274 -0.00099191686011676277 0.00067372200232544525 -0.0010041703499818284 -0.0010041703499818284 0.00072353157875825185 -0.0013264675304188978 -0.00083385790279578216 0.013549566123517634 0.004573021042507292 -0.0027873574956099019 -0.0010041703499818284 0.0004214783335498849 -0.0010041703499818284 0.0061660489064983325 0.023187855130345728 -0.0026174062068253538 -0.0010318857537924297 0.0043906242142579587 -0.0010041703499818284
leaf_weight=331 900 9376 3448 7989 1755 2582 19723 1707 7517 1077 39396 31443 23481 6488 14900 6149 5639 516 435 8907 1442 2162 1644 534 4661 874 3625 913 849 4960
leaf_count=331 900 9376 3448 7989 1755 2582 19723 1707 7517 1077 39396 31443 23481 6488 14900 6149 5639 516 435 8907 1442 2162 1644 534 4661 874 3625 913 849 4960
internal_value=-0.00222406 -0.000405039 -0.00814532 -0.00599499 -0.0050797 0.000527787 0.00142224 -0.00283692 -0.00730417 -0.000553135 0.0010852 -0.000687283 -0.000365407 -0.00935027 -0.0117598 -0.00192768 -0.00375917 -0.00861286 0.0002798 0.00220565 -0.00034971 -0.00431769 -0.00241324 -0.011036 0.0048578 0.00583363 -0.00353495 -0.00746352 0.000279424 -0.0086348
internal_weight=215423 164798 50625 31743 27414 137384 75176 16353 18038 62208 68461 61131 54924 15390 18882 14130 6539 2223 39831 28630 7591 5561 3399 15434 6715 5535 6207 7401 1180 12477
internal_count=215423 164798 50625 31743 27414 137384 75176 16353 18038 62208 68461 61131 54924 15390 18882 14130 6539 2223 39831 28630 7591 5561 3399 15434 6715 5535 6207 7401 1180 12477
is_linear=0
shrinkage=0.03


Tree=73
num_leaves=31
num_cat=0
split_feature=8 25 27 27 8 27 8 5 83 27 29 4 23 29 8 92 91 15 27 91 24 102 0 4 27 96 102 33 84 8
split_gain=2522.35 857.795 548.813 411.483 157.72 151.239 144.484 115.367 107.261 77.6823 75.2405 67.7459 63.3546 60.3268 55.4752 54.1114 51.5639 46.4376 45.1003 31.3725 30.8669 30.6113 28.724 25.8247 25.0406 21.2404 18.2346 17.4834 17.0519 16.0037
threshold=0.15000000000000038 5.5000000000000009 1.0000000180025095e-35 377.50000000000006 0.49999999999999961 192.50000000000003 1.0000000180025095e-35 207.50000000000003 -0.95000000000000184 252.50000000000003 327.50000000000006 1.3499999999999999 22.390896931574172 196.50000000000003 1.0000000180025095e-35 24.894619754538368 0.12836013046566311 0.083208946715848872 397.50000000000006 0.27110911963348455 2.0238822758814679 74.373611111111131 29.550000000000004 2.5000000000000013 342.50000000000006 20.550000000000004 79.634722222222237 -0.16799793862756093 -1.3500000000000012 0.70000000000000073
decision_type=2 2 2 2 2 2 2 2 2 2 2 2 2 2 2 2 2 2 2 2 2 2 2 2 2 2 2 2 2 2
left_child=3 2 -2 5 9 7 -5 8 12 16 14 15 -1 -10 23 -6 -4 28 29 25 -11 -21 26 -7 -16 -12 -20 -28 -8 -3
right_child=1 18 4 6 11 10 17 -9 13 20 19 -13 -14 -15 24 -17 -18 -19 22 21 -22 -23 -24 -25 -26 -27 27 -29 -30 -31
leaf_value=0.0091647416032592816 -0.0009740452394823737 -0.00097316070956856107 -0.0029282754287471378 -0.00091524674945800432 -0.0011122383455385565 -7.8577918864909104e-05 -0.00098183621351895472 -0.0055702262622446732 0.00032633502459325752 -0.001251095908839745 -0.0011615086072359418 -0.0013434990128442287 0.0004176631347543724 0.0021289598614988043 -0.00095664111372642145 0.0026886580973922492 0.00031604370781010389 -0.0010488306518333004 -0.0009740452394823737 0.0013761979750434845 -0.0012339282356189189 0.0072785443465750582 -0.0009740452394823737 0.0086686983466041211 -0.0010945815228650642 0.0029551627854164692 -0.0009740452394823737 -0.0009740452394823737 -0.0009740452394823737 -0.0009740452394823737
leaf_weight=6375 3647 6307 2598 6687 4913 27314 841 380 35890 3471 1705 2231 2197 27842 18422 762 14452 2058 11392 2152 6633 1568 722 583 4222 931 7255 4928 5854 912
leaf_count=6375 3647 6307 2598 6687 4913 27314 841 380 35890 3471 1705 2231 2197 27842 18422 762 14452 2058 11392 2152 6633 1568 722 583 4222 931 7255 4928 5854 912
internal_value=-0.00221385 -0.00688077 -0.00388873 4.60275e-05 -0.00273637 0.000597652 -0.00458325 0.00150444 0.00159118 -0.00165052 -0.00056074 -0.00646516 0.00474163 0.00116737 -0.000947628 -0.00472252 -0.000415225 -0.0071196 -0.0105553 0.00251534 -0.00373478 0.00428917 -0.0111744 -5.21543e-05 -0.00205078 1.13766e-05 -0.011355 -0.0105446 -0.00833109 -0.00847022
internal_weight=215244 70223 38707 145021 35060 129581 15440 72684 72304 27154 56897 7906 8572 63732 50541 5675 17050 8753 31516 6356 10104 3720 24297 27897 22644 2636 23575 12183 6695 7219
internal_count=215244 70223 38707 145021 35060 129581 15440 72684 72304 27154 56897 7906 8572 63732 50541 5675 17050 8753 31516 6356 10104 3720 24297 27897 22644 2636 23575 12183 6695 7219
is_linear=0
shrinkage=0.03


Tree=74
num_leaves=31
num_cat=0
split_feature=8 27 27 4 8 27 14 27 20 108 8 83 86 8 31 4 3 31 31 89 3 27 24 99 8 19 25 99 108 29
split_gain=2551.09 808.592 434.125 429.159 221.597 176.835 106.35 104.789 92.9521 89.2278 63.4184 60.9704 54.2919 42.4364 41.6016 43.9773 39.3671 48.3072 36.7239 36.1266 32.8388 32.6552 32.3929 31.8284 26.5131 26.2381 25.5776 22.7499 21.5284 19.9641
threshold=0.20000000000000198 377.50000000000006 362.50000000000006 1.8499999999999999 1.0000000180025095e-35 242.50000000000003 0.080871687784175819 227.50000000000003 90.21702898550727 1.8999999999999997 1.0000000180025095e-35 -0.40000000000000119 -0.025000000000000053 0.49999999999999961 -0.5 0.49999999999999917 26.150000000000002 1.0000000180025095e-35 -0.24999999999999994 28.950000000000003 26.550000000000004 337.50000000000006 1.3403118893337533 18.650000000000002 0.84999999999999976 78.607692307692318 6.5000000000000009 29.750000000000004 2.0000000000000013 299.50000000000006
decision_type=2 2 2 2 2 2 2 2 2 2 2 2 2 2 2 2 2 2 2 2 2 2 2 2 2 2 2 2 2 2
left_child=1 5 3 7 -3 6 8 12 9 -1 25 26 22 -5 21 -16 17 -9 -8 -4 -14 -12 -2 -10 -18 29 -6 -21 -27 -7
right_child=2 4 19 13 11 10 18 16 23 -11 14 -13 20 -15 15 -17 24 -19 -20 27 -22 -23 -24 -25 -26 28 -28 -29 -30 -31
leaf_value=0.00062780030593958809 -0.0030363405655495453 -0.001013122757989658 -0.00094482388229790251 -0.0016534397627495001 -0.00094353409004530053 0.00015969996835531519 0.0016346554709461502 -0.00098499565146816545 -0.0049213959347314653 0.0049580320193725602 -0.0015023063217493536 -0.00094482388229790251 -0.0026567378861481195 -0.00094482388229790251 -0.0014071327905522534 -0.00040823188327605023 -0.0010274067876182669 -0.0010875900535943 0.0063707976130299793 -0.00094482388229790251 0.0015176988379138809 -0.0010176570026747031 0.001654108799679475 -0.0010335461106878681 -0.0010486920987553166 -0.00043478768174147128 -0.00094482388229790251 0.0020158323641123175 0.0012216630563919759 0.0025025156821310971
leaf_weight=63920 1067 6702 23524 919 2158 4256 4416 2539 1381 9179 5506 10035 2922 4370 2915 13402 2762 4819 8714 476 981 2340 5313 9907 401 13052 2197 415 2356 2656
leaf_count=63920 1067 6702 23524 919 2158 4256 4416 2539 1381 9179 5506 10035 2922 4370 2915 13402 2762 4819 8714 476 981 2340 5313 9907 401 13052 2197 415 2356 2656
internal_value=-0.00219044 -0.000385419 -0.00809024 -0.00539952 -0.00587114 0.000418122 0.00114394 -0.00345926 0.000753128 0.00114439 -0.00110457 -0.00796956 -0.00130543 -0.0130293 -0.00216955 -0.00130623 -0.00556406 -0.00676722 0.00365547 -0.0109656 -0.00409196 -0.00396457 0.000399624 -0.00178049 -0.00276391 4.83849e-05 -0.00500344 -0.00502803 -0.000640535 0.00158397
internal_weight=215600 165092 50508 26093 21092 144000 97517 20804 84387 73099 46483 14390 10283 5289 24163 16317 10521 7358 13130 24415 3903 7846 6380 11288 3163 22320 4355 891 15408 6912
internal_count=215600 165092 50508 26093 21092 144000 97517 20804 84387 73099 46483 14390 10283 5289 24163 16317 10521 7358 13130 24415 3903 7846 6380 11288 3163 22320 4355 891 15408 6912
is_linear=0
shrinkage=0.03


Tree=75
num_leaves=31
num_cat=0
split_feature=8 27 5 27 8 8 8 27 33 85 102 3 33 104 32 110 19 15 110 25 33 89 8 107 101 27 94 33 102 7
split_gain=2517.02 798.828 452.84 381.594 242.805 164.131 102.367 93.1609 85.1007 93.2701 73.8577 69.7758 88.4065 66.5757 62.0954 60.9727 60.0898 59.059 55.5639 54.0187 46.8738 33.8171 33.193 31.6743 30.9484 30.745 29.0504 26.6996 25.4025 20.9482
threshold=0.20000000000000198 377.50000000000006 309.50000000000006 322.50000000000006 1.0000000180025095e-35 1.0000000180025095e-35 0.84999999999999976 337.50000000000006 0.080547328232315238 -2.2999999999999976 81.726388888888906 26.150000000000002 0.41202506375868281 22.741325050510596 0.84313847884979054 11.188534670242447 56.250000000000007 0.086928114986706342 1.2348737857148671 4.5000000000000009 0.31595530242620651 28.950000000000003 0.70000000000000073 1.9000000000000015 -0.00083333333333332775 382.50000000000006 77.500000000000014 -0.90892157495189674 83.084722222222226 0.15000000000000038
decision_type=2 2 2 2 2 2 2 2 2 2 2 2 2 2 2 2 2 2 2 2 2 2 2 2 2 2 2 2 2 2
left_child=1 5 3 6 -3 8 11 15 13 10 -10 12 -2 26 -15 18 -11 28 -7 -4 -9 25 29 -13 -8 -21 -1 -23 -6 -5
right_child=2 4 19 22 17 7 24 20 9 16 -12 23 -14 14 -16 -17 -18 -19 -20 21 -22 27 -24 -25 -26 -27 -28 -29 -30 -31
leaf_value=0.0013794924946425857 -0.0015910266488517841 -0.00084045937875702422 -0.00091647916582896546 -0.00091647916582896546 -0.00091647916582896546 -0.002228468592246438 -0.0014121770824921458 -0.0010047733998983224 0.0022466051633995708 0.010454559398633325 0.0088800177691734528 0.0028357990498215691 -0.00077876572702107458 0.00038291194210928419 0.0081471922289867403 0.006455141707389085 0.00018873419447234085 -0.00093795898601108812 -0.00012870269561137958 -0.00092766236050326873 -0.00081914446734668344 -0.00091650490564945718 -0.00091647916582896546 -0.001727730687784575 -0.00088984809701713114 -0.00091647916582896546 -0.0015502407046577031 0.0045162752885073822 -0.00091647916582896546 -0.00091647916582896546
leaf_weight=1464 6050 6694 3472 4095 8198 5807 1478 4344 16835 714 5836 3247 5269 25854 1755 1044 16551 2907 51788 2536 3026 335 4064 2039 393 13363 9004 416 3241 3789
leaf_count=1464 6050 6694 3472 4095 8198 5807 1478 4344 16835 714 5836 3247 5269 25854 1755 1044 16551 2907 51788 2536 3026 335 4064 2039 393 13363 9004 416 3241 3789
internal_value=-0.00223919 -0.000445466 -0.00809662 -0.00578702 -0.00590561 0.000352235 -0.00308492 -0.00074875 0.00128381 0.0022513 0.00351645 -0.002335 -0.00366387 0.000269053 0.00104147 -0.000349164 0.000589888 -0.00810692 -0.00047946 -0.0115882 -0.00392755 -0.0108768 -0.00996485 0.000510687 -0.00973558 -0.0111708 -0.00176808 -0.00464761 -0.00907736 -0.00882689
internal_weight=215608 165062 50546 30424 21040 144022 18476 66009 78013 39936 22671 16605 11319 38077 27609 58639 17265 14346 57595 20122 7370 16650 11948 5286 1871 15899 10468 751 11439 7884
internal_count=215608 165062 50546 30424 21040 144022 18476 66009 78013 39936 22671 16605 11319 38077 27609 58639 17265 14346 57595 20122 7370 16650 11948 5286 1871 15899 10468 751 11439 7884
is_linear=0
shrinkage=0.03


Tree=76
num_leaves=31
num_cat=0
split_feature=8 27 5 27 8 27 5 15 8 29 20 12 85 3 33 25 33 29 108 29 101 8 3 40 27 28 107 33 5 27
split_gain=2519.24 782.134 458.28 372.73 269.211 147.474 147.267 108.73 96.3418 86.3347 82.4057 75.5292 74.7395 59.7125 80.7145 53.6657 51.4913 48.7699 48.3724 39.9849 39.4383 37.1429 33.545 30.448 30.145 30.0283 29.988 24.6349 19.4264 18.1953
threshold=0.20000000000000198 367.50000000000006 305.50000000000006 322.50000000000006 1.0000000180025095e-35 97.500000000000014 107.50000000000001 0.065935253295162463 0.69999999999999984 329.50000000000006 68.575980392156865 -0.099999999999998743 -2.800000000000002 26.150000000000002 0.011826144619637555 3.5000000000000004 -0.97111920233974802 54.500000000000007 0.3499999999999997 82.500000000000014 -0.00083333333333332775 0.70000000000000073 28.950000000000003 1.0000000180025095e-35 382.50000000000006 5.5000000000000009 1.9000000000000015 -0.90892157495189674 6.5000000000000009 402.50000000000006
decision_type=2 2 2 2 2 2 2 2 2 2 2 2 2 2 2 2 2 2 2 2 2 2 2 2 2 2 2 2 2 2
left_child=1 5 3 8 -3 6 10 12 13 16 25 -6 19 14 -2 -4 -9 -12 -14 -7 -10 28 24 -11 -17 -1 -15 -24 -5 -13
right_child=2 4 15 21 11 7 -8 9 20 23 17 29 18 26 -16 22 -18 -19 -20 -21 -22 -23 27 -25 -26 -27 -28 -29 -30 -31
leaf_value=0.0048901367818519189 -0.0016330825489301922 -0.00055038427620992245 -0.00088898479085409651 -0.00088898479085409651 -0.00092515389216631528 0.0030397390138462398 -0.0050774865164733519 -0.0017339354459399864 -0.0013727853359651733 -0.0015033999897233455 0.0048563767818088042 -0.00088898479085409651 -0.0015541434917127875 0.0026704666282031278 -0.00096556121224364744 -0.00090833676626981489 0.00039349143136497926 0.0012981865267074398 -0.00062912099085575817 -0.00012042636774762138 -0.00077395487995881847 -0.00088898479085409651 -0.00088900975847997345 0.0048625844599359752 -0.00088898479085409651 0.011642361891824504 -0.0016761533955439688 0.0043807870298521604 -0.00088898479085409651 -0.00088898479085409651
leaf_weight=1633 3529 8047 3421 3150 5127 2986 468 2875 1948 777 5741 4221 16288 3058 7242 2728 39147 32823 16870 12747 616 4052 347 5590 13446 2711 2030 410 4633 6808
leaf_count=1633 3529 8047 3421 3150 5127 2986 468 2875 1948 777 5741 4221 16288 3058 7242 2728 39147 32823 16870 12747 616 4052 347 5590 13446 2711 2030 410 4633 6808
internal_value=-0.00222943 -0.000432094 -0.00808401 -0.00574242 -0.00541336 0.000425077 0.0018798 -0.000223579 -0.00307344 0.000784563 0.0020625 -0.00764622 -0.00122137 -0.00220082 -0.00346593 -0.0115649 0.000291269 0.00162116 -0.00202931 0.000481441 -0.00846784 -0.0098965 -0.0108708 0.00403973 -0.0111598 0.00597929 0.0004775 -0.00468997 -0.00868127 -0.00904488
internal_weight=215469 164859 50610 30258 24203 140656 43376 97280 18423 48389 42908 16156 48891 15859 10771 20352 42022 38564 33158 15733 2564 11835 16931 6367 16174 4344 5088 757 7783 11029
internal_count=215469 164859 50610 30258 24203 140656 43376 97280 18423 48389 42908 16156 48891 15859 10771 20352 42022 38564 33158 15733 2564 11835 16931 6367 16174 4344 5088 757 7783 11029
is_linear=0
shrinkage=0.03


Tree=77
num_leaves=31
num_cat=0
split_feature=27 5 12 27 12 33 85 2 102 33 103 7 23 5 99 27 11 12 85 89 4 103 102 25 33 33 12 31 33 33
split_gain=2488.49 895.895 492.613 401.758 209.622 121.105 173.093 164.255 102.901 86.5343 75.1072 72.7226 89.7039 58.6806 48.4953 45.2219 43.9467 42.5339 35.0192 24.5352 21.9735 20.019 17.4027 15.5491 25.3293 14.9377 19.0441 13.692 12.8703 12.5209
threshold=377.50000000000006 387.50000000000006 -1.0000000180025095e-35 222.50000000000003 1.0000000180025095e-35 0.19969739736768838 -2.350000000000001 26.050000000000004 84.147222222222226 -0.26867065956352881 69.500000000000014 0.3499999999999997 19.808084840372189 45.500000000000007 17.450000000000003 327.50000000000006 -1.0000000180025095e-35 0.09999999999999877 -1.5000000000000002 28.950000000000003 0.84999999999999976 81.500000000000014 83.084722222222226 6.5000000000000009 0.67007489853957602 0.21652257995689161 -0.65000000000000024 -0.24999999999999994 -0.54219087765047058 -0.70289845916694649
decision_type=2 2 2 2 2 2 2 2 2 2 2 2 2 2 2 2 2 2 2 2 2 2 2 2 2 2 2 2 2 2
left_child=1 3 16 5 11 7 8 9 -7 -1 -8 14 -13 -9 -5 18 25 22 -6 21 -21 -19 -4 24 -18 -2 -27 -17 -23 -24
right_child=2 -3 17 4 15 6 10 13 -10 -11 -12 12 -14 -15 -16 27 23 19 -20 20 -22 28 29 -25 -26 26 -28 -29 -30 -31
leaf_value=-0.0035622294387379918 -0.0011999199030936806 -0.00086231524712847361 -0.00086231524712847361 -0.0024765451583214047 -0.00083170897667005452 0.0033432024090853506 0.0066861182528491258 0.0027164206233772658 0.014809707746280881 -0.00027641305599785168 -0.00067565614634327079 0.0003846971016542372 -0.00088237498925226908 4.8390098407039281e-05 -0.00096491426752590159 -0.00085207127083763133 -0.00089175324536058874 -0.00086231524712847361 -0.00097032839495147182 -0.00086231524712847361 -0.00086231524712847361 -0.00086231524712847361 -0.00086231524712847361 -0.00088692048311842821 0.00042198705414203262 0.0077484282998096544 -0.00088088092466007573 -0.00089688801350543167 -0.00086231524712847361 -0.00086231524712847361
leaf_weight=8918 2980 3801 6785 1114 4471 20031 3123 16667 3412 8579 17917 22082 24029 21418 7205 2456 1902 6388 3828 508 369 6291 655 2255 742 384 4702 2556 7458 2373
leaf_count=8918 2980 3801 6785 1114 4471 20031 3123 16667 3412 8579 17917 22082 24029 21418 7205 2456 1902 6388 3828 508 369 6291 655 2255 742 384 4702 2556 7458 2373
internal_value=-0.00222444 -0.000595514 -0.00860754 -0.000269238 -0.00205331 0.000938531 0.00210514 4.8576e-06 0.00387796 -0.00240113 0.000129747 -0.00122798 -0.000762166 0.00111025 -0.0038095 -0.00542781 -0.00370083 -0.010671 -0.00406807 -0.0114333 -0.00650911 -0.0116474 -0.0090376 -0.00594184 -0.00437807 -0.00233916 -0.0013505 -0.00767804 -0.0109996 -0.00714097
internal_weight=215399 171607 43792 167806 67741 100065 44483 55582 23443 17497 21040 54430 46111 38085 8319 13311 12965 30827 8299 21014 877 20137 9813 4899 2644 8066 5086 5012 13749 3028
internal_count=215399 171607 43792 167806 67741 100065 44483 55582 23443 17497 21040 54430 46111 38085 8319 13311 12965 30827 8299 21014 877 20137 9813 4899 2644 8066 5086 5012 13749 3028
is_linear=0
shrinkage=0.03


Tree=78
num_leaves=31
num_cat=0
split_feature=8 27 5 27 8 8 8 29 90 88 33 32 15 5 84 24 102 25 93 90 101 108 89 5 8 7 103 102 25 102
split_gain=2492.03 786.453 453.716 395.393 272.595 139.74 108.035 79.1335 73.9015 63.4106 69.3136 62.3954 59.0221 58.6265 55.9546 52.5496 57.6817 51.2748 49.7816 46.8173 44.2511 40.0144 38.172 34.4365 32.8165 28.8997 28.4306 26.6924 27.4019 26.148
threshold=0.20000000000000198 367.50000000000006 321.50000000000006 327.50000000000006 1.0000000180025095e-35 1.0000000180025095e-35 0.69999999999999984 329.50000000000006 0.89999999999999913 26.350000000000005 0.21652257995689161 0.40614137006726808 0.083208946715848872 129.50000000000003 -2.4999999999999987 11.188534670242447 80.386111111111134 4.5000000000000009 89.520833333333357 1.0000000000000007 -0.00083333333333332775 -1.0000000180025095e-35 28.950000000000003 359.50000000000006 0.65000000000000047 0.79999999999999993 88.500000000000014 81.726388888888906 6.5000000000000009 71.70416666666668
decision_type=2 2 2 2 2 2 2 2 2 2 2 2 2 2 2 2 2 2 2 2 2 2 2 2 2 2 2 2 2 2
left_child=1 5 3 6 -3 7 9 13 11 10 -2 18 27 14 -1 16 -10 -4 -7 21 -8 -9 -19 -15 -5 -11 -13 28 -6 -21
right_child=2 4 17 24 12 8 20 19 15 25 -12 26 -14 23 -16 -17 -18 22 -20 29 -22 -23 -24 -25 -26 -27 -28 -29 -30 -31
leaf_value=0.010416333443206232 -0.0014327111412558535 -0.00052782701372800086 -0.00083644578971461944 -0.00083644578971461944 -0.00083644578971461944 0.00010783640379153969 -0.0013445488380686189 -0.0017399138366875858 -0.00069452340328824661 0.0024080078597022484 -0.00084471856424833181 -0.0019042908385866074 -0.00085367935506752343 3.2427524273238443e-05 0.0014243230636957081 0.006259555289084312 0.0014008677137071338 -0.00083644578971461944 -0.0018171314432750899 0.0043270547279623513 -0.00067506365733294247 0.0034277044486090767 -0.00083644426849122837 -0.0047037721998142122 -0.00083644578971461944 -0.0017718704735122533 -0.00099176570311309783 -0.00083644578971461944 -0.00083644578971461944 0.011540901146224245
leaf_weight=1893 5473 7975 3450 7440 4521 15285 2055 1803 18442 3564 6317 8360 3604 30068 36195 1035 13659 15024 1971 2273 621 1898 736 317 4875 916 5350 4411 3616 2522
leaf_count=1893 5473 7975 3450 7440 4521 15285 2055 1803 18442 3564 6317 8360 3604 30068 36195 1035 13659 15024 1971 2273 621 1898 736 317 4875 916 5350 4411 3616 2522
internal_value=-0.00221651 -0.000434022 -0.0080507 -0.00582064 -0.00543912 0.000422019 -0.00310023 0.00128368 -0.000612608 -0.00218118 -0.00333559 -0.00166629 -0.00767969 0.000944811 0.00172885 0.000372092 0.000157467 -0.0116792 -0.000465898 0.00401436 -0.0086851 0.00147893 -0.0109524 -3.80109e-05 -0.0100053 0.000856952 -0.00317701 -0.00865169 -0.0096713 0.0059706
internal_weight=215669 165198 50471 31261 24127 141071 18946 76969 64102 16270 11790 30966 16152 68473 38088 33136 32101 19210 17256 8496 2676 3701 15760 30385 12315 4480 13710 12548 8137 4795
internal_count=215669 165198 50471 31261 24127 141071 18946 76969 64102 16270 11790 30966 16152 68473 38088 33136 32101 19210 17256 8496 2676 3701 15760 30385 12315 4480 13710 12548 8137 4795
is_linear=0
shrinkage=0.03


Tree=79
num_leaves=31
num_cat=0
split_feature=8 27 5 27 8 27 5 8 14 85 94 83 33 88 33 25 33 32 102 8 89 85 98 4 27 25 7 75 33 97
split_gain=2549.27 781.344 460.61 376.349 272.236 138.307 145.369 105.756 96.0592 78.8594 77.7765 62.4319 61.8387 57.7375 71.3488 50.5705 49.0274 43.8991 40.6123 40.3479 36.1988 33.8011 31.3196 30.6353 28.6367 27.6073 26.2885 24.1219 23.709 23.5778
threshold=0.20000000000000198 367.50000000000006 311.50000000000006 317.50000000000006 1.0000000180025095e-35 72.500000000000014 93.500000000000014 0.84999999999999976 0.066867513545904325 -2.6999999999999971 73.500000000000014 -0.40000000000000119 0.097680735332368748 26.350000000000005 0.21652257995689161 4.5000000000000009 -0.16799793862756093 0.022575936829235418 79.308183183183203 0.70000000000000073 28.950000000000003 -2.2499999999999996 -0.29999999999999799 1.1500000000000006 392.50000000000006 6.5000000000000009 0.15000000000000038 0.46026315789473687 -0.90892157495189674 26.750000000000004
decision_type=2 2 2 2 2 2 2 2 2 2 2 2 2 2 2 2 2 2 2 2 2 2 2 2 2 2 2 2 2 2
left_child=1 5 3 7 -3 6 10 13 9 12 -1 25 -7 14 -2 -4 27 -11 -18 26 24 -12 -9 -15 -17 29 -5 -10 -22 -6
right_child=2 4 15 19 11 8 -8 22 16 17 21 -13 -14 23 -16 20 18 -19 -20 -21 28 -23 -24 -25 -26 -27 -28 -29 -30 -31
leaf_value=0.010125612196618478 -0.0014684657127035756 -0.0004994710854085519 -0.00081135241602318085 -0.00081135241602318085 -0.00080892697779277422 -0.00032836331630227032 -0.004789662241945573 -0.00132936523815422 -0.00038770138344273894 -0.00028882806613793717 0.0031698696886761691 -0.00081135241602318085 0.0014919681653487887 0.002170515003906393 -0.000826732787213565 -0.00081140546321989675 0.0011066850160403063 -0.001223278919469638 0.0048449362024186714 -0.00081135241602318085 -0.00081137668025698328 0.0011072782226846357 -0.00079057224613932032 -0.0018655665657335131 -0.00081135241602318085 -0.00081135241602318085 -0.00081135241602318085 0.0099256897921975278 0.004300326204425187 -0.00082838690708570003
leaf_weight=3762 5587 8002 3435 4205 2049 20079 442 1409 9431 20704 13370 11314 14570 3553 6167 3054 10428 25156 6655 4164 347 15809 358 990 12737 2189 4176 390 406 730
leaf_count=3762 5587 8002 3435 4205 2049 20079 442 1409 9431 20704 13370 11314 14570 3553 6167 3054 10428 25156 6655 4164 347 15809 358 990 12737 2189 4176 390 406 730
internal_value=-0.00224427 -0.000438694 -0.00813616 -0.0058231 -0.00540828 0.000418475 0.00210505 -0.00305065 -0.000105712 -0.000624332 0.00233456 -0.00763496 0.000455844 -0.00229445 -0.00340451 -0.0116794 0.0014462 -0.00144044 0.00241717 -0.00981468 -0.01099 0.001811 -0.0100198 0.000577685 -0.0112965 -0.00482995 -0.0086131 -0.000242822 -0.0045557 -0.00284353
internal_weight=215668 165080 50588 30609 24284 140796 33383 18064 107413 80509 32941 16282 34649 16297 11754 19979 26904 45860 17083 12545 16544 29179 1767 4543 15791 4968 8381 9821 753 2779
internal_count=215668 165080 50588 30609 24284 140796 33383 18064 107413 80509 32941 16282 34649 16297 11754 19979 26904 45860 17083 12545 16544 29179 1767 4543 15791 4968 8381 9821 753 2779
is_linear=0
shrinkage=0.03


Tree=80
num_leaves=31
num_cat=0
split_feature=8 27 5 27 8 27 5 83 8 23 20 12 8 3 33 25 31 4 8 89 27 107 27 33 90 90 7 25 33 95
split_gain=2458.69 781.663 457.236 391.113 234.634 147.543 122.237 102.592 100.54 74.0829 72.2032 69.3196 60.4868 55.9329 81.7902 52.8146 43.582 43.7797 36.5592 35.6778 32.0806 31.0758 29.9365 24.5883 23.0999 20.3127 20.162 17.0123 18.3778 16.6948
threshold=0.20000000000000198 377.50000000000006 309.50000000000006 322.50000000000006 1.0000000180025095e-35 242.50000000000003 257.50000000000006 -0.95000000000000184 0.95000000000000029 22.390896931574172 90.338095238095249 -0.099999999999998743 1.0000000180025095e-35 26.150000000000002 0.21652257995689161 3.5000000000000004 -0.5 0.49999999999999917 0.70000000000000073 28.950000000000003 337.50000000000006 1.9499999999999995 387.50000000000006 -0.90892157495189674 3.4500000000000006 0.3499999999999997 0.15000000000000038 6.5000000000000009 0.67007489853957602 26.350000000000005
decision_type=2 2 2 2 2 2 2 2 2 2 2 2 2 2 2 2 2 2 2 2 2 2 2 2 2 2 2 2 2 2
left_child=1 5 3 8 -3 6 7 9 13 -1 -9 27 24 14 -2 -4 20 -18 26 22 -14 -15 -17 -21 25 -7 -5 28 -6 -10
right_child=2 4 15 18 11 12 -8 10 29 -11 -12 -13 16 21 -16 19 17 -19 -20 23 -22 -23 -24 -25 -26 -27 -28 -29 -30 -31
leaf_value=0.0072081209973222067 -0.001368806636142338 -0.00088656502722330908 -0.00078701184354248532 -0.00078701184354248532 -0.00083169474736076617 -0.0021478490757762697 -0.0046459723746872057 0.00091413216067980248 -0.0025632701761033687 -0.00046622571796518076 -0.0015449043204962248 -0.00078701184354248532 -0.0013830366838362862 0.0023945396486730599 -0.00086315261842873385 -0.00078859833532132989 -0.0012494815633584289 -0.00034861765502914422 -0.00078701184354248532 -0.00078703537984927384 -0.00086567110419525164 -0.0016573650301731559 -0.00078701184354248532 0.0041713164182924306 0.019326667728305505 2.8153721670627906e-05 -0.00078701184354248532 -0.00081087892245274148 0.00037939700622303073 -0.0010685181068477562
leaf_weight=8413 5128 6719 3384 4068 1570 560 431 75129 304 2930 10314 9982 5505 3412 6414 2840 2949 13296 4043 336 2337 2047 13129 427 314 21333 3871 2076 832 1142
leaf_count=8413 5128 6719 3384 4068 1570 560 431 75129 304 2930 10314 9982 5505 3412 6414 2840 2949 13296 4043 336 2337 2047 13129 427 314 21333 3871 2076 832 1142
internal_value=-0.00227673 -0.000500392 -0.00806444 -0.00574417 -0.00588031 0.000293599 0.000957384 0.00102844 -0.00300276 0.00370901 0.000672546 -0.00803264 -0.00110033 -0.00235649 -0.00353981 -0.0115738 -0.00214152 -0.00125477 -0.00996412 -0.0108809 -0.00397807 0.000145604 -0.0111838 -0.00453534 2.90436e-05 -8.70101e-05 -0.00877897 -0.00492967 -0.00320849 -0.0105943
internal_weight=215235 164690 50545 30429 21179 143511 97217 96786 18447 11343 85443 14460 46294 17001 11542 20116 24087 16245 11982 16732 7842 5459 15969 763 22207 21893 7939 4478 2402 1446
internal_count=215235 164690 50545 30429 21179 143511 97217 96786 18447 11343 85443 14460 46294 17001 11542 20116 24087 16245 11982 16732 7842 5459 15969 763 22207 21893 7939 4478 2402 1446
is_linear=0
shrinkage=0.03


Tree=81
num_leaves=31
num_cat=0
split_feature=8 27 5 27 8 27 5 8 33 85 104 12 33 90 96 27 85 25 55 8 89 89 109 27 33 7 109 103 8 108
split_gain=2492.35 742.819 468.674 391.699 250.702 140.193 131.383 101.025 96.4962 132.723 126.911 67.116 57.3409 62.673 58.8002 52.7768 52.6669 52.3246 48.8168 42.0818 39.1757 33.7736 30.736 25.7347 22.4725 21.6434 19.1822 18.2914 17.4564 14.5471
threshold=0.19999999999999976 377.50000000000006 315.50000000000006 317.50000000000006 1.0000000180025095e-35 192.50000000000003 207.50000000000003 0.95000000000000029 0.080547328232315238 -2.3999999999999995 22.912849454034141 -0.099999999999998743 -0.54219087765047058 3.9000000000000017 30.450000000000003 157.50000000000003 -1.4999999999999993 4.5000000000000009 0.015000000000000001 0.65000000000000047 25.950000000000003 28.950000000000003 -0.90000000000000113 392.50000000000006 -0.90892157495189674 0.15000000000000038 -0.74999999999999989 85.500000000000014 0.09999999999999877 0.4000000000000013
decision_type=2 2 2 2 2 2 2 2 2 2 2 2 2 2 2 2 2 2 2 2 2 2 2 2 2 2 2 2 2 2
left_child=1 5 3 7 -3 6 8 15 10 -10 -1 -6 14 16 18 22 -14 -4 -7 25 -17 23 -2 -19 -23 -5 -16 -13 -29 -27
right_child=2 4 17 19 11 12 -8 -9 9 -11 -12 27 13 -15 26 20 -18 21 -20 -21 -22 24 -24 -25 -26 29 -28 28 -30 -31
leaf_value=-0.0022353975752766905 -0.0033353383458737673 -0.00075399206507550812 -0.00076340148823621082 -0.00076340148823621082 -0.00079505550045795277 -0.00099862852816528852 -0.0045680172864348868 -0.0011459402951859202 0.0051104027732839586 0.00057190185454510372 0.0011770911272389317 -0.00076340148823621082 0.00018078652546172608 0.064342734895817405 0.00055618280064061165 -0.001147807274732183 -0.0008680613596603918 -0.00076345294401702522 0.0044440261510722522 -0.00076340148823621082 -0.00060973915878729525 -0.00076342431845379552 0.0019386077542871477 -0.00076340148823621082 0.0040461769257436582 -0.00076340148823621082 0.0064510247193029545 -0.00076119175206369066 -0.00076340148823621082 -0.00076340148823621082
leaf_weight=11525 1846 6658 3439 3649 4395 16255 452 1429 19907 18356 28880 5864 33415 304 691 8092 12170 3006 834 4980 3227 323 4118 12817 408 1730 552 641 3191 2516
leaf_count=11525 1846 6658 3439 3649 4395 16255 452 1429 19907 18356 28880 5864 33415 304 691 8092 12170 3006 834 4980 3227 323 4118 12817 408 1730 552 641 3191 2516
internal_value=-0.00227819 -0.000470044 -0.00803028 -0.00575488 -0.00577518 0.000297924 0.00114319 -0.00298349 0.00123594 0.00231562 0.000213458 -0.0080418 -0.000743437 -0.000176836 -0.00216168 -0.00234928 -0.000267516 -0.0116247 -0.00261995 -0.00978215 -0.00355256 -0.0109236 -6.53814e-05 -0.0112149 -0.00461066 -0.00841755 0.00413585 -0.00943591 -0.00781894 -0.00695785
internal_weight=215670 164090 51580 31587 20749 143341 79120 18712 78668 38263 40405 14091 64221 45889 18332 17283 45585 19993 17089 12875 11319 16554 5964 15823 731 7895 1243 9696 3832 4246
internal_count=215670 164090 51580 31587 20749 143341 79120 18712 78668 38263 40405 14091 64221 45889 18332 17283 45585 19993 17089 12875 11319 16554 5964 15823 731 7895 1243 9696 3832 4246
is_linear=0
shrinkage=0.03


Tree=82
num_leaves=31
num_cat=0
split_feature=8 27 5 27 8 8 8 29 27 12 5 22 1 27 25 29 20 14 104 86 3 90 8 27 98 3 29 90 91 99
split_gain=2477 708.304 465.15 388.554 248.697 143.434 108.424 80.9405 80.0915 76.4121 60.6137 58.4446 57.9374 57.2042 55.5065 50.4167 46.7756 46.6558 41.4822 40.412 36.0306 35.484 34.0259 32.8411 30.0103 26.6718 25.9337 25.7453 19.827 18.5412
threshold=0.19999999999999976 377.50000000000006 309.50000000000006 327.50000000000006 1.0000000180025095e-35 1.0000000180025095e-35 0.69999999999999984 329.50000000000006 337.50000000000006 -0.099999999999998743 53.500000000000007 1822.0000000000002 92.500000000000014 242.50000000000003 3.5000000000000004 196.50000000000003 82.900980392156882 0.096430547933380559 17.507133649614875 -0.025000000000000053 28.950000000000003 0.65000000000000047 0.65000000000000047 382.50000000000006 -0.29999999999999799 26.150000000000002 124.50000000000001 1.0000000000000007 0.11560365965617762 29.750000000000004
decision_type=2 2 2 2 2 2 2 2 2 2 2 2 2 2 2 2 2 2 2 2 2 2 2 2 2 2 2 2 2 2
left_child=1 5 3 6 -3 7 13 10 12 -6 21 28 15 19 -4 -7 27 -12 -18 -2 23 -1 -5 -16 -8 -15 -14 -9 -10 -22
right_child=2 4 14 22 9 8 24 16 11 -11 17 -13 26 25 20 -17 18 -19 -20 -21 29 -23 -24 -25 -26 -27 -28 -29 -30 -31
leaf_value=-2.6809786728270167e-05 0.00063962997385646537 -0.00070872337598492058 -0.00074049944358912446 -0.00074049944358912446 -0.00076461299422896675 -0.00074507483329617488 -0.0011944161770161086 0.0028779789184623064 -0.0009190033248143287 -0.00074049944358912446 -8.352900883398177e-05 -0.00085143188255028257 -0.0008902811500832911 -0.00099415043103065351 -0.0007612337086289777 0.00084065919044807756 -0.0021663699740042241 0.0030726824038069499 0.00741801570223661 -0.0019972204064818851 -0.00074052158890018161 0.0032021952715694945 -0.00074049944358912446 -0.00074049944358912446 -0.00065864513279278796 -0.0011207998586210139 -0.0024796339596412308 0.0081463241787137156 0.00022658839488352454 0.0039247916179713481
leaf_weight=5631 6950 6698 3464 6952 4385 29354 2003 2548 331 9665 41066 4300 2320 4336 2623 22739 1076 5458 765 3676 375 17149 4772 13674 590 1731 3516 4298 2567 391
leaf_count=5631 6950 6698 3464 6952 4385 29354 2003 2548 331 9665 41066 4300 2320 4336 2623 22739 1076 5458 765 3676 375 17149 4772 13674 590 1731 3516 4298 2567 391
internal_value=-0.00229042 -0.000486248 -0.0080268 -0.00570765 -0.0056663 0.000264745 -0.00308913 0.00113262 -0.000774552 -0.00793395 0.000790419 -0.00375886 -0.000403677 -0.00220229 -0.0115299 -8.60944e-05 0.00386222 0.000169586 -0.000382736 -0.000875129 -0.0108254 0.00205829 -0.0100145 -0.0111244 -0.0087953 -0.0045262 -0.00323796 0.00500365 -0.000465678 -0.00445893
internal_weight=215403 163866 51537 31010 20748 143118 19286 77991 65127 14050 69304 7198 57929 16693 20527 52093 8687 46524 1841 10626 17063 22780 11724 16297 2593 6067 5836 6846 2898 766
internal_count=215403 163866 51537 31010 20748 143118 19286 77991 65127 14050 69304 7198 57929 16693 20527 52093 8687 46524 1841 10626 17063 22780 11724 16297 2593 6067 5836 6846 2898 766
is_linear=0
shrinkage=0.03


Tree=83
num_leaves=31
num_cat=0
split_feature=27 8 8 8 4 27 24 83 29 12 89 8 33 104 102 31 102 83 98 21 100 27 32 18 0 102 91 89 23 12
split_gain=2437.44 1033.22 505.67 217.986 211.901 155.542 88.5806 78.2159 72.1513 68.019 66.7359 64.8324 52.619 57.6126 56.6567 50.5908 45.2721 36.3753 36.2683 33.752 33.1589 29.0335 27.319 25.9031 25.5736 27.2463 23.1344 20.6131 19.748 19.5097
threshold=377.50000000000006 0.49999999999999961 0.1000000000000001 1.0000000180025095e-35 1.3499999999999999 322.50000000000006 1.2268446188580315 -1.1499999999999984 196.50000000000003 -1.0000000180025095e-35 25.950000000000003 1.0000000180025095e-35 0.080547328232315238 22.741325050510596 83.318488857938732 -0.24999999999999994 85.219444444444449 -1.0000000180025095e-35 0.3499999999999997 1.1122075569413628 1.6000000000000008 97.500000000000014 0.79904096188274243 1.0000000180025095e-35 29.650000000000002 79.634722222222237 0.58944913798741705 28.950000000000003 22.296423733084463 0.15000000000000038
decision_type=2 2 2 2 2 2 2 2 2 2 2 2 2 2 2 2 2 2 2 2 2 2 2 2 2 2 2 2 2 2
left_child=1 3 11 7 10 6 22 23 -8 -4 18 -2 13 -9 -14 27 20 -17 19 -3 -12 -6 -5 28 25 -11 -13 -7 -1 -27
right_child=2 4 9 5 21 15 8 12 -10 24 16 26 14 -15 -16 17 -18 -19 -20 -21 -22 -23 -24 -25 -26 29 -28 -29 -30 -31
leaf_value=0.01047808206803476 -0.00083786306300251087 -0.00072583693957637492 -0.00074949225704251459 -0.0022379702856669247 -0.00071828446028145067 -0.00079276703097011243 -0.00081503947981722722 -0.0012714250175605984 0.00095205413544999944 -0.00071828446028145067 0.0043567353337889535 -0.00071775230163007887 0.00076615652578253084 0.00042443743276263877 0.0041996973855012191 -0.00074183973803270623 0.0067580348780485345 -0.00076226847380592817 0.0023409367226517605 -0.00081725035585033178 -0.0028277103560944133 -0.00086344896589892091 -0.00048861717963712646 0.0027343944020827848 -0.00071828446028145067 -0.00071828446028145067 0.00070985924185150851 -0.00068979891823606697 0.0023429789344209537 -0.00071828446028145067
leaf_weight=2987 6636 2843 4931 5296 3340 4967 34507 10046 26501 13233 542 3525 27017 25695 8166 5846 512 1833 508 1217 676 2614 2083 3299 542 5956 430 596 686 8590
leaf_count=2987 6636 2843 4931 5296 3340 4967 34507 10046 26501 13233 542 3525 27017 25695 8166 5846 512 1833 508 1217 676 2614 2083 3299 542 5956 430 596 686 8590
internal_value=-0.00229736 -0.000685914 -0.00861087 -4.10905e-05 -0.00908104 -0.0011244 -0.000548122 0.00109414 -0.000172597 -0.0104291 -0.00524369 -0.00290172 0.000796052 -1.46886e-05 0.00161963 -0.00410028 -0.000225303 -0.00252148 -0.0071438 -0.00808914 -0.00337162 -0.0131385 -0.00365244 0.00412591 -0.0109955 -0.0111215 -0.00594161 -0.00627876 0.00585874 -0.0102227
internal_weight=215620 171777 43843 159525 12252 81629 68387 77896 61008 33252 6298 10591 70924 35741 35183 13242 1730 7679 4568 4060 1218 5954 7379 6972 28321 27779 3955 5563 3673 14546
internal_count=215620 171777 43843 159525 12252 81629 68387 77896 61008 33252 6298 10591 70924 35741 35183 13242 1730 7679 4568 4060 1218 5954 7379 6972 28321 27779 3955 5563 3673 14546
is_linear=0
shrinkage=0.03


Tree=84
num_leaves=31
num_cat=0
split_feature=8 27 27 27 8 8 8 27 27 83 98 12 24 33 5 32 1 91 89 4 32 75 24 5 33 33 12 21 102 4
split_gain=2415.82 710.859 467.926 408.312 222.473 136.748 125.404 95.3442 80.2113 74.1575 72.0194 65.3806 60.8946 59.4479 55.2819 48.0737 39.2065 36.7578 33.8553 33.3777 32.205 30.8698 28.475 24.7864 24.8997 21.8014 20.5811 19.9385 19.8727 17.0504
threshold=0.19999999999999976 382.50000000000006 362.50000000000006 1.0000000180025095e-35 1.0000000180025095e-35 1.0000000180025095e-35 0.59999999999999887 337.50000000000006 227.50000000000003 -1.1499999999999984 0.3499999999999997 -0.099999999999998743 1.2348737857148671 0.31595530242620651 119.50000000000001 0.40614137006726808 76.500000000000014 0.12151534011762243 28.950000000000003 1.2500000000000002 0.82899317702918729 0.46026315789473687 2.1404100998841264 169.50000000000003 -0.58481178939031186 -0.97507822412530132 0.15000000000000038 1.2212802396374232 81.726388888888906 0.49999999999999917
decision_type=2 2 2 2 2 2 2 2 2 2 2 2 2 2 2 2 2 2 2 2 2 2 2 2 2 2 2 2 2 2
left_child=1 5 3 -2 -3 9 8 12 17 23 19 -6 20 27 16 -14 -11 -5 26 -8 -7 -16 -10 24 -1 -20 -4 -9 -13 -15
right_child=2 4 18 6 11 7 10 13 22 14 -12 28 15 29 21 -17 -18 -19 25 -21 -22 -23 -24 -25 -26 -27 -28 -29 -30 -31
leaf_value=0.0016820525407977844 -0.00069673592647300712 -0.00092745450199958055 -0.00069673592647300712 -0.0031402874961505099 -0.00071993577426543074 -0.0022927869399523375 -0.00072306785333034322 -0.00074894977983318268 -0.00075761784030575232 0.0047515560617162117 0.0051699298647389065 -0.00069673592647300712 0.00062212706242181553 -0.00078938448359530352 -8.9490748196528888e-05 -0.00091374222593927743 0.0010806139000409498 7.9709222315657019e-05 -0.00069673592647300712 -0.00090162984809337584 0.00074947165772202282 0.013315683766442606 -0.00097238062194162462 0.0019948994976991866 0.010110775378384541 -0.00069673592647300712 -0.00069673592647300712 -0.00069425590345295542 -0.00069673592647300712 9.5871847713257383e-05
leaf_weight=772 3525 6065 8257 843 4024 4234 2664 4177 3602 7114 355 5845 31777 389 33711 20509 30459 8183 314 2014 1521 357 5454 3115 3140 563 15679 647 3252 2857
leaf_count=772 3525 6065 8257 843 4024 4234 2664 4177 3602 7114 355 5845 31777 389 33711 20509 30459 8183 314 2014 1521 357 5454 3115 3140 563 15679 647 3252 2857
internal_value=-0.00227013 -0.000490437 -0.00794137 -0.00517999 -0.00591651 0.000228657 -0.00372924 -0.00077709 -0.00256318 0.00107387 -0.00791716 -0.00811271 -0.000352245 -0.00383224 0.000785363 -2.98353e-05 0.00157888 -0.000561648 -0.0109057 -0.00890575 -0.00328092 -8.98177e-05 -0.0045578 0.00401466 0.0056044 -0.0051082 -0.0111179 -0.00594404 -0.00952132 -0.000692947
internal_weight=215418 163965 51453 26640 19186 144779 23115 66111 18082 78668 5033 13121 58041 8070 71641 52286 37573 9026 24813 4678 5755 34068 9056 7027 3912 877 23936 4824 9097 3246
internal_count=215418 163965 51453 26640 19186 144779 23115 66111 18082 78668 5033 13121 58041 8070 71641 52286 37573 9026 24813 4678 5755 34068 9056 7027 3912 877 23936 4824 9097 3246
is_linear=0
shrinkage=0.03


Tree=85
num_leaves=31
num_cat=0
split_feature=8 27 27 4 8 5 27 27 12 14 8 1 24 84 33 3 33 89 27 33 24 3 25 1 23 8 83 102 96 12
split_gain=2409.59 699.666 488.218 406.876 314.344 115.272 119.976 100.978 89.4128 85.5663 80.908 72.0828 60.4509 57.4893 42.6638 39.4209 53.1576 34.5846 34.3887 36.8661 32.047 31.8051 28.7303 35.7764 27.8954 26.9319 25.6238 22.6396 22.5731 21.0584
threshold=0.19999999999999976 347.50000000000006 362.50000000000006 1.8499999999999999 1.0000000180025095e-35 443.50000000000006 72.500000000000014 242.50000000000003 -1.0000000180025095e-35 0.066867513545904325 0.49999999999999961 76.500000000000014 1.3403118893337533 -0.15000000000000033 -0.23537842981696178 26.150000000000002 0.47369649395226454 28.950000000000003 387.50000000000006 0.28313308994381592 1.3403118893337533 24.850000000000005 6.5000000000000009 72.500000000000014 26.014591347961691 0.84999999999999976 -0.80000000000000016 82.781944444444449 30.150000000000002 0.15000000000000038
decision_type=2 2 2 2 2 2 2 2 2 2 2 2 2 2 2 2 2 2 2 2 2 2 2 2 2 2 2 2 2 2
left_child=1 5 3 7 -3 6 11 13 22 12 -5 26 -8 20 -11 16 -9 29 19 -10 -2 -15 23 -6 -13 -17 -1 -20 -19 -4
right_child=2 4 17 10 8 -7 9 15 18 14 -12 24 -14 21 -16 25 -18 28 27 -21 -22 -23 -24 -25 -26 -27 -28 -29 -30 -31
leaf_value=0.01127660842959434 -0.002356617314913277 -0.00032324131906255631 -0.00067583384867881693 -0.0013093269031601406 0.00086346318289557669 -0.004378363799527712 -0.0017865796275035456 -0.00067582063015564472 -0.00067335725726154808 -0.00017321298887507108 -0.00067583384867881693 0.0011065734513078806 -0.00018341408791215929 -0.0023732892599257786 0.0022778978021317257 -0.00066901268254563554 -0.00086063280919738126 -0.00067583384867881693 -0.00067583384867881693 -0.00069701836882669302 0.0013336403911584766 -0.00053754816031774291 -0.00069403966859264265 -0.0007504624263732565 0.0043352901161211833 -0.0007331407940540846 0.0053018801516601932 -0.00067583384867881693 -0.00067585532963054243 -0.00067583384867881693
leaf_weight=2202 1186 10939 8156 962 1149 436 7316 3658 2470 8687 4396 22877 67875 2486 16453 2503 3168 353 5341 1426 6077 1913 2363 4270 2828 351 4885 2402 539 15788
leaf_count=2202 1186 10939 8156 962 1149 436 7316 3658 2470 8687 4396 22877 67875 2486 16453 2503 3168 353 5341 1426 6077 1913 2363 4270 2828 351 4885 2402 539 15788
internal_value=-0.00229641 -0.000517478 -0.00795448 -0.00513801 -0.00462831 0.000417004 0.000467496 -0.00328211 -0.00691922 -4.73927e-05 -0.0125285 0.00204281 -0.000553982 -0.00140187 0.00146772 -0.00554695 -0.00678482 -0.010982 -0.00858376 -0.00628176 0.000237472 -0.00410795 -0.00442888 -0.00322417 0.00130417 -0.00258494 0.00472136 -0.00974109 -0.00517357 -0.0111982
internal_weight=215455 163919 51536 26700 30360 133559 133123 21342 19421 100331 5358 32792 75191 11662 25140 9680 6826 24836 11639 3896 7263 4399 7782 5419 25705 2854 7087 7743 892 23944
internal_count=215455 163919 51536 26700 30360 133559 133123 21342 19421 100331 5358 32792 75191 11662 25140 9680 6826 24836 11639 3896 7263 4399 7782 5419 25705 2854 7087 7743 892 23944
is_linear=0
shrinkage=0.03


Tree=86
num_leaves=31
num_cat=0
split_feature=8 27 27 4 8 27 27 29 8 85 103 12 0 29 33 15 8 90 89 3 33 40 85 101 33 103 102 12 33 8
split_gain=2405.35 698.815 485.505 411.008 250.29 134.554 111.98 92.9554 77.3023 70.8967 73.2481 64.7095 56.5432 58.7237 53.0513 53.5305 39.537 36.6041 35.5115 35.479 42.9153 34.6785 32.3193 27.6765 26.7649 25.1062 24.9267 24.0662 23.7833 22.3025
threshold=0.19999999999999976 377.50000000000006 362.50000000000006 1.8499999999999999 1.0000000180025095e-35 247.50000000000003 247.50000000000003 329.50000000000006 0.49999999999999961 -2.1999999999999971 72.500000000000014 -0.099999999999998743 29.750000000000004 54.500000000000007 -0.97111920233974802 0.061317917492741673 0.69999999999999984 0.59999999999999887 28.950000000000003 26.150000000000002 0.48877522411129348 1.0000000180025095e-35 -1.0000000000000002 -0.00083333333333332775 -0.88620506325989179 44.500000000000007 81.726388888888906 0.09999999999999877 -0.90892157495189674 0.84999999999999976
decision_type=2 2 2 2 2 2 2 2 2 2 2 2 2 2 2 2 2 2 2 2 2 2 2 2 2 2 2 2 2 2
left_child=1 5 3 6 -3 7 16 12 -5 21 -11 -6 13 -1 -7 22 17 -2 27 20 -8 -9 -16 -18 -14 -17 -13 -4 -20 -21
right_child=2 4 18 8 11 14 19 9 -10 10 -12 26 24 -15 15 25 23 -19 28 29 -22 -23 -24 -25 -26 -27 -28 -29 -30 -31
leaf_value=0.0022723623191077055 -0.0020471202066449051 -0.00067523570891239845 -0.00065555883321845245 -0.0013742786078509545 -0.00068524467082975427 -0.0011949642341699622 -0.00066059325677556339 -0.00012565191185070823 -0.00065555883321845245 0.01268059313839375 -0.002017751918890847 -0.00065555883321845245 0.0025954400939110578 4.0394935132362916e-05 -0.00059344322100152776 0.0054651190188013381 -0.001614979432430599 -5.5040711685883092e-05 -0.00065555883321845245 -0.00075459318196836899 -0.00082744488366565724 0.0083870123291940012 -0.00098543922007478441 0.002266537479355226 0.011897674763187135 -2.1537542211676197e-06 -0.00065555883321845245 -0.00065555883321845245 -0.00065555883321845245 -0.00068381724347723152
leaf_weight=15788 1511 6677 5411 952 4406 2878 3609 779 4393 1350 3068 6216 1178 70779 13996 414 931 9229 457 2425 2988 5073 5094 340 1128 21866 3444 18453 436 331
leaf_count=15788 1511 6677 5411 952 4406 2878 3609 779 4393 1350 3068 6216 1178 70779 13996 414 931 9229 457 2425 2988 5073 5094 340 1128 21866 3444 18453 436 331
internal_value=-0.00228032 -0.000505925 -0.00793907 -0.00513347 -0.00565248 0.000238612 -0.00327171 0.000852548 -0.012573 0.00355467 0.000685675 -0.0079228 0.000540259 0.000416724 -0.00113697 -0.000862923 -0.0013549 -0.000762499 -0.0109655 -0.00573284 -0.0069271 0.00572014 -0.0020287 -0.00635613 0.00517555 0.00013599 -0.00929717 -0.0111854 -0.00508389 -0.00287269
internal_weight=215600 164134 51466 26709 20743 143391 21364 99143 5345 10270 4418 14066 88873 86567 44248 41370 12011 10740 24757 9353 6597 5852 19090 1271 2306 22280 9660 23864 893 2756
internal_count=215600 164134 51466 26709 20743 143391 21364 99143 5345 10270 4418 14066 88873 86567 44248 41370 12011 10740 24757 9353 6597 5852 19090 1271 2306 22280 9660 23864 893 2756
is_linear=0
shrinkage=0.03


Tree=87
num_leaves=31
num_cat=0
split_feature=27 4 11 27 83 27 20 83 4 31 83 33 33 83 96 83 103 32 0 2 11 110 89 96 11 27 101 102 32 102
split_gain=2391.22 555.991 413.896 320.851 236.471 167.025 114.837 102.779 110.54 85.5366 71.848 58.1591 54.9505 54.7296 46.8758 43.4088 40.7679 36.7229 49.7035 45.5715 30.9348 28.1502 24.4756 25.5106 23.8328 18.3289 18.1341 18.0451 16.7867 15.9895
threshold=377.50000000000006 2.9000000000000017 -1.0000000180025095e-35 252.50000000000003 -1.0000000180025095e-35 37.500000000000007 90.338095238095249 -0.90000000000000113 1.6500000000000006 -0.5 -0.40000000000000119 -0.52765736634565841 -0.26037106507032781 -0.34999999999999959 30.450000000000003 0.25000000000000006 44.500000000000007 -0.33425342068356556 19.950000000000003 25.950000000000003 1.0000000180025095e-35 2.0238822758814679 28.950000000000003 30.150000000000002 1.0000000180025095e-35 427.50000000000006 -0.0022284295468653027 79.634722222222237 -0.79384350655589164 82.781944444444449
decision_type=2 2 2 2 2 2 2 2 2 2 2 2 2 2 2 2 2 2 2 2 2 2 2 2 2 2 2 2 2 2
left_child=1 3 13 6 11 -3 7 12 -9 -7 24 14 -1 26 -5 21 -13 19 -19 -8 29 -6 27 -24 -4 -15 -2 -22 -28 -12
right_child=2 5 10 4 15 9 17 8 -10 -11 20 16 -14 25 -16 -17 -18 18 -20 -21 22 -23 23 -25 -26 -27 28 -29 -30 -31
leaf_value=-0.00039956619754480171 -0.00079952309140677268 -0.00063589206822189882 -0.00063589206822189882 -0.00085898346291087414 -0.00066974975633373888 -0.0013525699667693589 -0.0046579612135211291 0.0005599185978927651 -0.0010167764217196495 0.023337842759437018 -0.00063589206822189882 0.0059992147015619042 0.0060756561146730424 -0.00063589206822189882 0.0037164550605596021 -0.00060118097817277562 -0.00041031434776684722 -0.0031184045155294893 0.00015575793669366842 -0.00075099474690613834 -0.00063589206822189882 -0.0006794575301918575 -0.00063589206822189882 -0.00063591290474507257 -0.00063589206822189882 -0.00063589206822189882 -0.0010695477650745349 -0.00063589206822189882 0.0006521606195382054 -0.00063589206822189882
leaf_weight=2427 3448 3387 2347 11876 3075 611 1774 84848 558 593 5147 456 8347 2385 902 3122 29738 3287 9164 2805 9485 4743 431 519 2384 1424 469 10852 2280 2617
leaf_count=2427 3448 3387 2347 11876 3075 611 1774 84848 558 593 5147 456 8347 2385 902 3122 29738 3287 9164 2805 9485 4743 431 519 2384 1424 469 10852 2280 2617
internal_value=-0.00231555 -0.000719714 -0.00857339 -0.000436744 -0.00234155 -0.0110181 0.000470361 0.000872418 0.000524079 -0.00141909 -0.0101607 -0.00133898 0.00363341 -0.00321375 -0.00303545 -0.00627913 -0.000620964 -0.00180025 -0.000955268 -0.00409716 -0.0107192 -0.00508377 -0.0113113 -0.00659306 -0.00672971 -0.00604331 -0.00147386 -0.0115314 0.000343636 -0.00909466
internal_weight=215501 171713 43788 167122 53912 4591 113210 96180 85406 1204 33782 42972 10774 10006 12778 10940 30194 17030 12451 4579 29051 7818 21287 950 4731 3809 6197 20337 2749 7764
internal_count=215501 171713 43788 167122 53912 4591 113210 96180 85406 1204 33782 42972 10774 10006 12778 10940 30194 17030 12451 4579 29051 7818 21287 950 4731 3809 6197 20337 2749 7764
is_linear=0
shrinkage=0.03


Tree=88
num_leaves=31
num_cat=0
split_feature=34 5 12 12 29 29 2 96 12 83 90 83 104 40 87 4 2 5 0 0 33 10 33 102 104 102 83 33 99 103
split_gain=2290.72 850.314 707.421 250.138 124.637 72.2724 205.576 114.171 68.9726 67.0431 61.8969 56.3191 50.9453 44.8333 37.4045 30.1818 29.761 28.0806 25.8043 25.5232 22.0486 21.9664 20.9598 17.2202 16.8095 15.3229 16.6652 15.8206 17.531 15.3114
threshold=1.0000000180025095e-35 375.50000000000006 -1.0000000180025095e-35 1.0000000180025095e-35 325.50000000000006 74.500000000000014 21.250000000000004 24.550000000000004 0.09999999999999877 0.25000000000000006 1.0000000000000007 -0.40000000000000119 16.928531682165556 1.0000000180025095e-35 -0.22500000000000001 1.2500000000000002 27.150000000000002 381.50000000000006 29.550000000000004 27.550000000000004 -0.048362832084465616 1.0000000180025095e-35 0.5475998096715059 83.651388888888903 14.291205413466789 83.084722222222226 -0.39999999999999897 1.0000000180025095e-35 18.350000000000005 81.500000000000014
decision_type=2 2 2 2 2 2 2 2 2 2 2 2 2 2 2 2 2 2 2 2 2 2 2 2 2 2 2 2 2 2
left_child=1 3 11 4 5 6 -1 -7 25 14 12 21 -6 -12 20 16 -11 22 29 -16 -5 23 -13 -2 -24 26 -4 -27 -29 -10
right_child=2 -3 8 9 10 7 -8 -9 18 15 13 17 -14 -15 19 -17 -18 -19 -20 -21 -22 -23 24 -25 -26 27 -28 28 -30 -31
leaf_value=0.00041084986917004016 -0.00063870511321474036 -0.00061681530617524189 -0.00061681530617524189 -0.00082917043160203932 -0.00078206061374118093 -0.0014570641010457021 0.013356858370656824 9.4293411756132811e-05 -0.00061681530617524189 -0.00059717491688472549 -0.00077574271840143703 -0.00068027765281309348 0.0050578530567641179 0.0061335162668348878 -0.001097269828107232 -0.00053211825863625493 -0.00019134124476915176 -0.00062356908835610708 -0.00061681530617524189 -0.00053286897032782323 0.001596904794727535 -0.0007381352915914217 -0.00075448524787922078 0.0006968247465269161 0.00080508730263954256 -0.00061681530617524189 -0.00061681530617524189 -0.00061681530617524189 -0.00061597508084852855 -0.00061681530617524189
leaf_weight=27230 6430 3809 1413 2967 5185 23932 2325 67651 6918 3288 1164 3443 2129 7079 9321 826 804 2170 681 2637 2567 1469 797 2328 1104 1924 6853 448 1449 15094
leaf_count=27230 6430 3809 1413 2967 5185 23932 2325 67651 6918 3288 1164 3443 2129 7079 9321 826 804 2170 681 2637 2567 1469 797 2328 1104 1924 6853 448 1449 15094
internal_value=-0.00232935 -0.000572875 -0.0077776 -0.000237483 0.000244155 -8.04861e-05 0.0012094 -0.000496757 -0.0102642 -0.00317523 0.00277189 -0.00290243 0.000762816 0.00455422 -0.00230492 -0.00626957 -0.00521134 -0.00487425 -0.0112398 -0.0032486 -0.000265583 -0.00145336 -0.0037044 -0.000883663 -0.00117508 -0.00843192 -0.00915931 -0.00685636 -0.0049078 -0.0114178
internal_weight=215435 162914 52521 159105 136695 121138 29555 91583 34780 22410 15557 17741 7314 8243 17492 4918 4092 7514 22693 11958 5534 10227 5344 8758 1901 12087 8266 3821 1897 22012
internal_count=215435 162914 52521 159105 136695 121138 29555 91583 34780 22410 15557 17741 7314 8243 17492 4918 4092 7514 22693 11958 5534 10227 5344 8758 1901 12087 8266 3821 1897 22012
is_linear=0
shrinkage=0.03


Tree=89
num_leaves=31
num_cat=0
split_feature=8 27 27 4 8 5 25 15 12 75 27 8 99 24 86 89 24 3 12 3 33 29 99 102 27 102 83 33 8 33
split_gain=2368.04 692.182 484.703 424.232 290.138 110.886 129.577 90.9422 78.041 77.073 76.7258 71.8708 63.101 61.2077 48.5556 44.5095 32.4477 32.2029 31.0315 30.4026 41.7534 28.2339 26.2162 20.5307 21.8106 19.304 18.1547 17.1114 15.9107 15.7125
threshold=0.19999999999999976 367.50000000000006 347.50000000000006 1.8499999999999999 1.0000000180025095e-35 379.50000000000006 1.0000000180025095e-35 0.10021164044839094 -0.099999999999998743 0.46026315789473687 247.50000000000003 0.49999999999999961 26.650000000000002 4.8849307185379631 -0.025000000000000053 28.950000000000003 1.3403118893337533 24.850000000000005 0.09999999999999877 26.150000000000002 0.48877522411129348 54.500000000000007 29.750000000000004 81.726388888888906 402.50000000000006 79.634722222222237 -1.3500000000000012 0.95691861501572195 0.80000000000000038 0.29958852271690523
decision_type=2 2 2 2 2 2 2 2 2 2 2 2 2 2 2 2 2 2 2 2 2 2 2 2 2 2 2 2 2 2
left_child=1 5 3 10 27 6 13 9 -6 -8 14 -5 -9 21 16 18 -2 -16 -4 20 -12 -1 -17 24 -10 -20 -15 -3 -21 -25
right_child=2 4 15 11 8 -7 7 12 23 -11 19 -13 -14 26 17 22 -18 -19 25 28 -22 -23 -24 29 -26 -27 -28 -29 -30 -31
leaf_value=0.0049604389447864116 -0.0021054006501294051 -0.00097759774973141885 -0.00059831084698998467 -0.0013251916203658246 -0.00063706455498540638 -0.0042331991758731615 -0.00046730994288547793 0.0022969441457231666 -0.00059831053444213704 0.0085828871715952007 -0.00063152653766577072 -0.00059831084698998467 -0.00070436945001799752 0.017600584304369924 -0.0022994191522920614 -0.00059831084698998467 0.0011606510187425947 -0.00039512263462919195 -0.00059831084698998467 -0.00074958253853578676 -0.00079995091083111453 0.0013534407493705897 0.0039270227522479207 -0.00059831084698998467 -0.00059831084698998467 -0.00059831084698998467 0.0073843505234473302 0.00076231599040828539 -0.0006683841291147374 -0.00059831084698998467
leaf_weight=3285 1226 6775 6132 865 5005 436 86512 18354 2640 985 3105 4213 6923 374 2553 488 6171 1973 8874 2008 2594 19244 458 2489 4345 10388 3954 1267 361 1475
leaf_count=3285 1226 6775 6132 865 5005 436 86512 18354 2640 985 3105 4213 6923 374 2553 488 6171 1973 8874 2008 2594 19244 458 2489 4345 10388 3954 1267 361 1475
internal_value=-0.00230716 -0.000546646 -0.0079254 -0.00493917 -0.00525441 0.000259909 0.000307129 -0.000138861 -0.00759636 -0.000596756 -0.00297194 -0.0126816 0.00144612 0.0021798 -0.00144289 -0.0107672 5.47445e-05 -0.00388999 -0.0110053 -0.00523113 -0.00641842 0.00155193 -0.0043717 -0.00901507 -0.00999499 -0.0115979 0.00544699 -0.000607982 -0.00237342 -0.00728625
internal_weight=215472 164063 51409 25069 23996 140067 139631 112774 15954 87497 19991 5078 25277 26857 11923 26340 7397 4526 25394 8068 5699 22529 946 10949 6985 19262 4328 8042 2369 3964
internal_count=215472 164063 51409 25069 23996 140067 139631 112774 15954 87497 19991 5078 25277 26857 11923 26340 7397 4526 25394 8068 5699 22529 946 10949 6985 19262 4328 8042 2369 3964
is_linear=0
shrinkage=0.03


Tree=90
num_leaves=31
num_cat=0
split_feature=27 5 12 12 27 27 83 1 3 31 11 29 83 12 103 27 83 3 96 25 22 103 83 103 30 101 5 5 31 83
split_gain=2371.72 824.328 501.66 331.618 182.539 111.945 92.3094 77.1767 61.1265 51.6763 49.8668 49.6887 45.7765 42.9368 41.1255 36.1862 27.0203 26.3257 23.3756 19.1087 25.352 17.8039 17.521 16.0026 13.4881 15.1209 13.2376 12.0675 11.5803 11.3214
threshold=377.50000000000006 381.50000000000006 -1.0000000180025095e-35 1.0000000180025095e-35 167.50000000000003 307.50000000000006 -1.0000000180025095e-35 76.500000000000014 27.650000000000002 -0.68301270189221952 -1.0000000180025095e-35 329.50000000000006 0.54999999999999993 0.09999999999999877 90.500000000000014 277.50000000000006 -0.34999999999999959 28.950000000000003 30.150000000000002 6.5000000000000009 1505.0500000000004 81.500000000000014 0.25000000000000006 84.500000000000014 -0.6830127018922193 -0.0022284295468653027 11.500000000000002 389.50000000000006 -0.24999999999999994 -0.49999999999999906
decision_type=2 2 2 2 2 2 2 2 2 2 2 2 2 2 2 2 2 2 2 2 2 2 2 2 2 2 2 2 2 2
left_child=1 3 10 4 7 8 9 11 12 -6 16 -1 -5 23 -9 -8 24 21 -19 20 -12 -15 28 29 -2 -26 -10 -18 -7 -4
right_child=2 -3 13 5 6 22 15 14 26 -11 19 -13 -14 17 -16 -17 27 18 -20 -21 -22 -23 -24 -25 25 -27 -28 -29 -30 -31
leaf_value=0.0026547562036403952 -0.0011927435156527462 -0.00058036152158028509 -0.00057967765289807535 -0.0010869705979266655 -0.00084976268020159145 -0.00057172959320702591 -0.0010055321964821686 0.00024793701345349417 0.0063785687572344724 -4.4797268866834726e-05 0.00011697849949704867 0.010701610708358667 -0.00071866543713375948 -0.00058036152158028509 0.0029232341706951007 -0.00071576131985594206 -0.00065294152848643092 -0.00058036152158028509 -0.00058038235810345883 -0.0006024609508560769 -0.00060921825928652511 -0.00058036152158028509 -0.00051510466593884916 -0.00058036152158028509 -0.00071013453929856475 0.00073223790820064539 0.00038760092540292702 -0.00097444112913612957 -0.00063856887783409161 -0.00058036152158028509
leaf_weight=11094 1115 3826 731 13566 15358 2444 4195 41789 656 51124 808 3584 1391 6364 11890 4163 1647 410 488 2312 1794 13697 1387 4401 2495 2121 2138 712 2933 4538
leaf_count=11094 1115 3826 731 13566 15358 2444 4195 41789 656 51124 808 3584 1391 6364 11890 4163 1647 410 488 2312 1794 13697 1387 4401 2495 2121 2138 712 2933 4538
internal_value=-0.00233931 -0.000750791 -0.00858425 -0.000436639 0.00011533 -0.00366067 -0.000908326 0.00123607 -0.00240902 -0.000534723 -0.00364706 0.0031637 -0.00316988 -0.0106802 0.000708923 -0.00387965 -0.00219874 -0.0114439 -0.00640712 -0.00603052 -0.00426431 -0.0116691 -0.00694457 -0.00902389 -0.00108601 -0.00037037 0.00166369 -0.00490042 -0.00616679 -0.0101414
internal_weight=215171 171538 43633 167712 143197 24515 74840 68357 17751 66482 13004 14678 14957 30629 53679 8358 8090 20959 898 4914 2602 20061 6764 9670 5731 4616 2794 2359 5377 5269
internal_count=215171 171538 43633 167712 143197 24515 74840 68357 17751 66482 13004 14678 14957 30629 53679 8358 8090 20959 898 4914 2602 20061 6764 9670 5731 4616 2794 2359 5377 5269
is_linear=0
shrinkage=0.03


Tree=91
num_leaves=31
num_cat=0
split_feature=27 8 8 27 4 5 8 14 27 12 8 98 27 27 33 7 33 91 0 24 102 29 32 7 91 12 15 88 88 103
split_gain=2376.17 1000.61 483.493 220.126 215.189 127.173 122.733 93.1302 92.7879 68.7796 65.2084 56.0969 50.6445 41.5606 39.2805 41.0843 37.6035 30.7101 28.7022 25.1923 24.2221 23.7004 22.1242 20.476 18.1035 17.8191 13.9484 13.1694 12.5848 12.4408
threshold=382.50000000000006 0.49999999999999872 0.1000000000000001 252.50000000000003 1.8499999999999999 415.50000000000006 0.15000000000000038 0.080871687784175819 37.500000000000007 -1.0000000180025095e-35 1.0000000180025095e-35 0.39999999999999952 332.50000000000006 267.50000000000006 -0.57077231802681661 0.3499999999999997 -0.23537842981696178 0.3027877157330166 29.650000000000002 1.7530090992182077 79.634722222222237 130.50000000000003 -0.58482361983252518 0.69999999999999984 0.61606573141693843 0.15000000000000038 0.053651943799322442 26.150000000000002 28.950000000000003 85.500000000000014
decision_type=2 2 2 2 2 2 2 2 2 2 2 2 2 2 2 2 2 2 2 2 2 2 2 2 2 2 2 2 2 2
left_child=1 3 10 5 11 7 14 8 -1 -4 26 13 19 22 21 -16 -9 -13 20 -8 28 -5 -3 -14 29 -22 -2 -15 -11 -12
right_child=2 4 9 6 -6 -7 12 16 -10 18 24 17 23 27 15 -17 -18 -19 -20 -21 25 -23 -24 -25 -26 -27 -28 -29 -30 -31
leaf_value=0.0029670055190865506 -0.0013049038211821863 -0.0022458418064298792 -0.00060157414766603913 -0.0019992897481372679 -0.00056295067593287651 -0.0031112567026457321 -0.0008927556003666562 0.0011594746840231124 -0.00010134331636515558 -0.00056295067593287651 -0.00056246534479945445 -0.00073900331185308232 -0.00056018285167655274 -0.00055703272461042814 -0.0012343899328299205 1.0093238787742819e-05 0.0052000286206264424 0.0067998131681013228 -0.00056295067593287651 -0.00083086725047448447 -0.00056295067593287651 -0.00065346281814975037 -0.00056138679863937716 -0.00060935385119958692 0.00032788052576514264 -0.00056295067593287651 -5.865395141308835e-05 -0.00056124402757699778 -0.00056295067593287651 -0.00056162208872482513
leaf_weight=17468 1648 1059 4552 414 4578 642 1956 5706 76181 12202 2128 354 3336 2538 2657 25921 9921 353 561 5470 5586 9733 2633 2176 353 8288 4401 965 589 1163
leaf_count=17468 1648 1059 4552 414 4578 642 1956 5706 76181 12202 2128 354 3336 2538 2657 25921 9921 353 561 5470 5586 9733 2633 2176 353 8288 4401 965 589 1163
internal_value=-0.00231668 -0.000779119 -0.00876989 -0.000146953 -0.00896322 0.000612178 -0.00176206 0.000690447 0.000332675 -0.0105589 -0.00290437 -0.00596356 -0.00429168 -0.00675584 -0.000916826 -0.000347458 0.00283434 0.00209746 -0.0111298 -0.00267403 -0.0112711 -0.0025202 -0.0045329 -0.00647016 -0.00607407 -0.0104 -0.000994215 -0.00909675 -0.0122151 -0.0067664
internal_weight=215532 174061 41471 161581 12480 109918 51663 109276 93649 31778 9693 7902 12938 7195 38725 28578 15627 707 27226 7426 26665 10147 3692 5512 3644 13874 6049 3503 12791 3291
internal_count=215532 174061 41471 161581 12480 109918 51663 109276 93649 31778 9693 7902 12938 7195 38725 28578 15627 707 27226 7426 26665 10147 3692 5512 3644 13874 6049 3503 12791 3291
is_linear=0
shrinkage=0.03


Tree=92
num_leaves=31
num_cat=0
split_feature=8 25 25 4 8 5 25 12 25 15 8 24 24 84 33 89 3 33 25 93 92 92 24 102 8 12 83 33 25 33
split_gain=2350.59 650.949 468.738 417.966 328.329 110.257 114.528 90.3748 89.6968 81.3286 73.9965 63.8414 57.8624 38.4902 37.3506 37.2227 34.1756 42.3799 29.9454 34.9614 28.9626 27.9568 27.7732 25.6538 25.2833 25.1074 24.2717 23.63 19.1695 18.5836
threshold=0.20000000000000198 5.5000000000000009 5.5000000000000009 1.8499999999999999 1.0000000180025095e-35 443.50000000000006 1.0000000180025095e-35 -1.0000000180025095e-35 3.5000000000000004 0.13082744058125156 0.49999999999999961 1.3403118893337533 4.2497037207316621 -0.15000000000000033 -0.23537842981696178 28.950000000000003 26.150000000000002 0.48877522411129348 6.5000000000000009 72.57083333333334 23.14186672849711 25.490903903492818 1.2209606612618826 81.183333333333351 0.84999999999999976 0.09999999999999877 -0.90000000000000113 -0.90892157495189674 6.5000000000000009 0.29958852271690523
decision_type=2 2 2 2 2 2 2 2 2 2 2 2 2 2 2 2 2 2 2 2 2 2 2 2 2 2 2 2 2 2
left_child=1 5 3 8 -3 6 12 18 13 11 -5 -8 21 22 -11 25 17 -10 19 -6 -15 -1 -2 28 -18 -4 -14 -17 -9 -25
right_child=2 4 15 10 7 -7 9 23 16 14 -12 -13 26 20 -16 27 24 -19 -20 -21 -22 -23 -24 29 -26 -27 -28 -29 -30 -31
leaf_value=0.0012268542991613124 -0.002225877253734211 -0.00014994750533070929 -0.00054606215565489028 -0.0011326040936423605 0.00119984541682414 -0.0040360594626555092 -0.0015237613255328743 -0.00054606215565489028 -0.00056645362738181259 -0.00012601499408264411 -0.00054606215565489028 -0.00011826702332040862 0.012978125763735688 -0.0023110981567464519 0.0034877866235735943 -0.00054606215565489028 -0.00068445703037748359 -0.00072510811656640098 -0.00056171746018977224 -0.00059855241257881955 -0.00017485676348793339 0.0064937752137530407 0.0011570302395127912 -0.00054606215565489028 -0.000596456249119982 -0.00054606215565489028 0.0051004221880210643 0.0038435120607015739 -0.00054606215565489028 -0.00054606215565489028
leaf_weight=19044 1003 9486 5453 872 924 437 8858 3735 3706 4387 4340 87879 1302 2526 9134 475 2416 2891 2413 3664 1648 1344 5760 2719 365 18627 5205 425 2933 1644
leaf_count=19044 1003 9486 5453 872 924 437 8858 3735 3706 4387 4340 87879 1302 2526 9134 475 2416 2891 2413 3664 1648 1344 5760 2719 365 18627 5205 425 2933 1644
internal_value=-0.00230737 -0.000574893 -0.00797072 -0.00511145 -0.00478687 0.000267532 0.000315521 -0.00716353 -0.00316672 -0.000112644 -0.0126894 -0.000417261 0.00207075 -0.00132063 0.00206663 -0.0108923 -0.00531933 -0.00649515 -0.00449657 -0.00307256 -0.00358563 0.00128452 7.76168e-05 -0.0088556 -0.00252876 -0.0111162 0.00453365 -0.00489456 -0.010027 -0.00706347
internal_weight=215615 165108 50507 25527 27518 137590 137153 18032 20315 110258 5212 96737 26895 10937 13521 24980 9378 6597 7001 4588 4174 20388 6763 11031 2781 24080 6507 900 6668 4363
internal_count=215615 165108 50507 25527 27518 137590 137153 18032 20315 110258 5212 96737 26895 10937 13521 24980 9378 6597 7001 4588 4174 20388 6763 11031 2781 24080 6507 900 6668 4363
is_linear=0
shrinkage=0.03


Tree=93
num_leaves=31
num_cat=0
split_feature=8 27 27 4 8 27 5 27 15 8 12 85 24 33 102 107 84 33 88 33 75 102 89 24 92 8 102 12 33 103
split_gain=2328.48 679.882 485.614 411.451 274.33 110.29 126.871 100.918 86.9745 78.6567 72.7882 68.5395 65.2909 54.4708 64.4529 48.7432 43.7707 42.0864 37.8278 39.2254 36.1894 32.3503 31.9289 26.8933 26.7444 23.7479 21.7777 21.4132 21.1441 17.5576
threshold=0.20000000000000198 377.50000000000006 362.50000000000006 1.8499999999999999 1.0000000180025095e-35 97.500000000000014 109.50000000000001 247.50000000000003 0.065935253295162463 0.49999999999999961 -0.099999999999998743 -2.800000000000002 8.5035829858429981 0.080547328232315238 81.112357648507256 1.0000000000000011 -0.15000000000000033 0.42763731121559989 26.150000000000002 0.080547328232315238 0.43026315789473696 80.386111111111134 28.950000000000003 1.3403118893337533 22.152281665760864 0.84999999999999976 81.726388888888906 0.09999999999999877 -0.97507822412530132 81.500000000000014
decision_type=2 2 2 2 2 2 2 2 2 2 2 2 2 2 2 2 2 2 2 2 2 2 2 2 2 2 2 2 2 2
left_child=1 5 3 7 -3 6 12 16 11 -5 -6 21 17 20 -15 -13 23 -1 19 -9 -10 -7 27 -2 -18 -20 -12 -4 -24 -29
right_child=2 4 22 9 10 8 -8 18 13 -11 26 15 -14 14 -16 -17 24 -19 25 -21 -22 -23 28 -25 -26 -27 -28 29 -30 -31
leaf_value=0.00062777261291189872 -0.0018807364747113386 -0.00044957904343183758 -0.00052968029098524353 -0.0010575169452209819 -0.00056391878811382296 -0.00037224268802716758 -0.003850548622079091 -0.00051575573539217707 -0.00050247899322302173 -0.00052968029098524353 -0.00052968029098524353 -0.0011897062287112327 0.0097624888106410609 0.00028918702335612665 0.0033612249960522454 -0.00046108753920626639 -0.002222923222937003 0.0035611845047608271 -0.00057082594182085932 -0.00065216010167191919 0.011392926301518471 0.0012929508475257366 -0.00052968029098524353 0.001137277105317662 -0.00038166316987903442 -0.00055630113117676318 -0.00052968029098524353 -0.00052968029098524353 -0.00066136751747593748 -0.00052968029098524353
leaf_weight=26413 1161 6650 5213 886 4450 10142 447 2446 21756 4403 6370 18854 1721 18863 8730 15823 2473 14704 2368 3961 619 5782 314 5940 1989 329 3508 5609 564 12755
leaf_count=26413 1161 6650 5213 886 4450 10142 447 2446 21756 4403 6370 18854 1721 18863 8730 15823 2473 14704 2368 3961 619 5782 314 5940 1989 329 3508 5609 564 12755
internal_value=-0.00234313 -0.000617534 -0.0079853 -0.00512694 -0.00566281 0.000118244 0.0013844 -0.00321584 -0.000426718 -0.0125926 -0.00799986 -0.00130341 0.00155046 0.000461086 0.00135301 -0.00205159 -0.0013555 0.00131074 -0.00557825 -0.00683287 -0.000638854 0.000325903 -0.0110188 0.000107716 -0.00368362 -0.00259637 -0.00943517 -0.0112281 -0.00539249 -0.0117109
internal_weight=215243 164832 50411 25956 20978 143854 43285 20667 100569 5289 14328 50601 42838 49968 27593 34677 11563 41117 9104 6407 22375 15924 24455 7101 4462 2697 9878 23577 878 18364
internal_count=215243 164832 50411 25956 20978 143854 43285 20667 100569 5289 14328 50601 42838 49968 27593 34677 11563 41117 9104 6407 22375 15924 24455 7101 4462 2697 9878 23577 878 18364
is_linear=0
shrinkage=0.03


Tree=94
num_leaves=31
num_cat=0
split_feature=27 8 8 4 8 27 24 12 8 29 29 98 90 32 75 33 20 104 27 85 2 89 102 96 91 103 32 32 12 12
split_gain=2353.91 953.664 551.447 224.514 175.209 154.425 80.634 76.3188 69.523 63.3872 61.4736 55.6603 48.5233 50.9607 48.039 44.4749 43.9796 44.7599 40.4371 40.0658 36.0139 27.3765 35.3342 28.3456 26.2171 23.0654 21.5365 21.0866 19.669 18.8321
threshold=377.50000000000006 0.49999999999999961 0.1000000000000001 1.8499999999999999 1.0000000180025095e-35 322.50000000000006 1.2268446188580315 -1.0000000180025095e-35 1.0000000180025095e-35 329.50000000000006 196.50000000000003 0.39999999999999952 2.4999999999999978 0.29342972903661901 0.4763157894736843 0.080547328232315238 81.534523809523833 17.507133649614875 252.50000000000003 -1.4999999999999993 18.250000000000004 28.950000000000003 79.634722222222237 30.150000000000002 0.30469927992835788 93.500000000000014 -0.58482361983252518 -0.42180583328916638 0.15000000000000038 -1.0000000180025095e-35
decision_type=2 2 2 2 2 2 2 2 2 2 2 2 2 2 2 2 2 2 2 2 2 2 2 2 2 2 2 2 2 2
left_child=1 4 8 11 9 6 25 -4 -2 12 -8 18 14 -14 -1 27 20 -18 26 -17 -11 22 -9 -23 -13 -6 -3 -7 -24 -10
right_child=2 3 7 -5 5 15 10 21 29 16 -12 24 13 -15 -16 19 17 -19 -20 -21 -22 23 28 -25 -26 -27 -28 -29 -30 -31
leaf_value=0.00018899461886486918 -0.0005755965090270352 -0.0021959246650211711 -0.00055123949408986985 -0.00051378988225568622 -0.001105888466834249 -0.00058217523504974333 -0.00074241652710220149 -0.00051378988225568622 -0.00053243400809606237 0.0017768804768127169 0.00083198199389767746 -0.0006960718314454775 2.2308331495866084e-05 0.010979188663471568 0.013509317413541206 -9.6147952038146122e-06 -0.0019539241299337267 0.0077653248667702924 -0.00050399592399481884 -0.00058406599157920062 0.0086407918432961344 -0.00051378988225568622 -0.00051378988225568622 -0.00051378988225568622 0.0067968505314199264 -0.0021993442735927416 -0.00056908406765467405 -0.00057384635226851008 -0.00051378988225568622 -0.00051252021893651489
leaf_weight=64702 6660 954 4941 4551 4435 2282 34524 12628 1989 2740 26358 330 1689 2063 848 3425 1344 870 3654 2903 3726 587 5794 683 348 2907 2363 4656 8535 1938
leaf_count=64702 6660 954 4941 4551 4435 2282 34524 12628 1989 2740 26358 330 1689 2063 848 3425 1344 870 3654 2903 3726 587 5794 683 348 2907 2363 4656 8535 1938
internal_value=-0.00232414 -0.000740944 -0.00853563 -0.00882469 -0.000122466 -0.00109521 -0.000519311 -0.0104384 -0.00257414 0.000894041 -0.000161129 -0.00568431 0.000591316 0.00390887 0.000401367 -0.00405668 0.00331068 -0.0003386 -0.00648236 -0.00223732 0.00456007 -0.0110406 -0.0112436 -0.00672699 0.00251841 -0.00348904 -0.00408228 -0.00571552 -0.0102216 -0.00573956
internal_weight=215427 171672 43755 12200 159472 81490 68224 33168 10587 77982 60882 7649 69302 3752 65550 13266 8680 2214 6971 6328 6466 28227 26957 1270 678 7342 3317 6938 14329 3927
internal_count=215427 171672 43755 12200 159472 81490 68224 33168 10587 77982 60882 7649 69302 3752 65550 13266 8680 2214 6971 6328 6466 28227 26957 1270 678 7342 3317 6938 14329 3927
is_linear=0
shrinkage=0.03


Tree=95
num_leaves=31
num_cat=0
split_feature=27 8 8 8 4 27 12 5 110 8 83 98 8 94 5 0 102 104 110 15 12 7 33 21 32 33 27 83 15 27
split_gain=2331.34 911.396 633.718 171.048 145.19 124.825 85.6923 79.5658 71.7707 70.6377 62.9352 59.4971 46.8747 43.6691 40.6082 26.8944 28.5004 24.7558 26.0501 23.9521 23.8 22.0069 21.5328 19.7734 25.005 18.6165 18.0733 16.3369 15.4449 15.1026
threshold=367.50000000000006 0.59999999999999887 0.1000000000000001 1.0000000180025095e-35 1.8499999999999999 312.50000000000006 -1.0000000180025095e-35 403.50000000000006 1.2268446188580315 1.0000000180025095e-35 -1.1499999999999984 0.3499999999999997 0.15000000000000038 44.500000000000007 129.50000000000003 29.550000000000004 79.634722222222237 11.69941147399353 1.6600178509998351 0.083208946715848872 0.15000000000000038 0.75000000000000011 0.64414586362404946 0.98849311786595995 0.29342972903661901 0.28313308994381592 422.50000000000006 -0.40000000000000119 0.050839112744180369 422.50000000000006
decision_type=2 2 2 2 2 2 2 2 2 2 2 2 2 2 2 2 2 2 2 2 2 2 2 2 2 2 2 2 2 2
left_child=1 3 9 10 11 7 27 8 -5 28 17 23 25 -12 -15 16 29 -1 -19 22 -18 -14 -11 -3 -25 -7 -24 -4 -2 -8
right_child=2 4 6 5 -6 12 15 -9 -10 19 13 -13 21 14 -16 -17 20 18 -20 -21 -22 -23 26 24 -26 -27 -28 -29 -30 -31
leaf_value=-0.001654445506450375 -0.0012273278594163506 -0.00051983446445832667 -0.00063045455327582405 -0.001470424631265504 -0.00049837618578801564 -0.00087158043008901621 -0.00049837618578801564 -0.00089862954234926464 -0.00010902094432073073 -0.00049674863496864156 0.011997062275372016 0.0047782119157480565 -0.00056992773475215888 0.0012326363809152185 -0.00015635494012343208 -0.00049837618578801564 -0.00049837618578801564 0.0018985868062057409 0.0070674677295751919 -0.00050754166588838677 -0.00049837618578801564 -0.00063528422584059228 -0.00057132087220369799 -0.0011716088690683463 0.00051774686927114305 -0.00017143977702363324 -0.00049791264172976285 -0.00052022237297821069 5.2983949591850347e-05 -0.00049837618578801564
leaf_weight=599 1952 2162 2352 7434 4008 4246 5342 598 60374 2050 348 369 4210 39177 30342 823 6615 1896 4373 1129 8732 2303 752 1261 515 3151 568 3313 5993 8451
leaf_count=599 1952 2162 2352 7434 4008 4246 5342 598 60374 2050 348 369 4210 39177 30342 823 6615 1896 4373 1129 8732 2303 752 1261 515 3151 568 3313 5993 8451
internal_value=-0.00233899 -0.00066644 -0.00816196 -0.000160231 -0.0103481 -0.0011101 -0.0101976 -0.000583274 -0.000487103 -0.00233347 0.000858723 -0.00652159 -0.00370067 0.000589326 0.000536177 -0.0108375 -0.0109886 0.00359878 0.0041555 -0.00533667 -0.0100968 -0.00555649 -0.00660338 -0.00760091 -0.00525042 -0.0020661 -0.0036109 -0.00681168 -0.000632394 -0.0119802
internal_weight=215438 167366 48072 159051 8315 82316 35628 68406 67808 12444 76735 4307 13910 69867 69519 29963 29140 6868 6269 4499 15347 6513 3370 3938 1776 7397 1320 5665 7945 13793
internal_count=215438 167366 48072 159051 8315 82316 35628 68406 67808 12444 76735 4307 13910 69867 69519 29963 29140 6868 6269 4499 15347 6513 3370 3938 1776 7397 1320 5665 7945 13793
is_linear=0
shrinkage=0.03


Tree=96
num_leaves=31
num_cat=0
split_feature=25 8 8 4 20 12 110 75 25 8 89 102 32 96 90 0 79 100 100 0 25 25 98 95 97 89 25 21 109 102
split_gain=2249.64 850.313 722.549 247.324 122.388 108.322 106.983 100.716 102.048 78.5238 49.2957 39.241 38.5251 100.304 71.9569 62.2036 39.1705 38.1002 34.0194 32.8016 33.0867 31.1277 28.4783 28.1879 30.3916 25.6884 36.5303 24.061 21.9777 21.4231
threshold=5.5000000000000009 0.49999999999999961 0.1000000000000001 1.3499999999999999 93.017261904761924 -1.0000000180025095e-35 11.188534670242447 0.53473684210526329 2.5000000000000004 1.0000000180025095e-35 25.950000000000003 85.219444444444449 0.71503381463111937 21.750000000000004 0.65000000000000047 26.050000000000004 1.0000000180025095e-35 0.3499999999999997 1.6000000000000008 29.550000000000004 6.5000000000000009 1.5000000000000002 0.3499999999999997 19.350000000000005 19.550000000000004 24.550000000000004 6.5000000000000009 1.1122075569413628 1.1500000000000006 79.634722222222237
decision_type=2 2 2 2 2 2 2 2 2 2 2 2 2 2 2 2 2 2 2 2 2 2 2 2 2 2 2 2 2 2
left_child=1 4 9 10 6 -4 7 8 -1 -2 22 18 15 14 -14 17 -15 -6 -12 20 -7 -5 27 -8 -25 26 -11 -3 -17 -22
right_child=2 3 5 21 12 19 23 -9 -10 25 11 -13 13 16 -16 28 -18 -19 -20 -21 29 -23 -24 24 -26 -27 -28 -29 -30 -31
leaf_value=0.00079697969276638079 -0.00026483176338215771 -0.00050828115416056818 -0.00053648763259652864 -0.0004834249002143752 0.003450584839616131 -0.0004834249002143752 0.0082458642958665798 0.014586059163512567 -0.00045213103444990618 -0.00051549915557085307 0.0051307590051922203 0.0062170348089062221 -0.0030881076070511642 0.012509134645259982 0.000587868299716028 -0.00066901186716887009 -0.00095953813383985317 -0.0024899284334324676 -0.002742103549062794 -0.0004834249002143752 -0.0004834249002143752 -0.00077774753325302612 0.0021085058897634778 -0.0039152664717476927 0.0049790252642245353 -0.00048147542066763341 -0.00048324106006267492 -0.00075454585900125611 0.018755784251140432 -0.0004834249002143752
leaf_weight=71541 9440 2574 6335 3315 308 11919 1285 1533 64354 2095 464 477 1147 1355 1188 2038 482 4630 611 864 9034 2168 435 346 1048 1612 1416 1144 322 9657
leaf_count=71541 9440 2574 6335 3315 308 11919 1285 1533 64354 2095 464 477 1147 1355 1188 2038 482 4630 611 864 9034 2168 435 346 1048 1612 1416 1144 322 9657
internal_value=-0.00234721 -0.000607037 -0.00775533 -0.0085879 -1.79116e-05 -0.00994221 0.000226004 0.000110239 2.39521e-05 -0.00207738 -0.00421399 0.000347714 -0.00299712 -0.00069734 -0.00482235 -0.00431155 0.0045457 -0.00622596 -0.00282993 -0.0106627 -0.0108255 -0.0131373 -0.00591839 0.00616231 0.0032043 -0.00506733 -0.00362614 -0.00676795 -0.000304956 -0.0116143
internal_weight=215137 162765 52372 11188 151577 37809 140107 137428 135895 14563 5705 1552 11470 4172 2335 7298 1837 4938 1075 31474 30610 5483 4153 2679 1394 5123 3511 3718 2360 18691
internal_count=215137 162765 52372 11188 151577 37809 140107 137428 135895 14563 5705 1552 11470 4172 2335 7298 1837 4938 1075 31474 30610 5483 4153 2679 1394 5123 3511 3718 2360 18691
is_linear=0
shrinkage=0.03


Tree=97
num_leaves=31
num_cat=0
split_feature=27 8 8 4 27 8 110 110 5 12 12 27 23 7 32 2 96 7 0 8 101 101 103 33 32 96 93 103 93 8
split_gain=2325.13 963.143 511.175 226.519 192.461 126.071 106.281 92.4964 83.2202 65.5216 61.8062 51.8131 39.5563 48.6187 38.6496 62.6676 44.1784 30.4611 27.8594 26.4507 26.3544 25.976 22.7344 20.1983 18.4153 17.9782 17.9082 17.7472 17.5817 15.7792
threshold=382.50000000000006 0.49999999999999872 0.1000000000000001 1.8499999999999999 307.50000000000006 0.15000000000000038 1.3403118893337533 11.188534670242447 415.50000000000006 -1.0000000180025095e-35 -1.0000000180025095e-35 277.50000000000006 18.905165994335313 0.3499999999999997 0.71503381463111937 26.150000000000002 21.550000000000004 0.75000000000000011 29.550000000000004 1.0000000180025095e-35 0.0011111111111111148 0.00096789096789096942 81.500000000000014 -0.54219087765047058 -0.58482361983252518 18.150000000000002 78.965277777777786 90.500000000000014 93.068055555555574 1.0000000180025095e-35
decision_type=2 2 2 2 2 2 2 2 2 2 2 2 2 2 2 2 2 2 2 2 2 2 2 2 2 2 2 2 2 2
left_child=1 4 9 11 6 12 14 8 -8 27 -4 21 13 -6 15 -1 -16 28 22 -14 -13 24 -12 -24 -3 -9 -19 29 -7 -2
right_child=2 3 10 -5 5 17 7 25 -10 -11 18 20 19 -15 16 -17 -18 26 -20 -21 -22 -23 23 -25 -26 -27 -28 -29 -30 -31
leaf_value=-0.0030590871598319604 -0.00089701229868590282 -0.0019714801520576983 -0.00050337682754913993 -0.00046892215320794392 -0.0014336158952123169 -0.00047307028894524601 0.00041577787398451804 0.008723869292570418 -0.0028028893589595798 -0.00046847803067598978 -0.00046892215320794392 -0.00046414845959585286 -0.0003956116495745912 0.00039936609783757627 -0.0016424439060792131 -0.00041325284288985461 0.0044495013243180375 0.00046145312552737443 -0.00046892215320794392 -0.00059429244390087825 5.2783995091675024e-06 0.0037301280442345024 -0.00046892215320794392 -0.00046892215320794392 -0.00045299227264412011 0.0035338647372970189 -0.00052971252230489714 0.0011009348277520572 -0.00046436959070052296 -0.00049649238308620931
leaf_weight=4761 4484 1145 4537 4636 590 4464 115826 1119 504 2343 8588 3201 6249 8806 2801 3739 2205 845 771 5865 302 436 7718 10309 2817 1208 2076 1331 626 1542
leaf_count=4761 4484 1145 4537 4636 590 4464 115826 1119 504 2343 8588 3201 6249 8806 2801 3739 2205 845 771 5865 302 436 7718 10309 2817 1208 2076 1331 626 1542
internal_value=-0.00235183 -0.000829889 -0.00872201 -0.00883993 -0.000208739 -0.00239872 0.000280447 0.000567471 0.000448977 -0.00269044 -0.0105546 -0.00574981 -0.00120218 0.000258593 -0.00224106 -0.00347253 -0.00014979 -0.00561096 -0.0110921 -0.00233512 -0.00847175 -0.00358036 -0.0112551 -0.0106476 -0.00434519 0.0064884 -0.00316735 -0.00129859 -0.00701237 -0.00199104
internal_weight=215844 174221 41623 12537 161684 29521 132163 118657 116330 9700 31923 7901 21510 9396 13506 8500 5006 8011 27386 12114 3503 4398 26615 18027 3962 2327 2921 7357 5090 6026
internal_count=215844 174221 41623 12537 161684 29521 132163 118657 116330 9700 31923 7901 21510 9396 13506 8500 5006 8011 27386 12114 3503 4398 26615 18027 3962 2327 2921 7357 5090 6026
is_linear=0
shrinkage=0.03


Tree=98
num_leaves=31
num_cat=0
split_feature=25 8 8 112 25 5 8 20 8 8 20 15 89 85 90 98 33 25 31 96 90 32 32 25 92 25 20 110 5 83
split_gain=2215.28 846.504 751.389 165.338 139.259 144.056 86.352 85.7013 85.1961 74.542 73.0137 51.6751 42.6581 32.8375 33.8944 31.2742 28.8648 31.1919 28.8142 26.5091 22.3673 31.7274 21.6948 21.3534 20.1688 20.1202 22.1485 19.8429 19.8187 19.6701
threshold=5.5000000000000009 0.59999999999999887 0.1000000000000001 1.3499999999999999 3.5000000000000004 247.50000000000003 0.19999999999999976 47.036274509803924 1.0000000180025095e-35 0.20000000000000198 94.21702898550727 0.093637701655591085 28.950000000000003 -1.5999999999999985 1.3500000000000016 0.3499999999999997 0.64414586362404946 6.5000000000000009 -0.68301270189221952 30.150000000000002 1.5000000000000029 -0.35846811432664222 0.68432406471780916 1.5000000000000002 13.528864038945478 6.5000000000000009 74.653571428571453 2.1744467022772462 411.50000000000006 -0.34999999999999959
decision_type=2 2 2 2 2 2 2 2 2 2 2 2 2 2 2 2 2 2 2 2 2 2 2 2 2 2 2 2 2 2
left_child=1 4 8 15 5 7 13 -1 24 11 -9 25 -11 18 -15 20 29 -18 -6 -14 -3 -22 27 -5 28 26 -4 -8 -2 -10
right_child=2 3 9 23 6 -7 22 10 16 12 -12 -13 19 14 -16 -17 17 -19 -20 -21 21 -23 -24 -25 -26 -27 -28 -29 -30 -31
leaf_value=0.0076304639880478186 0.0011155022112971278 -0.00047799123138750577 -0.0004548544886117056 -0.0004548544886117056 -0.00085412124084557721 -0.0018669030970498873 -0.00065933901086794153 0.00062980820729440336 -0.00047709437947516544 -0.0004548544886117056 -0.0025501275622562859 -0.00050960652167384118 -0.0004548544886117056 -0.0010145037208529131 0.0031663745014393813 0.0035743415329669926 0.00081701378188611846 -0.00045497230692207271 0.00011500738213244765 -0.00045092345814876816 -0.0025584857681422322 0.0063666111354625616 -0.00058060528371384722 -0.00060420777635215731 -0.0010299355895006814 -0.0004548544886117056 -0.0004548544886117056 -0.00072045404178252572 -0.0011243767144604826 -0.00045334757237927364
leaf_weight=1739 2351 1904 828 3171 6983 836 2101 98441 1220 23935 4513 2101 353 11577 676 306 1178 897 22424 565 359 560 2459 1752 6579 4447 5633 3528 550 1785
leaf_count=1739 2351 1904 828 3171 6983 836 2101 98441 1220 23935 4513 2101 353 11577 676 306 1178 897 22424 565 359 560 2459 1752 6579 4447 5633 3528 550 1785
internal_value=-0.00233414 -0.000611921 -0.00769986 -0.0100956 -0.000120075 0.000496778 -0.00142857 0.000595879 -0.00190784 -0.00992711 0.000484289 -0.0080857 -0.0108906 -0.000877799 -0.00218255 -0.00470128 -0.00504231 -0.00231936 -0.000334093 -0.00453754 -0.00568874 -0.00184239 -0.00426505 -0.0135225 -0.000227824 -0.00891557 -0.00784355 -0.00323712 0.00185562 -0.00692116
internal_weight=215751 163329 52422 8052 155277 105529 49748 104693 14560 37862 102954 13009 24853 41660 12253 3129 5080 2075 29407 918 2823 919 8088 4923 9480 10908 6461 5629 2901 3005
internal_count=215751 163329 52422 8052 155277 105529 49748 104693 14560 37862 102954 13009 24853 41660 12253 3129 5080 2075 29407 918 2823 919 8088 4923 9480 10908 6461 5629 2901 3005
is_linear=0
shrinkage=0.03


Tree=99
num_leaves=31
num_cat=0
split_feature=27 8 8 4 27 8 5 27 15 12 8 27 24 92 7 8 7 89 102 4 98 93 15 12 88 4 98 83 102 15
split_gain=2334.79 915.188 474.26 241.786 185.466 124.083 102.993 98.5151 85.98 62.7794 62.0234 52.6077 50.1625 40.2743 38.5066 32.1478 26.3225 26.1271 34.2828 24.5111 23.7133 19.7786 19.5411 19.2616 18.7797 22.8392 17.0454 15.1518 14.991 14.2946
threshold=382.50000000000006 0.49999999999999872 0.1000000000000001 1.8499999999999999 317.50000000000006 0.15000000000000038 443.50000000000006 47.500000000000007 0.09099264265290595 -1.0000000180025095e-35 1.0000000180025095e-35 282.50000000000006 4.4439978718063564 18.55725210097199 0.3499999999999997 1.0000000180025095e-35 0.69999999999999984 28.950000000000003 79.634722222222237 0.84999999999999976 0.3499999999999997 78.965277777777786 0.092226079378476003 0.15000000000000038 26.150000000000002 1.2500000000000002 -1.900000000000001 -0.40000000000000119 81.661580486303492 0.053572908238882826
decision_type=2 2 2 2 2 2 2 2 2 2 2 2 2 2 2 2 2 2 2 2 2 2 2 2 2 2 2 2 2 2
left_child=1 4 10 11 6 13 7 12 -9 27 29 20 -1 14 -6 -15 -7 18 -11 -19 26 -18 28 -20 -13 -26 -3 -4 -12 -2
right_child=2 3 9 -5 5 16 -8 8 -10 17 22 24 -14 15 -16 -17 21 19 23 -21 -22 -23 -24 -25 25 -27 -28 -29 -30 -31
leaf_value=0.0016475976188664711 -0.0011347653404756479 -0.0014653577779105964 -0.00056897755188870143 -0.00044120885395335444 -0.0011977077213333369 -0.00044030945059252673 -0.0027109831754028682 -0.00041060563219093971 0.0012572703257463941 -0.00044120885395335444 -0.00044077452054804792 -0.00043660572736451553 0.0072847597371940463 -0.0002712157178888348 0.00037990542316065299 -0.00055847861464691675 0.00035265004217542443 -0.00044120885395335444 -0.00044120885395335444 -0.00044120822885765923 0.0031352085195612855 -0.00050037842401134296 -0.0005273131702997209 -0.00044120885395335444 0.00082268056870771829 -0.00043894446125221348 -0.00068094206490438105 -0.00045689839163540983 -0.00044007108715318359 -0.00012035534926252116
leaf_weight=18582 1652 851 1926 4614 501 4365 664 80946 31118 12249 1914 2408 4926 5277 7691 5057 799 728 5419 502 446 1945 788 8305 437 465 3232 2596 938 4461
leaf_count=18582 1652 851 1926 4614 501 4365 664 80946 31118 12249 1914 2408 4926 5277 7691 5057 799 728 5419 502 446 1945 788 8305 437 465 3232 2596 938 4461
internal_value=-0.00233699 -0.000814857 -0.00873406 -0.00865144 -0.000211927 -0.00255286 0.000228572 0.00028634 -8.40584e-05 -0.0105127 -0.00294802 -0.00544324 0.00205198 -0.00125978 0.000311241 -0.00250508 -0.00592194 -0.011057 -0.0112595 -0.00677498 -0.00334106 -0.00361749 -0.00604779 -0.0102273 -0.00831773 -0.00461794 -0.00405852 -0.00723635 -0.00720294 -0.00110157
internal_weight=215802 174324 41478 12453 161871 25635 136236 135572 112064 31725 9753 7839 23508 18526 8192 10334 7109 27203 25973 1230 4529 2744 3640 13724 3310 902 4083 4522 2852 6113
internal_count=215802 174324 41478 12453 161871 25635 136236 135572 112064 31725 9753 7839 23508 18526 8192 10334 7109 27203 25973 1230 4529 2744 3640 13724 3310 902 4083 4522 2852 6113
is_linear=0
shrinkage=0.03


Tree=100
num_leaves=31
num_cat=0
split_feature=27 8 8 112 27 8 8 24 20 103 27 15 33 29 2 100 90 112 95 85 95 8 103 8 91 88 96 33 84 93
split_gain=2292.53 879.276 516.787 243.528 186.801 114.542 101.256 100.934 90.3103 96.4979 58.0098 48.2892 37.1592 28.6882 28.3705 26.6991 25.6525 21.9149 19.4056 27.3647 19.5976 19.3265 19.0391 22.4657 18.8136 18.6923 19.9609 19.6101 18.6699 18.2513
threshold=382.50000000000006 0.49999999999999872 1.0000000180025095e-35 1.8499999999999999 322.50000000000006 0.15000000000000038 0.15000000000000038 11.188534670242447 93.151086956521752 90.500000000000014 282.50000000000006 0.082270052764774226 -0.57077231802681661 140.50000000000003 30.450000000000003 2.2500000000000004 1.3 1.2500000000000002 19.350000000000005 -2.9499999999999988 14.750000000000002 1.0000000180025095e-35 81.500000000000014 0.75000000000000011 0.11714519181065204 26.150000000000002 28.150000000000002 0.48877522411129348 -1.3500000000000012 78.965277777777786
decision_type=2 2 2 2 2 2 2 2 2 2 2 2 2 2 2 2 2 2 2 2 2 2 2 2 2 2 2 2 2 2
left_child=1 4 -2 10 7 12 11 8 9 -1 15 28 21 -10 22 17 -7 -3 20 -20 -9 -6 -8 -24 -14 27 -27 -12 -4 -18
right_child=2 3 6 -5 5 16 14 18 13 -11 25 -13 24 -15 -16 -17 29 -19 19 -21 -22 -23 23 -25 -26 26 -28 -29 -30 -31
leaf_value=-6.7774719784515213e-05 -0.00051358190888764997 -0.00017030644435284172 -0.00043277727347335276 -0.00042797258833475379 -0.00074802951957388824 -0.00042710016707475093 -0.00042797258833475379 0.0031003773642446766 -0.00058927990660070483 0.0020998414385703388 -0.00041437605527461907 -0.00049044018041862511 -0.00064256931461848779 -0.0018719329493334053 -0.00042797198199192948 -0.0015507012484168602 0.0013541694105881875 -0.0011123249029849692 0.00047133961886152483 0.01381882495323462 0.014170290511189862 -0.00053218969386502725 -0.00042797258833475379 -0.00042797258833475379 -8.3467995149541784e-05 0.0015409897795528431 -0.00044971847008127398 -0.00047249637812876521 -0.00042797258833475379 -0.00054782351362620235
leaf_weight=105262 6081 3026 774 4601 2083 5062 8791 582 4583 20763 1482 1950 1271 5303 345 841 507 617 897 406 593 2253 14536 3698 11339 310 606 936 5314 1051
leaf_count=105262 6081 3026 774 4601 2083 5062 8791 582 4583 20763 1482 1950 1271 5303 345 841 507 617 897 406 593 2253 14536 3698 11339 310 606 936 5314 1051
internal_value=-0.00234557 -0.000837505 -0.00868366 -0.00853019 -0.000247567 -0.00271651 -0.0100712 0.000172881 6.34602e-05 0.000280061 -0.00530631 -0.00710909 -0.0014091 -0.00269748 -0.0109408 -0.00307692 -0.00606253 -0.0019635 0.00617184 0.00364647 0.00896684 -0.00380447 -0.0110499 -0.0104947 -0.000585203 -0.00830285 -0.00464558 -0.00968582 -0.00842503 -0.00269403
internal_weight=215863 174374 41489 12419 161955 23566 35408 138389 135911 126025 7818 8038 16946 9886 27370 4484 6620 3643 2478 1303 1175 4336 27025 18234 12610 3334 916 2418 6088 1558
internal_count=215863 174374 41489 12419 161955 23566 35408 138389 135911 126025 7818 8038 16946 9886 27370 4484 6620 3643 2478 1303 1175 4336 27025 18234 12610 3334 916 2418 6088 1558
is_linear=0
shrinkage=0.03


Tree=101
num_leaves=31
num_cat=0
split_feature=25 5 8 8 25 12 93 75 4 8 24 89 25 29 100 25 33 25 23 15 0 25 15 33 0 8 84 63 8 104
split_gain=2225.55 823.155 745.298 274.4 126.606 117.91 89.3717 93.915 78.5974 77.9446 49.0174 41.4557 35.6008 30.2813 29.2418 28.6747 27.6515 36.5291 24.4863 23.4168 21.9081 19.1954 18.5042 17.88 17.4116 14.3237 13.0572 11.6821 10.8706 10.8335
threshold=5.5000000000000009 355.50000000000006 0.1000000000000001 0.49999999999999961 1.0000000180025095e-35 -1.0000000180025095e-35 93.556944444444454 0.46026315789473687 1.2500000000000002 1.0000000180025095e-35 4.5368431329940044 25.950000000000003 6.5000000000000009 140.50000000000003 1.6000000000000008 4.5000000000000009 0.64414586362404946 6.5000000000000009 26.014591347961691 0.082270052764774226 29.650000000000002 6.5000000000000009 0.050839112744180369 0.063390085881955341 12.250000000000002 0.70000000000000073 -0.90000000000000113 0.0099999999999999846 0.49999999999999961 14.191989762055238
decision_type=2 2 2 2 2 2 2 2 2 2 2 2 2 2 2 2 2 2 2 2 2 2 2 2 2 2 2 2 2 2
left_child=1 3 9 4 10 21 7 -6 11 22 18 15 25 -8 -13 -5 19 -18 -1 -11 29 23 -2 -4 -12 27 -25 -7 -3 -14
right_child=2 28 5 8 6 12 13 -9 -10 16 24 14 20 -15 -16 -17 17 -19 -20 -21 -22 -23 -24 26 -26 -27 -28 -29 -30 -31
leaf_value=0.0011385300316845771 -0.0010846559263430846 -0.0024561032380233236 -0.0004567312426138905 -0.00055985073137417214 -0.00024849629389522284 -0.00041513341068471116 -0.00056164542008508265 0.0097845340179364935 -0.0008176894662430558 -0.00041370583494325727 -0.0030088316128795145 0.0052335532302914475 -0.00041513341068471116 -0.0020137718422050888 -0.0015264182977443167 -0.00033848868920241087 0.00085266074103164022 -0.00041526072444792643 0.0040713486310861016 -0.00047468711529539406 -0.00041513341068471116 -0.00044240015438683548 0.00017470280259637746 -0.00019754361518207252 0.0070532631621422004 -0.00041513341068471116 -0.00056025416413071579 -0.0004145481830098501 -0.00041513341068471116 -0.00041513341068471116
leaf_weight=19927 2333 712 1999 2864 116937 10311 2481 1761 2607 2313 301 768 2770 2108 668 1116 1213 889 2374 704 456 2417 7149 897 5151 1357 1084 453 3188 16151
leaf_count=19927 2333 712 1999 2864 116937 10311 2481 1761 2607 2313 301 768 2770 2108 668 1116 1213 889 2374 704 456 2417 7149 897 5151 1357 1084 453 3188 16151
internal_value=-0.00235819 -0.000627654 -0.00773016 -0.00029375 -6.55451e-06 -0.00994894 -0.000418654 -0.000259817 -0.00569978 -0.00197131 0.00182406 -0.00363855 -0.0107032 -0.00452614 0.000730689 -0.00521477 -0.0049541 -0.00231098 0.00120056 -0.00679423 -0.011502 -0.00623398 -0.000360645 -0.00495102 0.00437374 -0.00942542 -0.00292886 -0.00905713 -0.0142425 -0.0116587
internal_weight=215459 162963 52496 159063 151040 37895 123287 118698 8023 14601 27753 5416 31498 4589 1436 3980 5119 2102 22301 3017 19377 6397 9482 3980 5452 12121 1981 10764 3900 18921
internal_count=215459 162963 52496 159063 151040 37895 123287 118698 8023 14601 27753 5416 31498 4589 1436 3980 5119 2102 22301 3017 19377 6397 9482 3980 5452 12121 1981 10764 3900 18921
is_linear=0
shrinkage=0.03


Tree=102
num_leaves=31
num_cat=0
split_feature=25 5 8 8 25 85 33 8 8 4 29 24 15 92 33 25 89 25 92 83 102 25 33 96 15 8 102 89 32 97
split_gain=2274.57 826.719 757.532 262.849 118.995 87.9043 118.856 82.9553 80.5011 72.0667 71.8292 50.5519 48.4491 40.9149 31.4154 35.0034 29.8516 29.2445 26.9432 22.5772 22.2433 22.1168 25.2654 21.5849 18.4289 17.4444 17.3312 16.7856 13.9235 12.2694
threshold=5.5000000000000009 375.50000000000006 0.1000000000000001 0.49999999999999961 1.0000000180025095e-35 -2.5500000000000003 0.080547328232315238 1.0000000180025095e-35 0.20000000000000198 1.3499999999999999 196.50000000000003 4.5368431329940044 0.093637701655591085 24.894619754538368 0.64414586362404946 6.5000000000000009 28.950000000000003 4.5000000000000009 25.490903903492818 -0.34999999999999959 79.634722222222237 6.5000000000000009 0.2499757677084001 30.150000000000002 0.050839112744180369 0.84999999999999976 82.781944444444449 12.15 0.29342972903661901 28.050000000000004
decision_type=2 2 2 2 2 2 2 2 2 2 2 2 2 2 2 2 2 2 2 2 2 2 2 2 2 2 2 2 2 2
left_child=1 3 7 4 11 6 -6 24 12 13 -7 18 21 17 19 -16 20 -5 -1 28 -10 22 -4 -18 -2 -22 -23 -13 -9 -15
right_child=2 -3 8 9 5 10 -8 14 16 -11 -12 27 -14 29 15 -17 23 -19 -20 -21 25 26 -24 -25 -26 -27 -28 -29 -30 -31
leaf_value=0.0011594725122822302 -0.0010512404045089428 -0.00040267940836416982 -0.00040267940836416982 -0.00065893990776050326 -0.00045283163025079649 -0.00089980737247732142 0.0016186318255746541 -0.00049826745050776254 -0.00040267940836416982 -0.00077240512953518866 4.0529082327715735e-05 -0.0032924799409893477 -0.00045310786604513465 0.0063115651843650413 0.00092277256827222797 -0.00040280290271448867 -0.00040267940836416982 -0.00034243320430692257 0.0061560723460796054 -0.00040129335535545968 -0.00040267940836416982 -0.00040267940836416982 -0.00040267940836416982 -0.00040281692560984128 0.0002220610022927833 -0.00040267940836416982 -0.00040267940836416982 0.0072191157980637036 -0.00039311522201722338 -0.0003526829083553812
leaf_weight=20858 2365 3822 3962 3544 31312 37165 28732 677 11266 2342 26286 322 2091 340 1201 871 347 1344 1430 1782 10304 3147 2459 543 7162 2488 1310 5088 605 433
leaf_count=20858 2365 3822 3962 3544 31312 37165 28732 677 11266 2342 26286 322 2091 340 1201 871 347 1344 1430 1782 10304 3147 2459 543 7162 2488 1310 5088 605 433
internal_value=-0.00233211 -0.000582079 -0.00775775 -0.00025101 2.94655e-05 -0.000369121 0.00045366 -0.00196706 -0.00999697 -0.0055491 -0.00114772 0.00180656 -0.00807826 -0.00371688 -0.00503991 -0.00218524 -0.010994 -0.00473103 0.00117502 -0.006969 -0.0111937 -0.00888225 -0.00775226 -0.00558923 -0.000310139 -0.0103346 -0.0105081 0.00440769 -0.00392829 0.0026938
internal_weight=215598 163018 52580 159196 151193 123495 60044 14663 37917 8003 63451 27698 12969 5661 5136 2072 24948 4888 22288 3064 24058 10878 6421 890 9527 12792 4457 5410 1282 773
internal_count=215598 163018 52580 159196 151193 123495 60044 14663 37917 8003 63451 27698 12969 5661 5136 2072 24948 4888 22288 3064 24058 10878 6421 890 9527 12792 4457 5410 1282 773
is_linear=0
shrinkage=0.03


Tree=103
num_leaves=31
num_cat=0
split_feature=27 8 8 4 27 8 29 87 103 0 12 102 12 27 41 23 7 2 8 7 0 102 98 102 94 93 92 94 27 92
split_gain=2294.4 850.818 499.589 264.925 178.09 123.881 87.0726 80.2924 84.4846 71.8874 65.3215 64.7549 64.4981 63.8102 43.0451 33.8784 49.5193 33.4565 29.9896 28.8683 26.6444 25.9236 27.3789 25.2938 24.7123 19.5369 17.8882 16.663 14.8904 24.8534
threshold=382.50000000000006 0.49999999999999872 0.1000000000000001 1.8499999999999999 307.50000000000006 0.15000000000000038 329.50000000000006 -0.1833333333333331 72.500000000000014 29.750000000000004 -1.0000000180025095e-35 80.386111111111134 -1.0000000180025095e-35 287.50000000000006 1.0000000180025095e-35 19.073054133157157 0.3499999999999997 30.650000000000002 1.0000000180025095e-35 0.75000000000000011 29.650000000000002 77.479532163742718 0.4000000000000013 79.634722222222237 90.500000000000014 78.965277777777786 25.583653229832059 89.500000000000014 427.50000000000006 15.708427806392026
decision_type=2 2 2 2 2 2 2 2 2 2 2 2 2 2 2 2 2 2 2 2 2 2 2 2 2 2 2 2 2 2
left_child=1 4 12 13 6 15 9 14 -9 11 -4 -1 27 21 -8 16 -6 -11 -17 -7 23 24 -23 -12 -3 -21 -25 28 29 -2
right_child=2 3 10 -5 5 19 7 8 -10 17 20 -13 -14 -15 -16 18 -18 -19 -20 25 -22 22 -24 26 -26 -27 -28 -29 -30 -31
leaf_value=-0.00062590530961942282 0.00042320337957990975 -0.0023666076706868305 -0.0004181535863479809 -0.0003905990261132447 -0.0013257109532633135 -0.00039473496129169153 -0.0013884255695209569 0.0091545416542142544 -0.0018192469492192048 0.0023829476558989305 -0.0003905990261132447 0.00048072841836100278 -0.00039017019846669139 -0.0003856300277832858 0.0062672251721117289 -0.00029498552493524858 0.00032593137072973565 0.018256289221324364 -0.00052417156681953991 0.00041702029365969003 -0.0003905990261132447 -0.00032894612401049479 0.0047055305438068306 -0.0003905990261132447 -0.0022449102218315489 -0.00046451070149088481 -0.0003905990261132447 0.00065996397569749996 -0.00075400713100985651 -0.00075760376465238408
leaf_weight=59378 2051 820 4538 4648 609 5070 1035 1767 4333 1845 12742 56309 2390 3195 6519 6081 9039 799 5803 875 567 3013 360 13109 504 2081 891 2280 1612 1432
leaf_count=59378 2051 820 4538 4648 609 5070 1035 1767 4333 1845 12742 56309 2390 3195 6519 6081 9039 799 5803 875 567 3013 360 13109 504 2081 891 2280 1612 1432
internal_value=-0.0023652 -0.000852433 -0.00869368 -0.00837971 -0.000268069 -0.00237288 0.000203317 0.00247162 -8.85101e-05 -5.84373e-05 -0.0105138 -0.000170242 -0.00275701 -0.00503231 0.00453872 -0.00118702 0.000133693 0.00483176 -0.00225915 -0.00555376 -0.0110679 -0.00280651 -0.00140931 -0.0112044 -0.00636226 -0.00319581 -0.0103214 -0.00136863 -0.00232241 -0.00121843
internal_weight=215695 174083 41612 12540 161543 29558 131985 13654 6100 118331 31847 115687 9765 7892 7554 21532 9648 2644 11884 8026 27309 4697 3373 26742 1324 2956 14000 7375 5095 3483
internal_count=215695 174083 41612 12540 161543 29558 131985 13654 6100 118331 31847 115687 9765 7892 7554 21532 9648 2644 11884 8026 27309 4697 3373 26742 1324 2956 14000 7375 5095 3483
is_linear=0
shrinkage=0.03


Tree=104
num_leaves=31
num_cat=0
split_feature=27 8 8 27 4 8 5 12 24 91 103 98 33 27 7 12 3 96 7 30 8 15 93 103 8 103 104 33 15 23
split_gain=2318.51 847.843 503.534 207.824 173.801 151.254 138.015 126.359 86.2633 77.808 56.1753 52.3639 35.8176 35.1634 34.161 26.1968 23.974 26.4634 22.8438 20.4525 19.2797 21.7337 17.5824 17.4305 16.5855 16.1195 14.4373 13.7158 13.6008 10.8815
threshold=382.50000000000006 0.59999999999999887 1.0000000180025095e-35 307.50000000000006 1.8499999999999999 0.15000000000000038 403.50000000000006 -1.0000000180025095e-35 2.9215005968554935 0.98136040530667146 82.500000000000014 0.3499999999999997 -0.44505783185115427 282.50000000000006 0.3499999999999997 0.09999999999999877 28.950000000000003 30.150000000000002 0.75000000000000011 -0.24999999999999994 0.15000000000000038 0.097192220283502925 78.965277777777786 85.500000000000014 1.0000000180025095e-35 81.500000000000014 24.838829755499244 -0.70289845916694649 0.053255593059270225 16.902294007930113
decision_type=2 2 2 2 2 2 2 2 2 2 2 2 2 2 2 2 2 2 2 2 2 2 2 2 2 2 2 2 2 2
left_child=1 3 28 6 11 12 8 20 10 -10 -1 13 24 19 -14 23 25 -18 26 -3 21 -4 -20 -9 -5 -17 -7 -25 29 -2
right_child=2 4 7 5 -6 18 -8 15 9 -11 -12 -13 14 -15 -16 16 17 -19 22 -21 -22 -23 -24 27 -26 -27 -28 -29 -30 -31
leaf_value=-0.0014858300399448099 -0.00089858987072678406 -0.0015204020354626974 -0.0003861590382011984 -0.00069614806636463119 -0.00037888105532984733 -0.00038331181257499113 -0.0016832974948994782 -0.00037888105532984733 0.00069736760476427843 0.011633246433443444 -0.00011843351422075487 0.003677427070229047 -0.00090365493466026243 -0.00037004995716817291 5.5545994279349032e-06 -0.00037888105532984733 -0.00037888105532984733 -0.00037890556371181948 -0.00040327174934165488 -0.0002912362623621749 -0.00043972619958186187 -0.00049389043644735165 -0.00044787135239790607 -0.00037888105532984733 -0.00047390747386437957 -0.00037888105532984733 -0.00037590719226783981 -0.00037888105532984733 2.3675499385110361e-05 -0.0010155534041633174
leaf_weight=11291 692 1124 2504 3158 4219 4501 834 5093 71465 1010 49711 391 1169 1870 13805 6247 387 489 946 1243 2492 1427 2304 692 3289 13464 1387 2745 4536 926
leaf_count=11291 692 1124 2504 3158 4219 4501 834 5093 71465 1010 49711 391 1169 1870 13805 6247 387 489 946 1243 2492 1427 2304 692 3289 13464 1387 2745 4536 926
internal_value=-0.00235969 -0.000834888 -0.00871256 -0.000349364 -0.00988189 -0.0025823 0.000158698 -0.0100844 0.000234758 0.000934447 -0.000596528 -0.0058652 -0.00120367 -0.00683459 -0.000398664 -0.0109247 -0.011505 -0.00663626 -0.00581355 -0.00440245 -0.00627413 -0.00496312 -0.00379268 -0.00952292 -0.00307305 -0.011721 -0.00692817 -0.00786649 -0.000789602 -0.00315009
internal_weight=215411 173717 41694 164870 8847 30559 134311 35540 133477 72475 61002 4628 21421 4237 14974 29117 20587 876 9138 2367 6423 3931 3250 8530 6447 19711 5888 3437 6154 1618
internal_count=215411 173717 41694 164870 8847 30559 134311 35540 133477 72475 61002 4628 21421 4237 14974 29117 20587 876 9138 2367 6423 3931 3250 8530 6447 19711 5888 3437 6154 1618
is_linear=0
shrinkage=0.03


Tree=105
num_leaves=31
num_cat=0
split_feature=25 8 8 4 8 12 8 25 14 98 19 29 18 8 25 90 98 18 90 0 31 32 25 29 15 102 83 103 8 104
split_gain=2247.99 756.449 752.608 189.692 128.302 115.653 74.5431 74.0536 53.3532 53.2397 51.2558 52.472 41.6546 36.9237 31.563 28.2749 28.1904 27.153 25.5416 24.6415 21.748 20.6309 22.5493 20.151 19.0922 18.8149 17.7075 17.6635 16.0218 15.8659
threshold=5.5000000000000009 0.1000000000000001 0.59999999999999887 1.8499999999999999 1.0000000180025095e-35 -1.0000000180025095e-35 1.0000000180025095e-35 4.5000000000000009 0.095231116328875626 0.3499999999999997 93.01666666666668 196.50000000000003 1.0000000180025095e-35 0.19999999999999976 6.5000000000000009 2.649999999999999 -0.59999999999999865 1.5000000000000002 1.5000000000000029 29.650000000000002 -0.5 -0.59869031648930193 4.5000000000000009 324.50000000000006 0.050839112744180369 79.634722222222237 -0.54999999999999971 85.500000000000014 0.54999999999999993 20.802099773486379
decision_type=2 2 2 2 2 2 2 2 2 2 2 2 2 2 2 2 2 2 2 2 2 2 2 2 2 2 2 2 2 2
left_child=2 6 4 9 8 26 24 10 12 21 11 -6 15 20 28 -1 -12 -10 27 25 -9 -4 -23 -14 -2 -16 -3 -8 -7 -29
right_child=1 5 3 -5 7 14 18 13 17 -11 16 -13 23 -15 19 -17 -18 -19 -20 -21 -22 22 -24 -25 -26 -27 -28 29 -30 -31
leaf_value=0.00067422138845448789 -0.00097409637589444841 -0.00053656940440766846 -0.0011528919330641195 -0.00036751462366995188 -0.00073420057866422522 -0.00036751462366995188 -0.00036730511895623224 -0.00081136888120457527 0.0058600704786511909 0.0046761327692573344 -0.0022446534759265209 0.00067207870941218383 -0.0004738933109704385 -0.00053199316730057891 -0.00036751462366995188 0.006263935594207788 -0.00060646132478424397 0.0014050195318498326 -0.00036616322135687556 -0.00036751462366995188 -0.0004032687495180612 -0.00037910598839297296 -0.00027268124864075928 0.0019560579846827231 0.00018423669706554233 -0.00036751462366995188 -0.00038628945137801738 -0.0002828367941444187 -0.00036751462366995188 -0.00036729187569388915
leaf_weight=39117 2373 2038 1039 3936 33213 10044 2542 3408 4424 379 3077 25123 23641 4355 9156 1494 3430 3991 1126 459 7113 1878 798 2841 7130 9774 4351 742 2205 711
leaf_count=39117 2373 2038 1039 3936 33213 10044 2542 3408 4424 379 3077 25123 23641 4355 9156 1494 3430 3991 1126 459 7113 1878 798 2841 7130 9774 4351 742 2205 711
internal_value=-0.00236127 -0.00775156 -0.000622848 -0.00957789 -0.00015954 -0.00998146 -0.00195282 -0.000998934 0.000726668 -0.00505495 -0.000560962 -0.00027924 0.000444228 -0.00290784 -0.0107251 0.00104784 -0.0030862 0.00297826 -0.00487017 -0.0114794 -0.00194592 -0.00614774 -0.00475159 -0.000481441 -0.000380366 -0.011646 -0.00629812 -0.00599474 -0.0095302 -0.00335282
internal_weight=215908 52651 163257 8030 155227 38027 14624 79719 75508 4094 64843 58336 67093 14876 31638 40611 6507 8415 5121 19389 10521 3715 2676 26482 9503 18930 6389 3995 12249 1453
internal_count=215908 52651 163257 8030 155227 38027 14624 79719 75508 4094 64843 58336 67093 14876 31638 40611 6507 8415 5121 19389 10521 3715 2676 26482 9503 18930 6389 3995 12249 1453
is_linear=0
shrinkage=0.03


Tree=106
num_leaves=31
num_cat=0
split_feature=27 5 8 8 27 27 8 8 4 27 33 85 96 83 84 8 94 2 102 8 90 33 85 3 27 33 14 33 102 33
split_gain=2325.94 807.359 555.601 300.268 150.21 107.93 69.7665 65.2065 64.0611 57.4666 55.41 81.201 73.6189 50.9934 40.1951 34.7087 29.2841 27.5568 25.112 20.9399 20.4565 19.6198 19.3435 18.8944 17.3832 15.603 15.7199 14.9381 14.7103 14.6747
threshold=377.50000000000006 381.50000000000006 0.1000000000000001 0.20000000000000198 282.50000000000006 97.500000000000014 1.0000000180025095e-35 1.0000000180025095e-35 1.8499999999999999 337.50000000000006 0.18281312110578132 -2.1000000000000005 25.550000000000004 -0.34999999999999959 -3.850000000000001 0.59999999999999887 62.500000000000007 29.850000000000005 79.634722222222237 0.15000000000000038 1.3999999999999997 0.78192542922038288 -2.4499999999999988 28.950000000000003 327.50000000000006 0.95691861501572195 0.056832077715208394 -0.90161545992537195 81.004415954415961 1.0000000180025095e-35
decision_type=2 2 2 2 2 2 2 2 2 2 2 2 2 2 2 2 2 2 2 2 2 2 2 2 2 2 2 2 2 2
left_child=1 3 6 5 8 10 25 14 16 -9 12 -12 -1 19 -7 24 -5 18 -15 -4 28 -20 -10 -19 -6 26 -2 -25 -8 -30
right_child=2 -3 13 4 15 7 20 9 22 -11 11 -13 -14 17 -16 -17 -18 23 21 -21 -22 -23 -24 27 -26 -27 -28 -29 29 -31
leaf_value=-0.0025773406149931333 -0.00095586391076158436 -0.00035648918495985335 -0.00035648918495985335 0.0073646489000411481 -0.00062378976229311809 0.037237644455369125 -0.00035607950728410831 -0.00054558736487478104 -0.0011815802577645341 -0.00041319660446754623 0.0060291724035306483 0.00045050300193568701 0.0014115131468727148 -0.00035648918495985335 0.00011984044857171832 -0.00034696825181228881 -0.00061168328171736148 -0.00035648918495985335 -0.00035648918495985335 -0.00035648918495985335 -0.0003570816978502673 -0.00035648918495985335 -0.0015868600853784121 -0.00035648920371272424 -0.00036204305908365771 0.00081387092830982252 0.00018657577814643763 -0.00035592167902210811 -0.00035554247647672231 -0.0003570816978502673
leaf_weight=6141 3050 3920 1998 363 2973 388 1808 42441 453 7346 10590 8901 17389 12053 50513 2534 13746 485 12482 3300 1053 1872 477 413 3889 1134 2480 474 423 652
leaf_count=6141 3050 3920 1998 363 2973 388 1808 42441 453 7346 10590 8901 17389 12053 50513 2534 13746 485 12482 3300 1053 1872 477 413 3889 1134 2480 474 423 652
internal_value=-0.00235872 -0.000789295 -0.00854126 -0.000475482 -0.00354989 4.72827e-05 -0.00256391 -0.000490123 -0.00169049 -0.00126205 0.00130503 0.00248794 0.000325103 -0.0104566 0.000264921 -0.00652549 -0.00118746 -0.0109714 -0.011187 -0.00775618 -0.00573025 -0.0103365 -0.00931257 -0.00681719 -0.005416 -0.000693173 -0.00135057 -0.00420608 -0.0070371 -0.00425186
internal_weight=215741 172064 43677 168144 24435 143709 10600 100688 15039 49787 43021 19491 23530 33077 50901 9396 14109 27779 26407 5298 3936 14354 930 1372 6862 6664 5530 887 2883 1075
internal_count=215741 172064 43677 168144 24435 143709 10600 100688 15039 49787 43021 19491 23530 33077 50901 9396 14109 27779 26407 5298 3936 14354 930 1372 6862 6664 5530 887 2883 1075
is_linear=0
shrinkage=0.03


Tree=107
num_leaves=31
num_cat=0
split_feature=25 5 12 25 83 19 12 11 24 11 103 25 83 89 33 25 33 102 25 33 85 33 2 12 83 102 102 104 24 93
split_gain=2222.86 827.768 719.549 150.045 105.574 76.5356 68.964 65.7413 68.5086 61.2048 35.1269 34.6753 34.5944 32.3575 30.6743 24.423 37.689 24.331 21.8846 35.7589 22.425 21.2715 19.7384 19.0814 18.9993 18.5149 16.3494 15.64 12.8856 11.8957
threshold=5.5000000000000009 375.50000000000006 -1.0000000180025095e-35 3.5000000000000004 -1.0000000180025095e-35 47.097619047619055 0.09999999999999877 -0.24999999999999997 1.2268446188580315 -1.0000000180025095e-35 44.500000000000007 4.5000000000000009 -1.0000000180025095e-35 28.950000000000003 -0.97111920233974802 6.5000000000000009 0.2332836900311728 79.093055555555566 6.5000000000000009 0.29958852271690523 -1.8 -0.97507822412530132 27.150000000000002 -0.84999999999999953 0.09999999999999877 79.634722222222237 82.523611111111123 12.756678676429656 13.357427830349222 79.223611111111126
decision_type=2 2 2 2 2 2 2 2 2 2 2 2 2 2 2 2 2 2 2 2 2 2 2 2 2 2 2 2 2 2
left_child=1 3 9 5 10 28 18 17 -9 12 -5 27 22 25 -12 16 -11 -7 19 -4 -21 -15 23 -2 -13 -8 -20 -6 -1 -18
right_child=2 -3 6 4 11 7 13 8 -10 15 14 24 -14 21 -16 -17 29 -19 26 20 -22 -23 -24 -25 -26 -27 -28 -29 -30 -31
leaf_value=0.0036939466962212487 0.013872906814545376 -0.00034579450941105779 -0.00034490729077249368 0.005101073940566447 -0.0021058286037603652 0.001429698489552923 -0.00034579450941105779 -0.0017271227357103817 0.0002315702572743694 -0.00038411560585618735 -0.0010359083381684534 -0.00052336315621244781 -0.00049426447563424782 -0.00034579450941105779 -0.00040538420100083155 -0.00035636072774565401 0.00083415635432362758 0.0060610312810183619 -0.00034579450941105779 -0.00034466227905533957 -0.00034579450941105779 -0.00034579450941105779 -0.00083668257103650774 -0.00026502599600277787 -0.00030936312633753559 -0.00034579450941105779 -0.00034579450941105779 -0.00026327659062082 0.012935171346759398 -0.00049285305632407737
leaf_weight=913 305 3880 4526 505 537 3855 10138 8593 88367 2215 2952 2181 756 373 38769 2292 1014 4089 3326 792 1956 598 2434 7598 3124 11670 1613 4249 805 992
leaf_count=913 305 3880 4526 505 537 3855 10138 8593 88367 2215 2952 2181 756 373 38769 2292 1014 4089 3326 792 1956 598 2434 7598 3124 11670 1613 4249 805 992
internal_value=-0.0023592 -0.000627104 -0.00772087 -0.000292846 -0.00160872 0.000352832 -0.0102098 0.00024994 3.49625e-05 -0.0027739 -0.000949866 -0.00436534 -0.00141833 -0.0111855 -0.00104513 -0.00508213 -0.00372691 0.00287351 -0.00838914 -0.00734021 -0.00463805 -0.0058179 -0.000964887 -0.000237222 -0.00603562 -0.0114242 -0.00993219 -0.00251306 0.00663176 -0.000747384
internal_weight=215417 162819 52598 158939 52317 106622 34992 104904 96960 17606 42226 10091 11093 22779 41721 6513 4221 7944 12213 7274 2748 971 10337 7903 5305 21808 4939 4786 1718 2006
internal_count=215417 162819 52598 158939 52317 106622 34992 104904 96960 17606 42226 10091 11093 22779 41721 6513 4221 7944 12213 7274 2748 971 10337 7903 5305 21808 4939 4786 1718 2006
is_linear=0
shrinkage=0.03


Tree=108
num_leaves=31
num_cat=0
split_feature=27 5 8 8 27 27 14 8 27 4 8 27 83 92 8 8 2 102 85 33 4 64 3 8 102 33 15 15 102 8
split_gain=2327.53 804.073 499.514 313.343 182.001 97.5454 74.6929 69.7623 64.0922 63.5622 53.0078 48.6576 46.9561 32.9447 30.8791 25.3233 23.9072 25.5952 23.3694 23.3122 21.6315 19.781 19.2801 18.1868 17.5767 15.1894 14.4381 13.939 12.6305 11.6224
threshold=382.50000000000006 381.50000000000006 0.1000000000000001 0.19999999999999976 287.50000000000006 217.50000000000003 0.094135744866328197 1.0000000180025095e-35 17.500000000000004 1.2500000000000002 1.0000000180025095e-35 337.50000000000006 -0.40000000000000119 24.894619754538368 0.54999999999999993 0.15000000000000038 29.850000000000005 79.634722222222237 -2.5500000000000003 -0.23537842981696178 3.2999999999999985 1.0000000180025095e-35 28.950000000000003 0.79999999999999949 81.661580486303492 -0.90161545992537195 0.094405663911343266 0.053572908238882826 77.805555555555571 0.49999999999999961
decision_type=2 2 2 2 2 2 2 2 2 2 2 2 2 2 2 2 2 2 2 2 2 2 2 2 2 2 2 2 2 2
left_child=1 3 7 5 9 6 8 27 -1 13 20 -12 15 -5 21 -4 17 -14 -11 -8 -7 -6 -18 -19 26 -24 -9 -2 -16 -3
right_child=2 29 12 4 14 10 19 24 -10 18 11 -13 16 -15 28 -17 22 23 -20 -21 -22 -23 25 -25 -26 -27 -28 -29 -30 -31
leaf_value=0.0031993658071199525 -0.00090764289834182688 -0.0023717359023792961 -0.00033464698876877559 -0.00061491904140290987 -0.00037284584756942915 -4.2996576287755302e-05 0.001491110456671077 -0.00033502328678325328 6.2998573611116053e-05 -0.00089465271502865034 -0.00058091437496132032 -0.00035260755455108957 -0.000335420674128726 0.0031886359523298465 -0.00049104918971261977 -0.000335420674128726 -0.000335420674128726 -0.000335420674128726 -0.0012346759664949053 0.0066536589461273559 0.042396047359754586 0.00010647732432302838 -0.00033544730944075384 -0.000335420674128726 -0.00033470910108332442 -0.00033543636708901033 -0.00051932253527843769 2.289244865699029e-05 -0.00030084095934568782 -0.000335420674128726
leaf_weight=10162 1650 710 1376 11700 6569 27252 2598 1905 70125 1076 21069 8086 12291 1808 830 2624 490 11535 1263 4789 309 461 421 2585 1249 449 473 4432 2110 3225
leaf_count=10162 1650 710 1376 11700 6569 27252 2598 1905 70125 1076 21069 8086 12291 1808 830 2624 490 11535 1263 4789 309 461 421 2585 1249 449 473 4432 2110 3225
internal_value=-0.00234228 -0.000821049 -0.00872857 -0.000511051 -0.00355508 3.32431e-05 0.000660393 -0.00277291 0.000394766 -0.00155698 -0.000936227 -0.00182793 -0.0105484 -0.000766156 -0.00673052 -0.00750562 -0.0109864 -0.0111864 -0.00612179 0.00354697 7.07496e-06 -0.00564927 -0.00709772 -0.0103123 -0.00606533 -0.00440873 -0.00757881 -0.000808811 -0.00931316 -0.0142264
internal_weight=215622 174142 41480 170207 25817 144390 87674 9709 80287 15847 56716 29155 31771 13508 9970 4000 27771 26411 2339 7387 27561 7030 1360 14120 3627 870 2378 6082 2940 3935
internal_count=215622 174142 41480 170207 25817 144390 87674 9709 80287 15847 56716 29155 31771 13508 9970 4000 27771 26411 2339 7387 27561 7030 1360 14120 3627 870 2378 6082 2940 3935
is_linear=0
shrinkage=0.03


Tree=109
num_leaves=31
num_cat=0
split_feature=27 5 8 8 27 33 85 102 104 29 22 12 12 4 92 8 92 89 102 33 85 27 12 102 92 27 102 5 83 8
split_gain=2343.07 803.443 502.631 289.784 184.179 98.4709 144.066 125.801 124.767 106.656 69.7547 67.616 62.2014 56.8032 45.3838 33.3724 26.579 21.1815 27.9863 21.8737 20.9758 18.5386 18.3016 15.2278 15.1412 19.8235 14.6946 13.978 11.9646 10.6344
threshold=382.50000000000006 381.50000000000006 0.1000000000000001 0.19999999999999976 287.50000000000006 0.080547328232315238 -2.1999999999999971 84.147222222222226 22.912849454034141 124.50000000000001 1029.1000000000001 -1.0000000180025095e-35 -1.0000000180025095e-35 1.2500000000000002 24.509760512358621 0.54999999999999993 24.894619754538368 28.950000000000003 79.634722222222237 -0.97507822412530132 -2.5000000000000009 327.50000000000006 0.15000000000000038 81.661580486303492 13.327934484706022 422.50000000000006 77.805555555555571 289.50000000000006 -0.40000000000000119 0.49999999999999961
decision_type=2 2 2 2 2 2 2 2 2 2 2 2 2 2 2 2 2 2 2 2 2 2 2 2 2 2 2 2 2 2
left_child=1 3 11 5 13 8 7 -7 14 -10 -8 23 28 16 -1 21 -5 18 -14 -19 -15 -6 -20 24 25 -2 -17 -26 -4 -3
right_child=2 29 12 4 15 6 10 -9 9 -11 -12 -13 17 20 -16 26 -18 19 22 -21 -22 -23 -24 -25 27 -27 -28 -29 -30 -31
leaf_value=-0.0011990892231208627 0.00067252563229715061 -0.0022882411532856896 -0.00044672215565692516 -0.00054266707519458259 -0.00058032156191400867 0.001037580989918812 0.0035825308212293536 0.0086447441109816746 0.0069218976540195961 -0.00019987405798780681 -0.00060117400730883897 -0.0003251675339025454 -0.00032535805390486423 -0.000848209480125695 0.0073053860934985688 -0.0005304855085826889 0.0025866947751727971 -0.00032535805390486423 -0.00032535805390486423 -0.00032537462704705894 -0.0011731196856415891 -0.00032698128194383211 -0.00032535805390486423 0.00033422500205398996 0.00051077511458773317 -0.00046444861522415971 -0.00029130525721114502 -0.00080750193153616675 -0.00033545906782271497 -0.00032535805390486423
leaf_weight=20623 1164 701 1916 11728 2654 33388 2521 6492 3141 49241 28517 2398 12193 1060 520 775 1779 453 5424 762 1262 4342 8344 2760 447 926 2077 2124 2649 3209
leaf_count=20623 1164 701 1916 11728 2654 33388 2521 6492 3141 49241 28517 2398 12193 1060 520 775 1779 453 5424 762 1262 4342 8344 2760 447 926 2077 2124 2649 3209
internal_value=-0.00234444 -0.000816062 -0.00874426 -0.000506992 -0.00344361 1.50577e-05 0.000812617 0.00200547 -0.000754223 3.09261e-05 -0.000720062 -0.00281212 -0.0105792 -0.00143936 -0.00269935 -0.00666464 -0.000694033 -0.0111237 -0.0113052 -0.00724095 -0.00577271 -0.00554809 -0.0103755 -0.00139652 -0.00244208 -0.000545194 -0.00940063 -0.00398328 -0.00733574 -0.0142598
internal_weight=215590 174030 41560 170120 25677 144443 70918 39880 73525 52382 31038 9819 31741 15829 21143 9848 13507 27176 25961 1215 2322 6996 13768 7421 4661 2090 2852 2571 4565 3910
internal_count=215590 174030 41560 170120 25677 144443 70918 39880 73525 52382 31038 9819 31741 15829 21143 9848 13507 27176 25961 1215 2322 6996 13768 7421 4661 2090 2852 2571 4565 3910
is_linear=0
shrinkage=0.03


Tree=110
num_leaves=31
num_cat=0
split_feature=27 5 8 8 27 27 15 85 33 12 8 4 24 92 8 92 27 15 89 102 96 85 103 12 8 15 102 24 15 33
split_gain=2335.22 804.429 506.177 300.036 172.709 91.5699 76.9345 85.7381 64.3107 63.3639 62.8915 55.0885 37.9072 30.848 29.8701 23.0495 22.8365 22.4363 20.8767 29.1782 21.0642 17.7906 17.6225 16.5721 15.2431 14.9681 13.1737 12.2152 11.8821 11.6528
threshold=382.50000000000006 379.50000000000006 0.1000000000000001 0.20000000000000198 287.50000000000006 42.500000000000007 0.070890223083514212 -1.5500000000000005 0.080547328232315238 -1.0000000180025095e-35 1.0000000180025095e-35 1.2500000000000002 4.8849307185379631 24.894619754538368 0.54999999999999993 25.419724224937557 332.50000000000006 0.097192220283502925 28.950000000000003 79.634722222222237 30.150000000000002 -1.7499999999999998 85.500000000000014 0.15000000000000038 0.49999999999999961 0.050839112744180369 77.805555555555571 8.7758862003042832 0.075070588251253983 0.76556758748011056
decision_type=2 2 2 2 2 2 2 2 2 2 2 2 2 2 2 2 2 2 2 2 2 2 2 2 2 2 2 2 2 2
left_child=1 3 10 5 11 12 7 -7 -8 -4 25 13 15 -5 16 -1 -6 22 19 -11 -20 -13 29 -21 -3 -2 -16 -14 -22 -12
right_child=2 24 9 4 14 6 8 -9 -10 18 17 21 27 -15 26 -17 -18 -19 20 23 28 -23 -24 -25 -26 -27 -28 -29 -30 -31
leaf_value=0.0013050208745676456 -0.00085618855344548705 -0.0019282371834379961 -0.0003458501410691005 -0.00064214625657401726 -0.00054229160260871605 -0.00010725843160346443 -0.0003262885139083172 -0.00073468058731781399 0.0012771201328558373 -0.00031559731228771829 -0.00031363949095874311 -0.00089214056109585904 0.005754613369568732 0.0030073639898838388 -0.00048551731715930157 0.0063169437698274615 -0.00031355805773721071 -0.00033671972355605494 -0.00031559731228771829 -0.00031559731228771829 -0.00058033337792553878 -0.0012090939633814454 -0.0003147060678505128 -0.00031559731228771829 -0.00031559731228771829 -1.7905795555654413e-05 -0.00028725359419968388 0.010973391815832029 0.0026882177124908056 -0.00031576617932904189
leaf_weight=16164 1455 748 4616 11459 2826 45625 24118 23972 30259 12259 1108 1483 2620 1789 804 1291 3840 715 574 5403 337 827 1073 8347 3248 4703 2061 793 309 734
leaf_count=16164 1455 748 4616 11459 2826 45625 24118 23972 30259 12259 1108 1483 2620 1789 804 1291 3840 715 574 5403 337 827 1073 8347 3248 4703 2061 793 309 734
internal_value=-0.00232779 -0.000800072 -0.00870983 -0.000487165 -0.00351594 3.74889e-05 -0.00027199 -0.00093257 0.000573486 -0.0105437 -0.00274287 -0.00156758 0.00187599 -0.000821949 -0.00669587 0.00131044 -0.00559322 -0.00587441 -0.0110949 -0.0112751 -0.00724816 -0.00584163 -0.00704218 -0.0103236 -0.0141031 -0.000896249 -0.00925855 0.00476714 -0.00352396 -0.00882257
internal_weight=215560 173927 41633 169931 25089 144842 123974 69597 54377 31845 9788 15558 20868 13248 9531 17455 6666 3630 27229 26009 1220 2310 2915 13750 3996 6158 2865 3413 646 1842
internal_count=215560 173927 41633 169931 25089 144842 123974 69597 54377 31845 9788 15558 20868 13248 9531 17455 6666 3630 27229 26009 1220 2310 2915 13750 3996 6158 2865 3413 646 1842
is_linear=0
shrinkage=0.03


Tree=111
num_leaves=31
num_cat=0
split_feature=27 5 8 8 27 29 27 24 8 12 2 3 8 109 4 8 92 0 102 85 90 27 12 8 103 4 33 11 83 47
split_gain=2322.12 789.214 511.207 275.432 182.791 95.9289 83.6072 74.2025 70.4347 61.2665 59.4833 56.8179 54.8623 52.3279 46.3785 32.3853 28.9804 26.2878 24.2074 20.6057 20.0411 19.9794 16.0075 15.277 14.483 13.6664 13.1044 14.4325 12.7775 11.5158
threshold=382.50000000000006 381.50000000000006 0.1000000000000001 0.19999999999999976 287.50000000000006 329.50000000000006 322.50000000000006 3.0231222402398932 1.0000000180025095e-35 -1.0000000180025095e-35 18.250000000000004 30.150000000000002 1.0000000180025095e-35 1.1000000000000008 1.2500000000000002 0.54999999999999993 23.053653963424267 29.650000000000002 79.634722222222237 -1.7000000000000004 1.5000000000000029 327.50000000000006 0.15000000000000038 0.49999999999999961 85.500000000000014 1.8499999999999999 0.95691861501572195 -1.0000000180025095e-35 -0.49999999999999728 1.0000000180025095e-35
decision_type=2 2 2 2 2 2 2 2 2 2 2 2 2 2 2 2 2 2 2 2 2 2 2 2 2 2 2 2 2 2
left_child=1 3 8 5 14 6 11 13 26 28 -9 -1 -8 -7 16 21 -5 18 29 -16 24 -6 -20 -3 -10 -17 27 -2 -4 -11
right_child=2 23 9 4 15 7 12 10 20 17 -12 -13 -14 -15 19 25 -18 -19 22 -21 -22 -23 -24 -25 -26 -27 -28 -29 -30 -31
leaf_value=-2.8160122540718534e-05 -0.00042893871111095925 -0.002110368114830655 -0.00043604386250029124 -0.00086366465167685797 -0.00057169590016600141 0.00036865804442302971 -0.00012961212026592643 0.00095894477281633554 -0.00030574457678280808 -0.00030612939291908673 0.006778626546103712 0.014357258710045244 -0.00034315155401275812 -0.0035223498773807498 -0.00073139186151426918 -0.00029177478422256602 0.00044773758988499927 -0.00030612939291908673 -0.00030612939291908673 -0.0012467245160800121 -0.00031263469372157536 -0.00030425061073201075 -0.00030612939291908673 -0.00030612939291908673 -0.00030556897531127866 -0.00032752855145813203 0.0007524561625181067 -0.00086512871252135122 -0.00031502592938633186 -0.00030612939291908673
leaf_weight=111236 4019 694 1924 8384 2620 2897 7816 4898 1809 12428 6417 625 9583 903 1524 2192 5128 531 5600 834 805 4369 8324 3234 1033 746 1069 1049 2668 363
leaf_count=111236 4019 694 1924 8384 2620 2897 7816 4898 1809 12428 6417 625 9583 903 1524 2192 5128 531 5600 834 805 4369 8324 3234 1033 746 1069 1049 2668 363
internal_value=-0.00235469 -0.000832792 -0.00872042 -0.000525877 -0.00338108 -1.56882e-05 -0.000280131 0.00224563 -0.00272253 -0.0105635 0.00346368 2.07845e-05 -0.00221466 -0.00138122 -0.00138366 -0.00657383 -0.000705987 -0.011104 -0.0112354 -0.00526494 -0.00602385 -0.00546137 -0.010367 -0.0141257 -0.00720718 -0.00921742 -0.00076002 -0.00139673 -0.00735467 -0.0121799
internal_weight=215722 174100 41622 170172 25797 144375 129260 15115 9784 31838 11315 111861 17399 3800 15870 9927 13512 27246 26715 2358 3647 6989 13924 3928 2842 2938 6137 5068 4592 12791
internal_count=215722 174100 41622 170172 25797 144375 129260 15115 9784 31838 11315 111861 17399 3800 15870 9927 13512 27246 26715 2358 3647 6989 13924 3928 2842 2938 6137 5068 4592 12791
is_linear=0
shrinkage=0.03


Tree=112
num_leaves=31
num_cat=0
split_feature=27 5 8 8 27 8 27 12 8 112 33 83 24 103 8 32 0 102 102 15 27 12 15 103 8 83 85 33 102 32
split_gain=2301.56 778.138 550.817 249.872 149.043 85.627 80.0792 76.299 73.014 51.1213 50.2401 48.4149 45.0201 38.7606 26.8548 25.3602 23.5281 26.6484 23.456 22.3282 20.7316 19.1526 16.9747 16.5634 14.8458 14.3369 13.9632 13.8953 12.8778 10.862
threshold=377.50000000000006 389.50000000000006 0.1000000000000001 0.20000000000000198 287.50000000000006 1.0000000180025095e-35 337.50000000000006 -1.0000000180025095e-35 1.0000000180025095e-35 1.2500000000000002 0.31595530242620651 -1.3 1.2348737857148671 43.500000000000007 0.54999999999999993 0.90162119223771331 29.650000000000002 79.634722222222237 80.386111111111134 0.097192220283502925 327.50000000000006 0.15000000000000038 0.050839112744180369 85.500000000000014 0.49999999999999961 -0.40000000000000119 -1.6999999999999973 0.76556758748011056 77.805555555555571 -0.14250824554987665
decision_type=2 2 2 2 2 2 2 2 2 2 2 2 2 2 2 2 2 2 2 2 2 2 2 2 2 2 2 2 2 2
left_child=1 3 8 5 9 11 12 25 22 18 -8 15 -7 -13 20 -1 17 -9 -5 23 -6 -19 29 27 -3 -4 -11 -10 -16 -2
right_child=2 24 7 4 14 6 10 16 19 26 -12 13 -14 -15 28 -17 -18 21 -20 -21 -22 -23 -24 -25 -26 -27 -28 -29 -30 -31
leaf_value=0.0033039528550522766 -0.00082821694376922564 -0.0022157889649813823 -0.00039422653695281805 -0.0014379056336597336 -0.00052225627698014154 -0.0014754179034984372 -0.00037881219188729475 -0.00029694551113151413 -0.00029505796892649659 -0.00089424525304951125 -0.00022343512497903937 0.0084590343012432689 -0.00011853588808697245 0.00027387512468603881 -0.00051461606181221482 0.01608957704497677 -0.00029694551113151413 -0.00029694551113151413 9.9220470777316302e-05 -0.00037162635084784921 -0.00030109145633094126 -0.00029694551113151413 5.8196889188578538e-05 -0.00029609781655565902 -0.00029694551113151413 -0.00030631345230856637 -0.0011973134113688821 -0.00029712085664568646 -0.00025451384992355378 -0.00078928935139877443
leaf_weight=4353 677 657 2041 5987 2511 5779 4254 13122 1205 1478 3011 695 52473 72028 728 747 547 5884 7176 754 3782 8522 5139 1187 3177 2853 800 779 1920 952
leaf_count=4353 677 657 2041 5987 2511 5779 4254 13122 1205 1478 3011 695 52473 72028 728 747 547 5884 7176 754 3782 8522 5139 1187 3177 2853 800 779 1920 952
internal_value=-0.00234696 -0.000781839 -0.00849644 -0.000476321 -0.00328385 1.25575e-06 -0.000797872 -0.0104154 -0.00257948 -0.00149883 -0.00376755 0.000674021 -0.000427446 0.00047584 -0.00636603 0.00349931 -0.0110181 -0.0111406 -0.000780538 -0.00583418 -0.0052979 -0.0102471 -0.000691387 -0.00693726 -0.0141434 -0.00695608 -0.00564721 -0.00861461 -0.00890147 -0.0033589
internal_weight=215218 171556 43662 167722 24382 143340 65517 32969 10693 15441 7265 77823 58252 72723 8941 5100 28075 27528 13163 3925 6293 14406 6768 3171 3834 4894 2278 1984 2648 1629
internal_count=215218 171556 43662 167722 24382 143340 65517 32969 10693 15441 7265 77823 58252 72723 8941 5100 28075 27528 13163 3925 6293 14406 6768 3171 3834 4894 2278 1984 2648 1629
is_linear=0
shrinkage=0.03


Tree=113
num_leaves=31
num_cat=0
split_feature=25 5 8 8 12 25 8 25 75 31 4 24 25 29 33 25 109 38 83 0 102 83 91 8 33 5 8 8 8 5
split_gain=2268.49 798.114 737.837 155.514 116.244 77.9246 73.9633 72.6168 57.3001 50.0278 49.0177 45.1507 30.1928 27.7086 27.1696 33.3988 25.4017 22.8008 22.5496 22.2748 21.0708 19.3866 18.0924 17.8572 16.5735 16.8777 15.7431 13.9199 13.4701 13.0695
threshold=5.5000000000000009 375.50000000000006 0.1000000000000001 0.20000000000000198 -1.0000000180025095e-35 4.5000000000000009 1.0000000180025095e-35 1.0000000180025095e-35 0.46026315789473687 -0.68301270189221952 1.8499999999999999 5.8972662422583921 6.5000000000000009 54.500000000000007 0.64414586362404946 6.5000000000000009 3.2000000000000006 1.0000000180025095e-35 -0.34999999999999959 29.650000000000002 79.634722222222237 -0.49999999999999728 0.17819354716647337 0.49999999999999961 0.21652257995689161 407.50000000000006 0.54999999999999993 0.70000000000000073 0.10000000000000099 385.50000000000006
decision_type=2 2 2 2 2 2 2 2 2 2 2 2 2 2 2 2 2 2 2 2 2 2 2 2 2 2 2 2 2 2
left_child=1 3 6 7 21 10 24 11 9 -9 16 13 27 -1 18 -16 -5 -10 -8 20 -14 -4 -13 28 -2 -26 -7 -6 -3 -23
right_child=2 23 4 5 12 26 14 8 17 -11 -12 22 19 -15 15 -17 -18 -19 -20 -21 -22 29 -24 -25 25 -27 -28 -29 -30 -31
leaf_value=0.004461531316992934 -0.00082976911737196399 -0.004005760819699309 -0.00039352879911563177 -0.00048271581582671607 -0.00028803714579756873 -0.00044063505855947437 -0.00029484483822022722 -0.00068742408110864699 0.0095544117024426219 2.9195867907377132e-05 -0.0011156295877723748 -0.0016649106669988699 -0.00028803714579756873 0.00088660227968257225 0.00076381494271888335 -0.00028820723094631585 0.0082808083719411538 -0.00172834714485758 -0.00028683807619170554 -0.00028803714579756873 -0.00028803714579756873 -0.00033863784337647069 0.0095482331994785011 -0.00028803714579756873 0.00055634025830722685 -0.00081773883671314455 -0.00024868991741970186 -0.00028803714579756873 -0.00069424646255038767 -0.00025322036311288429
leaf_weight=3654 3657 306 2553 14933 10760 4036 1235 25636 1283 83254 1085 300 9175 20554 1187 886 329 309 1792 462 9746 2833 2449 3197 4823 1027 1746 1343 357 1018
leaf_count=3654 3657 306 2553 14933 10760 4036 1235 25636 1283 83254 1085 300 9175 20554 1187 886 329 309 1792 462 9746 2833 2449 3197 4823 1027 1746 1343 357 1018
internal_value=-0.00232892 -0.000586126 -0.0077543 -0.000260013 -0.00996252 -0.00259399 -0.00202594 0.000115796 -0.000224831 -0.000307463 -0.00153505 0.0015118 -0.010712 0.00109794 -0.00494021 -0.00229267 -0.00109677 0.00542373 -0.00675198 -0.0114473 -0.0116063 -0.00627635 0.00515455 -0.0140637 -0.000462242 0.000528115 -0.00558707 -0.00953363 -0.00955572 -0.00762072
internal_weight=215925 163428 52497 159568 37890 22129 14607 137439 110482 108890 16347 26957 31486 24208 5100 2073 15262 1592 3027 19383 18921 6404 2749 3860 9507 5850 5782 12103 663 3851
internal_count=215925 163428 52497 159568 37890 22129 14607 137439 110482 108890 16347 26957 31486 24208 5100 2073 15262 1592 3027 19383 18921 6404 2749 3860 9507 5850 5782 12103 663 3851
is_linear=0
shrinkage=0.03


Tree=114
num_leaves=31
num_cat=0
split_feature=25 8 8 4 12 8 8 25 10 4 2 1 103 18 25 98 89 25 8 98 25 102 32 89 102 91 25 93 99 8
split_gain=2251.63 739.704 636.051 217.082 110.061 90.8965 80.7817 59.49 41.6868 41.1414 45.4509 40.7745 37.9249 34.2783 31.6867 31.5154 26.7897 38.6114 25.8303 21.5538 20.5603 18.7096 18.4116 17.9857 24.5898 17.4272 16.7703 20.0289 16.5054 14.8798
threshold=5.5000000000000009 0.1000000000000001 0.59999999999999887 1.8499999999999999 -1.0000000180025095e-35 1.0000000180025095e-35 1.0000000180025095e-35 4.5000000000000009 -0.24999999999999997 2.9000000000000017 26.050000000000004 41.500000000000007 82.500000000000014 1.0000000180025095e-35 6.5000000000000009 0.3499999999999997 24.550000000000004 6.5000000000000009 0.19999999999999976 -0.79999999999999793 2.5000000000000004 71.348611111111126 0.29342972903661901 28.950000000000003 79.634722222222237 0.25304972086944272 6.5000000000000009 72.32083333333334 29.750000000000004 0.70000000000000073
decision_type=2 2 2 2 2 2 2 2 2 2 2 2 2 2 2 2 2 2 2 2 2 2 2 2 2 2 2 2 2 2
left_child=2 6 5 12 26 8 -2 9 -1 10 -7 -10 19 -13 29 22 17 -8 25 21 -5 -4 -14 24 -16 -9 27 -3 -25 -6
right_child=1 4 3 20 14 7 16 18 11 -11 -12 13 15 -15 23 -17 -18 -19 -20 -21 -22 -23 -24 28 -26 -27 -28 -29 -30 -31
leaf_value=0.0046631739396481454 -0.00016860549297435662 -0.00023757293211772192 -0.0022946218969308683 -0.00027939603142364169 -0.00027939603142364169 -0.00076495362492618596 -0.00028010312009057623 -0.00067200689390992845 0.011344023565388023 -0.00052635909915801405 0.00053275665611911716 0.00071169154294069379 -0.00044057209743299502 -0.00031727075604812361 -0.00027939603142364169 0.0045878040224056511 -0.00027757457627364929 -0.00027938561688032378 -0.00043508526184426528 -0.0017516691155008287 -0.00042189097244356774 -8.6650891066257691e-05 -1.1743416396046603e-05 -0.00027939603142364169 -0.00027939603142364169 -0.00022549473216691498 -0.00029522666555038542 -0.00034182440807967629 -0.00053617378337101761 -0.00027939603142364169
leaf_weight=3901 9405 633 369 3131 10869 38914 2108 5726 495 747 25212 42190 1459 28958 8843 312 1585 1425 4328 405 839 408 1103 511 9585 4839 2443 3331 365 1342
leaf_count=3901 9405 633 369 3131 10869 38914 2108 5726 495 747 25212 42190 1459 28958 8843 312 1585 1425 4328 405 839 408 1103 511 9585 4839 2443 3331 365 1342
internal_value=-0.00233326 -0.00774139 -0.000596742 -0.00883144 -0.00994621 -0.00017114 -0.00198396 -0.000877431 0.000574624 -0.000484863 -0.000403262 0.000410153 -0.00394873 0.000350391 -0.0106751 -0.00208696 -0.0050166 -0.00356112 -0.00258728 -0.00846999 -0.0138177 -0.00553342 -0.00318377 -0.0114328 -0.0116328 -0.00178734 -0.00636002 -0.00515259 -0.00721779 -0.00947633
internal_weight=215781 52445 163336 8026 37922 155310 14523 79766 75544 64873 64126 71643 4056 71148 31515 2874 5118 3533 14893 1182 3970 777 2562 19304 18428 10565 6407 3964 876 12211
internal_count=215781 52445 163336 8026 37922 155310 14523 79766 75544 64873 64126 71643 4056 71148 31515 2874 5118 3533 14893 1182 3970 777 2562 19304 18428 10565 6407 3964 876 12211
is_linear=0
shrinkage=0.03


Tree=115
num_leaves=31
num_cat=0
split_feature=27 5 8 27 8 29 8 90 104 29 8 12 40 107 24 0 25 8 102 15 103 12 8 100 8 83 15 8 88 33
split_gain=2329.44 770.163 495.835 266.712 193.327 85.4529 67.4431 61.9148 60.5294 60.3414 62.5571 57.4541 44.7867 43.4026 31.0471 29.4604 28.8699 24.1137 22.4347 20.3435 19.1056 18.5815 17.6091 15.5714 15.0036 14.6162 13.7059 11.8998 11.5707 10.5202
threshold=382.50000000000006 391.50000000000006 0.1000000000000001 307.50000000000006 0.15000000000000038 325.50000000000006 1.0000000180025095e-35 1.0000000000000007 16.928531682165556 317.50000000000006 1.0000000180025095e-35 -1.0000000180025095e-35 1.0000000180025095e-35 1.0000000180025095e-35 5.5867413866557527 29.650000000000002 5.5000000000000009 1.0000000180025095e-35 79.634722222222237 0.097192220283502925 85.500000000000014 0.15000000000000038 0.49999999999999961 2.3000000000000029 0.49999999999999961 -0.40000000000000119 0.053255593059270225 0.89999999999999913 28.950000000000003 0.77652048701313048
decision_type=2 2 2 2 2 2 2 2 2 2 2 2 2 2 2 2 2 2 2 2 2 2 2 2 2 2 2 2 2 2
left_child=1 3 6 5 14 9 26 8 -7 10 -1 25 -9 -11 17 18 24 -5 28 20 29 -20 -3 -16 -6 -4 -2 -18 -13 -8
right_child=2 22 11 4 16 7 19 12 -10 13 -12 15 -14 -15 23 -17 27 -19 21 -21 -22 -23 -24 -25 -26 -27 -28 -29 -30 -31
leaf_value=0.00050736755930368409 -0.00077339258058660226 -0.0019660507803399459 -0.00039073355004902406 -0.00028311990501996302 -0.00043478330573375852 -0.0012695895773552467 -0.00026927385028474105 -0.0016458480267654535 0.0048228670620852733 0.0019278785052530261 -0.0004250063857109177 -0.00027101415048093243 0.006078251871648589 -0.0048477485375500512 0.0014064968561276075 -0.00027101415048093243 -0.00025907055898834945 -0.00038161923699902108 -0.00027101415048093243 -0.00038507830849581252 -0.00027028250248502863 -0.00027101415048093243 -0.00027101415048093243 -0.0014529807131131052 -0.00024069163519230475 -0.00027929717731943617 -1.462795668089975e-05 -0.00027130443752655518 -0.00027101415048093243 -0.00027117944551151665
leaf_weight=57667 1602 660 1954 9814 5087 5347 1132 1090 2238 583 61591 12158 6569 2185 2339 553 3837 8926 5588 734 1109 8313 3222 432 2029 2585 4520 361 598 719
leaf_count=57667 1602 660 1954 9814 5087 5347 1132 1090 2238 583 61591 12158 6569 2185 2339 553 3837 8926 5588 734 1109 8313 3222 432 2029 2585 4520 361 598 719
internal_value=-0.00233633 -0.000811913 -0.00871686 -0.000510329 -0.00293959 7.05903e-05 -0.00282367 0.00218826 0.000266939 -0.000193973 -9.23201e-05 -0.0105387 0.00409073 -0.00457205 -0.00126976 -0.0110602 -0.00611401 -0.00170802 -0.0112025 -0.00602436 -0.00713273 -0.0103658 -0.0140227 0.00169372 -0.00494871 -0.00741079 -0.00089172 -0.00808764 -0.0121133 -0.00899838
internal_weight=215542 173977 41565 170095 32825 137270 9816 15244 7585 122026 119258 31749 7659 2768 21511 27210 11314 18740 26657 3694 2960 13901 3882 2771 7116 4539 6122 4198 12756 1851
internal_count=215542 173977 41565 170095 32825 137270 9816 15244 7585 122026 119258 31749 7659 2768 21511 27210 11314 18740 26657 3694 2960 13901 3882 2771 7116 4539 6122 4198 12756 1851
is_linear=0
shrinkage=0.03


Tree=116
num_leaves=31
num_cat=0
split_feature=27 5 8 27 8 27 8 12 85 33 3 33 8 19 8 89 102 33 7 92 8 15 15 7 102 8 8 95 95 99
split_gain=2328.32 766.968 519.565 253.379 172.031 81.9489 67.7481 66.9803 65.8214 106.033 56.4211 34.5795 40.9917 32.8479 25.3302 22.4077 32.5231 24.3332 21.5609 21.0977 20.9688 19.8504 18.2953 17.3387 16.869 16.6414 16.634 15.8137 12.1006 11.6202
threshold=382.50000000000006 391.50000000000006 0.1000000000000001 322.50000000000006 0.15000000000000038 42.500000000000007 1.0000000180025095e-35 -1.0000000180025095e-35 -2.2000000000000002 0.080547328232315238 26.550000000000004 0.28313308994381592 1.0000000180025095e-35 69.435416666666683 0.54999999999999993 28.950000000000003 79.634722222222237 -0.97507822412530132 0.3499999999999997 25.490903903492818 0.49999999999999961 0.097192220283502925 0.053572908238882826 0.75000000000000011 81.661580486303492 0.75000000000000011 0.10000000000000099 14.350000000000003 18.950000000000003 29.750000000000004
decision_type=2 2 2 2 2 2 2 2 2 2 2 2 2 2 2 2 2 2 2 2 2 2 2 2 2 2 2 2 2 2
left_child=1 3 6 5 11 13 22 -4 9 -7 -10 12 -5 27 23 16 -9 -17 -13 -15 26 24 -2 -6 28 -18 -3 -1 -8 -19
right_child=2 20 7 4 14 8 21 15 10 -11 -12 18 -14 19 -16 17 25 29 -20 -21 -22 -23 -24 -25 -26 -27 -28 -29 -30 -31
leaf_value=-0.0019611505032257094 -0.00075021741972816115 -0.0037467867169114679 -0.00028097902510499143 -0.00024449805574009516 -0.0002567770978392556 -0.00041891341189453647 -0.00026249544497980855 -0.00026288372596650446 -0.00081212566204897697 0.0013864337549726652 0.00041410526686407989 -0.0007284664870634565 -0.00038736831707174491 0.001361194882081519 -0.00025836992176143128 -0.00026288372596650446 -0.00026288372596650446 -0.00026290984533139557 0.00024914579725109212 0.0068100153296005448 -0.00026288372596650446 -0.00031737136965263413 0.00015335830388105883 -0.00028514232762303276 -0.00026218751522123703 -0.00026288372596650446 -0.00070312043871213965 0.01026669058172862 -0.00026249544497980855 -0.00024725374353831134
leaf_weight=304 1623 300 4641 4750 4762 36428 530 12263 38163 33115 14821 530 4603 17991 1949 444 11056 391 7077 1101 3237 708 4450 2681 998 2745 361 2020 1434 376
leaf_count=304 1623 300 4641 4750 4762 36428 530 12263 38163 33115 14821 530 4603 17991 1949 444 11056 391 7077 1101 3237 708 4450 2681 998 2745 361 2020 1434 376
internal_value=-0.00230226 -0.000778529 -0.00867343 -0.000477316 -0.0031818 1.78194e-05 -0.0026093 -0.0105245 -0.000281446 0.000325477 -0.00107804 -0.00137787 -0.00259942 0.00172993 -0.00643884 -0.0110916 -0.0112772 -0.00709158 0.000124211 0.00131986 -0.0139343 -0.00582675 -0.000664307 -0.00564011 -0.00690516 -0.0102757 -0.00904079 0.00509677 -0.00851908 -0.00384766
internal_weight=215852 174193 41659 170295 26352 143943 9743 31916 122527 69543 52984 16960 9353 21416 9392 27275 26064 1211 7607 19092 3898 3670 6073 7443 2962 13801 661 2324 1964 767
internal_count=215852 174193 41659 170295 26352 143943 9743 31916 122527 69543 52984 16960 9353 21416 9392 27275 26064 1211 7607 19092 3898 3670 6073 7443 2962 13801 661 2324 1964 767
is_linear=0
shrinkage=0.03


Tree=117
num_leaves=31
num_cat=0
split_feature=27 5 12 27 12 20 27 102 12 33 12 31 3 96 85 7 102 33 102 22 27 27 23 102 27 90 3 33 97 32
split_gain=2336.37 764.461 544.449 212.194 95.9142 78.5686 71.2285 55.732 39.3701 37.5813 36.7558 34.0083 27.9537 26.7314 25.2753 23.455 21.7819 21.4232 21.2763 19.8043 18.4996 17.0911 24.7347 16.5781 16.4508 15.517 12.264 12.0735 10.4245 10.0869
threshold=377.50000000000006 387.50000000000006 -1.0000000180025095e-35 322.50000000000006 -1.0000000180025095e-35 41.934057971014497 82.500000000000014 80.386111111111134 -0.15000000000000033 0.42763731121559989 0.09999999999999877 -0.24999999999999994 28.950000000000003 30.150000000000002 -1.3499999999999994 0.3499999999999997 83.084722222222226 0.21652257995689161 84.495129216960706 2200.4000000000001 352.50000000000006 427.50000000000006 14.658019633436615 79.634722222222237 412.50000000000006 2.199999999999998 28.450000000000003 -0.70289845916694649 13.15 0.61237135649459018
decision_type=2 2 2 2 2 2 2 2 2 2 2 2 2 2 2 2 2 2 2 2 2 2 2 2 2 2 2 2 2 2
left_child=1 3 8 5 15 25 9 -8 17 -7 16 20 23 -14 -13 -5 -4 -2 24 -17 -6 22 -10 -12 -19 28 -25 -18 -1 -20
right_child=2 -3 10 4 11 6 7 -9 21 -11 12 14 13 -15 -16 19 27 18 29 -21 -22 -23 -24 26 -26 -27 -28 -29 -30 -31
leaf_value=0.0028251900357164784 -0.00055264619706416984 -0.00025499721418750933 -0.00025499721418750933 -0.00085785290357081082 -0.00030749289205291589 0.00033935626053061549 -0.00066210703533003414 0.00013165617652239532 -1.8681730707918038e-05 0.0032339546720286036 -0.00025499721418750933 -0.00031227560104830042 -0.00025499721418750933 -0.00034129166115898262 -0.0002483707752698154 -6.5048089080743871e-05 -0.00025499721418750933 8.7639416467061296e-05 0.00035523604999374985 -0.00059436929760839678 -0.00022317443568056053 -0.00024650811589757647 -0.00025590810537908177 -0.00025499721418750933 -0.00045272802489665847 0.0015545020693330585 -0.00025499721418750933 -0.00025499721418750933 0.018438438738301543 0.01271469569256717
leaf_weight=309 3062 3879 6792 869 2566 24429 55464 48368 936 14017 9434 2559 405 512 2996 8224 627 1967 492 4362 2459 1672 2444 10158 1956 334 433 2363 579 397
leaf_count=309 3062 3879 6792 869 2566 24429 55464 48368 936 14017 9434 2559 405 512 2996 8224 627 1967 492 4362 2459 1672 2444 10158 1956 334 433 2363 579 397
internal_value=-0.00231139 -0.000733483 -0.00850771 -0.000428594 -0.00303732 8.36231e-06 -5.67195e-05 -0.00046517 -0.00334184 0.00104638 -0.0106809 -0.00517437 -0.0113909 -0.00625817 -0.00355562 -0.00135664 -0.00915977 -0.00201524 -0.000766674 -0.00102725 -0.00696279 -0.00540867 -0.00417924 -0.0116256 -0.00171636 0.00757972 -0.0108067 -0.00702106 0.00965129 0.00342135
internal_weight=215064 171414 43650 167535 24035 143500 142278 103832 12926 38446 30724 10580 20942 917 5555 13455 9782 7874 4812 12586 5025 5052 3380 20025 3923 1222 10591 2990 888 889
internal_count=215064 171414 43650 167535 24035 143500 142278 103832 12926 38446 30724 10580 20942 917 5555 13455 9782 7874 4812 12586 5025 5052 3380 20025 3923 1222 10591 2990 888 889
is_linear=0
shrinkage=0.03


Tree=118
num_leaves=31
num_cat=0
split_feature=27 5 8 27 8 8 12 8 8 29 0 93 33 83 7 25 0 24 8 15 102 12 8 102 8 32 32 5 8 47
split_gain=2337.5 769.417 509.944 243.813 163.392 75.8813 66.4304 63.2727 50.1125 49.3056 46.154 43.6857 37.7869 37.6297 30.6785 27.1555 26.4645 25.5858 23.0361 21.8895 21.3547 18.058 17.3437 16.9313 16.5461 12.3989 13.7916 12.877 12.0185 11.6731
threshold=382.50000000000006 391.50000000000006 0.1000000000000001 322.50000000000006 0.15000000000000038 1.0000000180025095e-35 -1.0000000180025095e-35 1.0000000180025095e-35 0.69999999999999984 329.50000000000006 28.250000000000004 86.426388888888894 -0.54219087765047058 -1.4999999999999989 0.3499999999999997 5.5000000000000009 29.650000000000002 3.1385075823428115 1.0000000180025095e-35 0.097192220283502925 79.634722222222237 0.15000000000000038 0.49999999999999961 81.613888888888894 0.10000000000000099 -0.65234524191686594 0.97508442350096236 413.50000000000006 0.75000000000000011 1.0000000180025095e-35
decision_type=2 2 2 2 2 2 2 2 2 2 2 2 2 2 2 2 2 2 2 2 2 2 2 2 2 2 2 2 2 2
left_child=1 3 7 5 12 9 -4 25 10 13 -7 -10 18 -1 -14 -6 20 -11 -5 23 29 -22 24 -9 -3 -2 27 -27 -17 -8
right_child=2 22 6 4 15 8 16 19 11 17 -12 -13 14 -15 -16 28 -18 -19 -20 -21 21 -23 -24 -25 -26 26 -28 -29 -30 -31
leaf_value=0.0063845718719699749 -0.00073782988175106307 -0.0036538755807183987 -0.00026097101077674395 -0.00068997505997591443 -0.00032078264135879803 -0.00053580122244928016 -0.00024734729776188403 -0.00024697066520478904 -0.0017196890206443531 -3.7846798116376587e-05 0.0008733812692089648 -0.00011324869061688113 -0.0005473768203560534 0.00022039434651059507 -4.8077564204844283e-05 -0.00023489210125790628 -0.00024734729776188403 0.005187607514339776 -0.00032675276303453956 -0.00025372950852321584 -0.00024734729776188403 -0.00024734729776188403 -0.00024734729776188403 -0.00024728159952913258 -0.00075137502408885123 0.00062793411688751954 -0.00088473192430321658 -0.0007507334387559135 -0.00024854232435182787 -0.00024734729776188403
leaf_weight=2487 1446 308 4527 2188 5094 57722 12375 1908 925 1887 13981 1722 935 59419 11562 3706 547 5779 2325 694 5531 8325 3203 1009 341 3426 373 821 514 347
leaf_count=2487 1446 308 4527 2188 5094 57722 12375 1908 925 1887 13981 1722 935 59419 11562 3706 547 5779 2325 694 5531 8325 3203 1009 341 3426 373 821 514 347
internal_value=-0.00229629 -0.000773698 -0.00871002 -0.000473665 -0.00312821 1.18814e-05 -0.0105526 -0.00268289 -0.000654463 0.000723988 -0.000504784 -0.00470733 -0.00137911 0.000442922 -0.000529285 -0.00632206 -0.0111142 0.00299335 -0.00373172 -0.00582641 -0.0112487 -0.0104308 -0.0140306 -0.00696539 -0.00953077 -0.000810944 -5.19368e-05 0.000434322 -0.00810235 -0.0121386
internal_weight=215427 174098 41329 170246 26324 143922 31652 9677 74350 69572 71703 2647 17010 61906 12497 9314 27125 7666 4513 3611 26578 13856 3852 2917 649 6066 4620 4247 4220 12722
internal_count=215427 174098 41329 170246 26324 143922 31652 9677 74350 69572 71703 2647 17010 61906 12497 9314 27125 7666 4513 3611 26578 13856 3852 2917 649 6066 4620 4247 4220 12722
is_linear=0
shrinkage=0.03


Tree=119
num_leaves=31
num_cat=0
split_feature=27 5 8 27 8 1 8 12 12 83 3 33 25 0 8 102 8 12 24 102 8 1 33 96 89 8 15 8 88 33
split_gain=2349.8 756.216 515.858 228.587 165.001 78.1228 71.9683 64.6002 63.4267 46.9512 44.1535 36.8966 26.765 25.9475 24.0735 23.283 21.8163 19.5197 18.8228 16.6816 16.6658 15.6233 14.2889 11.9394 11.9278 10.7799 10.1699 13.4003 9.99981 10.7335
threshold=382.50000000000006 393.50000000000006 0.1000000000000001 322.50000000000006 0.15000000000000038 41.500000000000007 1.0000000180025095e-35 -1.0000000180025095e-35 -1.0000000180025095e-35 -1.7000000000000017 28.150000000000002 -0.54219087765047058 5.5000000000000009 29.650000000000002 1.0000000180025095e-35 79.634722222222237 0.49999999999999961 0.15000000000000038 5.7451573872819557 81.661580486303492 0.10000000000000099 57.500000000000007 0.76556758748011056 22.050000000000004 28.950000000000003 0.75000000000000011 0.0782934871484878 0.15000000000000038 12.050000000000002 0.87709077819680659
decision_type=2 2 2 2 2 2 2 2 2 2 2 2 2 2 2 2 2 2 2 2 2 2 2 2 2 2 2 2 2 2
left_child=1 3 8 5 11 28 9 26 19 -7 -8 14 -6 15 -5 24 20 -17 -13 21 -3 -2 -23 -21 -9 -14 -4 -28 -1 -30
right_child=2 16 7 4 12 6 10 13 -10 -11 -12 18 25 -15 -16 17 -18 -19 -20 23 -22 22 -24 -25 -26 -27 27 -29 29 -31
leaf_value=0.0021579177744005195 0.00097033066636482751 -0.0035601372150873912 -0.00023868256418712084 -0.00054907991394477561 -0.00030663015396981033 0.010334996164300721 -0.00053081809875612726 -0.00023992687882902749 -0.00023956154524864534 0.00040267494117477792 0.00067250031854219016 -0.00026603452243149201 -0.00022799317467216644 -0.00023992687882902749 -0.00032478224490989794 -0.00023992687882902749 -0.00023992687882902749 -0.00023992687882902749 0.0011107793845456326 0.0016309379444583258 -0.00065183565840248468 -0.0006014135358968902 -0.00022446877113386241 -0.00035937954016351055 -0.00023992559805381493 -0.00023991023603089874 -0.00028099090432351901 -0.00036753999084877603 0.0079137533672965603 0.019631068184930309
leaf_weight=337 621 302 1864 2170 5064 1752 60191 12199 2377 67374 13545 10431 3685 540 2334 5531 3200 8330 2027 1266 353 2371 1707 1486 574 514 1008 1669 442 394
leaf_count=337 621 302 1864 2170 5064 1752 60191 12199 2377 67374 13545 10431 3685 540 2334 5531 3200 8330 2027 1266 353 2371 1707 1486 574 514 1008 1669 442 394
internal_value=-0.00229905 -0.000769401 -0.00870992 -0.000471864 -0.00304793 -2.8118e-06 -6.61473e-05 -0.0105708 -0.00270424 0.000629277 -0.000718093 -0.00128928 -0.00626781 -0.0111246 -0.00361598 -0.0112566 -0.0139069 -0.0104022 -0.000447869 -0.00134259 -0.00889482 -0.00242872 -0.0031037 0.000512169 -0.0121829 -0.00803929 -0.00725561 -0.00606609 0.00770443 0.00946237
internal_weight=215658 174115 41543 170260 26225 144035 142862 31715 9828 69126 73736 16962 9263 27174 4504 26634 3855 13861 12458 7451 655 4699 4078 2752 12773 4199 4541 2677 1173 836
internal_count=215658 174115 41543 170260 26225 144035 142862 31715 9828 69126 73736 16962 9263 27174 4504 26634 3855 13861 12458 7451 655 4699 4078 2752 12773 4199 4541 2677 1173 836
is_linear=0
shrinkage=0.03


Tree=120
num_leaves=31
num_cat=0
split_feature=27 5 8 27 8 27 8 12 85 33 92 24 33 8 0 102 25 7 85 84 8 12 15 95 33 3 83 27 7 5
split_gain=2357.96 758.456 540.939 189.955 132.108 74.8161 68.5561 68.4182 57.7014 89.1094 46.9394 37.5345 29.7091 27.3263 24.11 26.6104 23.6726 22.6343 22.6127 20.0587 19.4299 18.9047 16.9155 15.0403 14.3936 12.3365 11.8989 11.7969 11.7908 11.523
threshold=377.50000000000006 387.50000000000006 0.1000000000000001 322.50000000000006 0.15000000000000038 47.500000000000007 1.0000000180025095e-35 -1.0000000180025095e-35 -2.5500000000000003 0.080547328232315238 20.322027536867768 5.81304001546164 -0.57077231802681661 0.49999999999999961 29.650000000000002 79.634722222222237 5.5000000000000009 0.3499999999999997 -0.85000000000000131 -1.3500000000000012 1.0000000180025095e-35 0.15000000000000038 0.050839112744180369 14.250000000000002 0.64414586362404946 28.950000000000003 -0.40000000000000119 422.50000000000006 0.09999999999999877 395.50000000000006
decision_type=2 2 2 2 2 2 2 2 2 2 2 2 2 2 2 2 2 2 2 2 2 2 2 2 2 2 2 2 2 2
left_child=1 3 6 5 12 11 22 26 9 -7 -10 18 20 -3 15 25 28 -14 -1 -8 -5 -17 29 -13 -21 -9 -4 -26 -6 -2
right_child=2 13 7 4 16 8 19 14 10 -11 -12 23 17 -15 -16 21 -18 -19 -20 24 -22 -23 -24 -25 27 -27 -28 -29 -30 -31
leaf_value=0.0019671685856500064 -0.00069881574130036168 -0.0017158274657812734 -0.00033875397995441586 -0.0005731603033366908 -2.0796002601437978e-05 -0.00038191080527228625 -0.00024233836680575166 -0.00023272907246415665 -0.00112431706915775 0.0014542474163096431 -5.4628025397770448e-05 -0.0021503130316181361 -0.00060292246781223457 -0.00023272907246415665 -0.00023272907246415665 -0.00023272907246415665 -0.00021810802025135401 -4.9258689522530681e-05 -0.00094385040897657091 -0.00023129977264719061 -0.00039450525987872522 -0.00023272907246415665 2.8175834561839778e-05 0.0092483071767379098 -0.00036360451096136573 -0.00023272911088741304 -0.00023711147049925059 -0.00023255813223332843 -0.00037722259600719426 -0.00068540666112462104
leaf_weight=16157 1140 661 2070 1942 721 31224 917 12543 30199 27981 30625 320 886 3239 556 5931 3269 10763 5061 1880 2059 8524 5077 2238 602 628 2852 554 4367 454
leaf_count=16157 1140 661 2070 1942 721 31224 917 12543 30199 27981 30625 320 886 3239 556 5931 3269 10763 5061 1880 2059 8524 5077 2238 602 628 2852 554 4367 454
internal_value=-0.00231098 -0.000727144 -0.00853027 -0.00042315 -0.00289341 -1.07436e-05 -0.00264 -0.0104205 -0.000315296 0.0003514 -0.000964242 0.00152669 -0.00126701 -0.0138042 -0.0109907 -0.0111152 -0.00593862 -0.000500858 0.00111268 -0.00577011 -0.003497 -0.0102238 -0.000784622 0.00495897 -0.00694435 -0.0120927 -0.00715417 -0.00430424 -0.0046571 -0.00347962
internal_weight=215440 171712 43728 167812 24007 143805 10624 33104 120029 59205 60824 23776 15650 3900 28182 27626 8357 11649 21218 3953 4001 14455 6671 2558 3036 13171 4922 1156 5088 1594
internal_count=215440 171712 43728 167812 24007 143805 10624 33104 120029 59205 60824 23776 15650 3900 28182 27626 8357 11649 21218 3953 4001 14455 6671 2558 3036 13171 4922 1156 5088 1594
is_linear=0
shrinkage=0.03


Tree=121
num_leaves=31
num_cat=0
split_feature=34 8 4 8 12 8 8 8 7 19 93 3 14 90 29 23 12 89 104 33 96 18 102 102 4 33 15 12 102 8
split_gain=2292.36 728.875 550.844 144.791 111.139 96.9582 87.83 60.5982 71.9274 55.3908 51.3658 45.0421 39.821 38.6933 30.5024 33.4951 28.2548 30.221 27.6704 26.4473 21.2232 21.1142 20.6135 20.3716 18.0037 16.0432 17.9082 15.0657 14.7377 14.3093
threshold=1.0000000180025095e-35 0.1000000000000001 2.9000000000000017 0.49999999999999961 -1.0000000180025095e-35 1.0000000180025095e-35 1.0000000180025095e-35 0.59999999999999887 0.3499999999999997 47.097619047619055 86.426388888888894 29.550000000000004 0.096430547933380559 3.9500000000000006 329.50000000000006 26.005981445099255 0.15000000000000038 28.950000000000003 9.5129110647196597 0.080547328232315238 30.250000000000004 1.5000000000000002 82.523611111111123 82.33750000000002 1.8499999999999999 0.94353349168649059 0.053651943799322442 -0.10000000000000007 79.634722222222237 0.35000000000000148
decision_type=2 2 2 2 2 2 2 2 2 2 2 2 2 2 2 2 2 2 2 2 2 2 2 2 2 2 2 2 2 2
left_child=2 6 5 13 29 12 25 9 10 -7 -9 -11 14 -4 15 -1 23 28 -16 27 -19 -14 -21 -6 -10 26 -2 -8 -18 -3
right_child=1 4 3 -5 16 7 19 8 24 11 -12 -13 21 -15 18 -17 17 20 -20 22 -22 -23 -24 -25 -26 -27 -28 -29 -30 -31
leaf_value=-0.00010529172832881905 -0.00067816198482357961 -0.00023560941403346662 -0.0019487447709972327 -0.00022574720029023198 -0.00022574720029023198 0.0049823280862608564 -0.00026553015175774807 -0.0013800039833807914 -0.00050225998224177524 -0.00043343062784042082 3.7572437823166263e-05 0.0042929280456543767 0.0048691479852494063 0.023354498714596366 0.0078198749257655589 0.0013581634607924557 -0.00022574720029023198 -0.00022574720029023198 0.0013072685156494328 -0.00022656227034687298 0.0039556700387580763 0.0011292862432447234 0.00055607086159634438 -0.00022574720029023198 -0.00049178317164182627 0.00078200953162642925 1.3215650977476608e-05 -0.00022410937483242381 -0.00022574720029023198 -0.00034452622385716604
leaf_weight=54058 2314 5288 894 3183 8944 1231 795 1193 811 75958 2325 1686 4040 390 1258 5748 7683 395 5780 2409 325 3736 883 5106 792 1648 5504 1054 9098 1099
leaf_count=54058 2314 5288 894 3183 8944 1231 795 1193 811 75958 2325 1686 4040 390 1258 5748 7683 395 5780 2409 325 3736 883 5106 792 1648 5504 1054 9098 1099
internal_value=-0.00230187 -0.00775121 -0.000546068 -0.0109344 -0.00994359 -0.000253441 -0.00205675 -0.000952534 -0.0041146 -0.000747185 -0.00171355 -0.000847318 0.000533496 -0.00242802 0.000297105 7.72485e-05 -0.0106743 -0.0114801 0.00216508 -0.00521295 -0.00545076 0.00256526 -0.00359854 -0.00966977 -0.00937968 -0.000342241 -0.000909323 -0.00808378 -0.0117385 -0.00633297
internal_weight=215628 52545 163083 4467 37938 158616 14607 83996 5121 78875 3518 77644 74620 1284 66844 59806 31551 17501 7038 5141 720 7776 3292 14050 1603 9466 7818 1849 16781 6387
internal_count=215628 52545 163083 4467 37938 158616 14607 83996 5121 78875 3518 77644 74620 1284 66844 59806 31551 17501 7038 5141 720 7776 3292 14050 1603 9466 7818 1849 16781 6387
is_linear=0
shrinkage=0.03


Tree=122
num_leaves=31
num_cat=0
split_feature=27 5 8 27 8 103 104 29 12 8 90 28 23 8 0 8 27 102 12 90 8 95 15 103 94 31 3 83 8 12
split_gain=2355.84 753.781 494.135 217.413 147.236 72.6267 68.6997 163.986 65.5267 61.848 55.9871 35.8256 34.8911 36.094 26.847 25.5029 23.5354 23.2179 22.207 19.7634 17.7938 16.6044 13.9785 13.6808 12.1718 11.9911 11.7278 11.5192 9.66252 9.55572
threshold=382.50000000000006 391.50000000000006 0.1000000000000001 327.50000000000006 0.15000000000000038 43.500000000000007 14.191989762055238 74.500000000000014 -1.0000000180025095e-35 1.0000000180025095e-35 0.4000000000000013 6.5000000000000009 22.818728945737792 1.0000000180025095e-35 29.650000000000002 0.49999999999999961 357.50000000000006 79.634722222222237 0.15000000000000038 1.5000000000000029 0.10000000000000099 26.250000000000004 0.050839112744180369 85.500000000000014 75.500000000000014 -0.24999999999999994 28.950000000000003 -0.40000000000000119 0.15000000000000038 -0.19999999999999971
decision_type=2 2 2 2 2 2 2 2 2 2 2 2 2 2 2 2 2 2 2 2 2 2 2 2 2 2 2 2 2 2
left_child=1 3 9 5 12 11 10 -8 27 22 -7 -1 21 -14 17 20 -6 26 -19 23 -3 -5 -2 -11 -18 -25 -10 28 29 -4
right_child=2 15 8 4 16 6 7 -9 14 19 -12 -13 13 -15 -16 -17 24 18 -20 -21 -22 -23 -24 25 -26 -27 -28 -29 -30 -31
leaf_value=-0.0011547261866239565 -0.0006458716356871544 -0.0034259808713862413 -2.0225986491389513e-05 -0.00019841888797139583 -0.00027705696252569952 -0.0039981764510102422 0.003257312087599521 -0.00011336357200739278 -0.00021897478428152501 -0.00021860108681377995 -0.0008501172564834141 0.01031259945163011 -0.0003883261672662663 -0.00033254665149214243 -0.00021897478428152501 -0.00021897478428152501 -0.00021851650883545246 -0.00021897478428152501 -0.00021897478428152501 -0.00025647913254574602 -0.00064357697788665314 0.0012359081466588873 -3.874776948747334e-05 -0.00021978963188252085 -0.00021092625457069361 -0.00021839091676049356 -0.00021897482155208367 -0.00022156741318067965 -0.00040575855212272367 -0.0002342469953739155
leaf_weight=333 1462 307 445 8678 4331 1830 16925 104563 12133 1768 21757 916 2731 2825 554 3202 324 5614 8349 832 365 1246 4650 333 3913 678 599 2628 948 589
leaf_count=333 1462 307 445 8678 4331 1830 16925 104563 12133 1768 21757 916 2731 2825 554 3202 324 5614 8349 832 365 1246 4650 333 3913 678 599 2628 948 589
internal_value=-0.0022515 -0.000720357 -0.00866748 -0.000422778 -0.00306624 1.16863e-05 -5.03529e-05 0.000237305 -0.0104741 -0.00274733 -0.00153192 0.007212 -0.00131968 -0.00322296 -0.0110339 -0.0138039 -0.00622126 -0.0111697 -0.0103219 -0.00585963 -0.00846954 -0.000253904 -0.000907901 -0.00707374 -0.00781147 -0.0042836 -0.0120985 -0.00716331 -0.00543116 -0.00342029
internal_weight=215828 174246 41582 170372 24048 146324 145075 121488 31859 9723 23587 1249 15480 5556 27249 3874 8568 26695 13963 3611 672 9924 6112 2779 4237 1011 12732 4610 1982 1034
internal_count=215828 174246 41582 170372 24048 146324 145075 121488 31859 9723 23587 1249 15480 5556 27249 3874 8568 26695 13963 3611 672 9924 6112 2779 4237 1011 12732 4610 1982 1034
is_linear=0
shrinkage=0.03


Tree=123
num_leaves=31
num_cat=0
split_feature=34 5 12 87 33 102 3 3 94 12 5 83 32 33 104 102 104 5 2 32 89 10 96 5 33 102 107 22 102 33
split_gain=2279.92 769.797 721.287 80.1449 148.023 130.419 105.34 72.5915 67.2555 65.1444 64.7841 59.9095 57.4508 56.1495 52.8519 50.0557 49.8647 41.8519 32.0804 29.6343 28.8678 24.142 23.2252 22.1307 22.4458 19.4389 17.4603 16.5529 14.6592 15.9087
threshold=1.0000000180025095e-35 375.50000000000006 -1.0000000180025095e-35 -0.18333333333333338 0.080547328232315238 84.147222222222226 28.350000000000005 26.550000000000004 60.500000000000007 0.09999999999999877 133.50000000000003 -0.39999999999999986 0.99865421017599998 -0.97111920233974802 14.191989762055238 80.470833333333346 25.194702462733911 165.50000000000003 12.050000000000002 -0.21861968191509915 28.950000000000003 1.0000000180025095e-35 30.150000000000002 391.50000000000006 0.5475998096715059 79.634722222222237 -0.54999999999999882 2336.9000000000001 82.931018518518542 1.0000000180025095e-35
decision_type=2 2 2 2 2 2 2 2 2 2 2 2 2 2 2 2 2 2 2 2 2 2 2 2 2 2 2 2 2 2
left_child=1 3 11 4 6 14 12 8 18 28 16 21 -1 -10 -6 -8 -9 -7 -5 -12 25 26 -22 24 -13 -11 -2 -28 -4 -30
right_child=2 -3 9 7 5 17 15 10 13 20 19 23 -14 -15 -16 -17 -18 -19 -20 -21 22 -23 -24 -25 -26 -27 27 -29 29 -31
leaf_value=-0.00092775481127628924 0.0039192632062185866 -0.00021240554075307923 -0.00021240554075307923 -0.0014474163425469454 -0.00036137992435340268 0.014235634012058877 0.00013278076007533431 -0.00018738995876424412 -0.0013595173091398979 -0.00021240554075307923 8.9110563638907159e-05 -0.00024287998779179865 0.0022853092754362282 -0.00062115118275482268 0.0017715339368864391 0.0029312944669676508 0.0049808758251128063 0.0024921774973678703 0.012289464218470816 -0.00091926361235097594 -0.00021240554075307923 -0.0003034779518182404 -0.00031002506706569394 -0.00019922528221281348 -0.00024427761967232001 -0.00021240554075307923 -0.00012678064937245102 -0.00074390895239958026 -0.00021240554075307923 -0.00021240554075307923
leaf_weight=26505 410 3899 8213 309 13179 3805 12894 6212 833 10135 4038 3700 1258 50466 21173 3778 7512 2674 898 3602 422 1511 558 1615 1970 11583 7039 1421 1939 1976
leaf_count=26505 410 3899 8213 309 13179 3805 12894 6212 833 10135 4038 3700 1258 50466 21173 3778 7512 2674 898 3602 422 1511 558 1615 1970 11583 7039 1421 1939 1976
internal_value=-0.00227128 -0.000520468 -0.00770903 -0.000197754 0.000428888 0.00173283 -0.000769309 -0.000921065 -0.00152094 -0.0102136 0.000553241 -0.00277127 -0.0019012 -0.00168567 0.00099642 0.00111558 0.00178579 0.00563657 0.00547599 -0.00166078 -0.0111626 -0.00130755 -0.00611621 -0.00485657 -0.00397284 -0.01139 -0.000710179 -0.00100343 -0.0084368 -0.0069216
internal_weight=215527 163035 52492 159136 85266 40831 44435 73870 52506 34826 21364 17666 27763 51299 34352 16672 13724 6479 1207 7640 22698 10381 980 7285 5670 21718 8870 8460 12128 3915
internal_count=215527 163035 52492 159136 85266 40831 44435 73870 52506 34826 21364 17666 27763 51299 34352 16672 13724 6479 1207 7640 22698 10381 980 7285 5670 21718 8870 8460 12128 3915
is_linear=0
shrinkage=0.03


Tree=124
num_leaves=31
num_cat=0
split_feature=25 12 4 25 85 33 102 3 3 97 104 12 94 33 103 25 11 2 4 4 2 89 25 33 4 32 102 25 33 85
split_gain=2289.68 712.204 543.62 140.539 74.4865 101.22 126 100.675 97.1884 75.1138 97.903 66.582 66.313 62.9805 61.4058 59.9904 59.4594 59.0784 51.4454 51.0129 46.9165 35.0908 25.8096 38.6025 25.2572 22.1388 20.4704 19.1959 30.9707 20.2594
threshold=5.5000000000000009 -1.0000000180025095e-35 2.9000000000000017 1.0000000180025095e-35 -1.4999999999999993 0.080547328232315238 84.147222222222226 26.550000000000004 28.350000000000005 27.950000000000003 25.194702462733911 0.09999999999999877 60.500000000000007 -0.97111920233974802 91.500000000000014 1.5000000000000002 -1.0000000180025095e-35 26.250000000000004 2.1500000000000008 0.65000000000000047 19.650000000000002 28.950000000000003 6.5000000000000009 0.19969739736768838 0.84999999999999976 -0.0053757284505435614 79.634722222222237 6.5000000000000009 0.28313308994381592 -1.3999999999999997
decision_type=2 2 2 2 2 2 2 2 2 2 2 2 2 2 2 2 2 2 2 2 2 2 2 2 2 2 2 2 2 2
left_child=2 16 4 -4 5 8 15 12 14 10 -9 27 25 -10 -1 -7 -2 -5 -14 -11 -8 26 23 -18 -23 -6 -13 28 -3 -30
right_child=1 11 3 17 7 6 20 9 13 19 -12 21 18 -15 -16 -17 22 -19 -20 -21 -22 24 -24 -25 -26 -27 -28 -29 29 -31
leaf_value=-0.00094403580213375359 -0.00024067261185093603 -0.00020514015329890989 -0.00020603337453048686 0.054404077880724697 0.021104534004748956 0.0023361158579768481 0.0024535636337157827 0.00052791637869801069 -0.00083376720510395673 0.00052510184455990588 0.017474129864569973 -0.00020603337453048686 -0.00073637447061882899 0.0012519178634905048 0.00037432551483793011 -0.00020088012903794159 -0.00022039639884344255 -0.00096352659484896623 -0.00056751011828275731 -0.0012694684104939602 0.0080860953789264715 -0.00020603337453048686 -0.00020763399115150533 -0.00024844134828764765 0.0027131853835312796 0.00091304870698739762 -0.00020603337453048686 -0.00020603337453048686 -0.00020605389059095308 -0.00020603337453048686
leaf_weight=29126 11132 4479 3379 422 372 15381 3828 3109 5818 5003 1931 10138 33102 16443 7003 29950 2170 629 522 1428 5448 546 2265 2035 412 331 11639 4883 1081 1649
leaf_count=29126 11132 4479 3379 422 372 15381 3828 3109 5818 5003 1931 10138 33102 16443 7003 29950 2170 629 522 1428 5448 546 2265 2035 412 331 11639 4883 1081 1649
internal_value=-0.00226779 -0.00772201 -0.000515819 -0.0108802 -0.000226612 0.000187039 0.0011155 -0.00124719 -0.000681269 0.00118593 0.00392779 -0.0102077 -0.00206027 0.000877953 -0.00164199 0.00046358 -0.0028035 -0.00129753 -0.002251 -0.000963153 0.00430096 -0.0111649 -0.0050904 -0.00369829 -0.00553702 0.00705256 -0.0114122 -0.00840734 -0.00742094 -0.0048993
internal_weight=215654 52429 163225 4430 158795 112997 54607 45798 58390 11471 5040 34827 34327 22261 36129 45331 17602 1051 33624 6431 9276 22735 6470 4205 958 703 21777 12092 7209 2730
internal_count=215654 52429 163225 4430 158795 112997 54607 45798 58390 11471 5040 34827 34327 22261 36129 45331 17602 1051 33624 6431 9276 22735 6470 4205 958 703 21777 12092 7209 2730
is_linear=0
shrinkage=0.03


Tree=125
num_leaves=31
num_cat=0
split_feature=27 8 8 27 27 8 20 103 29 33 8 12 25 93 12 25 89 33 8 4 29 96 23 83 103 91 7 86 33 15
split_gain=2375.93 517.042 489.735 214.008 161.277 102.65 65.2876 86.8787 86.5277 72.5027 62.7648 57.8652 44.5403 52.6017 37.1367 32.1862 28.5396 28.0078 31.8739 27.0302 26.607 82.2248 47.3738 22.7493 20.6316 18.7116 18.0449 16.1135 13.8053 13.1328
threshold=382.50000000000006 0.69999999999999984 0.1000000000000001 1.0000000180025095e-35 312.50000000000006 0.15000000000000038 93.151086956521752 90.500000000000014 196.50000000000003 0.19969739736768838 1.0000000180025095e-35 1.0000000180025095e-35 5.5000000000000009 86.426388888888894 1.0000000180025095e-35 5.5000000000000009 28.950000000000003 0.28313308994381592 1.0000000180025095e-35 0.84999999999999976 140.50000000000003 21.750000000000004 25.20716531519221 -0.49999999999999728 81.500000000000014 0.58944913798741705 0.3499999999999997 0.02500000000000006 -0.54219087765047058 0.050839112744180369
decision_type=2 2 2 2 2 2 2 2 2 2 2 2 2 2 2 2 2 2 2 2 2 2 2 2 2 2 2 2 2 2
left_child=1 4 10 -3 6 17 7 8 -1 -9 29 23 13 -5 -15 27 24 18 -6 -18 21 -8 -22 -4 -13 -12 -19 -7 -26 -2
right_child=2 3 11 12 5 15 20 9 -10 -11 25 16 -14 14 -16 -17 19 26 -20 -21 22 -23 -24 -25 28 -27 -28 -29 -30 -31
leaf_value=-0.0006063502630343331 -0.00061752738622480711 -0.00019985237329457227 -0.00020338670343111379 -0.0011248999222282737 -0.00026513145398090007 -0.00034677884789118522 -0.0018264320535411247 0.00050140672517079866 0.00058968622667611036 0.005882518917677616 -0.00019948988675085958 -0.00019985237329457227 -0.0002014740790214942 -0.00062166323204356768 5.2436442313407937e-05 -0.00018880893126812872 -0.00019985237329457227 -0.00073730908364254798 -0.00028516857486998184 -0.00019243136208348783 -0.0022476003036141332 0.0068755096316519947 -0.0001705232922362443 -0.00019985237329457227 -0.00019985237329457227 0.00019569786573968545 0.0001889958196776005 1.2512560989172911e-05 -0.00019985237329457227 -6.5130990251866937e-05
leaf_weight=56894 1480 2933 2493 1044 5651 4763 2964 14536 49892 6525 3203 6776 557 516 1591 3713 616 623 5353 411 3428 1671 2225 6734 6642 398 8238 811 8176 4694
leaf_count=56894 1480 2933 2493 1044 5651 4763 2964 14536 49892 6525 3203 6776 557 516 1591 3713 616 623 5353 411 3428 1671 2225 6734 6642 398 8238 811 8176 4694
internal_value=-0.00227284 -0.000732023 -0.0087112 -0.00894083 -0.000406096 -0.00243371 2.18263e-05 0.000206847 -0.000140467 0.00196776 -0.00283705 -0.010514 -0.00414937 -0.00276491 -3.55787e-05 -0.00503714 -0.0113312 -0.0012164 -0.00222717 -0.00643482 -0.00227719 -0.000592105 -0.00365847 -0.00850943 -0.0115638 -0.00598418 3.89303e-05 -0.00359462 -0.0109339 -0.00100081
internal_weight=215551 173928 41623 6641 167287 29152 138135 127847 106786 21061 9775 31848 3708 3151 2107 9287 22621 19865 11004 1027 10288 4635 5653 9227 21594 3601 8861 5574 14818 6174
internal_count=215551 173928 41623 6641 167287 29152 138135 127847 106786 21061 9775 31848 3708 3151 2107 9287 22621 19865 11004 1027 10288 4635 5653 9227 21594 3601 8861 5574 14818 6174
is_linear=0
shrinkage=0.03


Tree=126
num_leaves=31
num_cat=0
split_feature=27 5 12 27 12 103 102 20 24 83 32 26 12 89 22 96 11 102 33 27 5 103 33 102 33 86 85 23 7 10
split_gain=2372.73 745.385 478.763 191.484 86.4998 69.0873 73.0834 88.5187 63.945 46.8779 42.1924 37.8863 35.7568 27.7788 24.7182 23.6947 23.4849 20.5895 20.2179 17.4266 15.8568 15.7698 13.9406 13.8877 13.3391 13.2696 13.2332 13.0542 12.6563 12.3406
threshold=382.50000000000006 391.50000000000006 -1.0000000180025095e-35 337.50000000000006 -1.0000000180025095e-35 43.500000000000007 80.386111111111134 89.450490196078448 2.9215005968554935 -0.34999999999999959 -0.27694604220087021 37.500000000000007 0.09999999999999877 28.950000000000003 2011.2500000000002 30.150000000000002 -1.0000000180025095e-35 83.084722222222226 0.080547328232315238 422.50000000000006 389.50000000000006 81.500000000000014 0.71952396275653763 84.495129216960706 -0.70289845916694649 0.02500000000000006 -2.9499999999999988 18.340825214745156 0.4000000000000013 1.0000000180025095e-35
decision_type=2 2 2 2 2 2 2 2 2 2 2 2 2 2 2 2 2 2 2 2 2 2 2 2 2 2 2 2 2 2
left_child=1 3 9 5 14 10 8 -8 -7 16 26 18 17 21 28 -15 23 -4 -6 -18 22 -14 -11 -2 -19 -13 -1 -25 -5 -16
right_child=2 -3 12 4 11 6 7 -9 -10 20 -12 25 13 15 29 -17 19 24 -20 -21 -22 -23 -24 27 -26 -27 -28 -29 -30 -31
leaf_value=0.0068518253852835748 -0.00043521021138386685 -0.00019385680209573508 -0.00019385680209573508 -0.00057848933793082618 -0.000172501829701338 -0.00098865536839276916 0.0010867057106795383 -0.00038033740779587266 -0.00015916743856495219 -0.00020449617520620499 -0.00044640738271980643 -0.0002836858958861483 -0.00019385680209573508 -0.00019385680209573508 -0.00040896154746011083 -0.00036243302294687124 -0.00019024898632107588 -0.00019385680209573508 -0.00019323585745289164 -0.00025783823006790503 -0.00019161464864250036 -0.00019385680209573508 -0.00020679002032330382 0.0068519260862157068 -0.00019385680209573508 2.1743950537756848e-05 0.016176338907385821 -0.00056886771452471839 0.00014580208335560312 -0.00055285772941319046
leaf_weight=356 3958 3844 6298 448 3076 21189 45666 23725 58271 1842 445 3283 6253 376 3999 479 1406 569 2206 1143 1437 13368 856 621 2211 492 475 610 5530 594
leaf_count=356 3958 3844 6298 448 3076 21189 45666 23725 58271 1842 445 3283 6253 376 3999 479 1406 569 2206 1143 1437 13368 856 621 2211 492 475 610 5530 594
internal_value=-0.00226451 -0.000725029 -0.00871548 -0.000429175 -0.00321565 -6.48447e-05 -0.000124452 0.000586883 -0.000745649 -0.00362683 0.00688332 -0.00536708 -0.0107596 -0.0114553 -0.00137202 -0.0061507 -0.00224835 -0.00918934 -0.00700738 -0.00460588 -0.00620527 -0.0116861 -0.00484624 -0.0010896 -0.00703344 -0.00307071 0.0108714 0.00169237 -0.000100351 -0.00302677
internal_weight=215026 173599 41427 169755 19628 150127 148851 69391 79460 11873 1276 9057 29554 20476 10571 855 7738 9078 5282 2549 4135 19621 2698 5189 2780 3775 831 1231 5978 4593
internal_count=215026 173599 41427 169755 19628 150127 148851 69391 79460 11873 1276 9057 29554 20476 10571 855 7738 9078 5282 2549 4135 19621 2698 5189 2780 3775 831 1231 5978 4593
is_linear=0
shrinkage=0.03


Tree=127
num_leaves=31
num_cat=0
split_feature=25 5 8 12 8 25 33 2 84 90 103 104 103 96 2 29 25 8 92 33 25 32 0 4 103 83 8 8 26 25
split_gain=2288.79 763.603 737.295 119.86 85.5167 78.8965 51.3409 64.8404 50.7318 50.4033 48.2475 57.4138 46.0276 41.819 40.7029 40.3616 35.1803 29.1881 28.8584 27.4156 33.3704 27.2705 24.9946 22.1558 21.7577 19.347 18.5294 16.4432 15.1004 15.0273
threshold=5.5000000000000009 375.50000000000006 0.1000000000000001 -1.0000000180025095e-35 1.0000000180025095e-35 1.5000000000000002 0.19969739736768838 26.050000000000004 -3.850000000000001 1.1500000000000006 44.500000000000007 14.191989762055238 93.500000000000014 14.950000000000001 25.650000000000002 146.50000000000003 6.5000000000000009 0.49999999999999961 21.27832074360224 0.64414586362404946 6.5000000000000009 0.15951094710994371 29.650000000000002 1.7000000000000004 82.500000000000014 -0.40000000000000119 0.10000000000000099 0.70000000000000073 27.500000000000004 6.5000000000000009
decision_type=2 2 2 2 2 2 2 2 2 2 2 2 2 2 2 2 2 2 2 2 2 2 2 2 2 2 2 2 2 2
left_child=1 5 4 25 -2 6 7 15 18 14 21 -12 -9 -11 -8 -1 27 26 -7 23 -21 -10 24 -6 -18 29 -3 28 -5 -4
right_child=2 17 3 16 19 8 9 12 10 13 11 -13 -14 -15 -16 -17 22 -19 -20 20 -22 -23 -24 -25 -26 -27 -28 -29 -30 -31
leaf_value=-0.001459102098691482 -0.00013920855436958741 -0.0032320873690541746 -0.0002731007828102162 -0.00018143004132114106 -0.00018706122882592829 0.041643662074768883 0.00045630682845629545 0.00031044525637309752 0.0062576222992808241 -0.0032880156648578017 -0.0011860441592777811 -0.00016283206804638094 0.0070422767897629062 0.0061343212009621851 0.01065939758939752 -0.0049148898950697791 -0.00018804109803286301 -0.00018804109803286301 2.3908770232720058e-05 0.00062090819755896082 -0.0001882381032518243 -0.00088082589727745406 -0.00018804109803286301 -0.00018427002085502013 -0.00018804109803286301 -0.00019422790888314742 -0.00050235782748935941 -0.00018804109803286301 -0.00018804109803286301 -0.00029351773355614169
leaf_weight=8192 9445 307 1589 4704 2507 431 13780 17831 772 895 16741 86507 2723 8919 492 1402 7485 3175 302 1233 885 315 496 500 11500 3685 348 1349 6108 1066
leaf_count=8192 9445 307 1589 4704 2507 431 13780 17831 772 895 16741 86507 2723 8919 492 1402 7485 3175 302 1233 885 315 496 500 11500 3685 348 1349 6108 1066
internal_value=-0.00223826 -0.000484206 -0.0076831 -0.0098839 -0.00194565 -0.00016591 0.000763345 -6.16936e-05 -0.000645576 0.00179599 -0.000700861 -0.000767078 0.000888835 0.00345084 0.000657886 -0.00209797 -0.0106384 -0.0137197 0.0072139 -0.00506535 -0.00244927 0.00558364 -0.0114298 -0.00690658 -0.0116035 -0.00611733 -0.00793445 -0.00936976 -0.00897808 -0.00416227
internal_weight=215684 163132 52552 37982 14570 159302 54234 30148 105068 24086 104335 103248 20554 9814 14272 9594 31642 3830 733 5125 2118 1087 19481 3007 18985 6340 655 12161 10812 2655
internal_count=215684 163132 52552 37982 14570 159302 54234 30148 105068 24086 104335 103248 20554 9814 14272 9594 31642 3830 733 5125 2118 1087 19481 3007 18985 6340 655 12161 10812 2655
is_linear=0
shrinkage=0.03


Tree=128
num_leaves=31
num_cat=0
split_feature=27 5 83 27 1 83 27 102 22 27 83 33 27 24 33 25 104 101 102 102 83 103 108 102 95 91 83 100 19 89
split_gain=2388.55 747.735 335.129 170.586 69.2547 64.6818 61.2778 51.6087 47.2066 43.5498 35.2699 33.1201 27.5885 27.4504 26.2311 24.0767 19.0858 18.5761 17.5386 17.2187 16.9129 15.2232 14.4768 14.6041 11.5684 11.9476 11.1647 11.0812 11.7363 11.0633
threshold=382.50000000000006 391.50000000000006 -0.34999999999999959 342.50000000000006 41.500000000000007 -0.20000000000000059 47.500000000000007 80.386111111111134 2011.2500000000002 427.50000000000006 0.2999999999999981 0.39629089145655322 422.50000000000006 4.4439978718063564 0.76556758748011056 5.5000000000000009 16.497557965084869 -0.0023238116659169326 81.183333333333351 84.495129216960706 0.15000000000000038 82.500000000000014 3.8999999999999995 84.773611111111123 22.150000000000002 0.39406101540631328 -0.65000000000000024 1.599999999999999 38.550000000000004 28.550000000000004
decision_type=2 2 2 2 2 2 2 2 2 2 2 2 2 2 2 2 2 2 2 2 2 2 2 2 2 2 2 2 2 2
left_child=1 3 9 4 27 8 13 -8 21 11 12 22 14 -6 -4 -7 -16 -10 -14 26 -17 -5 23 -2 -21 -26 -11 -1 -29 -12
right_child=2 -3 10 5 6 15 7 -9 17 19 29 -13 18 -15 16 20 -18 -19 -20 24 -22 -23 -24 -25 25 -27 -28 28 -30 -31
leaf_value=0.0043425783671687222 -0.00018239986509187712 -0.00018239986509187712 -0.00018239986509187712 -0.00033540983487995494 0.00093256388027891288 -0.00021852411682804306 -0.00053358576098238382 8.3731650185026805e-05 -0.00032273988864644495 -0.00018239986509187712 -0.00018239986509187712 -0.00017749093439633088 -0.00018239986509187712 0.0048125897236321932 -0.00018239986509187712 -0.0001604327055493784 -0.00018126763473615894 -0.00016305808331144782 -0.00018239986509187712 0.0013913864321330057 -0.00017917046617801929 0.00086148710088263761 0.0013093889691673751 -0.00018239986509187712 -0.00018162967839914818 -0.00025762796759999369 -0.00018239986509187712 0.015624806123467573 0.007431423615087745 -0.00018239986509187712
leaf_weight=529 2046 3870 8064 3211 18656 2650 68610 59380 2789 1684 7906 3395 7261 4748 1349 3710 511 1445 4705 389 1176 2482 346 715 358 337 1848 311 332 674
leaf_count=529 2046 3870 8064 3211 18656 2650 68610 59380 2789 1684 7906 3395 7261 4748 1349 3710 511 1445 4705 389 1176 2482 346 715 358 337 1848 311 332 674
internal_value=-0.00226321 -0.000718603 -0.00872178 -0.000421779 -0.000100284 -0.00323036 -0.000156544 -0.000414639 -0.0016393 -0.00426297 -0.0103485 -0.0026803 -0.0097081 0.00125486 -0.00853602 -0.00532573 -0.00531972 -0.00403778 -0.0106794 -0.00649123 -0.00657459 0.000144889 -0.00491795 -0.00564265 -0.00317972 -0.00549569 -0.00750637 0.00716113 0.0098059 -0.0119811
internal_weight=215487 173899 41588 170029 152566 17463 151394 127990 9927 11118 30470 6502 21890 23404 9924 7536 1860 4234 11966 4616 4886 5693 3107 2761 1084 695 3532 1172 643 8580
internal_count=215487 173899 41588 170029 152566 17463 151394 127990 9927 11118 30470 6502 21890 23404 9924 7536 1860 4234 11966 4616 4886 5693 3107 2761 1084 695 3532 1172 643 8580
is_linear=0
shrinkage=0.03


Tree=129
num_leaves=31
num_cat=0
split_feature=27 5 8 27 8 8 12 8 91 1 88 33 8 33 33 8 0 25 102 12 90 8 103 67 33 83 8 14 23 90
split_gain=2378.32 738.676 509.104 189.314 109.087 68.4382 66.987 64.0992 47.1488 41.8338 41.7072 37.92 40.4756 34.9819 33.841 30.5488 26.0487 24.0094 23.2632 18.0091 17.0079 15.3645 13.6431 11.8512 10.8987 10.7624 10.3713 10.3123 13.6671 12.4268
threshold=382.50000000000006 391.50000000000006 0.1000000000000001 342.50000000000006 1.0000000180025095e-35 1.0000000180025095e-35 -1.0000000180025095e-35 1.0000000180025095e-35 0.98136040530667146 44.500000000000007 28.150000000000002 0.080547328232315238 0.19999999999999976 -0.26037106507032781 0.77652048701313048 0.49999999999999961 29.650000000000002 5.5000000000000009 79.634722222222237 0.15000000000000038 1.5000000000000029 0.10000000000000099 85.500000000000014 0.55263157894736847 0.097680735332368748 -0.65000000000000024 0.15000000000000038 0.056832077715556574 16.902294007930113 1.0500000000000009
decision_type=2 2 2 2 2 2 2 2 2 2 2 2 2 2 2 2 2 2 2 2 2 2 2 2 2 2 2 2 2 2
left_child=1 3 7 5 -5 8 25 27 14 -7 -11 17 -13 -10 -1 21 18 -6 23 -20 22 -3 -9 -8 -24 26 -4 28 -2 -30
right_child=2 15 6 4 11 9 16 20 13 10 -12 12 -14 -15 -16 -17 -18 -19 19 -21 -22 -23 24 -25 -26 -27 -28 -29 29 -31
leaf_value=6.4187578496296968e-05 -1.5569713127406779e-05 -0.0031068249755224343 -0.00031043601679377295 2.8683389412444832e-05 -0.00032831537264090476 0.0047416426646279784 -0.00017692786913912082 -0.00017642556392345098 -0.0044735125574263956 -0.00045160090203403782 0.00057043638697545419 -0.00017880890587192044 -0.0002146675272921741 0.013642387205381681 0.0015631745008862952 -0.00017692786913912082 -0.00017692786913912082 -0.00016355388604750813 -0.00017692786913912082 -0.00017692786913912082 -0.00022049165777548028 -0.00051665495972134142 -0.0001762525264625275 -0.00017692786913912082 -0.00017984456195140302 -0.00017741568421227323 -0.00051599547515166421 0.00022571269084393532 -0.00063901730603500568 0.00063528334557502405
leaf_weight=54372 1676 308 653 5588 2274 998 12466 1757 327 65114 13764 3392 1959 1028 17323 3189 558 4239 5644 8303 814 354 453 340 547 3377 580 2794 1239 415
leaf_count=54372 1676 308 653 5588 2274 998 12466 1757 327 65114 13764 3392 1959 1028 17323 3189 558 4239 5644 8303 814 354 453 340 547 3377 580 2794 1239 415
internal_value=-0.0022589 -0.000719824 -0.00870221 -0.000426109 -0.00338624 -8.82774e-05 -0.0105308 -0.002681 0.000575351 -0.000695194 -0.000772449 -0.00501391 -0.00314182 0.00611726 0.000470528 -0.0137111 -0.0110957 -0.00655127 -0.0112295 -0.0103789 -0.00587486 -0.00782805 -0.00699964 -0.0121551 -0.0041958 -0.00718282 -0.00477715 -0.000817959 -0.00194536 -0.00387915
internal_weight=215845 174229 41616 170378 17452 152926 31921 9695 73050 79876 78878 11864 5351 1355 71695 3851 27311 6513 26753 13947 3571 662 2757 12806 1000 4610 1233 6124 3330 1654
internal_count=215845 174229 41616 170378 17452 152926 31921 9695 73050 79876 78878 11864 5351 1355 71695 3851 27311 6513 26753 13947 3571 662 2757 12806 1000 4610 1233 6124 3330 1654
is_linear=0
shrinkage=0.03


Tree=130
num_leaves=31
num_cat=0
split_feature=27 8 8 27 27 8 12 20 12 33 88 33 25 93 33 12 8 89 102 33 12 102 25 94 92 27 87 91 99 33
split_gain=2396.96 486.027 463.801 245.903 154.787 96.7626 64.1045 61.8216 60.9808 57.1098 112.885 68.5038 51.2374 50.5983 43.6252 41.653 41.1231 24.2269 30.5882 23.393 19.2765 18.2753 17.2095 17.1658 14.3217 20.7368 12.7367 21.7148 11.9114 11.4864
threshold=382.50000000000006 0.1000000000000001 0.69999999999999984 1.0000000180025095e-35 337.50000000000006 1.0000000180025095e-35 -1.0000000180025095e-35 41.934057971014497 -1.0000000180025095e-35 -0.97111920233974802 29.050000000000004 -0.99465740988130902 5.5000000000000009 86.340277777777786 0.080547328232315238 1.0000000180025095e-35 0.20000000000000065 28.950000000000003 79.634722222222237 -0.97507822412530132 0.15000000000000038 72.641666666666694 5.5000000000000009 89.500000000000014 16.795205667165057 432.50000000000006 -0.27500000000000019 0.33374829093181796 29.750000000000004 0.3484035575467645
decision_type=2 2 2 2 2 2 2 2 2 2 2 2 2 2 2 2 2 2 2 2 2 2 2 2 2 2 2 2 2 2
left_child=2 8 4 -4 7 -6 -3 26 23 11 -11 -9 13 21 22 -15 -16 18 -8 -19 -20 -5 -7 24 25 -2 -1 -28 -21 -25
right_child=1 6 3 12 5 14 17 9 -10 10 -12 -13 -14 15 16 -17 -18 19 20 28 -22 -23 -24 29 -26 -27 27 -29 -30 -31
leaf_value=0.0021237734762568094 6.2492270033839077e-05 -0.0001793288257275484 -0.0001716200330649472 -0.0022757830709531708 2.3922141163066763e-05 -0.00037143419889691253 -0.0001716200330649472 0.00040721589012763159 -0.0001717810250233714 -0.00010095450693581641 0.003355532018130299 -0.0019370816704192748 -0.0001733332294631124 -0.0005787993654152127 -0.00015160564521312788 8.3151683241342373e-05 -0.0002085350739310998 -0.0001716200330649472 -0.0001716200330649472 -0.0001716722063264986 -0.0001716200330649472 -0.00043691848429777734 -0.00015497137762317774 -0.00025612400273089932 -0.00048320296158211137 -0.00047927740267012821 0.0020041745456200822 0.015570013872754009 -0.00015645898626204184 0.0018288965060283169
leaf_weight=497 2438 4554 2912 314 6375 2734 12225 4486 2354 128705 8149 5946 547 522 3862 1653 1953 444 5536 386 8363 714 3783 1325 1633 1037 302 480 395 954
leaf_count=497 2438 4554 2912 314 6375 2734 12225 4486 2354 128705 8149 5946 547 522 3862 1653 1953 444 5536 386 8363 714 3783 1325 1633 1037 302 480 395 954
internal_value=-0.00224159 -0.00870645 -0.000693707 -0.00845565 -0.000384521 -0.00295622 -0.0104973 -6.06801e-05 -0.00284079 -0.000117729 4.53765e-05 -0.00225726 -0.0033751 -0.00192416 -0.00450742 0.000668658 -0.00261778 -0.0110463 -0.0112398 -0.00691272 -0.0102745 -0.00740525 -0.00619285 -0.00150041 -0.00246624 -0.00137658 0.00650391 0.00888889 -0.00377877 0.000664474
internal_weight=215578 41644 173934 6662 167272 18707 31903 148565 9741 147286 136854 10432 3750 3203 12332 2175 5815 27349 26124 1225 13899 1028 6517 7387 5108 3475 1279 782 781 2279
internal_count=215578 41644 173934 6662 167272 18707 31903 148565 9741 147286 136854 10432 3750 3203 12332 2175 5815 27349 26124 1225 13899 1028 6517 7387 5108 3475 1279 782 781 2279
is_linear=0
shrinkage=0.03


Tree=131
num_leaves=31
num_cat=0
split_feature=25 5 12 12 1 25 83 65 104 89 25 92 20 25 33 25 33 83 19 4 92 103 11 91 103 3 33 89 104 7
split_gain=2283.62 753.838 699.062 73.6503 63.969 62.1701 56.5751 54.0197 49.8341 32.5131 28.9434 27.968 27.6324 26.1371 27.7731 24.6552 32.3268 24.6282 23.7413 23.3474 20.5316 18.8184 18.6346 18.3173 16.5342 15.8365 15.8224 12.6417 14.4047 12.1472
threshold=5.5000000000000009 375.50000000000006 -1.0000000180025095e-35 0.09999999999999877 41.500000000000007 1.0000000180025095e-35 -0.40000000000000119 0.153 14.191989762055238 28.950000000000003 6.5000000000000009 13.774590082240463 76.33739837398376 6.5000000000000009 0.67007489853957602 6.5000000000000009 0.60383265664488517 -1.0000000180025095e-35 94.01666666666668 0.84999999999999976 25.490903903492818 81.500000000000014 -1.0000000180025095e-35 0.6853838943631122 82.500000000000014 13.850000000000003 -0.54219087765047058 11.550000000000002 10.923714738371187 0.6000000000000002
decision_type=2 2 2 2 2 2 2 2 2 2 2 2 2 2 2 2 2 2 2 2 2 2 2 2 2 2 2 2 2 2
left_child=1 4 6 15 27 12 10 8 -7 21 11 25 23 14 -8 16 -4 -18 -9 -11 -14 -5 -12 -6 -13 -2 -23 -1 -29 -16
right_child=2 -3 3 9 5 7 13 18 -10 19 22 24 20 -15 29 -17 17 -19 -20 -21 -22 26 -24 -25 -26 -27 -28 28 -30 -31
leaf_value=0.00069044163927639015 -0.00064381969599928675 -0.00016647143207299878 -0.00016647081659118483 -0.00016647143207299878 0.0034199839843737875 -0.0010960972597018896 -0.00020069856120201901 0.0081520030190411416 -0.00013318373125057812 -0.00016647143207299878 -0.0004839298782677384 -0.00046594779220614577 0.00040106556096237143 -0.00016953235038788292 -0.000366331685851657 -0.00016647143207299878 -0.00016647143207299878 -0.00016647143207299878 -0.00036652451275443669 -0.00023622060784286175 0.0056246795050046688 -0.00016647143207299878 -0.00025055989717735891 0.01204754388373158 -8.8815256312306621e-05 0.0015986070680413581 -0.00016647143207299878 0.015107465769117846 0.0050657224846202119 0.00093571779725337549
leaf_weight=309 583 3872 5159 6920 5174 21461 3717 1561 106757 567 2264 1700 20309 2333 537 4928 1267 739 484 412 1438 6900 1146 610 2544 1945 8056 486 452 903
leaf_count=309 583 3872 5159 6920 5174 21461 3717 1561 106757 567 2264 1700 20309 2333 537 4928 1267 739 484 412 1438 6900 1146 610 2544 1945 8056 486 452 903
internal_value=-0.00226426 -0.000509256 -0.00769769 -0.0101565 -0.000190799 -0.000244304 -0.00283483 -0.000518063 -0.000595232 -0.0111588 -0.00137877 -0.000243614 0.00105096 -0.00481378 -0.00362059 -0.00826153 -0.00713578 -0.00390135 0.00431818 -0.00580102 0.000560741 -0.0113983 -0.00363237 0.00289369 -0.00173145 0.00225386 -0.010797 0.00657452 0.00830671 -8.32755e-05
internal_weight=215533 162913 52620 34948 159041 157794 17672 130263 128218 22855 10182 6772 27531 7490 5157 12093 7165 2006 2045 979 21747 21876 3410 5784 4244 2528 14956 1247 938 1440
internal_count=215533 162913 52620 34948 159041 157794 17672 130263 128218 22855 10182 6772 27531 7490 5157 12093 7165 2006 2045 979 21747 21876 3410 5784 4244 2528 14956 1247 938 1440
is_linear=0
shrinkage=0.03


Tree=132
num_leaves=31
num_cat=0
split_feature=27 5 8 27 8 12 8 87 29 104 29 96 97 94 8 31 8 0 15 102 25 12 102 15 83 47 99 25 108 92
split_gain=2404.52 734.064 542.217 137.625 78.8549 71.5099 70.464 62.0731 83.4807 125.112 113.395 72.8158 58.246 49.5879 31.9703 30.2211 31.5067 26.4522 24.5993 22.7874 19.2041 18.6205 17.4953 17.236 14.8889 12.55 11.382 8.78416 8.78207 8.61024
threshold=377.50000000000006 387.50000000000006 0.1000000000000001 342.50000000000006 1.0000000180025095e-35 -1.0000000180025095e-35 1.0000000180025095e-35 -0.18333333333333338 94.500000000000014 14.291205413466789 329.50000000000006 25.350000000000005 25.450000000000003 60.500000000000007 0.49999999999999961 -0.24999999999999994 0.19999999999999976 29.650000000000002 0.097192220283502925 79.634722222222237 5.5000000000000009 0.15000000000000038 81.661580486303492 0.050839112744180369 -0.40000000000000119 1.0000000180025095e-35 17.450000000000003 6.5000000000000009 1.9000000000000015 13.528864038945478
decision_type=2 2 2 2 2 2 2 2 2 2 2 2 2 2 2 2 2 2 2 2 2 2 2 2 2 2 2 2 2 2
left_child=1 3 6 7 -5 24 23 8 9 -1 -10 13 -13 -9 28 20 -17 19 22 25 -6 -21 26 29 27 -7 -8 -4 -3 -2
right_child=2 14 5 4 15 17 18 11 10 -11 -12 12 -14 -15 -16 16 -18 -19 -20 21 -22 -23 -24 -25 -26 -27 -28 -29 -30 -31
leaf_value=-0.00041915440775896177 0.00080229271077700834 -0.00071415533471065054 -0.00021381791345175487 2.3878247633956212e-05 -0.00027433105863021705 -0.00016147728911080882 -0.00016113000640455605 0.0048291845624850241 -0.00031932995601312547 0.004305345517328597 0.0035814173285074686 0.0053356647185970902 -5.7001770826097872e-06 -0.00092795803015190235 -0.00016147728911080882 -0.00021460650513187673 -0.00019125191663111175 -0.00016147728911080882 -0.00016186320095255732 -0.00016147728911080882 -0.00013787497633456174 -0.00016147728911080882 -0.00016229432182724286 5.4511679860509422e-05 -0.0001621030254447208 -0.00016147728911080882 -0.0001603516303452704 -0.00025094124100130867 -0.0025450703702331583 -0.00058581619441185626
leaf_weight=9058 349 349 981 4945 1891 12786 575 1100 53052 12735 8030 2733 26161 39977 3205 3657 2058 564 755 5881 2760 8487 1106 5043 2834 366 1505 1077 305 1263
leaf_count=9058 349 349 981 4945 1891 12786 575 1100 53052 12735 8030 2733 26161 39977 3205 3657 2058 564 755 5881 2760 8487 1106 5043 2834 366 1505 1077 305 1263
internal_value=-0.00223342 -0.000638832 -0.00852845 -0.000341911 -0.00305349 -0.0104254 -0.00262433 -7.02663e-05 0.000485243 0.00207924 -8.3493e-05 -0.00072822 0.000425679 -0.00153988 -0.0135738 -0.00454037 -0.0030782 -0.0110087 -0.00580289 -0.0111406 -0.00633598 -0.0103118 -0.00695639 -0.000741436 -0.00707541 -0.0120452 -0.00857761 -0.0051287 -0.00751145 -0.00344079
internal_weight=215588 172016 43572 168157 15311 32976 10596 152846 82875 21793 61082 69971 28894 41077 3859 10366 5715 28084 3941 27520 4651 14368 3186 6655 4892 13152 2080 2058 654 1612
internal_count=215588 172016 43572 168157 15311 32976 10596 152846 82875 21793 61082 69971 28894 41077 3859 10366 5715 28084 3941 27520 4651 14368 3186 6655 4892 13152 2080 2058 654 1612
is_linear=0
shrinkage=0.03


Tree=133
num_leaves=31
num_cat=0
split_feature=27 12 4 27 27 12 1 2 102 11 0 25 12 89 22 83 4 28 102 33 102 84 25 33 7 10 102 88 4 33
split_gain=2390.59 470.178 458.577 190.093 160.157 79.7119 58.0852 56.7874 51.126 49.0765 44.2201 38.7009 37.6009 28.8303 26.2661 26.034 25.5454 19.012 18.4094 17.7745 15.7456 15.1142 14.4269 18.7633 12.8928 11.2935 11.0438 10.9317 10.8981 10.7486
threshold=382.50000000000006 -1.0000000180025095e-35 2.9000000000000017 1.0000000180025095e-35 342.50000000000006 -1.0000000180025095e-35 39.500000000000007 31.050000000000004 80.386111111111134 -1.0000000180025095e-35 22.950000000000003 5.5000000000000009 0.09999999999999877 28.950000000000003 2011.2500000000002 -0.34999999999999959 0.84999999999999976 10.500000000000002 84.670833333333348 0.60383265664488517 79.634722222222237 0.15000000000000038 6.5000000000000009 0.19969739736768838 0.4000000000000013 1.0000000180025095e-35 83.651388888888903 28.450000000000003 1.2000000000000022 0.82293497932636273
decision_type=2 2 2 2 2 2 2 2 2 2 2 2 2 2 2 2 2 2 2 2 2 2 2 2 2 2 2 2 2 2
left_child=2 9 4 -4 6 14 17 8 -8 15 -5 21 18 20 24 26 -15 -1 -3 -13 -14 -7 23 -11 -6 -16 -2 -22 -17 -20
right_child=1 12 3 10 5 11 7 -9 -10 22 -12 19 13 16 25 28 -18 -19 29 -21 27 -23 -24 -25 -26 -27 -28 -29 -30 -31
leaf_value=0.0029072795307059102 -0.00038287120512817352 -0.00015663297043748455 -0.00015663297043748455 0.031271887259614939 -0.00049999133745577077 -0.00024460893907415221 -0.00041813723552796373 0.038949573124712047 0.00017051397823259723 -0.00015181540304913668 -0.00050265957696666642 -0.00013869578978421571 -0.00015663297043748455 -0.00015663297043748455 -0.00035965911192158161 -0.00018932059595639614 -0.00022000133147965402 0.015743489222267489 -0.00015663297043748455 -0.00018170622083731833 -0.00015663297043748455 4.9596045636406022e-05 -0.00015762367905693806 -0.00023608587890008265 0.00022209842912429 -0.00044065426686713273 0.00068017652786305936 -0.00015663297043748455 -0.00057066752944682499 -0.00015663297043748455
leaf_weight=484 3791 6871 3385 547 399 2438 80625 333 70103 1115 754 3794 9266 501 3415 1621 363 333 1885 1425 9874 351 2315 1222 4804 508 1415 416 503 305
leaf_count=484 3791 6871 3385 547 399 2438 80625 333 70103 1115 754 3794 9266 501 3415 1621 363 333 1885 1425 9874 351 2315 1222 4804 508 1415 416 503 305
internal_value=-0.00225451 -0.00872673 -0.000709503 -0.00996586 -0.000452805 -0.00320222 -0.000142614 -0.000185785 -0.000213164 -0.00371526 -0.000218894 -0.00538644 -0.0107633 -0.0114779 -0.0012852 -0.00218524 -0.00610405 0.00783007 -0.00915195 -0.00691092 -0.011715 -0.00253226 -0.00612508 -0.00445894 0.000112414 -0.00313838 -0.00104283 -0.0109027 -0.00498353 -0.00675034
internal_weight=215161 41463 173698 4686 169012 17134 151878 151061 150728 11982 1301 8008 29481 20420 9126 7330 864 817 9061 5219 19556 2789 4652 2337 5203 3923 5206 10290 2124 2190
internal_count=215161 41463 173698 4686 169012 17134 151878 151061 150728 11982 1301 8008 29481 20420 9126 7330 864 817 9061 5219 19556 2789 4652 2337 5203 3923 5206 10290 2124 2190
is_linear=0
shrinkage=0.03


Tree=134
num_leaves=31
num_cat=0
split_feature=27 5 8 27 8 8 12 27 103 104 23 8 110 25 32 8 0 102 15 29 12 8 8 103 15 33 99 89 99 33
split_gain=2402.75 728.612 496.648 165.924 96.9603 67.7202 62.2907 62.1856 57.7057 58.3835 40.7098 32.6983 32.6936 32.5 31.961 30.1919 26.0392 24.2637 21.6792 18.2531 17.8796 16.5334 13.7901 13.2196 12.9878 12.1298 11.2941 10.9044 10.543 10.4041
threshold=382.50000000000006 391.50000000000006 0.1000000000000001 347.50000000000006 0.15000000000000038 1.0000000180025095e-35 -1.0000000180025095e-35 47.500000000000007 43.500000000000007 14.191989762055238 18.83139902066527 0.49999999999999961 4.8849307185379631 5.5000000000000009 -0.27694604220087021 1.0000000180025095e-35 29.650000000000002 79.634722222222237 0.084772877018307977 54.500000000000007 0.15000000000000038 0.10000000000000099 0.75000000000000011 85.500000000000014 0.050839112744180369 0.67007489853957602 15.050000000000002 28.950000000000003 24.050000000000004 0.097680735332368748
decision_type=2 2 2 2 2 2 2 2 2 2 2 2 2 2 2 2 2 2 2 2 2 2 2 2 2 2 2 2 2 2
left_child=1 3 5 7 10 24 -4 12 14 -10 28 21 19 -6 -9 -12 17 27 23 -1 -19 -3 -15 25 -2 -7 -14 -8 -5 -25
right_child=2 11 6 4 13 18 16 8 9 -11 15 -13 26 22 -16 -17 -18 20 -20 -21 -22 -23 -24 29 -26 -27 -28 -29 -30 -31
leaf_value=0.0038345311398629519 -0.00053175442592760878 -0.0029397322364670231 -0.00015746000927371764 8.9357621638534436e-05 -0.00013574861276268043 -0.00015046759648892316 -0.00015193398132436003 0.0098354722271963204 -0.0011350532298058363 -5.6137494753102353e-05 -0.00048601606705542776 -0.00015193398132436003 0.00028618110060038782 -0.00014292228046407403 -0.00022101727591464115 -0.00018703124104564914 -0.00015193398132436003 -0.00015193398132436003 -0.00020558252825729104 0.0005297550555309155 -0.00015193398132436003 -0.00046000931594342983 -0.00015487953824711064 -0.00015124955818781875 -2.6722051338739642e-05 -0.00015214573426565741 0.0068221254082211887 -0.00015193401747680193 0.0020152453868359848 -0.00017613824174595323
leaf_weight=2867 1451 320 4588 3927 1502 961 12180 729 21300 108720 2572 3201 665 3701 391 2801 572 5612 887 16964 8399 350 510 439 4636 799 3177 591 330 590
leaf_count=2867 1451 320 4588 3927 1502 961 12180 729 21300 108720 2572 3201 665 3701 391 2801 572 5612 887 16964 8399 350 510 439 4636 799 3177 591 330 590
internal_value=-0.00223679 -0.000686872 -0.00870414 -0.000394048 -0.00336972 -0.00278216 -0.010514 -9.91189e-05 -0.00035458 -0.00041301 -0.00153255 -0.013555 0.001316 -0.0064657 0.00642284 -0.00326852 -0.0110568 -0.0111922 -0.00599674 0.000825182 -0.0103272 -0.00751118 -0.00781695 -0.0072957 -0.000840177 -0.00887564 0.00384856 -0.0121402 0.00065876 -0.00458738
internal_weight=215732 174027 41705 170156 15343 9763 31942 154813 131140 130020 9630 3871 23673 5713 1120 5373 27354 26782 3676 19831 14011 670 4211 2789 6087 1760 3842 12771 4257 1029
internal_count=215732 174027 41705 170156 15343 9763 31942 154813 131140 130020 9630 3871 23673 5713 1120 5373 27354 26782 3676 19831 14011 670 4211 2789 6087 1760 3842 12771 4257 1029
is_linear=0
shrinkage=0.03


Tree=135
num_leaves=31
num_cat=0
split_feature=27 5 8 27 12 8 2 8 20 27 25 8 89 103 96 92 15 8 8 8 2 5 15 103 83 29 95 24 27 8
split_gain=2388.16 726.02 555.514 120.069 73.2649 67.0069 61.9501 61.8338 57.7014 54.6946 50.3036 38.2332 25.9823 27.3612 26.0259 25.6696 24.9247 20.3482 19.715 19.1056 17.4052 16.9514 16.5848 15.6304 13.7407 12.9257 12.2292 11.8376 11.2269 11.1219
threshold=377.50000000000006 389.50000000000006 0.1000000000000001 337.50000000000006 -1.0000000180025095e-35 1.0000000180025095e-35 31.150000000000002 0.15000000000000038 41.934057971014497 37.500000000000007 5.5000000000000009 0.49999999999999961 28.950000000000003 82.500000000000014 30.150000000000002 23.245882852787556 0.083208946715848872 0.49999999999999961 1.0000000180025095e-35 0.10000000000000099 12.550000000000002 19.500000000000004 0.053651943799322442 85.500000000000014 -0.39999999999999986 208.50000000000003 18.950000000000003 5.7451573872819557 427.50000000000006 0.70000000000000073
decision_type=2 2 2 2 2 2 2 2 2 2 2 2 2 2 2 2 2 2 2 2 2 2 2 2 2 2 2 2 2 2
left_child=1 3 5 6 24 22 8 15 20 -10 21 19 13 -6 -14 27 23 -15 -17 -3 -1 -9 -2 26 -4 -16 -7 -5 -18 -12
right_child=2 11 4 7 12 16 -8 10 9 -11 29 -13 14 17 25 18 28 -19 -20 -21 -22 -23 -24 -25 -26 -27 -28 -29 -30 -31
leaf_value=4.6055199568904024e-05 -0.00052435382989904041 -0.0030182849245163905 -0.00022191406233114413 -0.00021657448747922954 -0.0001473759618846292 -0.00014703274507132512 0.041621142467518552 5.0819684097413248e-05 0.0016592224220439466 -0.00018068577200928374 -0.00013198086663229129 -0.0001473759618846292 -0.0001473759618846292 -0.0001473759618846292 -0.00039357737955725085 -0.00070790129762543627 0.00063238215529659429 -0.0001473759618846292 -0.00027512898776426098 -0.00041836874111727076 0.010017367487590733 -0.0002071153080376667 8.4990107531184855e-05 -0.00014690310808136286 -0.00014706871025232392 0.0053766714623322302 -0.0001459800892699922 0.0011138924772823762 -0.00048274817614021046 -0.00014575108663419353
leaf_weight=321 1826 308 2105 6258 10313 527 342 496 18919 130000 2882 3210 590 9353 354 1740 640 7186 1832 366 952 2464 4942 1091 2798 319 1342 1376 348 435
leaf_count=321 1826 308 2105 6258 10313 527 342 496 18919 130000 2882 3210 590 9353 354 1740 640 7186 1832 366 952 2464 4942 1091 2798 319 1342 1376 348 435
internal_value=-0.00221505 -0.000622593 -0.00847422 -0.000326126 -0.0104004 -0.00253896 -5.28116e-05 -0.00267931 -8.18946e-05 -0.000136281 -0.00506292 -0.013444 -0.0109907 -0.0111887 -0.00677611 -0.0013438 -0.00564447 -0.0104302 -0.00344249 -0.00693333 0.00627551 -0.00221884 -0.000726843 -0.00702128 -0.00701366 -0.00273739 -0.00868717 -0.000361493 -0.00151668 -0.00759946
internal_weight=215635 171901 43734 168017 33018 10716 150534 17483 150192 148919 6277 3884 28115 26852 1263 11206 3948 16539 3572 674 1273 2960 6768 2960 4903 673 1869 7634 988 3317
internal_count=215635 171901 43734 168017 33018 10716 150534 17483 150192 148919 6277 3884 28115 26852 1263 11206 3948 16539 3572 674 1273 2960 6768 2960 4903 673 1869 7634 988 3317
is_linear=0
shrinkage=0.03


Tree=136
num_leaves=31
num_cat=0
split_feature=27 5 8 27 8 8 3 29 102 40 83 2 8 22 27 33 0 8 15 102 8 15 103 8 109 83 8 3 33 15
split_gain=2413.63 707.195 504.295 155.56 96.3901 61.4215 55.899 59.1025 72.2276 71.0182 47.8413 45.7939 40.6263 38.8439 33.5396 31.487 26.2667 22.7971 22.7714 22.6316 21.0685 17.5576 17.4897 16.6887 15.239 14.7734 12.5136 12.0206 10.4868 10.2831
threshold=382.50000000000006 391.50000000000006 0.1000000000000001 347.50000000000006 0.15000000000000038 1.0000000180025095e-35 29.650000000000002 325.50000000000006 80.386111111111134 1.0000000180025095e-35 -0.40000000000000119 31.050000000000004 0.49999999999999961 2200.4000000000001 357.50000000000006 -0.86974577485258975 29.650000000000002 0.15000000000000038 0.094405663911343266 79.634722222222237 0.79999999999999949 0.053572908238882826 85.500000000000014 1.0000000180025095e-35 -1.2999999999999978 -0.65000000000000024 0.54999999999999993 28.950000000000003 0.76556758748011056 0.12504083645928962
decision_type=2 2 2 2 2 2 2 2 2 2 2 2 2 2 2 2 2 2 2 2 2 2 2 2 2 2 2 2 2 2
left_child=1 3 5 6 13 21 7 8 -1 -9 17 15 25 24 -6 -8 19 29 22 27 -21 -2 28 -15 -5 -3 -16 -12 -7 -4
right_child=2 12 10 4 14 18 11 9 -10 -11 16 -13 -14 23 26 -17 -18 -19 -20 20 -22 -23 -24 -25 -26 -27 -28 -29 -30 -31
leaf_value=-0.00057151786218706286 -0.00050862321500206925 -0.0028990770197089718 -0.00014209348762550696 0.00095008090525141448 -0.00012491318465918843 -0.0001415741659161557 -3.8406300684917236e-05 -0.0027653039316447069 0.00012645025652040107 0.0021898593635220277 -0.00014295468302809035 0.04073587432643818 -0.00014295468302809035 -0.00085564795645200469 -0.00013468175256612329 0.0083140975983205211 -0.00014295468302809035 -0.00014295468302809035 -0.00022476378442294997 -0.00014295468302809035 -0.00014295468302809035 1.6252700332499773e-05 -0.00014249601483892199 -0.00015976799668012263 -0.00018975706820489858 -0.00054410164777841485 -0.00014480668168273628 -0.00014295471809595901 -0.00014317037988554793 -5.7926343690774263e-06
leaf_weight=68246 1633 304 1022 2213 1481 1077 1668 2267 66002 14920 12433 320 3187 1497 3336 1196 538 2601 756 11682 2674 4514 1091 1748 4130 364 909 624 744 367
leaf_count=68246 1633 304 1022 2213 1481 1077 1668 2267 66002 14920 12433 320 3187 1497 3336 1196 538 2601 756 11682 2674 4514 1091 1748 4130 364 909 624 744 367
internal_value=-0.0022297 -0.000673575 -0.00870609 -0.000385297 -0.00326934 -0.00275825 -9.96314e-05 -0.000182354 -0.000394416 0.00147399 -0.0105336 0.00383359 -0.0133779 -0.00142976 -0.00634887 0.00262827 -0.0109726 -0.00745678 -0.00582993 -0.0111014 -0.0102765 -0.000924691 -0.00703399 -0.00409889 -6.38398e-05 -0.00663677 -0.0077049 -0.0120076 -0.0088337 -0.00434892
internal_weight=215544 173788 41756 169933 15314 9815 154619 151435 134248 17187 31941 3184 3855 9588 5726 2864 27951 3990 3668 27413 14356 6147 2912 3245 6343 668 4245 13057 1821 1389
internal_count=215544 173788 41756 169933 15314 9815 154619 151435 134248 17187 31941 3184 3855 9588 5726 2864 27951 3990 3668 27413 14356 6147 2912 3245 6343 668 4245 13057 1821 1389
is_linear=0
shrinkage=0.03


Tree=137
num_leaves=31
num_cat=0
split_feature=27 5 11 27 11 33 88 33 104 29 33 92 93 84 7 0 25 84 112 11 101 90 0 102 33 103 102 94 25 33
split_gain=2425.38 705.151 394.736 154.272 61.5887 56.5906 96.6678 71.189 63.263 58.4046 42.8595 42.3987 35.7446 29.9512 27.8088 24.6614 23.4766 21.9932 19.5443 19.4512 17.6719 14.7274 14.61 14.128 15.0046 13.1891 12.7097 12.6385 11.3341 15.4413
threshold=382.50000000000006 391.50000000000006 -1.0000000180025095e-35 342.50000000000006 1.0000000180025095e-35 -0.97111920233974802 29.050000000000004 -0.99465740988130902 26.732034453446712 325.50000000000006 0.080547328232315238 25.538187451660935 74.709722222222226 -0.80000000000000016 0.79999999999999816 29.550000000000004 5.5000000000000009 -0.8999999999999998 0.79999999999999816 -1.0000000180025095e-35 -0.0022284295468653027 1.1000000000000003 21.850000000000005 79.453415915915926 -0.16799793862756093 82.500000000000014 81.183333333333351 91.500000000000014 6.5000000000000009 0.1318557721318592
decision_type=2 2 2 2 2 2 2 2 2 2 2 2 2 2 2 2 2 2 2 2 2 2 2 2 2 2 2 2 2 2
left_child=1 3 13 5 17 7 9 8 -1 -7 16 -9 -8 20 18 23 -5 28 -12 -18 -2 -15 27 -6 -25 -16 -19 -22 29 -4
right_child=2 -3 4 10 15 6 12 11 -10 -11 14 -13 -14 21 25 -17 19 26 -20 -21 22 -23 -24 24 -26 -27 -28 -29 -30 -31
leaf_value=-0.00010626572280004254 -0.00035023773945034979 -0.00013866604253724761 -0.00013871947419780636 -0.00025995295087654323 -0.00013866604253724761 -0.00017916182551664812 -0.0015730822446009195 -0.0021224135836812185 0.020099508723560928 0.0015522783384746208 -0.00011855785490842249 0.00013587678355541838 0.0039553673523024958 -0.00013758724384208817 -0.00032996847223065864 -0.00013866604253724761 -0.00027369241551587683 -0.00013866604253724761 -0.00021366624548498921 -0.00012086313195430959 0.00014525966293591042 -0.00040824729560800133 -0.00024268052293524762 -0.00013866604253724761 -0.00013866604253724761 0.00087387633585867192 -0.00013866604253724761 0.013010840161478144 -0.00013866604253724761 -0.00013866604253724761
leaf_weight=4404 3118 3829 416 3409 10572 116677 1171 4867 318 16961 2743 1414 7137 3279 2731 668 1889 3947 914 3712 1233 420 778 7217 4567 2070 3011 379 1276 688
leaf_count=4404 3118 3829 416 3409 10572 116677 1171 4867 318 16961 2743 1414 7137 3279 2731 668 1889 3947 914 3712 1233 420 778 7217 4567 2070 3011 379 1276 688
internal_value=-0.00221348 -0.000660097 -0.00872468 -0.000373992 -0.010284 -6.89441e-05 9.17244e-05 -0.00214149 0.000641541 -0.000103488 -0.00304482 -0.00423352 0.00323144 -0.00324338 -0.00151082 -0.0111179 -0.00448452 -0.00822679 -0.00348141 -0.00567922 -0.00184062 -0.00533108 0.000100376 -0.0112877 -0.0105694 -9.3711e-06 -0.00907889 0.0017297 -0.00573289 -0.00350226
internal_weight=215815 174246 41569 170417 32362 152949 141946 11003 4722 133638 17468 6281 8308 9207 8458 23024 9010 9338 3657 5601 5508 3699 2390 22356 11784 4801 6958 1612 2380 1104
internal_count=215815 174246 41569 170417 32362 152949 141946 11003 4722 133638 17468 6281 8308 9207 8458 23024 9010 9338 3657 5601 5508 3699 2390 22356 11784 4801 6958 1612 2380 1104
is_linear=0
shrinkage=0.03


Tree=138
num_leaves=31
num_cat=0
split_feature=25 5 8 8 8 15 12 8 29 110 102 3 90 25 33 12 1 3 33 102 3 33 32 97 2 25 93 15 102 2
split_gain=2255.45 722.866 720.49 158.786 62.2214 53.7102 45.3552 42.2108 36.5423 35.6407 41.9607 58.1222 43.7034 34.2737 38.154 32.3097 29.8154 28.3439 23.9388 22.2432 15.1092 14.6203 14.4115 20.0217 15.457 14.0761 16.8125 13.5718 13.1829 12.5815
threshold=5.5000000000000009 375.50000000000006 0.15000000000000038 1.0000000180025095e-35 1.0000000180025095e-35 0.083208946715848872 0.09999999999999877 0.49999999999999961 364.50000000000006 11.188534670242447 79.938888888888911 29.550000000000004 0.90000000000000002 6.5000000000000009 0.097680735332368748 -0.65000000000000024 41.500000000000007 28.950000000000003 -0.97507822412530132 79.634722222222237 28.450000000000003 -0.46800559042974538 -0.46801505794253101 25.050000000000004 14.850000000000003 6.5000000000000009 72.32083333333334 0.05030977485888935 82.072222222222237 26.650000000000002
decision_type=2 2 2 2 2 2 2 2 2 2 2 2 2 2 2 2 2 2 2 2 2 2 2 2 2 2 2 2 2 2
left_child=1 4 3 27 8 13 25 -3 15 10 11 -6 -12 14 -5 21 -17 19 -19 -8 -21 -1 23 -11 -24 26 -4 -2 -15 -7
right_child=2 7 6 5 9 29 17 -9 -10 22 12 -13 -14 28 -16 16 -18 18 -20 20 -22 -23 24 -25 -26 -27 -28 -29 -30 -31
leaf_value=0.00095091745377353764 -0.00048253701317989636 -0.0013398303733367183 -0.00013453943115444218 -0.00013316696903898904 -0.00072661357458496856 -0.00010708900654970398 -0.00013450606126113018 -0.00013450606126113018 0.012502036344842619 -0.0028476084777714268 -0.0003587157609738117 0.0046689044476855481 0.00024006220823725118 -0.00013450606126113018 -0.00015365168424591024 0.007604394867461923 0.00016060903913046043 -0.00013450606126113018 -0.00023967976378854103 -0.00013450606126113018 -0.00013450606126113018 0.0067285752631685387 0.0013610566933914814 0.0055732896084932145 0.0070776729355929175 -0.00013450606126113018 -0.00013454002817180172 8.9704020154768649e-05 -0.00013450606126113018 -0.0004693545913858111
leaf_weight=994 2180 658 613 2958 38574 1953 9727 3187 313 301 21586 1446 20901 1959 2784 517 71244 345 559 10623 458 1953 364 366 444 4463 4791 7242 1018 795
leaf_count=994 2180 658 613 2958 38574 1953 9727 3187 313 301 21586 1446 20901 1959 2784 517 71244 345 559 10623 458 1953 364 366 444 4463 4791 7242 1018 795
internal_value=-0.00224153 -0.000498683 -0.0076508 -0.00332815 -0.000187825 -0.0056989 -0.01051 -0.0133502 0.000440071 -0.000748723 -0.000831374 -0.00152845 -0.000174755 -0.00685149 -0.00549539 0.000397141 0.000270686 -0.0112771 -0.0060663 -0.0115032 -0.0105807 0.00347524 0.00387195 0.000606287 0.00656366 -0.00882094 -0.00778723 -0.000442534 -0.00946441 -0.00204074
internal_weight=215316 162848 52468 20889 159003 11467 31579 3845 75021 83982 82507 40020 42487 8719 5742 74708 71761 21712 904 20808 11081 2947 1475 667 808 9867 5404 9422 2977 2748
internal_count=215316 162848 52468 20889 159003 11467 31579 3845 75021 83982 82507 40020 42487 8719 5742 74708 71761 21712 904 20808 11081 2947 1475 667 808 9867 5404 9422 2977 2748
is_linear=0
shrinkage=0.03


Tree=139
num_leaves=31
num_cat=0
split_feature=25 8 5 12 12 8 8 11 3 102 24 31 25 89 96 24 102 102 33 84 32 33 33 25 8 18 25 33 11 109
split_gain=2247.68 734.834 732.522 125.014 75.8378 57.7851 40.1269 38.797 35.9504 41.2572 43.1509 40.292 31.8456 28.4799 28.9257 27.9312 48.2167 27.0029 24.2279 24.143 22.5515 20.5659 19.0622 23.1422 18.9061 17.1708 15.9477 25.9708 17.7183 14.9632
threshold=5.5000000000000009 0.1000000000000001 375.50000000000006 1.0000000180025095e-35 -1.0000000180025095e-35 1.0000000180025095e-35 0.49999999999999961 -0.34999999999999959 29.550000000000004 79.938888888888911 11.188534670242447 -0.24999999999999994 6.5000000000000009 28.950000000000003 30.450000000000003 1.6886731402092041 84.577777777777797 79.634722222222237 0.2332836900311728 -0.90000000000000113 0.22700754078277605 -0.97111920233974802 0.080547328232315238 6.5000000000000009 0.10000000000000099 1.0000000180025095e-35 6.5000000000000009 0.64414586362404946 -1.0000000180025095e-35 -2.8499999999999992
decision_type=2 2 2 2 2 2 2 2 2 2 2 2 2 2 2 2 2 2 2 2 2 2 2 2 2 2 2 2 2 2
left_child=2 4 5 12 26 7 24 25 9 10 -7 -11 18 17 -15 20 -17 -5 -3 -20 -9 -10 -6 -24 -4 -1 27 29 -28 -2
right_child=1 3 6 13 22 8 -8 15 21 11 -12 -13 -14 14 -16 16 -18 -19 19 -21 -22 -23 23 -25 -26 -27 28 -29 -30 -31
leaf_value=0.0089196782568391354 0.001908674302175824 -0.00013052329207653487 -0.0030029418757321282 -0.00013047087942329627 -0.00012917195996781938 -0.00069432545168719175 -0.00013047087942329627 -0.0023489454886085337 -0.0019658849011566621 -0.00028123060766061566 0.0035028476592871825 0.00033373472382645041 -0.00013047087942329627 -0.00013047087942329627 0.0037847195408070963 6.8397928502837986e-05 0.002169499498370571 -0.00013047087942329627 -0.00012792237278302633 -0.00013049580867246626 -0.00030938049445593859 0.0067516872638566233 -0.00016903299655734828 -0.00013078809462279417 -0.00031217187244096054 0.0021116672348260876 -0.00028529259205669212 0.0008032175800473906 -0.00028420736974363949 -0.00034969861267323621
leaf_weight=1654 549 4476 312 11154 1376 38611 3195 2826 434 22426 1361 19966 4927 818 333 51084 10141 13010 1041 2147 6221 1289 1069 817 357 3184 2421 3097 864 4357
leaf_count=1654 549 4476 312 11154 1376 38611 3195 2826 434 22426 1361 19966 4927 818 333 51084 10141 13010 1041 2147 6221 1289 1069 817 357 3184 2421 3097 864 4357
internal_value=-0.00222239 -0.00762396 -0.000484693 -0.00982378 -0.00189265 -0.00017139 -0.0133894 0.000433359 -0.000711576 -0.000801311 -0.00149276 -0.000149317 -0.00737969 -0.0110391 -0.00641927 0.000254436 0.000484353 -0.0112588 -0.0061683 -0.00416745 -0.00130139 0.00357599 -0.00592093 -0.00395866 -0.00669403 0.00303162 -0.000728142 -5.62219e-06 -0.00248783 -0.00136336
internal_weight=215517 52456 163061 37906 14550 159197 3864 75110 84087 82364 39972 42392 12591 25315 1151 70272 61225 24164 7664 3188 9047 1723 3262 1886 669 4838 11288 8003 3285 4906
internal_count=215517 52456 163061 37906 14550 159197 3864 75110 84087 82364 39972 42392 12591 25315 1151 70272 61225 24164 7664 3188 9047 1723 3262 1886 669 4838 11288 8003 3285 4906
is_linear=0
shrinkage=0.03


Tree=140
num_leaves=31
num_cat=0
split_feature=25 5 12 12 33 88 33 14 102 83 97 102 108 15 92 32 97 109 91 25 33 5 3 25 11 83 96 102 92 33
split_gain=2248.62 709.092 692.6 86.4515 53.8652 80.7901 63.7828 56.5366 62.1997 52.4606 49.9102 43.5869 56.5129 37.4012 37.4005 38.0736 34.7606 33.3633 44.5311 32.5451 26.6555 25.7095 24.2682 23.9066 23.0467 23.018 22.4817 22.1742 21.5564 18.7353
threshold=5.5000000000000009 375.50000000000006 -1.0000000180025095e-35 0.09999999999999877 -0.97111920233974802 29.050000000000004 -0.99465740988130902 0.061841359214320359 79.093055555555566 -0.39999999999999986 1.0000000180025095e-35 86.915277777777803 0.10000000000000055 0.10353906983864429 25.538187451660935 0.15951094710994371 29.750000000000004 1.6000000000000008 0.42711192634347089 6.5000000000000009 0.60383265664488517 389.50000000000006 28.950000000000003 6.5000000000000009 -1.0000000180025095e-35 -1.0000000180025095e-35 30.150000000000002 79.634722222222237 13.774590082240463 0.5475998096715059
decision_type=2 2 2 2 2 2 2 2 2 2 2 2 2 2 2 2 2 2 2 2 2 2 2 2 2 2 2 2 2 2
left_child=1 4 9 19 6 7 11 10 -9 23 -6 12 -1 -13 15 -8 -16 18 -7 20 -4 29 27 28 -25 -22 -24 -5 -2 -11
right_child=2 -3 3 22 5 17 14 8 -10 21 -12 13 -14 -15 16 -17 -18 -19 -20 -21 25 -23 26 24 -26 -27 -28 -29 -30 -31
leaf_value=-0.0047494345298443198 0.00083629290024612828 -0.00012655675304059741 -0.0001259816549380333 -0.00012655675304059741 0.0028549973373156287 0.0036883868327629854 -0.0011585909708880062 -0.00022617566918843756 0.0016363874019281932 -0.00015187842167293454 -0.00033434470995389026 0.027221311096367107 0.00021747317251502999 -0.00082404348706612614 -0.0006119148930718982 -0.0037771679415070729 0.0073719577448969542 0.042578611114369572 -0.0014731599093811376 -0.00012655675304059741 -0.00012599919330382475 -0.00012047777334613198 -0.00012655675304059741 -0.00036881883928618241 -0.00021101245386620217 -0.00012655573403327726 -0.0003358717746928625 -0.00012655675304059741 -0.00022950165144391491 -0.0001552641298142636
leaf_weight=590 2627 3800 5128 10155 2992 6599 3510 22211 20770 3612 93537 625 3367 302 1118 1524 337 300 1479 4939 1242 1709 451 2287 1177 750 531 11604 4269 1941
leaf_count=590 2627 3800 5128 10155 2992 6599 3510 22211 20770 3612 93537 625 3367 302 1118 1524 337 300 1479 4939 1242 1709 451 2287 1177 750 531 11604 4269 1941
internal_value=-0.00220743 -0.000469791 -0.00761231 -0.0100661 -0.000164163 -1.1157e-05 -0.0021536 -0.000182996 0.000722046 -0.00276627 -0.000585984 0.000436029 -0.000936079 0.00628772 -0.00410247 -0.00532671 0.000133929 0.00284998 0.00248422 -0.00801119 -0.00671114 -0.00472119 -0.0111554 -0.00139562 -0.00342857 -0.00376317 -0.00653103 -0.0113637 -0.000374076 -0.00372974
internal_weight=215483 163061 52422 34800 159261 147888 11373 139510 42981 17622 96529 4884 3957 927 6489 5034 1455 8378 8078 12059 7120 7262 22741 10360 3464 1992 982 21759 6896 5553
internal_count=215483 163061 52422 34800 159261 147888 11373 139510 42981 17622 96529 4884 3957 927 6489 5034 1455 8378 8078 12059 7120 7262 22741 10360 3464 1992 982 21759 6896 5553
is_linear=0
shrinkage=0.03


Tree=141
num_leaves=31
num_cat=0
split_feature=27 5 12 27 29 29 41 95 102 102 12 107 10 12 25 89 96 93 102 102 19 102 33 27 12 88 29 31 96 109
split_gain=2388.41 697.231 555.811 96.5564 55.3217 71.2379 56.4103 64.5002 53.5851 49.3408 42.2246 39.129 33.8909 30.8967 32.7966 24.7912 22.7122 19.0747 18.7756 18.7323 18.1156 18.8415 17.5261 31.6422 13.9837 13.2686 13.0149 12.2627 13.8546 10.8359
threshold=377.50000000000006 387.50000000000006 -1.0000000180025095e-35 337.50000000000006 325.50000000000006 317.50000000000006 1.0000000180025095e-35 23.450000000000003 80.386111111111134 62.468506006006017 0.09999999999999877 1.0000000180025095e-35 -1.0000000180025095e-35 -1.0000000180025095e-35 5.5000000000000009 28.950000000000003 30.150000000000002 86.509722222222237 79.634722222222237 83.084722222222226 83.607692307692318 79.093055555555566 0.18281312110578132 407.50000000000006 0.15000000000000038 28.550000000000004 345.50000000000006 1.0000000180025095e-35 18.950000000000003 0.09999999999999877
decision_type=2 2 2 2 2 2 2 2 2 2 2 2 2 2 2 2 2 2 2 2 2 2 2 2 2 2 2 2 2 2
left_child=1 3 12 4 5 8 9 -8 -1 -6 19 -7 -2 20 17 18 -17 -15 -12 -4 26 -22 -14 -24 -16 -20 -5 -21 -29 -3
right_child=2 29 10 13 6 11 7 -9 -10 -11 15 -13 22 14 24 16 -18 -19 25 27 21 -23 23 -25 -26 -27 -28 28 -30 -31
leaf_value=-0.00043035813543095203 -0.00017128432470758711 -0.00012276005044937945 -0.00012276005044937945 -0.00014768795864013054 -0.0088562405820908491 0.0015477608376109821 0.0015545340781361367 0.0089319039023651858 0.00021463836543479019 -0.0009540953523301469 -0.00012276005044937945 -0.0041590370962043249 -0.00012195063334419906 -0.00029154714460040101 -9.3244270061323067e-05 -0.00012276005044937945 -0.00029669090409723285 3.0680668449805773e-05 -0.00012276005044937945 -0.00012276005044937945 -0.00083948223648665405 -0.00028559742182559774 -9.5538991680565186e-05 -0.00013519283970877036 -0.00011307223695011777 -0.00012276005044937945 0.0024578740063794574 -0.00012276005044937945 -0.00012275831413480383 -0.00012276005044937945
leaf_weight=66933 5954 1660 6750 4372 318 582 13302 1282 63516 1900 9444 2444 2778 2329 3101 377 485 1458 10333 1462 1536 3265 1617 2677 1056 327 506 366 1147 2202
leaf_count=66933 5954 1660 6750 4372 318 582 13302 1282 63516 1900 9444 2444 2778 2329 3101 377 485 1458 10333 1462 1536 3265 1617 2677 1056 327 506 366 1147 2202
internal_value=-0.00220232 -0.000608862 -0.00846276 -0.000318938 -7.25655e-05 -0.000276791 0.00154972 0.00222763 -0.000171215 -0.00290671 -0.0106665 -0.00482656 -0.00327013 -0.00241971 -0.00380617 -0.0114251 -0.00643105 -0.0017859 -0.0116389 -0.00902992 -0.00128151 -0.00258955 -0.00467411 -0.00347148 -0.00564574 -0.010772 6.1488e-06 -0.00704133 -0.00514201 -0.0132099
internal_weight=215479 171762 43717 167900 150277 133475 16802 14584 130449 2218 30691 3026 13026 17623 7944 20966 862 3787 20104 9725 9679 4801 7072 4294 4157 10660 4878 2975 1513 3862
internal_count=215479 171762 43717 167900 150277 133475 16802 14584 130449 2218 30691 3026 13026 17623 7944 20966 862 3787 20104 9725 9679 4801 7072 4294 4157 10660 4878 2975 1513 3862
is_linear=0
shrinkage=0.03


Tree=142
num_leaves=31
num_cat=0
split_feature=27 5 8 27 8 25 12 12 27 8 56 103 93 23 8 20 0 102 8 107 83 93 11 8 8 24 96 101 33 103
split_gain=2396.34 668.449 502.323 135.017 84.3259 64.0129 63.9593 63.8057 53.2373 52.5383 50.9642 46.27 36.5994 35.2755 34.7079 31.0062 26.709 24.8788 18.8441 17.8766 17.7838 16.5679 15.7822 15.6657 13.9176 12.9189 12.7926 11.6712 11.1679 10.5416
threshold=382.50000000000006 393.50000000000006 0.1000000000000001 337.50000000000006 0.15000000000000038 5.5000000000000009 -1.0000000180025095e-35 -1.0000000180025095e-35 37.500000000000007 0.59999999999999887 0.17500000000000002 43.500000000000007 93.068055555555574 22.818728945737792 0.25000000000000006 69.02500000000002 29.550000000000004 79.453415915915926 0.79999999999999949 0.79999999999999993 -0.40000000000000119 82.984722222222231 -1.0000000180025095e-35 1.0000000180025095e-35 0.54999999999999993 5.7451573872819557 13.65 -0.0022284295468653027 -0.90892157495189674 85.500000000000014
decision_type=2 2 2 2 2 2 2 2 2 2 2 2 2 2 2 2 2 2 2 2 2 2 2 2 2 2 2 2 2 2
left_child=1 3 6 8 13 21 22 20 15 14 11 -10 -12 25 -3 26 17 -9 -19 -17 -4 -6 27 -15 -7 -5 -1 -2 -18 -8
right_child=2 9 7 4 5 24 29 16 10 -11 12 -13 -14 23 -16 19 28 18 -20 -21 -22 -23 -24 -25 -26 -27 -28 -29 -30 -31
leaf_value=-0.0014174817187130578 -0.00041971607192843043 -0.0021421837101135272 -0.00019819977092212597 -0.00014478530153838194 -0.0004159854785091396 -0.00011097200614616454 -0.00011901401377967274 -0.00011907724893589808 0.0051271880706477597 -0.00011907724893589808 0.0081245780974928388 -0.00022149794084106887 -0.00079055919982367738 -0.00069141385910658588 2.9087447913518543e-06 -8.5771763481582442e-05 -0.00011907724893589808 -0.00011907724893589808 -0.00011907724893589808 0.0021913497092266089 -0.00011828147314896067 -1.1321268738220081e-05 -0.0001983490912621639 -0.00016971828364682675 -0.0001229115573036262 0.0011662115127344043 0.0088875044605725879 0.00062667831401279621 -0.00011907724893589808 -0.0001200445680034283
leaf_weight=310 2947 472 1970 6483 1040 3330 1460 12374 1100 2980 1936 127935 407 2084 375 7765 414 11583 2631 9409 2631 1908 1910 2323 914 1558 1774 2490 373 903
leaf_count=310 2947 472 1970 6483 1040 3330 1460 12374 1100 2980 1936 127935 407 2084 375 7765 414 11583 2631 9409 2631 1908 1910 2323 914 1558 1774 2490 373 903
internal_value=-0.00220958 -0.000662621 -0.00867033 -0.000383904 -0.00272338 -0.00530933 -0.00269385 -0.010485 -7.88651e-05 -0.0130603 -0.000294796 -0.00037443 0.00408916 -0.00122901 -0.00645637 0.00139415 -0.0110347 -0.011196 -0.010337 0.000974672 -0.00721317 -0.00191251 -0.0013126 -0.00338589 -0.00766784 -4.66302e-05 0.00484892 -0.000488231 -0.00557741 -0.00698604
internal_weight=215789 174103 41686 170276 19640 7192 9710 31976 150636 3827 131378 129035 2343 12448 847 19258 27375 26588 14214 17174 4601 2948 7347 4407 4244 8041 2084 5437 787 2363
internal_count=215789 174103 41686 170276 19640 7192 9710 31976 150636 3827 131378 129035 2343 12448 847 19258 27375 26588 14214 17174 4601 2948 7347 4407 4244 8041 2084 5437 787 2363
is_linear=0
shrinkage=0.03


Tree=143
num_leaves=31
num_cat=0
split_feature=27 5 12 8 27 8 19 102 33 8 25 88 8 32 0 8 98 0 102 24 12 5 83 8 89 8 11 101 27 92
split_gain=2382 682.673 555.728 107.853 95.911 60.643 54.49 68.6626 99.5906 53.1674 50.3772 50.2201 43.3965 42.2234 43.0014 38.0395 35.9655 29.0555 28.6851 21.1807 20.9188 19.9616 17.9317 13.9714 13.6854 12.0375 12.0132 10.7034 10.6464 16.165
threshold=377.50000000000006 387.50000000000006 -1.0000000180025095e-35 0.1000000000000001 337.50000000000006 0.15000000000000038 93.112500000000011 84.577777777777797 0.19969739736768838 0.59999999999999887 5.5000000000000009 30.450000000000003 0.1000000000000001 -0.33425342068356556 19.950000000000003 0.25000000000000006 -0.29999999999999799 29.650000000000002 79.634722222222237 5.3731091289002268 0.15000000000000038 15.500000000000002 -0.40000000000000119 1.0000000180025095e-35 28.950000000000003 0.54999999999999993 -1.0000000180025095e-35 -0.0022792022792022756 427.50000000000006 14.77384117391974
decision_type=2 2 2 2 2 2 2 2 2 2 2 2 2 2 2 2 2 2 2 2 2 2 2 2 2 2 2 2 2 2
left_child=1 4 3 26 6 19 7 11 -9 15 21 -1 -4 16 -15 -3 -8 18 24 23 -20 -7 -5 -6 -14 -12 27 -2 29 -28
right_child=2 9 12 22 5 10 13 8 -10 -11 25 -13 17 14 -16 -17 -18 -19 20 -21 -22 -23 -24 -25 -26 -27 28 -29 -30 -31
leaf_value=-0.0001786420596580407 -0.00039228455046252849 -0.0021559934798368683 -0.00011538866241046398 -0.00019160469000117629 -0.00022002308734927228 7.8349866077997071e-05 -0.0024683041437725218 5.8973979772979632e-05 0.0046272923240055419 -0.00011550493146782114 -0.00010095563407944256 0.032190938523867049 -0.00011550493146782114 -0.0020540275437897566 8.7669923649461145e-05 2.8214824476112986e-06 -0.0003529549036294652 -0.00011550493146782114 -0.00011550493146782114 0.0010718045035280127 -0.00011550493146782114 -0.00018020503079857659 -0.00011397514041802793 -0.00023416009064913107 -0.00011550496548365377 -0.00011510461007217878 0.0011175763699813629 0.00058154479931832803 -0.00025018464223654203 -0.00019616165368596924
leaf_weight=108309 3273 460 2551 2068 4831 478 2119 19468 9919 3027 2647 364 12583 2364 6427 370 1352 563 5910 1620 8575 2484 2873 4743 612 732 518 2753 667 921
leaf_count=108309 3273 460 2551 2068 4831 478 2119 19468 9919 3027 2647 364 12583 2364 6427 370 1352 563 5910 1620 8575 2484 2873 4743 612 732 518 2753 667 921
internal_value=-0.00220781 -0.000613924 -0.00844682 -0.00326411 -0.000327152 -0.00242672 -8.22229e-05 8.80046e-05 0.00137454 -0.013091 -0.00477058 -0.000259906 -0.0106469 -0.0019987 -0.000892288 -0.00635379 -0.00479983 -0.0109855 -0.0111228 -0.0010987 -0.0101985 -0.0019136 -0.00675941 -0.00163551 -0.0121366 -0.00727367 -0.0011398 -0.000457939 -0.0030897 -0.00163542
internal_weight=215581 171714 43867 13073 167857 17535 150322 138060 29387 3857 6341 108673 30794 12262 8791 830 3471 28243 27680 11194 14485 2962 4941 9574 13195 3379 8132 6026 2106 1439
internal_count=215581 171714 43867 13073 167857 17535 150322 138060 29387 3857 6341 108673 30794 12262 8791 830 3471 28243 27680 11194 14485 2962 4941 9574 13195 3379 8132 6026 2106 1439
is_linear=0
shrinkage=0.03


Tree=144
num_leaves=31
num_cat=0
split_feature=27 5 12 8 27 8 8 85 33 102 96 103 89 25 33 8 8 89 102 96 12 22 5 10 8 23 27 8 109 103
split_gain=2389.87 670.939 562.759 104.422 85.1639 61.9984 61.5509 52.4025 105.489 96.5461 66.3383 76.6337 58.8009 52.2572 52.0501 44.3609 34.8211 24.5085 33.0921 25.0038 20.4173 18.4746 17.2804 13.8614 12.3198 11.9528 13.2206 11.637 11.0354 10.9352
threshold=377.50000000000006 385.50000000000006 -1.0000000180025095e-35 0.1000000000000001 337.50000000000006 0.15000000000000038 0.60000000000000109 -2.350000000000001 0.080547328232315238 81.797222222222231 25.350000000000005 69.500000000000014 28.350000000000005 5.5000000000000009 -0.97111920233974802 0.1000000000000001 0.25000000000000006 28.950000000000003 79.634722222222237 30.150000000000002 0.15000000000000038 2200.4000000000001 19.500000000000004 -0.29999999999999799 1.0000000180025095e-35 17.714813326716968 412.50000000000006 0.54999999999999993 -1.2999999999999996 84.500000000000014
decision_type=2 2 2 2 2 2 2 2 2 2 2 2 2 2 2 2 2 2 2 2 2 2 2 2 2 2 2 2 2 2
left_child=1 4 3 23 7 21 16 8 12 -10 11 -9 -1 22 -12 29 -3 18 -17 -19 -20 28 -7 -2 -23 26 -25 -15 -6 -4
right_child=2 6 15 -5 5 13 -8 10 9 -11 14 -13 -14 27 -16 17 -18 19 20 -21 -22 24 -24 25 -26 -27 -28 -29 -30 -31
leaf_value=-0.00071614709603351186 0.0023298239271867371 -0.0019476246046522816 -0.00011224487814594289 -0.00011395446627080239 0.00087035974401570172 6.7425008730641195e-05 -0.00011203978352378652 0.0022587318878721317 0.00062911409306866839 0.0060824888653985614 -0.0010115356417652326 -0.0010410870984287265 0.00057570825916152652 -9.8357421047777028e-05 0.00057256839182320157 -0.00011203978352378652 2.7368379741829596e-06 -0.00011203978352378652 -0.00011203978352378652 -0.00026305498769438985 -0.00011203978352378652 -0.00048786309714161978 -0.00016109298348477343 0.00057132064431447986 -0.00021560361231109842 -0.00034152993402204274 -0.0002151486539966369 -0.00011222155785673685 -0.00019634374676532192 -0.00011172112621841409
leaf_weight=25594 631 477 1439 4898 2464 507 3026 4671 27442 9461 5623 37942 14900 2624 24655 12677 391 574 5849 697 8456 1859 2457 2094 1953 3094 2300 698 4897 1096
leaf_count=25594 631 477 1439 4898 2464 507 3026 4671 27442 9461 5623 37942 14900 2624 24655 12677 391 574 5849 697 8456 1859 2457 2094 1953 3094 2300 698 4897 1096
internal_value=-0.00217292 -0.000576695 -0.00842727 -0.0031975 -0.000290883 -0.00227405 -0.0128858 -6.04835e-05 0.000483152 0.00164332 -0.000637724 -0.0014006 -0.000574145 -0.00465723 0.000435946 -0.0106382 -0.00583429 -0.0109795 -0.0111715 -0.00689858 -0.01018 -0.000932969 -0.00176054 -0.00111022 -0.00262785 -0.00147016 -0.000464164 -0.00724045 -5.50122e-05 -0.00683162
internal_weight=215446 171641 43805 13017 167747 17459 3894 150288 77397 36903 72891 42613 40494 6286 30278 30788 868 28253 26982 1271 14305 11173 2964 8119 3812 7488 4394 3322 7361 2535
internal_count=215446 171641 43805 13017 167747 17459 3894 150288 77397 36903 72891 42613 40494 6286 30278 30788 868 28253 26982 1271 14305 11173 2964 8119 3812 7488 4394 3322 7361 2535
is_linear=0
shrinkage=0.03


Tree=145
num_leaves=31
num_cat=0
split_feature=34 8 5 8 8 8 12 83 83 5 29 88 8 26 57 75 93 109 19 85 79 4 102 19 108 15 88 8 8 5
split_gain=2215.07 754.125 687.227 140.774 59.0187 52.6268 47.8438 45.9236 38.8263 37.0524 36.1957 31.4405 31.3277 29.2034 28.5901 28.2806 27.9363 26.2563 47.8104 29.9494 25.9153 23.5433 23.2635 18.571 15.2466 15.0322 13.3273 13.3117 12.3574 12.7642
threshold=1.0000000180025095e-35 0.15000000000000038 369.50000000000006 1.0000000180025095e-35 0.60000000000000109 1.0000000180025095e-35 0.09999999999999877 -0.40000000000000119 -1.7000000000000017 377.50000000000006 126.50000000000001 28.950000000000003 0.25000000000000006 17.500000000000004 0.39500000000000007 0.48947368421052639 92.912500000000009 3.2000000000000006 83.836666666666687 -2.350000000000001 1.0000000180025095e-35 0.84999999999999976 79.634722222222237 77.339743589743605 1.1000000000000008 0.05030977485888935 26.350000000000005 0.75000000000000011 0.65000000000000047 391.50000000000006
decision_type=2 2 2 2 2 2 2 2 2 2 2 2 2 2 2 2 2 2 2 2 2 2 2 2 2 2 2 2 2 2
left_child=2 3 5 25 12 8 28 -5 10 13 -1 22 -4 -9 17 20 24 19 -19 -7 -10 -13 -8 -12 -16 -2 -17 -24 29 -3
right_child=1 6 4 7 -6 14 11 9 15 -11 23 21 -14 -15 16 26 -18 18 -20 -21 -22 -23 27 -25 -26 -27 -28 -29 -30 -31
leaf_value=0.021406098567633289 -0.00044464249345967945 -0.00010867859001807291 -0.0020272017276405847 -0.00010799286979281967 -0.00010867859001807291 -6.990041791632632e-05 -0.00010867859001807291 -0.00010318817650137863 0.0004354609654891084 -0.00010867859001807291 0.012400853460898805 -0.00010867859001807291 2.6547328349574709e-06 -0.00010832891463520205 0.015306913072336349 0.00096154357156006559 -0.00067003876240244356 -0.0014816291943885943 0.011816070962752848 -0.00042107510660138991 -0.00051626090889203612 -0.00010867859001807291 -0.00010867859001807291 -0.0023099755488646279 0.0021257490817457696 0.00013043669868786022 0.019554337306218049 -0.00010867859001807291 -0.00010870384886731161 -0.00010867859001807291
leaf_weight=814 2157 6213 445 4174 3013 38078 9677 2086 54137 2731 342 522 383 2396 478 350 335 640 573 43684 18260 391 8329 758 495 7386 452 2840 907 2749
leaf_count=814 2157 6213 445 4174 3013 38078 9677 2086 54137 2731 342 522 383 2396 478 350 335 640 573 43684 18260 391 8329 758 495 7386 452 2840 907 2749
internal_value=-0.0021528 -0.00750928 -0.000428117 -0.00309159 -0.0129659 -0.000125912 -0.0104325 -0.00534378 0.000451514 -0.00679304 0.00466841 -0.011219 -0.00586248 -0.00511265 -0.000640513 0.000341189 0.00375859 -0.000709904 0.00366969 -0.000774923 0.000279082 -0.00576039 -0.0114578 0.00111717 0.00632957 -0.000403919 0.00594022 -0.0105215 -0.00869757 -0.00835769
internal_weight=215795 52558 163237 20930 3841 159396 31628 11387 75113 7213 1914 21759 828 4482 84283 73199 1308 82975 1213 81762 72397 913 20846 1100 973 9543 802 11169 9869 8962
internal_count=215795 52558 163237 20930 3841 159396 31628 11387 75113 7213 1914 21759 828 4482 84283 73199 1308 82975 1213 81762 72397 913 20846 1100 973 9543 802 11169 9869 8962
is_linear=0
shrinkage=0.03


Tree=146
num_leaves=31
num_cat=0
split_feature=27 12 4 8 8 27 8 85 104 33 104 109 3 103 25 8 84 0 83 103 92 23 90 8 32 103 93 33 27 10
split_gain=2365.08 572.581 450.523 186.247 112.134 83.5205 56.554 54.859 93.3612 69.5601 77.6077 61.7978 61.0528 53.2782 46.9172 45.8084 31.7474 24.7136 24.5534 22.3936 19.6977 17.1722 16.4468 16.0948 12.9319 13.7434 12.7664 11.6665 15.6031 10.5234
threshold=377.50000000000006 -1.0000000180025095e-35 2.9000000000000017 0.59999999999999887 0.1000000000000001 342.50000000000006 0.19999999999999976 -1.5000000000000002 25.194702462733911 0.080547328232315238 14.191989762055238 1.1000000000000008 28.150000000000002 68.500000000000014 5.5000000000000009 0.1000000000000001 -3.850000000000001 29.650000000000002 -0.40000000000000119 81.500000000000014 25.583653229832059 19.410331964206939 2.9000000000000017 1.0000000180025095e-35 -0.61237985104942771 84.500000000000014 82.984722222222231 0.080547328232315238 422.50000000000006 -0.29999999999999799
decision_type=2 2 2 2 2 2 2 2 2 2 2 2 2 2 2 2 2 2 2 2 2 2 2 2 2 2 2 2 2 2
left_child=2 4 5 16 29 7 21 9 13 12 -11 -10 -1 -9 26 27 -4 19 -6 -17 -21 -7 -5 -23 -18 -26 -8 -3 -29 -2
right_child=1 15 3 22 18 6 14 8 11 10 -12 -13 -14 -15 -16 17 24 -19 -20 20 -22 23 -24 -25 25 -27 -28 28 -30 -31
leaf_value=-0.00063482851556801031 0.0020998786129794718 -0.00010418524656158849 0.020834955223268812 -0.00010541823231753072 -0.00016550238345367464 -1.2725583001415457e-05 -0.00044880562249730781 0.0018919107211569296 0.00020973282801392315 -0.00042587782746630664 0.0017366875739029753 0.021249915523940569 0.00043347252836269015 -0.00077920571165393938 -0.00010102403516033885 -0.00010541823231753072 -0.0012792357865742076 -0.00010541823231753072 -0.00010419134224428294 -0.00010541823231753072 -0.00010541823231753072 -0.00026498311248156214 -0.00010541823231753072 -0.00013044769559343195 5.6437501946413479e-05 -0.0015102654101120413 1.4587935604136662e-05 -0.00016527006762383873 -0.00010572516334878645 -0.00017155153594150007
leaf_weight=30634 633 1008 440 2718 2055 5031 506 2717 6365 16783 34235 1528 24326 35620 2319 8859 399 546 2872 17367 1250 2398 335 3582 335 462 1043 799 749 7423
leaf_count=30634 633 1008 440 2718 2055 5031 506 2717 6365 16783 34235 1528 24326 35620 2319 8859 399 546 2872 17367 1250 2398 335 3582 335 462 1043 799 749 7423
internal_value=-0.00215821 -0.00840147 -0.000574931 -0.0097452 -0.00312269 -0.000317527 -0.0024627 -0.000107812 -0.000970128 0.000268355 0.00106607 0.00200089 -0.000472153 -0.00158185 -0.00558284 -0.0106426 -0.00157605 -0.0109935 -0.0066873 -0.0111191 -0.0105261 -0.00136624 -0.0141208 -0.00245277 -0.00411028 -0.0018985 -0.00153871 -0.00679312 -0.00515171 -0.000942038
internal_weight=215337 43561 171776 4689 12983 167087 14879 152208 46230 105978 51018 7893 54960 38337 3868 30578 1636 28022 4927 27476 18617 11011 3053 5980 1196 797 1549 2556 1548 8056
internal_count=215337 43561 171776 4689 12983 167087 14879 152208 46230 105978 51018 7893 54960 38337 3868 30578 1636 28022 4927 27476 18617 11011 3053 5980 1196 797 1549 2556 1548 8056
is_linear=0
shrinkage=0.03


Tree=147
num_leaves=31
num_cat=0
split_feature=27 12 4 27 27 85 104 33 104 109 104 83 4 2 12 89 4 12 25 94 22 98 103 10 103 27 33 33 27 33
split_gain=2398.91 569.124 451.446 152.33 78.6876 56.4726 90.0477 74.1089 74.2941 62.7145 53.6423 50.6031 50.1236 44.5728 43.1824 25.2121 25.2717 23.8995 35.2954 17.2152 17.0822 16.1866 15.7176 14.8377 14.1982 13.44 20.0007 12.8177 12.4359 12.2169
threshold=377.50000000000006 -1.0000000180025095e-35 2.9000000000000017 1.0000000180025095e-35 342.50000000000006 -1.4999999999999993 25.194702462733911 0.080547328232315238 14.191989762055238 1.1000000000000008 20.802099773486379 -0.39999999999999986 1.8499999999999999 26.250000000000004 0.09999999999999877 28.950000000000003 0.84999999999999976 1.0000000180025095e-35 5.5000000000000009 88.500000000000014 2200.4000000000001 -1.5999999999999985 81.500000000000014 -1.0000000180025095e-35 85.500000000000014 427.50000000000006 0.67007489853957602 -0.70289845916694649 427.50000000000006 -0.54219087765047058
decision_type=2 2 2 2 2 2 2 2 2 2 2 2 2 2 2 2 2 2 2 2 2 2 2 2 2 2 2 2 2 2
left_child=2 11 4 -4 5 7 12 10 -9 -8 -1 23 -7 -5 24 22 -17 20 19 -19 -6 -15 -16 -2 -3 26 -13 -26 -25 -24
right_child=1 14 3 13 17 6 9 8 -10 -11 -12 25 -14 21 15 16 -18 18 -20 -21 -22 -23 29 28 27 -27 -28 -29 -30 -31
leaf_value=-0.0014228207733207167 -8.3739016293887794e-05 -0.0001022556853480048 -0.0001022556853480048 0.032094429262193282 -0.00010148638508337118 -0.00071283387856386517 0.0001936369488189697 -0.0003854786539664934 0.001692119163650827 0.022117991320173312 -6.3368313758974186e-05 -0.0001015037892783669 -0.00042482937445490046 -0.0012183991733991776 -0.0001022556853480048 -0.0001022556853480048 -0.00018291990141050036 -0.0002617170779193561 -8.7802453857280816e-05 5.3951132402838509e-05 -0.00017692373592699835 -0.00013886591322648568 -0.0001022556853480048 -0.00011793187998731955 -0.0001022556853480048 -0.00010396598077398857 -9.1925744171203811e-05 -0.0001022556853480048 -0.00023335624215743296 -0.0001022556853480048
leaf_weight=8140 3917 5863 3394 529 7315 35352 5942 17156 35497 1442 48033 2467 558 356 6398 514 373 580 2189 793 4092 370 6342 2425 765 1711 1133 3160 1381 7419
leaf_count=8140 3917 5863 3394 529 7315 35352 5942 17156 35497 1442 48033 2467 558 356 6398 514 373 580 2189 793 4092 370 6342 2425 765 1711 1133 3160 1381 7419
internal_value=-0.00218244 -0.00844355 -0.000583094 -0.00980323 -0.000326501 -0.000122271 -0.00103869 0.000242311 0.00105092 0.00197833 -0.00051563 -0.00318757 -0.0016591 -0.000871815 -0.0106652 -0.0114316 -0.00646959 -0.0024018 -0.00454673 -0.000775109 -0.00173168 -0.00569464 -0.0116496 -0.00163711 -0.00901624 -0.00544145 -0.00439878 -0.00761462 -0.00297084 -0.0110751
internal_weight=215606 43868 171738 4649 167089 152120 43294 108826 52653 7384 56173 13034 35910 1255 30834 21046 887 14969 3562 1373 11407 726 20159 7723 9788 5311 3600 3925 3806 13761
internal_count=215606 43868 171738 4649 167089 152120 43294 108826 52653 7384 56173 13034 35910 1255 30834 21046 887 14969 3562 1373 11407 726 20159 7723 9788 5311 3600 3925 3806 13761
is_linear=0
shrinkage=0.03


Tree=148
num_leaves=31
num_cat=0
split_feature=27 5 12 8 27 8 8 27 25 84 8 33 85 2 75 23 8 83 2 102 8 3 19 8 8 93 14 32 103 27
split_gain=2384.16 675.781 580.715 99.2353 80.915 59.3714 55.0673 47.7514 46.2052 40.9018 39.7274 38.0787 62.0515 48.1113 35.1605 32.8382 30.544 28.4681 22.7462 25.0291 18.5638 18.451 14.6833 12.7307 12.49 12.4262 12.193 13.4819 11.081 10.483
threshold=377.50000000000006 387.50000000000006 -1.0000000180025095e-35 0.1000000000000001 342.50000000000006 0.60000000000000109 0.15000000000000038 87.500000000000014 5.5000000000000009 -3.850000000000001 0.1000000000000001 0.42763731121559989 -0.74999999999999989 26.050000000000004 0.72026315789473694 21.796023815200279 0.25000000000000006 -0.40000000000000119 30.450000000000003 79.634722222222237 0.75000000000000011 28.950000000000003 72.511904761904773 0.20000000000000198 1.0000000180025095e-35 87.026388888888903 0.080515579987279498 -0.79384350655589164 85.500000000000014 427.50000000000006
decision_type=2 2 2 2 2 2 2 2 2 2 2 2 2 2 2 2 2 2 2 2 2 2 2 2 2 2 2 2 2 2
left_child=1 4 3 26 7 16 22 11 25 15 24 13 -13 -1 -11 -9 -3 -5 19 21 -21 -12 -6 -10 -4 -8 27 -2 -26 -29
right_child=2 5 10 17 6 -7 8 9 23 14 18 12 -14 -15 -16 -17 -18 -19 -20 20 -22 -23 -24 -25 28 -27 -28 29 -30 -31
leaf_value=-0.0017668627502038336 -0.00033210381909386206 -0.0019162085969750145 -0.00044688773898072615 -0.0001509230723588858 0.00094400417134718863 -9.9188014787564659e-05 -0.00019248409994286806 0.036086049106471597 -6.3942107994694071e-05 -0.00020895237723773203 -9.9188014787564659e-05 0.0041228253415594718 -0.0036663434493148638 0.0012262132678442659 0.0036032407275430694 -0.00056663826220023251 3.9496363519564862e-06 -9.7516436414705636e-05 -9.9188032977849414e-05 -9.9188014787564659e-05 -9.9188014787564659e-05 -9.9188047782922299e-05 -0.00019613044335025915 -9.3422231457911215e-05 -9.8884062429574677e-05 3.7612621213582885e-05 0.00056374715631078037 -1.3591648722064142e-05 -9.874033650697305e-05 -0.0002997768745832908
leaf_weight=10221 1161 453 606 2101 1622 3026 1270 465 985 109015 12568 12324 2817 15790 1571 340 378 2824 316 11690 2778 779 8137 2351 1207 929 2071 3375 732 1500
leaf_count=10221 1161 453 606 2101 1622 3026 1270 465 985 109015 12568 12324 2817 15790 1571 340 378 2824 316 11690 2778 779 8137 2351 1207 929 2071 3375 732 1500
internal_value=-0.00211404 -0.000521564 -0.00836944 -0.00306376 -0.00023621 -0.0129355 -0.00231644 -2.76314e-05 -0.00470647 -0.00035025 -0.0106233 0.000845625 0.00204167 0.000149354 -0.000399324 0.00638337 -0.00582332 -0.00642205 -0.0109482 -0.0110392 -0.0101721 -0.0119782 -0.000960553 -0.00693138 -0.00702867 -0.00132955 -0.00102306 -0.00170449 -0.00820361 -0.0010121
internal_weight=215402 171694 43708 13032 167837 3857 15294 152543 5535 111391 30676 41152 15141 26011 110586 805 831 4925 28131 27815 14468 13347 9759 3336 2545 2199 8107 6036 1939 4875
internal_count=215402 171694 43708 13032 167837 3857 15294 152543 5535 111391 30676 41152 15141 26011 110586 805 831 4925 28131 27815 14468 13347 9759 3336 2545 2199 8107 6036 1939 4875
is_linear=0
shrinkage=0.03


Tree=149
num_leaves=31
num_cat=0
split_feature=27 5 12 27 83 103 104 29 98 12 12 32 25 33 3 96 102 102 109 85 93 3 83 11 33 11 102 85 83 11
split_gain=2337.01 638.935 536.077 106.478 55.7577 53.9612 59.6118 146.41 48.0044 43.7645 40.7726 37.4443 31.2786 27.7235 26.4341 25.0183 20.0479 19.2035 15.5094 14.3564 13.9235 13.5703 13.3109 12.8322 12.2172 11.9151 11.258 11.2256 10.9724 10.9404
threshold=382.50000000000006 393.50000000000006 -1.0000000180025095e-35 347.50000000000006 -0.39999999999999986 43.500000000000007 14.191989762055238 74.500000000000014 -2.5000000000000004 1.0000000180025095e-35 0.09999999999999877 -0.27694604220087021 5.5000000000000009 0.41202506375868281 28.950000000000003 30.150000000000002 83.084722222222226 79.634722222222237 0.09999999999999877 -2.800000000000002 83.34305555555558 28.450000000000003 -1.0000000180025095e-35 1.0000000180025095e-35 -0.70289845916694649 -1.0000000180025095e-35 83.651388888888903 -0.29999999999999799 -1.0000000180025095e-35 -1.0000000180025095e-35
decision_type=2 2 2 2 2 2 2 2 2 2 2 2 2 2 2 2 2 2 2 2 2 2 2 2 2 2 2 2 2 2
left_child=1 3 4 5 23 11 8 -8 -7 13 16 19 20 -5 17 -16 29 -12 -3 -1 -11 -19 -15 26 -18 28 -2 -26 -6 -4
right_child=2 18 10 9 25 6 7 -9 -10 12 14 -13 -14 22 15 -17 24 21 -20 -21 -22 -23 -24 -25 27 -27 -28 -29 -30 -31
leaf_value=0.0050541043384792223 -0.00020273101902090255 -9.6212374343937731e-05 -9.5112507949074343e-05 -0.00010889800869620979 -0.00019107394741546416 -0.0042679705222920415 0.0025815470078282155 -0.00015520486899997705 -0.00071712742746527088 -0.00032792830004409331 -9.6212374343937731e-05 -0.00057129856305469622 -8.8351075027694772e-05 0.00029725954192855576 -9.6212373354076991e-05 -0.00022674720424962629 -9.6212374343937731e-05 -9.6212374343937731e-05 -9.6212374343937731e-05 0.015254464846469641 4.3215245976887647e-05 -9.6212374343937731e-05 -0.00013375201534347007 -0.00015141362960838101 -9.6212374343937731e-05 -9.102901289763531e-05 0.0006212050708162152 -9.6212374343937731e-05 -0.00017108094414233701 -9.6212374343937731e-05
leaf_weight=384 4604 1661 932 7053 1913 1922 17899 110556 23164 320 9229 455 2855 3880 393 473 547 9856 2180 472 625 430 528 745 1755 2290 1737 516 577 5430
leaf_count=384 4604 1661 932 7053 1913 1922 17899 110556 23164 320 9229 455 2855 3880 393 473 547 9856 2180 472 625 430 528 745 1755 2290 1737 516 577 5430
internal_value=-0.00215847 -0.00063344 -0.00856196 -0.0003602 -0.00317519 -0.00012457 -0.000176336 8.48929e-05 -0.00151393 -0.00275095 -0.0107241 0.00593369 -0.00554065 -0.0018256 -0.0114726 -0.00633218 -0.0090611 -0.0117004 -0.0127317 0.0096266 -0.000808668 -0.0108049 4.08256e-05 -0.00148582 -0.00694927 -0.00567873 -0.00104778 -0.00597491 -0.00423926 -0.00999529
internal_weight=215381 173954 41427 170113 11866 154852 153541 128455 25086 15261 29561 1311 3800 11461 20381 866 9180 19515 3841 856 945 10286 4408 7086 2818 4780 6341 2271 2490 6362
internal_count=215381 173954 41427 170113 11866 154852 153541 128455 25086 15261 29561 1311 3800 11461 20381 866 9180 19515 3841 856 945 10286 4408 7086 2818 4780 6341 2271 2490 6362
is_linear=0
shrinkage=0.03


Tree=150
num_leaves=31
num_cat=0
split_feature=27 5 8 8 27 83 8 11 29 8 26 8 8 10 1 102 24 90 0 102 8 23 27 83 33 27 104 102 102 83
split_gain=2322.36 651.063 548.501 77.7689 78.7199 75.6745 65.5669 51.8034 39.1033 34.9377 38.6465 34.1455 33.7625 32.3475 31.4333 30.3051 60.4202 31.7584 27.0413 24.9273 24.3718 16.7604 15.1177 14.3016 19.0566 15.4995 13.4146 12.6214 9.03699 8.14538
threshold=377.50000000000006 387.50000000000006 0.1000000000000001 1.0000000180025095e-35 347.50000000000006 -0.49999999999999728 0.59999999999999887 -1.0000000180025095e-35 364.50000000000006 0.19999999999999976 47.500000000000007 0.15000000000000038 0.25000000000000006 -0.24999999999999997 41.500000000000007 79.093055555555566 3.1805592426220675 0.90000000000000002 29.650000000000002 79.634722222222237 0.79999999999999949 18.976234713214282 412.50000000000006 -0.34999999999999959 0.90438663683299525 417.50000000000006 14.191989762055238 81.661580486303492 81.183333333333351 -1.45
decision_type=2 2 2 2 2 2 2 2 2 2 2 2 2 2 2 2 2 2 2 2 2 2 2 2 2 2 2 2 2 2
left_child=1 3 7 8 15 11 12 27 13 21 -11 -4 -3 26 -15 16 -5 -17 19 22 -21 -6 -7 25 28 -9 -1 29 -25 -2
right_child=2 6 5 4 9 18 -8 23 -10 10 -12 -13 -14 14 -16 17 -18 -19 -20 20 -22 -23 -24 24 -26 -27 -28 -29 -30 -31
leaf_value=-0.00097607612810838293 0.0027687132996842907 -0.0020585886576365243 -8.9332724147200406e-05 -0.00091939921739483076 -8.6628286943621206e-06 -9.3326003113619599e-05 -9.3326003113619599e-05 -4.9842377314009648e-05 0.012480551364012967 -8.9906041295242063e-05 -4.4377374714548302e-05 -9.3326003113619599e-05 1.5174605987226132e-05 0.0082266333636981884 0.00010423716588231157 -0.00034458110157794782 -0.00025140167315109915 0.00024747655265907443 -9.3326003113619599e-05 -9.3326003113619599e-05 -9.3326003113619599e-05 -0.00010255601683037313 -9.3326003113619599e-05 -9.3568110851842594e-05 -4.7952245475957342e-05 -0.00016381090465626919 0.0050244439282663882 0.00071458261508323051 -9.5464687173223088e-05 -0.00030392061135493819
leaf_weight=725 362 471 1510 12940 2191 3759 2989 956 345 2380 1068 2436 376 509 73006 22289 23986 22111 553 12286 2704 3271 9743 1154 358 808 3366 2334 800 3847
leaf_count=725 362 471 1510 12940 2191 3759 2989 956 345 2380 1068 2436 376 509 73006 22289 23986 22111 553 12286 2704 3271 9743 1154 358 808 3366 2334 800 3847
internal_value=-0.00215539 -0.000587796 -0.00833872 -0.000309029 -0.000908607 -0.0102475 -0.0128069 -0.00240819 0.000385045 -0.00358546 -0.00594955 -0.00634659 -0.00543042 0.000340175 0.000195672 -0.000615294 -0.0012503 -8.71602e-05 -0.0107772 -0.0109048 -0.01006 -0.00209226 -0.0118418 -0.00506255 -0.00661479 -0.0030255 0.00293622 -0.000754126 -0.00778005 -0.00173515
internal_weight=215633 172023 43610 168187 90236 32991 3836 10619 77951 8910 3448 3946 847 77606 73515 81326 36926 44400 29045 28492 14990 5462 13502 4076 2312 1764 4091 6543 1954 4209
internal_count=215633 172023 43610 168187 90236 32991 3836 10619 77951 8910 3448 3946 847 77606 73515 81326 36926 44400 29045 28492 14990 5462 13502 4076 2312 1764 4091 6543 1954 4209
is_linear=0
shrinkage=0.03


Tree=151
num_leaves=31
num_cat=0
split_feature=27 5 12 27 8 8 8 26 2 1 103 8 8 83 89 103 96 22 12 8 94 28 33 103 92 29 103 96 3 100
split_gain=2313.19 649.566 559.713 104.2 92.2014 74.6232 73.8985 57.8609 49.9977 48.1099 47.3942 42.4931 30.762 27.0237 22.6558 27.8389 24.3095 20.6331 17.7387 14.5183 13.8843 12.9447 11.4638 11.112 11.9518 10.7409 10.4769 9.40113 9.01956 8.00593
threshold=382.50000000000006 391.50000000000006 -1.0000000180025095e-35 342.50000000000006 0.1000000000000001 0.15000000000000038 0.59999999999999887 42.500000000000007 31.150000000000002 39.500000000000007 90.500000000000014 0.1000000000000001 0.25000000000000006 -0.40000000000000119 28.950000000000003 82.500000000000014 30.150000000000002 2200.4000000000001 0.15000000000000038 0.19999999999999976 86.500000000000014 10.500000000000002 -0.90161545992537195 84.500000000000014 13.209337438329067 345.50000000000006 90.500000000000014 22.050000000000004 28.250000000000004 1.8499999999999999
decision_type=2 2 2 2 2 2 2 2 2 2 2 2 2 2 2 2 2 2 2 2 2 2 2 2 2 2 2 2 2 2
left_child=1 3 4 8 26 17 12 19 9 21 -11 23 -3 -6 15 29 -16 25 -17 -7 -9 -1 -18 24 -4 -5 -2 -28 -19 -13
right_child=2 6 11 5 13 7 -8 20 -10 10 -12 14 -14 -15 16 18 22 28 -20 -21 -22 -23 -24 -25 -26 -27 27 -29 -30 -31
leaf_value=0.0028541363526615655 -0.00017621404557590436 -0.0017940783081063503 -9.1090408249912388e-05 -9.7278134335094534e-05 -0.00015660110167993257 -6.3723705016353253e-05 -9.0526223020211003e-05 -0.00031779340575156443 0.034689223887330693 -0.00021997908058101951 0.00043734799929124766 -9.0526223020211003e-05 1.4719367807609347e-05 -8.8655359092017864e-05 -9.0526223049906839e-05 -9.0526223020211003e-05 -0.00033643331149555946 -0.00023107490544223457 -9.0526223020211003e-05 -8.995771232633963e-05 1.8777560324977562e-05 0.013823748800634623 0.003729572290376773 -9.0792764523808973e-05 -9.0224126000814039e-05 0.0015723714066554206 0.0040332727121453436 -0.00020401305518596546 -3.009094681624687e-05 -9.0526223020211003e-05
leaf_weight=465 6074 487 423 6608 1975 1194 3046 725 329 121518 29694 7449 379 2596 544 6289 320 2373 9661 3022 1526 338 329 1000 927 703 570 767 1342 2520
leaf_count=465 6074 487 423 6608 1975 1194 3046 725 329 121518 29694 7449 379 2596 544 6289 320 2373 9661 3022 1526 338 329 1000 927 703 570 767 1342 2520
internal_value=-0.00212299 -0.000603885 -0.00849149 -0.000325457 -0.00302428 -0.00251829 -0.0126885 -0.00507653 -7.36486e-05 -9.89698e-05 -0.000137885 -0.0107148 -0.0049481 -0.00637467 -0.0110504 -0.0112367 -0.00699749 -0.0010175 -0.010457 -0.00714963 -0.00119227 0.00722015 -0.00306923 -0.00683964 -0.00861584 -9.2314e-05 -0.000957232 0.00144619 -0.00283773 -0.0124829
internal_weight=215193 173749 41444 169837 11982 17493 3912 6467 152344 152015 151212 29462 866 4571 27112 25919 1193 11026 15950 4216 2251 803 649 2350 1350 7311 7411 1337 3715 9969
internal_count=215193 173749 41444 169837 11982 17493 3912 6467 152344 152015 151212 29462 866 4571 27112 25919 1193 11026 15950 4216 2251 803 649 2350 1350 7311 7411 1337 3715 9969
is_linear=0
shrinkage=0.03


Tree=152
num_leaves=31
num_cat=0
split_feature=37 8 5 12 8 12 33 88 33 104 102 104 24 102 96 5 93 104 103 89 8 3 8 96 102 8 92 103 21 7
split_gain=2117.48 792.927 675.6 135.814 67.043 51.3147 49.0341 77.5233 60.4599 62.5888 51.1262 91.6714 86.5099 40.8669 39.6366 39.0979 34.3267 55.1759 33.5028 33.3405 30.9053 29.8124 27.1083 25.206 21.3083 13.3892 12.924 13.6154 12.7765 12.713
threshold=1.0000000180025095e-35 0.15000000000000038 377.50000000000006 -1.0000000180025095e-35 0.59999999999999887 0.09999999999999877 -0.97111920233974802 29.050000000000004 -0.99465740988130902 26.732034453446712 84.577777777777797 26.793778430780311 2.1794526118953326 86.915277777777803 30.450000000000003 377.50000000000006 76.459722222222226 24.512422631012992 81.500000000000014 28.950000000000003 0.1000000000000001 30.050000000000004 0.25000000000000006 30.150000000000002 79.634722222222237 0.75000000000000011 13.327934484706022 82.500000000000014 0.98849311786595995 1.4999999999999993
decision_type=2 2 2 2 2 2 2 2 2 2 2 2 2 2 2 2 2 2 2 2 2 2 2 2 2 2 2 2 2 2
left_child=1 3 6 20 22 -3 8 10 9 13 11 -8 -12 -2 18 26 21 -18 -10 24 -1 -9 -4 -21 -7 -26 -5 -28 -22 -17
right_child=2 5 4 15 -6 19 7 16 14 -11 12 -13 -14 -15 -16 29 17 -19 -20 23 28 -23 -24 -25 25 -27 27 -29 -30 -31
leaf_value=-7.2098874969623827e-05 -0.0006710840158539905 -8.7810436329604678e-05 -0.001769713700929621 -2.01416628408486e-05 -8.7810436329604678e-05 -8.7810436329604678e-05 -0.00022023478125351851 -0.0018110895176293095 -0.0035924181983303174 0.019525465721573706 -0.0001333223975449341 -0.0039608384753465004 0.0023639796465577618 0.0068818547224480768 0.0066553739591623633 -8.7810436329604678e-05 0.015977377356266208 0.0028846386789469079 -0.00096677030450521742 -8.7810435368548898e-05 -8.2806361665237885e-05 0.0097248078253385703 1.4277786773381067e-05 -0.00020705200868386214 -8.7810436329604678e-05 -8.7810436329604678e-05 -8.7907513511634064e-05 -8.7262536816175475e-05 -6.12310256030522e-05 -8.7231837647097185e-05
leaf_weight=11252 3658 9865 448 507 3042 9729 102216 1558 1506 338 21455 651 15126 890 401 2003 691 5809 4548 369 1887 315 379 540 8390 2825 1194 2242 1231 506
leaf_count=11252 3658 9865 448 507 3042 9729 102216 1558 1506 338 21455 651 15126 890 401 2003 691 5809 4548 369 1887 315 379 540 8390 2825 1194 2242 1231 506
internal_value=-0.0021208 -0.00735825 -0.00043289 -0.00280939 -0.0128178 -0.0103443 -0.000131752 1.41048e-05 -0.00203271 0.00048496 -0.00015425 -0.000496802 0.000809004 -0.000441855 -0.0039382 -0.00642492 0.00281765 0.00384864 -0.00454335 -0.0111556 -0.00118572 -0.000760406 -0.00523551 -0.00552198 -0.0113999 -0.0105051 -0.00456009 -0.00521967 -0.00382815 -0.00935259
internal_weight=215571 52540 163031 20822 3869 31718 159162 147821 11341 4886 139448 102867 36581 4548 6455 6452 8373 6500 6054 21853 14370 1873 827 909 20944 11215 3943 3436 3118 2509
internal_count=215571 52540 163031 20822 3869 31718 159162 147821 11341 4886 139448 102867 36581 4548 6455 6452 8373 6500 6054 21853 14370 1873 827 909 20944 11215 3943 3436 3118 2509
is_linear=0
shrinkage=0.03


Tree=153
num_leaves=31
num_cat=0
split_feature=27 5 8 27 8 83 8 2 24 104 25 8 8 98 8 0 102 23 8 15 14 92 91 102 102 33 27 32 93 8
split_gain=2363.8 651.516 506.136 100.742 89.625 73.3396 67.4365 47.0738 46.0335 53.7652 44.9256 39.1897 29.1587 27.9845 26.8334 24.854 23.655 22.0156 19.9308 17.1829 15.2784 16.3747 13.8939 11.7523 11.7481 11.2366 9.56847 8.82462 8.53188 8.17739
threshold=382.50000000000006 389.50000000000006 0.1000000000000001 347.50000000000006 0.19999999999999976 -0.40000000000000119 0.59999999999999887 31.150000000000002 11.188534670242447 14.191989762055238 5.5000000000000009 1.0000000180025095e-35 0.15000000000000038 -2.7000000000000015 0.25000000000000006 29.550000000000004 79.634722222222237 19.410331964206939 0.79999999999999949 0.083208946715848872 0.07396799556418987 13.528864038945478 0.1140390868491892 75.211111111111123 81.054166666666688 -0.90892157495189674 422.50000000000006 0.29342972903661901 82.912500000000009 0.89999999999999913
decision_type=2 2 2 2 2 2 2 2 2 2 2 2 2 2 2 2 2 2 2 2 2 2 2 2 2 2 2 2 2 2
left_child=1 3 11 7 17 12 14 8 9 -1 28 20 -4 -10 -3 16 26 23 -18 -13 21 27 -19 -5 -23 -17 -7 -2 -6 -12
right_child=2 6 5 4 10 15 -8 -9 13 -11 29 19 -14 -15 -16 25 18 22 -20 -21 -22 24 -24 -25 -26 -27 -28 -29 -30 -31
leaf_value=-0.00094848834012094111 0.00099609876771844779 -0.001663022409049465 -8.4120621860180714e-05 -0.0003137582431885816 -0.00036138308174121471 -8.517612323971654e-05 -8.517612323971654e-05 0.034682643088534519 -0.001524870156648681 3.7216581614679802e-05 -8.4191290874737214e-05 -8.4409611303865652e-05 -8.517612323971654e-05 0.0044637451611331726 5.392365674669428e-06 -8.517612323971654e-05 -8.517612323971654e-05 2.7401439763081535e-05 -8.517612323971654e-05 -0.00013246019302188715 0.00058941479814389962 -0.00050729252919695959 -0.00011708602076309721 0.00052205506406339099 -0.00046075428029935503 -8.517612323971654e-05 -8.517612323971654e-05 -0.00041572534359349001 2.5616010203567747e-05 -8.8025747501736641e-05
leaf_weight=24776 695 459 1384 2323 348 4440 3006 342 379 127332 2682 2737 2582 2296 380 414 11655 880 2628 926 1857 1395 5196 2815 1521 372 8422 653 723 359
leaf_count=24776 695 459 1384 2323 348 4440 3006 342 379 127332 2682 2737 2582 2296 380 414 11655 880 2628 926 1857 1395 5196 2815 1521 372 8422 653 723 359
internal_value=-0.0021207 -0.000585896 -0.00853858 -0.000310381 -0.00263065 -0.0103695 -0.0127964 -8.11276e-05 -0.000105728 -0.000174349 -0.00641867 -0.00256924 -0.00654903 0.00379484 -0.00526786 -0.0109117 -0.0110641 -0.00124119 -0.0102209 -0.0050232 -0.00110013 -0.0020891 -0.00246339 0.00020432 -0.00335276 -0.00564168 -0.0119995 0.000644922 -0.0011334 -0.00827909
internal_weight=215977 174296 41681 170451 15326 31897 3845 155125 154783 152108 4112 9784 3966 2675 839 27931 27145 11214 14283 3663 6121 4264 6076 5138 2916 786 12862 1348 1071 3041
internal_count=215977 174296 41681 170451 15326 31897 3845 155125 154783 152108 4112 9784 3966 2675 839 27931 27145 11214 14283 3663 6121 4264 6076 5138 2916 786 12862 1348 1071 3041
is_linear=0
shrinkage=0.03


Tree=154
num_leaves=31
num_cat=0
split_feature=34 8 5 12 8 12 3 8 83 5 30 75 89 8 19 22 8 4 102 83 32 3 32 98 8 12 102 102 107 94
split_gain=2100.54 795.209 668.108 141.748 69.8137 55.4205 45.8204 42.862 39.5395 35.3923 31.7815 31.5942 31.0343 26.9515 26.1056 43.8752 25.7449 24.6221 21.7892 17.1593 15.7091 13.8084 13.2139 12.6706 12.3396 14.1959 11.8173 11.6655 10.2676 9.76231
threshold=1.0000000180025095e-35 0.15000000000000038 361.50000000000006 -1.0000000180025095e-35 0.60000000000000109 0.09999999999999877 30.550000000000004 1.0000000180025095e-35 -1.8499999999999994 383.50000000000006 0.68301270189221941 0.48947368421052639 28.950000000000003 0.1000000000000001 47.097619047619055 768.50000000000011 0.25000000000000006 0.84999999999999976 79.634722222222237 -0.39999999999999986 -0.159513159777915 28.450000000000003 0.82899317702918729 0.39999999999999952 0.65000000000000047 -1.0000000180025095e-35 85.011111111111134 79.634722222222237 1.8999999999999997 80.500000000000014
decision_type=2 2 2 2 2 2 2 2 2 2 2 2 2 2 2 2 2 2 2 2 2 2 2 2 2 2 2 2 2 2
left_child=2 3 6 13 16 24 7 8 10 20 -1 -10 18 23 28 -16 -4 -14 -7 -15 29 -20 -22 -2 25 -3 -11 -27 -9 -5
right_child=1 5 4 9 -6 12 -8 14 11 26 -12 -13 17 19 15 -17 -18 -19 21 -21 22 -23 -24 -25 -26 27 -28 -29 -30 -31
leaf_value=0.0034947848958454728 -0.00011627837035524307 -0.00011783746651939514 -0.001625202806170884 -8.2070581705498595e-05 -8.262083954252505e-05 -8.262083954252505e-05 0.035155817603852349 0.00685882706851934 0.00013756700876173838 -8.262083954252505e-05 0.032858563387491248 0.010880388610802726 -8.2620839600161685e-05 -6.7754096286447933e-05 -0.0039224706397825515 -0.0002164085254413802 1.3687682199939551e-05 -0.00016086512819092158 -8.262083954252505e-05 -7.6028677498492364e-05 -7.4664597349009059e-05 -8.262083954252505e-05 -8.2801988933428754e-05 0.003145165832725299 -8.2688174993766241e-05 -8.262083954252505e-05 -8.262083954252505e-05 -8.262083954252505e-05 0.00099941780442109815 -8.2676578194460794e-05
leaf_weight=1071 10673 2905 476 373 3037 9700 303 530 72438 1860 471 846 505 1464 1086 81725 384 395 10654 1619 1580 478 942 542 914 2914 385 3117 725 1408
leaf_count=1071 10673 2905 476 373 3037 9700 303 530 72438 1860 471 846 505 1464 1086 81725 384 395 10654 1619 1580 478 942 542 914 2914 385 3117 725 1408
internal_value=-0.00211887 -0.0073425 -0.000439626 -0.00279465 -0.0127104 -0.0103442 -0.000139168 -0.000161429 0.000360832 -0.00644984 0.00511342 0.000260763 -0.0111908 -0.00112036 -0.000626286 -0.000691385 -0.00515679 -0.00572697 -0.0114266 -0.00360409 -0.00485479 -0.0105174 -0.00332937 -0.000437322 -0.00847528 -0.0081336 -0.00950356 -0.00896469 0.0036664 -0.00701178
internal_weight=215520 52428 163092 20846 3897 31582 159195 158892 74826 6548 1542 73284 21732 14298 84066 82811 860 900 20832 3083 4303 11132 2522 11215 9850 8936 2245 6031 1255 1781
internal_count=215520 52428 163092 20846 3897 31582 159195 158892 74826 6548 1542 73284 21732 14298 84066 82811 860 900 20832 3083 4303 11132 2522 11215 9850 8936 2245 6031 1255 1781
is_linear=0
shrinkage=0.03


Tree=155
num_leaves=31
num_cat=0
split_feature=27 5 12 27 8 8 8 2 29 8 75 25 8 0 83 103 33 33 8 21 103 96 0 27 8 14 101 32 27 93
split_gain=2326.35 647.813 566.763 94.7875 84.4069 80.2209 69.2012 46.5525 44.7569 44.3793 43.5013 43.301 30.7488 29.6211 26.8188 23.9594 22.4275 18.8867 13.7786 12.9907 12.8513 14.0022 9.39625 8.43162 8.23232 7.89101 11.1851 10.7018 10.8415 7.87868
threshold=382.50000000000006 391.50000000000006 -1.0000000180025095e-35 347.50000000000006 0.1000000000000001 0.15000000000000038 0.59999999999999887 31.150000000000002 364.50000000000006 0.1000000000000001 0.72026315789473694 5.5000000000000009 0.25000000000000006 29.650000000000002 -0.40000000000000119 82.500000000000014 -0.54219087765047058 0.76556758748011056 0.19999999999999976 1.2114099736644659 84.500000000000014 17.750000000000004 24.450000000000003 412.50000000000006 0.25000000000000006 0.07396799556418987 -0.0022284295468653027 -0.79384350655589164 427.50000000000006 87.768055555555563
decision_type=2 2 2 2 2 2 2 2 2 2 2 2 2 2 2 2 2 2 2 2 2 2 2 2 2 2 2 2 2 2
left_child=1 3 4 7 25 17 12 8 10 20 -1 29 -3 15 24 23 -17 19 -13 -5 21 -4 -22 -11 -6 27 -27 -2 -29 -7
right_child=2 6 9 5 14 11 -8 -9 -10 13 -12 18 -14 -15 -16 16 -18 -19 -20 -21 22 -23 -24 -25 -26 26 -28 28 -30 -31
leaf_value=-0.0001016954619720838 -0.00029329861696508638 -0.0016305647871230889 -7.9219181491469438e-05 -0.00015373971904584922 -0.00010264407052696825 -0.00016965286988470746 -8.0142214356249296e-05 0.034163489182803118 0.010959927801709868 -8.0142214356249296e-05 0.004152951955720581 -5.4143443236026793e-05 1.3277051733941363e-05 -8.0142214356249296e-05 -7.8008850044024051e-05 -8.0142214356249296e-05 -8.0142214356249296e-05 0.00063526267528686261 -7.9289102225233086e-05 0.0006904846303219292 -8.1151717444552372e-05 -8.0473851063817781e-05 -7.9434922755022578e-05 -8.0142214356249296e-05 -0.00033725877561606362 -0.00054197947269452441 0.0019597878724530566 5.6224508540633832e-06 -0.00028465375208056232 4.8475276502931194e-05
leaf_weight=151792 944 456 308 5844 1595 920 3023 330 582 2416 2077 1204 376 569 2575 6757 9534 2368 3026 1244 698 1023 333 7879 356 1196 1054 2752 1381 587
leaf_count=151792 944 456 308 5844 1595 920 3023 330 582 2416 2077 1204 376 569 2575 6757 9534 2368 3026 1244 698 1023 333 7879 356 1196 1054 2752 1381 587
internal_value=-0.00211011 -0.00058842 -0.00850378 -0.000312575 -0.00296229 -0.00257371 -0.0127477 -9.06113e-05 -0.000114696 -0.0107289 -0.00014613 -0.00537208 -0.00507803 -0.0110721 -0.0061829 -0.0112171 -0.0104987 -0.000875542 -0.00692744 -0.00165044 -0.00677952 -0.00872748 -0.00425872 -0.0123529 -0.00352715 -0.000972298 0.000506442 -0.00162761 -0.000968795 -0.00100464
internal_weight=215199 173829 41370 169974 11853 15193 3855 154781 154451 29517 153869 5737 832 27155 4526 26586 16291 9456 4230 7088 2362 1331 1031 10295 1951 7327 2250 5077 4133 1507
internal_count=215199 173829 41370 169974 11853 15193 3855 154781 154451 29517 153869 5737 832 27155 4526 26586 16291 9456 4230 7088 2362 1331 1031 10295 1951 7327 2250 5077 4133 1507
is_linear=0
shrinkage=0.03


Tree=156
num_leaves=31
num_cat=0
split_feature=27 5 12 27 8 8 8 8 33 104 94 1 29 88 107 25 8 0 103 33 1 8 8 103 31 15 32 32 33 92
split_gain=2341.07 637.853 570.188 95.6777 84.217 83.8659 74.2093 44.3121 44.2848 113.092 92.1781 72.8008 72.2961 51.1372 47.6227 40.286 26.148 23.3842 21.2716 18.9974 17.0328 14.497 12.3608 11.2078 10.8675 10.8566 10.5357 10.4669 9.7372 9.60177
threshold=382.50000000000006 389.50000000000006 -1.0000000180025095e-35 347.50000000000006 0.15000000000000038 0.1000000000000001 0.59999999999999887 0.1000000000000001 0.76556758748011056 14.191989762055238 90.500000000000014 45.500000000000007 317.50000000000006 20.050000000000004 0.10000000000000055 5.5000000000000009 0.25000000000000006 29.550000000000004 81.500000000000014 -0.54219087765047058 72.500000000000014 0.19999999999999976 0.35000000000000148 85.500000000000014 1.0000000180025095e-35 0.082270052764774226 0.97696484778429815 -0.62588817255938378 -0.90892157495189674 13.327934484706022
decision_type=2 2 2 2 2 2 2 2 2 2 2 2 2 2 2 2 2 2 2 2 2 2 2 2 2 2 2 2 2 2
left_child=1 3 5 8 20 26 16 23 12 11 -11 -10 13 -1 -14 -6 -3 18 -9 -20 -5 -17 25 29 -25 -7 -2 -22 -19 -4
right_child=2 6 7 4 15 22 -8 17 9 10 -12 -13 14 -15 -16 21 -18 28 19 -21 27 -23 -24 24 -26 -27 -28 -29 -30 -31
leaf_value=-0.0010200916462201619 -0.00011503105898522602 -0.0015139515208783009 -7.8168619995650198e-05 0.001052337501769764 -5.1510197053170202e-05 -6.0473404819792287e-05 -7.7737947925561821e-05 -7.7737947925561821e-05 0.0051894921074781284 0.0035888122971096505 -0.00094796908102094007 -0.0010305234251468704 0.0013597726428163153 1.2849170872789028e-06 -0.004507190147595392 -5.4971957884391116e-05 1.2878740181923123e-05 -7.7737947981469343e-05 -7.7737947925561821e-05 -7.7737947925561821e-05 -0.00028117977846425112 -7.6820825395217641e-05 -0.00015417290293922076 -7.739924224656952e-05 -7.978880843363643e-05 -0.00013779331820027569 -0.00049585504781776474 -4.363606928067551e-05 -7.7737947925561821e-05 -7.7846217056264401e-05
leaf_weight=17703 6973 458 442 1579 1492 1697 3034 8476 1151 14971 3634 15836 590 98473 2058 1209 363 371 7620 10256 2289 3023 856 390 514 2019 405 5648 362 1036
leaf_count=17703 6973 458 442 1579 1492 1697 3034 8476 1151 14971 3634 15836 590 98473 2058 1209 363 371 7620 10256 2289 3023 856 390 514 2019 405 5648 362 1036
internal_value=-0.00212666 -0.000596933 -0.00853506 -0.00032271 -0.00259038 -0.00300728 -0.0126621 -0.0107766 -9.88881e-05 0.000829377 0.00244518 -0.00094037 -0.000376941 -0.000265199 -0.00527746 -0.0054655 -0.00465328 -0.0111218 -0.0112689 -0.0106796 -0.000860565 -0.0069596 -0.00619943 -0.00684851 -0.00420994 -0.00544794 -0.00102859 -0.00142668 -0.00582425 -0.00845842
internal_weight=214928 173511 41417 169656 15240 11950 3855 29467 154416 35592 18605 16987 118824 116176 2648 5724 821 27085 26352 17876 9516 4232 4572 2382 904 3716 7378 7937 733 1478
internal_count=214928 173511 41417 169656 15240 11950 3855 29467 154416 35592 18605 16987 118824 116176 2648 5724 821 27085 26352 17876 9516 4232 4572 2382 904 3716 7378 7937 733 1478
is_linear=0
shrinkage=0.03


Tree=157
num_leaves=31
num_cat=0
split_feature=27 5 8 27 8 8 83 25 3 1 29 11 8 8 89 96 11 23 100 91 83 29 94 27 96 95 91 3 92 21
split_gain=2346.24 645.58 526.605 90.4125 83.0252 69.9946 69.6571 44.6293 43.9296 43.2783 48.261 41.9474 26.2608 25.568 23.7583 25.6654 23.9672 21.4608 13.9759 13.9592 13.8593 13.1255 12.3544 10.7757 10.3517 10 9.94323 8.65659 8.62969 11.0803
threshold=382.50000000000006 391.50000000000006 0.1000000000000001 347.50000000000006 0.19999999999999976 0.60000000000000109 -0.40000000000000119 5.5000000000000009 30.550000000000004 40.500000000000007 364.50000000000006 -1.0000000180025095e-35 0.25000000000000006 0.15000000000000038 28.950000000000003 30.150000000000002 1.0000000180025095e-35 18.83139902066527 1.599999999999999 0.13983426324811118 -0.34999999999999959 208.50000000000003 89.500000000000014 427.50000000000006 24.550000000000004 25.350000000000005 0.16776425959809918 22.150000000000002 16.795205667165057 1.0655096125626544
decision_type=2 2 2 2 2 2 2 2 2 2 2 2 2 2 2 2 2 2 2 2 2 2 2 2 2 2 2 2 2 2
left_child=1 3 11 8 17 12 13 -6 9 18 -11 22 -3 -4 16 -16 -8 24 -1 -19 23 -17 28 -13 -5 -24 -18 -22 -2 -30
right_child=2 5 6 4 7 -7 14 -9 -10 10 -12 20 -14 -15 15 21 26 19 -20 -21 27 -23 25 -25 -26 -27 -28 -29 29 -31
leaf_value=0.0016575486107816872 -0.00012810370960003822 -0.0016850259258694156 -7.4742484964425345e-05 -2.3876235617641822e-05 -2.853662651352529e-05 -7.5405809487794965e-05 -7.5405809487794965e-05 -7.5276646061804006e-05 0.032215052098265064 -9.6863219012781053e-05 0.011057184089544298 -6.9606619919816975e-05 1.2492377976465431e-05 -7.5405809487794965e-05 -7.5405809542025267e-05 -0.00028108974906559551 -7.5405809487794965e-05 9.0587739232790956e-06 0.0099677464578265783 -0.00012945228768740751 -7.700400613389188e-05 0.0050143764424379874 0.0019474359367403257 -0.00014596833230676572 0.0018146180474103192 -0.00037453933887645903 -7.5405809487794965e-05 -7.4708854143281633e-05 -0.00040509737891835133 2.9795228889412393e-05
leaf_weight=442 2862 468 1348 4423 1048 3014 7309 3047 306 153196 527 1001 372 2608 583 353 7087 1419 559 4990 1066 333 1022 593 405 830 12145 1079 823 428
leaf_count=442 2862 468 1348 4423 1048 3014 7309 3047 306 153196 527 1001 372 2608 583 353 7087 1419 559 4990 1066 333 1022 593 405 830 12145 1079 823 428
internal_value=-0.00211793 -0.000591332 -0.00853102 -0.000316618 -0.00251419 -0.0127315 -0.0103995 -0.00617065 -9.92705e-05 -0.000121764 -0.000162271 -0.00241422 -0.0050654 -0.00667172 -0.0109295 -0.00690945 -0.0111214 -0.00118126 0.00609281 -0.00231903 -0.00490508 -0.00296943 -0.00085233 -0.0027837 0.000329261 0.00118187 -0.0116784 -0.0064795 -0.00176835 -0.00384585
internal_weight=215686 174216 41470 170362 15332 3854 31766 4095 155030 154724 153723 9704 840 3956 27810 1269 26541 11237 1001 6409 3739 686 5965 1594 4828 1852 19232 2145 4113 1251
internal_count=215686 174216 41470 170362 15332 3854 31766 4095 155030 154724 153723 9704 840 3956 27810 1269 26541 11237 1001 6409 3739 686 5965 1594 4828 1852 19232 2145 4113 1251
is_linear=0
shrinkage=0.03


Tree=158
num_leaves=31
num_cat=0
split_feature=27 8 4 8 27 8 83 87 29 3 29 96 103 100 25 11 8 89 96 11 90 90 23 103 29 83 91 103 29 109
split_gain=2263.5 532.213 439.31 179.661 89.5132 84.2782 73.647 46.5885 74.5364 109.853 81.5009 62.4392 67.5392 48.7429 43.0564 38.1562 29.2291 27.9742 27.7736 27.2291 24.3653 23.2429 18.7358 16.8731 12.8263 12.4371 12.3475 12.0997 11.6882 12.1015
threshold=382.50000000000006 0.1000000000000001 2.8999999999999995 0.59999999999999887 347.50000000000006 0.19999999999999976 -0.40000000000000119 -0.18333333333333338 98.500000000000014 18.350000000000005 329.50000000000006 25.350000000000005 69.500000000000014 2.4000000000000017 5.5000000000000009 -1.0000000180025095e-35 0.15000000000000038 28.950000000000003 30.150000000000002 1.0000000180025095e-35 3.9500000000000006 2.9000000000000017 18.905165994335313 82.500000000000014 208.50000000000003 -0.34999999999999959 0.13983426324811118 86.500000000000014 220.50000000000003 -2.1499999999999999
decision_type=2 2 2 2 2 2 2 2 2 2 2 2 2 2 2 2 2 2 2 2 2 2 2 2 2 2 2 2 2 2
left_child=2 15 4 20 7 22 16 8 9 -1 -10 12 -9 -13 -7 27 -3 19 -19 -8 28 -5 -6 -21 -20 -17 -24 -2 29 -4
right_child=1 6 3 21 5 14 17 11 10 -11 -12 13 -14 -15 -16 25 -18 18 24 23 -22 -23 26 -25 -26 -27 -28 -29 -30 -31
leaf_value=-0.00014648847962834055 -0.00023350990990542007 -7.0860343920958182e-05 -0.0017515075121735328 -7.3143635203161108e-05 5.2051793826615173e-05 -3.2904955986862557e-05 -7.3143635203161108e-05 0.0018715194990427417 -0.00033613226973357554 0.0037965514953498657 0.0030128786410072795 -1.5110670807819673e-05 -0.00085169331525179054 0.0037436973836066684 -7.2462115748537774e-05 -9.1531707400480209e-05 -7.3143635203161108e-05 -7.314363525576451e-05 -0.00027875351990109794 -7.3143635203161108e-05 0.014774854380162232 -7.3143635203161108e-05 6.864667423214477e-06 -7.3143635203161108e-05 0.0035049822253195614 -7.3325409988598566e-05 -0.0001209280351985011 0.00086524477555020537 -0.0010561092091814167 5.9118693998925133e-05
leaf_weight=11665 4118 1359 354 2703 4696 1040 7244 4462 52043 10966 8061 26452 37665 2940 2983 1623 2602 579 354 7192 467 348 1408 12030 351 2125 4878 1916 560 311
leaf_count=11665 4118 1359 354 2703 4696 1040 7244 4462 52043 10966 8061 26452 37665 2940 2983 1623 2602 579 354 7192 467 348 1408 12030 351 2125 4878 1916 560 311
internal_value=-0.00209384 -0.00839001 -0.000592404 -0.00959633 -0.000340039 -0.00255198 -0.010277 -0.000124858 0.00035988 0.00182728 -0.000192663 -0.000685612 -0.00142601 0.0003756 -0.00626615 -0.00227231 -0.0064475 -0.0108234 -0.00649027 -0.0110334 -0.00175428 -0.0139433 -0.00119093 -0.0116251 -0.00248584 -0.00464924 -0.00226181 -0.00079536 -0.00397635 -0.00128378
internal_weight=215495 41493 174002 4743 169259 15005 31711 154254 82735 22631 60104 71519 42127 29392 4023 9782 3961 27750 1284 26466 1692 3051 10982 19222 705 3748 6286 6034 1225 665
internal_count=215495 41493 174002 4743 169259 15005 31711 154254 82735 22631 60104 71519 42127 29392 4023 9782 3961 27750 1284 26466 1692 3051 10982 19222 705 3748 6286 6034 1225 665
is_linear=0
shrinkage=0.03


Tree=159
num_leaves=31
num_cat=0
split_feature=27 5 12 27 103 20 2 103 100 100 83 12 12 2 25 89 4 33 109 102 102 88 102 22 11 33 109 4 94 85
split_gain=2318.56 619.654 596.258 78.4694 43.3815 68.6955 79.2815 63.0446 60.1149 55.4742 43.3277 41.7263 40.3503 37.7395 34.4978 24.0719 22.6011 19.6504 19.0469 17.1829 15.8853 13.7925 13.0148 12.4026 12.1084 11.3998 11.6763 11.3048 11.1857 9.5721
threshold=382.50000000000006 391.50000000000006 -1.0000000180025095e-35 347.50000000000006 90.500000000000014 88.900980392156882 19.050000000000004 96.500000000000014 3.7000000000000024 0.79999999999999993 -0.39999999999999986 0.09999999999999877 1.0000000180025095e-35 19.950000000000003 5.5000000000000009 28.950000000000003 0.84999999999999976 0.42763731121559989 0.15000000000000038 82.33750000000002 79.634722222222237 28.450000000000003 75.211111111111123 2358.9500000000003 -1.0000000180025095e-35 -0.9292178835113839 0.20000000000000021 1.2000000000000022 88.500000000000014 -0.29999999999999799
decision_type=2 2 2 2 2 2 2 2 2 2 2 2 2 2 2 2 2 2 2 2 2 2 2 2 2 2 2 2 2 2
left_child=1 3 10 4 8 7 -7 -6 9 -1 25 19 17 -10 28 20 -17 -5 -3 -4 -13 -22 -19 29 27 -2 -27 -12 -14 -21
right_child=2 18 11 12 5 6 -8 -9 13 -11 24 15 14 -15 -16 16 -18 22 -20 23 21 -23 -24 -25 -26 26 -28 -29 -30 -31
leaf_value=-0.00073028872530384156 -0.00072443197279635095 -7.0949326147066264e-05 -7.0949326147066264e-05 -8.0883559624707365e-05 0.0029916080194249814 -0.0025851487029257248 9.087194840419504e-05 -0.0017948526309374639 -0.0021326751575255218 4.2345282069672207e-05 -9.033711172824093e-05 -7.0949326147066264e-05 -0.00021956079141736878 -0.0041597480841464168 -6.3369521276176462e-05 -7.0949326199768804e-05 -0.00014684628613280594 -0.00033574893337058668 -7.0949326147066264e-05 -7.0949326147066264e-05 -7.0949326147066264e-05 -7.0949326147066264e-05 0.00062034211515317851 -7.0949326147066264e-05 -6.4639156496398213e-05 -0.00016147528838354812 0.00072795633839093439 -0.00042608320975704057 6.9257558392870291e-05 -7.0949326147066264e-05
leaf_weight=29175 372 1708 5928 7124 12615 1627 14018 1997 848 93954 1898 9247 405 737 2870 492 357 1882 2127 1884 9912 443 2487 717 2300 5817 947 625 536 591
leaf_count=29175 372 1708 5928 7124 12615 1627 14018 1997 848 93954 1898 9247 405 737 2870 492 357 1882 2127 1884 9912 443 2487 717 2300 5817 947 625 536 591
internal_value=-0.00209668 -0.00057739 -0.00846597 -0.000308763 -0.000106374 0.000912651 -0.00046881 0.00239171 -0.000353606 -0.000278852 -0.00281313 -0.0107519 -0.00235805 -0.006157 -0.00503279 -0.0115052 -0.00654706 -0.00147077 -0.0125013 -0.00906151 -0.0117196 -0.0109082 0.000113272 -0.00728155 -0.00500933 -0.00132829 -0.00104656 -0.00357171 -4.77707e-05 -0.00627019
internal_weight=215640 174110 41530 170275 154971 30257 15645 14612 124714 123129 11959 29571 15304 1585 3811 20451 849 11493 3835 9120 19602 10355 4369 3192 4823 7136 6764 2523 941 2475
internal_count=215640 174110 41530 170275 154971 30257 15645 14612 124714 123129 11959 29571 15304 1585 3811 20451 849 11493 3835 9120 19602 10355 4369 3192 4823 7136 6764 2523 941 2475
is_linear=0
shrinkage=0.03


Tree=160
num_leaves=31
num_cat=0
split_feature=27 5 12 8 27 8 8 25 103 27 102 8 32 8 83 0 102 24 12 24 103 94 47 32 32 5 32 89 103 98
split_gain=2332.71 609.882 609.281 87.6933 83.3293 77.5642 68.1208 45.4276 44.7901 43.3927 40.5788 38.321 37.6257 36.6058 31.0617 25.5636 25.5607 24.519 19.5561 19.238 14.3536 13.1284 10.8522 10.437 8.57836 9.7 9.81819 6.73866 6.7015 6.34066
threshold=382.50000000000006 393.50000000000006 -1.0000000180025095e-35 0.59999999999999887 347.50000000000006 0.19999999999999976 0.1000000000000001 5.5000000000000009 43.500000000000007 37.500000000000007 79.938888888888911 0.25000000000000006 -0.27694604220087021 0.1000000000000001 -0.40000000000000119 29.650000000000002 79.634722222222237 4.8849307185379631 0.15000000000000038 5.7451573872819557 82.500000000000014 66.500000000000014 1.0000000180025095e-35 -0.159513159777915 0.98372640911059162 407.50000000000006 -0.76141707087277943 26.450000000000003 85.500000000000014 -1.9499999999999991
decision_type=2 2 2 2 2 2 2 2 2 2 2 2 2 2 2 2 2 2 2 2 2 2 2 2 2 2 2 2 2 2
left_child=1 4 6 11 8 19 24 -7 12 17 -11 -3 21 23 -8 16 22 -10 -18 20 -6 -1 -15 -4 25 26 -2 -9 -25 -21
right_child=2 3 13 -5 5 7 14 27 9 10 -12 -13 -14 15 -16 -17 18 -19 -20 29 -22 -23 -24 28 -26 -27 -28 -29 -30 -31
leaf_value=0.0052003025651956511 -0.00021085812454686186 -0.0016025748711919338 -6.8484211293820578e-05 -6.8820846362654286e-05 -0.00020767591719283654 -2.0718200807180211e-05 -0.00012296705534721472 -7.3399119101879746e-05 0.00087324787265299604 -0.00041992403560250549 9.6567972340947652e-05 1.2472525601615701e-05 -0.00094294829390514359 -6.8820846362654286e-05 -6.532264478622388e-05 -6.8820846362654286e-05 -6.8820846362654286e-05 0.0048677437052399887 -6.8820846362654286e-05 -0.00048668891273100166 -2.9494242930680589e-05 0.014462004400917473 -6.8820846362654286e-05 -6.9576910472677773e-05 -0.00054849966798544 -0.00030586733702916822 0.0001988350495750915 -5.1332356012425699e-05 -7.0662237662597578e-05 0.0015000788932066995
leaf_weight=417 1159 458 975 2996 3831 1099 1973 2216 16046 69038 65374 377 433 12542 2604 555 5602 3097 8366 300 6111 433 360 767 321 1757 4142 798 657 1053
leaf_count=417 1159 458 975 2996 3831 1099 1973 2216 16046 69038 65374 377 433 12542 2604 555 5602 3097 8366 300 6111 433 360 767 321 1757 4142 798 657 1053
internal_value=-0.00208116 -0.000553286 -0.0084469 -0.0123891 -0.000286877 -0.00239081 -0.00272476 -0.0059176 -7.74999e-05 -0.000124157 -0.000314479 -0.00378589 0.00550234 -0.0107407 -0.00559961 -0.0110517 -0.0111834 0.00121213 -0.0102914 -0.00110614 -0.00156291 0.00916569 -0.0121483 -0.00718125 -0.000941057 -0.000722482 -8.20445e-05 -0.0078209 -0.00553684 0.00224889
internal_weight=215857 174077 41780 3831 170246 15408 11956 4113 154838 153555 134412 835 1283 29824 4577 27425 26870 19143 13968 11295 9942 850 12902 2399 7379 7058 5301 3014 1424 1353
internal_count=215857 174077 41780 3831 170246 15408 11956 4113 154838 153555 134412 835 1283 29824 4577 27425 26870 19143 13968 11295 9942 850 12902 2399 7379 7058 5301 3014 1424 1353
is_linear=0
shrinkage=0.03


Tree=161
num_leaves=31
num_cat=0
split_feature=27 12 5 8 27 8 8 29 1 25 27 8 8 0 102 19 92 29 8 103 32 93 89 98 99 31 4 98 98 15
split_gain=2267.07 628.671 610.888 86.6655 78.7149 79.9651 71.9866 45.0107 42.871 42.7695 41.9335 40.8721 33.9646 27.9551 24.364 17.2571 16.6771 15.4843 12.3817 12.0288 11.8646 11.0768 10.9862 10.6446 10.4672 8.9614 7.33661 7.68196 8.64047 6.90488
threshold=382.50000000000006 -1.0000000180025095e-35 391.50000000000006 0.59999999999999887 347.50000000000006 0.19999999999999976 0.1000000000000001 364.50000000000006 39.500000000000007 5.5000000000000009 42.500000000000007 0.1000000000000001 0.25000000000000006 29.650000000000002 79.634722222222237 72.511904761904773 25.583653229832059 304.50000000000006 0.35000000000000148 85.500000000000014 -0.32614396506100213 82.912500000000009 28.950000000000003 -1.9499999999999991 17.150000000000002 1.0000000180025095e-35 3.149999999999999 0.39999999999999952 0.10000000000000055 0.093637701655591085
decision_type=2 2 2 2 2 2 2 2 2 2 2 2 2 2 2 2 2 2 2 2 2 2 2 2 2 2 2 2 2 2
left_child=2 6 4 12 7 15 26 8 17 21 -10 19 -4 14 22 23 -16 -1 29 24 -17 -7 -13 -6 -3 -21 27 28 -2 -8
right_child=1 11 3 -5 5 9 18 -9 10 -11 -12 13 -14 -15 16 20 -18 -19 -20 25 -22 -23 -24 -25 -26 -27 -28 -29 -30 -31
leaf_value=0.0020708060404718066 -0.00011638255534856687 -6.4608286492499553e-05 -0.0015524995428486236 -6.675622097177466e-05 -0.0006513561348927135 -0.00042014102571431822 -5.0419883222983871e-05 0.010466758245463361 0.0012800741624727702 -6.7016655179057976e-05 -0.00017835643082396806 -6.675622097177466e-05 1.2098349833567231e-05 -6.675622097177466e-05 -6.675622097177466e-05 -0.00020144563967705145 -6.675622097177466e-05 0.01257300166769712 -0.00013844155279432816 -6.6346786642514641e-05 -2.8211328999714999e-05 4.0625760909648269e-05 -6.678026436866839e-05 0.0014365011883204454 -6.71002149730323e-05 -6.8662649793197196e-05 0.0026976078970364671 0.0023468959357020517 -0.00081370978416459786 -0.00015466118509513817
leaf_weight=462 6345 301 473 3021 389 333 1982 572 21154 3014 132050 12130 372 568 12972 3437 918 340 833 394 5900 735 574 1384 1170 502 354 366 302 1663
leaf_count=462 6345 301 473 3021 389 333 1982 572 21154 3014 132050 12130 372 568 12972 3437 918 340 833 394 5900 735 574 1384 1170 502 354 366 302 1663
internal_value=-0.00209515 -0.0084058 -0.000591406 -0.0123817 -0.000322847 -0.00238333 -0.00256669 -0.000120327 -0.000151552 -0.00597355 -0.000187788 -0.0107479 -0.00388298 -0.0110776 -0.0112183 -0.00106381 -0.010347 0.00676214 -0.00556597 -0.00696157 -0.00157903 -0.000813845 -0.01217 0.00164882 -0.00863111 -0.00421405 -0.000743078 -0.000955945 -0.00118908 -0.00480938
internal_weight=215010 41374 173636 3866 169770 15192 11845 154578 154006 4082 153204 29529 845 27162 26594 11110 13890 802 4478 2367 9337 1068 12704 1773 1471 896 7367 7013 6647 3645
internal_count=215010 41374 173636 3866 169770 15192 11845 154578 154006 4082 153204 29529 845 27162 26594 11110 13890 802 4478 2367 9337 1068 12704 1773 1471 896 7367 7013 6647 3645
is_linear=0
shrinkage=0.03


Tree=162
num_leaves=31
num_cat=0
split_feature=27 12 4 27 27 85 4 33 27 0 96 83 12 98 83 27 25 89 96 12 33 103 103 109 33 83 2 33 109 33
split_gain=2289.81 645.765 409.137 116.498 79.2034 45.7066 78.8104 75.5193 73.8407 66.4557 63.8658 42.2171 39.8038 39.3586 37.386 26.5307 25.656 24.6582 21.6683 18.5115 17.1929 16.3886 16.2649 15.8312 11.8463 11.5326 11.47 11.453 10.5226 8.60731
threshold=382.50000000000006 -1.0000000180025095e-35 3.3500000000000001 42.500000000000007 347.50000000000006 -2.2000000000000002 1.8499999999999999 0.080547328232315238 147.50000000000003 28.250000000000004 25.350000000000005 -0.39999999999999986 0.09999999999999877 -1.5499999999999987 0.15000000000000038 227.50000000000003 5.5000000000000009 28.950000000000003 30.150000000000002 0.09999999999999877 0.42763731121559989 84.500000000000014 81.500000000000014 0.20000000000000198 -0.70289845916694649 0.09999999999999877 18.350000000000005 -0.54219087765047058 0.65000000000000047 -0.90892157495189674
decision_type=2 2 2 2 2 2 2 2 2 2 2 2 2 2 2 2 2 2 2 2 2 2 2 2 2 2 2 2 2 2
left_child=2 11 4 23 5 7 10 9 -9 -1 -7 28 21 -5 19 -8 -16 22 -19 20 -6 -3 -14 -4 -23 -13 -26 -24 29 -2
right_child=1 12 3 13 14 6 15 8 -10 -11 -12 25 17 -15 16 -17 -18 18 -20 -21 -22 24 27 -25 26 -27 -28 -29 -30 -31
leaf_value=-0.00072509668599311935 -0.00065647750939350127 -6.4753534342621414e-05 -6.4753534342621414e-05 -0.0020939626669314419 -6.8265382942557572e-05 -0.00066916696776605404 -0.00026853120724644426 0.0036767267660192935 9.2467909462670694e-05 0.00043099897916599848 0.00027286646266525992 -6.2255859273578688e-05 -6.4753534342621414e-05 0.010830523629092179 -1.3790232599756223e-06 -0.000147535725141066 -6.6393532289914361e-05 -6.4753533402204914e-05 -0.00026408483678855396 -5.7189402183932287e-05 6.9619764563160455e-06 -6.4753534342621414e-05 -6.4753534342621414e-05 -6.4753534342621414e-05 -6.4769038865357523e-05 -6.6688140908696775e-05 -6.4753534342621414e-05 -6.4753534342621414e-05 0.00093396871972287394 -0.00011154733512501202
leaf_weight=24285 413 4964 1391 347 7159 41788 980 17417 22398 18893 28539 4263 6276 498 381 637 1180 374 482 2025 4418 801 6136 1715 491 554 2878 7241 700 6032
leaf_count=24285 413 4964 1391 347 7159 41788 980 17417 22398 18893 28539 4263 6276 498 381 637 1180 374 482 2025 4418 801 6136 1715 491 554 2878 7241 700 6032
internal_value=-0.00207649 -0.00839915 -0.00056509 -0.0101075 -0.000343384 -0.000140863 -0.00069428 0.00033888 0.00128127 -0.000530119 -0.000543667 -0.00251526 -0.0107733 -0.000230496 -0.00241262 -0.00724042 -0.00680858 -0.0115078 -0.00651109 -0.00190767 -0.00144455 -0.00912315 -0.0117251 -0.0127937 -0.00773196 -0.00468555 -0.00694807 -0.0111306 -0.00105164 -0.00143112
internal_weight=215656 41605 174051 3951 170100 154937 71944 82993 39815 43178 70327 11962 29643 845 15163 1617 1561 20509 856 13602 11577 9134 19653 3106 4170 4817 3369 13377 7145 6445
internal_count=215656 41605 174051 3951 170100 154937 71944 82993 39815 43178 70327 11962 29643 845 15163 1617 1561 20509 856 13602 11577 9134 19653 3106 4170 4817 3369 13377 7145 6445
is_linear=0
shrinkage=0.03


Tree=163
num_leaves=31
num_cat=0
split_feature=37 12 5 12 29 107 33 104 94 29 32 89 107 83 95 95 89 96 26 109 5 12 11 85 18 33 26 33 19 83
split_gain=2043.62 783.995 573.778 100.955 43.1039 71.38 58.1179 108.053 98.4093 72.7492 64.3568 55.1152 47.5148 41.6439 30.7858 60.4017 30.1648 28.6819 28.1378 26.408 26.0992 23.1571 20.2396 13.9388 13.2925 13.0156 12.0996 11.8136 10.2749 10.1331
threshold=1.0000000180025095e-35 -1.0000000180025095e-35 377.50000000000006 1.0000000180025095e-35 6.5000000000000009 0.75000000000000011 0.76556758748011056 14.191989762055238 91.500000000000014 317.50000000000006 -0.51297808981038739 20.050000000000004 0.10000000000000055 -1.0000000180025095e-35 18.750000000000004 19.250000000000004 28.950000000000003 30.150000000000002 17.500000000000004 0.20000000000000198 375.50000000000006 0.15000000000000038 -1.0000000180025095e-35 -2.5500000000000003 1.0000000180025095e-35 -0.90161545992537195 17.500000000000004 -0.97111920233974802 78.174242424242451 -0.40000000000000119
decision_type=2 2 2 2 2 2 2 2 2 2 2 2 2 2 2 2 2 2 2 2 2 2 2 2 2 2 2 2 2 2
left_child=1 13 4 18 5 23 9 10 -9 11 -8 -6 -11 22 -7 -16 21 -18 20 28 -3 26 24 -2 -1 -19 -5 -26 -4 -24
right_child=2 3 19 16 6 14 7 8 -10 12 -12 -13 -14 -15 15 -17 17 25 -20 -21 -22 -23 29 -25 27 -27 -28 -29 -30 -31
leaf_value=7.2610240832824831e-05 -0.0032841756608365893 -6.0792322537164637e-05 -6.2810928312342785e-05 -6.2810928312342785e-05 -0.00089971961977726325 0.0039678708612970294 -0.0070328984110339353 0.0039100525790713063 -0.0011169867397761849 0.0017255411497525003 -0.00026054488394010121 1.9277446818655299e-05 -0.0041227932820491649 -7.1914408156718225e-05 -0.0072515751919524935 0.0022178879794612356 -6.2810239095266823e-05 -0.00030918584198943983 -6.2810928312342785e-05 -6.2810928312342785e-05 -6.2810928312342785e-05 -6.2810928312342785e-05 -0.0001030205383620472 -0.0046215656109111162 -0.0011316064027733889 0.0049632847666905974 -6.2810928312342785e-05 -0.00025105905586547038 -6.2810928312342785e-05 -5.8852132185977149e-05
leaf_weight=4695 385 2426 596 2654 18719 508 526 14672 3213 614 15473 100961 2185 1532 302 582 512 316 5503 1928 824 16795 2949 1061 305 340 5366 5349 1290 2691
leaf_count=4695 385 2426 596 2654 18719 508 526 14672 3213 614 15473 100961 2185 1532 302 582 512 316 5503 1928 824 16795 2949 1061 305 340 5366 5349 1290 2691
internal_value=-0.0020395 -0.00720206 -0.000384533 -0.00981173 -0.000109012 -0.00377246 -4.2497e-05 0.0010571 0.00265934 -0.00034671 -0.000734063 -0.000234874 -0.00512679 -0.00202802 0.00107681 -0.00230508 -0.0107507 -0.0060308 -0.00702365 -0.011882 -0.00480775 -0.0109726 -0.00157505 -0.00843815 -0.000786957 -0.00187215 -0.00964219 -0.00176658 -0.00934817 -0.00302074
internal_weight=215272 52257 163015 34736 159201 2838 156363 33884 17885 122479 15999 119680 2799 17521 1392 884 25983 1168 8753 3814 3250 24815 15989 1446 10349 656 8020 5654 1886 5640
internal_count=215272 52257 163015 34736 159201 2838 156363 33884 17885 122479 15999 119680 2799 17521 1392 884 25983 1168 8753 3814 3250 24815 15989 1446 10349 656 8020 5654 1886 5640
is_linear=0
shrinkage=0.03


Tree=164
num_leaves=31
num_cat=0
split_feature=27 12 5 8 8 27 8 103 104 29 101 27 8 8 32 89 96 102 83 12 24 85 103 32 33 8 47 31 92 15
split_gain=2269.58 638.904 578.637 99.6531 64.1337 63.2463 73.9261 48.2598 45.5063 128.423 45.3794 42.9191 40.6315 39.4806 28.5853 27.1288 29.0279 28.8214 21.6147 17.2457 15.7982 14.8793 13.2439 12.2166 11.5119 11.2071 8.89521 8.84289 8.23141 7.8222
threshold=382.50000000000006 -1.0000000180025095e-35 393.50000000000006 0.59999999999999887 0.1000000000000001 347.50000000000006 0.19999999999999976 43.500000000000007 14.191989762055238 74.500000000000014 -0.0069444444444444458 362.50000000000006 0.25000000000000006 0.1000000000000001 -0.27694604220087021 28.950000000000003 30.150000000000002 79.634722222222237 -0.39999999999999986 0.15000000000000038 5.7451573872819557 -2.7999999999999998 85.500000000000014 -0.32614396506100213 -0.90161545992537195 1.0000000180025095e-35 1.0000000180025095e-35 1.0000000180025095e-35 13.209337438329067 0.20260311596536945
decision_type=2 2 2 2 2 2 2 2 2 2 2 2 2 2 2 2 2 2 2 2 2 2 2 2 2 2 2 2 2 2
left_child=2 4 5 12 29 7 20 14 10 -10 -9 -8 -4 22 21 17 -17 26 -6 -19 23 -1 25 -7 -18 -3 -15 -24 -27 -2
right_child=1 13 3 -5 18 6 11 8 9 -11 -12 -13 -14 15 -16 16 24 19 -20 -21 -22 -23 27 -25 -26 28 -28 -29 -30 -31
leaf_value=0.0044191552909651662 -0.00015207718888554122 -0.00038273076638587047 -0.0013509990502072425 -6.0926600462972495e-05 -0.00013789731480988245 -0.00018279011323786031 -2.4495036607867066e-05 -0.0039446078836836282 0.0023835711095594064 -0.00015898422337184192 -0.00063381998706321478 -6.3802257763511785e-05 1.5562333218209137e-05 -6.0926600462972495e-05 -0.00034950150348730198 -6.0926620227280748e-05 -0.00027450005981197179 -6.0926600462972495e-05 -5.6898566642112812e-05 -6.0926600462972495e-05 0.0010805615296316823 0.015087579871399307 -6.0527181220808493e-05 -1.7512531474605364e-05 0.0039453668749033447 -6.1671595719816534e-05 -6.0926600462972495e-05 -6.2775836419752355e-05 -5.9988908012888493e-05 0.00201575783244433
leaf_weight=398 6586 344 465 3034 2001 3652 1611 1919 18023 110495 23125 2444 374 11865 444 589 328 5441 2574 8300 1358 456 375 6200 332 341 354 516 792 769
leaf_count=398 6586 344 465 3034 2001 3652 1611 1919 18023 110495 23125 2444 374 11865 444 589 328 5441 2574 8300 1358 456 375 6200 332 341 354 516 792 769
internal_value=-0.00206939 -0.00837272 -0.000565693 -0.0120302 -0.00251194 -0.000304627 -0.00214693 -0.000123014 -0.000171721 5.62563e-05 -0.00134159 -0.0056176 -0.002875 -0.0107365 0.0056351 -0.0110601 -0.006732 -0.0112681 -0.00530048 -0.0103227 -0.000891089 0.00884211 -0.00701562 -0.00130925 -0.00240545 -0.00875846 -0.0123302 -0.00411996 -0.0101984 -0.000776917
internal_weight=215505 41507 173998 3873 11930 170125 15265 154860 153562 128518 25044 4055 839 29577 1298 27209 1249 25960 4575 13741 11210 854 2368 9852 660 1477 12219 891 1133 7355
internal_count=215505 41507 173998 3873 11930 170125 15265 154860 153562 128518 25044 4055 839 29577 1298 27209 1249 25960 4575 13741 11210 854 2368 9852 660 1477 12219 891 1133 7355
is_linear=0
shrinkage=0.03


Tree=165
num_leaves=31
num_cat=0
split_feature=27 8 8 27 83 33 88 102 104 100 95 14 27 102 33 11 32 83 11 8 86 95 108 89 102 4 104 83 33 24
split_gain=2293.09 532.596 391.504 287.112 78.5743 49.1287 72.8206 57.7009 68.018 59.1793 49.6034 47.4449 45.5332 48.972 38.6624 35.4322 33.0492 31.7213 30.6221 28.4264 27.9705 28.3059 26.7499 25.8961 26.8967 22.9822 22.1656 13.321 12.6086 8.98553
threshold=382.50000000000006 0.1000000000000001 0.69999999999999984 1.0000000180025095e-35 -0.40000000000000119 -0.97111920233974802 29.050000000000004 74.931944444444454 26.161155872307155 1.1000000000000008 31.150000000000002 0.066867513545904325 357.50000000000006 70.843055555555566 -0.98212955754013376 -1.0000000180025095e-35 0.45273815774107123 -0.34999999999999959 -1.0000000180025095e-35 0.15000000000000038 -0.23333333333333331 30.350000000000005 -0.29999999999999799 28.950000000000003 79.634722222222237 0.84999999999999976 24.056902741324325 -0.34999999999999959 0.90438663683299525 1.7175720165410413
decision_type=2 2 2 2 2 2 2 2 2 2 2 2 2 2 2 2 2 2 2 2 2 2 2 2 2 2 2 2 2 2
left_child=2 15 5 -4 19 7 10 26 14 -10 11 -7 13 -5 -9 -2 -12 -15 -6 -3 22 -22 -8 24 -20 -25 -1 -17 29 -29
right_child=1 4 3 12 18 6 20 8 9 -11 16 -13 -14 17 -16 27 -18 -19 23 -21 21 -23 -24 25 -26 -27 -28 28 -30 -31
leaf_value=-0.0004878673156025903 -0.00010072641853772998 -5.8523876399880885e-05 -5.9098802449083326e-05 -0.0016745356909522674 -5.8092025083639097e-05 -9.3560229618019035e-05 0.0089833524094692589 -0.00073622021788082622 -0.003340363268868914 0.014948695423005484 -0.00049072596747201799 0.00061483427504789058 -6.1863127769860569e-05 -0.00057855125825490039 -0.0022994506073819739 -6.6461323017497258e-05 -0.002218775043128902 0.00010141434933346129 -5.9098802449083326e-05 -5.9098802449083326e-05 -4.1598045168566929e-05 0.0048719097218883978 -0.001119199499985265 -5.9098822610323055e-05 -5.9098802449083326e-05 -5.8133615094831853e-05 0.0093041451573313751 -5.8610271584581772e-05 -6.0125772371690264e-05 -5.9460607403805763e-05
leaf_weight=303 5968 1375 2881 346 2204 106494 313 7027 525 1345 3620 36280 550 386 1978 1622 736 2422 11326 2648 1507 5104 1674 706 13061 474 497 322 326 1473
leaf_count=303 5968 1375 2881 346 2204 106494 313 7027 525 1345 3620 36280 550 386 1978 1622 736 2422 11326 2648 1507 5104 1674 706 13061 474 497 322 326 1473
internal_value=-0.00203275 -0.00836879 -0.00052124 -0.00769587 -0.0102469 -0.000238973 -9.82476e-05 -0.00211588 -0.00268803 0.00251737 -0.000255079 -0.000158851 -0.00217004 -0.000779715 -0.00376915 -0.00221942 -0.00340831 0.000533998 -0.0108147 -0.0063258 0.00258518 0.00352314 -0.000535714 -0.0111074 -0.0113177 -0.00675699 0.00565543 -0.00450721 -0.0060721 -0.00705735
internal_weight=215493 41505 173988 6585 31794 167403 155728 11675 10875 1870 147130 142774 3704 3154 9005 9711 4356 2808 27771 4023 8598 6611 1987 25567 24387 1180 800 3743 2121 1795
internal_count=215493 41505 173988 6585 31794 167403 155728 11675 10875 1870 147130 142774 3704 3154 9005 9711 4356 2808 27771 4023 8598 6611 1987 25567 24387 1180 800 3743 2121 1795
is_linear=0
shrinkage=0.03


Tree=166
num_leaves=31
num_cat=0
split_feature=27 12 5 8 8 27 8 24 33 8 27 8 65 0 22 95 102 89 12 1 83 103 99 67 112 0 98 102 98 5
split_gain=2266.41 688.698 599.013 92.8504 61.9643 55.8913 46.8916 39.7824 37.669 36.5679 36.2954 61.6414 30.6931 28.4097 26.6203 30.9335 24.0361 22.5434 19.7595 19.7136 19.6247 12.1457 10.3365 9.68607 9.63372 8.33286 8.22262 9.15818 10.855 7.05158
threshold=382.50000000000006 -1.0000000180025095e-35 391.50000000000006 0.59999999999999887 0.1000000000000001 92.500000000000014 0.1000000000000001 4.6970952986776497 0.99995376255531909 0.25000000000000006 347.50000000000006 0.19999999999999976 0.153 29.650000000000002 1138.0500000000004 18.950000000000003 79.634722222222237 12.15 0.15000000000000038 41.500000000000007 -0.39999999999999986 84.500000000000014 17.150000000000002 0.55263157894736847 1.3999999999999997 24.450000000000003 0.39999999999999952 91.844444444444449 -1.0000000180025095e-35 331.50000000000006
decision_type=2 2 2 2 2 2 2 2 2 2 2 2 2 2 2 2 2 2 2 2 2 2 2 2 2 2 2 2 2 2
left_child=2 4 5 9 26 7 21 14 10 -4 12 -12 -7 16 -1 -16 23 -9 -18 -19 24 22 -3 -8 -6 -23 27 28 -2 -26
right_child=1 6 3 -5 20 8 13 17 -10 -11 11 -13 -14 -15 15 -17 18 19 -20 -21 -22 25 -24 -25 29 -27 -28 -29 -30 -31
leaf_value=0.012711714744397232 -9.191983361337154e-05 -5.6372729296456228e-05 -0.0014162614963630527 -5.7325838375610821e-05 2.1505111612093508e-05 -0.00020060305141281827 -5.7325838375610821e-05 -0.0046100837912819315 0.0098221987306767265 1.7902270110203436e-05 -4.3506443264981029e-05 -5.5959359001129704e-05 0.0035243590892212384 -5.7325838375610821e-05 -0.0024516180661162826 0.00051214503713981844 -5.7325838375610821e-05 0.015515477083677252 -5.7325838375610821e-05 0.0038207469018376205 -5.2633707394547238e-05 -5.8288842677909611e-05 -5.7676789181691589e-05 -5.7325838375610821e-05 -0.00052834785480638125 -5.6657919086293674e-05 0.0033348776706889432 0.0048997029857763318 -0.00071442013962287544 -0.00013874490422758687
leaf_weight=406 6147 313 468 3082 527 109612 12447 517 381 378 11109 4099 1712 571 4082 31205 5570 316 8375 6729 2607 693 1031 337 309 316 373 313 526 1115
leaf_count=406 6147 313 468 3082 527 109612 12447 517 381 378 11109 4099 1712 571 4082 31205 5570 316 8375 6729 2607 693 1031 337 309 316 373 313 526 1115
internal_value=-0.00202423 -0.00831782 -0.000521433 -0.0121023 -0.00222646 -0.000254042 -0.0107657 0.000677247 -0.00057145 -0.00329398 -0.000599844 -0.00197449 -0.000412037 -0.0111161 0.000258447 0.000170455 -0.0112576 0.00265371 -0.0103933 0.0030975 -0.00497478 -0.00669711 -0.00856506 -0.0121995 -0.00269723 -0.00420297 -0.000523777 -0.000755689 -0.00099116 -0.00397895
internal_weight=215666 41570 174096 3928 11917 170168 29653 43255 126913 846 126532 15208 111324 27300 35693 35287 26729 7562 13945 7045 4558 2353 1344 12784 1951 1009 7359 6986 6673 1424
internal_count=215666 41570 174096 3928 11917 170168 29653 43255 126913 846 126532 15208 111324 27300 35693 35287 26729 7562 13945 7045 4558 2353 1344 12784 1951 1009 7359 6986 6673 1424
is_linear=0
shrinkage=0.03


Tree=167
num_leaves=31
num_cat=0
split_feature=27 12 5 8 8 27 8 8 8 14 8 27 0 29 93 109 20 97 29 103 8 32 83 18 32 9 33 103 109 86
split_gain=2257.41 679.914 587.41 92.8102 54.3748 52.5974 49.6261 42.5439 41.3998 38.2604 37.7602 33.8563 29.2033 26.829 28.2221 23.9267 47.8842 26.1394 23.0395 22.1726 20.84 20.8008 19.7829 16.1893 12.9501 10.0989 9.43409 10.6324 9.04699 10.1273
threshold=382.50000000000006 -1.0000000180025095e-35 387.50000000000006 0.59999999999999887 1.0000000180025095e-35 347.50000000000006 0.1000000000000001 0.19999999999999976 0.1000000000000001 0.11551981469078086 0.25000000000000006 362.50000000000006 29.650000000000002 329.50000000000006 80.306944444444454 3.2000000000000006 84.71702898550727 1.0000000180025095e-35 317.50000000000006 81.500000000000014 0.75000000000000011 -0.51297808981038739 -0.40000000000000119 1.5000000000000002 -0.05695216311707673 -0.15000000000000033 0.097680735332368748 86.500000000000014 1.2000000000000004 -0.45833333333333326
decision_type=2 2 2 2 2 2 2 2 2 2 2 2 2 2 2 2 2 2 2 2 2 2 2 2 2 2 2 2 2 2
left_child=2 6 4 10 9 15 28 21 26 13 -4 -9 19 18 -15 17 -17 -6 -1 -10 -21 -7 -8 24 -11 -25 -3 -28 29 -2
right_child=1 8 3 -5 5 7 22 11 12 23 -12 -13 -14 14 -16 16 -18 -19 -20 20 -22 -23 -24 25 -26 -27 27 -29 -30 -31
leaf_value=1.767947201385428e-05 0.0040501036460308332 -5.45155613970753e-05 -0.0014379073734720922 -5.5606063224342492e-05 0.001328228335960341 -0.00018193483573872242 -0.00012099869906891339 -2.4948994576735682e-05 -5.5606063224342492e-05 0.0019120216903212657 1.7365202006897335e-05 -5.8443983610616421e-05 -5.5606063224342492e-05 0.003233942044867294 -0.00070779484179658619 -0.0011443581319925988 0.012544768758079583 -0.00028599558648272517 -0.0020422336168956848 -5.5606063224342492e-05 -5.5606063224342492e-05 -3.2563379670082321e-06 -5.14776523208145e-05 0.0067017623071886443 0.011288071748117412 3.9431655568041844e-05 -5.6861979917170814e-05 -7.6435852670904352e-05 0.0019766326113323947 -0.00018819963415097555
leaf_weight=62814 376 893 478 3037 2350 1949 1994 1617 8599 1150 380 2437 579 5449 2451 697 481 77830 2340 14532 3580 4398 2603 773 1416 2070 1031 402 444 6562
leaf_count=62814 376 893 478 3037 2350 1949 1994 1617 8599 1150 380 2437 579 5449 2451 697 481 77830 2340 14532 3580 4398 2603 773 1416 2070 1031 402 444 6562
internal_value=-0.00205231 -0.00833121 -0.000552298 -0.0120701 -0.00028868 -0.000784492 -0.00230008 -0.00279321 -0.0107705 0.000291153 -0.00335274 -0.00519359 -0.0110982 0.000110875 0.0017618 -0.000527661 0.00371501 -0.00059004 -8.93255e-05 -0.0112427 -0.0106448 -0.00125945 -0.00474663 0.00272551 0.00445267 0.00116561 -0.00692308 -0.00540795 -0.000776107 -0.00104194
internal_weight=215712 41595 174117 3895 170222 91759 11979 10401 29616 78463 858 4054 27290 73054 7900 81358 1178 80180 65154 26711 18112 6347 4597 5409 2566 2843 2326 1433 7382 6938
internal_count=215712 41595 174117 3895 170222 91759 11979 10401 29616 78463 858 4054 27290 73054 7900 81358 1178 80180 65154 26711 18112 6347 4597 5409 2566 2843 2326 1433 7382 6938
is_linear=0
shrinkage=0.03


Tree=168
num_leaves=31
num_cat=0
split_feature=27 12 5 8 27 8 8 1 27 8 27 84 97 8 103 24 108 23 96 89 102 96 97 12 8 32 103 33 8 31
split_gain=2232.42 687.483 579.182 103.282 53.0326 50.1777 43.4238 37.7475 35.0559 59.9074 41.2353 32.3088 32.1892 29.9789 29.4783 46.8544 38.3782 25.4223 22.4367 21.6251 32.7803 23.8697 19.6162 19.2828 14.9321 13.3251 11.6099 11.5382 10.5485 8.75589
threshold=382.50000000000006 -1.0000000180025095e-35 391.50000000000006 0.59999999999999887 97.500000000000014 0.1000000000000001 0.1000000000000001 76.500000000000014 347.50000000000006 0.19999999999999976 362.50000000000006 -3.850000000000001 9.5000000000000018 0.25000000000000006 90.500000000000014 1.0404314169823528 -1.0000000180025095e-35 21.796023815200279 11.850000000000003 28.950000000000003 79.634722222222237 30.150000000000002 12.050000000000002 0.15000000000000038 0.35000000000000148 -0.58482361983252518 85.500000000000014 -0.90161545992537195 1.0000000180025095e-35 1.0000000180025095e-35
decision_type=2 2 2 2 2 2 2 2 2 2 2 2 2 2 2 2 2 2 2 2 2 2 2 2 2 2 2 2 2 2
left_child=2 5 4 13 7 -2 26 18 11 25 -11 17 -13 -4 16 -16 -9 -6 -1 20 -8 -21 -20 -22 -7 -10 28 -23 -3 -28
right_child=1 6 3 -5 8 24 19 14 9 10 -12 12 -14 -15 15 -17 -18 -19 22 21 23 27 -24 -25 -26 -27 29 -29 -30 -31
leaf_value=-0.0039988029557681817 -0.00010701968242575557 -0.00037275162513136361 -0.0012345969768046002 -5.3937881327612217e-05 0.038267068732693588 -4.9022043638337301e-05 -5.3937881327612217e-05 -0.001936878145329599 -0.00017822340337023579 -1.9795291954498588e-05 -5.7099203937740972e-05 0.0012429759022960208 -0.00022788039031489056 1.8415138551228483e-05 -0.0038382571362530361 0.0033435427344551726 0.00046822367883264768 -0.00033146982614792316 0.0058436911766816708 -5.3937899894154028e-05 -5.3937881327612217e-05 -0.00027374882432937498 0.0035143805395797464 -5.3937881327612217e-05 -0.00012311856404841043 -5.4763747017701895e-06 -5.3516759022543243e-05 0.003130849615269687 -5.3570096090699366e-05 -5.5628483416658723e-05
leaf_weight=412 7423 331 464 3066 441 3712 12190 8752 3328 1632 2462 3475 105200 371 1307 7050 18737 341 325 550 5483 316 8963 8308 846 7836 382 330 1107 507
leaf_count=412 7423 331 464 3066 441 3712 12190 8752 3328 1632 2462 3475 105200 371 1307 7050 18737 341 325 550 5483 316 8963 8308 846 7836 382 330 1107 507
internal_value=-0.00202114 -0.0082752 -0.000531399 -0.0119593 -0.000269496 -0.00221457 -0.0107361 0.000606626 -0.000589459 -0.00193656 -0.00504029 -0.000401661 -0.000445407 -0.00260167 0.000157335 0.00171752 -0.000317024 0.0056705 0.00226678 -0.0110731 -0.0112549 -0.00711779 0.00257078 -0.0102505 -0.00469182 -0.00079803 -0.00679768 -0.00319938 -0.00846421 -0.00409551
internal_weight=215647 41485 174162 3901 170261 11981 29504 45546 124715 15258 4094 109457 108675 835 35846 8357 27489 782 9700 27177 25981 1196 9288 13791 4558 11164 2327 646 1438 889
internal_count=215647 41485 174162 3901 170261 11981 29504 45546 124715 15258 4094 109457 108675 835 35846 8357 27489 782 9700 27177 25981 1196 9288 13791 4558 11164 2327 646 1438 889
is_linear=0
shrinkage=0.03


Tree=169
num_leaves=31
num_cat=0
split_feature=27 12 5 8 8 27 8 12 8 27 10 110 33 30 8 89 0 99 33 96 8 102 102 32 23 8 9 89 33 4
split_gain=2223.06 701.591 570.092 106.92 50.7103 52.2362 45.0994 41.2358 38.194 41.1568 37.4005 30.7042 34.196 32.9102 28.443 25.5976 25.5319 50.3341 38.0155 23.3003 18.2884 17.2623 16.9489 13.8682 12.6899 11.5763 11.0663 10.0507 9.81472 6.57466
threshold=382.50000000000006 -1.0000000180025095e-35 391.50000000000006 0.59999999999999887 1.0000000180025095e-35 347.50000000000006 0.1000000000000001 0.09999999999999877 0.19999999999999976 362.50000000000006 -0.24999999999999997 2.9720967196063985 0.64414586362404946 0.68301270189221941 0.25000000000000006 28.950000000000003 28.250000000000004 26.750000000000004 -0.27694043983797384 30.150000000000002 1.0000000180025095e-35 79.634722222222237 83.084722222222226 -0.30983472475487867 7.6346356864910137 0.35000000000000148 -0.20000000000000193 28.550000000000004 -0.70289845916694649 0.59999999999999887
decision_type=2 2 2 2 2 2 2 2 2 2 2 2 2 2 2 2 2 2 2 2 2 2 2 2 2 2 2 2 2 2
left_child=2 6 4 14 10 16 -2 20 23 -10 24 13 -13 -12 -4 21 18 -18 -6 -17 -3 -9 -22 -7 -1 29 -26 -23 -24 -8
right_child=1 7 3 -5 5 8 25 15 9 -11 11 12 -14 -15 -16 19 17 -19 -20 -21 22 27 28 -25 26 -27 -28 -29 -30 -31
leaf_value=-0.0023020512961119911 -0.00010274271189009493 -0.00037690548186533227 -0.0011516411703157486 -5.2319744887783852e-05 -0.00056142938071641684 -0.00014509985797841332 -5.6838667248116284e-05 -5.2319744887783852e-05 -1.9672568934174797e-05 -5.4531624461764047e-05 -0.00073980749535362486 2.6586940196888371e-05 0.0016941591011858791 0.00065333119144923174 1.6291791790153561e-05 -5.2319762897329414e-05 0.0091401022625382921 8.4855699146855129e-05 -0.00011404535466618681 -0.00022538820981830911 -5.2319744887783852e-05 -5.2319744887783852e-05 -5.2319744887783852e-05 -4.5852618585772685e-06 0.011341523588707766 -9.4880962503516599e-05 0.0035015607638095598 -5.2319744887783852e-05 -5.2319744887783852e-05 -4.5885593022776683e-05
leaf_weight=315 7395 537 463 3047 21125 2332 320 9250 1649 2481 20867 26550 15084 12037 381 389 938 14610 44389 498 5902 10050 566 3973 693 840 3141 319 2038 3466
leaf_count=315 7395 537 463 3047 21125 2332 320 9250 1649 2481 20867 26550 15084 12037 381 389 938 14610 44389 498 5902 10050 566 3973 693 840 3141 319 2038 3466
internal_value=-0.00200252 -0.00823555 -0.000514 -0.0118666 -0.00025437 -0.000734606 -0.00212485 -0.0107213 -0.00273237 -0.00497458 0.000304049 0.00014972 0.000691005 -0.000535177 -0.0024142 -0.0114663 -0.000477406 0.000615474 -0.000736778 -0.00646959 -0.00903085 -0.0116919 -0.00936993 -0.00126308 0.0030759 -0.00444781 0.0035515 -0.0108472 -0.00734741 -0.00373911
internal_weight=215645 41570 174075 3891 170184 91497 12021 29549 10435 4130 78687 74538 41634 32904 844 20506 81062 15548 65514 887 9043 19619 8506 6305 4149 4626 3834 10369 2604 3786
internal_count=215645 41570 174075 3891 170184 91497 12021 29549 10435 4130 78687 74538 41634 32904 844 20506 81062 15548 65514 887 9043 19619 8506 6305 4149 4626 3834 10369 2604 3786
is_linear=0
shrinkage=0.03


Tree=170
num_leaves=31
num_cat=0
split_feature=34 12 4 8 8 8 26 33 104 3 102 109 33 29 85 89 33 33 102 104 103 96 32 22 8 8 20 8 101 32
split_gain=1859.89 855.469 420.681 178.872 119.25 56.2004 55.6914 39.2921 69.6638 66.0521 54.885 48.2791 43.0662 113.476 60.3366 28.8805 28.3262 33.6193 31.7996 25.4751 21.9386 21.4569 20.3879 18.0146 17.1848 17.0781 15.5489 14.339 13.0302 15.6477
threshold=1.0000000180025095e-35 -1.0000000180025095e-35 2.8999999999999995 0.65000000000000047 0.20000000000000198 0.19999999999999976 22.500000000000004 -0.97111920233974802 26.935548482512704 28.850000000000005 74.931944444444454 1.55 -0.54219087765047058 130.50000000000003 -1.3999999999999997 28.950000000000003 -0.92272482904738262 -0.94703994556331683 80.588888888888903 24.056902741324325 81.500000000000014 30.150000000000002 -0.45274443793211405 1625.95 0.75000000000000011 1.0000000180025095e-35 44.44166666666667 0.1000000000000001 -0.0042454954954954912 -0.23537230790205757
decision_type=2 2 2 2 2 2 2 2 2 2 2 2 2 2 2 2 2 2 2 2 2 2 2 2 2 2 2 2 2 2
left_child=2 5 7 28 6 26 22 8 10 12 19 -12 13 -9 -14 20 17 -11 -18 -1 -6 -17 -3 -24 -22 -8 -2 -28 -4 -30
right_child=1 4 3 -5 15 -7 25 9 -10 16 11 -13 14 -15 -16 21 18 -19 -20 -21 24 -23 23 -25 -26 -27 27 -29 29 -31
leaf_value=-0.00073411767624382391 0.0025993460304401033 -5.0750152541150332e-05 -0.0011170919352062761 -5.0750152541150332e-05 -5.0750152541150332e-05 -0.00011077140961470686 -0.000365624828708674 -0.0028693525044464663 0.015445818897401346 0.0013725824882932114 -0.0012271838882575857 0.0045355258296795476 0.00033914704057287192 -0.00020576332784574518 -0.00040830628534499345 -5.0749481703860365e-05 0.00048489437928938726 0.0078030515890735296 0.0072675341925829973 0.01212000208035768 -5.0750152541150332e-05 -0.00011794214455171895 -5.0750152541150332e-05 -4.2223774989491783e-05 -5.0750152541150332e-05 -5.0750152541150332e-05 -8.8638585847458735e-05 -4.2906305229098722e-05 -0.00020443578112844276 0.00020922488549615707
leaf_weight=305 318 1772 547 2795 6690 2162 437 2769 324 995 9355 944 76937 25867 30287 340 7859 860 1970 434 11489 517 1338 2186 3870 6111 10993 4175 387 686
leaf_count=305 318 1772 547 2795 6690 2162 437 2769 324 995 9355 944 76937 25867 30287 340 7859 860 1970 434 11489 517 1338 2186 3870 6111 10993 4175 387 686
internal_value=-0.00200628 -0.00692418 -0.000428448 -0.00956182 -0.00965584 -0.00154513 -0.00721064 -0.00017463 -0.0018745 -4.37155e-05 -0.00227738 -0.00284417 -0.000229867 -0.0012634 4.61646e-05 -0.0109198 0.00212067 0.00551994 0.00147864 0.00561486 -0.0111299 -0.00550699 -0.00492165 -0.0036 -0.0105029 -0.00906093 -0.000912378 -0.00105017 -0.00162862 0.000293296
internal_weight=215719 52398 163321 4415 34750 17648 11844 158906 11362 147544 11038 10299 135860 28636 107224 22906 11684 1855 9829 739 22049 857 5296 3524 15359 6548 15486 15168 1620 1073
internal_count=215719 52398 163321 4415 34750 17648 11844 158906 11362 147544 11038 10299 135860 28636 107224 22906 11684 1855 9829 739 22049 857 5296 3524 15359 6548 15486 15168 1620 1073
is_linear=0
shrinkage=0.03


Tree=171
num_leaves=31
num_cat=0
split_feature=27 12 5 8 103 100 29 29 2 96 110 3 62 12 8 0 107 8 89 96 102 102 8 33 83 5 12 85 3 89
split_gain=2180.47 745.431 561.824 109.38 49.1773 65.2896 60.8366 68.106 120.436 75.5153 48.312 74.5239 62.4149 43.8379 38.5034 36.8602 44.8195 29.1096 28.1571 24.9339 21.6686 17.429 13.8264 12.5235 12.3677 12.5077 28.5765 12.1696 11.3753 7.55135
threshold=382.50000000000006 -1.0000000180025095e-35 393.50000000000006 0.59999999999999887 90.500000000000014 3.7000000000000024 10.500000000000002 80.500000000000014 19.050000000000004 28.050000000000004 2.9720967196063985 16.450000000000003 0.19500000000000001 0.09999999999999877 0.1000000000000001 19.350000000000005 5.7500000000000009 0.25000000000000006 28.950000000000003 30.150000000000002 83.084722222222226 79.634722222222237 1.0000000180025095e-35 -0.70289845916694649 -0.39999999999999986 381.50000000000006 -0.15000000000000033 -0.29999999999999799 28.550000000000004 28.950000000000003
decision_type=2 2 2 2 2 2 2 2 2 2 2 2 2 2 2 2 2 2 2 2 2 2 2 2 2 2 2 2 2 2
left_child=2 14 4 17 5 10 -6 8 -8 -9 11 -1 -12 20 -2 16 -7 -4 21 -20 22 -15 -3 -22 -16 -26 -27 -25 -23 -24
right_child=1 13 3 -5 6 15 7 9 -10 -11 12 -13 -14 18 24 -17 -18 -19 19 -21 23 28 29 27 25 26 -28 -29 -30 -31
leaf_value=0.0033260230208649109 -8.0516820475628762e-05 -0.00035462498807309307 -0.0011818463500430443 -4.9227647964915822e-05 -0.0043228142760295711 0.0043805461341129091 -0.00026075874437959468 -5.4886400274332054e-05 0.010032104754357942 0.0058949794748045454 -7.0578205710759414e-06 -0.00029687944431236663 0.018746015115348843 -4.9227647964915822e-05 -0.00010333269191601285 -0.0033679759602097004 -0.0049438321830288018 4.9315796092637231e-05 -4.9227685559293723e-05 -0.000147747991956516 -4.9241354622321998e-05 -4.9227647964915822e-05 -4.9227647964915822e-05 -4.9227647964915822e-05 -6.4431713693521945e-05 -0.00027124295661967458 1.1417528489634355e-06 -4.9249634857608929e-05 -4.9227647964915822e-05 -4.9269640304247705e-05
leaf_weight=2107 7376 403 472 3023 345 320 3124 22383 4124 3186 78137 54461 364 9200 1972 825 619 373 384 476 551 10122 5593 1738 1499 342 735 510 327 370
leaf_count=2107 7376 403 472 3023 345 320 3124 22383 4124 3186 78137 54461 364 9200 1972 825 619 373 384 476 551 10122 5593 1738 1499 342 735 510 327 370
internal_value=-0.00200465 -0.00817448 -0.00052843 -0.0118325 -0.000271153 -0.000522348 0.000765311 0.000897221 0.00346393 0.000169535 -0.000447435 -0.00111581 3.4203e-05 -0.0107201 -0.00183899 -0.00625496 -0.00218617 -0.00228723 -0.0114917 -0.00616725 -0.00899247 -0.0117244 -0.00996074 -0.0067875 -0.00400967 -0.00537835 -0.00290816 -0.00578924 -0.0108818 -0.0103244
internal_weight=215461 41598 173863 3868 169995 136833 33162 32817 7248 25569 135069 56568 78501 29674 11924 1764 939 845 20509 860 9165 19649 6366 2799 4548 2576 1077 2248 10449 5963
internal_count=215461 41598 173863 3868 169995 136833 33162 32817 7248 25569 135069 56568 78501 29674 11924 1764 939 845 20509 860 9165 19649 6366 2799 4548 2576 1077 2248 10449 5963
is_linear=0
shrinkage=0.03


Tree=172
num_leaves=31
num_cat=0
split_feature=27 12 5 19 29 104 29 100 12 109 89 23 84 112 102 103 28 83 33 19 33 27 94 99 33 89 112 100 3 101
split_gain=2211.57 731.374 558.434 46.3972 45.5693 45.0191 122.741 55.3313 42.9012 29.1073 27.6005 22.6069 20.3641 20.3126 17.6003 17.5336 16.294 15.4065 12.559 12.5584 11.0319 10.6287 10.2294 10.1365 9.95418 10.7059 9.17941 5.59577 5.51052 5.42439
threshold=382.50000000000006 -1.0000000180025095e-35 391.50000000000006 38.550000000000004 364.50000000000006 14.191989762055238 74.500000000000014 2.2500000000000004 0.09999999999999877 0.20000000000000198 28.950000000000003 10.800538935049499 0.20000000000000198 0.84999999999999976 83.084722222222226 81.500000000000014 10.500000000000002 -0.39999999999999986 -0.54219087765047058 78.174242424242451 -0.70289845916694649 407.50000000000006 79.500000000000014 18.150000000000002 -0.9292178835113839 13.850000000000003 4.5999999999999996 0.54999999999999905 28.850000000000005 -0.0047287991333952407
decision_type=2 2 2 2 2 2 2 2 2 2 2 2 2 2 2 2 2 2 2 2 2 2 2 2 2 2 2 2 2 2
left_child=2 12 3 16 5 7 -7 -5 14 19 15 -6 17 -12 21 29 -1 24 -17 -4 -16 22 -3 -22 -2 -26 -21 -19 -23 -10
right_child=1 8 9 4 11 6 -8 -9 10 -11 13 -13 -14 -15 20 18 -18 27 -20 26 23 28 -24 -25 25 -27 -28 -29 -30 -31
leaf_value=0.001972375397004171 -0.00068536332677763395 -4.7749082211392716e-05 -4.7750818525968347e-05 -0.0003042953043410626 0.0024444307453515774 0.0018453034241860183 -7.2067456806346181e-05 -0.0026080636579422166 -4.7750818525968347e-05 -4.7750818525968347e-05 -4.775085598237564e-05 0.017873864258008628 -8.2475090133619615e-05 -0.00010994490455905768 -4.7757280176335457e-05 -4.7750818525968347e-05 0.012421751617147009 -0.0001115431060098793 -4.7750818525968347e-05 -4.7750818525968347e-05 -4.7750818525968347e-05 -4.7750818525968347e-05 -4.7818881172467101e-05 -4.7750818525968347e-05 -0.0004838974360383994 -1.9759958815908761e-05 -4.7750818525968347e-05 -3.9625981390371212e-05 -4.7746042403973108e-05 -4.7750818525968347e-05
leaf_weight=411 384 344 615 25014 301 19585 120697 3264 1714 1966 495 328 308 358 564 6145 306 583 7198 769 341 3945 1750 1888 738 5974 521 3881 301 4528
leaf_count=411 384 344 615 25014 301 19585 120697 3264 1714 1966 495 328 308 358 564 6145 306 583 7198 769 341 3945 1750 1888 738 5974 521 3881 301 4528
internal_value=-0.00197717 -0.00820475 -0.000492093 -0.000235364 -0.000267658 -0.000297756 -7.76288e-05 -0.00138972 -0.0107296 -0.0117575 -0.0114942 0.00778571 -0.00191339 -0.00620023 -0.00901741 -0.0117244 0.00737465 -0.00171006 -0.0111072 -0.00910546 -0.00702756 -0.00989276 -0.00813365 -0.00607399 -0.000841201 -0.000572024 -0.00741286 -0.00309071 -0.0107582 -0.0130418
internal_weight=215216 41439 173777 169906 169189 168560 140282 28278 29571 3871 20438 629 11868 853 9133 19585 717 11560 13343 1905 2793 6340 2094 2229 7096 6712 1290 4464 4246 6242
internal_count=215216 41439 173777 169906 169189 168560 140282 28278 29571 3871 20438 629 11868 853 9133 19585 717 11560 13343 1905 2793 6340 2094 2229 7096 6712 1290 4464 4246 6242
is_linear=0
shrinkage=0.03


Tree=173
num_leaves=31
num_cat=0
split_feature=27 5 8 8 8 27 19 29 108 29 90 2 8 8 1 85 89 33 3 108 100 33 8 92 33 33 5 109 92 107
split_gain=2191.64 553.965 522.054 103.553 73.1225 44.6098 36.873 36.7023 68.8104 38.9829 35.4729 28.2809 24.6046 23.1096 19.4364 17.4474 28.0585 23.0888 16.4294 16.4239 15.3514 11.8868 11.8464 10.9538 10.1477 12.1921 12.0225 9.44611 8.15094 7.92716
threshold=382.50000000000006 391.50000000000006 0.15000000000000038 0.59999999999999887 1.0000000180025095e-35 27.500000000000004 38.550000000000004 6.5000000000000009 0.59999999999999887 54.500000000000007 0.99999999999999967 29.850000000000005 0.39999999999999908 0.25000000000000006 59.500000000000007 -0.39999999999999941 26.550000000000004 0.42763731121559989 28.950000000000003 1.8999999999999997 1.599999999999999 -0.90892157495189674 0.10000000000000099 16.03470205217744 0.21652257995689161 -0.17646730165275518 411.50000000000006 -3.7999999999999994 25.490903903492818 -2.1499999999999999
decision_type=2 2 2 2 2 2 2 2 2 2 2 2 2 2 2 2 2 2 2 2 2 2 2 2 2 2 2 2 2 2
left_child=1 5 4 13 24 14 20 8 -8 -9 22 12 19 -3 -1 17 -17 -16 -13 28 -7 -20 -6 -21 25 -2 -26 -12 -4 -14
right_child=2 3 11 -5 10 6 7 9 -10 -11 27 18 29 -15 15 16 -18 -19 21 23 -22 -23 -24 -25 26 -27 -28 -29 -30 -31
leaf_value=0.0093241687409625976 -0.0002977095088782399 -0.0010518740219017117 -4.6318293970189296e-05 -4.6318293970189296e-05 -4.5681721032715886e-05 0.0023631294056972174 -0.0032107561287664107 0.0005215672173737695 0.0013803410062198278 -9.4419115181851733e-05 0.00010942047093240991 -4.6318293970189296e-05 -4.6318293970189296e-05 3.522859436634053e-05 0.00061661995692707697 -0.0032897999813358688 0.015264226353533574 0.0046230713719490613 -0.0001212421872382284 -4.6318293970189296e-05 0.0090295382113381745 -4.3176807519905329e-05 -4.6318293970189296e-05 -4.6318293970189296e-05 0.0004693356006098439 -0.00050140034945334239 -0.00041817100945720537 -4.6317828834507202e-05 -4.6318293970189296e-05 -4.6318293970189296e-05
leaf_weight=706 1430 467 9517 2988 1789 325 1640 21621 1085 130414 454 644 388 365 7673 2075 356 4109 326 1518 321 456 2541 1421 3190 604 880 3241 649 12413
leaf_count=706 1430 467 9517 2988 1789 325 1640 21621 1085 130414 454 644 388 365 7673 2075 356 4109 326 1518 321 456 2541 1421 3190 604 880 3241 649 12413
internal_value=-0.00195606 -0.000480201 -0.00815482 -0.011777 -0.0034724 -0.000226771 -0.000377203 -0.000407079 -0.0038573 -0.000345214 -0.00535447 -0.0105751 -0.0108017 -0.00241297 0.00134015 0.00109856 -0.00121505 0.001576 -0.0064541 -0.00988517 0.00676971 -0.0035249 -0.00719695 -0.00790306 -0.000997543 -0.00272727 -0.000132646 -0.00319399 -0.0104574 -0.0117392
internal_weight=215606 174145 41461 3820 14129 170325 155406 154760 2725 152035 8025 27332 25906 832 14919 14213 2431 11782 1426 13105 646 782 4330 2939 6104 2034 4070 3695 10166 12801
internal_count=215606 174145 41461 3820 14129 170325 155406 154760 2725 152035 8025 27332 25906 832 14919 14213 2431 11782 1426 13105 646 782 4330 2939 6104 2034 4070 3695 10166 12801
is_linear=0
shrinkage=0.03


Tree=174
num_leaves=31
num_cat=0
split_feature=27 12 5 8 1 8 8 89 96 33 8 102 0 99 33 97 8 12 84 103 99 12 5 8 95 31 33 107 90 5
split_gain=2188.51 745.343 562.611 103.323 43.5341 41.3695 40.2294 35.9768 35.975 31.5812 31.2399 29.2034 27.5735 51.6266 27.0436 26.9793 23.4009 17.512 11.8606 10.0847 12.5366 8.558 27.0201 8.25822 8.10642 7.38636 6.5356 5.76776 6.59272 5.20481
threshold=382.50000000000006 -1.0000000180025095e-35 391.50000000000006 0.59999999999999887 36.500000000000007 0.1000000000000001 1.0000000180025095e-35 28.950000000000003 30.150000000000002 0.99988440732898443 0.1000000000000001 79.634722222222237 28.250000000000004 26.750000000000004 -0.97111920233974802 27.950000000000003 0.15000000000000038 0.15000000000000038 0.25000000000000006 85.500000000000014 17.150000000000002 -0.15000000000000033 379.50000000000006 0.15000000000000038 31.350000000000005 1.0000000180025095e-35 -0.90161545992537195 0.10000000000000055 2.8500000000000019 399.50000000000006
decision_type=2 2 2 2 2 2 2 2 2 2 2 2 2 2 2 2 2 2 2 2 2 2 2 2 2 2 2 2 2 2
left_child=2 10 4 16 -1 19 9 11 -9 14 27 24 15 -14 -6 -8 -4 -13 21 20 -3 23 -23 -12 -7 -21 -10 -2 -29 -22
right_child=1 5 3 -5 6 7 12 8 26 -11 18 17 13 -15 -16 -17 -18 -19 -20 25 29 22 -24 -25 -26 -27 -28 28 -30 -31
leaf_value=0.0065136442949958176 0.00080547998320472608 -4.1675380413249556e-05 -0.0013619280371029148 -4.4928745151083612e-05 -0.00093151144986263195 -4.4928745151083612e-05 -0.00010022319541145701 -4.4928780493937954e-05 -0.00024712027155074975 0.010124922393647727 -0.00011095256251359174 -4.4928745151083612e-05 0.0084770280416189819 -1.2062002518137993e-06 0.00025345759454511448 -0.0003667720570075891 1.6289866729735335e-05 -4.4928745151083612e-05 -8.1241852931202016e-05 -4.4795145029840677e-05 -4.4890686777690414e-05 -4.1448572110303542e-05 4.1096436072467211e-06 -0.00033149206938774855 -4.4928745151083612e-05 -6.0143439932311016e-05 0.0044364480978997178 -0.00017885064848951153 0.0037741892295967126 -4.5338450746272628e-05
leaf_weight=507 870 313 407 3021 4718 11098 65132 565 321 326 1048 5458 973 16262 73086 8844 445 8209 304 379 765 998 1100 1137 1119 508 339 6216 372 382
leaf_count=507 870 313 407 3021 4718 11098 65132 565 321 326 1048 5458 973 16262 73086 8844 445 8209 304 379 765 998 1100 1137 1119 508 339 6216 372 382
internal_value=-0.00197209 -0.00816141 -0.000493461 -0.0117979 -0.000235621 -0.0107323 -0.000261926 -0.0110633 -0.00603181 0.000237678 -0.00187407 -0.0113011 -0.000689876 0.000390752 0.000198573 -0.000941644 -0.00256741 -0.0103457 -0.00382193 -0.00690588 -0.00843943 -0.00341387 -0.00204383 -0.00472781 -0.012369 -0.004375 -0.0012708 -0.000675694 -0.000978904 -0.00989111
internal_weight=215222 41501 173721 3873 169848 29456 169341 27109 1225 78130 12045 25884 91211 17235 77804 73976 852 13667 4587 2347 1460 4283 2098 2185 12217 887 660 7458 6588 1147
internal_count=215222 41501 173721 3873 169848 29456 169341 27109 1225 78130 12045 25884 91211 17235 77804 73976 852 13667 4587 2347 1460 4283 2098 2185 12217 887 660 7458 6588 1147
is_linear=0
shrinkage=0.03


Tree=175
num_leaves=31
num_cat=0
split_feature=27 12 5 8 103 104 29 2 33 32 12 91 103 100 89 8 8 96 102 8 102 3 85 12 5 33 8 5 83 12
split_gain=2180.92 744.336 562.923 111.532 43.6594 51.2245 105.299 148.994 58.2911 43.365 40.8046 39.7376 44.3101 42.2776 30.2633 27.8326 26.4854 24.8384 18.6466 17.0574 16.3746 12.2027 10.693 10.1363 10.1262 9.56451 8.88976 9.64013 13.3754 10.534
threshold=382.50000000000006 -1.0000000180025095e-35 393.50000000000006 0.59999999999999887 43.500000000000007 14.191989762055238 74.500000000000014 21.250000000000004 0.99995376255531909 0.46800856592688472 0.09999999999999877 0.13268062146098486 69.500000000000014 2.2500000000000004 28.950000000000003 0.19999999999999976 0.25000000000000006 30.150000000000002 79.634722222222237 1.0000000180025095e-35 83.018055555555563 28.450000000000003 -2.7999999999999998 -0.15000000000000033 379.50000000000006 -0.70289845916694649 0.1000000000000001 379.50000000000006 -0.40000000000000119 -0.15000000000000033
decision_type=2 2 2 2 2 2 2 2 2 2 2 2 2 2 2 2 2 2 2 2 2 2 2 2 2 2 2 2 2 2
left_child=2 15 4 16 9 11 7 -7 -8 22 19 12 -6 -13 18 26 -4 -16 -12 -3 -21 -20 -1 -17 -25 -22 -2 28 -28 -29
right_child=1 10 3 -5 5 6 8 -9 -10 -11 14 13 -14 -15 17 23 -18 -19 21 20 25 -23 -24 24 -26 -27 27 29 -30 -31
leaf_value=0.0036816411833556139 -0.0001101851775266469 -0.00032775913068916116 -0.0010146820399179145 -4.3580882796551104e-05 0.0023543369740590104 0.00068474739144133376 -6.2861664119753718e-05 0.011668481521667906 0.014157003363905908 -0.0022964215881225158 -4.3580882796551104e-05 -0.00017319479476287215 -0.0022111425222930562 -0.0024187512512929411 -4.3580897945539071e-05 -0.00036290396654989766 4.1654656560803139e-05 -0.00010931484601679963 -4.3580882796551104e-05 -4.3580882796551104e-05 -4.3580286676001947e-05 -4.3580882796551104e-05 0.011654844456653072 -3.1334803235933016e-05 4.782756298656934e-06 -4.3580882796551104e-05 -5.5748047030560119e-05 -0.00013731070831642876 -5.897625064366139e-05 3.9631725368621075e-06
leaf_weight=447 7352 562 471 3050 889 16889 121373 2823 319 309 9202 20385 3302 2922 374 845 381 480 9940 5862 554 438 689 412 321 2132 708 661 791 806
leaf_count=447 7352 562 471 3050 889 16889 121373 2823 319 309 9202 20385 3302 2922 374 845 381 480 9940 5862 554 438 689 412 321 2132 708 661 791 806
internal_value=-0.00195106 -0.00813687 -0.000479914 -0.0117448 -0.000221811 -0.000266247 -3.58545e-05 0.00199817 -0.000365346 0.00496888 -0.0106881 -0.00145096 -0.00414003 -0.000967264 -0.0114333 -0.00180045 -0.00214537 -0.00589474 -0.0116746 -0.00901548 -0.00934846 -0.0107987 0.0076781 -0.00550982 -0.00292234 -0.00740231 -0.00123268 -0.00261881 -0.00431 -0.000888965
internal_weight=215689 41440 174249 3902 170347 168902 141404 19712 121692 1445 29544 27498 4191 23307 20434 11896 852 854 19580 9110 8548 10378 1136 1578 733 2686 10318 2966 1499 1467
internal_count=215689 41440 174249 3902 170347 168902 141404 19712 121692 1445 29544 27498 4191 23307 20434 11896 852 854 19580 9110 8548 10378 1136 1578 733 2686 10318 2966 1499 1467
is_linear=0
shrinkage=0.03


Tree=176
num_leaves=31
num_cat=0
split_feature=27 12 5 8 2 8 19 33 2 89 96 8 102 8 28 12 102 83 108 99 102 95 90 32 32 8 5 23 8 14
split_gain=2158.01 775.886 557.714 110.162 44.5396 42.5724 40.0708 38.8794 37.792 32.6921 32.2231 30.4987 28.2507 20.6629 17.1157 14.607 9.64896 9.12326 9.29796 9.06843 8.45768 8.14215 7.55649 11.9042 7.28819 7.15266 14.1182 7.07547 6.44514 5.89648
threshold=382.50000000000006 -1.0000000180025095e-35 391.50000000000006 0.60000000000000109 31.150000000000002 0.1000000000000001 38.550000000000004 0.99988440732898443 9.5500000000000025 28.950000000000003 30.150000000000002 0.19999999999999976 79.634722222222237 0.15000000000000038 10.500000000000002 0.15000000000000038 84.495129216960706 -0.39999999999999986 0.500000000000001 17.150000000000002 89.411111111111126 31.350000000000005 1.099999999999999 0.074116354202380205 -0.42180583328916638 0.1000000000000001 379.50000000000006 18.07896531512554 1.0000000180025095e-35 0.05085476277153516
decision_type=2 2 2 2 2 2 2 2 2 2 2 2 2 2 2 2 2 2 2 2 2 2 2 2 2 2 2 2 2 2
left_child=2 11 4 13 6 16 14 8 -8 12 -11 17 21 -4 -1 -14 19 18 27 -3 -20 -7 23 -13 -12 29 -27 -2 -21 -19
right_child=1 5 3 -5 -6 9 7 -9 -10 10 24 22 15 -15 -16 -17 -18 25 20 28 -22 -23 -24 -25 -26 26 -28 -29 -30 -31
leaf_value=0.0014889096982526361 0.0012097193445218429 -4.1509387248059247e-05 -0.0012752181717924482 -4.2273456312654573e-05 0.030304285016319918 -4.2273456312654573e-05 -0.0043313677988340007 0.0088009219407981214 -5.0149265838265731e-05 -4.22734710071729e-05 0.0028322319305923351 6.9812447161166341e-06 -4.2273456312654573e-05 3.0632490296192027e-05 0.011521531898193044 -4.2273456312654573e-05 -4.4396253217133235e-05 -0.00017367304624354347 -0.0001500485562267587 -0.00032245644009253386 0.0053830133909015029 -4.2273456312654573e-05 -0.00020640619132742118 -3.7574583848413412e-05 -0.00031851371258854013 -5.4369048719578143e-05 -1.598339528919549e-06 -9.1459180769940608e-05 -4.1578996537414296e-05 9.5281810982051924e-05
leaf_weight=427 750 325 384 3047 366 11106 397 595 168169 575 348 352 5477 451 300 8302 567 1500 4975 360 343 1066 919 336 323 751 678 576 1105 744
leaf_count=427 750 325 384 3047 366 11106 397 595 168169 575 348 352 5477 451 300 8302 567 1500 4975 360 343 1066 919 336 323 751 678 576 1105 744
internal_value=-0.00194305 -0.00809253 -0.000478244 -0.0117203 -0.000221844 -0.0106987 -0.000244395 -0.000274618 -0.00030166 -0.0110341 -0.00627907 -0.0016327 -0.0112621 -0.0020634 0.00677885 -0.0103291 -0.0068257 -0.00103363 -0.000370203 -0.0079062 -0.000930626 -0.0123174 -0.00547575 -0.00309144 -0.00180804 -0.00223326 -0.00389161 0.00187641 -0.00891201 -0.00117595
internal_weight=215614 41478 174136 3882 170254 29554 169888 169161 168566 27197 1246 11924 25951 835 727 13779 2357 10317 6644 1790 5318 12172 1607 688 671 3673 1429 1326 1465 2244
internal_count=215614 41478 174136 3882 170254 29554 169888 169161 168566 27197 1246 11924 25951 835 727 13779 2357 10317 6644 1790 5318 12172 1607 688 671 3673 1429 1326 1465 2244
is_linear=0
shrinkage=0.03


Tree=177
num_leaves=31
num_cat=0
split_feature=27 12 112 8 8 27 2 98 8 100 102 27 89 102 96 8 95 27 12 7 12 8 103 96 47 104 33 33 32 32
split_gain=2147.45 785.374 381.427 165.381 46.8479 83.8832 48.3703 46.3604 44.9187 41.1461 40.8907 32.553 30.2136 33.7912 33.5919 29.4074 23.3012 28.0492 21.4625 11.5231 14.1738 11.6695 11.5107 12.4195 9.46821 8.56167 7.55191 7.05064 6.03716 9.63733
threshold=382.50000000000006 -1.0000000180025095e-35 3.5000000000000013 0.65000000000000047 0.69999999999999984 1.0000000180025095e-35 31.150000000000002 -5.2499999999999991 0.1000000000000001 3.7000000000000024 70.843055555555566 362.50000000000006 28.950000000000003 79.634722222222237 30.150000000000002 0.1000000000000001 29.550000000000004 47.500000000000007 0.15000000000000038 0.4000000000000013 -0.15000000000000033 0.15000000000000038 84.500000000000014 17.750000000000004 1.0000000180025095e-35 23.040181114001893 -0.90161545992537195 0.011826144619637555 0.97696484778429815 0.59868201182722736
decision_type=2 2 2 2 2 2 2 2 2 2 2 2 2 2 2 2 2 2 2 2 2 2 2 2 2 2 2 2 2 2
left_child=2 15 4 16 6 -6 7 -1 22 -9 -7 -12 13 24 -14 28 17 -4 -15 -17 21 -21 23 -3 -10 -22 -16 -24 29 -2
right_child=1 8 3 -5 5 10 -8 9 12 -11 11 -13 14 18 26 19 -18 -19 -20 20 25 -23 27 -25 -26 -27 -28 -29 -30 -31
leaf_value=0.0089453964550020842 -0.00012158083887930127 -4.0264105630617473e-05 -7.1929389160672392e-05 -4.1005252623274938e-05 -0.00014442710416449946 -0.0013896254467919236 0.028969669913608387 -3.6783661748969447e-05 -4.1005252623274938e-05 -0.0015419917542005518 2.3050120103811693e-05 -3.5664909797038246e-05 -4.1005266876957712e-05 -4.1005252623274938e-05 -0.00024294101941925371 -4.3112199974558563e-05 -0.0010418991356903051 0.055329093736152156 -4.1005252623274938e-05 -7.2592899749045152e-05 -1.6094878885990866e-05 -0.0003705523027542176 -4.0624916420172111e-05 -4.135881594460756e-05 -4.1005252623274938e-05 8.7423934565190409e-06 0.0043434512468177883 -4.2460266419804197e-05 -0.00030092179831342714 0.00065732798886838353
leaf_weight=328 5174 305 414 2455 587 411 359 162370 11925 2998 2846 393 572 5479 306 609 340 329 8290 986 1249 1148 420 1050 336 557 336 595 412 1794
leaf_count=328 5174 305 414 2455 587 411 359 162370 11925 2998 2846 393 572 5479 306 609 340 329 8290 986 1249 1148 420 1050 336 557 336 595 412 1794
internal_value=-0.00193958 -0.00806723 -0.000475117 -0.0102232 -0.00027253 -0.00338721 -0.000193037 -0.000216902 -0.0106851 -0.000239283 -0.00169269 -0.000560185 -0.0110299 -0.0112458 -0.00639506 -0.0015679 -0.000456642 0.00252016 -0.0102233 -0.00346484 -0.00286983 -0.00452459 -0.00671868 -0.00852876 -0.0123932 -0.000913116 -0.00167963 -0.00429626 -0.00039832 -0.00018941
internal_weight=215373 41543 173830 3538 170292 4237 166055 165696 29614 165368 3650 3239 27244 26030 1214 11929 1083 743 13769 4549 3940 2134 2370 1355 12261 1806 642 1015 7380 6968
internal_count=215373 41543 173830 3538 170292 4237 166055 165696 29614 165368 3650 3239 27244 26030 1214 11929 1083 743 13769 4549 3940 2134 2370 1355 12261 1806 642 1015 7380 6968
is_linear=0
shrinkage=0.03


Tree=178
num_leaves=31
num_cat=0
split_feature=27 12 5 8 12 27 10 98 85 89 102 20 96 8 8 85 3 33 103 5 12 83 92 33 9 33 17 92 8 85
split_gain=2150.61 777.864 561.691 101.714 42.1615 40.8737 36.6199 35.7151 31.1561 27.8009 21.7011 21.6791 21.059 19.878 19.1343 18.7858 38.7141 32.6843 18.3902 14.3507 21.9066 16.9209 13.3817 12.8917 11.856 11.3065 10.3633 9.64383 9.62799 9.38823
threshold=382.50000000000006 -1.0000000180025095e-35 391.50000000000006 0.59999999999999887 0.09999999999999877 37.500000000000007 -0.30000000000000021 -5.2499999999999991 -2.6999999999999971 28.950000000000003 84.670833333333348 60.738095238095248 30.150000000000002 0.1000000000000001 0.15000000000000038 -0.85000000000000131 26.150000000000002 0.42763731121559989 81.500000000000014 381.50000000000006 -0.15000000000000033 -0.40000000000000119 15.708427806392026 -0.54219087765047058 -0.20000000000000193 -0.70289845916694649 -1.0000000180025095e-35 7.3967100652087749 1.0000000180025095e-35 -0.29999999999999799
decision_type=2 2 2 2 2 2 2 2 2 2 2 2 2 2 2 2 2 2 2 2 2 2 2 2 2 2 2 2 2 2
left_child=2 13 5 14 10 11 24 -8 -9 18 28 27 -11 -2 -4 17 -17 -13 -6 21 -21 -15 -22 -20 -7 -12 -26 -1 -3 -27
right_child=1 4 3 -5 9 6 7 8 -10 12 25 15 -14 19 -16 16 -18 -19 23 20 22 -23 -24 -25 26 29 -28 -29 -30 -31
leaf_value=0.0032904652470746366 -9.6092140430351051e-05 -0.00031057915970712671 -0.0013098983673248163 -3.9775095044576685e-05 -3.9775095044576685e-05 0.0086305156070997872 0.0077326186876308873 1.4949897218624607e-05 -0.00013207509051582042 -3.9775128004229725e-05 -3.9832288223200929e-05 0.0003859459720761127 -0.00019161378414959111 -7.8656024595123559e-05 1.579043799695359e-05 -0.0032329343049007074 0.0058120586450983733 0.0046512507717811164 -3.9775095044576685e-05 -0.00029960109724655015 -7.0822075766959003e-06 -4.7691933725927029e-05 1.1619408029880313e-05 -3.9775095044576685e-05 0.0085236574329731456 -3.9774629908894592e-05 0.0010120421511903273 0.010448540183658525 -3.9775095044576685e-05 -3.9789939960532005e-05
leaf_weight=563 7339 421 387 3008 6218 785 315 63011 83812 366 431 9091 502 992 466 3046 1319 4820 6150 959 520 1522 601 7232 576 1340 2756 453 6500 447
leaf_count=563 7339 421 387 3008 6218 785 315 63011 83812 366 431 9091 502 992 466 3046 1319 4820 6150 959 520 1522 601 7232 576 1340 2756 453 6500 447
internal_value=-0.00191212 -0.00804651 -0.000451009 -0.0117646 -0.0106527 -0.000194813 -0.00036068 -0.000438769 -0.000460449 -0.0114099 -0.00895569 0.00110558 -0.00614499 -0.00157994 -0.0026171 0.000868304 -0.000848603 0.00140706 -0.0116428 -0.00312731 -0.00128304 -0.00465209 0.00156417 -0.0110132 0.00242958 -0.00636773 0.00164716 0.00536873 -0.00978402 -0.0053104
internal_weight=215948 41540 174408 3861 29607 170547 151255 147138 146823 20468 9139 19292 868 11933 853 18276 4365 13911 19600 4594 2080 2514 1121 13382 4117 2218 3332 1016 6921 1787
internal_count=215948 41540 174408 3861 29607 170547 151255 147138 146823 20468 9139 19292 868 11933 853 18276 4365 13911 19600 4594 2080 2514 1121 13382 4117 2218 3332 1016 6921 1787
is_linear=0
shrinkage=0.03


Tree=179
num_leaves=31
num_cat=0
split_feature=34 12 5 12 26 5 33 88 33 103 108 94 92 91 26 29 5 102 108 7 109 101 84 97 89 108 12 24 18 19
split_gain=1669.24 848.383 575.604 119.39 63.4516 52.2985 39.7491 63.5345 49.9162 44.9795 55.9106 50.4872 44.9237 37.1954 36.2799 30.877 29.4918 28.5741 59.3145 34.122 28.4339 26.5467 25.3631 24.9999 21.9033 18.2812 17.3331 16.3722 14.7602 13.8476
threshold=1.0000000180025095e-35 -1.0000000180025095e-35 375.50000000000006 0.09999999999999877 22.500000000000004 381.50000000000006 -0.97111920233974802 29.050000000000004 -0.99465740988130902 82.500000000000014 2.0000000000000013 84.500000000000014 25.538187451660935 0.44320709449708401 22.500000000000004 170.50000000000003 365.50000000000006 86.915277777777803 0.10000000000000055 0.49999999999999917 1.0000000180025095e-35 -0.001392768466790813 0.25000000000000006 29.750000000000004 28.950000000000003 -0.24999999999999997 0.20000000000000198 3.8145060896321348 1.0000000180025095e-35 94.741666666666688
decision_type=2 2 2 2 2 2 2 2 2 2 2 2 2 2 2 2 2 2 2 2 2 2 2 2 2 2 2 2 2 2
left_child=2 22 6 4 5 -3 8 9 17 11 -11 -8 15 21 16 -10 26 18 -1 -19 27 -9 28 -14 -16 -15 -5 -4 29 -2
right_child=1 3 20 14 -6 -7 7 13 12 10 -12 -13 23 25 24 -17 -18 19 -20 -21 -22 -23 -24 -25 -26 -27 -28 -29 -30 -31
leaf_value=-0.0049807106322476173 4.4864003036205438e-06 -3.755701481025304e-05 -3.8581842193239385e-05 -3.8581842193239385e-05 -3.8581842193239385e-05 -3.8581842193239385e-05 -0.0001412427003767802 0.0046303860227314211 -0.004060944874141964 -2.2621024483655354e-05 0.0016749821767102009 -0.00081821580290965723 -0.00036336253445984026 0.0068282121639039921 -3.8581842193239385e-05 -0.0012986349598858578 -3.8581842193239385e-05 0.023562413270468041 0.00035095744449361238 -0.00066802507522814027 -3.8581842193239385e-05 -0.002340990885743396 -8.2776016636168322e-05 0.0076211825568053525 -3.8581874164102828e-05 -0.0022310082760261416 -3.8581842193239385e-05 -3.8581842193239385e-05 -9.5657747881611061e-05 -0.0004848922377113234
leaf_weight=579 7866 4088 993 2183 6624 1433 39690 6302 695 68512 14815 16493 1138 300 14454 4348 3566 561 3355 356 2256 635 419 335 621 1113 1919 613 9012 343
leaf_count=579 7866 4088 993 2183 6624 1433 39690 6302 695 68512 14815 16493 1138 300 14454 4348 3566 561 3355 356 2256 635 419 335 621 1113 1919 613 9012 343
internal_value=-0.00189105 -0.0065421 -0.000393004 -0.00925306 -0.0068504 -0.00447392 -0.000115401 1.60286e-05 -0.00182486 -0.000136118 0.0003062 -0.000792129 -0.00353997 0.00255778 -0.0105357 -0.004886 -0.00885252 0.000479184 -0.000632783 0.0052451 -0.0118354 0.00346137 -0.00118021 0.00106852 -0.0113913 -0.00187765 -0.00711431 -0.00877411 -0.0010025 -8.22168e-05
internal_weight=215617 52528 163089 34888 12145 5521 159227 147860 11367 139510 83327 56183 6516 8350 22743 5043 7668 4851 3934 917 3862 6937 17640 1473 15075 1413 4102 1606 17221 8209
internal_count=215617 52528 163089 34888 12145 5521 159227 147860 11367 139510 83327 56183 6516 8350 22743 5043 7668 4851 3934 917 3862 6937 17640 1473 15075 1413 4102 1606 17221 8209
is_linear=0
shrinkage=0.03


Tree=180
num_leaves=31
num_cat=0
split_feature=27 12 5 8 1 33 12 56 20 5 89 4 84 89 102 102 3 83 8 22 8 8 5 12 83 0 67 10 32 27
split_gain=2122.83 805.88 563.15 103.137 41.4534 39.9349 38.0827 36.767 39.6242 38.2131 28.1436 25.5754 21.5517 20.6367 17.1269 16.8842 14.9829 14.1439 13.1575 10.8764 13.4924 10.6827 11.1703 20.6435 13.8281 7.1859 6.98988 6.93269 6.85239 5.11827
threshold=382.50000000000006 -1.0000000180025095e-35 391.50000000000006 0.59999999999999887 37.500000000000007 0.99988440732898443 0.09999999999999877 0.20500000000000004 93.017261904761924 143.50000000000003 28.950000000000003 0.84999999999999976 0.25000000000000006 16.850000000000005 79.634722222222237 82.33750000000002 28.450000000000003 -0.65000000000000024 1.0000000180025095e-35 2358.9500000000003 0.09999999999999877 0.1000000000000001 379.50000000000006 -0.24999999999999997 -0.40000000000000119 29.250000000000004 0.23684210526315791 -0.30000000000000021 0.97875492728876534 162.50000000000003
decision_type=2 2 2 2 2 2 2 2 2 2 2 2 2 2 2 2 2 2 2 2 2 2 2 2 2 2 2 2 2 2
left_child=2 12 4 17 29 7 15 9 -9 -6 14 -12 21 -7 26 18 -16 -4 -3 20 -17 27 24 -24 -23 -20 -8 -2 -29 -1
right_child=1 6 3 -5 5 13 10 8 -10 -11 11 -13 -14 -15 16 19 -18 -19 25 -21 -22 22 23 -25 -26 -27 -28 28 -30 -31
leaf_value=0.010720178875034996 0.0021150175234329674 -0.00030057695290422589 -0.0012095442252819195 -3.7424386927442207e-05 2.7866215725722019e-05 0.0026060782413476549 -3.7424386927442207e-05 0.0088940528441950727 -0.00023339925274411881 -0.00013769116485982011 -3.7424417939179744e-05 -1.5495646688313024e-05 -6.4715592608054242e-05 0.016810580677439676 -3.7424386927442207e-05 -3.8455746288223083e-05 -3.7424386927442207e-05 1.6474180122842164e-05 -3.7424386927442207e-05 -3.7455131748931798e-05 -3.7424400881512671e-05 -4.6234235952265408e-05 -0.00068674244905925978 2.8512291294949116e-06 -4.1887274580310624e-05 -3.7455131748931798e-05 -3.7424386927442207e-05 -8.7193800636192019e-05 -0.0003822569571021563 0.0027317928881570963
leaf_weight=308 547 365 334 3040 93414 300 8844 1994 912 72922 499 362 306 310 9951 551 443 495 5251 717 1921 923 565 1576 1215 360 336 6446 360 306
leaf_count=308 547 365 334 3040 93414 300 8844 1994 912 72922 499 362 306 310 9951 551 443 495 5251 717 1921 923 565 1576 1215 360 336 6446 360 306
internal_value=-0.00192272 -0.00801728 -0.000470557 -0.0117868 -0.000213648 -0.000241797 -0.0106709 -0.000269435 0.00307534 -0.000327889 -0.0113924 -0.00607309 -0.00143731 0.00741408 -0.0116261 -0.0090612 -0.0107879 -0.00240361 -0.0100033 -0.0072931 -0.00634452 -0.00123012 -0.00242173 -0.000889356 -0.00395512 -0.0103626 -0.0125738 -0.000536443 -0.000797708 0.00756098
internal_weight=215873 41538 174335 3869 170466 169852 29600 169242 2906 166336 20435 861 11938 610 19574 9165 10394 829 5976 3189 2472 11632 4279 2141 2138 5611 9180 7353 6806 614
internal_count=215873 41538 174335 3869 170466 169852 29600 169242 2906 166336 20435 861 11938 610 19574 9165 10394 829 5976 3189 2472 11632 4279 2141 2138 5611 9180 7353 6806 614
is_linear=0
shrinkage=0.03


Tree=181
num_leaves=31
num_cat=0
split_feature=25 5 12 25 8 8 26 12 18 14 8 102 24 26 92 26 12 89 96 102 9 91 12 12 89 100 32 2 24 92
split_gain=1770.29 563.458 423.113 206.524 201.561 191.913 133.244 76.0739 35.1796 37.1113 31.7935 31.3873 29.6111 28.6659 26.3925 26.4151 24.1651 21.8339 24.1459 22.7697 19.5492 19.0259 17.5555 12.4823 10.2107 10.1124 9.93728 9.93529 9.66592 9.97184
threshold=6.5000000000000009 375.50000000000006 -1.0000000180025095e-35 5.5000000000000009 0.65000000000000047 0.15000000000000038 22.500000000000004 -1.0000000180025095e-35 1.0000000180025095e-35 0.066436383882991598 0.59999999999999887 80.386111111111134 1.3403118893337533 22.500000000000004 13.327934484706022 22.500000000000004 -0.099999999999998743 28.950000000000003 30.150000000000002 79.634722222222237 -0.20000000000000193 0.1140390868491892 0.15000000000000038 -0.099999999999998743 28.350000000000005 0.89999999999999958 0.54219432480460406 18.150000000000002 2.9036078036325139 14.586486887085405
decision_type=2 2 2 2 2 2 2 2 2 2 2 2 2 2 2 2 2 2 2 2 2 2 2 2 2 2 2 2 2 2
left_child=1 3 26 8 7 14 21 -3 9 12 20 -11 -1 -9 25 -16 -8 19 -19 -4 -10 -7 27 -12 -24 -5 28 -21 -2 -30
right_child=2 4 17 5 -6 6 16 13 10 11 23 -13 -14 -15 15 -17 -18 18 -20 22 -22 -23 24 -25 -26 -27 -28 -29 29 -31
leaf_value=-0.00053732750946148774 -0.00027798297313872094 -9.1860795897984255e-05 -3.630165531961894e-05 0.0024217823561782947 -3.630165531961894e-05 2.1638463927138556e-05 -4.6512641711611188e-05 -3.4451519251468257e-07 0.0059438563109709096 0.00012786926417132944 -0.001384427491245421 0.0018244618713748383 3.3467888389673576e-05 -3.630165531961894e-05 -3.2545671562096165e-06 -3.636332085144506e-05 -3.630165531961894e-05 -3.6301685401004355e-05 -0.00019354366739828181 -3.630165531961894e-05 -0.0003972165946834012 -2.5649125496734029e-05 -3.630165531961894e-05 -0.00028450044023945668 -3.630165531961894e-05 0.00035018760402115852 -1.6901409285124106e-06 -3.630165531961894e-05 -0.00010904495849908424 1.0493342755905722e-05
leaf_weight=7943 1546 3433 9509 689 3168 593 583 359 655 13119 400 10401 71160 3095 5141 3544 4469 403 439 471 54966 3532 6255 755 331 1548 1664 3113 1685 784
leaf_count=7943 1546 3433 9509 689 3168 593 583 359 655 13119 400 10401 71160 3095 5141 3544 4469 403 439 471 54966 3532 6255 755 331 1548 1664 3113 1685 784
internal_value=-0.00190571 -0.000895391 -0.00921492 -0.000508248 -0.00780579 -0.00337388 -0.00657169 -0.00492378 -0.000146895 0.000184606 -0.000746077 0.00123082 -0.000126479 -0.00806657 -0.000686625 -0.00143507 -0.00983772 -0.0112204 -0.00647687 -0.011423 -0.00064372 -0.00257029 -0.0104326 -0.00567042 -0.0113542 0.0022185 -0.00196743 -0.0087364 -0.00277515 -0.00160931
internal_weight=215753 189553 26200 179498 10055 20099 9177 6887 159399 102623 56776 23520 79103 3454 10922 8685 5052 20521 842 19679 55621 4125 10170 1155 6586 2237 5679 3584 4015 2469
internal_count=215753 189553 26200 179498 10055 20099 9177 6887 159399 102623 56776 23520 79103 3454 10922 8685 5052 20521 842 19679 55621 4125 10170 1155 6586 2237 5679 3584 4015 2469
is_linear=0
shrinkage=0.03


Tree=182
num_leaves=31
num_cat=0
split_feature=27 12 5 8 8 19 29 89 18 89 96 102 8 8 22 12 11 28 103 31 5 92 4 15 33 92 8 92 101 91
split_gain=2144.01 854.342 544.415 116.703 43.0934 41.3728 38.9289 34.9789 35.5195 32.1249 34.4627 30.9692 19.5026 19.0192 18.1744 18.0476 15.6504 14.4857 11.0678 10.1255 8.29461 7.95912 7.66141 7.39759 7.24446 7.56512 7.06019 6.81678 6.77653 9.569
threshold=382.50000000000006 -1.0000000180025095e-35 391.50000000000006 0.59999999999999887 0.1000000000000001 38.550000000000004 364.50000000000006 9.0500000000000025 1.0000000180025095e-35 28.950000000000003 30.150000000000002 79.634722222222237 0.15000000000000038 0.19999999999999976 1153.5000000000002 0.15000000000000038 -0.15000000000000033 10.500000000000002 86.500000000000014 1.0000000180025095e-35 379.50000000000006 24.450386854020103 0.84999999999999976 0.075070588251253983 -0.6523320455745395 17.025881593600008 1.0000000180025095e-35 13.327934484706022 -0.0027739304401354259 0.20275951423022973
decision_type=2 2 2 2 2 2 2 2 2 2 2 2 2 2 2 2 2 2 2 2 2 2 2 2 2 2 2 2 2 2
left_child=2 13 5 12 18 17 7 -7 -9 11 -11 21 -4 22 -8 -13 -15 -1 26 -20 -18 -6 24 -12 -2 -26 -3 -28 29 -24
right_child=1 4 3 -5 9 6 14 8 -10 10 23 15 -14 16 -16 -17 20 -19 19 -21 -22 -23 28 -25 25 -27 27 -29 -30 -31
leaf_value=0.0017666417056960793 2.7191331303778398e-05 -0.0002902333580474781 -0.0011706292407924314 -3.5212605660030369e-05 -3.5212605660030369e-05 -0.0029812234496391474 0.0026254853745173372 1.7991505247718528e-05 -0.00029900440698251872 -3.5212634838974224e-05 -0.00037772427788182304 -3.5212605660030369e-05 3.8398892996505749e-05 -0.00071826217866876772 0.016284854577966117 -3.5212605660030369e-05 -2.6071330091203626e-05 0.010988251916868927 -3.5363572555361934e-05 -4.5006293825195297e-05 1.8950374805624338e-06 -3.5212605660030369e-05 4.1049661645380519e-05 0.0026301381398092022 -2.4010926273339862e-05 -0.00020864378588145326 -3.5885174122499567e-05 -3.4266728695744438e-05 2.091054910461295e-05 -8.7258493671935508e-05
leaf_weight=403 362 370 388 3027 9626 669 300 108095 60138 576 330 5429 474 393 316 8371 699 303 321 430 523 2663 339 326 820 1089 384 860 3796 3916
leaf_count=403 362 370 388 3027 9626 669 300 108095 60138 576 330 5429 474 393 316 8371 699 303 321 430 523 2663 339 326 820 1089 384 860 3796 3916
internal_value=-0.00191414 -0.00803082 -0.000451859 -0.0115488 -0.0107562 -0.000198267 -0.00022847 -0.000255946 -0.000228699 -0.0110927 -0.00635036 -0.0113164 -0.00180765 -0.00125272 0.00729335 -0.0103384 -0.00427908 0.00704385 -0.00686602 -0.00384973 -0.00260016 -0.0124138 -0.000778843 -0.00164384 -0.00231734 -0.00305497 -0.00826625 -0.0093494 -0.000344635 -0.00116659
internal_weight=215736 41623 174113 3889 29686 170224 169518 168902 168233 27321 1232 26089 862 11937 616 13800 1615 706 2365 751 1222 12289 10322 656 2271 1909 1614 1244 8051 4255
internal_count=215736 41623 174113 3889 29686 170224 169518 168902 168233 27321 1232 26089 862 11937 616 13800 1615 706 2365 751 1222 12289 10322 656 2271 1909 1614 1244 8051 4255
is_linear=0
shrinkage=0.03


Tree=183
num_leaves=31
num_cat=0
split_feature=27 12 5 8 8 97 89 1 3 89 96 2 91 32 102 84 31 100 12 8 90 93 8 12 97 101 47 8 33 112
split_gain=2169.66 834.002 560.79 109.953 40.9137 40.1413 43.6274 39.4792 38.2687 34.3526 36.5672 32.8265 39.8988 41.8417 30.3034 21.6315 20.0035 19.7902 18.6116 12.0055 10.3697 9.60461 8.7649 14.7149 8.26295 8.10693 7.82623 5.63935 5.00354 3.3712
threshold=382.50000000000006 -1.0000000180025095e-35 393.50000000000006 0.65000000000000047 0.1000000000000001 9.5000000000000018 9.0500000000000025 41.500000000000007 29.650000000000002 28.950000000000003 30.150000000000002 29.550000000000004 0.18349943935323551 -0.30983472475487867 79.634722222222237 0.25000000000000006 -0.68301270189221952 1.599999999999999 0.15000000000000038 0.15000000000000038 0.49999999999999872 90.398611111111123 0.1000000000000001 -0.24999999999999997 17.150000000000002 -0.0025320512820512825 1.0000000180025095e-35 1.0000000180025095e-35 -0.90161545992537195 3.2000000000000002
decision_type=2 2 2 2 2 2 2 2 2 2 2 2 2 2 2 2 2 2 2 2 2 2 2 2 2 2 2 2 2 2
left_child=2 15 5 19 21 11 -7 17 -9 14 -11 12 13 -1 26 20 -14 -8 -16 -4 -2 24 25 -24 -3 -22 -6 -26 -12 -5
right_child=1 4 3 29 9 6 7 8 -10 10 28 -13 16 -15 18 -17 -18 -19 -20 -21 22 -23 23 -25 27 -27 -28 -29 -30 -31
leaf_value=0.005698314132440107 -8.9738793362830821e-05 -3.4467437154986134e-05 -0.0012514079155397358 -0.0002003316942637687 -3.4156227490229457e-05 -0.0038536192736181221 0.00060481754375906079 -6.3988226610914357e-05 0.0034582909192196129 -3.4156242250883547e-05 -0.00020215355654636658 -0.002605531998640147 0.00018114700740052718 -0.0016352104839709892 -3.4156227490229457e-05 -6.4323548646224183e-05 0.0054456817615881233 0.0083635834078010212 -3.4156227490229457e-05 4.7553357311598437e-06 -0.00020263469532369992 -3.3778971980358783e-05 -0.00065337359100924757 -5.9425253645191037e-06 -0.00028349586018176776 0.00012941228189497253 -3.4156227490229457e-05 -3.392806858109211e-05 0.002733315783012254 -3.4156227490229457e-05
leaf_weight=464 556 324 373 426 11939 604 462 159837 3178 566 319 304 973 1304 5494 300 2381 672 8362 549 3586 353 1222 2794 404 3438 347 1233 346 2536
leaf_count=464 556 324 373 426 11939 604 462 159837 3178 566 319 304 973 1304 5494 300 2381 672 8362 549 3586 353 1222 2794 404 3438 347 1233 346 2536
internal_value=-0.00188419 -0.00804071 -0.000413382 -0.0116834 -0.0107301 -0.000156099 -0.000239721 -0.000210082 -0.000248902 -0.0110541 -0.00614854 0.00238253 0.0029514 -0.000695308 -0.0112849 -0.00132891 0.00487332 0.00536564 -0.0103204 -0.00263272 -0.0011227 -0.00689417 -0.000921112 -0.00203883 -0.00771407 -0.000281851 -0.0123716 -0.00858059 -0.00137387 -0.0144988
internal_weight=215646 41583 174063 3884 29687 170179 164753 164149 163015 27373 1231 5426 5122 1768 26142 11896 3354 1134 13856 922 11596 2314 11040 4016 1961 7024 12286 1637 665 2962
internal_count=215646 41583 174063 3884 29687 170179 164753 164149 163015 27373 1231 5426 5122 1768 26142 11896 3354 1134 13856 922 11596 2314 11040 4016 1961 7024 12286 1637 665 2962
is_linear=0
shrinkage=0.03


Tree=184
num_leaves=31
num_cat=0
split_feature=27 12 4 8 2 8 1 103 104 102 89 96 102 90 8 12 104 90 91 103 90 103 96 31 33 89 108 33 91 84
split_gain=2144.52 826.843 380.448 212.075 47.6809 42.4092 36.5263 34.1601 62.2002 41.3896 29.7178 34.7162 30.0308 23.0506 22.4529 18.1766 15.7202 27.0194 13.9682 13.3702 11.3114 10.5102 11.1804 10.4541 9.80973 8.01034 7.51925 6.74431 4.58161 2.7091
threshold=382.50000000000006 -1.0000000180025095e-35 2.9000000000000017 0.65000000000000047 31.150000000000002 0.1000000000000001 36.500000000000007 81.500000000000014 26.935548482512704 70.843055555555566 28.950000000000003 30.150000000000002 79.634722222222237 2.9000000000000017 0.39999999999999908 0.15000000000000038 22.628611881456425 3.9000000000000017 0.98136040530667146 84.500000000000014 0.49999999999999872 85.500000000000014 17.750000000000004 1.0000000180025095e-35 -0.97507822412530132 27.350000000000005 7.0999999999999996 -0.90161545992537195 0.16127754236243694 0.15000000000000038
decision_type=2 2 2 2 2 2 2 2 2 2 2 2 2 2 2 2 2 2 2 2 2 2 2 2 2 2 2 2 2 2
left_child=2 14 4 16 6 21 -1 8 -8 -9 12 -12 25 -5 20 -14 17 19 -18 -4 -2 22 -3 -23 -22 -7 -26 -13 -24 -16
right_child=1 5 3 13 -6 10 7 9 -10 -11 11 27 15 -15 29 -17 18 -19 -20 -21 24 23 28 -25 26 -27 -28 -29 -30 -31
leaf_value=0.0054220670262084287 -8.3396797199839981e-05 -3.2383114738828056e-05 4.6354321480247937e-05 -3.3131540665522578e-05 0.031902915747166888 -3.3131540665522578e-05 -0.00025332465949935219 0.010487282597404567 -0.0041463089148434541 8.7086262966930182e-06 -3.3131554983357039e-05 -0.00026057723902833159 -3.3131540665522578e-05 -3.3131540665522578e-05 -0.00015730448693667442 -3.3131540665522578e-05 1.9241935210561056e-05 0.06344362063878041 -0.0017724020768321222 -0.0022920460774034147 -0.00051902941633755716 -3.2921063660536869e-05 -3.2208689960616541e-05 -3.4297466993664354e-05 -1.9111254426828188e-05 -3.3131540665522578e-05 -0.00074587612135526354 0.0026451066790798366 -3.3669613417941902e-05 -6.2393842186837464e-05
leaf_weight=488 568 300 355 2597 309 9046 58744 304 440 108970 588 320 5514 305 384 8295 356 300 448 306 310 371 323 505 10147 3179 304 347 844 307
leaf_count=488 568 300 355 2597 309 9046 58744 304 440 108970 588 320 5514 305 384 8295 356 300 448 306 310 371 323 505 10147 3179 304 347 844 307
internal_value=-0.0018876 -0.00800182 -0.000423291 -0.00887211 -0.000190274 -0.0106938 -0.000211842 -0.000235606 -0.000816085 7.8792e-05 -0.0110266 -0.00650876 -0.0112441 -0.0138581 -0.00136511 -0.0102828 -0.000671008 0.00191788 -0.00376398 -0.00147281 -0.00104457 -0.00681527 -0.00836853 -0.00420753 -0.000826519 -0.0123291 -0.000670207 -0.00181886 -0.00969606 -0.00661127
internal_weight=215574 41652 173922 4667 169255 29632 168946 168458 59184 109274 27289 1255 26034 2902 12020 13809 1765 961 804 661 11329 2343 1467 876 10761 12225 10451 667 1167 691
internal_count=215574 41652 173922 4667 169255 29632 168946 168458 59184 109274 27289 1255 26034 2902 12020 13809 1765 961 804 661 11329 2343 1467 876 10761 12225 10451 667 1167 691
is_linear=0
shrinkage=0.03


Tree=185
num_leaves=31
num_cat=0
split_feature=27 12 5 12 1 79 32 75 99 103 2 24 89 4 90 102 102 84 108 3 22 0 27 99 24 83 92 93 104 67
split_gain=2150.27 852.487 541.948 41.622 36.3818 37.0166 48.9725 49.3259 48.0251 47.1679 39.8704 26.847 26.4813 25.6179 20.1426 18.4738 18.411 16.568 15.5688 11.7239 10.2079 10.2016 10.1437 10.0557 9.20505 8.61395 8.32446 8.19924 7.91706 6.93288
threshold=382.50000000000006 -1.0000000180025095e-35 393.50000000000006 0.09999999999999877 36.500000000000007 1.0000000180025095e-35 -0.99467753128998015 1.0000000180025095e-35 30.150000000000002 43.500000000000007 29.150000000000002 1.3990729829847466 28.950000000000003 0.84999999999999976 1.4999999999999993 79.634722222222237 83.018055555555563 0.25000000000000006 0.25000000000000006 28.450000000000003 2349.3000000000006 28.850000000000005 407.50000000000006 18.150000000000002 3.8145060896321348 -2.0499999999999989 23.862567094985078 75.584722222222226 25.687174889541044 0.23684210526315791
decision_type=2 2 2 2 2 2 2 2 2 2 2 2 2 2 2 2 2 2 2 2 2 2 2 2 2 2 2 2 2 2
left_child=2 17 4 16 -1 8 10 -8 9 -6 -7 -4 15 -14 -10 29 22 21 -13 -17 23 25 27 -18 26 -2 -20 -3 -27 -5
right_child=1 3 11 12 5 6 7 -9 14 -11 -12 18 13 -15 -16 19 20 -19 24 -21 -22 -23 -24 -25 -26 28 -28 -29 -30 -31
leaf_value=0.0054371823626418814 0.0056853495168991963 -3.2133848260232786e-05 -3.21375944455569e-05 -3.21375944455569e-05 0.0062584836373031135 -0.0035944100072753554 -0.00049105233497777833 0.00042475781785606824 0.0281140125886102 -5.0873316450564479e-06 0.0016458049048892094 -3.21375944455569e-05 -3.2137622866638516e-05 -1.7465803731649954e-06 0.00029643628886757203 -3.21375944455569e-05 -3.213760798100525e-05 -5.1219763169094874e-05 -3.21375944455569e-05 -3.21375944455569e-05 -3.216511396142635e-05 3.0705663786045788e-05 -3.21375944455569e-05 -3.213760798100525e-05 -3.21375944455569e-05 -3.7011385118268183e-05 -3.21375944455569e-05 -3.2200867953865908e-05 -0.00021388156338427792 -3.21375944455569e-05
leaf_weight=511 333 316 342 8978 1044 1088 30762 11695 544 123763 431 1786 492 346 326 9897 345 306 577 424 673 316 4171 1803 783 10352 368 1818 590 339
leaf_count=511 333 316 342 8978 1044 1088 30762 11695 544 123763 431 1786 492 346 326 9897 345 306 577 424 673 316 4171 1803 783 10352 368 1818 590 339
internal_value=-0.00187813 -0.00801434 -0.000414778 -0.0107401 -0.000162724 -0.000186821 -0.000935944 -0.000746502 7.53115e-05 2.63204e-05 -0.00622697 -0.0115349 -0.0114919 -0.00625745 0.00709529 -0.011715 -0.00905226 -0.00123172 -0.0123158 -0.0108366 -0.00703225 -0.00104943 -0.0099548 -0.00601675 -0.0102718 -0.00119856 -0.0082611 -0.0082623 -0.00134332 -0.0126867
internal_weight=215519 41499 174020 29602 170164 169653 43976 42457 125677 124807 1519 3856 20476 838 870 19638 9126 11897 3514 10321 2821 11591 6305 2148 1728 11275 945 2134 10942 9317
internal_count=215519 41499 174020 29602 170164 169653 43976 42457 125677 124807 1519 3856 20476 838 870 19638 9126 11897 3514 10321 2821 11591 6305 2148 1728 11275 945 2134 10942 9317
is_linear=0
shrinkage=0.03


Tree=186
num_leaves=31
num_cat=0
split_feature=25 12 8 25 25 26 12 25 98 33 33 104 102 12 0 102 12 8 26 8 84 8 2 92 8 94 63 4 22 0
split_gain=1739.92 467.76 429 233.13 228.914 193.732 264.964 90.2621 43.3933 42.9924 55.1976 48.3453 42.6566 37.0155 27.7534 23.0354 19.2552 18.9208 18.8257 15.6547 10.9234 10.7268 9.55041 9.2784 8.67263 8.71058 7.59839 7.52089 7.13357 7.57515
threshold=6.5000000000000009 -1.0000000180025095e-35 0.69999999999999984 5.5000000000000009 1.0000000180025095e-35 22.500000000000004 -1.0000000180025095e-35 5.5000000000000009 -5.2499999999999991 -0.97111920233974802 -0.93543596745397617 26.935548482512704 70.843055555555566 -1.0000000180025095e-35 29.650000000000002 79.634722222222237 0.15000000000000038 1.0000000180025095e-35 12.500000000000002 0.30000000000000032 -0.19999999999999971 0.10000000000000099 18.150000000000002 19.920393982823203 0.49999999999999961 67.500000000000014 0.0099999999999999846 2.9000000000000017 2436.3000000000006 24.750000000000004
decision_type=2 2 2 2 2 2 2 2 2 2 2 2 2 2 2 2 2 2 2 2 2 2 2 2 2 2 2 2 2 2
left_child=2 24 3 8 27 19 21 12 -1 11 -11 -10 -6 -14 15 26 22 -8 -9 20 -5 -7 -17 -21 25 -2 -3 -4 29 -27
right_child=1 14 4 5 7 6 17 18 9 10 -12 -13 13 -15 -16 16 -18 -19 -20 23 -22 -23 -24 -25 -26 28 -28 -29 -30 -31
leaf_value=0.0084527582950166685 -0.00020268298863295031 -3.1173466612190192e-05 -0.00028692936002743099 2.2909305273499077e-07 -0.0014462541957083004 1.7036664048446886e-07 -0.00026131777853878103 -1.4456082302681191e-05 -0.00084714949975735903 0.0021050509441140944 -7.7084782336523657e-05 0.015052931347527047 -0.00088802844805893481 0.00010041624132319044 -3.1173466612190192e-05 -3.1173466612190192e-05 -3.1173466612190192e-05 -3.1173466612190192e-05 -3.1173466612190192e-05 -6.082864090968556e-05 5.6789191208247289e-05 -3.0876448477296729e-05 -3.1173466612190192e-05 -3.9259131759352235e-06 -0.0001026489998074324 -2.0786939298692463e-05 -3.1173466612190192e-05 -3.1173466612190192e-05 -0.00040004439746729861 7.1127089832655229e-05
leaf_weight=305 626 9288 387 7490 347 4116 304 341 10572 5320 140251 313 376 2455 471 469 6642 7820 1223 883 937 2066 3178 1060 340 3575 440 2574 574 571
leaf_count=305 626 9288 387 7490 347 4116 304 341 10572 5320 140251 313 376 2455 471 469 6642 7820 1223 883 937 2066 3178 1060 340 3575 440 2574 574 571
internal_value=-0.00188306 -0.00913238 -0.00087982 -0.000585407 -0.00781347 -0.00329578 -0.00555882 -0.00372549 -0.000158744 -0.000180816 -4.48232e-05 -0.00199936 -0.000821013 0.000397246 -0.0112451 -0.0114145 -0.0104213 -0.00912 -0.009623 -0.000173561 0.000386213 -0.000878214 -0.00866365 -0.00260031 -0.00151925 -0.00122312 -0.0124638 -0.0143569 -0.000781614 -0.000347239
internal_weight=215314 26174 189140 181437 7703 24676 14306 4742 156761 156456 145571 10885 3178 2831 20488 20017 10289 8124 1564 10370 8427 6182 3647 1943 5686 5346 9728 2961 4720 4146
internal_count=215314 26174 189140 181437 7703 24676 14306 4742 156761 156456 145571 10885 3178 2831 20488 20017 10289 8124 1564 10370 8427 6182 3647 1943 5686 5346 9728 2961 4720 4146
is_linear=0
shrinkage=0.03


Tree=187
num_leaves=31
num_cat=0
split_feature=25 5 8 8 25 26 8 15 7 75 93 79 29 29 11 4 8 11 3 96 26 11 21 93 102 32 32 8 8 19
split_gain=1741.19 544.53 260.605 205.801 197.291 201.615 166.727 53.792 42.301 38.4056 56.0445 37.3834 59.1407 43.2815 27.4066 26.5599 22.8951 21.7311 17.3503 22.3372 13.9677 13.2709 12.9754 11.917 10.3774 10.0727 12.434 9.95679 9.46158 8.00694
threshold=6.5000000000000009 379.50000000000006 0.15000000000000038 0.65000000000000047 5.5000000000000009 22.500000000000004 0.10000000000000099 0.050839112744180369 0.84999999999999976 0.72026315789473694 93.068055555555574 1.0000000180025095e-35 128.50000000000003 196.50000000000003 -1.0000000180025095e-35 1.6500000000000006 0.30000000000000032 1.0000000180025095e-35 28.950000000000003 30.150000000000002 7.5000000000000009 1.0000000180025095e-35 1.052304439203799 67.531944444444449 79.634722222222237 0.61237135649459018 0.94138322595482449 0.35000000000000148 0.10000000000000099 88.267948717948727
decision_type=2 2 2 2 2 2 2 2 2 2 2 2 2 2 2 2 2 2 2 2 2 2 2 2 2 2 2 2 2 2
left_child=1 4 7 8 9 16 22 28 -3 11 15 13 -13 -1 -8 -11 23 -4 24 -20 -18 -10 -7 -6 -19 -9 -27 -26 29 -2
right_child=2 3 17 -5 5 6 14 25 21 10 -12 12 -14 -15 -16 -17 20 18 19 -21 -22 -23 -24 -25 27 26 -28 -29 -30 -31
leaf_value=-0.00018143621976117363 -3.1647285395106768e-05 -3.0238262613824493e-05 -3.0238262613824493e-05 -3.0238262613824493e-05 0.0014159866739358383 -7.9691967116220149e-05 -2.9277283311088085e-05 -3.0645413382338487e-05 -3.0346753106654052e-05 0.011566505722996308 -0.0009724395275756254 0.00024868624586654134 -0.00096920222863623707 0.00044496684517526276 -3.0238262613824493e-05 -0.0012680394900018675 -1.880269027295364e-06 -3.0238262613824493e-05 -3.0238289192412924e-05 -0.00012633016606334463 -2.3054805155076129e-05 -3.0238262613824493e-05 0.00083616642478951308 1.6391484878555651e-07 -3.0238262613824493e-05 0.00084145730478295082 -4.4387250649936374e-05 -3.0238262613824493e-05 -3.0238262613824493e-05 -2.9845075551575521e-05
leaf_weight=67451 937 1940 3791 3162 781 2330 954 3187 3090 1477 403 14488 24661 50434 5802 304 937 7247 326 356 1516 940 1046 7574 2266 870 402 5632 885 300
leaf_count=67451 937 1940 3791 3162 781 2330 954 3187 3090 1477 403 14488 24661 50434 5802 304 937 7247 326 356 1516 940 1046 7574 2266 870 402 5632 885 300
internal_value=-0.00185862 -0.00085535 -0.00910706 -0.00800175 -0.000493064 -0.0032305 -0.0062706 -0.00394029 -0.00472283 -0.000133024 0.00381693 -0.000187984 -0.000991188 7.87625e-05 -0.00899068 0.00610269 -0.000380239 -0.01084 -0.0113296 -0.0066325 -0.00292787 -0.00296949 -0.000826177 0.000367999 -0.0115407 -0.00206839 0.000188531 -0.0107824 -0.00787094 -0.00616721
internal_weight=215489 189290 26199 9132 180158 20940 10132 6581 5970 159218 2184 157034 39149 117885 6756 1781 10808 19618 15827 682 2453 4030 3376 8355 15145 4459 1272 7898 2122 1237
internal_count=215489 189290 26199 9132 180158 20940 10132 6581 5970 159218 2184 157034 39149 117885 6756 1781 10808 19618 15827 682 2453 4030 3376 8355 15145 4459 1272 7898 2122 1237
is_linear=0
shrinkage=0.03


Tree=188
num_leaves=31
num_cat=0
split_feature=27 12 5 8 8 29 19 98 100 89 103 4 8 8 100 89 8 103 12 92 31 100 32 3 85 108 4 95 27 33
split_gain=2137.41 878.943 526.785 122.612 46.8647 36.4503 33.4347 31.1475 31.1701 29.7588 27.5723 22.5427 19.3893 18.4634 16.9832 16.9219 15.1699 10.4716 9.9982 9.74502 9.58576 7.50394 7.31068 8.15162 12.3633 9.76279 4.09155 3.36482 3.11414 0.620587
threshold=382.50000000000006 -1.0000000180025095e-35 391.50000000000006 0.65000000000000047 0.1000000000000001 364.50000000000006 38.550000000000004 -5.2499999999999991 3.0499999999999994 28.950000000000003 82.500000000000014 0.84999999999999976 0.35000000000000148 0.49999999999999961 1.599999999999999 16.850000000000005 0.15000000000000038 85.500000000000014 -0.15000000000000033 13.327934484706022 1.0000000180025095e-35 1.8999999999999997 0.98372640911059162 13.350000000000003 -2.2000000000000002 4.4500000000000011 2.9500000000000006 30.750000000000004 407.50000000000006 -0.92272482904738262
decision_type=2 2 2 2 2 2 2 2 2 2 2 2 2 2 2 2 2 2 2 2 2 2 2 2 2 2 2 2 2 2
left_child=2 12 5 16 17 6 14 -8 -9 10 21 27 22 -12 -1 -7 -4 19 -14 -3 -19 -6 23 24 -2 -25 -5 -11 -21 -28
right_child=1 4 3 26 9 15 7 8 -10 11 13 -13 18 -15 -16 -17 -18 20 -20 28 -22 -23 -24 25 -26 -27 29 -29 -30 -31
leaf_value=0.0015938362463383403 -0.00086192232568109927 -2.9951021279321687e-05 -0.001076330760664662 -0.00022988153043031228 -2.9331114735409759e-05 0.0018421764102870815 0.0077404179537656501 -2.5735265804093322e-05 -0.00070325941762415024 -2.9331136487967495e-05 -2.9331114735409759e-05 -2.9689570114730913e-05 -0.00039285987790911765 -2.9331114735409759e-05 0.0093478589617193783 0.014551303635472773 1.8956697884649206e-05 -3.0588077417396508e-05 -5.9122541708874573e-06 -2.8455921333967985e-05 -3.0449848750651856e-05 -2.9331114735409759e-05 -0.00016468048314391941 -2.2087298419524735e-05 2.5862893856572592e-05 0.001472758336826612 -2.9331114735409759e-05 -2.9389645189798928e-05 -2.9622907112056824e-05 -2.9331114735409759e-05
leaf_weight=355 451 434 391 301 7669 300 372 161664 6850 316 8977 493 491 7102 346 317 554 370 371 435 495 2360 472 9109 334 779 332 410 602 2295
leaf_count=355 451 434 391 301 7669 300 372 161664 6850 316 8977 493 491 7102 346 317 554 370 371 435 495 2360 472 9109 334 779 332 410 602 2295
internal_value=-0.00187086 -0.00797389 -0.000409902 -0.0113487 -0.0107459 -0.000160924 -0.000187425 -0.000214581 -0.000233748 -0.0110947 -0.0113087 -0.0065041 -0.0011255 -0.0105364 0.00634615 0.00711165 -0.00195032 -0.00666239 -0.00545771 -0.00820313 -0.0040358 -0.0125459 -0.000789969 -0.000628162 -0.0035687 -0.000394378 -0.0143803 -0.00986245 -0.00978324 -0.014766
internal_weight=215747 41670 174077 3873 29663 170204 169587 168886 168514 27327 26108 1219 12007 16079 701 617 945 2336 862 1471 865 10029 11145 10673 785 9888 2928 726 1037 2627
internal_count=215747 41670 174077 3873 29663 170204 169587 168886 168514 27327 26108 1219 12007 16079 701 617 945 2336 862 1471 865 10029 11145 10673 785 9888 2928 726 1037 2627
is_linear=0
shrinkage=0.03


Tree=189
num_leaves=31
num_cat=0
split_feature=27 12 5 8 8 89 18 11 102 103 89 8 30 0 84 108 4 12 102 84 32 12 24 24 11 103 28 18 95 33
split_gain=2129.39 870.636 515.81 126.151 43.8407 35.6939 34.8115 32.2362 29.2133 27.7032 28.5201 27.3324 24.5937 21.943 34.0374 24.9899 21.3349 17.0499 16.2596 15.3748 15.2576 14.7526 14.6364 10.6412 9.19354 8.88751 8.85354 8.51888 8.10778 7.69629
threshold=382.50000000000006 -1.0000000180025095e-35 391.50000000000006 0.65000000000000047 0.1000000000000001 28.950000000000003 1.0000000180025095e-35 -0.34999999999999959 79.634722222222237 43.500000000000007 9.6500000000000004 0.59999999999999887 -0.24999999999999994 28.250000000000004 -1.1999999999999973 1.7999999999999983 0.84999999999999976 0.15000000000000038 80.386111111111134 0.25000000000000006 -0.35846811432664222 -1.0000000180025095e-35 3.8145060896321348 2.3171082074324034 -1.0000000180025095e-35 85.500000000000014 3.5000000000000004 1.0000000180025095e-35 31.350000000000005 0.99024581825578073
decision_type=2 2 2 2 2 2 2 2 2 2 2 2 2 2 2 2 2 2 2 2 2 2 2 2 2 2 2 2 2 2
left_child=2 19 6 22 24 8 7 12 28 20 -11 13 -1 15 -15 -8 -7 -10 -14 27 -9 -13 -4 -23 -3 -26 -27 29 -6 -2
right_child=1 4 3 -5 5 16 11 9 17 10 -12 21 18 14 -16 -17 -18 -19 -20 -21 -22 23 -24 -25 25 26 -28 -29 -30 -31
leaf_value=-0.00082163035588244944 -1.3816678863629292e-05 -5.7139578734907507e-05 1.7312973001747969e-05 -2.8451181293347467e-05 -2.8451181293347467e-05 -2.845120642200151e-05 -0.00056268259951639075 0.011204598735692269 -2.8451181293347467e-05 -0.0027624848617077619 1.4111128233844837e-05 -0.0009368532858073928 0.0022862906932013013 -0.0011864886048942827 0.00077279332637888271 0.00010042600171182257 -2.8717956326136455e-05 -2.8451181293347467e-05 0.018195817616394248 -4.9218536054274932e-05 0.00020439380779349592 1.3939223000313727e-05 -0.00091963095720603856 -0.00084736055598618907 -2.8768480265369679e-05 -2.9506297127749252e-05 -2.8720500446075418e-05 -7.1785867703818009e-05 -2.8451181293347467e-05 0.00089479121957625023
leaf_weight=683 5172 506 663 2927 11204 717 35322 510 5504 685 105677 532 594 3030 8798 12472 520 8211 866 310 353 489 300 337 1128 312 411 6026 1148 465
leaf_count=683 5172 506 663 2927 11204 717 35322 510 5504 685 105677 532 594 3030 8798 12472 520 8211 866 310 353 489 300 337 1128 312 411 6026 1148 465
internal_value=-0.00186679 -0.00796205 -0.000410298 -0.0112105 -0.0107183 -0.0110573 -0.000163605 0.000156626 -0.0112937 8.3795e-05 4.03336e-05 -0.000737935 0.00379897 -0.000642034 0.000514836 -0.00092834 -0.00607027 -0.0103379 0.00599589 -0.00113371 0.00543403 -0.00494481 -0.00178942 -0.00243047 -0.00678753 -0.00776728 -0.00515884 -0.000958076 -0.0123541 -0.000119723
internal_weight=215872 41634 174238 3890 29661 27304 170348 109368 26067 107225 106362 60980 2143 59622 11828 47794 1237 13715 1460 11973 863 1358 963 826 2357 1851 723 11663 12352 5637
internal_count=215872 41634 174238 3890 29661 27304 170348 109368 26067 107225 106362 60980 2143 59622 11828 47794 1237 13715 1460 11973 863 1358 963 826 2357 1851 723 11663 12352 5637
is_linear=0
shrinkage=0.03


Tree=190
num_leaves=31
num_cat=0
split_feature=27 12 5 8 8 103 19 2 30 103 107 100 33 100 109 29 99 107 89 90 103 4 12 8 8 103 95 0 100 0
split_gain=2121.45 899.721 531.946 123.414 46.0784 35.9613 52.2078 76.4048 102.972 61.5049 55.6518 48.9399 76.2791 49.4972 87.6437 46.4635 46.3852 43.4287 32.3375 32.1449 28.162 21.2096 19.2432 17.7398 13.8445 10.7028 9.1967 8.58423 7.69165 7.53108
threshold=382.50000000000006 -1.0000000180025095e-35 391.50000000000006 0.65000000000000047 0.1000000000000001 90.500000000000014 88.783333333333346 19.050000000000004 0.93301270189221952 96.500000000000014 -1.6500000000000001 3.0499999999999994 0.95691861501572195 0.79999999999999993 0.39999999999999952 52.500000000000007 17.550000000000004 1.0000000180025095e-35 28.950000000000003 0.90000000000000135 82.500000000000014 0.84999999999999976 0.15000000000000038 0.15000000000000038 0.39999999999999908 84.500000000000014 18.150000000000002 28.150000000000002 1.8999999999999997 24.450000000000003
decision_type=2 2 2 2 2 2 2 2 2 2 2 2 2 2 2 2 2 2 2 2 2 2 2 2 2 2 2 2 2 2
left_child=2 24 5 23 25 11 9 17 -9 16 -11 13 19 14 -1 -15 -7 -8 20 -13 28 -20 -22 -4 27 26 -3 -2 -6 -27
right_child=1 4 3 -5 18 6 7 8 -10 10 -12 12 -14 15 -16 -17 -18 -19 21 -21 22 -23 -24 -25 -26 29 -28 -29 -30 -31
leaf_value=-5.5925801536297286e-05 -3.4802648161376272e-05 -2.7701841381394445e-05 -0.0011642837744659242 -2.7597645854547042e-05 -2.7597645854547042e-05 -0.0014654906707613075 0.00025964516202179217 -9.4869081720001794e-05 0.011602814193791439 0.00642316078148216 -0.0020073274373393619 -0.00027462373453558664 0.0035620626482245196 0.0011475731593193843 -0.0014174811764785761 -3.3221136680019129e-05 0.0029402119898207053 -0.0032060581553319889 -2.7597670229341465e-05 -0.0032266149306447562 -2.7597645854547042e-05 -2.7728123764598897e-05 -2.7597645854547042e-05 2.4141168008902355e-05 -8.5091625599370961e-05 -2.9150357170426539e-05 -2.7994292976436751e-05 2.3442033019301923e-05 -2.7597645854547042e-05 -2.7125624944614659e-05
leaf_weight=22338 10487 301 390 2947 7678 1349 430 13862 2032 565 1544 1154 490 14073 9807 86625 11885 1365 725 2449 6367 489 9719 558 688 708 1055 762 2358 323
leaf_count=22338 10487 301 390 2947 7678 1349 430 13862 2032 565 1544 1154 490 14073 9807 86625 11885 1365 725 2449 6367 489 9719 558 688 708 1055 762 2358 323
internal_value=-0.00184288 -0.00792324 -0.000385905 -0.0113463 -0.0107171 -0.000134672 0.000753792 -0.000356981 0.000305757 0.00203435 -0.00272275 -0.000348993 -0.00357963 -0.000249428 -0.00127434 7.77565e-05 0.0027926 -0.00622216 -0.0110663 -0.00509018 -0.0112889 -0.0062716 -0.0105085 -0.00192835 -0.000966242 -0.00671482 -0.00846721 -0.000713333 -0.0125386 -0.00440407
internal_weight=215523 41660 173863 3895 29723 169968 33032 17689 15894 15343 2109 136936 4093 132843 32145 100698 13234 1795 27336 3603 26122 1214 16086 948 11937 2387 1356 11249 10036 1031
internal_count=215523 41660 173863 3895 29723 169968 33032 17689 15894 15343 2109 136936 4093 132843 32145 100698 13234 1795 27336 3603 26122 1214 16086 948 11937 2387 1356 11249 10036 1031
is_linear=0
shrinkage=0.03


Tree=191
num_leaves=31
num_cat=0
split_feature=27 12 5 8 8 29 109 33 2 29 88 94 89 102 89 102 96 96 91 21 12 8 86 89 102 27 33 102 3 8
split_gain=2131.74 892.588 509.883 131.904 46.4683 34.6514 47.697 43.0312 90.1889 82.4089 78.0506 71.8684 63.9688 39.6619 27.0643 35.8337 31.66 25.8258 22.7862 19.3764 18.8219 15.9773 12.3118 9.79307 11.8293 8.94263 8.16103 7.51208 7.57185 9.40733
threshold=382.50000000000006 -1.0000000180025095e-35 391.50000000000006 0.65000000000000047 0.1000000000000001 6.5000000000000009 -0.54999999999999971 0.76556758748011056 18.250000000000004 317.50000000000006 16.450000000000003 91.500000000000014 20.050000000000004 81.5763888888889 28.950000000000003 79.634722222222237 30.150000000000002 17.550000000000004 0.12291592890544203 0.76855576642374546 0.15000000000000038 0.15000000000000038 0.041666666666666671 24.550000000000004 84.495129216960706 407.50000000000006 -0.90161545992537195 92.404166666666683 27.850000000000005 1.0000000180025095e-35
decision_type=2 2 2 2 2 2 2 2 2 2 2 2 2 2 2 2 2 2 2 2 2 2 2 2 2 2 2 2 2 2
left_child=2 22 5 21 23 6 19 9 10 12 -9 -10 -7 17 15 -6 -16 -8 -11 -1 -17 -4 27 24 25 -3 -18 28 -2 -30
right_child=1 4 3 -5 14 7 13 8 11 18 -12 -13 -14 -15 16 20 26 -19 -20 -21 -22 -23 -24 -25 -26 -27 -28 -29 29 -31
leaf_value=0.0044853607970660025 -5.0409183829437754e-05 -0.00011697785433423776 -0.001028487146203517 -2.6769716478910632e-05 -2.6769716478910632e-05 -0.00065440318096397776 -0.0023742046470337464 0.00055219473343441682 0.0029107869167660917 0.0003182975894890852 -0.0019559121637249045 -0.0005059068144004352 1.289884161563238e-05 -0.0053700784217821764 -2.676972098888047e-05 -2.6769716478910632e-05 -0.00024954916243433601 0.0020684766783477357 -0.0033491094082218004 -0.00086851654957791904 -2.6769716478910632e-05 2.6110818816585935e-05 -5.2965239053725151e-05 -2.5699445184785099e-05 -2.8044852336395274e-05 -2.770740188613165e-05 0.0025840936024762013 0.0023385866529764482 -0.00015693602409018695 2.5191930728614201e-05
leaf_weight=423 10248 398 391 2860 12324 20126 1014 11405 16221 475 5528 3066 107856 678 567 5468 313 541 2535 300 8372 566 301 745 407 798 322 499 377 558
leaf_count=423 10248 398 391 2860 12324 20126 1014 11405 16221 475 5528 3066 107856 678 567 5468 313 541 2535 300 8372 566 301 745 407 798 322 499 377 558
internal_value=-0.00184229 -0.00793455 -0.000382186 -0.0112245 -0.0107219 -0.000138921 -0.00335813 -8.19912e-05 0.000833218 -0.000335056 -0.000764438 0.00223585 -0.000219639 -0.00552596 -0.0110695 -0.0112719 -0.00665835 -0.00288239 -0.00524078 0.00333564 -0.0102218 -0.00158142 -0.00102261 -0.00666667 -0.00533978 -0.00684211 -0.00205189 -0.000867928 -0.0010287 0.00155449
internal_weight=215682 41697 173985 3817 29714 170168 2956 167212 36220 130992 16933 19287 127982 2233 27366 26164 1202 1555 3010 723 13840 957 11983 2348 1603 1196 635 11682 11183 935
internal_count=215682 41697 173985 3817 29714 170168 2956 167212 36220 130992 16933 19287 127982 2233 27366 26164 1202 1555 3010 723 13840 957 11983 2348 1603 1196 635 11682 11183 935
is_linear=0
shrinkage=0.03


Tree=192
num_leaves=31
num_cat=0
split_feature=27 12 5 8 8 2 97 89 29 109 93 40 89 96 102 12 8 11 8 11 22 103 28 5 89 92 33 90 93 20
split_gain=2088.66 868.665 506.864 127.788 53.718 34.3271 34.1363 37.1908 35.8165 31.7313 36.0933 31.5165 30.3282 32.723 30.5509 16.9006 12.2109 11.9498 11.5853 18.1165 9.8455 9.4077 8.5692 8.54143 8.11604 7.58725 7.10654 5.67193 5.29201 6.79933
threshold=382.50000000000006 -1.0000000180025095e-35 391.50000000000006 0.65000000000000047 0.1000000000000001 9.5500000000000025 9.5000000000000018 29.650000000000002 54.500000000000007 2.3000000000000003 75.251388888888911 1.0000000180025095e-35 28.950000000000003 30.150000000000002 79.634722222222237 0.15000000000000038 0.15000000000000038 -1.0000000180025095e-35 0.19999999999999976 -0.15000000000000033 1327.3500000000001 85.500000000000014 3.5000000000000004 379.50000000000006 27.350000000000005 13.327934484706022 -0.90161545992537195 0.49999999999999872 93.556944444444454 94.21702898550727
decision_type=2 2 2 2 2 2 2 2 2 2 2 2 2 2 2 2 2 2 2 2 2 2 2 2 2 2 2 2 2 2
left_child=2 18 5 16 17 -1 9 8 -8 10 -7 -9 14 -14 24 -16 -4 -3 27 -20 -21 25 -23 -22 -6 -19 -15 -2 29 -29
right_child=1 4 3 -5 12 6 7 11 -10 -11 -12 -13 13 26 15 -17 -18 21 19 20 23 22 -24 -25 -26 -27 -28 28 -30 -31
leaf_value=-0.0037732809126985525 -8.45411673869974e-05 -3.3497365322735748e-05 -0.00099566076693947329 -2.5966624984543314e-05 -2.5966624984543314e-05 0.0071369025222555831 0.00041755480716613281 0.031050605833416598 -0.00010265834321744327 -0.0036210570895742343 0.00066866365767194523 0.0019310589630499738 -2.5966631059013271e-05 -0.00023791221523926257 -2.5966624984543314e-05 -2.5966624984543314e-05 2.070614468100701e-05 -2.6499302153050154e-05 -0.00065260932248913713 -0.00010217630275003158 -6.1098363209457766e-06 -2.6864605028744738e-05 -2.6847295983245839e-05 2.4157590896721943e-05 -2.5966624984543314e-05 -2.5922417523407141e-05 0.0025080128384924361 -2.4165262088851408e-05 0.0020932121825381141 -0.00060273386852732335
leaf_weight=397 509 513 389 2869 9008 868 25285 444 136387 401 4074 2479 567 315 5413 8329 575 318 387 326 588 310 416 344 3139 818 323 9189 328 386
leaf_count=397 509 513 389 2869 9008 868 25285 444 136387 401 4074 2479 567 315 5413 8329 575 318 387 326 588 310 416 344 3139 818 323 9189 328 386
internal_value=-0.00181631 -0.00786211 -0.000374808 -0.011162 -0.0106374 -0.000132004 -0.000111393 -0.000188006 -0.00024865 0.00224832 0.00290714 0.00316518 -0.0110168 -0.00635572 -0.0112335 -0.010262 -0.00170984 -0.00630682 -0.00107854 -0.00341738 -0.00166799 -0.00742351 -0.00474553 -9.6463e-05 -0.0123317 -0.00912929 -0.00169014 -0.000708729 -0.000549778 -0.000678258
internal_weight=215694 41526 174168 3833 29469 170335 169938 164595 161672 5343 4942 2923 27094 1205 25889 13742 964 2375 12057 1645 1258 1862 726 932 12147 1136 638 10412 9903 9575
internal_count=215694 41526 174168 3833 29469 170335 169938 164595 161672 5343 4942 2923 27094 1205 25889 13742 964 2375 12057 1645 1258 1862 726 932 12147 1136 638 10412 9903 9575
is_linear=0
shrinkage=0.03


Tree=193
num_leaves=31
num_cat=0
split_feature=27 12 4 27 12 2 98 109 84 29 97 97 91 89 96 104 102 11 102 109 33 24 0 84 33 90 12 33 97 0
split_gain=2127.06 881.55 372.268 120.273 43.7851 43.0906 40.5084 34.2478 31.8781 41.9055 32.6535 45.001 29.1613 25.5995 21.6484 20.623 18.1287 15.6611 16.4197 14.385 11.4857 11.4736 16.8716 9.80683 8.59414 7.73485 8.06266 12.6681 9.56221 7.36449
threshold=382.50000000000006 -1.0000000180025095e-35 2.9000000000000017 1.0000000180025095e-35 0.09999999999999877 31.150000000000002 -1.5499999999999987 0.20000000000000198 -3.2999999999999998 124.50000000000001 9.5000000000000018 12.350000000000003 0.18349943935323551 28.950000000000003 30.150000000000002 23.040181114001893 79.634722222222237 -1.0000000180025095e-35 83.018055555555563 -2.2499999999999996 -0.16799793862756093 3.8145060896321348 26.650000000000002 0.25000000000000006 -0.70289845916694649 0.49999999999999872 -0.24999999999999997 -0.93543596745397617 29.050000000000004 18.850000000000005
decision_type=2 2 2 2 2 2 2 2 2 2 2 2 2 2 2 2 2 2 2 2 2 2 2 2 2 2 2 2 2 2
left_child=2 23 5 7 17 8 -5 21 9 29 12 -12 -10 16 -15 -8 -6 -3 -19 -11 -18 22 -4 25 -20 -2 27 -27 -28 -1
right_child=1 4 3 6 13 -7 15 -9 10 19 11 -13 -14 14 -16 -17 20 18 24 -21 -22 -23 -24 -25 -26 26 28 -29 -30 -31
leaf_value=0.0073448949950796179 -7.0276806675784279e-05 -2.4180082492094216e-05 -2.5187626235007015e-05 -0.0023439721978939804 -2.5187626235007015e-05 0.030604436376310565 0.056279810729572666 -2.5187626235007015e-05 -0.00036574227196391619 0.0025008039511666036 -0.0022543388579174596 -5.1901473745199581e-05 0.0029739901942248334 -2.518589429996946e-05 -0.00012798589561366253 -0.00021081008095161964 -2.5187626235007015e-05 -2.5187626235007015e-05 -2.524472969453022e-05 -0.0045774088867718832 -2.5187626235007015e-05 -2.5187626235007015e-05 -2.5187626235007015e-05 -3.8072977166288461e-05 -2.5210042990725049e-05 -0.00084257398570974473 -1.0071893258799835e-05 -0.00046382217588264999 3.5331907627487488e-05 0.027580669711930007
leaf_weight=435 566 1316 511 514 9269 307 408 1805 1830 557 2191 159834 3561 379 475 385 6611 5314 518 392 3765 674 370 314 1980 368 6214 3961 536 395
leaf_count=435 566 1316 511 514 9269 307 408 1805 1830 557 2191 159834 3561 379 475 385 6611 5314 518 392 3765 674 370 314 1980 368 6214 3961 536 395
internal_value=-0.00184146 -0.00793734 -0.000385916 -0.00874357 -0.0107123 -0.000155749 -0.00102064 -0.0117465 -0.000176157 0.00381742 -0.000218616 -0.000295045 0.00207808 -0.0114827 -0.00638596 0.00323048 -0.0117039 -0.00898127 -0.00949187 -0.000489474 -0.0108384 -0.00847365 -0.00620748 -0.00106229 -0.00747899 -0.000920917 -0.000745939 -0.00175635 -9.77633e-05 0.00873646
internal_weight=215755 41586 174169 4667 29627 169502 1307 3360 169195 1779 167416 162025 5391 20499 854 793 19645 9128 7812 949 10376 1555 881 11959 2498 11645 11079 4329 6750 830
internal_count=215755 41586 174169 4667 29627 169502 1307 3360 169195 1779 167416 162025 5391 20499 854 793 19645 9128 7812 949 10376 1555 881 11959 2498 11645 11079 4329 6750 830
is_linear=0
shrinkage=0.03


Tree=194
num_leaves=31
num_cat=0
split_feature=27 12 5 8 8 18 89 96 102 11 24 75 29 8 56 9 12 8 17 12 24 5 11 8 103 96 47 3 85 33
split_gain=2127.9 885.767 510.89 138.394 48.7178 35.9292 29.9231 35.236 32.9321 29.0318 24.8985 56.9816 36.9449 23.154 20.9351 21.1149 18.775 17.2872 16.148 13.9721 13.1921 11.5103 11.1986 9.41711 9.20499 8.79842 8.40101 8.06093 10.3761 8.01465
threshold=382.50000000000006 -1.0000000180025095e-35 391.50000000000006 0.65000000000000047 0.10000000000000099 1.0000000180025095e-35 28.950000000000003 30.150000000000002 79.634722222222237 -0.34999999999999959 1.3403118893337533 0.4763157894736843 224.50000000000003 0.59999999999999887 2.3350000000000004 -0.24999999999999997 0.15000000000000038 0.15000000000000038 2.5000000000000004 -1.0000000180025095e-35 2.3171082074324034 215.50000000000003 -1.0000000180025095e-35 0.39999999999999908 84.500000000000014 18.850000000000005 1.0000000180025095e-35 13.350000000000003 -2.1000000000000005 -0.90161545992537195
decision_type=2 2 2 2 2 2 2 2 2 2 2 2 2 2 2 2 2 2 2 2 2 2 2 2 2 2 2 2 2 2
left_child=2 23 5 17 22 9 8 -8 26 18 12 -12 -11 14 15 -7 -10 -4 21 -15 -21 -1 -3 27 25 -24 -6 28 -2 -9
right_child=1 4 3 -5 6 13 7 29 16 10 11 -13 -14 19 -16 -17 -18 -19 -20 20 -22 -23 24 -25 -26 -27 -28 -29 -30 -31
leaf_value=0.012083307699207395 -0.00072532807483071825 -5.3600502885836606e-05 -0.0010070436284975348 -2.4431997447956804e-05 -2.4431997447956804e-05 0.0082458960968139396 -2.4432072732025324e-05 -0.00022693458360796423 -2.4431997447956804e-05 -2.7923967573023337e-05 4.3421150153117177e-05 0.010630358663713434 -0.0011039838071084211 -0.00092368622991833703 0.011264299652634431 -0.00030432289247976966 -2.4431997447956804e-05 3.6038374584885831e-05 -0.0012933328965254998 2.1261876245902113e-05 -0.0010349516365068454 0.0015990076448407541 -2.4688707644720295e-05 -7.0785330819526552e-05 -2.5050907592109702e-05 -2.4682640417755785e-05 -2.4431997447956804e-05 -1.997711989929707e-05 2.1183652307701243e-05 0.0038650865852390406
leaf_weight=1221 467 509 393 2936 11897 453 577 318 5487 8332 95491 960 2420 519 373 58706 8352 557 442 488 335 519 323 682 835 707 332 10476 305 333
leaf_count=1221 467 509 393 2936 11897 453 577 318 5487 8332 95491 960 2420 519 373 58706 8352 557 442 488 335 519 323 682 835 707 332 10476 305 333
internal_value=-0.00182374 -0.00791952 -0.000367536 -0.0111217 -0.0106953 -0.000122019 -0.011054 -0.00646867 -0.0112697 0.000203088 0.000133344 0.000285997 -0.00123593 -0.000706201 -0.000618313 -0.000663032 -0.0102648 -0.00116719 0.00362803 -0.00460164 -0.00216626 0.0049282 -0.00656842 -0.00101584 -0.00764469 -0.00954413 -0.012406 -0.000808072 -0.00376455 -0.00167945
internal_weight=215745 41600 174145 3886 29670 170259 27296 1228 26068 109385 107203 96451 10752 60874 59532 59159 13839 950 2182 1342 823 1740 2374 11930 1865 1030 12229 11248 772 651
internal_count=215745 41600 174145 3886 29670 170259 27296 1228 26068 109385 107203 96451 10752 60874 59532 59159 13839 950 2182 1342 823 1740 2374 11930 1865 1030 12229 11248 772 651
is_linear=0
shrinkage=0.03


Tree=195
num_leaves=31
num_cat=0
split_feature=25 12 4 25 26 12 25 3 87 100 92 33 29 104 107 108 91 11 89 102 96 12 2 24 92 94 12 33 2 3
split_gain=1732.73 493.235 317.817 269.386 258.581 298.913 117.757 48.0111 34.9359 58.83 56.7063 63.8137 51.45 40.133 39.1037 24.8821 20.4874 18.8267 18.0033 23.8421 22.7748 18.8684 10.375 10.2261 12.6806 9.66734 8.61478 8.84991 8.75305 9.65804
threshold=6.5000000000000009 -1.0000000180025095e-35 3.3500000000000001 5.5000000000000009 22.500000000000004 -1.0000000180025095e-35 1.0000000180025095e-35 22.850000000000005 -0.18333333333333338 3.2500000000000004 20.145190836771164 0.31595530242620651 94.500000000000014 17.268586741818915 2.9000000000000017 0.25000000000000006 0.1626117690597576 -1.0000000180025095e-35 28.950000000000003 79.634722222222237 30.150000000000002 0.15000000000000038 18.150000000000002 3.8032154226654336 23.862567094985078 63.500000000000007 -0.15000000000000033 -0.90161545992537195 18.150000000000002 17.350000000000005
decision_type=2 2 2 2 2 2 2 2 2 2 2 2 2 2 2 2 2 2 2 2 2 2 2 2 2 2 2 2 2 2
left_child=2 26 3 8 16 -6 15 -8 9 12 11 -10 -1 -12 -11 -4 -5 -7 19 -3 -20 22 -21 24 -17 -18 27 -2 -29 -30
right_child=1 18 6 4 5 17 7 -9 10 14 13 -13 -14 -15 -16 23 25 -19 20 21 -22 -23 -24 -25 -26 -27 -28 28 29 -31
leaf_value=0.0014171083273687157 -0.00059441598849445528 -2.3699037524518101e-05 -2.3699037524518101e-05 4.1432608551226913e-05 -3.2969384428229337e-05 -2.2690860440175691e-05 0.043019418067583921 -0.00062298880186990239 -0.001599170772024257 0.0025809081234144508 0.0036597356126034379 -0.00032630863031122252 -4.1206285640055504e-05 1.0820763701954557e-05 -0.0026363712813432865 -2.3699037524518101e-05 0.0015330382613365158 -2.3699037524518101e-05 -2.3698422643871455e-05 -2.3699037524518101e-05 -0.00022012723440543587 -2.3699037524518101e-05 -2.3699037524518101e-05 -2.3699037524518101e-05 -2.3699037524518101e-05 -2.027244793918564e-05 2.2563284894402244e-06 -0.00042836796530424352 0.003880035142164175 -0.00011991314683559964
leaf_weight=21245 342 9505 1619 2790 6073 752 498 573 8776 546 478 27712 60662 37461 2290 460 411 8274 424 463 455 6653 3111 690 348 7622 2213 856 323 1928
leaf_count=21245 342 9505 1619 2790 6073 752 498 573 8776 546 478 27712 60662 37461 2290 460 411 8274 424 463 455 6653 3111 690 348 7622 2213 856 323 1928
internal_value=-0.00184722 -0.00906657 -0.000845093 -0.000660155 -0.00349612 -0.00603278 -0.00901647 -0.000433769 -0.000198277 0.000218246 -0.000672529 -0.0015169 0.000365349 0.000139562 -0.0040289 -0.0119644 4.29601e-05 -0.00949485 -0.0112209 -0.0114083 -0.00700568 -0.0103994 -0.00863497 -0.00916611 -0.00686032 -0.000726288 -0.00122373 -0.00216087 -0.00165541 -0.000672735
internal_weight=215553 26273 189280 185092 25922 15099 4188 1071 159170 84743 74427 36488 81907 37939 2836 3117 10823 9026 20611 19732 879 10227 3574 1498 808 8033 5662 3449 3107 2251
internal_count=215553 26273 189280 185092 25922 15099 4188 1071 159170 84743 74427 36488 81907 37939 2836 3117 10823 9026 20611 19732 879 10227 3574 1498 808 8033 5662 3449 3107 2251
is_linear=0
shrinkage=0.03


Tree=196
num_leaves=31
num_cat=0
split_feature=27 12 5 8 8 29 2 19 102 89 102 96 95 23 12 4 11 24 3 8 11 23 8 89 103 96 33 90 33 33
split_gain=2106.22 919.599 483.419 117.622 54.8895 33.4563 31.9077 32.3404 36.3304 29.9037 30.5796 29.9116 24.6437 21.6098 18.2861 15.8015 14.3065 13.0797 8.33079 9.21398 17.2954 10.763 9.02748 8.13208 7.72179 8.94719 7.97067 7.13904 7.80359 6.35861
threshold=382.50000000000006 -1.0000000180025095e-35 393.50000000000006 0.65000000000000047 0.1000000000000001 364.50000000000006 9.5500000000000025 44.447435897435902 80.386111111111134 28.950000000000003 79.634722222222237 30.150000000000002 18.450000000000003 10.551166695144955 0.15000000000000038 3.2000000000000002 -1.0000000180025095e-35 3.8145060896321348 27.850000000000005 0.19999999999999976 -0.15000000000000033 13.420714180822493 1.0000000180025095e-35 27.350000000000005 84.500000000000014 18.750000000000004 0.011826144619637555 0.49999999999999872 0.21652257995689161 -0.90161545992537195
decision_type=2 2 2 2 2 2 2 2 2 2 2 2 2 2 2 2 2 2 2 2 2 2 2 2 2 2 2 2 2 2
left_child=2 18 5 17 16 6 -1 12 -9 10 23 -11 -8 -7 -12 -5 -3 -4 19 27 -21 -22 -20 -6 25 -18 -26 -2 -29 -13
right_child=1 4 3 15 9 13 7 8 -10 11 14 29 -14 -15 -16 -17 24 -19 22 20 21 -23 -24 -25 26 -27 -28 28 -30 -31
leaf_value=-0.0036805772442943248 -0.00010054722761353117 -4.4712066739908028e-05 1.8219582178064067e-05 -0.00012189400759547601 -2.2988066398782561e-05 0.0011010898619923293 0.0051174952177011823 -0.00019020237195545907 6.3192186918659208e-05 -2.2987469564199259e-05 -2.2988066398782561e-05 -0.00021352307322083683 0.00021544773504624136 0.012568133722732768 -2.2988066398782561e-05 -2.2988066398782561e-05 -2.322462930934822e-05 -0.0010815463421532839 -0.00013857517627847524 -0.00061558408310178475 -8.7432613016314372e-05 2.2093177860405395e-06 2.7717063239647693e-05 -2.2988066398782561e-05 -2.2679459314765493e-05 -2.3249625445627334e-05 -2.4393282703357646e-05 -9.0668877038437094e-05 5.1778911730269988e-07 0.0022564258510628953
leaf_weight=400 468 509 666 409 9132 301 982 88769 78149 568 5479 318 1007 330 8281 2488 304 309 371 376 311 791 582 3211 368 728 450 2686 6364 329
leaf_count=400 468 509 666 409 9132 301 982 88769 78149 568 5479 318 1007 330 8281 2488 304 309 371 376 311 791 582 3211 368 728 450 2686 6364 329
internal_value=-0.00181584 -0.0078771 -0.000364189 -0.0108443 -0.0107064 -0.000125339 -0.000151056 -0.000130988 -0.000176313 -0.0110857 -0.0113 -0.00647615 0.00367085 0.00676424 -0.0103248 -0.0138768 -0.00631144 -0.00182889 -0.000849791 -0.00108302 -0.003286 -0.00138713 0.00183962 -0.0123862 -0.00753647 -0.00926428 -0.00534799 -0.000740624 -0.00055353 -0.00206019
internal_weight=215436 41626 173810 3872 29677 169938 169307 168907 166918 27318 26103 1215 1989 631 13760 2897 2359 975 11949 10996 1478 1102 953 12343 1850 1032 818 9518 9050 647
internal_count=215436 41626 173810 3872 29677 169938 169307 168907 166918 27318 26103 1215 1989 631 13760 2897 2359 975 11949 10996 1478 1102 953 12343 1850 1032 818 9518 9050 647
is_linear=0
shrinkage=0.03


Tree=197
num_leaves=31
num_cat=0
split_feature=27 12 5 8 8 29 89 96 102 9 18 94 56 12 4 11 8 3 8 83 18 95 103 92 12 31 91 19 15 9
split_gain=2114.64 897.771 471.113 121.127 51.4787 31.5083 31.3968 34.5294 30.9457 30.732 31.034 27.1318 19.8577 18.6437 17.5061 16.9388 12.9988 9.65944 11.1739 8.60151 9.67158 8.0138 7.73305 7.98996 7.23461 7.22827 6.12469 5.67611 4.67646 2.69798
threshold=382.50000000000006 -1.0000000180025095e-35 393.50000000000006 0.65000000000000047 0.1000000000000001 364.50000000000006 28.950000000000003 30.150000000000002 79.634722222222237 -0.20000000000000193 1.0000000180025095e-35 62.500000000000007 2.3350000000000004 0.15000000000000038 3.2000000000000002 -1.0000000180025095e-35 0.15000000000000038 27.850000000000005 1.0000000180025095e-35 -2.0499999999999989 1.0000000180025095e-35 31.350000000000005 84.500000000000014 13.327934484706022 -0.20000000000000193 1.0000000180025095e-35 0.54509244507743648 94.215384615384622 0.074768947299123686 -0.24999999999999997
decision_type=2 2 2 2 2 2 2 2 2 2 2 2 2 2 2 2 2 2 2 2 2 2 2 2 2 2 2 2 2 2
left_child=2 17 5 16 15 9 8 -8 21 26 11 -11 -12 -10 -5 -3 -4 19 -19 -2 27 -6 23 -17 -22 -24 29 -21 -9 -1
right_child=1 4 3 14 6 -7 7 28 13 10 12 -13 -14 -15 -16 22 -18 18 -20 20 24 -23 25 -25 -26 -27 -28 -29 -30 -31
leaf_value=0.011501475039000293 0.0072272437395698415 -3.2120106765100406e-05 -0.00098747443384820184 -0.00011744510080751481 -2.2298424406819081e-05 0.0066896992558172037 -2.2297846276308159e-05 -0.00033646151582845664 -2.2298424406819081e-05 0.0019572415860938126 -0.00029485572573722418 4.983303282987449e-06 0.01088981087871484 -2.2298424406819081e-05 -2.2298424406819081e-05 -2.2799755199771408e-05 3.4500492695986038e-05 -0.00015723118597009216 2.7953495486546718e-05 -2.794549131362396e-06 -0.00066254928332861037 -2.2298424406819081e-05 -2.1900650899024834e-05 -2.2464846756400437e-05 -1.946611186101986e-05 -2.4485616701824712e-05 0.0010066838659985788 -0.00024763017786193919 0.0021887330755310081 0.002955926296349005
leaf_weight=544 318 514 384 412 11159 597 557 332 5520 3700 59528 104354 359 8199 2472 305 561 367 565 4925 2653 1106 376 718 2734 446 328 303 302 343
leaf_count=544 318 514 384 412 11159 597 557 332 5520 3700 59528 104354 359 8199 2472 305 561 367 565 4925 2653 1106 376 718 2734 446 328 303 302 343
internal_value=-0.00181445 -0.00790688 -0.000361383 -0.0107663 -0.010707 -0.000126624 -0.0110761 -0.00630453 -0.0112946 -0.000150925 -0.000185332 0.000118273 -0.000733118 -0.010313 -0.0138198 -0.00645127 -0.00144292 -0.00093671 0.00199357 -0.00118667 -0.00133242 -0.0123916 -0.00779252 -0.00953613 -0.00222439 -0.00561361 0.00460115 -0.000413081 -0.00151181 0.00589527
internal_weight=214981 41399 173582 3829 29534 169753 27175 1191 25984 169156 167941 108054 59887 13719 2884 2359 945 11865 932 10933 10615 12265 1845 1023 5387 822 1215 5228 634 887
internal_count=214981 41399 173582 3829 29534 169753 27175 1191 25984 169156 167941 108054 59887 13719 2884 2359 945 11865 932 10933 10615 12265 1845 1023 5387 822 1215 5228 634 887
is_linear=0
shrinkage=0.03


Tree=198
num_leaves=31
num_cat=0
split_feature=27 12 5 8 8 89 29 96 104 29 2 96 19 89 102 107 4 0 108 11 8 95 33 32 13 97 32 90 90 83
split_gain=2109.34 916.32 463.66 126.021 55.3744 35.6238 33.8828 32.948 32.713 93.812 127.991 48.9474 39.96 43.4551 29.5639 26.2817 19.7657 18.2 16.9264 13.8657 11.379 7.99303 7.77303 8.14448 7.54743 9.05384 16.1882 16.0472 12.0716 6.56388
threshold=382.50000000000006 -1.0000000180025095e-35 393.50000000000006 0.65000000000000047 0.1000000000000001 28.950000000000003 364.50000000000006 30.150000000000002 14.191989762055238 74.500000000000014 21.250000000000004 25.350000000000005 44.447435897435902 20.550000000000004 79.634722222222237 1.8999999999999997 3.2000000000000002 16.950000000000003 4.4500000000000011 -1.0000000180025095e-35 0.15000000000000038 31.350000000000005 0.90438663683299525 0.61237135649459018 0.026666666666666606 24.350000000000005 -0.65234524191686594 1.9000000000000015 0.49999999999999872 -0.39999999999999897
decision_type=2 2 2 2 2 2 2 2 2 2 2 2 2 2 2 2 2 2 2 2 2 2 2 2 2 2 2 2 2 2
left_child=2 24 6 20 19 14 8 -7 12 10 -10 -11 15 -14 21 -1 -5 -8 -16 -3 -4 -6 23 -21 25 26 -2 29 -28 -27
right_child=1 4 3 16 5 7 17 -9 9 11 -12 -13 13 -15 18 -17 -18 -19 -20 22 -22 -23 -24 -25 -26 27 28 -29 -30 -31
leaf_value=0.0087968807362448324 -0.00026824821757514666 -4.3539330237996628e-05 -0.00083115307689084542 -0.00013415808060510709 -2.1629471674614509e-05 -2.1628910088984033e-05 0.0014077290755754113 -0.00014733721890556562 0.00067988803451423719 -0.00033438378051761045 0.011043741891583166 3.4756241009498915e-05 -0.00077333746842075273 0.0013290697743630574 -2.1629471674614509e-05 0.00014405657973010771 -2.1629471674614509e-05 0.013477478153360161 -2.1629471674614509e-05 -2.1498979168062332e-05 3.6340781666056583e-05 -2.1629471674614509e-05 -2.2504965932274707e-05 -2.2361619682807867e-05 -0.00051924016094828359 0.00014967113908137371 -9.944212497769379e-05 -0.00034096692059541343 -2.4934816760215541e-05 7.6390390771042727e-07
leaf_weight=609 922 492 375 429 11096 573 306 665 16881 45321 2814 75876 25393 1982 13292 780 2462 316 440 969 577 1106 301 546 389 1424 393 792 6416 1623
leaf_count=609 922 492 375 429 11096 573 306 665 16881 45321 2814 75876 25393 1982 13292 780 2462 316 440 969 577 1106 301 546 389 1424 393 792 6416 1623
internal_value=-0.00177778 -0.00786088 -0.000330027 -0.0106335 -0.0107021 -0.0110812 -9.74283e-05 -0.00610169 -0.000123072 6.51558e-05 0.00198543 -0.00024691 -0.00104502 -0.00129694 -0.0113187 0.00391727 -0.01375 0.00688604 -0.0103612 -0.00623647 -0.00116474 -0.0123953 -0.00744634 -0.00832124 -0.000856605 -0.000718175 -0.00130949 0.000472656 -0.000803965 0.00146161
internal_weight=215560 41439 174121 3843 29480 27172 170278 1238 169656 140892 19695 121197 28764 27375 25934 1389 2891 622 13732 2308 952 12202 1816 1515 11959 11570 7731 3839 6809 3047
internal_count=215560 41439 174121 3843 29480 27172 170278 1238 169656 140892 19695 121197 28764 27375 25934 1389 2891 622 13732 2308 952 12202 1816 1515 11959 11570 7731 3839 6809 3047
is_linear=0
shrinkage=0.03


Tree=199
num_leaves=31
num_cat=0
split_feature=27 12 5 12 4 2 29 1 0 109 3 96 22 102 107 102 33 85 24 108 7 3 27 33 108 67 3 33 2 109
split_gain=2073.05 917.104 448.332 45.2402 34.0812 31.8387 30.9741 30.077 30.7366 28.2772 27.8506 28.8634 23.2739 16.9338 16.1188 15.0841 11.4208 11.7675 10.9863 10.5907 10.4631 10.4449 10.0888 9.94408 9.21785 6.44484 6.42618 5.77605 8.72005 13.2019
threshold=382.50000000000006 -1.0000000180025095e-35 391.50000000000006 0.09999999999999877 3.2999999999999985 9.5500000000000025 364.50000000000006 44.500000000000007 30.350000000000005 0.20000000000000198 28.950000000000003 30.150000000000002 1121.6000000000001 79.634722222222237 1.7000000000000004 83.018055555555563 -0.70289845916694649 -0.29999999999999799 2.9394477423528795 4.3000000000000034 1.5000000000000011 27.850000000000005 407.50000000000006 0.48877522411129348 1.2500000000000002 0.28947368421052638 28.850000000000005 0.64414586362404946 18.150000000000002 -2.7000000000000015
decision_type=2 2 2 2 2 2 2 2 2 2 2 2 2 2 2 2 2 2 2 2 2 2 2 2 2 2 2 2 2 2
left_child=2 21 5 15 20 -1 7 14 -9 18 13 -12 -8 25 -7 22 -17 -18 -6 -15 -4 27 23 -3 -23 -5 -24 -2 -29 -30
right_child=1 3 4 10 9 6 12 8 -10 -11 11 -13 -14 19 -16 16 17 -19 -20 -21 -22 24 26 -25 -26 -27 -28 28 29 -31
leaf_value=-0.0035482042360340535 -5.7823219513437956e-05 -2.1044740656450176e-05 -0.00018920396763561796 -2.0980587524376073e-05 -2.0980587524376073e-05 0.0084226005461619739 0.0005411523535703125 -4.1947400452636664e-05 0.020348370462086388 -2.0980587524376073e-05 -2.098058244400303e-05 -0.00013172122022000974 0.015504137033795155 -2.0980587524376073e-05 0.0010885681205529151 -2.1039885189203061e-05 -2.0979914197018966e-05 -2.1003079654897673e-05 -2.0980587524376073e-05 -2.0980587524376073e-05 -4.2520614108760093e-05 4.0756481585132423e-05 -2.0980587524376073e-05 -2.0977701923381197e-05 -3.3147420808735696e-05 -2.0980587524376073e-05 -2.0977938767406943e-05 -0.0001019129984297942 0.0056546625077950104 -6.9475045602655309e-06
leaf_weight=401 5908 1398 329 8908 441 717 300 166387 498 1670 398 472 329 9993 1220 580 1767 525 977 307 446 606 3883 710 343 310 301 2277 522 2295
leaf_count=401 5908 1398 329 8908 441 717 300 166387 498 1670 398 472 329 9993 1220 580 1767 525 977 307 446 606 3883 710 343 310 301 2277 522 2295
internal_value=-0.00178102 -0.00780467 -0.000341851 -0.0106405 -0.0104464 -0.000111979 -9.19729e-05 -0.000116749 -0.0001599 -0.0118582 -0.0114282 -0.00616533 0.00654762 -0.0116625 0.00359907 -0.00888707 -0.00707971 -0.00612298 -0.0087315 -0.0108223 -0.00481314 -0.000791918 -0.00971079 -0.00800853 0.00222632 -0.0126001 -0.0105663 -0.00105244 -0.000312071 0.000803762
internal_weight=215218 41503 173715 29552 3863 169852 169451 168822 166885 3088 20388 870 629 19518 1937 9164 2872 2292 1418 10300 775 11951 6292 2108 949 9218 4184 11002 5094 2817
internal_count=215218 41503 173715 29552 3863 169852 169451 168822 166885 3088 20388 870 629 19518 1937 9164 2872 2292 1418 10300 775 11951 6292 2108 949 9218 4184 11002 5094 2817
is_linear=0
shrinkage=0.03


Tree=200
num_leaves=31
num_cat=0
split_feature=27 12 5 8 8 89 96 104 33 94 29 97 103 41 98 32 0 107 97 94 4 103 33 33 103 11 8 32 4 101
split_gain=2049.52 939.096 461.632 115.507 53.1807 33.0698 34.3398 31.259 81.675 72.1308 61.9452 60.4126 43.6083 78.2719 55.4486 51.9479 51.588 43.018 33.8669 33.5786 31.2263 27.0809 26.5647 19.4148 18.8433 13.3805 12.6645 9.26419 8.87281 8.36504
threshold=382.50000000000006 -1.0000000180025095e-35 393.50000000000006 0.65000000000000047 0.1000000000000001 28.950000000000003 30.150000000000002 14.191989762055238 0.76556758748011056 91.500000000000014 317.50000000000006 16.550000000000004 68.500000000000014 1.0000000180025095e-35 -2.4000000000000008 0.82414472752956958 15.350000000000003 -1.0000000180025095e-35 18.950000000000003 61.500000000000007 3.2000000000000002 82.500000000000014 0.95691861501572195 -0.54219087765047058 66.500000000000014 -1.0000000180025095e-35 0.09999999999999877 -0.35846811432664222 3.5999999999999992 -0.0047287991333952407
decision_type=2 2 2 2 2 2 2 2 2 2 2 2 2 2 2 2 2 2 2 2 2 2 2 2 2 2 2 2 2 2
left_child=2 -2 7 26 25 21 -7 12 10 11 19 -10 13 24 22 -15 -16 -12 -11 -9 -5 29 -14 -23 -1 -3 -4 -27 -28 -6
right_child=1 4 3 20 5 6 -8 8 9 18 17 -13 14 15 16 -17 -18 -19 -20 -21 -22 23 -24 -25 -26 27 28 -29 -30 -31
leaf_value=-0.0060524487187100569 -2.4232669932673465e-05 -4.7568625419663489e-05 -0.0012463939865363361 -0.00012162322064157261 -2.0351169898644794e-05 -2.0350625713350477e-05 -0.00013896546669092428 0.0032181095577505652 0.012454839565045265 -0.0022659449854785679 0.0045619716220482468 0.0021511944509256874 -0.0060053570029405109 0.0018304898808721626 0.0010835457734580244 -0.0020711378806606163 -0.0010184264424084415 -0.003160640189229937 -2.9424844799676996e-05 -3.9791813875443702e-05 -2.0351169898644794e-05 -2.0351169898644794e-05 -0.00078813812585651062 -2.0351169898644794e-05 -0.00073395338757920926 -2.0422162610328677e-05 -0.00012841229860598274 -2.0815496327562748e-05 6.8594461024729298e-05 -2.0351169898644794e-05
leaf_weight=750 11962 496 302 420 2500 580 639 1776 698 1104 461 16359 804 7471 3895 972 14351 2185 2409 116211 2524 6523 319 9569 372 646 305 1207 359 7424
leaf_count=750 11962 496 302 420 2500 580 639 1776 698 1104 461 16359 804 7471 3895 972 14351 2185 2409 116211 2524 6523 319 9569 372 646 305 1207 359 7424
internal_value=-0.00179358 -0.00778035 -0.000364468 -0.0105548 -0.0106483 -0.011022 -0.00618443 -0.000130218 5.38582e-05 0.00180108 -0.000244085 0.00260728 -0.00102851 0.000628789 -0.00184693 0.00161831 -0.00144846 -0.00478277 -0.00211298 -0.00014226 -0.0135076 -0.0112484 -0.00831406 -0.0104859 -0.00681211 -0.00631277 -0.00155119 -0.00748382 0.000766917 -0.0124836
internal_weight=215593 41546 174047 3910 29584 27235 1219 170137 141203 20570 120633 17057 28934 9565 19369 8443 18246 2646 3513 117987 2944 26016 1123 16092 1122 2349 966 1853 664 9924
internal_count=215593 41546 174047 3910 29584 27235 1219 170137 141203 20570 120633 17057 28934 9565 19369 8443 18246 2646 3513 117987 2944 26016 1123 16092 1122 2349 966 1853 664 9924
is_linear=0
shrinkage=0.03


Tree=201
num_leaves=31
num_cat=0
split_feature=27 12 5 12 109 29 108 0 29 88 29 3 96 23 103 4 96 103 24 103 4 0 103 103 92 108 3 94 12 97
split_gain=2083.17 942.685 452.423 46.4743 35.9615 33.0507 64.9445 33.8913 47.0685 92.6928 38.8227 29.4114 26.0601 24.9424 23.3724 22.0946 20.2048 31.884 18.886 16.2101 15.9135 13.4966 10.235 10.1031 9.33399 8.7264 12.437 8.47921 8.11314 17.6557
threshold=382.50000000000006 -1.0000000180025095e-35 393.50000000000006 0.09999999999999877 1.0000000180025095e-35 6.5000000000000009 0.59999999999999887 11.15 56.500000000000007 18.350000000000005 364.50000000000006 28.950000000000003 30.150000000000002 7.6346356864910137 84.500000000000014 3.3500000000000001 18.350000000000005 83.500000000000014 3.8145060896321348 81.500000000000014 0.4000000000000013 26.650000000000002 70.500000000000014 82.500000000000014 25.515482232868205 1.9000000000000015 17.750000000000004 75.500000000000014 -0.24999999999999997 24.250000000000004
decision_type=2 2 2 2 2 2 2 2 2 2 2 2 2 2 2 2 2 2 2 2 2 2 2 2 2 2 2 2 2 2
left_child=2 28 5 23 18 6 14 13 9 -9 -10 19 -13 22 20 -6 -8 -18 21 -5 -1 -4 -7 27 -21 -25 -27 -3 -2 -30
right_child=1 3 4 11 15 7 16 8 10 -11 -12 12 -14 -15 -16 -17 17 -19 -20 24 -22 -23 -24 25 -26 26 -28 -29 29 -31
leaf_value=-0.0046059335707706378 -0.00051598049940104794 -1.9740634801685451e-05 -1.9740634801685451e-05 -1.9740634801685451e-05 -8.6698018450837892e-05 -0.0047064599561491656 0.003742564662389427 6.9242588828285876e-06 -5.9643798854642394e-05 0.0042992982699151076 0.0073688368165427441 -1.9740106541593907e-05 -0.00013479650173107066 0.0046072692774844414 -0.00612972244455629 -1.9740634801685451e-05 0.0041735292527991796 -0.0026405123365062307 -1.9740634801685451e-05 -1.9740634801685451e-05 -0.00014825928301527566 -1.9740634801685451e-05 -0.0017691306151099461 -1.9740634801685451e-05 -1.9740634801685451e-05 -1.9765254477458211e-05 -1.9222797419137252e-05 -1.9740634801685451e-05 -3.1809455249935446e-05 1.9191309532390872e-05
leaf_weight=729 4425 720 636 6250 365 715 488 16540 141215 6891 566 389 477 324 530 1886 423 310 606 12313 568 342 907 4240 1043 410 772 3038 5010 2470
leaf_count=729 4425 720 636 6250 365 715 488 16540 141215 6891 566 389 477 324 530 1886 423 310 606 12313 568 342 907 4240 1043 410 772 3038 5010 2470
internal_value=-0.00178289 -0.00781763 -0.0003419 -0.0106805 -0.0105305 -0.000112275 -0.00320761 -5.58151e-05 -9.44236e-06 0.00123613 -0.000215295 -0.0114766 -0.00605536 -0.00399076 -0.00678611 -0.0129685 0.00214812 -0.00100136 -0.00705994 -0.0117157 -0.00461094 -0.00447395 -0.00550832 -0.00890426 -0.0111223 -0.00807118 -0.00578191 -0.0101038 -0.000686629 -8.42133e-05
internal_weight=215598 41557 174041 29652 3835 170206 3048 167158 165212 23431 141781 20472 866 1946 1827 2251 1221 733 1584 19606 1297 978 1622 9180 13356 5422 1182 3758 11905 7480
internal_count=215598 41557 174041 29652 3835 170206 3048 167158 165212 23431 141781 20472 866 1946 1827 2251 1221 733 1584 19606 1297 978 1622 9180 13356 5422 1182 3758 11905 7480
is_linear=0
shrinkage=0.03


Tree=202
num_leaves=31
num_cat=0
split_feature=27 12 5 8 8 89 4 102 95 23 2 108 107 24 100 91 102 92 5 98 12 11 8 0 103 102 4 3 8 92
split_gain=2058.65 928.432 443.651 123.07 50.8185 34.3088 34.1727 31.114 60.5188 53.8505 80.3087 71.0047 42.0219 34.7204 33.5622 32.5418 29.9601 28.0046 27.0128 24.6716 18.8336 16.8631 13.3025 12.2466 9.82545 10.9366 9.82031 9.22558 8.82542 7.95522
threshold=382.50000000000006 -1.0000000180025095e-35 391.50000000000006 0.65000000000000047 0.1000000000000001 28.950000000000003 3.3500000000000001 79.938888888888911 31.550000000000004 13.986732947044613 18.050000000000004 -1.0499999999999996 5.5999999999999996 8.5035829858429981 3.100000000000001 0.2875105127442194 79.634722222222237 8.7938698021867232 165.50000000000003 -1.6500000000000001 0.15000000000000038 -1.0000000180025095e-35 0.09999999999999877 16.850000000000005 84.500000000000014 74.373611111111131 3.5999999999999992 27.850000000000005 1.0000000180025095e-35 24.475947807977469
decision_type=2 2 2 2 2 2 2 2 2 2 2 2 2 2 2 2 2 2 2 2 2 2 2 2 2 2 2 2 2 2
left_child=2 27 7 22 21 16 -5 12 9 11 -11 -9 13 15 18 -1 29 -15 -14 -7 -18 -3 -4 -16 25 -23 -24 -2 -29 -6
right_child=1 4 3 6 5 19 -8 8 -10 10 -12 -13 14 17 23 -17 20 -19 -20 -21 -22 24 26 -25 -26 -27 -28 28 -30 -31
leaf_value=1.5318515379224572e-07 -3.9784649458964443e-05 -3.0891184176173999e-05 -0.0011335752179289361 -0.00010157966320900414 -1.9148415757634887e-05 -1.9144210711695557e-05 -1.9148415757634887e-05 -0.0033141745802466268 0.011529884973490981 -0.0023128874635238317 3.6747686737970451e-05 0.0038960376487338108 0.00066692502135525542 0.00013512852781872309 -0.0074044591804139923 -0.00050515918873402898 -1.9148415757634887e-05 0.0037149597044036173 -0.0013898026607912818 -1.9157225397476914e-05 -1.9148415757634887e-05 -1.9315265183576531e-05 -0.00012396771060375273 -0.0022090900334373674 -1.9528078469149462e-05 -1.9548024091385052e-05 7.4999483368984261e-05 -0.00012709822835107733 2.9393728255304986e-05 -1.9148415757634887e-05
leaf_weight=44061 11020 507 301 489 9582 570 2443 417 314 2741 72248 6310 1158 3539 526 34731 5433 2159 1354 644 8341 467 303 351 814 572 366 377 574 2569
leaf_count=44061 11020 507 301 489 9582 570 2443 417 314 2741 72248 6310 1158 3539 526 34731 5433 2159 1354 644 8341 467 303 351 814 572 366 377 574 2569
internal_value=-0.00177862 -0.00778448 -0.000345632 -0.0103459 -0.0106439 -0.0110112 -0.0134095 -0.000115914 0.000304275 0.00025368 2.30031e-05 0.00282476 -0.000508136 -0.000376727 -0.00378319 -0.000540276 -0.0112422 0.00188454 -0.00201751 -0.00607407 -0.0102817 -0.00641677 -0.00108136 -0.00883257 -0.00774272 -0.00967788 0.00127612 -0.000737972 0.00209559 -0.0123301
internal_weight=215281 41470 173811 3902 29499 27139 2932 169909 82030 81716 74989 6727 87879 84490 3389 78792 25925 5698 2512 1214 13774 2360 970 877 1853 1039 669 11971 951 12151
internal_count=215281 41470 173811 3902 29499 27139 2932 169909 82030 81716 74989 6727 87879 84490 3389 78792 25925 5698 2512 1214 13774 2360 970 877 1853 1039 669 11971 951 12151
is_linear=0
shrinkage=0.03


Tree=203
num_leaves=31
num_cat=0
split_feature=27 12 4 8 8 89 96 79 99 75 29 99 2 99 29 103 93 4 102 29 96 29 12 95 11 23 12 8 96 8
split_gain=2061.7 940.592 371.943 214.233 54.4928 33.8415 35.5336 31.9795 56.9063 46.1658 48.5041 77.8999 56.8025 40.7941 85.4517 48.0985 35.4432 33.1364 30.8309 26.995 34.6836 20.7127 18.8867 18.8586 15.698 13.4052 10.5411 24.055 16.6989 15.0765
threshold=382.50000000000006 -1.0000000180025095e-35 3.3500000000000001 0.65000000000000047 0.1000000000000001 28.950000000000003 30.150000000000002 1.0000000180025095e-35 29.950000000000003 0.0086842105263157925 128.50000000000003 12.15 30.550000000000004 18.650000000000002 74.500000000000014 43.500000000000007 93.068055555555574 2.3000000000000003 79.634722222222237 170.50000000000003 30.450000000000003 168.50000000000003 0.15000000000000038 29.550000000000004 -1.0000000180025095e-35 18.340825214745156 -0.24999999999999997 0.15000000000000038 25.450000000000003 1.0000000180025095e-35
decision_type=2 2 2 2 2 2 2 2 2 2 2 2 2 2 2 2 2 2 2 2 2 2 2 2 2 2 2 2 2 2
left_child=2 26 7 23 24 18 -7 8 13 10 11 -9 -12 15 -15 -1 17 -11 -6 -10 -21 -18 -20 25 -3 -4 27 -2 -28 -30
right_child=1 4 3 -5 5 6 -8 9 19 16 12 -13 -14 14 -16 -17 21 -19 22 20 -22 -23 -24 -25 -26 -27 28 -29 29 -31
leaf_value=0.0051129018508911835 -0.00046352992113075112 -3.3576504506359579e-05 1.8236757943624584e-05 -1.8573963284905838e-05 -1.8573963284905838e-05 -1.8573874889970949e-05 -0.00013017828035778766 -0.0062800306126590119 -0.00072450294098728345 0.0017640926858068001 -0.00099014862834533729 0.00011091130727338323 0.008519005769536207 0.0028342945818513707 2.7535568803759162e-06 -0.00050574561290604302 1.2864443474255029e-05 -0.0018200334560549527 -1.8573963284905838e-05 -0.00064898635644026234 0.023118723354105645 -0.0016948967630366044 -1.8573963284905838e-05 -0.00056445911481621004 -1.8794044267551613e-05 0.00044421733480551437 -2.5767483884891414e-05 -0.00057881381097237461 -0.00014434992868928462 2.4963539399843315e-05
leaf_weight=944 3667 494 542 2588 12198 574 653 382 308 8155 19882 13640 899 9615 88113 25083 525 338 5541 359 1207 561 8331 426 1880 323 5389 756 674 1565
leaf_count=944 3667 494 542 2588 12198 574 653 382 308 8155 19882 13640 899 9615 88113 25083 525 338 5541 359 1207 561 8331 426 1880 323 5389 756 674 1565
internal_value=-0.00178236 -0.00777125 -0.000345389 -0.00952964 -0.0106419 -0.0110211 -0.00614414 -0.000135785 0.000108772 -0.00082802 -0.00133562 2.78115e-05 -0.00225556 3.01804e-05 0.000311269 -0.00102524 0.00101618 0.00166883 -0.0112504 0.005296 0.00689215 -0.00408464 -0.0102804 0.000452786 -0.00627789 0.00299654 -0.000703203 -0.00186822 -2.75265e-05 0.00214955
internal_weight=215612 41722 173890 3879 29671 27297 1227 170011 125629 44382 34803 14022 20781 123755 97728 26027 9579 8493 26070 1874 1566 1086 13872 1291 2374 865 12051 4423 7628 2239
internal_count=215612 41722 173890 3879 29671 27297 1227 170011 125629 44382 34803 14022 20781 123755 97728 26027 9579 8493 26070 1874 1566 1086 13872 1291 2374 865 12051 4423 7628 2239
is_linear=0
shrinkage=0.03


Tree=204
num_leaves=31
num_cat=0
split_feature=27 5 11 83 83 4 11 89 18 33 104 20 89 102 30 103 109 96 11 0 90 33 108 95 97 107 102 27 33 20
split_gain=2099.92 460.312 440.288 130.535 40.0044 39.3078 34.2262 30.2766 30.145 30.7396 51.2705 46.9838 42.455 53.8497 52.9206 38.1159 27.913 24.4147 17.4146 17.3103 45.606 31.6482 24.4779 23.9859 19.3944 18.8178 14.1932 13.9653 9.92264 9.79489
threshold=382.50000000000006 391.50000000000006 1.0000000180025095e-35 -0.30000000000000021 -0.30000000000000021 3.3500000000000001 -1.0000000180025095e-35 28.950000000000003 1.0000000180025095e-35 0.76556758748011056 14.191989762055238 89.051785714285728 20.050000000000004 63.854166666666671 0.93301270189221952 68.500000000000014 0.20000000000000198 30.150000000000002 -1.0000000180025095e-35 28.250000000000004 1.2000000000000022 -0.97111920233974802 1.7999999999999983 30.050000000000004 26.450000000000003 1.7999999999999983 79.634722222222237 422.50000000000006 -0.091258822863740666 87.21702898550727
decision_type=2 2 2 2 2 2 2 2 2 2 2 2 2 2 2 2 2 2 2 2 2 2 2 2 2 2 2 2 2 2
left_child=1 8 3 18 -4 29 27 26 9 12 15 -12 13 -1 -14 -11 -7 -9 -2 22 21 -21 23 -10 -24 -22 -6 -5 -28 -3
right_child=2 5 4 6 7 16 -8 17 19 10 11 -13 14 -15 -16 -17 -18 -19 -20 20 25 -23 24 -25 -26 -27 28 -29 -30 -31
leaf_value=-0.0038617631095655891 -7.686490933577511e-05 -0.0001641442534516424 -1.8016744386358663e-05 -1.7033825499708654e-05 -1.8016744386358663e-05 -1.8016744386358663e-05 -1.8016744386358663e-05 -1.8015622018035748e-05 -0.00048409783995051302 0.0017035982735914641 0.0032093923901684463 -0.00040927825322624705 1.7767517087643753e-07 -0.00030079856177557925 0.0023533676054791415 -0.00069370421590977417 -1.8016744386358663e-05 -0.00012627293194705401 -1.8016744386358663e-05 -0.00052151600317336812 0.00021943704922101066 0.0018328369954819386 0.00063811398533595209 -0.0013236557505806577 -0.00055115875084287415 -0.001491312399851723 -1.8016744386358663e-05 -1.8079311668176796e-05 -1.8016744386358663e-05 -5.9945193617442118e-06
leaf_weight=1547 6315 537 3613 1484 8554 1392 6038 418 34905 3978 11544 2280 65162 12085 4912 7785 1671 504 3367 2326 1261 6011 8998 1079 3831 2345 6536 1368 3427 300
leaf_count=1547 6315 537 3613 1484 8554 1392 6038 418 34905 3978 11544 2280 65162 12085 4912 7785 1671 504 3367 2326 1261 6011 8998 1079 3831 2345 6536 1368 3427 300
internal_value=-0.00177204 -0.000323627 -0.00782486 -0.00438701 -0.0105943 -0.0105127 -0.00701158 -0.0111335 -8.98853e-05 0.000207925 0.00111791 0.0023566 -7.0245e-05 -0.001602 0.000227756 -0.000337895 -0.0120871 -0.00581798 -0.00197666 -0.000625607 0.000398108 0.00161729 -0.000876081 -0.0012772 0.000249026 -0.00242029 -0.0113978 -0.00430074 -0.0106237 -0.00474344
internal_weight=215573 173949 41624 18572 23052 3900 8890 19439 170049 109293 25587 13824 83706 13632 70074 11763 3063 922 9682 60756 11943 8337 48813 35984 12829 3606 18517 2852 9963 837
internal_count=215573 173949 41624 18572 23052 3900 8890 19439 170049 109293 25587 13824 83706 13632 70074 11763 3063 922 9682 60756 11943 8337 48813 35984 12829 3606 18517 2852 9963 837
is_linear=0
shrinkage=0.03


Tree=205
num_leaves=31
num_cat=0
split_feature=27 12 5 8 8 112 89 96 102 29 108 29 89 24 1 96 2 103 104 104 11 12 85 24 12 8 33 108 47 103
split_gain=2054.4 961.52 449.017 107.698 52.4629 38.7568 32.461 35.4566 30.9287 30.2796 58.8551 31.4672 101.538 77.3737 44.991 39.3205 38.1455 24.6993 19.6657 38.8824 19.3097 15.556 13.1501 10.6916 9.36188 24.4044 13.8597 10.3145 8.34426 7.69279
threshold=382.50000000000006 -1.0000000180025095e-35 391.50000000000006 0.65000000000000047 0.1000000000000001 3.3500000000000001 28.950000000000003 30.150000000000002 79.634722222222237 6.5000000000000009 0.59999999999999887 54.500000000000007 18.350000000000005 1.6886731402092041 36.500000000000007 21.750000000000004 20.050000000000004 84.500000000000014 16.14021176452697 15.076941190006501 -1.0000000180025095e-35 0.15000000000000038 -2.5000000000000009 3.8145060896321348 -0.24999999999999997 0.15000000000000038 -0.6523320455745395 -0.15000000000000033 1.0000000180025095e-35 84.500000000000014
decision_type=2 2 2 2 2 2 2 2 2 2 2 2 2 2 2 2 2 2 2 2 2 2 2 2 2 2 2 2 2 2
left_child=2 24 9 23 20 -5 8 -8 28 10 17 12 15 -14 -13 -11 -16 22 19 -12 -3 -10 -1 -4 25 27 -26 -2 -6 -22
right_child=1 4 3 5 6 -7 7 -9 21 11 18 14 13 -15 16 -17 -18 -19 -20 -21 29 -23 -24 -25 26 -27 -28 -29 -30 -31
leaf_value=0.00026365318429666493 0.0039728516560877149 -3.1062742931915567e-05 2.3178219084985817e-05 -7.9539784675902527e-05 -1.7476242054767902e-05 -1.7476242054767902e-05 -1.7476159059702577e-05 -0.00013119551804944036 -1.7476242054767902e-05 -0.00018748386022557806 -0.0001743532490401414 0.0080229573934085946 -0.00023736321653338268 0.005939904904777968 -0.00068024116249492815 0.00983051623884699 -6.8482823089546704e-06 -0.0067810714304000156 -0.0013121163148127656 0.0087079303807631615 -1.768455569066123e-05 -1.7476242054767902e-05 -0.0024324981035858512 -0.00091967722457989465 3.0957150169453487e-05 -0.00054520394465459691 -1.0146640699430566e-05 -0.00056000317418629375 -1.7476242054767902e-05 -1.821461008536722e-05
leaf_weight=346 326 499 653 484 11927 2419 571 661 5464 17034 533 322 1914 4541 22564 397 120395 517 358 308 1039 8370 924 306 995 735 6538 3394 341 822
leaf_count=346 326 499 653 484 11927 2419 571 661 5464 17034 533 322 1914 4541 22564 397 120395 517 358 308 1039 8370 924 306 995 735 6538 3394 341 822
internal_value=-0.00177213 -0.00775424 -0.000339193 -0.010453 -0.0106493 -0.0133316 -0.0110199 -0.00625304 -0.0112447 -0.000109577 -0.00310345 -5.60813e-05 0.000951982 0.00416589 -0.000224138 -0.000238355 -0.000249405 -0.00655201 0.0020375 0.00454276 -0.00635324 -0.0102696 -0.00429583 -0.00173438 -0.000583034 -0.00167303 6.17202e-05 -0.0006853 -0.0123433 -0.00775779
internal_weight=215697 41682 174015 3862 29694 2903 27334 1232 26102 170153 2986 167167 23886 6455 143281 17431 142959 1787 1199 841 2360 13834 1270 959 11988 4455 7533 3720 12268 1861
internal_count=215697 41682 174015 3862 29694 2903 27334 1232 26102 170153 2986 167167 23886 6455 143281 17431 142959 1787 1199 841 2360 13834 1270 959 11988 4455 7533 3720 12268 1861
is_linear=0
shrinkage=0.03


Tree=206
num_leaves=31
num_cat=0
split_feature=27 5 11 83 4 83 103 102 29 99 100 102 0 100 100 107 107 107 0 108 109 11 89 96 11 4 102 83 90 24
split_gain=2042.88 436.015 425.019 135.557 40.1051 39.3985 31.6946 43.3343 64.6658 53.5399 47.6622 53.6488 46.3504 42.6078 41.0519 77.9311 45.4136 37.3288 32.5141 50.4363 29.7129 29.7067 26.4954 26.0891 17.7972 16.1585 14.8187 12.8686 11.5774 9.27104
threshold=382.50000000000006 393.50000000000006 1.0000000180025095e-35 -0.29999999999999799 3.3500000000000001 -0.40000000000000119 90.500000000000014 87.095833333333346 210.50000000000003 17.350000000000005 2.9500000000000015 87.306944444444454 26.850000000000005 3.7000000000000024 0.79999999999999816 -0.40000000000000119 -1.0000000180025095e-35 0.3499999999999997 19.350000000000005 3.5999999999999992 1.0000000180025095e-35 -1.0000000180025095e-35 28.950000000000003 30.150000000000002 -1.0000000180025095e-35 2.8999999999999995 79.634722222222237 0.29999999999999943 1.1000000000000003 4.2666793921096593
decision_type=2 2 2 2 2 2 2 2 2 2 2 2 2 2 2 2 2 2 2 2 2 2 2 2 2 2 2 2 2 2
left_child=1 6 3 24 25 -4 13 8 9 -8 11 -9 -12 14 15 -1 -16 -10 19 -15 29 28 26 -24 -2 -3 -7 -28 -5 -6
right_child=2 4 5 21 20 22 7 10 17 -11 12 -13 -14 18 16 -17 -18 -19 -20 -21 -22 -23 23 -25 -26 -27 27 -29 -30 -31
leaf_value=-0.0017094335272793953 -6.9638287878365677e-05 -0.000185935293600546 -1.6951954793124864e-05 -1.5975001589957589e-05 -1.6951954793124864e-05 -1.6951954793124864e-05 -0.0018209087123768092 -0.0036435677756965156 -0.0026713410084390297 0.0063387271696152131 -0.0025172031520952353 0.00021001281273327286 0.0033864298770894118 0.0032971161477103892 0.0015904853261464141 -0.00012167296368777888 -3.3605759966885762e-05 0.0012111157882281787 -0.0030348744414324664 -0.0041883630153028263 -1.6951954793124864e-05 -1.6951954793124864e-05 -1.6951216904390507e-05 -0.00011854887844715916 -1.6951954793124864e-05 2.317452266145434e-06 -1.6951954793124864e-05 -1.6951954793124864e-05 -0.00011529987297176063 -1.6951954793124864e-05
leaf_weight=6629 6388 525 2280 2198 795 9177 628 885 697 3587 1136 24393 470 395 9307 25281 94155 1427 812 542 1878 5969 427 507 3448 302 6222 4246 612 351
leaf_count=6629 6388 525 2280 2198 795 9177 628 885 697 3587 1136 24393 470 395 9307 25281 94155 1427 812 542 1878 5969 427 507 3448 302 6222 4246 612 351
internal_value=-0.00174357 -0.000318865 -0.00772731 -0.00436157 -0.0102998 -0.0104678 -9.31639e-05 0.000738171 0.00296924 0.00511978 0.000212014 0.00053048 -0.00479776 -0.000294592 -0.000234463 -0.00117514 5.56721e-05 -0.00129882 -0.00494571 -0.00113539 -0.0119008 -0.00707118 -0.0108827 -0.00593583 -0.00194267 -0.00443841 -0.0111175 -0.010342 -0.00452508 -0.00808195
internal_weight=215669 174195 41474 18615 3851 22859 170344 33223 6339 4215 26884 25278 1606 137121 135372 31910 103462 2124 1749 937 3024 8779 20579 934 9836 827 19645 10468 2810 1146
internal_count=215669 174195 41474 18615 3851 22859 170344 33223 6339 4215 26884 25278 1606 137121 135372 31910 103462 2124 1749 937 3024 8779 20579 934 9836 827 19645 10468 2810 1146
is_linear=0
shrinkage=0.03


Tree=207
num_leaves=31
num_cat=0
split_feature=27 12 5 8 8 89 96 102 9 18 24 32 75 11 12 56 108 12 8 96 8 11 101 90 19 90 89 103 31 101
split_gain=2045.99 933.206 435.817 115.942 57.4606 34.0836 33.559 29.3352 28.1944 30.5522 29.4893 56.1353 49.402 20.339 18.0585 15.9298 15.8564 10.3785 21.103 15.8483 12.9208 10.7374 10.5089 11.1344 10.2726 10.2262 8.77683 8.19564 8.83888 7.34681
threshold=382.50000000000006 -1.0000000180025095e-35 391.50000000000006 0.65000000000000047 0.1000000000000001 28.950000000000003 30.150000000000002 79.634722222222237 -0.20000000000000193 1.0000000180025095e-35 1.3403118893337533 -0.33425342068356556 0.46026315789473687 -1.0000000180025095e-35 0.15000000000000038 2.3350000000000004 2.0000000000000013 -0.24999999999999997 0.15000000000000038 24.650000000000002 1.0000000180025095e-35 -0.099999999999998743 -0.0025320512820512825 2.4999999999999991 79.411538461538484 0.49999999999999872 27.350000000000005 85.500000000000014 1.0000000180025095e-35 -0.0030513234841489678
decision_type=2 2 2 2 2 2 2 2 2 2 2 2 2 2 2 2 2 2 2 2 2 2 2 2 2 2 2 2 2 2
left_child=2 17 8 24 13 7 -7 26 -1 10 11 -10 -12 -3 -9 16 -11 18 22 25 21 -21 -2 -24 -4 -19 -6 -15 -29 -22
right_child=1 4 3 -5 5 6 -8 14 9 15 12 -13 -14 27 -16 -17 -18 19 -20 20 29 -23 23 -25 -26 -27 -28 28 -30 -31
leaf_value=0.0052131409678376744 -0.00085794014090726618 -2.260071479533791e-05 -0.00090991095879720287 -1.6443396149331121e-05 -1.6443396149331121e-05 -1.6443352948725732e-05 -0.00012380065631880432 -1.6443396149331121e-05 -0.0011859771226408547 -0.00038873430249616045 5.2598633296420188e-05 -5.1790366112144033e-06 0.0099058582752403861 -1.6592388253938344e-05 -1.6443396149331121e-05 0.010543432715841742 0.00010009628508264033 -0.00010460066380465111 -0.00051870277410334003 0.0011774816949249882 3.3498028859581727e-05 -0.00024117125321898532 -0.00021158438822697508 0.011169706840705467 3.1059876128684381e-05 -1.6993146732796511e-05 -1.6443396149331121e-05 -1.6060825639862094e-05 -3.4768233329297821e-05 7.1870628979228743e-06
leaf_weight=1243 1793 488 308 2900 9024 560 661 5464 2873 49037 96793 8142 1012 1155 8341 370 10728 397 741 450 950 409 1537 312 626 4527 3159 326 404 812
leaf_count=1243 1793 488 308 2900 9024 560 661 5464 2873 49037 96793 8142 1012 1155 8341 370 10728 397 741 450 950 409 1537 312 626 4527 3159 326 404 812
internal_value=-0.0017757 -0.00776035 -0.00034821 -0.0103494 -0.0106166 -0.0110072 -0.00610065 -0.0112374 -0.000122856 -0.000155987 0.000143906 -0.00132761 0.000309644 -0.00613521 -0.0102879 -0.000698666 -0.000737125 -0.000676503 -0.00183736 -1.98781e-06 0.00188215 -0.00113372 -0.000897612 0.000689189 -0.00115508 -0.00100508 -0.0123125 -0.00754772 -0.00504788 0.00335224
internal_weight=215542 41510 174032 3834 29582 27209 1221 25988 170198 168955 108820 11015 97805 2373 13805 60135 59765 11928 4383 7545 2621 859 3642 1849 934 4924 12183 1885 730 1762
internal_count=215542 41510 174032 3834 29582 27209 1221 25988 170198 168955 108820 11015 97805 2373 13805 60135 59765 11928 4383 7545 2621 859 3642 1849 934 4924 12183 1885 730 1762
is_linear=0
shrinkage=0.03


Tree=208
num_leaves=31
num_cat=0
split_feature=27 12 112 8 8 89 3 40 29 91 29 95 29 29 103 112 12 95 86 12 8 95 8 10 100 108 103 32 90 31
split_gain=2043.11 925.076 367.564 215.708 58.2093 33.2274 28.9177 29.4477 57.9699 52.3439 45.0418 66.5875 51.9214 40.7871 27.5463 24.7008 17.6376 17.5829 14.2335 10.7439 16.3243 12.863 15.2254 8.44421 8.15403 7.67763 7.1466 6.65691 8.57574 6.50188
threshold=382.50000000000006 -1.0000000180025095e-35 3.3500000000000001 0.65000000000000047 0.1000000000000001 28.950000000000003 30.550000000000004 1.0000000180025095e-35 206.50000000000003 0.09856659924074844 325.50000000000006 23.450000000000003 317.50000000000006 357.50000000000006 82.500000000000014 0.84999999999999976 0.15000000000000038 29.650000000000002 -0.63333333333333319 -0.19999999999999971 0.15000000000000038 26.250000000000004 1.0000000180025095e-35 -0.20000000000000059 1.8499999999999999 -0.15000000000000033 85.500000000000014 -0.76141707087277943 0.49999999999999872 1.0000000180025095e-35
decision_type=2 2 2 2 2 2 2 2 2 2 2 2 2 2 2 2 2 2 2 2 2 2 2 2 2 2 2 2 2 2
left_child=2 19 6 17 29 14 7 8 9 -1 12 -12 -9 -10 24 -7 -16 18 -4 20 23 27 -23 -2 -6 -25 -24 -21 -29 -3
right_child=1 4 3 -5 5 15 -8 10 13 -11 11 -13 -14 -15 16 -17 -18 -19 -20 21 -22 22 26 25 -26 -27 -28 28 -30 -31
leaf_value=-0.0018358137912899697 0.0010706961242699202 -1.4893450886180707e-05 0.050561463732206997 -1.5950094264851185e-05 -1.5950094264851185e-05 -1.5950068115346186e-05 0.028001869095231467 -1.4937172195984776e-05 -0.001061322313212616 0.0001839346187908064 0.00074322022973762113 0.0076172848250978436 -0.0020256508859869339 -0.0059576117393111703 -1.5950094264851185e-05 -1.6071840416883718e-05 -1.5950094264851185e-05 -0.000562071289446809 8.093096647247785e-06 -0.0001034386456410268 -0.00043047961679932911 -0.00014837175791100225 3.4248826053328626e-05 0.0015068974741258108 -1.5950094264851185e-05 -0.00055995757857657731 4.5523390903438096e-06 -7.7842320052894714e-05 1.7809386148008799e-06 -1.6859430327094846e-05
leaf_weight=1300 828 816 301 2618 7485 711 317 126861 9355 12303 15009 1445 2970 494 6346 483 9641 448 560 569 863 592 873 340 2540 3108 566 378 3875 1571
leaf_count=1300 828 816 301 2618 7485 711 317 126861 9355 12303 15009 1445 2970 494 6346 483 9641 448 560 569 863 592 873 340 2540 3108 566 378 3875 1571
internal_value=-0.00176061 -0.00773445 -0.000332707 -0.00940555 -0.0105827 -0.010977 -0.000123137 -0.000140069 -0.00112693 0.000142238 1.81494e-05 0.00149681 -0.000169257 -0.0028797 -0.0112017 -0.00607531 -0.0104263 0.000538168 0.00304524 -0.000705411 -0.00174222 7.22206e-05 0.00207431 -0.000981997 -0.0124372 -0.00163526 0.00373958 -0.000771304 -0.000363188 -0.00608668
internal_weight=215566 41585 173981 3927 29593 27206 170054 169737 23452 13603 146285 16454 129831 9849 26012 1194 15987 1309 861 11992 5139 6853 2031 4276 10025 3448 1439 4822 4253 2387
internal_count=215566 41585 173981 3927 29593 27206 170054 169737 23452 13603 146285 16454 129831 9849 26012 1194 15987 1309 861 11992 5139 6853 2031 4276 10025 3448 1439 4822 4253 2387
is_linear=0
shrinkage=0.03


Tree=209
num_leaves=31
num_cat=0
split_feature=27 12 5 8 8 4 89 96 102 2 33 18 94 11 12 9 8 94 12 8 96 8 33 102 96 32 32 29 89 98
split_gain=2042.11 940.878 411.021 117.447 57.4757 46.9627 33.3418 35.9864 32.1884 30.6917 28.0214 27.45 30.0535 19.4659 18.1319 17.3341 12.4455 10.0537 8.73159 15.4579 13.9408 10.4415 8.63595 8.50648 8.43869 8.29409 8.8226 7.72857 7.40184 7.14264
threshold=382.50000000000006 -1.0000000180025095e-35 393.50000000000006 0.65000000000000047 0.1000000000000001 3.3500000000000001 28.950000000000003 30.150000000000002 79.634722222222237 9.9500000000000011 0.99995376255531909 1.0000000180025095e-35 63.500000000000007 -1.0000000180025095e-35 0.15000000000000038 -0.20000000000000193 0.15000000000000038 70.500000000000014 -0.19999999999999971 0.15000000000000038 24.750000000000004 1.0000000180025095e-35 0.080547328232315238 82.523611111111123 22.050000000000004 0.61237135649459018 0.93544191479114935 312.50000000000006 27.350000000000005 -1.5499999999999987
decision_type=2 2 2 2 2 2 2 2 2 2 2 2 2 2 2 2 2 2 2 2 2 2 2 2 2 2 2 2 2 2
left_child=2 18 9 16 13 -5 8 -8 28 17 11 12 -11 -3 -10 -13 -4 -1 19 25 24 -22 -15 -24 -20 27 -27 -2 -6 -26
right_child=1 4 3 5 6 -7 7 -9 14 10 -12 15 -14 22 -16 -17 -18 -19 20 -21 21 -23 23 -25 29 26 -28 -29 -30 -31
leaf_value=-0.0052568895956434354 -0.00068238248052727686 -3.8738124649579647e-05 -0.0008703771412102904 -7.9502383472268532e-05 -1.547159143690565e-05 -1.547159143690565e-05 -1.5471566071885802e-05 -0.00011079623719167375 -1.547159143690565e-05 0.0020935648788227568 0.0061556435128748517 0.005057194853968423 1.3897167976028067e-05 -1.4417329704459861e-05 -1.547159143690565e-05 -0.00027652405615304245 3.8630566752809588e-05 -0.0010718814489522777 -2.4106148211186301e-06 -0.0004149753501875576 -0.00010968322713924535 1.9964412316472252e-05 -1.6249438503605039e-05 -3.8575035504067204e-05 -0.00018967743221028603 0.0019257243611781225 -0.00095839707799903165 0.00013390228732056586 -1.547159143690565e-05 -6.8552460427153276e-05
leaf_weight=300 1983 513 389 489 9104 2378 567 640 5511 3964 494 711 104509 732 8287 59857 572 300 3296 872 759 1625 834 343 364 802 353 1069 3220 803
leaf_count=300 1983 513 389 489 9104 2378 567 640 5511 3964 494 711 104509 732 8287 59857 572 300 3296 872 759 1625 834 343 364 802 353 1069 3220 803
internal_value=-0.00176877 -0.00773322 -0.000339812 -0.0100601 -0.010587 -0.0131015 -0.0109797 -0.00609685 -0.0112051 -0.00012105 -9.7059e-05 -0.000117929 0.000167736 -0.00615353 -0.0102073 -0.00062953 -0.000982328 -0.00688852 -0.000613734 -0.0015561 8.54264e-05 0.00193711 -0.00754712 -0.00594652 -0.000903898 -0.000802044 0.00136246 -0.00162136 -0.0123213 -0.00309503
internal_weight=215640 41677 173963 3828 29751 2867 27329 1207 26122 170135 169535 169041 108473 2422 13798 60568 961 600 11926 5079 6847 2384 1909 1177 4463 4207 1155 3052 12324 1167
internal_count=215640 41677 173963 3828 29751 2867 27329 1207 26122 170135 169535 169041 108473 2422 13798 60568 961 600 11926 5079 6847 2384 1909 1177 4463 4207 1155 3052 12324 1167
is_linear=0
shrinkage=0.03


Tree=210
num_leaves=31
num_cat=0
split_feature=27 12 5 8 8 4 3 96 102 98 79 96 29 96 30 33 11 12 8 12 8 96 8 90 91 98 97 30 90 33
split_gain=2017.82 938.013 435.63 109.653 50.3417 45.1903 35.0089 35.9589 31.9674 30.8199 27.6609 41.5644 47.5469 39.2412 47.3979 39.0134 18.3073 18.1425 12.6197 9.82071 18.1592 12.0779 11.5058 8.67438 8.66724 8.24125 8.1582 7.86646 7.84711 7.57646
threshold=382.50000000000006 -1.0000000180025095e-35 393.50000000000006 0.65000000000000047 0.1000000000000001 3.3500000000000001 28.950000000000003 30.150000000000002 79.634722222222237 -5.2499999999999991 1.0000000180025095e-35 11.850000000000003 100.50000000000001 30.450000000000003 -0.93301270189221908 -0.97111920233974802 -0.10000000000000096 0.15000000000000038 0.15000000000000038 -0.29999999999999799 0.15000000000000038 24.750000000000004 1.0000000180025095e-35 0.49999999999999872 0.50271677556139194 -0.95000000000000095 26.750000000000004 -0.24999999999999994 2.4999999999999991 0.64414586362404946
decision_type=2 2 2 2 2 2 2 2 2 2 2 2 2 2 2 2 2 2 2 2 2 2 2 2 2 2 2 2 2 2
left_child=2 19 9 18 16 -5 8 -8 -6 -1 13 -12 -13 15 -15 -11 -3 -10 -4 20 25 23 26 -21 -24 -2 -23 -18 -27 -25
right_child=1 4 3 5 6 -7 7 -9 17 10 11 12 -14 14 -16 -17 27 -19 -20 21 -22 22 24 29 -26 28 -28 -29 -30 -31
leaf_value=0.0073203370805217521 -0.00083575226518467407 -1.5518126967086326e-05 -0.00089059809493882594 -8.1325813070628401e-05 -1.5007443693798482e-05 -1.5007443693798482e-05 -1.500736507091312e-05 -0.00010747235007592355 -1.5007443693798482e-05 -0.00051865161404045972 -0.0044017729362468318 0.0004463719967444657 -0.00049066964887554813 -0.0020602235425777765 0.0044074394817255119 3.6686131815810241e-05 -1.4290225519653344e-05 -1.5007443693798482e-05 3.154801229979465e-05 -9.7070800476110137e-05 -0.00050734358608046817 0.0010888631929551757 2.6208270327531756e-05 -5.8599030789251986e-05 -1.3125189899225958e-05 -0.00022173015497727521 -0.00019444885175167684 -1.586616426217385e-05 0.0078063368778158544 1.358687893749086e-05
leaf_weight=382 1727 367 389 467 12233 2439 589 665 5459 9016 570 12154 31349 317 2383 113850 648 8320 543 419 689 418 1417 1648 325 1464 470 1355 306 3110
leaf_count=382 1727 367 389 467 12233 2439 589 665 5459 9016 570 12154 31349 317 2383 113850 648 8320 543 419 689 418 1417 1648 325 1464 470 1355 306 3110
internal_value=-0.00176557 -0.00769817 -0.000345019 -0.0103386 -0.0105628 -0.0132095 -0.0109275 -0.0060239 -0.0111636 -0.000119367 -0.000138558 -0.000785157 -0.000679593 8.8399e-05 0.00366531 9.76666e-06 -0.0063644 -0.0101702 -0.00138264 -0.00061906 -0.00179126 9.60553e-06 0.00166477 -0.000831402 0.0030809 -0.000913379 -0.00111361 -0.00749251 0.000525127 -0.000466485
internal_weight=215488 41629 173859 3838 29636 2906 27266 1254 26012 170021 169639 44073 43503 125566 2700 122866 2370 13779 932 11993 4186 7807 2630 5177 1742 3497 888 2003 1770 4758
internal_count=215488 41629 173859 3838 29636 2906 27266 1254 26012 170021 169639 44073 43503 125566 2700 122866 2370 13779 932 11993 4186 7807 2630 5177 1742 3497 888 2003 1770 4758
is_linear=0
shrinkage=0.03


Tree=211
num_leaves=31
num_cat=0
split_feature=25 5 8 8 25 26 8 15 7 4 2 11 11 103 100 29 86 0 8 33 83 102 15 91 2 83 32 7 31 11
split_gain=1698.64 450.954 266.669 159.451 89.191 281.359 150.485 50.0936 48.8637 41.9696 34.8689 32.9735 29.5367 29.5069 49.2962 46.306 23.2172 21.4937 15.2001 11.8694 10.7193 10.056 9.66944 9.45996 9.25385 10.2764 10.7214 9.03698 8.9227 8.68588
threshold=6.5000000000000009 379.50000000000006 0.15000000000000038 0.65000000000000047 5.5000000000000009 22.500000000000004 0.10000000000000099 0.050839112744180369 1.3499999999999999 3.3500000000000001 9.5500000000000025 -1.0000000180025095e-35 1.0000000180025095e-35 90.500000000000014 3.8000000000000003 10.500000000000002 -0.058333333333333272 29.650000000000002 0.15000000000000038 0.64414586362404946 -0.40000000000000119 79.634722222222237 0.050839112744180369 0.24844821705347173 18.150000000000002 -0.39999999999999897 0.61237135649459018 1.1499999999999988 -0.68301270189221952 -1.0000000180025095e-35
decision_type=2 2 2 2 2 2 2 2 2 2 2 2 2 2 2 2 2 2 2 2 2 2 2 2 2 2 2 2 2 2
left_child=1 4 7 8 10 16 19 29 18 27 -1 -8 -4 14 -12 -15 28 20 22 -7 -14 -22 -3 -10 -9 26 -26 -5 -6 -2
right_child=2 3 12 9 5 6 11 24 23 -11 13 -13 17 15 -16 -17 -18 -19 -20 -21 21 -23 -24 -25 25 -27 -28 -29 -30 -31
leaf_value=-0.0040213825532442867 -5.592341635114187e-05 -1.4597402526084217e-05 -1.4557220382984529e-05 -1.4580596592960376e-05 4.0729345702151119e-05 -3.9830376158734461e-05 -1.3735001475798513e-05 -9.4946874845487918e-05 7.6122449019774922e-05 -1.4557220382984529e-05 -0.00015672254821870707 -1.4557220382984529e-05 -1.4557220382984529e-05 -0.00479634506614862 -0.0028777872691095169 0.00033699588311378634 5.6544583904905004e-05 -1.4557220381307302e-05 -1.4557220382984529e-05 0.00067586352937026384 -1.4557220382984529e-05 -1.4557220382984529e-05 -1.4893023027522641e-05 -1.4651661757749013e-05 -7.4078349754936823e-05 -1.4545005859929108e-05 0.0021001696510765436 -1.4622535770688494e-05 -1.8210288222259278e-05 -1.457236634239802e-05
leaf_weight=370 437 812 3759 354 1828 2110 945 1133 318 2439 126346 5766 1185 356 1331 30638 2953 414 1863 1288 6789 7453 834 2239 1537 1192 621 325 6083 1671
leaf_count=370 437 812 3759 354 1828 2110 945 1133 318 2439 126346 5766 1185 356 1331 30638 2953 414 1863 1288 6789 7453 834 2239 1537 1192 621 325 6083 1671
internal_value=-0.00175823 -0.00076697 -0.00891856 -0.00725095 -0.00043613 -0.00227496 -0.00587685 -0.00369766 -0.00441569 -0.0127637 -0.000193628 -0.00848108 -0.0106739 -0.000172148 -0.000373714 0.000658171 0.00107685 -0.011242 -0.00671368 -0.000732568 -0.0114231 -0.011652 -0.00460838 -0.00126075 -0.00190343 -0.00111012 0.000125058 -0.00615441 0.000229398 -0.00751067
internal_weight=215389 189198 26191 9184 180014 20973 10109 6591 6066 3118 159041 6711 19600 158671 127677 30994 10864 15841 3509 3398 15427 14242 1646 2557 4483 3350 2158 679 7911 2108
internal_count=215389 189198 26191 9184 180014 20973 10109 6591 6066 3118 159041 6711 19600 158671 127677 30994 10864 15841 3509 3398 15427 14242 1646 2557 4483 3350 2158 679 7911 2108
is_linear=0
shrinkage=0.03


Tree=212
num_leaves=31
num_cat=0
split_feature=25 12 8 4 25 26 12 98 33 33 104 25 26 25 93 84 11 8 0 103 12 93 12 8 8 4 2 11 93 3
split_gain=1695.41 539.94 312.325 217.806 147.161 280.557 292.074 34.1096 34.6363 53.0041 47.2905 33.4146 38.1393 36.2319 31.12 25.1036 23.0781 22.5137 22.9684 20.4847 13.6653 8.9261 8.82104 13.6532 12.8681 12.2993 10.3735 8.42013 8.28987 8.27022
threshold=6.5000000000000009 -1.0000000180025095e-35 0.84999999999999976 3.3500000000000001 5.5000000000000009 22.500000000000004 -1.0000000180025095e-35 -5.2499999999999991 -0.97111920233974802 -0.92272482904738262 26.935548482512704 5.5000000000000009 22.500000000000004 2.5000000000000004 83.054166666666688 -0.45000000000000012 -1.0000000180025095e-35 0.1000000000000001 29.650000000000002 82.500000000000014 0.15000000000000038 89.406944444444449 -0.19999999999999971 0.15000000000000038 1.0000000180025095e-35 2.2000000000000006 18.250000000000004 -0.10000000000000007 67.531944444444449 23.650000000000002
decision_type=2 2 2 2 2 2 2 2 2 2 2 2 2 2 2 2 2 2 2 2 2 2 2 2 2 2 2 2 2 2
left_child=2 22 4 11 7 15 -7 -1 10 -10 -9 13 -13 21 -15 28 -8 -3 19 -19 -21 -4 23 26 -24 27 -2 -26 -6 -17
right_child=1 17 3 -5 5 6 16 8 9 -11 -12 12 -14 14 -16 29 -18 18 -20 20 -22 -23 24 -25 25 -27 -28 -29 -30 -31
leaf_value=0.0079687594601364209 -0.00087419502843117942 -1.4293709825020033e-05 -0.00027087108734128742 -1.4120503771494992e-05 0.0010876322450440422 -1.6620303406564409e-05 -1.3193378119117391e-05 -0.00078381127969069945 0.0013102990437473105 -8.5963108449615963e-05 0.014732590878587351 3.0001087816620248e-07 -1.4120503771494992e-05 -0.0010260960033394572 0.00015230031985570406 4.2379520107811856e-05 -1.4120503771494992e-05 -1.4120503771494992e-05 -1.4120503769868084e-05 -1.4120503771494992e-05 -1.4120503771494992e-05 -8.5406717139192202e-05 -0.00031321195940913279 -0.00040194557127743222 -2.6696094336183837e-05 -0.00011713126295600002 0.00017964556151071131 2.1658695711004263e-05 -1.2615245149360351e-05 7.6949570481103937e-05
leaf_weight=307 522 1169 554 2360 847 6166 698 10713 7223 139607 309 395 693 301 1433 1763 7678 7437 460 3650 7842 341 1062 533 399 337 1444 1361 6313 1616
leaf_count=307 522 1169 554 2360 847 6166 698 10713 7223 139607 309 395 693 301 1433 1763 7678 7437 460 3650 7842 341 1062 533 399 337 1444 1361 6313 1616
internal_value=-0.00173548 -0.00888546 -0.000745333 -0.00743583 -0.000523409 -0.00265828 -0.00535928 -0.000184844 -0.000204304 -8.25439e-05 -0.00182618 -0.00290882 -0.00732782 -0.00107795 0.00145245 0.00106879 -0.0090068 -0.011144 -0.0113881 -0.0115491 -0.0107518 -0.00597656 -0.000678565 -0.00201 0.000375 0.00173737 -0.000854093 0.00274276 6.28404e-05 0.0031997
internal_weight=215533 26216 189317 6077 183240 25081 14542 158159 157852 146830 11022 3717 1088 2629 1734 10539 8376 20558 19389 18929 11492 895 5658 2499 3159 2097 1966 1760 7160 3379
internal_count=215533 26216 189317 6077 183240 25081 14542 158159 157852 146830 11022 3717 1088 2629 1734 10539 8376 20558 19389 18929 11492 895 5658 2499 3159 2097 1966 1760 7160 3379
is_linear=0
shrinkage=0.03


Tree=213
num_leaves=31
num_cat=0
split_feature=27 11 5 11 4 2 7 2 103 102 107 2 2 96 102 109 7 27 22 89 4 27 10 20 5 7 23 93 24 32
split_gain=2012.51 458.538 414.678 113.786 39.9465 34.2795 32.9124 30.049 28.5177 62.0853 46.3501 45.4212 59.0289 56.0348 24.3822 22.2719 19.5642 14.1332 15.1022 13.8638 13.2579 12.1026 11.5694 11.5595 11.1913 10.4732 7.75667 7.40214 6.17576 6.08693
threshold=382.50000000000006 -1.0000000180025095e-35 391.50000000000006 1.0000000180025095e-35 3.9499999999999997 29.850000000000005 0.84999999999999976 31.150000000000002 80.500000000000014 76.415277777777803 5.6500000000000012 16.650000000000002 18.150000000000002 15.350000000000003 78.113711911357356 0.20000000000000198 0.79999999999999816 432.50000000000006 2397.3000000000006 28.950000000000003 0.69999999999999984 437.50000000000006 -0.29999999999999799 87.801785714285728 413.50000000000006 3.649999999999999 24.254615028238788 76.743055555555557 9.0466853888993004 -0.76141707087277943
decision_type=2 2 2 2 2 2 2 2 2 2 2 2 2 2 2 2 2 2 2 2 2 2 2 2 2 2 2 2 2 2
left_child=2 17 7 6 23 16 -3 8 9 10 -1 13 -13 -10 -11 25 20 22 -19 -7 -5 -18 -2 -4 26 -6 -8 -27 29 -24
right_child=1 3 4 5 15 19 24 -9 11 14 -12 12 -14 -15 -16 -17 21 18 -20 -21 -22 -23 28 -25 -26 27 -28 -29 -30 -31
leaf_value=-6.1470314786169481e-05 0.0030685455089760078 -1.3696888658350142e-05 -5.4442071212877519e-05 -1.3696888658350142e-05 -1.3696888658350142e-05 -1.3696888658350142e-05 -1.3696888658350142e-05 0.024624606107367851 -0.00079692516978466048 -0.0015437436150906561 -0.0020285182472597895 -0.0012541299243444947 3.7424569195405787e-05 0.0065604258169258429 0.0059640595073343688 -1.3696888658350142e-05 -1.3696888658350142e-05 -1.3828796861671006e-05 -0.00032330412571259003 -1.3813780081165858e-05 -1.3696888658350142e-05 -1.3696888658350142e-05 -0.00013270826022138783 -1.0594233112113401e-05 -1.3696888658350142e-05 -1.3696888658350142e-05 -1.3696888658350142e-05 -1.3696888658350142e-05 0.0013808356947765808 -1.279757677554387e-05
leaf_weight=44058 486 5446 875 5901 303 512 2100 387 1499 4931 2255 6665 106172 3905 358 1446 3502 2399 552 641 9071 3273 1114 363 1327 385 611 476 331 4262
leaf_count=44058 486 5446 875 5901 303 512 2100 387 1499 4931 2255 6665 106172 3905 358 1446 3502 2399 552 641 9071 3273 1114 363 1327 385 611 476 331 4262
internal_value=-0.00174053 -0.00767464 -0.000324853 -0.0093497 -0.0100624 -0.0104943 -0.00658513 -0.000104681 -0.000123731 -0.000712168 -0.000360474 0.000133075 4.38682e-06 0.00281961 -0.00379112 -0.0121678 -0.0107617 -0.00174194 -0.0034502 -0.00544627 -0.0113685 -0.00941927 -0.00092751 -0.00561743 -0.00453082 -0.00906438 -0.00342367 -0.00736079 -0.00130606 -0.00155105
internal_weight=215606 41528 174078 32384 3848 22900 9484 170230 169843 51602 46313 118241 112837 5404 5289 2610 21747 9144 2951 1153 14972 6775 6193 1238 4038 1164 2711 861 5707 5376
internal_count=215606 41528 174078 32384 3848 22900 9484 170230 169843 51602 46313 118241 112837 5404 5289 2610 21747 9144 2951 1153 14972 6775 6193 1238 4038 1164 2711 861 5707 5376
is_linear=0
shrinkage=0.03


Tree=214
num_leaves=31
num_cat=0
split_feature=25 5 8 8 25 26 8 15 83 4 11 11 2 26 103 96 100 0 91 11 11 11 8 8 15 2 102 5 94 3
split_gain=1683.29 450.031 257.563 160.325 90.1089 266.566 142.27 47.2896 42.7455 41.5665 34.4933 32.2358 29.7297 29.3874 29.0414 51.2786 46.7867 25.929 21.7636 13.3565 12.6632 11.6489 9.89746 9.87087 14.9752 9.56068 9.53318 9.0573 8.21979 7.07298
threshold=6.5000000000000009 377.50000000000006 0.15000000000000038 0.65000000000000047 5.5000000000000009 22.500000000000004 0.10000000000000099 0.06297699337796521 -0.34999999999999959 3.3500000000000001 -1.0000000180025095e-35 1.0000000180025095e-35 9.5500000000000025 22.500000000000004 90.500000000000014 28.050000000000004 3.8000000000000003 29.650000000000002 0.16646203779502741 -1.0000000180025095e-35 -1.0000000180025095e-35 -1.0000000180025095e-35 0.10000000000000099 0.20000000000000198 0.083208946715848872 18.250000000000004 73.447222222222237 558.50000000000011 75.500000000000014 17.350000000000005
decision_type=2 2 2 2 2 2 2 2 2 2 2 2 2 2 2 2 2 2 2 2 2 2 2 2 2 2 2 2 2 2
left_child=1 4 7 8 12 18 20 19 -3 27 -8 -4 -1 -10 16 -16 -14 23 21 -2 -7 -6 -15 24 -13 -9 -25 -5 -20 -27
right_child=2 3 11 9 5 6 10 25 13 -11 -12 17 14 22 15 -17 -18 -19 28 -21 -22 -23 -24 26 -26 29 -28 -29 -30 -31
leaf_value=-0.0031979255747967279 -3.2367186797570423e-05 -1.3430416678223096e-05 -1.3285981998599638e-05 -1.3285280712300363e-05 1.8811698715468336e-06 0.00019803185571669102 -1.252566227679838e-05 -0.00020880313755240298 2.7998179870488199e-05 -1.3285981998599638e-05 -1.3285981998599638e-05 -1.3285981998599638e-05 -0.00013662147835712056 -4.7744405541456037e-05 0.0001320088378660821 0.0059893696821966946 -0.0028558873247106187 -1.3285981997021538e-05 0.00085425515904120235 -1.3285527619817234e-05 -3.4230629122978616e-05 8.2536316990740511e-05 -1.3285981998599638e-05 -1.3285981998599638e-05 -4.704633289643611e-06 0.0030110493719208956 -1.3285981998599638e-05 -4.4900890133720578e-05 -5.5316757160131437e-06 -1.2435081522142851e-05
leaf_weight=372 818 2922 3807 401 749 2003 928 861 422 2471 5597 1611 126356 716 27990 2999 1362 424 1098 2330 1230 2131 2443 2600 332 324 10931 326 6718 2178
leaf_count=372 818 2922 3807 401 749 2003 928 861 422 2471 5597 1611 126356 716 27990 2999 1362 424 1098 2330 1230 2131 2443 2600 332 324 10931 326 6718 2178
internal_value=-0.00171436 -0.00072735 -0.00883854 -0.00702072 -0.000387253 -0.00226155 -0.00584691 -0.00366477 -0.00431504 -0.0125195 -0.00839641 -0.0105478 -0.000146247 -0.00651173 -0.000126364 0.000697483 -0.000326263 -0.0111422 0.00100963 -0.00630676 -0.000700371 0.00323846 -0.00750475 -0.0113428 -0.0093287 -0.00119055 -0.0116313 -0.00620192 0.000188052 -0.000251698
internal_weight=215450 189234 26216 9701 179533 20454 9758 6511 6503 3198 6525 19705 159079 3581 158707 30989 127718 15898 10696 3148 3233 2880 3159 15474 1943 3363 13531 727 7816 2502
internal_count=215450 189234 26216 9701 179533 20454 9758 6511 6503 3198 6525 19705 159079 3581 158707 30989 127718 15898 10696 3148 3233 2880 3159 15474 1943 3363 13531 727 7816 2502
is_linear=0
shrinkage=0.03


Tree=215
num_leaves=31
num_cat=0
split_feature=27 12 5 8 11 112 89 96 89 19 103 3 103 12 8 29 8 8 12 8 33 101 90 32 12 91 27 90 92 91
split_gain=2003.82 945.567 409.203 118.27 55.3241 43.7589 33.0385 35.9441 29.5002 31.7684 28.6989 26.6014 26.5319 23.8679 17.3673 12.5048 11.4387 10.2824 8.14166 13.5192 10.6323 7.81048 9.86876 7.60697 7.36561 7.09362 7.04893 5.87638 5.7995 5.08022
threshold=382.50000000000006 -1.0000000180025095e-35 391.50000000000006 0.65000000000000047 -1.0000000180025095e-35 3.3500000000000001 28.950000000000003 30.150000000000002 9.3500000000000032 38.550000000000004 82.500000000000014 30.450000000000003 80.500000000000014 0.09999999999999877 0.09999999999999877 36.500000000000007 0.10000000000000099 0.15000000000000038 -0.19999999999999971 0.15000000000000038 -0.6523320455745395 -0.0027739304401354259 2.4999999999999991 -0.42180583328916638 -0.34999999999999959 0.65955641353562511 167.50000000000003 0.49999999999999872 25.190712923280529 0.25934313075410204
decision_type=2 2 2 2 2 2 2 2 2 2 2 2 2 2 2 2 2 2 2 2 2 2 2 2 2 2 2 2 2 2
left_child=2 18 8 17 14 -5 10 -8 15 26 16 12 -11 -12 -3 -1 -6 -4 19 21 28 25 -23 -9 -21 -2 -10 -22 -20 -16
right_child=1 4 3 5 6 -7 7 23 9 11 13 -13 -14 -15 29 -17 -18 -19 20 24 27 22 -24 -25 -26 -27 -28 -29 -30 -31
leaf_value=-0.0034561728799947277 -0.00031106162338725041 -1.3487700112867724e-05 -0.00074619039809406865 -6.8657634463107096e-05 -1.3062408809158668e-05 -1.2887402538641648e-05 -1.2887326274442846e-05 0.002167833447183879 0.0094876768037042251 -0.00026812843982752576 -1.2887402538641648e-05 0.022308761433160875 2.930707994495318e-05 -1.2887402538641648e-05 -1.190443610041572e-05 -0.0003530663229530344 -1.2887402538641648e-05 3.169010845396772e-05 4.1212694000609453e-05 -0.00062451315632115301 -7.660358066455924e-05 -0.00011625038097845139 0.01003558203250386 -0.00022721243786373376 -6.9237139514368335e-05 -0.0018559611573406019 0.0019121561408132813 -9.7171291741163123e-07 -2.2986373607827498e-06 -1.1244253022240363e-05
leaf_weight=634 1797 434 378 463 819 2425 557 345 312 50561 4441 381 117575 11903 736 309 9387 575 578 458 430 1821 324 319 426 335 310 5511 303 638
leaf_count=634 1797 434 378 463 819 2425 557 345 312 50561 4441 381 117575 11903 736 309 9387 575 578 458 430 1821 324 319 426 335 310 5511 303 638
internal_value=-0.00173099 -0.00764887 -0.000316776 -0.0099987 -0.0105289 -0.0130218 -0.01086 -0.006027 -9.80698e-05 -6.85527e-05 -0.0110821 -9.35508e-05 -0.000111516 -0.0103004 -0.00543947 -0.00538665 -0.0123327 -0.000833333 -0.000539469 -0.0014384 0.000140701 -0.000739832 0.000538211 -0.00130827 -0.00481356 -0.00202532 0.00669342 -0.00031555 0.00321429 -0.00709091
internal_weight=215485 41562 173923 3841 29579 2888 27771 1221 170082 169139 26550 168517 168136 16344 1808 943 10206 953 11983 5161 6822 4277 2145 664 884 2132 622 5941 881 1374
internal_count=215485 41562 173923 3841 29579 2888 27771 1221 170082 169139 26550 168517 168136 16344 1808 943 10206 953 11983 5161 6822 4277 2145 664 884 2132 622 5941 881 1374
is_linear=0
shrinkage=0.03


Tree=216
num_leaves=31
num_cat=0
split_feature=27 12 5 8 11 4 89 96 102 19 79 75 29 29 99 4 12 92 28 8 8 8 12 8 96 8 101 11 90 14
split_gain=2000.44 958.509 418.265 105.54 61.417 50.716 33.1746 36.1507 34.0679 26.2568 26.7687 42.9065 48.7382 42.7534 37.3078 34.3082 25.4775 23.351 19.2553 17.3664 14.7509 10.366 7.96381 18.7139 13.3993 12.4297 11.4851 8.6666 8.37019 7.25206
threshold=382.50000000000006 -1.0000000180025095e-35 393.50000000000006 0.65000000000000047 -1.0000000180025095e-35 3.3500000000000001 28.950000000000003 30.150000000000002 79.634722222222237 38.550000000000004 1.0000000180025095e-35 0.010789473684210529 128.50000000000003 4.5000000000000009 29.950000000000003 2.100000000000001 0.15000000000000038 13.461506337115283 10.500000000000002 0.09999999999999877 0.1000000000000001 0.15000000000000038 -0.29999999999999799 0.15000000000000038 25.450000000000003 1.0000000180025095e-35 -0.0022284295468653027 -0.099999999999998743 2.4000000000000017 0.050400693299482512
decision_type=2 2 2 2 2 2 2 2 2 2 2 2 2 2 2 2 2 2 2 2 2 2 2 2 2 2 2 2 2 2
left_child=2 22 9 21 19 -5 8 -8 20 18 13 12 -12 17 -15 -13 -10 -11 -1 -3 -6 -4 23 26 -24 29 -2 -27 -28 -26
right_child=1 4 3 5 6 -7 7 -9 16 10 11 15 -14 14 -16 -17 -18 -19 -20 -21 -22 -23 24 -25 25 27 28 -29 -30 -31
leaf_value=0.00078131074006654528 -0.0007347893344488033 4.220051455286931e-06 -0.00079010755444004082 -6.707213957053518e-05 -1.2558038575891659e-05 -1.2500780462482399e-05 -1.2500724624824734e-05 -9.5758481850852933e-05 -1.2500780462482399e-05 -0.00032662610796284298 7.1293709833900314e-05 0.00085771946845778803 -0.00084531675917667046 3.7603093880165251e-05 0.0040913331598155245 -0.0023399841440811153 -1.2500780462482399e-05 -0.0031140231478095585 0.0088659752557035173 -1.1547303017403248e-05 -1.2500780462482399e-05 2.620753122075452e-05 -2.1176779626806766e-05 -0.00046972043085590713 -0.0001937661580866053 -6.8481414205699765e-06 0.00011940630439483069 2.7378453859509492e-05 0.0085950605790371254 0.0013984021084388341
leaf_weight=408 1870 432 394 480 959 2428 561 667 5884 649 13744 8708 20985 121849 2043 421 8190 802 311 1363 11475 576 5473 695 407 428 1288 1179 325 308
leaf_count=408 1870 432 394 480 959 2428 561 667 5884 649 13744 8708 20985 121849 2043 421 8190 802 311 1363 11475 576 5473 695 407 428 1288 1179 325 308
internal_value=-0.00166482 -0.00758222 -0.00025167 -0.00999227 -0.0104851 -0.0128498 -0.0108332 -0.00600488 -0.0110566 -2.93077e-05 -5.36341e-05 -0.000691534 -0.00117262 0.000169573 0.000229553 0.00113855 -0.0100433 -0.00494835 0.0056875 -0.00510301 -0.0122027 -0.00142122 -0.000422165 -0.00147882 0.000144305 0.00205338 -0.000581228 0.00351679 0.00127323 -0.00123603
internal_weight=215302 41504 173798 3878 29531 2908 27736 1228 26508 169920 169201 43858 34729 125343 123892 9129 14074 1451 719 1795 12434 970 11973 4178 7795 2322 3483 1607 1613 715
internal_count=215302 41504 173798 3878 29531 2908 27736 1228 26508 169920 169201 43858 34729 125343 123892 9129 14074 1451 719 1795 12434 970 11973 4178 7795 2322 3483 1607 1613 715
is_linear=0
shrinkage=0.03


Tree=217
num_leaves=31
num_cat=0
split_feature=27 12 112 8 8 89 96 2 2 102 20 32 75 12 107 93 47 17 33 20 33 102 27 3 12 8 96 32 108 112
split_gain=2042.63 943.825 355.367 217.287 58.7332 34.1811 36.7732 28.4456 26.5626 26.4168 25.7448 56.1085 53.6991 18.4506 13.9525 15.0399 7.96293 7.16546 6.25163 6.07763 5.63449 8.15285 7.80829 5.39413 5.35888 9.18243 4.67348 4.49456 4.38777 4.346
threshold=382.50000000000006 -1.0000000180025095e-35 3.3500000000000001 0.65000000000000047 0.1000000000000001 28.950000000000003 30.150000000000002 31.150000000000002 9.9500000000000011 79.634722222222237 92.934408602150555 -0.33425342068356556 0.48947368421052639 0.15000000000000038 3.2000000000000006 86.765277777777797 1.0000000180025095e-35 1.0000000180025095e-35 -0.90161545992537195 94.753048780487816 0.080547328232315238 84.495129216960706 407.50000000000006 13.850000000000003 -0.19999999999999971 0.15000000000000038 24.750000000000004 0.98213580174693105 3.8000000000000029 0.89999999999999958
decision_type=2 2 2 2 2 2 2 2 2 2 2 2 2 2 2 2 2 2 2 2 2 2 2 2 2 2 2 2 2 2
left_child=2 17 7 14 20 9 -7 8 -1 16 12 -12 -10 -11 -4 -16 -6 19 -8 23 -3 22 -22 -2 25 28 29 -25 -19 -26
right_child=1 4 3 -5 5 6 18 -9 10 13 11 -13 -14 -15 15 -17 -18 24 -20 -21 21 -23 -24 27 26 -27 -28 -29 -30 -31
leaf_value=-0.0025781209713692825 -0.00016086284848557402 -1.0650937866938168e-05 0.00011319701637029257 -1.2125757048607928e-05 -1.2125757048607928e-05 -1.2125738766427393e-05 -0.00011661286532654214 0.023795750984528789 -1.5416867434665797e-05 -1.2125757048607928e-05 -0.0010580598389199087 -1.9796493146441439e-05 0.0084965828671354059 -1.2125757048607928e-05 -0.0026537784778917477 0.00056727954339653823 -1.2125757048607928e-05 -0.00069134726580658955 0.0037774053666786832 -0.00030446502046072531 -9.8835890900719745e-05 -3.2252571640661363e-05 -1.2694487867556003e-05 1.3619611434711209e-05 -0.00010008814247313436 -0.00049021806512131508 1.4148664667831076e-05 -9.4907147758215498e-05 0.00071305155841218642 -1.0293531974897513e-05
leaf_weight=602 520 900 439 2597 11965 558 315 343 152583 5477 4094 10520 1964 8335 495 389 322 1770 327 380 376 328 767 5608 611 394 897 301 375 1016
leaf_count=602 520 900 439 2597 11965 558 315 343 152583 5477 4094 10520 1964 8335 495 389 322 1770 327 380 376 328 767 5608 611 394 897 301 375 1016
internal_value=-0.00174779 -0.00772477 -0.000320985 -0.00925019 -0.0105851 -0.0109786 -0.00601998 -0.000115163 -0.000132625 -0.0112063 -0.00011022 -0.00131372 3.59112e-06 -0.0103033 0.00064577 -0.00152542 -0.0122205 -0.000576097 -0.00111975 5.94714e-05 -0.00605185 -0.00490149 -0.00609703 0.000277605 -0.00143069 -0.00240354 -0.000451485 0.000535533 -0.00162861 -0.00140971
internal_weight=215568 41542 174026 3920 29670 27299 1200 170106 169763 26099 169161 14614 154547 13812 1323 884 12287 11872 642 6809 2371 1471 1143 6429 5063 2539 2524 5909 2145 1627
internal_count=215568 41542 174026 3920 29670 27299 1200 170106 169763 26099 169161 14614 154547 13812 1323 884 12287 11872 642 6809 2371 1471 1143 6429 5063 2539 2524 5909 2145 1627
is_linear=0
shrinkage=0.03


Tree=218
num_leaves=31
num_cat=0
split_feature=27 12 4 8 8 89 96 18 102 15 96 33 33 104 2 12 88 95 3 90 33 108 102 95 22 90 12 8 96 8
split_gain=2005.18 931.843 361.05 205.479 61.7394 30.8635 34.7573 28.9927 27.7326 26.5535 38.6972 43.969 34.165 28.0752 27.1672 20.9272 18.4729 16.3602 16.0821 37.1473 29.5615 27.7368 21.6301 20.2745 17.3973 11.2107 9.50623 15.3917 10.9375 12.0942
threshold=382.50000000000006 -1.0000000180025095e-35 3.3500000000000001 0.65000000000000047 0.1000000000000001 28.950000000000003 30.150000000000002 1.0000000180025095e-35 79.634722222222237 0.062413782339924548 25.450000000000003 -0.26867065956352881 0.6174544326165855 20.050182818629377 18.650000000000002 0.15000000000000038 20.050000000000004 29.650000000000002 28.150000000000002 1.3 -0.97111920233974802 1.7999999999999983 82.229166666666671 30.050000000000004 809.15000000000009 3.7500000000000004 -0.29999999999999799 0.15000000000000038 25.450000000000003 1.0000000180025095e-35
decision_type=2 2 2 2 2 2 2 2 2 2 2 2 2 2 2 2 2 2 2 2 2 2 2 2 2 2 2 2 2 2
left_child=2 26 7 17 -3 8 -7 9 -6 10 11 -1 16 -12 -14 -10 -11 25 21 20 -20 23 -21 -9 -23 -4 27 -2 -28 -30
right_child=1 4 3 -5 5 6 -8 18 15 12 13 -13 14 -15 -16 -17 -18 -19 19 22 -22 24 -24 -25 -26 -27 28 -29 29 -31
leaf_value=-0.0011246619138646228 -0.00042029704123056831 -1.1844776507910535e-05 1.1863019005545899e-05 -1.1761984337149691e-05 -1.1761984337149691e-05 -1.1761930723087169e-05 -9.1527232759256564e-05 -0.00044998346535186917 -1.1761984337149691e-05 -0.0005468074276555921 0.006670341802385028 -0.00012277405466660737 0.00040135204231623087 0.000101095483573179 0.0029036277327934954 -1.1761984337149691e-05 6.5573952934264704e-05 -0.00072480340179182777 -0.0005788445121964669 -0.0015035020961831904 0.0015875313697888416 -0.0016699163297700214 0.0037277520748230288 -0.0010304719392767335 0.00028699136818822704 0.04641985928834632 -1.8874936290976119e-05 -0.00044384999561401182 -0.00011509791590424841 2.2803655594421061e-05
leaf_weight=5437 3475 2331 506 2601 12248 576 639 35053 5468 4540 711 29243 8557 24626 7749 8290 28296 433 2439 2760 6543 984 306 1102 11731 345 5414 702 736 1626
leaf_count=5437 3475 2331 506 2601 12248 576 639 35053 5468 4540 711 29243 8557 24626 7749 8290 28296 433 2439 2760 6543 984 306 1102 11731 345 5414 702 736 1626
internal_value=-0.00170162 -0.00762649 -0.000287992 -0.00932964 -0.0104852 -0.0108866 -0.00620477 -8.14038e-05 -0.0111051 0.000211204 -0.000212186 -0.000863297 0.000728283 0.00067902 0.00185074 -0.0101781 0.000170844 0.000490272 -0.000605722 0.000375965 0.00134922 -0.000847742 -0.00247473 -0.00127157 0.000357424 0.00290493 -0.00055839 -0.00171254 6.17205e-05 0.00176471
internal_weight=215467 41505 173962 3885 29552 27221 1215 170077 26006 109159 60017 34680 49142 25337 16306 13758 32836 1284 60918 12048 8982 48870 3066 36155 12715 851 11953 4177 7776 2362
internal_count=215467 41505 173962 3885 29552 27221 1215 170077 26006 109159 60017 34680 49142 25337 16306 13758 32836 1284 60918 12048 8982 48870 3066 36155 12715 851 11953 4177 7776 2362
is_linear=0
shrinkage=0.03


Tree=219
num_leaves=31
num_cat=0
split_feature=25 12 5 8 25 26 12 12 112 11 26 0 102 90 95 31 104 107 91 11 102 91 12 12 12 8 11 8 83 2
split_gain=1642.51 547.497 442.249 155.877 80.9255 260.819 224.302 67.4728 46.8113 34.156 30.356 29.8101 29.3458 48.4282 64.5829 43.978 43.1168 42.2129 31.8357 24.664 21.8947 20.4753 17.5824 11.1553 10.8119 12.1977 11.3286 23.7197 20.1247 9.17361
threshold=6.5000000000000009 -1.0000000180025095e-35 379.50000000000006 0.75000000000000011 5.5000000000000009 22.500000000000004 -1.0000000180025095e-35 -1.0000000180025095e-35 3.3500000000000001 -1.0000000180025095e-35 22.500000000000004 29.650000000000002 80.386111111111134 0.69999999999999984 30.550000000000004 -0.5 26.793778430780311 5.6500000000000012 0.29302211899615377 -1.0000000180025095e-35 79.634722222222237 0.17551070638177274 0.15000000000000038 -1.0000000180025095e-35 -0.24999999999999997 0.15000000000000038 -0.15000000000000033 1.0000000180025095e-35 -0.70000000000000184 18.250000000000004
decision_type=2 2 2 2 2 2 2 2 2 2 2 2 2 2 2 2 2 2 2 2 2 2 2 2 2 2 2 2 2 2
left_child=2 24 4 7 12 21 -7 -4 -5 -3 -9 20 16 14 -14 -15 17 -1 -18 -8 -11 23 -22 -6 25 29 -26 -28 -29 -2
right_child=1 9 3 8 5 6 19 10 -10 11 -12 -13 13 15 -16 -17 18 -19 -20 -21 22 -23 -24 -25 26 -27 27 28 -30 -31
leaf_value=-0.00018120618072501002 -0.0013865949534226667 -1.0483330568812992e-05 -5.0617140700598823e-05 -1.1466217022202126e-05 3.8286178200463248e-05 -2.0669199793242986e-06 -1.0617695188866304e-05 3.0272200611807559e-05 -1.1409124807035199e-05 -1.1409124807035199e-05 -1.1409124807035199e-05 -1.1409124805504443e-05 -0.00039627461541681116 -0.00010214577354041561 0.015739167179649644 0.0012449671610277296 -0.0005001279760588151 -0.0020434956838470621 -0.0065672522426141206 -1.1409124807035199e-05 -1.1409124807035199e-05 8.3057453438054595e-06 -1.1409124807035199e-05 8.7223656784230695e-05 -0.00034849886510234283 -0.0004126635538431814 -0.00030160760659506705 -0.00014494565052365225 2.6594659035116789e-05 8.7549014147369486e-05
leaf_weight=81936 411 1052 3080 601 1141 4053 496 322 2350 9132 2751 463 25362 19000 431 28743 375 2973 388 5584 3272 7735 6561 2073 569 437 909 306 1770 1330
leaf_count=81936 411 1052 3080 601 1141 4053 496 322 2350 9132 2751 463 25362 19000 431 28743 375 2973 388 5584 3272 7735 6561 2073 569 437 909 306 1770 1330
internal_value=-0.00169628 -0.0087346 -0.000722142 -0.00717298 -0.000396359 -0.00214296 -0.00561131 -0.0044532 -0.0128404 -0.0110283 -0.00759759 -0.0113135 -0.000165066 0.000274556 -0.000772854 0.00084042 -0.000542411 -0.000478566 -0.00763743 -0.00925506 -0.0114972 0.00106712 -0.010511 0.00307932 -0.000538985 -0.00220285 0.000481013 0.0012207 0.00298989 -0.00107635
internal_weight=215606 26212 189394 9104 180290 21082 10133 6153 2951 20480 3073 19428 159208 73536 25793 47743 85672 84909 763 6080 18965 10949 9833 3214 5732 2178 3554 2985 2076 1741
internal_count=215606 26212 189394 9104 180290 21082 10133 6153 2951 20480 3073 19428 159208 73536 25793 47743 85672 84909 763 6080 18965 10949 9833 3214 5732 2178 3554 2985 2076 1741
is_linear=0
shrinkage=0.03


Tree=220
num_leaves=31
num_cat=0
split_feature=25 5 8 8 25 8 15 7 112 11 79 75 29 29 108 33 97 92 0 18 18 18 11 21 11 108 84 103 11 11
split_gain=1621.73 442.772 292.508 151.498 98.4135 101.336 51.1123 49.1649 43.6612 40.4017 28.5012 40.6456 53.4012 38.9282 58.7437 33.8019 32.9259 24.1542 24.0694 14.3163 13.5265 11.885 11.877 11.4741 11.2139 9.97681 9.96698 9.42728 8.8313 8.78463
threshold=6.5000000000000009 383.50000000000006 0.15000000000000038 0.75000000000000011 5.5000000000000009 0.15000000000000038 0.050839112744180369 1.3499999999999999 3.3500000000000001 1.0000000180025095e-35 1.0000000180025095e-35 0.0086842105263157925 128.50000000000003 6.5000000000000009 0.59999999999999887 0.76556758748011056 16.150000000000002 13.327934484706022 29.650000000000002 1.0000000180025095e-35 1.0000000180025095e-35 1.0000000180025095e-35 -1.0000000180025095e-35 1.2526807412699532 0.15000000000000038 2.100000000000001 -0.50000000000000122 81.500000000000014 -1.0000000180025095e-35 -1.0000000180025095e-35
decision_type=2 2 2 2 2 2 2 2 2 2 2 2 2 2 2 2 2 2 2 2 2 2 2 2 2 2 2 2 2 2
left_child=1 4 6 7 10 17 22 19 -5 29 13 12 -12 14 -1 -15 -13 -6 21 25 24 27 -2 -19 -7 -3 -21 -11 -8 -4
right_child=2 3 9 8 5 20 28 -9 -10 18 11 16 -14 15 -16 -17 -18 23 -20 26 -22 -23 -24 -25 -26 -27 -28 -29 -30 -31
leaf_value=-0.0044279472026828122 -1.4178720584351347e-05 -1.1066851062824142e-05 -1.123875981982894e-05 -1.112762728685816e-05 0.00092643506483672559 -1.1066851062824142e-05 -1.1004648568131845e-05 -1.1064017821581209e-05 -1.1066851062824142e-05 -1.1066851062824142e-05 8.6263147447006601e-05 0.0064187920676877508 -0.0011145219647180297 -4.8018735006815048e-05 0.001468098475786809 0.00093119226180429782 0.00019225332232434083 -1.113042895086451e-05 -1.1066851061339309e-05 -1.0505557599837597e-05 -1.1064527664219847e-05 -1.1066851062824142e-05 -1.1072316101872381e-05 0.00068355167919597845 -1.1066851062824142e-05 -1.1066851062824142e-05 -1.1066855751041874e-05 -1.1066851062824142e-05 -1.088876528726074e-05 -1.1066851062824142e-05
leaf_weight=1286 426 1784 1217 558 2558 5132 2849 2480 2359 4131 13078 647 19438 90492 804 25070 8237 8191 422 518 2449 2320 1661 1225 2256 307 408 8968 1605 2554
leaf_count=1286 426 1784 1217 558 2558 5132 2849 2480 2359 4131 13078 647 19438 90492 804 25070 8237 8191 422 518 2449 2320 1661 1225 2256 307 408 8968 1605 2554
internal_value=-0.0016953 -0.000727739 -0.00869752 -0.00745455 -0.000414759 -0.00230447 -0.00320315 -0.00452073 -0.0129798 -0.0105298 -0.000155609 -0.000832589 -0.00132392 8.26158e-05 -0.00397418 0.000156019 0.000965672 -0.000450939 -0.0111946 -0.00709245 -0.00456038 -0.0113881 -0.00707615 -0.00115323 -0.00520097 -0.00846797 -0.00398058 -0.0117401 -0.00138721 -0.00773462
internal_weight=215430 189277 26153 8414 180863 21811 6541 5497 2917 19612 159052 41400 32516 117652 2090 115562 8884 11974 15841 3017 9837 15419 2087 9416 7388 2091 926 13099 4454 3771
internal_count=215430 189277 26153 8414 180863 21811 6541 5497 2917 19612 159052 41400 32516 117652 2090 115562 8884 11974 15841 3017 9837 15419 2087 9416 7388 2091 926 13099 4454 3771
is_linear=0
shrinkage=0.03


Tree=221
num_leaves=31
num_cat=0
split_feature=27 12 4 109 11 89 96 102 84 29 0 99 98 33 104 89 89 12 93 4 99 83 4 0 91 33 12 96 33 11
split_gain=1981.61 936.615 362.137 103.458 64.8275 29.901 35.6502 31.4743 25.438 29.67 25.9684 52.3972 57.3205 36.4494 67.741 36.2028 26.6793 25.3599 24.4565 16.79 9.84896 9.74654 9.08801 8.08047 7.99153 7.30073 6.59248 13.6704 12.2317 10.2799
threshold=382.50000000000006 -1.0000000180025095e-35 3.3500000000000001 -0.15000000000000033 -1.0000000180025095e-35 28.950000000000003 30.150000000000002 79.634722222222237 -3.4000000000000008 104.50000000000001 28.250000000000004 26.750000000000004 -0.54999999999999882 -0.54219087765047058 18.475319982059009 20.050000000000004 28.250000000000004 0.15000000000000038 86.590277777777786 0.500000000000001 20.050000000000004 -0.39999999999999897 1.0000000000000011 10.950000000000001 0.25773682888191951 -0.90161545992537195 -0.29999999999999799 24.750000000000004 -0.93543596745397617 -0.15000000000000033
decision_type=2 2 2 2 2 2 2 2 2 2 2 2 2 2 2 2 2 2 2 2 2 2 2 2 2 2 2 2 2 2
left_child=2 23 8 18 24 7 -7 21 9 22 13 16 -13 14 -10 -15 -12 -9 20 -11 -4 -6 -1 -2 -3 -8 28 -28 -25 -29
right_child=1 4 3 -5 5 6 25 17 10 19 11 12 -14 15 -16 -17 -18 -19 -20 -21 -22 -23 -24 26 -26 -27 27 29 -30 -31
leaf_value=0.019850212958328776 -0.00049890855547469201 -9.8481240951256087e-06 -1.0734845530939419e-05 -1.0734845530939419e-05 -1.0734845530939419e-05 -1.0734141098950541e-05 -0.00017573630707431176 -1.0734845530939419e-05 -0.0034684713831127077 -0.0051965298203984342 0.014730255424454835 0.00022348522413306537 -0.0014554209916790796 -0.00025077063839222454 -0.00017427935719483372 0.00013346415397353859 0.0022881040144316078 -1.0734845530939419e-05 0.00012464521573133183 0.0031784229257775234 -1.3122458806489095e-05 -1.0734845530939419e-05 0.0065336854180392118 -0.00064928988782046054 -7.7408994430590158e-06 0.0035926550348112001 -2.4278705936253871e-05 -0.00027889350106212734 -0.00032516921818386132 2.4375792971100309e-05
leaf_weight=315 302 994 322 2230 1303 569 315 5783 899 355 580 27579 3716 52372 25566 57016 1108 8207 575 494 791 11350 333 338 813 321 4993 438 3752 2220
leaf_count=315 302 994 322 2230 1303 569 315 5783 899 355 580 27579 3716 52372 25566 57016 1108 8207 575 494 791 11350 333 338 813 321 4993 438 3752 2220
internal_value=-0.00169032 -0.00756493 -0.000284502 -0.00930084 -0.0104301 -0.0107875 -0.00615672 -0.0109967 -7.70545e-05 0.00381509 -0.000111587 0.000643494 0.000365702 -0.000294912 -0.00129392 -5.32046e-05 0.00579041 -0.0100136 -0.00369449 0.000123529 -0.00628815 -0.0120827 0.00864407 -0.000509382 -0.0049198 -0.00127159 -0.000384517 0.000135259 -0.00135664 0.00187288
internal_weight=215949 41698 174251 3918 29655 27848 1205 26643 170333 1497 168836 32983 31295 135853 26465 109388 1688 13990 1688 849 1113 12653 648 12043 1807 636 11741 7651 4090 2658
internal_count=215949 41698 174251 3918 29655 27848 1205 26643 170333 1497 168836 32983 31295 135853 26465 109388 1688 13990 1688 849 1113 12653 648 12043 1807 636 11741 7651 4090 2658
is_linear=0
shrinkage=0.03


Tree=222
num_leaves=31
num_cat=0
split_feature=25 5 8 8 25 26 8 15 4 83 83 24 75 32 96 103 101 4 26 8 24 15 0 18 18 22 103 102 83 15
split_gain=1650.98 444.721 271.356 159.1 87.7179 270.149 148.394 53.7352 43.3142 36.9048 30.8379 26.9071 54.2572 46.0894 43.6106 43.435 26.8407 24.8865 24.3533 23.3067 22.515 18.2115 16.9069 14.8344 14.0937 13.7505 9.15851 8.13131 7.99742 7.95359
threshold=6.5000000000000009 379.50000000000006 0.15000000000000038 0.75000000000000011 5.5000000000000009 22.500000000000004 0.10000000000000099 0.050839112744180369 3.3500000000000001 -0.34999999999999959 -0.40000000000000119 1.0570637736441653 0.72026315789473694 -0.33425342068356556 21.750000000000004 90.500000000000014 -0.00083333333333332775 0.6000000000000002 22.500000000000004 0.20000000000000198 2.950655301629086 0.089632016071781243 29.650000000000002 -1.0000000180025095e-35 1.0000000180025095e-35 1419.1500000000003 81.500000000000014 81.726388888888906 -0.20000000000000193 0.064898878316801176
decision_type=2 2 2 2 2 2 2 2 2 2 2 2 2 2 2 2 2 2 2 2 2 2 2 2 2 2 2 2 2 2
left_child=1 4 7 9 11 17 25 -2 -5 -3 -8 13 15 16 -15 -13 -1 -6 -11 21 -14 27 24 -20 26 -7 -21 -4 -19 -9
right_child=2 3 19 8 5 6 10 29 -10 18 -12 12 20 14 -16 -17 -18 28 23 22 -22 -23 -24 -25 -26 -27 -28 -29 -30 -31
leaf_value=-0.0022116852119190076 -1.0427730587897304e-05 -1.0549732086698395e-05 -1.0412800165011235e-05 -1.0467981639910864e-05 9.9877756203870186e-05 0.0008762992743193785 -1.0412800165011235e-05 -1.0406308282277856e-05 -1.0412800165011235e-05 1.3069847330222418e-07 -1.0412800165011235e-05 -0.0001657718251370478 0.0043575858780597731 -0.0011202399585443534 0.00038842641305280413 0.00058162608465249423 -0.00030760826986705303 -2.5804078606721137e-05 -1.0412800165011235e-05 -1.0412800165011235e-05 0.019408488211155383 -2.3344252136405398e-06 -1.0412800165248174e-05 -1.0412800165011235e-05 -1.0412800165011235e-05 -3.6631050411849204e-05 -1.0412800165011235e-05 -1.0412800165011235e-05 2.6567139004410956e-05 -1.5391765655459165e-05
leaf_weight=1962 2105 2720 1761 584 2224 936 990 1196 2362 447 5659 121721 1069 3635 5018 24065 1246 5598 1361 4023 423 542 426 1652 2702 2455 9305 895 2976 3276
leaf_count=1962 2105 2720 1761 584 2224 936 990 1196 2362 447 5659 121721 1069 3635 5018 24065 1246 5598 1361 4023 423 542 426 1652 2702 2455 9305 895 2976 3276
internal_value=-0.00169996 -0.000721587 -0.00875286 -0.00718199 -0.000393965 -0.0022242 -0.00576636 -0.0034775 -0.0129182 -0.00444588 -0.00837068 -0.000154298 -4.35907e-05 -0.00152883 -0.000389993 -0.000101861 -0.00459956 0.00106954 -0.00650101 -0.0105179 0.00564635 -0.00816818 -0.0109741 -0.00747014 -0.0111309 -0.000658903 -0.0115327 -0.00919082 0.00033586 -0.00161636
internal_weight=215334 189103 26231 9126 179977 20838 10040 6577 2946 6180 6649 159139 147278 11861 8653 145786 3208 10798 3460 19654 1492 3198 16456 3013 16030 3391 13328 2656 8574 4472
internal_count=215334 189103 26231 9126 179977 20838 10040 6577 2946 6180 6649 159139 147278 11861 8653 145786 3208 10798 3460 19654 1492 3198 16456 3013 16030 3391 13328 2656 8574 4472
is_linear=0
shrinkage=0.03


Tree=223
num_leaves=31
num_cat=0
split_feature=27 12 5 8 8 4 89 96 18 89 19 102 24 12 8 12 27 56 40 83 83 28 67 29 12 8 96 90 101 33
split_gain=1976.2 943.104 404.09 125.656 69.5184 40.7074 32.1822 34.7285 29.7001 29.7831 28.8823 28.075 24.6482 21.1526 15.6 19.091 22.4982 16.8062 16.7473 13.6385 8.9312 8.7765 8.08764 7.60329 7.3076 18.2965 11.5442 10.0214 9.9226 8.83293
threshold=382.50000000000006 -1.0000000180025095e-35 391.50000000000006 0.65000000000000047 0.10000000000000099 3.3500000000000001 28.950000000000003 30.150000000000002 1.0000000180025095e-35 9.6500000000000004 38.550000000000004 79.634722222222237 1.3403118893337533 0.15000000000000038 0.59999999999999887 -1.0000000180025095e-35 242.50000000000003 2.3350000000000004 1.0000000180025095e-35 -0.65000000000000024 -0.39999999999999897 1.5000000000000002 0.44736842105263158 86.500000000000014 -0.29999999999999799 0.15000000000000038 24.750000000000004 0.49999999999999872 -0.0027777777777777796 0.94353349168649059
decision_type=2 2 2 2 2 2 2 2 2 2 2 2 2 2 2 2 2 2 2 2 2 2 2 2 2 2 2 2 2 2
left_child=2 24 8 19 20 -5 11 -8 9 21 -11 22 -12 -13 17 -16 -17 18 -10 -4 -3 -1 -6 -22 25 28 27 -26 -2 -29
right_child=1 4 3 5 6 -7 7 -9 14 10 12 13 -14 -15 15 16 -18 -19 -20 -21 23 -23 -24 -25 26 -27 -28 29 -30 -31
leaf_value=-0.0046932681158377018 -0.00070254501894004544 -5.4664932422992058e-06 -0.0009879774509779064 -7.8013605826951851e-05 -1.0100416160060898e-05 -1.0100416160060898e-05 -1.0100421167810681e-05 -8.7910237410145664e-05 -0.00093691602128631948 0.0065151330922119067 -0.00018788327567809064 -1.0100416160060898e-05 0.00010058425066238672 -1.0100416160060898e-05 -0.0009024246602700077 -0.0013559180578799784 7.4875781111282471e-05 0.010694407704342707 -0.00014881117544924494 6.6451595499326396e-05 -1.0438997287960534e-05 -0.0013523807230371081 -1.0100416160060898e-05 -9.7440788138824056e-06 -0.00012623891873395196 -0.00041453429664089293 1.8046477641115048e-05 -4.4198137788666754e-05 0.00053182699771406599 3.433787861414372e-05
leaf_weight=304 1577 604 349 468 11982 2409 577 639 8104 431 10915 5504 97325 8293 522 311 531 366 51089 605 584 402 336 1124 404 706 2637 3427 1927 1305
leaf_count=304 1577 604 349 468 11982 2409 577 639 8104 431 10915 5504 97325 8293 522 311 531 366 51089 605 584 402 336 1124 404 706 2637 3427 1927 1305
internal_value=-0.00167695 -0.00754919 -0.000273155 -0.00990736 -0.0104202 -0.0130351 -0.0108428 -0.00606409 -5.63708e-05 0.000239308 0.000279235 -0.0110651 0.000248335 -0.010133 -0.000587207 -0.00375824 -0.000960854 -0.000514523 -0.000554195 -0.000471204 -0.00542153 -0.00589816 -0.0121081 -0.00653013 -0.000446846 -0.00145334 9.84049e-05 -0.000729998 -0.000564907 -0.000342278
internal_weight=215757 41626 174131 3831 29643 2877 27331 1216 170300 109377 108671 26115 108240 13797 60923 1364 842 59559 59193 954 2312 706 12318 1708 11983 4210 7773 5136 3504 4732
internal_count=215757 41626 174131 3831 29643 2877 27331 1216 170300 109377 108671 26115 108240 13797 60923 1364 842 59559 59193 954 2312 706 12318 1708 11983 4210 7773 5136 3504 4732
is_linear=0
shrinkage=0.03


Tree=224
num_leaves=31
num_cat=0
split_feature=27 8 5 8 15 11 4 2 83 11 33 33 33 96 102 102 102 102 104 18 11 8 83 33 83 15 8 32 107 32
split_gain=1980.82 539.08 406.987 123.382 102.829 65.0848 48.9503 32.4015 29.0692 28.0986 26.9127 30.7839 54.9438 92.3279 54.8844 40.0017 38.8871 26.0047 25.7067 20.824 18.3491 15.3292 15.2695 13.1572 12.2255 10.4735 9.30232 8.48549 7.00079 8.25415
threshold=382.50000000000006 0.15000000000000038 391.50000000000006 0.65000000000000047 0.050839112744180369 -1.0000000180025095e-35 3.3500000000000001 30.450000000000003 -0.40000000000000119 -1.0000000180025095e-35 -0.99983123799342477 -0.97111920233974802 -0.92272482904738262 28.350000000000005 74.931944444444454 84.577777777777797 77.94583333333334 73.637500000000003 25.870668003577894 1.0000000180025095e-35 -0.15000000000000033 0.10000000000000099 -0.34999999999999959 0.26659387353423869 -0.65000000000000024 0.06839565850033695 0.2999999999999981 -0.14250824554987665 7.0999999999999996 0.59868201182722736
decision_type=2 2 2 2 2 2 2 2 2 2 2 2 2 2 2 2 2 2 2 2 2 2 2 2 2 2 2 2 2 2
left_child=2 4 10 24 9 20 -5 8 26 -2 18 14 13 -13 17 -14 -16 -12 -1 -10 -3 27 28 -22 -4 -24 -7 -11 29 -6
right_child=1 5 3 6 22 7 -8 -9 19 21 11 12 15 -15 16 -17 -18 -19 -20 -21 23 -23 25 -25 -26 -27 -28 -29 -30 -31
leaf_value=7.5534359307812723e-05 -2.6159257310808783e-05 -0.00037317140202226167 -0.00077906744718621225 -6.862979842419187e-05 -2.802376448638357e-05 -9.7426346531186591e-06 -9.7974036752590704e-06 -9.7946730758296292e-06 -9.7974036752590704e-06 -2.6493711268082625e-05 0.00020482937700664602 -0.00034282074928156147 -0.00012876002016708651 0.0034841096783851549 -0.0019419908442676926 0.00022766256555149515 -0.0002994117461383459 0.02526234919496545 0.015176932971808443 -9.7974036752590704e-06 3.6251110448433721e-07 -9.8118861854585584e-06 -9.7911065490076912e-06 -9.0047709929504899e-06 6.1651987830953304e-05 -8.3349633019806147e-06 -9.7974036752590704e-06 -1.0484096501766722e-05 -0.00073798120689415965 0.0006623768662820307
leaf_weight=479 968 774 353 476 4556 1054 2469 305 19016 827 386 2879 113746 5044 2150 36256 8506 376 371 3877 658 1705 1525 585 594 1221 1074 1139 343 1768
leaf_count=479 968 774 353 476 4556 1054 2469 305 19016 827 386 2879 113746 5044 2150 36256 8506 376 371 3877 658 1705 1525 585 594 1221 1074 1139 343 1768
internal_value=-0.00169101 -0.0075895 -0.000288392 -0.00987927 -0.00281363 -0.0100437 -0.0129073 -0.0104568 -0.0105753 -0.00646875 -6.90095e-05 -9.57518e-05 1.30124e-05 0.00244763 -0.00159996 -0.000115598 -0.00215633 0.006173 0.00525264 -0.0108874 -0.00485382 -0.00766748 -0.00101179 -0.00259244 -0.000458861 -0.00289407 -0.00721465 -0.00585663 -0.000236203 -9.48617e-06
internal_weight=215480 41395 174085 3892 14052 27343 2945 25326 25021 4639 170193 169343 157925 7923 11418 150002 10656 762 850 22893 2017 3671 9413 1243 947 2746 2128 1966 6667 6324
internal_count=215480 41395 174085 3892 14052 27343 2945 25326 25021 4639 170193 169343 157925 7923 11418 150002 10656 762 850 22893 2017 3671 9413 1243 947 2746 2128 1966 6667 6324
is_linear=0
shrinkage=0.03


Tree=225
num_leaves=31
num_cat=0
split_feature=27 11 5 83 4 11 11 109 89 96 33 89 1 0 102 4 85 20 83 22 11 20 27 83 85 33 103 7 102 92
split_gain=1940.85 492.752 416.662 155.923 43.8312 43.2601 33.1811 32.0668 29.5354 31.7525 26.4143 25.7716 34.9028 24.72 14.7577 12.1892 12.5749 11.7703 10.6674 10.3091 11.1402 9.72703 8.59811 8.52438 7.34473 7.15157 6.75233 10.3475 6.11486 9.08867
threshold=382.50000000000006 -1.0000000180025095e-35 393.50000000000006 -0.29999999999999799 3.3500000000000001 1.0000000180025095e-35 1.0000000180025095e-35 0.20000000000000198 28.950000000000003 30.150000000000002 0.99995376255531909 9.6500000000000004 36.500000000000007 28.250000000000004 79.634722222222237 0.6000000000000002 -2.3999999999999995 86.991666666666688 -0.29999999999999799 1336.3500000000001 -0.15000000000000033 78.817424242424252 432.50000000000006 -0.39999999999999986 -2.5999999999999983 0.41202506375868281 85.500000000000014 0.90000000000000135 84.495129216960706 19.362480437829202
decision_type=2 2 2 2 2 2 2 2 2 2 2 2 2 2 2 2 2 2 2 2 2 2 2 2 2 2 2 2 2 2
left_child=2 18 10 6 17 26 23 21 14 -10 11 15 -13 -14 -7 -1 -17 -4 28 -20 -21 -6 25 -3 -23 -8 -5 -28 -2 -30
right_child=1 3 4 5 7 8 22 -9 9 -11 -12 12 13 -15 -16 16 -18 -19 19 20 -22 24 -24 -25 -26 -27 27 -29 29 -31
leaf_value=-0.0040687428230001838 -0.00010693939253471235 -9.503481565001299e-06 -0.00015492688481295644 -9.503481565001299e-06 -9.503481565001299e-06 -9.503481565001299e-06 -9.503481565001299e-06 -9.503481565001299e-06 -9.5027981157395961e-06 -8.0905139865391064e-06 0.0067187435643861759 0.0055397346228874041 -7.3763102131775007e-05 0.00017169526255567889 -9.503481565001299e-06 -0.0024924947538426398 0.0008091550426984588 1.4841349056025797e-05 -5.0298002853090023e-05 -0.00031432959137223451 -3.952109863421042e-06 -9.503481565001299e-06 -9.503481565001299e-06 -9.503481565001299e-06 -9.4318531667348087e-06 -9.503481565001299e-06 -9.503481565001299e-06 -9.133953692881942e-06 0.0032827531501676268 -0.00031689811091177941
leaf_weight=454 4949 2267 524 3398 585 8475 1252 1647 445 487 486 459 135332 32833 9920 321 319 304 440 677 1651 400 1785 1156 408 669 2187 411 838 645
leaf_count=454 4949 2267 524 3398 585 8475 1252 1647 445 487 486 459 135332 32833 9920 321 319 304 440 677 1651 400 1785 1156 408 669 2187 411 838 645
internal_value=-0.00169062 -0.00750774 -0.000298668 -0.00924506 -0.0100336 -0.0103485 -0.00532468 -0.0117001 -0.0110397 -0.00581994 -7.73773e-05 -9.73963e-05 -6.76056e-05 -9.01788e-05 -0.0113038 -0.00468493 -0.00201248 -0.00390832 -0.0013792 -0.00293608 -0.00213826 -0.00833931 -0.00729161 -0.00319363 -0.00619283 -0.0058923 -0.00811906 -0.00696037 -0.000708845 0.000980458
internal_weight=215724 41652 174072 32452 3868 25323 7129 3040 19327 932 170204 169718 168624 168165 18395 1094 640 828 9200 2768 2328 1393 3706 3423 808 1921 5996 2598 6432 1483
internal_count=215724 41652 174072 32452 3868 25323 7129 3040 19327 932 170204 169718 168624 168165 18395 1094 640 828 9200 2768 2328 1393 3706 3423 808 1921 5996 2598 6432 1483
is_linear=0
shrinkage=0.03


Tree=226
num_leaves=31
num_cat=0
split_feature=27 12 5 8 11 4 8 89 96 103 18 110 32 75 2 109 84 96 109 97 5 20 8 93 8 4 12 8 97 8
split_gain=1944.78 891.239 416.765 120.053 90.9596 43.6212 34.4027 36.938 37.1572 27.365 24.8172 26.6589 42.8723 32.1103 23.936 19.279 18.6666 15.3139 17.6679 17.3578 13.2112 13.0512 10.5587 9.65248 9.38889 8.49724 8.43164 14.6212 12.4025 10.6218
threshold=382.50000000000006 -1.0000000180025095e-35 393.50000000000006 0.65000000000000047 -1.0000000180025095e-35 3.3500000000000001 0.1000000000000001 28.950000000000003 30.150000000000002 82.500000000000014 1.0000000180025095e-35 1.3403118893337533 -0.33425342068356556 0.46026315789473687 11.65 -0.15000000000000033 0.39999999999999952 11.850000000000003 3.0000000000000013 11.65 95.500000000000014 84.383974358974385 0.10000000000000099 83.481944444444466 0.09999999999999877 3.649999999999999 -0.29999999999999799 0.15000000000000038 24.350000000000005 1.0000000180025095e-35
decision_type=2 2 2 2 2 2 2 2 2 2 2 2 2 2 2 2 2 2 2 2 2 2 2 2 2 2 2 2 2 2
left_child=2 26 10 22 24 -5 -6 9 -9 -8 11 12 15 14 -13 -1 -14 20 19 -19 -12 -15 -4 -20 -3 -24 27 -2 -28 -30
right_child=1 4 3 5 6 -7 7 8 -10 -11 17 13 16 21 -16 -17 -18 18 23 -21 -22 -23 25 -25 -26 -27 28 -29 29 -31
leaf_value=-0.0019494756425898099 -0.00038755127533941016 1.0007987541066558e-05 -0.00093468099958603267 -7.123630809814466e-05 -9.0712311067873735e-06 -9.2183771180512598e-06 -9.2183771180512598e-06 -9.2183833452358247e-06 -2.1660708559114156e-05 -9.2183771180512598e-06 -0.0036278924992375347 -0.003617661028215694 -8.3536231708374555e-05 0.015723794745771364 8.8030076203753183e-05 -7.3803460246189709e-05 0.00067063002693880424 0.0019290584055871856 0.00023227039705807113 -0.00024528375184186102 -0.00040222245305077895 0.0034814659385621551 -8.1979169998065181e-05 0.010244698385513951 -8.5485774568285297e-06 0.00010800531274534155 -2.3820433295723725e-05 -0.00042283705632608926 -9.8548111986317618e-05 2.2245059969776918e-05
leaf_weight=1993 3405 430 302 475 1870 2475 9367 547 616 15364 317 844 7455 365 96209 980 702 1681 321 57395 538 646 302 331 1387 332 5280 697 798 1747
leaf_count=1993 3405 430 302 475 1870 2475 9367 547 616 15364 317 844 7455 365 96209 980 702 1681 321 57395 538 646 302 331 1387 332 5280 697 798 1747
internal_value=-0.00168416 -0.00751789 -0.000289784 -0.0100026 -0.0103091 -0.0129719 -0.0107347 -0.0110187 -0.00578608 -0.0112646 -6.74116e-05 0.000202757 -0.00118857 0.000360679 0.000305242 -0.00427202 -6.4354e-05 -0.000554354 -0.000497246 -0.000551484 -0.00453855 0.00567688 -0.000640342 0.00441041 -0.00380363 0.00155906 -0.000594819 -0.00169632 -1.72502e-05 0.00170267
internal_weight=215171 41508 173663 3886 29581 2950 27764 25894 1163 24731 169777 109194 11130 98064 97053 2973 8157 60583 59728 59076 855 1011 936 652 1817 634 11927 4102 7825 2545
internal_count=215171 41508 173663 3886 29581 2950 27764 25894 1163 24731 169777 109194 11130 98064 97053 2973 8157 60583 59728 59076 855 1011 936 652 1817 634 11927 4102 7825 2545
is_linear=0
shrinkage=0.03


Tree=227
num_leaves=31
num_cat=0
split_feature=27 11 5 83 4 11 2 109 11 2 79 32 2 95 103 99 103 3 83 102 83 11 19 2 24 0 33 30 91 97
split_gain=1960.74 496.459 406.98 150.995 52.7105 45.4379 34.8888 31.7416 28.3022 27.2696 27.8511 43.7062 50.3145 43.1028 37.8549 50.4159 22.4498 14.6762 13.7445 12.7489 12.115 11.5196 10.0792 9.68886 9.63742 8.91981 7.18896 7.10799 9.43147 8.60289
threshold=382.50000000000006 -1.0000000180025095e-35 393.50000000000006 -0.29999999999999799 3.3500000000000001 1.0000000180025095e-35 29.850000000000005 1.0000000180025095e-35 0.09999999999999877 31.150000000000002 1.0000000180025095e-35 -0.26866367175705824 29.850000000000005 22.250000000000004 43.500000000000007 18.650000000000002 39.500000000000007 28.950000000000003 -0.39999999999999897 79.634722222222237 -0.29999999999999799 -0.15000000000000033 87.870833333333351 24.750000000000004 4.2666793921096593 26.650000000000002 -0.93543596745397617 -0.6830127018922193 0.48111206353937264 24.050000000000004
decision_type=2 2 2 2 2 2 2 2 2 2 2 2 2 2 2 2 2 2 2 2 2 2 2 2 2 2 2 2 2 2
left_child=2 20 9 8 22 -5 19 24 18 10 14 13 -13 -12 16 -16 -1 -8 -3 -7 26 -22 -4 -23 25 -6 -2 28 -28 -29
right_child=1 3 4 5 7 6 17 -9 -10 -11 11 12 -14 -15 15 -17 -18 -19 -20 -21 21 23 -24 -25 -26 -27 27 29 -30 -31
leaf_value=0.0013191196323786023 -0.00070791907257238245 -8.9418258045097212e-06 -0.00014733301517960793 -8.9418258045097212e-06 -8.8723462581912266e-06 -8.9418258045097212e-06 -8.9418258045097212e-06 -8.9418258045097212e-06 -8.9418258045097212e-06 0.023677265884273036 -0.0031568749789369415 -2.2891408358071843e-05 0.012067151928377519 -0.00056334911556123158 -0.0004920617808159912 0.00010004714629520209 0.012536823641574301 -7.5593685318950143e-06 -8.9418258045097212e-06 -8.9418258045097212e-06 -0.0003409889961679446 -8.2442993100977563e-06 2.5858355392304902e-05 7.8987869509057933e-07 -8.9418258045097212e-06 -8.8723462581912266e-06 -5.4159972424453082e-05 -4.1579927456686953e-05 -0.0007026955633344078 0.0018976397413889062
leaf_weight=540 332 2790 528 5978 433 8353 355 1914 2934 367 2080 24932 379 16674 25125 99780 573 610 1426 10005 835 1174 304 792 363 341 883 4092 380 768
leaf_count=540 332 2790 528 5978 433 8353 355 1914 2934 367 2080 24932 379 16674 25125 99780 573 610 1426 10005 835 1174 304 792 363 341 883 4092 380 768
internal_value=-0.00166302 -0.00750611 -0.000265095 -0.00925413 -0.0098674 -0.0103421 -0.0110497 -0.0116923 -0.00540344 -4.6289e-05 -6.3939e-05 -0.000713135 0.00010015 -0.00181072 0.000163071 0.000113966 0.00566876 -0.00548137 -0.00382737 -0.0113421 -0.00137734 -0.00302463 -0.00316927 -0.00176919 -0.0077109 -0.00580645 -0.000662175 -0.000428641 -0.00243275 9.25735e-05
internal_weight=216040 41707 174333 32451 3883 25301 19323 3051 7150 170450 170083 44065 25311 18754 126018 124905 1113 965 4216 18358 9256 2801 832 1966 1137 774 6455 6123 1263 4860
internal_count=216040 41707 174333 32451 3883 25301 19323 3051 7150 170450 170083 44065 25311 18754 126018 124905 1113 965 4216 18358 9256 2801 832 1966 1137 774 6455 6123 1263 4860
is_linear=0
shrinkage=0.03


Tree=228
num_leaves=31
num_cat=0
split_feature=27 8 5 8 15 11 4 2 11 8 15 11 92 24 75 109 32 29 32 18 3 8 88 24 7 104 98 8 29 4
split_gain=1971.97 528.343 415.522 114.371 87.1583 77.2343 49.7737 38.465 30.9797 29.4757 27.4963 27.2369 24.5066 24.2137 58.183 51.1813 52.1153 42.3135 32.8479 17.5508 15.9606 14.2417 12.4128 10.8235 10.2787 8.31143 8.04566 7.70925 6.86053 6.73206
threshold=382.50000000000006 0.15000000000000038 393.50000000000006 0.65000000000000047 0.050839112744180369 -1.0000000180025095e-35 3.3500000000000001 29.850000000000005 -1.0000000180025095e-35 0.20000000000000198 0.089632016071781243 -0.15000000000000033 26.695842257203221 2.9630671603503349 0.53473684210526329 3.2500000000000004 0.091259403071267925 329.50000000000006 0.83849049182116964 1.0000000180025095e-35 28.950000000000003 0.10000000000000099 19.850000000000005 3.8250457153898947 0.84999999999999976 25.265649148564439 -1.6500000000000001 0.10000000000000099 90.500000000000014 1.1000000000000003
decision_type=2 2 2 2 2 2 2 2 2 2 2 2 2 2 2 2 2 2 2 2 2 2 2 2 2 2 2 2 2 2
left_child=2 4 12 23 8 11 -5 9 -2 10 -7 -3 13 15 17 16 -1 -15 -17 -11 25 28 -13 -4 27 -9 -22 -6 -10 -23
right_child=1 5 3 6 24 7 -8 20 21 19 -12 22 -14 14 -16 18 -18 -19 -20 -21 26 29 -24 -25 -26 -27 -28 -29 -30 -31
leaf_value=-0.0004077898874867213 -8.1288430212896261e-06 -0.00037234473542125643 3.1225110106246074e-05 -7.0766265245048927e-05 -8.8944357804110004e-06 -8.6735710303744305e-06 -8.6735710303744305e-06 -8.6735710303744305e-06 -9.2631162793674731e-06 -8.6735710303744305e-06 -4.9788522802930122e-07 -8.0289182380436847e-06 0.020162378986939102 -2.7731622340442092e-05 0.016529264237613459 0.017884949665244211 1.3026766410080335e-05 0.0016660966647778952 7.1514236476688349e-05 -8.6735710303744305e-06 2.5922598983456832e-05 -8.6973390311224136e-06 7.6618233423786204e-07 -0.0013770439825291244 -8.4314444227448273e-06 -8.6735710303744305e-06 -8.0240868227925716e-05 -8.7160905711328309e-06 -1.0926563451742344e-05 -8.6720839437914873e-06
leaf_weight=31708 984 745 653 491 1466 4079 2452 308 764 16481 511 474 314 73498 511 540 49777 13299 417 3165 432 1185 738 302 7018 300 302 869 1235 533
leaf_count=31708 984 745 653 491 1466 4079 2452 308 764 16481 511 474 314 73498 511 540 49777 13299 417 3165 432 1185 738 302 7018 300 302 869 1235 533
internal_value=-0.00169929 -0.0075678 -0.00029627 -0.00997948 -0.00283458 -0.00998348 -0.0129059 -0.010423 -0.00616652 -0.0106969 -0.00852755 -0.00423647 -7.42657e-05 -8.97786e-05 0.000258393 -0.000458499 -0.000539541 0.00019891 0.00643528 -0.0112032 -0.00547282 -0.00741931 -0.00145919 -0.000957113 -0.0011594 -0.00906404 -0.0024898 -0.00288313 -0.0056925 -0.00942408
internal_weight=215551 41589 173962 3898 14054 27535 2943 25578 4701 24236 4590 1957 170064 169750 87308 82442 81485 86797 957 19646 1342 3717 1212 955 9353 608 734 2335 1999 1718
internal_count=215551 41589 173962 3898 14054 27535 2943 25578 4701 24236 4590 1957 170064 169750 87308 82442 81485 86797 957 19646 1342 3717 1212 955 9353 608 734 2335 1999 1718
is_linear=0
shrinkage=0.03


Tree=229
num_leaves=31
num_cat=0
split_feature=27 12 5 11 4 12 89 33 18 29 96 96 96 107 84 95 101 103 83 103 93 91 7 0 11 90 5 4 7 87
split_gain=1963.5 938.393 400.281 93.3462 49.1713 32.9747 26.2782 26.2316 23.7688 21.4222 71.9979 32.8599 19.7412 16.9888 16.969 43.169 20.8134 15.1362 14.8684 14.5336 12.6459 10.6984 9.98696 8.12039 7.57995 9.12312 10.0632 6.5436 12.0682 6.49686
threshold=382.50000000000006 -1.0000000180025095e-35 393.50000000000006 -1.0000000180025095e-35 3.3500000000000001 0.09999999999999877 28.950000000000003 0.99995376255531909 1.0000000180025095e-35 54.500000000000007 21.750000000000004 25.350000000000005 30.150000000000002 1.6499999999999988 -0.99999999999999722 24.150000000000002 -0.0087983770287141071 81.500000000000014 -0.40000000000000119 83.500000000000014 76.604166666666671 0.26442754811251618 1.4999999999999993 25.050000000000004 1.0000000180025095e-35 1.2000000000000022 377.50000000000006 4.7500000000000009 2.8000000000000029 -0.36666666666666675
decision_type=2 2 2 2 2 2 2 2 2 2 2 2 2 2 2 2 2 2 2 2 2 2 2 2 2 2 2 2 2 2
left_child=2 24 7 21 22 18 17 8 9 10 -1 -11 -8 27 16 -16 -10 -7 -5 -20 -15 23 -4 -3 29 26 -26 28 -6 -2
right_child=1 3 4 5 13 6 12 -9 14 11 -12 -13 -14 20 15 -17 -18 -19 19 -21 -22 -23 -24 -25 25 -27 -28 -29 -30 -31
leaf_value=0.0003272663371918982 0.0014684614002322459 -7.9106280825317361e-06 -0.00015005617410077563 -8.3294931264974043e-06 -8.4133638994631976e-06 -8.4133638994631976e-06 -8.4116338125878556e-06 0.0059843625731710003 -0.0021416458088789505 -0.00020602913603482394 0.0072581047833515117 9.9023710693220735e-05 -0.00011333244419199985 -8.4133638994631976e-06 -0.00055154736103908393 0.00020556610688959376 -0.00051000269810972613 -8.4133638994631976e-06 -8.4133638994631976e-06 -8.4266988943342601e-06 -8.345968739534258e-06 -4.7235007445337611e-06 -1.0350357445728401e-05 -6.6379173698219915e-06 3.171198372465389e-06 -1.3731224771628892e-05 4.3221381902805758e-05 -8.4133638994631976e-06 -8.4133638994631976e-06 -4.2273864935155236e-05
leaf_weight=16734 636 629 316 1146 394 6101 372 478 833 43939 859 47575 453 447 15329 20082 24402 12976 3049 3667 559 777 511 405 332 743 308 1206 393 9970
leaf_count=16734 636 629 316 1146 394 6101 372 478 833 43939 859 47575 453 447 15329 20082 24402 12976 3049 3667 559 777 511 405 332 743 308 1206 393 9970
internal_value=-0.00167328 -0.00753158 -0.000274305 -0.0104015 -0.00986935 -0.010832 -0.0114827 -5.85965e-05 -7.83781e-05 0.000186283 0.00114499 1.96689e-06 -0.00622881 -0.011655 -0.00055452 -0.000130888 -0.00114895 -0.0117096 -0.00918352 -0.00972309 -0.00846077 -0.00379967 -0.00338768 -0.0057971 -0.000451626 0.00163656 0.00425897 -0.0132623 -0.0110977 -0.00072405
internal_weight=215621 41564 174057 29575 3826 27764 19902 170231 169753 109107 17593 91514 825 2999 60646 35411 25235 19077 7862 6716 1006 1811 827 1034 11989 1383 640 1993 787 10606
internal_count=215621 41564 174057 29575 3826 27764 19902 170231 169753 109107 17593 91514 825 2999 60646 35411 25235 19077 7862 6716 1006 1811 827 1034 11989 1383 640 1993 787 10606
is_linear=0
shrinkage=0.03


Tree=230
num_leaves=31
num_cat=0
split_feature=27 8 5 8 83 112 83 89 10 38 55 79 95 107 93 96 8 55 109 13 33 83 24 29 14 8 98 7 101 101
split_gain=1962.69 539.514 404.936 124.27 71.4152 53.5573 38.9721 30.2046 25.7609 24.3947 34.1802 30.0329 31.201 30.4972 24.9516 23.5726 20.9419 19.8714 15.3804 14.2098 13.1717 11.1265 10.1308 9.6656 9.509 9.41681 9.36534 8.84068 7.50822 9.19005
threshold=382.50000000000006 0.15000000000000038 393.50000000000006 0.65000000000000047 -0.34999999999999959 3.3500000000000001 -0.29999999999999932 28.950000000000003 1.0000000180025095e-35 1.0000000180025095e-35 0.22500000000000003 1.0000000180025095e-35 19.850000000000005 0.89999999999999958 92.912500000000009 30.150000000000002 0.1000000000000001 2.9550000000000005 -0.39999999999999941 1.7763568394002508e-16 0.93158198870884079 -0.65000000000000024 1.9698126733045715 172.50000000000003 0.059596343326757763 0.2999999999999981 0.39999999999999952 3.0000000000000013 0.00054804804804804621 -0.0027739304401354259
decision_type=2 2 2 2 2 2 2 2 2 2 2 2 2 2 2 2 2 2 2 2 2 2 2 2 2 2 2 2 2 2
left_child=2 4 9 21 26 -5 25 8 19 10 11 13 -13 -1 17 -9 20 -12 23 -8 22 -4 -6 -11 -18 -3 28 -23 29 -2
right_child=1 6 3 5 16 -7 7 15 -10 18 14 12 -14 -15 -16 -17 24 -19 -20 -21 -22 27 -24 -25 -26 -27 -28 -29 -30 -31
leaf_value=-0.00012666899470306392 -5.173234969425108e-05 -8.1609629824793004e-06 -0.00075508328238394948 -7.3498498215319918e-05 -7.8958226977409119e-06 -8.1609629824793004e-06 -8.1609629824793004e-06 -8.1571735815064531e-06 -8.1609629824793004e-06 -0.0007847439877519659 0.0044260593105301792 0.00048899198122862378 -0.00041732213271286346 0.00014754622428208574 -0.00044161883283199424 -8.7242666475507489e-05 -8.1595344625643097e-06 0.016197575107321852 8.0358915713922911e-06 -7.6380675696671166e-06 0.00014805146042267046 -2.7631968709422211e-05 -9.2069425253935881e-06 -0.0037201055470290662 -7.4362153459792151e-06 -8.1609629824793004e-06 0.0029451418843292111 0.00012775355568157148 -0.00019819457516901957 8.2972170211620177e-06
leaf_weight=48916 4091 2139 341 474 804 2471 7204 489 14529 315 1467 8054 32897 77066 314 590 2219 417 472 575 555 300 2244 435 319 1867 379 308 301 3156
leaf_count=48916 4091 2139 341 474 804 2471 7204 489 14529 315 1467 8054 32897 77066 314 590 2219 417 472 575 555 300 2244 435 319 1867 379 308 301 3156
internal_value=-0.00163651 -0.00750289 -0.000240605 -0.00980488 -0.00272727 -0.0128462 -0.00995528 -0.0104239 -0.0106612 -2.19249e-05 8.60275e-06 -4.03453e-05 -0.000746117 0.000189073 0.00372442 -0.00551389 -0.00515549 0.00502918 -0.00424366 -0.00926414 -0.00368341 -0.000363158 -0.0044572 -0.00691079 -0.00724301 -0.00721737 -0.000845737 0.00206897 -0.00107696 -0.000883692
internal_weight=215708 41461 174247 3894 14068 2945 27393 23387 22308 170353 169131 166933 40951 125982 2198 1079 6141 1884 1222 7779 3603 949 3048 750 2538 4006 7927 608 7548 7247
internal_count=215708 41461 174247 3894 14068 2945 27393 23387 22308 170353 169131 166933 40951 125982 2198 1079 6141 1884 1222 7779 3603 949 3048 750 2538 4006 7927 608 7548 7247
is_linear=0
shrinkage=0.03


Tree=231
num_leaves=31
num_cat=0
split_feature=27 12 5 8 11 112 8 89 96 102 27 97 96 109 96 33 31 104 85 33 89 83 103 24 91 88 83 103 7 12
split_gain=1935.27 898.88 392.999 116.176 93.3009 61.477 40.3289 34.5835 32.2471 28.648 25.1894 22.0596 31.4591 32.7738 23.9655 22.2976 42.5833 25.1706 14.537 18.7249 15.8037 14.4836 11.365 9.28608 9.28071 10.3116 9.15549 11.8617 9.0466 8.87856
threshold=382.50000000000006 -1.0000000180025095e-35 393.50000000000006 0.70000000000000073 -1.0000000180025095e-35 3.3500000000000001 0.1000000000000001 28.950000000000003 30.150000000000002 79.634722222222237 17.500000000000004 9.5000000000000018 11.850000000000003 3.2000000000000006 10.65 0.90070004940655357 -0.5 14.777733970128798 -1.0999999999999985 0.18281312110578132 26.250000000000004 -0.74999999999999989 89.500000000000014 2.5470801712702849 0.25773682888191951 26.250000000000004 -0.39999999999999897 85.500000000000014 2.7500000000000004 -0.24999999999999997
decision_type=2 2 2 2 2 2 2 2 2 2 2 2 2 2 2 2 2 2 2 2 2 2 2 2 2 2 2 2 2 2
left_child=2 29 10 21 24 -5 26 9 -9 -8 18 15 14 -14 -13 16 -12 -17 19 -1 23 -4 -21 -20 25 -3 -6 -28 -23 -2
right_child=1 4 3 5 6 -7 7 8 -10 -11 11 12 13 -15 -16 17 -18 -19 20 22 -22 28 -24 -25 -26 -27 27 -29 -30 -31
leaf_value=0.00085931201615221963 -0.00037933433217508377 -7.4671246020461931e-06 -0.0010248221170578529 -4.6637449466270708e-05 -2.102864210999668e-05 -7.9161340930049223e-06 -7.9161340930049223e-06 -7.9156365450409794e-06 -8.4612130831591406e-05 -7.9161340930049223e-06 -2.0855400736374019e-05 0.00045893318816312453 -6.0307905941733371e-05 0.0043336973171360276 -0.0043732160341853794 -0.0020899621337937707 0.0047240227357190365 0.0045132263813608131 -0.0031522505049629522 0.0038443508301822448 0.0066829885466499683 -0.00012328106469589354 0.014326722217245616 0.00055421542140420715 -3.5368417165619533e-06 -5.1960119250867546e-06 -7.6644823116644482e-06 -7.0887271553974134e-06 7.6081939712728617e-05 2.3095685679015369e-06
leaf_weight=4162 4398 661 332 450 434 2370 11616 551 639 13151 2034 362 151998 1645 572 819 1907 352 1203 2938 708 320 372 1181 805 316 871 554 437 7493
leaf_count=4162 4398 661 332 450 434 2370 11616 551 639 13151 2034 362 151998 1645 572 819 1907 352 1203 2938 708 320 372 1181 805 316 871 554 437 7493
internal_value=-0.00167012 -0.00749277 -0.000283011 -0.0096867 -0.0102916 -0.0128997 -0.0107179 -0.0110238 -0.00602015 -0.0112639 -6.70469e-05 -0.000160906 -0.000225032 -0.000191644 -0.00571123 0.00177782 0.00285769 -0.0018558 0.00135163 0.00206744 -0.000378274 -0.00136239 0.00375113 -0.00154717 -0.00363432 -0.00559816 -0.00644355 -0.00760519 0.000930079 -0.000525984
internal_weight=215651 41489 174162 3909 29598 2820 27816 25957 1190 24767 170253 159689 154577 153643 934 5112 3941 1171 10564 7472 3092 1089 3310 2384 1782 977 1859 1425 757 11891
internal_count=215651 41489 174162 3909 29598 2820 27816 25957 1190 24767 170253 159689 154577 153643 934 5112 3941 1171 10564 7472 3092 1089 3310 2384 1782 977 1859 1425 757 11891
is_linear=0
shrinkage=0.03


Tree=232
num_leaves=31
num_cat=0
split_feature=27 12 5 11 4 109 12 89 29 29 40 99 103 102 29 98 89 29 29 99 2 96 102 103 83 24 90 91 24 92
split_gain=1903.63 892.99 373.634 94.6336 60.1838 37.1095 36.5568 29.9535 25.6821 52.5312 49.3301 60.8094 77.0026 51.7365 44.476 34.8895 33.2722 160.45 77.3486 28.2439 41.4835 23.9605 16.1626 15.2079 13.6041 11.1985 10.3382 9.4492 9.41262 7.49934
threshold=382.50000000000006 -1.0000000180025095e-35 393.50000000000006 -1.0000000180025095e-35 3.3500000000000001 0.20000000000000198 0.09999999999999877 28.950000000000003 325.50000000000006 317.50000000000006 1.0000000180025095e-35 20.850000000000005 70.500000000000014 90.050000000000026 357.50000000000006 -0.20000000000000015 20.050000000000004 76.500000000000014 56.500000000000007 23.550000000000004 23.450000000000003 30.150000000000002 79.634722222222237 83.500000000000014 -0.40000000000000119 2.7808740325882035 0.90000000000000135 0.25773682888191951 3.8145060896321348 23.862567094985078
decision_type=2 2 2 2 2 2 2 2 2 2 2 2 2 2 2 2 2 2 2 2 2 2 2 2 2 2 2 2 2 2
left_child=2 -2 8 27 25 28 23 22 9 16 14 12 -12 -13 15 -10 18 -18 -1 20 -11 -9 -8 24 -5 -4 -21 -3 29 -6
right_child=1 3 4 6 5 -7 7 21 10 19 11 13 -14 -15 -16 -17 17 -19 -20 26 -22 -23 -24 -25 -26 -27 -28 -29 -30 -31
leaf_value=3.3153561374522632e-05 -1.6601711246391338e-05 -7.1859385684460766e-06 5.3366844119619926e-06 -7.5972954204379558e-06 -7.6091060583378394e-06 -7.6786500702147739e-06 -7.6786500702147739e-06 -7.6781079529658516e-06 -0.0014755595679956989 -0.0021858203035803403 0.0034382251903937798 0.0071386669548634436 -0.000564802567390707 -0.0032505638872885952 -0.0056845167588697766 0.0533633312102983 0.0060660949457998666 -1.786014216450932e-05 -0.0011818757193727634 -0.0029736604651031738 0.0030005800439190113 -0.00010477682694702689 -7.6786500702147739e-06 -7.6819739869067909e-06 -7.6786500702147739e-06 -0.00015150208768423664 -0.0069701613605482778 -7.2164137823410861e-06 -7.6786500702147739e-06 -7.6807031908084869e-06
leaf_weight=25975 12002 1008 433 601 441 1657 8958 374 1609 2133 4107 3297 8704 317 490 376 4653 103997 13073 488 480 481 10119 4219 3029 385 328 812 617 308
leaf_count=25975 12002 1008 433 601 441 1657 8958 374 1609 2133 4107 3297 8704 317 490 376 4653 103997 13073 488 480 481 10119 4219 3029 385 328 812 617 308
internal_value=-0.00165801 -0.00742248 -0.000278658 -0.0102211 -0.00953019 -0.0114831 -0.0106553 -0.011339 -6.96062e-05 -0.000199996 0.000972964 0.00156794 0.000598267 0.00500415 -0.00297456 -0.00097432 -0.00011476 0.000155176 -0.000865835 -0.00387026 -0.00234698 -0.00583528 -0.0115853 -0.00891783 -0.0103443 -0.00230769 -0.00873929 -0.00359143 -0.00781273 -0.00554
internal_weight=215471 41603 173868 29601 3841 3023 27781 19932 170027 151127 18900 16425 12811 3614 2475 1985 147698 108650 39048 3429 2613 855 19077 7849 3630 818 816 1820 1366 749
internal_count=215471 41603 173868 29601 3841 3023 27781 19932 170027 151127 18900 16425 12811 3614 2475 1985 147698 108650 39048 3429 2613 855 19077 7849 3630 818 816 1820 1366 749
is_linear=0
shrinkage=0.03


Tree=233
num_leaves=31
num_cat=0
split_feature=25 12 5 8 25 26 12 12 11 4 83 26 107 30 79 33 95 101 8 0 8 103 107 11 8 8 83 12 12 24
split_gain=1614.59 517.469 426.81 156.686 83.8889 267.88 209.788 78.7362 59.766 59.025 30.9597 26.3767 26.0246 53.8213 78.9686 57.3958 46.5012 42.2091 22.9968 22.3496 22.0631 17.2381 16.1295 15.4647 25.5107 18.4948 28.3765 18.173 11.7218 10.7989
threshold=6.5000000000000009 -1.0000000180025095e-35 379.50000000000006 0.75000000000000011 5.5000000000000009 22.500000000000004 -1.0000000180025095e-35 -1.0000000180025095e-35 -1.0000000180025095e-35 3.3500000000000001 -0.20000000000000193 22.500000000000004 0.89999999999999958 -0.93301270189221908 1.0000000180025095e-35 0.19969739736768838 14.250000000000002 -0.0052925201738050903 0.10000000000000099 29.650000000000002 0.1000000000000001 82.500000000000014 1.6000000000000008 -0.15000000000000033 0.15000000000000038 1.0000000180025095e-35 -0.74999999999999989 -0.20000000000000193 -1.0000000180025095e-35 4.9774743556113226
decision_type=2 2 2 2 2 2 2 2 2 2 2 2 2 2 2 2 2 2 2 2 2 2 2 2 2 2 2 2 2 2
left_child=2 23 4 7 12 10 -7 -4 -3 -5 29 -9 13 14 -1 -15 22 -18 -8 20 -10 -22 -14 24 -2 -25 -27 -28 -12 -6
right_child=1 8 3 9 5 6 18 11 19 -11 28 -13 16 15 -16 -17 17 -19 -20 -21 21 -23 -24 25 -26 26 27 -29 -30 -31
leaf_value=0.0040709899381230112 -0.00041917060008307916 -7.0829664335574098e-06 -3.6363929994894222e-05 -7.4424188229750179e-06 -6.4979527069948927e-05 -1.1473495541653284e-05 -3.0886923811820717e-05 1.5267504150891235e-05 -7.1847735429817232e-06 -7.4482905681083304e-06 2.256886801963838e-05 -7.4482905681083304e-06 -0.00084772567648398441 -0.00086835901119987704 -0.0016623811501946405 3.051953166482213e-05 -0.00033010661327104721 0.00029674663352784875 -7.4482905681083304e-06 -7.4482905683381593e-06 -7.4482905681083304e-06 -7.4482905681083304e-06 -0.0043846465605576479 -0.00031139747838801159 -0.00051262281609127259 -0.00021577293132360564 -9.1192121708280014e-05 2.9653878268790758e-05 7.2986438127666371e-05 0.0007731373642081708
leaf_weight=2560 1585 1055 3126 568 4656 4031 780 305 877 2378 1207 2737 321 27386 1026 31913 24842 70404 5318 461 7127 11160 640 1225 346 555 355 1698 3642 1280
leaf_count=2560 1585 1055 3126 568 4656 4031 780 305 877 2378 1207 2737 321 27386 1026 31913 24842 70404 5318 461 7127 11160 640 1225 346 555 355 1698 3642 1280
internal_value=-0.00165124 -0.00859444 -0.000680358 -0.00701371 -0.000359653 -0.00214583 -0.00564906 -0.00429405 -0.0108099 -0.0127044 0.00114454 -0.00772921 -0.000124833 -0.000599418 0.00296905 -0.000815261 0.00018538 0.000251661 -0.00915888 -0.0111839 -0.011341 -0.0115641 -0.00637734 -0.000645273 -0.00283385 0.000457746 0.00188578 0.00351266 0.00292268 -0.000308236
internal_weight=215564 26444 189120 9114 180006 20914 10129 6168 20680 2946 10785 3042 159092 62885 3586 59299 96207 95246 6098 19625 19164 18287 961 5764 1931 3833 2608 2053 4849 5936
internal_count=215564 26444 189120 9114 180006 20914 10129 6168 20680 2946 10785 3042 159092 62885 3586 59299 96207 95246 6098 19625 19164 18287 961 5764 1931 3833 2608 2053 4849 5936
is_linear=0
shrinkage=0.03


Tree=234
num_leaves=31
num_cat=0
split_feature=25 12 5 8 25 26 12 12 4 11 26 91 103 100 99 29 98 0 100 89 96 8 8 102 90 96 8 12 12 94
split_gain=1544.63 516.123 413.165 157.229 82.4149 257.813 216.328 80.8218 62.5454 59.3648 31.5296 29.6069 27.0341 45.1802 44.7789 98.3935 42.0459 38.7221 36.7886 25.4226 26.9037 25.2672 23.6683 22.7063 10.585 13.9092 11.0756 10.7548 10.3493 10.0896
threshold=6.5000000000000009 -1.0000000180025095e-35 379.50000000000006 0.75000000000000011 5.5000000000000009 22.500000000000004 -1.0000000180025095e-35 -1.0000000180025095e-35 3.3500000000000001 -1.0000000180025095e-35 22.500000000000004 0.17301511748928264 90.500000000000014 3.7000000000000024 17.550000000000004 80.500000000000014 1.0000000180025095e-35 19.350000000000005 0.79999999999999816 28.950000000000003 30.150000000000002 0.10000000000000099 0.10000000000000099 79.634722222222237 1.3 24.750000000000004 0.10000000000000099 -0.15000000000000033 -1.0000000180025095e-35 75.500000000000014
decision_type=2 2 2 2 2 2 2 2 2 2 2 2 2 2 2 2 2 2 2 2 2 2 2 2 2 2 2 2 2 2
left_child=2 24 4 7 12 11 -7 -4 -5 -3 -9 28 13 18 16 -16 -14 -15 -1 21 -21 -11 -8 -23 25 26 -2 -28 -6 -13
right_child=1 9 3 8 5 6 22 10 -10 19 -12 29 14 17 15 -17 -18 -19 -20 20 -22 23 -24 -25 -26 -27 27 -29 -30 -31
leaf_value=-0.00059061024806392052 -0.00016495825318324904 -6.7318378240601e-06 -2.893772716443521e-05 -7.2209695450067864e-06 8.2047002909970031e-05 -6.5771466283808076e-06 -2.8804840799821474e-05 3.273998725390234e-05 -7.2248418510650811e-06 -6.9692303366922708e-06 -7.2248418510650811e-06 0.00085237258405907541 -0.0022436959773266779 -0.00098897990201596395 0.008096976997118685 5.4400364927380456e-05 0.0018902554769781093 -0.003127009241588393 -8.2089277733599858e-06 -7.2233085387746771e-06 -7.0119174470637194e-05 -7.2248418510650811e-06 -7.2248418510650811e-06 -7.2248418510650811e-06 -0.0001349266596362747 6.2058692178314781e-05 -3.7402574096968808e-05 2.2153353161401988e-05 0.0001006412198015784 -1.2989795434883947e-05
leaf_weight=29845 1286 1064 3090 592 1118 3960 785 302 2393 875 2801 1136 2079 883 5107 22943 889 758 96710 387 416 8382 5335 9282 2683 923 316 548 2034 6648
leaf_count=29845 1286 1064 3090 592 1118 3960 785 302 2393 875 2801 1136 2079 883 5107 22943 889 758 96710 387 416 8382 5335 9282 2683 923 316 548 2034 6648
internal_value=-0.001664 -0.00849673 -0.000720188 -0.00692886 -0.000403982 -0.00216967 -0.00563039 -0.00420165 -0.0125837 -0.0107346 -0.00762081 0.00102039 -0.000170901 -0.000363191 0.000623811 0.000994617 -0.00287976 -0.00530755 -0.000299038 -0.0111141 -0.00587687 -0.0113406 -0.00916517 -0.0115873 -0.000562793 0.000639232 -0.000683403 0.0019422 0.00347288 2.6975e-05
internal_weight=215570 26162 189408 9178 180230 21016 10080 6193 2985 20406 3103 10936 159214 128196 31018 28050 2968 1641 126555 19342 803 18539 6120 17664 5756 3073 2150 864 3152 7784
internal_count=215570 26162 189408 9178 180230 21016 10080 6193 2985 20406 3103 10936 159214 128196 31018 28050 2968 1641 126555 19342 803 18539 6120 17664 5756 3073 2150 864 3152 7784
is_linear=0
shrinkage=0.03


Tree=235
num_leaves=31
num_cat=0
split_feature=27 12 5 8 11 4 8 89 96 102 102 95 100 89 102 91 107 30 102 83 83 103 91 0 13 97 32 90 98 98
split_gain=1885.54 883.195 385.641 128.629 90.9506 63.0084 46.2447 37.7369 34.4401 28.4168 26.7654 46.2847 40.6665 41.5954 38.4801 42.7085 33.1928 29.2297 22.832 13.1297 13.0543 11.2074 9.14948 10.9462 6.36665 6.56505 12.8255 10.6025 7.45235 5.81109
threshold=382.50000000000006 -1.0000000180025095e-35 393.50000000000006 0.70000000000000073 -1.0000000180025095e-35 3.3500000000000001 0.1000000000000001 28.950000000000003 30.150000000000002 79.634722222222237 79.938888888888911 31.550000000000004 0.25000000000000006 28.050000000000004 79.788888888888906 0.22197012544854244 5.6500000000000012 0.93301270189221952 65.89166666666668 -0.39999999999999897 -0.40000000000000119 85.500000000000014 0.25773682888191951 25.050000000000004 0.026666666666666606 24.350000000000005 -0.65234524191686594 1.9000000000000015 -1.1500000000000001 -0.74999999999999989
decision_type=2 2 2 2 2 2 2 2 2 2 2 2 2 2 2 2 2 2 2 2 2 2 2 2 2 2 2 2 2 2
left_child=2 24 10 -4 22 -5 19 9 -9 -8 14 12 -12 -14 16 -16 17 -1 -18 -6 -17 -21 23 -3 25 26 -2 29 -28 -27
right_child=1 4 3 5 6 -7 7 8 -10 -11 11 -13 13 -15 15 20 18 -19 -20 21 -22 -23 -24 -25 -26 27 28 -29 -30 -31
leaf_value=-2.3238366461241923e-05 -0.00020959962439895163 -6.5744443277381101e-06 -2.2047622721022138e-05 -4.1140945278312733e-05 -1.9742803228200117e-05 -7.0080965955331279e-06 -7.0080965955331279e-06 -7.0082826638738066e-06 -7.846304392169435e-05 -7.0080965955331279e-06 0.0097613786546320996 0.010271380427074086 -6.7816612545125736e-06 0.0012581807106914081 0.00061702589550744033 -0.0052984785289449353 -0.0026416307880763996 -0.0011199781953149972 -0.0005079825985364406 -6.7322095559858631e-06 -0.0010946805595502002 -6.4059088425496876e-06 -6.5052593687548226e-06 -6.5802696618380945e-06 -0.00032716698913163922 3.3764484124291522e-05 -7.0322922018577205e-05 -0.00022105551312641576 1.5585500437363181e-05 -3.5461733688637301e-06
leaf_weight=78431 927 561 1063 436 419 2385 11544 539 615 13205 489 304 70536 10726 435 569 1140 4881 2105 846 440 574 805 401 389 1958 2896 796 3849 1110
leaf_count=78431 927 561 1063 436 419 2385 11544 539 615 13205 489 304 70536 10726 435 569 1140 4881 2105 846 440 574 805 401 389 1958 2896 796 3849 1110
internal_value=-0.00163821 -0.00738941 -0.000268194 -0.0096139 -0.0101737 -0.0129642 -0.010594 -0.0109205 -0.00561039 -0.0111679 -5.46875e-05 0.000335076 0.000291553 0.000239592 -0.000418115 -0.00527336 -0.000337057 -0.000221094 -0.00331331 -0.00599185 -0.00865842 -0.00736805 -0.00357183 -0.00554517 -0.000499329 -0.000371847 -0.000879708 0.000636481 -0.000424696 0.00143695
internal_weight=215374 41434 173940 3884 29509 2821 27742 25903 1154 24749 170056 82055 81751 81262 88001 1444 86557 83312 3245 1839 1009 1420 1767 962 11925 11536 7672 3864 6745 3068
internal_count=215374 41434 173940 3884 29509 2821 27742 25903 1154 24749 170056 82055 81751 81262 88001 1444 86557 83312 3245 1839 1009 1420 1767 962 11925 11536 7672 3864 6745 3068
is_linear=0
shrinkage=0.03


Tree=236
num_leaves=31
num_cat=0
split_feature=25 12 5 8 25 26 12 12 11 4 26 0 8 2 84 92 38 11 84 102 12 8 93 5 93 7 8 2 91 97
split_gain=1578.01 513.846 400.164 164.578 83.8475 257.194 207.016 80.6399 61.5764 61.3242 29.7501 28.6703 27.3857 25.9602 28.8612 39.1776 27.4743 25.8914 25.7462 18.1438 11.8587 21.7306 13.2883 12.6416 10.9143 9.59838 8.21491 11.4621 8.00074 6.81309
threshold=6.5000000000000009 -1.0000000180025095e-35 379.50000000000006 0.75000000000000011 5.5000000000000009 22.500000000000004 -1.0000000180025095e-35 -1.0000000180025095e-35 -1.0000000180025095e-35 3.3500000000000001 22.500000000000004 29.650000000000002 0.10000000000000099 31.150000000000002 -3.850000000000001 21.37211653636821 1.0000000180025095e-35 -1.0000000180025095e-35 -0.45000000000000012 79.453415915915926 -0.15000000000000033 1.0000000180025095e-35 71.220833333333346 383.50000000000006 67.531944444444449 1.4999999999999993 1.0000000180025095e-35 20.150000000000002 0.23213497150477561 17.850000000000005
decision_type=2 2 2 2 2 2 2 2 2 2 2 2 2 2 2 2 2 2 2 2 2 2 2 2 2 2 2 2 2 2
left_child=2 20 4 7 13 18 -7 26 -3 -5 -9 12 -10 14 15 -1 -16 -8 24 -14 29 -22 -23 -24 -6 -12 -4 -28 -20 -2
right_child=1 8 3 9 5 6 17 10 11 -11 25 -13 19 -15 16 -17 -18 -19 28 -21 21 22 23 -25 -26 -27 27 -29 -30 -31
leaf_value=0.021314496473075786 -0.00035829023085937999 -6.3916937157129395e-06 -0.00045848825661615498 -6.79227427406957e-06 0.0011898886201478609 -1.175220038017296e-05 -5.0685761604357544e-06 2.8074566933274736e-05 -6.5581871399119269e-06 -6.797853697667134e-06 -6.797853697667134e-06 -6.7978536978900688e-06 -6.797853697667134e-06 0.02151641362532479 -6.7349482971791326e-05 -0.0016198858156999678 -0.0022823177145679901 -6.797853697667134e-06 9.207736814532471e-05 -6.797853697667134e-06 -0.00021063061454151924 -2.3648753179926852e-05 7.3050727157824534e-06 3.5453029953073985e-05 -1.6748427121931488e-05 -6.7951054536614901e-06 -0.00020993665811102315 2.485981843483272e-05 -7.3666894463173826e-06 -8.4820586775653271e-05
leaf_weight=698 866 1039 1395 588 815 4064 484 310 908 2370 2418 464 8565 355 156328 473 1059 5604 3177 9558 665 352 527 669 6321 365 499 1276 487 2665
leaf_count=698 866 1039 1395 588 815 4064 484 310 908 2370 2418 464 8565 355 156328 473 1059 5604 3177 9558 665 352 527 669 6321 365 499 1276 487 2665
internal_value=-0.00163369 -0.00852201 -0.000676355 -0.00677131 -0.000363854 -0.00214766 -0.00557569 -0.0040158 -0.0107407 -0.0126022 -0.00746122 -0.01112 -0.0112997 -0.000128654 -0.000146822 0.00454352 -0.000181748 -0.00907538 0.0010749 -0.0115546 -0.000590078 0.00113144 0.00307941 0.00458647 2.52207e-05 -0.00844289 -0.000652791 0.000701014 0.00311869 -0.00166903
internal_weight=215364 26278 189086 9221 179865 20952 10152 6263 20534 2958 3093 19495 19031 158913 158558 1171 157387 6088 10800 18123 5744 2213 1548 1196 7136 2783 3170 1775 3664 3531
internal_count=215364 26278 189086 9221 179865 20952 10152 6263 20534 2958 3093 19495 19031 158913 158558 1171 157387 6088 10800 18123 5744 2213 1548 1196 7136 2783 3170 1775 3664 3531
is_linear=0
shrinkage=0.03


Tree=237
num_leaves=31
num_cat=0
split_feature=27 12 5 8 8 4 89 96 12 39 75 88 1 29 87 102 83 12 8 83 8 102 10 23 101 86 20 7 3 21
split_gain=1846.17 907.465 378.582 131.612 86.0889 61.2843 42.6151 33.2091 29.5325 24.8521 30.5434 24.649 23.5052 30.4065 21.7251 17.015 14.2137 10.0599 11.6454 9.68727 9.91803 9.30502 9.23795 10.2757 8.33272 7.4117 6.59477 5.9885 5.2586 5.04794
threshold=382.50000000000006 -1.0000000180025095e-35 393.50000000000006 0.70000000000000073 0.10000000000000099 3.3500000000000001 28.950000000000003 30.150000000000002 0.15000000000000038 10.500000000000002 4.5707894736842114 26.350000000000005 44.500000000000007 364.50000000000006 -0.26249999999999984 83.084722222222226 -0.39999999999999897 -0.29999999999999799 0.15000000000000038 -0.65000000000000024 0.49999999999999961 79.634722222222237 1.0000000180025095e-35 15.84866888120915 -0.0027739304401354259 -0.29999999999999966 88.30217391304349 1.599999999999999 29.250000000000004 0.63312515163047667
decision_type=2 2 2 2 2 2 2 2 2 2 2 2 2 2 2 2 2 2 2 2 2 2 2 2 2 2 2 2 2 2
left_child=2 17 9 19 16 -5 8 -8 15 10 12 -12 14 -14 -1 -6 -3 18 24 -4 -21 -10 -19 -24 27 -26 29 -2 -9 -18
right_child=1 4 3 5 6 -7 7 28 21 -11 11 -13 13 -15 -16 -17 26 22 -20 20 -22 -23 23 -25 25 -27 -28 -29 -30 -31
leaf_value=-0.00014313788999624711 -8.2189104917074237e-05 -1.1400725796333523e-05 -0.00068161292820534825 -4.1627185405972997e-05 -6.5939180867371197e-06 -6.5939180867371197e-06 -6.5924251917585207e-06 0.00017459184745626861 -6.5939180867371197e-06 -0.0018974751283936564 0.00023151089081441899 0.027090337119590441 -3.4710645271463674e-05 0.0058484564982681534 0.0055244193446780049 -6.5939180867371197e-06 -7.0182914608990316e-06 -4.5792151656946915e-06 -0.0003356530437242562 0.00036414277900582737 -2.8083404845670289e-05 -6.5939180867371197e-06 -8.3264321915905785e-06 3.2836510708027817e-05 0.002925184675356401 -0.000379977709798136 -5.8442397824725991e-06 -0.0012688939040649968 -0.00018988899098435126 -6.3193155399842984e-06
leaf_weight=966 772 613 380 432 7230 2373 555 310 7103 331 314 307 166768 576 1104 3306 533 6319 719 367 333 8266 631 853 582 1154 392 942 340 804
leaf_count=966 772 613 380 432 7230 2373 555 310 7103 331 314 307 166768 576 1104 3306 533 6319 719 367 333 8266 631 853 582 1154 392 942 340 804
internal_value=-0.00163266 -0.00732529 -0.000279337 -0.00953809 -0.0101562 -0.0129633 -0.010633 -0.00511194 -0.0108896 -6.8147e-05 -5.2136e-05 0.0065836 -7.64985e-05 -0.000115809 0.00309995 -0.00966309 -0.00463508 -0.000360812 -0.00155036 -0.000638298 0.00145506 -0.0117297 0.000274859 0.00240404 -0.000825848 0.000639033 -0.00602601 -0.00230904 -0.000506912 -0.00702915
internal_weight=215675 41424 174251 3885 29452 2805 27110 1205 25905 170366 170035 621 169414 167344 2070 10536 2342 11972 4169 1080 700 15369 7803 1484 3450 1736 1729 1714 650 1337
internal_count=215675 41424 174251 3885 29452 2805 27110 1205 25905 170366 170035 621 169414 167344 2070 10536 2342 11972 4169 1080 700 15369 7803 1484 3450 1736 1729 1714 650 1337
is_linear=0
shrinkage=0.03


Tree=238
num_leaves=31
num_cat=0
split_feature=27 12 5 11 112 12 89 109 96 9 24 75 29 2 29 33 103 83 103 91 96 20 7 112 11 83 97 12 10 101
split_gain=1861.13 897.448 383.568 98.4531 59.5936 46.2676 36.3622 34.9945 25.4807 23.8198 22.2877 54.7312 51.1518 43.4583 39.378 37.6183 13.9543 13.9134 12.4837 11.822 10.5255 10.2492 8.79559 17.8141 6.61861 14.1941 10.8336 15.3032 8.74623 8.09032
threshold=382.50000000000006 -1.0000000180025095e-35 393.50000000000006 -1.0000000180025095e-35 3.3500000000000001 0.09999999999999877 28.950000000000003 0.20000000000000198 30.150000000000002 -0.20000000000000193 2.9630671603503349 0.46026315789473687 295.50000000000006 17.250000000000004 196.50000000000003 0.99611390731392835 81.500000000000014 -0.40000000000000119 82.500000000000014 0.25773682888191951 25.350000000000005 87.135294117647078 3.2000000000000002 4.6499999999999995 -0.15000000000000033 -0.15000000000000033 24.350000000000005 -0.34999999999999959 1.0000000180025095e-35 -0.0024004267425320061
decision_type=2 2 2 2 2 2 2 2 2 2 2 2 2 2 2 2 2 2 2 2 2 2 2 2 2 2 2 2 2 2
left_child=2 24 9 19 21 17 16 22 -8 -1 12 14 15 -14 -12 -11 -7 -5 -19 20 -3 -4 -6 -24 25 29 -26 -28 -29 -2
right_child=1 3 4 5 7 6 8 -9 -10 10 11 -13 13 -15 -16 -17 -18 18 -20 -21 -22 -23 23 -25 26 -27 27 28 -30 -31
leaf_value=0.005112933335882394 -0.00054011866681230288 -6.0817206219232404e-06 -0.00013673266649875574 -6.3171865338514922e-06 -6.3981849305245618e-06 -6.3961005441350068e-06 -6.3957193902953009e-06 -6.3961005441350068e-06 -5.4829542219488174e-05 -2.8355799480964685e-05 -0.00018217402270667482 0.015391527828190022 0.006867734497140553 -0.0013122468317246627 0.00043432037013556893 -0.0029727385613647133 -6.3961005441350068e-06 -6.3961005441350068e-06 -6.4053400788730261e-06 -2.0627553540726386e-06 -4.4832370434367153e-06 3.1542278696591904e-05 -2.7465374655688455e-06 -6.3961005441350068e-06 -2.1320214539527795e-05 -0.00036905392759899392 -0.00031501371615777485 1.9291615714295953e-05 5.0662715286699619e-05 0.00045920677424786296
leaf_weight=1243 1841 573 520 1166 317 6083 380 1666 455 73263 40343 557 410 7330 46086 919 13045 2583 4107 807 420 303 303 760 5371 404 363 1739 577 1651
leaf_count=1243 1841 573 520 1166 317 6083 380 1666 455 73263 40343 557 410 7330 46086 919 13045 2583 4107 807 420 303 303 760 5371 404 363 1739 577 1651
internal_value=-0.00164725 -0.0073506 -0.000284966 -0.0101501 -0.00962403 -0.01059 -0.0113582 -0.0115589 -0.00522129 -7.25528e-05 -0.000103014 0.000231414 -0.000458113 -0.00277871 0.000170948 -0.000215952 -0.0116258 -0.00863688 -0.00916455 -0.00334814 -0.00553823 -0.00245752 -0.00801593 -0.00669643 -0.000409308 -0.00142417 8.19774e-05 0.00163993 0.00253776 -0.000807329
internal_weight=215585 41565 174020 29619 3869 27819 19963 3046 835 170151 168908 86986 81922 7740 86429 74182 19128 7856 6690 1800 993 823 1380 1063 11946 3896 8050 2679 2316 3492
internal_count=215585 41565 174020 29619 3869 27819 19963 3046 835 170151 168908 86986 81922 7740 86429 74182 19128 7856 6690 1800 993 823 1380 1063 11946 3896 8050 2679 2316 3492
is_linear=0
shrinkage=0.03


Tree=239
num_leaves=31
num_cat=0
split_feature=27 12 4 11 27 12 89 97 108 98 84 30 96 38 57 108 102 19 83 91 103 24 2 0 11 83 12 0 10 98
split_gain=1844.08 912.757 332.594 100.442 95.1265 44.857 32.8403 31.2529 29.2895 26.3855 27.057 26.7889 24.2169 23.6777 30.1527 19.3342 17.8018 15.7071 14.4458 12.6977 11.1612 9.5957 9.30242 8.8439 7.15165 14.4369 12.4518 15.5724 10.8886 8.4589
threshold=382.50000000000006 -1.0000000180025095e-35 3.3500000000000001 -1.0000000180025095e-35 42.500000000000007 0.09999999999999877 28.950000000000003 26.150000000000002 0.25000000000000006 -5.2499999999999991 -3.2999999999999998 0.68301270189221941 30.150000000000002 1.5000000000000002 0.18500000000000003 1.7999999999999983 79.634722222222237 66.411538461538484 -0.40000000000000119 0.25773682888191951 82.500000000000014 3.9124331551175549 23.450000000000003 26.650000000000002 -0.15000000000000033 -0.15000000000000033 -0.34999999999999959 25.050000000000004 1.0000000180025095e-35 -1.1000000000000003
decision_type=2 2 2 2 2 2 2 2 2 2 2 2 2 2 2 2 2 2 2 2 2 2 2 2 2 2 2 2 2 2
left_child=2 24 9 19 8 18 16 -6 -4 -1 11 17 -8 14 -12 -15 -7 -11 -5 22 -20 23 -3 -10 25 29 -26 -28 -29 -2
right_child=1 3 4 5 7 6 12 -9 21 10 13 -13 -14 15 -16 -17 -18 -19 20 -21 -22 -23 -24 -25 26 -27 27 28 -30 -31
leaf_value=0.0066069258017483956 -0.0005813869761770226 -5.7575094551341637e-06 -6.2042175278109565e-06 -6.1284816518047739e-06 0.042858661015503591 -6.2042175278109565e-06 -6.2038478085864428e-06 -0.0012208864217524095 -6.2042175278109565e-06 0.0059517885123738391 -3.3870128576303141e-05 0.018729455518054071 -0.00010034154041597629 -0.0002705716506410231 0.0039610980480209897 -0.0041672638753504944 -6.2042175278109565e-06 -0.00096581126780376887 -6.2042175278109565e-06 -1.4667872868824681e-06 -6.2155913478905242e-06 -6.2042175278109565e-06 -5.899269003265543e-06 -6.2042175278109565e-06 -0.00035715345160171878 -0.0003684167865244146 -4.2625448173214157e-06 1.5649382581905594e-05 6.204378942710374e-05 0.00026162914904778565
leaf_weight=381 1509 484 1596 1139 377 8925 373 464 440 339 164982 606 465 352 2401 334 10154 893 2580 796 4109 612 511 388 778 403 5590 1238 450 1955
leaf_count=381 1509 484 1596 1139 377 8925 373 464 440 339 164982 606 465 352 2401 334 10154 893 2580 796 4109 612 511 388 778 403 5590 1238 450 1955
internal_value=-0.00161294 -0.0072992 -0.000259322 -0.0101273 -0.00894662 -0.0105718 -0.0113287 -1.78147e-05 -0.0114192 -6.14837e-05 -7.91899e-05 0.00353997 -0.00550656 -0.00011879 -9.59769e-05 -0.00567686 -0.0115841 0.000997567 -0.00864478 -0.0032394 -0.00917713 -0.00830673 -0.00549699 -0.00618818 -0.000293106 -0.00135341 0.000215961 0.000601731 0.00312611 -0.000727273
internal_weight=215624 41459 174165 29536 3877 27745 19917 841 3036 170288 169907 1838 838 168069 167383 686 19079 1232 7828 1791 6689 1440 995 828 11923 3867 8056 7278 1688 3464
internal_count=215624 41459 174165 29536 3877 27745 19917 841 3036 170288 169907 1838 838 168069 167383 686 19079 1232 7828 1791 6689 1440 995 828 11923 3867 8056 7278 1688 3464
is_linear=0
shrinkage=0.03


Tree=240
num_leaves=31
num_cat=0
split_feature=25 12 5 8 12 25 26 12 4 8 8 26 89 90 29 107 33 2 29 96 103 102 102 12 12 8 83 5 83 32
split_gain=1554.02 514.592 413.422 162.435 82.1435 68.5971 237.497 191.291 60.7853 45.8144 40.7441 32.3302 28.327 27.0915 26.0127 43.4715 28.7897 81.5085 58.5813 23.4484 23.1916 20.2823 16.9079 16.1889 12.2083 18.2791 16.9756 12.9234 10.5159 10.5015
threshold=6.5000000000000009 -1.0000000180025095e-35 379.50000000000006 0.75000000000000011 -1.0000000180025095e-35 5.5000000000000009 22.500000000000004 -1.0000000180025095e-35 3.3500000000000001 0.10000000000000099 0.10000000000000099 22.500000000000004 28.950000000000003 0.65000000000000047 6.5000000000000009 0.75000000000000011 0.76556758748011056 18.250000000000004 317.50000000000006 30.150000000000002 83.500000000000014 79.634722222222237 81.5763888888889 0.15000000000000038 -0.29999999999999799 1.0000000180025095e-35 -0.74999999999999989 369.50000000000006 -0.39999999999999897 0.54219432480460406
decision_type=2 2 2 2 2 2 2 2 2 2 2 2 2 2 2 2 2 2 2 2 2 2 2 2 2 2 2 2 2 2
left_child=2 24 5 4 -4 14 13 -8 -5 -9 28 -6 21 -7 15 22 18 -18 -16 -14 -17 -12 -1 -23 29 -26 -27 -28 -3 -2
right_child=1 10 3 8 11 6 7 9 -10 -11 12 -13 19 -15 16 20 17 -19 -20 -21 -22 23 -24 -25 25 26 27 -29 -30 -31
leaf_value=-0.0023442917096046629 -0.00060399888383787573 -1.5604084741878365e-06 -2.7046095707095459e-05 -6.0126789610869914e-06 3.3192915922898368e-05 0.00011010370422439413 -4.279202722004291e-06 -2.7358462242829044e-05 -6.018091001976628e-06 -6.018091001976628e-06 -6.018091001976628e-06 -6.018091001976628e-06 -6.0166654200393132e-06 9.3369754425467278e-06 -7.6084317067311437e-05 0.0022557613232269459 -0.00062731669240106047 0.0018971795980299371 -0.0025713347451651984 -7.6760959679215629e-05 -0.0016619293440440273 -6.018091001976628e-06 -0.0062833980424299067 -6.018091001976628e-06 -0.0002821105364664222 -0.00016217953651482669 -1.0582994257253785e-06 3.3810285585985446e-05 -5.7932341167121332e-06 0.00094457453140682794
leaf_weight=1056 1520 329 3107 584 320 2823 3976 807 2386 5245 8837 2812 411 7993 119878 867 15852 17986 2816 431 523 3069 360 6529 1282 347 717 1294 835 558
leaf_count=1056 1520 329 3107 584 320 2823 3976 807 2386 5245 8837 2812 411 7993 119878 867 15852 17986 2816 431 523 3069 360 6529 1282 347 717 1294 835 558
internal_value=-0.00160542 -0.00845929 -0.000658713 -0.00685831 -0.00410817 -0.000341819 -0.00196018 -0.00528567 -0.0126321 -0.00864365 -0.0106846 -0.00753591 -0.0110138 0.00112323 -0.0001301 -0.00299252 -7.87693e-05 0.000695943 -0.000292432 -0.00562278 0.00077642 -0.0112598 -0.00669019 -0.0103011 -0.000503585 0.000543807 0.00211106 0.00316849 -0.00522747 -0.00233766
internal_weight=215550 26159 189391 9209 6239 180182 20844 10028 2970 6052 20441 3132 19277 10816 159338 2806 156532 33838 122694 842 1390 18435 1416 9598 5718 3640 2358 2011 1164 2078
internal_count=215550 26159 189391 9209 6239 180182 20844 10028 2970 6052 20441 3132 19277 10816 159338 2806 156532 33838 122694 842 1390 18435 1416 9598 5718 3640 2358 2011 1164 2078
is_linear=0
shrinkage=0.03


Tree=241
num_leaves=31
num_cat=0
split_feature=27 12 5 12 4 109 89 27 12 103 99 99 89 98 96 101 96 83 102 3 110 103 7 4 12 97 109 102 29 3
split_gain=1853.59 843.555 371.311 75.8926 60.8514 39.1401 36.7264 25.7161 30.9411 24.2101 40.0501 54.703 44.8777 31.616 56.9519 33.4003 22.3667 18.2342 15.9643 12.9776 10.7789 9.86436 9.32252 17.4112 9.18038 10.3786 9.08823 8.11271 15.019 5.63194
threshold=387.50000000000006 -1.0000000180025095e-35 393.50000000000006 0.09999999999999877 3.3500000000000001 0.20000000000000198 28.950000000000003 382.50000000000006 -1.0000000180025095e-35 90.500000000000014 27.950000000000003 27.550000000000004 27.650000000000002 -3.0000000000000013 18.650000000000002 -0.0072122191443521047 30.150000000000002 -0.40000000000000119 79.634722222222237 28.450000000000003 2.7282878986301884 82.500000000000014 3.149999999999999 4.6499999999999995 -0.29999999999999799 24.350000000000005 -1.0999999999999985 84.495129216960706 70.500000000000014 28.550000000000004
decision_type=2 2 2 2 2 2 2 2 2 2 2 2 2 2 2 2 2 2 2 2 2 2 2 2 2 2 2 2 2 2
left_child=2 24 7 17 20 22 18 9 -9 13 11 -11 -12 14 -1 -15 -8 -3 -5 -20 -4 29 -6 -24 27 -26 -23 -2 -29 -19
right_child=1 3 4 6 5 -7 16 8 -10 10 12 -13 -14 15 -16 -17 -18 21 19 -21 -22 26 23 -25 25 -27 -28 28 -30 -31
leaf_value=0.001897714895946182 -0.00050106517884840644 -5.7940185797120977e-06 1.5104285246580594e-05 -5.8375482719173289e-06 -5.8395729986558284e-06 -5.8375482719173289e-06 -5.8378161963677784e-06 2.3004267187023989e-05 -4.8960814552178117e-06 0.00017724307244579518 -0.00014266050871171107 -0.0032256700273951594 0.051008660094078735 0.0012348963364724919 -0.0021138663614038329 -7.1684328034291584e-05 -4.7871581909173668e-05 -5.8375482719173289e-06 -5.8375482719173289e-06 -5.8375482719173289e-06 -0.00013503681448429788 -5.835790930459977e-06 -1.6666319445545877e-06 -5.8375482719173289e-06 -1.581214721477389e-05 1.8895685503884523e-05 -5.8519652254023555e-06 0.0094466326662838995 -0.00048025033150241508 -5.8939819632141059e-06
leaf_weight=677 2834 1379 420 9059 312 1670 368 1004 1165 31917 309 620 375 4991 2764 128491 465 2480 9690 438 429 910 318 760 4883 2259 3393 324 694 381
leaf_count=677 2834 1379 420 9059 312 1670 368 1004 1165 31917 309 620 375 4991 2764 128491 465 2480 9690 438 429 910 318 760 4883 2259 3393 324 694 381
internal_value=-0.00163215 -0.00750076 -0.000314772 -0.0102186 -0.00945652 -0.0114276 -0.0112292 -0.000107333 -0.00335253 -6.59438e-05 0.000660556 0.000509404 0.00783942 -0.000242215 -0.00308106 -0.00016901 -0.00505396 -0.00784937 -0.011497 -0.0106743 -0.00234706 -0.00845778 -0.0076995 -0.00636701 -0.000439291 0.000197396 -0.00754531 -0.00161952 0.000677134 -0.00982704
internal_weight=215779 39557 176222 28563 3909 3060 20020 172313 2169 170144 33221 32537 684 136923 3441 133482 833 8543 19187 10128 849 7164 1390 1078 10994 7142 4303 3852 1018 2861
internal_count=215779 39557 176222 28563 3909 3060 20020 172313 2169 170144 33221 32537 684 136923 3441 133482 833 8543 19187 10128 849 7164 1390 1078 10994 7142 4303 3852 1018 2861
is_linear=0
shrinkage=0.03


Tree=242
num_leaves=31
num_cat=0
split_feature=27 12 4 8 8 11 89 96 27 12 102 98 18 15 95 27 108 91 12 11 22 83 108 8 10 8 7 87 3 23
split_gain=1834.98 850.57 340.598 205.833 92.8878 59.0608 40.6366 33.4647 31.4267 25.6991 25.3879 23.2244 21.434 20.5447 18.2464 20.2815 15.2143 12.889 10.1856 10.7216 10.0162 8.25935 7.61924 8.835 7.61863 7.02912 6.97037 5.92536 5.45428 8.54586
threshold=387.50000000000006 -1.0000000180025095e-35 3.5000000000000013 0.70000000000000207 0.10000000000000099 -1.0000000180025095e-35 28.950000000000003 30.150000000000002 382.50000000000006 -1.0000000180025095e-35 79.634722222222237 -5.2499999999999991 1.0000000180025095e-35 0.075070588251253983 29.650000000000002 47.500000000000007 2.0000000000000013 0.25934313075410204 -0.19999999999999971 1.0000000180025095e-35 1496.8500000000001 -0.39999999999999897 -0.15000000000000033 0.20000000000000065 -0.19999999999999971 0.20000000000000065 0.70000000000000207 -0.074999999999999969 24.650000000000002 18.580920024285412
decision_type=2 2 2 2 2 2 2 2 2 2 2 2 2 2 2 2 2 2 2 2 2 2 2 2 2 2 2 2 2 2
left_child=2 18 8 14 21 17 10 -8 11 -10 -7 -1 13 -13 15 -4 -14 -6 22 28 -21 -3 -2 24 -24 -11 27 -23 29 -20
right_child=1 4 3 -5 5 6 7 -9 9 25 -12 12 16 -15 -16 -17 -18 -19 19 20 -22 26 23 -25 -26 -27 -28 -29 -30 -31
leaf_value=0.0061828323302131182 0.00082279537487882652 -2.3203785545787647e-05 -2.17059815026291e-05 -5.6624218237598092e-06 -5.22587264411126e-06 -5.6624218237598092e-06 -5.662379756435951e-06 -5.3207821081812303e-05 -6.3978285988269597e-06 -4.687588874093924e-06 -5.6624218237598092e-06 -2.3525548975241092e-05 -0.00026659225961226469 0.00020523506541271798 -0.0004460894418743612 0.045400317294999049 0.00017274830261671537 -1.4652861694825035e-06 3.918617834790918e-06 -6.1790756122137461e-06 3.2693449892322195e-05 -3.0677157844109075e-06 0.00073620396235739402 -0.00028989454097787124 -0.00037271607996490534 -5.0310035132140928e-06 -5.6682201356059641e-06 -4.9177942567568105e-05 1.8558412200265244e-05 -8.1629295522257897e-05
leaf_weight=367 471 585 477 2378 703 11212 524 600 991 571 12641 74572 50124 34640 387 363 10867 534 3120 387 584 357 755 424 3068 571 844 392 1218 937
leaf_count=367 471 585 477 2378 703 11212 524 600 991 571 12641 74572 50124 34640 387 363 10867 534 3120 387 584 357 755 424 3068 571 844 392 1218 937
internal_value=-0.00161236 -0.00746932 -0.000304919 -0.00943012 -0.0102099 -0.0107046 -0.0110215 -0.00544 -0.000114386 -0.00373243 -0.0112843 -6.91208e-05 -8.53975e-05 0.000166189 0.000549674 0.0030321 -0.00053589 -0.00430129 -0.000372093 0.000422603 0.0033179 -0.00425425 -0.00142403 -0.00182556 -0.00136899 -0.0067979 -0.00537327 -0.00326 -0.000110879 -0.000639478
internal_weight=215664 39356 176308 3605 28392 26214 24977 1124 172703 2133 23853 170570 170203 109212 1227 840 60991 1237 10964 6246 971 2178 4718 4247 3823 1142 1593 749 5275 4057
internal_count=215664 39356 176308 3605 28392 26214 24977 1124 172703 2133 23853 170570 170203 109212 1227 840 60991 1237 10964 6246 971 2178 4718 4247 3823 1142 1593 749 5275 4057
is_linear=0
shrinkage=0.03


Tree=243
num_leaves=31
num_cat=0
split_feature=25 5 11 8 25 8 4 11 7 83 103 96 99 4 100 107 101 83 3 96 24 18 8 15 8 83 32 29 8 102
split_gain=1531.74 375.214 289.815 143.436 79.7492 104.889 69.8152 65.4365 56.8348 34.6101 24.7897 50.5078 65.4165 60.3022 38.0177 79.288 44.9047 23.0032 22.8935 20.0394 15.9806 14.564 13.2096 15.9758 13.0957 12.6946 11.3776 10.8101 10.4393 9.40989
threshold=6.5000000000000009 383.50000000000006 1.0000000180025095e-35 0.75000000000000011 5.5000000000000009 0.15000000000000038 3.5000000000000013 -1.0000000180025095e-35 1.3499999999999999 -0.40000000000000119 90.500000000000014 28.050000000000004 27.250000000000004 1.5000000000000011 0.79999999999999993 -0.40000000000000119 -0.0055555555555555497 -0.24999999999999997 28.950000000000003 30.150000000000002 8.5035829858429981 1.0000000180025095e-35 0.20000000000000198 0.07656096865184521 0.54999999999999993 -0.24999999999999997 0.7210268013660811 345.50000000000006 0.20000000000000198 79.634722222222237
decision_type=2 2 2 2 2 2 2 2 2 2 2 2 2 2 2 2 2 2 2 2 2 2 2 2 2 2 2 2 2 2
left_child=1 4 7 8 10 20 -5 -2 25 28 14 12 -12 -13 15 -1 -16 -9 22 -20 27 24 23 -11 -7 -3 -10 -6 -4 -24
right_child=2 3 9 6 5 21 -8 17 26 18 11 13 -14 -15 16 -17 -18 -19 19 -21 -22 -23 29 -25 -26 -27 -28 -29 -30 -31
leaf_value=-0.0019714070159640041 -7.0875778265347805e-06 -5.5416083826876414e-06 -5.426483285343952e-06 -5.4872994893840669e-06 -5.2071979486387506e-06 -5.4925491690470149e-06 -5.4925491690470149e-06 -5.4925491690470149e-06 -5.5825351364014749e-06 -5.4925491690470149e-06 0.00019070031463410688 0.0085699944618742117 -0.0031019857512870684 -0.0009989153613986796 -0.00055204685687669779 -0.0002291230893372842 0.00014511156794190072 -5.4925491690470149e-06 -5.4911595788540216e-06 -9.1996083323390944e-05 0.0020587421816307284 -5.4926188710051441e-06 -5.4925491690470149e-06 -3.6045306594097013e-06 -5.4925491690470149e-06 -5.4925491690470149e-06 0.00015240019658847466 0.0012134161051272879 -5.4925491690470149e-06 -5.4925491690470149e-06
leaf_weight=6412 4546 909 684 636 10690 5677 2253 1757 1812 1807 27131 2628 853 335 21155 23746 76756 3160 300 351 515 2473 5788 330 1747 2020 597 790 821 6688
leaf_count=6412 4546 909 684 636 10690 5677 2253 1757 1812 1807 27131 2628 853 335 21155 23746 76756 3160 300 351 515 2473 5788 330 1747 2020 597 790 821 6688
internal_value=-0.00160978 -0.000667536 -0.00840316 -0.00693303 -0.000382568 -0.00208012 -0.0123166 -0.00420488 -0.00401761 -0.0107719 -0.000148852 0.000613125 0.000218689 0.00433704 -0.000332982 -0.0012643 -4.61128e-05 -0.00660329 -0.0112001 -0.00568252 -0.000193815 -0.00436603 -0.0114455 -0.00925398 -0.0050303 -0.00682423 -0.000603734 -0.000425921 -0.0064243 -0.0118201
internal_weight=215367 189135 26232 8227 180908 21892 2889 9463 5338 16769 159016 30947 27984 2963 128069 30158 97911 4917 15264 651 11995 9897 14613 2137 7424 2929 2409 11480 1505 12476
internal_count=215367 189135 26232 8227 180908 21892 2889 9463 5338 16769 159016 30947 27984 2963 128069 30158 97911 4917 15264 651 11995 9897 14613 2137 7424 2929 2409 11480 1505 12476
is_linear=0
shrinkage=0.03


Tree=244
num_leaves=31
num_cat=0
split_feature=25 12 5 8 12 112 25 8 11 0 12 7 8 5 108 33 15 85 103 102 20 107 88 11 8 8 83 112 95 12
split_gain=1537.2 531.957 385.621 158.275 75.137 66.6421 61.7033 105.837 57.5975 30.1179 27.4907 26.4545 24.6132 24.0717 39.2529 45.3941 43.5895 31.2169 24.7844 18.6895 14.0077 13.0375 12.6657 10.8549 27.5655 19.4382 18.4672 10.2784 9.74877 8.67124
threshold=6.5000000000000009 -1.0000000180025095e-35 379.50000000000006 0.75000000000000011 -1.0000000180025095e-35 3.5000000000000013 5.5000000000000009 0.15000000000000038 -1.0000000180025095e-35 29.650000000000002 1.0000000180025095e-35 1.4000000000000015 0.10000000000000099 149.50000000000003 0.10000000000000055 0.81800285027139286 0.09099264265290595 -6.5499999999999998 95.500000000000014 79.634722222222237 72.504545454545465 5.5000000000000018 19.850000000000005 -0.15000000000000033 0.15000000000000038 0.10000000000000099 -0.70000000000000184 2.8500000000000001 25.850000000000005 -0.24999999999999997
decision_type=2 2 2 2 2 2 2 2 2 2 2 2 2 2 2 2 2 2 2 2 2 2 2 2 2 2 2 2 2 2
left_child=2 23 6 4 28 27 13 20 -3 12 22 -6 -10 14 16 -16 -1 21 -19 -14 -8 -15 -9 24 -2 -25 -27 -5 -4 -30
right_child=1 8 3 5 11 -7 7 10 9 -11 -12 -13 19 17 15 -17 -18 18 -20 -21 -22 -23 -24 25 -26 26 -28 -29 29 -31
leaf_value=-0.00067462096755954736 -0.00022562310868187851 -5.0490064690242386e-06 -0.00013232457676368834 -5.3789022909837982e-06 -5.3277726939756041e-06 -5.3277726939756041e-06 0.00096425788141968685 -5.5343058170151118e-06 -4.9442994445850435e-06 -5.3277726925146247e-06 -5.3277726939756041e-06 -5.3191526034846121e-06 -5.3277726939756041e-06 -0.0024479694404430418 0.00014376073973029757 0.002598003461038203 0.0012510679283658718 -0.00013218100942936735 -0.0011871623452759026 -5.3277726939756041e-06 -4.762291057929153e-06 -0.0052254486724696526 -3.6524541879846137e-06 -7.2898091926772068e-05 -0.00049344142557032622 -0.00013168884006762435 2.4971543258965586e-05 -1.6543043404761927e-07 -8.2791862051003105e-05 3.5319001010268893e-05
leaf_weight=32249 1541 1063 1927 376 2488 2297 1801 1034 909 455 6135 627 8694 493 47687 10010 6564 59316 2577 9393 9693 310 2294 1891 343 402 1494 306 387 786
leaf_count=32249 1541 1063 1927 376 2488 2297 1801 1034 909 455 6135 627 8694 493 47687 10010 6564 59316 2577 9393 9693 310 2294 1891 343 402 1494 306 387 786
internal_value=-0.00159226 -0.00840506 -0.000650118 -0.00664274 -0.00391651 -0.0123272 -0.00034427 -0.00187446 -0.0106532 -0.0110248 -0.0042239 -0.00720635 -0.0112076 -0.000142833 0.00015449 0.000650716 -0.000583166 -0.000600507 -0.000524203 -0.0114499 6.00261e-05 -0.00647388 -0.00202764 -0.000272391 -0.00213263 0.000653379 0.00279916 -0.00408492 -0.000609481 0.001546
internal_weight=215542 26185 189357 9194 6215 2979 180163 20957 20514 19451 9463 3115 18996 159206 96510 57697 38813 62696 61893 18087 11494 803 3328 5671 1884 3787 1896 682 3100 1173
internal_count=215542 26185 189357 9194 6215 2979 180163 20957 20514 19451 9463 3115 18996 159206 96510 57697 38813 62696 61893 18087 11494 803 3328 5671 1884 3787 1896 682 3100 1173
is_linear=0
shrinkage=0.03


Tree=245
num_leaves=31
num_cat=0
split_feature=27 12 5 11 112 12 89 109 2 84 23 79 99 100 96 83 102 103 30 112 12 112 11 22 7 112 2 97 108 18
split_gain=1847.71 824.513 343.912 102.017 81.1081 48.3268 33.0905 32.7522 24.0539 26.4226 39.1293 25.4832 37.809 35.3373 19.9532 18.0352 13.5759 13.2169 12.1014 10.637 10.1518 9.97697 9.17741 10.5482 8.76385 9.65056 8.57574 7.01433 10.2183 8.68565
threshold=387.50000000000006 -1.0000000180025095e-35 393.50000000000006 -1.0000000180025095e-35 3.5999999999999992 0.09999999999999877 28.950000000000003 0.20000000000000198 31.150000000000002 -3.6999999999999997 21.698314190538792 1.0000000180025095e-35 30.150000000000002 1.4000000000000015 30.150000000000002 -0.40000000000000119 79.634722222222237 82.500000000000014 0.68301270189221941 2.8999999999999995 -0.19999999999999971 1.3 1.0000000180025095e-35 1482.3500000000001 3.5000000000000013 5.0999999999999996 20.750000000000004 13.850000000000003 -0.15000000000000033 -2.4999999999999996
decision_type=2 2 2 2 2 2 2 2 2 2 2 2 2 2 2 2 2 2 2 2 2 2 2 2 2 2 2 2 2 2
left_child=2 20 8 21 19 15 16 24 9 10 18 12 -11 -13 -8 -5 -7 -17 -1 -4 27 26 -22 -24 -6 -26 -3 -2 -29 -30
right_child=1 3 4 5 7 6 14 -9 -10 11 -12 13 -14 -15 -16 17 -18 -19 -20 -21 22 -23 23 -25 25 -27 -28 28 29 -31
leaf_value=0.0069230335457944161 -0.00072436150337956728 -4.6824159143455439e-06 -0.00011382220165878296 -5.0969528667387614e-06 -5.1699034980926807e-06 -5.1679395131563358e-06 -5.1683468717679095e-06 -5.1679395131563358e-06 0.021527995088875426 8.7589273051691393e-06 -0.0012854753816549196 -4.2611336010174649e-06 0.014127445458754922 -0.00063622305791501946 -0.00013508131292007692 -5.1679395131563358e-06 -5.1679395131563358e-06 -5.1824091868850832e-06 0.038557254399912436 6.8299388851836409e-06 -2.2141325012313011e-06 -2.0726851779273703e-08 -2.0445615913938485e-05 2.6195332373787661e-05 -5.0963111148898463e-06 -5.1679395131563358e-06 -4.9877483095637126e-06 0.0022819274910119724 0.002627319502492538 -0.00032661505962584413
leaf_weight=400 356 397 553 1055 380 8795 363 1597 366 125517 570 26090 864 18201 451 2448 9895 3736 491 455 5224 637 373 592 314 576 649 405 382 3611
leaf_count=400 356 397 553 1055 380 8795 363 1597 366 125517 570 26090 864 18201 451 2448 9895 3736 491 455 5224 637 373 592 314 576 649 405 382 3611
internal_value=-0.00158028 -0.00745657 -0.000268575 -0.0101502 -0.00910604 -0.0106011 -0.0113786 -0.0116789 -7e-05 -8.63571e-05 0.00392955 -0.000120757 9.62558e-05 -0.000739976 -0.00544785 -0.00850483 -0.0116366 -0.00912369 0.00785314 -0.00178394 -0.000459156 -0.00298397 0.00034168 0.00302795 -0.00807238 -0.00643098 -0.0047851 -0.00150158 -0.00117299 -0.0016337
internal_weight=215743 39369 176374 28426 3875 26743 19504 2867 172499 172133 1461 170672 126381 44291 814 7239 18690 6184 891 1008 10943 1683 6189 965 1270 890 1046 4754 4398 3993
internal_count=215743 39369 176374 28426 3875 26743 19504 2867 172499 172133 1461 170672 126381 44291 814 7239 18690 6184 891 1008 10943 1683 6189 965 1270 890 1046 4754 4398 3993
is_linear=0
shrinkage=0.03


Tree=246
num_leaves=31
num_cat=0
split_feature=25 12 5 4 25 12 12 12 108 89 20 32 103 29 100 2 101 96 5 19 9 83 102 85 17 102 85 12 3 107
split_gain=1539.6 521.562 388.913 90.6597 74.5525 98.621 72.1376 41.0217 32.2174 26.2785 26.0514 55.5526 38.8355 48.1062 41.1462 36.4856 24.1237 17.3975 16.0037 15.2866 11.474 11.1758 10.2896 10.2019 10.1854 9.50017 8.92785 8.09147 8.03828 7.89236
threshold=6.5000000000000009 -1.0000000180025095e-35 383.50000000000006 3.9499999999999997 5.5000000000000009 0.09999999999999877 -1.0000000180025095e-35 0.09999999999999877 0.65000000000000047 28.950000000000003 92.934408602150555 -0.33425342068356556 90.500000000000014 72.500000000000014 3.8000000000000003 20.150000000000002 -0.00083333333333332775 30.150000000000002 593.50000000000011 72.511904761904773 -0.15000000000000033 -0.40000000000000119 79.634722222222237 -2.7499999999999996 1.5000000000000002 82.613212250712266 -2.2999999999999998 0.15000000000000038 28.450000000000003 1.9000000000000015
decision_type=2 2 2 2 2 2 2 2 2 2 2 2 2 2 2 2 2 2 2 2 2 2 2 2 2 2 2 2 2 2
left_child=2 24 4 6 10 19 29 21 -5 22 12 16 14 -14 -1 -13 -12 -11 -8 -6 -21 -3 -9 -10 -2 26 -23 -7 -24 -4
right_child=1 7 3 8 5 27 18 9 23 17 11 15 13 -15 -16 -17 -18 -19 -20 20 -22 25 28 -25 -26 -27 -28 -29 -30 -31
leaf_value=-9.5543120768094015e-05 5.4413600658926241e-06 -4.9577668786253929e-06 -2.3985807872063539e-05 -5.0129013277616463e-06 0.00048005186733293318 -5.0129013277616463e-06 -5.0129013277616463e-06 -5.0129013277616463e-06 -5.0129013277616463e-06 -5.0132964656148724e-06 -0.0018542258821539544 -0.0012563060302101981 0.0046462273552070532 0.00020423591024870013 -0.0024894863745360449 0.00021923819045626577 -0.00035319827431018382 -0.00010325492382502068 -3.790545851125825e-06 0.003491109011417901 -5.0555612856641539e-06 -5.0114163283007043e-06 -5.0129013277616463e-06 -5.0129013277616463e-06 -0.00018975573703366099 -5.0102773874878803e-06 -5.0129013277616463e-06 -5.0129013277616463e-06 -5.0129013277616463e-06 9.9932771049024658e-06
leaf_weight=120641 4310 814 1252 1816 2423 2135 2759 7140 505 300 2303 2324 4284 19193 1342 7484 1503 347 317 309 13297 387 7495 378 1419 1345 2335 3618 323 1349
leaf_count=120641 4310 814 1252 1816 2423 2135 2759 7140 505 300 2303 2324 4284 19193 1342 7484 1503 347 317 309 13297 387 7495 378 1419 1345 2335 3618 323 1349
internal_value=-0.00161517 -0.00842863 -0.000671236 -0.00699057 -0.000378531 -0.00202451 -0.00483709 -0.0106663 -0.0115167 -0.0114177 -0.000153135 -0.00140801 -3.56797e-05 0.00108165 -0.00025073 -0.000214089 -0.00448385 -0.00548611 -0.00794605 -0.000815034 -0.001206 -0.00826198 -0.0116739 -0.0068043 -0.000426702 -0.00890487 -0.00992655 -0.00539364 -0.0109157 -0.00115872
internal_weight=215447 26215 189232 8376 180856 21782 5677 20486 2699 15605 159074 13614 145460 23477 121983 9808 3806 647 3076 16029 13606 4881 14958 883 5729 4067 2722 5753 7818 2601
internal_count=215447 26215 189232 8376 180856 21782 5677 20486 2699 15605 159074 13614 145460 23477 121983 9808 3806 647 3076 16029 13606 4881 14958 883 5729 4067 2722 5753 7818 2601
is_linear=0
shrinkage=0.03


Tree=247
num_leaves=31
num_cat=0
split_feature=27 11 4 11 109 83 83 89 32 103 95 107 103 32 99 95 19 104 95 32 90 32 18 83 103 83 11 22 27 7
split_gain=1817.92 479.783 334.071 98.5877 95.6699 54.5989 51.7662 39.0187 27.9416 23.5381 42.8543 36.6236 48.239 88.84 76.7111 28.5243 31.9093 30.6998 18.6735 16.9047 22.401 16.5132 12.4182 12.1774 10.6645 8.56618 13.1168 12.4195 10.0926 8.46569
threshold=387.50000000000006 1.0000000180025095e-35 3.5000000000000013 -1.0000000180025095e-35 -0.15000000000000033 -0.29999999999999799 -0.39999999999999986 28.950000000000003 0.7210268013660811 80.500000000000014 33.400000000000013 5.5999999999999996 70.500000000000014 0.79904096188274243 29.950000000000003 31.650000000000002 88.069047619047623 25.908879916252651 31.150000000000002 -0.26037633224328088 1.9000000000000015 -0.65234524191686594 1.0000000180025095e-35 -0.10000000000000096 82.500000000000014 -0.29999999999999799 -0.15000000000000033 2263.5000000000005 422.50000000000006 3.5999999999999992
decision_type=2 2 2 2 2 2 2 2 2 2 2 2 2 2 2 2 2 2 2 2 2 2 2 2 2 2 2 2 2 2
left_child=2 3 9 25 8 -3 -5 22 29 11 15 12 13 -1 -14 16 -11 -17 -9 21 -21 -13 24 -8 -7 -2 28 -28 -27 -4
right_child=1 5 4 6 -6 7 23 18 -10 10 -12 19 14 -15 -16 17 -18 -19 -20 20 -22 -23 -24 -25 -26 26 27 -29 -30 -31
leaf_value=0.0013419500452010696 -7.0222653040544959e-05 -4.8625142879287965e-06 -9.473192451739636e-06 -4.8641573585930082e-06 -4.8625142879287965e-06 -4.8625142879287965e-06 -4.8625142879287965e-06 -4.8622092648371849e-06 0.0015712145929887159 0.00014097291823902109 0.030181476568534687 -0.0005840797126996514 -0.00044789733602311715 -0.0022590767510549505 0.0089139368953623684 -0.00019223709819540913 -6.5502349483377361e-05 -0.0032118140065951054 -4.8565855772667162e-06 -0.0020688397936225881 0.0043717525956936216 -0.0058344498583841574 -4.8625142879287965e-06 -4.8625142879287965e-06 -4.8625142879287965e-06 -0.00023717309041662972 -4.3585106029062151e-06 4.0867656884892721e-06 -0.00032672377884319009 -4.8625142879287965e-06
leaf_weight=12590 5827 3481 349 2103 2094 5381 2931 412 342 76742 387 599 34633 1617 1202 2055 40283 742 465 877 360 561 2619 3691 9755 335 1305 526 442 749
leaf_count=12590 5827 3481 349 2103 2094 5381 2931 412 342 76742 387 599 34633 1617 1202 2055 40283 742 465 877 360 561 2619 3691 9755 335 1305 526 442 749
internal_value=-0.00158322 -0.00741979 -0.00028215 -0.00365538 -0.0094116 -0.0103407 -0.00589102 -0.0109853 -0.00345593 -9.52221e-05 0.000136137 -0.000625572 -0.000452011 0.00102724 -0.00103848 0.000103903 0.000175474 -0.00288956 -0.00480068 -0.00424729 -0.00180533 -0.00684755 -0.0112905 -0.00719311 -0.0116219 -0.00134246 -0.00277118 -0.00138373 -0.0060347 -0.00578708
internal_weight=215455 39273 176182 17160 3534 22113 8725 18632 1440 172648 120209 52439 50042 14207 35835 119822 117025 2797 877 2397 1237 1160 17755 6622 15136 8435 2608 1831 777 1098
internal_count=215455 39273 176182 17160 3534 22113 8725 18632 1440 172648 120209 52439 50042 14207 35835 119822 117025 2797 877 2397 1237 1160 17755 6622 15136 8435 2608 1831 777 1098
is_linear=0
shrinkage=0.03


Tree=248
num_leaves=31
num_cat=0
split_feature=27 12 4 8 8 89 12 18 95 84 95 103 94 2 89 10 94 2 95 103 102 87 30 102 32 24 103 12 0 90
split_gain=1831.2 838.492 341.207 207.907 104.944 41.8042 29.6289 21.7091 19.2267 18.7656 40.4216 26.9434 25.5993 20.5965 30.9194 19.7839 18.5896 27.5832 42.3864 21.6236 19.6737 34.5826 29.9738 17.0776 16.5955 16.4062 10.8742 7.88354 8.90072 8.9305
threshold=387.50000000000006 -1.0000000180025095e-35 3.5000000000000013 0.75000000000000011 0.10000000000000099 28.950000000000003 0.15000000000000038 1.0000000180025095e-35 31.350000000000005 -0.99999999999999722 24.150000000000002 68.500000000000014 77.500000000000014 22.550000000000004 19.850000000000005 -0.54999999999999971 63.500000000000007 20.750000000000004 18.850000000000005 76.500000000000014 79.938888888888911 -0.25000000000000017 0.93301270189221952 83.084722222222226 0.7210268013660811 2.5305309200719868 81.500000000000014 -0.19999999999999971 25.050000000000004 0.49999999999999872
decision_type=2 2 2 2 2 2 2 2 2 2 2 2 2 2 2 2 2 2 2 2 2 2 2 2 2 2 2 2 2 2
left_child=2 27 7 24 -3 6 23 16 -7 13 11 -11 -12 14 -9 -15 17 18 -1 -19 22 -22 -18 -6 25 -4 -8 -2 29 -29
right_child=1 4 3 -5 5 8 26 9 -10 10 12 -13 -14 15 -16 -17 20 19 -20 -21 21 -23 -24 -25 -26 -27 -28 28 -30 -31
leaf_value=0.0027583882304335703 -0.00021424822698781383 -4.5089913298942912e-06 -0.0010370406306143731 -4.7166388592909324e-06 -4.7166388592909324e-06 -4.7170322833019683e-06 -4.7166388592909324e-06 -0.00057170886954675706 -4.7757172808190841e-06 0.0013990650374793212 0.0040698577394199702 -0.00056491370778401077 0.0001077587138215432 0.0062084194024808383 0.0025839220530128985 -0.00088014210959244329 -1.9599996353381594e-05 0.0058715039843665259 -0.0034312428033097331 0.00026253511634064431 0.0014693075916312702 1.1041382914069975e-05 -0.0012463547187561792 -4.7166388592909324e-06 0.0018339708644342391 5.6525468289124314e-05 -4.7166388592909324e-06 -7.5458634316426419e-05 2.0220479828135483e-05 1.7797194366301994e-06
leaf_weight=1761 4716 2161 436 2355 6754 622 4592 8432 559 1999 822 13820 19793 425 1700 14971 48761 925 993 516 12744 41892 3165 3169 337 452 10528 365 1458 4412
leaf_count=1761 4716 2161 436 2355 6754 622 4592 8432 559 1999 822 13820 19793 425 1700 14971 48761 925 993 516 12744 41892 3165 3169 337 452 10528 365 1458 4412
internal_value=-0.00156479 -0.00741744 -0.000258905 -0.00942474 -0.0101379 -0.0106616 -0.0109218 -6.88687e-05 -0.00513959 -0.000518535 -8.1515e-05 -0.00122219 0.000793801 -0.00114223 -9.17793e-05 -0.00183347 0.000182696 0.00214133 0.000381125 0.00550277 0.000105571 0.000502956 -0.000312554 -0.0096448 0.000599511 -0.00155231 -0.0117591 -0.000365687 0.000334349 -0.000291963
internal_weight=215635 39336 176299 3580 28385 26224 25043 172719 1181 61962 36434 15819 20615 25528 10132 15396 110757 4195 2754 1441 106562 54636 51926 9923 1225 888 15120 10951 6235 4777
internal_count=215635 39336 176299 3580 28385 26224 25043 172719 1181 61962 36434 15819 20615 25528 10132 15396 110757 4195 2754 1441 106562 54636 51926 9923 1225 888 15120 10951 6235 4777
is_linear=0
shrinkage=0.03


Tree=249
num_leaves=31
num_cat=0
split_feature=27 12 4 8 8 11 3 96 102 100 102 4 87 29 92 29 102 103 33 93 107 83 4 5 22 11 8 8 2 12
split_gain=1821.78 830.711 341.378 199.185 104.356 61.9498 41.572 32.1683 28.1979 23.5283 48.9278 32.2268 26.9949 25.4441 22.7682 22.36 49.5769 23.3415 20.6247 14.5392 18.8276 11.7299 11.4111 10.5958 11.0006 7.96651 26.8551 14.3367 18.0627 18.7465
threshold=387.50000000000006 -1.0000000180025095e-35 3.5000000000000013 0.75000000000000011 0.10000000000000099 -1.0000000180025095e-35 28.950000000000003 30.150000000000002 79.634722222222237 0.29999999999999988 83.318488857938732 0.4000000000000013 -0.11249999999999995 56.500000000000007 26.695842257203221 6.5000000000000009 81.5763888888889 80.500000000000014 0.51849435583340198 87.026388888888903 3.2000000000000006 -0.39999999999999897 1.3 385.50000000000006 1903.9500000000003 -0.15000000000000033 0.15000000000000038 1.0000000180025095e-35 21.550000000000004 -0.34999999999999959
decision_type=2 2 2 2 2 2 2 2 2 2 2 2 2 2 2 2 2 2 2 2 2 2 2 2 2 2 2 2 2 2
left_child=2 25 9 19 21 22 8 -8 -7 10 11 12 -1 -12 15 16 -11 -17 -13 20 -4 -3 -6 24 -23 26 -2 -27 -29 -30
right_child=1 4 3 -5 5 6 7 -9 -10 14 13 18 -14 -15 -16 17 -18 -19 -20 -21 -22 23 -24 -25 -26 27 -28 28 29 -31
leaf_value=0.00024456247964412149 -0.00024758372959488164 -7.0358917494814394e-06 4.8922078072018167e-05 -4.5751396935122054e-06 -4.2742575014944561e-06 -4.5751396935122054e-06 -4.5753859694629269e-06 -5.4389788876303044e-05 -4.5751396935122054e-06 -0.00015803061549099495 0.022051105628746313 0.0038776175371161106 -0.004813204272753939 0.00097929474601522563 0.019386044790567807 -0.0002262170136334922 -0.0040406721895035417 2.0062838641139727e-05 -0.00023402744214914807 0.00080219294324634753 -0.0027648007159790434 -5.451537449870197e-05 -1.8510549949403516e-06 -4.2024173002510041e-06 1.5753756490450506e-06 -0.00020278657246186827 -0.00041614262006950343 -1.6165722782463345e-05 -0.00023579397909563967 3.4097172123388658e-05
leaf_weight=419 3056 584 389 2362 749 11209 551 597 12681 2121 460 378 306 310 306 50120 740 116885 389 377 476 361 476 762 438 2698 498 2221 328 2196
leaf_count=419 3056 584 389 2362 749 11209 551 597 12681 2121 460 378 306 310 306 50120 740 116885 389 377 476 361 476 762 438 2698 498 2221 328 2196
internal_value=-0.00160531 -0.00743605 -0.000300104 -0.00943689 -0.0101461 -0.0106657 -0.0109881 -0.0054047 -0.0112561 -0.000109085 0.00292974 -0.000241125 -0.00477273 0.00906615 -0.000149495 -0.000164246 -0.0027935 -0.000119187 0.00404297 0.000289622 -0.00185335 -0.00378145 -0.00407423 -0.00513764 -0.00271875 -0.000435079 -0.00160338 0.000122918 0.00111568 0.00285149
internal_weight=215443 39405 176038 3604 28408 26263 25038 1148 23890 172434 2262 1492 725 770 170172 169866 2861 167005 767 1242 865 2145 1225 1561 799 10997 3554 7443 4745 2524
internal_count=215443 39405 176038 3604 28408 26263 25038 1148 23890 172434 2262 1492 725 770 170172 169866 2861 167005 767 1242 865 2145 1225 1561 799 10997 3554 7443 4745 2524
is_linear=0
shrinkage=0.03


Tree=250
num_leaves=31
num_cat=0
split_feature=27 12 5 8 8 4 89 96 12 99 29 95 100 32 32 24 107 79 2 104 32 99 2 33 108 83 5 20 23 12
split_gain=1809.29 844.748 345.044 121.639 97.6063 69.8446 44.5721 29.8731 27.5608 21.1443 108.258 48.6312 52.7297 65.5755 54.0706 46.3483 59.1199 37.9459 83.0012 38.3583 35.4039 22.9601 22.2044 16.8503 10.9274 10.6841 9.78795 8.75652 8.13237 7.72525
threshold=387.50000000000006 -1.0000000180025095e-35 399.50000000000006 0.70000000000000073 0.10000000000000099 3.5000000000000013 28.950000000000003 30.150000000000002 0.15000000000000038 18.650000000000002 56.500000000000007 20.050000000000004 0.70000000000000207 -0.30983472475487867 -0.43733984355855576 1.6886731402092041 -0.49999999999999906 1.0000000180025095e-35 19.950000000000003 10.923714738371187 0.75580964594513067 18.050000000000004 18.250000000000004 0.87291090774974645 2.1500000000000008 -0.39999999999999897 385.50000000000006 78.567647058823539 19.640002859645481 -0.19999999999999971
decision_type=2 2 2 2 2 2 2 2 2 2 2 2 2 2 2 2 2 2 2 2 2 2 2 2 2 2 2 2 2 2
left_child=2 29 9 27 25 -5 8 -8 24 11 15 12 13 -1 -14 16 -11 19 -19 -12 -17 22 -13 -23 -6 -3 28 -4 -27 -2
right_child=1 4 3 5 6 -7 7 -9 -10 10 17 21 14 -15 -16 20 -18 18 -20 -21 -22 23 -24 -25 -26 26 -28 -29 -30 -31
leaf_value=0.0075672535489970339 -0.00019730814029630272 -1.4551519257742671e-05 -0.00086387232490955956 -8.5931457490624778e-06 -4.4378855027068393e-06 -4.4378855027068393e-06 -4.4381338647287456e-06 -5.4325243169693304e-05 -4.4378855027068393e-06 0.029849504895322239 0.0061677305267074257 -0.0055967129718411841 -0.0049940042852754428 -0.0011113725751439609 0.00029730514413451112 0.0027658045515104005 -0.0014709226405087122 -0.0042714827624722989 -0.00018719013682843953 2.5807916399275286e-05 0.011463100357924281 -0.0016016987990495547 -0.00053856420897260566 0.0020256056190997396 -4.4378855027068393e-06 -5.3311792935736838e-05 -4.1540486678150481e-06 2.4405968989028872e-05 1.3538577653093721e-06 5.9661760201755819e-06
leaf_weight=633 4725 560 301 502 8043 2249 564 630 15110 307 692 748 759 8618 22240 5410 1728 1415 32297 94934 1077 933 324 311 1994 374 758 769 411 6211
leaf_count=633 4725 560 301 502 8043 2249 564 630 15110 307 692 748 759 8618 22240 5410 1728 1415 32297 94934 1077 933 324 311 1994 374 758 769 411 6211
internal_value=-0.00155525 -0.00736878 -0.000256258 -0.0091719 -0.0100932 -0.0125091 -0.0105897 -0.0049205 -0.0108587 -5.86335e-05 0.000107717 -0.000722076 -0.000420452 -0.00233301 0.000348913 0.00338261 -0.000567289 -0.000108088 -0.000973512 0.000197015 0.00462161 -0.00492016 -0.00813607 -0.00214458 -0.00963688 -0.0038712 -0.00515868 -0.000588235 -0.00280534 -0.000282527
internal_weight=215627 39380 176247 3821 28444 2751 26341 1194 25147 172426 137860 34566 32250 9251 22999 8522 2035 129338 33712 95626 6487 2316 1072 1244 10037 2103 1543 1070 785 10936
internal_count=215627 39380 176247 3821 28444 2751 26341 1194 25147 172426 137860 34566 32250 9251 22999 8522 2035 129338 33712 95626 6487 2316 1072 1244 10037 2103 1543 1070 785 10936
is_linear=0
shrinkage=0.03


Tree=251
num_leaves=31
num_cat=0
split_feature=34 12 4 8 12 26 5 26 5 15 89 33 33 94 99 3 32 101 97 33 33 96 102 85 107 8 0 11 5 33
split_gain=1107.62 860.286 345.059 191.964 100.239 99.0476 86.4162 67.6161 52.9994 44.9202 31.6229 26.6392 47.474 42.5797 41.5978 40.3983 66.0744 72.9808 40.6574 37.6529 79.813 40.9373 28.5095 24.5369 35.1955 24.1452 23.3143 21.6309 19.1845 18.1384
threshold=1.0000000180025095e-35 1.0000000180025095e-35 3.5000000000000013 0.75000000000000011 -1.0000000180025095e-35 27.500000000000004 379.50000000000006 22.500000000000004 381.50000000000006 0.065072753721002422 28.950000000000003 -0.97111920233974802 -0.99465740988130902 83.500000000000014 29.850000000000005 28.150000000000002 0.42179998225932674 -0.0052777777777777753 27.350000000000005 -0.54219087765047058 -0.62587551141915865 30.250000000000004 76.415277777777803 -2.3999999999999995 2.2999999999999985 0.10000000000000099 28.450000000000003 -1.0000000180025095e-35 1.0000000180025095e-35 -0.35042475891464198
decision_type=2 2 2 2 2 2 2 2 2 2 2 2 2 2 2 2 2 2 2 2 2 2 2 2 2 2 2 2 2 2
left_child=2 4 11 -4 -2 6 9 8 29 -3 27 12 23 22 -15 19 17 -17 -18 20 -13 -21 -14 26 -25 -9 -1 -7 -11 -6
right_child=1 5 3 -5 7 10 -8 25 -10 28 -12 15 13 14 -16 16 18 -19 -20 21 -22 -23 -24 24 -26 -27 -28 -29 -30 -31
leaf_value=-0.00032049244319667659 -8.2547450799290279e-06 -4.3047489376256334e-06 9.4876499222586949e-06 -4.3047489376256334e-06 6.8797524020737242e-05 -4.2932791295089779e-06 -4.3047489376256334e-06 -9.7339315939209389e-06 -4.3025916666177006e-06 -4.3047489376256334e-06 -4.3051147301765025e-06 -0.00012873512015400723 -0.00014519939923565706 -0.00069380700444027124 0.016393255543523815 -0.00069424876873759307 0.006412393664069399 0.0021155532106947603 -0.0015615295194651483 1.4171804726402226e-05 -0.0018963586889150206 -0.0036581219129932724 -0.0042150903671113122 -0.0009634929112782558 0.0047107766729797109 -4.3047489376256334e-06 0.0081737427394492964 -4.3047489376256334e-06 -4.3047489376256334e-06 -4.3354937591152263e-06
leaf_weight=637 17618 2473 1142 2298 1184 402 4251 1340 1007 1072 651 18161 473 4272 358 4221 359 15115 3478 102663 3853 346 1489 2419 461 3377 1369 13927 3137 1996
leaf_count=637 17618 2473 1142 2298 1184 402 4251 1340 1007 1072 651 18161 473 4272 358 4221 359 15115 3478 102663 3853 346 1489 2419 461 3377 1369 13927 3137 1996
internal_value=-0.00155846 -0.00535138 -0.000339147 -0.00973845 -0.00155299 -0.00923883 -0.00706649 -0.00414711 -0.00137178 -0.0049379 -0.0108237 -0.00013659 -0.00152888 -0.00318975 -0.00161952 -2.87455e-05 0.00112173 0.00183534 -0.00247394 -0.000241994 -0.00136816 -1.31055e-06 -0.00689251 0.000712093 -0.00106213 -0.00660979 0.00325859 -0.0111176 -0.00682304 0.000528136
internal_weight=215549 52435 163114 3440 26522 25913 10933 8904 4187 6682 14980 159674 11478 6592 4630 148196 23173 19336 3837 125023 22014 103009 1962 4886 2880 4717 2006 14329 4209 3180
internal_count=215549 52435 163114 3440 26522 25913 10933 8904 4187 6682 14980 159674 11478 6592 4630 148196 23173 19336 3837 125023 22014 103009 1962 4886 2880 4717 2006 14329 4209 3180
is_linear=0
shrinkage=0.03


Tree=252
num_leaves=31
num_cat=0
split_feature=27 12 4 8 8 89 12 2 33 102 104 89 99 33 102 104 0 95 98 104 102 2 95 5 102 5 96 21 12 8
split_gain=1771.53 826.08 345.131 200.938 112.523 62.9141 34.1157 26.2375 24.1169 41.2175 48.1716 70.57 51.458 37.6508 87.5926 59.6337 29.5606 41.0018 22.4232 21.5688 18.0451 11.589 11.2195 15.1846 9.82367 7.71152 12.1405 6.72585 6.51684 19.4797
threshold=387.50000000000006 -1.0000000180025095e-35 3.5000000000000013 0.75000000000000011 0.10000000000000099 28.950000000000003 0.15000000000000038 29.850000000000005 -0.97111920233974802 74.931944444444454 25.845003730624029 29.250000000000004 28.350000000000005 -0.91595872546125101 94.584722222222226 26.384366580035195 29.750000000000004 31.250000000000004 -1.7999999999999978 24.386691288273127 83.084722222222226 30.150000000000002 29.650000000000002 453.50000000000006 78.91987179487181 385.50000000000006 26.150000000000002 1.0078785685968124 -0.34999999999999959 0.15000000000000038
decision_type=2 2 2 2 2 2 2 2 2 2 2 2 2 2 2 2 2 2 2 2 2 2 2 2 2 2 2 2 2 2
left_child=2 28 8 22 25 6 20 -7 9 19 11 -11 -12 14 15 -10 17 -15 -18 -1 -6 -9 23 -4 -8 26 -3 -27 29 -2
right_child=1 4 3 -5 5 7 24 21 13 10 12 -13 -14 16 -16 -17 18 -19 -20 -21 -22 -23 -24 -25 -26 27 -28 -29 -30 -31
leaf_value=5.2257806680481634e-05 -0.00041711705353392593 -4.8462630305490253e-05 0.041813370123766957 -4.1756064694968652e-06 -4.1756064694968652e-06 -4.1759612882712069e-06 -4.1756064694968652e-06 1.0184502059991312e-06 0.001936002861350981 -0.00036864458483668261 0.019260217559281673 -0.0044864346199088882 -9.2057215352002984e-05 -4.280995717253676e-06 -0.0041509434528550423 -0.0017435239611351091 0.0010969008492993577 -0.0008400734146396915 0.027445863841834558 0.013554615984792155 -4.1756064694968652e-06 -0.00012993820833600184 -0.00019458971414131466 -9.1859998137591675e-06 -4.1756064694968652e-06 -3.8296081702983372e-06 2.5602619926236348e-06 -2.6469770841499969e-06 1.8915837456198289e-06 -0.00049523986746216869
leaf_weight=374 2188 764 332 2368 6729 369 6488 385 7745 6051 689 1479 3322 144814 387 904 1309 4495 523 392 3164 432 398 488 8584 765 322 303 8336 435
leaf_count=374 2188 764 332 2368 6729 369 6488 385 7745 6051 689 1479 3322 144814 387 904 1309 4495 523 392 3164 432 398 488 8584 765 322 303 8336 435
internal_value=-0.00153375 -0.00729581 -0.000248763 -0.00945916 -0.0100034 -0.0105462 -0.010867 -0.00379107 -5.72224e-05 -0.00133694 -0.00178435 -0.00319878 0.000871137 4.11105e-05 0.0019221 0.0025474 -7.13567e-05 -0.000117842 0.00371522 0.00539765 -0.00949515 -0.000788509 0.000442986 0.00244823 -0.0117667 -0.00341067 -0.00162833 -0.00521983 -0.000302464 -0.00160633
internal_weight=215334 39264 176070 3586 28305 26151 24965 1186 172484 12307 11541 7530 4011 160177 9036 8649 151141 149309 1832 766 9893 817 1218 820 15072 2154 1086 1068 10959 2623
internal_count=215334 39264 176070 3586 28305 26151 24965 1186 172484 12307 11541 7530 4011 160177 9036 8649 151141 149309 1832 766 9893 817 1218 820 15072 2154 1086 1068 10959 2623
is_linear=0
shrinkage=0.03


Tree=253
num_leaves=31
num_cat=0
split_feature=25 12 8 4 25 26 12 11 8 98 25 102 89 8 84 20 56 29 26 102 25 95 11 8 8 83 12 26 20 95
split_gain=1535.71 506.198 320.933 209.512 81.2976 263.183 207.951 70.4184 48.2969 36.8237 35.8192 37.4086 35.1509 36.4777 28.8955 24.2859 48.4652 33.6888 23.6029 22.6375 19.7403 15.0447 14.194 24.9364 18.7337 30.0693 15.5229 12.9638 9.84018 7.23019
threshold=6.5000000000000009 -1.0000000180025095e-35 0.84999999999999976 3.5000000000000013 5.5000000000000009 27.500000000000004 -1.0000000180025095e-35 -1.0000000180025095e-35 0.10000000000000099 -5.2499999999999991 5.5000000000000009 70.843055555555566 28.950000000000003 0.10000000000000099 -0.40000000000000119 93.017261904761924 1.7850000000000004 224.50000000000003 27.500000000000004 79.634722222222237 2.5000000000000004 31.450000000000003 -0.15000000000000033 1.0000000180025095e-35 1.0000000180025095e-35 -0.74999999999999989 -0.20000000000000193 22.500000000000004 66.45080645161292 20.750000000000004
decision_type=2 2 2 2 2 2 2 2 2 2 2 2 2 2 2 2 2 2 2 2 2 2 2 2 2 2 2 2 2 2
left_child=2 22 4 10 9 14 -7 -3 -8 -1 11 -4 13 29 28 16 -11 -17 -12 -15 -13 -14 23 -2 -24 -26 -27 -16 -6 -9
right_child=1 7 3 -5 5 6 8 12 -10 15 18 20 21 19 27 17 -18 -19 -20 -21 -22 -23 24 -25 25 26 -28 -29 -30 -31
leaf_value=0.0064507645945843769 9.308382250485504e-05 -3.6761115570002856e-06 -0.0011281821775146997 -4.0503382754119587e-06 0.0010995725196018377 -1.6350765181112998e-05 -2.0269632304234533e-05 -3.000771093409854e-06 -4.0503382754119587e-06 -3.6237588727187307e-05 -2.0621024401073543e-05 -0.0001012363098214658 -4.0506742895587735e-06 -4.0503382754119587e-06 0.00010491354415889407 -0.00012278247788932188 0.017218756797069894 -0.0012805643058663306 -4.0503382754119587e-06 -4.0503382754119587e-06 0.00013518967134841102 9.8927612482840927e-06 -0.00026950716009529064 -0.00044842821834583236 -0.00017131089656261745 -6.2391624910858987e-05 2.8882360185758757e-05 -2.6741001920664915e-06 -5.0466128673299213e-06 -3.6105562351864603e-06
leaf_weight=317 1160 1070 309 2271 999 5124 1005 358 6265 144626 480 841 479 8486 3120 9695 603 3092 635 9394 1581 321 1207 716 573 355 1693 639 7881 505
leaf_count=317 1160 1070 309 2271 999 5124 1005 358 6265 144626 480 841 479 8486 3120 9695 603 3092 635 9394 1581 321 1207 716 573 355 1693 639 7881 505
internal_value=-0.00157117 -0.00836177 -0.000627995 -0.00738722 -0.000402472 -0.00199109 -0.00509722 -0.0105504 -0.00835924 -0.000151294 -0.00311931 -0.0012683 -0.0109607 -0.0112236 0.00105498 -0.000171817 -6.14542e-05 -0.00142516 -0.00764785 -0.0115145 -1.23813e-05 -0.00479401 -0.000452235 -0.00258924 0.000595456 0.00201945 0.00371889 0.00325931 0.000121608 -0.00519097
internal_weight=215800 26317 189483 6117 183366 25033 12394 20613 7270 158333 3846 2731 19543 18743 12639 158016 145229 12787 1115 17880 2422 800 5704 1876 3828 2621 2048 3759 8880 863
internal_count=215800 26317 189483 6117 183366 25033 12394 20613 7270 158333 3846 2731 19543 18743 12639 158016 145229 12787 1115 17880 2422 800 5704 1876 3828 2621 2048 3759 8880 863
is_linear=0
shrinkage=0.03


Tree=254
num_leaves=31
num_cat=0
split_feature=27 12 4 8 8 11 89 102 2 98 92 12 8 96 2 94 91 5 83 96 12 32 32 11 8 88 92 8 29 104
split_gain=1810.52 821.565 336.861 197.764 117.068 63.4994 61.3073 26.9797 25.7488 21.7175 21.7438 21.8721 45.8993 35.6492 13.973 13.8108 11.4967 10.5095 14.0098 10.5969 7.42408 8.53738 10.6919 8.23303 15.4871 15.9526 13.6467 13.4214 6.3997 11.2206
threshold=387.50000000000006 -1.0000000180025095e-35 3.5000000000000013 0.79999999999999816 0.10000000000000099 -1.0000000180025095e-35 28.950000000000003 79.634722222222237 29.850000000000005 -5.2499999999999991 26.695842257203221 -0.10000000000000096 0.2999999999999981 25.350000000000005 23.050000000000004 92.500000000000014 0.24392233246665737 385.50000000000006 -0.34999999999999959 26.450000000000003 -0.19999999999999971 0.54219432480460406 0.93544191479114935 -0.15000000000000033 1.0000000180025095e-35 20.050000000000004 16.678008487744432 0.1000000000000001 312.50000000000006 14.191989762055238
decision_type=2 2 2 2 2 2 2 2 2 2 2 2 2 2 2 2 2 2 2 2 2 2 2 2 2 2 2 2 2 2
left_child=2 20 9 14 17 16 7 -7 -8 -1 11 12 -11 -13 -4 -16 -6 19 -19 -3 21 28 -23 27 26 -26 -25 -22 -2 -30
right_child=1 4 3 -5 5 6 8 -9 -10 10 -12 13 -14 -15 15 -17 -18 18 -20 -21 23 22 -24 24 25 -27 -28 -29 29 -31
leaf_value=0.0056527663094095969 -0.00031960747223999301 -4.793343301460682e-05 0.0016234664236286181 -3.9288281271496e-06 -3.5582033401905527e-06 -3.9288281271496e-06 -3.9290374028025611e-06 -3.9288281271496e-06 -4.0674069511585499e-06 -0.00016734372563658465 0.017500041113115768 -5.5721973023637111e-05 -0.00055154753807999972 0.00012087279944689959 2.3088380222972918e-05 -0.00088722154897912214 -2.6197966474148946e-06 -3.9570095937482411e-07 -3.5933580465710851e-06 3.1562916983091636e-06 0.00016736040522138796 0.0012733089109505458 -0.00058489405718948099 0.00070294129774035798 -2.6311339800553355e-06 2.5768796882472798e-05 -0.00025803505885933819 -0.00029781788902635473 -0.00072091565916837345 0.0011424628349379544
leaf_weight=388 2277 751 324 2343 642 11359 358 12786 772 72869 319 52626 2958 43256 516 415 574 320 750 307 580 926 372 932 1549 1871 931 308 469 665
leaf_count=388 2277 751 324 2343 642 11359 358 12786 772 72869 319 52626 2958 43256 516 415 574 320 750 307 580 926 372 932 1549 1871 931 308 469 665
internal_value=-0.00155468 -0.00735911 -0.000252081 -0.00933593 -0.0100267 -0.0105705 -0.0108927 -0.0112124 -0.00405836 -6.24648e-05 -7.84751e-05 -9.30348e-05 -0.00047377 0.000208066 0.000274682 -0.00159335 -0.00387017 -0.00325505 -0.00535014 -0.00113314 -0.00034188 -0.00123885 0.000831409 0.000342677 0.000792014 0.00199065 -0.00140826 -0.00232846 -0.00202667 -0.000185022
internal_weight=215513 39499 176014 3598 28619 26491 25275 24145 1130 172416 172028 171709 75827 95882 1255 931 1216 2128 1070 1058 10880 4709 1298 6171 5283 3420 1863 888 3411 1134
internal_count=215513 39499 176014 3598 28619 26491 25275 24145 1130 172416 172028 171709 75827 95882 1255 931 1216 2128 1070 1058 10880 4709 1298 6171 5283 3420 1863 888 3411 1134
is_linear=0
shrinkage=0.03


Tree=255
num_leaves=31
num_cat=0
split_feature=27 8 4 8 11 15 2 8 15 8 3 11 97 96 96 109 99 108 109 93 33 100 18 93 20 2 4 84 99 20
split_gain=1777.91 539.364 338.408 195.841 86.9639 55.9263 51.6222 38.4837 87.1404 35.2225 28.824 28.554 21.1882 33.3255 28.1393 28.056 34.9936 28.6069 27.0462 34.1773 32.0867 20.4679 17.8528 13.6091 15.633 13.0848 11.0567 10.8221 8.00977 8.19912
threshold=387.50000000000006 0.15000000000000038 3.5000000000000013 0.84999999999999976 -1.0000000180025095e-35 0.050839112744180369 29.850000000000005 0.20000000000000198 0.093637701655591085 0.10000000000000099 28.950000000000003 -0.15000000000000033 9.5000000000000018 11.850000000000003 10.65 3.2000000000000006 11.550000000000002 -3.4999999999999987 2.1500000000000008 72.834722222222226 0.90070004940655357 0.95000000000000118 1.0000000180025095e-35 87.768055555555563 85.71702898550727 20.550000000000004 4.4500000000000002 -0.84999999999999953 17.150000000000002 88.70365853658538
decision_type=2 2 2 2 2 2 2 2 2 2 2 2 2 2 2 2 2 2 2 2 2 2 2 2 2 2 2 2 2 2
left_child=2 5 12 23 11 9 7 8 -6 28 -8 -3 18 14 -14 16 -15 -17 19 21 -21 -1 -9 24 26 -13 -4 -11 -2 -30
right_child=1 4 3 -5 6 -7 10 22 -10 27 -12 25 13 15 -16 17 -18 -19 -20 20 -22 -23 -24 -25 -26 -27 -28 -29 29 -31
leaf_value=0.0015310904335679178 4.7908366989588711e-05 -0.00030440604140819996 0.00010992866181015603 -3.810963283335112e-06 -3.810963283335112e-06 -3.8453121999276529e-06 -3.810963283335112e-06 -3.810963283335112e-06 4.4684782420745856e-06 -3.6784986521591306e-06 -2.4962312565234022e-06 -3.3537958140283615e-06 0.0011969327833832601 0.0046789053558739004 -0.0042082503335051924 -6.412224986822246e-05 -2.9583910769133137e-05 0.013159719390935984 -0.0026874910312096856 0.0013937723318693468 -0.0020217707976059882 0.0108920690332821 -3.810963283335112e-06 0.00055511021290461965 -0.0017527374339351993 4.721239136506825e-06 -1.5005838799418999e-06 -3.8245502962778081e-06 -2.6241835961858586e-05 -1.8637426423237639e-06
leaf_weight=344 312 696 306 2282 3943 8639 558 15946 414 388 710 431 387 306 630 894 164185 942 420 3526 776 429 3029 301 331 727 384 1326 1655 583
leaf_count=344 312 696 306 2282 3943 8639 558 15946 414 388 710 431 387 306 630 894 164185 942 420 3526 776 429 3029 301 331 727 384 1326 1655 583
internal_value=-0.00155921 -0.00732469 -0.000273146 -0.00937032 -0.00977736 -0.0022958 -0.0102496 -0.01057 -0.00802318 -0.00510668 -0.00434988 -0.00350943 -8.34008e-05 -0.000143596 -0.00555501 -0.000110474 -0.000151649 0.00357648 0.00174945 0.0023552 0.00131071 0.00815891 -0.0111544 -0.000181406 -0.00183464 -0.000621225 0.000738061 -0.00843149 -0.00286946 -0.0034971
internal_weight=215800 39357 176443 3604 26454 12903 24600 23332 4357 4264 1268 1854 172839 167344 1017 166327 164491 1836 5495 5075 4302 773 18975 1322 1021 1158 690 1714 2550 2238
internal_count=215800 39357 176443 3604 26454 12903 24600 23332 4357 4264 1268 1854 172839 167344 1017 166327 164491 1836 5495 5075 4302 773 18975 1322 1021 1158 690 1714 2550 2238
is_linear=0
shrinkage=0.03


Tree=256
num_leaves=31
num_cat=0
split_feature=27 12 4 12 109 89 11 11 102 90 10 4 2 98 100 29 33 30 102 83 102 98 91 12 11 22 102 33 10 109
split_gain=1772.57 804.983 334.121 98.8396 92.1203 52.2745 34.9383 27.601 24.527 29.0498 19.4323 19.2839 27.2531 30.2775 27.1282 26.7369 25.9802 25.9251 15.3347 13.7153 13.2458 10.4457 7.52405 6.55479 7.44056 8.2953 6.68095 7.2136 8.29013 6.14078
threshold=387.50000000000006 -1.0000000180025095e-35 3.5000000000000013 0.09999999999999877 -0.15000000000000033 28.950000000000003 -1.0000000180025095e-35 -1.0000000180025095e-35 79.453415915915926 3.8999999999999995 -0.54999999999999971 1.4000000000000015 30.650000000000002 -2.5000000000000004 2.3000000000000029 287.50000000000006 -0.99983123799342477 -0.24999999999999994 79.634722222222237 -0.40000000000000119 79.093055555555566 -1.6500000000000001 0.2176347915225276 -0.19999999999999971 1.0000000180025095e-35 1496.8500000000001 62.927777777777784 -0.90892157495189674 -0.19999999999999971 0.20000000000000198
decision_type=2 2 2 2 2 2 2 2 2 2 2 2 2 2 2 2 2 2 2 2 2 2 2 2 2 2 2 2 2 2
left_child=2 23 10 6 8 7 22 -5 -4 -10 -1 12 16 -14 17 -16 -12 -13 -9 -8 -21 -7 -3 26 -25 -26 -2 -28 -29 -6
right_child=1 3 4 5 29 21 19 18 9 -11 11 14 13 -15 15 -17 -18 -19 -20 20 -22 -23 -24 24 25 -27 27 28 -30 -31
leaf_value=0.0065139144092154983 -0.00071179286731815929 -3.3584682356637098e-06 -7.7642297222207996e-06 -3.940322254125276e-06 -3.6986627236171535e-06 -3.6887752367189299e-06 -3.6592538481290041e-06 -3.696634384835059e-06 -3.3842302683463409e-05 0.042179389297746776 0.013090466680459151 -0.00026204855356568057 -0.0018542967090523538 0.018344084737529451 -0.00027546049760375578 -0.0053462767991327344 -7.8139858999659579e-06 6.4945598427328303e-05 -3.696634384835059e-06 -3.696634384835059e-06 -3.7101847395036711e-06 -3.6969631902129098e-06 -9.7323713528697856e-07 -2.876965849104137e-06 -1.0161087594434129e-05 2.4567092263118461e-05 -0.00038064274719919547 0.0020450966121178605 -0.00014971701007882482 -3.696634384835059e-06
leaf_weight=780 568 603 752 464 477 393 1076 8817 408 301 658 5707 331 671 1822 416 154524 7824 9846 2776 3417 439 622 5263 398 582 433 645 3021 1627
leaf_count=780 568 603 752 464 477 393 1076 8817 408 301 658 5707 331 671 1822 416 154524 7824 9846 2776 3417 439 622 5263 398 582 433 645 3021 1627
internal_value=-0.00154638 -0.00730223 -0.000261204 -0.00995871 -0.00935081 -0.0111125 -0.00724662 -0.0114327 -0.00356019 0.000443662 -7.35524e-05 -9.49963e-05 5.95448e-06 0.00493519 -0.0010948 -0.00415364 -2.59049e-05 -0.000588605 -0.0116125 -0.00803645 -0.00858008 -0.0037455 -0.0025571 -0.000373935 0.000261851 0.00266055 -0.00122429 -0.00080122 -0.000368148 -0.0133682
internal_weight=215661 39363 176298 28453 3565 19959 8494 19127 1461 709 172733 171953 156184 1002 15769 2238 155182 13531 18663 7269 6193 832 1225 10910 6243 980 4667 4099 3666 2104
internal_count=215661 39363 176298 28453 3565 19959 8494 19127 1461 709 172733 171953 156184 1002 15769 2238 155182 13531 18663 7269 6193 832 1225 10910 6243 980 4667 4099 3666 2104
is_linear=0
shrinkage=0.03


Tree=257
num_leaves=31
num_cat=0
split_feature=34 8 4 8 26 8 5 15 11 26 5 5 2 33 104 102 33 96 85 32 31 102 85 89 104 15 5 26 15 11
split_gain=1069.65 653.961 354.488 189.694 105.925 82.8725 78.7479 53.0437 41.5606 38.1504 33.881 30.919 29.4897 26.3941 45.1436 44.7162 35.263 78.4034 63.0043 57.3583 34.1101 57.4596 40.4466 31.3437 25.3804 25.2875 33.1153 24.0226 17.9788 16.017
threshold=1.0000000180025095e-35 0.20000000000000198 3.5000000000000013 0.75000000000000011 27.500000000000004 0.15000000000000038 379.50000000000006 0.092912692144752146 -1.0000000180025095e-35 27.500000000000004 1.0000000180025095e-35 383.50000000000006 29.850000000000005 -0.97111920233974802 26.935548482512704 74.931944444444454 -0.92272482904738262 26.950000000000003 -0.20000000000000015 -0.28519255817492867 -0.68301270189221952 70.843055555555566 -1.2499999999999998 29.250000000000004 24.386691288273127 0.05040538816219018 391.50000000000006 22.500000000000004 0.065419118130311774 -0.15000000000000033
decision_type=2 2 2 2 2 2 2 2 2 2 2 2 2 2 2 2 2 2 2 2 2 2 2 2 2 2 2 2 2 2
left_child=2 5 13 -4 6 25 10 9 29 11 -3 -7 -10 14 15 24 17 18 -15 -19 21 -18 -22 -17 -1 26 27 -2 -12 -6
right_child=1 4 3 -5 8 7 -8 -9 12 -11 28 -13 -14 16 -16 23 20 19 -20 -21 22 -23 -24 -25 -26 -27 -28 -29 -30 -31
leaf_value=-0.00023368525549025577 1.0236881111948248e-05 -3.5857353532900072e-06 2.5422541827969185e-05 -3.5857353532900072e-06 -0.00031763665297353916 -3.5857353532900072e-06 -3.5857353532900072e-06 3.9579389489205987e-06 -3.5857353532900072e-06 -3.5857353532900072e-06 -3.5857353532900072e-06 -3.5857353532900072e-06 -3.5857353532900072e-06 -0.0034433552266056205 0.013705128976549632 -0.00042080208491459989 -0.0028017662115856225 -0.00016992127248886195 0.003114035290462917 0.0046388219931970641 0.00021805206767442796 -0.0003131492403654768 -0.00029874612100725073 -0.0032218255517410467 0.01369797078167968 -3.0616220424001419e-06 -3.5831704718937925e-06 -3.7140464425302088e-06 -3.5857353532900072e-06 -1.7537564481974074e-06
leaf_weight=361 2749 1640 1087 2366 321 1903 3742 984 12718 2792 1670 990 711 919 316 8242 1163 2141 351 4045 90325 19645 29597 2134 385 13966 1757 2321 3654 525
leaf_count=361 2749 1640 1087 2366 321 1903 3742 984 12718 2792 1670 990 711 919 316 8242 1163 2141 351 4045 90325 19645 29597 2134 385 13966 1757 2321 3654 525
internal_value=-0.00152644 -0.00525332 -0.000327911 -0.00983642 -0.00876571 -0.00205804 -0.00650883 -0.00496777 -0.0104578 -0.00608072 -0.00462168 -0.00366448 -0.0108641 -0.000122161 -0.00151062 -0.00182864 -1.49811e-05 0.00199544 -0.0047915 0.00338936 -0.000121508 -0.00124273 7.30469e-05 -0.00233883 0.00526104 -0.0011246 -0.00262083 -0.00139026 -0.00345915 -0.00400236
internal_weight=215520 52443 163077 3453 24981 27462 10706 6669 14275 5685 6964 2893 13429 159624 11438 11122 148186 7456 1270 6186 140730 20808 119922 10376 746 20793 6827 5070 5324 846
internal_count=215520 52443 163077 3453 24981 27462 10706 6669 14275 5685 6964 2893 13429 159624 11438 11122 148186 7456 1270 6186 140730 20808 119922 10376 746 20793 6827 5070 5324 846
is_linear=0
shrinkage=0.03


Tree=258
num_leaves=31
num_cat=0
split_feature=27 12 4 12 109 89 7 39 56 18 93 10 84 83 19 3 103 4 85 103 96 12 0 4 31 97 32 32 29 4
split_gain=1730.88 798.269 340.533 98.3434 92.292 52.2264 23.0844 22.8092 28.705 21.8797 19.3319 18.7568 18.2728 17.1793 14.4385 13.7185 13.5505 12.3539 11.2248 11.0329 8.71289 7.82358 8.84419 6.74575 6.46197 6.22347 6.51752 11.2512 6.52095 6.03808
threshold=387.50000000000006 -1.0000000180025095e-35 3.5000000000000013 0.09999999999999877 -0.15000000000000033 28.950000000000003 3.5999999999999992 10.500000000000002 2.6100000000000008 1.0000000180025095e-35 87.026388888888903 -0.15000000000000033 -0.99999999999999722 -0.40000000000000119 90.870833333333351 28.550000000000004 81.500000000000014 4.9500000000000002 -3.4000000000000008 83.500000000000014 30.150000000000002 -0.19999999999999971 25.050000000000004 1.4000000000000015 -0.24999999999999994 13.850000000000003 0.54219432480460406 0.93845596220871974 312.50000000000006 4.7500000000000009
decision_type=2 2 2 2 2 2 2 2 2 2 2 2 2 2 2 2 2 2 2 2 2 2 2 2 2 2 2 2 2 2
left_child=2 21 7 13 6 16 -4 8 9 11 17 -1 -11 23 -10 19 24 -8 -18 -15 -7 25 -23 -3 -5 -2 28 -28 -27 -6
right_child=1 3 4 5 29 20 10 -9 14 12 -12 -13 -14 15 -16 -17 18 -19 -20 -21 -22 22 -24 -25 -26 26 27 -29 -30 -31
leaf_value=0.0015814068118169772 -0.00056900929987524929 -2.4346279416286708e-06 -5.057295761835451e-05 -3.478163292691307e-06 -3.478163292691307e-06 -3.4777929372378491e-06 2.2733337472572362e-05 -0.001530843407523379 0.027790513365263923 -0.00057127744532993734 0.0018004173741328457 1.1400396847893789e-05 -1.4587285140539075e-05 -3.478163292691307e-06 0.00023978270290603591 -3.4764681361675233e-06 -3.478163292691307e-06 -3.3582198189592902e-06 -3.478163292691307e-06 -3.4893691487440417e-06 -5.5911109383287943e-05 -4.2846502736328227e-06 2.2454123864254464e-05 -3.49505518187747e-06 -3.478163292691307e-06 -0.00027749796724630457 0.0023789279123783875 -0.00067934493714294475 0.00010702546475451181 -3.478163292691307e-06
leaf_weight=7565 373 538 396 1936 724 359 300 345 394 25300 319 102715 36101 2812 307 736 404 466 12589 3569 464 4742 1428 811 4126 2084 826 337 1018 1397
leaf_count=7565 373 538 396 1936 724 359 300 345 394 25300 319 102715 36101 2812 307 736 404 466 12589 3569 464 4742 1428 811 4126 2084 826 337 1018 1397
internal_value=-0.00152261 -0.00722856 -0.000255629 -0.0098737 -0.00938385 -0.0110272 -0.0036336 -6.52181e-05 -4.97729e-05 -7.45273e-05 -0.0013674 0.000178181 -0.000528403 -0.00716428 0.00600427 -0.00775288 -0.0113468 -0.00395046 -0.0107969 -0.00820041 -0.00362257 -0.000291424 0.000408362 -0.00405556 -0.0125235 -0.00122225 -0.000896624 0.00101804 -0.00161457 -0.0133954
internal_weight=215481 39152 176329 28344 3602 19878 1481 172727 172382 171681 1085 110280 61401 8466 701 7117 19055 766 12993 6381 823 10808 6170 1349 6062 4638 4265 1163 3102 2121
internal_count=215481 39152 176329 28344 3602 19878 1481 172727 172382 171681 1085 110280 61401 8466 701 7117 19055 766 12993 6381 823 10808 6170 1349 6062 4638 4265 1163 3102 2121
is_linear=0
shrinkage=0.03


Tree=259
num_leaves=31
num_cat=0
split_feature=27 12 4 8 8 89 12 2 2 32 104 32 107 104 32 102 32 107 102 5 97 99 29 12 107 10 23 5 83 32
split_gain=1767.57 802.941 344.961 196.703 133.982 60.788 34.0647 28.5403 19.584 19.4096 65.5766 44.4993 45.1884 35.1844 27.7126 16.2521 12.0689 21.0538 8.94471 8.50257 7.7101 7.31213 5.24673 4.91866 6.84196 6.25937 7.28132 9.03075 6.21287 6.16355
threshold=387.50000000000006 -1.0000000180025095e-35 3.5000000000000013 0.75000000000000011 0.10000000000000099 28.950000000000003 0.15000000000000038 29.850000000000005 9.9500000000000011 -0.99630266176052629 21.57276841542874 -0.98803845231459242 1.7500000000000002 22.319311691853887 -0.98523971305672675 83.084722222222226 0.7210268013660811 3.100000000000001 79.634722222222237 413.50000000000006 25.850000000000005 29.850000000000005 56.500000000000007 -0.24999999999999997 -0.10000000000000052 1.0000000180025095e-35 15.565286277999649 383.50000000000006 -1.9999999999999989 0.54219432480460406
decision_type=2 2 2 2 2 2 2 2 2 2 2 2 2 2 2 2 2 2 2 2 2 2 2 2 2 2 2 2 2 2
left_child=2 23 8 16 19 6 15 -7 -1 10 -10 12 -11 -12 -13 -6 17 -4 -8 20 22 -9 -3 24 -2 -25 -27 -28 -26 -30
right_child=1 4 3 -5 5 7 18 21 9 11 13 14 -14 -15 -16 -17 -18 -19 -20 -21 -22 -23 -24 25 28 26 27 -29 29 -31
leaf_value=-0.0021799710598564728 0.0023332067360306418 -4.8596799033654516e-07 7.3777427859452358e-05 -3.3738183939105679e-06 -3.3738183939105679e-06 -3.3741474559299544e-06 -3.3738183939105679e-06 8.3286209324885079e-07 0.0023147652100983331 0.0073021962296018657 -0.0027168530071004569 -0.0019937018853470366 -5.9814857690493328e-05 -0.00066058172442852166 -4.9437110366163084e-06 -3.3738183939105679e-06 0.0016686951953452231 -0.001953835796765036 -3.3738183939105679e-06 -3.4607358552942041e-06 1.3839340623661295e-06 -0.00036608234002380316 -4.1362874184532442e-05 -6.1919960546919087e-06 0.0048158639100391899 -1.3378705157415159e-05 6.2592638726283694e-06 4.1829250832326313e-05 -0.00044394631350829264 9.713396157455256e-05
leaf_weight=599 349 388 357 2345 6778 383 6979 419 565 1851 628 911 1625 3291 163459 3172 335 524 8104 541 446 355 746 5540 311 580 420 351 2556 859
leaf_count=599 349 388 357 2345 6778 383 6979 419 565 1851 628 911 1625 3291 163459 3172 335 524 8104 541 446 355 746 5540 311 580 420 351 2556 859
internal_value=-0.00153575 -0.00729149 -0.000254801 -0.00949607 -0.00996097 -0.0105483 -0.010859 -0.00382124 -6.4448e-05 -4.56099e-05 -0.00199331 6.43443e-06 0.00336497 -0.00337117 -6.46099e-05 -0.00949352 0.000295809 -0.00154762 -0.0117591 -0.00270735 -0.00159393 -0.000503226 -0.00290749 -0.00039938 -0.00122547 8.92339e-05 0.00191938 0.00382772 -0.00160182 -0.0019716
internal_weight=215767 39277 176490 3561 28311 26190 25033 1157 172929 172330 4484 167846 3476 3919 164370 9950 1216 881 15083 2121 1580 774 1134 10966 4075 6891 1351 771 3726 3415
internal_count=215767 39277 176490 3561 28311 26190 25033 1157 172929 172330 4484 167846 3476 3919 164370 9950 1216 881 15083 2121 1580 774 1134 10966 4075 6891 1351 771 3726 3415
is_linear=0
shrinkage=0.03


Tree=260
num_leaves=31
num_cat=0
split_feature=27 8 4 8 11 89 15 8 8 15 11 2 102 20 0 29 4 33 99 94 100 100 100 18 2 104 27 91 89 83
split_gain=1794.28 585.098 344.622 197.679 89.7971 59.3414 44.9573 37.1729 34.9089 82.8539 32.036 27.9161 22.115 56.2995 55.512 74.6379 51.0112 47.1952 79.1515 52.163 30.7668 53.639 28.377 18.5858 15.0079 14.5975 21.4713 11.1676 9.79264 8.70913
threshold=387.50000000000006 0.15000000000000038 3.5000000000000013 0.75000000000000011 -1.0000000180025095e-35 28.950000000000003 0.050839112744180369 0.10000000000000099 0.20000000000000198 0.092912692144752146 -0.15000000000000033 29.850000000000005 84.577777777777797 88.035897435897439 19.950000000000003 110.50000000000001 0.39999999999999908 0.04621408538533487 17.550000000000004 86.500000000000014 5.1500000000000012 4.200000000000002 0.54999999999999905 1.0000000180025095e-35 24.550000000000004 22.628611881456425 47.500000000000007 0.27110911963348455 26.050000000000004 -0.15000000000000033
decision_type=2 2 2 2 2 2 2 2 2 2 2 2 2 2 2 2 2 2 2 2 2 2 2 2 2 2 2 2 2 2
left_child=2 6 12 25 10 8 7 -2 9 -6 -3 -7 20 17 16 -16 -15 19 -19 -14 21 22 -1 -10 -12 26 -4 -9 -23 -8
right_child=1 4 3 -5 5 11 29 27 23 -11 24 -13 13 14 15 -17 -18 18 -20 -21 -22 28 -24 -25 -26 -27 -28 -29 -30 -31
leaf_value=-0.00050755757158973958 -4.4426126872635361e-06 -0.00028739116581973697 -2.6137099835068398e-05 -3.2726038420932511e-06 -3.2726038420932511e-06 -3.2727786318184281e-06 -3.4160669400084061e-06 -3.2920868479904213e-06 -3.2726038420932511e-06 4.3909896980288352e-06 -2.8389522870973437e-06 -2.373745764597334e-07 -0.0012444904236182136 -0.003510473628991229 0.0028111979209882727 -0.00013403215663049478 -0.00019203984164360975 -0.0010764848973237593 0.0047242988704720929 0.0011496377807754666 0.0050691766217776995 -0.0056835025217989131 -1.1585881030816011e-05 -3.2726038420932511e-06 6.08963757936112e-06 -0.00025209341848698828 0.045957587882652993 -3.270239696364937e-06 -0.001361165313147108 -3.2772283777035558e-06
leaf_weight=13103 2558 695 360 2365 3863 335 7781 1244 16158 444 635 712 4201 1518 4916 14235 2771 1590 7251 6067 450 316 116024 3083 509 552 311 460 323 875
leaf_count=13103 2558 695 360 2365 3863 335 7781 1244 16158 444 635 712 4201 1518 4916 14235 2771 1590 7251 6067 450 316 116024 3083 509 552 311 460 323 875
internal_value=-0.00152854 -0.00732066 -0.000236031 -0.00943717 -0.00987781 -0.010356 -0.00208762 -0.00460943 -0.0106667 -0.00822075 -0.00348098 -0.00336355 -4.48873e-05 0.000548884 -0.000436415 0.000254543 -0.00352098 0.00175746 0.00336406 0.000373941 -0.000238909 -0.000266092 -0.000223151 -0.0112138 -0.000393013 0.000355392 0.00332589 -0.00804106 -0.00892969 -0.000845559
internal_weight=215705 39352 176353 3588 26434 24595 12918 4262 23548 4307 1839 1047 172765 42549 23440 19151 4289 19109 8841 10268 130216 129766 129127 19241 1144 1223 671 1704 639 8656
internal_count=215705 39352 176353 3588 26434 24595 12918 4262 23548 4307 1839 1047 172765 42549 23440 19151 4289 19109 8841 10268 130216 129766 129127 19241 1144 1223 671 1704 639 8656
is_linear=0
shrinkage=0.03


Tree=261
num_leaves=31
num_cat=0
split_feature=27 12 5 8 8 11 89 7 102 29 39 56 8 100 0 90 94 5 7 11 83 5 8 7 96 29 33 89 15 32
split_gain=1768.67 785.954 334.073 133.497 114.721 75.6391 63.5905 35.6586 28.2875 22.9 22.354 24.6801 21.0897 20.8443 20.075 17.1963 13.0313 12.2476 10.7978 8.86772 7.95754 8.07539 7.65377 9.03091 6.48301 6.62825 6.38145 5.23735 4.75397 4.67943
threshold=387.50000000000006 -1.0000000180025095e-35 399.50000000000006 0.10000000000000099 0.75000000000000011 -1.0000000180025095e-35 28.950000000000003 2.3500000000000001 79.634722222222237 364.50000000000006 10.500000000000002 2.4050000000000007 1.6500000000000006 0.29999999999999988 16.750000000000004 0.54999999999999993 93.500000000000014 413.50000000000006 0.70000000000000207 1.0000000180025095e-35 -0.79999999999999793 379.50000000000006 0.25000000000000006 3.2500000000000004 26.450000000000003 56.500000000000007 -0.96234030595689413 27.850000000000005 0.079030137997263258 -0.34235669412071207
decision_type=2 2 2 2 2 2 2 2 2 2 2 2 2 2 2 2 2 2 2 2 2 2 2 2 2 2 2 2 2 2
left_child=2 19 9 17 22 18 8 12 -7 10 11 13 -6 -1 -11 -8 -13 24 -5 26 -21 -22 -4 -24 25 -3 -2 29 -20 -28
right_child=1 3 4 5 7 6 15 -9 -10 14 -12 16 -14 -15 -16 -17 -18 -19 28 20 21 -23 23 -25 -26 -27 27 -29 -30 -31
leaf_value=0.0015323903757102476 -0.00020661012042823705 1.8459402862729532e-06 -0.00060464660726007298 -2.8912233868685521e-06 -4.9160549783173682e-06 -3.1744257268304535e-06 -3.1747406645753865e-06 -3.1744257268304535e-06 -3.1744257268304535e-06 3.05425720123037e-05 -0.0017723984442021947 0.021620471240453538 -5.571600329056769e-06 -3.1719546244302618e-05 0.012790897460457433 -3.1729844122425561e-06 0.00010851724209645972 -3.2960974185229398e-06 3.6159050001531947e-06 -9.8576317334873791e-05 1.3393934278420844e-06 3.2239083957704478e-05 -7.3910216093822661e-05 6.8179102078363204e-05 1.7432714600445375e-06 -4.2860616428253154e-05 -6.8964862063150125e-05 2.5261550729820425e-05 -5.5006243206517718e-05 -9.8716676278537011e-06
leaf_weight=2285 352 409 439 632 377 11129 400 2023 12801 306 341 403 374 168077 337 710 322 537 314 313 436 563 305 341 470 731 3130 521 302 5654
leaf_count=2285 352 409 439 632 377 11129 400 2023 12801 306 341 403 374 168077 337 710 322 537 314 313 436 563 305 341 470 731 3130 521 302 5654
internal_value=-0.00156231 -0.00730719 -0.000275563 -0.00993863 -0.00900389 -0.0105261 -0.0108853 -0.0122378 -0.011211 -7.97631e-05 -0.000100975 -8.56577e-05 -0.00664229 -0.000109179 0.00556677 -0.00386139 0.00543388 -0.00274441 -0.00331465 -0.000485415 0.00182788 0.003135 -0.000732044 0.00134467 -0.00143389 -0.00265557 -0.000799855 -0.000649581 -0.000486224 -0.000822994
internal_weight=215334 39404 175930 28435 3859 26288 25040 2774 23930 172071 171428 171087 751 170362 643 1110 725 2147 1248 10969 1312 999 1085 646 1610 1140 9657 9305 616 8784
internal_count=215334 39404 175930 28435 3859 26288 25040 2774 23930 172071 171428 171087 751 170362 643 1110 725 2147 1248 10969 1312 999 1085 646 1610 1140 9657 9305 616 8784
is_linear=0
shrinkage=0.03


Tree=262
num_leaves=31
num_cat=0
split_feature=25 12 5 8 112 8 25 12 89 12 33 23 104 89 91 40 5 12 19 8 102 89 5 103 112 12 8 95 83 100
split_gain=1496.13 506.614 341.264 127.115 83.6942 75.6885 56.5089 97.2055 39.8627 36.223 25.8125 38.9353 60.2072 33.0911 43.5773 39.1473 21.0942 19.4962 17.2716 13.7462 13.5051 12.932 12.2094 10.4253 10.3163 9.55524 9.44022 9.02379 8.26068 9.53516
threshold=6.5000000000000009 -1.0000000180025095e-35 389.50000000000006 0.84999999999999976 3.5000000000000013 0.10000000000000099 5.5000000000000009 0.1000000000000001 28.950000000000003 -1.0000000180025095e-35 -0.97111920233974802 24.37799271262605 26.935548482512704 29.050000000000004 0.44745350524366062 1.0000000180025095e-35 522.50000000000011 0.15000000000000038 56.250000000000007 0.15000000000000038 82.869444444444454 28.850000000000005 413.50000000000006 81.500000000000014 1.3499999999999999 0.15000000000000038 0.15000000000000038 31.350000000000005 -0.79999999999999793 0.90000000000000135
decision_type=2 2 2 2 2 2 2 2 2 2 2 2 2 2 2 2 2 2 2 2 2 2 2 2 2 2 2 2 2 2
left_child=2 24 6 9 -5 22 10 18 17 -4 11 -1 -13 15 -15 -12 26 20 -8 -20 -7 25 -3 -19 -2 -9 -11 -10 29 -26
right_child=1 5 3 4 -6 8 7 21 27 16 13 12 -14 14 -16 -17 -18 23 19 -21 -22 -23 -24 -25 28 -27 -28 -29 -30 -31
leaf_value=-0.0027785369971196406 1.5322641585962668e-05 -4.0724169034915431e-07 -1.7685946442785923e-05 -3.072566877842235e-06 -3.0791929550255398e-06 -3.0791929550255398e-06 0.0019329501310486185 -3.0791929550255398e-06 -3.0794984432209743e-06 -3.0130916355207252e-06 -0.00069317629444879704 -0.0005515473815300287 0.014238496757887409 0.0030209975178965708 -0.0020667476260985149 3.1066986680999745e-05 9.7640849660179776e-06 -3.0791929550255398e-06 -2.4675260332411524e-06 -3.1049749770387319e-06 -3.0791929550255398e-06 8.7400573793088886e-07 -3.3231068887350925e-06 -3.0791929550255398e-06 6.3566107134613959e-05 -3.0791929550255398e-06 -3.0791929550255398e-06 -2.531865652353582e-05 2.8915936937988455e-07 -0.00053970629616611912
leaf_weight=403 2597 637 2264 556 2148 4131 701 1937 429 500 19038 10709 300 6819 1359 120357 303 3846 11670 4741 2002 329 541 8614 519 3733 1335 399 1591 1023
leaf_count=403 2597 637 2264 556 2148 4131 701 1937 429 500 19038 10709 300 6819 1359 120357 303 3846 11670 4741 2002 329 541 8614 519 3733 1335 399 1591 1023
internal_value=-0.00151989 -0.00822009 -0.000587464 -0.00703672 -0.0121553 -0.0104148 -0.000335755 -0.00172183 -0.0108627 -0.00389053 -0.000134257 -0.00150881 -0.00117302 -2.79521e-05 0.00182663 -0.000136769 -0.00669004 -0.0111496 -0.000569742 -0.000766817 -0.00975954 -0.0050075 -0.00302799 -0.0118329 -0.000329785 -0.00534297 -0.00790033 -0.00441496 -0.00148851 -0.0030525
internal_weight=215531 26329 189202 7106 2704 20599 182096 23111 19421 4402 158985 11412 11009 147573 8178 139395 2138 18593 17112 16411 6133 5999 1178 12460 5730 5670 1835 828 3133 1542
internal_count=215531 26329 189202 7106 2704 20599 182096 23111 19421 4402 158985 11412 11009 147573 8178 139395 2138 18593 17112 16411 6133 5999 1178 12460 5730 5670 1835 828 3133 1542
is_linear=0
shrinkage=0.03


end of trees

feature_importances:
rise_from_min_1m=922
minutes_since_midnight=652
temp_change_60m=499
day_cos=411
prev_evening_rh_mean=349
time_since_max_1m=302
temp_change_180m_crossday=281
hour=267
day_of_year=224
temp_min_720m_crossday=218
range_so_far_1m=216
prev_evening_rh_max=191
temp_change_30m=179
prev_21_temp=163
day_sin=158
dew_point_spread=150
min_so_far_1m=123
temp_range_360m_crossday=121
temp_current=119
max_so_far_1m=117
temp_change_720m_crossday=115
rh_mean_60m=110
temp_std_60m=104
rh_mean_360m=98
prev_evening_dew_point_mean=92
temp_change_360m_crossday=84
dew_point_spread_min_360m=83
drop_from_max_1m=81
prev_evening_temp_change=81
rh_max_360m=79
rh_mean_30m=74
temp_std_360m_crossday=68
distance_to_prev_evening_min=68
month_cos=60
dew_point_c=59
prev_18_temp=59
prev_evening_temp_range=55
prev_evening_temp_min=54
cooling_since_prev_21=54
cooling_since_prev_18=51
prev_2359_temp=48
daytime_warming_so_far=47
temp_x_rh=45
temp_min_360m_crossday=44
temp_change_15m=43
minute=43
rh_current=42
rh_change_60m=39
prev_evening_temp_slope=39
dew_point_floor_gap=35
rain_nc_sum_0_120m=31
temp_std_30m=30
temp_slope_720m_crossday=22
temp_slope_360m_crossday=21
rh_std_60m=20
is_morning=18
month_sin=17
month=16
temp_change_5m=13
rain_nc_valid_horizon_count=13
rainfall_60m_missing_flag=12
rain_nc_nearest_mm_sum_60m=10
rain_nc_max_r5km_sum_90m=9
rain_nc_area_gt0_r5km_sum_60m=6
rain_nc_max_r5km_sum_120m=5
rh_change_30m=4
rainfall_60m=4
temp_acceleration_30m=3
rainfall_120m=3
rainfall_120m_missing_flag=3
rain_nc_max_r5km_sum_60m=3
rain_nc_p90_r5km_sum_120m=3
is_night=2
rain_nc_p90_r5km_sum_30m=2
rain_nc_p90_r5km_sum_60m=2
rain_nc_p90_r5km_sum_90m=1
rain_nc_sum_0_60m=1

parameters:
[boosting: gbdt]
[objective: quantile]
[metric: quantile]
[tree_learner: serial]
[device_type: cpu]
[data_sample_strategy: bagging]
[data: ]
[valid: ]
[num_iterations: 1500]
[learning_rate: 0.03]
[num_leaves: 31]
[num_threads: 4]
[seed: 42]
[deterministic: 0]
[force_col_wise: 0]
[force_row_wise: 0]
[histogram_pool_size: -1]
[max_depth: 6]
[min_data_in_leaf: 300]
[min_sum_hessian_in_leaf: 0.001]
[bagging_fraction: 0.8]
[pos_bagging_fraction: 1]
[neg_bagging_fraction: 1]
[bagging_freq: 1]
[bagging_seed: 400]
[bagging_by_query: 0]
[feature_fraction: 0.8]
[feature_fraction_bynode: 1]
[feature_fraction_seed: 30056]
[extra_trees: 0]
[extra_seed: 12879]
[early_stopping_round: 0]
[early_stopping_min_delta: 0]
[first_metric_only: 0]
[max_delta_step: 0]
[lambda_l1: 0]
[lambda_l2: 1]
[linear_lambda: 0]
[min_gain_to_split: 0]
[drop_rate: 0.1]
[max_drop: 50]
[skip_drop: 0.5]
[xgboost_dart_mode: 0]
[uniform_drop: 0]
[drop_seed: 17869]
[top_rate: 0.2]
[other_rate: 0.1]
[min_data_per_group: 100]
[max_cat_threshold: 32]
[cat_l2: 10]
[cat_smooth: 10]
[max_cat_to_onehot: 4]
[top_k: 20]
[monotone_constraints: ]
[monotone_constraints_method: basic]
[monotone_penalty: 0]
[feature_contri: ]
[forcedsplits_filename: ]
[refit_decay_rate: 0.9]
[cegb_tradeoff: 1]
[cegb_penalty_split: 0]
[cegb_penalty_feature_lazy: ]
[cegb_penalty_feature_coupled: ]
[path_smooth: 0]
[interaction_constraints: ]
[verbosity: -1]
[saved_feature_importance_type: 0]
[use_quantized_grad: 0]
[num_grad_quant_bins: 4]
[quant_train_renew_leaf: 0]
[stochastic_rounding: 1]
[linear_tree: 0]
[max_bin: 255]
[max_bin_by_feature: ]
[min_data_in_bin: 3]
[bin_construct_sample_cnt: 200000]
[data_random_seed: 175]
[is_enable_sparse: 1]
[enable_bundle: 1]
[use_missing: 1]
[zero_as_missing: 0]
[feature_pre_filter: 1]
[pre_partition: 0]
[two_round: 0]
[header: 0]
[label_column: ]
[weight_column: ]
[group_column: ]
[ignore_column: ]
[categorical_feature: ]
[forcedbins_filename: ]
[precise_float_parser: 0]
[parser_config_file: ]
[objective_seed: 16083]
[num_class: 1]
[is_unbalance: 0]
[scale_pos_weight: 1]
[sigmoid: 1]
[boost_from_average: 1]
[reg_sqrt: 0]
[alpha: 0.5]
[fair_c: 1]
[poisson_max_delta_step: 0.7]
[tweedie_variance_power: 1.5]
[lambdarank_truncation_level: 30]
[lambdarank_norm: 1]
[label_gain: ]
[lambdarank_position_bias_regularization: 0]
[eval_at: ]
[multi_error_top_k: 1]
[auc_mu_weights: ]
[num_machines: 1]
[local_listen_port: 12400]
[time_out: 120]
[machine_list_filename: ]
[machines: ]
[gpu_platform_id: -1]
[gpu_device_id: -1]
[gpu_use_dp: 0]
[num_gpu: 1]

end of parameters

pandas_categorical:[]
