tree
version=v4
num_class=1
num_tree_per_iteration=1
label_index=0
max_feature_idx=27
objective=quantile
feature_names=temp max_so_far temp_change_30min temp_change_60min hour minute minutes_since_midnight month day_of_year day_sin day_cos is_morning is_afternoon is_evening is_night max_bucket time_since_max_so_far forecast_tmax forecast_tmin range_so_far temp_change_120min rainfall_60m rain_cooling_60m post_peak_rain_flag morning_peak_rain_flag rainfall_120m rain_cooling_30m drop_from_max
feature_infos=[6.2999999999999998:36] [7.0999999999999996:36] [-6.0999999999999979:3.0999999999999979] [-7.2999999999999972:4.2999999999999972] [0:23] [0:50] [0:1430] [1:12] [1:366] [-0.9999994220246925:0.99998555065071859] [-0.99997919295908233:0.9999907524084426] [0:1] [0:1] [0:1] [0:1] [7:36] [0:1430] [0:36] [0:29] [0:10.299999999999999] [-6.8999999999999986:5.2999999999999972] [0:123] [-214.59999999999991:0] [0:1] [0:1] [0:162] [-108:0] [0:10.299999999999999]
tree_sizes=2556 2557 2557 2557 2559 2558 2559 2554 2554 2579 2587 2586 2591 2561 2557 2583 2640 2628 2628 2618 2630 2645 2633 2636 2640 2634 2642 2642 2645 2640 2644 2646 2648 2659 2646 2653 2645 2648 2646 2662 2651 2648 2664 2655 2659 2659 2651 2664 2654 2658 2647 2632 2643 2633 2658 2652 2662 2657 2645 2663 2654 2654 2654 2642 2648 2656 2644 2654 2657 2635 2653 2628 2635 2636 2635 2637 2637 2643 2610 2661 2605 2611 2611 2637 2610 2640 2612 2610 2615 2609 2610 2608 2612 2606 2614 2610 2614 2609 2610 2615 2615 2618 2615 2616 2613 2608 2613 2614 2614 2614 2616 2604 2611 2615 2618 2616 2609 2609 2612 2614 2607 2610 2614 2616 2614 2611 2614 2614 2602 2613 2616 2613 2614 2614 2610 2614 2616 2613 2614 2617 2610 2614 2614 2611 2605 2606 2610 2613 2604 2616 2612 2612 2607 2608 2603 2614 2616 2607 2611 2613 2603 2598 2616 2610 2611 2615 2602 2614 2617 2612 2610 2602 2611 2614 2613 2612 2606 2610 2608 2610 2611 2610 2612 2610 2614 2608

Tree=0
num_leaves=31
num_cat=0
split_feature=16 19 1 1 16 18 10 1 10 9 9 9 9 8 10 18 19 1 1 8 10 8 10 1 1 7 1 8 4 27
split_gain=6641.02 828.02 279.36 249.493 186.518 164.389 129.949 191.824 127.278 117.313 101.098 80.3993 67.8056 93.1875 66.348 72.9698 63.0658 61.2818 56.7563 55.0225 56.2697 37.2872 27.2759 68.8023 20.1667 27.6937 19.978 17.0144 7.95647 11.3068
threshold=1.0000000180025095e-35 3.2000000000000006 28.350000000000005 30.425000000000004 685.00000000000011 15.500000000000002 -0.49812626372919411 24.150000000000006 -0.79382744783423187 0.81925054981890411 0.99983759474438971 0.72695311118111527 -0.99275805973510278 278.50000000000006 0.28313308994381592 24.500000000000004 3.699999999999998 15.750000000000002 34.150000000000013 294.50000000000006 -0.88620506325989179 362.50000000000006 -0.94137724084408114 31.050000000000008 31.950000000000003 7.5000000000000009 29.333333333333339 170.50000000000003 13.500000000000002 1.0000000180025095e-35
decision_type=2 2 2 2 2 2 2 2 2 2 2 2 2 2 2 2 2 2 2 2 2 2 2 2 2 2 2 2 2 2
left_child=28 3 4 5 9 10 8 -8 -7 11 21 -3 13 18 15 -6 -11 -16 -4 20 -14 -2 23 27 -24 -26 -21 -5 -1 -30
right_child=1 2 12 22 14 6 7 -9 -10 16 -12 -13 19 -15 17 -17 -18 -19 -20 26 -22 -23 24 -25 25 -27 -28 -29 29 -31
leaf_value=0.030000001192092896 0 0 0 0 0 0 0 0 0 0 0.010000000149011612 0 0 0 0.0050000000745058061 0 0 0 0 0.0050000000745058061 0 0.0050000000745058061 0.0050000000745058061 0.0050000000745058061 0.0050000000745058061 0 0 0 0.0050000000745058061 0.0050000000745058061
leaf_weight=82608 2775 12598 1533 239 368 2334 7459 5318 2866 624 142 1138 7464 269 70 178 5107 982 130 1024 14679 49 798 302 58 53 815 101 2362 2794
leaf_count=82608 2775 12598 1533 239 368 2334 7459 5318 2866 624 142 1138 7464 269 70 178 5107 982 130 1024 14679 49 798 302 58 53 815 101 2362 2794
internal_value=-0.00438965 -0.0159391 -0.0121619 -0.0238277 -0.0164384 -0.0252607 -0.0234614 -0.0207494 -0.030125 -0.0150904 -0.0361666 -0.0175976 -0.00868565 -0.0176967 -0.0328598 -0.0187179 -0.00908131 -0.0401996 -0.0132802 -0.00795972 -0.00864991 -0.0382365 -0.00447776 -0.0123676 0.00109461 -0.0188739 0.000350734 -0.0277941 0.00475275 0.00284717
internal_weight=157237 69473 46979 22494 21065 20943 17977 12777 5200 19467 2966 13736 25914 1932 1598 546 5731 1052 1663 23982 22143 2824 1551 642 909 111 1839 340 87764 5156
internal_count=157237 69473 46979 22494 21065 20943 17977 12777 5200 19467 2966 13736 25914 1932 1598 546 5731 1052 1663 23982 22143 2824 1551 642 909 111 1839 340 87764 5156
is_linear=0
shrinkage=0.05


Tree=1
num_leaves=31
num_cat=0
split_feature=16 19 1 1 16 18 10 1 10 9 9 9 9 8 10 18 19 1 1 8 10 8 10 1 1 7 1 8 4 27
split_gain=6638.83 828.02 279.36 249.493 186.518 164.389 129.949 191.824 127.278 117.313 101.098 80.3993 67.8056 93.1875 66.348 72.9698 63.0658 61.2818 56.7563 55.0225 56.2697 37.2872 27.2759 68.8023 20.1667 27.6937 19.978 17.0144 8.09045 11.5114
threshold=1.0000000180025095e-35 3.2000000000000006 28.350000000000005 30.425000000000004 685.00000000000011 15.500000000000002 -0.49812626372919411 24.150000000000006 -0.79382744783423187 0.81925054981890411 0.99983759474438971 0.72695311118111527 -0.99275805973510278 278.50000000000006 0.28313308994381592 24.500000000000004 3.699999999999998 15.750000000000002 34.150000000000013 294.50000000000006 -0.88620506325989179 362.50000000000006 -0.94137724084408114 31.050000000000008 31.950000000000003 7.5000000000000009 29.333333333333339 170.50000000000003 13.500000000000002 1.0000000180025095e-35
decision_type=2 2 2 2 2 2 2 2 2 2 2 2 2 2 2 2 2 2 2 2 2 2 2 2 2 2 2 2 2 2
left_child=28 3 4 5 9 10 8 -8 -7 11 21 -3 13 18 15 -6 -11 -16 -4 20 -14 -2 23 27 -24 -26 -21 -5 -1 -30
right_child=1 2 12 22 14 6 7 -9 -10 16 -12 -13 19 -15 17 -17 -18 -19 -20 26 -22 -23 24 -25 25 -27 -28 -29 29 -31
leaf_value=0.028500001132488254 0 0 0 0 0 0 0 0 0 0 0.0095000001415610318 0 0 0 0.0047500000707805159 0 0 0 0 0.0047500000707805159 0 0.0047500000707805159 0.0047500000707805159 0.0047500000707805159 0.0047500000707805159 0 0 0 0.0047500000707805159 0.0047500000707805159
leaf_weight=82608 2775 12598 1533 239 368 2334 7459 5318 2866 624 142 1138 7464 269 70 178 5107 982 130 1024 14679 49 798 302 58 53 815 101 2362 2794
leaf_count=82608 2775 12598 1533 239 368 2334 7459 5318 2866 624 142 1138 7464 269 70 178 5107 982 130 1024 14679 49 798 302 58 53 815 101 2362 2794
internal_value=-0.00439156 -0.0159391 -0.0121619 -0.0238277 -0.0164384 -0.0252607 -0.0234614 -0.0207494 -0.030125 -0.0150904 -0.0361666 -0.0175976 -0.00868565 -0.0176967 -0.0328598 -0.0187179 -0.00908131 -0.0401996 -0.0132802 -0.00795972 -0.00864991 -0.0382365 -0.00447776 -0.0123676 0.00109461 -0.0188739 0.000350734 -0.0277941 0.00474933 0.00282777
internal_weight=157237 69473 46979 22494 21065 20943 17977 12777 5200 19467 2966 13736 25914 1932 1598 546 5731 1052 1663 23982 22143 2824 1551 642 909 111 1839 340 87764 5156
internal_count=157237 69473 46979 22494 21065 20943 17977 12777 5200 19467 2966 13736 25914 1932 1598 546 5731 1052 1663 23982 22143 2824 1551 642 909 111 1839 340 87764 5156
is_linear=0
shrinkage=0.05


Tree=2
num_leaves=31
num_cat=0
split_feature=16 19 1 1 16 18 10 1 10 9 9 9 9 8 10 18 19 1 1 8 10 8 10 1 1 7 1 8 4 27
split_gain=6638.46 828.02 279.36 249.493 186.518 164.389 129.949 191.824 127.278 117.313 101.098 80.3993 67.8056 93.1875 66.348 72.9698 63.0658 61.2818 56.7563 55.0225 56.2697 37.2872 27.2759 68.8023 20.1667 27.6937 19.978 17.0144 8.08565 11.5114
threshold=1.0000000180025095e-35 3.2000000000000006 28.350000000000005 30.425000000000004 685.00000000000011 15.500000000000002 -0.49812626372919411 24.150000000000006 -0.79382744783423187 0.81925054981890411 0.99983759474438971 0.72695311118111527 -0.99275805973510278 278.50000000000006 0.28313308994381592 24.500000000000004 3.699999999999998 15.750000000000002 34.150000000000013 294.50000000000006 -0.88620506325989179 362.50000000000006 -0.94137724084408114 31.050000000000008 31.950000000000003 7.5000000000000009 29.333333333333339 170.50000000000003 13.500000000000002 1.0000000180025095e-35
decision_type=2 2 2 2 2 2 2 2 2 2 2 2 2 2 2 2 2 2 2 2 2 2 2 2 2 2 2 2 2 2
left_child=28 3 4 5 9 10 8 -8 -7 11 21 -3 13 18 15 -6 -11 -16 -4 20 -14 -2 23 27 -24 -26 -21 -5 -1 -30
right_child=1 2 12 22 14 6 7 -9 -10 16 -12 -13 19 -15 17 -17 -18 -19 -20 26 -22 -23 24 -25 25 -27 -28 -29 29 -31
leaf_value=0.027075001075863837 0 0 0 0 0 0 0 0 0 0 0.0090250001344829803 0 0 0 0.0045125000672414902 0 0 0 0 0.0045125000672414902 0 0.0045125000672414902 0.0045125000672414902 0.0045125000672414902 0.0045125000672414902 0 0 0 0.0045125000672414902 0.0045125000672414902
leaf_weight=82608 2775 12598 1533 239 368 2334 7459 5318 2866 624 142 1138 7464 269 70 178 5107 982 130 1024 14679 49 798 302 58 53 815 101 2362 2794
leaf_count=82608 2775 12598 1533 239 368 2334 7459 5318 2866 624 142 1138 7464 269 70 178 5107 982 130 1024 14679 49 798 302 58 53 815 101 2362 2794
internal_value=-0.00439187 -0.0159391 -0.0121619 -0.0238277 -0.0164384 -0.0252607 -0.0234614 -0.0207494 -0.030125 -0.0150904 -0.0361666 -0.0175976 -0.00868565 -0.0176967 -0.0328598 -0.0187179 -0.00908131 -0.0401996 -0.0132802 -0.00795972 -0.00864991 -0.0382365 -0.00447776 -0.0123676 0.00109461 -0.0188739 0.000350734 -0.0277941 0.00474876 0.00282777
internal_weight=157237 69473 46979 22494 21065 20943 17977 12777 5200 19467 2966 13736 25914 1932 1598 546 5731 1052 1663 23982 22143 2824 1551 642 909 111 1839 340 87764 5156
internal_count=157237 69473 46979 22494 21065 20943 17977 12777 5200 19467 2966 13736 25914 1932 1598 546 5731 1052 1663 23982 22143 2824 1551 642 909 111 1839 340 87764 5156
is_linear=0
shrinkage=0.05


Tree=3
num_leaves=31
num_cat=0
split_feature=16 19 1 1 16 18 10 1 10 9 9 9 9 8 10 18 19 1 1 8 10 8 10 1 1 7 1 8 4 27
split_gain=6638.46 828.02 279.36 249.493 186.518 164.389 129.949 191.824 127.278 117.313 101.098 80.3993 67.8056 93.1875 66.348 72.9698 63.0658 61.2818 56.7563 55.0225 56.2697 37.2872 27.2759 68.8023 20.1667 27.6937 19.978 17.0144 8.08565 11.5114
threshold=1.0000000180025095e-35 3.2000000000000006 28.350000000000005 30.425000000000004 685.00000000000011 15.500000000000002 -0.49812626372919411 24.150000000000006 -0.79382744783423187 0.81925054981890411 0.99983759474438971 0.72695311118111527 -0.99275805973510278 278.50000000000006 0.28313308994381592 24.500000000000004 3.699999999999998 15.750000000000002 34.150000000000013 294.50000000000006 -0.88620506325989179 362.50000000000006 -0.94137724084408114 31.050000000000008 31.950000000000003 7.5000000000000009 29.333333333333339 170.50000000000003 13.500000000000002 1.0000000180025095e-35
decision_type=2 2 2 2 2 2 2 2 2 2 2 2 2 2 2 2 2 2 2 2 2 2 2 2 2 2 2 2 2 2
left_child=28 3 4 5 9 10 8 -8 -7 11 21 -3 13 18 15 -6 -11 -16 -4 20 -14 -2 23 27 -24 -26 -21 -5 -1 -30
right_child=1 2 12 22 14 6 7 -9 -10 16 -12 -13 19 -15 17 -17 -18 -19 -20 26 -22 -23 24 -25 25 -27 -28 -29 29 -31
leaf_value=0.025721251022070648 0 0 0 0 0 0 0 0 0 0 0.0085737501277588311 0 0 0 0.0042868750638794155 0 0 0 0 0.0042868750638794155 0 0.0042868750638794155 0.0042868750638794155 0.0042868750638794155 0.0042868750638794155 0 0 0 0.0042868750638794155 0.0042868750638794155
leaf_weight=82608 2775 12598 1533 239 368 2334 7459 5318 2866 624 142 1138 7464 269 70 178 5107 982 130 1024 14679 49 798 302 58 53 815 101 2362 2794
leaf_count=82608 2775 12598 1533 239 368 2334 7459 5318 2866 624 142 1138 7464 269 70 178 5107 982 130 1024 14679 49 798 302 58 53 815 101 2362 2794
internal_value=-0.00439187 -0.0159391 -0.0121619 -0.0238277 -0.0164384 -0.0252607 -0.0234614 -0.0207494 -0.030125 -0.0150904 -0.0361666 -0.0175976 -0.00868565 -0.0176967 -0.0328598 -0.0187179 -0.00908131 -0.0401996 -0.0132802 -0.00795972 -0.00864991 -0.0382365 -0.00447776 -0.0123676 0.00109461 -0.0188739 0.000350734 -0.0277941 0.00474876 0.00282777
internal_weight=157237 69473 46979 22494 21065 20943 17977 12777 5200 19467 2966 13736 25914 1932 1598 546 5731 1052 1663 23982 22143 2824 1551 642 909 111 1839 340 87764 5156
internal_count=157237 69473 46979 22494 21065 20943 17977 12777 5200 19467 2966 13736 25914 1932 1598 546 5731 1052 1663 23982 22143 2824 1551 642 909 111 1839 340 87764 5156
is_linear=0
shrinkage=0.05


Tree=4
num_leaves=31
num_cat=0
split_feature=16 19 1 1 16 18 10 1 10 9 9 9 9 8 10 18 19 1 1 8 10 8 10 1 6 1 7 1 27 8
split_gain=6332.39 828.02 279.36 249.493 186.518 164.389 129.949 191.824 127.278 117.313 101.098 80.3993 67.8056 93.1875 66.348 72.9698 63.0658 61.2818 56.7563 55.0225 56.2697 37.2872 27.2759 68.8023 22.7903 20.1667 27.6937 19.978 17.3336 17.0144
threshold=1.0000000180025095e-35 3.2000000000000006 28.350000000000005 30.425000000000004 685.00000000000011 15.500000000000002 -0.49812626372919411 24.150000000000006 -0.79382744783423187 0.81925054981890411 0.99983759474438971 0.72695311118111527 -0.99275805973510278 278.50000000000006 0.28313308994381592 24.500000000000004 3.699999999999998 15.750000000000002 34.150000000000013 294.50000000000006 -0.88620506325989179 362.50000000000006 -0.94137724084408114 31.050000000000008 745.00000000000011 31.950000000000003 7.5000000000000009 29.333333333333339 1.0000000180025095e-35 170.50000000000003
decision_type=2 2 2 2 2 2 2 2 2 2 2 2 2 2 2 2 2 2 2 2 2 2 2 2 2 2 2 2 2 2
left_child=24 3 4 5 9 10 8 -8 -7 11 21 -3 13 18 15 -6 -11 -16 -4 20 -14 -2 23 29 -1 -24 -27 -21 -26 -5
right_child=1 2 12 22 14 6 7 -9 -10 16 -12 -13 19 -15 17 -17 -18 -19 -20 27 -22 -23 25 -25 28 26 -28 -29 -30 -31
leaf_value=0.039435186086781322 0 0 0 0 0 0 0 0 0 0 0.0081450626213708903 0 0 0 0.0040725313106854451 0 0 0 0 0.0040725313106854451 0 0.0040725313106854451 0.0040725313106854451 0.0040725313106854451 0.0040725313106854451 0.0040725313106854451 0 0 0.0044351874278858302 0
leaf_weight=75764 2775 12598 1533 239 368 2334 7459 5318 2866 624 142 1138 7464 269 70 178 5107 982 130 1024 14679 49 798 302 5714 58 53 815 6286 101
leaf_count=75764 2775 12598 1533 239 368 2334 7459 5318 2866 624 142 1138 7464 269 70 178 5107 982 130 1024 14679 49 798 302 5714 58 53 815 6286 101
internal_value=-0.00466121 -0.0159391 -0.0121619 -0.0238277 -0.0164384 -0.0252607 -0.0234614 -0.0207494 -0.030125 -0.0150904 -0.0361666 -0.0175976 -0.00868565 -0.0176967 -0.0328598 -0.0187179 -0.00908131 -0.0401996 -0.0132802 -0.00795972 -0.00864991 -0.0382365 -0.00447776 -0.0123676 0.00426621 0.00109461 -0.0188739 0.000350734 0.00224167 -0.0277941
internal_weight=157237 69473 46979 22494 21065 20943 17977 12777 5200 19467 2966 13736 25914 1932 1598 546 5731 1052 1663 23982 22143 2824 1551 642 87764 909 111 1839 12000 340
internal_count=157237 69473 46979 22494 21065 20943 17977 12777 5200 19467 2966 13736 25914 1932 1598 546 5731 1052 1663 23982 22143 2824 1551 642 87764 909 111 1839 12000 340
is_linear=0
shrinkage=0.05


Tree=5
num_leaves=31
num_cat=0
split_feature=16 19 1 1 16 18 10 1 10 9 9 9 9 8 10 18 19 1 1 8 10 8 10 1 6 1 7 1 27 8
split_gain=6332.39 828.02 279.36 249.493 186.518 164.389 129.949 191.824 127.278 117.313 101.098 80.3993 67.8056 93.1875 66.348 72.9698 63.0658 61.2818 56.7563 55.0225 56.2697 37.2872 27.2759 68.8023 22.7903 20.1667 27.6937 19.978 17.3336 17.0144
threshold=1.0000000180025095e-35 3.2000000000000006 28.350000000000005 30.425000000000004 685.00000000000011 15.500000000000002 -0.49812626372919411 24.150000000000006 -0.79382744783423187 0.81925054981890411 0.99983759474438971 0.72695311118111527 -0.99275805973510278 278.50000000000006 0.28313308994381592 24.500000000000004 3.699999999999998 15.750000000000002 34.150000000000013 294.50000000000006 -0.88620506325989179 362.50000000000006 -0.94137724084408114 31.050000000000008 745.00000000000011 31.950000000000003 7.5000000000000009 29.333333333333339 1.0000000180025095e-35 170.50000000000003
decision_type=2 2 2 2 2 2 2 2 2 2 2 2 2 2 2 2 2 2 2 2 2 2 2 2 2 2 2 2 2 2
left_child=24 3 4 5 9 10 8 -8 -7 11 21 -3 13 18 15 -6 -11 -16 -4 20 -14 -2 23 29 -1 -24 -27 -21 -26 -5
right_child=1 2 12 22 14 6 7 -9 -10 16 -12 -13 19 -15 17 -17 -18 -19 -20 27 -22 -23 25 -25 28 26 -28 -29 -30 -31
leaf_value=0.037463426782442258 0 0 0 0 0 0 0 0 0 0 0.0077378094903023447 0 0 0 0.0038689047451511724 0 0 0 0 0.0038689047451511724 0 0.0038689047451511724 0.0038689047451511724 0.0038689047451511724 0.0038689047451511724 0.0038689047451511724 0 0 0.004213428056491538 0
leaf_weight=75764 2775 12598 1533 239 368 2334 7459 5318 2866 624 142 1138 7464 269 70 178 5107 982 130 1024 14679 49 798 302 5714 58 53 815 6286 101
leaf_count=75764 2775 12598 1533 239 368 2334 7459 5318 2866 624 142 1138 7464 269 70 178 5107 982 130 1024 14679 49 798 302 5714 58 53 815 6286 101
internal_value=-0.00466121 -0.0159391 -0.0121619 -0.0238277 -0.0164384 -0.0252607 -0.0234614 -0.0207494 -0.030125 -0.0150904 -0.0361666 -0.0175976 -0.00868565 -0.0176967 -0.0328598 -0.0187179 -0.00908131 -0.0401996 -0.0132802 -0.00795972 -0.00864991 -0.0382365 -0.00447776 -0.0123676 0.00426621 0.00109461 -0.0188739 0.000350734 0.00224167 -0.0277941
internal_weight=157237 69473 46979 22494 21065 20943 17977 12777 5200 19467 2966 13736 25914 1932 1598 546 5731 1052 1663 23982 22143 2824 1551 642 87764 909 111 1839 12000 340
internal_count=157237 69473 46979 22494 21065 20943 17977 12777 5200 19467 2966 13736 25914 1932 1598 546 5731 1052 1663 23982 22143 2824 1551 642 87764 909 111 1839 12000 340
is_linear=0
shrinkage=0.05


Tree=6
num_leaves=31
num_cat=0
split_feature=16 19 1 1 16 18 10 1 10 9 9 9 9 8 10 18 19 1 1 8 10 8 10 1 6 1 7 1 27 8
split_gain=6332.39 828.02 279.36 249.493 186.518 164.389 129.949 191.824 127.278 117.313 101.098 80.3993 67.8056 93.1875 66.348 72.9698 63.0658 61.2818 56.7563 55.0225 56.2697 37.2872 27.2759 68.8023 22.7903 20.1667 27.6937 19.978 17.3336 17.0144
threshold=1.0000000180025095e-35 3.2000000000000006 28.350000000000005 30.425000000000004 685.00000000000011 15.500000000000002 -0.49812626372919411 24.150000000000006 -0.79382744783423187 0.81925054981890411 0.99983759474438971 0.72695311118111527 -0.99275805973510278 278.50000000000006 0.28313308994381592 24.500000000000004 3.699999999999998 15.750000000000002 34.150000000000013 294.50000000000006 -0.88620506325989179 362.50000000000006 -0.94137724084408114 31.050000000000008 745.00000000000011 31.950000000000003 7.5000000000000009 29.333333333333339 1.0000000180025095e-35 170.50000000000003
decision_type=2 2 2 2 2 2 2 2 2 2 2 2 2 2 2 2 2 2 2 2 2 2 2 2 2 2 2 2 2 2
left_child=24 3 4 5 9 10 8 -8 -7 11 21 -3 13 18 15 -6 -11 -16 -4 20 -14 -2 23 29 -1 -24 -27 -21 -26 -5
right_child=1 2 12 22 14 6 7 -9 -10 16 -12 -13 19 -15 17 -17 -18 -19 -20 27 -22 -23 25 -25 28 26 -28 -29 -30 -31
leaf_value=0.035590255443320139 0 0 0 0 0 0 0 0 0 0 0.0073509190157872275 0 0 0 0.0036754595078936137 0 0 0 0 0.0036754595078936137 0 0.0036754595078936137 0.0036754595078936137 0.0036754595078936137 0.0036754595078936137 0.0036754595078936137 0 0 0.0040027566536669614 0
leaf_weight=75764 2775 12598 1533 239 368 2334 7459 5318 2866 624 142 1138 7464 269 70 178 5107 982 130 1024 14679 49 798 302 5714 58 53 815 6286 101
leaf_count=75764 2775 12598 1533 239 368 2334 7459 5318 2866 624 142 1138 7464 269 70 178 5107 982 130 1024 14679 49 798 302 5714 58 53 815 6286 101
internal_value=-0.00466121 -0.0159391 -0.0121619 -0.0238277 -0.0164384 -0.0252607 -0.0234614 -0.0207494 -0.030125 -0.0150904 -0.0361666 -0.0175976 -0.00868565 -0.0176967 -0.0328598 -0.0187179 -0.00908131 -0.0401996 -0.0132802 -0.00795972 -0.00864991 -0.0382365 -0.00447776 -0.0123676 0.00426621 0.00109461 -0.0188739 0.000350734 0.00224167 -0.0277941
internal_weight=157237 69473 46979 22494 21065 20943 17977 12777 5200 19467 2966 13736 25914 1932 1598 546 5731 1052 1663 23982 22143 2824 1551 642 87764 909 111 1839 12000 340
internal_count=157237 69473 46979 22494 21065 20943 17977 12777 5200 19467 2966 13736 25914 1932 1598 546 5731 1052 1663 23982 22143 2824 1551 642 87764 909 111 1839 12000 340
is_linear=0
shrinkage=0.05


Tree=7
num_leaves=31
num_cat=0
split_feature=16 19 1 1 16 18 10 1 10 9 9 9 9 8 10 18 19 1 1 8 10 8 10 1 1 7 1 6 8 25
split_gain=6035.28 828.02 279.36 249.493 186.518 164.389 129.949 191.824 127.278 117.313 101.098 80.3993 67.8056 93.1875 66.348 72.9698 63.0658 61.2818 56.7563 55.0225 56.2697 37.2872 27.2759 68.8023 20.1667 27.6937 19.978 19.2077 17.0144 10.3607
threshold=1.0000000180025095e-35 3.2000000000000006 28.350000000000005 30.425000000000004 685.00000000000011 15.500000000000002 -0.49812626372919411 24.150000000000006 -0.79382744783423187 0.81925054981890411 0.99983759474438971 0.72695311118111527 -0.99275805973510278 278.50000000000006 0.28313308994381592 24.500000000000004 3.699999999999998 15.750000000000002 34.150000000000013 294.50000000000006 -0.88620506325989179 362.50000000000006 -0.94137724084408114 31.050000000000008 31.950000000000003 7.5000000000000009 29.333333333333339 665.00000000000011 170.50000000000003 56.500000000000007
decision_type=2 2 2 2 2 2 2 2 2 2 2 2 2 2 2 2 2 2 2 2 2 2 2 2 2 2 2 2 2 2
left_child=27 3 4 5 9 10 8 -8 -7 11 21 -3 13 18 15 -6 -11 -16 -4 20 -14 -2 23 28 -24 -26 -21 29 -5 -1
right_child=1 2 12 22 14 6 7 -9 -10 16 -12 -13 19 -15 17 -17 -18 -19 -20 26 -22 -23 24 -25 25 -27 -28 -29 -30 -31
leaf_value=0.043810745055339932 0 0 0 0 0 0 0 0 0 0 0.0069833730649978666 0 0 0 0.0034916865324989333 0 0 0 0 0.0034916865324989333 0 0.0034916865324989333 0.0034916865324989333 0.0034916865324989333 0.0034916865324989333 0 0 0.0038026188209836134 0 -0.0061892560622471629
leaf_weight=68082 2775 12598 1533 239 368 2334 7459 5318 2866 624 142 1138 7464 269 70 178 5107 982 130 1024 14679 49 798 302 58 53 815 19617 101 65
leaf_count=68082 2775 12598 1533 239 368 2334 7459 5318 2866 624 142 1138 7464 269 70 178 5107 982 130 1024 14679 49 798 302 58 53 815 19617 101 65
internal_value=-0.00492896 -0.0159391 -0.0121619 -0.0238277 -0.0164384 -0.0252607 -0.0234614 -0.0207494 -0.030125 -0.0150904 -0.0361666 -0.0175976 -0.00868565 -0.0176967 -0.0328598 -0.0187179 -0.00908131 -0.0401996 -0.0132802 -0.00795972 -0.00864991 -0.0382365 -0.00447776 -0.0123676 0.00109461 -0.0188739 0.000350734 0.00378652 -0.0277941 0.00418338
internal_weight=157237 69473 46979 22494 21065 20943 17977 12777 5200 19467 2966 13736 25914 1932 1598 546 5731 1052 1663 23982 22143 2824 1551 642 909 111 1839 87764 340 68147
internal_count=157237 69473 46979 22494 21065 20943 17977 12777 5200 19467 2966 13736 25914 1932 1598 546 5731 1052 1663 23982 22143 2824 1551 642 909 111 1839 87764 340 68147
is_linear=0
shrinkage=0.05


Tree=8
num_leaves=31
num_cat=0
split_feature=16 19 1 1 16 18 10 1 10 9 9 9 9 8 10 18 19 1 1 8 10 8 10 1 1 7 1 6 8 25
split_gain=6035.28 828.02 279.36 249.493 186.518 164.389 129.949 191.824 127.278 117.313 101.098 80.3993 67.8056 93.1875 66.348 72.9698 63.0658 61.2818 56.7563 55.0225 56.2697 37.2872 27.2759 68.8023 20.1667 27.6937 19.978 19.2077 17.0144 10.3607
threshold=1.0000000180025095e-35 3.2000000000000006 28.350000000000005 30.425000000000004 685.00000000000011 15.500000000000002 -0.49812626372919411 24.150000000000006 -0.79382744783423187 0.81925054981890411 0.99983759474438971 0.72695311118111527 -0.99275805973510278 278.50000000000006 0.28313308994381592 24.500000000000004 3.699999999999998 15.750000000000002 34.150000000000013 294.50000000000006 -0.88620506325989179 362.50000000000006 -0.94137724084408114 31.050000000000008 31.950000000000003 7.5000000000000009 29.333333333333339 665.00000000000011 170.50000000000003 56.500000000000007
decision_type=2 2 2 2 2 2 2 2 2 2 2 2 2 2 2 2 2 2 2 2 2 2 2 2 2 2 2 2 2 2
left_child=27 3 4 5 9 10 8 -8 -7 11 21 -3 13 18 15 -6 -11 -16 -4 20 -14 -2 23 28 -24 -26 -21 29 -5 -1
right_child=1 2 12 22 14 6 7 -9 -10 16 -12 -13 19 -15 17 -17 -18 -19 -20 26 -22 -23 24 -25 25 -27 -28 -29 -30 -31
leaf_value=0.041620207802572931 0 0 0 0 0 0 0 0 0 0 0.0066342044117479737 0 0 0 0.0033171022058739869 0 0 0 0 0.0033171022058739869 0 0.0033171022058739869 0.0033171022058739869 0.0033171022058739869 0.0033171022058739869 0 0 0.0036124878799344328 0 -0.0058797932591348051
leaf_weight=68082 2775 12598 1533 239 368 2334 7459 5318 2866 624 142 1138 7464 269 70 178 5107 982 130 1024 14679 49 798 302 58 53 815 19617 101 65
leaf_count=68082 2775 12598 1533 239 368 2334 7459 5318 2866 624 142 1138 7464 269 70 178 5107 982 130 1024 14679 49 798 302 58 53 815 19617 101 65
internal_value=-0.00492896 -0.0159391 -0.0121619 -0.0238277 -0.0164384 -0.0252607 -0.0234614 -0.0207494 -0.030125 -0.0150904 -0.0361666 -0.0175976 -0.00868565 -0.0176967 -0.0328598 -0.0187179 -0.00908131 -0.0401996 -0.0132802 -0.00795972 -0.00864991 -0.0382365 -0.00447776 -0.0123676 0.00109461 -0.0188739 0.000350734 0.00378652 -0.0277941 0.00418338
internal_weight=157237 69473 46979 22494 21065 20943 17977 12777 5200 19467 2966 13736 25914 1932 1598 546 5731 1052 1663 23982 22143 2824 1551 642 909 111 1839 87764 340 68147
internal_count=157237 69473 46979 22494 21065 20943 17977 12777 5200 19467 2966 13736 25914 1932 1598 546 5731 1052 1663 23982 22143 2824 1551 642 909 111 1839 87764 340 68147
is_linear=0
shrinkage=0.05


Tree=9
num_leaves=31
num_cat=0
split_feature=16 19 1 1 16 18 10 1 10 9 9 9 9 8 10 18 19 1 1 8 10 8 10 1 17 1 7 1 10 9
split_gain=5788.94 828.02 279.36 249.493 186.518 164.389 129.949 191.824 127.278 117.313 101.098 80.3993 67.8056 93.1875 66.348 72.9698 63.0658 61.2818 56.7563 55.0225 56.2697 37.2872 27.2759 68.8023 21.5266 20.1667 27.6937 19.978 17.2534 17.2526
threshold=1.0000000180025095e-35 3.2000000000000006 28.350000000000005 30.425000000000004 685.00000000000011 15.500000000000002 -0.49812626372919411 24.150000000000006 -0.79382744783423187 0.81925054981890411 0.99983759474438971 0.72695311118111527 -0.99275805973510278 278.50000000000006 0.28313308994381592 24.500000000000004 3.699999999999998 15.750000000000002 34.150000000000013 294.50000000000006 -0.88620506325989179 362.50000000000006 -0.94137724084408114 31.050000000000008 31.500000000000004 31.950000000000003 7.5000000000000009 29.333333333333339 -0.9575230291762723 0.99907018497641664
decision_type=2 2 2 2 2 2 2 2 2 2 2 2 2 2 2 2 2 2 2 2 2 2 2 2 2 2 2 2 2 2
left_child=24 3 4 5 9 10 8 -8 -7 11 21 -3 13 18 15 -6 -11 -16 -4 20 -14 -2 23 -5 28 -24 -27 -21 -1 -30
right_child=1 2 12 22 14 6 7 -9 -10 16 -12 -13 19 -15 17 -17 -18 -19 -20 27 -22 -23 25 -25 -26 26 -28 -29 29 -31
leaf_value=-0.00046080318360216258 0 0 0 0 0 0 0 0 0 0 0.006302494191160574 0 0 0 0.003151247095580287 0 0 0 0 0.003151247095580287 0 0.003151247095580287 0.003151247095580287 0.003151247095580287 0.02843998912424758 0.003151247095580287 0 0 0.013069207890277969 -0.00046080318360216258
leaf_weight=1891 2775 12598 1533 340 368 2334 7459 5318 2866 624 142 1138 7464 269 70 178 5107 982 130 1024 14679 49 798 302 23214 58 53 815 61700 959
leaf_count=1891 2775 12598 1533 340 368 2334 7459 5318 2866 624 142 1138 7464 269 70 178 5107 982 130 1024 14679 49 798 302 23214 58 53 815 61700 959
internal_value=-0.00515601 -0.0159391 -0.0121619 -0.0238277 -0.0164384 -0.0252607 -0.0234614 -0.0207494 -0.030125 -0.0150904 -0.0361666 -0.0175976 -0.00868565 -0.0176967 -0.0328598 -0.0187179 -0.00908131 -0.0401996 -0.0132802 -0.00795972 -0.00864991 -0.0382365 -0.00447776 -0.0123676 0.00337975 0.00109461 -0.0188739 0.000350734 0.00291015 0.00305216
internal_weight=157237 69473 46979 22494 21065 20943 17977 12777 5200 19467 2966 13736 25914 1932 1598 546 5731 1052 1663 23982 22143 2824 1551 642 87764 909 111 1839 64550 62659
internal_count=157237 69473 46979 22494 21065 20943 17977 12777 5200 19467 2966 13736 25914 1932 1598 546 5731 1052 1663 23982 22143 2824 1551 642 87764 909 111 1839 64550 62659
is_linear=0
shrinkage=0.05


Tree=10
num_leaves=31
num_cat=0
split_feature=16 19 1 1 16 18 10 1 10 9 9 9 9 8 10 18 19 1 1 8 10 8 10 1 17 1 7 1 10 9
split_gain=5788.59 828.02 279.36 249.493 186.518 164.389 129.949 191.824 127.278 117.313 101.098 80.3993 67.8056 93.1875 66.348 72.9698 63.0658 61.2818 56.7563 55.0225 56.2697 37.2872 27.2759 68.8023 21.5454 20.1667 27.6937 19.978 17.2477 17.2485
threshold=1.0000000180025095e-35 3.2000000000000006 28.350000000000005 30.425000000000004 685.00000000000011 15.500000000000002 -0.49812626372919411 24.150000000000006 -0.79382744783423187 0.81925054981890411 0.99983759474438971 0.72695311118111527 -0.99275805973510278 278.50000000000006 0.28313308994381592 24.500000000000004 3.699999999999998 15.750000000000002 34.150000000000013 294.50000000000006 -0.88620506325989179 362.50000000000006 -0.94137724084408114 31.050000000000008 31.500000000000004 31.950000000000003 7.5000000000000009 29.333333333333339 -0.9575230291762723 0.99907018497641664
decision_type=2 2 2 2 2 2 2 2 2 2 2 2 2 2 2 2 2 2 2 2 2 2 2 2 2 2 2 2 2 2
left_child=24 3 4 5 9 10 8 -8 -7 11 21 -3 13 18 15 -6 -11 -16 -4 20 -14 -2 23 -5 28 -24 -27 -21 -1 -30
right_child=1 2 12 22 14 6 7 -9 -10 16 -12 -13 19 -15 17 -17 -18 -19 -20 27 -22 -23 25 -25 -26 26 -28 -29 29 -31
leaf_value=-0.00043776302442205539 0 0 0 0 0 0 0 0 0 0 0.0059873694816025454 0 0 0 0.0029936847408012727 0 0 0 0 0.0029936847408012727 0 0.0029936847408012727 0.0029936847408012727 0.0029936847408012727 0.027017989668035199 0.0029936847408012727 0 0 0.01241574749576407 -0.00043776302442205539
leaf_weight=1891 2775 12598 1533 340 368 2334 7459 5318 2866 624 142 1138 7464 269 70 178 5107 982 130 1024 14679 49 798 302 23214 58 53 815 61700 959
leaf_count=1891 2775 12598 1533 340 368 2334 7459 5318 2866 624 142 1138 7464 269 70 178 5107 982 130 1024 14679 49 798 302 23214 58 53 815 61700 959
internal_value=-0.00515632 -0.0159391 -0.0121619 -0.0238277 -0.0164384 -0.0252607 -0.0234614 -0.0207494 -0.030125 -0.0150904 -0.0361666 -0.0175976 -0.00868565 -0.0176967 -0.0328598 -0.0187179 -0.00908131 -0.0401996 -0.0132802 -0.00795972 -0.00864991 -0.0382365 -0.00447776 -0.0123676 0.00337918 0.00109461 -0.0188739 0.000350734 0.00290937 0.00305136
internal_weight=157237 69473 46979 22494 21065 20943 17977 12777 5200 19467 2966 13736 25914 1932 1598 546 5731 1052 1663 23982 22143 2824 1551 642 87764 909 111 1839 64550 62659
internal_count=157237 69473 46979 22494 21065 20943 17977 12777 5200 19467 2966 13736 25914 1932 1598 546 5731 1052 1663 23982 22143 2824 1551 642 87764 909 111 1839 64550 62659
is_linear=0
shrinkage=0.05


Tree=11
num_leaves=31
num_cat=0
split_feature=16 19 1 1 16 18 10 1 10 9 9 9 9 8 10 18 19 1 1 8 10 8 10 1 17 1 7 1 10 9
split_gain=5788.25 828.02 279.36 249.493 186.518 164.389 129.949 191.824 127.278 117.313 101.098 80.3993 67.8056 93.1875 66.348 72.9698 63.0658 61.2818 56.7563 55.0225 56.2697 37.2872 27.2759 68.8023 21.5642 20.1667 27.6937 19.978 17.242 17.2444
threshold=1.0000000180025095e-35 3.2000000000000006 28.350000000000005 30.425000000000004 685.00000000000011 15.500000000000002 -0.49812626372919411 24.150000000000006 -0.79382744783423187 0.81925054981890411 0.99983759474438971 0.72695311118111527 -0.99275805973510278 278.50000000000006 0.28313308994381592 24.500000000000004 3.699999999999998 15.750000000000002 34.150000000000013 294.50000000000006 -0.88620506325989179 362.50000000000006 -0.94137724084408114 31.050000000000008 31.500000000000004 31.950000000000003 7.5000000000000009 29.333333333333339 -0.9575230291762723 0.99907018497641664
decision_type=2 2 2 2 2 2 2 2 2 2 2 2 2 2 2 2 2 2 2 2 2 2 2 2 2 2 2 2 2 2
left_child=24 3 4 5 9 10 8 -8 -7 11 21 -3 13 18 15 -6 -11 -16 -4 20 -14 -2 23 -5 28 -24 -27 -21 -1 -30
right_child=1 2 12 22 14 6 7 -9 -10 16 -12 -13 19 -15 17 -17 -18 -19 -20 27 -22 -23 25 -25 -26 26 -28 -29 29 -31
leaf_value=-0.00041587487320095262 0 0 0 0 0 0 0 0 0 0 0.0056880010075224183 0 0 0 0.0028440005037612091 0 0 0 0 0.0028440005037612091 0 0.0028440005037612091 0.0028440005037612091 0.0028440005037612091 0.025667090184633437 0.0028440005037612091 0 0 0.011794960120975867 -0.00041587487320095262
leaf_weight=1891 2775 12598 1533 340 368 2334 7459 5318 2866 624 142 1138 7464 269 70 178 5107 982 130 1024 14679 49 798 302 23214 58 53 815 61700 959
leaf_count=1891 2775 12598 1533 340 368 2334 7459 5318 2866 624 142 1138 7464 269 70 178 5107 982 130 1024 14679 49 798 302 23214 58 53 815 61700 959
internal_value=-0.00515664 -0.0159391 -0.0121619 -0.0238277 -0.0164384 -0.0252607 -0.0234614 -0.0207494 -0.030125 -0.0150904 -0.0361666 -0.0175976 -0.00868565 -0.0176967 -0.0328598 -0.0187179 -0.00908131 -0.0401996 -0.0132802 -0.00795972 -0.00864991 -0.0382365 -0.00447776 -0.0123676 0.00337861 0.00109461 -0.0188739 0.000350734 0.0029086 0.00305056
internal_weight=157237 69473 46979 22494 21065 20943 17977 12777 5200 19467 2966 13736 25914 1932 1598 546 5731 1052 1663 23982 22143 2824 1551 642 87764 909 111 1839 64550 62659
internal_count=157237 69473 46979 22494 21065 20943 17977 12777 5200 19467 2966 13736 25914 1932 1598 546 5731 1052 1663 23982 22143 2824 1551 642 87764 909 111 1839 64550 62659
is_linear=0
shrinkage=0.05


Tree=12
num_leaves=31
num_cat=0
split_feature=16 19 1 1 16 18 10 1 10 9 9 9 9 8 10 18 19 1 1 8 10 8 10 1 12 1 7 1 17 10
split_gain=5720.17 828.02 279.36 249.493 186.518 164.389 129.949 191.824 127.278 117.313 101.098 80.3993 67.8056 93.1875 66.348 72.9698 63.0658 61.2818 56.7563 55.0225 56.2697 37.2872 27.2759 68.8023 23.1059 20.1667 27.6937 19.978 17.154 19.8866
threshold=1.0000000180025095e-35 3.2000000000000006 28.350000000000005 30.425000000000004 685.00000000000011 15.500000000000002 -0.49812626372919411 24.150000000000006 -0.79382744783423187 0.81925054981890411 0.99983759474438971 0.72695311118111527 -0.99275805973510278 278.50000000000006 0.28313308994381592 24.500000000000004 3.699999999999998 15.750000000000002 34.150000000000013 294.50000000000006 -0.88620506325989179 362.50000000000006 -0.94137724084408114 31.050000000000008 1.0000000180025095e-35 31.950000000000003 7.5000000000000009 29.333333333333339 31.500000000000004 -0.99983123799342477
decision_type=2 2 2 2 2 2 2 2 2 2 2 2 2 2 2 2 2 2 2 2 2 2 2 2 2 2 2 2 2 2
left_child=24 3 4 5 9 10 8 -8 -7 11 21 -3 13 18 15 -6 -11 -16 -4 20 -14 -2 23 -5 28 -24 -27 -21 29 -1
right_child=1 2 12 22 14 6 7 -9 -10 16 -12 -13 19 -15 17 -17 -18 -19 -20 27 -22 -23 25 -25 -26 26 -28 -29 -30 -31
leaf_value=-0.00039508112954090571 0 0 0 0 0 0 0 0 0 0 0.0054036009571462977 0 0 0 0.0027018004785731489 0 0 0 0 0.0027018004785731489 0 0.0027018004785731489 0.0027018004785731489 0.0027018004785731489 0.0012569354221021361 0.0027018004785731489 0 0 0.074383732695169527 0.022675201041046943
leaf_weight=236 2775 12598 1533 340 368 2334 7459 5318 2866 624 142 1138 7464 269 70 178 5107 982 130 1024 14679 49 798 302 14215 58 53 815 19092 54221
leaf_count=236 2775 12598 1533 340 368 2334 7459 5318 2866 624 142 1138 7464 269 70 178 5107 982 130 1024 14679 49 798 302 14215 58 53 815 19092 54221
internal_value=-0.00522024 -0.0159391 -0.0121619 -0.0238277 -0.0164384 -0.0252607 -0.0234614 -0.0207494 -0.030125 -0.0150904 -0.0361666 -0.0175976 -0.00868565 -0.0176967 -0.0328598 -0.0187179 -0.00908131 -0.0401996 -0.0132802 -0.00795972 -0.00864991 -0.0382365 -0.00447776 -0.0123676 0.00326466 0.00109461 -0.0188739 0.000350734 0.00362133 0.0031692
internal_weight=157237 69473 46979 22494 21065 20943 17977 12777 5200 19467 2966 13736 25914 1932 1598 546 5731 1052 1663 23982 22143 2824 1551 642 87764 909 111 1839 73549 54457
internal_count=157237 69473 46979 22494 21065 20943 17977 12777 5200 19467 2966 13736 25914 1932 1598 546 5731 1052 1663 23982 22143 2824 1551 642 87764 909 111 1839 73549 54457
is_linear=0
shrinkage=0.05


Tree=13
num_leaves=31
num_cat=0
split_feature=16 19 1 1 16 18 10 1 10 9 9 9 9 8 10 18 19 1 1 8 10 8 10 1 12 1 7 1 8 9
split_gain=5717.12 828.02 279.36 249.493 186.518 164.389 129.949 191.824 127.278 117.313 101.098 80.3993 67.8056 93.1875 66.348 72.9698 63.0658 61.2818 56.7563 55.0225 56.2697 37.2872 27.2759 68.8023 22.9776 20.1667 27.6937 19.978 17.0144 16.8434
threshold=1.0000000180025095e-35 3.2000000000000006 28.350000000000005 30.425000000000004 685.00000000000011 15.500000000000002 -0.49812626372919411 24.150000000000006 -0.79382744783423187 0.81925054981890411 0.99983759474438971 0.72695311118111527 -0.99275805973510278 278.50000000000006 0.28313308994381592 24.500000000000004 3.699999999999998 15.750000000000002 34.150000000000013 294.50000000000006 -0.88620506325989179 362.50000000000006 -0.94137724084408114 31.050000000000008 1.0000000180025095e-35 31.950000000000003 7.5000000000000009 29.333333333333339 170.50000000000003 0.99907018497641664
decision_type=2 2 2 2 2 2 2 2 2 2 2 2 2 2 2 2 2 2 2 2 2 2 2 2 2 2 2 2 2 2
left_child=24 3 4 5 9 10 8 -8 -7 11 21 -3 13 18 15 -6 -11 -16 -4 20 -14 -2 23 28 29 -24 -27 -21 -5 -1
right_child=1 2 12 22 14 6 7 -9 -10 16 -12 -13 19 -15 17 -17 -18 -19 -20 27 -22 -23 25 -25 -26 26 -28 -29 -30 -31
leaf_value=0.026541439200855256 0 0 0 0 0 0 0 0 0 0 0.0051334209092889823 0 0 0 0.0025667104546444912 0 0 0 0 0.0025667104546444912 0 0.0025667104546444912 0.0025667104546444912 0.0025667104546444912 0.0011940886509970293 0.0025667104546444912 0 0 0 -0.0015288411815932519
leaf_weight=72745 2775 12598 1533 239 368 2334 7459 5318 2866 624 142 1138 7464 269 70 178 5107 982 130 1024 14679 49 798 302 14215 58 53 815 101 804
leaf_count=72745 2775 12598 1533 239 368 2334 7459 5318 2866 624 142 1138 7464 269 70 178 5107 982 130 1024 14679 49 798 302 14215 58 53 815 101 804
internal_value=-0.0052231 -0.0159391 -0.0121619 -0.0238277 -0.0164384 -0.0252607 -0.0234614 -0.0207494 -0.030125 -0.0150904 -0.0361666 -0.0175976 -0.00868565 -0.0176967 -0.0328598 -0.0187179 -0.00908131 -0.0401996 -0.0132802 -0.00795972 -0.00864991 -0.0382365 -0.00447776 -0.0123676 0.00325954 0.00109461 -0.0188739 0.000350734 -0.0277941 0.00361521
internal_weight=157237 69473 46979 22494 21065 20943 17977 12777 5200 19467 2966 13736 25914 1932 1598 546 5731 1052 1663 23982 22143 2824 1551 642 87764 909 111 1839 340 73549
internal_count=157237 69473 46979 22494 21065 20943 17977 12777 5200 19467 2966 13736 25914 1932 1598 546 5731 1052 1663 23982 22143 2824 1551 642 87764 909 111 1839 340 73549
is_linear=0
shrinkage=0.05


Tree=14
num_leaves=31
num_cat=0
split_feature=16 19 1 1 16 18 10 1 10 9 9 9 9 8 10 18 19 1 1 8 10 8 6 10 1 1 7 1 8 9
split_gain=5647.43 828.02 279.36 249.493 186.518 164.389 129.949 191.824 127.278 117.313 101.098 80.3993 67.8056 93.1875 66.348 72.9698 63.0658 61.2818 56.7563 55.0225 56.2697 37.2872 32.1813 27.2759 68.8023 20.1667 27.6937 19.978 17.0144 15.0625
threshold=1.0000000180025095e-35 3.2000000000000006 28.350000000000005 30.425000000000004 685.00000000000011 15.500000000000002 -0.49812626372919411 24.150000000000006 -0.79382744783423187 0.81925054981890411 0.99983759474438971 0.72695311118111527 -0.99275805973510278 278.50000000000006 0.28313308994381592 24.500000000000004 3.699999999999998 15.750000000000002 34.150000000000013 294.50000000000006 -0.88620506325989179 362.50000000000006 645.00000000000011 -0.94137724084408114 31.050000000000008 31.950000000000003 7.5000000000000009 29.333333333333339 170.50000000000003 0.99907018497641664
decision_type=2 2 2 2 2 2 2 2 2 2 2 2 2 2 2 2 2 2 2 2 2 2 2 2 2 2 2 2 2 2
left_child=22 3 4 5 9 10 8 -8 -7 11 21 -3 13 18 15 -6 -11 -16 -4 20 -14 -2 29 24 28 -25 -27 -21 -5 -1
right_child=1 2 12 23 14 6 7 -9 -10 16 -12 -13 19 -15 17 -17 -18 -19 -20 27 -22 -23 -24 25 -26 26 -28 -29 -30 -31
leaf_value=0.035214369624998278 0 0 0 0 0 0 0 0 0 0 0.0048767498638245333 0 0 0 0.0024383749319122666 0 0 0 0 0.0024383749319122666 0 0.0024383749319122666 0.0014453165069318583 0.0024383749319122666 0.0024383749319122666 0.0024383749319122666 0 0 0 -0.0014523991225135896
leaf_weight=65438 2775 12598 1533 239 368 2334 7459 5318 2866 624 142 1138 7464 269 70 178 5107 982 130 1024 14679 49 21590 798 302 58 53 815 101 736
leaf_count=65438 2775 12598 1533 239 368 2334 7459 5318 2866 624 142 1138 7464 269 70 178 5107 982 130 1024 14679 49 21590 798 302 58 53 815 101 736
internal_value=-0.00528861 -0.0159391 -0.0121619 -0.0238277 -0.0164384 -0.0252607 -0.0234614 -0.0207494 -0.030125 -0.0150904 -0.0361666 -0.0175976 -0.00868565 -0.0176967 -0.0328598 -0.0187179 -0.00908131 -0.0401996 -0.0132802 -0.00795972 -0.00864991 -0.0382365 0.00314218 -0.00447776 -0.0123676 0.00109461 -0.0188739 0.000350734 -0.0277941 0.00368906
internal_weight=157237 69473 46979 22494 21065 20943 17977 12777 5200 19467 2966 13736 25914 1932 1598 546 5731 1052 1663 23982 22143 2824 87764 1551 642 909 111 1839 340 66174
internal_count=157237 69473 46979 22494 21065 20943 17977 12777 5200 19467 2966 13736 25914 1932 1598 546 5731 1052 1663 23982 22143 2824 87764 1551 642 909 111 1839 340 66174
is_linear=0
shrinkage=0.05


Tree=15
num_leaves=31
num_cat=0
split_feature=16 19 1 1 16 18 10 1 10 9 9 9 9 8 10 18 19 1 1 8 10 8 10 1 6 17 1 1 7 1
split_gain=5486.72 828.02 279.36 249.493 186.518 164.389 129.949 191.824 127.278 117.313 101.098 80.3993 67.8056 93.1875 66.348 72.9698 63.0658 61.2818 56.7563 55.0225 56.2697 37.2872 27.2759 68.8023 23.3868 22.4556 41.058 20.1667 27.6937 19.978
threshold=1.0000000180025095e-35 3.2000000000000006 28.350000000000005 30.425000000000004 685.00000000000011 15.500000000000002 -0.49812626372919411 24.150000000000006 -0.79382744783423187 0.81925054981890411 0.99983759474438971 0.72695311118111527 -0.99275805973510278 278.50000000000006 0.28313308994381592 24.500000000000004 3.699999999999998 15.750000000000002 34.150000000000013 294.50000000000006 -0.88620506325989179 362.50000000000006 -0.94137724084408114 31.050000000000008 615.00000000000011 31.500000000000004 30.025000000000002 31.950000000000003 7.5000000000000009 29.333333333333339
decision_type=2 2 2 2 2 2 2 2 2 2 2 2 2 2 2 2 2 2 2 2 2 2 2 2 2 2 2 2 2 2
left_child=24 3 4 5 9 10 8 -8 -7 11 21 -3 13 18 15 -6 -11 -16 -4 20 -14 -2 23 -5 25 26 -1 -24 -29 -21
right_child=1 2 12 22 14 6 7 -9 -10 16 -12 -13 19 -15 17 -17 -18 -19 -20 29 -22 -23 27 -25 -26 -27 -28 28 -30 -31
leaf_value=0.023453648759562573 0 0 0 0 0 0 0 0 0 0 0.0046329123706333065 0 0 0 0.0023164561853166532 0 0 0 0 0.0023164561853166532 0 0.0023164561853166532 0.0023164561853166532 0.0023164561853166532 0.0013811763198951306 0.078675960927082844 -0.0046166316228859307 0.0023164561853166532 0 0
leaf_weight=46565 2775 12598 1533 340 368 2334 7459 5318 2866 624 142 1138 7464 269 70 178 5107 982 130 1024 14679 49 798 302 24579 16495 125 58 53 815
leaf_count=46565 2775 12598 1533 340 368 2334 7459 5318 2866 624 142 1138 7464 269 70 178 5107 982 130 1024 14679 49 798 302 24579 16495 125 58 53 815
internal_value=-0.00544124 -0.0159391 -0.0121619 -0.0238277 -0.0164384 -0.0252607 -0.0234614 -0.0207494 -0.030125 -0.0150904 -0.0361666 -0.0175976 -0.00868565 -0.0176967 -0.0328598 -0.0187179 -0.00908131 -0.0401996 -0.0132802 -0.00795972 -0.00864991 -0.0382365 -0.00447776 -0.0123676 0.00286872 0.00337778 0.00281752 0.00109461 -0.0188739 0.000350734
internal_weight=157237 69473 46979 22494 21065 20943 17977 12777 5200 19467 2966 13736 25914 1932 1598 546 5731 1052 1663 23982 22143 2824 1551 642 87764 63185 46690 909 111 1839
internal_count=157237 69473 46979 22494 21065 20943 17977 12777 5200 19467 2966 13736 25914 1932 1598 546 5731 1052 1663 23982 22143 2824 1551 642 87764 63185 46690 909 111 1839
is_linear=0
shrinkage=0.05


Tree=16
num_leaves=31
num_cat=0
split_feature=16 19 1 1 16 18 10 1 10 9 9 9 9 8 10 18 19 1 1 8 10 8 10 1 17 10 8 19 1 8
split_gain=5461.82 828.02 279.36 249.493 186.518 164.389 129.949 191.824 127.278 117.313 101.098 80.3993 67.8056 93.1875 66.348 72.9698 63.0658 61.2818 56.7563 55.0225 56.2697 37.2872 27.2759 68.8023 22.4669 28.0704 62.8134 22.4547 62.6612 21.1953
threshold=1.0000000180025095e-35 3.2000000000000006 28.350000000000005 30.425000000000004 685.00000000000011 15.500000000000002 -0.49812626372919411 24.150000000000006 -0.79382744783423187 0.81925054981890411 0.99983759474438971 0.72695311118111527 -0.99275805973510278 278.50000000000006 0.28313308994381592 24.500000000000004 3.699999999999998 15.750000000000002 34.150000000000013 294.50000000000006 -0.88620506325989179 362.50000000000006 -0.94137724084408114 31.050000000000008 31.500000000000004 -0.6391983530350368 232.50000000000003 0.91666666666666974 29.950000000000003 40.500000000000007
decision_type=2 2 2 2 2 2 2 2 2 2 2 2 2 2 2 2 2 2 2 2 2 2 2 2 2 2 2 2 2 2
left_child=24 3 4 5 9 10 8 -8 -7 11 21 -3 13 18 15 -6 -11 -16 -4 20 -14 -2 23 -5 25 26 27 28 -1 -27
right_child=1 2 12 22 14 6 7 -9 -10 16 -12 -13 19 -15 17 -17 -18 -19 -20 -21 -22 -23 -24 -25 -26 29 -28 -29 -30 -31
leaf_value=0.01728096810972379 0 0 0 0 0 0 0 0 0 0 0.0044012667521016414 0 0 0 0.0022006333760508207 0 0 0 0 0.0022006333760508207 0 0.0022006333760508207 0.0022006333760508207 0.0022006333760508207 0.024111733447037532 0.0013039918655905092 -0.017719032411816854 -0.0035321763303512973 -0.0043858000417416332 0.010993060098646472
leaf_weight=4956 2775 12598 1533 340 368 2334 7459 5318 2866 624 142 1138 7464 269 70 178 5107 982 130 1839 14679 49 909 302 23214 9494 92 5024 68 44916
leaf_count=4956 2775 12598 1533 340 368 2334 7459 5318 2866 624 142 1138 7464 269 70 178 5107 982 130 1839 14679 49 909 302 23214 9494 92 5024 68 44916
internal_value=-0.00546509 -0.0159391 -0.0121619 -0.0238277 -0.0164384 -0.0252607 -0.0234614 -0.0207494 -0.030125 -0.0150904 -0.0361666 -0.0175976 -0.00868565 -0.0176967 -0.0328598 -0.0187179 -0.00908131 -0.0401996 -0.0132802 -0.00795972 -0.00864991 -0.0382365 -0.00447776 -0.0123676 0.00282599 0.00234624 -6.90333e-05 0.000307524 0.00267118 0.00279636
internal_weight=157237 69473 46979 22494 21065 20943 17977 12777 5200 19467 2966 13736 25914 1932 1598 546 5731 1052 1663 23982 22143 2824 1551 642 87764 64550 10140 10048 5024 54410
internal_count=157237 69473 46979 22494 21065 20943 17977 12777 5200 19467 2966 13736 25914 1932 1598 546 5731 1052 1663 23982 22143 2824 1551 642 87764 64550 10140 10048 5024 54410
is_linear=0
shrinkage=0.05


Tree=17
num_leaves=31
num_cat=0
split_feature=16 19 1 1 16 18 10 1 10 9 9 9 9 8 10 18 19 1 1 8 10 8 10 1 6 17 1 1 7 1
split_gain=5455.85 828.02 279.36 249.493 186.518 164.389 129.949 191.824 127.278 117.313 101.098 80.3993 67.8056 93.1875 66.348 72.9698 63.0658 61.2818 56.7563 55.0225 56.2697 37.2872 27.2759 68.8023 22.7748 22.6595 41.7511 20.1667 27.6937 19.978
threshold=1.0000000180025095e-35 3.2000000000000006 28.350000000000005 30.425000000000004 685.00000000000011 15.500000000000002 -0.49812626372919411 24.150000000000006 -0.79382744783423187 0.81925054981890411 0.99983759474438971 0.72695311118111527 -0.99275805973510278 278.50000000000006 0.28313308994381592 24.500000000000004 3.699999999999998 15.750000000000002 34.150000000000013 294.50000000000006 -0.88620506325989179 362.50000000000006 -0.94137724084408114 31.050000000000008 605.00000000000011 31.500000000000004 30.025000000000002 31.950000000000003 7.5000000000000009 29.333333333333339
decision_type=2 2 2 2 2 2 2 2 2 2 2 2 2 2 2 2 2 2 2 2 2 2 2 2 2 2 2 2 2 2
left_child=24 3 4 5 9 10 8 -8 -7 11 21 -3 13 18 15 -6 -11 -16 -4 20 -14 -2 23 -5 25 26 -1 -24 -29 -21
right_child=1 2 12 22 14 6 7 -9 -10 16 -12 -13 19 -15 17 -17 -18 -19 -20 29 -22 -23 27 -25 -26 -27 -28 28 -30 -31
leaf_value=0.021731313316652123 0 0 0 0 0 0 0 0 0 0 0.0041812034144965591 0 0 0 0.0020906017072482796 0 0 0 0 0.0020906017072482796 0 0.0020906017072482796 0.0020906017072482796 0.0020906017072482796 0.0012387922723109833 0.073536576208376822 -0.0041665100396545531 0.0020906017072482796 -0.00011003166880254104 -0.00011003166880254104
leaf_weight=45839 2775 12598 1533 340 368 2334 7459 5318 2866 624 142 1138 7464 269 70 178 5107 982 130 1024 14679 49 798 302 25581 16230 114 58 53 815
leaf_count=45839 2775 12598 1533 340 368 2334 7459 5318 2866 624 142 1138 7464 269 70 178 5107 982 130 1024 14679 49 798 302 25581 16230 114 58 53 815
internal_value=-0.00547082 -0.0159391 -0.0121619 -0.0238277 -0.0164384 -0.0252607 -0.0234614 -0.0207494 -0.030125 -0.0150904 -0.0361666 -0.0175976 -0.00868565 -0.0176967 -0.0328598 -0.0187179 -0.00908131 -0.0401996 -0.0132802 -0.00795972 -0.00864991 -0.0382365 -0.00447776 -0.0123676 0.00281573 0.00333234 0.00276511 0.00109461 -0.0188739 0.000350734
internal_weight=157237 69473 46979 22494 21065 20943 17977 12777 5200 19467 2966 13736 25914 1932 1598 546 5731 1052 1663 23982 22143 2824 1551 642 87764 62183 45953 909 111 1839
internal_count=157237 69473 46979 22494 21065 20943 17977 12777 5200 19467 2966 13736 25914 1932 1598 546 5731 1052 1663 23982 22143 2824 1551 642 87764 62183 45953 909 111 1839
is_linear=0
shrinkage=0.05


Tree=18
num_leaves=31
num_cat=0
split_feature=16 19 1 1 16 18 10 1 10 9 9 9 9 8 10 18 19 1 1 8 10 8 10 1 6 17 1 1 7 1
split_gain=5450.88 828.02 279.36 249.493 186.518 164.389 129.949 191.824 127.278 117.313 101.098 80.3993 67.8056 93.1875 66.348 72.9698 63.0658 61.2818 56.7563 55.0225 56.2697 37.2872 27.2759 68.8023 22.9614 22.2346 41.7481 20.1667 27.6937 19.978
threshold=1.0000000180025095e-35 3.2000000000000006 28.350000000000005 30.425000000000004 685.00000000000011 15.500000000000002 -0.49812626372919411 24.150000000000006 -0.79382744783423187 0.81925054981890411 0.99983759474438971 0.72695311118111527 -0.99275805973510278 278.50000000000006 0.28313308994381592 24.500000000000004 3.699999999999998 15.750000000000002 34.150000000000013 294.50000000000006 -0.88620506325989179 362.50000000000006 -0.94137724084408114 31.050000000000008 605.00000000000011 31.500000000000004 30.025000000000002 31.950000000000003 7.5000000000000009 29.333333333333339
decision_type=2 2 2 2 2 2 2 2 2 2 2 2 2 2 2 2 2 2 2 2 2 2 2 2 2 2 2 2 2 2
left_child=24 3 4 5 9 10 8 -8 -7 11 21 -3 13 18 15 -6 -11 -16 -4 20 -14 -2 23 -5 25 26 -1 -24 -29 -21
right_child=1 2 12 22 14 6 7 -9 -10 16 -12 -13 19 -15 17 -17 -18 -19 -20 29 -22 -23 27 -25 -26 -27 -28 28 -30 -31
leaf_value=0.020644747650819514 0 0 0 0 0 0 0 0 0 0 0.0039721432437717311 0 0 0 0.0019860716218858656 0 0 0 0 0.0019860716218858656 0 0.0019860716218858656 0.0019860716218858656 0.0019860716218858656 0.0011768526586954334 0.069859747397957986 -0.0039581845376718246 0.0019860716218858656 -0.00010453008536241399 -0.00010453008536241399
leaf_weight=45839 2775 12598 1533 340 368 2334 7459 5318 2866 624 142 1138 7464 269 70 178 5107 982 130 1024 14679 49 798 302 25581 16230 114 58 53 815
leaf_count=45839 2775 12598 1533 340 368 2334 7459 5318 2866 624 142 1138 7464 269 70 178 5107 982 130 1024 14679 49 798 302 25581 16230 114 58 53 815
internal_value=-0.00547559 -0.0159391 -0.0121619 -0.0238277 -0.0164384 -0.0252607 -0.0234614 -0.0207494 -0.030125 -0.0150904 -0.0361666 -0.0175976 -0.00868565 -0.0176967 -0.0328598 -0.0187179 -0.00908131 -0.0401996 -0.0132802 -0.00795972 -0.00864991 -0.0382365 -0.00447776 -0.0123676 0.00280719 0.00332591 0.00276402 0.00109461 -0.0188739 0.000350734
internal_weight=157237 69473 46979 22494 21065 20943 17977 12777 5200 19467 2966 13736 25914 1932 1598 546 5731 1052 1663 23982 22143 2824 1551 642 87764 62183 45953 909 111 1839
internal_count=157237 69473 46979 22494 21065 20943 17977 12777 5200 19467 2966 13736 25914 1932 1598 546 5731 1052 1663 23982 22143 2824 1551 642 87764 62183 45953 909 111 1839
is_linear=0
shrinkage=0.05


Tree=19
num_leaves=31
num_cat=0
split_feature=16 19 1 1 16 18 10 1 10 9 9 9 9 8 10 18 19 1 1 8 10 8 17 10 25 10 1 1 6 0
split_gain=5320.15 828.02 279.36 249.493 186.518 164.389 129.949 191.824 127.278 117.313 101.098 80.3993 67.8056 93.1875 66.348 72.9698 63.0658 61.2818 56.7563 55.0225 56.2697 37.2872 30.9808 49.3268 32.6973 27.2759 68.8023 27.0388 50.5288 25.8956
threshold=1.0000000180025095e-35 3.2000000000000006 28.350000000000005 30.425000000000004 685.00000000000011 15.500000000000002 -0.49812626372919411 24.150000000000006 -0.79382744783423187 0.81925054981890411 0.99983759474438971 0.72695311118111527 -0.99275805973510278 278.50000000000006 0.28313308994381592 24.500000000000004 3.699999999999998 15.750000000000002 34.150000000000013 294.50000000000006 -0.88620506325989179 362.50000000000006 29.500000000000004 -0.94137724084408114 30.500000000000004 -0.94137724084408114 31.050000000000008 27.716666666666672 665.00000000000011 27.31666666666667
decision_type=2 2 2 2 2 2 2 2 2 2 2 2 2 2 2 2 2 2 2 2 2 2 2 2 2 2 2 2 2 2
left_child=22 3 4 5 9 10 8 -8 -7 11 21 -3 13 18 15 -6 -11 -16 -4 20 -14 -2 23 27 -25 26 -5 -1 29 -29
right_child=1 2 12 25 14 6 7 -9 -10 16 -12 -13 19 -15 17 -17 -18 -19 -20 -21 -22 -23 -24 24 -26 -27 -28 28 -30 -31
leaf_value=0.083422000451391295 0 0 0 0 0 0 0 0 0 0 0.003773536081583144 0 0 0 0.001886768040791572 0 0 0 0 0.001886768040791572 0 0.001886768040791572 0.017422709081487204 0.0056335570611426994 -0.015512488356158023 0.001886768040791572 0.001886768040791572 -0.0077315082927200771 0.0032976619032797708 -0.010733487724143098
leaf_weight=168 2775 12598 1533 340 368 2334 7459 5318 2866 624 142 1138 7464 269 70 178 5107 982 130 1839 14679 49 34326 52687 127 909 302 156 169 131
leaf_count=168 2775 12598 1533 340 368 2334 7459 5318 2866 624 142 1138 7464 269 70 178 5107 982 130 1839 14679 49 34326 52687 127 909 302 156 169 131
internal_value=-0.00560183 -0.0159391 -0.0121619 -0.0238277 -0.0164384 -0.0252607 -0.0234614 -0.0207494 -0.030125 -0.0150904 -0.0361666 -0.0175976 -0.00868565 -0.0176967 -0.0328598 -0.0187179 -0.00908131 -0.0401996 -0.0132802 -0.00795972 -0.00864991 -0.0382365 0.00258101 0.0018281 0.00199322 -0.00447776 -0.0123676 -0.0121474 -0.0184649 -0.0312369
internal_weight=157237 69473 46979 22494 21065 20943 17977 12777 5200 19467 2966 13736 25914 1932 1598 546 5731 1052 1663 23982 22143 2824 87764 53438 52814 1551 642 624 456 287
internal_count=157237 69473 46979 22494 21065 20943 17977 12777 5200 19467 2966 13736 25914 1932 1598 546 5731 1052 1663 23982 22143 2824 87764 53438 52814 1551 642 624 456 287
is_linear=0
shrinkage=0.05


Tree=20
num_leaves=31
num_cat=0
split_feature=16 19 1 1 16 18 10 1 10 9 9 9 9 8 10 18 19 1 1 8 10 8 17 10 1 10 9 27 6 17
split_gain=5244.8 828.02 279.36 249.493 186.518 164.389 129.949 191.824 127.278 117.313 101.098 80.3993 67.8056 93.1875 66.348 72.9698 63.0658 61.2818 56.7563 55.0225 56.2697 37.2872 35.8338 27.2759 68.8023 23.4839 35.6685 34.9461 45.6606 21.2829
threshold=1.0000000180025095e-35 3.2000000000000006 28.350000000000005 30.425000000000004 685.00000000000011 15.500000000000002 -0.49812626372919411 24.150000000000006 -0.79382744783423187 0.81925054981890411 0.99983759474438971 0.72695311118111527 -0.99275805973510278 278.50000000000006 0.28313308994381592 24.500000000000004 3.699999999999998 15.750000000000002 34.150000000000013 294.50000000000006 -0.88620506325989179 362.50000000000006 31.500000000000004 -0.94137724084408114 31.050000000000008 -0.9575230291762723 0.26037272046371446 0.20000000000000198 635.00000000000011 29.500000000000004
decision_type=2 2 2 2 2 2 2 2 2 2 2 2 2 2 2 2 2 2 2 2 2 2 2 2 2 2 2 2 2 2
left_child=22 3 4 5 9 10 8 -8 -7 11 21 -3 13 18 15 -6 -11 -16 -4 20 -14 -2 25 24 -5 26 29 -28 -29 -1
right_child=1 2 12 23 14 6 7 -9 -10 16 -12 -13 19 -15 17 -17 -18 -19 -20 -21 -22 -23 -24 -25 -26 -27 27 28 -30 -31
leaf_value=-0.007081977019987285 0 0 0 0 0 0 0 0 0 0 0.0035848592775039865 0 0 0 0.0017924296387519933 0 0 0 0 0.0017924296387519933 0 0.0017924296387519933 0.021551574819505738 0.0017924296387519933 0.0017924296387519933 0.0054036030368012694 0.0054754401473868916 -0.0073449328780840735 0.0009068104004347796 0.0073610886230757377
leaf_weight=286 2775 12598 1533 340 368 2334 7459 5318 2866 624 142 1138 7464 269 70 178 5107 982 130 1839 14679 49 23214 909 302 62659 175 177 81 1172
leaf_count=286 2775 12598 1533 340 368 2334 7459 5318 2866 624 142 1138 7464 269 70 178 5107 982 130 1839 14679 49 23214 909 302 62659 175 177 81 1172
internal_value=-0.00567529 -0.0159391 -0.0121619 -0.0238277 -0.0164384 -0.0252607 -0.0234614 -0.0207494 -0.030125 -0.0150904 -0.0361666 -0.0175976 -0.00868565 -0.0176967 -0.0328598 -0.0187179 -0.00908131 -0.0401996 -0.0132802 -0.00795972 -0.00864991 -0.0382365 0.00244941 -0.00447776 -0.0123676 0.00184353 -0.00364622 -0.0162471 -0.0279457 9.60221e-05
internal_weight=157237 69473 46979 22494 21065 20943 17977 12777 5200 19467 2966 13736 25914 1932 1598 546 5731 1052 1663 23982 22143 2824 87764 1551 642 64550 1891 433 258 1458
internal_count=157237 69473 46979 22494 21065 20943 17977 12777 5200 19467 2966 13736 25914 1932 1598 546 5731 1052 1663 23982 22143 2824 87764 1551 642 64550 1891 433 258 1458
is_linear=0
shrinkage=0.05


Tree=21
num_leaves=31
num_cat=0
split_feature=16 19 1 1 16 18 10 1 10 9 9 9 9 8 10 18 19 1 1 8 10 6 8 17 10 8 19 10 1 27
split_gain=5163.87 828.02 279.36 249.493 186.518 164.389 129.949 191.824 127.278 117.313 101.098 80.3993 67.8056 93.1875 66.348 72.9698 63.0658 61.2818 56.7563 55.0225 56.2697 50.1298 37.2872 35.6599 28.9763 64.027 29.6447 27.2759 68.8023 27.091
threshold=1.0000000180025095e-35 3.2000000000000006 28.350000000000005 30.425000000000004 685.00000000000011 15.500000000000002 -0.49812626372919411 24.150000000000006 -0.79382744783423187 0.81925054981890411 0.99983759474438971 0.72695311118111527 -0.99275805973510278 278.50000000000006 0.28313308994381592 24.500000000000004 3.699999999999998 15.750000000000002 34.150000000000013 294.50000000000006 -0.88620506325989179 865.00000000000011 362.50000000000006 31.500000000000004 -0.6391983530350368 232.50000000000003 1.1000000000000008 -0.94137724084408114 31.050000000000008 1.0000000180025095e-35
decision_type=2 2 2 2 2 2 2 2 2 2 2 2 2 2 2 2 2 2 2 2 2 2 2 2 2 2 2 2 2 2
left_child=21 3 4 5 9 10 8 -8 -7 11 22 -3 13 18 15 -6 -11 -16 -4 20 -14 23 -2 24 25 26 -1 28 -5 -23
right_child=1 2 12 27 14 6 7 -9 -10 16 -12 -13 19 -15 17 -17 -18 -19 -20 -21 -22 29 -24 -25 -26 -27 -28 -29 -30 -31
leaf_value=0.0087462574588739236 0 0 0 0 0 0 0 0 0 0 0.0034056163136287872 0 0 0 0.0017028081568143936 0 0 0 0 0.0017028081568143936 0 -0.0047447803421270226 0.0017028081568143936 0.030473995482484001 0.010089823651474081 -0.019503741844496797 -0.005213084425052656 0.0017028081568143936 0.0017028081568143936 0.00020349590366307846
leaf_weight=5486 2775 12598 1533 340 368 2334 7459 5318 2866 624 142 1138 7464 269 70 178 5107 982 130 1839 14679 1652 49 22350 52164 87 4131 909 302 1894
leaf_count=5486 2775 12598 1533 340 368 2334 7459 5318 2866 624 142 1138 7464 269 70 178 5107 982 130 1839 14679 1652 49 22350 52164 87 4131 909 302 1894
internal_value=-0.00575478 -0.0159391 -0.0121619 -0.0238277 -0.0164384 -0.0252607 -0.0234614 -0.0207494 -0.030125 -0.0150904 -0.0361666 -0.0175976 -0.00868565 -0.0176967 -0.0328598 -0.0187179 -0.00908131 -0.0401996 -0.0132802 -0.00795972 -0.00864991 0.00230698 -0.0382365 0.00255219 0.00193379 -0.00057502 -0.000188728 -0.00447776 -0.0123676 -0.00351664
internal_weight=157237 69473 46979 22494 21065 20943 17977 12777 5200 19467 2966 13736 25914 1932 1598 546 5731 1052 1663 23982 22143 87764 2824 84218 61868 9704 9617 1551 642 3546
internal_count=157237 69473 46979 22494 21065 20943 17977 12777 5200 19467 2966 13736 25914 1932 1598 546 5731 1052 1663 23982 22143 87764 2824 84218 61868 9704 9617 1551 642 3546
is_linear=0
shrinkage=0.05


Tree=22
num_leaves=31
num_cat=0
split_feature=16 19 1 1 16 18 10 1 10 9 9 6 9 9 8 10 18 19 1 1 8 10 8 17 10 9 1 17 10 1
split_gain=5017.87 828.02 279.36 249.493 186.518 164.389 129.949 191.824 127.278 117.313 101.098 87.1518 80.3993 67.8056 93.1875 66.348 72.9698 63.0658 61.2818 56.7563 55.0225 56.2697 37.2872 31.5826 29.7872 49.33 50.1866 32.3932 27.2759 68.8023
threshold=1.0000000180025095e-35 3.2000000000000006 28.350000000000005 30.425000000000004 685.00000000000011 15.500000000000002 -0.49812626372919411 24.150000000000006 -0.79382744783423187 0.81925054981890411 0.99983759474438971 725.00000000000011 0.72695311118111527 -0.99275805973510278 278.50000000000006 0.28313308994381592 24.500000000000004 3.699999999999998 15.750000000000002 34.150000000000013 294.50000000000006 -0.88620506325989179 362.50000000000006 31.500000000000004 -0.9575230291762723 0.26037272046371446 27.716666666666672 29.500000000000004 -0.94137724084408114 31.050000000000008
decision_type=2 2 2 2 2 2 2 2 2 2 2 2 2 2 2 2 2 2 2 2 2 2 2 2 2 2 2 2 2 2
left_child=11 3 4 5 9 10 8 -8 -7 12 22 23 -3 14 19 16 -6 -11 -17 -4 21 -15 -2 24 25 27 -27 -1 29 -5
right_child=1 2 13 28 15 6 7 -9 -10 17 -12 -13 -14 20 -16 18 -18 -19 -20 -21 -22 -23 -24 -25 -26 26 -28 -29 -30 -31
leaf_value=-0.0071651910419316157 0 0 0 0 0 0 0 0 0 0 0.0032353354979473476 -0.0006353244202299158 0 0 0 0.0016176677489736738 0 0 0 0 0.0016176677489736738 0 0.0016176677489736738 0.052894349635164928 0.017247051064413776 0.158084275686733 -0.0067170320129272378 0.010704844643540823 0.0016176677489736738 0.0016176677489736738
leaf_weight=216 2775 12598 1533 340 368 2334 7459 5318 2866 624 142 13848 1138 7464 269 70 178 5107 982 130 1839 14679 49 19346 52941 119 227 1067 909 302
leaf_count=216 2775 12598 1533 340 368 2334 7459 5318 2866 624 142 13848 1138 7464 269 70 178 5107 982 130 1839 14679 49 19346 52941 119 227 1067 909 302
internal_value=-0.00589979 -0.0159391 -0.0121619 -0.0238277 -0.0164384 -0.0252607 -0.0234614 -0.0207494 -0.030125 -0.0150904 -0.0361666 0.00204719 -0.0175976 -0.00868565 -0.0176967 -0.0328598 -0.0187179 -0.00908131 -0.0401996 -0.0132802 -0.00795972 -0.00864991 -0.0382365 0.00272918 0.0021138 -0.00454573 -0.0213006 -2.72796e-05 -0.00447776 -0.0123676
internal_weight=157237 69473 46979 22494 21065 20943 17977 12777 5200 19467 2966 87764 13736 25914 1932 1598 546 5731 1052 1663 23982 22143 2824 73916 54570 1629 346 1283 1551 642
internal_count=157237 69473 46979 22494 21065 20943 17977 12777 5200 19467 2966 87764 13736 25914 1932 1598 546 5731 1052 1663 23982 22143 2824 73916 54570 1629 346 1283 1551 642
is_linear=0
shrinkage=0.05


Tree=23
num_leaves=31
num_cat=0
split_feature=16 19 1 1 16 18 10 1 10 9 9 6 9 9 8 10 18 19 1 1 8 10 8 17 10 9 1 17 10 1
split_gain=4999.45 828.02 279.36 249.493 186.518 164.389 129.949 191.824 127.278 117.313 101.098 85.5768 80.3993 67.8056 93.1875 66.348 72.9698 63.0658 61.2818 56.7563 55.0225 56.2697 37.2872 32.7386 29.3381 49.33 50.1866 32.3932 27.2759 68.8023
threshold=1.0000000180025095e-35 3.2000000000000006 28.350000000000005 30.425000000000004 685.00000000000011 15.500000000000002 -0.49812626372919411 24.150000000000006 -0.79382744783423187 0.81925054981890411 0.99983759474438971 725.00000000000011 0.72695311118111527 -0.99275805973510278 278.50000000000006 0.28313308994381592 24.500000000000004 3.699999999999998 15.750000000000002 34.150000000000013 294.50000000000006 -0.88620506325989179 362.50000000000006 31.500000000000004 -0.9575230291762723 0.26037272046371446 27.716666666666672 29.500000000000004 -0.94137724084408114 31.050000000000008
decision_type=2 2 2 2 2 2 2 2 2 2 2 2 2 2 2 2 2 2 2 2 2 2 2 2 2 2 2 2 2 2
left_child=11 3 4 5 9 10 8 -8 -7 12 22 23 -3 14 19 16 -6 -11 -17 -4 21 -15 -2 24 25 27 -27 -1 29 -5
right_child=1 2 13 28 15 6 7 -9 -10 17 -12 -13 -14 20 -16 18 -18 -19 -20 -21 -22 -23 -24 -25 -26 26 -28 -29 -30 -31
leaf_value=-0.0068069314898350332 0 0 0 0 0 0 0 0 0 0 0.0030735687230499797 -0.00060355819921842086 0 0 0 0.0015367843615249899 0 0 0 0 0.0015367843615249899 0 0.0015367843615249899 0.050249632153406679 0.016384698511193087 0.15018006190239636 -0.0063811804122808763 0.010169602411363783 0.0015367843615249899 0.0015367843615249899
leaf_weight=216 2775 12598 1533 340 368 2334 7459 5318 2866 624 142 13848 1138 7464 269 70 178 5107 982 130 1839 14679 49 19346 52941 119 227 1067 909 302
leaf_count=216 2775 12598 1533 340 368 2334 7459 5318 2866 624 142 13848 1138 7464 269 70 178 5107 982 130 1839 14679 49 19346 52941 119 227 1067 909 302
internal_value=-0.00591823 -0.0159391 -0.0121619 -0.0238277 -0.0164384 -0.0252607 -0.0234614 -0.0207494 -0.030125 -0.0150904 -0.0361666 0.00201415 -0.0175976 -0.00868565 -0.0176967 -0.0328598 -0.0187179 -0.00908131 -0.0401996 -0.0132802 -0.00795972 -0.00864991 -0.0382365 0.00268995 0.0020634 -0.00454573 -0.0213006 -2.72796e-05 -0.00447776 -0.0123676
internal_weight=157237 69473 46979 22494 21065 20943 17977 12777 5200 19467 2966 87764 13736 25914 1932 1598 546 5731 1052 1663 23982 22143 2824 73916 54570 1629 346 1283 1551 642
internal_count=157237 69473 46979 22494 21065 20943 17977 12777 5200 19467 2966 87764 13736 25914 1932 1598 546 5731 1052 1663 23982 22143 2824 73916 54570 1629 346 1283 1551 642
is_linear=0
shrinkage=0.05


Tree=24
num_leaves=31
num_cat=0
split_feature=16 19 1 1 16 18 10 1 10 9 9 6 9 9 8 10 18 19 1 1 8 10 8 17 21 7 10 1 10 9
split_gain=4968.09 828.02 279.36 249.493 186.518 164.389 129.949 191.824 127.278 117.313 101.098 83.2718 80.3993 67.8056 93.1875 66.348 72.9698 63.0658 61.2818 56.7563 55.0225 56.2697 37.2872 31.4925 28.7963 31.4157 27.2759 68.8023 26.7695 47.2509
threshold=1.0000000180025095e-35 3.2000000000000006 28.350000000000005 30.425000000000004 685.00000000000011 15.500000000000002 -0.49812626372919411 24.150000000000006 -0.79382744783423187 0.81925054981890411 0.99983759474438971 705.00000000000011 0.72695311118111527 -0.99275805973510278 278.50000000000006 0.28313308994381592 24.500000000000004 3.699999999999998 15.750000000000002 34.150000000000013 294.50000000000006 -0.88620506325989179 362.50000000000006 31.500000000000004 7.5000000000000009 9.5000000000000018 -0.94137724084408114 31.050000000000008 -0.9575230291762723 0.26037272046371446
decision_type=2 2 2 2 2 2 2 2 2 2 2 2 2 2 2 2 2 2 2 2 2 2 2 2 2 2 2 2 2 2
left_child=11 3 4 5 9 10 8 -8 -7 12 22 23 -3 14 19 16 -6 -11 -17 -4 21 -15 -2 24 28 -26 27 -5 29 -1
right_child=1 2 13 26 15 6 7 -9 -10 17 -12 -13 -14 20 -16 18 -18 -19 -20 -21 -22 -23 -24 -25 25 -27 -28 -29 -30 -31
leaf_value=6.2136480566754579e-05 0 0 0 0 0 0 0 0 0 0 0.0029198902868974811 -0.00051950813221247135 0 0 0 0.0014599451434487406 0 0 0 0 0.0014599451434487406 0 0.0014599451434487406 0.049240171057800999 -0.0020681229350147769 -0.023125425131374007 0.0014599451434487406 0.0014599451434487406 0.016874573602027293 -0.0060621213916668337
leaf_weight=1253 2775 12598 1533 340 368 2334 7459 5318 2866 624 142 15742 1138 7464 269 70 178 5107 982 130 1839 14679 49 18837 306 76 909 302 51227 323
leaf_count=1253 2775 12598 1533 340 368 2334 7459 5318 2866 624 142 15742 1138 7464 269 70 178 5107 982 130 1839 14679 49 18837 306 76 909 302 51227 323
internal_value=-0.00594971 -0.0159391 -0.0121619 -0.0238277 -0.0164384 -0.0252607 -0.0234614 -0.0207494 -0.030125 -0.0150904 -0.0361666 0.00195775 -0.0175976 -0.00868565 -0.0176967 -0.0328598 -0.0187179 -0.00908131 -0.0401996 -0.0132802 -0.00795972 -0.00864991 -0.0382365 0.00267779 0.00205556 -0.011623 -0.00447776 -0.0123676 0.00215452 -0.00426396
internal_weight=157237 69473 46979 22494 21065 20943 17977 12777 5200 19467 2966 87764 13736 25914 1932 1598 546 5731 1052 1663 23982 22143 2824 72022 53185 382 1551 642 52803 1576
internal_count=157237 69473 46979 22494 21065 20943 17977 12777 5200 19467 2966 87764 13736 25914 1932 1598 546 5731 1052 1663 23982 22143 2824 72022 53185 382 1551 642 52803 1576
is_linear=0
shrinkage=0.05


Tree=25
num_leaves=31
num_cat=0
split_feature=16 19 1 1 16 18 10 1 10 9 9 6 9 9 8 10 18 19 1 1 8 10 8 17 10 9 1 17 10 1
split_gain=4947.55 828.02 279.36 249.493 186.518 164.389 129.949 191.824 127.278 117.313 101.098 83.4623 80.3993 67.8056 93.1875 66.348 72.9698 63.0658 61.2818 56.7563 55.0225 56.2697 37.2872 32.8591 28.0427 54.3899 56.61 31.3599 27.2759 68.8023
threshold=1.0000000180025095e-35 3.2000000000000006 28.350000000000005 30.425000000000004 685.00000000000011 15.500000000000002 -0.49812626372919411 24.150000000000006 -0.79382744783423187 0.81925054981890411 0.99983759474438971 685.00000000000011 0.72695311118111527 -0.99275805973510278 278.50000000000006 0.28313308994381592 24.500000000000004 3.699999999999998 15.750000000000002 34.150000000000013 294.50000000000006 -0.88620506325989179 362.50000000000006 31.500000000000004 -0.9575230291762723 0.26037272046371446 27.716666666666672 29.500000000000004 -0.94137724084408114 31.050000000000008
decision_type=2 2 2 2 2 2 2 2 2 2 2 2 2 2 2 2 2 2 2 2 2 2 2 2 2 2 2 2 2 2
left_child=11 3 4 5 9 10 8 -8 -7 12 22 23 -3 14 19 16 -6 -11 -17 -4 21 -15 -2 24 25 27 -27 -1 29 -5
right_child=1 2 13 28 15 6 7 -9 -10 17 -12 -13 -14 20 -16 18 -18 -19 -20 -21 -22 -23 -24 -25 -26 26 -28 -29 -30 -31
leaf_value=-0.0064696917393716191 0 0 0 0 0 0 0 0 0 0 0.0027738957725526067 -0.00033487303577999926 0 0 0 0.0013869478862763034 0 0 0 0 0.0013869478862763034 0 0.0013869478862763034 0.05027514318493919 0.015885208527082754 0.14297416487685985 -0.0057590153220834911 0.011396639782967339 0.0013869478862763034 0.0013869478862763034
leaf_weight=207 2775 12598 1533 340 368 2334 7459 5318 2866 624 142 17664 1138 7464 269 70 178 5107 982 130 1839 14679 49 18325 50215 119 211 1023 909 302
leaf_count=207 2775 12598 1533 340 368 2334 7459 5318 2866 624 142 17664 1138 7464 269 70 178 5107 982 130 1839 14679 49 18325 50215 119 211 1023 909 302
internal_value=-0.00597038 -0.0159391 -0.0121619 -0.0238277 -0.0164384 -0.0252607 -0.0234614 -0.0207494 -0.030125 -0.0150904 -0.0361666 0.00192072 -0.0175976 -0.00868565 -0.0176967 -0.0328598 -0.0187179 -0.00908131 -0.0401996 -0.0132802 -0.00795972 -0.00864991 -0.0382365 0.00269472 0.0020507 -0.00455128 -0.0225758 0.000284553 -0.00447776 -0.0123676
internal_weight=157237 69473 46979 22494 21065 20943 17977 12777 5200 19467 2966 87764 13736 25914 1932 1598 546 5731 1052 1663 23982 22143 2824 70100 51775 1560 330 1230 1551 642
internal_count=157237 69473 46979 22494 21065 20943 17977 12777 5200 19467 2966 87764 13736 25914 1932 1598 546 5731 1052 1663 23982 22143 2824 70100 51775 1560 330 1230 1551 642
is_linear=0
shrinkage=0.05


Tree=26
num_leaves=31
num_cat=0
split_feature=16 19 1 1 16 18 10 1 10 9 9 6 9 9 8 10 18 19 1 1 8 10 8 17 25 1 20 10 1 9
split_gain=4921.39 828.02 279.36 249.493 186.518 164.389 129.949 191.824 127.278 117.313 101.098 80.9124 80.3993 67.8056 93.1875 66.348 72.9698 63.0658 61.2818 56.7563 55.0225 56.2697 37.2872 33.622 34.1362 27.8194 35.9677 27.2759 68.8023 20.4098
threshold=1.0000000180025095e-35 3.2000000000000006 28.350000000000005 30.425000000000004 685.00000000000011 15.500000000000002 -0.49812626372919411 24.150000000000006 -0.79382744783423187 0.81925054981890411 0.99983759474438971 685.00000000000011 0.72695311118111527 -0.99275805973510278 278.50000000000006 0.28313308994381592 24.500000000000004 3.699999999999998 15.750000000000002 34.150000000000013 294.50000000000006 -0.88620506325989179 362.50000000000006 31.500000000000004 1.0000000180025095e-35 30.025000000000002 0.4000000000000013 -0.94137724084408114 31.050000000000008 -0.98803845231459242
decision_type=2 2 2 2 2 2 2 2 2 2 2 2 2 2 2 2 2 2 2 2 2 2 2 2 2 2 2 2 2 2
left_child=11 3 4 5 9 10 8 -8 -7 12 22 23 -3 14 19 16 -6 -11 -17 -4 21 -15 -2 24 25 -1 -27 28 -5 -26
right_child=1 2 13 27 15 6 7 -9 -10 17 -12 -13 -14 20 -16 18 -18 -19 -20 -21 -22 -23 -24 -25 29 26 -28 -29 -30 -31
leaf_value=0.018338228919378426 0 0 0 0 0 0 0 0 0 0 0.0026352009839249765 -0.00031812938399099905 0 0 0 0.0013176004919624883 0 0 0 0 0.0013176004919624883 0 0.0013176004919624883 0.047761386025692236 -0.02276341430115944 -0.0040965281882277106 -0.0079546535663025022 0.0013176004919624883 0.0013176004919624883 -0.0027589772146181749
leaf_weight=49547 2775 12598 1533 340 368 2334 7459 5318 2866 624 142 17664 1138 7464 269 70 178 5107 982 130 1839 14679 49 18325 171 75 217 909 302 1765
leaf_count=49547 2775 12598 1533 340 368 2334 7459 5318 2866 624 142 17664 1138 7464 269 70 178 5107 982 130 1839 14679 49 18325 171 75 217 909 302 1765
internal_value=-0.00599678 -0.0159391 -0.0121619 -0.0238277 -0.0164384 -0.0252607 -0.0234614 -0.0207494 -0.030125 -0.0150904 -0.0361666 0.00187343 -0.0175976 -0.00868565 -0.0176967 -0.0328598 -0.0187179 -0.00908131 -0.0401996 -0.0132802 -0.00795972 -0.00864991 -0.0382365 0.00263552 0.00198407 0.0022371 -0.0131507 -0.00447776 -0.0123676 -0.00452996
internal_weight=157237 69473 46979 22494 21065 20943 17977 12777 5200 19467 2966 87764 13736 25914 1932 1598 546 5731 1052 1663 23982 22143 2824 70100 51775 49839 292 1551 642 1936
internal_count=157237 69473 46979 22494 21065 20943 17977 12777 5200 19467 2966 87764 13736 25914 1932 1598 546 5731 1052 1663 23982 22143 2824 70100 51775 49839 292 1551 642 1936
is_linear=0
shrinkage=0.05


Tree=27
num_leaves=31
num_cat=0
split_feature=16 19 1 1 16 18 10 1 10 9 9 9 6 9 8 10 18 19 1 1 8 10 17 8 25 10 1 9 7 10
split_gain=4806.84 828.02 279.36 249.493 186.518 164.389 129.949 191.824 127.278 117.313 101.098 80.3993 71.6578 67.8056 93.1875 66.348 72.9698 63.0658 61.2818 56.7563 55.0225 56.2697 44.8666 37.2872 31.6919 27.2759 68.8023 26.981 42.7469 32.5596
threshold=1.0000000180025095e-35 3.2000000000000006 28.350000000000005 30.425000000000004 685.00000000000011 15.500000000000002 -0.49812626372919411 24.150000000000006 -0.79382744783423187 0.81925054981890411 0.99983759474438971 0.72695311118111527 765.00000000000011 -0.99275805973510278 278.50000000000006 0.28313308994381592 24.500000000000004 3.699999999999998 15.750000000000002 34.150000000000013 294.50000000000006 -0.88620506325989179 30.500000000000004 362.50000000000006 1.0000000180025095e-35 -0.94137724084408114 31.050000000000008 -0.98803845231459242 9.5000000000000018 -0.88620506325989179
decision_type=2 2 2 2 2 2 2 2 2 2 2 2 2 2 2 2 2 2 2 2 2 2 2 2 2 2 2 2 2 2
left_child=12 3 4 5 9 10 8 -8 -7 11 23 -3 22 14 19 16 -6 -11 -17 -4 21 -15 24 -2 -1 26 -5 28 -26 -29
right_child=1 2 13 25 15 6 7 -9 -10 17 -12 -13 -14 20 -16 18 -18 -19 -20 -21 -22 -23 -24 -25 27 -27 -28 29 -30 -31
leaf_value=0.0096977772342201635 0 0 0 0 0 0 0 0 0 0 0.0025034409347287276 0 -0.00061315520327612791 0 0 0.0012517204673643638 0 0 0 0 0.0012517204673643638 0 0.030373319108593411 0.0012517204673643638 0.015065645194235906 0.0012517204673643638 0.0012517204673643638 -0.0062542615498136838 -0.021625243586101468 0.00037453574048849084
leaf_weight=50301 2775 12598 1533 340 368 2334 7459 5318 2866 624 142 1138 10229 7464 269 70 178 5107 982 130 1839 14679 25332 49 77 909 302 340 105 1380
leaf_count=50301 2775 12598 1533 340 368 2334 7459 5318 2866 624 142 1138 10229 7464 269 70 178 5107 982 130 1839 14679 25332 49 77 909 302 340 105 1380
internal_value=-0.00611316 -0.0159391 -0.0121619 -0.0238277 -0.0164384 -0.0252607 -0.0234614 -0.0207494 -0.030125 -0.0150904 -0.0361666 -0.0175976 0.00166492 -0.00868565 -0.0176967 -0.0328598 -0.0187179 -0.00908131 -0.0401996 -0.0132802 -0.00795972 -0.00864991 0.00218385 -0.0382365 0.001346 -0.00447776 -0.0123676 -0.00498948 -0.0232967 -0.00305233
internal_weight=157237 69473 46979 22494 21065 20943 17977 12777 5200 19467 2966 13736 87764 25914 1932 1598 546 5731 1052 1663 23982 22143 77535 2824 52203 1551 642 1902 182 1720
internal_count=157237 69473 46979 22494 21065 20943 17977 12777 5200 19467 2966 13736 87764 25914 1932 1598 546 5731 1052 1663 23982 22143 77535 2824 52203 1551 642 1902 182 1720
is_linear=0
shrinkage=0.05


Tree=28
num_leaves=31
num_cat=0
split_feature=16 19 1 1 16 18 10 1 10 9 9 9 6 9 8 10 18 19 1 1 8 10 17 8 25 10 1 1 20 10
split_gain=4785.71 828.02 279.36 249.493 186.518 164.389 129.949 191.824 127.278 117.313 101.098 80.3993 75.7934 67.8056 93.1875 66.348 72.9698 63.0658 61.2818 56.7563 55.0225 56.2697 42.6959 37.2872 31.0367 27.2759 68.8023 27.1189 35.5563 20.9986
threshold=1.0000000180025095e-35 3.2000000000000006 28.350000000000005 30.425000000000004 685.00000000000011 15.500000000000002 -0.49812626372919411 24.150000000000006 -0.79382744783423187 0.81925054981890411 0.99983759474438971 0.72695311118111527 685.00000000000011 -0.99275805973510278 278.50000000000006 0.28313308994381592 24.500000000000004 3.699999999999998 15.750000000000002 34.150000000000013 294.50000000000006 -0.88620506325989179 31.500000000000004 362.50000000000006 1.0000000180025095e-35 -0.94137724084408114 31.050000000000008 30.025000000000002 0.4000000000000013 -0.99983123799342477
decision_type=2 2 2 2 2 2 2 2 2 2 2 2 2 2 2 2 2 2 2 2 2 2 2 2 2 2 2 2 2 2
left_child=12 3 4 5 9 10 8 -8 -7 11 23 -3 22 14 19 16 -6 -11 -17 -4 21 -15 24 -2 27 26 -5 29 -29 -1
right_child=1 2 13 25 15 6 7 -9 -10 17 -12 -13 -14 20 -16 18 -18 -19 -20 -21 -22 -23 -24 -25 -26 -27 -28 28 -30 -31
leaf_value=-0.0059594821154540373 0 0 0 0 0 0 0 0 0 0 0.002378268887992291 0 -0.0005358208302102236 0 0 0.0011891344439961455 0 0 0 0 0.0011891344439961455 0 0.04385465076897796 0.0011891344439961455 -0.0050204026177577245 0.0011891344439961455 0.0011891344439961455 -0.0054103677342459966 -0.0081368748155380023 0.017525675363590898
leaf_weight=183 2775 12598 1533 340 368 2334 7459 5318 2866 624 142 1138 17664 7464 269 70 178 5107 982 130 1839 14679 18325 49 1936 909 302 75 217 49364
leaf_count=183 2775 12598 1533 340 368 2334 7459 5318 2866 624 142 1138 17664 7464 269 70 178 5107 982 130 1839 14679 18325 49 1936 909 302 75 217 49364
internal_value=-0.00613478 -0.0159391 -0.0121619 -0.0238277 -0.0164384 -0.0252607 -0.0234614 -0.0207494 -0.030125 -0.0150904 -0.0361666 -0.0175976 0.00162618 -0.00868565 -0.0176967 -0.0328598 -0.0187179 -0.00908131 -0.0401996 -0.0132802 -0.00795972 -0.00864991 0.00236377 -0.0382365 0.00162965 -0.00447776 -0.0123676 0.00187092 -0.0133219 0.00196046
internal_weight=157237 69473 46979 22494 21065 20943 17977 12777 5200 19467 2966 13736 87764 25914 1932 1598 546 5731 1052 1663 23982 22143 70100 2824 51775 1551 642 49839 292 49547
internal_count=157237 69473 46979 22494 21065 20943 17977 12777 5200 19467 2966 13736 87764 25914 1932 1598 546 5731 1052 1663 23982 22143 70100 2824 51775 1551 642 49839 292 49547
is_linear=0
shrinkage=0.05


Tree=29
num_leaves=31
num_cat=0
split_feature=16 19 1 1 16 18 10 1 10 9 9 9 6 9 8 10 18 19 1 1 8 10 17 8 1 20 10 1 10 25
split_gain=4793.47 828.02 279.36 249.493 186.518 164.389 129.949 191.824 127.278 117.313 101.098 80.3993 78.6246 67.8056 93.1875 66.348 72.9698 63.0658 61.2818 56.7563 55.0225 56.2697 40.1293 37.2872 34.5969 28.1752 27.2759 68.8023 20.7636 20.5898
threshold=1.0000000180025095e-35 3.2000000000000006 28.350000000000005 30.425000000000004 685.00000000000011 15.500000000000002 -0.49812626372919411 24.150000000000006 -0.79382744783423187 0.81925054981890411 0.99983759474438971 0.72695311118111527 645.00000000000011 -0.99275805973510278 278.50000000000006 0.28313308994381592 24.500000000000004 3.699999999999998 15.750000000000002 34.150000000000013 294.50000000000006 -0.88620506325989179 31.500000000000004 362.50000000000006 30.025000000000002 0.42000000000000354 -0.94137724084408114 31.050000000000008 -0.99983123799342477 33.500000000000007
decision_type=2 2 2 2 2 2 2 2 2 2 2 2 2 2 2 2 2 2 2 2 2 2 2 2 2 2 2 2 2 2
left_child=12 3 4 5 9 10 8 -8 -7 11 23 -3 22 14 19 16 -6 -11 -17 -4 21 -15 24 -2 28 -26 27 -5 -1 -30
right_child=1 2 13 26 15 6 7 -9 -10 17 -12 -13 -14 20 -16 18 -18 -19 -20 -21 -22 -23 -24 -25 25 -27 -28 -29 29 -31
leaf_value=-0.0056615080096813347 0 0 0 0 0 0 0 0 0 0 0.0022593554435926771 0 -0.00045730595998400849 0 0 0.0011296777217963386 0 0 0 0 0.0011296777217963386 0 0.046661913462157478 0.0011296777217963386 -0.0051438550517433944 -0.010647001832005176 0.0011296777217963386 0.0011296777217963386 0.01560682670016616 -0.014360658896078736
leaf_weight=187 2775 12598 1533 340 368 2334 7459 5318 2866 624 142 1138 21590 7464 269 70 178 5107 982 130 1839 14679 17284 49 70 105 909 302 48393 135
leaf_count=187 2775 12598 1533 340 368 2334 7459 5318 2866 624 142 1138 21590 7464 269 70 178 5107 982 130 1839 14679 17284 49 70 105 909 302 48393 135
internal_value=-0.00612683 -0.0159391 -0.0121619 -0.0238277 -0.0164384 -0.0252607 -0.0234614 -0.0207494 -0.030125 -0.0150904 -0.0361666 -0.0175976 0.00164042 -0.00868565 -0.0176967 -0.0328598 -0.0187179 -0.00908131 -0.0401996 -0.0132802 -0.00795972 -0.00864991 0.00249524 -0.0382365 0.00176314 -0.0204286 -0.00447776 -0.0123676 0.00184286 0.00190694
internal_weight=157237 69473 46979 22494 21065 20943 17977 12777 5200 19467 2966 13736 87764 25914 1932 1598 546 5731 1052 1663 23982 22143 66174 2824 48890 175 1551 642 48715 48528
internal_count=157237 69473 46979 22494 21065 20943 17977 12777 5200 19467 2966 13736 87764 25914 1932 1598 546 5731 1052 1663 23982 22143 66174 2824 48890 175 1551 642 48715 48528
is_linear=0
shrinkage=0.05


Tree=30
num_leaves=31
num_cat=0
split_feature=16 19 1 1 16 18 10 1 10 9 9 9 4 9 8 10 18 19 1 1 8 10 10 8 17 25 10 1 18 10
split_gain=4715.5 828.02 279.36 249.493 186.518 164.389 129.949 191.824 127.278 117.313 101.098 80.3993 70.4053 67.8056 93.1875 66.348 72.9698 63.0658 61.2818 56.7563 55.0225 56.2697 38.0239 37.2872 36.6617 41.7016 27.2759 68.8023 26.9711 21.8221
threshold=1.0000000180025095e-35 3.2000000000000006 28.350000000000005 30.425000000000004 685.00000000000011 15.500000000000002 -0.49812626372919411 24.150000000000006 -0.79382744783423187 0.81925054981890411 0.99983759474438971 0.72695311118111527 10.500000000000002 -0.99275805973510278 278.50000000000006 0.28313308994381592 24.500000000000004 3.699999999999998 15.750000000000002 34.150000000000013 294.50000000000006 -0.88620506325989179 -0.99983123799342477 362.50000000000006 30.500000000000004 1.0000000180025095e-35 -0.94137724084408114 31.050000000000008 27.500000000000004 -0.9575230291762723
decision_type=2 2 2 2 2 2 2 2 2 2 2 2 2 2 2 2 2 2 2 2 2 2 2 2 2 2 2 2 2 2
left_child=12 3 4 5 9 10 8 -8 -7 11 23 -3 22 14 19 16 -6 -11 -17 -4 21 -15 28 -2 25 -24 27 -5 -1 -27
right_child=1 2 13 26 15 6 7 -9 -10 17 -12 -13 -14 20 -16 18 -18 -19 -20 -21 -22 -23 24 -25 -26 29 -28 -29 -30 -31
leaf_value=-0.005378432609197268 0 0 0 0 0 0 0 0 0 0 0.0021463876714130428 0 -0.00043444066198480846 0 0 0.0010731938357065214 0 0 0 0 0.0010731938357065214 0 0.016588702675779676 0.0010731938357065214 0.03884246626845661 -0.0055497238218781475 0.0010731938357065214 0.0010731938357065214 0.029328820173235393 -0.010173513144726027
leaf_weight=255 2775 12598 1533 340 368 2334 7459 5318 2866 624 142 1138 20602 7464 269 70 178 5107 982 130 1839 14679 43451 49 21681 134 909 302 132 1509
leaf_count=255 2775 12598 1533 340 368 2334 7459 5318 2866 624 142 1138 20602 7464 269 70 178 5107 982 130 1839 14679 43451 49 21681 134 909 302 132 1509
internal_value=-0.00620697 -0.0159391 -0.0121619 -0.0238277 -0.0164384 -0.0252607 -0.0234614 -0.0207494 -0.030125 -0.0150904 -0.0361666 -0.0175976 0.00149686 -0.00868565 -0.0176967 -0.0328598 -0.0187179 -0.00908131 -0.0401996 -0.0132802 -0.00795972 -0.00864991 0.0022812 -0.0382365 0.00237177 0.00155941 -0.00447776 -0.0123676 -0.0133463 -0.00625989
internal_weight=157237 69473 46979 22494 21065 20943 17977 12777 5200 19467 2966 13736 87764 25914 1932 1598 546 5731 1052 1663 23982 22143 67162 2824 66775 45094 1551 642 387 1643
internal_count=157237 69473 46979 22494 21065 20943 17977 12777 5200 19467 2966 13736 87764 25914 1932 1598 546 5731 1052 1663 23982 22143 67162 2824 66775 45094 1551 642 387 1643
is_linear=0
shrinkage=0.05


Tree=31
num_leaves=31
num_cat=0
split_feature=16 19 1 1 16 18 10 1 10 9 9 9 6 9 8 10 18 19 1 1 8 10 8 10 17 1 10 1 25 18
split_gain=4701.33 828.02 279.36 249.493 186.518 164.389 129.949 191.824 127.278 117.313 101.098 80.3993 69.4742 67.8056 93.1875 66.348 72.9698 63.0658 61.2818 56.7563 55.0225 56.2697 37.2872 34.5776 35.4754 36.5637 27.2759 68.8023 25.9626 24.3554
threshold=1.0000000180025095e-35 3.2000000000000006 28.350000000000005 30.425000000000004 685.00000000000011 15.500000000000002 -0.49812626372919411 24.150000000000006 -0.79382744783423187 0.81925054981890411 0.99983759474438971 0.72695311118111527 625.00000000000011 -0.99275805973510278 278.50000000000006 0.28313308994381592 24.500000000000004 3.699999999999998 15.750000000000002 34.150000000000013 294.50000000000006 -0.88620506325989179 362.50000000000006 -0.99983123799342477 31.500000000000004 30.025000000000002 -0.94137724084408114 31.050000000000008 1.0000000180025095e-35 27.500000000000004
decision_type=2 2 2 2 2 2 2 2 2 2 2 2 2 2 2 2 2 2 2 2 2 2 2 2 2 2 2 2 2 2
left_child=12 3 4 5 9 10 8 -8 -7 11 22 -3 23 14 19 16 -6 -11 -17 -4 21 -15 -2 29 25 28 27 -5 -25 -1
right_child=1 2 13 26 15 6 7 -9 -10 17 -12 -13 -14 20 -16 18 -18 -19 -20 -21 -22 -23 -24 24 -26 -27 -28 -29 -30 -31
leaf_value=-0.005109510978737403 0 0 0 0 0 0 0 0 0 0 0.0020390682878423912 0 -0.00041271862888556668 0 0 0.0010195341439211956 0 0 0 0 0.0010195341439211956 0 0.0010195341439211956 0.017142165274087812 0.047386701628184147 -0.0068247799083693585 0.0010195341439211956 0.0010195341439211956 -0.0052722376307842407 0.027862379164573625
leaf_weight=246 2775 12598 1533 340 368 2334 7459 5318 2866 624 142 1138 23580 7464 269 70 178 5107 982 130 1839 14679 49 45342 16570 138 909 302 1762 126
leaf_count=246 2775 12598 1533 340 368 2334 7459 5318 2866 624 142 1138 23580 7464 269 70 178 5107 982 130 1839 14679 49 45342 16570 138 909 302 1762 126
internal_value=-0.0062216 -0.0159391 -0.0121619 -0.0238277 -0.0164384 -0.0252607 -0.0234614 -0.0207494 -0.030125 -0.0150904 -0.0361666 -0.0175976 0.00147065 -0.00868565 -0.0176967 -0.0328598 -0.0187179 -0.00908131 -0.0401996 -0.0132802 -0.00795972 -0.00864991 -0.0382365 0.00232332 0.00241193 0.00171373 -0.00447776 -0.0123676 0.00178902 -0.0128763
internal_weight=157237 69473 46979 22494 21065 20943 17977 12777 5200 19467 2966 13736 87764 25914 1932 1598 546 5731 1052 1663 23982 22143 2824 64184 63812 47242 1551 642 47104 372
internal_count=157237 69473 46979 22494 21065 20943 17977 12777 5200 19467 2966 13736 87764 25914 1932 1598 546 5731 1052 1663 23982 22143 2824 64184 63812 47242 1551 642 47104 372
is_linear=0
shrinkage=0.05


Tree=32
num_leaves=31
num_cat=0
split_feature=16 19 1 1 16 18 10 1 10 9 9 9 6 9 8 10 18 19 1 1 8 10 8 10 17 1 10 1 18 20
split_gain=4693.03 828.02 279.36 249.493 186.518 164.389 129.949 191.824 127.278 117.313 101.098 80.3993 68.5563 67.8056 93.1875 66.348 72.9698 63.0658 61.2818 56.7563 55.0225 56.2697 37.2872 34.482 36.2334 36.4824 27.2759 68.8023 24.3554 24.161
threshold=1.0000000180025095e-35 3.2000000000000006 28.350000000000005 30.425000000000004 685.00000000000011 15.500000000000002 -0.49812626372919411 24.150000000000006 -0.79382744783423187 0.81925054981890411 0.99983759474438971 0.72695311118111527 625.00000000000011 -0.99275805973510278 278.50000000000006 0.28313308994381592 24.500000000000004 3.699999999999998 15.750000000000002 34.150000000000013 294.50000000000006 -0.88620506325989179 362.50000000000006 -0.99983123799342477 31.500000000000004 30.025000000000002 -0.94137724084408114 31.050000000000008 27.500000000000004 1.099999999999999
decision_type=2 2 2 2 2 2 2 2 2 2 2 2 2 2 2 2 2 2 2 2 2 2 2 2 2 2 2 2 2 2
left_child=12 3 4 5 9 10 8 -8 -7 11 22 -3 23 14 19 16 -6 -11 -17 -4 21 -15 -2 28 25 -25 27 -5 -1 -14
right_child=1 2 13 26 15 6 7 -9 -10 17 -12 -13 29 20 -16 18 -18 -19 -20 -21 -22 -23 -24 24 -26 -27 -28 -29 -30 -31
leaf_value=-0.0048540354298005324 0 0 0 0 0 0 0 0 0 0 0.0019371148734502715 0 -0.0019455855926747995 0 0 0.00096855743672513575 0 0 0 0 0.00096855743672513575 0 0.00096855743672513575 0.012508476914009942 0.045017366546774941 -0.0064835409129508888 0.00096855743672513575 0.00096855743672513575 0.026469260206344949 0.0021206907198714538
leaf_weight=246 2775 12598 1533 340 368 2334 7459 5318 2866 624 142 1138 11222 7464 269 70 178 5107 982 130 1839 14679 49 47104 16570 138 909 302 126 12358
leaf_count=246 2775 12598 1533 340 368 2334 7459 5318 2866 624 142 1138 11222 7464 269 70 178 5107 982 130 1839 14679 49 47104 16570 138 909 302 126 12358
internal_value=-0.00623018 -0.0159391 -0.0121619 -0.0238277 -0.0164384 -0.0252607 -0.0234614 -0.0207494 -0.030125 -0.0150904 -0.0361666 -0.0175976 0.00145527 -0.00868565 -0.0176967 -0.0328598 -0.0187179 -0.00908131 -0.0401996 -0.0132802 -0.00795972 -0.00864991 -0.0382365 0.00230229 0.00239077 0.00168515 -0.00447776 -0.0123676 -0.0128763 -0.000850297
internal_weight=157237 69473 46979 22494 21065 20943 17977 12777 5200 19467 2966 13736 87764 25914 1932 1598 546 5731 1052 1663 23982 22143 2824 64184 63812 47242 1551 642 372 23580
internal_count=157237 69473 46979 22494 21065 20943 17977 12777 5200 19467 2966 13736 87764 25914 1932 1598 546 5731 1052 1663 23982 22143 2824 64184 63812 47242 1551 642 372 23580
is_linear=0
shrinkage=0.05


Tree=33
num_leaves=31
num_cat=0
split_feature=16 19 1 1 16 18 10 1 10 9 9 9 9 8 10 18 19 1 1 8 10 6 17 1 8 20 4 19 25 10
split_gain=4636.03 828.02 279.36 249.493 186.518 164.389 129.949 191.824 127.278 117.313 101.098 80.3993 67.8056 93.1875 66.348 72.9698 63.0658 61.2818 56.7563 55.0225 56.2697 52.5664 43.8402 41.4328 37.2872 31.1224 31.9285 30.4074 28.2944 27.2759
threshold=1.0000000180025095e-35 3.2000000000000006 28.350000000000005 30.425000000000004 685.00000000000011 15.500000000000002 -0.49812626372919411 24.150000000000006 -0.79382744783423187 0.81925054981890411 0.99983759474438971 0.72695311118111527 -0.99275805973510278 278.50000000000006 0.28313308994381592 24.500000000000004 3.699999999999998 15.750000000000002 34.150000000000013 294.50000000000006 -0.88620506325989179 575.00000000000011 31.500000000000004 30.025000000000002 362.50000000000006 0.79999999999999816 12.500000000000002 3.4000000000000017 1.0000000180025095e-35 -0.94137724084408114
decision_type=2 2 2 2 2 2 2 2 2 2 2 2 2 2 2 2 2 2 2 2 2 2 2 2 2 2 2 2 2 2
left_child=21 3 4 5 9 10 8 -8 -7 11 24 -3 13 18 15 -6 -11 -16 -4 20 -14 22 23 28 -2 -23 -27 -24 -1 -5
right_child=1 2 12 29 14 6 7 -9 -10 16 -12 -13 19 -15 17 -17 -18 -19 -20 -21 -22 25 27 -25 -26 26 -28 -29 -30 -31
leaf_value=0.019618977134772071 0 0 0 0 0 0 0 0 0 0 0.0018402591297777577 0 0 0 0.00092012956488887884 0 0 0 0 0.00092012956488887884 0 -0.0031525538160343232 0.047766493451064609 -0.0061593638673033448 0.00092012956488887884 0.0079089610095774334 -0.0008607737231642737 -0.027233503568703157 -0.005634049594945529 0.00092012956488887884
leaf_weight=42003 2775 12598 1533 642 368 2334 7459 5318 2866 624 142 1138 7464 269 70 178 5107 982 130 1839 14679 9622 15378 84 49 14281 4698 54 1644 909
leaf_count=42003 2775 12598 1533 642 368 2334 7459 5318 2866 624 142 1138 7464 269 70 178 5107 982 130 1839 14679 9622 15378 84 49 14281 4698 54 1644 909
internal_value=-0.00628933 -0.0159391 -0.0121619 -0.0238277 -0.0164384 -0.0252607 -0.0234614 -0.0207494 -0.030125 -0.0150904 -0.0361666 -0.0175976 -0.00868565 -0.0176967 -0.0328598 -0.0187179 -0.00908131 -0.0401996 -0.0132802 -0.00795972 -0.00864991 0.0013493 0.00220011 0.00139158 -0.0382365 -0.00041065 0.000763739 0.00449132 0.00145909 -0.00447776
internal_weight=157237 69473 46979 22494 21065 20943 17977 12777 5200 19467 2966 13736 25914 1932 1598 546 5731 1052 1663 23982 22143 87764 59163 43731 2824 28601 18979 15432 43647 1551
internal_count=157237 69473 46979 22494 21065 20943 17977 12777 5200 19467 2966 13736 25914 1932 1598 546 5731 1052 1663 23982 22143 87764 59163 43731 2824 28601 18979 15432 43647 1551
is_linear=0
shrinkage=0.05


Tree=34
num_leaves=31
num_cat=0
split_feature=16 19 1 1 16 18 10 1 10 9 9 9 9 8 10 18 19 1 1 8 10 6 17 1 8 19 10 1 25 20
split_gain=4644.28 828.02 279.36 249.493 186.518 164.389 129.949 191.824 127.278 117.313 101.098 80.3993 67.8056 93.1875 66.348 72.9698 63.0658 61.2818 56.7563 55.0225 56.2697 43.7119 38.4028 43.6176 37.2872 29.472 27.2759 68.8023 24.0052 22.8076
threshold=1.0000000180025095e-35 3.2000000000000006 28.350000000000005 30.425000000000004 685.00000000000011 15.500000000000002 -0.49812626372919411 24.150000000000006 -0.79382744783423187 0.81925054981890411 0.99983759474438971 0.72695311118111527 -0.99275805973510278 278.50000000000006 0.28313308994381592 24.500000000000004 3.699999999999998 15.750000000000002 34.150000000000013 294.50000000000006 -0.88620506325989179 565.00000000000011 31.500000000000004 30.025000000000002 362.50000000000006 3.4000000000000017 -0.94137724084408114 31.050000000000008 25.500000000000004 0.59999999999999887
decision_type=2 2 2 2 2 2 2 2 2 2 2 2 2 2 2 2 2 2 2 2 2 2 2 2 2 2 2 2 2 2
left_child=21 3 4 5 9 10 8 -8 -7 11 24 -3 13 18 15 -6 -11 -16 -4 20 -14 22 23 28 -2 -24 27 -5 -1 -23
right_child=1 2 12 26 14 6 7 -9 -10 16 -12 -13 19 -15 17 -17 -18 -19 -20 -21 -22 29 25 -25 -26 -27 -28 -29 -30 -31
leaf_value=0.013885244176864426 0 0 0 0 0 0 0 0 0 0 0.00174824617328887 0 0 0 0.00087412308664443499 0 0 0 0 0.00087412308664443499 0 -0.0035104727471074212 0.045378168778511377 -0.0058513956739381758 0.00087412308664443499 -0.025871828390267994 0.00087412308664443499 0.00092012956488887884 -0.013214059778452509 0.00096196893349009556
leaf_weight=42744 2775 12598 1533 340 368 2334 7459 5318 2866 624 142 1138 7464 269 70 178 5107 982 130 1839 14679 7682 15116 76 49 50 909 302 167 21929
leaf_count=42744 2775 12598 1533 340 368 2334 7459 5318 2866 624 142 1138 7464 269 70 178 5107 982 130 1839 14679 7682 15116 76 49 50 909 302 167 21929
internal_value=-0.00628074 -0.0159391 -0.0121619 -0.0238277 -0.0164384 -0.0252607 -0.0234614 -0.0207494 -0.030125 -0.0150904 -0.0361666 -0.0175976 -0.00868565 -0.0176967 -0.0328598 -0.0187179 -0.00908131 -0.0401996 -0.0132802 -0.00795972 -0.00864991 0.00136468 0.00216094 0.00139775 -0.0382365 0.00432415 -0.00447776 -0.0123676 0.00146478 -0.000199081
internal_weight=157237 69473 46979 22494 21065 20943 17977 12777 5200 19467 2966 13736 25914 1932 1598 546 5731 1052 1663 23982 22143 87764 58153 42987 2824 15166 1551 642 42911 29611
internal_count=157237 69473 46979 22494 21065 20943 17977 12777 5200 19467 2966 13736 25914 1932 1598 546 5731 1052 1663 23982 22143 87764 58153 42987 2824 15166 1551 642 42911 29611
is_linear=0
shrinkage=0.05


Tree=35
num_leaves=31
num_cat=0
split_feature=16 19 1 1 16 18 10 1 10 9 9 9 9 8 10 18 19 1 1 8 10 6 17 1 8 19 10 1 25 20
split_gain=4622.9 828.02 279.36 249.493 186.518 164.389 129.949 191.824 127.278 117.313 101.098 80.3993 67.8056 93.1875 66.348 72.9698 63.0658 61.2818 56.7563 55.0225 56.2697 41.8796 39.2517 43.4676 37.2872 29.4213 27.2759 68.8023 22.9987 20.8426
threshold=1.0000000180025095e-35 3.2000000000000006 28.350000000000005 30.425000000000004 685.00000000000011 15.500000000000002 -0.49812626372919411 24.150000000000006 -0.79382744783423187 0.81925054981890411 0.99983759474438971 0.72695311118111527 -0.99275805973510278 278.50000000000006 0.28313308994381592 24.500000000000004 3.699999999999998 15.750000000000002 34.150000000000013 294.50000000000006 -0.88620506325989179 565.00000000000011 31.500000000000004 30.025000000000002 362.50000000000006 3.4000000000000017 -0.94137724084408114 31.050000000000008 1.0000000180025095e-35 0.89999999999999603
decision_type=2 2 2 2 2 2 2 2 2 2 2 2 2 2 2 2 2 2 2 2 2 2 2 2 2 2 2 2 2 2
left_child=21 3 4 5 9 10 8 -8 -7 11 24 -3 13 18 15 -6 -11 -16 -4 20 -14 22 23 28 -2 -24 27 -5 -1 -23
right_child=1 2 12 26 14 6 7 -9 -10 16 -12 -13 19 -15 17 -17 -18 -19 -20 -21 -22 29 25 -25 -26 -27 -28 -29 -30 -31
leaf_value=0.017943766069190244 0 0 0 0 0 0 0 0 0 0 0.0016608338646244268 0 0 0 0.00083041693231221338 0 0 0 0 0.00083041693231221338 0 -0.0028026336443237212 0.043109260339585814 -0.0055588258902412677 0.00083041693231221338 -0.024578236970754598 0.00083041693231221338 0.00087412308664443499 -0.0060466093240414747 0.0025090122557950567
leaf_weight=41291 2775 12598 1533 340 368 2334 7459 5318 2866 624 142 1138 7464 269 70 178 5107 982 130 1839 14679 11046 15116 76 49 50 909 302 1620 18565
leaf_count=41291 2775 12598 1533 340 368 2334 7459 5318 2866 624 142 1138 7464 269 70 178 5107 982 130 1839 14679 11046 15116 76 49 50 909 302 1620 18565
internal_value=-0.006303 -0.0159391 -0.0121619 -0.0238277 -0.0164384 -0.0252607 -0.0234614 -0.0207494 -0.030125 -0.0150904 -0.0361666 -0.0175976 -0.00868565 -0.0176967 -0.0328598 -0.0187179 -0.00908131 -0.0401996 -0.0132802 -0.00795972 -0.00864991 0.0013248 0.00210419 0.00133261 -0.0382365 0.00429118 -0.00447776 -0.0123676 0.00139952 -0.000205835
internal_weight=157237 69473 46979 22494 21065 20943 17977 12777 5200 19467 2966 13736 25914 1932 1598 546 5731 1052 1663 23982 22143 87764 58153 42987 2824 15166 1551 642 42911 29611
internal_count=157237 69473 46979 22494 21065 20943 17977 12777 5200 19467 2966 13736 25914 1932 1598 546 5731 1052 1663 23982 22143 87764 58153 42987 2824 15166 1551 642 42911 29611
is_linear=0
shrinkage=0.05


Tree=36
num_leaves=31
num_cat=0
split_feature=16 19 1 1 16 18 10 1 10 9 9 9 9 8 10 18 19 1 1 8 10 6 17 1 8 19 10 1 25 1
split_gain=4639.69 828.02 279.36 249.493 186.518 164.389 129.949 191.824 127.278 117.313 101.098 80.3993 67.8056 93.1875 66.348 72.9698 63.0658 61.2818 56.7563 55.0225 56.2697 37.7858 39.53 43.4435 37.2872 29.4213 27.2759 68.8023 22.9163 20.1667
threshold=1.0000000180025095e-35 3.2000000000000006 28.350000000000005 30.425000000000004 685.00000000000011 15.500000000000002 -0.49812626372919411 24.150000000000006 -0.79382744783423187 0.81925054981890411 0.99983759474438971 0.72695311118111527 -0.99275805973510278 278.50000000000006 0.28313308994381592 24.500000000000004 3.699999999999998 15.750000000000002 34.150000000000013 294.50000000000006 -0.88620506325989179 565.00000000000011 31.500000000000004 30.025000000000002 362.50000000000006 3.4000000000000017 -0.94137724084408114 31.050000000000008 1.0000000180025095e-35 31.950000000000003
decision_type=2 2 2 2 2 2 2 2 2 2 2 2 2 2 2 2 2 2 2 2 2 2 2 2 2 2 2 2 2 2
left_child=21 3 4 5 9 10 8 -8 -7 11 24 -3 13 18 15 -6 -11 -16 -4 20 -14 22 23 28 -2 -24 27 -5 -1 -28
right_child=1 2 12 26 14 6 7 -9 -10 16 -12 -13 19 -15 17 -17 -18 -19 -20 -21 -22 -23 25 -25 -26 -27 29 -29 -30 -31
leaf_value=0.017046577765730733 0 0 0 0 0 0 0 0 0 0 0.0015777921713932054 0 0 0 0.00078889608569660268 0 0 0 0 0.00078889608569660268 0 -0.00012453518244221335 0.040953797322606525 -0.0052808845957292051 0.00078889608569660268 -0.023349325122216869 0.00078889608569660268 0.00083041693231221338 -0.0057442788578393996 -0.0011971755361892627
leaf_weight=41291 2775 12598 1533 340 368 2334 7459 5318 2866 624 142 1138 7464 269 70 178 5107 982 130 1839 14679 29611 15116 76 49 50 798 302 1620 111
leaf_count=41291 2775 12598 1533 340 368 2334 7459 5318 2866 624 142 1138 7464 269 70 178 5107 982 130 1839 14679 29611 15116 76 49 50 798 302 1620 111
internal_value=-0.00628551 -0.0159391 -0.0121619 -0.0238277 -0.0164384 -0.0252607 -0.0234614 -0.0207494 -0.030125 -0.0150904 -0.0361666 -0.0175976 -0.00868565 -0.0176967 -0.0328598 -0.0187179 -0.00908131 -0.0401996 -0.0132802 -0.00795972 -0.00864991 0.00135614 0.00209645 0.00132214 -0.0382365 0.00429118 -0.00447776 -0.0123676 0.00138904 0.00109461
internal_weight=157237 69473 46979 22494 21065 20943 17977 12777 5200 19467 2966 13736 25914 1932 1598 546 5731 1052 1663 23982 22143 87764 58153 42987 2824 15166 1551 642 42911 909
internal_count=157237 69473 46979 22494 21065 20943 17977 12777 5200 19467 2966 13736 25914 1932 1598 546 5731 1052 1663 23982 22143 87764 58153 42987 2824 15166 1551 642 42911 909
is_linear=0
shrinkage=0.05


Tree=37
num_leaves=31
num_cat=0
split_feature=16 19 1 1 16 18 10 1 10 9 9 9 9 8 10 18 19 1 1 8 10 6 8 17 1 19 10 1 10 10
split_gain=4636.33 828.02 279.36 249.493 186.518 164.389 129.949 191.824 127.278 117.313 101.098 80.3993 67.8056 93.1875 66.348 72.9698 63.0658 61.2818 56.7563 55.0225 56.2697 37.4793 37.2872 31.9608 44.0755 28.5296 27.2759 68.8023 21.409 31.5805
threshold=1.0000000180025095e-35 3.2000000000000006 28.350000000000005 30.425000000000004 685.00000000000011 15.500000000000002 -0.49812626372919411 24.150000000000006 -0.79382744783423187 0.81925054981890411 0.99983759474438971 0.72695311118111527 -0.99275805973510278 278.50000000000006 0.28313308994381592 24.500000000000004 3.699999999999998 15.750000000000002 34.150000000000013 294.50000000000006 -0.88620506325989179 555.00000000000011 362.50000000000006 31.500000000000004 30.025000000000002 3.2000000000000051 -0.94137724084408114 31.050000000000008 -0.73865259438682551 -0.75013812021657655
decision_type=2 2 2 2 2 2 2 2 2 2 2 2 2 2 2 2 2 2 2 2 2 2 2 2 2 2 2 2 2 2
left_child=21 3 4 5 9 10 8 -8 -7 11 22 -3 13 18 15 -6 -11 -16 -4 20 -14 23 -2 24 28 -25 27 -5 29 -1
right_child=1 2 12 26 14 6 7 -9 -10 16 -12 -13 19 -15 17 -17 -18 -19 -20 -21 -22 -23 -24 25 -26 -27 -28 -29 -30 -31
leaf_value=-0.0020671285944950713 0 0 0 0 0 0 0 0 0 0 0.0014989025628235455 0 0 0 0.00074945128141177273 0 0 0 0 0.00074945128141177273 0 -8.2784845473746676e-05 0.00074945128141177273 0.038906107456476192 -0.005016840365942743 -0.022181858866106033 0.00074945128141177273 0.00078889608569660268 0.016441465968368051 -0.021541674890995205
leaf_weight=4590 2775 12598 1533 340 368 2334 7459 5318 2866 624 142 1138 7464 269 70 178 5107 982 130 1839 14679 30623 49 14849 71 51 909 302 37356 224
leaf_count=4590 2775 12598 1533 340 368 2334 7459 5318 2866 624 142 1138 7464 269 70 178 5107 982 130 1839 14679 30623 49 14849 71 51 909 302 37356 224
internal_value=-0.00628901 -0.0159391 -0.0121619 -0.0238277 -0.0164384 -0.0252607 -0.0234614 -0.0207494 -0.030125 -0.0150904 -0.0361666 -0.0175976 -0.00868565 -0.0176967 -0.0328598 -0.0187179 -0.00908131 -0.0401996 -0.0132802 -0.00795972 -0.00864991 0.00134987 -0.0382365 0.00210628 0.00140397 0.00409732 -0.00447776 -0.0123676 0.00147024 -0.00166805
internal_weight=157237 69473 46979 22494 21065 20943 17977 12777 5200 19467 2966 13736 25914 1932 1598 546 5731 1052 1663 23982 22143 87764 2824 57141 42241 14900 1551 642 42170 4814
internal_count=157237 69473 46979 22494 21065 20943 17977 12777 5200 19467 2966 13736 25914 1932 1598 546 5731 1052 1663 23982 22143 87764 2824 57141 42241 14900 1551 642 42170 4814
is_linear=0
shrinkage=0.05


Tree=38
num_leaves=31
num_cat=0
split_feature=16 19 1 1 16 18 10 1 10 9 9 9 9 8 10 18 19 1 1 8 10 8 6 17 1 19 10 1 25 1
split_gain=4618.02 828.02 279.36 249.493 186.518 164.389 129.949 191.824 127.278 117.313 101.098 80.3993 67.8056 93.1875 66.348 72.9698 63.0658 61.2818 56.7563 55.0225 56.2697 37.2872 35.7126 34.0919 43.4301 29.0879 27.2759 68.8023 22.8705 20.1667
threshold=1.0000000180025095e-35 3.2000000000000006 28.350000000000005 30.425000000000004 685.00000000000011 15.500000000000002 -0.49812626372919411 24.150000000000006 -0.79382744783423187 0.81925054981890411 0.99983759474438971 0.72695311118111527 -0.99275805973510278 278.50000000000006 0.28313308994381592 24.500000000000004 3.699999999999998 15.750000000000002 34.150000000000013 294.50000000000006 -0.88620506325989179 362.50000000000006 565.00000000000011 31.500000000000004 30.025000000000002 3.4000000000000017 -0.94137724084408114 31.050000000000008 1.0000000180025095e-35 31.950000000000003
decision_type=2 2 2 2 2 2 2 2 2 2 2 2 2 2 2 2 2 2 2 2 2 2 2 2 2 2 2 2 2 2
left_child=22 3 4 5 9 10 8 -8 -7 11 21 -3 13 18 15 -6 -11 -16 -4 20 -14 -2 23 24 28 -25 27 -5 -1 -28
right_child=1 2 12 26 14 6 7 -9 -10 16 -12 -13 19 -15 17 -17 -18 -19 -20 -21 -22 -23 -24 25 -26 -27 29 -29 -30 -31
leaf_value=0.015619392669949651 0 0 0 0 0 0 0 0 0 0 0.0014239574346823687 0 0 0 0.00071197871734118433 0 0 0 0 0.00071197871734118433 0 0.00071197871734118433 -0.00011416918104641545 0.036960802083652378 -0.0047659983476456063 -0.021072765922800732 0.00071197871734118433 0.00074945128141177273 -0.005353708485222675 -0.0011747893234503883
leaf_weight=41291 2775 12598 1533 340 368 2334 7459 5318 2866 624 142 1138 7464 269 70 178 5107 982 130 1839 14679 49 29611 15116 76 50 798 302 1620 111
leaf_count=41291 2775 12598 1533 340 368 2334 7459 5318 2866 624 142 1138 7464 269 70 178 5107 982 130 1839 14679 49 29611 15116 76 50 798 302 1620 111
internal_value=-0.00630809 -0.0159391 -0.0121619 -0.0238277 -0.0164384 -0.0252607 -0.0234614 -0.0207494 -0.030125 -0.0150904 -0.0361666 -0.0175976 -0.00868565 -0.0176967 -0.0328598 -0.0187179 -0.00908131 -0.0401996 -0.0132802 -0.00795972 -0.00864991 -0.0382365 0.00131569 0.00203541 0.00131633 0.00407359 -0.00447776 -0.0123676 0.00138321 0.00109461
internal_weight=157237 69473 46979 22494 21065 20943 17977 12777 5200 19467 2966 13736 25914 1932 1598 546 5731 1052 1663 23982 22143 2824 87764 58153 42987 15166 1551 642 42911 909
internal_count=157237 69473 46979 22494 21065 20943 17977 12777 5200 19467 2966 13736 25914 1932 1598 546 5731 1052 1663 23982 22143 2824 87764 58153 42987 15166 1551 642 42911 909
is_linear=0
shrinkage=0.05


Tree=39
num_leaves=31
num_cat=0
split_feature=16 19 1 1 16 18 10 1 10 9 9 9 9 8 10 18 19 1 1 8 10 17 1 8 1 9 6 10 10 19
split_gain=4513.71 828.02 279.36 249.493 186.518 164.389 129.949 191.824 127.278 117.313 101.098 80.3993 67.8056 93.1875 66.348 72.9698 63.0658 61.2818 56.7563 55.0225 56.2697 41.0176 55.6187 37.2872 33.786 46.4406 33.314 32.9519 31.9481 30.8524
threshold=1.0000000180025095e-35 3.2000000000000006 28.350000000000005 30.425000000000004 685.00000000000011 15.500000000000002 -0.49812626372919411 24.150000000000006 -0.79382744783423187 0.81925054981890411 0.99983759474438971 0.72695311118111527 -0.99275805973510278 278.50000000000006 0.28313308994381592 24.500000000000004 3.699999999999998 15.750000000000002 34.150000000000013 294.50000000000006 -0.88620506325989179 29.500000000000004 24.625000000000004 362.50000000000006 24.925000000000004 -0.98803845231459242 725.00000000000011 -0.94137724084408114 0.59003219687534991 3.300000000000002
decision_type=2 2 2 2 2 2 2 2 2 2 2 2 2 2 2 2 2 2 2 2 2 2 2 2 2 2 2 2 2 2
left_child=21 3 4 5 9 10 8 -8 -7 11 23 -3 13 18 15 -6 -11 -16 -4 20 -14 22 -1 -2 25 26 -24 -26 -29 -23
right_child=1 2 12 -5 14 6 7 -9 -10 16 -12 -13 19 -15 17 -17 -18 -19 -20 -21 -22 29 24 -25 27 -27 -28 28 -30 -31
leaf_value=0.0055166332894856784 0 0 0 0 0 0 0 0 0 0 0.0013527595629482499 0 0 0 0.00067637978147412495 0 0 0 0 0.00067637978147412495 0 0.015112763171562649 -0.025161577559594278 0.00067637978147412495 -0.009943798969164792 -0.0051615787516871743 -0.0017995346383692672 -5.1851886612355739e-05 -0.015161578155640726 -0.00061255314629278805
leaf_weight=37936 2775 12598 1533 1551 368 2334 7459 5318 2866 624 142 1138 7464 269 70 178 5107 982 130 1839 14679 28659 144 49 598 1576 112 11643 1429 5667
leaf_count=37936 2775 12598 1533 1551 368 2334 7459 5318 2866 624 142 1138 7464 269 70 178 5107 982 130 1839 14679 28659 144 49 598 1576 112 11643 1429 5667
internal_value=-0.00641748 -0.0159391 -0.0121619 -0.0238277 -0.0164384 -0.0252607 -0.0234614 -0.0207494 -0.030125 -0.0150904 -0.0361666 -0.0175976 -0.00868565 -0.0176967 -0.0328598 -0.0187179 -0.00908131 -0.0401996 -0.0132802 -0.00795972 -0.00864991 0.00111971 0.000253378 -0.0382365 -0.00227003 -0.00864629 -0.0283984 -0.00141551 -0.000890453 0.00246839
internal_weight=157237 69473 46979 22494 21065 20943 17977 12777 5200 19467 2966 13736 25914 1932 1598 546 5731 1052 1663 23982 22143 87764 53438 2824 15502 1832 256 13670 13072 34326
internal_count=157237 69473 46979 22494 21065 20943 17977 12777 5200 19467 2966 13736 25914 1932 1598 546 5731 1052 1663 23982 22143 87764 53438 2824 15502 1832 256 13670 13072 34326
is_linear=0
shrinkage=0.05


Tree=40
num_leaves=31
num_cat=0
split_feature=16 19 1 1 16 18 10 1 10 9 9 9 9 8 10 18 19 1 1 8 10 17 8 10 6 10 1 25 10 1
split_gain=4439.25 828.02 279.36 249.493 186.518 164.389 129.949 191.824 127.278 117.313 101.098 80.3993 67.8056 93.1875 66.348 72.9698 63.0658 61.2818 56.7563 55.0225 56.2697 45.3157 37.2872 30.9921 29.3027 27.2759 68.8023 23.9747 21.4072 30.124
threshold=1.0000000180025095e-35 3.2000000000000006 28.350000000000005 30.425000000000004 685.00000000000011 15.500000000000002 -0.49812626372919411 24.150000000000006 -0.79382744783423187 0.81925054981890411 0.99983759474438971 0.72695311118111527 -0.99275805973510278 278.50000000000006 0.28313308994381592 24.500000000000004 3.699999999999998 15.750000000000002 34.150000000000013 294.50000000000006 -0.88620506325989179 32.500000000000007 362.50000000000006 -0.95242240592625282 765.00000000000011 -0.94137724084408114 31.050000000000008 33.500000000000007 -0.96687281075841669 29.550000000000008
decision_type=2 2 2 2 2 2 2 2 2 2 2 2 2 2 2 2 2 2 2 2 2 2 2 2 2 2 2 2 2 2
left_child=21 3 4 5 9 10 8 -8 -7 11 22 -3 13 18 15 -6 -11 -16 -4 20 -14 23 -2 28 -23 26 -5 -25 -1 -30
right_child=1 2 12 25 14 6 7 -9 -10 16 -12 -13 19 -15 17 -17 -18 -19 -20 -21 -22 24 -24 27 -26 -27 -28 -29 29 -31
leaf_value=-0.0026289866844203566 0 0 0 0 0 0 0 0 0 0 0.0012851215848008373 0 0 0 0.00064256079240041864 0 0 0 0 0.00064256079240041864 0 0.034357123820891622 0.00064256079240041864 0.0025816314979910703 -0.00094458197870755803 0.00067637978147412495 0.00071197871734118433 -0.011260121376613391 -0.005828461874063235 -0.040642873198876141
leaf_weight=3143 2775 12598 1533 340 368 2334 7459 5318 2866 624 142 1138 7464 269 70 178 5107 982 130 1839 14679 12684 49 68727 1922 909 302 144 859 285
leaf_count=3143 2775 12598 1533 340 368 2334 7459 5318 2866 624 142 1138 7464 269 70 178 5107 982 130 1839 14679 12684 49 68727 1922 909 302 144 859 285
internal_value=-0.00649634 -0.0159391 -0.0121619 -0.0238277 -0.0164384 -0.0252607 -0.0234614 -0.0207494 -0.030125 -0.0150904 -0.0361666 -0.0175976 -0.00868565 -0.0176967 -0.0328598 -0.0187179 -0.00908131 -0.0401996 -0.0132802 -0.00795972 -0.00864991 0.00097842 -0.0382365 0.000470762 0.00352116 -0.00447776 -0.0123676 0.00072752 -0.00365407 -0.00951049
internal_weight=157237 69473 46979 22494 21065 20943 17977 12777 5200 19467 2966 13736 25914 1932 1598 546 5731 1052 1663 23982 22143 87764 2824 73158 14606 1551 642 68871 4287 1144
internal_count=157237 69473 46979 22494 21065 20943 17977 12777 5200 19467 2966 13736 25914 1932 1598 546 5731 1052 1663 23982 22143 87764 2824 73158 14606 1551 642 68871 4287 1144
is_linear=0
shrinkage=0.05


Tree=41
num_leaves=31
num_cat=0
split_feature=16 19 1 1 16 18 10 1 10 9 9 9 9 8 10 18 19 1 1 8 10 17 8 10 6 10 1 6 1 7
split_gain=4420.13 828.02 279.36 249.493 186.518 164.389 129.949 191.824 127.278 117.313 101.098 80.3993 67.8056 93.1875 66.348 72.9698 63.0658 61.2818 56.7563 55.0225 56.2697 43.8214 37.2872 28.6877 28.5062 27.2759 68.8023 24.7821 20.1667 27.6937
threshold=1.0000000180025095e-35 3.2000000000000006 28.350000000000005 30.425000000000004 685.00000000000011 15.500000000000002 -0.49812626372919411 24.150000000000006 -0.79382744783423187 0.81925054981890411 0.99983759474438971 0.72695311118111527 -0.99275805973510278 278.50000000000006 0.28313308994381592 24.500000000000004 3.699999999999998 15.750000000000002 34.150000000000013 294.50000000000006 -0.88620506325989179 32.500000000000007 362.50000000000006 -0.95242240592625282 765.00000000000011 -0.94137724084408114 31.050000000000008 675.00000000000011 31.950000000000003 7.5000000000000009
decision_type=2 2 2 2 2 2 2 2 2 2 2 2 2 2 2 2 2 2 2 2 2 2 2 2 2 2 2 2 2 2
left_child=21 3 4 5 9 10 8 -8 -7 11 22 -3 13 18 15 -6 -11 -16 -4 20 -14 23 -2 -1 -23 26 -5 -25 -27 -30
right_child=1 2 12 25 14 6 7 -9 -10 16 -12 -13 19 -15 17 -17 -18 -19 -20 -21 -22 24 -24 27 -26 28 -28 -29 29 -31
leaf_value=-0.0055114244607015646 0 0 0 0 0 0 0 0 0 0 0.0012208655055607948 0 0 0 0.00061043275278039742 0 0 0 0 0.00061043275278039742 0 0.032639267629847035 0.00061043275278039742 0.0099179620166382331 -0.00089735287977218004 0.00064256079240041864 0.00067637978147412495 -0.00066844848967358714 0.00083620277553429073 -0.0011498688463515753
leaf_weight=4287 2775 12598 1533 340 368 2334 7459 5318 2866 624 142 1138 7464 269 70 178 5107 982 130 1839 14679 12684 49 54407 1922 798 302 14464 58 53
leaf_count=4287 2775 12598 1533 340 368 2334 7459 5318 2866 624 142 1138 7464 269 70 178 5107 982 130 1839 14679 12684 49 54407 1922 798 302 14464 58 53
internal_value=-0.00651669 -0.0159391 -0.0121619 -0.0238277 -0.0164384 -0.0252607 -0.0234614 -0.0207494 -0.030125 -0.0150904 -0.0361666 -0.0175976 -0.00868565 -0.0176967 -0.0328598 -0.0187179 -0.00908131 -0.0401996 -0.0132802 -0.00795972 -0.00864991 0.000941958 -0.0382365 0.000442741 0.00344242 -0.00447776 -0.0123676 0.000689768 0.00109461 -0.0188739
internal_weight=157237 69473 46979 22494 21065 20943 17977 12777 5200 19467 2966 13736 25914 1932 1598 546 5731 1052 1663 23982 22143 87764 2824 73158 14606 1551 642 68871 909 111
internal_count=157237 69473 46979 22494 21065 20943 17977 12777 5200 19467 2966 13736 25914 1932 1598 546 5731 1052 1663 23982 22143 87764 2824 73158 14606 1551 642 68871 909 111
is_linear=0
shrinkage=0.05


Tree=42
num_leaves=31
num_cat=0
split_feature=16 19 1 1 16 18 10 1 10 9 9 9 9 8 10 18 19 1 1 8 10 17 8 1 17 9 8 1 17 19
split_gain=4371.64 828.02 279.36 249.493 186.518 164.389 129.949 191.824 127.278 117.313 101.098 80.3993 67.8056 93.1875 66.348 72.9698 63.0658 61.2818 56.7563 55.0225 56.2697 44.318 37.2872 29.8691 44.4839 62.9782 30.5565 28.0778 46.4527 27.3524
threshold=1.0000000180025095e-35 3.2000000000000006 28.350000000000005 30.425000000000004 685.00000000000011 15.500000000000002 -0.49812626372919411 24.150000000000006 -0.79382744783423187 0.81925054981890411 0.99983759474438971 0.72695311118111527 -0.99275805973510278 278.50000000000006 0.28313308994381592 24.500000000000004 3.699999999999998 15.750000000000002 34.150000000000013 294.50000000000006 -0.88620506325989179 32.500000000000007 362.50000000000006 20.825000000000006 23.500000000000004 0.99907018497641664 40.500000000000007 22.850000000000005 26.500000000000004 3.300000000000002
decision_type=2 2 2 2 2 2 2 2 2 2 2 2 2 2 2 2 2 2 2 2 2 2 2 2 2 2 2 2 2 2
left_child=21 3 4 5 9 10 8 -8 -7 11 22 -3 13 18 15 -6 -11 -16 -4 20 -14 23 -2 26 25 -25 -1 -26 -29 -23
right_child=1 2 12 -5 14 6 7 -9 -10 16 -12 -13 19 -15 17 -17 -18 -19 -20 -21 -22 29 -24 24 27 -27 -28 28 -30 -31
leaf_value=-0.0016865720416066252 0 0 0 0 0 0 0 0 0 0 0.0011598222302827547 0 0 0 0.00057991111514137735 0 0 0 0 0.00057991111514137735 0 0.038272379514167863 0.00057991111514137735 -0.0062610796066441439 0.038937611696246426 -0.025895819060924686 0.018937612888339318 -0.011062388303753579 0.000629848597656081 -0.00054155257476986858
leaf_weight=8703 2775 12598 1533 1551 368 2334 7459 5318 2866 624 142 1138 7464 269 70 178 5107 982 130 1839 14679 11676 49 2920 4343 169 14461 5787 36775 2930
leaf_count=8703 2775 12598 1533 1551 368 2334 7459 5318 2866 624 142 1138 7464 269 70 178 5107 982 130 1839 14679 11676 49 2920 4343 169 14461 5787 36775 2930
internal_value=-0.00656852 -0.0159391 -0.0121619 -0.0238277 -0.0164384 -0.0252607 -0.0234614 -0.0207494 -0.030125 -0.0150904 -0.0361666 -0.0175976 -0.00868565 -0.0176967 -0.0328598 -0.0187179 -0.00908131 -0.0401996 -0.0132802 -0.00795972 -0.00864991 0.000849095 -0.0382365 0.000347057 -0.000340641 -0.00615248 0.00183129 4.21066e-05 -0.000348668 0.00336369
internal_weight=157237 69473 46979 22494 21065 20943 17977 12777 5200 19467 2966 13736 25914 1932 1598 546 5731 1052 1663 23982 22143 87764 2824 73158 49994 3089 23164 46905 42562 14606
internal_count=157237 69473 46979 22494 21065 20943 17977 12777 5200 19467 2966 13736 25914 1932 1598 546 5731 1052 1663 23982 22143 87764 2824 73158 49994 3089 23164 46905 42562 14606
is_linear=0
shrinkage=0.05


Tree=43
num_leaves=31
num_cat=0
split_feature=16 19 1 1 16 18 10 1 10 9 9 9 9 8 10 18 19 1 1 8 10 17 8 19 10 25 6 10 1 8
split_gain=4355.04 828.02 279.36 249.493 186.518 164.389 129.949 191.824 127.278 117.313 101.098 80.3993 67.8056 93.1875 66.348 72.9698 63.0658 61.2818 56.7563 55.0225 56.2697 37.854 37.2872 30.1876 28.1691 29.8382 28.1528 27.2759 68.8023 25.9728
threshold=1.0000000180025095e-35 3.2000000000000006 28.350000000000005 30.425000000000004 685.00000000000011 15.500000000000002 -0.49812626372919411 24.150000000000006 -0.79382744783423187 0.81925054981890411 0.99983759474438971 0.72695311118111527 -0.99275805973510278 278.50000000000006 0.28313308994381592 24.500000000000004 3.699999999999998 15.750000000000002 34.150000000000013 294.50000000000006 -0.88620506325989179 32.500000000000007 362.50000000000006 2.3999999999999972 -0.6391983530350368 30.500000000000004 755.00000000000011 -0.94137724084408114 31.050000000000008 231.50000000000003
decision_type=2 2 2 2 2 2 2 2 2 2 2 2 2 2 2 2 2 2 2 2 2 2 2 2 2 2 2 2 2 2
left_child=21 3 4 5 9 10 8 -8 -7 11 22 -3 13 18 15 -6 -11 -16 -4 20 -14 24 -2 -23 29 26 -26 28 -5 -1
right_child=1 2 12 27 14 6 7 -9 -10 16 -12 -13 19 -15 17 -17 -18 -19 -20 -21 -22 23 -24 -25 25 -27 -28 -29 -30 -31
leaf_value=-0.0023542242976348714 0 0 0 0 0 0 0 0 0 0 0.0011018311187686175 0 0 0 0.00055091555938430875 0 0 0 0 0.00055091555938430875 0 0.053234237815467558 0.00055091555938430875 -0.00046275111731567124 0.012990731051829458 -0.010639893993426958 -0.0009529600006737874 0.00061043275278039742 0.00064256079240041864 -0.032900174692096856
leaf_weight=15008 2775 12598 1533 340 368 2334 7459 5318 2866 624 142 1138 7464 269 70 178 5107 982 130 1839 14679 10210 49 4396 50259 127 7245 909 302 519
leaf_count=15008 2775 12598 1533 340 368 2334 7459 5318 2866 624 142 1138 7464 269 70 178 5107 982 130 1839 14679 10210 49 4396 50259 127 7245 909 302 519
internal_value=-0.00658633 -0.0159391 -0.0121619 -0.0238277 -0.0164384 -0.0252607 -0.0234614 -0.0207494 -0.030125 -0.0150904 -0.0361666 -0.0175976 -0.00868565 -0.0176967 -0.0328598 -0.0187179 -0.00908131 -0.0401996 -0.0132802 -0.00795972 -0.00864991 0.000817192 -0.0382365 0.00314117 0.000353208 0.00086247 0.000915936 -0.00447776 -0.0123676 -0.001537
internal_weight=157237 69473 46979 22494 21065 20943 17977 12777 5200 19467 2966 13736 25914 1932 1598 546 5731 1052 1663 23982 22143 87764 2824 14606 73158 57631 57504 1551 642 15527
internal_count=157237 69473 46979 22494 21065 20943 17977 12777 5200 19467 2966 13736 25914 1932 1598 546 5731 1052 1663 23982 22143 87764 2824 14606 73158 57631 57504 1551 642 15527
is_linear=0
shrinkage=0.05


Tree=44
num_leaves=31
num_cat=0
split_feature=16 19 1 1 16 18 10 1 10 9 9 9 9 8 10 18 19 1 1 8 10 17 8 19 10 1 10 1 17 9
split_gain=4352.08 828.02 279.36 249.493 186.518 164.389 129.949 191.824 127.278 117.313 101.098 80.3993 67.8056 93.1875 66.348 72.9698 63.0658 61.2818 56.7563 55.0225 56.2697 37.8166 37.2872 29.4778 27.2759 68.8023 27.1527 21.998 38.8362 65.3357
threshold=1.0000000180025095e-35 3.2000000000000006 28.350000000000005 30.425000000000004 685.00000000000011 15.500000000000002 -0.49812626372919411 24.150000000000006 -0.79382744783423187 0.81925054981890411 0.99983759474438971 0.72695311118111527 -0.99275805973510278 278.50000000000006 0.28313308994381592 24.500000000000004 3.699999999999998 15.750000000000002 34.150000000000013 294.50000000000006 -0.88620506325989179 32.500000000000007 362.50000000000006 2.3999999999999972 -0.94137724084408114 31.050000000000008 -0.99983123799342477 20.825000000000006 23.500000000000004 0.99907018497641664
decision_type=2 2 2 2 2 2 2 2 2 2 2 2 2 2 2 2 2 2 2 2 2 2 2 2 2 2 2 2 2 2
left_child=21 3 4 5 9 10 8 -8 -7 11 22 -3 13 18 15 -6 -11 -16 -4 20 -14 26 -2 -23 25 -5 -1 -28 29 -29
right_child=1 2 12 24 14 6 7 -9 -10 16 -12 -13 19 -15 17 -17 -18 -19 -20 -21 -22 23 -24 -25 -26 -27 27 28 -30 -31
leaf_value=-0.012820206395424217 0 0 0 0 0 0 0 0 0 0 0.0010467395628301873 0 0 0 0.00052336978141509364 0 0 0 0 0.00052336978141509364 0 0.050572525924694182 0.00052336978141509364 -0.00043961356144988641 0.00057991111514137735 0.00061043275278039742 0.010652025247768995 -0.0065302105458795792 0.00056088163766213615 -0.025250564660469928
leaf_weight=422 2775 12598 1533 340 368 2334 7459 5318 2866 624 142 1138 7464 269 70 178 5107 982 130 1839 14679 10210 49 4396 909 302 23164 2920 46483 169
leaf_count=422 2775 12598 1533 340 368 2334 7459 5318 2866 624 142 1138 7464 269 70 178 5107 982 130 1839 14679 10210 49 4396 909 302 23164 2920 46483 169
internal_value=-0.00658951 -0.0159391 -0.0121619 -0.0238277 -0.0164384 -0.0252607 -0.0234614 -0.0207494 -0.030125 -0.0150904 -0.0361666 -0.0175976 -0.00868565 -0.0176967 -0.0328598 -0.0187179 -0.00908131 -0.0401996 -0.0132802 -0.00795972 -0.00864991 0.000811495 -0.0382365 0.00313433 -0.00447776 -0.0123676 0.000347741 0.000421112 -0.000173283 -0.00560214
internal_weight=157237 69473 46979 22494 21065 20943 17977 12777 5200 19467 2966 13736 25914 1932 1598 546 5731 1052 1663 23982 22143 87764 2824 14606 1551 642 73158 72736 49572 3089
internal_count=157237 69473 46979 22494 21065 20943 17977 12777 5200 19467 2966 13736 25914 1932 1598 546 5731 1052 1663 23982 22143 87764 2824 14606 1551 642 73158 72736 49572 3089
is_linear=0
shrinkage=0.05


Tree=45
num_leaves=31
num_cat=0
split_feature=16 19 1 1 16 18 10 1 10 9 9 9 9 8 10 18 19 1 1 8 10 8 17 10 1 19 10 25 6 10
split_gain=4331.97 828.02 279.36 249.493 186.518 164.389 129.949 191.824 127.278 117.313 101.098 80.3993 67.8056 93.1875 66.348 72.9698 63.0658 61.2818 56.7563 55.0225 56.2697 37.2872 34.687 27.2759 68.8023 27.1667 25.4483 23.5851 21.9021 20.3358
threshold=1.0000000180025095e-35 3.2000000000000006 28.350000000000005 30.425000000000004 685.00000000000011 15.500000000000002 -0.49812626372919411 24.150000000000006 -0.79382744783423187 0.81925054981890411 0.99983759474438971 0.72695311118111527 -0.99275805973510278 278.50000000000006 0.28313308994381592 24.500000000000004 3.699999999999998 15.750000000000002 34.150000000000013 294.50000000000006 -0.88620506325989179 362.50000000000006 32.500000000000007 -0.94137724084408114 31.050000000000008 2.3999999999999972 -0.95242240592625282 33.500000000000007 675.00000000000011 -0.96687281075841669
decision_type=2 2 2 2 2 2 2 2 2 2 2 2 2 2 2 2 2 2 2 2 2 2 2 2 2 2 2 2 2 2
left_child=22 3 4 5 9 10 8 -8 -7 11 21 -3 13 18 15 -6 -11 -16 -4 20 -14 -2 26 24 -5 -24 29 28 -28 -1
right_child=1 2 12 23 14 6 7 -9 -10 16 -12 -13 19 -15 17 -17 -18 -19 -20 -21 -22 -23 25 -25 -26 -27 27 -29 -30 -31
leaf_value=-0.0021433872648235811 0 0 0 0 0 0 0 0 0 0 0.00099440258468867782 0 0 0 0.00049720129234433891 0 0 0 0 0.00049720129234433891 0 0.00049720129234433891 0.04804389962845948 0.00055091555938430875 0.00057991111514137735 -0.00041763288337739183 0.010233697736507256 -0.010135943375638718 -0.00096544091058578952 -0.0112445741125335
leaf_weight=3143 2775 12598 1533 340 368 2334 7459 5318 2866 624 142 1138 7464 269 70 178 5107 982 130 1839 14679 49 10210 909 302 4396 54272 144 14455 1144
leaf_count=3143 2775 12598 1533 340 368 2334 7459 5318 2866 624 142 1138 7464 269 70 178 5107 982 130 1839 14679 49 10210 909 302 4396 54272 144 14455 1144
internal_value=-0.00661113 -0.0159391 -0.0121619 -0.0238277 -0.0164384 -0.0252607 -0.0234614 -0.0207494 -0.030125 -0.0150904 -0.0361666 -0.0175976 -0.00868565 -0.0176967 -0.0328598 -0.0187179 -0.00908131 -0.0401996 -0.0132802 -0.00795972 -0.00864991 -0.0382365 0.000772754 -0.00447776 -0.0123676 0.0029974 0.000328604 0.000561267 0.00060362 -0.00340914
internal_weight=157237 69473 46979 22494 21065 20943 17977 12777 5200 19467 2966 13736 25914 1932 1598 546 5731 1052 1663 23982 22143 2824 87764 1551 642 14606 73158 68871 68727 4287
internal_count=157237 69473 46979 22494 21065 20943 17977 12777 5200 19467 2966 13736 25914 1932 1598 546 5731 1052 1663 23982 22143 2824 87764 1551 642 14606 73158 68871 68727 4287
is_linear=0
shrinkage=0.05


Tree=46
num_leaves=31
num_cat=0
split_feature=16 19 1 1 16 18 10 1 10 9 9 9 9 8 10 18 19 1 1 8 10 8 17 10 1 19 10 6 10 27
split_gain=4339.06 828.02 279.36 249.493 186.518 164.389 129.949 191.824 127.278 117.313 101.098 80.3993 67.8056 93.1875 66.348 72.9698 63.0658 61.2818 56.7563 55.0225 56.2697 37.2872 33.6283 27.2759 68.8023 26.6416 26.3496 25.3299 22.447 26.2547
threshold=1.0000000180025095e-35 3.2000000000000006 28.350000000000005 30.425000000000004 685.00000000000011 15.500000000000002 -0.49812626372919411 24.150000000000006 -0.79382744783423187 0.81925054981890411 0.99983759474438971 0.72695311118111527 -0.99275805973510278 278.50000000000006 0.28313308994381592 24.500000000000004 3.699999999999998 15.750000000000002 34.150000000000013 294.50000000000006 -0.88620506325989179 362.50000000000006 32.500000000000007 -0.94137724084408114 31.050000000000008 2.3999999999999972 -0.6391983530350368 725.00000000000011 -0.6652727025667432 1.2999999999999921
decision_type=2 2 2 2 2 2 2 2 2 2 2 2 2 2 2 2 2 2 2 2 2 2 2 2 2 2 2 2 2 2
left_child=22 3 4 5 9 10 8 -8 -7 11 21 -3 13 18 15 -6 -11 -16 -4 20 -14 -2 26 24 -5 -24 28 -28 -1 -30
right_child=1 2 12 23 14 6 7 -9 -10 16 -12 -13 19 -15 17 -17 -18 -19 -20 -21 -22 -23 25 -25 -26 -27 27 -29 29 -31
leaf_value=-0.0017213624622706926 0 0 0 0 0 0 0 0 0 0 0.0009446824554542433 0 0 0 0.00047234122772712165 0 0 0 0 0.00047234122772712165 0 0.00047234122772712165 0.045641704647036499 0.00052336978141509364 0.00055091555938430875 -0.0003967512392085232 0.012716853745063672 -0.001003857595326363 -0.021936452142446824 -0.031794894926200488
leaf_weight=14590 2775 12598 1533 340 368 2334 7459 5318 2866 624 142 1138 7464 269 70 178 5107 982 130 1839 14679 49 10210 909 302 4396 48564 9067 889 48
leaf_count=14590 2775 12598 1533 340 368 2334 7459 5318 2866 624 142 1138 7464 269 70 178 5107 982 130 1839 14679 49 10210 909 302 4396 48564 9067 889 48
internal_value=-0.0066035 -0.0159391 -0.0121619 -0.0238277 -0.0164384 -0.0252607 -0.0234614 -0.0207494 -0.030125 -0.0150904 -0.0361666 -0.0175976 -0.00868565 -0.0176967 -0.0328598 -0.0187179 -0.00908131 -0.0401996 -0.0132802 -0.00795972 -0.00864991 -0.0382365 0.000786427 -0.00447776 -0.0123676 0.00297686 0.000349108 0.000841648 -0.00147904 -0.00898079
internal_weight=157237 69473 46979 22494 21065 20943 17977 12777 5200 19467 2966 13736 25914 1932 1598 546 5731 1052 1663 23982 22143 2824 87764 1551 642 14606 73158 57631 15527 937
internal_count=157237 69473 46979 22494 21065 20943 17977 12777 5200 19467 2966 13736 25914 1932 1598 546 5731 1052 1663 23982 22143 2824 87764 1551 642 14606 73158 57631 15527 937
is_linear=0
shrinkage=0.05


Tree=47
num_leaves=31
num_cat=0
split_feature=16 19 1 1 16 18 10 1 10 9 9 9 9 8 10 18 19 1 1 8 10 8 10 1 6 20 12 4 10 17
split_gain=4318.1 828.02 279.36 249.493 186.518 164.389 129.949 191.824 127.278 117.313 101.098 80.3993 67.8056 93.1875 66.348 72.9698 63.0658 61.2818 56.7563 55.0225 56.2697 37.2872 27.2759 68.8023 25.0967 32.0733 29.7383 25.2503 24.7525 24.3235
threshold=1.0000000180025095e-35 3.2000000000000006 28.350000000000005 30.425000000000004 685.00000000000011 15.500000000000002 -0.49812626372919411 24.150000000000006 -0.79382744783423187 0.81925054981890411 0.99983759474438971 0.72695311118111527 -0.99275805973510278 278.50000000000006 0.28313308994381592 24.500000000000004 3.699999999999998 15.750000000000002 34.150000000000013 294.50000000000006 -0.88620506325989179 362.50000000000006 -0.94137724084408114 31.050000000000008 545.00000000000011 0.6000000000000002 1.0000000180025095e-35 12.500000000000002 -0.99983123799342477 30.500000000000004
decision_type=2 2 2 2 2 2 2 2 2 2 2 2 2 2 2 2 2 2 2 2 2 2 2 2 2 2 2 2 2 2
left_child=24 3 4 5 9 10 8 -8 -7 11 21 -3 13 18 15 -6 -11 -16 -4 20 -14 -2 23 -5 28 26 -26 -27 -1 -30
right_child=1 2 12 22 14 6 7 -9 -10 16 -12 -13 19 -15 17 -17 -18 -19 -20 -21 -22 -23 -24 -25 25 27 -28 -29 29 -31
leaf_value=-0.011985958589298296 0 0 0 0 0 0 0 0 0 0 0.00089744833268153165 0 0 0 0.00044872416634076582 0 0 0 0 0.00044872416634076582 0 0.00044872416634076582 0.00049720129234433891 0.00052336978141509364 -0.011135374711524921 0.0050637121635523624 -0.00016082678067435021 -0.0016740831845968114 0.0076656217107880786 0.023364699700378369
leaf_weight=330 2775 12598 1533 340 368 2334 7459 5318 2866 624 142 1138 7464 269 70 178 5107 982 130 1839 14679 49 909 302 3938 17738 4384 5574 37693 18107
leaf_count=330 2775 12598 1533 340 368 2334 7459 5318 2866 624 142 1138 7464 269 70 178 5107 982 130 1839 14679 49 909 302 3938 17738 4384 5574 37693 18107
internal_value=-0.00662608 -0.0159391 -0.0121619 -0.0238277 -0.0164384 -0.0252607 -0.0234614 -0.0207494 -0.030125 -0.0150904 -0.0361666 -0.0175976 -0.00868565 -0.0176967 -0.0328598 -0.0187179 -0.00908131 -0.0401996 -0.0132802 -0.00795972 -0.00864991 -0.0382365 -0.00447776 -0.0123676 0.000745978 -0.000380287 -0.00304494 0.000570951 0.00138072 0.00146147
internal_weight=157237 69473 46979 22494 21065 20943 17977 12777 5200 19467 2966 13736 25914 1932 1598 546 5731 1052 1663 23982 22143 2824 1551 642 87764 31634 8322 23312 56130 55800
internal_count=157237 69473 46979 22494 21065 20943 17977 12777 5200 19467 2966 13736 25914 1932 1598 546 5731 1052 1663 23982 22143 2824 1551 642 87764 31634 8322 23312 56130 55800
is_linear=0
shrinkage=0.05


Tree=48
num_leaves=31
num_cat=0
split_feature=16 19 1 1 16 18 10 1 10 9 9 9 9 8 10 18 19 1 1 8 10 8 10 1 17 10 8 8 25 6
split_gain=4269.58 828.02 279.36 249.493 186.518 164.389 129.949 191.824 127.278 117.313 101.098 80.3993 67.8056 93.1875 66.348 72.9698 63.0658 61.2818 56.7563 55.0225 56.2697 37.2872 27.2759 68.8023 26.3256 30.7821 31.9255 37.5677 29.678 22.2229
threshold=1.0000000180025095e-35 3.2000000000000006 28.350000000000005 30.425000000000004 685.00000000000011 15.500000000000002 -0.49812626372919411 24.150000000000006 -0.79382744783423187 0.81925054981890411 0.99983759474438971 0.72695311118111527 -0.99275805973510278 278.50000000000006 0.28313308994381592 24.500000000000004 3.699999999999998 15.750000000000002 34.150000000000013 294.50000000000006 -0.88620506325989179 362.50000000000006 -0.94137724084408114 31.050000000000008 32.500000000000007 -0.6391983530350368 226.50000000000003 227.50000000000003 30.500000000000004 725.00000000000011
decision_type=2 2 2 2 2 2 2 2 2 2 2 2 2 2 2 2 2 2 2 2 2 2 2 2 2 2 2 2 2 2
left_child=24 3 4 5 9 10 8 -8 -7 11 21 -3 13 18 15 -6 -11 -16 -4 20 -14 -2 23 -5 25 26 -1 -28 29 -27
right_child=1 2 12 22 14 6 7 -9 -10 16 -12 -13 19 -15 17 -17 -18 -19 -20 -21 -22 -23 -24 -25 -26 28 27 -29 -30 -31
leaf_value=-0.0022977295379184638 0 0 0 0 0 0 0 0 0 0 0.00085257591604745442 0 0 0 0.00042628795802372721 0 0 0 0 0.00042628795802372721 0 0.00042628795802372721 0.00047234122772712165 0.00049720129234433891 0.009927619256540704 0.011793447235381671 -0.037935436661164681 -0.017466594928789391 -0.010648269979649367 -0.00091424804635323754
leaf_weight=14049 2775 12598 1533 340 368 2334 7459 5318 2866 624 142 1138 7464 269 70 178 5107 982 130 1839 14679 49 909 302 14606 48441 68 1410 127 9063
leaf_count=14049 2775 12598 1533 340 368 2334 7459 5318 2866 624 142 1138 7464 269 70 178 5107 982 130 1839 14679 49 909 302 14606 48441 68 1410 127 9063
internal_value=-0.00667855 -0.0159391 -0.0121619 -0.0238277 -0.0164384 -0.0252607 -0.0234614 -0.0207494 -0.030125 -0.0150904 -0.0361666 -0.0175976 -0.00868565 -0.0176967 -0.0328598 -0.0187179 -0.00908131 -0.0401996 -0.0132802 -0.00795972 -0.00864991 -0.0382365 -0.00447776 -0.0123676 0.000651976 0.000265043 -0.00171089 -0.00870095 0.000797401 0.000850724
internal_weight=157237 69473 46979 22494 21065 20943 17977 12777 5200 19467 2966 13736 25914 1932 1598 546 5731 1052 1663 23982 22143 2824 1551 642 87764 73158 15527 1478 57631 57504
internal_count=157237 69473 46979 22494 21065 20943 17977 12777 5200 19467 2966 13736 25914 1932 1598 546 5731 1052 1663 23982 22143 2824 1551 642 87764 73158 15527 1478 57631 57504
is_linear=0
shrinkage=0.05


Tree=49
num_leaves=31
num_cat=0
split_feature=16 19 1 1 16 18 10 1 10 9 9 9 9 8 10 18 19 1 1 8 10 8 10 1 17 10 8 8 4 17
split_gain=4261.67 828.02 279.36 249.493 186.518 164.389 129.949 191.824 127.278 117.313 101.098 80.3993 67.8056 93.1875 66.348 72.9698 63.0658 61.2818 56.7563 55.0225 56.2697 37.2872 27.2759 68.8023 25.3576 30.2281 31.7051 37.6378 22.8285 21.3931
threshold=1.0000000180025095e-35 3.2000000000000006 28.350000000000005 30.425000000000004 685.00000000000011 15.500000000000002 -0.49812626372919411 24.150000000000006 -0.79382744783423187 0.81925054981890411 0.99983759474438971 0.72695311118111527 -0.99275805973510278 278.50000000000006 0.28313308994381592 24.500000000000004 3.699999999999998 15.750000000000002 34.150000000000013 294.50000000000006 -0.88620506325989179 362.50000000000006 -0.94137724084408114 31.050000000000008 32.500000000000007 -0.6391983530350368 226.50000000000003 227.50000000000003 12.500000000000002 28.500000000000004
decision_type=2 2 2 2 2 2 2 2 2 2 2 2 2 2 2 2 2 2 2 2 2 2 2 2 2 2 2 2 2 2
left_child=24 3 4 5 9 10 8 -8 -7 11 21 -3 13 18 15 -6 -11 -16 -4 20 -14 -2 23 -5 25 26 -1 -28 -26 -27
right_child=1 2 12 22 14 6 7 -9 -10 16 -12 -13 19 -15 17 -17 -18 -19 -20 -21 -22 -23 -24 -25 28 29 27 -29 -30 -31
leaf_value=-0.0021828430610225406 0 0 0 0 0 0 0 0 0 0 0.00080994712024508178 0 0 0 0.00040497356012254089 0 0 0 0 0.00040497356012254089 0 0.00040497356012254089 0.00044872416634076582 0.00047234122772712165 0.021914322668562532 0.00055544304121467867 -0.03603866482810645 -0.016593265182349919 -0.0028213150662930674 0.0090955945195486249
leaf_weight=14049 2775 12598 1533 340 368 2334 7459 5318 2866 624 142 1138 7464 269 70 178 5107 982 130 1839 14679 49 909 302 12842 42502 68 1410 1764 15129
leaf_count=14049 2775 12598 1533 340 368 2334 7459 5318 2866 624 142 1138 7464 269 70 178 5107 982 130 1839 14679 49 909 302 12842 42502 68 1410 1764 15129
internal_value=-0.00668713 -0.0159391 -0.0121619 -0.0238277 -0.0164384 -0.0252607 -0.0234614 -0.0207494 -0.030125 -0.0150904 -0.0361666 -0.0175976 -0.00868565 -0.0176967 -0.0328598 -0.0187179 -0.00908131 -0.0401996 -0.0132802 -0.00795972 -0.00864991 -0.0382365 -0.00447776 -0.0123676 0.000636594 0.000256842 -0.00170123 -0.00866712 0.00253868 0.000784387
internal_weight=157237 69473 46979 22494 21065 20943 17977 12777 5200 19467 2966 13736 25914 1932 1598 546 5731 1052 1663 23982 22143 2824 1551 642 87764 73158 15527 1478 14606 57631
internal_count=157237 69473 46979 22494 21065 20943 17977 12777 5200 19467 2966 13736 25914 1932 1598 546 5731 1052 1663 23982 22143 2824 1551 642 87764 73158 15527 1478 14606 57631
is_linear=0
shrinkage=0.05


Tree=50
num_leaves=31
num_cat=0
split_feature=16 19 1 1 16 18 10 1 10 9 9 9 9 8 10 18 19 1 1 8 10 8 10 1 6 25 17 10 1 7
split_gain=4269.29 828.02 279.36 249.493 186.518 164.389 129.949 191.824 127.278 117.313 101.098 80.3993 67.8056 93.1875 66.348 72.9698 63.0658 61.2818 56.7563 55.0225 56.2697 37.2872 27.2759 68.8023 27.2189 31.1361 29.5773 30.2297 20.1667 27.6937
threshold=1.0000000180025095e-35 3.2000000000000006 28.350000000000005 30.425000000000004 685.00000000000011 15.500000000000002 -0.49812626372919411 24.150000000000006 -0.79382744783423187 0.81925054981890411 0.99983759474438971 0.72695311118111527 -0.99275805973510278 278.50000000000006 0.28313308994381592 24.500000000000004 3.699999999999998 15.750000000000002 34.150000000000013 294.50000000000006 -0.88620506325989179 362.50000000000006 -0.94137724084408114 31.050000000000008 675.00000000000011 1.0000000180025095e-35 32.500000000000007 -0.99983123799342477 31.950000000000003 7.5000000000000009
decision_type=2 2 2 2 2 2 2 2 2 2 2 2 2 2 2 2 2 2 2 2 2 2 2 2 2 2 2 2 2 2
left_child=24 3 4 5 9 10 8 -8 -7 11 21 -3 13 18 15 -6 -11 -16 -4 20 -14 -2 23 -5 25 26 27 -1 -24 -30
right_child=1 2 12 22 14 6 7 -9 -10 16 -12 -13 19 -15 17 -17 -18 -19 -20 -21 -22 -23 28 -25 -26 -27 -28 -29 29 -31
leaf_value=-0.011162632029886333 0 0 0 0 0 0 0 0 0 0 0.00076944976423282824 0 0 0 0.00038472488211641412 0 0 0 0 0.00038472488211641412 0 0.00038472488211641412 0.00042628795802372721 0.00044872416634076582 -0.00095440167940814011 -0.00533713998976253 0.036458739558960895 0.0082155400404212708 0.00061024784200090646 -0.0012765201987906668
leaf_weight=305 2775 12598 1533 340 368 2334 7459 5318 2866 624 142 1138 7464 269 70 178 5107 982 130 1839 14679 49 798 302 18637 2854 10839 55129 58 53
leaf_count=305 2775 12598 1533 340 368 2334 7459 5318 2866 624 142 1138 7464 269 70 178 5107 982 130 1839 14679 49 798 302 18637 2854 10839 55129 58 53
internal_value=-0.00667887 -0.0159391 -0.0121619 -0.0238277 -0.0164384 -0.0252607 -0.0234614 -0.0207494 -0.030125 -0.0150904 -0.0361666 -0.0175976 -0.00868565 -0.0176967 -0.0328598 -0.0187179 -0.00908131 -0.0401996 -0.0132802 -0.00795972 -0.00864991 -0.0382365 -0.00447776 -0.0123676 0.000651406 0.00110861 0.00132882 0.000861746 0.00109461 -0.0188739
internal_weight=157237 69473 46979 22494 21065 20943 17977 12777 5200 19467 2966 13736 25914 1932 1598 546 5731 1052 1663 23982 22143 2824 1551 642 87764 69127 66273 55434 909 111
internal_count=157237 69473 46979 22494 21065 20943 17977 12777 5200 19467 2966 13736 25914 1932 1598 546 5731 1052 1663 23982 22143 2824 1551 642 87764 69127 66273 55434 909 111
is_linear=0
shrinkage=0.05


Tree=51
num_leaves=31
num_cat=0
split_feature=16 19 1 1 16 18 10 1 10 9 9 9 9 8 10 18 19 1 1 8 10 8 10 1 17 19 25 1 8 1
split_gain=4250.83 828.02 279.36 249.493 186.518 164.389 129.949 191.824 127.278 117.313 101.098 80.3993 67.8056 93.1875 66.348 72.9698 63.0658 61.2818 56.7563 55.0225 56.2697 37.2872 27.2759 68.8023 24.8034 20.6069 33.6545 22.2538 63.247 22.2522
threshold=1.0000000180025095e-35 3.2000000000000006 28.350000000000005 30.425000000000004 685.00000000000011 15.500000000000002 -0.49812626372919411 24.150000000000006 -0.79382744783423187 0.81925054981890411 0.99983759474438971 0.72695311118111527 -0.99275805973510278 278.50000000000006 0.28313308994381592 24.500000000000004 3.699999999999998 15.750000000000002 34.150000000000013 294.50000000000006 -0.88620506325989179 362.50000000000006 -0.94137724084408114 31.050000000000008 33.500000000000007 1.0000000000000011 16.500000000000004 30.025000000000002 172.50000000000003 25.425000000000001
decision_type=2 2 2 2 2 2 2 2 2 2 2 2 2 2 2 2 2 2 2 2 2 2 2 2 2 2 2 2 2 2
left_child=24 3 4 5 9 10 8 -8 -7 11 21 -3 13 18 15 -6 -11 -16 -4 20 -14 -2 23 -5 25 26 27 -1 -29 -28
right_child=1 2 12 22 14 6 7 -9 -10 16 -12 -13 19 -15 17 -17 -18 -19 -20 -21 -22 -23 -24 -25 -26 -27 29 28 -30 -31
leaf_value=0.011104665285550914 0 0 0 0 0 0 0 0 0 0 0.00073097727602118719 0 0 0 0.0003654886380105936 0 0 0 0 0.0003654886380105936 0 0.0003654886380105936 0.00040497356012254089 0.00042628795802372721 0.015797477508929302 -0.00065252847227593731 -0.02267660030299927 -0.040364197418987162 -0.005364200995265845 -0.00026934700426730631
leaf_weight=40176 2775 12598 1533 340 368 2334 7459 5318 2866 624 142 1138 7464 269 70 178 5107 982 130 1839 14679 49 909 302 6290 40376 59 97 622 144
leaf_count=40176 2775 12598 1533 340 368 2334 7459 5318 2866 624 142 1138 7464 269 70 178 5107 982 130 1839 14679 49 909 302 6290 40376 59 97 622 144
internal_value=-0.0066989 -0.0159391 -0.0121619 -0.0238277 -0.0164384 -0.0252607 -0.0234614 -0.0207494 -0.030125 -0.0150904 -0.0361666 -0.0175976 -0.00868565 -0.0176967 -0.0328598 -0.0187179 -0.00908131 -0.0401996 -0.0132802 -0.00795972 -0.00864991 -0.0382365 -0.00447776 -0.0123676 0.000615515 0.000381963 0.00117013 0.00127094 -0.00744784 -0.0191379
internal_weight=157237 69473 46979 22494 21065 20943 17977 12777 5200 19467 2966 13736 25914 1932 1598 546 5731 1052 1663 23982 22143 2824 1551 642 87764 81474 41098 40895 719 203
internal_count=157237 69473 46979 22494 21065 20943 17977 12777 5200 19467 2966 13736 25914 1932 1598 546 5731 1052 1663 23982 22143 2824 1551 642 87764 81474 41098 40895 719 203
is_linear=0
shrinkage=0.05


Tree=52
num_leaves=31
num_cat=0
split_feature=16 19 1 1 16 18 10 1 10 9 9 9 9 8 10 18 19 1 1 8 10 8 10 1 17 10 8 8 18 25
split_gain=4202.7 828.02 279.36 249.493 186.518 164.389 129.949 191.824 127.278 117.313 101.098 80.3993 67.8056 93.1875 66.348 72.9698 63.0658 61.2818 56.7563 55.0225 56.2697 37.2872 27.2759 68.8023 24.6506 24.7449 43.1886 34.944 50.9804 31.213
threshold=1.0000000180025095e-35 3.2000000000000006 28.350000000000005 30.425000000000004 685.00000000000011 15.500000000000002 -0.49812626372919411 24.150000000000006 -0.79382744783423187 0.81925054981890411 0.99983759474438971 0.72695311118111527 -0.99275805973510278 278.50000000000006 0.28313308994381592 24.500000000000004 3.699999999999998 15.750000000000002 34.150000000000013 294.50000000000006 -0.88620506325989179 362.50000000000006 -0.94137724084408114 31.050000000000008 33.500000000000007 -0.6391983530350368 223.50000000000003 224.50000000000003 26.500000000000004 18.500000000000004
decision_type=2 2 2 2 2 2 2 2 2 2 2 2 2 2 2 2 2 2 2 2 2 2 2 2 2 2 2 2 2 2
left_child=24 3 4 5 9 10 8 -8 -7 11 21 -3 13 18 15 -6 -11 -16 -4 20 -14 -2 23 -5 25 26 -1 28 -28 -27
right_child=1 2 12 22 14 6 7 -9 -10 16 -12 -13 19 -15 17 -17 -18 -19 -20 -21 -22 -23 -24 -25 -26 29 27 -29 -30 -31
leaf_value=-0.00091943306745050362 0 0 0 0 0 0 0 0 0 0 0.00069442841222012725 0 0 0 0.00034721420611006363 0 0 0 0 0.00034721420611006363 0 0.00034721420611006363 0.00038472488211641412 0.00040497356012254089 0.015007603633482837 0.0040656459364328606 0.051265213887111805 -0.014854559085036545 -0.032946145587223592 -0.013617941727054281
leaf_weight=18484 2775 12598 1533 340 368 2334 7459 5318 2866 624 142 1138 7464 269 70 178 5107 982 130 1839 14679 49 909 302 6290 60278 84 2267 138 223
leaf_count=18484 2775 12598 1533 340 368 2334 7459 5318 2866 624 142 1138 7464 269 70 178 5107 982 130 1839 14679 49 909 302 6290 60278 84 2267 138 223
internal_value=-0.00675137 -0.0159391 -0.0121619 -0.0238277 -0.0164384 -0.0252607 -0.0234614 -0.0207494 -0.030125 -0.0150904 -0.0361666 -0.0175976 -0.00868565 -0.0176967 -0.0328598 -0.0187179 -0.00908131 -0.0401996 -0.0132802 -0.00795972 -0.00864991 -0.0382365 -0.00447776 -0.0123676 0.000521512 0.000288681 -0.00119129 -0.00737445 -0.0263063 0.000801722
internal_weight=157237 69473 46979 22494 21065 20943 17977 12777 5200 19467 2966 13736 25914 1932 1598 546 5731 1052 1663 23982 22143 2824 1551 642 87764 81474 20973 2489 222 60501
internal_count=157237 69473 46979 22494 21065 20943 17977 12777 5200 19467 2966 13736 25914 1932 1598 546 5731 1052 1663 23982 22143 2824 1551 642 87764 81474 20973 2489 222 60501
is_linear=0
shrinkage=0.05


Tree=53
num_leaves=31
num_cat=0
split_feature=16 19 1 1 16 18 10 1 10 9 9 9 9 8 10 18 19 1 1 8 10 8 4 17 10 1 10 18 1 7
split_gain=4225.42 828.02 279.36 249.493 186.518 164.389 129.949 191.824 127.278 117.313 101.098 80.3993 67.8056 93.1875 66.348 72.9698 63.0658 61.2818 56.7563 55.0225 56.2697 37.2872 31.1682 29.8783 27.2759 68.8023 26.2618 23.6606 20.1667 27.6937
threshold=1.0000000180025095e-35 3.2000000000000006 28.350000000000005 30.425000000000004 685.00000000000011 15.500000000000002 -0.49812626372919411 24.150000000000006 -0.79382744783423187 0.81925054981890411 0.99983759474438971 0.72695311118111527 -0.99275805973510278 278.50000000000006 0.28313308994381592 24.500000000000004 3.699999999999998 15.750000000000002 34.150000000000013 294.50000000000006 -0.88620506325989179 362.50000000000006 10.500000000000002 33.500000000000007 -0.94137724084408114 31.050000000000008 -0.99983123799342477 27.500000000000004 31.950000000000003 7.5000000000000009
decision_type=2 2 2 2 2 2 2 2 2 2 2 2 2 2 2 2 2 2 2 2 2 2 2 2 2 2 2 2 2 2
left_child=22 3 4 5 9 10 8 -8 -7 11 21 -3 13 18 15 -6 -11 -16 -4 20 -14 -2 23 26 25 -5 27 -1 -26 -30
right_child=1 2 12 24 14 6 7 -9 -10 16 -12 -13 19 -15 17 -17 -18 -19 -20 -21 -22 -23 -24 -25 28 -27 -28 -29 29 -31
leaf_value=-0.011113762039297037 0 0 0 0 0 0 0 0 0 0 0.00065970699160912145 0 0 0 0.00032985349580456072 0 0 0 0 0.00032985349580456072 0 0.00032985349580456072 -0.0011341170064974842 0.061930062757470553 0.0003654886380105936 0.00038472488211641412 0.0062177588032109286 0.0040968185594098096 0.00054025052778891374 -0.0012521791109630814
leaf_weight=255 2775 12598 1533 340 368 2334 7459 5318 2866 624 142 1138 7464 269 70 178 5107 982 130 1839 14679 49 20602 4621 798 302 62154 132 58 53
leaf_count=255 2775 12598 1533 340 368 2334 7459 5318 2866 624 142 1138 7464 269 70 178 5107 982 130 1839 14679 49 20602 4621 798 302 62154 132 58 53
internal_value=-0.00672657 -0.0159391 -0.0121619 -0.0238277 -0.0164384 -0.0252607 -0.0234614 -0.0207494 -0.030125 -0.0150904 -0.0361666 -0.0175976 -0.00868565 -0.0176967 -0.0328598 -0.0187179 -0.00908131 -0.0401996 -0.0132802 -0.00795972 -0.00864991 -0.0382365 0.00056595 0.00108782 -0.00447776 -0.0123676 0.000801155 -0.0121835 0.00109461 -0.0188739
internal_weight=157237 69473 46979 22494 21065 20943 17977 12777 5200 19467 2966 13736 25914 1932 1598 546 5731 1052 1663 23982 22143 2824 87764 67162 1551 642 62541 387 909 111
internal_count=157237 69473 46979 22494 21065 20943 17977 12777 5200 19467 2966 13736 25914 1932 1598 546 5731 1052 1663 23982 22143 2824 87764 67162 1551 642 62541 387 909 111
is_linear=0
shrinkage=0.05


Tree=54
num_leaves=31
num_cat=0
split_feature=16 19 1 1 16 18 10 1 10 9 9 9 9 8 10 18 19 1 1 8 10 8 4 20 4 10 1 10 17 1
split_gain=4225.42 828.02 279.36 249.493 186.518 164.389 129.949 191.824 127.278 117.313 101.098 80.3993 67.8056 93.1875 66.348 72.9698 63.0658 61.2818 56.7563 55.0225 56.2697 37.2872 29.7373 37.9889 27.7642 27.2759 68.8023 23.4223 21.4439 25.8678
threshold=1.0000000180025095e-35 3.2000000000000006 28.350000000000005 30.425000000000004 685.00000000000011 15.500000000000002 -0.49812626372919411 24.150000000000006 -0.79382744783423187 0.81925054981890411 0.99983759474438971 0.72695311118111527 -0.99275805973510278 278.50000000000006 0.28313308994381592 24.500000000000004 3.699999999999998 15.750000000000002 34.150000000000013 294.50000000000006 -0.88620506325989179 362.50000000000006 8.5000000000000018 0.79999999999999816 12.500000000000002 -0.94137724084408114 31.050000000000008 -0.99983123799342477 33.500000000000007 29.950000000000003
decision_type=2 2 2 2 2 2 2 2 2 2 2 2 2 2 2 2 2 2 2 2 2 2 2 2 2 2 2 2 2 2
left_child=22 3 4 5 9 10 8 -8 -7 11 21 -3 13 18 15 -6 -11 -16 -4 20 -14 -2 27 -24 -25 26 -5 -1 29 -29
right_child=1 2 12 25 14 6 7 -9 -10 16 -12 -13 19 -15 17 -17 -18 -19 -20 -21 -22 -23 23 24 -26 -27 -28 28 -30 -31
leaf_value=-0.010558073937332192 0 0 0 0 0 0 0 0 0 0 0.00062672164202866591 0 0 0 0.00031336082101433296 0 0 0 0 0.00031336082101433296 0 0.00031336082101433296 -0.0037554491604725308 0.0057483820875905665 -0.0020177427965022781 0.00034721420611006363 0.0003654886380105936 0.010035261784291177 0.064999047770204488 -0.0053609072322905685
leaf_weight=324 2775 12598 1533 340 368 2334 7459 5318 2866 624 142 1138 7464 269 70 178 5107 982 130 1839 14679 49 11234 16715 4698 909 302 49745 3781 1267
leaf_count=324 2775 12598 1533 340 368 2334 7459 5318 2866 624 142 1138 7464 269 70 178 5107 982 130 1839 14679 49 11234 16715 4698 909 302 49745 3781 1267
internal_value=-0.00672657 -0.0159391 -0.0121619 -0.0238277 -0.0164384 -0.0252607 -0.0234614 -0.0207494 -0.030125 -0.0150904 -0.0361666 -0.0175976 -0.00868565 -0.0176967 -0.0328598 -0.0187179 -0.00908131 -0.0401996 -0.0132802 -0.00795972 -0.00864991 -0.0382365 0.00056595 -0.00062992 0.000605473 -0.00447776 -0.0123676 0.00127429 0.00135355 0.00108425
internal_weight=157237 69473 46979 22494 21065 20943 17977 12777 5200 19467 2966 13736 25914 1932 1598 546 5731 1052 1663 23982 22143 2824 87764 32647 21413 1551 642 55117 54793 51012
internal_count=157237 69473 46979 22494 21065 20943 17977 12777 5200 19467 2966 13736 25914 1932 1598 546 5731 1052 1663 23982 22143 2824 87764 32647 21413 1551 642 55117 54793 51012
is_linear=0
shrinkage=0.05


Tree=55
num_leaves=31
num_cat=0
split_feature=16 19 1 1 16 18 10 1 10 9 9 9 9 8 10 18 19 1 1 8 10 8 10 1 6 17 10 8 21 1
split_gain=4172.21 828.02 279.36 249.493 186.518 164.389 129.949 191.824 127.278 117.313 101.098 80.3993 67.8056 93.1875 66.348 72.9698 63.0658 61.2818 56.7563 55.0225 56.2697 37.2872 27.2759 68.8023 23.3744 32.1596 35.4186 51.7849 32.1017 32.4515
threshold=1.0000000180025095e-35 3.2000000000000006 28.350000000000005 30.425000000000004 685.00000000000011 15.500000000000002 -0.49812626372919411 24.150000000000006 -0.79382744783423187 0.81925054981890411 0.99983759474438971 0.72695311118111527 -0.99275805973510278 278.50000000000006 0.28313308994381592 24.500000000000004 3.699999999999998 15.750000000000002 34.150000000000013 294.50000000000006 -0.88620506325989179 362.50000000000006 -0.94137724084408114 31.050000000000008 695.00000000000011 33.500000000000007 -0.6391983530350368 223.50000000000003 7.5000000000000009 25.050000000000008
decision_type=2 2 2 2 2 2 2 2 2 2 2 2 2 2 2 2 2 2 2 2 2 2 2 2 2 2 2 2 2 2
left_child=24 3 4 5 9 10 8 -8 -7 11 21 -3 13 18 15 -6 -11 -16 -4 20 -14 -2 23 -5 25 26 27 -1 -28 -30
right_child=1 2 12 22 14 6 7 -9 -10 16 -12 -13 19 -15 17 -17 -18 -19 -20 -21 -22 -23 -24 -25 -26 -27 28 -29 29 -31
leaf_value=-0.0010982527555617461 0 0 0 0 0 0 0 0 0 0 0.00059538555992723211 0 0 0 0.00029769277996361605 0 0 0 0 0.00029769277996361605 0 0.00029769277996361605 0.00032985349580456072 0.00034721420611006363 -0.0010081496939498384 0.048379375792456471 0.0097974428853380043 -0.023348510906016896 -0.021674524230871697 -0.00029024004262989125
leaf_weight=15132 2775 12598 1533 340 368 2334 7459 5318 2866 624 142 1138 7464 269 70 178 5107 982 130 1839 14679 49 909 302 16700 4901 48750 2047 75 159
leaf_count=15132 2775 12598 1533 340 368 2334 7459 5318 2866 624 142 1138 7464 269 70 178 5107 982 130 1839 14679 49 909 302 16700 4901 48750 2047 75 159
internal_value=-0.00678476 -0.0159391 -0.0121619 -0.0238277 -0.0164384 -0.0252607 -0.0234614 -0.0207494 -0.030125 -0.0150904 -0.0361666 -0.0175976 -0.00868565 -0.0176967 -0.0328598 -0.0187179 -0.00908131 -0.0401996 -0.0132802 -0.00795972 -0.00864991 -0.0382365 -0.00447776 -0.0123676 0.000461693 0.000857256 0.000567765 -0.0013857 0.00125286 -0.0172222
internal_weight=157237 69473 46979 22494 21065 20943 17977 12777 5200 19467 2966 13736 25914 1932 1598 546 5731 1052 1663 23982 22143 2824 1551 642 87764 71064 66163 17179 48984 234
internal_count=157237 69473 46979 22494 21065 20943 17977 12777 5200 19467 2966 13736 25914 1932 1598 546 5731 1052 1663 23982 22143 2824 1551 642 87764 71064 66163 17179 48984 234
is_linear=0
shrinkage=0.05


Tree=56
num_leaves=31
num_cat=0
split_feature=16 19 1 1 16 18 10 1 10 9 9 9 9 8 10 18 19 1 1 8 10 8 10 1 4 20 6 25 10 12
split_gain=4217.26 828.02 279.36 249.493 186.518 164.389 129.949 191.824 127.278 117.313 101.098 80.3993 67.8056 93.1875 66.348 72.9698 63.0658 61.2818 56.7563 55.0225 56.2697 37.2872 27.2759 68.8023 27.0283 33.4712 25.8311 23.2948 23.4656 22.0884
threshold=1.0000000180025095e-35 3.2000000000000006 28.350000000000005 30.425000000000004 685.00000000000011 15.500000000000002 -0.49812626372919411 24.150000000000006 -0.79382744783423187 0.81925054981890411 0.99983759474438971 0.72695311118111527 -0.99275805973510278 278.50000000000006 0.28313308994381592 24.500000000000004 3.699999999999998 15.750000000000002 34.150000000000013 294.50000000000006 -0.88620506325989179 362.50000000000006 -0.94137724084408114 31.050000000000008 8.5000000000000018 0.79999999999999549 765.00000000000011 24.500000000000004 -0.99983123799342477 1.0000000180025095e-35
decision_type=2 2 2 2 2 2 2 2 2 2 2 2 2 2 2 2 2 2 2 2 2 2 2 2 2 2 2 2 2 2
left_child=24 3 4 5 9 10 8 -8 -7 11 21 -3 13 18 15 -6 -11 -16 -4 20 -14 -2 23 -5 27 29 -27 28 -1 -26
right_child=1 2 12 22 14 6 7 -9 -10 16 -12 -13 19 -15 17 -17 -18 -19 -20 -21 -22 -23 -24 -25 25 26 -28 -29 -30 -31
leaf_value=-0.0099752576026874932 0 0 0 0 0 0 0 0 0 0 0.00056561628193087102 0 0 0 0.00028280814096543551 0 0 0 0 0.00028280814096543551 0 0.00028280814096543551 0.00031336082101433296 0.00032985349580456072 -0.0097975091993831465 0.0057149042374874228 -0.0017750900493256503 -0.00779096934956835 0.009292046672680937 -0.00025824249130168634
leaf_weight=324 2775 12598 1533 340 368 2334 7459 5318 2866 624 142 1138 7464 269 70 178 5107 982 130 1839 14679 49 909 302 5579 16273 5414 195 54598 5381
leaf_count=324 2775 12598 1533 340 368 2334 7459 5318 2866 624 142 1138 7464 269 70 178 5107 982 130 1839 14679 49 909 302 5579 16273 5414 195 54598 5381
internal_value=-0.00673547 -0.0159391 -0.0121619 -0.0238277 -0.0164384 -0.0252607 -0.0234614 -0.0207494 -0.030125 -0.0150904 -0.0361666 -0.0175976 -0.00868565 -0.0176967 -0.0328598 -0.0187179 -0.00908131 -0.0401996 -0.0132802 -0.00795972 -0.00864991 -0.0382365 -0.00447776 -0.0123676 0.000549998 -0.0005901 0.000548024 0.0012253 0.00128655 -0.00284215
internal_weight=157237 69473 46979 22494 21065 20943 17977 12777 5200 19467 2966 13736 25914 1932 1598 546 5731 1052 1663 23982 22143 2824 1551 642 87764 32647 21687 55117 54922 10960
internal_count=157237 69473 46979 22494 21065 20943 17977 12777 5200 19467 2966 13736 25914 1932 1598 546 5731 1052 1663 23982 22143 2824 1551 642 87764 32647 21687 55117 54922 10960
is_linear=0
shrinkage=0.05


Tree=57
num_leaves=31
num_cat=0
split_feature=16 19 1 1 16 18 10 1 10 9 9 9 9 8 10 18 19 1 1 8 10 8 10 1 6 20 6 10 17 1
split_gain=4235.05 828.02 279.36 249.493 186.518 164.389 129.949 191.824 127.278 117.313 101.098 80.3993 67.8056 93.1875 66.348 72.9698 63.0658 61.2818 56.7563 55.0225 56.2697 37.2872 27.2759 68.8023 25.2368 30.2569 23.7781 22.4115 21.297 25.7277
threshold=1.0000000180025095e-35 3.2000000000000006 28.350000000000005 30.425000000000004 685.00000000000011 15.500000000000002 -0.49812626372919411 24.150000000000006 -0.79382744783423187 0.81925054981890411 0.99983759474438971 0.72695311118111527 -0.99275805973510278 278.50000000000006 0.28313308994381592 24.500000000000004 3.699999999999998 15.750000000000002 34.150000000000013 294.50000000000006 -0.88620506325989179 362.50000000000006 -0.94137724084408114 31.050000000000008 525.00000000000011 0.60000000000000242 765.00000000000011 -0.99983123799342477 33.500000000000007 29.950000000000003
decision_type=2 2 2 2 2 2 2 2 2 2 2 2 2 2 2 2 2 2 2 2 2 2 2 2 2 2 2 2 2 2
left_child=24 3 4 5 9 10 8 -8 -7 11 21 -3 13 18 15 -6 -11 -16 -4 20 -14 -2 23 -5 27 -26 -27 -1 29 -29
right_child=1 2 12 22 14 6 7 -9 -10 16 -12 -13 19 -15 17 -17 -18 -19 -20 -21 -22 -23 -24 -25 25 26 -28 28 -30 -31
leaf_value=-0.00947649472255312 0 0 0 0 0 0 0 0 0 0 0.00053733546783432814 0 0 0 0.00026866773391716407 0 0 0 0 0.00026866773391716407 0 0.00026866773391716407 0.00029769277996361605 0.00031336082101433296 -0.0036841298484376842 0.0049663417921698982 -0.0016261036826017831 0.0085790242171756743 0.058865524258437385 -0.0055025515665320102
leaf_weight=318 2775 12598 1533 340 368 2334 7459 5318 2866 624 142 1138 7464 269 70 178 5107 982 130 1839 14679 49 909 302 9828 17915 5917 48849 3711 1226
leaf_count=318 2775 12598 1533 340 368 2334 7459 5318 2866 624 142 1138 7464 269 70 178 5107 982 130 1839 14679 49 909 302 9828 17915 5917 48849 3711 1226
internal_value=-0.00671607 -0.0159391 -0.0121619 -0.0238277 -0.0164384 -0.0252607 -0.0234614 -0.0207494 -0.030125 -0.0150904 -0.0361666 -0.0175976 -0.00868565 -0.0176967 -0.0328598 -0.0187179 -0.00908131 -0.0401996 -0.0132802 -0.00795972 -0.00864991 -0.0382365 -0.00447776 -0.0123676 0.00058475 -0.000490196 0.000472474 0.00125351 0.00133176 0.00106091
internal_weight=157237 69473 46979 22494 21065 20943 17977 12777 5200 19467 2966 13736 25914 1932 1598 546 5731 1052 1663 23982 22143 2824 1551 642 87764 33660 23832 54104 53786 50075
internal_count=157237 69473 46979 22494 21065 20943 17977 12777 5200 19467 2966 13736 25914 1932 1598 546 5731 1052 1663 23982 22143 2824 1551 642 87764 33660 23832 54104 53786 50075
is_linear=0
shrinkage=0.05


Tree=58
num_leaves=31
num_cat=0
split_feature=16 19 1 1 16 18 10 1 10 9 9 9 9 8 10 18 19 1 1 8 10 8 10 1 17 10 25 8 8 18
split_gain=4210.56 828.02 279.36 249.493 186.518 164.389 129.949 191.824 127.278 117.313 101.098 80.3993 67.8056 93.1875 66.348 72.9698 63.0658 61.2818 56.7563 55.0225 56.2697 37.2872 27.2759 68.8023 21.2747 22.2888 31.2323 27.1713 39.3608 48.2928
threshold=1.0000000180025095e-35 3.2000000000000006 28.350000000000005 30.425000000000004 685.00000000000011 15.500000000000002 -0.49812626372919411 24.150000000000006 -0.79382744783423187 0.81925054981890411 0.99983759474438971 0.72695311118111527 -0.99275805973510278 278.50000000000006 0.28313308994381592 24.500000000000004 3.699999999999998 15.750000000000002 34.150000000000013 294.50000000000006 -0.88620506325989179 362.50000000000006 -0.94137724084408114 31.050000000000008 33.500000000000007 -0.6391983530350368 18.500000000000004 223.50000000000003 224.50000000000003 26.500000000000004
decision_type=2 2 2 2 2 2 2 2 2 2 2 2 2 2 2 2 2 2 2 2 2 2 2 2 2 2 2 2 2 2
left_child=24 3 4 5 9 10 8 -8 -7 11 21 -3 13 18 15 -6 -11 -16 -4 20 -14 -2 23 -5 25 27 -27 -1 29 -29
right_child=1 2 12 22 14 6 7 -9 -10 16 -12 -13 19 -15 17 -17 -18 -19 -20 -21 -22 -23 -24 -25 -26 26 -28 28 -30 -31
leaf_value=-0.0010963380515794042 0 0 0 0 0 0 0 0 0 0 0.00051046869444261185 0 0 0 0.00025523434722130592 0 0 0 0 0.00025523434722130592 0 0.00025523434722130592 0.00028280814096543551 0.00029769277996361605 0.014030666855793373 0.0037346202709060308 -0.012705372201913454 0.047987585121916192 -0.014650610159351813 -0.031837617336429501
leaf_weight=18484 2775 12598 1533 340 368 2334 7459 5318 2866 624 142 1138 7464 269 70 178 5107 982 130 1839 14679 49 909 302 6290 60278 223 84 2267 138
leaf_count=18484 2775 12598 1533 340 368 2334 7459 5318 2866 624 142 1138 7464 269 70 178 5107 982 130 1839 14679 49 909 302 6290 60278 223 84 2267 138
internal_value=-0.00674278 -0.0159391 -0.0121619 -0.0238277 -0.0164384 -0.0252607 -0.0234614 -0.0207494 -0.030125 -0.0150904 -0.0361666 -0.0175976 -0.00868565 -0.0176967 -0.0328598 -0.0187179 -0.00908131 -0.0401996 -0.0132802 -0.00795972 -0.00864991 -0.0382365 -0.00447776 -0.0123676 0.000536895 0.000320593 0.000807507 -0.00108401 -0.00598835 -0.0260811
internal_weight=157237 69473 46979 22494 21065 20943 17977 12777 5200 19467 2966 13736 25914 1932 1598 546 5731 1052 1663 23982 22143 2824 1551 642 87764 81474 60501 20973 2489 222
internal_count=157237 69473 46979 22494 21065 20943 17977 12777 5200 19467 2966 13736 25914 1932 1598 546 5731 1052 1663 23982 22143 2824 1551 642 87764 81474 60501 20973 2489 222
is_linear=0
shrinkage=0.05


Tree=59
num_leaves=31
num_cat=0
split_feature=16 19 1 1 16 18 10 1 10 9 9 9 9 8 10 18 19 1 1 8 10 8 10 1 6 3 6 17 10 1
split_gain=4217.84 828.02 279.36 249.493 186.518 164.389 129.949 191.824 127.278 117.313 101.098 80.3993 67.8056 93.1875 66.348 72.9698 63.0658 61.2818 56.7563 55.0225 56.2697 37.2872 27.2759 68.8023 27.1097 27.7525 25.4952 22.3191 20.9485 25.6487
threshold=1.0000000180025095e-35 3.2000000000000006 28.350000000000005 30.425000000000004 685.00000000000011 15.500000000000002 -0.49812626372919411 24.150000000000006 -0.79382744783423187 0.81925054981890411 0.99983759474438971 0.72695311118111527 -0.99275805973510278 278.50000000000006 0.28313308994381592 24.500000000000004 3.699999999999998 15.750000000000002 34.150000000000013 294.50000000000006 -0.88620506325989179 362.50000000000006 -0.94137724084408114 31.050000000000008 525.00000000000011 0.39999999999999908 755.00000000000011 33.500000000000007 -0.99983123799342477 29.950000000000003
decision_type=2 2 2 2 2 2 2 2 2 2 2 2 2 2 2 2 2 2 2 2 2 2 2 2 2 2 2 2 2 2
left_child=24 3 4 5 9 10 8 -8 -7 11 21 -3 13 18 15 -6 -11 -16 -4 20 -14 -2 23 -5 27 -26 -27 28 -1 -30
right_child=1 2 12 22 14 6 7 -9 -10 16 -12 -13 19 -15 17 -17 -18 -19 -20 -21 -22 -23 -24 -25 25 26 -28 -29 29 -31
leaf_value=-0.0089478530838464909 0 0 0 0 0 0 0 0 0 0 0.00048494525972048175 0 0 0 0.00024247262986024087 0 0 0 0 0.00024247262986024087 0 0.00024247262986024087 0.00026866773391716407 0.00028280814096543551 -0.0030522379047802257 0.0067683693875290859 -0.0022181709119251155 0.055220714702725854 0.0079633419927715894 -0.0051726070856264357
leaf_weight=318 2775 12598 1533 340 368 2334 7459 5318 2866 624 142 1138 7464 269 70 178 5107 982 130 1839 14679 49 909 302 12848 15507 5305 3711 48849 1226
leaf_count=318 2775 12598 1533 340 368 2334 7459 5318 2866 624 142 1138 7464 269 70 178 5107 982 130 1839 14679 49 909 302 12848 15507 5305 3711 48849 1226
internal_value=-0.00673483 -0.0159391 -0.0121619 -0.0238277 -0.0164384 -0.0252607 -0.0234614 -0.0207494 -0.030125 -0.0150904 -0.0361666 -0.0175976 -0.00868565 -0.0176967 -0.0328598 -0.0187179 -0.00908131 -0.0401996 -0.0132802 -0.00795972 -0.00864991 -0.0382365 -0.00447776 -0.0123676 0.000551137 -0.000562983 0.000565059 0.00124427 0.000968686 0.00104993
internal_weight=157237 69473 46979 22494 21065 20943 17977 12777 5200 19467 2966 13736 25914 1932 1598 546 5731 1052 1663 23982 22143 2824 1551 642 87764 33660 20812 54104 50393 50075
internal_count=157237 69473 46979 22494 21065 20943 17977 12777 5200 19467 2966 13736 25914 1932 1598 546 5731 1052 1663 23982 22143 2824 1551 642 87764 33660 20812 54104 50393 50075
is_linear=0
shrinkage=0.05


Tree=60
num_leaves=31
num_cat=0
split_feature=16 19 1 1 16 18 10 1 10 9 9 9 9 8 10 18 19 1 1 8 10 8 10 1 6 25 20 10 6 1
split_gain=4206.77 828.02 279.36 249.493 186.518 164.389 129.949 191.824 127.278 117.313 101.098 80.3993 67.8056 93.1875 66.348 72.9698 63.0658 61.2818 56.7563 55.0225 56.2697 37.2872 27.2759 68.8023 24.4615 27.2761 25.9222 22.3624 21.9221 20.1667
threshold=1.0000000180025095e-35 3.2000000000000006 28.350000000000005 30.425000000000004 685.00000000000011 15.500000000000002 -0.49812626372919411 24.150000000000006 -0.79382744783423187 0.81925054981890411 0.99983759474438971 0.72695311118111527 -0.99275805973510278 278.50000000000006 0.28313308994381592 24.500000000000004 3.699999999999998 15.750000000000002 34.150000000000013 294.50000000000006 -0.88620506325989179 362.50000000000006 -0.94137724084408114 31.050000000000008 525.00000000000011 1.0000000180025095e-35 0.79999999999999549 -0.99983123799342477 755.00000000000011 31.950000000000003
decision_type=2 2 2 2 2 2 2 2 2 2 2 2 2 2 2 2 2 2 2 2 2 2 2 2 2 2 2 2 2 2
left_child=24 3 4 5 9 10 8 -8 -7 11 21 -3 13 18 15 -6 -11 -16 -4 20 -14 -2 23 -5 25 27 -26 -1 -28 -24
right_child=1 2 12 22 14 6 7 -9 -10 16 -12 -13 19 -15 17 -17 -18 -19 -20 -21 -22 -23 29 -25 26 -27 28 -29 -30 -31
leaf_value=-0.008500460429654166 0 0 0 0 0 0 0 0 0 0 0.0004606979967344577 0 0 0 0.00023034899836722885 0 0 0 0 0.00023034899836722885 0 0.00023034899836722885 0.00025523434722130592 0.00026866773391716407 -0.0032816192244113796 -0.005504237128952272 0.0059487214346123449 0.010710073861055693 -0.00157791547851911 -0.0012815500143036861
leaf_weight=309 2775 12598 1533 340 368 2334 7459 5318 2866 624 142 1138 7464 269 70 178 5107 982 130 1839 14679 49 798 302 11478 2226 16130 51569 6052 111
leaf_count=309 2775 12598 1533 340 368 2334 7459 5318 2866 624 142 1138 7464 269 70 178 5107 982 130 1839 14679 49 798 302 11478 2226 16130 51569 6052 111
internal_value=-0.00674692 -0.0159391 -0.0121619 -0.0238277 -0.0164384 -0.0252607 -0.0234614 -0.0207494 -0.030125 -0.0150904 -0.0361666 -0.0175976 -0.00868565 -0.0176967 -0.0328598 -0.0187179 -0.00908131 -0.0401996 -0.0132802 -0.00795972 -0.00864991 -0.0382365 -0.00447776 -0.0123676 0.000529488 0.0011879 -0.000528817 0.00142045 0.0004693 0.00109461
internal_weight=157237 69473 46979 22494 21065 20943 17977 12777 5200 19467 2966 13736 25914 1932 1598 546 5731 1052 1663 23982 22143 2824 1551 642 87764 54104 33660 51878 22182 909
internal_count=157237 69473 46979 22494 21065 20943 17977 12777 5200 19467 2966 13736 25914 1932 1598 546 5731 1052 1663 23982 22143 2824 1551 642 87764 54104 33660 51878 22182 909
is_linear=0
shrinkage=0.05


Tree=61
num_leaves=31
num_cat=0
split_feature=16 19 1 1 16 18 10 1 10 9 9 9 9 8 10 18 19 1 1 8 10 8 10 1 0 17 10 8 8 17
split_gain=4155.99 828.02 279.36 249.493 186.518 164.389 129.949 191.824 127.278 117.313 101.098 80.3993 67.8056 93.1875 66.348 72.9698 63.0658 61.2818 56.7563 55.0225 56.2697 37.2872 27.2759 68.8023 21.7548 34.478 32.0823 35.9467 32.7402 30.566
threshold=1.0000000180025095e-35 3.2000000000000006 28.350000000000005 30.425000000000004 685.00000000000011 15.500000000000002 -0.49812626372919411 24.150000000000006 -0.79382744783423187 0.81925054981890411 0.99983759474438971 0.72695311118111527 -0.99275805973510278 278.50000000000006 0.28313308994381592 24.500000000000004 3.699999999999998 15.750000000000002 34.150000000000013 294.50000000000006 -0.88620506325989179 362.50000000000006 -0.94137724084408114 31.050000000000008 32.95000000000001 33.500000000000007 -0.6391983530350368 223.50000000000003 224.50000000000003 30.500000000000004
decision_type=2 2 2 2 2 2 2 2 2 2 2 2 2 2 2 2 2 2 2 2 2 2 2 2 2 2 2 2 2 2
left_child=24 3 4 5 9 10 8 -8 -7 11 21 -3 13 18 15 -6 -11 -16 -4 20 -14 -2 23 -5 25 26 27 29 -29 -1
right_child=1 2 12 22 14 6 7 -9 -10 16 -12 -13 19 -15 17 -17 -18 -19 -20 -21 -22 -23 -24 -25 -26 -27 -28 28 -30 -31
leaf_value=-0.0040826309590924984 0 0 0 0 0 0 0 0 0 0 0.00043766309689773493 0 0 0 0.00021883154844886746 0 0 0 0 0.00021883154844886746 0 0.00021883154844886746 0.00024247262986024087 0.00025523434722130592 -0.0046327566533114917 0.031924170506165209 0.0033334598499003953 -0.030989481157815718 -0.014593975278575861 0.0025871508874980632
leaf_weight=6951 2775 12598 1533 340 368 2334 7459 5318 2866 624 142 1138 7464 269 70 178 5107 982 130 1839 14679 49 909 302 1406 5457 60285 222 2252 11191
leaf_count=6951 2775 12598 1533 340 368 2334 7459 5318 2866 624 142 1138 7464 269 70 178 5107 982 130 1839 14679 49 909 302 1406 5457 60285 222 2252 11191
internal_value=-0.00680257 -0.0159391 -0.0121619 -0.0238277 -0.0164384 -0.0252607 -0.0234614 -0.0207494 -0.030125 -0.0150904 -0.0361666 -0.0175976 -0.00868565 -0.0176967 -0.0328598 -0.0187179 -0.00908131 -0.0401996 -0.0132802 -0.00795972 -0.00864991 -0.0382365 -0.00447776 -0.0123676 0.000429789 0.000530235 0.000270763 -0.0014319 -0.00708569 -0.000660897
internal_weight=157237 69473 46979 22494 21065 20943 17977 12777 5200 19467 2966 13736 25914 1932 1598 546 5731 1052 1663 23982 22143 2824 1551 642 87764 86358 80901 20616 2474 18142
internal_count=157237 69473 46979 22494 21065 20943 17977 12777 5200 19467 2966 13736 25914 1932 1598 546 5731 1052 1663 23982 22143 2824 1551 642 87764 86358 80901 20616 2474 18142
is_linear=0
shrinkage=0.05


Tree=62
num_leaves=31
num_cat=0
split_feature=16 19 1 1 16 18 10 1 10 9 9 9 9 8 10 18 19 1 1 8 10 8 10 1 4 17 10 1 1 19
split_gain=4188.45 828.02 279.36 249.493 186.518 164.389 129.949 191.824 127.278 117.313 101.098 80.3993 67.8056 93.1875 66.348 72.9698 63.0658 61.2818 56.7563 55.0225 56.2697 37.2872 27.2759 68.8023 23.803 24.8416 65.1015 41.9059 37.4314 32.9509
threshold=1.0000000180025095e-35 3.2000000000000006 28.350000000000005 30.425000000000004 685.00000000000011 15.500000000000002 -0.49812626372919411 24.150000000000006 -0.79382744783423187 0.81925054981890411 0.99983759474438971 0.72695311118111527 -0.99275805973510278 278.50000000000006 0.28313308994381592 24.500000000000004 3.699999999999998 15.750000000000002 34.150000000000013 294.50000000000006 -0.88620506325989179 362.50000000000006 -0.94137724084408114 31.050000000000008 8.5000000000000018 30.500000000000004 -0.99761278905001471 24.625000000000004 24.850000000000005 3.0999999999999965
decision_type=2 2 2 2 2 2 2 2 2 2 2 2 2 2 2 2 2 2 2 2 2 2 2 2 2 2 2 2 2 2
left_child=24 3 4 5 9 10 8 -8 -7 11 21 -3 13 18 15 -6 -11 -16 -4 20 -14 -2 23 -5 25 26 -1 -28 -29 -27
right_child=1 2 12 22 14 6 7 -9 -10 16 -12 -13 19 -15 17 -17 -18 -19 -20 -21 -22 -23 -24 -25 -26 29 27 28 -30 -31
leaf_value=-0.0021864856055990949 0 0 0 0 0 0 0 0 0 0 0.00041577994205284769 0 0 0 0.00020788997102642385 0 0 0 0 0.00020788997102642385 0 0.00020788997102642385 0.00023034899836722885 0.00024247262986024087 -0.00066539804157763835 0.017735176432384144 0.010007897175507886 -0.030865777142176132 -0.0046444633717741407 -0.019421852654185293
leaf_weight=270 2775 12598 1533 340 368 2334 7459 5318 2866 624 142 1138 7464 269 70 178 5107 982 130 1839 14679 49 909 302 32647 17875 26092 845 9916 119
leaf_count=270 2775 12598 1533 340 368 2334 7459 5318 2866 624 142 1138 7464 269 70 178 5107 982 130 1839 14679 49 909 302 32647 17875 26092 845 9916 119
internal_value=-0.00676695 -0.0159391 -0.0121619 -0.0238277 -0.0164384 -0.0252607 -0.0234614 -0.0207494 -0.030125 -0.0150904 -0.0361666 -0.0175976 -0.00868565 -0.0176967 -0.0328598 -0.0187179 -0.00908131 -0.0401996 -0.0132802 -0.00795972 -0.00864991 -0.0382365 -0.00447776 -0.0123676 0.000493597 0.00112733 0.000388304 0.000567525 -0.00205789 0.002652
internal_weight=157237 69473 46979 22494 21065 20943 17977 12777 5200 19467 2966 13736 25914 1932 1598 546 5731 1052 1663 23982 22143 2824 1551 642 87764 55117 37123 36853 10761 17994
internal_count=157237 69473 46979 22494 21065 20943 17977 12777 5200 19467 2966 13736 25914 1932 1598 546 5731 1052 1663 23982 22143 2824 1551 642 87764 55117 37123 36853 10761 17994
is_linear=0
shrinkage=0.05


Tree=63
num_leaves=31
num_cat=0
split_feature=16 19 1 1 16 18 10 1 10 9 9 9 9 8 10 18 19 1 1 8 10 8 10 1 6 17 10 8 27 8
split_gain=4188.74 828.02 279.36 249.493 186.518 164.389 129.949 191.824 127.278 117.313 101.098 80.3993 67.8056 93.1875 66.348 72.9698 63.0658 61.2818 56.7563 55.0225 56.2697 37.2872 27.2759 68.8023 21.4568 30.2979 30.476 43.1186 36.2389 26.1377
threshold=1.0000000180025095e-35 3.2000000000000006 28.350000000000005 30.425000000000004 685.00000000000011 15.500000000000002 -0.49812626372919411 24.150000000000006 -0.79382744783423187 0.81925054981890411 0.99983759474438971 0.72695311118111527 -0.99275805973510278 278.50000000000006 0.28313308994381592 24.500000000000004 3.699999999999998 15.750000000000002 34.150000000000013 294.50000000000006 -0.88620506325989179 362.50000000000006 -0.94137724084408114 31.050000000000008 635.00000000000011 33.500000000000007 -0.6391983530350368 223.50000000000003 1.3 224.50000000000003
decision_type=2 2 2 2 2 2 2 2 2 2 2 2 2 2 2 2 2 2 2 2 2 2 2 2 2 2 2 2 2 2
left_child=24 3 4 5 9 10 8 -8 -7 11 21 -3 13 18 15 -6 -11 -16 -4 20 -14 -2 23 -5 25 26 27 28 -1 -29
right_child=1 2 12 22 14 6 7 -9 -10 16 -12 -13 19 -15 17 -17 -18 -19 -20 -21 -22 -23 -24 -25 -26 -27 -28 29 -30 -31
leaf_value=6.8749967682540938e-05 0 0 0 0 0 0 0 0 0 0 0.00039499094495020485 0 0 0 0.00019749547247510242 0 0 0 0 0.00019749547247510242 0 0.00019749547247510242 0.00021883154844886746 0.00023034899836722885 -0.00077791534055381443 0.04944120792760931 0.0075231006509185912 -0.028357052813816137 -0.0097589932155884088 -0.020090580171603874
leaf_weight=13000 2775 12598 1533 340 368 2334 7459 5318 2866 624 142 1138 7464 269 70 178 5107 982 130 1839 14679 49 909 302 22583 4481 44908 175 898 1719
leaf_count=13000 2775 12598 1533 340 368 2334 7459 5318 2866 624 142 1138 7464 269 70 178 5107 982 130 1839 14679 49 909 302 22583 4481 44908 175 898 1719
internal_value=-0.00676663 -0.0159391 -0.0121619 -0.0238277 -0.0164384 -0.0252607 -0.0234614 -0.0207494 -0.030125 -0.0150904 -0.0361666 -0.0175976 -0.00868565 -0.0176967 -0.0328598 -0.0187179 -0.00908131 -0.0401996 -0.0132802 -0.00795972 -0.00864991 -0.0382365 -0.00447776 -0.0123676 0.000494166 0.000954343 0.00066145 -0.00122784 -0.000263347 -0.00830517
internal_weight=157237 69473 46979 22494 21065 20943 17977 12777 5200 19467 2966 13736 25914 1932 1598 546 5731 1052 1663 23982 22143 2824 1551 642 87764 65181 60700 15792 13898 1894
internal_count=157237 69473 46979 22494 21065 20943 17977 12777 5200 19467 2966 13736 25914 1932 1598 546 5731 1052 1663 23982 22143 2824 1551 642 87764 65181 60700 15792 13898 1894
is_linear=0
shrinkage=0.05


Tree=64
num_leaves=31
num_cat=0
split_feature=16 19 1 1 16 18 10 1 10 9 9 9 9 8 10 18 19 1 1 8 10 8 10 1 4 17 10 20 1 7
split_gain=4224.54 828.02 279.36 249.493 186.518 164.389 129.949 191.824 127.278 117.313 101.098 80.3993 67.8056 93.1875 66.348 72.9698 63.0658 61.2818 56.7563 55.0225 56.2697 37.2872 27.2759 68.8023 24.7753 23.1522 21.7306 20.9208 20.1667 27.6937
threshold=1.0000000180025095e-35 3.2000000000000006 28.350000000000005 30.425000000000004 685.00000000000011 15.500000000000002 -0.49812626372919411 24.150000000000006 -0.79382744783423187 0.81925054981890411 0.99983759474438971 0.72695311118111527 -0.99275805973510278 278.50000000000006 0.28313308994381592 24.500000000000004 3.699999999999998 15.750000000000002 34.150000000000013 294.50000000000006 -0.88620506325989179 362.50000000000006 -0.94137724084408114 31.050000000000008 8.5000000000000018 33.500000000000007 -0.99983123799342477 0.89999999999999603 31.950000000000003 7.5000000000000009
decision_type=2 2 2 2 2 2 2 2 2 2 2 2 2 2 2 2 2 2 2 2 2 2 2 2 2 2 2 2 2 2
left_child=24 3 4 5 9 10 8 -8 -7 11 21 -3 13 18 15 -6 -11 -16 -4 20 -14 -2 23 -5 25 26 -1 -26 -24 -30
right_child=1 2 12 22 14 6 7 -9 -10 16 -12 -13 19 -15 17 -17 -18 -19 -20 -21 -22 -23 28 -25 27 -27 -28 -29 29 -31
leaf_value=-0.0090949912725497017 0 0 0 0 0 0 0 0 0 0 0.00037524139770269419 0 0 0 0.00018762069885134709 0 0 0 0 0.00018762069885134709 0 0.00018762069885134709 0.00020788997102642385 0.00021883154844886746 -0.0028694045869754152 0.046969147531228855 0.0056470087502437597 0.00087306339157455749 0.00045075298439207768 -0.0012520551724223186
leaf_weight=324 2775 12598 1533 340 368 2334 7459 5318 2866 624 142 1138 7464 269 70 178 5107 982 130 1839 14679 49 798 302 12521 3781 51012 20126 58 53
leaf_count=324 2775 12598 1533 340 368 2334 7459 5318 2866 624 142 1138 7464 269 70 178 5107 982 130 1839 14679 49 798 302 12521 3781 51012 20126 58 53
internal_value=-0.00672752 -0.0159391 -0.0121619 -0.0238277 -0.0164384 -0.0252607 -0.0234614 -0.0207494 -0.030125 -0.0150904 -0.0361666 -0.0175976 -0.00868565 -0.0176967 -0.0328598 -0.0187179 -0.00908131 -0.0401996 -0.0132802 -0.00795972 -0.00864991 -0.0382365 -0.00447776 -0.0123676 0.000564241 0.00121079 0.000932679 -0.000527307 0.00109461 -0.0188739
internal_weight=157237 69473 46979 22494 21065 20943 17977 12777 5200 19467 2966 13736 25914 1932 1598 546 5731 1052 1663 23982 22143 2824 1551 642 87764 55117 51336 32647 909 111
internal_count=157237 69473 46979 22494 21065 20943 17977 12777 5200 19467 2966 13736 25914 1932 1598 546 5731 1052 1663 23982 22143 2824 1551 642 87764 55117 51336 32647 909 111
is_linear=0
shrinkage=0.05


Tree=65
num_leaves=31
num_cat=0
split_feature=16 19 1 1 16 18 10 1 10 9 9 9 9 8 10 18 19 1 1 8 10 8 10 1 17 10 19 10 8 25
split_gain=4193.97 828.02 279.36 249.493 186.518 164.389 129.949 191.824 127.278 117.313 101.098 80.3993 67.8056 93.1875 66.348 72.9698 63.0658 61.2818 56.7563 55.0225 56.2697 37.2872 27.2759 68.8023 23.2599 52.2679 34.2907 25.8695 32.718 21.6579
threshold=1.0000000180025095e-35 3.2000000000000006 28.350000000000005 30.425000000000004 685.00000000000011 15.500000000000002 -0.49812626372919411 24.150000000000006 -0.79382744783423187 0.81925054981890411 0.99983759474438971 0.72695311118111527 -0.99275805973510278 278.50000000000006 0.28313308994381592 24.500000000000004 3.699999999999998 15.750000000000002 34.150000000000013 294.50000000000006 -0.88620506325989179 362.50000000000006 -0.94137724084408114 31.050000000000008 30.500000000000004 -0.73865259438682551 2.2999999999999985 -0.99761278905001471 184.50000000000003 33.500000000000007
decision_type=2 2 2 2 2 2 2 2 2 2 2 2 2 2 2 2 2 2 2 2 2 2 2 2 2 2 2 2 2 2
left_child=24 3 4 5 9 10 8 -8 -7 11 21 -3 13 18 15 -6 -11 -16 -4 20 -14 -2 23 -5 25 27 -26 28 -1 -27
right_child=1 2 12 22 14 6 7 -9 -10 16 -12 -13 19 -15 17 -17 -18 -19 -20 -21 -22 -23 -24 -25 26 29 -28 -29 -30 -31
leaf_value=-0.0016258492600757818 0 0 0 0 0 0 0 0 0 0 0.00035647932781755905 0 0 0 0.00017823966390877953 0 0 0 0 0.00017823966390877953 0 0.00017823966390877953 0.00019749547247510242 0.00020788997102642385 0.013465145678108893 0.0012676274631492914 -0.0012695569851916501 -0.0076256475196607946 -0.00082798763719678652 -0.0079110140200084385
leaf_weight=284 2775 12598 1533 340 368 2334 7459 5318 2866 624 142 1138 7464 269 70 178 5107 982 130 1839 14679 49 909 302 20420 53464 8373 4907 172 144
leaf_count=284 2775 12598 1533 340 368 2334 7459 5318 2866 624 142 1138 7464 269 70 178 5107 982 130 1839 14679 49 909 302 20420 53464 8373 4907 172 144
internal_value=-0.00676091 -0.0159391 -0.0121619 -0.0238277 -0.0164384 -0.0252607 -0.0234614 -0.0207494 -0.030125 -0.0150904 -0.0361666 -0.0175976 -0.00868565 -0.0176967 -0.0328598 -0.0187179 -0.00908131 -0.0401996 -0.0132802 -0.00795972 -0.00864991 -0.0382365 -0.00447776 -0.0123676 0.000504421 -6.43535e-05 0.00166933 -0.00477065 -0.0161623 0.000406469
internal_weight=157237 69473 46979 22494 21065 20943 17977 12777 5200 19467 2966 13736 25914 1932 1598 546 5731 1052 1663 23982 22143 2824 1551 642 87764 58971 28793 5363 456 53608
internal_count=157237 69473 46979 22494 21065 20943 17977 12777 5200 19467 2966 13736 25914 1932 1598 546 5731 1052 1663 23982 22143 2824 1551 642 87764 58971 28793 5363 456 53608
is_linear=0
shrinkage=0.05


Tree=66
num_leaves=31
num_cat=0
split_feature=16 19 1 1 16 18 10 1 10 9 9 9 9 8 10 18 19 1 1 8 10 8 10 1 17 10 21 8 8 18
split_gain=4120.19 828.02 279.36 249.493 186.518 164.389 129.949 191.824 127.278 117.313 101.098 80.3993 67.8056 93.1875 66.348 72.9698 63.0658 61.2818 56.7563 55.0225 56.2697 37.2872 27.2759 68.8023 20.7183 31.5354 29.4917 29.4531 34.3645 46.1342
threshold=1.0000000180025095e-35 3.2000000000000006 28.350000000000005 30.425000000000004 685.00000000000011 15.500000000000002 -0.49812626372919411 24.150000000000006 -0.79382744783423187 0.81925054981890411 0.99983759474438971 0.72695311118111527 -0.99275805973510278 278.50000000000006 0.28313308994381592 24.500000000000004 3.699999999999998 15.750000000000002 34.150000000000013 294.50000000000006 -0.88620506325989179 362.50000000000006 -0.94137724084408114 31.050000000000008 33.500000000000007 -0.6391983530350368 11.500000000000002 223.50000000000003 224.50000000000003 26.500000000000004
decision_type=2 2 2 2 2 2 2 2 2 2 2 2 2 2 2 2 2 2 2 2 2 2 2 2 2 2 2 2 2 2
left_child=24 3 4 5 9 10 8 -8 -7 11 21 -3 13 18 15 -6 -11 -16 -4 20 -14 -2 23 -5 25 27 -27 -1 29 -29
right_child=1 2 12 22 14 6 7 -9 -10 16 -12 -13 19 -15 17 -17 -18 -19 -20 -21 -22 -23 -24 -25 -26 26 -28 28 -30 -31
leaf_value=-0.0010531696379084438 0 0 0 0 0 0 0 0 0 0 0.00033865536142668046 0 0 0 0.00016932768071334023 0 0 0 0 0.00016932768071334023 0 0.00016932768071334023 0.00018762069885134709 0.00019749547247510242 0.012685242026205565 0.0032506348350653472 -0.0075154633190080179 0.047489581358438289 -0.013176678111622972 -0.027880925456658236
leaf_weight=18484 2775 12598 1533 340 368 2334 7459 5318 2866 624 142 1138 7464 269 70 178 5107 982 130 1839 14679 49 909 302 6290 60318 183 84 2267 138
leaf_count=18484 2775 12598 1533 340 368 2334 7459 5318 2866 624 142 1138 7464 269 70 178 5107 982 130 1839 14679 49 909 302 6290 60318 183 84 2267 138
internal_value=-0.006842 -0.0159391 -0.0121619 -0.0238277 -0.0164384 -0.0252607 -0.0234614 -0.0207494 -0.030125 -0.0150904 -0.0361666 -0.0175976 -0.00868565 -0.0176967 -0.0328598 -0.0187179 -0.00908131 -0.0401996 -0.0132802 -0.00795972 -0.00864991 -0.0382365 -0.00447776 -0.0123676 0.000359145 0.000145691 0.000724864 -0.00152506 -0.00663118 -0.0254054
internal_weight=157237 69473 46979 22494 21065 20943 17977 12777 5200 19467 2966 13736 25914 1932 1598 546 5731 1052 1663 23982 22143 2824 1551 642 87764 81474 60501 20973 2489 222
internal_count=157237 69473 46979 22494 21065 20943 17977 12777 5200 19467 2966 13736 25914 1932 1598 546 5731 1052 1663 23982 22143 2824 1551 642 87764 81474 60501 20973 2489 222
is_linear=0
shrinkage=0.05


Tree=67
num_leaves=31
num_cat=0
split_feature=16 19 1 1 16 18 10 1 10 9 9 9 9 8 10 18 19 1 1 8 10 8 10 1 6 10 17 8 3 6
split_gain=4151.94 828.02 279.36 249.493 186.518 164.389 129.949 191.824 127.278 117.313 101.098 80.3993 67.8056 93.1875 66.348 72.9698 63.0658 61.2818 56.7563 55.0225 56.2697 37.2872 27.2759 68.8023 22.8319 28.8405 41.3118 25.8981 24.243 23.1867
threshold=1.0000000180025095e-35 3.2000000000000006 28.350000000000005 30.425000000000004 685.00000000000011 15.500000000000002 -0.49812626372919411 24.150000000000006 -0.79382744783423187 0.81925054981890411 0.99983759474438971 0.72695311118111527 -0.99275805973510278 278.50000000000006 0.28313308994381592 24.500000000000004 3.699999999999998 15.750000000000002 34.150000000000013 294.50000000000006 -0.88620506325989179 362.50000000000006 -0.94137724084408114 31.050000000000008 515.00000000000011 -0.99761278905001471 30.500000000000004 184.50000000000003 0.39999999999999908 755.00000000000011
decision_type=2 2 2 2 2 2 2 2 2 2 2 2 2 2 2 2 2 2 2 2 2 2 2 2 2 2 2 2 2 2
left_child=24 3 4 5 9 10 8 -8 -7 11 21 -3 13 18 15 -6 -11 -16 -4 20 -14 -2 23 -5 25 26 27 -1 -26 -30
right_child=1 2 12 22 14 6 7 -9 -10 16 -12 -13 19 -15 17 -17 -18 -19 -20 -21 -22 -23 -24 -25 28 -27 -28 -29 29 -31
leaf_value=-0.0014918983151765682 0 0 0 0 0 0 0 0 0 0 0.00032172259335534612 0 0 0 0.00016086129667767306 0 0 0 0 0.00016086129667767306 0 0.00016086129667767306 0.00017823966390877953 0.00018762069885134709 -0.0029112443145750152 0.0062889003133413616 -0.0035496749072960634 -0.00012298010445850884 0.0060080595822260049 -0.0020747178498596282
leaf_weight=156 2775 12598 1533 340 368 2334 7459 5318 2866 624 142 1138 7464 269 70 178 5107 982 130 1839 14679 49 909 302 13308 51890 939 104 16062 5305
leaf_count=156 2775 12598 1533 340 368 2334 7459 5318 2866 624 142 1138 7464 269 70 178 5107 982 130 1839 14679 49 909 302 13308 51890 939 104 16062 5305
internal_value=-0.00680702 -0.0159391 -0.0121619 -0.0238277 -0.0164384 -0.0252607 -0.0234614 -0.0207494 -0.030125 -0.0150904 -0.0361666 -0.0175976 -0.00868565 -0.0176967 -0.0328598 -0.0187179 -0.00908131 -0.0401996 -0.0132802 -0.00795972 -0.00864991 -0.0382365 -0.00447776 -0.0123676 0.000421813 0.00107357 -0.00659299 -0.0242308 -0.000576063 0.00046731
internal_weight=157237 69473 46979 22494 21065 20943 17977 12777 5200 19467 2966 13736 25914 1932 1598 546 5731 1052 1663 23982 22143 2824 1551 642 87764 53089 1199 260 34675 21367
internal_count=157237 69473 46979 22494 21065 20943 17977 12777 5200 19467 2966 13736 25914 1932 1598 546 5731 1052 1663 23982 22143 2824 1551 642 87764 53089 1199 260 34675 21367
is_linear=0
shrinkage=0.05


Tree=68
num_leaves=31
num_cat=0
split_feature=16 19 1 1 16 18 10 1 10 9 9 9 9 8 10 18 19 1 1 8 10 8 10 1 17 10 19 1 17 8
split_gain=4116.16 828.02 279.36 249.493 186.518 164.389 129.949 191.824 127.278 117.313 101.098 80.3993 67.8056 93.1875 66.348 72.9698 63.0658 61.2818 56.7563 55.0225 56.2697 37.2872 27.2759 68.8023 21.1139 34.0497 32.4692 21.8883 31.3256 81.0266
threshold=1.0000000180025095e-35 3.2000000000000006 28.350000000000005 30.425000000000004 685.00000000000011 15.500000000000002 -0.49812626372919411 24.150000000000006 -0.79382744783423187 0.81925054981890411 0.99983759474438971 0.72695311118111527 -0.99275805973510278 278.50000000000006 0.28313308994381592 24.500000000000004 3.699999999999998 15.750000000000002 34.150000000000013 294.50000000000006 -0.88620506325989179 362.50000000000006 -0.94137724084408114 31.050000000000008 32.500000000000007 -0.95242240592625282 2.3999999999999972 19.950000000000003 19.500000000000004 18.500000000000004
decision_type=2 2 2 2 2 2 2 2 2 2 2 2 2 2 2 2 2 2 2 2 2 2 2 2 2 2 2 2 2 2
left_child=24 3 4 5 9 10 8 -8 -7 11 21 -3 13 18 15 -6 -11 -16 -4 20 -14 -2 23 -5 25 -1 -26 28 29 -27
right_child=1 2 12 22 14 6 7 -9 -10 16 -12 -13 19 -15 17 -17 -18 -19 -20 -21 -22 -23 -24 -25 26 27 -28 -29 -30 -31
leaf_value=-0.0066157787698707731 0 0 0 0 0 0 0 0 0 0 0.00030563646368757941 0 0 0 0.0001528182318437897 0 0 0 0 0.0001528182318437897 0 0.0001528182318437897 0.00016932768071334023 0.00017823966390877953 0.022998720985413047 -0.039587841173036181 -0.001850848017622142 -0.00044721222683203888 0.020412157485859318 0.0042334689490917876
leaf_weight=4287 2775 12598 1533 340 368 2334 7459 5318 2866 624 142 1138 7464 269 70 178 5107 982 130 1839 14679 49 909 302 10210 900 4396 49093 11116 7762
leaf_count=4287 2775 12598 1533 340 368 2334 7459 5318 2866 624 142 1138 7464 269 70 178 5107 982 130 1839 14679 49 909 302 10210 900 4396 49093 11116 7762
internal_value=-0.00684645 -0.0159391 -0.0121619 -0.0238277 -0.0164384 -0.0252607 -0.0234614 -0.0207494 -0.030125 -0.0150904 -0.0361666 -0.0175976 -0.00868565 -0.0176967 -0.0328598 -0.0187179 -0.00908131 -0.0401996 -0.0132802 -0.00795972 -0.00864991 -0.0382365 -0.00447776 -0.0123676 0.000351169 4.64766e-06 0.00208681 0.000273773 0.00167813 -0.000576079
internal_weight=157237 69473 46979 22494 21065 20943 17977 12777 5200 19467 2966 13736 25914 1932 1598 546 5731 1052 1663 23982 22143 2824 1551 642 87764 73158 14606 68871 19778 8662
internal_count=157237 69473 46979 22494 21065 20943 17977 12777 5200 19467 2966 13736 25914 1932 1598 546 5731 1052 1663 23982 22143 2824 1551 642 87764 73158 14606 68871 19778 8662
is_linear=0
shrinkage=0.05


Tree=69
num_leaves=31
num_cat=0
split_feature=16 19 1 1 16 18 10 1 10 9 9 9 9 8 10 18 19 1 1 8 10 8 10 1 1 7 1 0 17 10
split_gain=4135.19 828.02 279.36 249.493 186.518 164.389 129.949 191.824 127.278 117.313 101.098 80.3993 67.8056 93.1875 66.348 72.9698 63.0658 61.2818 56.7563 55.0225 56.2697 37.2872 27.2759 68.8023 20.1667 27.6937 19.978 19.5197 32.544 22.735
threshold=1.0000000180025095e-35 3.2000000000000006 28.350000000000005 30.425000000000004 685.00000000000011 15.500000000000002 -0.49812626372919411 24.150000000000006 -0.79382744783423187 0.81925054981890411 0.99983759474438971 0.72695311118111527 -0.99275805973510278 278.50000000000006 0.28313308994381592 24.500000000000004 3.699999999999998 15.750000000000002 34.150000000000013 294.50000000000006 -0.88620506325989179 362.50000000000006 -0.94137724084408114 31.050000000000008 31.950000000000003 7.5000000000000009 29.333333333333339 32.95000000000001 33.500000000000007 -0.6391983530350368
decision_type=2 2 2 2 2 2 2 2 2 2 2 2 2 2 2 2 2 2 2 2 2 2 2 2 2 2 2 2 2 2
left_child=27 3 4 5 9 10 8 -8 -7 11 21 -3 13 18 15 -6 -11 -16 -4 20 -14 -2 23 -5 -24 -26 -21 28 29 -1
right_child=1 2 12 22 14 6 7 -9 -10 16 -12 -13 19 -15 17 -17 -18 -19 -20 26 -22 -23 24 -25 25 -27 -28 -29 -30 -31
leaf_value=-0.0017930184640461125 0 0 0 0 0 0 0 0 0 0 0.00029035464050320011 0 0 0 0.00014517732025160006 0 0 0 0 0.00014517732025160006 0 0.00014517732025160006 0.00016086129667767306 0.00016932768071334023 0.00039158115937504431 -0.0012260865895986311 -0.0018408943016342653 -0.004077999333397613 0.021848784936142396 0.0028530964010451071
leaf_weight=20616 2775 12598 1533 340 368 2334 7459 5318 2866 624 142 1138 7464 269 70 178 5107 982 130 1024 14679 49 798 302 58 53 815 1406 5457 60285
leaf_count=20616 2775 12598 1533 340 368 2334 7459 5318 2866 624 142 1138 7464 269 70 178 5107 982 130 1024 14679 49 798 302 58 53 815 1406 5457 60285
internal_value=-0.00682546 -0.0159391 -0.0121619 -0.0238277 -0.0164384 -0.0252607 -0.0234614 -0.0207494 -0.030125 -0.0150904 -0.0361666 -0.0175976 -0.00868565 -0.0176967 -0.0328598 -0.0187179 -0.00908131 -0.0401996 -0.0132802 -0.00795972 -0.00864991 -0.0382365 -0.00447776 -0.0123676 0.00109461 -0.0188739 0.000350734 0.00038877 0.000483916 0.000231827
internal_weight=157237 69473 46979 22494 21065 20943 17977 12777 5200 19467 2966 13736 25914 1932 1598 546 5731 1052 1663 23982 22143 2824 1551 642 909 111 1839 87764 86358 80901
internal_count=157237 69473 46979 22494 21065 20943 17977 12777 5200 19467 2966 13736 25914 1932 1598 546 5731 1052 1663 23982 22143 2824 1551 642 909 111 1839 87764 86358 80901
is_linear=0
shrinkage=0.05


Tree=70
num_leaves=31
num_cat=0
split_feature=16 19 1 1 16 18 10 1 10 9 9 9 9 8 10 18 19 1 1 8 10 8 10 1 6 17 19 1 10 20
split_gain=4150.78 828.02 279.36 249.493 186.518 164.389 129.949 191.824 127.278 117.313 101.098 80.3993 67.8056 93.1875 66.348 72.9698 63.0658 61.2818 56.7563 55.0225 56.2697 37.2872 27.2759 68.8023 20.7956 24.3314 22.6974 34.2757 25.9343 20.171
threshold=1.0000000180025095e-35 3.2000000000000006 28.350000000000005 30.425000000000004 685.00000000000011 15.500000000000002 -0.49812626372919411 24.150000000000006 -0.79382744783423187 0.81925054981890411 0.99983759474438971 0.72695311118111527 -0.99275805973510278 278.50000000000006 0.28313308994381592 24.500000000000004 3.699999999999998 15.750000000000002 34.150000000000013 294.50000000000006 -0.88620506325989179 362.50000000000006 -0.94137724084408114 31.050000000000008 515.00000000000011 33.500000000000007 2.2999999999999985 28.850000000000005 -0.99465740988130902 0.79999999999999549
decision_type=2 2 2 2 2 2 2 2 2 2 2 2 2 2 2 2 2 2 2 2 2 2 2 2 2 2 2 2 2 2
left_child=24 3 4 5 9 10 8 -8 -7 11 21 -3 13 18 15 -6 -11 -16 -4 20 -14 -2 23 -5 25 26 -1 28 -28 -26
right_child=1 2 12 22 14 6 7 -9 -10 16 -12 -13 19 -15 17 -17 -18 -19 -20 -21 -22 -23 -24 -25 29 -27 27 -29 -30 -31
leaf_value=0.0044196906174140188 0 0 0 0 0 0 0 0 0 0 0.00027583690847804014 0 0 0 0.00013791845423902007 0 0 0 0 0.00013791845423902007 0 0.00013791845423902007 0.0001528182318437897 0.00016086129667767306 -0.0029681297831071858 0.040756350457706869 -0.0009968635377218954 -0.011480781790406692 0.00078075905120145736 0.00054761655669385194
leaf_weight=48168 2775 12598 1533 340 368 2334 7459 5318 2866 624 142 1138 7464 269 70 178 5107 982 130 1839 14679 49 909 302 12053 3641 32 353 895 22622
leaf_count=48168 2775 12598 1533 340 368 2334 7459 5318 2866 624 142 1138 7464 269 70 178 5107 982 130 1839 14679 49 909 302 12053 3641 32 353 895 22622
internal_value=-0.00680829 -0.0159391 -0.0121619 -0.0238277 -0.0164384 -0.0252607 -0.0234614 -0.0207494 -0.030125 -0.0150904 -0.0361666 -0.0175976 -0.00868565 -0.0176967 -0.0328598 -0.0187179 -0.00908131 -0.0401996 -0.0132802 -0.00795972 -0.00864991 -0.0382365 -0.00447776 -0.0123676 0.000419534 0.00104155 0.000751092 -0.00582031 -0.000771305 -0.000532804
internal_weight=157237 69473 46979 22494 21065 20943 17977 12777 5200 19467 2966 13736 25914 1932 1598 546 5731 1052 1663 23982 22143 2824 1551 642 87764 53089 49448 1280 927 34675
internal_count=157237 69473 46979 22494 21065 20943 17977 12777 5200 19467 2966 13736 25914 1932 1598 546 5731 1052 1663 23982 22143 2824 1551 642 87764 53089 49448 1280 927 34675
is_linear=0
shrinkage=0.05


Tree=71
num_leaves=31
num_cat=0
split_feature=16 19 1 1 16 18 10 1 10 9 9 9 9 8 10 18 19 1 1 8 10 8 10 1 1 7 1 25 17 19
split_gain=4134.9 828.02 279.36 249.493 186.518 164.389 129.949 191.824 127.278 117.313 101.098 80.3993 67.8056 93.1875 66.348 72.9698 63.0658 61.2818 56.7563 55.0225 56.2697 37.2872 27.2759 68.8023 20.1667 27.6937 19.978 19.3397 17.9984 24.9162
threshold=1.0000000180025095e-35 3.2000000000000006 28.350000000000005 30.425000000000004 685.00000000000011 15.500000000000002 -0.49812626372919411 24.150000000000006 -0.79382744783423187 0.81925054981890411 0.99983759474438971 0.72695311118111527 -0.99275805973510278 278.50000000000006 0.28313308994381592 24.500000000000004 3.699999999999998 15.750000000000002 34.150000000000013 294.50000000000006 -0.88620506325989179 362.50000000000006 -0.94137724084408114 31.050000000000008 31.950000000000003 7.5000000000000009 29.333333333333339 49.500000000000007 33.500000000000007 3.4999999999999978
decision_type=2 2 2 2 2 2 2 2 2 2 2 2 2 2 2 2 2 2 2 2 2 2 2 2 2 2 2 2 2 2
left_child=27 3 4 5 9 10 8 -8 -7 11 21 -3 13 18 15 -6 -11 -16 -4 20 -14 -2 23 -5 -24 -26 -21 28 -1 -30
right_child=1 2 12 22 14 6 7 -9 -10 16 -12 -13 19 -15 17 -17 -18 -19 -20 26 -22 -23 24 -25 25 -27 -28 -29 29 -31
leaf_value=0.00025217395858638427 0 0 0 0 0 0 0 0 0 0 0.00026204506305413795 0 0 0 0.00013102253152706897 0 0 0 0 0.00013102253152706897 0 0.00013102253152706897 0.00014517732025160006 0.0001528182318437897 0.00036436118981410248 -0.0011724231717108891 -0.0017557455092645031 -0.0077954139083060399 0.033718525782264155 -0.0038198233886593234
leaf_weight=81384 2775 12598 1533 340 368 2334 7459 5318 2866 624 142 1138 7464 269 70 178 5107 982 130 1024 14679 49 798 302 58 53 815 90 4902 1388
leaf_count=81384 2775 12598 1533 340 368 2334 7459 5318 2866 624 142 1138 7464 269 70 178 5107 982 130 1024 14679 49 798 302 58 53 815 90 4902 1388
internal_value=-0.00682578 -0.0159391 -0.0121619 -0.0238277 -0.0164384 -0.0252607 -0.0234614 -0.0207494 -0.030125 -0.0150904 -0.0361666 -0.0175976 -0.00868565 -0.0176967 -0.0328598 -0.0187179 -0.00908131 -0.0401996 -0.0132802 -0.00795972 -0.00864991 -0.0382365 -0.00447776 -0.0123676 0.00109461 -0.0188739 0.000350734 0.0003882 0.000411981 0.00298887
internal_weight=157237 69473 46979 22494 21065 20943 17977 12777 5200 19467 2966 13736 25914 1932 1598 546 5731 1052 1663 23982 22143 2824 1551 642 909 111 1839 87764 87674 6290
internal_count=157237 69473 46979 22494 21065 20943 17977 12777 5200 19467 2966 13736 25914 1932 1598 546 5731 1052 1663 23982 22143 2824 1551 642 909 111 1839 87764 87674 6290
is_linear=0
shrinkage=0.05


Tree=72
num_leaves=31
num_cat=0
split_feature=16 19 1 1 16 18 10 1 10 9 9 9 9 8 10 18 19 1 1 8 10 8 10 1 1 7 1 17 19 1
split_gain=4138.94 828.02 279.36 249.493 186.518 164.389 129.949 191.824 127.278 117.313 101.098 80.3993 67.8056 93.1875 66.348 72.9698 63.0658 61.2818 56.7563 55.0225 56.2697 37.2872 27.2759 68.8023 20.1667 27.6937 19.978 18.4425 23.5516 23.3807
threshold=1.0000000180025095e-35 3.2000000000000006 28.350000000000005 30.425000000000004 685.00000000000011 15.500000000000002 -0.49812626372919411 24.150000000000006 -0.79382744783423187 0.81925054981890411 0.99983759474438971 0.72695311118111527 -0.99275805973510278 278.50000000000006 0.28313308994381592 24.500000000000004 3.699999999999998 15.750000000000002 34.150000000000013 294.50000000000006 -0.88620506325989179 362.50000000000006 -0.94137724084408114 31.050000000000008 31.950000000000003 7.5000000000000009 29.333333333333339 33.500000000000007 3.4999999999999978 19.950000000000003
decision_type=2 2 2 2 2 2 2 2 2 2 2 2 2 2 2 2 2 2 2 2 2 2 2 2 2 2 2 2 2 2
left_child=27 3 4 5 9 10 8 -8 -7 11 21 -3 13 18 15 -6 -11 -16 -4 20 -14 -2 23 -5 -24 -26 -21 29 -29 -1
right_child=1 2 12 22 14 6 7 -9 -10 16 -12 -13 19 -15 17 -17 -18 -19 -20 26 -22 -23 24 -25 25 -27 -28 28 -30 -31
leaf_value=0.0076709738059066168 0 0 0 0 0 0 0 0 0 0 0.00024894280990143128 0 0 0 0.00012447140495071564 0 0 0 0 0.00012447140495071564 0 0.00012447140495071564 0.00013791845423902007 0.00014517732025160006 0.0003461431303233974 -0.0011138020131253445 -0.001667958233801278 0.032032599493150939 -0.0036288322192263595 -0.00044136282949726048
leaf_weight=19778 2775 12598 1533 340 368 2334 7459 5318 2866 624 142 1138 7464 269 70 178 5107 982 130 1024 14679 49 798 302 58 53 815 4902 1388 61696
leaf_count=19778 2775 12598 1533 340 368 2334 7459 5318 2866 624 142 1138 7464 269 70 178 5107 982 130 1024 14679 49 798 302 58 53 815 4902 1388 61696
internal_value=-0.00682133 -0.0159391 -0.0121619 -0.0238277 -0.0164384 -0.0252607 -0.0234614 -0.0207494 -0.030125 -0.0150904 -0.0361666 -0.0175976 -0.00868565 -0.0176967 -0.0328598 -0.0187179 -0.00908131 -0.0401996 -0.0132802 -0.00795972 -0.00864991 -0.0382365 -0.00447776 -0.0123676 0.00109461 -0.0188739 0.000350734 0.000396176 0.00300477 0.000194786
internal_weight=157237 69473 46979 22494 21065 20943 17977 12777 5200 19467 2966 13736 25914 1932 1598 546 5731 1052 1663 23982 22143 2824 1551 642 909 111 1839 87764 6290 81474
internal_count=157237 69473 46979 22494 21065 20943 17977 12777 5200 19467 2966 13736 25914 1932 1598 546 5731 1052 1663 23982 22143 2824 1551 642 909 111 1839 87764 6290 81474
is_linear=0
shrinkage=0.05


Tree=73
num_leaves=31
num_cat=0
split_feature=16 19 1 1 16 18 10 1 10 9 9 9 9 8 10 18 19 1 1 8 10 8 10 1 1 7 1 17 1 1
split_gain=4136.05 828.02 279.36 249.493 186.518 164.389 129.949 191.824 127.278 117.313 101.098 80.3993 67.8056 93.1875 66.348 72.9698 63.0658 61.2818 56.7563 55.0225 56.2697 37.2872 27.2759 68.8023 20.1667 27.6937 19.978 18.7492 22.4116 22.0499
threshold=1.0000000180025095e-35 3.2000000000000006 28.350000000000005 30.425000000000004 685.00000000000011 15.500000000000002 -0.49812626372919411 24.150000000000006 -0.79382744783423187 0.81925054981890411 0.99983759474438971 0.72695311118111527 -0.99275805973510278 278.50000000000006 0.28313308994381592 24.500000000000004 3.699999999999998 15.750000000000002 34.150000000000013 294.50000000000006 -0.88620506325989179 362.50000000000006 -0.94137724084408114 31.050000000000008 31.950000000000003 7.5000000000000009 29.333333333333339 33.500000000000007 32.050000000000004 19.950000000000003
decision_type=2 2 2 2 2 2 2 2 2 2 2 2 2 2 2 2 2 2 2 2 2 2 2 2 2 2 2 2 2 2
left_child=27 3 4 5 9 10 8 -8 -7 11 21 -3 13 18 15 -6 -11 -16 -4 20 -14 -2 23 -5 -24 -26 -21 29 -29 -1
right_child=1 2 12 22 14 6 7 -9 -10 16 -12 -13 19 -15 17 -17 -18 -19 -20 26 -22 -23 24 -25 25 -27 -28 28 -30 -31
leaf_value=0.0072874251156112846 0 0 0 0 0 0 0 0 0 0 0.00023649566940635997 0 0 0 0.00011824783470317998 0 0 0 0 0.00011824783470317998 0 0.00011824783470317998 0.00013102253152706897 0.00013791845423902007 0.00032883597380722749 -0.0010581119124690771 -0.0015845603221112141 0.030430969518493403 -0.0033184683020703273 -0.00041929468802239732
leaf_weight=19778 2775 12598 1533 340 368 2334 7459 5318 2866 624 142 1138 7464 269 70 178 5107 982 130 1024 14679 49 798 302 58 53 815 4795 1495 61696
leaf_count=19778 2775 12598 1533 340 368 2334 7459 5318 2866 624 142 1138 7464 269 70 178 5107 982 130 1024 14679 49 798 302 58 53 815 4795 1495 61696
internal_value=-0.00682451 -0.0159391 -0.0121619 -0.0238277 -0.0164384 -0.0252607 -0.0234614 -0.0207494 -0.030125 -0.0150904 -0.0361666 -0.0175976 -0.00868565 -0.0176967 -0.0328598 -0.0187179 -0.00908131 -0.0401996 -0.0132802 -0.00795972 -0.00864991 -0.0382365 -0.00447776 -0.0123676 0.00109461 -0.0188739 0.000350734 0.000390479 0.00302067 0.000187422
internal_weight=157237 69473 46979 22494 21065 20943 17977 12777 5200 19467 2966 13736 25914 1932 1598 546 5731 1052 1663 23982 22143 2824 1551 642 909 111 1839 87764 6290 81474
internal_count=157237 69473 46979 22494 21065 20943 17977 12777 5200 19467 2966 13736 25914 1932 1598 546 5731 1052 1663 23982 22143 2824 1551 642 909 111 1839 87764 6290 81474
is_linear=0
shrinkage=0.05


Tree=74
num_leaves=31
num_cat=0
split_feature=16 19 1 1 16 18 10 1 10 9 9 9 9 8 10 18 19 1 1 8 10 8 10 1 1 7 1 17 19 1
split_gain=4142.12 828.02 279.36 249.493 186.518 164.389 129.949 191.824 127.278 117.313 101.098 80.3993 67.8056 93.1875 66.348 72.9698 63.0658 61.2818 56.7563 55.0225 56.2697 37.2872 27.2759 68.8023 20.1667 27.6937 19.978 18.4663 21.877 20.8884
threshold=1.0000000180025095e-35 3.2000000000000006 28.350000000000005 30.425000000000004 685.00000000000011 15.500000000000002 -0.49812626372919411 24.150000000000006 -0.79382744783423187 0.81925054981890411 0.99983759474438971 0.72695311118111527 -0.99275805973510278 278.50000000000006 0.28313308994381592 24.500000000000004 3.699999999999998 15.750000000000002 34.150000000000013 294.50000000000006 -0.88620506325989179 362.50000000000006 -0.94137724084408114 31.050000000000008 31.950000000000003 7.5000000000000009 29.333333333333339 33.500000000000007 3.4999999999999978 19.950000000000003
decision_type=2 2 2 2 2 2 2 2 2 2 2 2 2 2 2 2 2 2 2 2 2 2 2 2 2 2 2 2 2 2
left_child=27 3 4 5 9 10 8 -8 -7 11 21 -3 13 18 15 -6 -11 -16 -4 20 -14 -2 23 -5 -24 -26 -21 29 -29 -1
right_child=1 2 12 22 14 6 7 -9 -10 16 -12 -13 19 -15 17 -17 -18 -19 -20 26 -22 -23 24 -25 25 -27 -28 28 -30 -31
leaf_value=0.006923053859830719 0 0 0 0 0 0 0 0 0 0 0.00022467088593604163 0 0 0 0.00011233544296802081 0 0 0 0 0.00011233544296802081 0 0.00011233544296802081 0.00012447140495071564 0.00013102253152706897 0.00031239417511686601 -0.0010052063168456233 -0.0015053323060056532 0.028909421042568731 -0.0034258550199005424 -0.00039832995362127716
leaf_weight=19778 2775 12598 1533 340 368 2334 7459 5318 2866 624 142 1138 7464 269 70 178 5107 982 130 1024 14679 49 798 302 58 53 815 4902 1388 61696
leaf_count=19778 2775 12598 1533 340 368 2334 7459 5318 2866 624 142 1138 7464 269 70 178 5107 982 130 1024 14679 49 798 302 58 53 815 4902 1388 61696
internal_value=-0.00681783 -0.0159391 -0.0121619 -0.0238277 -0.0164384 -0.0252607 -0.0234614 -0.0207494 -0.030125 -0.0150904 -0.0361666 -0.0175976 -0.00868565 -0.0176967 -0.0328598 -0.0187179 -0.00908131 -0.0401996 -0.0132802 -0.00795972 -0.00864991 -0.0382365 -0.00447776 -0.0123676 0.00109461 -0.0188739 0.000350734 0.000402443 0.00301272 0.000200923
internal_weight=157237 69473 46979 22494 21065 20943 17977 12777 5200 19467 2966 13736 25914 1932 1598 546 5731 1052 1663 23982 22143 2824 1551 642 909 111 1839 87764 6290 81474
internal_count=157237 69473 46979 22494 21065 20943 17977 12777 5200 19467 2966 13736 25914 1932 1598 546 5731 1052 1663 23982 22143 2824 1551 642 909 111 1839 87764 6290 81474
is_linear=0
shrinkage=0.05


Tree=75
num_leaves=31
num_cat=0
split_feature=16 19 1 1 16 18 10 1 10 9 9 9 9 8 10 18 19 1 1 8 10 8 10 1 1 7 1 17 1 1
split_gain=4141.25 828.02 279.36 249.493 186.518 164.389 129.949 191.824 127.278 117.313 101.098 80.3993 67.8056 93.1875 66.348 72.9698 63.0658 61.2818 56.7563 55.0225 56.2697 37.2872 27.2759 68.8023 20.1667 27.6937 19.978 18.2661 21.6571 20.4606
threshold=1.0000000180025095e-35 3.2000000000000006 28.350000000000005 30.425000000000004 685.00000000000011 15.500000000000002 -0.49812626372919411 24.150000000000006 -0.79382744783423187 0.81925054981890411 0.99983759474438971 0.72695311118111527 -0.99275805973510278 278.50000000000006 0.28313308994381592 24.500000000000004 3.699999999999998 15.750000000000002 34.150000000000013 294.50000000000006 -0.88620506325989179 362.50000000000006 -0.94137724084408114 31.050000000000008 31.950000000000003 7.5000000000000009 29.333333333333339 33.500000000000007 32.050000000000004 19.950000000000003
decision_type=2 2 2 2 2 2 2 2 2 2 2 2 2 2 2 2 2 2 2 2 2 2 2 2 2 2 2 2 2 2
left_child=27 3 4 5 9 10 8 -8 -7 11 21 -3 13 18 15 -6 -11 -16 -4 20 -14 -2 23 -5 -24 -26 -21 29 -29 -1
right_child=1 2 12 22 14 6 7 -9 -10 16 -12 -13 19 -15 17 -17 -18 -19 -20 26 -22 -23 24 -25 25 -27 -28 28 -30 -31
leaf_value=0.0065769011668391835 0 0 0 0 0 0 0 0 0 0 0.00021343734163924017 0 0 0 0.00010671867081962008 0 0 0 0 0.00010671867081962008 0 0.00010671867081962008 0.00011824783470317998 0.00012447140495071564 0.00029677446636102307 -0.00095494600100334219 -0.0014300656907053706 0.027463949990440287 -0.0029812521359717853 -0.00037841345594021307
leaf_weight=19778 2775 12598 1533 340 368 2334 7459 5318 2866 624 142 1138 7464 269 70 178 5107 982 130 1024 14679 49 798 302 58 53 815 4795 1495 61696
leaf_count=19778 2775 12598 1533 340 368 2334 7459 5318 2866 624 142 1138 7464 269 70 178 5107 982 130 1024 14679 49 798 302 58 53 815 4795 1495 61696
internal_value=-0.00681878 -0.0159391 -0.0121619 -0.0238277 -0.0164384 -0.0252607 -0.0234614 -0.0207494 -0.030125 -0.0150904 -0.0361666 -0.0175976 -0.00868565 -0.0176967 -0.0328598 -0.0187179 -0.00908131 -0.0401996 -0.0132802 -0.00795972 -0.00864991 -0.0382365 -0.00447776 -0.0123676 0.00109461 -0.0188739 0.000350734 0.000400734 0.00299682 0.000200309
internal_weight=157237 69473 46979 22494 21065 20943 17977 12777 5200 19467 2966 13736 25914 1932 1598 546 5731 1052 1663 23982 22143 2824 1551 642 909 111 1839 87764 6290 81474
internal_count=157237 69473 46979 22494 21065 20943 17977 12777 5200 19467 2966 13736 25914 1932 1598 546 5731 1052 1663 23982 22143 2824 1551 642 909 111 1839 87764 6290 81474
is_linear=0
shrinkage=0.05


Tree=76
num_leaves=31
num_cat=0
split_feature=16 19 1 1 16 18 10 1 10 9 9 9 9 8 10 18 19 1 1 8 10 8 10 1 1 7 1 17 1 17
split_gain=4142.98 828.02 279.36 249.493 186.518 164.389 129.949 191.824 127.278 117.313 101.098 80.3993 67.8056 93.1875 66.348 72.9698 63.0658 61.2818 56.7563 55.0225 56.2697 37.2872 27.2759 68.8023 20.1667 27.6937 19.978 19.2373 20.0727 31.2592
threshold=1.0000000180025095e-35 3.2000000000000006 28.350000000000005 30.425000000000004 685.00000000000011 15.500000000000002 -0.49812626372919411 24.150000000000006 -0.79382744783423187 0.81925054981890411 0.99983759474438971 0.72695311118111527 -0.99275805973510278 278.50000000000006 0.28313308994381592 24.500000000000004 3.699999999999998 15.750000000000002 34.150000000000013 294.50000000000006 -0.88620506325989179 362.50000000000006 -0.94137724084408114 31.050000000000008 31.950000000000003 7.5000000000000009 29.333333333333339 33.500000000000007 19.950000000000003 23.500000000000004
decision_type=2 2 2 2 2 2 2 2 2 2 2 2 2 2 2 2 2 2 2 2 2 2 2 2 2 2 2 2 2 2
left_child=27 3 4 5 9 10 8 -8 -7 11 21 -3 13 18 15 -6 -11 -16 -4 20 -14 -2 23 -5 -24 -26 -21 28 -1 -30
right_child=1 2 12 22 14 6 7 -9 -10 16 -12 -13 19 -15 17 -17 -18 -19 -20 26 -22 -23 24 -25 25 -27 -28 -29 29 -31
leaf_value=0.0062480561084972243 0 0 0 0 0 0 0 0 0 0 0.0002027654745572788 0 0 0 0.0001013827372786394 0 0 0 0 0.0001013827372786394 0 0.0001013827372786394 0.00011233544296802081 0.00011824783470317998 0.00028193574304297213 -0.00090719870095317507 -0.0013585624061701021 0.0095022569358717279 -0.013772022141316544 0.00012851259643397174
leaf_weight=19778 2775 12598 1533 340 368 2334 7459 5318 2866 624 142 1138 7464 269 70 178 5107 982 130 1024 14679 49 798 302 58 53 815 6290 5118 56578
leaf_count=19778 2775 12598 1533 340 368 2334 7459 5318 2866 624 142 1138 7464 269 70 178 5107 982 130 1024 14679 49 798 302 58 53 815 6290 5118 56578
internal_value=-0.00681687 -0.0159391 -0.0121619 -0.0238277 -0.0164384 -0.0252607 -0.0234614 -0.0207494 -0.030125 -0.0150904 -0.0361666 -0.0175976 -0.00868565 -0.0176967 -0.0328598 -0.0187179 -0.00908131 -0.0401996 -0.0132802 -0.00795972 -0.00864991 -0.0382365 -0.00447776 -0.0123676 0.00109461 -0.0188739 0.000350734 0.000404152 0.000198468 -0.000245883
internal_weight=157237 69473 46979 22494 21065 20943 17977 12777 5200 19467 2966 13736 25914 1932 1598 546 5731 1052 1663 23982 22143 2824 1551 642 909 111 1839 87764 81474 61696
internal_count=157237 69473 46979 22494 21065 20943 17977 12777 5200 19467 2966 13736 25914 1932 1598 546 5731 1052 1663 23982 22143 2824 1551 642 909 111 1839 87764 81474 61696
is_linear=0
shrinkage=0.05


Tree=77
num_leaves=31
num_cat=0
split_feature=16 19 1 1 16 18 10 1 10 9 9 9 9 8 10 18 19 1 1 8 10 8 10 1 1 7 1 6 17 10
split_gain=4143.85 828.02 279.36 249.493 186.518 164.389 129.949 191.824 127.278 117.313 101.098 80.3993 67.8056 93.1875 66.348 72.9698 63.0658 61.2818 56.7563 55.0225 56.2697 37.2872 27.2759 68.8023 20.1667 27.6937 19.978 17.6526 25.2568 23.9268
threshold=1.0000000180025095e-35 3.2000000000000006 28.350000000000005 30.425000000000004 685.00000000000011 15.500000000000002 -0.49812626372919411 24.150000000000006 -0.79382744783423187 0.81925054981890411 0.99983759474438971 0.72695311118111527 -0.99275805973510278 278.50000000000006 0.28313308994381592 24.500000000000004 3.699999999999998 15.750000000000002 34.150000000000013 294.50000000000006 -0.88620506325989179 362.50000000000006 -0.94137724084408114 31.050000000000008 31.950000000000003 7.5000000000000009 29.333333333333339 525.00000000000011 33.500000000000007 -0.6391983530350368
decision_type=2 2 2 2 2 2 2 2 2 2 2 2 2 2 2 2 2 2 2 2 2 2 2 2 2 2 2 2 2 2
left_child=27 3 4 5 9 10 8 -8 -7 11 21 -3 13 18 15 -6 -11 -16 -4 20 -14 -2 23 -5 -24 -26 -21 28 29 -1
right_child=1 2 12 22 14 6 7 -9 -10 16 -12 -13 19 -15 17 -17 -18 -19 -20 26 -22 -23 24 -25 25 -27 -28 -29 -30 -31
leaf_value=-0.0013670653055234405 0 0 0 0 0 0 0 0 0 0 0.00019262720082941498 0 0 0 9.6313600414707492e-05 0 0 0 0 9.6313600414707492e-05 0 9.6313600414707492e-05 0.00010671867081962008 0.00011233544296802081 0.00026783895589082353 -0.00086183876590551628 -0.0012906342858615971 -0.00081523509254256442 0.030615646796682074 0.006010690164264954
leaf_weight=13135 2775 12598 1533 340 368 2334 7459 5318 2866 624 142 1138 7464 269 70 178 5107 982 130 1024 14679 49 798 302 58 53 815 33660 3711 37258
leaf_count=13135 2775 12598 1533 340 368 2334 7459 5318 2866 624 142 1138 7464 269 70 178 5107 982 130 1024 14679 49 798 302 58 53 815 33660 3711 37258
internal_value=-0.00681592 -0.0159391 -0.0121619 -0.0238277 -0.0164384 -0.0252607 -0.0234614 -0.0207494 -0.030125 -0.0150904 -0.0361666 -0.0175976 -0.00868565 -0.0176967 -0.0328598 -0.0187179 -0.00908131 -0.0401996 -0.0132802 -0.00795972 -0.00864991 -0.0382365 -0.00447776 -0.0123676 0.00109461 -0.0188739 0.000350734 0.000405861 0.000965178 0.000672018
internal_weight=157237 69473 46979 22494 21065 20943 17977 12777 5200 19467 2966 13736 25914 1932 1598 546 5731 1052 1663 23982 22143 2824 1551 642 909 111 1839 87764 54104 50393
internal_count=157237 69473 46979 22494 21065 20943 17977 12777 5200 19467 2966 13736 25914 1932 1598 546 5731 1052 1663 23982 22143 2824 1551 642 909 111 1839 87764 54104 50393
is_linear=0
shrinkage=0.05


Tree=78
num_leaves=31
num_cat=0
split_feature=16 19 1 1 16 18 10 1 10 9 9 9 9 8 10 18 19 1 1 8 10 8 10 1 1 7 1 25 8 19
split_gain=4119.62 828.02 279.36 249.493 186.518 164.389 129.949 191.824 127.278 117.313 101.098 80.3993 67.8056 93.1875 66.348 72.9698 63.0658 61.2818 56.7563 55.0225 56.2697 37.2872 27.2759 68.8023 20.1667 27.6937 19.978 19.2893 17.0144 16.7631
threshold=1.0000000180025095e-35 3.2000000000000006 28.350000000000005 30.425000000000004 685.00000000000011 15.500000000000002 -0.49812626372919411 24.150000000000006 -0.79382744783423187 0.81925054981890411 0.99983759474438971 0.72695311118111527 -0.99275805973510278 278.50000000000006 0.28313308994381592 24.500000000000004 3.699999999999998 15.750000000000002 34.150000000000013 294.50000000000006 -0.88620506325989179 362.50000000000006 -0.94137724084408114 31.050000000000008 31.950000000000003 7.5000000000000009 29.333333333333339 49.500000000000007 170.50000000000003 1.0000000000000011
decision_type=2 2 2 2 2 2 2 2 2 2 2 2 2 2 2 2 2 2 2 2 2 2 2 2 2 2 2 2 2 2
left_child=27 3 4 5 9 10 8 -8 -7 11 21 -3 13 18 15 -6 -11 -16 -4 20 -14 -2 23 28 -24 -26 -21 29 -5 -1
right_child=1 2 12 22 14 6 7 -9 -10 16 -12 -13 19 -15 17 -17 -18 -19 -20 26 -22 -23 24 -25 25 -27 -28 -29 -30 -31
leaf_value=0.0047342172349221006 0 0 0 0 0 0 0 0 0 0 0.00018299584078794451 0 0 0 9.1497920393972254e-05 0 0 0 0 9.1497920393972254e-05 0 9.1497920393972254e-05 0.0001013827372786394 0.00010671867081962008 0.00025444700809628269 -0.00081874682761024051 -0.0012261025715685171 -0.0076307333045716273 0 -0.00056300315732105513
leaf_weight=43817 2775 12598 1533 239 368 2334 7459 5318 2866 624 142 1138 7464 269 70 178 5107 982 130 1024 14679 49 798 302 58 53 815 90 101 43857
leaf_count=43817 2775 12598 1533 239 368 2334 7459 5318 2866 624 142 1138 7464 269 70 178 5107 982 130 1024 14679 49 798 302 58 53 815 90 101 43857
internal_value=-0.00684263 -0.0159391 -0.0121619 -0.0238277 -0.0164384 -0.0252607 -0.0234614 -0.0207494 -0.030125 -0.0150904 -0.0361666 -0.0175976 -0.00868565 -0.0176967 -0.0328598 -0.0187179 -0.00908131 -0.0401996 -0.0132802 -0.00795972 -0.00864991 -0.0382365 -0.00447776 -0.0123676 0.00109461 -0.0188739 0.000350734 0.000358006 -0.0277941 0.000381755
internal_weight=157237 69473 46979 22494 21065 20943 17977 12777 5200 19467 2966 13736 25914 1932 1598 546 5731 1052 1663 23982 22143 2824 1551 642 909 111 1839 87764 340 87674
internal_count=157237 69473 46979 22494 21065 20943 17977 12777 5200 19467 2966 13736 25914 1932 1598 546 5731 1052 1663 23982 22143 2824 1551 642 909 111 1839 87764 340 87674
is_linear=0
shrinkage=0.05


Tree=79
num_leaves=31
num_cat=0
split_feature=16 19 1 1 16 18 10 1 10 9 9 9 9 8 10 18 19 1 1 8 10 8 10 1 10 17 8 6 17 18
split_gain=4063.07 828.02 279.36 249.493 186.518 164.389 129.949 191.824 127.278 117.313 101.098 80.3993 67.8056 93.1875 66.348 72.9698 63.0658 61.2818 56.7563 55.0225 56.2697 37.2872 27.2759 68.8023 20.3794 46.5978 34.6724 24.3708 26.9011 81.2395
threshold=1.0000000180025095e-35 3.2000000000000006 28.350000000000005 30.425000000000004 685.00000000000011 15.500000000000002 -0.49812626372919411 24.150000000000006 -0.79382744783423187 0.81925054981890411 0.99983759474438971 0.72695311118111527 -0.99275805973510278 278.50000000000006 0.28313308994381592 24.500000000000004 3.699999999999998 15.750000000000002 34.150000000000013 294.50000000000006 -0.88620506325989179 362.50000000000006 -0.94137724084408114 31.050000000000008 -0.6391983530350368 31.500000000000004 232.50000000000003 685.00000000000011 28.500000000000004 22.500000000000004
decision_type=2 2 2 2 2 2 2 2 2 2 2 2 2 2 2 2 2 2 2 2 2 2 2 2 2 2 2 2 2 2
left_child=24 3 4 5 9 10 8 -8 -7 11 21 -3 13 18 15 -6 -11 -16 -4 20 -14 -2 23 -5 25 26 -1 28 29 -26
right_child=1 2 12 22 14 6 7 -9 -10 16 -12 -13 19 -15 17 -17 -18 -19 -20 -21 -22 -23 -24 -25 27 -27 -28 -29 -30 -31
leaf_value=-0.0037283506651364013 0 0 0 0 0 0 0 0 0 0 0.00017384604874854661 0 0 0 8.6923024374273305e-05 0 0 0 0 8.6923024374273305e-05 0 8.6923024374273305e-05 9.6313600414707492e-05 0.0001013827372786394 0.0063008720544995957 0.0029821814190434492 -0.02859094887824979 -0.0013248097350638042 0.024113007462156655 -0.01925661975807676
leaf_weight=10048 2775 12598 1533 340 368 2334 7459 5318 2866 624 142 1138 7464 269 70 178 5107 982 130 1839 14679 49 909 302 29149 15019 92 12634 15983 4839
leaf_count=10048 2775 12598 1533 340 368 2334 7459 5318 2866 624 142 1138 7464 269 70 178 5107 982 130 1839 14679 49 909 302 29149 15019 92 12634 15983 4839
internal_value=-0.00690528 -0.0159391 -0.0121619 -0.0238277 -0.0164384 -0.0252607 -0.0234614 -0.0207494 -0.030125 -0.0150904 -0.0361666 -0.0175976 -0.00868565 -0.0176967 -0.0328598 -0.0187179 -0.00908131 -0.0401996 -0.0132802 -0.00795972 -0.00864991 -0.0382365 -0.00447776 -0.0123676 0.000245773 -0.000956119 -0.00357495 0.000728776 0.00122481 0.000429269
internal_weight=157237 69473 46979 22494 21065 20943 17977 12777 5200 19467 2966 13736 25914 1932 1598 546 5731 1052 1663 23982 22143 2824 1551 642 87764 25159 10140 62605 49971 33988
internal_count=157237 69473 46979 22494 21065 20943 17977 12777 5200 19467 2966 13736 25914 1932 1598 546 5731 1052 1663 23982 22143 2824 1551 642 87764 25159 10140 62605 49971 33988
is_linear=0
shrinkage=0.05


Tree=80
num_leaves=31
num_cat=0
split_feature=16 19 1 1 16 18 10 1 10 9 9 9 9 8 10 18 19 1 1 8 10 8 10 1 1 7 1 25 8 1
split_gain=4113.86 828.02 279.36 249.493 186.518 164.389 129.949 191.824 127.278 117.313 101.098 80.3993 67.8056 93.1875 66.348 72.9698 63.0658 61.2818 56.7563 55.0225 56.2697 37.2872 27.2759 68.8023 20.1667 27.6937 19.978 18.3555 17.0144 16.8012
threshold=1.0000000180025095e-35 3.2000000000000006 28.350000000000005 30.425000000000004 685.00000000000011 15.500000000000002 -0.49812626372919411 24.150000000000006 -0.79382744783423187 0.81925054981890411 0.99983759474438971 0.72695311118111527 -0.99275805973510278 278.50000000000006 0.28313308994381592 24.500000000000004 3.699999999999998 15.750000000000002 34.150000000000013 294.50000000000006 -0.88620506325989179 362.50000000000006 -0.94137724084408114 31.050000000000008 31.950000000000003 7.5000000000000009 29.333333333333339 49.500000000000007 170.50000000000003 16.650000000000002
decision_type=2 2 2 2 2 2 2 2 2 2 2 2 2 2 2 2 2 2 2 2 2 2 2 2 2 2 2 2 2 2
left_child=27 3 4 5 9 10 8 -8 -7 11 21 -3 13 18 15 -6 -11 -16 -4 20 -14 -2 23 28 -24 -26 -21 29 -5 -1
right_child=1 2 12 22 14 6 7 -9 -10 16 -12 -13 19 -15 17 -17 -18 -19 -20 26 -22 -23 24 -25 25 -27 -28 -29 -30 -31
leaf_value=0.010985823683403029 0 0 0 0 0 0 0 0 0 0 0.0001651537463111197 0 0 0 8.2576873155559849e-05 0 0 0 0 8.2576873155559849e-05 0 8.2576873155559849e-05 9.1497920393972254e-05 9.6313600414707492e-05 0.00023690897767073352 -0.00078262516625046382 -0.0011691435942088049 -0.0062863656514392076 0 0.00019004058810274355
leaf_weight=6714 2775 12598 1533 239 368 2334 7459 5318 2866 624 142 1138 7464 269 70 178 5107 982 130 1024 14679 49 798 302 58 53 815 90 101 80960
leaf_count=6714 2775 12598 1533 239 368 2334 7459 5318 2866 624 142 1138 7464 269 70 178 5107 982 130 1024 14679 49 798 302 58 53 815 90 101 80960
internal_value=-0.00684899 -0.0159391 -0.0121619 -0.0238277 -0.0164384 -0.0252607 -0.0234614 -0.0207494 -0.030125 -0.0150904 -0.0361666 -0.0175976 -0.00868565 -0.0176967 -0.0328598 -0.0187179 -0.00908131 -0.0401996 -0.0132802 -0.00795972 -0.00864991 -0.0382365 -0.00447776 -0.0123676 0.00109461 -0.0188739 0.000350734 0.000346612 -0.0277941 0.000369779
internal_weight=157237 69473 46979 22494 21065 20943 17977 12777 5200 19467 2966 13736 25914 1932 1598 546 5731 1052 1663 23982 22143 2824 1551 642 909 111 1839 87764 340 87674
internal_count=157237 69473 46979 22494 21065 20943 17977 12777 5200 19467 2966 13736 25914 1932 1598 546 5731 1052 1663 23982 22143 2824 1551 642 909 111 1839 87764 340 87674
is_linear=0
shrinkage=0.05


Tree=81
num_leaves=31
num_cat=0
split_feature=16 19 1 1 16 18 10 1 10 9 9 9 9 8 10 18 19 1 1 8 10 8 10 1 1 7 1 25 8 9
split_gain=4106.09 828.02 279.36 249.493 186.518 164.389 129.949 191.824 127.278 117.313 101.098 80.3993 67.8056 93.1875 66.348 72.9698 63.0658 61.2818 56.7563 55.0225 56.2697 37.2872 27.2759 68.8023 20.1667 27.6937 19.978 18.3305 17.0144 16.6896
threshold=1.0000000180025095e-35 3.2000000000000006 28.350000000000005 30.425000000000004 685.00000000000011 15.500000000000002 -0.49812626372919411 24.150000000000006 -0.79382744783423187 0.81925054981890411 0.99983759474438971 0.72695311118111527 -0.99275805973510278 278.50000000000006 0.28313308994381592 24.500000000000004 3.699999999999998 15.750000000000002 34.150000000000013 294.50000000000006 -0.88620506325989179 362.50000000000006 -0.94137724084408114 31.050000000000008 31.950000000000003 7.5000000000000009 29.333333333333339 49.500000000000007 170.50000000000003 -0.82415615971448097
decision_type=2 2 2 2 2 2 2 2 2 2 2 2 2 2 2 2 2 2 2 2 2 2 2 2 2 2 2 2 2 2
left_child=27 3 4 5 9 10 8 -8 -7 11 21 -3 13 18 15 -6 -11 -16 -4 20 -14 -2 23 28 -24 -26 -21 29 -5 -1
right_child=1 2 12 22 14 6 7 -9 -10 16 -12 -13 19 -15 17 -17 -18 -19 -20 26 -22 -23 24 -25 25 -27 -28 -29 -30 -31
leaf_value=0.0052179630832304875 0 0 0 0 0 0 0 0 0 0 0.00015689605899556344 0 0 0 7.8448029497781718e-05 0 0 0 0 7.8448029497781718e-05 0 7.8448029497781718e-05 8.6923024374273305e-05 9.1497920393972254e-05 0.00022506352878719704 -0.00074349390793794056 -0.0011106864144983647 -0.0059720473688672478 0 4.3681687251645455e-05
leaf_weight=16948 2775 12598 1533 239 368 2334 7459 5318 2866 624 142 1138 7464 269 70 178 5107 982 130 1024 14679 49 798 302 58 53 815 90 101 70726
leaf_count=16948 2775 12598 1533 239 368 2334 7459 5318 2866 624 142 1138 7464 269 70 178 5107 982 130 1024 14679 49 798 302 58 53 815 90 101 70726
internal_value=-0.00685758 -0.0159391 -0.0121619 -0.0238277 -0.0164384 -0.0252607 -0.0234614 -0.0207494 -0.030125 -0.0150904 -0.0361666 -0.0175976 -0.00868565 -0.0176967 -0.0328598 -0.0187179 -0.00908131 -0.0401996 -0.0132802 -0.00795972 -0.00864991 -0.0382365 -0.00447776 -0.0123676 0.00109461 -0.0188739 0.000350734 0.000331229 -0.0277941 0.000354381
internal_weight=157237 69473 46979 22494 21065 20943 17977 12777 5200 19467 2966 13736 25914 1932 1598 546 5731 1052 1663 23982 22143 2824 1551 642 909 111 1839 87764 340 87674
internal_count=157237 69473 46979 22494 21065 20943 17977 12777 5200 19467 2966 13736 25914 1932 1598 546 5731 1052 1663 23982 22143 2824 1551 642 909 111 1839 87764 340 87674
is_linear=0
shrinkage=0.05


Tree=82
num_leaves=31
num_cat=0
split_feature=16 19 1 1 16 18 10 1 10 9 9 9 9 8 10 18 19 1 1 8 10 8 10 1 1 7 1 25 8 19
split_gain=4096.32 828.02 279.36 249.493 186.518 164.389 129.949 191.824 127.278 117.313 101.098 80.3993 67.8056 93.1875 66.348 72.9698 63.0658 61.2818 56.7563 55.0225 56.2697 37.2872 27.2759 68.8023 20.1667 27.6937 19.978 17.4079 17.0144 15.7009
threshold=1.0000000180025095e-35 3.2000000000000006 28.350000000000005 30.425000000000004 685.00000000000011 15.500000000000002 -0.49812626372919411 24.150000000000006 -0.79382744783423187 0.81925054981890411 0.99983759474438971 0.72695311118111527 -0.99275805973510278 278.50000000000006 0.28313308994381592 24.500000000000004 3.699999999999998 15.750000000000002 34.150000000000013 294.50000000000006 -0.88620506325989179 362.50000000000006 -0.94137724084408114 31.050000000000008 31.950000000000003 7.5000000000000009 29.333333333333339 49.500000000000007 170.50000000000003 1.0000000000000011
decision_type=2 2 2 2 2 2 2 2 2 2 2 2 2 2 2 2 2 2 2 2 2 2 2 2 2 2 2 2 2 2
left_child=27 3 4 5 9 10 8 -8 -7 11 21 -3 13 18 15 -6 -11 -16 -4 20 -14 -2 23 28 -24 -26 -21 29 -5 -1
right_child=1 2 12 22 14 6 7 -9 -10 16 -12 -13 19 -15 17 -17 -18 -19 -20 26 -22 -23 24 -25 25 -27 -28 -29 -30 -31
leaf_value=0.0043769088116109136 0 0 0 0 0 0 0 0 0 0 0.00014905125604578462 0 0 0 7.4525628022892312e-05 0 0 0 0 7.4525628022892312e-05 0 7.4525628022892312e-05 8.2576873155559849e-05 8.6923024374273305e-05 0.00021381035234783742 -0.00070631921254104353 -0.0010551520937734464 -0.0056734450004238858 0 -0.00059163047266947203
leaf_weight=43817 2775 12598 1533 239 368 2334 7459 5318 2866 624 142 1138 7464 269 70 178 5107 982 130 1024 14679 49 798 302 58 53 815 90 101 43857
leaf_count=43817 2775 12598 1533 239 368 2334 7459 5318 2866 624 142 1138 7464 269 70 178 5107 982 130 1024 14679 49 798 302 58 53 815 90 101 43857
internal_value=-0.00686839 -0.0159391 -0.0121619 -0.0238277 -0.0164384 -0.0252607 -0.0234614 -0.0207494 -0.030125 -0.0150904 -0.0361666 -0.0175976 -0.00868565 -0.0176967 -0.0328598 -0.0187179 -0.00908131 -0.0401996 -0.0132802 -0.00795972 -0.00864991 -0.0382365 -0.00447776 -0.0123676 0.00109461 -0.0188739 0.000350734 0.000311859 -0.0277941 0.000334421
internal_weight=157237 69473 46979 22494 21065 20943 17977 12777 5200 19467 2966 13736 25914 1932 1598 546 5731 1052 1663 23982 22143 2824 1551 642 909 111 1839 87764 340 87674
internal_count=157237 69473 46979 22494 21065 20943 17977 12777 5200 19467 2966 13736 25914 1932 1598 546 5731 1052 1663 23982 22143 2824 1551 642 909 111 1839 87764 340 87674
is_linear=0
shrinkage=0.05


Tree=83
num_leaves=31
num_cat=0
split_feature=16 19 1 1 16 18 10 1 10 9 9 9 9 8 10 18 19 1 1 8 10 8 10 1 1 7 1 10 17 8
split_gain=4052.5 828.02 279.36 249.493 186.518 164.389 129.949 191.824 127.278 117.313 101.098 80.3993 67.8056 93.1875 66.348 72.9698 63.0658 61.2818 56.7563 55.0225 56.2697 37.2872 27.2759 68.8023 20.1667 27.6937 19.978 18.6257 44.5928 32.4441
threshold=1.0000000180025095e-35 3.2000000000000006 28.350000000000005 30.425000000000004 685.00000000000011 15.500000000000002 -0.49812626372919411 24.150000000000006 -0.79382744783423187 0.81925054981890411 0.99983759474438971 0.72695311118111527 -0.99275805973510278 278.50000000000006 0.28313308994381592 24.500000000000004 3.699999999999998 15.750000000000002 34.150000000000013 294.50000000000006 -0.88620506325989179 362.50000000000006 -0.94137724084408114 31.050000000000008 31.950000000000003 7.5000000000000009 29.333333333333339 -0.6391983530350368 31.500000000000004 232.50000000000003
decision_type=2 2 2 2 2 2 2 2 2 2 2 2 2 2 2 2 2 2 2 2 2 2 2 2 2 2 2 2 2 2
left_child=27 3 4 5 9 10 8 -8 -7 11 21 -3 13 18 15 -6 -11 -16 -4 20 -14 -2 23 -5 -24 -26 -21 28 29 -1
right_child=1 2 12 22 14 6 7 -9 -10 16 -12 -13 19 -15 17 -17 -18 -19 -20 26 -22 -23 24 -25 25 -27 -28 -29 -30 -31
leaf_value=-0.003543869000071212 0 0 0 0 0 0 0 0 0 0 0.00014159869324349567 0 0 0 7.0799346621747836e-05 0 0 0 0 7.0799346621747836e-05 0 7.0799346621747836e-05 7.8448029497781718e-05 8.2576873155559849e-05 0.00020311983473044541 -0.00067100325191399128 -0.001002394489084774 0.0017796849041988669 0.0028509677579570316 -0.027391932988685572
leaf_weight=10048 2775 12598 1533 340 368 2334 7459 5318 2866 624 142 1138 7464 269 70 178 5107 982 130 1024 14679 49 798 302 58 53 815 62605 15019 92
leaf_count=10048 2775 12598 1533 340 368 2334 7459 5318 2866 624 142 1138 7464 269 70 178 5107 982 130 1024 14679 49 798 302 58 53 815 62605 15019 92
internal_value=-0.00691704 -0.0159391 -0.0121619 -0.0238277 -0.0164384 -0.0252607 -0.0234614 -0.0207494 -0.030125 -0.0150904 -0.0361666 -0.0175976 -0.00868565 -0.0176967 -0.0328598 -0.0187179 -0.00908131 -0.0401996 -0.0132802 -0.00795972 -0.00864991 -0.0382365 -0.00447776 -0.0123676 0.00109461 -0.0188739 0.000350734 0.000224694 -0.000924321 -0.00348619
internal_weight=157237 69473 46979 22494 21065 20943 17977 12777 5200 19467 2966 13736 25914 1932 1598 546 5731 1052 1663 23982 22143 2824 1551 642 909 111 1839 87764 25159 10140
internal_count=157237 69473 46979 22494 21065 20943 17977 12777 5200 19467 2966 13736 25914 1932 1598 546 5731 1052 1663 23982 22143 2824 1551 642 909 111 1839 87764 25159 10140
is_linear=0
shrinkage=0.05


Tree=84
num_leaves=31
num_cat=0
split_feature=16 19 1 1 16 18 10 1 10 9 9 9 9 8 10 18 19 1 1 8 10 8 10 1 1 7 1 25 8 6
split_gain=4092.3 828.02 279.36 249.493 186.518 164.389 129.949 191.824 127.278 117.313 101.098 80.3993 67.8056 93.1875 66.348 72.9698 63.0658 61.2818 56.7563 55.0225 56.2697 37.2872 27.2759 68.8023 20.1667 27.6937 19.978 17.3952 17.0144 16.2217
threshold=1.0000000180025095e-35 3.2000000000000006 28.350000000000005 30.425000000000004 685.00000000000011 15.500000000000002 -0.49812626372919411 24.150000000000006 -0.79382744783423187 0.81925054981890411 0.99983759474438971 0.72695311118111527 -0.99275805973510278 278.50000000000006 0.28313308994381592 24.500000000000004 3.699999999999998 15.750000000000002 34.150000000000013 294.50000000000006 -0.88620506325989179 362.50000000000006 -0.94137724084408114 31.050000000000008 31.950000000000003 7.5000000000000009 29.333333333333339 49.500000000000007 170.50000000000003 585.00000000000011
decision_type=2 2 2 2 2 2 2 2 2 2 2 2 2 2 2 2 2 2 2 2 2 2 2 2 2 2 2 2 2 2
left_child=27 3 4 5 9 10 8 -8 -7 11 21 -3 13 18 15 -6 -11 -16 -4 20 -14 -2 23 28 -24 -26 -21 29 -5 -1
right_child=1 2 12 22 14 6 7 -9 -10 16 -12 -13 19 -15 17 -17 -18 -19 -20 26 -22 -23 24 -25 25 -27 -28 -29 -30 -31
leaf_value=0.0038629469708928001 0 0 0 0 0 0 0 0 0 0 0.00013451875858132151 0 0 0 6.7259379290660756e-05 0 0 0 0 6.7259379290660756e-05 0 6.7259379290660756e-05 7.4525628022892312e-05 7.8448029497781718e-05 0.00019296384299392346 -0.00063745308931829176 -0.00095227476463053534 -0.0054787569956126344 0 -0.00095672012319152869
leaf_weight=60091 2775 12598 1533 239 368 2334 7459 5318 2866 624 142 1138 7464 269 70 178 5107 982 130 1024 14679 49 798 302 58 53 815 90 101 27583
leaf_count=60091 2775 12598 1533 239 368 2334 7459 5318 2866 624 142 1138 7464 269 70 178 5107 982 130 1024 14679 49 798 302 58 53 815 90 101 27583
internal_value=-0.00687284 -0.0159391 -0.0121619 -0.0238277 -0.0164384 -0.0252607 -0.0234614 -0.0207494 -0.030125 -0.0150904 -0.0361666 -0.0175976 -0.00868565 -0.0176967 -0.0328598 -0.0187179 -0.00908131 -0.0401996 -0.0132802 -0.00795972 -0.00864991 -0.0382365 -0.00447776 -0.0123676 0.00109461 -0.0188739 0.000350734 0.000303883 -0.0277941 0.000326437
internal_weight=157237 69473 46979 22494 21065 20943 17977 12777 5200 19467 2966 13736 25914 1932 1598 546 5731 1052 1663 23982 22143 2824 1551 642 909 111 1839 87764 340 87674
internal_count=157237 69473 46979 22494 21065 20943 17977 12777 5200 19467 2966 13736 25914 1932 1598 546 5731 1052 1663 23982 22143 2824 1551 642 909 111 1839 87764 340 87674
is_linear=0
shrinkage=0.05


Tree=85
num_leaves=31
num_cat=0
split_feature=16 19 1 1 16 18 10 1 10 9 9 9 9 8 10 18 19 1 1 8 10 8 10 1 1 7 1 10 17 8
split_gain=4031.1 828.02 279.36 249.493 186.518 164.389 129.949 191.824 127.278 117.313 101.098 80.3993 67.8056 93.1875 66.348 72.9698 63.0658 61.2818 56.7563 55.0225 56.2697 37.2872 27.2759 68.8023 20.1667 27.6937 19.978 17.2662 41.0608 31.4855
threshold=1.0000000180025095e-35 3.2000000000000006 28.350000000000005 30.425000000000004 685.00000000000011 15.500000000000002 -0.49812626372919411 24.150000000000006 -0.79382744783423187 0.81925054981890411 0.99983759474438971 0.72695311118111527 -0.99275805973510278 278.50000000000006 0.28313308994381592 24.500000000000004 3.699999999999998 15.750000000000002 34.150000000000013 294.50000000000006 -0.88620506325989179 362.50000000000006 -0.94137724084408114 31.050000000000008 31.950000000000003 7.5000000000000009 29.333333333333339 -0.6391983530350368 31.500000000000004 232.50000000000003
decision_type=2 2 2 2 2 2 2 2 2 2 2 2 2 2 2 2 2 2 2 2 2 2 2 2 2 2 2 2 2 2
left_child=27 3 4 5 9 10 8 -8 -7 11 21 -3 13 18 15 -6 -11 -16 -4 20 -14 -2 23 -5 -24 -26 -21 28 29 -1
right_child=1 2 12 22 14 6 7 -9 -10 16 -12 -13 19 -15 17 -17 -18 -19 -20 26 -22 -23 24 -25 25 -27 -28 -29 -30 -31
leaf_value=-0.0035399916205549084 0 0 0 0 0 0 0 0 0 0 0.00012779282065225606 0 0 0 6.3896410326128028e-05 0 0 0 0 6.3896410326128028e-05 0 6.3896410326128028e-05 7.0799346621747836e-05 7.4525628022892312e-05 0.00018331565084422701 -0.00060558043485237718 -0.00090466102639900859 0.0015119374137271713 0.0027265523843108667 -0.026215483687795933
leaf_weight=10048 2775 12598 1533 340 368 2334 7459 5318 2866 624 142 1138 7464 269 70 178 5107 982 130 1024 14679 49 798 302 58 53 815 62605 15019 92
leaf_count=10048 2775 12598 1533 340 368 2334 7459 5318 2866 624 142 1138 7464 269 70 178 5107 982 130 1024 14679 49 798 302 58 53 815 62605 15019 92
internal_value=-0.00694089 -0.0159391 -0.0121619 -0.0238277 -0.0164384 -0.0252607 -0.0234614 -0.0207494 -0.030125 -0.0150904 -0.0361666 -0.0175976 -0.00868565 -0.0176967 -0.0328598 -0.0187179 -0.00908131 -0.0401996 -0.0132802 -0.00795972 -0.00864991 -0.0382365 -0.00447776 -0.0123676 0.00109461 -0.0188739 0.000350734 0.000181965 -0.000924321 -0.00338264
internal_weight=157237 69473 46979 22494 21065 20943 17977 12777 5200 19467 2966 13736 25914 1932 1598 546 5731 1052 1663 23982 22143 2824 1551 642 909 111 1839 87764 25159 10140
internal_count=157237 69473 46979 22494 21065 20943 17977 12777 5200 19467 2966 13736 25914 1932 1598 546 5731 1052 1663 23982 22143 2824 1551 642 909 111 1839 87764 25159 10140
is_linear=0
shrinkage=0.05


Tree=86
num_leaves=31
num_cat=0
split_feature=16 19 1 1 16 18 10 1 10 9 9 9 9 8 10 18 19 1 1 8 10 8 10 1 1 7 1 8 19 25
split_gain=4075.67 828.02 279.36 249.493 186.518 164.389 129.949 191.824 127.278 117.313 101.098 80.3993 67.8056 93.1875 66.348 72.9698 63.0658 61.2818 56.7563 55.0225 56.2697 37.2872 27.2759 68.8023 20.1667 27.6937 19.978 17.0144 16.9096 18.8625
threshold=1.0000000180025095e-35 3.2000000000000006 28.350000000000005 30.425000000000004 685.00000000000011 15.500000000000002 -0.49812626372919411 24.150000000000006 -0.79382744783423187 0.81925054981890411 0.99983759474438971 0.72695311118111527 -0.99275805973510278 278.50000000000006 0.28313308994381592 24.500000000000004 3.699999999999998 15.750000000000002 34.150000000000013 294.50000000000006 -0.88620506325989179 362.50000000000006 -0.94137724084408114 31.050000000000008 31.950000000000003 7.5000000000000009 29.333333333333339 170.50000000000003 1.0000000000000011 19.500000000000004
decision_type=2 2 2 2 2 2 2 2 2 2 2 2 2 2 2 2 2 2 2 2 2 2 2 2 2 2 2 2 2 2
left_child=28 3 4 5 9 10 8 -8 -7 11 21 -3 13 18 15 -6 -11 -16 -4 20 -14 -2 23 27 -24 -26 -21 -5 29 -1
right_child=1 2 12 22 14 6 7 -9 -10 16 -12 -13 19 -15 17 -17 -18 -19 -20 26 -22 -23 24 -25 25 -27 -28 -29 -30 -31
leaf_value=0.0040050585707168797 0 0 0 0 0 0 0 0 0 0 0.00012140317961964326 0 0 0 6.0701589809821629e-05 0 0 0 0 6.0701589809821629e-05 0 6.0701589809821629e-05 6.7259379290660756e-05 7.0799346621747836e-05 0.00017414986830201554 -0.00057530141310975827 -0.00085942797507905814 0 -0.00067000487493362466 -0.013028966769311407
leaf_weight=43734 2775 12598 1533 239 368 2334 7459 5318 2866 624 142 1138 7464 269 70 178 5107 982 130 1024 14679 49 798 302 58 53 815 101 43865 165
leaf_count=43734 2775 12598 1533 239 368 2334 7459 5318 2866 624 142 1138 7464 269 70 178 5107 982 130 1024 14679 49 798 302 58 53 815 101 43865 165
internal_value=-0.00689128 -0.0159391 -0.0121619 -0.0238277 -0.0164384 -0.0252607 -0.0234614 -0.0207494 -0.030125 -0.0150904 -0.0361666 -0.0175976 -0.00868565 -0.0176967 -0.0328598 -0.0187179 -0.00908131 -0.0401996 -0.0132802 -0.00795972 -0.00864991 -0.0382365 -0.00447776 -0.0123676 0.00109461 -0.0188739 0.000350734 -0.0277941 0.00027084 0.000964601
internal_weight=157237 69473 46979 22494 21065 20943 17977 12777 5200 19467 2966 13736 25914 1932 1598 546 5731 1052 1663 23982 22143 2824 1551 642 909 111 1839 340 87764 43899
internal_count=157237 69473 46979 22494 21065 20943 17977 12777 5200 19467 2966 13736 25914 1932 1598 546 5731 1052 1663 23982 22143 2824 1551 642 909 111 1839 340 87764 43899
is_linear=0
shrinkage=0.05


Tree=87
num_leaves=31
num_cat=0
split_feature=16 19 1 1 16 18 10 1 10 9 9 9 9 8 10 18 19 1 1 8 10 8 10 1 1 7 1 8 1 17
split_gain=4032.24 828.02 279.36 249.493 186.518 164.389 129.949 191.824 127.278 117.313 101.098 80.3993 67.8056 93.1875 66.348 72.9698 63.0658 61.2818 56.7563 55.0225 56.2697 37.2872 27.2759 68.8023 20.1667 27.6937 19.978 17.0144 16.895 41.5406
threshold=1.0000000180025095e-35 3.2000000000000006 28.350000000000005 30.425000000000004 685.00000000000011 15.500000000000002 -0.49812626372919411 24.150000000000006 -0.79382744783423187 0.81925054981890411 0.99983759474438971 0.72695311118111527 -0.99275805973510278 278.50000000000006 0.28313308994381592 24.500000000000004 3.699999999999998 15.750000000000002 34.150000000000013 294.50000000000006 -0.88620506325989179 362.50000000000006 -0.94137724084408114 31.050000000000008 31.950000000000003 7.5000000000000009 29.333333333333339 170.50000000000003 16.650000000000002 19.500000000000004
decision_type=2 2 2 2 2 2 2 2 2 2 2 2 2 2 2 2 2 2 2 2 2 2 2 2 2 2 2 2 2 2
left_child=28 3 4 5 9 10 8 -8 -7 11 21 -3 13 18 15 -6 -11 -16 -4 20 -14 -2 23 27 -24 -26 -21 -5 -1 -30
right_child=1 2 12 22 14 6 7 -9 -10 16 -12 -13 19 -15 17 -17 -18 -19 -20 26 -22 -23 24 -25 25 -27 -28 -29 29 -31
leaf_value=0.010139701717809502 0 0 0 0 0 0 0 0 0 0 0.00011533302063866103 0 0 0 5.7666510319330515e-05 0 0 0 0 5.7666510319330515e-05 0 5.7666510319330515e-05 6.3896410326128028e-05 6.7259379290660756e-05 0.00016544237488691493 -0.00054653634245427037 -0.00081645657632510517 0 -0.018736821081671139 0.00042041333866674191
leaf_weight=6714 2775 12598 1533 239 368 2334 7459 5318 2866 624 142 1138 7464 269 70 178 5107 982 130 1024 14679 49 798 302 58 53 815 101 3427 77623
leaf_count=6714 2775 12598 1533 239 368 2334 7459 5318 2866 624 142 1138 7464 269 70 178 5107 982 130 1024 14679 49 798 302 58 53 815 101 3427 77623
internal_value=-0.00693962 -0.0159391 -0.0121619 -0.0238277 -0.0164384 -0.0252607 -0.0234614 -0.0207494 -0.030125 -0.0150904 -0.0361666 -0.0175976 -0.00868565 -0.0176967 -0.0328598 -0.0187179 -0.00908131 -0.0401996 -0.0132802 -0.00795972 -0.00864991 -0.0382365 -0.00447776 -0.0123676 0.00109461 -0.0188739 0.000350734 -0.0277941 0.000184244 -1.54224e-05
internal_weight=157237 69473 46979 22494 21065 20943 17977 12777 5200 19467 2966 13736 25914 1932 1598 546 5731 1052 1663 23982 22143 2824 1551 642 909 111 1839 340 87764 81050
internal_count=157237 69473 46979 22494 21065 20943 17977 12777 5200 19467 2966 13736 25914 1932 1598 546 5731 1052 1663 23982 22143 2824 1551 642 909 111 1839 340 87764 81050
is_linear=0
shrinkage=0.05


Tree=88
num_leaves=31
num_cat=0
split_feature=16 19 1 1 16 18 10 1 10 9 9 9 9 8 10 18 19 1 1 8 10 8 10 1 1 7 1 8 10 17
split_gain=4026.26 828.02 279.36 249.493 186.518 164.389 129.949 191.824 127.278 117.313 101.098 80.3993 67.8056 93.1875 66.348 72.9698 63.0658 61.2818 56.7563 55.0225 56.2697 37.2872 27.2759 68.8023 20.1667 27.6937 19.978 17.0144 16.2955 38.0595
threshold=1.0000000180025095e-35 3.2000000000000006 28.350000000000005 30.425000000000004 685.00000000000011 15.500000000000002 -0.49812626372919411 24.150000000000006 -0.79382744783423187 0.81925054981890411 0.99983759474438971 0.72695311118111527 -0.99275805973510278 278.50000000000006 0.28313308994381592 24.500000000000004 3.699999999999998 15.750000000000002 34.150000000000013 294.50000000000006 -0.88620506325989179 362.50000000000006 -0.94137724084408114 31.050000000000008 31.950000000000003 7.5000000000000009 29.333333333333339 170.50000000000003 -0.6391983530350368 31.500000000000004
decision_type=2 2 2 2 2 2 2 2 2 2 2 2 2 2 2 2 2 2 2 2 2 2 2 2 2 2 2 2 2 2
left_child=28 3 4 5 9 10 8 -8 -7 11 21 -3 13 18 15 -6 -11 -16 -4 20 -14 -2 23 27 -24 -26 -21 -5 29 -1
right_child=1 2 12 22 14 6 7 -9 -10 16 -12 -13 19 -15 17 -17 -18 -19 -20 26 -22 -23 24 -25 25 -27 -28 -29 -30 -31
leaf_value=-0.0039017782750492449 0 0 0 0 0 0 0 0 0 0 0.00010956636960672839 0 0 0 5.4783184803364195e-05 0 0 0 0 5.4783184803364195e-05 0 5.4783184803364195e-05 6.0701589809821629e-05 6.3896410326128028e-05 0.00015717025614256919 -0.00051920952533155687 -0.00077563374750884992 0 0.0014737810173705791 0.0025734162535975928
leaf_weight=10140 2775 12598 1533 239 368 2334 7459 5318 2866 624 142 1138 7464 269 70 178 5107 982 130 1024 14679 49 798 302 58 53 815 101 62605 15019
leaf_count=10140 2775 12598 1533 239 368 2334 7459 5318 2866 624 142 1138 7464 269 70 178 5107 982 130 1024 14679 49 798 302 58 53 815 101 62605 15019
internal_value=-0.0069463 -0.0159391 -0.0121619 -0.0238277 -0.0164384 -0.0252607 -0.0234614 -0.0207494 -0.030125 -0.0150904 -0.0361666 -0.0175976 -0.00868565 -0.0176967 -0.0328598 -0.0187179 -0.00908131 -0.0401996 -0.0132802 -0.00795972 -0.00864991 -0.0382365 -0.00447776 -0.0123676 0.00109461 -0.0188739 0.000350734 -0.0277941 0.00017228 -0.00090246
internal_weight=157237 69473 46979 22494 21065 20943 17977 12777 5200 19467 2966 13736 25914 1932 1598 546 5731 1052 1663 23982 22143 2824 1551 642 909 111 1839 340 87764 25159
internal_count=157237 69473 46979 22494 21065 20943 17977 12777 5200 19467 2966 13736 25914 1932 1598 546 5731 1052 1663 23982 22143 2824 1551 642 909 111 1839 340 87764 25159
is_linear=0
shrinkage=0.05


Tree=89
num_leaves=31
num_cat=0
split_feature=16 19 1 1 16 18 10 1 10 9 9 9 9 8 10 18 19 1 1 8 10 8 10 1 1 7 1 8 27 8
split_gain=4043.36 828.02 279.36 249.493 186.518 164.389 129.949 191.824 127.278 117.313 101.098 80.3993 67.8056 93.1875 66.348 72.9698 63.0658 61.2818 56.7563 55.0225 56.2697 37.2872 27.2759 68.8023 20.1667 27.6937 19.978 17.0144 15.1482 17.9256
threshold=1.0000000180025095e-35 3.2000000000000006 28.350000000000005 30.425000000000004 685.00000000000011 15.500000000000002 -0.49812626372919411 24.150000000000006 -0.79382744783423187 0.81925054981890411 0.99983759474438971 0.72695311118111527 -0.99275805973510278 278.50000000000006 0.28313308994381592 24.500000000000004 3.699999999999998 15.750000000000002 34.150000000000013 294.50000000000006 -0.88620506325989179 362.50000000000006 -0.94137724084408114 31.050000000000008 31.950000000000003 7.5000000000000009 29.333333333333339 170.50000000000003 1.4500000000000013 40.500000000000007
decision_type=2 2 2 2 2 2 2 2 2 2 2 2 2 2 2 2 2 2 2 2 2 2 2 2 2 2 2 2 2 2
left_child=28 3 4 5 9 10 8 -8 -7 11 21 -3 13 18 15 -6 -11 -16 -4 20 -14 -2 23 27 -24 -26 -21 -5 29 -1
right_child=1 2 12 22 14 6 7 -9 -10 16 -12 -13 19 -15 17 -17 -18 -19 -20 26 -22 -23 24 -25 25 -27 -28 -29 -30 -31
leaf_value=-0.0040368316319414821 0 0 0 0 0 0 0 0 0 0 0.00010408805112639142 0 0 0 5.204402556319571e-05 0 0 0 0 5.204402556319571e-05 0 5.204402556319571e-05 5.7666510319330515e-05 6.0701589809821629e-05 0.00014931174333544101 -0.00049324904906497893 -0.00073685206013340745 0 -0.0045763814830874607 0.0013266252705290311
leaf_weight=9034 2775 12598 1533 239 368 2334 7459 5318 2866 624 142 1138 7464 269 70 178 5107 982 130 1024 14679 49 798 302 58 53 815 101 4633 74097
leaf_count=9034 2775 12598 1533 239 368 2334 7459 5318 2866 624 142 1138 7464 269 70 178 5107 982 130 1024 14679 49 798 302 58 53 815 101 4633 74097
internal_value=-0.00692722 -0.0159391 -0.0121619 -0.0238277 -0.0164384 -0.0252607 -0.0234614 -0.0207494 -0.030125 -0.0150904 -0.0361666 -0.0175976 -0.00868565 -0.0176967 -0.0328598 -0.0187179 -0.00908131 -0.0401996 -0.0132802 -0.00795972 -0.00864991 -0.0382365 -0.00447776 -0.0123676 0.00109461 -0.0188739 0.000350734 -0.0277941 0.000206463 0.000361538
internal_weight=157237 69473 46979 22494 21065 20943 17977 12777 5200 19467 2966 13736 25914 1932 1598 546 5731 1052 1663 23982 22143 2824 1551 642 909 111 1839 340 87764 83131
internal_count=157237 69473 46979 22494 21065 20943 17977 12777 5200 19467 2966 13736 25914 1932 1598 546 5731 1052 1663 23982 22143 2824 1551 642 909 111 1839 340 87764 83131
is_linear=0
shrinkage=0.05


Tree=90
num_leaves=31
num_cat=0
split_feature=16 19 1 1 16 18 10 1 10 9 9 9 9 8 10 18 19 1 1 8 10 8 10 1 1 7 1 8 9 9
split_gain=4064.5 828.02 279.36 249.493 186.518 164.389 129.949 191.824 127.278 117.313 101.098 80.3993 67.8056 93.1875 66.348 72.9698 63.0658 61.2818 56.7563 55.0225 56.2697 37.2872 27.2759 68.8023 20.1667 27.6937 19.978 17.0144 15.0923 15.7007
threshold=1.0000000180025095e-35 3.2000000000000006 28.350000000000005 30.425000000000004 685.00000000000011 15.500000000000002 -0.49812626372919411 24.150000000000006 -0.79382744783423187 0.81925054981890411 0.99983759474438971 0.72695311118111527 -0.99275805973510278 278.50000000000006 0.28313308994381592 24.500000000000004 3.699999999999998 15.750000000000002 34.150000000000013 294.50000000000006 -0.88620506325989179 362.50000000000006 -0.94137724084408114 31.050000000000008 31.950000000000003 7.5000000000000009 29.333333333333339 170.50000000000003 0.99983759474438971 0.63920241694561786
decision_type=2 2 2 2 2 2 2 2 2 2 2 2 2 2 2 2 2 2 2 2 2 2 2 2 2 2 2 2 2 2
left_child=28 3 4 5 9 10 8 -8 -7 11 21 -3 13 18 15 -6 -11 -16 -4 20 -14 -2 23 27 -24 -26 -21 -5 29 -1
right_child=1 2 12 22 14 6 7 -9 -10 16 -12 -13 19 -15 17 -17 -18 -19 -20 26 -22 -23 24 -25 25 -27 -28 -29 -30 -31
leaf_value=-0.00019527339555615588 0 0 0 0 0 0 0 0 0 0 9.8883648570072263e-05 0 0 0 4.9441824285036132e-05 0 0 0 0 4.9441824285036132e-05 0 4.9441824285036132e-05 5.4783184803364195e-05 5.7666510319330515e-05 0.0001418461561686693 -0.00046858659661173002 -0.0007000094571267371 0 -0.023873251176709159 0.0040424247530067795
leaf_weight=64045 2775 12598 1533 239 368 2334 7459 5318 2866 624 142 1138 7464 269 70 178 5107 982 130 1024 14679 49 798 302 58 53 815 101 331 23388
leaf_count=64045 2775 12598 1533 239 368 2334 7459 5318 2866 624 142 1138 7464 269 70 178 5107 982 130 1024 14679 49 798 302 58 53 815 101 331 23388
internal_value=-0.00690369 -0.0159391 -0.0121619 -0.0238277 -0.0164384 -0.0252607 -0.0234614 -0.0207494 -0.030125 -0.0150904 -0.0361666 -0.0175976 -0.00868565 -0.0176967 -0.0328598 -0.0187179 -0.00908131 -0.0401996 -0.0132802 -0.00795972 -0.00864991 -0.0382365 -0.00447776 -0.0123676 0.00109461 -0.0188739 0.000350734 -0.0277941 0.000248621 0.000288964
internal_weight=157237 69473 46979 22494 21065 20943 17977 12777 5200 19467 2966 13736 25914 1932 1598 546 5731 1052 1663 23982 22143 2824 1551 642 909 111 1839 340 87764 87433
internal_count=157237 69473 46979 22494 21065 20943 17977 12777 5200 19467 2966 13736 25914 1932 1598 546 5731 1052 1663 23982 22143 2824 1551 642 909 111 1839 340 87764 87433
is_linear=0
shrinkage=0.05


Tree=91
num_leaves=31
num_cat=0
split_feature=16 19 1 1 16 18 10 1 10 9 9 9 9 8 10 18 19 1 1 8 10 8 10 1 1 7 1 8 19 25
split_gain=4044.5 828.02 279.36 249.493 186.518 164.389 129.949 191.824 127.278 117.313 101.098 80.3993 67.8056 93.1875 66.348 72.9698 63.0658 61.2818 56.7563 55.0225 56.2697 37.2872 27.2759 68.8023 20.1667 27.6937 19.978 17.0144 16.5517 18.7075
threshold=1.0000000180025095e-35 3.2000000000000006 28.350000000000005 30.425000000000004 685.00000000000011 15.500000000000002 -0.49812626372919411 24.150000000000006 -0.79382744783423187 0.81925054981890411 0.99983759474438971 0.72695311118111527 -0.99275805973510278 278.50000000000006 0.28313308994381592 24.500000000000004 3.699999999999998 15.750000000000002 34.150000000000013 294.50000000000006 -0.88620506325989179 362.50000000000006 -0.94137724084408114 31.050000000000008 31.950000000000003 7.5000000000000009 29.333333333333339 170.50000000000003 1.0000000000000011 19.500000000000004
decision_type=2 2 2 2 2 2 2 2 2 2 2 2 2 2 2 2 2 2 2 2 2 2 2 2 2 2 2 2 2 2
left_child=28 3 4 5 9 10 8 -8 -7 11 21 -3 13 18 15 -6 -11 -16 -4 20 -14 -2 23 27 -24 -26 -21 -5 29 -1
right_child=1 2 12 22 14 6 7 -9 -10 16 -12 -13 19 -15 17 -17 -18 -19 -20 26 -22 -23 24 -25 25 -27 -28 -29 -30 -31
leaf_value=0.0037019565912493613 0 0 0 0 0 0 0 0 0 0 9.3939466141568239e-05 0 0 0 4.696973307078412e-05 0 0 0 0 4.696973307078412e-05 0 4.696973307078412e-05 5.204402556319571e-05 5.4783184803364195e-05 0.00013475384836023619 -0.00044515726678114346 -0.00066500898427040024 0 -0.00072824448855361365 -0.012528795742396343
leaf_weight=43734 2775 12598 1533 239 368 2334 7459 5318 2866 624 142 1138 7464 269 70 178 5107 982 130 1024 14679 49 798 302 58 53 815 101 43865 165
leaf_count=43734 2775 12598 1533 239 368 2334 7459 5318 2866 624 142 1138 7464 269 70 178 5107 982 130 1024 14679 49 798 302 58 53 815 101 43865 165
internal_value=-0.00692595 -0.0159391 -0.0121619 -0.0238277 -0.0164384 -0.0252607 -0.0234614 -0.0207494 -0.030125 -0.0150904 -0.0361666 -0.0175976 -0.00868565 -0.0176967 -0.0328598 -0.0187179 -0.00908131 -0.0401996 -0.0132802 -0.00795972 -0.00864991 -0.0382365 -0.00447776 -0.0123676 0.00109461 -0.0188739 0.000350734 -0.0277941 0.000208742 0.000895123
internal_weight=157237 69473 46979 22494 21065 20943 17977 12777 5200 19467 2966 13736 25914 1932 1598 546 5731 1052 1663 23982 22143 2824 1551 642 909 111 1839 340 87764 43899
internal_count=157237 69473 46979 22494 21065 20943 17977 12777 5200 19467 2966 13736 25914 1932 1598 546 5731 1052 1663 23982 22143 2824 1551 642 909 111 1839 340 87764 43899
is_linear=0
shrinkage=0.05


Tree=92
num_leaves=31
num_cat=0
split_feature=16 19 1 1 16 18 10 1 10 9 9 9 9 8 10 18 19 1 1 8 10 8 10 1 1 7 1 8 9 17
split_gain=3995.56 828.02 279.36 249.493 186.518 164.389 129.949 191.824 127.278 117.313 101.098 80.3993 67.8056 93.1875 66.348 72.9698 63.0658 61.2818 56.7563 55.0225 56.2697 37.2872 27.2759 68.8023 20.1667 27.6937 19.978 17.0144 16.506 27.2939
threshold=1.0000000180025095e-35 3.2000000000000006 28.350000000000005 30.425000000000004 685.00000000000011 15.500000000000002 -0.49812626372919411 24.150000000000006 -0.79382744783423187 0.81925054981890411 0.99983759474438971 0.72695311118111527 -0.99275805973510278 278.50000000000006 0.28313308994381592 24.500000000000004 3.699999999999998 15.750000000000002 34.150000000000013 294.50000000000006 -0.88620506325989179 362.50000000000006 -0.94137724084408114 31.050000000000008 31.950000000000003 7.5000000000000009 29.333333333333339 170.50000000000003 -0.82415615971448097 26.500000000000004
decision_type=2 2 2 2 2 2 2 2 2 2 2 2 2 2 2 2 2 2 2 2 2 2 2 2 2 2 2 2 2 2
left_child=28 3 4 5 9 10 8 -8 -7 11 21 -3 13 18 15 -6 -11 -16 -4 20 -14 -2 23 27 -24 -26 -21 -5 29 -1
right_child=1 2 12 22 14 6 7 -9 -10 16 -12 -13 19 -15 17 -17 -18 -19 -20 26 -22 -23 24 -25 25 -27 -28 -29 -30 -31
leaf_value=-0.01462354685798245 0 0 0 0 0 0 0 0 0 0 8.9242492834490378e-05 0 0 0 4.4621246417245189e-05 0 0 0 0 4.4621246417245189e-05 0 4.4621246417245189e-05 4.9441824285036132e-05 5.204402556319571e-05 0.00012801615594222466 -0.00042289940344208629 -0.00063175853505688026 0 -0.00017381608990993947 0.0058604369824317376
leaf_weight=1006 2775 12598 1533 239 368 2334 7459 5318 2866 624 142 1138 7464 269 70 178 5107 982 130 1024 14679 49 798 302 58 53 815 101 70726 16032
leaf_count=1006 2775 12598 1533 239 368 2334 7459 5318 2866 624 142 1138 7464 269 70 178 5107 982 130 1024 14679 49 798 302 58 53 815 101 70726 16032
internal_value=-0.00698064 -0.0159391 -0.0121619 -0.0238277 -0.0164384 -0.0252607 -0.0234614 -0.0207494 -0.030125 -0.0150904 -0.0361666 -0.0175976 -0.00868565 -0.0176967 -0.0328598 -0.0187179 -0.00908131 -0.0401996 -0.0132802 -0.00795972 -0.00864991 -0.0382365 -0.00447776 -0.0123676 0.00109461 -0.0188739 0.000350734 -0.0277941 0.000110752 0.00150781
internal_weight=157237 69473 46979 22494 21065 20943 17977 12777 5200 19467 2966 13736 25914 1932 1598 546 5731 1052 1663 23982 22143 2824 1551 642 909 111 1839 340 87764 17038
internal_count=157237 69473 46979 22494 21065 20943 17977 12777 5200 19467 2966 13736 25914 1932 1598 546 5731 1052 1663 23982 22143 2824 1551 642 909 111 1839 340 87764 17038
is_linear=0
shrinkage=0.05


Tree=93
num_leaves=31
num_cat=0
split_feature=16 19 1 1 16 18 10 1 10 9 9 9 9 8 10 18 19 1 1 8 10 8 10 1 1 7 1 8 1 17
split_gain=3989.89 828.02 279.36 249.493 186.518 164.389 129.949 191.824 127.278 117.313 101.098 80.3993 67.8056 93.1875 66.348 72.9698 63.0658 61.2818 56.7563 55.0225 56.2697 37.2872 27.2759 68.8023 20.1667 27.6937 19.978 17.0144 16.6074 35.9082
threshold=1.0000000180025095e-35 3.2000000000000006 28.350000000000005 30.425000000000004 685.00000000000011 15.500000000000002 -0.49812626372919411 24.150000000000006 -0.79382744783423187 0.81925054981890411 0.99983759474438971 0.72695311118111527 -0.99275805973510278 278.50000000000006 0.28313308994381592 24.500000000000004 3.699999999999998 15.750000000000002 34.150000000000013 294.50000000000006 -0.88620506325989179 362.50000000000006 -0.94137724084408114 31.050000000000008 31.950000000000003 7.5000000000000009 29.333333333333339 170.50000000000003 17.550000000000004 20.500000000000004
decision_type=2 2 2 2 2 2 2 2 2 2 2 2 2 2 2 2 2 2 2 2 2 2 2 2 2 2 2 2 2 2
left_child=28 3 4 5 9 10 8 -8 -7 11 21 -3 13 18 15 -6 -11 -16 -4 20 -14 -2 23 27 -24 -26 -21 -5 -1 -30
right_child=1 2 12 22 14 6 7 -9 -10 16 -12 -13 19 -15 17 -17 -18 -19 -20 26 -22 -23 24 -25 25 -27 -28 -29 29 -31
leaf_value=0.0079911521182348243 0 0 0 0 0 0 0 0 0 0 8.4780368192766137e-05 0 0 0 4.2390184096383068e-05 0 0 0 0 4.2390184096383068e-05 0 4.2390184096383068e-05 4.696973307078412e-05 4.9441824285036132e-05 0.00012161534814511336 -0.000401754433269982 -0.00060017060830403618 0 -0.020096466799649552 0.0002959382818831642
leaf_weight=9450 2775 12598 1533 239 368 2334 7459 5318 2866 624 142 1138 7464 269 70 178 5107 982 130 1024 14679 49 798 302 58 53 815 101 4655 73659
leaf_count=9450 2775 12598 1533 239 368 2334 7459 5318 2866 624 142 1138 7464 269 70 178 5107 982 130 1024 14679 49 798 302 58 53 815 101 4655 73659
internal_value=-0.006987 -0.0159391 -0.0121619 -0.0238277 -0.0164384 -0.0252607 -0.0234614 -0.0207494 -0.030125 -0.0150904 -0.0361666 -0.0175976 -0.00868565 -0.0176967 -0.0328598 -0.0187179 -0.00908131 -0.0401996 -0.0132802 -0.00795972 -0.00864991 -0.0382365 -0.00447776 -0.0123676 0.00109461 -0.0188739 0.000350734 -0.0277941 9.93576e-05 -0.000139566
internal_weight=157237 69473 46979 22494 21065 20943 17977 12777 5200 19467 2966 13736 25914 1932 1598 546 5731 1052 1663 23982 22143 2824 1551 642 909 111 1839 340 87764 78314
internal_count=157237 69473 46979 22494 21065 20943 17977 12777 5200 19467 2966 13736 25914 1932 1598 546 5731 1052 1663 23982 22143 2824 1551 642 909 111 1839 340 87764 78314
is_linear=0
shrinkage=0.05


Tree=94
num_leaves=31
num_cat=0
split_feature=16 19 1 1 16 18 10 1 10 9 9 9 9 8 10 18 19 1 1 8 10 8 10 1 1 7 1 8 1 17
split_gain=4010.9 828.02 279.36 249.493 186.518 164.389 129.949 191.824 127.278 117.313 101.098 80.3993 67.8056 93.1875 66.348 72.9698 63.0658 61.2818 56.7563 55.0225 56.2697 37.2872 27.2759 68.8023 20.1667 27.6937 19.978 17.0144 16.9658 37.2188
threshold=1.0000000180025095e-35 3.2000000000000006 28.350000000000005 30.425000000000004 685.00000000000011 15.500000000000002 -0.49812626372919411 24.150000000000006 -0.79382744783423187 0.81925054981890411 0.99983759474438971 0.72695311118111527 -0.99275805973510278 278.50000000000006 0.28313308994381592 24.500000000000004 3.699999999999998 15.750000000000002 34.150000000000013 294.50000000000006 -0.88620506325989179 362.50000000000006 -0.94137724084408114 31.050000000000008 31.950000000000003 7.5000000000000009 29.333333333333339 170.50000000000003 20.825000000000006 28.500000000000004
decision_type=2 2 2 2 2 2 2 2 2 2 2 2 2 2 2 2 2 2 2 2 2 2 2 2 2 2 2 2 2 2
left_child=28 3 4 5 9 10 8 -8 -7 11 21 -3 13 18 15 -6 -11 -16 -4 20 -14 -2 23 27 -24 -26 -21 -5 -1 -30
right_child=1 2 12 22 14 6 7 -9 -10 16 -12 -13 19 -15 17 -17 -18 -19 -20 26 -22 -23 24 -25 25 -27 -28 -29 29 -31
leaf_value=0.0047552181214538906 0 0 0 0 0 0 0 0 0 0 8.0541349783128108e-05 0 0 0 4.0270674891564054e-05 0 0 0 0 4.0270674891564054e-05 0 4.0270674891564054e-05 4.4621246417245189e-05 4.696973307078412e-05 0.00011553458073785758 -0.00038166671160648285 -0.00057016207788883441 0 -0.0063616364300728249 0.0015232755675148369
leaf_weight=23164 2775 12598 1533 239 368 2334 7459 5318 2866 624 142 1138 7464 269 70 178 5107 982 130 1024 14679 49 798 302 58 53 815 101 22364 42236
leaf_count=23164 2775 12598 1533 239 368 2334 7459 5318 2866 624 142 1138 7464 269 70 178 5107 982 130 1024 14679 49 798 302 58 53 815 101 22364 42236
internal_value=-0.00696347 -0.0159391 -0.0121619 -0.0238277 -0.0164384 -0.0252607 -0.0234614 -0.0207494 -0.030125 -0.0150904 -0.0361666 -0.0175976 -0.00868565 -0.0176967 -0.0328598 -0.0187179 -0.00908131 -0.0401996 -0.0132802 -0.00795972 -0.00864991 -0.0382365 -0.00447776 -0.0123676 0.00109461 -0.0188739 0.000350734 -0.0277941 0.000141516 -0.000274768
internal_weight=157237 69473 46979 22494 21065 20943 17977 12777 5200 19467 2966 13736 25914 1932 1598 546 5731 1052 1663 23982 22143 2824 1551 642 909 111 1839 340 87764 64600
internal_count=157237 69473 46979 22494 21065 20943 17977 12777 5200 19467 2966 13736 25914 1932 1598 546 5731 1052 1663 23982 22143 2824 1551 642 909 111 1839 340 87764 64600
is_linear=0
shrinkage=0.05


Tree=95
num_leaves=31
num_cat=0
split_feature=16 19 1 1 16 18 10 1 10 9 9 9 9 8 10 18 19 1 1 8 10 8 10 1 1 7 1 8 0 17
split_gain=4034.52 828.02 279.36 249.493 186.518 164.389 129.949 191.824 127.278 117.313 101.098 80.3993 67.8056 93.1875 66.348 72.9698 63.0658 61.2818 56.7563 55.0225 56.2697 37.2872 27.2759 68.8023 20.1667 27.6937 19.978 17.0144 15.4115 21.8764
threshold=1.0000000180025095e-35 3.2000000000000006 28.350000000000005 30.425000000000004 685.00000000000011 15.500000000000002 -0.49812626372919411 24.150000000000006 -0.79382744783423187 0.81925054981890411 0.99983759474438971 0.72695311118111527 -0.99275805973510278 278.50000000000006 0.28313308994381592 24.500000000000004 3.699999999999998 15.750000000000002 34.150000000000013 294.50000000000006 -0.88620506325989179 362.50000000000006 -0.94137724084408114 31.050000000000008 31.950000000000003 7.5000000000000009 29.333333333333339 170.50000000000003 33.150000000000013 33.500000000000007
decision_type=2 2 2 2 2 2 2 2 2 2 2 2 2 2 2 2 2 2 2 2 2 2 2 2 2 2 2 2 2 2
left_child=28 3 4 5 9 10 8 -8 -7 11 21 -3 13 18 15 -6 -11 -16 -4 20 -14 -2 23 27 -24 -26 -21 -5 29 -1
right_child=1 2 12 22 14 6 7 -9 -10 16 -12 -13 19 -15 17 -17 -18 -19 -20 26 -22 -23 24 -25 25 -27 -28 -29 -30 -31
leaf_value=0.00012294998353625243 0 0 0 0 0 0 0 0 0 0 7.6514282293971286e-05 0 0 0 3.8257141146985643e-05 0 0 0 0 3.8257141146985643e-05 0 3.8257141146985643e-05 4.2390184096383068e-05 4.4621246417245189e-05 0.00010975785170096453 -0.0003625833760261587 -0.00054165397399439264 0 -0.0049000174005819977 0.012572531643534696
leaf_weight=81046 2775 12598 1533 239 368 2334 7459 5318 2866 624 142 1138 7464 269 70 178 5107 982 130 1024 14679 49 798 302 58 53 815 101 1131 5587
leaf_count=81046 2775 12598 1533 239 368 2334 7459 5318 2866 624 142 1138 7464 269 70 178 5107 982 130 1024 14679 49 798 302 58 53 815 101 1131 5587
internal_value=-0.00693708 -0.0159391 -0.0121619 -0.0238277 -0.0164384 -0.0252607 -0.0234614 -0.0207494 -0.030125 -0.0150904 -0.0361666 -0.0175976 -0.00868565 -0.0176967 -0.0328598 -0.0187179 -0.00908131 -0.0401996 -0.0132802 -0.00795972 -0.00864991 -0.0382365 -0.00447776 -0.0123676 0.00109461 -0.0188739 0.000350734 -0.0277941 0.000188802 0.000264507
internal_weight=157237 69473 46979 22494 21065 20943 17977 12777 5200 19467 2966 13736 25914 1932 1598 546 5731 1052 1663 23982 22143 2824 1551 642 909 111 1839 340 87764 86633
internal_count=157237 69473 46979 22494 21065 20943 17977 12777 5200 19467 2966 13736 25914 1932 1598 546 5731 1052 1663 23982 22143 2824 1551 642 909 111 1839 340 87764 86633
is_linear=0
shrinkage=0.05


Tree=96
num_leaves=31
num_cat=0
split_feature=16 19 1 1 16 18 10 1 10 9 9 9 9 8 10 18 19 1 1 8 10 8 10 1 1 7 1 8 9 18
split_gain=4031.67 828.02 279.36 249.493 186.518 164.389 129.949 191.824 127.278 117.313 101.098 80.3993 67.8056 93.1875 66.348 72.9698 63.0658 61.2818 56.7563 55.0225 56.2697 37.2872 27.2759 68.8023 20.1667 27.6937 19.978 17.0144 15.2067 28.7696
threshold=1.0000000180025095e-35 3.2000000000000006 28.350000000000005 30.425000000000004 685.00000000000011 15.500000000000002 -0.49812626372919411 24.150000000000006 -0.79382744783423187 0.81925054981890411 0.99983759474438971 0.72695311118111527 -0.99275805973510278 278.50000000000006 0.28313308994381592 24.500000000000004 3.699999999999998 15.750000000000002 34.150000000000013 294.50000000000006 -0.88620506325989179 362.50000000000006 -0.94137724084408114 31.050000000000008 31.950000000000003 7.5000000000000009 29.333333333333339 170.50000000000003 0.63920241694561786 22.500000000000004
decision_type=2 2 2 2 2 2 2 2 2 2 2 2 2 2 2 2 2 2 2 2 2 2 2 2 2 2 2 2 2 2
left_child=28 3 4 5 9 10 8 -8 -7 11 21 -3 13 18 15 -6 -11 -16 -4 20 -14 -2 23 27 -24 -26 -21 -5 -1 -30
right_child=1 2 12 22 14 6 7 -9 -10 16 -12 -13 19 -15 17 -17 -18 -19 -20 26 -22 -23 24 -25 25 -27 -28 -29 29 -31
leaf_value=-0.00028370527613305748 0 0 0 0 0 0 0 0 0 0 7.2688568179272992e-05 0 0 0 3.6344284089636496e-05 0 0 0 0 3.6344284089636496e-05 0 3.6344284089636496e-05 4.0270674891564054e-05 4.2390184096383068e-05 0.00010426995911591645 -0.00034445420722485078 -0.00051457127529467293 0 0.0074190352110944744 -0.0035776273333715971
leaf_weight=64045 2775 12598 1533 239 368 2334 7459 5318 2866 624 142 1138 7464 269 70 178 5107 982 130 1024 14679 49 798 302 58 53 815 101 15079 8640
leaf_count=64045 2775 12598 1533 239 368 2334 7459 5318 2866 624 142 1138 7464 269 70 178 5107 982 130 1024 14679 49 798 302 58 53 815 101 15079 8640
internal_value=-0.00694026 -0.0159391 -0.0121619 -0.0238277 -0.0164384 -0.0252607 -0.0234614 -0.0207494 -0.030125 -0.0150904 -0.0361666 -0.0175976 -0.00868565 -0.0176967 -0.0328598 -0.0187179 -0.00908131 -0.0401996 -0.0132802 -0.00795972 -0.00864991 -0.0382365 -0.00447776 -0.0123676 0.00109461 -0.0188739 0.000350734 -0.0277941 0.000183105 0.0012646
internal_weight=157237 69473 46979 22494 21065 20943 17977 12777 5200 19467 2966 13736 25914 1932 1598 546 5731 1052 1663 23982 22143 2824 1551 642 909 111 1839 340 87764 23719
internal_count=157237 69473 46979 22494 21065 20943 17977 12777 5200 19467 2966 13736 25914 1932 1598 546 5731 1052 1663 23982 22143 2824 1551 642 909 111 1839 340 87764 23719
is_linear=0
shrinkage=0.05


Tree=97
num_leaves=31
num_cat=0
split_feature=16 19 1 1 16 18 10 1 10 9 9 9 9 8 10 18 19 1 1 8 10 8 10 1 1 7 1 8 0 17
split_gain=4015.44 828.02 279.36 249.493 186.518 164.389 129.949 191.824 127.278 117.313 101.098 80.3993 67.8056 93.1875 66.348 72.9698 63.0658 61.2818 56.7563 55.0225 56.2697 37.2872 27.2759 68.8023 20.1667 27.6937 19.978 17.0144 14.9126 24.5387
threshold=1.0000000180025095e-35 3.2000000000000006 28.350000000000005 30.425000000000004 685.00000000000011 15.500000000000002 -0.49812626372919411 24.150000000000006 -0.79382744783423187 0.81925054981890411 0.99983759474438971 0.72695311118111527 -0.99275805973510278 278.50000000000006 0.28313308994381592 24.500000000000004 3.699999999999998 15.750000000000002 34.150000000000013 294.50000000000006 -0.88620506325989179 362.50000000000006 -0.94137724084408114 31.050000000000008 31.950000000000003 7.5000000000000009 29.333333333333339 170.50000000000003 32.95000000000001 33.500000000000007
decision_type=2 2 2 2 2 2 2 2 2 2 2 2 2 2 2 2 2 2 2 2 2 2 2 2 2 2 2 2 2 2
left_child=28 3 4 5 9 10 8 -8 -7 11 21 -3 13 18 15 -6 -11 -16 -4 20 -14 -2 23 27 -24 -26 -21 -5 29 -1
right_child=1 2 12 22 14 6 7 -9 -10 16 -12 -13 19 -15 17 -17 -18 -19 -20 26 -22 -23 24 -25 25 -27 -28 -29 -30 -31
leaf_value=2.0469918737794914e-05 0 0 0 0 0 0 0 0 0 0 6.905413977030955e-05 0 0 0 3.4527069885154775e-05 0 0 0 0 3.4527069885154775e-05 0 3.4527069885154775e-05 3.8257141146985643e-05 4.0270674891564054e-05 9.9056461160120651e-05 -0.00032723149686360824 -0.00048884271152993932 0 -0.0041619163056647894 0.014314477368918025
leaf_weight=80901 2775 12598 1533 239 368 2334 7459 5318 2866 624 142 1138 7464 269 70 178 5107 982 130 1024 14679 49 798 302 58 53 815 101 1406 5457
leaf_count=80901 2775 12598 1533 239 368 2334 7459 5318 2866 624 142 1138 7464 269 70 178 5107 982 130 1024 14679 49 798 302 58 53 815 101 1406 5457
internal_value=-0.00695838 -0.0159391 -0.0121619 -0.0238277 -0.0164384 -0.0252607 -0.0234614 -0.0207494 -0.030125 -0.0150904 -0.0361666 -0.0175976 -0.00868565 -0.0176967 -0.0328598 -0.0187179 -0.00908131 -0.0401996 -0.0132802 -0.00795972 -0.00864991 -0.0382365 -0.00447776 -0.0123676 0.00109461 -0.0188739 0.000350734 -0.0277941 0.000150631 0.000233794
internal_weight=157237 69473 46979 22494 21065 20943 17977 12777 5200 19467 2966 13736 25914 1932 1598 546 5731 1052 1663 23982 22143 2824 1551 642 909 111 1839 340 87764 86358
internal_count=157237 69473 46979 22494 21065 20943 17977 12777 5200 19467 2966 13736 25914 1932 1598 546 5731 1052 1663 23982 22143 2824 1551 642 909 111 1839 340 87764 86358
is_linear=0
shrinkage=0.05


Tree=98
num_leaves=31
num_cat=0
split_feature=16 19 1 1 16 18 10 1 10 9 9 9 9 8 10 18 19 1 1 8 10 8 10 1 1 7 1 8 9 9
split_gain=4015.16 828.02 279.36 249.493 186.518 164.389 129.949 191.824 127.278 117.313 101.098 80.3993 67.8056 93.1875 66.348 72.9698 63.0658 61.2818 56.7563 55.0225 56.2697 37.2872 27.2759 68.8023 20.1667 27.6937 19.978 17.0144 14.3936 15.0148
threshold=1.0000000180025095e-35 3.2000000000000006 28.350000000000005 30.425000000000004 685.00000000000011 15.500000000000002 -0.49812626372919411 24.150000000000006 -0.79382744783423187 0.81925054981890411 0.99983759474438971 0.72695311118111527 -0.99275805973510278 278.50000000000006 0.28313308994381592 24.500000000000004 3.699999999999998 15.750000000000002 34.150000000000013 294.50000000000006 -0.88620506325989179 362.50000000000006 -0.94137724084408114 31.050000000000008 31.950000000000003 7.5000000000000009 29.333333333333339 170.50000000000003 0.99983759474438971 0.63920241694561786
decision_type=2 2 2 2 2 2 2 2 2 2 2 2 2 2 2 2 2 2 2 2 2 2 2 2 2 2 2 2 2 2
left_child=28 3 4 5 9 10 8 -8 -7 11 21 -3 13 18 15 -6 -11 -16 -4 20 -14 -2 23 27 -24 -26 -21 -5 29 -1
right_child=1 2 12 22 14 6 7 -9 -10 16 -12 -13 19 -15 17 -17 -18 -19 -20 26 -22 -23 24 -25 25 -27 -28 -29 -30 -31
leaf_value=-0.00025373320680298627 0 0 0 0 0 0 0 0 0 0 6.5601432781793595e-05 0 0 0 3.2800716390896797e-05 0 0 0 0 3.2800716390896797e-05 0 3.2800716390896797e-05 3.6344284089636496e-05 3.8257141146985643e-05 9.4103638102114445e-05 -0.0003108699220204278 -0.00046440057595344239 0 -0.022930833491199617 0.0037905850169903891
leaf_weight=64045 2775 12598 1533 239 368 2334 7459 5318 2866 624 142 1138 7464 269 70 178 5107 982 130 1024 14679 49 798 302 58 53 815 101 331 23388
leaf_count=64045 2775 12598 1533 239 368 2334 7459 5318 2866 624 142 1138 7464 269 70 178 5107 982 130 1024 14679 49 798 302 58 53 815 101 331 23388
internal_value=-0.0069587 -0.0159391 -0.0121619 -0.0238277 -0.0164384 -0.0252607 -0.0234614 -0.0207494 -0.030125 -0.0150904 -0.0361666 -0.0175976 -0.00868565 -0.0176967 -0.0328598 -0.0187179 -0.00908131 -0.0401996 -0.0132802 -0.00795972 -0.00864991 -0.0382365 -0.00447776 -0.0123676 0.00109461 -0.0188739 0.000350734 -0.0277941 0.000150062 0.00018946
internal_weight=157237 69473 46979 22494 21065 20943 17977 12777 5200 19467 2966 13736 25914 1932 1598 546 5731 1052 1663 23982 22143 2824 1551 642 909 111 1839 340 87764 87433
internal_count=157237 69473 46979 22494 21065 20943 17977 12777 5200 19467 2966 13736 25914 1932 1598 546 5731 1052 1663 23982 22143 2824 1551 642 909 111 1839 340 87764 87433
is_linear=0
shrinkage=0.05


Tree=99
num_leaves=31
num_cat=0
split_feature=16 19 1 1 16 18 10 1 10 9 9 9 9 8 10 18 19 1 1 8 10 8 10 1 1 7 1 8 9 19
split_gain=4005.21 828.02 279.36 249.493 186.518 164.389 129.949 191.824 127.278 117.313 101.098 80.3993 67.8056 93.1875 66.348 72.9698 63.0658 61.2818 56.7563 55.0225 56.2697 37.2872 27.2759 68.8023 20.1667 27.6937 19.978 17.0144 14.5823 27.0147
threshold=1.0000000180025095e-35 3.2000000000000006 28.350000000000005 30.425000000000004 685.00000000000011 15.500000000000002 -0.49812626372919411 24.150000000000006 -0.79382744783423187 0.81925054981890411 0.99983759474438971 0.72695311118111527 -0.99275805973510278 278.50000000000006 0.28313308994381592 24.500000000000004 3.699999999999998 15.750000000000002 34.150000000000013 294.50000000000006 -0.88620506325989179 362.50000000000006 -0.94137724084408114 31.050000000000008 31.950000000000003 7.5000000000000009 29.333333333333339 170.50000000000003 -0.82415615971448097 4.2999999999999963
decision_type=2 2 2 2 2 2 2 2 2 2 2 2 2 2 2 2 2 2 2 2 2 2 2 2 2 2 2 2 2 2
left_child=28 3 4 5 9 10 8 -8 -7 11 21 -3 13 18 15 -6 -11 -16 -4 20 -14 -2 23 27 -24 -26 -21 -5 29 -1
right_child=1 2 12 22 14 6 7 -9 -10 16 -12 -13 19 -15 17 -17 -18 -19 -20 26 -22 -23 24 -25 25 -27 -28 -29 -30 -31
leaf_value=0.0075392111090817008 0 0 0 0 0 0 0 0 0 0 6.2321361142704543e-05 0 0 0 3.1160680571352271e-05 0 0 0 0 3.1160680571352271e-05 0 3.1160680571352271e-05 3.4527069885154775e-05 3.6344284089636496e-05 8.9398456197008907e-05 -0.0002953264259194064 -0.00044118054715577024 0 -0.00024104654646284196 -0.0039516190088182785
leaf_weight=15553 2775 12598 1533 239 368 2334 7459 5318 2866 624 142 1138 7464 269 70 178 5107 982 130 1024 14679 49 798 302 58 53 815 101 70726 1485
leaf_count=15553 2775 12598 1533 239 368 2334 7459 5318 2866 624 142 1138 7464 269 70 178 5107 982 130 1024 14679 49 798 302 58 53 815 101 70726 1485
internal_value=-0.00696983 -0.0159391 -0.0121619 -0.0238277 -0.0164384 -0.0252607 -0.0234614 -0.0207494 -0.030125 -0.0150904 -0.0361666 -0.0175976 -0.00868565 -0.0176967 -0.0328598 -0.0187179 -0.00908131 -0.0401996 -0.0132802 -0.00795972 -0.00864991 -0.0382365 -0.00447776 -0.0123676 0.00109461 -0.0188739 0.000350734 -0.0277941 0.000130122 0.00144324
internal_weight=157237 69473 46979 22494 21065 20943 17977 12777 5200 19467 2966 13736 25914 1932 1598 546 5731 1052 1663 23982 22143 2824 1551 642 909 111 1839 340 87764 17038
internal_count=157237 69473 46979 22494 21065 20943 17977 12777 5200 19467 2966 13736 25914 1932 1598 546 5731 1052 1663 23982 22143 2824 1551 642 909 111 1839 340 87764 17038
is_linear=0
shrinkage=0.05


Tree=100
num_leaves=31
num_cat=0
split_feature=16 19 1 1 16 18 10 1 10 9 9 9 9 8 10 18 19 1 1 8 10 8 10 1 1 7 1 8 19 17
split_gain=4002.94 828.02 279.36 249.493 186.518 164.389 129.949 191.824 127.278 117.313 101.098 80.3993 67.8056 93.1875 66.348 72.9698 63.0658 61.2818 56.7563 55.0225 56.2697 37.2872 27.2759 68.8023 20.1667 27.6937 19.978 17.0144 14.8421 19.8862
threshold=1.0000000180025095e-35 3.2000000000000006 28.350000000000005 30.425000000000004 685.00000000000011 15.500000000000002 -0.49812626372919411 24.150000000000006 -0.79382744783423187 0.81925054981890411 0.99983759474438971 0.72695311118111527 -0.99275805973510278 278.50000000000006 0.28313308994381592 24.500000000000004 3.699999999999998 15.750000000000002 34.150000000000013 294.50000000000006 -0.88620506325989179 362.50000000000006 -0.94137724084408114 31.050000000000008 31.950000000000003 7.5000000000000009 29.333333333333339 170.50000000000003 1.0000000000000011 32.500000000000007
decision_type=2 2 2 2 2 2 2 2 2 2 2 2 2 2 2 2 2 2 2 2 2 2 2 2 2 2 2 2 2 2
left_child=28 3 4 5 9 10 8 -8 -7 11 21 -3 13 18 15 -6 -11 -16 -4 20 -14 -2 23 27 -24 -26 -21 -5 29 -1
right_child=1 2 12 22 14 6 7 -9 -10 16 -12 -13 19 -15 17 -17 -18 -19 -20 26 -22 -23 24 -25 25 -27 -28 -29 -30 -31
leaf_value=0.00079062603493693659 0 0 0 0 0 0 0 0 0 0 5.9205293085569377e-05 0 0 0 2.9602646542784689e-05 0 0 0 0 2.9602646542784689e-05 0 2.9602646542784689e-05 3.2800716390896797e-05 3.4527069885154775e-05 8.4928533387158142e-05 -0.00028056010462343606 -0.00041912151979798173 0 -0.00068626495119561426 0.019180472287678319
leaf_weight=37122 2775 12598 1533 239 368 2334 7459 5318 2866 624 142 1138 7464 269 70 178 5107 982 130 1024 14679 49 798 302 58 53 815 101 43865 6777
leaf_count=37122 2775 12598 1533 239 368 2334 7459 5318 2866 624 142 1138 7464 269 70 178 5107 982 130 1024 14679 49 798 302 58 53 815 101 43865 6777
internal_value=-0.00697237 -0.0159391 -0.0121619 -0.0238277 -0.0164384 -0.0252607 -0.0234614 -0.0207494 -0.030125 -0.0150904 -0.0361666 -0.0175976 -0.00868565 -0.0176967 -0.0328598 -0.0187179 -0.00908131 -0.0401996 -0.0132802 -0.00795972 -0.00864991 -0.0382365 -0.00447776 -0.0123676 0.00109461 -0.0188739 0.000350734 -0.0277941 0.000125564 0.00077553
internal_weight=157237 69473 46979 22494 21065 20943 17977 12777 5200 19467 2966 13736 25914 1932 1598 546 5731 1052 1663 23982 22143 2824 1551 642 909 111 1839 340 87764 43899
internal_count=157237 69473 46979 22494 21065 20943 17977 12777 5200 19467 2966 13736 25914 1932 1598 546 5731 1052 1663 23982 22143 2824 1551 642 909 111 1839 340 87764 43899
is_linear=0
shrinkage=0.05


Tree=101
num_leaves=31
num_cat=0
split_feature=16 19 1 1 16 18 10 1 10 9 9 9 9 8 10 18 19 1 1 8 10 8 10 1 1 7 1 8 17 1
split_gain=4003.79 828.02 279.36 249.493 186.518 164.389 129.949 191.824 127.278 117.313 101.098 80.3993 67.8056 93.1875 66.348 72.9698 63.0658 61.2818 56.7563 55.0225 56.2697 37.2872 27.2759 68.8023 20.1667 27.6937 19.978 17.0144 14.9348 24.6024
threshold=1.0000000180025095e-35 3.2000000000000006 28.350000000000005 30.425000000000004 685.00000000000011 15.500000000000002 -0.49812626372919411 24.150000000000006 -0.79382744783423187 0.81925054981890411 0.99983759474438971 0.72695311118111527 -0.99275805973510278 278.50000000000006 0.28313308994381592 24.500000000000004 3.699999999999998 15.750000000000002 34.150000000000013 294.50000000000006 -0.88620506325989179 362.50000000000006 -0.94137724084408114 31.050000000000008 31.950000000000003 7.5000000000000009 29.333333333333339 170.50000000000003 32.500000000000007 28.550000000000008
decision_type=2 2 2 2 2 2 2 2 2 2 2 2 2 2 2 2 2 2 2 2 2 2 2 2 2 2 2 2 2 2
left_child=28 3 4 5 9 10 8 -8 -7 11 21 -3 13 18 15 -6 -11 -16 -4 20 -14 -2 23 27 -24 -26 -21 -5 29 -1
right_child=1 2 12 22 14 6 7 -9 -10 16 -12 -13 19 -15 17 -17 -18 -19 -20 26 -22 -23 24 -25 25 -27 -28 -29 -30 -31
leaf_value=0.00048659532068385251 0 0 0 0 0 0 0 0 0 0 5.6245028431291258e-05 0 0 0 2.8122514215645629e-05 0 0 0 0 2.8122514215645629e-05 0 2.8122514215645629e-05 3.1160680571352271e-05 3.2800716390896797e-05 8.0682106717800556e-05 -0.00026653209939226426 -0.00039816544380808264 0 0.0048678505505388202 -0.0023074519609286802
leaf_weight=60549 2775 12598 1533 239 368 2334 7459 5318 2866 624 142 1138 7464 269 70 178 5107 982 130 1024 14679 49 798 302 58 53 815 101 14606 12609
leaf_count=60549 2775 12598 1533 239 368 2334 7459 5318 2866 624 142 1138 7464 269 70 178 5107 982 130 1024 14679 49 798 302 58 53 815 101 14606 12609
internal_value=-0.00697142 -0.0159391 -0.0121619 -0.0238277 -0.0164384 -0.0252607 -0.0234614 -0.0207494 -0.030125 -0.0150904 -0.0361666 -0.0175976 -0.00868565 -0.0176967 -0.0328598 -0.0187179 -0.00908131 -0.0401996 -0.0132802 -0.00795972 -0.00864991 -0.0382365 -0.00447776 -0.0123676 0.00109461 -0.0188739 0.000350734 -0.0277941 0.000127273 -0.000164165
internal_weight=157237 69473 46979 22494 21065 20943 17977 12777 5200 19467 2966 13736 25914 1932 1598 546 5731 1052 1663 23982 22143 2824 1551 642 909 111 1839 340 87764 73158
internal_count=157237 69473 46979 22494 21065 20943 17977 12777 5200 19467 2966 13736 25914 1932 1598 546 5731 1052 1663 23982 22143 2824 1551 642 909 111 1839 340 87764 73158
is_linear=0
shrinkage=0.05


Tree=102
num_leaves=31
num_cat=0
split_feature=16 19 1 1 16 18 10 1 10 9 9 9 9 8 10 18 19 1 1 8 10 8 10 1 1 7 1 8 19 10
split_gain=4001.52 828.02 279.36 249.493 186.518 164.389 129.949 191.824 127.278 117.313 101.098 80.3993 67.8056 93.1875 66.348 72.9698 63.0658 61.2818 56.7563 55.0225 56.2697 37.2872 27.2759 68.8023 20.1667 27.6937 19.978 17.0144 14.609 19.6658
threshold=1.0000000180025095e-35 3.2000000000000006 28.350000000000005 30.425000000000004 685.00000000000011 15.500000000000002 -0.49812626372919411 24.150000000000006 -0.79382744783423187 0.81925054981890411 0.99983759474438971 0.72695311118111527 -0.99275805973510278 278.50000000000006 0.28313308994381592 24.500000000000004 3.699999999999998 15.750000000000002 34.150000000000013 294.50000000000006 -0.88620506325989179 362.50000000000006 -0.94137724084408114 31.050000000000008 31.950000000000003 7.5000000000000009 29.333333333333339 170.50000000000003 1.0000000000000011 -0.99761278905001471
decision_type=2 2 2 2 2 2 2 2 2 2 2 2 2 2 2 2 2 2 2 2 2 2 2 2 2 2 2 2 2 2
left_child=28 3 4 5 9 10 8 -8 -7 11 21 -3 13 18 15 -6 -11 -16 -4 20 -14 -2 23 27 -24 -26 -21 -5 29 -1
right_child=1 2 12 22 14 6 7 -9 -10 16 -12 -13 19 -15 17 -17 -18 -19 -20 26 -22 -23 24 -25 25 -27 -28 -29 -30 -31
leaf_value=-0.0037650511220115759 0 0 0 0 0 0 0 0 0 0 5.3432777009726484e-05 0 0 0 2.6716388504863242e-05 0 0 0 0 2.6716388504863242e-05 0 2.6716388504863242e-05 2.9602646542784689e-05 3.1160680571352271e-05 7.6648001381910552e-05 -0.00025320549442265104 -0.00037825717161767852 0 -0.00070161669372044259 0.003549247025682978
leaf_weight=959 2775 12598 1533 239 368 2334 7459 5318 2866 624 142 1138 7464 269 70 178 5107 982 130 1024 14679 49 798 302 58 53 815 101 43865 42940
leaf_count=959 2775 12598 1533 239 368 2334 7459 5318 2866 624 142 1138 7464 269 70 178 5107 982 130 1024 14679 49 798 302 58 53 815 101 43865 42940
internal_value=-0.00697396 -0.0159391 -0.0121619 -0.0238277 -0.0164384 -0.0252607 -0.0234614 -0.0207494 -0.030125 -0.0150904 -0.0361666 -0.0175976 -0.00868565 -0.0176967 -0.0328598 -0.0187179 -0.00908131 -0.0401996 -0.0132802 -0.00795972 -0.00864991 -0.0382365 -0.00447776 -0.0123676 0.00109461 -0.0188739 0.000350734 -0.0277941 0.000122716 0.000767558
internal_weight=157237 69473 46979 22494 21065 20943 17977 12777 5200 19467 2966 13736 25914 1932 1598 546 5731 1052 1663 23982 22143 2824 1551 642 909 111 1839 340 87764 43899
internal_count=157237 69473 46979 22494 21065 20943 17977 12777 5200 19467 2966 13736 25914 1932 1598 546 5731 1052 1663 23982 22143 2824 1551 642 909 111 1839 340 87764 43899
is_linear=0
shrinkage=0.05


Tree=103
num_leaves=31
num_cat=0
split_feature=16 19 1 1 16 18 10 1 10 9 9 9 9 8 10 18 19 1 1 8 10 8 10 1 1 7 1 8 19 17
split_gain=4004.65 828.02 279.36 249.493 186.518 164.389 129.949 191.824 127.278 117.313 101.098 80.3993 67.8056 93.1875 66.348 72.9698 63.0658 61.2818 56.7563 55.0225 56.2697 37.2872 27.2759 68.8023 20.1667 27.6937 19.978 17.0144 13.9709 19.7875
threshold=1.0000000180025095e-35 3.2000000000000006 28.350000000000005 30.425000000000004 685.00000000000011 15.500000000000002 -0.49812626372919411 24.150000000000006 -0.79382744783423187 0.81925054981890411 0.99983759474438971 0.72695311118111527 -0.99275805973510278 278.50000000000006 0.28313308994381592 24.500000000000004 3.699999999999998 15.750000000000002 34.150000000000013 294.50000000000006 -0.88620506325989179 362.50000000000006 -0.94137724084408114 31.050000000000008 31.950000000000003 7.5000000000000009 29.333333333333339 170.50000000000003 1.0000000000000011 32.500000000000007
decision_type=2 2 2 2 2 2 2 2 2 2 2 2 2 2 2 2 2 2 2 2 2 2 2 2 2 2 2 2 2 2
left_child=28 3 4 5 9 10 8 -8 -7 11 21 -3 13 18 15 -6 -11 -16 -4 20 -14 -2 23 27 -24 -26 -21 -5 29 -1
right_child=1 2 12 22 14 6 7 -9 -10 16 -12 -13 19 -15 17 -17 -18 -19 -20 26 -22 -23 24 -25 25 -27 -28 -29 -30 -31
leaf_value=0.00054930261587174953 0 0 0 0 0 0 0 0 0 0 5.0761138159240163e-05 0 0 0 2.5380569079620081e-05 0 0 0 0 2.5380569079620081e-05 0 2.5380569079620081e-05 2.8122514215645629e-05 2.9602646542784689e-05 7.2815601312815201e-05 -0.00024054521970151853 -0.00035934431303679456 0 -0.00066653585903441934 0.018087312530465496
leaf_weight=37122 2775 12598 1533 239 368 2334 7459 5318 2866 624 142 1138 7464 269 70 178 5107 982 130 1024 14679 49 798 302 58 53 815 101 43865 6777
leaf_count=37122 2775 12598 1533 239 368 2334 7459 5318 2866 624 142 1138 7464 269 70 178 5107 982 130 1024 14679 49 798 302 58 53 815 101 43865 6777
internal_value=-0.00697046 -0.0159391 -0.0121619 -0.0238277 -0.0164384 -0.0252607 -0.0234614 -0.0207494 -0.030125 -0.0150904 -0.0361666 -0.0175976 -0.00868565 -0.0176967 -0.0328598 -0.0187179 -0.00908131 -0.0401996 -0.0132802 -0.00795972 -0.00864991 -0.0382365 -0.00447776 -0.0123676 0.00109461 -0.0188739 0.000350734 -0.0277941 0.000128982 0.000759585
internal_weight=157237 69473 46979 22494 21065 20943 17977 12777 5200 19467 2966 13736 25914 1932 1598 546 5731 1052 1663 23982 22143 2824 1551 642 909 111 1839 340 87764 43899
internal_count=157237 69473 46979 22494 21065 20943 17977 12777 5200 19467 2966 13736 25914 1932 1598 546 5731 1052 1663 23982 22143 2824 1551 642 909 111 1839 340 87764 43899
is_linear=0
shrinkage=0.05


Tree=104
num_leaves=31
num_cat=0
split_feature=16 19 1 1 16 18 10 1 10 9 9 9 9 8 10 18 19 1 1 8 10 8 10 1 1 7 1 8 9 9
split_gain=3997.55 828.02 279.36 249.493 186.518 164.389 129.949 191.824 127.278 117.313 101.098 80.3993 67.8056 93.1875 66.348 72.9698 63.0658 61.2818 56.7563 55.0225 56.2697 37.2872 27.2759 68.8023 20.1667 27.6937 19.978 17.0144 13.8826 14.1313
threshold=1.0000000180025095e-35 3.2000000000000006 28.350000000000005 30.425000000000004 685.00000000000011 15.500000000000002 -0.49812626372919411 24.150000000000006 -0.79382744783423187 0.81925054981890411 0.99983759474438971 0.72695311118111527 -0.99275805973510278 278.50000000000006 0.28313308994381592 24.500000000000004 3.699999999999998 15.750000000000002 34.150000000000013 294.50000000000006 -0.88620506325989179 362.50000000000006 -0.94137724084408114 31.050000000000008 31.950000000000003 7.5000000000000009 29.333333333333339 170.50000000000003 0.99983759474438971 0.63920241694561786
decision_type=2 2 2 2 2 2 2 2 2 2 2 2 2 2 2 2 2 2 2 2 2 2 2 2 2 2 2 2 2 2
left_child=28 3 4 5 9 10 8 -8 -7 11 21 -3 13 18 15 -6 -11 -16 -4 20 -14 -2 23 27 -24 -26 -21 -5 29 -1
right_child=1 2 12 22 14 6 7 -9 -10 16 -12 -13 19 -15 17 -17 -18 -19 -20 26 -22 -23 24 -25 25 -27 -28 -29 -30 -31
leaf_value=-0.00038084536058425981 0 0 0 0 0 0 0 0 0 0 4.8223081251277945e-05 0 0 0 2.4111540625638973e-05 0 0 0 0 2.4111540625638973e-05 0 2.4111540625638973e-05 2.6716388504863242e-05 2.8122514215645629e-05 6.9174821247174756e-05 -0.00022851795871644263 -0.00034137709738495483 0 -0.022041028039175264 0.0035763731302178581
leaf_weight=64045 2775 12598 1533 239 368 2334 7459 5318 2866 624 142 1138 7464 269 70 178 5107 982 130 1024 14679 49 798 302 58 53 815 101 331 23388
leaf_count=64045 2775 12598 1533 239 368 2334 7459 5318 2866 624 142 1138 7464 269 70 178 5107 982 130 1024 14679 49 798 302 58 53 815 101 331 23388
internal_value=-0.00697841 -0.0159391 -0.0121619 -0.0238277 -0.0164384 -0.0252607 -0.0234614 -0.0207494 -0.030125 -0.0150904 -0.0361666 -0.0175976 -0.00868565 -0.0176967 -0.0328598 -0.0187179 -0.00908131 -0.0401996 -0.0132802 -0.00795972 -0.00864991 -0.0382365 -0.00447776 -0.0123676 0.00109461 -0.0188739 0.000350734 -0.0277941 0.00011474 0.000153432
internal_weight=157237 69473 46979 22494 21065 20943 17977 12777 5200 19467 2966 13736 25914 1932 1598 546 5731 1052 1663 23982 22143 2824 1551 642 909 111 1839 340 87764 87433
internal_count=157237 69473 46979 22494 21065 20943 17977 12777 5200 19467 2966 13736 25914 1932 1598 546 5731 1052 1663 23982 22143 2824 1551 642 909 111 1839 340 87764 87433
is_linear=0
shrinkage=0.05


Tree=105
num_leaves=31
num_cat=0
split_feature=16 19 1 1 16 18 10 1 10 9 9 9 9 8 10 18 19 1 1 8 10 8 10 1 1 7 1 8 27 0
split_gain=3995.56 828.02 279.36 249.493 186.518 164.389 129.949 191.824 127.278 117.313 101.098 80.3993 67.8056 93.1875 66.348 72.9698 63.0658 61.2818 56.7563 55.0225 56.2697 37.2872 27.2759 68.8023 20.1667 27.6937 19.978 17.0144 13.2309 18.9351
threshold=1.0000000180025095e-35 3.2000000000000006 28.350000000000005 30.425000000000004 685.00000000000011 15.500000000000002 -0.49812626372919411 24.150000000000006 -0.79382744783423187 0.81925054981890411 0.99983759474438971 0.72695311118111527 -0.99275805973510278 278.50000000000006 0.28313308994381592 24.500000000000004 3.699999999999998 15.750000000000002 34.150000000000013 294.50000000000006 -0.88620506325989179 362.50000000000006 -0.94137724084408114 31.050000000000008 31.950000000000003 7.5000000000000009 29.333333333333339 170.50000000000003 1.4500000000000013 19.525000000000002
decision_type=2 2 2 2 2 2 2 2 2 2 2 2 2 2 2 2 2 2 2 2 2 2 2 2 2 2 2 2 2 2
left_child=28 3 4 5 9 10 8 -8 -7 11 21 -3 13 18 15 -6 -11 -16 -4 20 -14 -2 23 27 -24 -26 -21 -5 -1 -30
right_child=1 2 12 22 14 6 7 -9 -10 16 -12 -13 19 -15 17 -17 -18 -19 -20 26 -22 -23 24 -25 25 -27 -28 -29 29 -31
leaf_value=0.00040817164077379755 0 0 0 0 0 0 0 0 0 0 4.5811927188714463e-05 0 0 0 2.2905963594357232e-05 0 0 0 0 2.2905963594357232e-05 0 2.2905963594357232e-05 2.5380569079620081e-05 2.6716388504863242e-05 6.5716080184816122e-05 -0.0002170920607806205 -0.0003243082425157071 0 0.0051615843257973469 -0.010343007937062484
leaf_weight=83131 2775 12598 1533 239 368 2334 7459 5318 2866 624 142 1138 7464 269 70 178 5107 982 130 1024 14679 49 798 302 58 53 815 101 1886 2747
leaf_count=83131 2775 12598 1533 239 368 2334 7459 5318 2866 624 142 1138 7464 269 70 178 5107 982 130 1024 14679 49 798 302 58 53 815 101 1886 2747
internal_value=-0.00698064 -0.0159391 -0.0121619 -0.0238277 -0.0164384 -0.0252607 -0.0234614 -0.0207494 -0.030125 -0.0150904 -0.0361666 -0.0175976 -0.00868565 -0.0176967 -0.0328598 -0.0187179 -0.00908131 -0.0401996 -0.0132802 -0.00795972 -0.00864991 -0.0382365 -0.00447776 -0.0123676 0.00109461 -0.0188739 0.000350734 -0.0277941 0.000110752 -0.00248975
internal_weight=157237 69473 46979 22494 21065 20943 17977 12777 5200 19467 2966 13736 25914 1932 1598 546 5731 1052 1663 23982 22143 2824 1551 642 909 111 1839 340 87764 4633
internal_count=157237 69473 46979 22494 21065 20943 17977 12777 5200 19467 2966 13736 25914 1932 1598 546 5731 1052 1663 23982 22143 2824 1551 642 909 111 1839 340 87764 4633
is_linear=0
shrinkage=0.05


Tree=106
num_leaves=31
num_cat=0
split_feature=16 19 1 1 16 18 10 1 10 9 9 9 9 8 10 18 19 1 1 8 10 8 10 1 1 7 1 8 4 17
split_gain=4004.08 828.02 279.36 249.493 186.518 164.389 129.949 191.824 127.278 117.313 101.098 80.3993 67.8056 93.1875 66.348 72.9698 63.0658 61.2818 56.7563 55.0225 56.2697 37.2872 27.2759 68.8023 20.1667 27.6937 19.978 17.0144 13.3909 25.8738
threshold=1.0000000180025095e-35 3.2000000000000006 28.350000000000005 30.425000000000004 685.00000000000011 15.500000000000002 -0.49812626372919411 24.150000000000006 -0.79382744783423187 0.81925054981890411 0.99983759474438971 0.72695311118111527 -0.99275805973510278 278.50000000000006 0.28313308994381592 24.500000000000004 3.699999999999998 15.750000000000002 34.150000000000013 294.50000000000006 -0.88620506325989179 362.50000000000006 -0.94137724084408114 31.050000000000008 31.950000000000003 7.5000000000000009 29.333333333333339 170.50000000000003 10.500000000000002 33.500000000000007
decision_type=2 2 2 2 2 2 2 2 2 2 2 2 2 2 2 2 2 2 2 2 2 2 2 2 2 2 2 2 2 2
left_child=28 3 4 5 9 10 8 -8 -7 11 21 -3 13 18 15 -6 -11 -16 -4 20 -14 -2 23 27 -24 -26 -21 -5 29 -1
right_child=1 2 12 22 14 6 7 -9 -10 16 -12 -13 19 -15 17 -17 -18 -19 -20 26 -22 -23 24 -25 25 -27 -28 -29 -30 -31
leaf_value=9.4542217037529852e-05 0 0 0 0 0 0 0 0 0 0 4.3521330829278393e-05 0 0 0 2.1760665414639196e-05 0 0 0 0 2.1760665414639196e-05 0 2.1760665414639196e-05 2.4111540625638973e-05 2.5380569079620081e-05 6.2430276175575597e-05 -0.00020623745774158949 -0.0003080928303899218 0 -0.00098817569204308082 0.023076632463845254
leaf_weight=62541 2775 12598 1533 239 368 2334 7459 5318 2866 624 142 1138 7464 269 70 178 5107 982 130 1024 14679 49 798 302 58 53 815 101 20602 4621
leaf_count=62541 2775 12598 1533 239 368 2334 7459 5318 2866 624 142 1138 7464 269 70 178 5107 982 130 1024 14679 49 798 302 58 53 815 101 20602 4621
internal_value=-0.0069711 -0.0159391 -0.0121619 -0.0238277 -0.0164384 -0.0252607 -0.0234614 -0.0207494 -0.030125 -0.0150904 -0.0361666 -0.0175976 -0.00868565 -0.0176967 -0.0328598 -0.0187179 -0.00908131 -0.0401996 -0.0132802 -0.00795972 -0.00864991 -0.0382365 -0.00447776 -0.0123676 0.00109461 -0.0188739 0.000350734 -0.0277941 0.000127843 0.000469909
internal_weight=157237 69473 46979 22494 21065 20943 17977 12777 5200 19467 2966 13736 25914 1932 1598 546 5731 1052 1663 23982 22143 2824 1551 642 909 111 1839 340 87764 67162
internal_count=157237 69473 46979 22494 21065 20943 17977 12777 5200 19467 2966 13736 25914 1932 1598 546 5731 1052 1663 23982 22143 2824 1551 642 909 111 1839 340 87764 67162
is_linear=0
shrinkage=0.05


Tree=107
num_leaves=31
num_cat=0
split_feature=16 19 1 1 16 18 10 1 10 9 9 9 9 8 10 18 19 1 1 8 10 8 10 1 1 7 1 8 6 17
split_gain=4006.07 828.02 279.36 249.493 186.518 164.389 129.949 191.824 127.278 117.313 101.098 80.3993 67.8056 93.1875 66.348 72.9698 63.0658 61.2818 56.7563 55.0225 56.2697 37.2872 27.2759 68.8023 20.1667 27.6937 19.978 17.0144 12.961 25.1925
threshold=1.0000000180025095e-35 3.2000000000000006 28.350000000000005 30.425000000000004 685.00000000000011 15.500000000000002 -0.49812626372919411 24.150000000000006 -0.79382744783423187 0.81925054981890411 0.99983759474438971 0.72695311118111527 -0.99275805973510278 278.50000000000006 0.28313308994381592 24.500000000000004 3.699999999999998 15.750000000000002 34.150000000000013 294.50000000000006 -0.88620506325989179 362.50000000000006 -0.94137724084408114 31.050000000000008 31.950000000000003 7.5000000000000009 29.333333333333339 170.50000000000003 635.00000000000011 33.500000000000007
decision_type=2 2 2 2 2 2 2 2 2 2 2 2 2 2 2 2 2 2 2 2 2 2 2 2 2 2 2 2 2 2
left_child=28 3 4 5 9 10 8 -8 -7 11 21 -3 13 18 15 -6 -11 -16 -4 20 -14 -2 23 27 -24 -26 -21 -5 29 -1
right_child=1 2 12 22 14 6 7 -9 -10 16 -12 -13 19 -15 17 -17 -18 -19 -20 26 -22 -23 24 -25 25 -27 -28 -29 -30 -31
leaf_value=0.00016730210610673148 0 0 0 0 0 0 0 0 0 0 4.1345264287814823e-05 0 0 0 2.0672632143907411e-05 0 0 0 0 2.0672632143907411e-05 0 2.0672632143907411e-05 2.2905963594357232e-05 2.4111540625638973e-05 5.9308762366797053e-05 -0.00019592558485451001 -0.00029268818887042569 0 -0.00093244273404303904 0.022577741638636128
leaf_weight=60700 2775 12598 1533 239 368 2334 7459 5318 2866 624 142 1138 7464 269 70 178 5107 982 130 1024 14679 49 798 302 58 53 815 101 22583 4481
leaf_count=60700 2775 12598 1533 239 368 2334 7459 5318 2866 624 142 1138 7464 269 70 178 5107 982 130 1024 14679 49 798 302 58 53 815 101 22583 4481
internal_value=-0.00696887 -0.0159391 -0.0121619 -0.0238277 -0.0164384 -0.0252607 -0.0234614 -0.0207494 -0.030125 -0.0150904 -0.0361666 -0.0175976 -0.00868565 -0.0176967 -0.0328598 -0.0187179 -0.00908131 -0.0401996 -0.0132802 -0.00795972 -0.00864991 -0.0382365 -0.00447776 -0.0123676 0.00109461 -0.0188739 0.000350734 -0.0277941 0.000131831 0.000489483
internal_weight=157237 69473 46979 22494 21065 20943 17977 12777 5200 19467 2966 13736 25914 1932 1598 546 5731 1052 1663 23982 22143 2824 1551 642 909 111 1839 340 87764 65181
internal_count=157237 69473 46979 22494 21065 20943 17977 12777 5200 19467 2966 13736 25914 1932 1598 546 5731 1052 1663 23982 22143 2824 1551 642 909 111 1839 340 87764 65181
is_linear=0
shrinkage=0.05


Tree=108
num_leaves=31
num_cat=0
split_feature=16 19 1 1 16 18 10 1 10 9 9 9 9 8 10 18 19 1 1 8 10 8 10 1 1 7 1 8 10 8
split_gain=3983.38 828.02 279.36 249.493 186.518 164.389 129.949 191.824 127.278 117.313 101.098 80.3993 67.8056 93.1875 66.348 72.9698 63.0658 61.2818 56.7563 55.0225 56.2697 37.2872 27.2759 68.8023 20.1667 27.6937 19.978 17.0144 14.6925 33.1318
threshold=1.0000000180025095e-35 3.2000000000000006 28.350000000000005 30.425000000000004 685.00000000000011 15.500000000000002 -0.49812626372919411 24.150000000000006 -0.79382744783423187 0.81925054981890411 0.99983759474438971 0.72695311118111527 -0.99275805973510278 278.50000000000006 0.28313308994381592 24.500000000000004 3.699999999999998 15.750000000000002 34.150000000000013 294.50000000000006 -0.88620506325989179 362.50000000000006 -0.94137724084408114 31.050000000000008 31.950000000000003 7.5000000000000009 29.333333333333339 170.50000000000003 -0.6391983530350368 223.50000000000003
decision_type=2 2 2 2 2 2 2 2 2 2 2 2 2 2 2 2 2 2 2 2 2 2 2 2 2 2 2 2 2 2
left_child=28 3 4 5 9 10 8 -8 -7 11 21 -3 13 18 15 -6 -11 -16 -4 20 -14 -2 23 27 -24 -26 -21 -5 29 -1
right_child=1 2 12 22 14 6 7 -9 -10 16 -12 -13 19 -15 17 -17 -18 -19 -20 26 -22 -23 24 -25 25 -27 -28 -29 -30 -31
leaf_value=-0.00012854384013296638 0 0 0 0 0 0 0 0 0 0 3.9278001073424219e-05 0 0 0 1.963900053671211e-05 0 0 0 0 1.963900053671211e-05 0 1.963900053671211e-05 2.1760665414639196e-05 2.2905963594357232e-05 5.6343324248456927e-05 -0.00018612930561178452 -0.00027805377942690437 0 0.0011052457834334396 -0.014854924930696589
leaf_weight=22670 2775 12598 1533 239 368 2334 7459 5318 2866 624 142 1138 7464 269 70 178 5107 982 130 1024 14679 49 798 302 58 53 815 101 62605 2489
leaf_count=22670 2775 12598 1533 239 368 2334 7459 5318 2866 624 142 1138 7464 269 70 178 5107 982 130 1024 14679 49 798 302 58 53 815 101 62605 2489
internal_value=-0.00699431 -0.0159391 -0.0121619 -0.0238277 -0.0164384 -0.0252607 -0.0234614 -0.0207494 -0.030125 -0.0150904 -0.0361666 -0.0175976 -0.00868565 -0.0176967 -0.0328598 -0.0187179 -0.00908131 -0.0401996 -0.0132802 -0.00795972 -0.00864991 -0.0382365 -0.00447776 -0.0123676 0.00109461 -0.0188739 0.000350734 -0.0277941 8.62542e-05 -0.000934258
internal_weight=157237 69473 46979 22494 21065 20943 17977 12777 5200 19467 2966 13736 25914 1932 1598 546 5731 1052 1663 23982 22143 2824 1551 642 909 111 1839 340 87764 25159
internal_count=157237 69473 46979 22494 21065 20943 17977 12777 5200 19467 2966 13736 25914 1932 1598 546 5731 1052 1663 23982 22143 2824 1551 642 909 111 1839 340 87764 25159
is_linear=0
shrinkage=0.05


Tree=109
num_leaves=31
num_cat=0
split_feature=16 19 1 1 16 18 10 1 10 9 9 9 9 8 10 18 19 1 1 8 10 8 10 1 1 7 1 8 19 21
split_gain=4013.45 828.02 279.36 249.493 186.518 164.389 129.949 191.824 127.278 117.313 101.098 80.3993 67.8056 93.1875 66.348 72.9698 63.0658 61.2818 56.7563 55.0225 56.2697 37.2872 27.2759 68.8023 20.1667 27.6937 19.978 17.0144 13.6445 17.4895
threshold=1.0000000180025095e-35 3.2000000000000006 28.350000000000005 30.425000000000004 685.00000000000011 15.500000000000002 -0.49812626372919411 24.150000000000006 -0.79382744783423187 0.81925054981890411 0.99983759474438971 0.72695311118111527 -0.99275805973510278 278.50000000000006 0.28313308994381592 24.500000000000004 3.699999999999998 15.750000000000002 34.150000000000013 294.50000000000006 -0.88620506325989179 362.50000000000006 -0.94137724084408114 31.050000000000008 31.950000000000003 7.5000000000000009 29.333333333333339 170.50000000000003 1.0000000000000011 9.5000000000000018
decision_type=2 2 2 2 2 2 2 2 2 2 2 2 2 2 2 2 2 2 2 2 2 2 2 2 2 2 2 2 2 2
left_child=28 3 4 5 9 10 8 -8 -7 11 21 -3 13 18 15 -6 -11 -16 -4 20 -14 -2 23 27 -24 -26 -21 -5 29 -1
right_child=1 2 12 22 14 6 7 -9 -10 16 -12 -13 19 -15 17 -17 -18 -19 -20 26 -22 -23 24 -25 25 -27 -28 -29 -30 -31
leaf_value=0.0020737975504345253 0 0 0 0 0 0 0 0 0 0 3.7314101019753078e-05 0 0 0 1.8657050509876539e-05 0 0 0 0 1.8657050509876539e-05 0 1.8657050509876539e-05 2.0672632143907411e-05 2.1760665414639196e-05 5.3526158036033833e-05 -0.00017682284033119532 -0.00026415109045555918 0 -0.00061801625804483408 -0.011563662700586043
leaf_weight=43703 2775 12598 1533 239 368 2334 7459 5318 2866 624 142 1138 7464 269 70 178 5107 982 130 1024 14679 49 798 302 58 53 815 101 43865 196
leaf_count=43703 2775 12598 1533 239 368 2334 7459 5318 2866 624 142 1138 7464 269 70 178 5107 982 130 1024 14679 49 798 302 58 53 815 101 43865 196
internal_value=-0.00696061 -0.0159391 -0.0121619 -0.0238277 -0.0164384 -0.0252607 -0.0234614 -0.0207494 -0.030125 -0.0150904 -0.0361666 -0.0175976 -0.00868565 -0.0176967 -0.0328598 -0.0187179 -0.00908131 -0.0401996 -0.0132802 -0.00795972 -0.00864991 -0.0382365 -0.00447776 -0.0123676 0.00109461 -0.0188739 0.000350734 -0.0277941 0.000146643 0.000769835
internal_weight=157237 69473 46979 22494 21065 20943 17977 12777 5200 19467 2966 13736 25914 1932 1598 546 5731 1052 1663 23982 22143 2824 1551 642 909 111 1839 340 87764 43899
internal_count=157237 69473 46979 22494 21065 20943 17977 12777 5200 19467 2966 13736 25914 1932 1598 546 5731 1052 1663 23982 22143 2824 1551 642 909 111 1839 340 87764 43899
is_linear=0
shrinkage=0.05


Tree=110
num_leaves=31
num_cat=0
split_feature=16 19 1 1 16 18 10 1 10 9 9 9 9 8 10 18 19 1 1 8 10 8 10 1 1 7 1 8 1 17
split_gain=3956.23 828.02 279.36 249.493 186.518 164.389 129.949 191.824 127.278 117.313 101.098 80.3993 67.8056 93.1875 66.348 72.9698 63.0658 61.2818 56.7563 55.0225 56.2697 37.2872 27.2759 68.8023 20.1667 27.6937 19.978 17.0144 15.4818 32.2127
threshold=1.0000000180025095e-35 3.2000000000000006 28.350000000000005 30.425000000000004 685.00000000000011 15.500000000000002 -0.49812626372919411 24.150000000000006 -0.79382744783423187 0.81925054981890411 0.99983759474438971 0.72695311118111527 -0.99275805973510278 278.50000000000006 0.28313308994381592 24.500000000000004 3.699999999999998 15.750000000000002 34.150000000000013 294.50000000000006 -0.88620506325989179 362.50000000000006 -0.94137724084408114 31.050000000000008 31.950000000000003 7.5000000000000009 29.333333333333339 170.50000000000003 20.825000000000006 20.500000000000004
decision_type=2 2 2 2 2 2 2 2 2 2 2 2 2 2 2 2 2 2 2 2 2 2 2 2 2 2 2 2 2 2
left_child=28 3 4 5 9 10 8 -8 -7 11 21 -3 13 18 15 -6 -11 -16 -4 20 -14 -2 23 27 -24 -26 -21 -5 29 -1
right_child=1 2 12 22 14 6 7 -9 -10 16 -12 -13 19 -15 17 -17 -18 -19 -20 26 -22 -23 24 -25 25 -27 -28 -29 -30 -31
leaf_value=-0.00096094785696763116 0 0 0 0 0 0 0 0 0 0 3.5448395968765145e-05 0 0 0 1.7724197984382573e-05 0 0 0 0 1.7724197984382573e-05 0 1.7724197984382573e-05 1.963900053671211e-05 2.0672632143907411e-05 5.0849850134232488e-05 -0.00016798169831463554 -0.00025094353593278117 0 -0.00022922418257348789 0.022544971030867791
leaf_weight=12280 2775 12598 1533 239 368 2334 7459 5318 2866 624 142 1138 7464 269 70 178 5107 982 130 1024 14679 49 798 302 58 53 815 101 64600 10884
leaf_count=12280 2775 12598 1533 239 368 2334 7459 5318 2866 624 142 1138 7464 269 70 178 5107 982 130 1024 14679 49 798 302 58 53 815 101 64600 10884
internal_value=-0.00702484 -0.0159391 -0.0121619 -0.0238277 -0.0164384 -0.0252607 -0.0234614 -0.0207494 -0.030125 -0.0150904 -0.0361666 -0.0175976 -0.00868565 -0.0176967 -0.0328598 -0.0187179 -0.00908131 -0.0401996 -0.0132802 -0.00795972 -0.00864991 -0.0382365 -0.00447776 -0.0123676 0.00109461 -0.0188739 0.000350734 -0.0277941 3.15621e-05 0.00114056
internal_weight=157237 69473 46979 22494 21065 20943 17977 12777 5200 19467 2966 13736 25914 1932 1598 546 5731 1052 1663 23982 22143 2824 1551 642 909 111 1839 340 87764 23164
internal_count=157237 69473 46979 22494 21065 20943 17977 12777 5200 19467 2966 13736 25914 1932 1598 546 5731 1052 1663 23982 22143 2824 1551 642 909 111 1839 340 87764 23164
is_linear=0
shrinkage=0.05


Tree=111
num_leaves=31
num_cat=0
split_feature=16 19 1 1 16 18 10 1 10 9 9 9 9 8 10 18 19 1 1 8 10 8 10 1 1 7 1 8 1 17
split_gain=3977.71 828.02 279.36 249.493 186.518 164.389 129.949 191.824 127.278 117.313 101.098 80.3993 67.8056 93.1875 66.348 72.9698 63.0658 61.2818 56.7563 55.0225 56.2697 37.2872 27.2759 68.8023 20.1667 27.6937 19.978 17.0144 13.2969 26.1137
threshold=1.0000000180025095e-35 3.2000000000000006 28.350000000000005 30.425000000000004 685.00000000000011 15.500000000000002 -0.49812626372919411 24.150000000000006 -0.79382744783423187 0.81925054981890411 0.99983759474438971 0.72695311118111527 -0.99275805973510278 278.50000000000006 0.28313308994381592 24.500000000000004 3.699999999999998 15.750000000000002 34.150000000000013 294.50000000000006 -0.88620506325989179 362.50000000000006 -0.94137724084408114 31.050000000000008 31.950000000000003 7.5000000000000009 29.333333333333339 170.50000000000003 17.550000000000004 18.500000000000004
decision_type=2 2 2 2 2 2 2 2 2 2 2 2 2 2 2 2 2 2 2 2 2 2 2 2 2 2 2 2 2 2
left_child=28 3 4 5 9 10 8 -8 -7 11 21 -3 13 18 15 -6 -11 -16 -4 20 -14 -2 23 27 -24 -26 -21 -5 29 -1
right_child=1 2 12 22 14 6 7 -9 -10 16 -12 -13 19 -15 17 -17 -18 -19 -20 26 -22 -23 24 -25 25 -27 -28 -29 -30 -31
leaf_value=-0.00091290046411924848 0 0 0 0 0 0 0 0 0 0 3.367597617032758e-05 0 0 0 1.683798808516379e-05 0 0 0 0 1.683798808516379e-05 0 1.683798808516379e-05 1.8657050509876539e-05 1.963900053671211e-05 4.8307357627520869e-05 -0.00015958261339890376 -0.00023839635913614214 0 -0.00010685256054993042 0.026182505350269336
leaf_weight=5339 2775 12598 1533 239 368 2334 7459 5318 2866 624 142 1138 7464 269 70 178 5107 982 130 1024 14679 49 798 302 58 53 815 101 78314 4111
leaf_count=5339 2775 12598 1533 239 368 2334 7459 5318 2866 624 142 1138 7464 269 70 178 5107 982 130 1024 14679 49 798 302 58 53 815 101 78314 4111
internal_value=-0.00700067 -0.0159391 -0.0121619 -0.0238277 -0.0164384 -0.0252607 -0.0234614 -0.0207494 -0.030125 -0.0150904 -0.0361666 -0.0175976 -0.00868565 -0.0176967 -0.0328598 -0.0187179 -0.00908131 -0.0401996 -0.0132802 -0.00795972 -0.00864991 -0.0382365 -0.00447776 -0.0123676 0.00109461 -0.0188739 0.000350734 -0.0277941 7.486e-05 0.00184656
internal_weight=157237 69473 46979 22494 21065 20943 17977 12777 5200 19467 2966 13736 25914 1932 1598 546 5731 1052 1663 23982 22143 2824 1551 642 909 111 1839 340 87764 9450
internal_count=157237 69473 46979 22494 21065 20943 17977 12777 5200 19467 2966 13736 25914 1932 1598 546 5731 1052 1663 23982 22143 2824 1551 642 909 111 1839 340 87764 9450
is_linear=0
shrinkage=0.05


Tree=112
num_leaves=31
num_cat=0
split_feature=16 19 1 1 16 18 10 1 10 9 9 9 9 8 10 18 19 1 1 8 10 8 10 1 1 7 1 8 1 17
split_gain=3980.26 828.02 279.36 249.493 186.518 164.389 129.949 191.824 127.278 117.313 101.098 80.3993 67.8056 93.1875 66.348 72.9698 63.0658 61.2818 56.7563 55.0225 56.2697 37.2872 27.2759 68.8023 20.1667 27.6937 19.978 17.0144 13.3789 25.9295
threshold=1.0000000180025095e-35 3.2000000000000006 28.350000000000005 30.425000000000004 685.00000000000011 15.500000000000002 -0.49812626372919411 24.150000000000006 -0.79382744783423187 0.81925054981890411 0.99983759474438971 0.72695311118111527 -0.99275805973510278 278.50000000000006 0.28313308994381592 24.500000000000004 3.699999999999998 15.750000000000002 34.150000000000013 294.50000000000006 -0.88620506325989179 362.50000000000006 -0.94137724084408114 31.050000000000008 31.950000000000003 7.5000000000000009 29.333333333333339 170.50000000000003 17.550000000000004 18.500000000000004
decision_type=2 2 2 2 2 2 2 2 2 2 2 2 2 2 2 2 2 2 2 2 2 2 2 2 2 2 2 2 2 2
left_child=28 3 4 5 9 10 8 -8 -7 11 21 -3 13 18 15 -6 -11 -16 -4 20 -14 -2 23 27 -24 -26 -21 -5 29 -1
right_child=1 2 12 22 14 6 7 -9 -10 16 -12 -13 19 -15 17 -17 -18 -19 -20 26 -22 -23 24 -25 25 -27 -28 -29 -30 -31
leaf_value=-0.00086725544091328379 0 0 0 0 0 0 0 0 0 0 3.1992177361811484e-05 0 0 0 1.5996088680905742e-05 0 0 0 0 1.5996088680905742e-05 0 1.5996088680905742e-05 1.7724197984382573e-05 1.8657050509876539e-05 4.5891989746144754e-05 -0.00015160348272895858 -0.00022647654117933505 0 -0.00010150993252243668 0.024873380082755872
leaf_weight=5339 2775 12598 1533 239 368 2334 7459 5318 2866 624 142 1138 7464 269 70 178 5107 982 130 1024 14679 49 798 302 58 53 815 101 78314 4111
leaf_count=5339 2775 12598 1533 239 368 2334 7459 5318 2866 624 142 1138 7464 269 70 178 5107 982 130 1024 14679 49 798 302 58 53 815 101 78314 4111
internal_value=-0.00699781 -0.0159391 -0.0121619 -0.0238277 -0.0164384 -0.0252607 -0.0234614 -0.0207494 -0.030125 -0.0150904 -0.0361666 -0.0175976 -0.00868565 -0.0176967 -0.0328598 -0.0187179 -0.00908131 -0.0401996 -0.0132802 -0.00795972 -0.00864991 -0.0382365 -0.00447776 -0.0123676 0.00109461 -0.0188739 0.000350734 -0.0277941 7.99874e-05 0.00185714
internal_weight=157237 69473 46979 22494 21065 20943 17977 12777 5200 19467 2966 13736 25914 1932 1598 546 5731 1052 1663 23982 22143 2824 1551 642 909 111 1839 340 87764 9450
internal_count=157237 69473 46979 22494 21065 20943 17977 12777 5200 19467 2966 13736 25914 1932 1598 546 5731 1052 1663 23982 22143 2824 1551 642 909 111 1839 340 87764 9450
is_linear=0
shrinkage=0.05


Tree=113
num_leaves=31
num_cat=0
split_feature=16 19 1 1 16 18 10 1 10 9 9 9 9 8 10 18 19 1 1 8 10 8 10 1 1 7 1 8 1 17
split_gain=3978.28 828.02 279.36 249.493 186.518 164.389 129.949 191.824 127.278 117.313 101.098 80.3993 67.8056 93.1875 66.348 72.9698 63.0658 61.2818 56.7563 55.0225 56.2697 37.2872 27.2759 68.8023 20.1667 27.6937 19.978 17.0144 12.9113 34.201
threshold=1.0000000180025095e-35 3.2000000000000006 28.350000000000005 30.425000000000004 685.00000000000011 15.500000000000002 -0.49812626372919411 24.150000000000006 -0.79382744783423187 0.81925054981890411 0.99983759474438971 0.72695311118111527 -0.99275805973510278 278.50000000000006 0.28313308994381592 24.500000000000004 3.699999999999998 15.750000000000002 34.150000000000013 294.50000000000006 -0.88620506325989179 362.50000000000006 -0.94137724084408114 31.050000000000008 31.950000000000003 7.5000000000000009 29.333333333333339 170.50000000000003 20.825000000000006 28.500000000000004
decision_type=2 2 2 2 2 2 2 2 2 2 2 2 2 2 2 2 2 2 2 2 2 2 2 2 2 2 2 2 2 2
left_child=28 3 4 5 9 10 8 -8 -7 11 21 -3 13 18 15 -6 -11 -16 -4 20 -14 -2 23 27 -24 -26 -21 -5 -1 -30
right_child=1 2 12 22 14 6 7 -9 -10 16 -12 -13 19 -15 17 -17 -18 -19 -20 26 -22 -23 24 -25 25 -27 -28 -29 29 -31
leaf_value=0.0038012852112678979 0 0 0 0 0 0 0 0 0 0 3.0392568493721461e-05 0 0 0 1.5196284246860731e-05 0 0 0 0 1.5196284246860731e-05 0 1.5196284246860731e-05 1.683798808516379e-05 1.7724197984382573e-05 4.3597390258837829e-05 -0.00014402330859251064 -0.00021515271412036828 0 -0.0062226833795848095 0.0009023111365159789
leaf_weight=23164 2775 12598 1533 239 368 2334 7459 5318 2866 624 142 1138 7464 269 70 178 5107 982 130 1024 14679 49 798 302 58 53 815 101 22364 42236
leaf_count=23164 2775 12598 1533 239 368 2334 7459 5318 2866 624 142 1138 7464 269 70 178 5107 982 130 1024 14679 49 798 302 58 53 815 101 22364 42236
internal_value=-0.00700004 -0.0159391 -0.0121619 -0.0238277 -0.0164384 -0.0252607 -0.0234614 -0.0207494 -0.030125 -0.0150904 -0.0361666 -0.0175976 -0.00868565 -0.0176967 -0.0328598 -0.0187179 -0.00908131 -0.0401996 -0.0132802 -0.00795972 -0.00864991 -0.0382365 -0.00447776 -0.0123676 0.00109461 -0.0188739 0.000350734 -0.0277941 7.59995e-05 -0.000287152
internal_weight=157237 69473 46979 22494 21065 20943 17977 12777 5200 19467 2966 13736 25914 1932 1598 546 5731 1052 1663 23982 22143 2824 1551 642 909 111 1839 340 87764 64600
internal_count=157237 69473 46979 22494 21065 20943 17977 12777 5200 19467 2966 13736 25914 1932 1598 546 5731 1052 1663 23982 22143 2824 1551 642 909 111 1839 340 87764 64600
is_linear=0
shrinkage=0.05


Tree=114
num_leaves=31
num_cat=0
split_feature=16 19 1 1 16 18 10 1 10 9 9 9 9 8 10 18 19 1 1 8 10 8 10 1 1 7 1 8 9 9
split_gain=3981.11 828.02 279.36 249.493 186.518 164.389 129.949 191.824 127.278 117.313 101.098 80.3993 67.8056 93.1875 66.348 72.9698 63.0658 61.2818 56.7563 55.0225 56.2697 37.2872 27.2759 68.8023 20.1667 27.6937 19.978 17.0144 14.5678 24.2787
threshold=1.0000000180025095e-35 3.2000000000000006 28.350000000000005 30.425000000000004 685.00000000000011 15.500000000000002 -0.49812626372919411 24.150000000000006 -0.79382744783423187 0.81925054981890411 0.99983759474438971 0.72695311118111527 -0.99275805973510278 278.50000000000006 0.28313308994381592 24.500000000000004 3.699999999999998 15.750000000000002 34.150000000000013 294.50000000000006 -0.88620506325989179 362.50000000000006 -0.94137724084408114 31.050000000000008 31.950000000000003 7.5000000000000009 29.333333333333339 170.50000000000003 0.63920241694561786 0.14250626876356556
decision_type=2 2 2 2 2 2 2 2 2 2 2 2 2 2 2 2 2 2 2 2 2 2 2 2 2 2 2 2 2 2
left_child=28 3 4 5 9 10 8 -8 -7 11 21 -3 13 18 15 -6 -11 -16 -4 20 -14 -2 23 27 -24 -26 -21 -5 29 -1
right_child=1 2 12 22 14 6 7 -9 -10 16 -12 -13 19 -15 17 -17 -18 -19 -20 26 -22 -23 24 -25 25 -27 -28 -29 -30 -31
leaf_value=0.00066815012035099659 0 0 0 0 0 0 0 0 0 0 2.8872940069035735e-05 0 0 0 1.4436470034517868e-05 0 0 0 0 1.4436470034517868e-05 0 1.4436470034517868e-05 1.5996088680905742e-05 1.683798808516379e-05 4.1417520745896247e-05 -0.00013682214316288512 -0.00020439507841434987 0 0.0033060614249665558 -0.0049313912383475728
leaf_weight=48683 2775 12598 1533 239 368 2334 7459 5318 2866 624 142 1138 7464 269 70 178 5107 982 130 1024 14679 49 798 302 58 53 815 101 23719 15362
leaf_count=48683 2775 12598 1533 239 368 2334 7459 5318 2866 624 142 1138 7464 269 70 178 5107 982 130 1024 14679 49 798 302 58 53 815 101 23719 15362
internal_value=-0.00699686 -0.0159391 -0.0121619 -0.0238277 -0.0164384 -0.0252607 -0.0234614 -0.0207494 -0.030125 -0.0150904 -0.0361666 -0.0175976 -0.00868565 -0.0176967 -0.0328598 -0.0187179 -0.00908131 -0.0401996 -0.0132802 -0.00795972 -0.00864991 -0.0382365 -0.00447776 -0.0123676 0.00109461 -0.0188739 0.000350734 -0.0277941 8.16966e-05 -0.000310328
internal_weight=157237 69473 46979 22494 21065 20943 17977 12777 5200 19467 2966 13736 25914 1932 1598 546 5731 1052 1663 23982 22143 2824 1551 642 909 111 1839 340 87764 64045
internal_count=157237 69473 46979 22494 21065 20943 17977 12777 5200 19467 2966 13736 25914 1932 1598 546 5731 1052 1663 23982 22143 2824 1551 642 909 111 1839 340 87764 64045
is_linear=0
shrinkage=0.05


Tree=115
num_leaves=31
num_cat=0
split_feature=16 19 1 1 16 18 10 1 10 9 9 9 9 8 10 18 19 1 1 8 10 8 10 1 1 7 1 8 9 18
split_gain=3980.54 828.02 279.36 249.493 186.518 164.389 129.949 191.824 127.278 117.313 101.098 80.3993 67.8056 93.1875 66.348 72.9698 63.0658 61.2818 56.7563 55.0225 56.2697 37.2872 27.2759 68.8023 20.1667 27.6937 19.978 17.0144 13.3492 23.3355
threshold=1.0000000180025095e-35 3.2000000000000006 28.350000000000005 30.425000000000004 685.00000000000011 15.500000000000002 -0.49812626372919411 24.150000000000006 -0.79382744783423187 0.81925054981890411 0.99983759474438971 0.72695311118111527 -0.99275805973510278 278.50000000000006 0.28313308994381592 24.500000000000004 3.699999999999998 15.750000000000002 34.150000000000013 294.50000000000006 -0.88620506325989179 362.50000000000006 -0.94137724084408114 31.050000000000008 31.950000000000003 7.5000000000000009 29.333333333333339 170.50000000000003 0.63920241694561786 22.500000000000004
decision_type=2 2 2 2 2 2 2 2 2 2 2 2 2 2 2 2 2 2 2 2 2 2 2 2 2 2 2 2 2 2
left_child=28 3 4 5 9 10 8 -8 -7 11 21 -3 13 18 15 -6 -11 -16 -4 20 -14 -2 23 27 -24 -26 -21 -5 -1 -30
right_child=1 2 12 22 14 6 7 -9 -10 16 -12 -13 19 -15 17 -17 -18 -19 -20 26 -22 -23 24 -25 25 -27 -28 -29 29 -31
leaf_value=-0.00020788172876295508 0 0 0 0 0 0 0 0 0 0 2.7429293065583951e-05 0 0 0 1.3714646532791976e-05 0 0 0 0 1.3714646532791976e-05 0 1.3714646532791976e-05 1.5196284246860731e-05 1.5996088680905742e-05 3.9346644708601608e-05 -0.00012998103600474087 -0.00019417532449363237 0 0.0068319042296158816 -0.0036762513804254808
leaf_weight=64045 2775 12598 1533 239 368 2334 7459 5318 2866 624 142 1138 7464 269 70 178 5107 982 130 1024 14679 49 798 302 58 53 815 101 15079 8640
leaf_count=64045 2775 12598 1533 239 368 2334 7459 5318 2866 624 142 1138 7464 269 70 178 5107 982 130 1024 14679 49 798 302 58 53 815 101 15079 8640
internal_value=-0.00699749 -0.0159391 -0.0121619 -0.0238277 -0.0164384 -0.0252607 -0.0234614 -0.0207494 -0.030125 -0.0150904 -0.0361666 -0.0175976 -0.00868565 -0.0176967 -0.0328598 -0.0187179 -0.00908131 -0.0401996 -0.0132802 -0.00795972 -0.00864991 -0.0382365 -0.00447776 -0.0123676 0.00109461 -0.0188739 0.000350734 -0.0277941 8.05571e-05 0.00109385
internal_weight=157237 69473 46979 22494 21065 20943 17977 12777 5200 19467 2966 13736 25914 1932 1598 546 5731 1052 1663 23982 22143 2824 1551 642 909 111 1839 340 87764 23719
internal_count=157237 69473 46979 22494 21065 20943 17977 12777 5200 19467 2966 13736 25914 1932 1598 546 5731 1052 1663 23982 22143 2824 1551 642 909 111 1839 340 87764 23719
is_linear=0
shrinkage=0.05


Tree=116
num_leaves=31
num_cat=0
split_feature=16 19 1 1 16 18 10 1 10 9 9 9 9 8 10 18 19 1 1 8 10 8 10 1 1 7 1 8 17 0
split_gain=3969.23 828.02 279.36 249.493 186.518 164.389 129.949 191.824 127.278 117.313 101.098 80.3993 67.8056 93.1875 66.348 72.9698 63.0658 61.2818 56.7563 55.0225 56.2697 37.2872 27.2759 68.8023 20.1667 27.6937 19.978 17.0144 12.8322 23.8117
threshold=1.0000000180025095e-35 3.2000000000000006 28.350000000000005 30.425000000000004 685.00000000000011 15.500000000000002 -0.49812626372919411 24.150000000000006 -0.79382744783423187 0.81925054981890411 0.99983759474438971 0.72695311118111527 -0.99275805973510278 278.50000000000006 0.28313308994381592 24.500000000000004 3.699999999999998 15.750000000000002 34.150000000000013 294.50000000000006 -0.88620506325989179 362.50000000000006 -0.94137724084408114 31.050000000000008 31.950000000000003 7.5000000000000009 29.333333333333339 170.50000000000003 33.500000000000007 31.525000000000006
decision_type=2 2 2 2 2 2 2 2 2 2 2 2 2 2 2 2 2 2 2 2 2 2 2 2 2 2 2 2 2 2
left_child=28 3 4 5 9 10 8 -8 -7 11 21 -3 13 18 15 -6 -11 -16 -4 20 -14 -2 23 27 -24 -26 -21 -5 -1 -30
right_child=1 2 12 22 14 6 7 -9 -10 16 -12 -13 19 -15 17 -17 -18 -19 -20 26 -22 -23 24 -25 25 -27 -28 -29 29 -31
leaf_value=-0.00012375180843597901 0 0 0 0 0 0 0 0 0 0 2.6057828412304197e-05 0 0 0 1.3028914206152098e-05 0 0 0 0 1.3028914206152098e-05 0 1.3028914206152098e-05 1.4436470034517868e-05 1.5196284246860731e-05 3.7379312473171533e-05 -0.00012348198420450383 -0.00018446655826895075 0 0.019991413464824997 -0.0038115756974112856
leaf_weight=81474 2775 12598 1533 239 368 2334 7459 5318 2866 624 142 1138 7464 269 70 178 5107 982 130 1024 14679 49 798 302 58 53 815 101 4612 1678
leaf_count=81474 2775 12598 1533 239 368 2334 7459 5318 2866 624 142 1138 7464 269 70 178 5107 982 130 1024 14679 49 798 302 58 53 815 101 4612 1678
internal_value=-0.00701021 -0.0159391 -0.0121619 -0.0238277 -0.0164384 -0.0252607 -0.0234614 -0.0207494 -0.030125 -0.0150904 -0.0361666 -0.0175976 -0.00868565 -0.0176967 -0.0328598 -0.0187179 -0.00908131 -0.0401996 -0.0132802 -0.00795972 -0.00864991 -0.0382365 -0.00447776 -0.0123676 0.00109461 -0.0188739 0.000350734 -0.0277941 5.77687e-05 0.0022337
internal_weight=157237 69473 46979 22494 21065 20943 17977 12777 5200 19467 2966 13736 25914 1932 1598 546 5731 1052 1663 23982 22143 2824 1551 642 909 111 1839 340 87764 6290
internal_count=157237 69473 46979 22494 21065 20943 17977 12777 5200 19467 2966 13736 25914 1932 1598 546 5731 1052 1663 23982 22143 2824 1551 642 909 111 1839 340 87764 6290
is_linear=0
shrinkage=0.05


Tree=117
num_leaves=31
num_cat=0
split_feature=16 19 1 1 16 18 10 1 10 9 9 9 9 8 10 18 19 1 1 8 10 8 10 1 1 7 1 8 17 1
split_gain=3971.49 828.02 279.36 249.493 186.518 164.389 129.949 191.824 127.278 117.313 101.098 80.3993 67.8056 93.1875 66.348 72.9698 63.0658 61.2818 56.7563 55.0225 56.2697 37.2872 27.2759 68.8023 20.1667 27.6937 19.978 17.0144 13.4418 22.8133
threshold=1.0000000180025095e-35 3.2000000000000006 28.350000000000005 30.425000000000004 685.00000000000011 15.500000000000002 -0.49812626372919411 24.150000000000006 -0.79382744783423187 0.81925054981890411 0.99983759474438971 0.72695311118111527 -0.99275805973510278 278.50000000000006 0.28313308994381592 24.500000000000004 3.699999999999998 15.750000000000002 34.150000000000013 294.50000000000006 -0.88620506325989179 362.50000000000006 -0.94137724084408114 31.050000000000008 31.950000000000003 7.5000000000000009 29.333333333333339 170.50000000000003 33.500000000000007 31.950000000000003
decision_type=2 2 2 2 2 2 2 2 2 2 2 2 2 2 2 2 2 2 2 2 2 2 2 2 2 2 2 2 2 2
left_child=28 3 4 5 9 10 8 -8 -7 11 21 -3 13 18 15 -6 -11 -16 -4 20 -14 -2 23 27 -24 -26 -21 -5 -1 -30
right_child=1 2 12 22 14 6 7 -9 -10 16 -12 -13 19 -15 17 -17 -18 -19 -20 26 -22 -23 24 -25 25 -27 -28 -29 29 -31
leaf_value=-0.00011756421801418783 0 0 0 0 0 0 0 0 0 0 2.4754936991688849e-05 0 0 0 1.2377468495844424e-05 0 0 0 0 1.2377468495844424e-05 0 1.2377468495844424e-05 1.3714646532791976e-05 1.4436470034517868e-05 3.5510346849512711e-05 -0.00011730788499427863 -0.0001752432303555032 0 0.018407377818826311 -0.0040970360372374233
leaf_weight=81474 2775 12598 1533 239 368 2334 7459 5318 2866 624 142 1138 7464 269 70 178 5107 982 130 1024 14679 49 798 302 58 53 815 101 4743 1547
leaf_count=81474 2775 12598 1533 239 368 2334 7459 5318 2866 624 142 1138 7464 269 70 178 5107 982 130 1024 14679 49 798 302 58 53 815 101 4743 1547
internal_value=-0.00700767 -0.0159391 -0.0121619 -0.0238277 -0.0164384 -0.0252607 -0.0234614 -0.0207494 -0.030125 -0.0150904 -0.0361666 -0.0175976 -0.00868565 -0.0176967 -0.0328598 -0.0187179 -0.00908131 -0.0401996 -0.0132802 -0.00795972 -0.00864991 -0.0382365 -0.00447776 -0.0123676 0.00109461 -0.0188739 0.000350734 -0.0277941 6.23264e-05 0.00228935
internal_weight=157237 69473 46979 22494 21065 20943 17977 12777 5200 19467 2966 13736 25914 1932 1598 546 5731 1052 1663 23982 22143 2824 1551 642 909 111 1839 340 87764 6290
internal_count=157237 69473 46979 22494 21065 20943 17977 12777 5200 19467 2966 13736 25914 1932 1598 546 5731 1052 1663 23982 22143 2824 1551 642 909 111 1839 340 87764 6290
is_linear=0
shrinkage=0.05


Tree=118
num_leaves=31
num_cat=0
split_feature=16 19 1 1 16 18 10 1 10 9 9 9 9 8 10 18 19 1 1 8 10 8 10 1 1 7 1 8 10 8
split_gain=3929.75 828.02 279.36 249.493 186.518 164.389 129.949 191.824 127.278 117.313 101.098 80.3993 67.8056 93.1875 66.348 72.9698 63.0658 61.2818 56.7563 55.0225 56.2697 37.2872 27.2759 68.8023 20.1667 27.6937 19.978 17.0144 15.36 28.105
threshold=1.0000000180025095e-35 3.2000000000000006 28.350000000000005 30.425000000000004 685.00000000000011 15.500000000000002 -0.49812626372919411 24.150000000000006 -0.79382744783423187 0.81925054981890411 0.99983759474438971 0.72695311118111527 -0.99275805973510278 278.50000000000006 0.28313308994381592 24.500000000000004 3.699999999999998 15.750000000000002 34.150000000000013 294.50000000000006 -0.88620506325989179 362.50000000000006 -0.94137724084408114 31.050000000000008 31.950000000000003 7.5000000000000009 29.333333333333339 170.50000000000003 -0.6391983530350368 223.50000000000003
decision_type=2 2 2 2 2 2 2 2 2 2 2 2 2 2 2 2 2 2 2 2 2 2 2 2 2 2 2 2 2 2
left_child=28 3 4 5 9 10 8 -8 -7 11 21 -3 13 18 15 -6 -11 -16 -4 20 -14 -2 23 27 -24 -26 -21 -5 29 -1
right_child=1 2 12 22 14 6 7 -9 -10 16 -12 -13 19 -15 17 -17 -18 -19 -20 26 -22 -23 24 -25 25 -27 -28 -29 -30 -31
leaf_value=-0.0006146021039878047 0 0 0 0 0 0 0 0 0 0 2.3517190142104127e-05 0 0 0 1.1758595071052064e-05 0 0 0 0 1.1758595071052064e-05 0 1.1758595071052064e-05 1.3028914206152098e-05 1.3714646532791976e-05 3.3734829507037216e-05 -0.0001114424907445647 -0.00016648106883772806 0 0.0010988955002106612 -0.014115461712559917
leaf_weight=22670 2775 12598 1533 239 368 2334 7459 5318 2866 624 142 1138 7464 269 70 178 5107 982 130 1024 14679 49 798 302 58 53 815 101 62605 2489
leaf_count=22670 2775 12598 1533 239 368 2334 7459 5318 2866 624 142 1138 7464 269 70 178 5107 982 130 1024 14679 49 798 302 58 53 815 101 62605 2489
internal_value=-0.00705473 -0.0159391 -0.0121619 -0.0238277 -0.0164384 -0.0252607 -0.0234614 -0.0207494 -0.030125 -0.0150904 -0.0361666 -0.0175976 -0.00868565 -0.0176967 -0.0328598 -0.0187179 -0.00908131 -0.0401996 -0.0132802 -0.00795972 -0.00864991 -0.0382365 -0.00447776 -0.0123676 0.00109461 -0.0188739 0.000350734 -0.0277941 -2.19906e-05 -0.00106542
internal_weight=157237 69473 46979 22494 21065 20943 17977 12777 5200 19467 2966 13736 25914 1932 1598 546 5731 1052 1663 23982 22143 2824 1551 642 909 111 1839 340 87764 25159
internal_count=157237 69473 46979 22494 21065 20943 17977 12777 5200 19467 2966 13736 25914 1932 1598 546 5731 1052 1663 23982 22143 2824 1551 642 909 111 1839 340 87764 25159
is_linear=0
shrinkage=0.05


Tree=119
num_leaves=31
num_cat=0
split_feature=16 19 1 1 16 18 10 1 10 9 9 9 9 8 10 18 19 1 1 8 10 8 10 1 1 7 1 8 1 17
split_gain=3956.23 828.02 279.36 249.493 186.518 164.389 129.949 191.824 127.278 117.313 101.098 80.3993 67.8056 93.1875 66.348 72.9698 63.0658 61.2818 56.7563 55.0225 56.2697 37.2872 27.2759 68.8023 20.1667 27.6937 19.978 17.0144 13.2206 30.9294
threshold=1.0000000180025095e-35 3.2000000000000006 28.350000000000005 30.425000000000004 685.00000000000011 15.500000000000002 -0.49812626372919411 24.150000000000006 -0.79382744783423187 0.81925054981890411 0.99983759474438971 0.72695311118111527 -0.99275805973510278 278.50000000000006 0.28313308994381592 24.500000000000004 3.699999999999998 15.750000000000002 34.150000000000013 294.50000000000006 -0.88620506325989179 362.50000000000006 -0.94137724084408114 31.050000000000008 31.950000000000003 7.5000000000000009 29.333333333333339 170.50000000000003 20.825000000000006 20.500000000000004
decision_type=2 2 2 2 2 2 2 2 2 2 2 2 2 2 2 2 2 2 2 2 2 2 2 2 2 2 2 2 2 2
left_child=28 3 4 5 9 10 8 -8 -7 11 21 -3 13 18 15 -6 -11 -16 -4 20 -14 -2 23 27 -24 -26 -21 -5 29 -1
right_child=1 2 12 22 14 6 7 -9 -10 16 -12 -13 19 -15 17 -17 -18 -19 -20 26 -22 -23 24 -25 25 -27 -28 -29 -30 -31
leaf_value=-0.0011373290261280867 0 0 0 0 0 0 0 0 0 0 2.234133063499927e-05 0 0 0 1.1170665317499635e-05 0 0 0 0 1.1170665317499635e-05 0 1.1170665317499635e-05 1.2377468495844424e-05 1.3028914206152098e-05 3.2048088031685215e-05 -0.00010587036620733647 -0.00015815701539584164 0 -0.00037285755765030797 0.02082362449968822
leaf_weight=12280 2775 12598 1533 239 368 2334 7459 5318 2866 624 142 1138 7464 269 70 178 5107 982 130 1024 14679 49 798 302 58 53 815 101 64600 10884
leaf_count=12280 2775 12598 1533 239 368 2334 7459 5318 2866 624 142 1138 7464 269 70 178 5107 982 130 1024 14679 49 798 302 58 53 815 101 64600 10884
internal_value=-0.00702484 -0.0159391 -0.0121619 -0.0238277 -0.0164384 -0.0252607 -0.0234614 -0.0207494 -0.030125 -0.0150904 -0.0361666 -0.0175976 -0.00868565 -0.0176967 -0.0328598 -0.0187179 -0.00908131 -0.0401996 -0.0132802 -0.00795972 -0.00864991 -0.0382365 -0.00447776 -0.0123676 0.00109461 -0.0188739 0.000350734 -0.0277941 3.15621e-05 0.00105638
internal_weight=157237 69473 46979 22494 21065 20943 17977 12777 5200 19467 2966 13736 25914 1932 1598 546 5731 1052 1663 23982 22143 2824 1551 642 909 111 1839 340 87764 23164
internal_count=157237 69473 46979 22494 21065 20943 17977 12777 5200 19467 2966 13736 25914 1932 1598 546 5731 1052 1663 23982 22143 2824 1551 642 909 111 1839 340 87764 23164
is_linear=0
shrinkage=0.05


Tree=120
num_leaves=31
num_cat=0
split_feature=16 19 1 1 16 18 10 1 10 9 9 9 9 8 10 18 19 1 1 8 10 8 10 1 1 7 1 8 1 17
split_gain=3957.93 828.02 279.36 249.493 186.518 164.389 129.949 191.824 127.278 117.313 101.098 80.3993 67.8056 93.1875 66.348 72.9698 63.0658 61.2818 56.7563 55.0225 56.2697 37.2872 27.2759 68.8023 20.1667 27.6937 19.978 17.0144 13.0233 25.2275
threshold=1.0000000180025095e-35 3.2000000000000006 28.350000000000005 30.425000000000004 685.00000000000011 15.500000000000002 -0.49812626372919411 24.150000000000006 -0.79382744783423187 0.81925054981890411 0.99983759474438971 0.72695311118111527 -0.99275805973510278 278.50000000000006 0.28313308994381592 24.500000000000004 3.699999999999998 15.750000000000002 34.150000000000013 294.50000000000006 -0.88620506325989179 362.50000000000006 -0.94137724084408114 31.050000000000008 31.950000000000003 7.5000000000000009 29.333333333333339 170.50000000000003 17.550000000000004 18.500000000000004
decision_type=2 2 2 2 2 2 2 2 2 2 2 2 2 2 2 2 2 2 2 2 2 2 2 2 2 2 2 2 2 2
left_child=28 3 4 5 9 10 8 -8 -7 11 21 -3 13 18 15 -6 -11 -16 -4 20 -14 -2 23 27 -24 -26 -21 -5 29 -1
right_child=1 2 12 22 14 6 7 -9 -10 16 -12 -13 19 -15 17 -17 -18 -19 -20 26 -22 -23 24 -25 25 -27 -28 -29 -30 -31
leaf_value=-0.0010229828713920308 0 0 0 0 0 0 0 0 0 0 2.1224264103249238e-05 0 0 0 1.0612132051624619e-05 0 0 0 0 1.0612132051624619e-05 0 1.0612132051624619e-05 1.1758595071052064e-05 1.2377468495844424e-05 3.0445683630100917e-05 -0.00010057684789696966 -0.00015024916462604956 0 -0.00018734669574677 0.023430620876093669
leaf_weight=5339 2775 12598 1533 239 368 2334 7459 5318 2866 624 142 1138 7464 269 70 178 5107 982 130 1024 14679 49 798 302 58 53 815 101 78314 4111
leaf_count=5339 2775 12598 1533 239 368 2334 7459 5318 2866 624 142 1138 7464 269 70 178 5107 982 130 1024 14679 49 798 302 58 53 815 101 78314 4111
internal_value=-0.00702293 -0.0159391 -0.0121619 -0.0238277 -0.0164384 -0.0252607 -0.0234614 -0.0207494 -0.030125 -0.0150904 -0.0361666 -0.0175976 -0.00868565 -0.0176967 -0.0328598 -0.0187179 -0.00908131 -0.0401996 -0.0132802 -0.00795972 -0.00864991 -0.0382365 -0.00447776 -0.0123676 0.00109461 -0.0188739 0.000350734 -0.0277941 3.49804e-05 0.00178836
internal_weight=157237 69473 46979 22494 21065 20943 17977 12777 5200 19467 2966 13736 25914 1932 1598 546 5731 1052 1663 23982 22143 2824 1551 642 909 111 1839 340 87764 9450
internal_count=157237 69473 46979 22494 21065 20943 17977 12777 5200 19467 2966 13736 25914 1932 1598 546 5731 1052 1663 23982 22143 2824 1551 642 909 111 1839 340 87764 9450
is_linear=0
shrinkage=0.05


Tree=121
num_leaves=31
num_cat=0
split_feature=16 19 1 1 16 18 10 1 10 9 9 9 9 8 10 18 19 1 1 8 10 8 10 1 1 7 1 8 1 17
split_gain=3957.93 828.02 279.36 249.493 186.518 164.389 129.949 191.824 127.278 117.313 101.098 80.3993 67.8056 93.1875 66.348 72.9698 63.0658 61.2818 56.7563 55.0225 56.2697 37.2872 27.2759 68.8023 20.1667 27.6937 19.978 17.0144 12.7886 24.8755
threshold=1.0000000180025095e-35 3.2000000000000006 28.350000000000005 30.425000000000004 685.00000000000011 15.500000000000002 -0.49812626372919411 24.150000000000006 -0.79382744783423187 0.81925054981890411 0.99983759474438971 0.72695311118111527 -0.99275805973510278 278.50000000000006 0.28313308994381592 24.500000000000004 3.699999999999998 15.750000000000002 34.150000000000013 294.50000000000006 -0.88620506325989179 362.50000000000006 -0.94137724084408114 31.050000000000008 31.950000000000003 7.5000000000000009 29.333333333333339 170.50000000000003 17.550000000000004 18.500000000000004
decision_type=2 2 2 2 2 2 2 2 2 2 2 2 2 2 2 2 2 2 2 2 2 2 2 2 2 2 2 2 2 2
left_child=28 3 4 5 9 10 8 -8 -7 11 21 -3 13 18 15 -6 -11 -16 -4 20 -14 -2 23 27 -24 -26 -21 -5 29 -1
right_child=1 2 12 22 14 6 7 -9 -10 16 -12 -13 19 -15 17 -17 -18 -19 -20 26 -22 -23 24 -25 25 -27 -28 -29 -30 -31
leaf_value=-0.00097183372782242436 0 0 0 0 0 0 0 0 0 0 2.0163050898086567e-05 0 0 0 1.0081525449043284e-05 0 0 0 0 1.0081525449043284e-05 0 1.0081525449043284e-05 1.1170665317499635e-05 1.1758595071052064e-05 2.8923399448595871e-05 -9.554800550212118e-05 -0.00014273670639474708 0 -0.00017797936095943228 0.022259089832288984
leaf_weight=5339 2775 12598 1533 239 368 2334 7459 5318 2866 624 142 1138 7464 269 70 178 5107 982 130 1024 14679 49 798 302 58 53 815 101 78314 4111
leaf_count=5339 2775 12598 1533 239 368 2334 7459 5318 2866 624 142 1138 7464 269 70 178 5107 982 130 1024 14679 49 798 302 58 53 815 101 78314 4111
internal_value=-0.00702293 -0.0159391 -0.0121619 -0.0238277 -0.0164384 -0.0252607 -0.0234614 -0.0207494 -0.030125 -0.0150904 -0.0361666 -0.0175976 -0.00868565 -0.0176967 -0.0328598 -0.0187179 -0.00908131 -0.0401996 -0.0132802 -0.00795972 -0.00864991 -0.0382365 -0.00447776 -0.0123676 0.00109461 -0.0188739 0.000350734 -0.0277941 3.49804e-05 0.00177249
internal_weight=157237 69473 46979 22494 21065 20943 17977 12777 5200 19467 2966 13736 25914 1932 1598 546 5731 1052 1663 23982 22143 2824 1551 642 909 111 1839 340 87764 9450
internal_count=157237 69473 46979 22494 21065 20943 17977 12777 5200 19467 2966 13736 25914 1932 1598 546 5731 1052 1663 23982 22143 2824 1551 642 909 111 1839 340 87764 9450
is_linear=0
shrinkage=0.05


Tree=122
num_leaves=31
num_cat=0
split_feature=16 19 1 1 16 18 10 1 10 9 9 9 9 8 10 18 19 1 1 8 10 8 10 1 1 7 1 8 1 18
split_gain=3959.06 828.02 279.36 249.493 186.518 164.389 129.949 191.824 127.278 117.313 101.098 80.3993 67.8056 93.1875 66.348 72.9698 63.0658 61.2818 56.7563 55.0225 56.2697 37.2872 27.2759 68.8023 20.1667 27.6937 19.978 17.0144 12.9111 24.5013
threshold=1.0000000180025095e-35 3.2000000000000006 28.350000000000005 30.425000000000004 685.00000000000011 15.500000000000002 -0.49812626372919411 24.150000000000006 -0.79382744783423187 0.81925054981890411 0.99983759474438971 0.72695311118111527 -0.99275805973510278 278.50000000000006 0.28313308994381592 24.500000000000004 3.699999999999998 15.750000000000002 34.150000000000013 294.50000000000006 -0.88620506325989179 362.50000000000006 -0.94137724084408114 31.050000000000008 31.950000000000003 7.5000000000000009 29.333333333333339 170.50000000000003 17.550000000000004 15.500000000000002
decision_type=2 2 2 2 2 2 2 2 2 2 2 2 2 2 2 2 2 2 2 2 2 2 2 2 2 2 2 2 2 2
left_child=28 3 4 5 9 10 8 -8 -7 11 21 -3 13 18 15 -6 -11 -16 -4 20 -14 -2 23 27 -24 -26 -21 -5 -1 -30
right_child=1 2 12 22 14 6 7 -9 -10 16 -12 -13 19 -15 17 -17 -18 -19 -20 26 -22 -23 24 -25 25 -27 -28 -29 29 -31
leaf_value=0.0069427299984986387 0 0 0 0 0 0 0 0 0 0 1.9154898353182517e-05 0 0 0 9.5774491765912583e-06 0 0 0 0 9.5774491765912583e-06 0 9.5774491765912583e-06 1.0612132051624619e-05 1.1170665317499635e-05 2.7477229476165905e-05 -9.0770605227015125e-05 -0.00013559987107500973 0 -0.012856566611015403 -4.6176744483779298e-05
leaf_weight=9450 2775 12598 1533 239 368 2334 7459 5318 2866 624 142 1138 7464 269 70 178 5107 982 130 1024 14679 49 798 302 58 53 815 101 2459 75855
leaf_count=9450 2775 12598 1533 239 368 2334 7459 5318 2866 624 142 1138 7464 269 70 178 5107 982 130 1024 14679 49 798 302 58 53 815 101 2459 75855
internal_value=-0.00702166 -0.0159391 -0.0121619 -0.0238277 -0.0164384 -0.0252607 -0.0234614 -0.0207494 -0.030125 -0.0150904 -0.0361666 -0.0175976 -0.00868565 -0.0176967 -0.0328598 -0.0187179 -0.00908131 -0.0401996 -0.0132802 -0.00795972 -0.00864991 -0.0382365 -0.00447776 -0.0123676 0.00109461 -0.0188739 0.000350734 -0.0277941 3.72592e-05 -0.000173404
internal_weight=157237 69473 46979 22494 21065 20943 17977 12777 5200 19467 2966 13736 25914 1932 1598 546 5731 1052 1663 23982 22143 2824 1551 642 909 111 1839 340 87764 78314
internal_count=157237 69473 46979 22494 21065 20943 17977 12777 5200 19467 2966 13736 25914 1932 1598 546 5731 1052 1663 23982 22143 2824 1551 642 909 111 1839 340 87764 78314
is_linear=0
shrinkage=0.05


Tree=123
num_leaves=31
num_cat=0
split_feature=16 19 1 1 16 18 10 1 10 9 9 9 9 8 10 18 19 1 1 8 10 8 10 1 1 7 1 8 1 17
split_gain=3966.97 828.02 279.36 249.493 186.518 164.389 129.949 191.824 127.278 117.313 101.098 80.3993 67.8056 93.1875 66.348 72.9698 63.0658 61.2818 56.7563 55.0225 56.2697 37.2872 27.2759 68.8023 20.1667 27.6937 19.978 17.0144 13.5552 29.5899
threshold=1.0000000180025095e-35 3.2000000000000006 28.350000000000005 30.425000000000004 685.00000000000011 15.500000000000002 -0.49812626372919411 24.150000000000006 -0.79382744783423187 0.81925054981890411 0.99983759474438971 0.72695311118111527 -0.99275805973510278 278.50000000000006 0.28313308994381592 24.500000000000004 3.699999999999998 15.750000000000002 34.150000000000013 294.50000000000006 -0.88620506325989179 362.50000000000006 -0.94137724084408114 31.050000000000008 31.950000000000003 7.5000000000000009 29.333333333333339 170.50000000000003 20.825000000000006 26.500000000000004
decision_type=2 2 2 2 2 2 2 2 2 2 2 2 2 2 2 2 2 2 2 2 2 2 2 2 2 2 2 2 2 2
left_child=28 3 4 5 9 10 8 -8 -7 11 21 -3 13 18 15 -6 -11 -16 -4 20 -14 -2 23 27 -24 -26 -21 -5 -1 -30
right_child=1 2 12 22 14 6 7 -9 -10 16 -12 -13 19 -15 17 -17 -18 -19 -20 26 -22 -23 24 -25 25 -27 -28 -29 29 -31
leaf_value=0.0034179091798952122 0 0 0 0 0 0 0 0 0 0 1.8197153435522973e-05 0 0 0 9.0985767177614866e-06 0 0 0 0 9.0985767177614866e-06 0 9.0985767177614866e-06 1.0081525449043284e-05 1.0612132051624619e-05 2.6103368002357297e-05 -8.623207496566437e-05 -0.00012881987752125926 0 -0.010037518011996573 0.00042677228467707246
leaf_weight=23164 2775 12598 1533 239 368 2334 7459 5318 2866 624 142 1138 7464 269 70 178 5107 982 130 1024 14679 49 798 302 58 53 815 101 12509 52091
leaf_count=23164 2775 12598 1533 239 368 2334 7459 5318 2866 624 142 1138 7464 269 70 178 5107 982 130 1024 14679 49 798 302 58 53 815 101 12509 52091
internal_value=-0.00701276 -0.0159391 -0.0121619 -0.0238277 -0.0164384 -0.0252607 -0.0234614 -0.0207494 -0.030125 -0.0150904 -0.0361666 -0.0175976 -0.00868565 -0.0176967 -0.0328598 -0.0187179 -0.00908131 -0.0401996 -0.0132802 -0.00795972 -0.00864991 -0.0382365 -0.00447776 -0.0123676 0.00109461 -0.0188739 0.000350734 -0.0277941 5.32111e-05 -0.000318885
internal_weight=157237 69473 46979 22494 21065 20943 17977 12777 5200 19467 2966 13736 25914 1932 1598 546 5731 1052 1663 23982 22143 2824 1551 642 909 111 1839 340 87764 64600
internal_count=157237 69473 46979 22494 21065 20943 17977 12777 5200 19467 2966 13736 25914 1932 1598 546 5731 1052 1663 23982 22143 2824 1551 642 909 111 1839 340 87764 64600
is_linear=0
shrinkage=0.05


Tree=124
num_leaves=31
num_cat=0
split_feature=16 19 1 1 16 18 10 1 10 9 9 9 9 8 10 18 19 1 1 8 10 8 10 1 1 7 1 8 9 18
split_gain=3969.51 828.02 279.36 249.493 186.518 164.389 129.949 191.824 127.278 117.313 101.098 80.3993 67.8056 93.1875 66.348 72.9698 63.0658 61.2818 56.7563 55.0225 56.2697 37.2872 27.2759 68.8023 20.1667 27.6937 19.978 17.0144 12.1839 20.5978
threshold=1.0000000180025095e-35 3.2000000000000006 28.350000000000005 30.425000000000004 685.00000000000011 15.500000000000002 -0.49812626372919411 24.150000000000006 -0.79382744783423187 0.81925054981890411 0.99983759474438971 0.72695311118111527 -0.99275805973510278 278.50000000000006 0.28313308994381592 24.500000000000004 3.699999999999998 15.750000000000002 34.150000000000013 294.50000000000006 -0.88620506325989179 362.50000000000006 -0.94137724084408114 31.050000000000008 31.950000000000003 7.5000000000000009 29.333333333333339 170.50000000000003 0.63920241694561786 22.500000000000004
decision_type=2 2 2 2 2 2 2 2 2 2 2 2 2 2 2 2 2 2 2 2 2 2 2 2 2 2 2 2 2 2
left_child=28 3 4 5 9 10 8 -8 -7 11 21 -3 13 18 15 -6 -11 -16 -4 20 -14 -2 23 27 -24 -26 -21 -5 -1 -30
right_child=1 2 12 22 14 6 7 -9 -10 16 -12 -13 19 -15 17 -17 -18 -19 -20 26 -22 -23 24 -25 25 -27 -28 -29 29 -31
leaf_value=-0.00035497815394215372 0 0 0 0 0 0 0 0 0 0 1.7287295763747378e-05 0 0 0 8.6436478818736891e-06 0 0 0 0 8.6436478818736891e-06 0 8.6436478818736891e-06 9.5774491765912583e-06 1.0081525449043284e-05 2.4798199602239782e-05 -8.1920471217381143e-05 -0.00012237888364519629 0 0.0068430298520618374 -0.003351460441535524
leaf_weight=64045 2775 12598 1533 239 368 2334 7459 5318 2866 624 142 1138 7464 269 70 178 5107 982 130 1024 14679 49 798 302 58 53 815 101 15079 8640
leaf_count=64045 2775 12598 1533 239 368 2334 7459 5318 2866 624 142 1138 7464 269 70 178 5107 982 130 1024 14679 49 798 302 58 53 815 101 15079 8640
internal_value=-0.0070099 -0.0159391 -0.0121619 -0.0238277 -0.0164384 -0.0252607 -0.0234614 -0.0207494 -0.030125 -0.0150904 -0.0361666 -0.0175976 -0.00868565 -0.0176967 -0.0328598 -0.0187179 -0.00908131 -0.0401996 -0.0132802 -0.00795972 -0.00864991 -0.0382365 -0.00447776 -0.0123676 0.00109461 -0.0188739 0.000350734 -0.0277941 5.83385e-05 0.00102639
internal_weight=157237 69473 46979 22494 21065 20943 17977 12777 5200 19467 2966 13736 25914 1932 1598 546 5731 1052 1663 23982 22143 2824 1551 642 909 111 1839 340 87764 23719
internal_count=157237 69473 46979 22494 21065 20943 17977 12777 5200 19467 2966 13736 25914 1932 1598 546 5731 1052 1663 23982 22143 2824 1551 642 909 111 1839 340 87764 23719
is_linear=0
shrinkage=0.05


Tree=125
num_leaves=31
num_cat=0
split_feature=16 19 1 1 16 18 10 1 10 9 9 9 9 8 10 18 19 1 1 8 10 8 10 1 1 7 1 8 27 0
split_gain=3958.77 828.02 279.36 249.493 186.518 164.389 129.949 191.824 127.278 117.313 101.098 80.3993 67.8056 93.1875 66.348 72.9698 63.0658 61.2818 56.7563 55.0225 56.2697 37.2872 27.2759 68.8023 20.1667 27.6937 19.978 17.0144 12.2755 16.2253
threshold=1.0000000180025095e-35 3.2000000000000006 28.350000000000005 30.425000000000004 685.00000000000011 15.500000000000002 -0.49812626372919411 24.150000000000006 -0.79382744783423187 0.81925054981890411 0.99983759474438971 0.72695311118111527 -0.99275805973510278 278.50000000000006 0.28313308994381592 24.500000000000004 3.699999999999998 15.750000000000002 34.150000000000013 294.50000000000006 -0.88620506325989179 362.50000000000006 -0.94137724084408114 31.050000000000008 31.950000000000003 7.5000000000000009 29.333333333333339 170.50000000000003 1.4500000000000013 19.525000000000002
decision_type=2 2 2 2 2 2 2 2 2 2 2 2 2 2 2 2 2 2 2 2 2 2 2 2 2 2 2 2 2 2
left_child=28 3 4 5 9 10 8 -8 -7 11 21 -3 13 18 15 -6 -11 -16 -4 20 -14 -2 23 27 -24 -26 -21 -5 -1 -30
right_child=1 2 12 22 14 6 7 -9 -10 16 -12 -13 19 -15 17 -17 -18 -19 -20 26 -22 -23 24 -25 25 -27 -28 -29 29 -31
leaf_value=0.00035629175138423013 0 0 0 0 0 0 0 0 0 0 1.6422930975559803e-05 0 0 0 8.2114654877799013e-06 0 0 0 0 8.2114654877799013e-06 0 8.2114654877799013e-06 9.0985767177614866e-06 9.5774491765912583e-06 2.3558289622127584e-05 -7.7824447656512085e-05 -0.00011625993946293647 0 0.0035461733006734611 -0.0093684153510075092
leaf_weight=83131 2775 12598 1533 239 368 2334 7459 5318 2866 624 142 1138 7464 269 70 178 5107 982 130 1024 14679 49 798 302 58 53 815 101 1886 2747
leaf_count=83131 2775 12598 1533 239 368 2334 7459 5318 2866 624 142 1138 7464 269 70 178 5107 982 130 1024 14679 49 798 302 58 53 815 101 1886 2747
internal_value=-0.00702198 -0.0159391 -0.0121619 -0.0238277 -0.0164384 -0.0252607 -0.0234614 -0.0207494 -0.030125 -0.0150904 -0.0361666 -0.0175976 -0.00868565 -0.0176967 -0.0328598 -0.0187179 -0.00908131 -0.0401996 -0.0132802 -0.00795972 -0.00864991 -0.0382365 -0.00447776 -0.0123676 0.00109461 -0.0188739 0.000350734 -0.0277941 3.66895e-05 -0.00246816
internal_weight=157237 69473 46979 22494 21065 20943 17977 12777 5200 19467 2966 13736 25914 1932 1598 546 5731 1052 1663 23982 22143 2824 1551 642 909 111 1839 340 87764 4633
internal_count=157237 69473 46979 22494 21065 20943 17977 12777 5200 19467 2966 13736 25914 1932 1598 546 5731 1052 1663 23982 22143 2824 1551 642 909 111 1839 340 87764 4633
is_linear=0
shrinkage=0.05


Tree=126
num_leaves=31
num_cat=0
split_feature=16 19 1 1 16 18 10 1 10 9 9 9 9 8 10 18 19 1 1 8 10 8 10 1 1 7 1 8 9 9
split_gain=3974.04 828.02 279.36 249.493 186.518 164.389 129.949 191.824 127.278 117.313 101.098 80.3993 67.8056 93.1875 66.348 72.9698 63.0658 61.2818 56.7563 55.0225 56.2697 37.2872 27.2759 68.8023 20.1667 27.6937 19.978 17.0144 11.7462 20.341
threshold=1.0000000180025095e-35 3.2000000000000006 28.350000000000005 30.425000000000004 685.00000000000011 15.500000000000002 -0.49812626372919411 24.150000000000006 -0.79382744783423187 0.81925054981890411 0.99983759474438971 0.72695311118111527 -0.99275805973510278 278.50000000000006 0.28313308994381592 24.500000000000004 3.699999999999998 15.750000000000002 34.150000000000013 294.50000000000006 -0.88620506325989179 362.50000000000006 -0.94137724084408114 31.050000000000008 31.950000000000003 7.5000000000000009 29.333333333333339 170.50000000000003 0.63920241694561786 0.61237135649459018
decision_type=2 2 2 2 2 2 2 2 2 2 2 2 2 2 2 2 2 2 2 2 2 2 2 2 2 2 2 2 2 2
left_child=28 3 4 5 9 10 8 -8 -7 11 21 -3 13 18 15 -6 -11 -16 -4 20 -14 -2 23 27 -24 -26 -21 -5 29 -1
right_child=1 2 12 22 14 6 7 -9 -10 16 -12 -13 19 -15 17 -17 -18 -19 -20 26 -22 -23 24 -25 25 -27 -28 -29 -30 -31
leaf_value=-0.00021534146973362089 0 0 0 0 0 0 0 0 0 0 1.5601784426781674e-05 0 0 0 7.8008922133908368e-06 0 0 0 0 7.8008922133908368e-06 0 7.8008922133908368e-06 8.6436478818736891e-06 9.0985767177614866e-06 2.2380375141021341e-05 -7.3933225273686476e-05 -0.00011044694248978966 0 0.0027358856319590788 -0.032729431436831595
leaf_weight=63263 2775 12598 1533 239 368 2334 7459 5318 2866 624 142 1138 7464 269 70 178 5107 982 130 1024 14679 49 798 302 58 53 815 101 23719 782
leaf_count=63263 2775 12598 1533 239 368 2334 7459 5318 2866 624 142 1138 7464 269 70 178 5107 982 130 1024 14679 49 798 302 58 53 815 101 23719 782
internal_value=-0.00700481 -0.0159391 -0.0121619 -0.0238277 -0.0164384 -0.0252607 -0.0234614 -0.0207494 -0.030125 -0.0150904 -0.0361666 -0.0175976 -0.00868565 -0.0176967 -0.0328598 -0.0187179 -0.00908131 -0.0401996 -0.0132802 -0.00795972 -0.00864991 -0.0382365 -0.00447776 -0.0123676 0.00109461 -0.0188739 0.000350734 -0.0277941 6.74538e-05 -0.000284565
internal_weight=157237 69473 46979 22494 21065 20943 17977 12777 5200 19467 2966 13736 25914 1932 1598 546 5731 1052 1663 23982 22143 2824 1551 642 909 111 1839 340 87764 64045
internal_count=157237 69473 46979 22494 21065 20943 17977 12777 5200 19467 2966 13736 25914 1932 1598 546 5731 1052 1663 23982 22143 2824 1551 642 909 111 1839 340 87764 64045
is_linear=0
shrinkage=0.05


Tree=127
num_leaves=31
num_cat=0
split_feature=16 19 1 1 16 18 10 1 10 9 9 9 9 8 10 18 19 1 1 8 10 8 10 1 1 7 1 8 9 18
split_gain=3972.9 828.02 279.36 249.493 186.518 164.389 129.949 191.824 127.278 117.313 101.098 80.3993 67.8056 93.1875 66.348 72.9698 63.0658 61.2818 56.7563 55.0225 56.2697 37.2872 27.2759 68.8023 20.1667 27.6937 19.978 17.0144 10.9315 19.6716
threshold=1.0000000180025095e-35 3.2000000000000006 28.350000000000005 30.425000000000004 685.00000000000011 15.500000000000002 -0.49812626372919411 24.150000000000006 -0.79382744783423187 0.81925054981890411 0.99983759474438971 0.72695311118111527 -0.99275805973510278 278.50000000000006 0.28313308994381592 24.500000000000004 3.699999999999998 15.750000000000002 34.150000000000013 294.50000000000006 -0.88620506325989179 362.50000000000006 -0.94137724084408114 31.050000000000008 31.950000000000003 7.5000000000000009 29.333333333333339 170.50000000000003 0.63920241694561786 22.500000000000004
decision_type=2 2 2 2 2 2 2 2 2 2 2 2 2 2 2 2 2 2 2 2 2 2 2 2 2 2 2 2 2 2
left_child=28 3 4 5 9 10 8 -8 -7 11 21 -3 13 18 15 -6 -11 -16 -4 20 -14 -2 23 27 -24 -26 -21 -5 -1 -30
right_child=1 2 12 22 14 6 7 -9 -10 16 -12 -13 19 -15 17 -17 -18 -19 -20 26 -22 -23 24 -25 25 -27 -28 -29 29 -31
leaf_value=-0.0003442767603275665 0 0 0 0 0 0 0 0 0 0 1.4821695205442799e-05 0 0 0 7.4108476027213993e-06 0 0 0 0 7.4108476027213993e-06 0 7.4108476027213993e-06 8.2114654877799013e-06 8.6436478818736891e-06 2.1261356383970449e-05 -7.0236564010002151e-05 -0.00010492459536530018 0 0.0063193654723104958 -0.0033384962886259147
leaf_weight=64045 2775 12598 1533 239 368 2334 7459 5318 2866 624 142 1138 7464 269 70 178 5107 982 130 1024 14679 49 798 302 58 53 815 101 15079 8640
leaf_count=64045 2775 12598 1533 239 368 2334 7459 5318 2866 624 142 1138 7464 269 70 178 5107 982 130 1024 14679 49 798 302 58 53 815 101 15079 8640
internal_value=-0.00700608 -0.0159391 -0.0121619 -0.0238277 -0.0164384 -0.0252607 -0.0234614 -0.0207494 -0.030125 -0.0150904 -0.0361666 -0.0175976 -0.00868565 -0.0176967 -0.0328598 -0.0187179 -0.00908131 -0.0401996 -0.0132802 -0.00795972 -0.00864991 -0.0382365 -0.00447776 -0.0123676 0.00109461 -0.0188739 0.000350734 -0.0277941 6.5175e-05 0.000982124
internal_weight=157237 69473 46979 22494 21065 20943 17977 12777 5200 19467 2966 13736 25914 1932 1598 546 5731 1052 1663 23982 22143 2824 1551 642 909 111 1839 340 87764 23719
internal_count=157237 69473 46979 22494 21065 20943 17977 12777 5200 19467 2966 13736 25914 1932 1598 546 5731 1052 1663 23982 22143 2824 1551 642 909 111 1839 340 87764 23719
is_linear=0
shrinkage=0.05


Tree=128
num_leaves=31
num_cat=0
split_feature=16 19 1 1 16 18 10 1 10 9 9 9 9 8 10 18 19 1 1 8 10 8 10 1 1 7 1 8 9 1
split_gain=3967.81 828.02 279.36 249.493 186.518 164.389 129.949 191.824 127.278 117.313 101.098 80.3993 67.8056 93.1875 66.348 72.9698 63.0658 61.2818 56.7563 55.0225 56.2697 37.2872 27.2759 68.8023 20.1667 27.6937 19.978 17.0144 11.2181 35.1518
threshold=1.0000000180025095e-35 3.2000000000000006 28.350000000000005 30.425000000000004 685.00000000000011 15.500000000000002 -0.49812626372919411 24.150000000000006 -0.79382744783423187 0.81925054981890411 0.99983759474438971 0.72695311118111527 -0.99275805973510278 278.50000000000006 0.28313308994381592 24.500000000000004 3.699999999999998 15.750000000000002 34.150000000000013 294.50000000000006 -0.88620506325989179 362.50000000000006 -0.94137724084408114 31.050000000000008 31.950000000000003 7.5000000000000009 29.333333333333339 170.50000000000003 0.99907018497641664 21.550000000000008
decision_type=2 2 2 2 2 2 2 2 2 2 2 2 2 2 2 2 2 2 2 2 2 2 2 2 2 2 2 2 2 2
left_child=28 3 4 5 9 10 8 -8 -7 11 21 -3 13 18 15 -6 -11 -16 -4 20 -14 -2 23 27 -24 -26 -21 -5 -1 -30
right_child=1 2 12 22 14 6 7 -9 -10 16 -12 -13 19 -15 17 -17 -18 -19 -20 26 -22 -23 24 -25 25 -27 -28 -29 29 -31
leaf_value=0.00026206810446662845 0 0 0 0 0 0 0 0 0 0 1.408061044517045e-05 0 0 0 7.0403052225852251e-06 0 0 0 0 7.0403052225852251e-06 0 7.0403052225852251e-06 7.8008922133908368e-06 8.2114654877799013e-06 2.0198288564771821e-05 -6.6724735809502053e-05 -9.9678365597035166e-05 0 -0.031619828221616963 0.0063882756186002705
leaf_weight=86805 2775 12598 1533 239 368 2334 7459 5318 2866 624 142 1138 7464 269 70 178 5107 982 130 1024 14679 49 798 302 58 53 815 101 383 576
leaf_count=86805 2775 12598 1533 239 368 2334 7459 5318 2866 624 142 1138 7464 269 70 178 5107 982 130 1024 14679 49 798 302 58 53 815 101 383 576
internal_value=-0.0070118 -0.0159391 -0.0121619 -0.0238277 -0.0164384 -0.0252607 -0.0234614 -0.0207494 -0.030125 -0.0150904 -0.0361666 -0.0175976 -0.00868565 -0.0176967 -0.0328598 -0.0187179 -0.00908131 -0.0401996 -0.0132802 -0.00795972 -0.00864991 -0.0382365 -0.00447776 -0.0123676 0.00109461 -0.0188739 0.000350734 -0.0277941 5.49202e-05 -0.00532325
internal_weight=157237 69473 46979 22494 21065 20943 17977 12777 5200 19467 2966 13736 25914 1932 1598 546 5731 1052 1663 23982 22143 2824 1551 642 909 111 1839 340 87764 959
internal_count=157237 69473 46979 22494 21065 20943 17977 12777 5200 19467 2966 13736 25914 1932 1598 546 5731 1052 1663 23982 22143 2824 1551 642 909 111 1839 340 87764 959
is_linear=0
shrinkage=0.05


Tree=129
num_leaves=31
num_cat=0
split_feature=16 19 1 1 16 18 10 1 10 9 9 9 9 8 10 18 19 1 1 8 10 8 10 1 1 7 1 8 10 8
split_gain=3958.77 828.02 279.36 249.493 186.518 164.389 129.949 191.824 127.278 117.313 101.098 80.3993 67.8056 93.1875 66.348 72.9698 63.0658 61.2818 56.7563 55.0225 56.2697 37.2872 27.2759 68.8023 20.1667 27.6937 19.978 17.0144 10.6469 36.6357
threshold=1.0000000180025095e-35 3.2000000000000006 28.350000000000005 30.425000000000004 685.00000000000011 15.500000000000002 -0.49812626372919411 24.150000000000006 -0.79382744783423187 0.81925054981890411 0.99983759474438971 0.72695311118111527 -0.99275805973510278 278.50000000000006 0.28313308994381592 24.500000000000004 3.699999999999998 15.750000000000002 34.150000000000013 294.50000000000006 -0.88620506325989179 362.50000000000006 -0.94137724084408114 31.050000000000008 31.950000000000003 7.5000000000000009 29.333333333333339 170.50000000000003 0.99249573635719013 18.500000000000004
decision_type=2 2 2 2 2 2 2 2 2 2 2 2 2 2 2 2 2 2 2 2 2 2 2 2 2 2 2 2 2 2
left_child=28 3 4 5 9 10 8 -8 -7 11 21 -3 13 18 15 -6 -11 -16 -4 20 -14 -2 23 27 -24 -26 -21 -5 29 -1
right_child=1 2 12 22 14 6 7 -9 -10 16 -12 -13 19 -15 17 -17 -18 -19 -20 26 -22 -23 24 -25 25 -27 -28 -29 -30 -31
leaf_value=-0.022283629752755274 0 0 0 0 0 0 0 0 0 0 1.3376579922912137e-05 0 0 0 6.6882899614560683e-06 0 0 0 0 6.6882899614560683e-06 0 6.6882899614560683e-06 7.4108476027213993e-06 7.8008922133908368e-06 1.9188374136533406e-05 -6.3388499019026944e-05 -9.4694447317183401e-05 0 0.0091615765467661335 0.00029501843020962116
leaf_weight=2702 2775 12598 1533 239 368 2334 7459 5318 2866 624 142 1138 7464 269 70 178 5107 982 130 1024 14679 49 798 302 58 53 815 101 3713 81349
leaf_count=2702 2775 12598 1533 239 368 2334 7459 5318 2866 624 142 1138 7464 269 70 178 5107 982 130 1024 14679 49 798 302 58 53 815 101 3713 81349
internal_value=-0.00702198 -0.0159391 -0.0121619 -0.0238277 -0.0164384 -0.0252607 -0.0234614 -0.0207494 -0.030125 -0.0150904 -0.0361666 -0.0175976 -0.00868565 -0.0176967 -0.0328598 -0.0187179 -0.00908131 -0.0401996 -0.0132802 -0.00795972 -0.00864991 -0.0382365 -0.00447776 -0.0123676 0.00109461 -0.0188739 0.000350734 -0.0277941 3.66895e-05 -7.9059e-05
internal_weight=157237 69473 46979 22494 21065 20943 17977 12777 5200 19467 2966 13736 25914 1932 1598 546 5731 1052 1663 23982 22143 2824 1551 642 909 111 1839 340 87764 84051
internal_count=157237 69473 46979 22494 21065 20943 17977 12777 5200 19467 2966 13736 25914 1932 1598 546 5731 1052 1663 23982 22143 2824 1551 642 909 111 1839 340 87764 84051
is_linear=0
shrinkage=0.05


Tree=130
num_leaves=31
num_cat=0
split_feature=16 19 1 1 16 18 10 1 10 9 9 9 9 8 10 18 19 1 1 8 10 8 10 1 1 7 1 8 1 17
split_gain=3965.55 828.02 279.36 249.493 186.518 164.389 129.949 191.824 127.278 117.313 101.098 80.3993 67.8056 93.1875 66.348 72.9698 63.0658 61.2818 56.7563 55.0225 56.2697 37.2872 27.2759 68.8023 20.1667 27.6937 19.978 17.0144 11.3582 31.1078
threshold=1.0000000180025095e-35 3.2000000000000006 28.350000000000005 30.425000000000004 685.00000000000011 15.500000000000002 -0.49812626372919411 24.150000000000006 -0.79382744783423187 0.81925054981890411 0.99983759474438971 0.72695311118111527 -0.99275805973510278 278.50000000000006 0.28313308994381592 24.500000000000004 3.699999999999998 15.750000000000002 34.150000000000013 294.50000000000006 -0.88620506325989179 362.50000000000006 -0.94137724084408114 31.050000000000008 31.950000000000003 7.5000000000000009 29.333333333333339 170.50000000000003 20.825000000000006 20.500000000000004
decision_type=2 2 2 2 2 2 2 2 2 2 2 2 2 2 2 2 2 2 2 2 2 2 2 2 2 2 2 2 2 2
left_child=28 3 4 5 9 10 8 -8 -7 11 21 -3 13 18 15 -6 -11 -16 -4 20 -14 -2 23 27 -24 -26 -21 -5 29 -1
right_child=1 2 12 22 14 6 7 -9 -10 16 -12 -13 19 -15 17 -17 -18 -19 -20 26 -22 -23 24 -25 25 -27 -28 -29 -30 -31
leaf_value=-0.0016007071729182921 0 0 0 0 0 0 0 0 0 0 1.2707750926765904e-05 0 0 0 6.3538754633829519e-06 0 0 0 0 6.3538754633829519e-06 0 6.3538754633829519e-06 7.0403052225852251e-06 7.4108476027213993e-06 1.8228955429706873e-05 -6.0219074068075594e-05 -8.9959724951324229e-05 0 -0.00032727203429036068 0.019337421031543362
leaf_weight=12280 2775 12598 1533 239 368 2334 7459 5318 2866 624 142 1138 7464 269 70 178 5107 982 130 1024 14679 49 798 302 58 53 815 101 64600 10884
leaf_count=12280 2775 12598 1533 239 368 2334 7459 5318 2866 624 142 1138 7464 269 70 178 5107 982 130 1024 14679 49 798 302 58 53 815 101 64600 10884
internal_value=-0.00701435 -0.0159391 -0.0121619 -0.0238277 -0.0164384 -0.0252607 -0.0234614 -0.0207494 -0.030125 -0.0150904 -0.0361666 -0.0175976 -0.00868565 -0.0176967 -0.0328598 -0.0187179 -0.00908131 -0.0401996 -0.0132802 -0.00795972 -0.00864991 -0.0382365 -0.00447776 -0.0123676 0.00109461 -0.0188739 0.000350734 -0.0277941 5.03625e-05 0.00100026
internal_weight=157237 69473 46979 22494 21065 20943 17977 12777 5200 19467 2966 13736 25914 1932 1598 546 5731 1052 1663 23982 22143 2824 1551 642 909 111 1839 340 87764 23164
internal_count=157237 69473 46979 22494 21065 20943 17977 12777 5200 19467 2966 13736 25914 1932 1598 546 5731 1052 1663 23982 22143 2824 1551 642 909 111 1839 340 87764 23164
is_linear=0
shrinkage=0.05


Tree=131
num_leaves=31
num_cat=0
split_feature=16 19 1 1 16 18 10 1 10 9 9 9 9 8 10 18 19 1 1 8 10 8 10 1 1 7 1 8 1 17
split_gain=3975.17 828.02 279.36 249.493 186.518 164.389 129.949 191.824 127.278 117.313 101.098 80.3993 67.8056 93.1875 66.348 72.9698 63.0658 61.2818 56.7563 55.0225 56.2697 37.2872 27.2759 68.8023 20.1667 27.6937 19.978 17.0144 10.5486 30.7526
threshold=1.0000000180025095e-35 3.2000000000000006 28.350000000000005 30.425000000000004 685.00000000000011 15.500000000000002 -0.49812626372919411 24.150000000000006 -0.79382744783423187 0.81925054981890411 0.99983759474438971 0.72695311118111527 -0.99275805973510278 278.50000000000006 0.28313308994381592 24.500000000000004 3.699999999999998 15.750000000000002 34.150000000000013 294.50000000000006 -0.88620506325989179 362.50000000000006 -0.94137724084408114 31.050000000000008 31.950000000000003 7.5000000000000009 29.333333333333339 170.50000000000003 20.825000000000006 22.500000000000004
decision_type=2 2 2 2 2 2 2 2 2 2 2 2 2 2 2 2 2 2 2 2 2 2 2 2 2 2 2 2 2 2
left_child=28 3 4 5 9 10 8 -8 -7 11 21 -3 13 18 15 -6 -11 -16 -4 20 -14 -2 23 27 -24 -26 -21 -5 29 -1
right_child=1 2 12 22 14 6 7 -9 -10 16 -12 -13 19 -15 17 -17 -18 -19 -20 26 -22 -23 24 -25 25 -27 -28 -29 -30 -31
leaf_value=0.00041343356426323818 0 0 0 0 0 0 0 0 0 0 1.207236338042761e-05 0 0 0 6.0361816902138049e-06 0 0 0 0 6.0361816902138049e-06 0 6.0361816902138049e-06 6.6882899614560683e-06 7.0403052225852251e-06 1.7317507658221738e-05 -5.7208120364671814e-05 -8.5461738703758021e-05 0 -0.00031090843257584113 0.073260109130532408
leaf_weight=18788 2775 12598 1533 239 368 2334 7459 5318 2866 624 142 1138 7464 269 70 178 5107 982 130 1024 14679 49 798 302 58 53 815 101 64600 4376
leaf_count=18788 2775 12598 1533 239 368 2334 7459 5318 2866 624 142 1138 7464 269 70 178 5107 982 130 1024 14679 49 798 302 58 53 815 101 64600 4376
internal_value=-0.00700354 -0.0159391 -0.0121619 -0.0238277 -0.0164384 -0.0252607 -0.0234614 -0.0207494 -0.030125 -0.0150904 -0.0361666 -0.0175976 -0.00868565 -0.0176967 -0.0328598 -0.0187179 -0.00908131 -0.0401996 -0.0132802 -0.00795972 -0.00864991 -0.0382365 -0.00447776 -0.0123676 0.00109461 -0.0188739 0.000350734 -0.0277941 6.97326e-05 0.00098515
internal_weight=157237 69473 46979 22494 21065 20943 17977 12777 5200 19467 2966 13736 25914 1932 1598 546 5731 1052 1663 23982 22143 2824 1551 642 909 111 1839 340 87764 23164
internal_count=157237 69473 46979 22494 21065 20943 17977 12777 5200 19467 2966 13736 25914 1932 1598 546 5731 1052 1663 23982 22143 2824 1551 642 909 111 1839 340 87764 23164
is_linear=0
shrinkage=0.05


Tree=132
num_leaves=31
num_cat=0
split_feature=16 19 1 1 16 18 10 1 10 9 9 9 9 8 10 18 19 1 1 8 10 8 10 1 1 7 1 8 1 17
split_gain=3974.32 828.02 279.36 249.493 186.518 164.389 129.949 191.824 127.278 117.313 101.098 80.3993 67.8056 93.1875 66.348 72.9698 63.0658 61.2818 56.7563 55.0225 56.2697 37.2872 27.2759 68.8023 20.1667 27.6937 19.978 17.0144 10.1442 30.326
threshold=1.0000000180025095e-35 3.2000000000000006 28.350000000000005 30.425000000000004 685.00000000000011 15.500000000000002 -0.49812626372919411 24.150000000000006 -0.79382744783423187 0.81925054981890411 0.99983759474438971 0.72695311118111527 -0.99275805973510278 278.50000000000006 0.28313308994381592 24.500000000000004 3.699999999999998 15.750000000000002 34.150000000000013 294.50000000000006 -0.88620506325989179 362.50000000000006 -0.94137724084408114 31.050000000000008 31.950000000000003 7.5000000000000009 29.333333333333339 170.50000000000003 20.825000000000006 22.500000000000004
decision_type=2 2 2 2 2 2 2 2 2 2 2 2 2 2 2 2 2 2 2 2 2 2 2 2 2 2 2 2 2 2
left_child=28 3 4 5 9 10 8 -8 -7 11 21 -3 13 18 15 -6 -11 -16 -4 20 -14 -2 23 27 -24 -26 -21 -5 29 -1
right_child=1 2 12 22 14 6 7 -9 -10 16 -12 -13 19 -15 17 -17 -18 -19 -20 26 -22 -23 24 -25 25 -27 -28 -29 -30 -31
leaf_value=0.00039276188605007586 0 0 0 0 0 0 0 0 0 0 1.1468745211405673e-05 0 0 0 5.7343726057028367e-06 0 0 0 0 5.7343726057028367e-06 0 5.7343726057028367e-06 6.3538754633829519e-06 6.6882899614560683e-06 1.6451632275310547e-05 -5.4347714346438223e-05 -8.1188651768570114e-05 0 -0.00029536301094704816 0.069597103674005775
leaf_weight=18788 2775 12598 1533 239 368 2334 7459 5318 2866 624 142 1138 7464 269 70 178 5107 982 130 1024 14679 49 798 302 58 53 815 101 64600 4376
leaf_count=18788 2775 12598 1533 239 368 2334 7459 5318 2866 624 142 1138 7464 269 70 178 5107 982 130 1024 14679 49 798 302 58 53 815 101 64600 4376
internal_value=-0.00700449 -0.0159391 -0.0121619 -0.0238277 -0.0164384 -0.0252607 -0.0234614 -0.0207494 -0.030125 -0.0150904 -0.0361666 -0.0175976 -0.00868565 -0.0176967 -0.0328598 -0.0187179 -0.00908131 -0.0401996 -0.0132802 -0.00795972 -0.00864991 -0.0382365 -0.00447776 -0.0123676 0.00109461 -0.0188739 0.000350734 -0.0277941 6.80235e-05 0.000965723
internal_weight=157237 69473 46979 22494 21065 20943 17977 12777 5200 19467 2966 13736 25914 1932 1598 546 5731 1052 1663 23982 22143 2824 1551 642 909 111 1839 340 87764 23164
internal_count=157237 69473 46979 22494 21065 20943 17977 12777 5200 19467 2966 13736 25914 1932 1598 546 5731 1052 1663 23982 22143 2824 1551 642 909 111 1839 340 87764 23164
is_linear=0
shrinkage=0.05


Tree=133
num_leaves=31
num_cat=0
split_feature=16 19 1 1 16 18 10 1 10 9 9 9 9 8 10 18 19 1 1 8 10 8 10 1 1 7 1 8 10 8
split_gain=3975.73 828.02 279.36 249.493 186.518 164.389 129.949 191.824 127.278 117.313 101.098 80.3993 67.8056 93.1875 66.348 72.9698 63.0658 61.2818 56.7563 55.0225 56.2697 37.2872 27.2759 68.8023 20.1667 27.6937 19.978 17.0144 9.9775 38.5061
threshold=1.0000000180025095e-35 3.2000000000000006 28.350000000000005 30.425000000000004 685.00000000000011 15.500000000000002 -0.49812626372919411 24.150000000000006 -0.79382744783423187 0.81925054981890411 0.99983759474438971 0.72695311118111527 -0.99275805973510278 278.50000000000006 0.28313308994381592 24.500000000000004 3.699999999999998 15.750000000000002 34.150000000000013 294.50000000000006 -0.88620506325989179 362.50000000000006 -0.94137724084408114 31.050000000000008 31.950000000000003 7.5000000000000009 29.333333333333339 170.50000000000003 -0.73865259438682551 223.50000000000003
decision_type=2 2 2 2 2 2 2 2 2 2 2 2 2 2 2 2 2 2 2 2 2 2 2 2 2 2 2 2 2 2
left_child=28 3 4 5 9 10 8 -8 -7 11 21 -3 13 18 15 -6 -11 -16 -4 20 -14 -2 23 27 -24 -26 -21 -5 29 -1
right_child=1 2 12 22 14 6 7 -9 -10 16 -12 -13 19 -15 17 -17 -18 -19 -20 26 -22 -23 24 -25 25 -27 -28 -29 -30 -31
leaf_value=-0.00051925451629251105 0 0 0 0 0 0 0 0 0 0 1.089530795083532e-05 0 0 0 5.4476539754176601e-06 0 0 0 0 5.4476539754176601e-06 0 5.4476539754176601e-06 6.0361816902138049e-06 6.3538754633829519e-06 1.5629050661544742e-05 -5.1630328629116309e-05 -7.7129219180141606e-05 0 0.00090047434846004268 -0.023848990105424413
leaf_weight=20943 2775 12598 1533 239 368 2334 7459 5318 2866 624 142 1138 7464 269 70 178 5107 982 130 1024 14679 49 798 302 58 53 815 101 66340 481
leaf_count=20943 2775 12598 1533 239 368 2334 7459 5318 2866 624 142 1138 7464 269 70 178 5107 982 130 1024 14679 49 798 302 58 53 815 101 66340 481
internal_value=-0.0070029 -0.0159391 -0.0121619 -0.0238277 -0.0164384 -0.0252607 -0.0234614 -0.0207494 -0.030125 -0.0150904 -0.0361666 -0.0175976 -0.00868565 -0.0176967 -0.0328598 -0.0187179 -0.00908131 -0.0401996 -0.0132802 -0.00795972 -0.00864991 -0.0382365 -0.00447776 -0.0123676 0.00109461 -0.0188739 0.000350734 -0.0277941 7.08721e-05 -0.000867251
internal_weight=157237 69473 46979 22494 21065 20943 17977 12777 5200 19467 2966 13736 25914 1932 1598 546 5731 1052 1663 23982 22143 2824 1551 642 909 111 1839 340 87764 21424
internal_count=157237 69473 46979 22494 21065 20943 17977 12777 5200 19467 2966 13736 25914 1932 1598 546 5731 1052 1663 23982 22143 2824 1551 642 909 111 1839 340 87764 21424
is_linear=0
shrinkage=0.05


Tree=134
num_leaves=31
num_cat=0
split_feature=16 19 1 1 16 18 10 1 10 9 9 9 9 8 10 18 19 1 1 8 10 8 10 1 1 7 1 8 27 9
split_gain=3963.29 828.02 279.36 249.493 186.518 164.389 129.949 191.824 127.278 117.313 101.098 80.3993 67.8056 93.1875 66.348 72.9698 63.0658 61.2818 56.7563 55.0225 56.2697 37.2872 27.2759 68.8023 20.1667 27.6937 19.978 17.0144 10.3329 14.5838
threshold=1.0000000180025095e-35 3.2000000000000006 28.350000000000005 30.425000000000004 685.00000000000011 15.500000000000002 -0.49812626372919411 24.150000000000006 -0.79382744783423187 0.81925054981890411 0.99983759474438971 0.72695311118111527 -0.99275805973510278 278.50000000000006 0.28313308994381592 24.500000000000004 3.699999999999998 15.750000000000002 34.150000000000013 294.50000000000006 -0.88620506325989179 362.50000000000006 -0.94137724084408114 31.050000000000008 31.950000000000003 7.5000000000000009 29.333333333333339 170.50000000000003 1.4500000000000013 0.99700008544936913
decision_type=2 2 2 2 2 2 2 2 2 2 2 2 2 2 2 2 2 2 2 2 2 2 2 2 2 2 2 2 2 2
left_child=28 3 4 5 9 10 8 -8 -7 11 21 -3 13 18 15 -6 -11 -16 -4 20 -14 -2 23 27 -24 -26 -21 -5 -1 -30
right_child=1 2 12 22 14 6 7 -9 -10 16 -12 -13 19 -15 17 -17 -18 -19 -20 26 -22 -23 24 -25 25 -27 -28 -29 29 -31
leaf_value=0.00042191305980378361 0 0 0 0 0 0 0 0 0 0 1.0350542553293207e-05 0 0 0 5.1752712766466036e-06 0 0 0 0 5.1752712766466036e-06 0 5.1752712766466036e-06 5.7343726057028367e-06 6.0361816902138049e-06 1.4847598128467366e-05 -4.9048812197660495e-05 -7.3272758221134518e-05 0 -0.0027200423242036867 -1.3522399383436579e-05
leaf_weight=83131 2775 12598 1533 239 368 2334 7459 5318 2866 624 142 1138 7464 269 70 178 5107 982 130 1024 14679 49 798 302 58 53 815 101 4568 65
leaf_count=83131 2775 12598 1533 239 368 2334 7459 5318 2866 624 142 1138 7464 269 70 178 5107 982 130 1024 14679 49 798 302 58 53 815 101 4568 65
internal_value=-0.00701689 -0.0159391 -0.0121619 -0.0238277 -0.0164384 -0.0252607 -0.0234614 -0.0207494 -0.030125 -0.0150904 -0.0361666 -0.0175976 -0.00868565 -0.0176967 -0.0328598 -0.0187179 -0.00908131 -0.0401996 -0.0132802 -0.00795972 -0.00864991 -0.0382365 -0.00447776 -0.0123676 0.00109461 -0.0188739 0.000350734 -0.0277941 4.58048e-05 -0.00225232
internal_weight=157237 69473 46979 22494 21065 20943 17977 12777 5200 19467 2966 13736 25914 1932 1598 546 5731 1052 1663 23982 22143 2824 1551 642 909 111 1839 340 87764 4633
internal_count=157237 69473 46979 22494 21065 20943 17977 12777 5200 19467 2966 13736 25914 1932 1598 546 5731 1052 1663 23982 22143 2824 1551 642 909 111 1839 340 87764 4633
is_linear=0
shrinkage=0.05


Tree=135
num_leaves=31
num_cat=0
split_feature=16 19 1 1 16 18 10 1 10 9 9 9 9 8 10 18 19 1 1 8 10 8 10 1 1 7 1 8 1 17
split_gain=3958.21 828.02 279.36 249.493 186.518 164.389 129.949 191.824 127.278 117.313 101.098 80.3993 67.8056 93.1875 66.348 72.9698 63.0658 61.2818 56.7563 55.0225 56.2697 37.2872 27.2759 68.8023 20.1667 27.6937 19.978 17.0144 10.5251 46.7231
threshold=1.0000000180025095e-35 3.2000000000000006 28.350000000000005 30.425000000000004 685.00000000000011 15.500000000000002 -0.49812626372919411 24.150000000000006 -0.79382744783423187 0.81925054981890411 0.99983759474438971 0.72695311118111527 -0.99275805973510278 278.50000000000006 0.28313308994381592 24.500000000000004 3.699999999999998 15.750000000000002 34.150000000000013 294.50000000000006 -0.88620506325989179 362.50000000000006 -0.94137724084408114 31.050000000000008 31.950000000000003 7.5000000000000009 29.333333333333339 170.50000000000003 22.750000000000004 26.500000000000004
decision_type=2 2 2 2 2 2 2 2 2 2 2 2 2 2 2 2 2 2 2 2 2 2 2 2 2 2 2 2 2 2
left_child=28 3 4 5 9 10 8 -8 -7 11 21 -3 13 18 15 -6 -11 -16 -4 20 -14 -2 23 27 -24 -26 -21 -5 -1 -30
right_child=1 2 12 22 14 6 7 -9 -10 16 -12 -13 19 -15 17 -17 -18 -19 -20 26 -22 -23 24 -25 25 -27 -28 -29 29 -31
leaf_value=0.002235826553489262 0 0 0 0 0 0 0 0 0 0 9.8330154256282012e-06 0 0 0 4.9165077128141006e-06 0 0 0 0 4.9165077128141006e-06 0 4.9165077128141006e-06 5.4476539754176601e-06 5.7343726057028367e-06 1.4105218222044276e-05 -4.6596371587777467e-05 -6.9609120310077795e-05 0 -0.011842546764056806 0.00032131117339202487
leaf_weight=29437 2775 12598 1533 239 368 2334 7459 5318 2866 624 142 1138 7464 269 70 178 5107 982 130 1024 14679 49 798 302 58 53 815 101 6929 51398
leaf_count=29437 2775 12598 1533 239 368 2334 7459 5318 2866 624 142 1138 7464 269 70 178 5107 982 130 1024 14679 49 798 302 58 53 815 101 6929 51398
internal_value=-0.00702262 -0.0159391 -0.0121619 -0.0238277 -0.0164384 -0.0252607 -0.0234614 -0.0207494 -0.030125 -0.0150904 -0.0361666 -0.0175976 -0.00868565 -0.0176967 -0.0328598 -0.0187179 -0.00908131 -0.0401996 -0.0132802 -0.00795972 -0.00864991 -0.0382365 -0.00447776 -0.0123676 0.00109461 -0.0188739 0.000350734 -0.0277941 3.55501e-05 -0.000353438
internal_weight=157237 69473 46979 22494 21065 20943 17977 12777 5200 19467 2966 13736 25914 1932 1598 546 5731 1052 1663 23982 22143 2824 1551 642 909 111 1839 340 87764 58327
internal_count=157237 69473 46979 22494 21065 20943 17977 12777 5200 19467 2966 13736 25914 1932 1598 546 5731 1052 1663 23982 22143 2824 1551 642 909 111 1839 340 87764 58327
is_linear=0
shrinkage=0.05


Tree=136
num_leaves=31
num_cat=0
split_feature=16 19 1 1 16 18 10 1 10 9 9 9 9 8 10 18 19 1 1 8 10 8 10 1 1 7 1 8 9 18
split_gain=3978.85 828.02 279.36 249.493 186.518 164.389 129.949 191.824 127.278 117.313 101.098 80.3993 67.8056 93.1875 66.348 72.9698 63.0658 61.2818 56.7563 55.0225 56.2697 37.2872 27.2759 68.8023 20.1667 27.6937 19.978 17.0144 10.4015 18.0521
threshold=1.0000000180025095e-35 3.2000000000000006 28.350000000000005 30.425000000000004 685.00000000000011 15.500000000000002 -0.49812626372919411 24.150000000000006 -0.79382744783423187 0.81925054981890411 0.99983759474438971 0.72695311118111527 -0.99275805973510278 278.50000000000006 0.28313308994381592 24.500000000000004 3.699999999999998 15.750000000000002 34.150000000000013 294.50000000000006 -0.88620506325989179 362.50000000000006 -0.94137724084408114 31.050000000000008 31.950000000000003 7.5000000000000009 29.333333333333339 170.50000000000003 0.63920241694561786 22.500000000000004
decision_type=2 2 2 2 2 2 2 2 2 2 2 2 2 2 2 2 2 2 2 2 2 2 2 2 2 2 2 2 2 2
left_child=28 3 4 5 9 10 8 -8 -7 11 21 -3 13 18 15 -6 -11 -16 -4 20 -14 -2 23 27 -24 -26 -21 -5 -1 -30
right_child=1 2 12 22 14 6 7 -9 -10 16 -12 -13 19 -15 17 -17 -18 -19 -20 26 -22 -23 24 -25 25 -27 -28 -29 29 -31
leaf_value=-0.00036994301022660821 0 0 0 0 0 0 0 0 0 0 9.3413646543472072e-06 0 0 0 4.6706823271736036e-06 0 0 0 0 4.6706823271736036e-06 0 4.6706823271736036e-06 5.1752712766466036e-06 5.4476539754176601e-06 1.3399957310942374e-05 -4.4266553008388593e-05 -6.6128664294573913e-05 0 0.0053876298299651675 -0.0030358315626243405
leaf_weight=64045 2775 12598 1533 239 368 2334 7459 5318 2866 624 142 1138 7464 269 70 178 5107 982 130 1024 14679 49 798 302 58 53 815 101 15079 8640
leaf_count=64045 2775 12598 1533 239 368 2334 7459 5318 2866 624 142 1138 7464 269 70 178 5107 982 130 1024 14679 49 798 302 58 53 815 101 15079 8640
internal_value=-0.0069994 -0.0159391 -0.0121619 -0.0238277 -0.0164384 -0.0252607 -0.0234614 -0.0207494 -0.030125 -0.0150904 -0.0361666 -0.0175976 -0.00868565 -0.0176967 -0.0328598 -0.0187179 -0.00908131 -0.0401996 -0.0132802 -0.00795972 -0.00864991 -0.0382365 -0.00447776 -0.0123676 0.00109461 -0.0188739 0.000350734 -0.0277941 7.71389e-05 0.000971584
internal_weight=157237 69473 46979 22494 21065 20943 17977 12777 5200 19467 2966 13736 25914 1932 1598 546 5731 1052 1663 23982 22143 2824 1551 642 909 111 1839 340 87764 23719
internal_count=157237 69473 46979 22494 21065 20943 17977 12777 5200 19467 2966 13736 25914 1932 1598 546 5731 1052 1663 23982 22143 2824 1551 642 909 111 1839 340 87764 23719
is_linear=0
shrinkage=0.05


Tree=137
num_leaves=31
num_cat=0
split_feature=16 19 1 1 16 18 10 1 10 9 9 9 9 8 10 18 19 1 1 8 10 8 10 1 1 7 1 8 0 9
split_gain=3981.96 828.02 279.36 249.493 186.518 164.389 129.949 191.824 127.278 117.313 101.098 80.3993 67.8056 93.1875 66.348 72.9698 63.0658 61.2818 56.7563 55.0225 56.2697 37.2872 27.2759 68.8023 20.1667 27.6937 19.978 17.0144 10.3261 11.0428
threshold=1.0000000180025095e-35 3.2000000000000006 28.350000000000005 30.425000000000004 685.00000000000011 15.500000000000002 -0.49812626372919411 24.150000000000006 -0.79382744783423187 0.81925054981890411 0.99983759474438971 0.72695311118111527 -0.99275805973510278 278.50000000000006 0.28313308994381592 24.500000000000004 3.699999999999998 15.750000000000002 34.150000000000013 294.50000000000006 -0.88620506325989179 362.50000000000006 -0.94137724084408114 31.050000000000008 31.950000000000003 7.5000000000000009 29.333333333333339 170.50000000000003 33.45000000000001 -0.82415615971448097
decision_type=2 2 2 2 2 2 2 2 2 2 2 2 2 2 2 2 2 2 2 2 2 2 2 2 2 2 2 2 2 2
left_child=28 3 4 5 9 10 8 -8 -7 11 21 -3 13 18 15 -6 -11 -16 -4 20 -14 -2 23 27 -24 -26 -21 -5 29 -1
right_child=1 2 12 22 14 6 7 -9 -10 16 -12 -13 19 -15 17 -17 -18 -19 -20 26 -22 -23 24 -25 25 -27 -28 -29 -30 -31
leaf_value=0.0049761598922547362 0 0 0 0 0 0 0 0 0 0 8.8742964216292908e-06 0 0 0 4.4371482108146454e-06 0 0 0 0 4.4371482108146454e-06 0 4.4371482108146454e-06 4.9165077128141006e-06 5.1752712766466036e-06 1.2729959445395568e-05 -4.2053225357969169e-05 -6.2822231079845216e-05 0 -0.0050074722662405997 -0.00034683583441545756
leaf_weight=16844 2775 12598 1533 239 368 2334 7459 5318 2866 624 142 1138 7464 269 70 178 5107 982 130 1024 14679 49 798 302 58 53 815 101 754 70166
leaf_count=16844 2775 12598 1533 239 368 2334 7459 5318 2866 624 142 1138 7464 269 70 178 5107 982 130 1024 14679 49 798 302 58 53 815 101 754 70166
internal_value=-0.0069959 -0.0159391 -0.0121619 -0.0238277 -0.0164384 -0.0252607 -0.0234614 -0.0207494 -0.030125 -0.0150904 -0.0361666 -0.0175976 -0.00868565 -0.0176967 -0.0328598 -0.0187179 -0.00908131 -0.0401996 -0.0132802 -0.00795972 -0.00864991 -0.0382365 -0.00447776 -0.0123676 0.00109461 -0.0188739 0.000350734 -0.0277941 8.34057e-05 0.000133893
internal_weight=157237 69473 46979 22494 21065 20943 17977 12777 5200 19467 2966 13736 25914 1932 1598 546 5731 1052 1663 23982 22143 2824 1551 642 909 111 1839 340 87764 87010
internal_count=157237 69473 46979 22494 21065 20943 17977 12777 5200 19467 2966 13736 25914 1932 1598 546 5731 1052 1663 23982 22143 2824 1551 642 909 111 1839 340 87764 87010
is_linear=0
shrinkage=0.05


Tree=138
num_leaves=31
num_cat=0
split_feature=16 19 1 1 16 18 10 1 10 9 9 9 9 8 10 18 19 1 1 8 10 8 10 1 1 7 1 8 9 9
split_gain=3976.58 828.02 279.36 249.493 186.518 164.389 129.949 191.824 127.278 117.313 101.098 80.3993 67.8056 93.1875 66.348 72.9698 63.0658 61.2818 56.7563 55.0225 56.2697 37.2872 27.2759 68.8023 20.1667 27.6937 19.978 17.0144 10.5078 17.3382
threshold=1.0000000180025095e-35 3.2000000000000006 28.350000000000005 30.425000000000004 685.00000000000011 15.500000000000002 -0.49812626372919411 24.150000000000006 -0.79382744783423187 0.81925054981890411 0.99983759474438971 0.72695311118111527 -0.99275805973510278 278.50000000000006 0.28313308994381592 24.500000000000004 3.699999999999998 15.750000000000002 34.150000000000013 294.50000000000006 -0.88620506325989179 362.50000000000006 -0.94137724084408114 31.050000000000008 31.950000000000003 7.5000000000000009 29.333333333333339 170.50000000000003 0.63920241694561786 0.61237135649459018
decision_type=2 2 2 2 2 2 2 2 2 2 2 2 2 2 2 2 2 2 2 2 2 2 2 2 2 2 2 2 2 2
left_child=28 3 4 5 9 10 8 -8 -7 11 21 -3 13 18 15 -6 -11 -16 -4 20 -14 -2 23 27 -24 -26 -21 -5 29 -1
right_child=1 2 12 22 14 6 7 -9 -10 16 -12 -13 19 -15 17 -17 -18 -19 -20 26 -22 -23 24 -25 25 -27 -28 -29 -30 -31
leaf_value=-0.00031210827842548423 0 0 0 0 0 0 0 0 0 0 8.4305816005478266e-06 0 0 0 4.2152908002739133e-06 0 0 0 0 4.2152908002739133e-06 0 4.2152908002739133e-06 4.6706823271736036e-06 4.9165077128141006e-06 1.2093461473125511e-05 -3.995056409007071e-05 -5.9681119525852947e-05 0 0.0019212401479286709 -0.031032282723429852
leaf_weight=63263 2775 12598 1533 239 368 2334 7459 5318 2866 624 142 1138 7464 269 70 178 5107 982 130 1024 14679 49 798 302 58 53 815 101 23719 782
leaf_count=63263 2775 12598 1533 239 368 2334 7459 5318 2866 624 142 1138 7464 269 70 178 5107 982 130 1024 14679 49 798 302 58 53 815 101 23719 782
internal_value=-0.00700195 -0.0159391 -0.0121619 -0.0238277 -0.0164384 -0.0252607 -0.0234614 -0.0207494 -0.030125 -0.0150904 -0.0361666 -0.0175976 -0.00868565 -0.0176967 -0.0328598 -0.0187179 -0.00908131 -0.0401996 -0.0132802 -0.00795972 -0.00864991 -0.0382365 -0.00447776 -0.0123676 0.00109461 -0.0188739 0.000350734 -0.0277941 7.25812e-05 -0.000260364
internal_weight=157237 69473 46979 22494 21065 20943 17977 12777 5200 19467 2966 13736 25914 1932 1598 546 5731 1052 1663 23982 22143 2824 1551 642 909 111 1839 340 87764 64045
internal_count=157237 69473 46979 22494 21065 20943 17977 12777 5200 19467 2966 13736 25914 1932 1598 546 5731 1052 1663 23982 22143 2824 1551 642 909 111 1839 340 87764 64045
is_linear=0
shrinkage=0.05


Tree=139
num_leaves=31
num_cat=0
split_feature=16 19 1 1 16 18 10 1 10 9 9 9 9 8 10 18 19 1 1 8 10 8 10 1 1 7 1 8 1 17
split_gain=4005.5 828.02 279.36 249.493 186.518 164.389 129.949 191.824 127.278 117.313 101.098 80.3993 67.8056 93.1875 66.348 72.9698 63.0658 61.2818 56.7563 55.0225 56.2697 37.2872 27.2759 68.8023 20.1667 27.6937 19.978 17.0144 10.9416 33.9367
threshold=1.0000000180025095e-35 3.2000000000000006 28.350000000000005 30.425000000000004 685.00000000000011 15.500000000000002 -0.49812626372919411 24.150000000000006 -0.79382744783423187 0.81925054981890411 0.99983759474438971 0.72695311118111527 -0.99275805973510278 278.50000000000006 0.28313308994381592 24.500000000000004 3.699999999999998 15.750000000000002 34.150000000000013 294.50000000000006 -0.88620506325989179 362.50000000000006 -0.94137724084408114 31.050000000000008 31.950000000000003 7.5000000000000009 29.333333333333339 170.50000000000003 29.450000000000003 30.500000000000004
decision_type=2 2 2 2 2 2 2 2 2 2 2 2 2 2 2 2 2 2 2 2 2 2 2 2 2 2 2 2 2 2
left_child=28 3 4 5 9 10 8 -8 -7 11 21 -3 13 18 15 -6 -11 -16 -4 20 -14 -2 23 27 -24 -26 -21 -5 29 -1
right_child=1 2 12 22 14 6 7 -9 -10 16 -12 -13 19 -15 17 -17 -18 -19 -20 26 -22 -23 24 -25 25 -27 -28 -29 -30 -31
leaf_value=-0.00042715851118153018 0 0 0 0 0 0 0 0 0 0 8.0090525205203652e-06 0 0 0 4.0045262602601826e-06 0 0 0 0 4.0045262602601826e-06 0 4.0045262602601826e-06 4.4371482108146454e-06 4.6706823271736036e-06 1.1488788399469098e-05 -3.7953035885567169e-05 -5.6697063549560297e-05 0 -0.00075322463995069621 0.015660663518077201
leaf_weight=57739 2775 12598 1533 239 368 2334 7459 5318 2866 624 142 1138 7464 269 70 178 5107 982 130 1024 14679 49 798 302 58 53 815 101 17313 12712
leaf_count=57739 2775 12598 1533 239 368 2334 7459 5318 2866 624 142 1138 7464 269 70 178 5107 982 130 1024 14679 49 798 302 58 53 815 101 17313 12712
internal_value=-0.00696951 -0.0159391 -0.0121619 -0.0238277 -0.0164384 -0.0252607 -0.0234614 -0.0207494 -0.030125 -0.0150904 -0.0361666 -0.0175976 -0.00868565 -0.0176967 -0.0328598 -0.0187179 -0.00908131 -0.0401996 -0.0132802 -0.00795972 -0.00864991 -0.0382365 -0.00447776 -0.0123676 0.00109461 -0.0188739 0.000350734 -0.0277941 0.000130692 0.000407446
internal_weight=157237 69473 46979 22494 21065 20943 17977 12777 5200 19467 2966 13736 25914 1932 1598 546 5731 1052 1663 23982 22143 2824 1551 642 909 111 1839 340 87764 70451
internal_count=157237 69473 46979 22494 21065 20943 17977 12777 5200 19467 2966 13736 25914 1932 1598 546 5731 1052 1663 23982 22143 2824 1551 642 909 111 1839 340 87764 70451
is_linear=0
shrinkage=0.05


Tree=140
num_leaves=31
num_cat=0
split_feature=16 19 1 1 16 18 10 1 10 9 9 9 9 8 10 18 19 1 1 8 10 8 10 1 1 7 1 8 0 17
split_gain=3972.9 828.02 279.36 249.493 186.518 164.389 129.949 191.824 127.278 117.313 101.098 80.3993 67.8056 93.1875 66.348 72.9698 63.0658 61.2818 56.7563 55.0225 56.2697 37.2872 27.2759 68.8023 20.1667 27.6937 19.978 17.0144 10.1222 28.8468
threshold=1.0000000180025095e-35 3.2000000000000006 28.350000000000005 30.425000000000004 685.00000000000011 15.500000000000002 -0.49812626372919411 24.150000000000006 -0.79382744783423187 0.81925054981890411 0.99983759474438971 0.72695311118111527 -0.99275805973510278 278.50000000000006 0.28313308994381592 24.500000000000004 3.699999999999998 15.750000000000002 34.150000000000013 294.50000000000006 -0.88620506325989179 362.50000000000006 -0.94137724084408114 31.050000000000008 31.950000000000003 7.5000000000000009 29.333333333333339 170.50000000000003 15.325000000000005 18.500000000000004
decision_type=2 2 2 2 2 2 2 2 2 2 2 2 2 2 2 2 2 2 2 2 2 2 2 2 2 2 2 2 2 2
left_child=28 3 4 5 9 10 8 -8 -7 11 21 -3 13 18 15 -6 -11 -16 -4 20 -14 -2 23 27 -24 -26 -21 -5 -1 -30
right_child=1 2 12 22 14 6 7 -9 -10 16 -12 -13 19 -15 17 -17 -18 -19 -20 26 -22 -23 24 -25 25 -27 -28 -29 29 -31
leaf_value=0.0084359207945928893 0 0 0 0 0 0 0 0 0 0 7.6085998944944166e-06 0 0 0 3.8042999472472083e-06 0 0 0 0 3.8042999472472083e-06 0 3.8042999472472083e-06 4.2152908002739133e-06 4.4371482108146454e-06 1.0914348979495364e-05 -3.605538409128881e-05 -5.3862210372082283e-05 0 -0.018515830051969665 0.00012154627708049759
leaf_weight=4987 2775 12598 1533 239 368 2334 7459 5318 2866 624 142 1138 7464 269 70 178 5107 982 130 1024 14679 49 798 302 58 53 815 101 2746 80031
leaf_count=4987 2775 12598 1533 239 368 2334 7459 5318 2866 624 142 1138 7464 269 70 178 5107 982 130 1024 14679 49 798 302 58 53 815 101 2746 80031
internal_value=-0.00700608 -0.0159391 -0.0121619 -0.0238277 -0.0164384 -0.0252607 -0.0234614 -0.0207494 -0.030125 -0.0150904 -0.0361666 -0.0175976 -0.00868565 -0.0176967 -0.0328598 -0.0187179 -0.00908131 -0.0401996 -0.0132802 -0.00795972 -0.00864991 -0.0382365 -0.00447776 -0.0123676 0.00109461 -0.0188739 0.000350734 -0.0277941 6.5175e-05 -6.66246e-05
internal_weight=157237 69473 46979 22494 21065 20943 17977 12777 5200 19467 2966 13736 25914 1932 1598 546 5731 1052 1663 23982 22143 2824 1551 642 909 111 1839 340 87764 82777
internal_count=157237 69473 46979 22494 21065 20943 17977 12777 5200 19467 2966 13736 25914 1932 1598 546 5731 1052 1663 23982 22143 2824 1551 642 909 111 1839 340 87764 82777
is_linear=0
shrinkage=0.05


Tree=141
num_leaves=31
num_cat=0
split_feature=16 19 1 1 16 18 10 1 10 9 9 9 9 8 10 18 19 1 1 8 10 8 10 1 1 7 1 8 10 8
split_gain=3975.45 828.02 279.36 249.493 186.518 164.389 129.949 191.824 127.278 117.313 101.098 80.3993 67.8056 93.1875 66.348 72.9698 63.0658 61.2818 56.7563 55.0225 56.2697 37.2872 27.2759 68.8023 20.1667 27.6937 19.978 17.0144 10.3755 31.3708
threshold=1.0000000180025095e-35 3.2000000000000006 28.350000000000005 30.425000000000004 685.00000000000011 15.500000000000002 -0.49812626372919411 24.150000000000006 -0.79382744783423187 0.81925054981890411 0.99983759474438971 0.72695311118111527 -0.99275805973510278 278.50000000000006 0.28313308994381592 24.500000000000004 3.699999999999998 15.750000000000002 34.150000000000013 294.50000000000006 -0.88620506325989179 362.50000000000006 -0.94137724084408114 31.050000000000008 31.950000000000003 7.5000000000000009 29.333333333333339 170.50000000000003 0.99249573635719013 18.500000000000004
decision_type=2 2 2 2 2 2 2 2 2 2 2 2 2 2 2 2 2 2 2 2 2 2 2 2 2 2 2 2 2 2
left_child=28 3 4 5 9 10 8 -8 -7 11 21 -3 13 18 15 -6 -11 -16 -4 20 -14 -2 23 27 -24 -26 -21 -5 29 -1
right_child=1 2 12 22 14 6 7 -9 -10 16 -12 -13 19 -15 17 -17 -18 -19 -20 26 -22 -23 24 -25 25 -27 -28 -29 -30 -31
leaf_value=-0.020309039592763967 0 0 0 0 0 0 0 0 0 0 7.2281698997700434e-06 0 0 0 3.6140849498850217e-06 0 0 0 0 3.6140849498850217e-06 0 3.6140849498850217e-06 4.0045262602601826e-06 4.2152908002739133e-06 1.0368631530520424e-05 -3.4252614886724372e-05 -5.1169099853478178e-05 0 0.0085758595732693312 0.00020332390560628445
leaf_weight=2702 2775 12598 1533 239 368 2334 7459 5318 2866 624 142 1138 7464 269 70 178 5107 982 130 1024 14679 49 798 302 58 53 815 101 3713 81349
leaf_count=2702 2775 12598 1533 239 368 2334 7459 5318 2866 624 142 1138 7464 269 70 178 5107 982 130 1024 14679 49 798 302 58 53 815 101 3713 81349
internal_value=-0.00700322 -0.0159391 -0.0121619 -0.0238277 -0.0164384 -0.0252607 -0.0234614 -0.0207494 -0.030125 -0.0150904 -0.0361666 -0.0175976 -0.00868565 -0.0176967 -0.0328598 -0.0187179 -0.00908131 -0.0401996 -0.0132802 -0.00795972 -0.00864991 -0.0382365 -0.00447776 -0.0123676 0.00109461 -0.0188739 0.000350734 -0.0277941 7.03024e-05 -4.39612e-05
internal_weight=157237 69473 46979 22494 21065 20943 17977 12777 5200 19467 2966 13736 25914 1932 1598 546 5731 1052 1663 23982 22143 2824 1551 642 909 111 1839 340 87764 84051
internal_count=157237 69473 46979 22494 21065 20943 17977 12777 5200 19467 2966 13736 25914 1932 1598 546 5731 1052 1663 23982 22143 2824 1551 642 909 111 1839 340 87764 84051
is_linear=0
shrinkage=0.05


Tree=142
num_leaves=31
num_cat=0
split_feature=16 19 1 1 16 18 10 1 10 9 9 9 9 8 10 18 19 1 1 8 10 8 10 1 1 7 1 8 1 17
split_gain=3978.28 828.02 279.36 249.493 186.518 164.389 129.949 191.824 127.278 117.313 101.098 80.3993 67.8056 93.1875 66.348 72.9698 63.0658 61.2818 56.7563 55.0225 56.2697 37.2872 27.2759 68.8023 20.1667 27.6937 19.978 17.0144 10.5037 29.2128
threshold=1.0000000180025095e-35 3.2000000000000006 28.350000000000005 30.425000000000004 685.00000000000011 15.500000000000002 -0.49812626372919411 24.150000000000006 -0.79382744783423187 0.81925054981890411 0.99983759474438971 0.72695311118111527 -0.99275805973510278 278.50000000000006 0.28313308994381592 24.500000000000004 3.699999999999998 15.750000000000002 34.150000000000013 294.50000000000006 -0.88620506325989179 362.50000000000006 -0.94137724084408114 31.050000000000008 31.950000000000003 7.5000000000000009 29.333333333333339 170.50000000000003 20.825000000000006 22.500000000000004
decision_type=2 2 2 2 2 2 2 2 2 2 2 2 2 2 2 2 2 2 2 2 2 2 2 2 2 2 2 2 2 2
left_child=28 3 4 5 9 10 8 -8 -7 11 21 -3 13 18 15 -6 -11 -16 -4 20 -14 -2 23 27 -24 -26 -21 -5 29 -1
right_child=1 2 12 22 14 6 7 -9 -10 16 -12 -13 19 -15 17 -17 -18 -19 -20 26 -22 -23 24 -25 25 -27 -28 -29 -30 -31
leaf_value=0.00048741322954789774 0 0 0 0 0 0 0 0 0 0 6.8667614047820962e-06 0 0 0 3.4333807023910481e-06 0 0 0 0 3.4333807023910481e-06 0 3.4333807023910481e-06 3.8042999472472083e-06 4.0045262602601826e-06 9.850199953994472e-06 -3.2539984142388149e-05 -4.8610644860804272e-05 0 -0.00044401034747342254 0.065796125743959766
leaf_weight=18788 2775 12598 1533 239 368 2334 7459 5318 2866 624 142 1138 7464 269 70 178 5107 982 130 1024 14679 49 798 302 58 53 815 101 64600 4376
leaf_count=18788 2775 12598 1533 239 368 2334 7459 5318 2866 624 142 1138 7464 269 70 178 5107 982 130 1024 14679 49 798 302 58 53 815 101 64600 4376
internal_value=-0.00700004 -0.0159391 -0.0121619 -0.0238277 -0.0164384 -0.0252607 -0.0234614 -0.0207494 -0.030125 -0.0150904 -0.0361666 -0.0175976 -0.00868565 -0.0176967 -0.0328598 -0.0187179 -0.00908131 -0.0401996 -0.0132802 -0.00795972 -0.00864991 -0.0382365 -0.00447776 -0.0123676 0.00109461 -0.0188739 0.000350734 -0.0277941 7.59995e-05 0.000989467
internal_weight=157237 69473 46979 22494 21065 20943 17977 12777 5200 19467 2966 13736 25914 1932 1598 546 5731 1052 1663 23982 22143 2824 1551 642 909 111 1839 340 87764 23164
internal_count=157237 69473 46979 22494 21065 20943 17977 12777 5200 19467 2966 13736 25914 1932 1598 546 5731 1052 1663 23982 22143 2824 1551 642 909 111 1839 340 87764 23164
is_linear=0
shrinkage=0.05


Tree=143
num_leaves=31
num_cat=0
split_feature=16 19 1 1 16 18 10 1 10 9 9 9 9 8 10 18 19 1 1 8 10 8 10 1 1 7 1 8 1 17
split_gain=3970.08 828.02 279.36 249.493 186.518 164.389 129.949 191.824 127.278 117.313 101.098 80.3993 67.8056 93.1875 66.348 72.9698 63.0658 61.2818 56.7563 55.0225 56.2697 37.2872 27.2759 68.8023 20.1667 27.6937 19.978 17.0144 10.6675 29.2191
threshold=1.0000000180025095e-35 3.2000000000000006 28.350000000000005 30.425000000000004 685.00000000000011 15.500000000000002 -0.49812626372919411 24.150000000000006 -0.79382744783423187 0.81925054981890411 0.99983759474438971 0.72695311118111527 -0.99275805973510278 278.50000000000006 0.28313308994381592 24.500000000000004 3.699999999999998 15.750000000000002 34.150000000000013 294.50000000000006 -0.88620506325989179 362.50000000000006 -0.94137724084408114 31.050000000000008 31.950000000000003 7.5000000000000009 29.333333333333339 170.50000000000003 19.950000000000003 19.500000000000004
decision_type=2 2 2 2 2 2 2 2 2 2 2 2 2 2 2 2 2 2 2 2 2 2 2 2 2 2 2 2 2 2
left_child=28 3 4 5 9 10 8 -8 -7 11 21 -3 13 18 15 -6 -11 -16 -4 20 -14 -2 23 27 -24 -26 -21 -5 29 -1
right_child=1 2 12 22 14 6 7 -9 -10 16 -12 -13 19 -15 17 -17 -18 -19 -20 26 -22 -23 24 -25 25 -27 -28 -29 -30 -31
leaf_value=-0.0026101467904897165 0 0 0 0 0 0 0 0 0 0 6.5234233345423664e-06 0 0 0 3.2617116672711832e-06 0 0 0 0 3.2617116672711832e-06 0 3.2617116672711832e-06 3.6140849498850217e-06 3.8042999472472083e-06 9.35768995629499e-06 -3.0912984935268745e-05 -4.6180112617764061e-05 0 -0.00042180983009975086 0.013144846394375242
leaf_weight=8662 2775 12598 1533 239 368 2334 7459 5318 2866 624 142 1138 7464 269 70 178 5107 982 130 1024 14679 49 798 302 58 53 815 101 67986 11116
leaf_count=8662 2775 12598 1533 239 368 2334 7459 5318 2866 624 142 1138 7464 269 70 178 5107 982 130 1024 14679 49 798 302 58 53 815 101 67986 11116
internal_value=-0.00700926 -0.0159391 -0.0121619 -0.0238277 -0.0164384 -0.0252607 -0.0234614 -0.0207494 -0.030125 -0.0150904 -0.0361666 -0.0175976 -0.00868565 -0.0176967 -0.0328598 -0.0187179 -0.00908131 -0.0401996 -0.0132802 -0.00795972 -0.00864991 -0.0382365 -0.00447776 -0.0123676 0.00109461 -0.0188739 0.000350734 -0.0277941 5.94779e-05 0.0010815
internal_weight=157237 69473 46979 22494 21065 20943 17977 12777 5200 19467 2966 13736 25914 1932 1598 546 5731 1052 1663 23982 22143 2824 1551 642 909 111 1839 340 87764 19778
internal_count=157237 69473 46979 22494 21065 20943 17977 12777 5200 19467 2966 13736 25914 1932 1598 546 5731 1052 1663 23982 22143 2824 1551 642 909 111 1839 340 87764 19778
is_linear=0
shrinkage=0.05


Tree=144
num_leaves=31
num_cat=0
split_feature=16 19 1 1 16 18 10 1 10 9 9 9 9 8 10 18 19 1 1 8 10 8 10 1 1 7 1 8 0 8
split_gain=3965.27 828.02 279.36 249.493 186.518 164.389 129.949 191.824 127.278 117.313 101.098 80.3993 67.8056 93.1875 66.348 72.9698 63.0658 61.2818 56.7563 55.0225 56.2697 37.2872 27.2759 68.8023 20.1667 27.6937 19.978 17.0144 10.079 27.857
threshold=1.0000000180025095e-35 3.2000000000000006 28.350000000000005 30.425000000000004 685.00000000000011 15.500000000000002 -0.49812626372919411 24.150000000000006 -0.79382744783423187 0.81925054981890411 0.99983759474438971 0.72695311118111527 -0.99275805973510278 278.50000000000006 0.28313308994381592 24.500000000000004 3.699999999999998 15.750000000000002 34.150000000000013 294.50000000000006 -0.88620506325989179 362.50000000000006 -0.94137724084408114 31.050000000000008 31.950000000000003 7.5000000000000009 29.333333333333339 170.50000000000003 15.325000000000005 16.500000000000004
decision_type=2 2 2 2 2 2 2 2 2 2 2 2 2 2 2 2 2 2 2 2 2 2 2 2 2 2 2 2 2 2
left_child=28 3 4 5 9 10 8 -8 -7 11 21 -3 13 18 15 -6 -11 -16 -4 20 -14 -2 23 27 -24 -26 -21 -5 29 -1
right_child=1 2 12 22 14 6 7 -9 -10 16 -12 -13 19 -15 17 -17 -18 -19 -20 26 -22 -23 24 -25 25 -27 -28 -29 -30 -31
leaf_value=-0.042518654815227146 0 0 0 0 0 0 0 0 0 0 6.1972521678152486e-06 0 0 0 3.0986260839076243e-06 0 0 0 0 3.0986260839076243e-06 0 3.0986260839076243e-06 3.4333807023910481e-06 3.6140849498850217e-06 8.8898054584798942e-06 -2.9367335688505305e-05 -4.3871106986875861e-05 0 -0.00017632779781939919 0.0083471252111062214
leaf_weight=178 2775 12598 1533 239 368 2334 7459 5318 2866 624 142 1138 7464 269 70 178 5107 982 130 1024 14679 49 798 302 58 53 815 101 82777 4809
leaf_count=178 2775 12598 1533 239 368 2334 7459 5318 2866 624 142 1138 7464 269 70 178 5107 982 130 1024 14679 49 798 302 58 53 815 101 82777 4809
internal_value=-0.00701467 -0.0159391 -0.0121619 -0.0238277 -0.0164384 -0.0252607 -0.0234614 -0.0207494 -0.030125 -0.0150904 -0.0361666 -0.0175976 -0.00868565 -0.0176967 -0.0328598 -0.0187179 -0.00908131 -0.0401996 -0.0132802 -0.00795972 -0.00864991 -0.0382365 -0.00447776 -0.0123676 0.00109461 -0.0188739 0.000350734 -0.0277941 4.97928e-05 0.00223281
internal_weight=157237 69473 46979 22494 21065 20943 17977 12777 5200 19467 2966 13736 25914 1932 1598 546 5731 1052 1663 23982 22143 2824 1551 642 909 111 1839 340 87764 4987
internal_count=157237 69473 46979 22494 21065 20943 17977 12777 5200 19467 2966 13736 25914 1932 1598 546 5731 1052 1663 23982 22143 2824 1551 642 909 111 1839 340 87764 4987
is_linear=0
shrinkage=0.05


Tree=145
num_leaves=31
num_cat=0
split_feature=16 19 1 1 16 18 10 1 10 9 9 9 9 8 10 18 19 1 1 8 10 8 10 1 1 7 1 8 0 8
split_gain=3966.4 828.02 279.36 249.493 186.518 164.389 129.949 191.824 127.278 117.313 101.098 80.3993 67.8056 93.1875 66.348 72.9698 63.0658 61.2818 56.7563 55.0225 56.2697 37.2872 27.2759 68.8023 20.1667 27.6937 19.978 17.0144 10.1507 26.2968
threshold=1.0000000180025095e-35 3.2000000000000006 28.350000000000005 30.425000000000004 685.00000000000011 15.500000000000002 -0.49812626372919411 24.150000000000006 -0.79382744783423187 0.81925054981890411 0.99983759474438971 0.72695311118111527 -0.99275805973510278 278.50000000000006 0.28313308994381592 24.500000000000004 3.699999999999998 15.750000000000002 34.150000000000013 294.50000000000006 -0.88620506325989179 362.50000000000006 -0.94137724084408114 31.050000000000008 31.950000000000003 7.5000000000000009 29.333333333333339 170.50000000000003 15.325000000000005 16.500000000000004
decision_type=2 2 2 2 2 2 2 2 2 2 2 2 2 2 2 2 2 2 2 2 2 2 2 2 2 2 2 2 2 2
left_child=28 3 4 5 9 10 8 -8 -7 11 21 -3 13 18 15 -6 -11 -16 -4 20 -14 -2 23 27 -24 -26 -21 -5 29 -1
right_child=1 2 12 22 14 6 7 -9 -10 16 -12 -13 19 -15 17 -17 -18 -19 -20 26 -22 -23 24 -25 25 -27 -28 -29 -30 -31
leaf_value=-0.040392722074465787 0 0 0 0 0 0 0 0 0 0 5.8873895594238617e-06 0 0 0 2.9436947797119309e-06 0 0 0 0 2.9436947797119309e-06 0 2.9436947797119309e-06 3.2617116672711832e-06 3.4333807023910481e-06 8.4453151855561074e-06 -2.7898968904080038e-05 -4.1677551637532068e-05 0 -0.00016751140792842928 0.0079297689505509091
leaf_weight=178 2775 12598 1533 239 368 2334 7459 5318 2866 624 142 1138 7464 269 70 178 5107 982 130 1024 14679 49 798 302 58 53 815 101 82777 4809
leaf_count=178 2775 12598 1533 239 368 2334 7459 5318 2866 624 142 1138 7464 269 70 178 5107 982 130 1024 14679 49 798 302 58 53 815 101 82777 4809
internal_value=-0.00701339 -0.0159391 -0.0121619 -0.0238277 -0.0164384 -0.0252607 -0.0234614 -0.0207494 -0.030125 -0.0150904 -0.0361666 -0.0175976 -0.00868565 -0.0176967 -0.0328598 -0.0187179 -0.00908131 -0.0401996 -0.0132802 -0.00795972 -0.00864991 -0.0382365 -0.00447776 -0.0123676 0.00109461 -0.0188739 0.000350734 -0.0277941 5.20716e-05 0.00224283
internal_weight=157237 69473 46979 22494 21065 20943 17977 12777 5200 19467 2966 13736 25914 1932 1598 546 5731 1052 1663 23982 22143 2824 1551 642 909 111 1839 340 87764 4987
internal_count=157237 69473 46979 22494 21065 20943 17977 12777 5200 19467 2966 13736 25914 1932 1598 546 5731 1052 1663 23982 22143 2824 1551 642 909 111 1839 340 87764 4987
is_linear=0
shrinkage=0.05


Tree=146
num_leaves=31
num_cat=0
split_feature=16 19 1 1 16 18 10 1 10 9 9 9 9 8 10 18 19 1 1 8 10 8 10 1 1 7 1 8 8 8
split_gain=3965.27 828.02 279.36 249.493 186.518 164.389 129.949 191.824 127.278 117.313 101.098 80.3993 67.8056 93.1875 66.348 72.9698 63.0658 61.2818 56.7563 55.0225 56.2697 37.2872 27.2759 68.8023 20.1667 27.6937 19.978 17.0144 9.8202 29.5559
threshold=1.0000000180025095e-35 3.2000000000000006 28.350000000000005 30.425000000000004 685.00000000000011 15.500000000000002 -0.49812626372919411 24.150000000000006 -0.79382744783423187 0.81925054981890411 0.99983759474438971 0.72695311118111527 -0.99275805973510278 278.50000000000006 0.28313308994381592 24.500000000000004 3.699999999999998 15.750000000000002 34.150000000000013 294.50000000000006 -0.88620506325989179 362.50000000000006 -0.94137724084408114 31.050000000000008 31.950000000000003 7.5000000000000009 29.333333333333339 170.50000000000003 8.5000000000000018 18.500000000000004
decision_type=2 2 2 2 2 2 2 2 2 2 2 2 2 2 2 2 2 2 2 2 2 2 2 2 2 2 2 2 2 2
left_child=28 3 4 5 9 10 8 -8 -7 11 21 -3 13 18 15 -6 -11 -16 -4 20 -14 -2 23 27 -24 -26 -21 -5 -1 -30
right_child=1 2 12 22 14 6 7 -9 -10 16 -12 -13 19 -15 17 -17 -18 -19 -20 26 -22 -23 24 -25 25 -27 -28 -29 29 -31
leaf_value=0.012563997211956435 0 0 0 0 0 0 0 0 0 0 5.5930200814527382e-06 0 0 0 2.7965100407263691e-06 0 0 0 0 2.7965100407263691e-06 0 2.7965100407263691e-06 3.0986260839076243e-06 3.2617116672711832e-06 8.0230494262784058e-06 -2.6504020458876037e-05 -3.9593674055655461e-05 0 -0.019897797340801424 0.00015085138257325804
leaf_weight=1962 2775 12598 1533 239 368 2334 7459 5318 2866 624 142 1138 7464 269 70 178 5107 982 130 1024 14679 49 798 302 58 53 815 101 2465 83337
leaf_count=1962 2775 12598 1533 239 368 2334 7459 5318 2866 624 142 1138 7464 269 70 178 5107 982 130 1024 14679 49 798 302 58 53 815 101 2465 83337
internal_value=-0.00701467 -0.0159391 -0.0121619 -0.0238277 -0.0164384 -0.0252607 -0.0234614 -0.0207494 -0.030125 -0.0150904 -0.0361666 -0.0175976 -0.00868565 -0.0176967 -0.0328598 -0.0187179 -0.00908131 -0.0401996 -0.0132802 -0.00795972 -0.00864991 -0.0382365 -0.00447776 -0.0123676 0.00109461 -0.0188739 0.000350734 -0.0277941 4.97928e-05 -3.01856e-05
internal_weight=157237 69473 46979 22494 21065 20943 17977 12777 5200 19467 2966 13736 25914 1932 1598 546 5731 1052 1663 23982 22143 2824 1551 642 909 111 1839 340 87764 85802
internal_count=157237 69473 46979 22494 21065 20943 17977 12777 5200 19467 2966 13736 25914 1932 1598 546 5731 1052 1663 23982 22143 2824 1551 642 909 111 1839 340 87764 85802
is_linear=0
shrinkage=0.05


Tree=147
num_leaves=31
num_cat=0
split_feature=16 19 1 1 16 18 10 1 10 9 9 9 9 8 10 18 19 1 1 8 10 8 10 1 1 7 1 8 1 17
split_gain=3968.94 828.02 279.36 249.493 186.518 164.389 129.949 191.824 127.278 117.313 101.098 80.3993 67.8056 93.1875 66.348 72.9698 63.0658 61.2818 56.7563 55.0225 56.2697 37.2872 27.2759 68.8023 20.1667 27.6937 19.978 17.0144 9.83486 28.3892
threshold=1.0000000180025095e-35 3.2000000000000006 28.350000000000005 30.425000000000004 685.00000000000011 15.500000000000002 -0.49812626372919411 24.150000000000006 -0.79382744783423187 0.81925054981890411 0.99983759474438971 0.72695311118111527 -0.99275805973510278 278.50000000000006 0.28313308994381592 24.500000000000004 3.699999999999998 15.750000000000002 34.150000000000013 294.50000000000006 -0.88620506325989179 362.50000000000006 -0.94137724084408114 31.050000000000008 31.950000000000003 7.5000000000000009 29.333333333333339 170.50000000000003 19.950000000000003 21.500000000000004
decision_type=2 2 2 2 2 2 2 2 2 2 2 2 2 2 2 2 2 2 2 2 2 2 2 2 2 2 2 2 2 2
left_child=28 3 4 5 9 10 8 -8 -7 11 21 -3 13 18 15 -6 -11 -16 -4 20 -14 -2 23 27 -24 -26 -21 -5 29 -1
right_child=1 2 12 22 14 6 7 -9 -10 16 -12 -13 19 -15 17 -17 -18 -19 -20 26 -22 -23 24 -25 25 -27 -28 -29 -30 -31
leaf_value=0.00012803950682993838 0 0 0 0 0 0 0 0 0 0 5.3133690773796149e-06 0 0 0 2.6566845386898075e-06 0 0 0 0 2.6566845386898075e-06 0 2.6566845386898075e-06 2.9436947797119309e-06 3.0986260839076243e-06 7.6218969549644855e-06 -2.5178819435932234e-05 -3.7613990352872688e-05 0 -0.00039106994743602912 0.043194305585919537
leaf_weight=15527 2775 12598 1533 239 368 2334 7459 5318 2866 624 142 1138 7464 269 70 178 5107 982 130 1024 14679 49 798 302 58 53 815 101 67986 4251
leaf_count=15527 2775 12598 1533 239 368 2334 7459 5318 2866 624 142 1138 7464 269 70 178 5107 982 130 1024 14679 49 798 302 58 53 815 101 67986 4251
internal_value=-0.00701053 -0.0159391 -0.0121619 -0.0238277 -0.0164384 -0.0252607 -0.0234614 -0.0207494 -0.030125 -0.0150904 -0.0361666 -0.0175976 -0.00868565 -0.0176967 -0.0328598 -0.0187179 -0.00908131 -0.0401996 -0.0132802 -0.00795972 -0.00864991 -0.0382365 -0.00447776 -0.0123676 0.00109461 -0.0188739 0.000350734 -0.0277941 5.7199e-05 0.00103853
internal_weight=157237 69473 46979 22494 21065 20943 17977 12777 5200 19467 2966 13736 25914 1932 1598 546 5731 1052 1663 23982 22143 2824 1551 642 909 111 1839 340 87764 19778
internal_count=157237 69473 46979 22494 21065 20943 17977 12777 5200 19467 2966 13736 25914 1932 1598 546 5731 1052 1663 23982 22143 2824 1551 642 909 111 1839 340 87764 19778
is_linear=0
shrinkage=0.05


Tree=148
num_leaves=31
num_cat=0
split_feature=16 19 1 1 16 18 10 1 10 9 9 9 9 8 10 18 19 1 1 8 10 8 10 1 1 7 1 8 9 1
split_gain=3969.23 828.02 279.36 249.493 186.518 164.389 129.949 191.824 127.278 117.313 101.098 80.3993 67.8056 93.1875 66.348 72.9698 63.0658 61.2818 56.7563 55.0225 56.2697 37.2872 27.2759 68.8023 20.1667 27.6937 19.978 17.0144 9.75833 31.2007
threshold=1.0000000180025095e-35 3.2000000000000006 28.350000000000005 30.425000000000004 685.00000000000011 15.500000000000002 -0.49812626372919411 24.150000000000006 -0.79382744783423187 0.81925054981890411 0.99983759474438971 0.72695311118111527 -0.99275805973510278 278.50000000000006 0.28313308994381592 24.500000000000004 3.699999999999998 15.750000000000002 34.150000000000013 294.50000000000006 -0.88620506325989179 362.50000000000006 -0.94137724084408114 31.050000000000008 31.950000000000003 7.5000000000000009 29.333333333333339 170.50000000000003 0.99907018497641664 21.550000000000008
decision_type=2 2 2 2 2 2 2 2 2 2 2 2 2 2 2 2 2 2 2 2 2 2 2 2 2 2 2 2 2 2
left_child=28 3 4 5 9 10 8 -8 -7 11 21 -3 13 18 15 -6 -11 -16 -4 20 -14 -2 23 27 -24 -26 -21 -5 -1 -30
right_child=1 2 12 22 14 6 7 -9 -10 16 -12 -13 19 -15 17 -17 -18 -19 -20 26 -22 -23 24 -25 25 -27 -28 -29 29 -31
leaf_value=0.00013100324085976991 0 0 0 0 0 0 0 0 0 0 5.0477006235102876e-06 0 0 0 2.5238503117551438e-06 0 0 0 0 2.5238503117551438e-06 0 2.5238503117551438e-06 2.7965100407263691e-06 2.9436947797119309e-06 7.2408021072160877e-06 -2.3919878464135621e-05 -3.5733290835229053e-05 0 -0.030455314649583589 0.0061692828372571281
leaf_weight=86805 2775 12598 1533 239 368 2334 7459 5318 2866 624 142 1138 7464 269 70 178 5107 982 130 1024 14679 49 798 302 58 53 815 101 383 576
leaf_count=86805 2775 12598 1533 239 368 2334 7459 5318 2866 624 142 1138 7464 269 70 178 5107 982 130 1024 14679 49 798 302 58 53 815 101 383 576
internal_value=-0.00701021 -0.0159391 -0.0121619 -0.0238277 -0.0164384 -0.0252607 -0.0234614 -0.0207494 -0.030125 -0.0150904 -0.0361666 -0.0175976 -0.00868565 -0.0176967 -0.0328598 -0.0187179 -0.00908131 -0.0401996 -0.0132802 -0.00795972 -0.00864991 -0.0382365 -0.00447776 -0.0123676 0.00109461 -0.0188739 0.000350734 -0.0277941 5.77687e-05 -0.00495829
internal_weight=157237 69473 46979 22494 21065 20943 17977 12777 5200 19467 2966 13736 25914 1932 1598 546 5731 1052 1663 23982 22143 2824 1551 642 909 111 1839 340 87764 959
internal_count=157237 69473 46979 22494 21065 20943 17977 12777 5200 19467 2966 13736 25914 1932 1598 546 5731 1052 1663 23982 22143 2824 1551 642 909 111 1839 340 87764 959
is_linear=0
shrinkage=0.05


Tree=149
num_leaves=31
num_cat=0
split_feature=16 19 1 1 16 18 10 1 10 9 9 9 9 8 10 18 19 1 1 8 10 8 10 1 1 7 1 8 10 10
split_gain=3968.94 828.02 279.36 249.493 186.518 164.389 129.949 191.824 127.278 117.313 101.098 80.3993 67.8056 93.1875 66.348 72.9698 63.0658 61.2818 56.7563 55.0225 56.2697 37.2872 27.2759 68.8023 20.1667 27.6937 19.978 17.0144 9.73462 24.8171
threshold=1.0000000180025095e-35 3.2000000000000006 28.350000000000005 30.425000000000004 685.00000000000011 15.500000000000002 -0.49812626372919411 24.150000000000006 -0.79382744783423187 0.81925054981890411 0.99983759474438971 0.72695311118111527 -0.99275805973510278 278.50000000000006 0.28313308994381592 24.500000000000004 3.699999999999998 15.750000000000002 34.150000000000013 294.50000000000006 -0.88620506325989179 362.50000000000006 -0.94137724084408114 31.050000000000008 31.950000000000003 7.5000000000000009 29.333333333333339 170.50000000000003 0.99249573635719013 0.94909129669788206
decision_type=2 2 2 2 2 2 2 2 2 2 2 2 2 2 2 2 2 2 2 2 2 2 2 2 2 2 2 2 2 2
left_child=28 3 4 5 9 10 8 -8 -7 11 21 -3 13 18 15 -6 -11 -16 -4 20 -14 -2 23 27 -24 -26 -21 -5 29 -1
right_child=1 2 12 22 14 6 7 -9 -10 16 -12 -13 19 -15 17 -17 -18 -19 -20 26 -22 -23 24 -25 25 -27 -28 -29 -30 -31
leaf_value=0.00026951198963290346 0 0 0 0 0 0 0 0 0 0 4.7953155923347037e-06 0 0 0 2.3976577961673518e-06 0 0 0 0 2.3976577961673518e-06 0 2.3976577961673518e-06 2.6566845386898075e-06 2.7965100407263691e-06 6.8787620018551101e-06 -2.2723884540928844e-05 -3.3946626293467604e-05 0 0.0078654103814441156 -0.0098897361076292073
leaf_weight=78597 2775 12598 1533 239 368 2334 7459 5318 2866 624 142 1138 7464 269 70 178 5107 982 130 1024 14679 49 798 302 58 53 815 101 3713 5454
leaf_count=78597 2775 12598 1533 239 368 2334 7459 5318 2866 624 142 1138 7464 269 70 178 5107 982 130 1024 14679 49 798 302 58 53 815 101 3713 5454
internal_value=-0.00701053 -0.0159391 -0.0121619 -0.0238277 -0.0164384 -0.0252607 -0.0234614 -0.0207494 -0.030125 -0.0150904 -0.0361666 -0.0175976 -0.00868565 -0.0176967 -0.0328598 -0.0187179 -0.00908131 -0.0401996 -0.0132802 -0.00795972 -0.00864991 -0.0382365 -0.00447776 -0.0123676 0.00109461 -0.0188739 0.000350734 -0.0277941 5.7199e-05 -5.34792e-05
internal_weight=157237 69473 46979 22494 21065 20943 17977 12777 5200 19467 2966 13736 25914 1932 1598 546 5731 1052 1663 23982 22143 2824 1551 642 909 111 1839 340 87764 84051
internal_count=157237 69473 46979 22494 21065 20943 17977 12777 5200 19467 2966 13736 25914 1932 1598 546 5731 1052 1663 23982 22143 2824 1551 642 909 111 1839 340 87764 84051
is_linear=0
shrinkage=0.05


Tree=150
num_leaves=31
num_cat=0
split_feature=16 19 1 1 16 18 10 1 10 9 9 9 9 8 10 18 19 1 1 8 10 8 10 1 1 7 1 8 1 17
split_gain=3970.36 828.02 279.36 249.493 186.518 164.389 129.949 191.824 127.278 117.313 101.098 80.3993 67.8056 93.1875 66.348 72.9698 63.0658 61.2818 56.7563 55.0225 56.2697 37.2872 27.2759 68.8023 20.1667 27.6937 19.978 17.0144 10.1347 27.5644
threshold=1.0000000180025095e-35 3.2000000000000006 28.350000000000005 30.425000000000004 685.00000000000011 15.500000000000002 -0.49812626372919411 24.150000000000006 -0.79382744783423187 0.81925054981890411 0.99983759474438971 0.72695311118111527 -0.99275805973510278 278.50000000000006 0.28313308994381592 24.500000000000004 3.699999999999998 15.750000000000002 34.150000000000013 294.50000000000006 -0.88620506325989179 362.50000000000006 -0.94137724084408114 31.050000000000008 31.950000000000003 7.5000000000000009 29.333333333333339 170.50000000000003 19.950000000000003 21.500000000000004
decision_type=2 2 2 2 2 2 2 2 2 2 2 2 2 2 2 2 2 2 2 2 2 2 2 2 2 2 2 2 2 2
left_child=28 3 4 5 9 10 8 -8 -7 11 21 -3 13 18 15 -6 -11 -16 -4 20 -14 -2 23 27 -24 -26 -21 -5 29 -1
right_child=1 2 12 22 14 6 7 -9 -10 16 -12 -13 19 -15 17 -17 -18 -19 -20 26 -22 -23 24 -25 25 -27 -28 -29 -30 -31
leaf_value=0.00010161176996380528 0 0 0 0 0 0 0 0 0 0 4.5555498127181074e-06 0 0 0 2.2777749063590537e-06 0 0 0 0 2.2777749063590537e-06 0 2.2777749063590537e-06 2.5238503117551438e-06 2.6566845386898075e-06 6.5348239017624938e-06 -2.15876903138824e-05 -3.2249294978794221e-05 0 -0.00039154221158885786 0.041014565548379976
leaf_weight=15527 2775 12598 1533 239 368 2334 7459 5318 2866 624 142 1138 7464 269 70 178 5107 982 130 1024 14679 49 798 302 58 53 815 101 67986 4251
leaf_count=15527 2775 12598 1533 239 368 2334 7459 5318 2866 624 142 1138 7464 269 70 178 5107 982 130 1024 14679 49 798 302 58 53 815 101 67986 4251
internal_value=-0.00700894 -0.0159391 -0.0121619 -0.0238277 -0.0164384 -0.0252607 -0.0234614 -0.0207494 -0.030125 -0.0150904 -0.0361666 -0.0175976 -0.00868565 -0.0176967 -0.0328598 -0.0187179 -0.00908131 -0.0401996 -0.0132802 -0.00795972 -0.00864991 -0.0382365 -0.00447776 -0.0123676 0.00109461 -0.0188739 0.000350734 -0.0277941 6.00476e-05 0.00105622
internal_weight=157237 69473 46979 22494 21065 20943 17977 12777 5200 19467 2966 13736 25914 1932 1598 546 5731 1052 1663 23982 22143 2824 1551 642 909 111 1839 340 87764 19778
internal_count=157237 69473 46979 22494 21065 20943 17977 12777 5200 19467 2966 13736 25914 1932 1598 546 5731 1052 1663 23982 22143 2824 1551 642 909 111 1839 340 87764 19778
is_linear=0
shrinkage=0.05


Tree=151
num_leaves=31
num_cat=0
split_feature=16 19 1 1 16 18 10 1 10 9 9 9 9 8 10 18 19 1 1 8 10 8 10 1 1 7 1 8 1 17
split_gain=3971.49 828.02 279.36 249.493 186.518 164.389 129.949 191.824 127.278 117.313 101.098 80.3993 67.8056 93.1875 66.348 72.9698 63.0658 61.2818 56.7563 55.0225 56.2697 37.2872 27.2759 68.8023 20.1667 27.6937 19.978 17.0144 10.0372 27.4219
threshold=1.0000000180025095e-35 3.2000000000000006 28.350000000000005 30.425000000000004 685.00000000000011 15.500000000000002 -0.49812626372919411 24.150000000000006 -0.79382744783423187 0.81925054981890411 0.99983759474438971 0.72695311118111527 -0.99275805973510278 278.50000000000006 0.28313308994381592 24.500000000000004 3.699999999999998 15.750000000000002 34.150000000000013 294.50000000000006 -0.88620506325989179 362.50000000000006 -0.94137724084408114 31.050000000000008 31.950000000000003 7.5000000000000009 29.333333333333339 170.50000000000003 19.950000000000003 21.500000000000004
decision_type=2 2 2 2 2 2 2 2 2 2 2 2 2 2 2 2 2 2 2 2 2 2 2 2 2 2 2 2 2 2
left_child=28 3 4 5 9 10 8 -8 -7 11 21 -3 13 18 15 -6 -11 -16 -4 20 -14 -2 23 27 -24 -26 -21 -5 29 -1
right_child=1 2 12 22 14 6 7 -9 -10 16 -12 -13 19 -15 17 -17 -18 -19 -20 26 -22 -23 24 -25 25 -27 -28 -29 -30 -31
leaf_value=9.6531181465614468e-05 0 0 0 0 0 0 0 0 0 0 4.3277723220824795e-06 0 0 0 2.1638861610412397e-06 0 0 0 0 2.1638861610412397e-06 0 2.1638861610412397e-06 2.3976577961673518e-06 2.5238503117551438e-06 6.2080827066740566e-06 -2.0508305798188283e-05 -3.0636830229854513e-05 0 -0.0003719651010094194 0.038963837270960977
leaf_weight=15527 2775 12598 1533 239 368 2334 7459 5318 2866 624 142 1138 7464 269 70 178 5107 982 130 1024 14679 49 798 302 58 53 815 101 67986 4251
leaf_count=15527 2775 12598 1533 239 368 2334 7459 5318 2866 624 142 1138 7464 269 70 178 5107 982 130 1024 14679 49 798 302 58 53 815 101 67986 4251
internal_value=-0.00700767 -0.0159391 -0.0121619 -0.0238277 -0.0164384 -0.0252607 -0.0234614 -0.0207494 -0.030125 -0.0150904 -0.0361666 -0.0175976 -0.00868565 -0.0176967 -0.0328598 -0.0187179 -0.00908131 -0.0401996 -0.0132802 -0.00795972 -0.00864991 -0.0382365 -0.00447776 -0.0123676 0.00109461 -0.0188739 0.000350734 -0.0277941 6.23264e-05 0.0010537
internal_weight=157237 69473 46979 22494 21065 20943 17977 12777 5200 19467 2966 13736 25914 1932 1598 546 5731 1052 1663 23982 22143 2824 1551 642 909 111 1839 340 87764 19778
internal_count=157237 69473 46979 22494 21065 20943 17977 12777 5200 19467 2966 13736 25914 1932 1598 546 5731 1052 1663 23982 22143 2824 1551 642 909 111 1839 340 87764 19778
is_linear=0
shrinkage=0.05


Tree=152
num_leaves=31
num_cat=0
split_feature=16 19 1 1 16 18 10 1 10 9 9 9 9 8 10 18 19 1 1 8 10 8 10 1 1 7 1 8 0 8
split_gain=3957.93 828.02 279.36 249.493 186.518 164.389 129.949 191.824 127.278 117.313 101.098 80.3993 67.8056 93.1875 66.348 72.9698 63.0658 61.2818 56.7563 55.0225 56.2697 37.2872 27.2759 68.8023 20.1667 27.6937 19.978 17.0144 10.0307 24.6732
threshold=1.0000000180025095e-35 3.2000000000000006 28.350000000000005 30.425000000000004 685.00000000000011 15.500000000000002 -0.49812626372919411 24.150000000000006 -0.79382744783423187 0.81925054981890411 0.99983759474438971 0.72695311118111527 -0.99275805973510278 278.50000000000006 0.28313308994381592 24.500000000000004 3.699999999999998 15.750000000000002 34.150000000000013 294.50000000000006 -0.88620506325989179 362.50000000000006 -0.94137724084408114 31.050000000000008 31.950000000000003 7.5000000000000009 29.333333333333339 170.50000000000003 15.325000000000005 16.500000000000004
decision_type=2 2 2 2 2 2 2 2 2 2 2 2 2 2 2 2 2 2 2 2 2 2 2 2 2 2 2 2 2 2
left_child=28 3 4 5 9 10 8 -8 -7 11 21 -3 13 18 15 -6 -11 -16 -4 20 -14 -2 23 27 -24 -26 -21 -5 29 -1
right_child=1 2 12 22 14 6 7 -9 -10 16 -12 -13 19 -15 17 -17 -18 -19 -20 26 -22 -23 24 -25 25 -27 -28 -29 -30 -31
leaf_value=-0.036906568583276921 0 0 0 0 0 0 0 0 0 0 4.1113837059778002e-06 0 0 0 2.0556918529889001e-06 0 0 0 0 2.0556918529889001e-06 0 2.0556918529889001e-06 2.2777749063590537e-06 2.3976577961673518e-06 5.8976785713406315e-06 -1.9482890508278866e-05 -2.9104988718361786e-05 0 -0.00023738999689055796 0.0079973654543202162
leaf_weight=178 2775 12598 1533 239 368 2334 7459 5318 2866 624 142 1138 7464 269 70 178 5107 982 130 1024 14679 49 798 302 58 53 815 101 82777 4809
leaf_count=178 2775 12598 1533 239 368 2334 7459 5318 2866 624 142 1138 7464 269 70 178 5107 982 130 1024 14679 49 798 302 58 53 815 101 82777 4809
internal_value=-0.00702293 -0.0159391 -0.0121619 -0.0238277 -0.0164384 -0.0252607 -0.0234614 -0.0207494 -0.030125 -0.0150904 -0.0361666 -0.0175976 -0.00868565 -0.0176967 -0.0328598 -0.0187179 -0.00908131 -0.0401996 -0.0132802 -0.00795972 -0.00864991 -0.0382365 -0.00447776 -0.0123676 0.00109461 -0.0188739 0.000350734 -0.0277941 3.49804e-05 0.00221275
internal_weight=157237 69473 46979 22494 21065 20943 17977 12777 5200 19467 2966 13736 25914 1932 1598 546 5731 1052 1663 23982 22143 2824 1551 642 909 111 1839 340 87764 4987
internal_count=157237 69473 46979 22494 21065 20943 17977 12777 5200 19467 2966 13736 25914 1932 1598 546 5731 1052 1663 23982 22143 2824 1551 642 909 111 1839 340 87764 4987
is_linear=0
shrinkage=0.05


Tree=153
num_leaves=31
num_cat=0
split_feature=16 19 1 1 16 18 10 1 10 9 9 9 9 8 10 18 19 1 1 8 10 8 10 1 1 7 1 8 9 8
split_gain=3962.45 828.02 279.36 249.493 186.518 164.389 129.949 191.824 127.278 117.313 101.098 80.3993 67.8056 93.1875 66.348 72.9698 63.0658 61.2818 56.7563 55.0225 56.2697 37.2872 27.2759 68.8023 20.1667 27.6937 19.978 17.0144 9.57548 9.25173
threshold=1.0000000180025095e-35 3.2000000000000006 28.350000000000005 30.425000000000004 685.00000000000011 15.500000000000002 -0.49812626372919411 24.150000000000006 -0.79382744783423187 0.81925054981890411 0.99983759474438971 0.72695311118111527 -0.99275805973510278 278.50000000000006 0.28313308994381592 24.500000000000004 3.699999999999998 15.750000000000002 34.150000000000013 294.50000000000006 -0.88620506325989179 362.50000000000006 -0.94137724084408114 31.050000000000008 31.950000000000003 7.5000000000000009 29.333333333333339 170.50000000000003 0.99983759474438971 8.5000000000000018
decision_type=2 2 2 2 2 2 2 2 2 2 2 2 2 2 2 2 2 2 2 2 2 2 2 2 2 2 2 2 2 2
left_child=28 3 4 5 9 10 8 -8 -7 11 21 -3 13 18 15 -6 -11 -16 -4 20 -14 -2 23 27 -24 -26 -21 -5 29 -1
right_child=1 2 12 22 14 6 7 -9 -10 16 -12 -13 19 -15 17 -17 -18 -19 -20 26 -22 -23 24 -25 25 -27 -28 -29 -30 -31
leaf_value=0.011595956945053193 0 0 0 0 0 0 0 0 0 0 3.9058145206785633e-06 0 0 0 1.9529072603392816e-06 0 0 0 0 1.9529072603392816e-06 0 1.9529072603392816e-06 2.1638861610412397e-06 2.2777749063590537e-06 5.6027946427734959e-06 -1.8508745982864924e-05 -2.7649739282443696e-05 0 -0.018895979502099994 -5.2245725028987616e-06
leaf_weight=1962 2775 12598 1533 239 368 2334 7459 5318 2866 624 142 1138 7464 269 70 178 5107 982 130 1024 14679 49 798 302 58 53 815 101 331 85471
leaf_count=1962 2775 12598 1533 239 368 2334 7459 5318 2866 624 142 1138 7464 269 70 178 5107 982 130 1024 14679 49 798 302 58 53 815 101 331 85471
internal_value=-0.00701785 -0.0159391 -0.0121619 -0.0238277 -0.0164384 -0.0252607 -0.0234614 -0.0207494 -0.030125 -0.0150904 -0.0361666 -0.0175976 -0.00868565 -0.0176967 -0.0328598 -0.0187179 -0.00908131 -0.0401996 -0.0132802 -0.00795972 -0.00864991 -0.0382365 -0.00447776 -0.0123676 0.00109461 -0.0188739 0.000350734 -0.0277941 4.40957e-05 7.623e-05
internal_weight=157237 69473 46979 22494 21065 20943 17977 12777 5200 19467 2966 13736 25914 1932 1598 546 5731 1052 1663 23982 22143 2824 1551 642 909 111 1839 340 87764 87433
internal_count=157237 69473 46979 22494 21065 20943 17977 12777 5200 19467 2966 13736 25914 1932 1598 546 5731 1052 1663 23982 22143 2824 1551 642 909 111 1839 340 87764 87433
is_linear=0
shrinkage=0.05


Tree=154
num_leaves=31
num_cat=0
split_feature=16 19 1 1 16 18 10 1 10 9 9 9 9 8 10 18 19 1 1 8 10 8 10 1 1 7 1 8 9 1
split_gain=3961.32 828.02 279.36 249.493 186.518 164.389 129.949 191.824 127.278 117.313 101.098 80.3993 67.8056 93.1875 66.348 72.9698 63.0658 61.2818 56.7563 55.0225 56.2697 37.2872 27.2759 68.8023 20.1667 27.6937 19.978 17.0144 9.29615 31.0526
threshold=1.0000000180025095e-35 3.2000000000000006 28.350000000000005 30.425000000000004 685.00000000000011 15.500000000000002 -0.49812626372919411 24.150000000000006 -0.79382744783423187 0.81925054981890411 0.99983759474438971 0.72695311118111527 -0.99275805973510278 278.50000000000006 0.28313308994381592 24.500000000000004 3.699999999999998 15.750000000000002 34.150000000000013 294.50000000000006 -0.88620506325989179 362.50000000000006 -0.94137724084408114 31.050000000000008 31.950000000000003 7.5000000000000009 29.333333333333339 170.50000000000003 0.99907018497641664 21.550000000000008
decision_type=2 2 2 2 2 2 2 2 2 2 2 2 2 2 2 2 2 2 2 2 2 2 2 2 2 2 2 2 2 2
left_child=28 3 4 5 9 10 8 -8 -7 11 21 -3 13 18 15 -6 -11 -16 -4 20 -14 -2 23 27 -24 -26 -21 -5 -1 -30
right_child=1 2 12 22 14 6 7 -9 -10 16 -12 -13 19 -15 17 -17 -18 -19 -20 26 -22 -23 24 -25 25 -27 -28 -29 29 -31
leaf_value=0.00010987304750876282 0 0 0 0 0 0 0 0 0 0 3.7105237946449821e-06 0 0 0 1.8552618973224911e-06 0 0 0 0 1.8552618973224911e-06 0 1.8552618973224911e-06 2.0556918529889001e-06 2.1638861610412397e-06 5.3226549106347165e-06 -1.7583308683721678e-05 -2.6267252318321511e-05 0 -0.027951180676006604 0.006842186936492068
leaf_weight=86805 2775 12598 1533 239 368 2334 7459 5318 2866 624 142 1138 7464 269 70 178 5107 982 130 1024 14679 49 798 302 58 53 815 101 383 576
leaf_count=86805 2775 12598 1533 239 368 2334 7459 5318 2866 624 142 1138 7464 269 70 178 5107 982 130 1024 14679 49 798 302 58 53 815 101 383 576
internal_value=-0.00701912 -0.0159391 -0.0121619 -0.0238277 -0.0164384 -0.0252607 -0.0234614 -0.0207494 -0.030125 -0.0150904 -0.0361666 -0.0175976 -0.00868565 -0.0176967 -0.0328598 -0.0187179 -0.00908131 -0.0401996 -0.0132802 -0.00795972 -0.00864991 -0.0382365 -0.00447776 -0.0123676 0.00109461 -0.0188739 0.000350734 -0.0277941 4.18169e-05 -0.00485401
internal_weight=157237 69473 46979 22494 21065 20943 17977 12777 5200 19467 2966 13736 25914 1932 1598 546 5731 1052 1663 23982 22143 2824 1551 642 909 111 1839 340 87764 959
internal_count=157237 69473 46979 22494 21065 20943 17977 12777 5200 19467 2966 13736 25914 1932 1598 546 5731 1052 1663 23982 22143 2824 1551 642 909 111 1839 340 87764 959
is_linear=0
shrinkage=0.05


Tree=155
num_leaves=31
num_cat=0
split_feature=16 19 1 1 16 18 10 1 10 9 9 9 9 8 10 18 19 1 1 8 10 8 10 1 1 7 1 8 9 17
split_gain=3947.49 828.02 279.36 249.493 186.518 164.389 129.949 191.824 127.278 117.313 101.098 80.3993 67.8056 93.1875 66.348 72.9698 63.0658 61.2818 56.7563 55.0225 56.2697 37.2872 27.2759 68.8023 20.1667 27.6937 19.978 17.0144 9.70632 20.1868
threshold=1.0000000180025095e-35 3.2000000000000006 28.350000000000005 30.425000000000004 685.00000000000011 15.500000000000002 -0.49812626372919411 24.150000000000006 -0.79382744783423187 0.81925054981890411 0.99983759474438971 0.72695311118111527 -0.99275805973510278 278.50000000000006 0.28313308994381592 24.500000000000004 3.699999999999998 15.750000000000002 34.150000000000013 294.50000000000006 -0.88620506325989179 362.50000000000006 -0.94137724084408114 31.050000000000008 31.950000000000003 7.5000000000000009 29.333333333333339 170.50000000000003 -0.82415615971448097 26.500000000000004
decision_type=2 2 2 2 2 2 2 2 2 2 2 2 2 2 2 2 2 2 2 2 2 2 2 2 2 2 2 2 2 2
left_child=28 3 4 5 9 10 8 -8 -7 11 21 -3 13 18 15 -6 -11 -16 -4 20 -14 -2 23 27 -24 -26 -21 -5 29 -1
right_child=1 2 12 22 14 6 7 -9 -10 16 -12 -13 19 -15 17 -17 -18 -19 -20 26 -22 -23 24 -25 25 -27 -28 -29 -30 -31
leaf_value=-0.013119892842346959 0 0 0 0 0 0 0 0 0 0 3.5249976049131493e-06 0 0 0 1.7624988024565746e-06 0 0 0 0 1.7624988024565746e-06 0 1.7624988024565746e-06 1.9529072603392816e-06 2.0556918529889001e-06 5.0565221651033283e-06 -1.6704143249535594e-05 -2.4953889702405438e-05 0 -0.0003603103455124268 0.0053473799533147936
leaf_weight=1006 2775 12598 1533 239 368 2334 7459 5318 2866 624 142 1138 7464 269 70 178 5107 982 130 1024 14679 49 798 302 58 53 815 101 70726 16032
leaf_count=1006 2775 12598 1533 239 368 2334 7459 5318 2866 624 142 1138 7464 269 70 178 5107 982 130 1024 14679 49 798 302 58 53 815 101 70726 16032
internal_value=-0.0070347 -0.0159391 -0.0121619 -0.0238277 -0.0164384 -0.0252607 -0.0234614 -0.0207494 -0.030125 -0.0150904 -0.0361666 -0.0175976 -0.00868565 -0.0176967 -0.0328598 -0.0187179 -0.00908131 -0.0401996 -0.0132802 -0.00795972 -0.00864991 -0.0382365 -0.00447776 -0.0123676 0.00109461 -0.0188739 0.000350734 -0.0277941 1.39011e-05 0.00108522
internal_weight=157237 69473 46979 22494 21065 20943 17977 12777 5200 19467 2966 13736 25914 1932 1598 546 5731 1052 1663 23982 22143 2824 1551 642 909 111 1839 340 87764 17038
internal_count=157237 69473 46979 22494 21065 20943 17977 12777 5200 19467 2966 13736 25914 1932 1598 546 5731 1052 1663 23982 22143 2824 1551 642 909 111 1839 340 87764 17038
is_linear=0
shrinkage=0.05


Tree=156
num_leaves=31
num_cat=0
split_feature=16 19 1 1 16 18 10 1 10 9 9 9 9 8 10 18 19 1 1 8 10 8 10 1 1 7 1 8 0 9
split_gain=3957.36 828.02 279.36 249.493 186.518 164.389 129.949 191.824 127.278 117.313 101.098 80.3993 67.8056 93.1875 66.348 72.9698 63.0658 61.2818 56.7563 55.0225 56.2697 37.2872 27.2759 68.8023 20.1667 27.6937 19.978 17.0144 9.28718 11.2159
threshold=1.0000000180025095e-35 3.2000000000000006 28.350000000000005 30.425000000000004 685.00000000000011 15.500000000000002 -0.49812626372919411 24.150000000000006 -0.79382744783423187 0.81925054981890411 0.99983759474438971 0.72695311118111527 -0.99275805973510278 278.50000000000006 0.28313308994381592 24.500000000000004 3.699999999999998 15.750000000000002 34.150000000000013 294.50000000000006 -0.88620506325989179 362.50000000000006 -0.94137724084408114 31.050000000000008 31.950000000000003 7.5000000000000009 29.333333333333339 170.50000000000003 32.95000000000001 -0.82415615971448097
decision_type=2 2 2 2 2 2 2 2 2 2 2 2 2 2 2 2 2 2 2 2 2 2 2 2 2 2 2 2 2 2
left_child=28 3 4 5 9 10 8 -8 -7 11 21 -3 13 18 15 -6 -11 -16 -4 20 -14 -2 23 27 -24 -26 -21 -5 29 -1
right_child=1 2 12 22 14 6 7 -9 -10 16 -12 -13 19 -15 17 -17 -18 -19 -20 26 -22 -23 24 -25 25 -27 -28 -29 -30 -31
leaf_value=0.0048660832097842934 0 0 0 0 0 0 0 0 0 0 3.3487477246671449e-06 0 0 0 1.6743738623335724e-06 0 0 0 0 1.6743738623335724e-06 0 1.6743738623335724e-06 1.8552618973224911e-06 1.9529072603392816e-06 4.8036960568480226e-06 -1.5868936087058814e-05 -2.3706195217285167e-05 0 -0.0034035262832470686 -0.00034229482823679993
leaf_weight=16643 2775 12598 1533 239 368 2334 7459 5318 2866 624 142 1138 7464 269 70 178 5107 982 130 1024 14679 49 798 302 58 53 815 101 1406 69715
leaf_count=16643 2775 12598 1533 239 368 2334 7459 5318 2866 624 142 1138 7464 269 70 178 5107 982 130 1024 14679 49 798 302 58 53 815 101 1406 69715
internal_value=-0.00702357 -0.0159391 -0.0121619 -0.0238277 -0.0164384 -0.0252607 -0.0234614 -0.0207494 -0.030125 -0.0150904 -0.0361666 -0.0175976 -0.00868565 -0.0176967 -0.0328598 -0.0187179 -0.00908131 -0.0401996 -0.0132802 -0.00795972 -0.00864991 -0.0382365 -0.00447776 -0.0123676 0.00109461 -0.0188739 0.000350734 -0.0277941 3.38409e-05 9.94698e-05
internal_weight=157237 69473 46979 22494 21065 20943 17977 12777 5200 19467 2966 13736 25914 1932 1598 546 5731 1052 1663 23982 22143 2824 1551 642 909 111 1839 340 87764 86358
internal_count=157237 69473 46979 22494 21065 20943 17977 12777 5200 19467 2966 13736 25914 1932 1598 546 5731 1052 1663 23982 22143 2824 1551 642 909 111 1839 340 87764 86358
is_linear=0
shrinkage=0.05


Tree=157
num_leaves=31
num_cat=0
split_feature=16 19 1 1 16 18 10 1 10 9 9 9 9 8 10 18 19 1 1 8 10 8 10 1 1 7 1 8 25 9
split_gain=3950.31 828.02 279.36 249.493 186.518 164.389 129.949 191.824 127.278 117.313 101.098 80.3993 67.8056 93.1875 66.348 72.9698 63.0658 61.2818 56.7563 55.0225 56.2697 37.2872 27.2759 68.8023 20.1667 27.6937 19.978 17.0144 13.6526 9.28776
threshold=1.0000000180025095e-35 3.2000000000000006 28.350000000000005 30.425000000000004 685.00000000000011 15.500000000000002 -0.49812626372919411 24.150000000000006 -0.79382744783423187 0.81925054981890411 0.99983759474438971 0.72695311118111527 -0.99275805973510278 278.50000000000006 0.28313308994381592 24.500000000000004 3.699999999999998 15.750000000000002 34.150000000000013 294.50000000000006 -0.88620506325989179 362.50000000000006 -0.94137724084408114 31.050000000000008 31.950000000000003 7.5000000000000009 29.333333333333339 170.50000000000003 49.500000000000007 0.99907018497641664
decision_type=2 2 2 2 2 2 2 2 2 2 2 2 2 2 2 2 2 2 2 2 2 2 2 2 2 2 2 2 2 2
left_child=28 3 4 5 9 10 8 -8 -7 11 21 -3 13 18 15 -6 -11 -16 -4 20 -14 -2 23 27 -24 -26 -21 -5 29 -1
right_child=1 2 12 22 14 6 7 -9 -10 16 -12 -13 19 -15 17 -17 -18 -19 -20 26 -22 -23 24 -25 25 -27 -28 -29 -30 -31
leaf_value=0.00013950965382078517 0 0 0 0 0 0 0 0 0 0 3.1813103384334407e-06 0 0 0 1.5906551692167203e-06 0 0 0 0 1.5906551692167203e-06 0 1.5906551692167203e-06 1.7624988024565746e-06 1.8552618973224911e-06 4.563511254005587e-06 -1.5075489282705872e-05 -2.2520885456420907e-05 0 -0.0015555876926688585 -0.024437572215892517
leaf_weight=86715 2775 12598 1533 239 368 2334 7459 5318 2866 624 142 1138 7464 269 70 178 5107 982 130 1024 14679 49 798 302 58 53 815 101 90 959
leaf_count=86715 2775 12598 1533 239 368 2334 7459 5318 2866 624 142 1138 7464 269 70 178 5107 982 130 1024 14679 49 798 302 58 53 815 101 90 959
internal_value=-0.00703152 -0.0159391 -0.0121619 -0.0238277 -0.0164384 -0.0252607 -0.0234614 -0.0207494 -0.030125 -0.0150904 -0.0361666 -0.0175976 -0.00868565 -0.0176967 -0.0328598 -0.0187179 -0.00908131 -0.0401996 -0.0132802 -0.00795972 -0.00864991 -0.0382365 -0.00447776 -0.0123676 0.00109461 -0.0188739 0.000350734 -0.0277941 1.95982e-05 3.95786e-05
internal_weight=157237 69473 46979 22494 21065 20943 17977 12777 5200 19467 2966 13736 25914 1932 1598 546 5731 1052 1663 23982 22143 2824 1551 642 909 111 1839 340 87764 87674
internal_count=157237 69473 46979 22494 21065 20943 17977 12777 5200 19467 2966 13736 25914 1932 1598 546 5731 1052 1663 23982 22143 2824 1551 642 909 111 1839 340 87764 87674
is_linear=0
shrinkage=0.05


Tree=158
num_leaves=31
num_cat=0
split_feature=16 19 1 1 16 18 10 1 10 9 9 9 9 8 10 18 19 1 1 8 10 8 10 1 1 7 1 8 10 8
split_gain=3955.1 828.02 279.36 249.493 186.518 164.389 129.949 191.824 127.278 117.313 101.098 80.3993 67.8056 93.1875 66.348 72.9698 63.0658 61.2818 56.7563 55.0225 56.2697 37.2872 27.2759 68.8023 20.1667 27.6937 19.978 17.0144 9.32803 23.6186
threshold=1.0000000180025095e-35 3.2000000000000006 28.350000000000005 30.425000000000004 685.00000000000011 15.500000000000002 -0.49812626372919411 24.150000000000006 -0.79382744783423187 0.81925054981890411 0.99983759474438971 0.72695311118111527 -0.99275805973510278 278.50000000000006 0.28313308994381592 24.500000000000004 3.699999999999998 15.750000000000002 34.150000000000013 294.50000000000006 -0.88620506325989179 362.50000000000006 -0.94137724084408114 31.050000000000008 31.950000000000003 7.5000000000000009 29.333333333333339 170.50000000000003 0.99249573635719013 18.500000000000004
decision_type=2 2 2 2 2 2 2 2 2 2 2 2 2 2 2 2 2 2 2 2 2 2 2 2 2 2 2 2 2 2
left_child=28 3 4 5 9 10 8 -8 -7 11 21 -3 13 18 15 -6 -11 -16 -4 20 -14 -2 23 27 -24 -26 -21 -5 29 -1
right_child=1 2 12 22 14 6 7 -9 -10 16 -12 -13 19 -15 17 -17 -18 -19 -20 26 -22 -23 24 -25 25 -27 -28 -29 -30 -31
leaf_value=-0.017668949735235053 0 0 0 0 0 0 0 0 0 0 3.0222448215114219e-06 0 0 0 1.5111224107557109e-06 0 0 0 0 1.5111224107557109e-06 0 1.5111224107557109e-06 1.6743738623335724e-06 1.7624988024565746e-06 4.3353356913050646e-06 -1.4321714818570581e-05 -2.1394841183599862e-05 0 0.007497024566891098 0.00012962347779768685
leaf_weight=2702 2775 12598 1533 239 368 2334 7459 5318 2866 624 142 1138 7464 269 70 178 5107 982 130 1024 14679 49 798 302 58 53 815 101 3713 81349
leaf_count=2702 2775 12598 1533 239 368 2334 7459 5318 2866 624 142 1138 7464 269 70 178 5107 982 130 1024 14679 49 798 302 58 53 815 101 3713 81349
internal_value=-0.00702611 -0.0159391 -0.0121619 -0.0238277 -0.0164384 -0.0252607 -0.0234614 -0.0207494 -0.030125 -0.0150904 -0.0361666 -0.0175976 -0.00868565 -0.0176967 -0.0328598 -0.0187179 -0.00908131 -0.0401996 -0.0132802 -0.00795972 -0.00864991 -0.0382365 -0.00447776 -0.0123676 0.00109461 -0.0188739 0.000350734 -0.0277941 2.92833e-05 -7.9059e-05
internal_weight=157237 69473 46979 22494 21065 20943 17977 12777 5200 19467 2966 13736 25914 1932 1598 546 5731 1052 1663 23982 22143 2824 1551 642 909 111 1839 340 87764 84051
internal_count=157237 69473 46979 22494 21065 20943 17977 12777 5200 19467 2966 13736 25914 1932 1598 546 5731 1052 1663 23982 22143 2824 1551 642 909 111 1839 340 87764 84051
is_linear=0
shrinkage=0.05


Tree=159
num_leaves=31
num_cat=0
split_feature=16 19 1 1 16 18 10 1 10 9 9 9 9 8 10 18 19 1 1 8 10 8 10 1 1 7 1 8 1 17
split_gain=3955.1 828.02 279.36 249.493 186.518 164.389 129.949 191.824 127.278 117.313 101.098 80.3993 67.8056 93.1875 66.348 72.9698 63.0658 61.2818 56.7563 55.0225 56.2697 37.2872 27.2759 68.8023 20.1667 27.6937 19.978 17.0144 9.05985 31.2187
threshold=1.0000000180025095e-35 3.2000000000000006 28.350000000000005 30.425000000000004 685.00000000000011 15.500000000000002 -0.49812626372919411 24.150000000000006 -0.79382744783423187 0.81925054981890411 0.99983759474438971 0.72695311118111527 -0.99275805973510278 278.50000000000006 0.28313308994381592 24.500000000000004 3.699999999999998 15.750000000000002 34.150000000000013 294.50000000000006 -0.88620506325989179 362.50000000000006 -0.94137724084408114 31.050000000000008 31.950000000000003 7.5000000000000009 29.333333333333339 170.50000000000003 29.450000000000003 31.500000000000004
decision_type=2 2 2 2 2 2 2 2 2 2 2 2 2 2 2 2 2 2 2 2 2 2 2 2 2 2 2 2 2 2
left_child=28 3 4 5 9 10 8 -8 -7 11 21 -3 13 18 15 -6 -11 -16 -4 20 -14 -2 23 27 -24 -26 -21 -5 29 -1
right_child=1 2 12 22 14 6 7 -9 -10 16 -12 -13 19 -15 17 -17 -18 -19 -20 26 -22 -23 24 -25 25 -27 -28 -29 -30 -31
leaf_value=-0.0002527297641039761 0 0 0 0 0 0 0 0 0 0 2.8711325804356425e-06 0 0 0 1.4355662902178213e-06 0 0 0 0 1.4355662902178213e-06 0 1.4355662902178213e-06 1.5906551692167203e-06 1.6743738623335724e-06 4.1185689067399505e-06 -1.3605629077642052e-05 -2.032509912441987e-05 0 -0.00087085958460059176 0.023374970418943566
leaf_weight=61896 2775 12598 1533 239 368 2334 7459 5318 2866 624 142 1138 7464 269 70 178 5107 982 130 1024 14679 49 798 302 58 53 815 101 17313 8555
leaf_count=61896 2775 12598 1533 239 368 2334 7459 5318 2866 624 142 1138 7464 269 70 178 5107 982 130 1024 14679 49 798 302 58 53 815 101 17313 8555
internal_value=-0.00702611 -0.0159391 -0.0121619 -0.0238277 -0.0164384 -0.0252607 -0.0234614 -0.0207494 -0.030125 -0.0150904 -0.0361666 -0.0175976 -0.00868565 -0.0176967 -0.0328598 -0.0187179 -0.00908131 -0.0401996 -0.0132802 -0.00795972 -0.00864991 -0.0382365 -0.00447776 -0.0123676 0.00109461 -0.0188739 0.000350734 -0.0277941 2.92833e-05 0.000281118
internal_weight=157237 69473 46979 22494 21065 20943 17977 12777 5200 19467 2966 13736 25914 1932 1598 546 5731 1052 1663 23982 22143 2824 1551 642 909 111 1839 340 87764 70451
internal_count=157237 69473 46979 22494 21065 20943 17977 12777 5200 19467 2966 13736 25914 1932 1598 546 5731 1052 1663 23982 22143 2824 1551 642 909 111 1839 340 87764 70451
is_linear=0
shrinkage=0.05


Tree=160
num_leaves=31
num_cat=0
split_feature=16 19 1 1 16 18 10 1 10 9 9 9 9 8 10 18 19 1 1 8 10 8 10 1 1 7 1 8 21 8
split_gain=3956.52 828.02 279.36 249.493 186.518 164.389 129.949 191.824 127.278 117.313 101.098 80.3993 67.8056 93.1875 66.348 72.9698 63.0658 61.2818 56.7563 55.0225 56.2697 37.2872 27.2759 68.8023 20.1667 27.6937 19.978 17.0144 9.48794 27.9033
threshold=1.0000000180025095e-35 3.2000000000000006 28.350000000000005 30.425000000000004 685.00000000000011 15.500000000000002 -0.49812626372919411 24.150000000000006 -0.79382744783423187 0.81925054981890411 0.99983759474438971 0.72695311118111527 -0.99275805973510278 278.50000000000006 0.28313308994381592 24.500000000000004 3.699999999999998 15.750000000000002 34.150000000000013 294.50000000000006 -0.88620506325989179 362.50000000000006 -0.94137724084408114 31.050000000000008 31.950000000000003 7.5000000000000009 29.333333333333339 170.50000000000003 7.5000000000000009 281.50000000000006
decision_type=2 2 2 2 2 2 2 2 2 2 2 2 2 2 2 2 2 2 2 2 2 2 2 2 2 2 2 2 2 2
left_child=28 3 4 5 9 10 8 -8 -7 11 21 -3 13 18 15 -6 -11 -16 -4 20 -14 -2 23 27 -24 -26 -21 -5 -1 -30
right_child=1 2 12 22 14 6 7 -9 -10 16 -12 -13 19 -15 17 -17 -18 -19 -20 26 -22 -23 24 -25 25 -27 -28 -29 29 -31
leaf_value=0.00013868948544505934 0 0 0 0 0 0 0 0 0 0 2.7275759514139298e-06 0 0 0 1.3637879757069649e-06 0 0 0 0 1.3637879757069649e-06 0 1.3637879757069649e-06 1.5111224107557109e-06 1.5906551692167203e-06 3.9126404614030222e-06 -1.2925347623759948e-05 -1.9308844168198877e-05 0 -0.0019792767232514915 -0.017553931971279371
leaf_weight=87218 2775 12598 1533 239 368 2334 7459 5318 2866 624 142 1138 7464 269 70 178 5107 982 130 1024 14679 49 798 302 58 53 815 101 455 91
leaf_count=87218 2775 12598 1533 239 368 2334 7459 5318 2866 624 142 1138 7464 269 70 178 5107 982 130 1024 14679 49 798 302 58 53 815 101 455 91
internal_value=-0.00702452 -0.0159391 -0.0121619 -0.0238277 -0.0164384 -0.0252607 -0.0234614 -0.0207494 -0.030125 -0.0150904 -0.0361666 -0.0175976 -0.00868565 -0.0176967 -0.0328598 -0.0187179 -0.00908131 -0.0401996 -0.0132802 -0.00795972 -0.00864991 -0.0382365 -0.00447776 -0.0123676 0.00109461 -0.0188739 0.000350734 -0.0277941 3.21318e-05 -0.00653846
internal_weight=157237 69473 46979 22494 21065 20943 17977 12777 5200 19467 2966 13736 25914 1932 1598 546 5731 1052 1663 23982 22143 2824 1551 642 909 111 1839 340 87764 546
internal_count=157237 69473 46979 22494 21065 20943 17977 12777 5200 19467 2966 13736 25914 1932 1598 546 5731 1052 1663 23982 22143 2824 1551 642 909 111 1839 340 87764 546
is_linear=0
shrinkage=0.05


Tree=161
num_leaves=31
num_cat=0
split_feature=16 19 1 1 16 18 10 1 10 9 9 9 9 8 10 18 19 1 1 8 10 8 10 1 1 7 1 8 21 8
split_gain=3955.95 828.02 279.36 249.493 186.518 164.389 129.949 191.824 127.278 117.313 101.098 80.3993 67.8056 93.1875 66.348 72.9698 63.0658 61.2818 56.7563 55.0225 56.2697 37.2872 27.2759 68.8023 20.1667 27.6937 19.978 17.0144 9.22207 28.1059
threshold=1.0000000180025095e-35 3.2000000000000006 28.350000000000005 30.425000000000004 685.00000000000011 15.500000000000002 -0.49812626372919411 24.150000000000006 -0.79382744783423187 0.81925054981890411 0.99983759474438971 0.72695311118111527 -0.99275805973510278 278.50000000000006 0.28313308994381592 24.500000000000004 3.699999999999998 15.750000000000002 34.150000000000013 294.50000000000006 -0.88620506325989179 362.50000000000006 -0.94137724084408114 31.050000000000008 31.950000000000003 7.5000000000000009 29.333333333333339 170.50000000000003 7.5000000000000009 281.50000000000006
decision_type=2 2 2 2 2 2 2 2 2 2 2 2 2 2 2 2 2 2 2 2 2 2 2 2 2 2 2 2 2 2
left_child=28 3 4 5 9 10 8 -8 -7 11 21 -3 13 18 15 -6 -11 -16 -4 20 -14 -2 23 27 -24 -26 -21 -5 -1 -30
right_child=1 2 12 22 14 6 7 -9 -10 16 -12 -13 19 -15 17 -17 -18 -19 -20 26 -22 -23 24 -25 25 -27 -28 -29 29 -31
leaf_value=0.0001317550111728072 0 0 0 0 0 0 0 0 0 0 2.5911971538436499e-06 0 0 0 1.295598576921825e-06 0 0 0 0 1.295598576921825e-06 0 1.295598576921825e-06 1.4355662902178213e-06 1.5111224107557109e-06 3.7170084383329751e-06 -1.227908024257195e-05 -1.8343401959788934e-05 0 -0.0018803128870889174 -0.016676235372715405
leaf_weight=87218 2775 12598 1533 239 368 2334 7459 5318 2866 624 142 1138 7464 269 70 178 5107 982 130 1024 14679 49 798 302 58 53 815 101 455 91
leaf_count=87218 2775 12598 1533 239 368 2334 7459 5318 2866 624 142 1138 7464 269 70 178 5107 982 130 1024 14679 49 798 302 58 53 815 101 455 91
internal_value=-0.00702516 -0.0159391 -0.0121619 -0.0238277 -0.0164384 -0.0252607 -0.0234614 -0.0207494 -0.030125 -0.0150904 -0.0361666 -0.0175976 -0.00868565 -0.0176967 -0.0328598 -0.0187179 -0.00908131 -0.0401996 -0.0132802 -0.00795972 -0.00864991 -0.0382365 -0.00447776 -0.0123676 0.00109461 -0.0188739 0.000350734 -0.0277941 3.09924e-05 -0.00644689
internal_weight=157237 69473 46979 22494 21065 20943 17977 12777 5200 19467 2966 13736 25914 1932 1598 546 5731 1052 1663 23982 22143 2824 1551 642 909 111 1839 340 87764 546
internal_count=157237 69473 46979 22494 21065 20943 17977 12777 5200 19467 2966 13736 25914 1932 1598 546 5731 1052 1663 23982 22143 2824 1551 642 909 111 1839 340 87764 546
is_linear=0
shrinkage=0.05


Tree=162
num_leaves=31
num_cat=0
split_feature=16 19 1 1 16 18 10 1 10 9 9 9 9 8 10 18 19 1 1 8 10 8 10 1 1 7 1 8 1 17
split_gain=3963.01 828.02 279.36 249.493 186.518 164.389 129.949 191.824 127.278 117.313 101.098 80.3993 67.8056 93.1875 66.348 72.9698 63.0658 61.2818 56.7563 55.0225 56.2697 37.2872 27.2759 68.8023 20.1667 27.6937 19.978 17.0144 8.98461 29.7477
threshold=1.0000000180025095e-35 3.2000000000000006 28.350000000000005 30.425000000000004 685.00000000000011 15.500000000000002 -0.49812626372919411 24.150000000000006 -0.79382744783423187 0.81925054981890411 0.99983759474438971 0.72695311118111527 -0.99275805973510278 278.50000000000006 0.28313308994381592 24.500000000000004 3.699999999999998 15.750000000000002 34.150000000000013 294.50000000000006 -0.88620506325989179 362.50000000000006 -0.94137724084408114 31.050000000000008 31.950000000000003 7.5000000000000009 29.333333333333339 170.50000000000003 29.450000000000003 31.500000000000004
decision_type=2 2 2 2 2 2 2 2 2 2 2 2 2 2 2 2 2 2 2 2 2 2 2 2 2 2 2 2 2 2
left_child=28 3 4 5 9 10 8 -8 -7 11 21 -3 13 18 15 -6 -11 -16 -4 20 -14 -2 23 27 -24 -26 -21 -5 29 -1
right_child=1 2 12 22 14 6 7 -9 -10 16 -12 -13 19 -15 17 -17 -18 -19 -20 26 -22 -23 24 -25 25 -27 -28 -29 -30 -31
leaf_value=-0.00020997631441883603 0 0 0 0 0 0 0 0 0 0 2.4616372961513979e-06 0 0 0 1.2308186480756989e-06 0 0 0 0 1.2308186480756989e-06 0 1.2308186480756989e-06 1.3637879757069649e-06 1.4355662902178213e-06 3.5311580164162916e-06 -1.1665126230443352e-05 -1.7426231861799483e-05 0 -0.00084083883020146248 0.022192699673165506
leaf_weight=61896 2775 12598 1533 239 368 2334 7459 5318 2866 624 142 1138 7464 269 70 178 5107 982 130 1024 14679 49 798 302 58 53 815 101 17313 8555
leaf_count=61896 2775 12598 1533 239 368 2334 7459 5318 2866 624 142 1138 7464 269 70 178 5107 982 130 1024 14679 49 798 302 58 53 815 101 17313 8555
internal_value=-0.00701721 -0.0159391 -0.0121619 -0.0238277 -0.0164384 -0.0252607 -0.0234614 -0.0207494 -0.030125 -0.0150904 -0.0361666 -0.0175976 -0.00868565 -0.0176967 -0.0328598 -0.0187179 -0.00908131 -0.0401996 -0.0132802 -0.00795972 -0.00864991 -0.0382365 -0.00447776 -0.0123676 0.00109461 -0.0188739 0.000350734 -0.0277941 4.52351e-05 0.000296022
internal_weight=157237 69473 46979 22494 21065 20943 17977 12777 5200 19467 2966 13736 25914 1932 1598 546 5731 1052 1663 23982 22143 2824 1551 642 909 111 1839 340 87764 70451
internal_count=157237 69473 46979 22494 21065 20943 17977 12777 5200 19467 2966 13736 25914 1932 1598 546 5731 1052 1663 23982 22143 2824 1551 642 909 111 1839 340 87764 70451
is_linear=0
shrinkage=0.05


Tree=163
num_leaves=31
num_cat=0
split_feature=16 19 1 1 16 18 10 1 10 9 9 9 9 8 10 18 19 1 1 8 10 8 10 1 1 7 1 8 8 8
split_gain=3959.62 828.02 279.36 249.493 186.518 164.389 129.949 191.824 127.278 117.313 101.098 80.3993 67.8056 93.1875 66.348 72.9698 63.0658 61.2818 56.7563 55.0225 56.2697 37.2872 27.2759 68.8023 20.1667 27.6937 19.978 17.0144 8.90484 23.3891
threshold=1.0000000180025095e-35 3.2000000000000006 28.350000000000005 30.425000000000004 685.00000000000011 15.500000000000002 -0.49812626372919411 24.150000000000006 -0.79382744783423187 0.81925054981890411 0.99983759474438971 0.72695311118111527 -0.99275805973510278 278.50000000000006 0.28313308994381592 24.500000000000004 3.699999999999998 15.750000000000002 34.150000000000013 294.50000000000006 -0.88620506325989179 362.50000000000006 -0.94137724084408114 31.050000000000008 31.950000000000003 7.5000000000000009 29.333333333333339 170.50000000000003 8.5000000000000018 18.500000000000004
decision_type=2 2 2 2 2 2 2 2 2 2 2 2 2 2 2 2 2 2 2 2 2 2 2 2 2 2 2 2 2 2
left_child=28 3 4 5 9 10 8 -8 -7 11 21 -3 13 18 15 -6 -11 -16 -4 20 -14 -2 23 27 -24 -26 -21 -5 -1 -30
right_child=1 2 12 22 14 6 7 -9 -10 16 -12 -13 19 -15 17 -17 -18 -19 -20 26 -22 -23 24 -25 25 -27 -28 -29 29 -31
leaf_value=0.011455963871855102 0 0 0 0 0 0 0 0 0 0 2.3385554313443135e-06 0 0 0 1.1692777156721568e-06 0 0 0 0 1.1692777156721568e-06 0 1.1692777156721568e-06 1.295598576921825e-06 1.3637879757069649e-06 3.3546001155952691e-06 -1.1081869918921184e-05 -1.6554920268709511e-05 0 -0.017503427535388191 0.00013566607633511141
leaf_weight=1962 2775 12598 1533 239 368 2334 7459 5318 2866 624 142 1138 7464 269 70 178 5107 982 130 1024 14679 49 798 302 58 53 815 101 2465 83337
leaf_count=1962 2775 12598 1533 239 368 2334 7459 5318 2866 624 142 1138 7464 269 70 178 5107 982 130 1024 14679 49 798 302 58 53 815 101 2465 83337
internal_value=-0.00702103 -0.0159391 -0.0121619 -0.0238277 -0.0164384 -0.0252607 -0.0234614 -0.0207494 -0.030125 -0.0150904 -0.0361666 -0.0175976 -0.00868565 -0.0176967 -0.0328598 -0.0187179 -0.00908131 -0.0401996 -0.0132802 -0.00795972 -0.00864991 -0.0382365 -0.00447776 -0.0123676 0.00109461 -0.0188739 0.000350734 -0.0277941 3.83986e-05 -3.77612e-05
internal_weight=157237 69473 46979 22494 21065 20943 17977 12777 5200 19467 2966 13736 25914 1932 1598 546 5731 1052 1663 23982 22143 2824 1551 642 909 111 1839 340 87764 85802
internal_count=157237 69473 46979 22494 21065 20943 17977 12777 5200 19467 2966 13736 25914 1932 1598 546 5731 1052 1663 23982 22143 2824 1551 642 909 111 1839 340 87764 85802
is_linear=0
shrinkage=0.05


Tree=164
num_leaves=31
num_cat=0
split_feature=16 19 1 1 16 18 10 1 10 9 9 9 9 8 10 18 19 1 1 8 10 8 10 1 1 7 1 8 1 17
split_gain=3973.47 828.02 279.36 249.493 186.518 164.389 129.949 191.824 127.278 117.313 101.098 80.3993 67.8056 93.1875 66.348 72.9698 63.0658 61.2818 56.7563 55.0225 56.2697 37.2872 27.2759 68.8023 20.1667 27.6937 19.978 17.0144 9.15315 26.5653
threshold=1.0000000180025095e-35 3.2000000000000006 28.350000000000005 30.425000000000004 685.00000000000011 15.500000000000002 -0.49812626372919411 24.150000000000006 -0.79382744783423187 0.81925054981890411 0.99983759474438971 0.72695311118111527 -0.99275805973510278 278.50000000000006 0.28313308994381592 24.500000000000004 3.699999999999998 15.750000000000002 34.150000000000013 294.50000000000006 -0.88620506325989179 362.50000000000006 -0.94137724084408114 31.050000000000008 31.950000000000003 7.5000000000000009 29.333333333333339 170.50000000000003 29.450000000000003 31.500000000000004
decision_type=2 2 2 2 2 2 2 2 2 2 2 2 2 2 2 2 2 2 2 2 2 2 2 2 2 2 2 2 2 2
left_child=28 3 4 5 9 10 8 -8 -7 11 21 -3 13 18 15 -6 -11 -16 -4 20 -14 -2 23 27 -24 -26 -21 -5 29 -1
right_child=1 2 12 22 14 6 7 -9 -10 16 -12 -13 19 -15 17 -17 -18 -19 -20 26 -22 -23 24 -25 25 -27 -28 -29 -30 -31
leaf_value=-0.00011389614738827256 0 0 0 0 0 0 0 0 0 0 2.2216276597764041e-06 0 0 0 1.110813829888202e-06 0 0 0 0 1.110813829888202e-06 0 1.110813829888202e-06 1.2308186480756989e-06 1.295598576921825e-06 3.1868701098156095e-06 -1.0527776422975125e-05 -1.5727174255274036e-05 0 -0.0008055801925081485 0.021076281385690468
leaf_weight=61896 2775 12598 1533 239 368 2334 7459 5318 2866 624 142 1138 7464 269 70 178 5107 982 130 1024 14679 49 798 302 58 53 815 101 17313 8555
leaf_count=61896 2775 12598 1533 239 368 2334 7459 5318 2866 624 142 1138 7464 269 70 178 5107 982 130 1024 14679 49 798 302 58 53 815 101 17313 8555
internal_value=-0.00700544 -0.0159391 -0.0121619 -0.0238277 -0.0164384 -0.0252607 -0.0234614 -0.0207494 -0.030125 -0.0150904 -0.0361666 -0.0175976 -0.00868565 -0.0176967 -0.0328598 -0.0187179 -0.00908131 -0.0401996 -0.0132802 -0.00795972 -0.00864991 -0.0382365 -0.00447776 -0.0123676 0.00109461 -0.0188739 0.000350734 -0.0277941 6.63144e-05 0.000319442
internal_weight=157237 69473 46979 22494 21065 20943 17977 12777 5200 19467 2966 13736 25914 1932 1598 546 5731 1052 1663 23982 22143 2824 1551 642 909 111 1839 340 87764 70451
internal_count=157237 69473 46979 22494 21065 20943 17977 12777 5200 19467 2966 13736 25914 1932 1598 546 5731 1052 1663 23982 22143 2824 1551 642 909 111 1839 340 87764 70451
is_linear=0
shrinkage=0.05


Tree=165
num_leaves=31
num_cat=0
split_feature=16 19 1 1 16 18 10 1 10 9 9 9 9 8 10 18 19 1 1 8 10 8 10 1 1 7 1 8 1 17
split_gain=3976.3 828.02 279.36 249.493 186.518 164.389 129.949 191.824 127.278 117.313 101.098 80.3993 67.8056 93.1875 66.348 72.9698 63.0658 61.2818 56.7563 55.0225 56.2697 37.2872 27.2759 68.8023 20.1667 27.6937 19.978 17.0144 8.89693 26.1668
threshold=1.0000000180025095e-35 3.2000000000000006 28.350000000000005 30.425000000000004 685.00000000000011 15.500000000000002 -0.49812626372919411 24.150000000000006 -0.79382744783423187 0.81925054981890411 0.99983759474438971 0.72695311118111527 -0.99275805973510278 278.50000000000006 0.28313308994381592 24.500000000000004 3.699999999999998 15.750000000000002 34.150000000000013 294.50000000000006 -0.88620506325989179 362.50000000000006 -0.94137724084408114 31.050000000000008 31.950000000000003 7.5000000000000009 29.333333333333339 170.50000000000003 29.450000000000003 31.500000000000004
decision_type=2 2 2 2 2 2 2 2 2 2 2 2 2 2 2 2 2 2 2 2 2 2 2 2 2 2 2 2 2 2
left_child=28 3 4 5 9 10 8 -8 -7 11 21 -3 13 18 15 -6 -11 -16 -4 20 -14 -2 23 27 -24 -26 -21 -5 29 -1
right_child=1 2 12 22 14 6 7 -9 -10 16 -12 -13 19 -15 17 -17 -18 -19 -20 26 -22 -23 24 -25 25 -27 -28 -29 -30 -31
leaf_value=-0.00010820134001885903 0 0 0 0 0 0 0 0 0 0 2.1105462767873062e-06 0 0 0 1.0552731383936531e-06 0 0 0 0 1.0552731383936531e-06 0 1.0552731383936531e-06 1.1692777156721568e-06 1.2308186480756989e-06 3.0275266043246209e-06 -1.0001387601826369e-05 -1.4940815542510334e-05 0 -0.00076530118288273838 0.020022467316405935
leaf_weight=61896 2775 12598 1533 239 368 2334 7459 5318 2866 624 142 1138 7464 269 70 178 5107 982 130 1024 14679 49 798 302 58 53 815 101 17313 8555
leaf_count=61896 2775 12598 1533 239 368 2334 7459 5318 2866 624 142 1138 7464 269 70 178 5107 982 130 1024 14679 49 798 302 58 53 815 101 17313 8555
internal_value=-0.00700226 -0.0159391 -0.0121619 -0.0238277 -0.0164384 -0.0252607 -0.0234614 -0.0207494 -0.030125 -0.0150904 -0.0361666 -0.0175976 -0.00868565 -0.0176967 -0.0328598 -0.0187179 -0.00908131 -0.0401996 -0.0132802 -0.00795972 -0.00864991 -0.0382365 -0.00447776 -0.0123676 0.00109461 -0.0188739 0.000350734 -0.0277941 7.20115e-05 0.000321571
internal_weight=157237 69473 46979 22494 21065 20943 17977 12777 5200 19467 2966 13736 25914 1932 1598 546 5731 1052 1663 23982 22143 2824 1551 642 909 111 1839 340 87764 70451
internal_count=157237 69473 46979 22494 21065 20943 17977 12777 5200 19467 2966 13736 25914 1932 1598 546 5731 1052 1663 23982 22143 2824 1551 642 909 111 1839 340 87764 70451
is_linear=0
shrinkage=0.05


Tree=166
num_leaves=31
num_cat=0
split_feature=16 19 1 1 16 18 10 1 10 9 9 9 9 8 10 18 19 1 1 8 10 8 10 1 1 7 1 8 9 1
split_gain=3976.58 828.02 279.36 249.493 186.518 164.389 129.949 191.824 127.278 117.313 101.098 80.3993 67.8056 93.1875 66.348 72.9698 63.0658 61.2818 56.7563 55.0225 56.2697 37.2872 27.2759 68.8023 20.1667 27.6937 19.978 17.0144 8.63325 32.2376
threshold=1.0000000180025095e-35 3.2000000000000006 28.350000000000005 30.425000000000004 685.00000000000011 15.500000000000002 -0.49812626372919411 24.150000000000006 -0.79382744783423187 0.81925054981890411 0.99983759474438971 0.72695311118111527 -0.99275805973510278 278.50000000000006 0.28313308994381592 24.500000000000004 3.699999999999998 15.750000000000002 34.150000000000013 294.50000000000006 -0.88620506325989179 362.50000000000006 -0.94137724084408114 31.050000000000008 31.950000000000003 7.5000000000000009 29.333333333333339 170.50000000000003 0.99907018497641664 21.550000000000008
decision_type=2 2 2 2 2 2 2 2 2 2 2 2 2 2 2 2 2 2 2 2 2 2 2 2 2 2 2 2 2 2
left_child=28 3 4 5 9 10 8 -8 -7 11 21 -3 13 18 15 -6 -11 -16 -4 20 -14 -2 23 27 -24 -26 -21 -5 -1 -30
right_child=1 2 12 22 14 6 7 -9 -10 16 -12 -13 19 -15 17 -17 -18 -19 -20 26 -22 -23 24 -25 25 -27 -28 -29 29 -31
leaf_value=0.00013998764688871734 0 0 0 0 0 0 0 0 0 0 2.0050189629472469e-06 0 0 0 1.0025094814736235e-06 0 0 0 0 1.0025094814736235e-06 0 1.0025094814736235e-06 1.110813829888202e-06 1.1692777156721568e-06 2.8761502741087022e-06 -9.5013182217350509e-06 -1.4193774765384817e-05 0 -0.025289159296965215 0.007764539934908516
leaf_weight=86805 2775 12598 1533 239 368 2334 7459 5318 2866 624 142 1138 7464 269 70 178 5107 982 130 1024 14679 49 798 302 58 53 815 101 383 576
leaf_count=86805 2775 12598 1533 239 368 2334 7459 5318 2866 624 142 1138 7464 269 70 178 5107 982 130 1024 14679 49 798 302 58 53 815 101 383 576
internal_value=-0.00700195 -0.0159391 -0.0121619 -0.0238277 -0.0164384 -0.0252607 -0.0234614 -0.0207494 -0.030125 -0.0150904 -0.0361666 -0.0175976 -0.00868565 -0.0176967 -0.0328598 -0.0187179 -0.00908131 -0.0401996 -0.0132802 -0.00795972 -0.00864991 -0.0382365 -0.00447776 -0.0123676 0.00109461 -0.0188739 0.000350734 -0.0277941 7.25812e-05 -0.00464546
internal_weight=157237 69473 46979 22494 21065 20943 17977 12777 5200 19467 2966 13736 25914 1932 1598 546 5731 1052 1663 23982 22143 2824 1551 642 909 111 1839 340 87764 959
internal_count=157237 69473 46979 22494 21065 20943 17977 12777 5200 19467 2966 13736 25914 1932 1598 546 5731 1052 1663 23982 22143 2824 1551 642 909 111 1839 340 87764 959
is_linear=0
shrinkage=0.05


Tree=167
num_leaves=31
num_cat=0
split_feature=16 19 1 1 16 18 10 1 10 9 9 9 9 8 10 18 19 1 1 8 10 8 10 1 1 7 1 8 1 17
split_gain=3978.85 828.02 279.36 249.493 186.518 164.389 129.949 191.824 127.278 117.313 101.098 80.3993 67.8056 93.1875 66.348 72.9698 63.0658 61.2818 56.7563 55.0225 56.2697 37.2872 27.2759 68.8023 20.1667 27.6937 19.978 17.0144 8.63451 25.4353
threshold=1.0000000180025095e-35 3.2000000000000006 28.350000000000005 30.425000000000004 685.00000000000011 15.500000000000002 -0.49812626372919411 24.150000000000006 -0.79382744783423187 0.81925054981890411 0.99983759474438971 0.72695311118111527 -0.99275805973510278 278.50000000000006 0.28313308994381592 24.500000000000004 3.699999999999998 15.750000000000002 34.150000000000013 294.50000000000006 -0.88620506325989179 362.50000000000006 -0.94137724084408114 31.050000000000008 31.950000000000003 7.5000000000000009 29.333333333333339 170.50000000000003 29.450000000000003 31.500000000000004
decision_type=2 2 2 2 2 2 2 2 2 2 2 2 2 2 2 2 2 2 2 2 2 2 2 2 2 2 2 2 2 2
left_child=28 3 4 5 9 10 8 -8 -7 11 21 -3 13 18 15 -6 -11 -16 -4 20 -14 -2 23 27 -24 -26 -21 -5 29 -1
right_child=1 2 12 22 14 6 7 -9 -10 16 -12 -13 19 -15 17 -17 -18 -19 -20 26 -22 -23 24 -25 25 -27 -28 -29 -30 -31
leaf_value=-8.2075987470017731e-05 0 0 0 0 0 0 0 0 0 0 1.9047680148001624e-06 0 0 0 9.5238400740008118e-07 0 0 0 0 9.5238400740008118e-07 0 9.5238400740008118e-07 1.0552731383936531e-06 1.110813829888202e-06 2.7323427604031282e-06 -9.0262523106482973e-06 -1.3484086027115575e-05 0 -0.00073403550608304175 0.019014344568241207
leaf_weight=61896 2775 12598 1533 239 368 2334 7459 5318 2866 624 142 1138 7464 269 70 178 5107 982 130 1024 14679 49 798 302 58 53 815 101 17313 8555
leaf_count=61896 2775 12598 1533 239 368 2334 7459 5318 2866 624 142 1138 7464 269 70 178 5107 982 130 1024 14679 49 798 302 58 53 815 101 17313 8555
internal_value=-0.0069994 -0.0159391 -0.0121619 -0.0238277 -0.0164384 -0.0252607 -0.0234614 -0.0207494 -0.030125 -0.0150904 -0.0361666 -0.0175976 -0.00868565 -0.0176967 -0.0328598 -0.0187179 -0.00908131 -0.0401996 -0.0132802 -0.00795972 -0.00864991 -0.0382365 -0.00447776 -0.0123676 0.00109461 -0.0188739 0.000350734 -0.0277941 7.71389e-05 0.000322991
internal_weight=157237 69473 46979 22494 21065 20943 17977 12777 5200 19467 2966 13736 25914 1932 1598 546 5731 1052 1663 23982 22143 2824 1551 642 909 111 1839 340 87764 70451
internal_count=157237 69473 46979 22494 21065 20943 17977 12777 5200 19467 2966 13736 25914 1932 1598 546 5731 1052 1663 23982 22143 2824 1551 642 909 111 1839 340 87764 70451
is_linear=0
shrinkage=0.05


Tree=168
num_leaves=31
num_cat=0
split_feature=16 19 1 1 16 18 10 1 10 9 9 9 9 8 10 18 19 1 1 8 10 8 10 1 1 7 1 8 9 19
split_gain=3978.28 828.02 279.36 249.493 186.518 164.389 129.949 191.824 127.278 117.313 101.098 80.3993 67.8056 93.1875 66.348 72.9698 63.0658 61.2818 56.7563 55.0225 56.2697 37.2872 27.2759 68.8023 20.1667 27.6937 19.978 17.0144 8.41448 21.5948
threshold=1.0000000180025095e-35 3.2000000000000006 28.350000000000005 30.425000000000004 685.00000000000011 15.500000000000002 -0.49812626372919411 24.150000000000006 -0.79382744783423187 0.81925054981890411 0.99983759474438971 0.72695311118111527 -0.99275805973510278 278.50000000000006 0.28313308994381592 24.500000000000004 3.699999999999998 15.750000000000002 34.150000000000013 294.50000000000006 -0.88620506325989179 362.50000000000006 -0.94137724084408114 31.050000000000008 31.950000000000003 7.5000000000000009 29.333333333333339 170.50000000000003 -0.82415615971448097 2.8999999999999964
decision_type=2 2 2 2 2 2 2 2 2 2 2 2 2 2 2 2 2 2 2 2 2 2 2 2 2 2 2 2 2 2
left_child=28 3 4 5 9 10 8 -8 -7 11 21 -3 13 18 15 -6 -11 -16 -4 20 -14 -2 23 27 -24 -26 -21 -5 29 -1
right_child=1 2 12 22 14 6 7 -9 -10 16 -12 -13 19 -15 17 -17 -18 -19 -20 26 -22 -23 24 -25 25 -27 -28 -29 -30 -31
leaf_value=0.0088267965579503522 0 0 0 0 0 0 0 0 0 0 1.8095296140607787e-06 0 0 0 9.0476480703038935e-07 0 0 0 0 9.0476480703038935e-07 0 9.0476480703038935e-07 1.0025094814736235e-06 1.0552731383936531e-06 2.5957256223826941e-06 -8.5749396951158838e-06 -1.2809881725759797e-05 0 -0.00021999209197788797 -0.0023066483110591547
leaf_weight=13680 2775 12598 1533 239 368 2334 7459 5318 2866 624 142 1138 7464 269 70 178 5107 982 130 1024 14679 49 798 302 58 53 815 101 70726 3358
leaf_count=13680 2775 12598 1533 239 368 2334 7459 5318 2866 624 142 1138 7464 269 70 178 5107 982 130 1024 14679 49 798 302 58 53 815 101 70726 3358
internal_value=-0.00700004 -0.0159391 -0.0121619 -0.0238277 -0.0164384 -0.0252607 -0.0234614 -0.0207494 -0.030125 -0.0150904 -0.0361666 -0.0175976 -0.00868565 -0.0176967 -0.0328598 -0.0187179 -0.00908131 -0.0401996 -0.0132802 -0.00795972 -0.00864991 -0.0382365 -0.00447776 -0.0123676 0.00109461 -0.0188739 0.000350734 -0.0277941 7.59995e-05 0.00107348
internal_weight=157237 69473 46979 22494 21065 20943 17977 12777 5200 19467 2966 13736 25914 1932 1598 546 5731 1052 1663 23982 22143 2824 1551 642 909 111 1839 340 87764 17038
internal_count=157237 69473 46979 22494 21065 20943 17977 12777 5200 19467 2966 13736 25914 1932 1598 546 5731 1052 1663 23982 22143 2824 1551 642 909 111 1839 340 87764 17038
is_linear=0
shrinkage=0.05


Tree=169
num_leaves=31
num_cat=0
split_feature=16 19 1 1 16 18 10 1 10 9 9 9 9 8 10 18 19 1 1 8 10 8 10 1 1 7 1 8 25 0
split_gain=3968.66 828.02 279.36 249.493 186.518 164.389 129.949 191.824 127.278 117.313 101.098 80.3993 67.8056 93.1875 66.348 72.9698 63.0658 61.2818 56.7563 55.0225 56.2697 37.2872 27.2759 68.8023 20.1667 27.6937 19.978 17.0144 13.7046 8.42329
threshold=1.0000000180025095e-35 3.2000000000000006 28.350000000000005 30.425000000000004 685.00000000000011 15.500000000000002 -0.49812626372919411 24.150000000000006 -0.79382744783423187 0.81925054981890411 0.99983759474438971 0.72695311118111527 -0.99275805973510278 278.50000000000006 0.28313308994381592 24.500000000000004 3.699999999999998 15.750000000000002 34.150000000000013 294.50000000000006 -0.88620506325989179 362.50000000000006 -0.94137724084408114 31.050000000000008 31.950000000000003 7.5000000000000009 29.333333333333339 170.50000000000003 49.500000000000007 19.310000000000006
decision_type=2 2 2 2 2 2 2 2 2 2 2 2 2 2 2 2 2 2 2 2 2 2 2 2 2 2 2 2 2 2
left_child=28 3 4 5 9 10 8 -8 -7 11 21 -3 13 18 15 -6 -11 -16 -4 20 -14 -2 23 27 -24 -26 -21 -5 29 -1
right_child=1 2 12 22 14 6 7 -9 -10 16 -12 -13 19 -15 17 -17 -18 -19 -20 26 -22 -23 24 -25 25 -27 -28 -29 -30 -31
leaf_value=0.0031984073273252562 0 0 0 0 0 0 0 0 0 0 1.7190531333574622e-06 0 0 0 8.5952656667873111e-07 0 0 0 0 8.5952656667873111e-07 0 8.5952656667873111e-07 9.5238400740008118e-07 1.0025094814736235e-06 2.4659393412632128e-06 -8.1461927103600899e-06 -1.2169387639471806e-05 0 -0.00019079415893303309 -0.0002799668568681746
leaf_weight=18893 2775 12598 1533 239 368 2334 7459 5318 2866 624 142 1138 7464 269 70 178 5107 982 130 1024 14679 49 798 302 58 53 815 101 90 68781
leaf_count=18893 2775 12598 1533 239 368 2334 7459 5318 2866 624 142 1138 7464 269 70 178 5107 982 130 1024 14679 49 798 302 58 53 815 101 90 68781
internal_value=-0.00701085 -0.0159391 -0.0121619 -0.0238277 -0.0164384 -0.0252607 -0.0234614 -0.0207494 -0.030125 -0.0150904 -0.0361666 -0.0175976 -0.00868565 -0.0176967 -0.0328598 -0.0187179 -0.00908131 -0.0401996 -0.0132802 -0.00795972 -0.00864991 -0.0382365 -0.00447776 -0.0123676 0.00109461 -0.0188739 0.000350734 -0.0277941 5.66293e-05 7.66478e-05
internal_weight=157237 69473 46979 22494 21065 20943 17977 12777 5200 19467 2966 13736 25914 1932 1598 546 5731 1052 1663 23982 22143 2824 1551 642 909 111 1839 340 87764 87674
internal_count=157237 69473 46979 22494 21065 20943 17977 12777 5200 19467 2966 13736 25914 1932 1598 546 5731 1052 1663 23982 22143 2824 1551 642 909 111 1839 340 87764 87674
is_linear=0
shrinkage=0.05


Tree=170
num_leaves=31
num_cat=0
split_feature=16 19 1 1 16 18 10 1 10 9 9 9 9 8 10 18 19 1 1 8 10 8 10 1 1 7 1 8 25 6
split_gain=3965.27 828.02 279.36 249.493 186.518 164.389 129.949 191.824 127.278 117.313 101.098 80.3993 67.8056 93.1875 66.348 72.9698 63.0658 61.2818 56.7563 55.0225 56.2697 37.2872 27.2759 68.8023 20.1667 27.6937 19.978 17.0144 13.695 8.55777
threshold=1.0000000180025095e-35 3.2000000000000006 28.350000000000005 30.425000000000004 685.00000000000011 15.500000000000002 -0.49812626372919411 24.150000000000006 -0.79382744783423187 0.81925054981890411 0.99983759474438971 0.72695311118111527 -0.99275805973510278 278.50000000000006 0.28313308994381592 24.500000000000004 3.699999999999998 15.750000000000002 34.150000000000013 294.50000000000006 -0.88620506325989179 362.50000000000006 -0.94137724084408114 31.050000000000008 31.950000000000003 7.5000000000000009 29.333333333333339 170.50000000000003 49.500000000000007 885.00000000000011
decision_type=2 2 2 2 2 2 2 2 2 2 2 2 2 2 2 2 2 2 2 2 2 2 2 2 2 2 2 2 2 2
left_child=28 3 4 5 9 10 8 -8 -7 11 21 -3 13 18 15 -6 -11 -16 -4 20 -14 -2 23 27 -24 -26 -21 -5 29 -1
right_child=1 2 12 22 14 6 7 -9 -10 16 -12 -13 19 -15 17 -17 -18 -19 -20 26 -22 -23 24 -25 25 -27 -28 -29 -30 -31
leaf_value=0.00021372287448069308 0 0 0 0 0 0 0 0 0 0 1.6331004766889646e-06 0 0 0 8.1655023834448232e-07 0 0 0 0 8.1655023834448232e-07 0 8.1655023834448232e-07 9.0476480703038935e-07 9.5238400740008118e-07 2.3426423741999828e-06 -7.7388830748420845e-06 -1.1560918257498215e-05 0 -0.00018125445098637893 -0.0016101822272177866
leaf_weight=84981 2775 12598 1533 239 368 2334 7459 5318 2866 624 142 1138 7464 269 70 178 5107 982 130 1024 14679 49 798 302 58 53 815 101 90 2693
leaf_count=84981 2775 12598 1533 239 368 2334 7459 5318 2866 624 142 1138 7464 269 70 178 5107 982 130 1024 14679 49 798 302 58 53 815 101 90 2693
internal_value=-0.00701467 -0.0159391 -0.0121619 -0.0238277 -0.0164384 -0.0252607 -0.0234614 -0.0207494 -0.030125 -0.0150904 -0.0361666 -0.0175976 -0.00868565 -0.0176967 -0.0328598 -0.0187179 -0.00908131 -0.0401996 -0.0132802 -0.00795972 -0.00864991 -0.0382365 -0.00447776 -0.0123676 0.00109461 -0.0188739 0.000350734 -0.0277941 4.97928e-05 6.98042e-05
internal_weight=157237 69473 46979 22494 21065 20943 17977 12777 5200 19467 2966 13736 25914 1932 1598 546 5731 1052 1663 23982 22143 2824 1551 642 909 111 1839 340 87764 87674
internal_count=157237 69473 46979 22494 21065 20943 17977 12777 5200 19467 2966 13736 25914 1932 1598 546 5731 1052 1663 23982 22143 2824 1551 642 909 111 1839 340 87764 87674
is_linear=0
shrinkage=0.05


Tree=171
num_leaves=31
num_cat=0
split_feature=16 19 1 1 16 18 10 1 10 9 9 9 9 8 10 18 19 1 1 8 10 8 10 1 1 7 1 8 25 4
split_gain=3966.4 828.02 279.36 249.493 186.518 164.389 129.949 191.824 127.278 117.313 101.098 80.3993 67.8056 93.1875 66.348 72.9698 63.0658 61.2818 56.7563 55.0225 56.2697 37.2872 27.2759 68.8023 20.1667 27.6937 19.978 17.0144 13.6982 8.50836
threshold=1.0000000180025095e-35 3.2000000000000006 28.350000000000005 30.425000000000004 685.00000000000011 15.500000000000002 -0.49812626372919411 24.150000000000006 -0.79382744783423187 0.81925054981890411 0.99983759474438971 0.72695311118111527 -0.99275805973510278 278.50000000000006 0.28313308994381592 24.500000000000004 3.699999999999998 15.750000000000002 34.150000000000013 294.50000000000006 -0.88620506325989179 362.50000000000006 -0.94137724084408114 31.050000000000008 31.950000000000003 7.5000000000000009 29.333333333333339 170.50000000000003 49.500000000000007 21.500000000000004
decision_type=2 2 2 2 2 2 2 2 2 2 2 2 2 2 2 2 2 2 2 2 2 2 2 2 2 2 2 2 2 2
left_child=28 3 4 5 9 10 8 -8 -7 11 21 -3 13 18 15 -6 -11 -16 -4 20 -14 -2 23 27 -24 -26 -21 -5 29 -1
right_child=1 2 12 22 14 6 7 -9 -10 16 -12 -13 19 -15 17 -17 -18 -19 -20 26 -22 -23 24 -25 25 -27 -28 -29 -30 -31
leaf_value=0.0001514038676360463 0 0 0 0 0 0 0 0 0 0 1.5514454528547939e-06 0 0 0 7.7572272642739695e-07 0 0 0 0 7.7572272642739695e-07 0 7.7572272642739695e-07 8.5952656667873111e-07 9.0476480703038935e-07 2.2255102554900875e-06 -7.3519389210999803e-06 -1.0982872344623304e-05 0 -0.00017219172843706 -0.0068208219703552748
leaf_weight=87590 2775 12598 1533 239 368 2334 7459 5318 2866 624 142 1138 7464 269 70 178 5107 982 130 1024 14679 49 798 302 58 53 815 101 90 84
leaf_count=87590 2775 12598 1533 239 368 2334 7459 5318 2866 624 142 1138 7464 269 70 178 5107 982 130 1024 14679 49 798 302 58 53 815 101 90 84
internal_value=-0.00701339 -0.0159391 -0.0121619 -0.0238277 -0.0164384 -0.0252607 -0.0234614 -0.0207494 -0.030125 -0.0150904 -0.0361666 -0.0175976 -0.00868565 -0.0176967 -0.0328598 -0.0187179 -0.00908131 -0.0401996 -0.0132802 -0.00795972 -0.00864991 -0.0382365 -0.00447776 -0.0123676 0.00109461 -0.0188739 0.000350734 -0.0277941 5.20716e-05 7.20854e-05
internal_weight=157237 69473 46979 22494 21065 20943 17977 12777 5200 19467 2966 13736 25914 1932 1598 546 5731 1052 1663 23982 22143 2824 1551 642 909 111 1839 340 87764 87674
internal_count=157237 69473 46979 22494 21065 20943 17977 12777 5200 19467 2966 13736 25914 1932 1598 546 5731 1052 1663 23982 22143 2824 1551 642 909 111 1839 340 87764 87674
is_linear=0
shrinkage=0.05


Tree=172
num_leaves=31
num_cat=0
split_feature=16 19 1 1 16 18 10 1 10 9 9 9 9 8 10 18 19 1 1 8 10 8 10 1 1 7 1 8 25 27
split_gain=3968.38 828.02 279.36 249.493 186.518 164.389 129.949 191.824 127.278 117.313 101.098 80.3993 67.8056 93.1875 66.348 72.9698 63.0658 61.2818 56.7563 55.0225 56.2697 37.2872 27.2759 68.8023 20.1667 27.6937 19.978 17.0144 13.7038 8.38915
threshold=1.0000000180025095e-35 3.2000000000000006 28.350000000000005 30.425000000000004 685.00000000000011 15.500000000000002 -0.49812626372919411 24.150000000000006 -0.79382744783423187 0.81925054981890411 0.99983759474438971 0.72695311118111527 -0.99275805973510278 278.50000000000006 0.28313308994381592 24.500000000000004 3.699999999999998 15.750000000000002 34.150000000000013 294.50000000000006 -0.88620506325989179 362.50000000000006 -0.94137724084408114 31.050000000000008 31.950000000000003 7.5000000000000009 29.333333333333339 170.50000000000003 49.500000000000007 1.4500000000000013
decision_type=2 2 2 2 2 2 2 2 2 2 2 2 2 2 2 2 2 2 2 2 2 2 2 2 2 2 2 2 2 2
left_child=28 3 4 5 9 10 8 -8 -7 11 21 -3 13 18 15 -6 -11 -16 -4 20 -14 -2 23 27 -24 -26 -21 -5 29 -1
right_child=1 2 12 22 14 6 7 -9 -10 16 -12 -13 19 -15 17 -17 -18 -19 -20 26 -22 -23 24 -25 25 -27 -28 -29 -30 -31
leaf_value=0.00027530214244148032 0 0 0 0 0 0 0 0 0 0 1.4738731802119155e-06 0 0 0 7.3693659010595773e-07 0 0 0 0 7.3693659010595773e-07 0 7.3693659010595773e-07 8.1655023834448232e-07 8.5952656667873111e-07 2.1142347427158259e-06 -6.9843419750449814e-06 -1.0433728727392138e-05 0 -0.00016358214201520616 -0.004760088229586127
leaf_weight=83042 2775 12598 1533 239 368 2334 7459 5318 2866 624 142 1138 7464 269 70 178 5107 982 130 1024 14679 49 798 302 58 53 815 101 90 4632
leaf_count=83042 2775 12598 1533 239 368 2334 7459 5318 2866 624 142 1138 7464 269 70 178 5107 982 130 1024 14679 49 798 302 58 53 815 101 90 4632
internal_value=-0.00701117 -0.0159391 -0.0121619 -0.0238277 -0.0164384 -0.0252607 -0.0234614 -0.0207494 -0.030125 -0.0150904 -0.0361666 -0.0175976 -0.00868565 -0.0176967 -0.0328598 -0.0187179 -0.00908131 -0.0401996 -0.0132802 -0.00795972 -0.00864991 -0.0382365 -0.00447776 -0.0123676 0.00109461 -0.0188739 0.000350734 -0.0277941 5.60596e-05 7.60775e-05
internal_weight=157237 69473 46979 22494 21065 20943 17977 12777 5200 19467 2966 13736 25914 1932 1598 546 5731 1052 1663 23982 22143 2824 1551 642 909 111 1839 340 87764 87674
internal_count=157237 69473 46979 22494 21065 20943 17977 12777 5200 19467 2966 13736 25914 1932 1598 546 5731 1052 1663 23982 22143 2824 1551 642 909 111 1839 340 87764 87674
is_linear=0
shrinkage=0.05


Tree=173
num_leaves=31
num_cat=0
split_feature=16 19 1 1 16 18 10 1 10 9 9 9 9 8 10 18 19 1 1 8 10 8 10 1 1 7 1 8 25 9
split_gain=3966.4 828.02 279.36 249.493 186.518 164.389 129.949 191.824 127.278 117.313 101.098 80.3993 67.8056 93.1875 66.348 72.9698 63.0658 61.2818 56.7563 55.0225 56.2697 37.2872 27.2759 68.8023 20.1667 27.6937 19.978 17.0144 13.6982 8.42384
threshold=1.0000000180025095e-35 3.2000000000000006 28.350000000000005 30.425000000000004 685.00000000000011 15.500000000000002 -0.49812626372919411 24.150000000000006 -0.79382744783423187 0.81925054981890411 0.99983759474438971 0.72695311118111527 -0.99275805973510278 278.50000000000006 0.28313308994381592 24.500000000000004 3.699999999999998 15.750000000000002 34.150000000000013 294.50000000000006 -0.88620506325989179 362.50000000000006 -0.94137724084408114 31.050000000000008 31.950000000000003 7.5000000000000009 29.333333333333339 170.50000000000003 49.500000000000007 -0.82415615971448097
decision_type=2 2 2 2 2 2 2 2 2 2 2 2 2 2 2 2 2 2 2 2 2 2 2 2 2 2 2 2 2 2
left_child=28 3 4 5 9 10 8 -8 -7 11 21 -3 13 18 15 -6 -11 -16 -4 20 -14 -2 23 27 -24 -26 -21 -5 29 -1
right_child=1 2 12 22 14 6 7 -9 -10 16 -12 -13 19 -15 17 -17 -18 -19 -20 26 -22 -23 24 -25 25 -27 -28 -29 -30 -31
leaf_value=0.0041246317571411615 0 0 0 0 0 0 0 0 0 0 1.4001795212006952e-06 0 0 0 7.0008976060034762e-07 0 0 0 0 7.0008976060034762e-07 0 7.0008976060034762e-07 7.7572272642739695e-07 8.1655023834448232e-07 2.0085230055796876e-06 -6.6351248762927323e-06 -9.9120422910225323e-06 0 -0.00015540303491444753 -0.00024619092189420423
leaf_weight=16948 2775 12598 1533 239 368 2334 7459 5318 2866 624 142 1138 7464 269 70 178 5107 982 130 1024 14679 49 798 302 58 53 815 101 90 70726
leaf_count=16948 2775 12598 1533 239 368 2334 7459 5318 2866 624 142 1138 7464 269 70 178 5107 982 130 1024 14679 49 798 302 58 53 815 101 90 70726
internal_value=-0.00701339 -0.0159391 -0.0121619 -0.0238277 -0.0164384 -0.0252607 -0.0234614 -0.0207494 -0.030125 -0.0150904 -0.0361666 -0.0175976 -0.00868565 -0.0176967 -0.0328598 -0.0187179 -0.00908131 -0.0401996 -0.0132802 -0.00795972 -0.00864991 -0.0382365 -0.00447776 -0.0123676 0.00109461 -0.0188739 0.000350734 -0.0277941 5.20716e-05 7.20854e-05
internal_weight=157237 69473 46979 22494 21065 20943 17977 12777 5200 19467 2966 13736 25914 1932 1598 546 5731 1052 1663 23982 22143 2824 1551 642 909 111 1839 340 87764 87674
internal_count=157237 69473 46979 22494 21065 20943 17977 12777 5200 19467 2966 13736 25914 1932 1598 546 5731 1052 1663 23982 22143 2824 1551 642 909 111 1839 340 87764 87674
is_linear=0
shrinkage=0.05


Tree=174
num_leaves=31
num_cat=0
split_feature=16 19 1 1 16 18 10 1 10 9 9 9 9 8 10 18 19 1 1 8 10 8 10 1 1 7 1 8 25 1
split_gain=3961.88 828.02 279.36 249.493 186.518 164.389 129.949 191.824 127.278 117.313 101.098 80.3993 67.8056 93.1875 66.348 72.9698 63.0658 61.2818 56.7563 55.0225 56.2697 37.2872 27.2759 68.8023 20.1667 27.6937 19.978 17.0144 13.6853 8.54175
threshold=1.0000000180025095e-35 3.2000000000000006 28.350000000000005 30.425000000000004 685.00000000000011 15.500000000000002 -0.49812626372919411 24.150000000000006 -0.79382744783423187 0.81925054981890411 0.99983759474438971 0.72695311118111527 -0.99275805973510278 278.50000000000006 0.28313308994381592 24.500000000000004 3.699999999999998 15.750000000000002 34.150000000000013 294.50000000000006 -0.88620506325989179 362.50000000000006 -0.94137724084408114 31.050000000000008 31.950000000000003 7.5000000000000009 29.333333333333339 170.50000000000003 49.500000000000007 29.450000000000003
decision_type=2 2 2 2 2 2 2 2 2 2 2 2 2 2 2 2 2 2 2 2 2 2 2 2 2 2 2 2 2 2
left_child=28 3 4 5 9 10 8 -8 -7 11 21 -3 13 18 15 -6 -11 -16 -4 20 -14 -2 23 27 -24 -26 -21 -5 29 -1
right_child=1 2 12 22 14 6 7 -9 -10 16 -12 -13 19 -15 17 -17 -18 -19 -20 26 -22 -23 24 -25 25 -27 -28 -29 -30 -31
leaf_value=0.00054902496804462304 0 0 0 0 0 0 0 0 0 0 1.3301705451412849e-06 0 0 0 6.6508527257064243e-07 0 0 0 0 6.6508527257064243e-07 0 6.6508527257064243e-07 7.3693659010595773e-07 7.7572272642739695e-07 1.9080968553006341e-06 -6.3033686324780953e-06 -9.4164401764714045e-06 0 -0.00014763288316872459 -0.0012161166558132042
leaf_weight=70361 2775 12598 1533 239 368 2334 7459 5318 2866 624 142 1138 7464 269 70 178 5107 982 130 1024 14679 49 798 302 58 53 815 101 90 17313
leaf_count=70361 2775 12598 1533 239 368 2334 7459 5318 2866 624 142 1138 7464 269 70 178 5107 982 130 1024 14679 49 798 302 58 53 815 101 90 17313
internal_value=-0.00701848 -0.0159391 -0.0121619 -0.0238277 -0.0164384 -0.0252607 -0.0234614 -0.0207494 -0.030125 -0.0150904 -0.0361666 -0.0175976 -0.00868565 -0.0176967 -0.0328598 -0.0187179 -0.00908131 -0.0401996 -0.0132802 -0.00795972 -0.00864991 -0.0382365 -0.00447776 -0.0123676 0.00109461 -0.0188739 0.000350734 -0.0277941 4.29563e-05 6.29607e-05
internal_weight=157237 69473 46979 22494 21065 20943 17977 12777 5200 19467 2966 13736 25914 1932 1598 546 5731 1052 1663 23982 22143 2824 1551 642 909 111 1839 340 87764 87674
internal_count=157237 69473 46979 22494 21065 20943 17977 12777 5200 19467 2966 13736 25914 1932 1598 546 5731 1052 1663 23982 22143 2824 1551 642 909 111 1839 340 87764 87674
is_linear=0
shrinkage=0.05


Tree=175
num_leaves=31
num_cat=0
split_feature=16 19 1 1 16 18 10 1 10 9 9 9 9 8 10 18 19 1 1 8 10 8 10 1 1 7 1 8 25 0
split_gain=3961.03 828.02 279.36 249.493 186.518 164.389 129.949 191.824 127.278 117.313 101.098 80.3993 67.8056 93.1875 66.348 72.9698 63.0658 61.2818 56.7563 55.0225 56.2697 37.2872 27.2759 68.8023 20.1667 27.6937 19.978 17.0144 13.6829 8.31959
threshold=1.0000000180025095e-35 3.2000000000000006 28.350000000000005 30.425000000000004 685.00000000000011 15.500000000000002 -0.49812626372919411 24.150000000000006 -0.79382744783423187 0.81925054981890411 0.99983759474438971 0.72695311118111527 -0.99275805973510278 278.50000000000006 0.28313308994381592 24.500000000000004 3.699999999999998 15.750000000000002 34.150000000000013 294.50000000000006 -0.88620506325989179 362.50000000000006 -0.94137724084408114 31.050000000000008 31.950000000000003 7.5000000000000009 29.333333333333339 170.50000000000003 49.500000000000007 19.310000000000006
decision_type=2 2 2 2 2 2 2 2 2 2 2 2 2 2 2 2 2 2 2 2 2 2 2 2 2 2 2 2 2 2
left_child=28 3 4 5 9 10 8 -8 -7 11 21 -3 13 18 15 -6 -11 -16 -4 20 -14 -2 23 27 -24 -26 -21 -5 29 -1
right_child=1 2 12 22 14 6 7 -9 -10 16 -12 -13 19 -15 17 -17 -18 -19 -20 26 -22 -23 24 -25 25 -27 -28 -29 -30 -31
leaf_value=0.003032800818968207 0 0 0 0 0 0 0 0 0 0 1.2636620178835268e-06 0 0 0 6.3183100894176338e-07 0 0 0 0 6.3183100894176338e-07 0 6.3183100894176338e-07 7.0008976060034762e-07 7.3693659010595773e-07 1.8126920125358104e-06 -5.9882002008541899e-06 -8.9456181676478344e-06 0 -0.00014025123901028613 -0.00031313166056019527
leaf_weight=18893 2775 12598 1533 239 368 2334 7459 5318 2866 624 142 1138 7464 269 70 178 5107 982 130 1024 14679 49 798 302 58 53 815 101 90 68781
leaf_count=18893 2775 12598 1533 239 368 2334 7459 5318 2866 624 142 1138 7464 269 70 178 5107 982 130 1024 14679 49 798 302 58 53 815 101 90 68781
internal_value=-0.00701944 -0.0159391 -0.0121619 -0.0238277 -0.0164384 -0.0252607 -0.0234614 -0.0207494 -0.030125 -0.0150904 -0.0361666 -0.0175976 -0.00868565 -0.0176967 -0.0328598 -0.0187179 -0.00908131 -0.0401996 -0.0132802 -0.00795972 -0.00864991 -0.0382365 -0.00447776 -0.0123676 0.00109461 -0.0188739 0.000350734 -0.0277941 4.12472e-05 6.12498e-05
internal_weight=157237 69473 46979 22494 21065 20943 17977 12777 5200 19467 2966 13736 25914 1932 1598 546 5731 1052 1663 23982 22143 2824 1551 642 909 111 1839 340 87764 87674
internal_count=157237 69473 46979 22494 21065 20943 17977 12777 5200 19467 2966 13736 25914 1932 1598 546 5731 1052 1663 23982 22143 2824 1551 642 909 111 1839 340 87764 87674
is_linear=0
shrinkage=0.05


Tree=176
num_leaves=31
num_cat=0
split_feature=16 19 1 1 16 18 10 1 10 9 9 9 9 8 10 18 19 1 1 8 10 8 10 1 1 7 1 8 25 20
split_gain=3961.6 828.02 279.36 249.493 186.518 164.389 129.949 191.824 127.278 117.313 101.098 80.3993 67.8056 93.1875 66.348 72.9698 63.0658 61.2818 56.7563 55.0225 56.2697 37.2872 27.2759 68.8023 20.1667 27.6937 19.978 17.0144 13.6845 8.19283
threshold=1.0000000180025095e-35 3.2000000000000006 28.350000000000005 30.425000000000004 685.00000000000011 15.500000000000002 -0.49812626372919411 24.150000000000006 -0.79382744783423187 0.81925054981890411 0.99983759474438971 0.72695311118111527 -0.99275805973510278 278.50000000000006 0.28313308994381592 24.500000000000004 3.699999999999998 15.750000000000002 34.150000000000013 294.50000000000006 -0.88620506325989179 362.50000000000006 -0.94137724084408114 31.050000000000008 31.950000000000003 7.5000000000000009 29.333333333333339 170.50000000000003 49.500000000000007 -2.0999999999999956
decision_type=2 2 2 2 2 2 2 2 2 2 2 2 2 2 2 2 2 2 2 2 2 2 2 2 2 2 2 2 2 2
left_child=28 3 4 5 9 10 8 -8 -7 11 21 -3 13 18 15 -6 -11 -16 -4 20 -14 -2 23 27 -24 -26 -21 -5 29 -1
right_child=1 2 12 22 14 6 7 -9 -10 16 -12 -13 19 -15 17 -17 -18 -19 -20 26 -22 -23 24 -25 25 -27 -28 -29 -30 -31
leaf_value=-0.0090743987815899881 0 0 0 0 0 0 0 0 0 0 1.2004789169892116e-06 0 0 0 6.002394584946058e-07 0 0 0 0 6.002394584946058e-07 0 6.002394584946058e-07 6.6508527257064243e-07 7.0008976060034762e-07 1.7220574119090893e-06 -5.6887901908114803e-06 -8.4983372592654425e-06 0 -0.00013323867705977154 0.00012813003858156647
leaf_weight=128 2775 12598 1533 239 368 2334 7459 5318 2866 624 142 1138 7464 269 70 178 5107 982 130 1024 14679 49 798 302 58 53 815 101 90 87546
leaf_count=128 2775 12598 1533 239 368 2334 7459 5318 2866 624 142 1138 7464 269 70 178 5107 982 130 1024 14679 49 798 302 58 53 815 101 90 87546
internal_value=-0.0070188 -0.0159391 -0.0121619 -0.0238277 -0.0164384 -0.0252607 -0.0234614 -0.0207494 -0.030125 -0.0150904 -0.0361666 -0.0175976 -0.00868565 -0.0176967 -0.0328598 -0.0187179 -0.00908131 -0.0401996 -0.0132802 -0.00795972 -0.00864991 -0.0382365 -0.00447776 -0.0123676 0.00109461 -0.0188739 0.000350734 -0.0277941 4.23866e-05 6.23904e-05
internal_weight=157237 69473 46979 22494 21065 20943 17977 12777 5200 19467 2966 13736 25914 1932 1598 546 5731 1052 1663 23982 22143 2824 1551 642 909 111 1839 340 87764 87674
internal_count=157237 69473 46979 22494 21065 20943 17977 12777 5200 19467 2966 13736 25914 1932 1598 546 5731 1052 1663 23982 22143 2824 1551 642 909 111 1839 340 87764 87674
is_linear=0
shrinkage=0.05


Tree=177
num_leaves=31
num_cat=0
split_feature=16 19 1 1 16 18 10 1 10 9 9 9 9 8 10 18 19 1 1 8 10 8 10 1 1 7 1 8 25 20
split_gain=3960.19 828.02 279.36 249.493 186.518 164.389 129.949 191.824 127.278 117.313 101.098 80.3993 67.8056 93.1875 66.348 72.9698 63.0658 61.2818 56.7563 55.0225 56.2697 37.2872 27.2759 68.8023 20.1667 27.6937 19.978 17.0144 13.6805 8.18914
threshold=1.0000000180025095e-35 3.2000000000000006 28.350000000000005 30.425000000000004 685.00000000000011 15.500000000000002 -0.49812626372919411 24.150000000000006 -0.79382744783423187 0.81925054981890411 0.99983759474438971 0.72695311118111527 -0.99275805973510278 278.50000000000006 0.28313308994381592 24.500000000000004 3.699999999999998 15.750000000000002 34.150000000000013 294.50000000000006 -0.88620506325989179 362.50000000000006 -0.94137724084408114 31.050000000000008 31.950000000000003 7.5000000000000009 29.333333333333339 170.50000000000003 49.500000000000007 -2.0999999999999956
decision_type=2 2 2 2 2 2 2 2 2 2 2 2 2 2 2 2 2 2 2 2 2 2 2 2 2 2 2 2 2 2
left_child=28 3 4 5 9 10 8 -8 -7 11 21 -3 13 18 15 -6 -11 -16 -4 20 -14 -2 23 27 -24 -26 -21 -5 29 -1
right_child=1 2 12 22 14 6 7 -9 -10 16 -12 -13 19 -15 17 -17 -18 -19 -20 26 -22 -23 24 -25 25 -27 -28 -29 -30 -31
leaf_value=-0.0086206788425104881 0 0 0 0 0 0 0 0 0 0 1.1404549711394042e-06 0 0 0 5.7022748556970211e-07 0 0 0 0 5.7022748556970211e-07 0 5.7022748556970211e-07 6.3183100894176338e-07 6.6508527257064243e-07 1.6359545413138776e-06 -5.4043506812709061e-06 -8.0734203963021701e-06 0 -0.00012657674320678546 0.00012172353665248786
leaf_weight=128 2775 12598 1533 239 368 2334 7459 5318 2866 624 142 1138 7464 269 70 178 5107 982 130 1024 14679 49 798 302 58 53 815 101 90 87546
leaf_count=128 2775 12598 1533 239 368 2334 7459 5318 2866 624 142 1138 7464 269 70 178 5107 982 130 1024 14679 49 798 302 58 53 815 101 90 87546
internal_value=-0.00702039 -0.0159391 -0.0121619 -0.0238277 -0.0164384 -0.0252607 -0.0234614 -0.0207494 -0.030125 -0.0150904 -0.0361666 -0.0175976 -0.00868565 -0.0176967 -0.0328598 -0.0187179 -0.00908131 -0.0401996 -0.0132802 -0.00795972 -0.00864991 -0.0382365 -0.00447776 -0.0123676 0.00109461 -0.0188739 0.000350734 -0.0277941 3.9538e-05 5.95389e-05
internal_weight=157237 69473 46979 22494 21065 20943 17977 12777 5200 19467 2966 13736 25914 1932 1598 546 5731 1052 1663 23982 22143 2824 1551 642 909 111 1839 340 87764 87674
internal_count=157237 69473 46979 22494 21065 20943 17977 12777 5200 19467 2966 13736 25914 1932 1598 546 5731 1052 1663 23982 22143 2824 1551 642 909 111 1839 340 87764 87674
is_linear=0
shrinkage=0.05


Tree=178
num_leaves=31
num_cat=0
split_feature=16 19 1 1 16 18 10 1 10 9 9 9 9 8 10 18 19 1 1 8 10 8 10 1 1 7 1 8 25 20
split_gain=3959.34 828.02 279.36 249.493 186.518 164.389 129.949 191.824 127.278 117.313 101.098 80.3993 67.8056 93.1875 66.348 72.9698 63.0658 61.2818 56.7563 55.0225 56.2697 37.2872 27.2759 68.8023 20.1667 27.6937 19.978 17.0144 13.6781 8.18692
threshold=1.0000000180025095e-35 3.2000000000000006 28.350000000000005 30.425000000000004 685.00000000000011 15.500000000000002 -0.49812626372919411 24.150000000000006 -0.79382744783423187 0.81925054981890411 0.99983759474438971 0.72695311118111527 -0.99275805973510278 278.50000000000006 0.28313308994381592 24.500000000000004 3.699999999999998 15.750000000000002 34.150000000000013 294.50000000000006 -0.88620506325989179 362.50000000000006 -0.94137724084408114 31.050000000000008 31.950000000000003 7.5000000000000009 29.333333333333339 170.50000000000003 49.500000000000007 -2.0999999999999956
decision_type=2 2 2 2 2 2 2 2 2 2 2 2 2 2 2 2 2 2 2 2 2 2 2 2 2 2 2 2 2 2
left_child=28 3 4 5 9 10 8 -8 -7 11 21 -3 13 18 15 -6 -11 -16 -4 20 -14 -2 23 27 -24 -26 -21 -5 29 -1
right_child=1 2 12 22 14 6 7 -9 -10 16 -12 -13 19 -15 17 -17 -18 -19 -20 26 -22 -23 24 -25 25 -27 -28 -29 -30 -31
leaf_value=-0.0081896449003849622 0 0 0 0 0 0 0 0 0 0 1.0834322225830584e-06 0 0 0 5.4171611129152919e-07 0 0 0 0 5.4171611129152919e-07 0 5.4171611129152919e-07 6.002394584946058e-07 6.3183100894176338e-07 1.5541568142485308e-06 -5.134133147207361e-06 -7.6697493764870609e-06 0 -0.00012024790604644454 0.00011563735981986541
leaf_weight=128 2775 12598 1533 239 368 2334 7459 5318 2866 624 142 1138 7464 269 70 178 5107 982 130 1024 14679 49 798 302 58 53 815 101 90 87546
leaf_count=128 2775 12598 1533 239 368 2334 7459 5318 2866 624 142 1138 7464 269 70 178 5107 982 130 1024 14679 49 798 302 58 53 815 101 90 87546
internal_value=-0.00702134 -0.0159391 -0.0121619 -0.0238277 -0.0164384 -0.0252607 -0.0234614 -0.0207494 -0.030125 -0.0150904 -0.0361666 -0.0175976 -0.00868565 -0.0176967 -0.0328598 -0.0187179 -0.00908131 -0.0401996 -0.0132802 -0.00795972 -0.00864991 -0.0382365 -0.00447776 -0.0123676 0.00109461 -0.0188739 0.000350734 -0.0277941 3.78289e-05 5.7828e-05
internal_weight=157237 69473 46979 22494 21065 20943 17977 12777 5200 19467 2966 13736 25914 1932 1598 546 5731 1052 1663 23982 22143 2824 1551 642 909 111 1839 340 87764 87674
internal_count=157237 69473 46979 22494 21065 20943 17977 12777 5200 19467 2966 13736 25914 1932 1598 546 5731 1052 1663 23982 22143 2824 1551 642 909 111 1839 340 87764 87674
is_linear=0
shrinkage=0.05


Tree=179
num_leaves=31
num_cat=0
split_feature=16 19 1 1 16 18 10 1 10 9 9 9 9 8 10 18 19 1 1 8 10 8 10 1 1 7 1 8 25 20
split_gain=3959.06 828.02 279.36 249.493 186.518 164.389 129.949 191.824 127.278 117.313 101.098 80.3993 67.8056 93.1875 66.348 72.9698 63.0658 61.2818 56.7563 55.0225 56.2697 37.2872 27.2759 68.8023 20.1667 27.6937 19.978 17.0144 13.6773 8.18618
threshold=1.0000000180025095e-35 3.2000000000000006 28.350000000000005 30.425000000000004 685.00000000000011 15.500000000000002 -0.49812626372919411 24.150000000000006 -0.79382744783423187 0.81925054981890411 0.99983759474438971 0.72695311118111527 -0.99275805973510278 278.50000000000006 0.28313308994381592 24.500000000000004 3.699999999999998 15.750000000000002 34.150000000000013 294.50000000000006 -0.88620506325989179 362.50000000000006 -0.94137724084408114 31.050000000000008 31.950000000000003 7.5000000000000009 29.333333333333339 170.50000000000003 49.500000000000007 -2.0999999999999956
decision_type=2 2 2 2 2 2 2 2 2 2 2 2 2 2 2 2 2 2 2 2 2 2 2 2 2 2 2 2 2 2
left_child=28 3 4 5 9 10 8 -8 -7 11 21 -3 13 18 15 -6 -11 -16 -4 20 -14 -2 23 27 -24 -26 -21 -5 29 -1
right_child=1 2 12 22 14 6 7 -9 -10 16 -12 -13 19 -15 17 -17 -18 -19 -20 26 -22 -23 24 -25 25 -27 -28 -29 -30 -31
leaf_value=-0.0077801626553657193 0 0 0 0 0 0 0 0 0 0 1.0292606114542525e-06 0 0 0 5.1463030572712627e-07 0 0 0 0 5.1463030572712627e-07 0 5.1463030572712627e-07 5.7022748556970211e-07 6.002394584946058e-07 1.4764489735363818e-06 -4.8774264898469931e-06 -7.2862619076627093e-06 0 -0.00011423551074412064 0.00010985549182887121
leaf_weight=128 2775 12598 1533 239 368 2334 7459 5318 2866 624 142 1138 7464 269 70 178 5107 982 130 1024 14679 49 798 302 58 53 815 101 90 87546
leaf_count=128 2775 12598 1533 239 368 2334 7459 5318 2866 624 142 1138 7464 269 70 178 5107 982 130 1024 14679 49 798 302 58 53 815 101 90 87546
internal_value=-0.00702166 -0.0159391 -0.0121619 -0.0238277 -0.0164384 -0.0252607 -0.0234614 -0.0207494 -0.030125 -0.0150904 -0.0361666 -0.0175976 -0.00868565 -0.0176967 -0.0328598 -0.0187179 -0.00908131 -0.0401996 -0.0132802 -0.00795972 -0.00864991 -0.0382365 -0.00447776 -0.0123676 0.00109461 -0.0188739 0.000350734 -0.0277941 3.72592e-05 5.72578e-05
internal_weight=157237 69473 46979 22494 21065 20943 17977 12777 5200 19467 2966 13736 25914 1932 1598 546 5731 1052 1663 23982 22143 2824 1551 642 909 111 1839 340 87764 87674
internal_count=157237 69473 46979 22494 21065 20943 17977 12777 5200 19467 2966 13736 25914 1932 1598 546 5731 1052 1663 23982 22143 2824 1551 642 909 111 1839 340 87764 87674
is_linear=0
shrinkage=0.05


Tree=180
num_leaves=31
num_cat=0
split_feature=16 19 1 1 16 18 10 1 10 9 9 9 9 8 10 18 19 1 1 8 10 8 10 1 1 7 1 8 25 0
split_gain=3959.34 828.02 279.36 249.493 186.518 164.389 129.949 191.824 127.278 117.313 101.098 80.3993 67.8056 93.1875 66.348 72.9698 63.0658 61.2818 56.7563 55.0225 56.2697 37.2872 27.2759 68.8023 20.1667 27.6937 19.978 17.0144 13.6781 8.05137
threshold=1.0000000180025095e-35 3.2000000000000006 28.350000000000005 30.425000000000004 685.00000000000011 15.500000000000002 -0.49812626372919411 24.150000000000006 -0.79382744783423187 0.81925054981890411 0.99983759474438971 0.72695311118111527 -0.99275805973510278 278.50000000000006 0.28313308994381592 24.500000000000004 3.699999999999998 15.750000000000002 34.150000000000013 294.50000000000006 -0.88620506325989179 362.50000000000006 -0.94137724084408114 31.050000000000008 31.950000000000003 7.5000000000000009 29.333333333333339 170.50000000000003 49.500000000000007 19.310000000000006
decision_type=2 2 2 2 2 2 2 2 2 2 2 2 2 2 2 2 2 2 2 2 2 2 2 2 2 2 2 2 2 2
left_child=28 3 4 5 9 10 8 -8 -7 11 21 -3 13 18 15 -6 -11 -16 -4 20 -14 -2 23 27 -24 -26 -21 -5 29 -1
right_child=1 2 12 22 14 6 7 -9 -10 16 -12 -13 19 -15 17 -17 -18 -19 -20 26 -22 -23 24 -25 25 -27 -28 -29 -30 -31
leaf_value=0.0028573934566756588 0 0 0 0 0 0 0 0 0 0 9.7779758088112358e-07 0 0 0 4.8889879044056179e-07 0 0 0 0 4.8889879044056179e-07 0 4.8889879044056179e-07 5.4171611129152919e-07 5.7022748556970211e-07 1.402626524859424e-06 -4.6335551653546433e-06 -6.9219488122795744e-06 0 -0.00010852373520691684 -0.00032124236935492095
leaf_weight=18893 2775 12598 1533 239 368 2334 7459 5318 2866 624 142 1138 7464 269 70 178 5107 982 130 1024 14679 49 798 302 58 53 815 101 90 68781
leaf_count=18893 2775 12598 1533 239 368 2334 7459 5318 2866 624 142 1138 7464 269 70 178 5107 982 130 1024 14679 49 798 302 58 53 815 101 90 68781
internal_value=-0.00702134 -0.0159391 -0.0121619 -0.0238277 -0.0164384 -0.0252607 -0.0234614 -0.0207494 -0.030125 -0.0150904 -0.0361666 -0.0175976 -0.00868565 -0.0176967 -0.0328598 -0.0187179 -0.00908131 -0.0401996 -0.0132802 -0.00795972 -0.00864991 -0.0382365 -0.00447776 -0.0123676 0.00109461 -0.0188739 0.000350734 -0.0277941 3.78289e-05 5.7828e-05
internal_weight=157237 69473 46979 22494 21065 20943 17977 12777 5200 19467 2966 13736 25914 1932 1598 546 5731 1052 1663 23982 22143 2824 1551 642 909 111 1839 340 87764 87674
internal_count=157237 69473 46979 22494 21065 20943 17977 12777 5200 19467 2966 13736 25914 1932 1598 546 5731 1052 1663 23982 22143 2824 1551 642 909 111 1839 340 87764 87674
is_linear=0
shrinkage=0.05


Tree=181
num_leaves=31
num_cat=0
split_feature=16 19 1 1 16 18 10 1 10 9 9 9 9 8 10 18 19 1 1 8 10 8 10 1 1 7 1 8 25 6
split_gain=3952.85 828.02 279.36 249.493 186.518 164.389 129.949 191.824 127.278 117.313 101.098 80.3993 67.8056 93.1875 66.348 72.9698 63.0658 61.2818 56.7563 55.0225 56.2697 37.2872 27.2759 68.8023 20.1667 27.6937 19.978 17.0144 13.6598 8.51756
threshold=1.0000000180025095e-35 3.2000000000000006 28.350000000000005 30.425000000000004 685.00000000000011 15.500000000000002 -0.49812626372919411 24.150000000000006 -0.79382744783423187 0.81925054981890411 0.99983759474438971 0.72695311118111527 -0.99275805973510278 278.50000000000006 0.28313308994381592 24.500000000000004 3.699999999999998 15.750000000000002 34.150000000000013 294.50000000000006 -0.88620506325989179 362.50000000000006 -0.94137724084408114 31.050000000000008 31.950000000000003 7.5000000000000009 29.333333333333339 170.50000000000003 49.500000000000007 885.00000000000011
decision_type=2 2 2 2 2 2 2 2 2 2 2 2 2 2 2 2 2 2 2 2 2 2 2 2 2 2 2 2 2 2
left_child=28 3 4 5 9 10 8 -8 -7 11 21 -3 13 18 15 -6 -11 -16 -4 20 -14 -2 23 27 -24 -26 -21 -5 29 -1
right_child=1 2 12 22 14 6 7 -9 -10 16 -12 -13 19 -15 17 -17 -18 -19 -20 26 -22 -23 24 -25 25 -27 -28 -29 -30 -31
leaf_value=0.00015582045591078786 0 0 0 0 0 0 0 0 0 0 9.289077018373449e-07 0 0 0 4.6445385091867245e-07 0 0 0 0 4.6445385091867245e-07 0 4.6445385091867245e-07 5.1463030572712627e-07 5.4171611129152919e-07 1.3324951986165569e-06 -4.4018774070869107e-06 -6.5758513716655958e-06 0 -0.00010309754844657349 -0.0017973900301249436
leaf_weight=84981 2775 12598 1533 239 368 2334 7459 5318 2866 624 142 1138 7464 269 70 178 5107 982 130 1024 14679 49 798 302 58 53 815 101 90 2693
leaf_count=84981 2775 12598 1533 239 368 2334 7459 5318 2866 624 142 1138 7464 269 70 178 5107 982 130 1024 14679 49 798 302 58 53 815 101 90 2693
internal_value=-0.00702866 -0.0159391 -0.0121619 -0.0238277 -0.0164384 -0.0252607 -0.0234614 -0.0207494 -0.030125 -0.0150904 -0.0361666 -0.0175976 -0.00868565 -0.0176967 -0.0328598 -0.0187179 -0.00908131 -0.0401996 -0.0132802 -0.00795972 -0.00864991 -0.0382365 -0.00447776 -0.0123676 0.00109461 -0.0188739 0.000350734 -0.0277941 2.47256e-05 4.47113e-05
internal_weight=157237 69473 46979 22494 21065 20943 17977 12777 5200 19467 2966 13736 25914 1932 1598 546 5731 1052 1663 23982 22143 2824 1551 642 909 111 1839 340 87764 87674
internal_count=157237 69473 46979 22494 21065 20943 17977 12777 5200 19467 2966 13736 25914 1932 1598 546 5731 1052 1663 23982 22143 2824 1551 642 909 111 1839 340 87764 87674
is_linear=0
shrinkage=0.05


Tree=182
num_leaves=31
num_cat=0
split_feature=16 19 1 1 16 18 10 1 10 9 9 9 9 8 10 18 19 1 1 8 10 8 10 1 1 7 1 8 25 9
split_gain=3956.23 828.02 279.36 249.493 186.518 164.389 129.949 191.824 127.278 117.313 101.098 80.3993 67.8056 93.1875 66.348 72.9698 63.0658 61.2818 56.7563 55.0225 56.2697 37.2872 27.2759 68.8023 20.1667 27.6937 19.978 17.0144 13.6694 8.29841
threshold=1.0000000180025095e-35 3.2000000000000006 28.350000000000005 30.425000000000004 685.00000000000011 15.500000000000002 -0.49812626372919411 24.150000000000006 -0.79382744783423187 0.81925054981890411 0.99983759474438971 0.72695311118111527 -0.99275805973510278 278.50000000000006 0.28313308994381592 24.500000000000004 3.699999999999998 15.750000000000002 34.150000000000013 294.50000000000006 -0.88620506325989179 362.50000000000006 -0.94137724084408114 31.050000000000008 31.950000000000003 7.5000000000000009 29.333333333333339 170.50000000000003 49.500000000000007 -0.99275805973510278
decision_type=2 2 2 2 2 2 2 2 2 2 2 2 2 2 2 2 2 2 2 2 2 2 2 2 2 2 2 2 2 2
left_child=28 3 4 5 9 10 8 -8 -7 11 21 -3 13 18 15 -6 -11 -16 -4 20 -14 -2 23 27 -24 -26 -21 -5 29 -1
right_child=1 2 12 22 14 6 7 -9 -10 16 -12 -13 19 -15 17 -17 -18 -19 -20 26 -22 -23 24 -25 25 -27 -28 -29 -30 -31
leaf_value=0.012402379353760516 0 0 0 0 0 0 0 0 0 0 8.8246231674526947e-07 0 0 0 4.4123115837263473e-07 0 0 0 0 4.4123115837263473e-07 0 4.4123115837263473e-07 4.8889879044056179e-07 5.1463030572712627e-07 1.2658704386860066e-06 -4.1817835367325648e-06 -6.2470588030823168e-06 0 -9.7942671024242592e-05 -9.8858650128330627e-05
leaf_weight=3270 2775 12598 1533 239 368 2334 7459 5318 2866 624 142 1138 7464 269 70 178 5107 982 130 1024 14679 49 798 302 58 53 815 101 90 84404
leaf_count=3270 2775 12598 1533 239 368 2334 7459 5318 2866 624 142 1138 7464 269 70 178 5107 982 130 1024 14679 49 798 302 58 53 815 101 90 84404
internal_value=-0.00702484 -0.0159391 -0.0121619 -0.0238277 -0.0164384 -0.0252607 -0.0234614 -0.0207494 -0.030125 -0.0150904 -0.0361666 -0.0175976 -0.00868565 -0.0176967 -0.0328598 -0.0187179 -0.00908131 -0.0401996 -0.0132802 -0.00795972 -0.00864991 -0.0382365 -0.00447776 -0.0123676 0.00109461 -0.0188739 0.000350734 -0.0277941 3.15621e-05 5.15548e-05
internal_weight=157237 69473 46979 22494 21065 20943 17977 12777 5200 19467 2966 13736 25914 1932 1598 546 5731 1052 1663 23982 22143 2824 1551 642 909 111 1839 340 87764 87674
internal_count=157237 69473 46979 22494 21065 20943 17977 12777 5200 19467 2966 13736 25914 1932 1598 546 5731 1052 1663 23982 22143 2824 1551 642 909 111 1839 340 87764 87674
is_linear=0
shrinkage=0.05


Tree=183
num_leaves=31
num_cat=0
split_feature=16 19 1 1 16 18 10 1 10 9 9 9 9 8 10 18 19 1 1 8 10 8 10 1 1 7 1 8 25 1
split_gain=3953.41 828.02 279.36 249.493 186.518 164.389 129.949 191.824 127.278 117.313 101.098 80.3993 67.8056 93.1875 66.348 72.9698 63.0658 61.2818 56.7563 55.0225 56.2697 37.2872 27.2759 68.8023 20.1667 27.6937 19.978 17.0144 13.6614 8.05671
threshold=1.0000000180025095e-35 3.2000000000000006 28.350000000000005 30.425000000000004 685.00000000000011 15.500000000000002 -0.49812626372919411 24.150000000000006 -0.79382744783423187 0.81925054981890411 0.99983759474438971 0.72695311118111527 -0.99275805973510278 278.50000000000006 0.28313308994381592 24.500000000000004 3.699999999999998 15.750000000000002 34.150000000000013 294.50000000000006 -0.88620506325989179 362.50000000000006 -0.94137724084408114 31.050000000000008 31.950000000000003 7.5000000000000009 29.333333333333339 170.50000000000003 49.500000000000007 29.450000000000003
decision_type=2 2 2 2 2 2 2 2 2 2 2 2 2 2 2 2 2 2 2 2 2 2 2 2 2 2 2 2 2 2
left_child=28 3 4 5 9 10 8 -8 -7 11 21 -3 13 18 15 -6 -11 -16 -4 20 -14 -2 23 27 -24 -26 -21 -5 29 -1
right_child=1 2 12 22 14 6 7 -9 -10 16 -12 -13 19 -15 17 -17 -18 -19 -20 26 -22 -23 24 -25 25 -27 -28 -29 -30 -31
leaf_value=0.0004254179481902405 0 0 0 0 0 0 0 0 0 0 8.3833920090786726e-07 0 0 0 4.1916960045393363e-07 0 0 0 0 4.1916960045393363e-07 0 4.1916960045393363e-07 4.6445385091867245e-07 4.8889879044056179e-07 1.2025769167520186e-06 -3.9726943598959369e-06 -5.9347058629282011e-06 0 -9.304553747302991e-05 -0.0011092204256753363
leaf_weight=70361 2775 12598 1533 239 368 2334 7459 5318 2866 624 142 1138 7464 269 70 178 5107 982 130 1024 14679 49 798 302 58 53 815 101 90 17313
leaf_count=70361 2775 12598 1533 239 368 2334 7459 5318 2866 624 142 1138 7464 269 70 178 5107 982 130 1024 14679 49 798 302 58 53 815 101 90 17313
internal_value=-0.00702802 -0.0159391 -0.0121619 -0.0238277 -0.0164384 -0.0252607 -0.0234614 -0.0207494 -0.030125 -0.0150904 -0.0361666 -0.0175976 -0.00868565 -0.0176967 -0.0328598 -0.0187179 -0.00908131 -0.0401996 -0.0132802 -0.00795972 -0.00864991 -0.0382365 -0.00447776 -0.0123676 0.00109461 -0.0188739 0.000350734 -0.0277941 2.5865e-05 4.58519e-05
internal_weight=157237 69473 46979 22494 21065 20943 17977 12777 5200 19467 2966 13736 25914 1932 1598 546 5731 1052 1663 23982 22143 2824 1551 642 909 111 1839 340 87764 87674
internal_count=157237 69473 46979 22494 21065 20943 17977 12777 5200 19467 2966 13736 25914 1932 1598 546 5731 1052 1663 23982 22143 2824 1551 642 909 111 1839 340 87764 87674
is_linear=0
shrinkage=0.05


Tree=184
num_leaves=31
num_cat=0
split_feature=16 19 1 1 16 18 10 1 10 9 9 9 9 8 10 18 19 1 1 8 10 8 10 1 1 7 1 8 25 15
split_gain=3939.88 828.02 279.36 249.493 186.518 164.389 129.949 191.824 127.278 117.313 101.098 80.3993 67.8056 93.1875 66.348 72.9698 63.0658 61.2818 56.7563 55.0225 56.2697 37.2872 27.2759 68.8023 20.1667 27.6937 19.978 17.0144 13.623 8.39675
threshold=1.0000000180025095e-35 3.2000000000000006 28.350000000000005 30.425000000000004 685.00000000000011 15.500000000000002 -0.49812626372919411 24.150000000000006 -0.79382744783423187 0.81925054981890411 0.99983759474438971 0.72695311118111527 -0.99275805973510278 278.50000000000006 0.28313308994381592 24.500000000000004 3.699999999999998 15.750000000000002 34.150000000000013 294.50000000000006 -0.88620506325989179 362.50000000000006 -0.94137724084408114 31.050000000000008 31.950000000000003 7.5000000000000009 29.333333333333339 170.50000000000003 49.500000000000007 19.250000000000004
decision_type=2 2 2 2 2 2 2 2 2 2 2 2 2 2 2 2 2 2 2 2 2 2 2 2 2 2 2 2 2 2
left_child=28 3 4 5 9 10 8 -8 -7 11 21 -3 13 18 15 -6 -11 -16 -4 20 -14 -2 23 27 -24 -26 -21 -5 29 -1
right_child=1 2 12 22 14 6 7 -9 -10 16 -12 -13 19 -15 17 -17 -18 -19 -20 26 -22 -23 24 -25 25 -27 -28 -29 -30 -31
leaf_value=0.0037206082945194108 0 0 0 0 0 0 0 0 0 0 7.9642224086184936e-07 0 0 0 3.9821112043092468e-07 0 0 0 0 3.9821112043092468e-07 0 3.9821112043092468e-07 4.4123115837263473e-07 4.6445385091867245e-07 1.1424480709142094e-06 -3.7740596419011402e-06 -5.6379705697817906e-06 0 -8.8393260599378698e-05 -0.00029133555728423551
leaf_weight=17537 2775 12598 1533 239 368 2334 7459 5318 2866 624 142 1138 7464 269 70 178 5107 982 130 1024 14679 49 798 302 58 53 815 101 90 70137
leaf_count=17537 2775 12598 1533 239 368 2334 7459 5318 2866 624 142 1138 7464 269 70 178 5107 982 130 1024 14679 49 798 302 58 53 815 101 90 70137
internal_value=-0.00704328 -0.0159391 -0.0121619 -0.0238277 -0.0164384 -0.0252607 -0.0234614 -0.0207494 -0.030125 -0.0150904 -0.0361666 -0.0175976 -0.00868565 -0.0176967 -0.0328598 -0.0187179 -0.00908131 -0.0401996 -0.0132802 -0.00795972 -0.00864991 -0.0382365 -0.00447776 -0.0123676 0.00109461 -0.0188739 0.000350734 -0.0277941 -1.48106e-06 1.84777e-05
internal_weight=157237 69473 46979 22494 21065 20943 17977 12777 5200 19467 2966 13736 25914 1932 1598 546 5731 1052 1663 23982 22143 2824 1551 642 909 111 1839 340 87764 87674
internal_count=157237 69473 46979 22494 21065 20943 17977 12777 5200 19467 2966 13736 25914 1932 1598 546 5731 1052 1663 23982 22143 2824 1551 642 909 111 1839 340 87764 87674
is_linear=0
shrinkage=0.05


Tree=185
num_leaves=31
num_cat=0
split_feature=16 19 1 1 16 18 10 1 10 9 9 9 9 8 10 18 19 1 1 8 10 8 10 1 1 7 1 8 25 4
split_gain=3937.34 828.02 279.36 249.493 186.518 164.389 129.949 191.824 127.278 117.313 101.098 80.3993 67.8056 93.1875 66.348 72.9698 63.0658 61.2818 56.7563 55.0225 56.2697 37.2872 27.2759 68.8023 20.1667 27.6937 19.978 17.0144 13.6158 8.44563
threshold=1.0000000180025095e-35 3.2000000000000006 28.350000000000005 30.425000000000004 685.00000000000011 15.500000000000002 -0.49812626372919411 24.150000000000006 -0.79382744783423187 0.81925054981890411 0.99983759474438971 0.72695311118111527 -0.99275805973510278 278.50000000000006 0.28313308994381592 24.500000000000004 3.699999999999998 15.750000000000002 34.150000000000013 294.50000000000006 -0.88620506325989179 362.50000000000006 -0.94137724084408114 31.050000000000008 31.950000000000003 7.5000000000000009 29.333333333333339 170.50000000000003 49.500000000000007 21.500000000000004
decision_type=2 2 2 2 2 2 2 2 2 2 2 2 2 2 2 2 2 2 2 2 2 2 2 2 2 2 2 2 2 2
left_child=28 3 4 5 9 10 8 -8 -7 11 21 -3 13 18 15 -6 -11 -16 -4 20 -14 -2 23 27 -24 -26 -21 -5 29 -1
right_child=1 2 12 22 14 6 7 -9 -10 16 -12 -13 19 -15 17 -17 -18 -19 -20 26 -22 -23 24 -25 25 -27 -28 -29 -30 -31
leaf_value=9.4153040797351403e-06 0 0 0 0 0 0 0 0 0 0 7.5660112881931205e-07 0 0 0 3.7830056440965602e-07 0 0 0 0 3.7830056440965602e-07 0 3.7830056440965602e-07 4.1916960045393363e-07 4.4123115837263473e-07 1.0853256673687417e-06 -3.5853566598060832e-06 -5.3560720412927015e-06 0 -8.3973597569408931e-05 -0.0069394535945162582
leaf_weight=87590 2775 12598 1533 239 368 2334 7459 5318 2866 624 142 1138 7464 269 70 178 5107 982 130 1024 14679 49 798 302 58 53 815 101 90 84
leaf_count=87590 2775 12598 1533 239 368 2334 7459 5318 2866 624 142 1138 7464 269 70 178 5107 982 130 1024 14679 49 798 302 58 53 815 101 90 84
internal_value=-0.00704615 -0.0159391 -0.0121619 -0.0238277 -0.0164384 -0.0252607 -0.0234614 -0.0207494 -0.030125 -0.0150904 -0.0361666 -0.0175976 -0.00868565 -0.0176967 -0.0328598 -0.0187179 -0.00908131 -0.0401996 -0.0132802 -0.00795972 -0.00864991 -0.0382365 -0.00447776 -0.0123676 0.00109461 -0.0188739 0.000350734 -0.0277941 -6.60845e-06 1.33451e-05
internal_weight=157237 69473 46979 22494 21065 20943 17977 12777 5200 19467 2966 13736 25914 1932 1598 546 5731 1052 1663 23982 22143 2824 1551 642 909 111 1839 340 87764 87674
internal_count=157237 69473 46979 22494 21065 20943 17977 12777 5200 19467 2966 13736 25914 1932 1598 546 5731 1052 1663 23982 22143 2824 1551 642 909 111 1839 340 87764 87674
is_linear=0
shrinkage=0.05


end of trees

feature_importances:
max_so_far=1464
day_cos=998
day_sin=792
day_of_year=718
range_so_far=404
forecast_tmin=386
time_since_max_so_far=372
month=139
forecast_tmax=119
minutes_since_midnight=56
rainfall_120m=51
temp_change_120min=18
temp=17
hour=17
drop_from_max=16
rainfall_60m=6
is_afternoon=4
temp_change_60min=2
max_bucket=1

parameters:
[boosting: gbdt]
[objective: quantile]
[metric: quantile]
[tree_learner: serial]
[device_type: cpu]
[data_sample_strategy: bagging]
[data: ]
[valid: ]
[num_iterations: 500]
[learning_rate: 0.05]
[num_leaves: 31]
[num_threads: 4]
[seed: 42]
[deterministic: 0]
[force_col_wise: 0]
[force_row_wise: 0]
[histogram_pool_size: -1]
[max_depth: 6]
[min_data_in_leaf: 20]
[min_sum_hessian_in_leaf: 0.001]
[bagging_fraction: 1]
[pos_bagging_fraction: 1]
[neg_bagging_fraction: 1]
[bagging_freq: 0]
[bagging_seed: 400]
[bagging_by_query: 0]
[feature_fraction: 1]
[feature_fraction_bynode: 1]
[feature_fraction_seed: 30056]
[extra_trees: 0]
[extra_seed: 12879]
[early_stopping_round: 30]
[early_stopping_min_delta: 0]
[first_metric_only: 0]
[max_delta_step: 0]
[lambda_l1: 0]
[lambda_l2: 0]
[linear_lambda: 0]
[min_gain_to_split: 0]
[drop_rate: 0.1]
[max_drop: 50]
[skip_drop: 0.5]
[xgboost_dart_mode: 0]
[uniform_drop: 0]
[drop_seed: 17869]
[top_rate: 0.2]
[other_rate: 0.1]
[min_data_per_group: 100]
[max_cat_threshold: 32]
[cat_l2: 10]
[cat_smooth: 10]
[max_cat_to_onehot: 4]
[top_k: 20]
[monotone_constraints: ]
[monotone_constraints_method: basic]
[monotone_penalty: 0]
[feature_contri: ]
[forcedsplits_filename: ]
[refit_decay_rate: 0.9]
[cegb_tradeoff: 1]
[cegb_penalty_split: 0]
[cegb_penalty_feature_lazy: ]
[cegb_penalty_feature_coupled: ]
[path_smooth: 0]
[interaction_constraints: ]
[verbosity: -1]
[saved_feature_importance_type: 0]
[use_quantized_grad: 0]
[num_grad_quant_bins: 4]
[quant_train_renew_leaf: 0]
[stochastic_rounding: 1]
[linear_tree: 0]
[max_bin: 255]
[max_bin_by_feature: ]
[min_data_in_bin: 3]
[bin_construct_sample_cnt: 200000]
[data_random_seed: 175]
[is_enable_sparse: 1]
[enable_bundle: 1]
[use_missing: 1]
[zero_as_missing: 0]
[feature_pre_filter: 1]
[pre_partition: 0]
[two_round: 0]
[header: 0]
[label_column: ]
[weight_column: ]
[group_column: ]
[ignore_column: ]
[categorical_feature: ]
[forcedbins_filename: ]
[precise_float_parser: 0]
[parser_config_file: ]
[objective_seed: 16083]
[num_class: 1]
[is_unbalance: 0]
[scale_pos_weight: 1]
[sigmoid: 1]
[boost_from_average: 1]
[reg_sqrt: 0]
[alpha: 0.1]
[fair_c: 1]
[poisson_max_delta_step: 0.7]
[tweedie_variance_power: 1.5]
[lambdarank_truncation_level: 30]
[lambdarank_norm: 1]
[label_gain: ]
[lambdarank_position_bias_regularization: 0]
[eval_at: ]
[multi_error_top_k: 1]
[auc_mu_weights: ]
[num_machines: 1]
[local_listen_port: 12400]
[time_out: 120]
[machine_list_filename: ]
[machines: ]
[gpu_platform_id: -1]
[gpu_device_id: -1]
[gpu_use_dp: 0]
[num_gpu: 1]

end of parameters

pandas_categorical:[]
