tree
version=v4
num_class=1
num_tree_per_iteration=1
label_index=0
max_feature_idx=45
objective=quantile
feature_names=temp_current rh_current max_so_far_1m min_so_far_1m range_so_far_1m time_since_max_1m time_since_min_1m drop_from_max_1m rise_from_min_1m temp_change_5m temp_change_15m temp_change_30m temp_change_60m temp_acceleration_30m temp_std_30m temp_std_60m rh_change_15m rh_change_30m rh_change_60m rh_mean_30m rh_mean_60m rh_std_60m temp_x_rh dew_point_c dew_point_spread hour minute minutes_since_midnight month day_of_year month_sin month_cos day_sin day_cos is_morning is_afternoon is_evening is_night rainfall_60m rainfall_120m rainfall_60m_missing_flag rainfall_120m_missing_flag rain_cooling_60m rain_cooling_120m post_peak_rain_flag morning_peak_rain_flag
feature_infos=[6.2999999999999998:36.100000000000001] [0:98] [7.0999999999999996:36.100000000000001] [6.2999999999999998:32.5] [0:10.399999999999999] [0:1439] none [0:10.399999999999999] [0:9.2000000000000011] [-3.6999999999999993:1.1999999999999993] [-5.5:1.6999999999999993] [-6.0999999999999979:2.6999999999999993] [-6:3.4000000000000021] [-0.37333333333333341:0.38666666666666649] [0:2.6112070578279503] [0:2.7694106942128176] [-15:18] [-16:21] [-21:23] [26.300000000000001:98] [26.600000000000001:97.799999999999997] [0:9.0450692001861217] [0:2736] [-2.3755373948917975:28.264166577118701] [0:20.815952355098151] [0:23] [0:55] [0:1435] [1:12] [1:365] [-1:1] [-1:1] [-0.9999994220246925:0.99998555065071859] [-0.99997919295908233:0.9999907524084426] [0:1] [0:1] [0:1] [0:1] [0:123] [0:162] none none [0:5.9000000000000021] [0:5.9000000000000021] [0:1] none
tree_sizes=2489 2954 2872 2759 2955 2963 2980 2954 2949 2946 2991 2971 2601 2955 2868 2942 3002 2976 2759 2770 2969 2987 2759 2950 2986 2954 2891 2978 2971 2993 2990 2985 3023 2994 3017 2827 2922 2916 2999 2996 3007 2990 3015 2991 2904 2813 3009 2821 2818 2990 2996 3034 2713 2345 2794 2538 3007 3008 3009 3021 3009 3012 3007 3016 3023 3011 3025 3007 3026 3004 3034 3010 3016 3002 2998 2998 3012 3034 3020 3021 3030 3004 3014 3008 2992 2999 3001 2982 3037 3012 3010 3029 3024 3025 3020 2904 3013 3024 3014 3023 3021 3043 3026 2821 3024 3014 2656 3018 3050 3038 2567 2198 2474 2554 2574 2952 2664 2933 2287 2659 3023 2488 2659 2848 2397 2839 2291 2549 2738 2361 2564 2824 2367 3035 2936 2280 2480 2752 2939 2466 2378 2652 2841 2386 2658 2843 3030 2757 3018 3023 3011 3031 2626 2845 2573 3025 3037 3027 2991 2669 2575 3012 2854 3032 3052 3035 3014 3035 2845 2896 3030 2948 3032 3019 2543 3036 3022 3036

Tree=0
num_leaves=28
num_cat=0
split_feature=27 29 32 29 32 24 1 2 7 2 3 27 33 4 12 32 15 32 7 27 27 30 8 3 2 4 3
split_gain=1148.05 178.185 163.991 239.34 175.415 147.461 105.704 77.0212 76.9038 62.8211 51.2026 21.341 20.3906 17.3346 11.9751 13.3216 2.24814 3.11618 1.12467 1.01667 0.952041 1.73553 0.802037 0.10802 0.0572337 0.136304 0.0163869
threshold=552.50000000000011 357.50000000000006 -0.97113884758256674 274.50000000000006 0.96904697354198299 2.9237410177689838 52.500000000000007 29.250000000000004 1.099999999999999 25.350000000000005 18.250000000000004 612.50000000000011 -0.065537083312030994 0.90000000000000135 0.59999999999999887 0.48314048284850658 0.29186474306213678 -0.54220184589352438 0.35000000000000148 567.50000000000011 637.50000000000011 0.68301270189221941 1.55 26.950000000000003 14.350000000000003 3.0999999999999992 29.250000000000004
decision_type=2 2 2 2 2 2 2 2 2 2 2 2 2 2 2 2 2 2 2 2 2 2 2 2 2 2 2
left_child=1 2 3 7 6 9 -4 -1 -8 -6 -3 14 -7 -5 18 16 17 -16 19 -2 21 23 -21 -13 25 -22 -26
right_child=11 10 4 13 5 12 8 -9 -10 -11 -12 20 -14 -15 15 -17 -18 -19 -20 22 24 -23 -24 -25 26 -27 -28
leaf_value=4.2239998149871827 4.1999998092651367 4.2359998178482057 4.2239998149871827 4.2449998092651366 4.2689998149871826 4.208999814987183 4.220999817848206 4.2149998092651364 4.1909998178482057 4.2359998178482057 4.2269998121261594 4.1699998164176941 4.1819998121261595 4.19699981212616 4.1909998178482057 4.2239998149871827 4.1909998178482057 4.208999814987183 4.1540997584103723 4.1879998135566714 4.1369998121261595 4.19699981212616 4.1921997941017368 4.1780997891664757 4.1039998149871826 4.1069998157024381 4.1399998164176939
leaf_weight=758 304 384 421 564 1362 372 23312 564 4028 325 329 777 543 587 349 444 370 432 794 594 302 357 317 374 46870 631 357
leaf_count=758 304 384 421 564 1362 372 23312 564 4028 325 329 777 543 587 349 444 370 432 794 594 302 357 317 374 46870 631 357
internal_value=4.19993 4.20428 4.20396 4.21138 4.20335 4.2108 4.20265 4.22009 4.20242 4.21605 4.2191 4.19719 4.2011 4.20138 4.19942 4.20136 4.19966 4.20057 4.19788 4.19846 4.19703 4.19778 4.19796 4.19721 4.19701 4.19726 4.197
internal_weight=86821 33549 32836 2473 30363 2602 27761 1322 27340 1687 713 53272 915 1151 3604 1595 1151 781 2009 1215 49668 1508 911 1151 48160 933 47227
internal_count=86821 33549 32836 2473 30363 2602 27761 1322 27340 1687 713 53272 915 1151 3604 1595 1151 781 2009 1215 49668 1508 911 1151 48160 933 47227
is_linear=0
shrinkage=1


Tree=1
num_leaves=31
num_cat=0
split_feature=27 32 33 32 23 2 2 22 33 33 33 2 33 27 23 20 7 12 32 7 32 11 27 32 5 12 3 25 32 27
split_gain=1179.03 154.532 235.666 173.6 167.518 146.532 103.479 90.7754 80.2856 79.6379 85.0987 74.8033 51.1737 22.6646 20.9465 16.3129 14.299 11.039 11.6467 10.9514 2.30216 1.1756 1.07432 1.27596 0.49875 0.474835 0.19254 0.0956427 0.124891 0.0457405
threshold=557.50000000000011 -0.97113884758256674 0.011826144619637555 0.96904697354198299 10.263885913573455 26.350000000000005 16.850000000000005 1918.3000000000004 0.99138911339924218 0.98770287048522643 0.99855310097228334 29.250000000000004 -0.55656394595157355 612.50000000000011 22.19970583741021 75.617857142857147 0.49999999999999739 0.59999999999999887 0.46800856592688472 0.60000000000000064 -0.54220184589352438 0.20000000000000065 632.50000000000011 0.64579916509010216 135.50000000000003 0.35000000000000148 26.950000000000003 10.500000000000002 0.48314048284850658 577.50000000000011
decision_type=2 2 2 2 2 2 2 2 2 2 2 2 2 2 2 2 2 2 2 2 2 2 2 2 2 2 2 2 2 2
left_child=1 2 11 4 6 7 8 16 -3 12 -11 24 -6 17 -9 -4 -5 21 20 -17 -19 25 23 26 -1 29 -15 28 -24 -2
right_child=13 3 15 5 9 -7 -8 14 -10 10 -12 -13 -14 22 -16 19 -18 18 -20 -21 -22 -23 27 -25 -26 -27 -28 -29 -30 -31
leaf_value=0.020280008411407469 -0.022622989891288216 0.03927000546455383 -0.0029099972248077498 0.0099300026893615716 0.020370008325576769 -0.045269993019104011 0.023370005464553818 0.063930008411407474 0.034920008325576776 0.020370008325576769 0.026190002775192268 0.014550000000000009 0.0053700083255767694 -0.033000036764106497 0.069930002689361573 0.043650000000000001 0.0099300026893615716 -0.0087299916744232233 0.023280005550384519 0.016650011444091797 0.0057300084114074584 -0.0057659967241350148 -0.036119991588592526 -0.0050999944925308235 0.029279999828338621 -0.0089999914169311516 -0.01734299653601722 -0.099119994091987601 -0.021119991588592527 -0.038639991545677189
leaf_weight=302 350 1384 433 302 11216 572 569 804 359 603 552 553 14063 564 605 368 370 497 437 357 541 521 996 316 490 331 320 46955 502 614
leaf_count=302 350 1384 433 302 11216 572 569 804 359 603 552 553 14063 564 605 368 370 497 437 357 541 521 996 316 490 331 320 46955 502 614
internal_value=-6.77124e-06 0.00436138 0.0115339 0.00378927 0.00311135 0.0111307 0.0108534 0.0148256 0.00721961 0.00243382 0.0101341 0.0200706 0.00208161 -0.00280389 0.0191511 0.00161001 0.00574146 -0.000392771 0.00153455 0.0043595 -0.000196343 -0.00195817 -0.00296369 -0.00207327 0.0259823 -0.00244213 -0.00265763 -0.0029857 -0.00273783 -0.00277928
internal_weight=86846 33902 2503 31399 28746 2653 2312 2081 1743 26434 1155 1345 25279 52944 1409 1158 672 3291 1475 725 1038 1816 49653 1200 792 1295 884 48453 1498 964
internal_count=86846 33902 2503 31399 28746 2653 2312 2081 1743 26434 1155 1345 25279 52944 1409 1158 672 3291 1475 725 1038 1816 49653 1200 792 1295 884 48453 1498 964
is_linear=0
shrinkage=0.03


Tree=2
num_leaves=30
num_cat=0
split_feature=27 29 32 29 32 2 20 7 2 7 3 4 27 32 32 12 3 33 27 32 7 5 5 4 25 29 2 2 0
split_gain=1152.08 185.891 181.431 253.467 159.894 129.087 122.645 73.1682 71.5411 65.1532 54.0782 19.5633 19.5477 18.9357 11.0291 4.77977 5.98459 3.15769 0.925523 1.22398 0.867208 0.515798 0.325677 0.195425 0.122993 0.262793 0.0503054 0.0375746 0.0180948
threshold=562.50000000000011 357.50000000000006 -0.97113884758256674 274.50000000000006 0.96904697354198299 26.350000000000005 57.541666666666671 1.1000000000000008 29.250000000000004 0.85000000000000153 18.250000000000004 0.90000000000000135 617.50000000000011 -0.159513159777915 0.94425825643485939 0.5999999999999962 19.050000000000004 0.011826144619637555 632.50000000000011 0.48314048284850658 0.1000000000000001 129.50000000000003 330.50000000000006 1.0499999999999992 10.500000000000002 84.500000000000014 28.550000000000004 14.750000000000002 27.350000000000005
decision_type=2 2 2 2 2 2 2 2 2 2 2 2 2 2 2 2 2 2 2 2 2 2 2 2 2 2 2 2 2
left_child=1 2 3 8 6 9 13 -8 21 -6 -3 -5 14 -4 15 20 -17 -18 19 28 -2 -1 -13 -20 25 -25 -22 -26 -14
right_child=12 10 4 11 5 -7 7 -9 -10 -11 -12 22 18 -15 -16 16 17 -19 23 -21 26 -23 -24 24 27 -27 -28 -29 -30
leaf_value=0.022071584269544225 -0.0074808018189659225 0.033872408075809463 0.022578905386447898 0.042340499999999989 0.06183210833072661 -0.043911893228530903 0.019758908075809475 -0.0088910919241905265 0.014113500000000013 0.031832108330726611 0.025404302691936501 -0.0028226973080635264 -0.031109996250630569 0.040191902439594265 0.016581611105918874 0.014558092358709007 0.00053189949274062614 -0.017468097646236424 -0.069146393196344386 -0.0051570171310691745 -0.046010584870770407 0.019671604876044548 -0.0028226973080635264 -0.020318395573119225 -0.079136395256280898 -0.029945437811137374 -0.021463790144917894 -0.096146394269227983 -0.022822700917890799
leaf_weight=303 501 401 379 584 1692 586 23652 4071 569 388 339 300 304 347 331 311 732 444 471 309 715 511 311 303 1035 1104 302 45473 300
leaf_count=303 501 401 379 584 1692 586 23652 4071 569 388 339 300 304 347 331 311 732 444 471 309 715 511 311 303 1035 1104 302 45473 300
internal_value=-2.12942e-05 0.00424525 0.00391823 0.0115649 0.00328432 0.0103082 0.00262576 0.0023067 0.0203042 0.0138107 0.0191093 0.00144231 -0.00281243 0.0147895 -0.000589752 -0.00116268 4.63703e-05 -0.000932881 -0.00296282 -0.00201204 -0.00234628 0.0260098 -0.00230882 -0.00298072 -0.00298679 -0.00269957 -0.00284971 -0.00299542 -0.00279669
internal_weight=87068 34433 33693 2578 31115 2666 28449 27723 1383 2080 740 1195 52635 726 3336 3005 1487 1176 49299 913 1518 814 611 48386 47915 1407 1017 46508 604
internal_count=87068 34433 33693 2578 31115 2666 28449 27723 1383 2080 740 1195 52635 726 3336 3005 1487 1176 49299 913 1518 814 611 48386 47915 1407 1017 46508 604
is_linear=0
shrinkage=0.03


Tree=3
num_leaves=29
num_cat=0
split_feature=27 29 32 29 32 24 0 0 7 20 0 4 27 32 29 12 32 5 32 27 30 4 7 7 23 0 5 7
split_gain=1115.87 192.82 180.124 244.812 115.576 118.766 84.6129 96.6332 76.6067 69.6424 40.8691 18.8681 17.6318 8.20231 6.99728 4.81606 4.66888 3.51815 1.59405 1.18856 1.73804 1.00289 0.805874 0.323541 0.18774 0.0568507 0.326685 0.03916
threshold=562.50000000000011 357.50000000000006 -0.97113884758256674 274.50000000000006 0.96234642434711437 10.379491110089536 26.050000000000004 20.450000000000003 1.099999999999999 79.455769230769249 17.650000000000002 0.90000000000000135 612.50000000000011 0.94425825643485939 266.50000000000006 0.5999999999999962 0.39827038710620805 74.500000000000014 -0.54220184589352438 642.50000000000011 0.68301270189221941 1.0499999999999992 0.1000000000000001 1.1999999999999977 24.672320113983233 14.65 12.500000000000002 0.35000000000000148
decision_type=2 2 2 2 2 2 2 2 2 2 2 2 2 2 2 2 2 2 2 2 2 2 2 2 2 2 2 2
left_child=1 2 3 9 5 8 7 -6 -4 -1 -3 -5 13 15 -11 22 18 -8 -17 20 24 -21 -2 -13 -14 26 -23 -24
right_child=12 10 4 11 6 -7 17 -9 -10 14 -12 23 19 -15 -16 16 -18 -19 -20 21 -22 25 27 -25 -26 -27 -28 -29
leaf_value=0.010690097861022973 -0.0081455677486002818 0.032856235833535183 0.019166140833535187 0.041070284999999991 -0.0042228635022640137 0.021901538224854463 0.014405459276790591 0.059977145080804817 -0.0086243591664648192 0.02781145168720715 0.02464217361117841 -0.0027380163888216114 -0.028138025253466422 0.013084151328649502 0.018811460270275998 -0.011434464144878805 0.016565654121136662 -0.025383859166464819 0.0025421540353059769 -0.081940008722497057 -0.0026022868760997484 -0.051862322174086123 -0.015100479975229656 -0.015324812357354176 -0.026094552018706613 -0.090262003514034753 -0.097762303040964615 -0.045835342821265376
leaf_weight=351 460 360 23521 562 355 406 303 1930 4081 623 369 300 854 305 410 496 322 336 498 429 442 301 338 307 533 45575 1426 604
leaf_count=351 460 360 23521 562 355 406 303 1930 4081 623 369 300 854 305 410 496 322 336 498 429 442 301 338 307 533 45575 1426 604
internal_value=-6.9023e-05 0.00414783 0.00381518 0.0114726 0.00318281 0.0025901 0.00885744 0.0115551 0.00235279 0.0200058 0.0194014 0.00136154 -0.00281281 -0.000588294 0.0239275 -0.00111217 0.000191343 -0.000792188 -0.000826131 -0.00294849 -0.00219508 -0.00297731 -0.002335 -0.00230428 -0.00271686 -0.00299042 -0.00280729 -0.00283775
internal_weight=86797 34214 33485 2553 30932 28008 2924 2285 27602 1384 729 1169 52583 3023 1033 2718 1316 639 994 49560 1829 47731 1402 607 1387 47302 1727 942
internal_count=86797 34214 33485 2553 30932 28008 2924 2285 27602 1384 729 1169 52583 3023 1033 2718 1316 639 994 49560 1829 47731 1402 607 1387 47302 1727 942
is_linear=0
shrinkage=0.03


Tree=4
num_leaves=31
num_cat=0
split_feature=27 29 7 33 23 33 33 29 3 23 27 24 23 12 29 3 2 33 25 30 8 12 27 4 3 23 4 2 5 2
split_gain=1089.78 180.001 104.462 79.0069 265.173 104.592 80.7296 136.076 49.3818 21.001 18.6016 10.9944 11.6161 9.29749 8.61304 5.84308 2.76793 1.56162 1.30263 1.31071 2.30136 0.671274 0.792251 0.451886 0.226466 0.248535 0.0953368 0.0851692 0.228025 0.04556
threshold=562.50000000000011 357.50000000000006 1.3 -0.26867065956352881 25.004308364464471 -0.19337245081799007 -0.46039597980994923 136.50000000000003 18.250000000000004 25.493243565209987 612.50000000000011 7.5958052990352618 25.420862409288787 0.5999999999999962 104.50000000000001 26.850000000000005 17.850000000000005 -0.46039597980994923 10.500000000000002 0.68301270189221941 1.9000000000000015 0.29999999999999943 582.50000000000011 1.0499999999999992 26.950000000000003 25.462282014447705 1.3000000000000005 14.750000000000002 18.500000000000004 21.650000000000002
decision_type=2 2 2 2 2 2 2 2 2 2 2 2 2 2 2 2 2 2 2 2 2 2 2 2 2 2 2 2 2 2
left_child=1 2 3 6 5 -5 7 -1 -3 -6 13 12 16 21 -15 -14 -4 -16 19 24 -21 26 -23 -20 29 -26 -2 28 -25 -12
right_child=10 8 11 4 9 -7 -8 -9 -10 -11 18 -13 15 14 17 -17 -18 -19 23 20 -22 22 -24 27 25 -27 -28 -29 -30 -31
leaf_value=0.039591150886483233 -0.024230743168440653 0.03187054875852912 0.024634368747506175 0.06417782500633476 0.01551209770313227 0.021501153833336853 -0.022958846252493829 0.018591156608529127 0.023902908402843044 0.039838176449999992 -0.026185405592628278 0.0062444920781088249 0.0061843716085291335 0.021647892989477596 0.0040686816364796114 -0.011815632683005291 -0.020365631252493823 -0.0076010150704570907 -0.08861380328454635 -0.038024577972003391 0.0034757903132520782 -0.0018521662356317471 -0.014235988306740352 -0.058829434307363537 -0.013392739797380012 -0.027462703710817746 -0.041056291841919293 -0.090554142335730101 -0.082829432876852058 -0.035741806841593601
leaf_weight=1465 300 386 352 506 605 14675 1946 10035 329 485 350 309 325 383 504 396 2382 579 362 336 300 317 414 302 360 332 510 45368 731 1051
leaf_count=1465 300 386 352 506 605 14675 1946 10035 329 485 350 309 325 383 504 396 2382 579 362 336 300 317 414 302 360 332 510 45368 731 1051
internal_value=-9.22195e-05 0.00407527 0.00375685 0.00435322 0.0057594 0.00473238 0.0026513 0.00360751 0.0189595 0.0200458 -0.0028068 -0.000951395 -0.00143663 -0.000515626 0.00119427 0.00194875 -0.0023298 -0.000174355 -0.00294599 -0.00230659 -0.00111146 -0.00214202 -0.00147951 -0.00298326 -0.00266906 -0.00221645 -0.00273736 -0.00299153 -0.00270696 -0.00289087
internal_weight=86695 34196 33481 29717 16271 15181 13446 11500 715 1090 52499 3764 3455 3007 1466 721 2734 1083 49492 2729 636 1541 731 46763 2093 692 810 46401 1033 1401
internal_count=86695 34196 33481 29717 16271 15181 13446 11500 715 1090 52499 3764 3455 3007 1466 721 2734 1083 49492 2729 636 1541 731 46763 2093 692 810 46401 1033 1401
is_linear=0
shrinkage=0.03


Tree=5
num_leaves=31
num_cat=0
split_feature=27 29 7 33 23 33 33 29 2 19 27 23 23 29 4 11 30 2 27 21 27 30 8 7 15 29 4 2 33 19
split_gain=995.313 189.187 108.402 72.4313 215.92 102.281 87.1435 200.308 47.1889 30.9827 20.5551 15.2039 7.91813 15.826 7.57977 7.01815 7.73599 3.35785 2.32465 2.2245 1.44878 1.3551 1.51786 0.915998 1.07232 0.844554 0.410302 0.203222 0.230947 0.0699271
threshold=557.50000000000011 357.50000000000006 1.099999999999999 -0.26867065956352881 25.004308364464471 -0.19337245081799007 -0.55656394595157355 136.50000000000003 17.450000000000003 59.783333333333339 617.50000000000011 25.606821385637872 25.134657515366516 200.50000000000003 0.20000000000000198 0.25000000000000006 0.68301270189221941 17.850000000000005 587.50000000000011 1.2235910841630271 667.50000000000011 0.68301270189221941 2.1000000000000005 0.19999999999999976 0.12628434712486961 246.50000000000003 1.0499999999999992 28.950000000000003 -0.93237865822738086 81.902380952380966
decision_type=2 2 2 2 2 2 2 2 2 2 2 2 2 2 2 2 2 2 2 2 2 2 2 2 2 2 2 2 2 2
left_child=1 2 3 6 5 -5 7 -1 -3 -4 15 -6 17 -14 -8 23 18 -11 19 -17 21 27 -23 24 -2 -20 -22 -12 -29 -25
right_child=10 8 9 4 11 -7 14 -9 -10 12 20 -13 13 -15 -16 16 -18 -19 25 -21 26 22 -24 29 -26 -27 -28 28 -30 -31
leaf_value=0.038403416359888726 -0.012475313043676623 0.030914432295773248 0.020599457463108716 0.06225249025614471 0.023709748427222843 0.020681519384848294 0.066483419049250286 0.018033421910273243 0.023185821150757749 0.023895337685080991 -0.033875884571812363 0.038643031156499995 -0.006001162400749686 0.015538832005950435 -0.013270082295430486 -0.0046043417444854564 0.020308714217250844 -0.016667303080526163 -0.0015977053332932745 0.0058131311335278026 -0.085955389186009964 -0.032898976100504254 0.0010155548283998915 -0.029656499193396479 -0.0018191344486742896 -0.016179159801097829 -0.090837518780913937 -0.02723656581060839 -0.021053815686441518 -0.047807884230404288
leaf_weight=975 416 355 301 501 664 13937 528 8939 370 443 1315 354 648 576 2438 310 417 2894 409 413 341 415 305 413 458 358 46058 308 615 421
leaf_count=975 416 355 301 501 664 13937 528 8939 370 443 1315 354 648 576 2438 310 417 2894 409 413 341 415 305 413 458 358 46058 308 615 421
internal_value=-0.000215949 0.00379616 0.00346474 0.00417482 0.00555942 0.00461708 0.002513 0.00386263 0.0189463 -0.000673659 -0.00278531 0.0189068 -0.00128957 0.000773877 -0.00199798 -0.000601494 0.00064937 -0.00204644 -0.000362174 0.000857734 -0.00294524 -0.00229943 -0.00116505 -0.00199766 -0.00131657 -0.00151172 -0.00298636 -0.00266369 -0.00231494 -0.00270898
internal_weight=86895 33923 33198 28336 15456 14438 12880 9914 725 4862 52972 1018 4561 1224 2966 3615 1907 3337 1490 723 49357 2958 720 1708 874 767 46399 2238 923 834
internal_count=86895 33923 33198 28336 15456 14438 12880 9914 725 4862 52972 1018 4561 1224 2966 3615 1907 3337 1490 723 49357 2958 720 1708 874 767 46399 2238 923 834
is_linear=0
shrinkage=0.03


Tree=6
num_leaves=31
num_cat=0
split_feature=27 7 33 33 23 30 31 33 2 33 33 23 33 1 27 23 2 21 15 30 21 33 1 14 27 27 30 7 27 2
split_gain=898.439 91.2901 77.9947 210.713 83.178 84.1192 81.6497 99.645 108.905 106.291 78.5437 32.0911 40.1365 17.1699 17.1477 16.5051 11.6966 8.19966 6.9601 10.5334 5.03182 2.64021 2.31329 2.28747 1.25774 1.15632 2.72889 1.06112 1.06866 0.607859
threshold=562.50000000000011 1.1000000000000008 -0.26867065956352881 -0.13398942717002907 25.23707052782088 0.93301270189221952 -0.68301270189221952 -0.70289845916694649 27.450000000000003 -0.55656394595157355 -0.83375966452616657 21.02280372875482 -0.23537842981696178 57.500000000000007 622.50000000000011 25.202965973527863 27.850000000000005 0.81233429427138526 0.19837617635323646 0.68301270189221941 1.5976677917770272 -0.91939278948206182 80.500000000000014 0.19953970019539388 592.50000000000011 692.50000000000011 0.93301270189221952 0.09999999999999877 587.50000000000011 18.650000000000002
decision_type=2 2 2 2 2 2 2 2 2 2 2 2 2 2 2 2 2 2 2 2 2 2 2 2 2 2 2 2 2 2
left_child=1 2 6 11 5 -5 7 8 -1 -9 -8 -4 -13 -3 18 20 -12 -17 27 23 22 -19 -15 24 -20 26 29 28 -2 -16
right_child=14 13 3 4 -6 -7 10 9 -10 -11 16 12 -14 15 25 17 -18 21 19 -21 -22 -23 -24 -25 -26 -27 -28 -29 -30 -31
leaf_value=-0.015507585038569367 -0.00037796513808742845 0.0054391735918722971 0.0035123476708121527 0.014775679273006501 0.037483740221804993 0.055648199582295138 0.047492419252965053 0.03725131386909207 0.023492413530919156 -0.098141082635310101 0.00025152741182047576 0.02002391130119072 0.060384915548460358 -0.016167283988110386 -0.026821243316643175 0.015072667045771917 -0.0095075836080578922 -0.011641568778335739 0.0039126243945044421 0.020402316267820731 0.022490246516235012 0.0037188783220647357 -0.01375407995664295 -0.013904125897100749 -0.0074328541942244152 -0.091112392144602913 9.2233024145249611e-05 -0.02590893171571591 -0.011283445479551579 -0.031112395720881605
leaf_weight=2110 370 311 306 12135 304 2305 321 983 4723 329 1722 360 738 1872 300 491 2807 338 486 348 548 343 1129 389 429 44916 354 1114 466 3607
leaf_count=2110 370 311 306 12135 304 2305 321 983 4723 329 1722 360 738 1872 300 491 2807 338 486 348 548 343 1129 389 429 44916 354 1114 466 3607
internal_value=-0.00034549 0.00344408 0.00408835 0.00548059 0.00442238 0.00409459 0.00235803 0.00419285 0.00273793 0.0117624 -0.000723563 0.0165822 0.0189773 -0.000287305 -0.0027993 -0.000737612 -0.00174106 0.00234783 -0.000801 0.000631578 -0.0017569 0.000215542 -0.00223951 -0.000606897 0.000212881 -0.00294565 -0.00247138 -0.00201435 -0.0012043 -0.00269985
internal_weight=86954 34175 29143 16148 14744 14440 12995 8145 6833 1312 4850 1404 1098 5032 52779 4721 4529 1172 3602 1652 3549 681 3001 1304 915 49177 4261 1950 836 3907
internal_count=86954 34175 29143 16148 14744 14440 12995 8145 6833 1312 4850 1404 1098 5032 52779 4721 4529 1172 3602 1652 3549 681 3001 1304 915 49177 4261 1950 836 3907
is_linear=0
shrinkage=0.03


Tree=7
num_leaves=31
num_cat=0
split_feature=25 32 32 23 2 29 20 29 2 2 1 25 2 20 24 12 29 20 8 32 24 25 32 22 32 7 7 25 32 22
split_gain=890.354 97.7756 106.384 203.753 105.429 87.4734 89.9933 70.3941 60.8644 63.9239 83.4071 34.608 26.6151 13.814 17.3569 12.0034 10.2045 8.54652 4.00855 3.83459 6.42072 3.77126 3.67923 2.21568 2.00515 0.756044 0.501076 0.385904 0.664621 0.428884
threshold=8.5000000000000018 0.96904697354198299 -0.97113884758256674 25.004308364464471 26.350000000000005 357.50000000000006 52.50833333333334 216.50000000000003 24.850000000000005 24.050000000000004 85.500000000000014 9.5000000000000018 29.250000000000004 74.887318840579738 3.3593462663841174 0.4000000000000013 104.50000000000001 86.123475609756113 0.1000000000000001 -0.55657520495441892 4.4508551155093512 10.500000000000002 0.94425825643485939 1155.2000000000003 -0.88622299073327826 0.099999999999996106 0.099999999999996106 11.500000000000002 0.96234642434711437 1139.6500000000003
decision_type=2 2 2 2 2 2 2 2 2 2 2 2 2 2 2 2 2 2 2 2 2 2 2 2 2 2 2 2 2 2
left_child=1 2 3 13 8 6 -4 -8 9 10 -3 15 17 -1 -15 25 -17 -5 -7 24 -21 22 23 -13 -18 -2 -25 28 29 -23
right_child=11 4 5 12 -6 18 7 -9 -10 -11 -12 21 -14 14 -16 16 19 -19 -20 20 -22 27 -24 26 -26 -27 -28 -29 -30 -31
leaf_value=-0.004364626471892734 -0.005334565460948979 0.0034069772406877964 0.019707803339281928 0.036359228015150853 -0.046102601358834913 0.029543728948709838 0.019459489172013712 0.002332406033793344 0.058573368082006555 -0.0035309198463551092 0.058422901511681918 0.0019677953938042137 0.0087494691630914459 -0.043951425301448244 0.011900091917683353 0.019777125285241129 0.00079523421857750519 0.023988905286226485 0.029543728948709838 -0.0061587160255448326 0.014274369949224255 -0.030307758421382308 0.0018208676676224032 -0.017275798870805516 -0.012037599416457694 -0.01629027068125756 -0.029087307966752053 -0.094379020916706635 -0.0081265585280144333 -0.036179018127209257
leaf_weight=434 300 471 409 356 545 333 17240 9509 518 346 649 305 338 300 646 548 344 387 357 484 400 302 373 1235 381 1181 1699 43138 304 3002
leaf_count=434 300 471 409 356 545 333 17240 9509 518 346 649 305 338 300 646 548 344 387 357 484 400 302 373 1235 381 1181 1699 43138 304 3002
internal_value=-0.000323165 0.00357215 0.00309908 0.00907677 0.00923834 0.0025705 0.00230222 0.00208834 0.0124474 0.00931288 0.0127921 -0.00269215 0.0188235 0.00143374 0.00346568 0.000133552 0.00156117 0.022004 0.0131114 0.0003559 0.00168136 -0.00289629 -0.00196125 -0.00228611 -0.00126033 -0.00194534 -0.00253901 -0.00296849 -0.00266667 -0.00279032
internal_weight=86834 32838 30309 2461 2529 27848 27158 26749 1984 1466 1120 53996 1081 1380 946 3638 2157 743 690 1609 884 50358 3612 3239 725 1481 2934 46746 3608 3304
internal_count=86834 32838 30309 2461 2529 27848 27158 26749 1984 1466 1120 53996 1081 1380 946 3638 2157 743 690 1609 884 50358 3612 3239 725 1481 2934 46746 3608 3304
is_linear=0
shrinkage=0.03


Tree=8
num_leaves=31
num_cat=0
split_feature=25 32 2 32 23 29 20 2 2 19 29 2 25 4 4 20 12 29 20 25 32 32 24 22 32 4 32 20 4 3
split_gain=816.037 102.466 100.498 100.182 177.627 92.2686 97.8896 66.0836 57.7053 79.2636 57.449 39.4522 33.1171 18.6866 16.8553 20.1408 10.8031 13.1515 7.16519 4.17776 4.73675 3.60662 7.29046 1.50228 1.25463 0.994506 1.2654 1.87368 0.657164 0.627254
threshold=8.5000000000000018 0.96904697354198299 26.350000000000005 -0.97113884758256674 25.004308364464471 357.50000000000006 52.50833333333334 24.850000000000005 24.050000000000004 85.713636363636382 216.50000000000003 29.150000000000002 9.5000000000000018 0.65000000000000047 1.0499999999999992 77.625000000000014 0.49999999999999917 104.50000000000001 86.368115942028993 10.500000000000002 0.94425825643485939 -0.55657520495441892 4.4508551155093512 1155.2000000000003 -0.88622299073327826 1.7000000000000004 -0.41398024697495356 81.319623655913986 1.0499999999999992 26.750000000000004
decision_type=2 2 2 2 2 2 2 2 2 2 2 2 2 2 2 2 2 2 2 2 2 2 2 2 2 2 2 2 2 2
left_child=1 3 7 4 14 6 -5 8 9 -3 -8 18 16 -7 15 -1 25 -18 -6 20 23 24 -23 -14 -19 26 -2 -28 -21 -25
right_child=12 2 -4 5 11 13 10 -9 -10 -11 -12 -13 19 -15 -16 -17 17 21 -20 28 -22 22 -24 29 -26 -27 27 -29 -30 -31
leaf_value=-0.0042336876777359488 -0.011156194831558887 0.0033047679234671709 -0.04335237274394943 0.01902656932493418 0.035268451174696326 0.024160639950908908 0.019203859310854134 0.05681616703954636 -0.0034249922509644558 0.05667021446633147 -0.00029232255878405052 0.0084869850881987043 -0.0047497250870993778 0.028657417080248545 -0.0018073302268852042 0.011582434218502771 0.021948975173199277 -0.00047144515399615759 0.023269238127639688 -0.077811985118590388 0.0028571398587586934 -0.0071449951819223118 0.014115495474086075 -0.027970975266677585 -0.01155285520527812 -0.041293765290988826 0.0042194679443800622 -0.012468855876573341 -0.079547650110391499 -0.016517272234628944
leaf_weight=331 372 475 540 425 306 301 17154 516 339 639 9524 390 310 407 547 484 498 312 361 373 368 453 371 1894 348 488 333 407 46398 984
leaf_count=331 372 475 540 425 306 301 17154 516 339 639 9524 390 310 407 547 484 498 312 361 373 368 453 371 1894 348 488 333 407 46398 984
internal_value=-0.000427865 0.00330797 0.00913267 0.00282425 0.00867892 0.00231472 0.00203516 0.0122756 0.00898968 0.0122852 0.00180726 0.0179008 -0.00269666 0.0129986 0.00151431 0.00424632 9.04263e-05 0.00157035 0.0223338 -0.00289503 -0.00190273 0.000153535 0.00147636 -0.00227469 -0.00149773 -0.00174266 -0.00124528 -0.000526317 -0.00297043 -0.00248836
internal_weight=86648 32739 2509 30230 2419 27811 27103 1969 1453 1114 26678 1057 53909 708 1362 815 3582 1982 667 50327 3556 1484 824 3188 660 1600 1112 740 46771 2878
internal_count=86648 32739 2509 30230 2419 27811 27103 1969 1453 1114 26678 1057 53909 708 1362 815 3582 1982 667 50327 3556 1484 824 3188 660 1600 1112 740 46771 2878
is_linear=0
shrinkage=0.03


Tree=9
num_leaves=31
num_cat=0
split_feature=27 7 32 2 32 23 23 22 29 29 32 22 20 29 7 27 32 22 3 2 29 3 18 27 32 32 21 32 5 3
split_gain=809.828 90.1481 82.7256 103.179 91.7222 144.001 92.9626 80.506 57.9289 54.9513 38.5627 35.1291 15.0936 11.812 8.68301 7.97308 10.3807 4.47589 2.7592 3.69037 2.83752 1.31208 1.11113 0.30902 0.5229 0.586998 0.738485 0.236516 0.210563 0.0445149
threshold=582.50000000000011 1.3 0.96904697354198299 26.350000000000005 -0.97113884758256674 25.004308364464471 5.3791358790451911 1910.7000000000005 359.50000000000006 354.50000000000006 0.99552231814189451 2400.5000000000005 76.284523809523833 320.50000000000006 1.6000000000000008 667.50000000000011 0.97508442350096236 1139.6500000000003 26.450000000000003 18.250000000000004 200.50000000000003 26.650000000000002 -2.4999999999999996 737.50000000000011 0.34235194516023087 0.65883702558178847 1.0245572283305651 0.97112537654464559 1.0000000180025095e-35 29.250000000000004
decision_type=2 2 2 2 2 2 2 2 2 2 2 2 2 2 2 2 2 2 2 2 2 2 2 2 2 2 2 2 2 2
left_child=1 2 4 7 5 12 9 -4 -8 -6 -9 -7 -1 18 -15 16 17 -2 19 -3 -20 28 -23 24 -17 26 -26 -27 -19 -25
right_child=15 13 3 -5 6 11 8 10 -10 -11 -12 -13 -14 14 -16 23 -18 21 20 -21 -22 22 -24 29 25 27 -28 -29 -30 -31
leaf_value=-0.0041066770474038616 0.0046696590159364774 0.021343869704555454 0.0032056248857631605 -0.042051801561630957 0.035542510112178564 0.013995118856610471 0.015627746392551448 0.055111682028359969 0.020231507655773556 0.027797694567841091 0.045970102310295635 0.034210397639455443 0.010424961535270443 0.020069504739879205 -0.018830827207110188 -0.039907223909415493 0.0065690789318232929 -0.019866063655776246 -0.012893209296351821 -0.017191520455633168 0.0042133909564931833 -0.0049142859120091687 -0.020394515241582228 -0.09216122060707975 -0.038161223825730575 -0.035707222371615659 -0.002707218080081235 -0.013748794836368395 -0.035696523212193958 -0.054241220292367227
leaf_weight=433 431 327 511 592 318 514 25513 1010 544 353 396 527 812 309 328 2513 349 1163 329 2089 553 794 666 41642 304 803 300 300 1717 303
leaf_count=433 431 327 511 592 318 514 25513 1010 544 353 396 527 812 309 328 2513 349 1163 329 2089 553 794 666 41642 304 803 300 300 1717 303
internal_value=-0.000435869 0.00305017 0.0035846 0.00880996 0.00313245 0.00889899 0.00263893 0.0121893 0.00235471 0.0136562 0.0158934 0.0171276 0.00201043 -0.00123095 0.00250627 -0.0028461 -0.00172232 -0.0020878 -0.00195332 -0.00247745 -0.000516422 -0.00237733 -0.00164271 -0.00297069 -0.0027221 -0.00231323 -0.00155703 -0.00272554 -0.00274905 -0.00299564
internal_weight=86743 35458 31523 2509 29014 2286 26728 1917 26057 671 1406 1041 1245 3935 637 51285 5120 4771 3298 2416 882 4340 1460 46165 4220 1707 604 1103 2880 41945
internal_count=86743 35458 31523 2509 29014 2286 26728 1917 26057 671 1406 1041 1245 3935 637 51285 5120 4771 3298 2416 882 4340 1460 46165 4220 1707 604 1103 2880 41945
is_linear=0
shrinkage=0.03


Tree=10
num_leaves=31
num_cat=0
split_feature=25 4 29 32 2 22 32 29 20 25 30 18 25 14 32 20 32 24 32 7 22 4 33 29 25 32 38 7 28 5
split_gain=793.395 94.9695 74.2822 81.3597 97.2904 108.779 88.5292 162.723 90.8186 31.9842 11.0598 7.7911 4.74172 4.48458 4.23441 4.91201 2.98999 3.93955 1.75662 1.71807 2.08759 0.802586 0.446508 0.797956 0.333032 0.560111 0.191282 0.0984066 0.0835905 0.0166006
threshold=8.5000000000000018 1.8999999999999997 357.50000000000006 0.96234642434711437 26.450000000000003 1910.7000000000005 -0.97113884758256674 266.50000000000006 52.50833333333334 9.5000000000000018 0.93301270189221952 -2.4999999999999996 10.500000000000002 0.063968382994797762 -0.55657520495441892 82.604347826086965 0.35846314187849709 5.4667338905336793 0.94138322595482449 0.14999999999999861 1927.1000000000001 1.0499999999999992 -0.45273527932988084 200.50000000000003 12.500000000000002 0.34235194516023087 1.0000000180025095e-35 0.5999999999999962 11.500000000000002 210.50000000000003
decision_type=2 2 2 2 2 2 2 2 2 2 2 2 2 2 2 2 2 2 2 2 2 2 2 2 2 2 2 2 2 2
left_child=1 2 3 6 5 -5 7 -1 -8 10 11 14 16 -4 -2 -16 22 18 -18 20 -13 -14 23 -11 25 -23 29 -21 -24 -3
right_child=9 26 13 4 -6 -7 8 -9 -10 12 -12 19 21 -15 15 -17 17 -19 -20 27 -22 24 28 -25 -26 -27 -28 -29 -30 -31
leaf_value=0.020367068210342482 -0.0033833654670493945 -0.0058410945822939464 0.023655832080281887 0.0031094561391902696 -0.030644703034643603 0.053316757571490729 0.018187434959756252 0.01159302572243952 0.0151589140007749 -0.023900180554827004 0.019875930049025936 0.0030782184797826045 -0.072712788946820289 0.026963763730805859 0.017040057409944003 -0.0073107899098461887 -0.027442768243849856 0.010729887614833459 0.00067218400811871592 -0.0096130624132402288 -0.0079077898578049938 -0.040510007084844674 -0.022629870897124465 -0.011668570229534644 -0.095396384301791745 -0.030012139307395935 -0.012244986071484077 -0.04056119060465712 -0.025973156133122427 -0.025240269363544898
leaf_weight=615 495 300 389 631 596 1385 388 1667 24558 372 312 341 380 302 602 306 833 300 300 377 635 4195 1040 444 39430 2787 370 525 306 1501
leaf_count=615 495 300 389 631 596 1385 388 1667 24558 372 312 341 380 302 602 306 833 300 300 377 635 4195 1040 444 39430 2787 370 525 306 1501
internal_value=-0.000444794 0.00324264 0.00367375 0.00344828 0.00850517 0.011652 0.00296287 0.00861761 0.00244526 -0.00267872 5.59258e-05 -0.000457953 -0.00287372 0.0133916 0.00123291 0.00244884 -0.00182286 -0.000759415 -0.00156878 -0.00172113 -0.000847493 -0.00295442 -0.00252705 -0.00196818 -0.00296568 -0.00277188 -0.00281906 -0.00266445 -0.00286414 -0.00294839
internal_weight=86682 32702 30531 29840 2612 2016 27228 2282 24946 53980 3593 3281 50387 691 1403 908 3595 1433 1133 1878 976 46792 2162 816 46412 6982 2171 902 1346 1801
internal_count=86682 32702 30531 29840 2612 2016 27228 2282 24946 53980 3593 3281 50387 691 1403 908 3595 1433 1133 1878 976 46792 2162 816 46412 6982 2171 902 1346 1801
is_linear=0
shrinkage=0.03


Tree=11
num_leaves=31
num_cat=0
split_feature=27 32 2 22 23 33 32 33 33 33 33 23 19 4 32 27 30 19 12 32 27 30 15 27 32 19 33 20 27 31
split_gain=751.542 87.8009 94.1818 134.162 80.286 129.488 85.7384 167.38 71.8105 59.4914 116.739 59.2583 51.9314 39.5989 15.6549 14.1749 10.0559 5.79058 3.21568 2.72999 1.80483 3.62976 1.58033 0.803644 0.734316 1.5352 0.694355 0.291747 0.222976 0.65085
threshold=567.50000000000011 0.96234642434711437 26.450000000000003 1910.7000000000005 5.3791358790451911 0.92191100909954782 -0.97113884758256674 -0.12545862287572049 0.98770287048522643 -0.15101602693478741 0.011826144619637555 25.371861623676633 79.267948717948727 1.8499999999999999 0.98522604642031408 627.50000000000011 0.93301270189221952 86.050000000000011 0.59999999999999887 0.48314048284850658 687.50000000000011 0.93301270189221952 0.32127482647146827 337.50000000000006 0.35846314187849709 73.65000000000002 -0.86974577485258975 78.791666666666671 752.50000000000011 -0.9330127018922193
decision_type=2 2 2 2 2 2 2 2 2 2 2 2 2 2 2 2 2 2 2 2 2 2 2 2 2 2 2 2 2 2
left_child=1 4 3 14 5 -1 7 17 13 -5 -11 -9 -10 -8 -3 16 18 -6 26 22 21 24 -20 -4 -17 -26 -2 -28 29 -22
right_child=15 2 23 9 6 -7 8 11 12 10 -12 -13 -14 -15 -16 20 -18 -19 19 -21 28 -23 -24 -25 25 -27 27 -29 -30 -31
leaf_value=0.034021467388789951 -0.016709450576302493 -0.0059838332670313485 -0.029725361943604298 0.051858828840364447 0.010983496216717858 0.026154850818881678 0.014704146580751649 0.0037193775973994986 0.006376856242896493 -0.0065750956714310327 0.048708365131062761 0.03356738101187802 0.019119224878974581 -0.015515557560682227 0.0030161724550145496 -0.025239791739087844 0.013327370348098321 0.020204054645910529 -0.0021681324746227518 0.011530782718791361 -0.025179640243083314 0.0024279709153035749 -0.015231281674130855 -0.018605070379826057 -0.0017387353260525731 -0.030735637229710882 -0.012348041346752967 -0.028738791713208089 -0.088181083776322028 -0.040494704118564748
leaf_weight=358 332 461 368 341 313 549 24380 1586 904 314 871 310 487 2361 304 2162 300 305 851 324 415 302 366 300 300 835 570 819 41240 3463
leaf_count=358 332 461 368 341 313 549 24380 1586 904 314 871 310 487 2361 304 2162 300 305 851 324 415 302 366 300 300 835 570 819 41240 3463
internal_value=-0.00052059 0.00291525 0.00785574 0.0107448 0.0024517 0.0112434 0.00219114 0.00749821 0.00171663 0.0158821 0.0126855 0.00307433 0.00835991 0.00137076 0.000489555 -0.00278877 -0.00096155 0.0210436 -0.0014453 -0.000449417 -0.00292235 -0.00227417 -0.00110099 -0.00205381 -0.00256246 -0.00194102 -0.00233624 -0.00263094 -0.002974 -0.00275174
internal_weight=86791 34512 2959 2291 31553 907 30646 2514 28132 1526 1185 1896 1391 26741 765 52279 3562 618 3262 1541 48717 3599 1217 668 3297 1135 1721 1389 45118 3878
internal_count=86791 34512 2959 2291 31553 907 30646 2514 28132 1526 1185 1896 1391 26741 765 52279 3562 618 3262 1541 48717 3599 1217 668 3297 1135 1721 1389 45118 3878
is_linear=0
shrinkage=0.03


Tree=12
num_leaves=27
num_cat=0
split_feature=27 32 29 29 23 23 32 23 19 29 29 7 15 20 4 27 32 23 3 4 17 23 27 32 3 30
split_gain=740.173 89.1222 88.2516 84.0309 154.86 80.618 85.7821 165.628 73.3391 49.0496 34.7074 33.8835 17.7738 16.5852 14.387 12.9956 7.61777 5.47383 1.70238 1.42044 0.918748 0.903476 0.753251 1.01182 0.564999 0.049823
threshold=572.50000000000011 0.96234642434711437 102.50000000000001 90.500000000000014 19.399554443773589 4.2280771447111549 -0.97113884758256674 25.004308364464471 53.616666666666674 361.50000000000006 266.50000000000006 0.59999999999999887 0.066807760298967775 81.41987179487181 1.0499999999999992 637.50000000000011 0.96904697354198299 10.820043991844937 26.650000000000002 1.0499999999999992 -1.4999999999999998 17.54460753485867 757.50000000000011 0.34235194516023087 26.550000000000004 -0.93301270189221908
decision_type=2 2 2 2 2 2 2 2 2 2 2 2 2 2 2 2 2 2 2 2 2 2 2 2 2 2
left_child=1 5 3 4 -3 11 7 14 -8 -10 -9 -1 -6 -5 -7 16 17 -2 21 -17 -20 -19 23 25 -25 -21
right_child=15 2 -4 13 12 6 8 10 9 -11 -12 -13 -14 -15 -16 19 -18 18 20 22 -22 -23 -24 24 -26 -27
leaf_value=0.033000823367126252 0.010446969627711026 -0.00068983226141907219 0.050303063975153516 0.0029256872813641175 0.050256003890414132 0.0096528405896171409 0.017200687513541001 0.019149934524654889 0.011263025044352037 0.01927149768309146 0.031829273508242259 0.025370205294315218 0.041476243967752451 -0.0063778428012880896 -0.0024668859873076877 -0.054651052479379021 0.0075155509622650508 -0.0110134173566276 -0.00043491139035702547 -0.02384756628998546 -0.010134864625563046 -0.025107575006279078 -0.086889060214744851 -0.026725591230923537 -0.020170249688964255 -0.03553750882859228
leaf_weight=301 313 527 476 300 500 827 318 575 27870 382 511 333 384 787 664 444 310 760 550 540 547 1398 40753 2472 319 3612
leaf_count=301 313 527 476 300 500 827 318 575 27870 382 511 333 384 787 664 444 310 760 550 540 547 1398 40753 2472 319 3612
internal_value=-0.000533905 0.00285577 0.00782118 0.00556062 0.0103874 0.00239088 0.00217507 0.00741621 0.00170207 0.00154051 0.016322 0.0129732 0.0180542 -0.00070864 0.000922922 -0.00279867 -0.00112761 -0.00151975 -0.00188421 -0.00293326 -0.000920766 -0.00237332 -0.00294899 -0.00265827 -0.00221454 -0.00295594
internal_weight=86773 34755 2974 2498 1411 31781 31147 2577 28570 28252 1086 634 884 1087 1491 52018 3878 3568 3255 48140 1097 2158 47696 6943 2791 4152
internal_count=86773 34755 2974 2498 1411 31781 31147 2577 28570 28252 1086 634 884 1087 1491 52018 3878 3568 3255 48140 1097 2158 47696 6943 2791 4152
is_linear=0
shrinkage=0.03


Tree=13
num_leaves=31
num_cat=0
split_feature=27 7 32 2 2 32 29 2 23 23 2 27 32 29 22 33 32 29 2 18 33 27 32 3 31 7 23 27 31 0
split_gain=714.586 78.9606 84.3548 97.41 87.0802 82.3781 140.556 73.4742 46.25 42.3136 40.3534 22.069 15.1418 10.5056 7.09369 4.95342 7.17827 2.95914 2.56352 2.26254 3.24015 1.69801 3.0052 0.930298 0.756936 0.556159 0.224519 0.182696 0.71226 0.292798
threshold=552.50000000000011 1.3 0.96904697354198299 26.350000000000005 24.850000000000005 -0.97113884758256674 266.50000000000006 11.550000000000002 25.301023018096341 18.226563278023171 24.050000000000004 627.50000000000011 0.97508442350096236 320.50000000000006 1139.6500000000003 -0.8739740505118182 0.12545942051955489 341.50000000000006 18.450000000000003 -2.4999999999999996 -0.46039597980994923 697.50000000000011 0.97314989601849466 17.450000000000003 -0.9330127018922193 0.35000000000000148 24.911967237980928 767.50000000000011 -0.9330127018922193 18.350000000000005
decision_type=2 2 2 2 2 2 2 2 2 2 2 2 2 2 2 2 2 2 2 2 2 2 2 2 2 2 2 2 2 2
left_child=1 2 5 4 10 6 -1 -7 -8 -9 -4 12 14 15 -2 16 -3 -15 -17 20 -16 22 23 -13 -25 -21 -20 28 -23 -30
right_child=11 13 3 -5 -6 7 8 9 -10 -11 -12 21 -14 17 19 18 -18 -19 26 25 -22 27 -24 24 -26 -27 -28 -29 29 -31
leaf_value=0.018575436488915249 0.015566732164689281 0.012100402282441572 0.04004373407742761 -0.038787810281395947 0.048793972055898908 0.032010798666112478 0.0063982716650119809 0.016243712148452785 0.031245504984862726 0.011186381602324973 -0.0061865075172494507 -0.01671809046615777 0.012600570290276353 0.0023515187911171062 0.002931003452225656 0.019469771044642422 -0.029360199154064882 0.017506785008896637 -0.016807177716092542 -0.0095143380146147025 -0.008041443098167211 -0.024135520608288972 0.0016827536991156689 -0.021505733173760325 -0.025949065996922285 -0.037133442410908435 -0.0081512449496937561 -0.084282388408302503 -0.041346088759075673 -0.041213738445405781
leaf_weight=593 376 323 1010 551 492 448 1284 7288 301 17520 309 490 300 317 742 300 310 306 1826 1314 987 442 308 448 2985 736 425 40358 308 3423
leaf_count=593 376 323 1010 551 492 448 1284 7288 301 17520 309 490 300 317 742 300 310 306 1826 1314 987 442 308 448 2985 736 425 40358 308 3423
internal_value=-0.000575668 0.00284939 0.0033692 0.00880829 0.0121672 0.0029006 0.00849748 0.00241763 0.00383039 0.00219985 0.00813864 -0.00273838 -0.000717011 -0.00121875 -0.00118744 -0.00191586 0.00045899 0.00234135 -0.00250509 -0.00157857 -0.000778613 -0.00292304 -0.00234712 -0.0025711 -0.00274578 -0.00225256 -0.00285213 -0.0029777 -0.00278366 -0.00291881
internal_weight=86820 33603 29796 2362 1811 27434 2178 25256 1585 24808 1319 53217 4455 3807 4155 3184 633 623 2551 3779 1729 48762 4231 3923 3433 2050 2251 44531 4173 3731
internal_count=86820 33603 29796 2362 1811 27434 2178 25256 1585 24808 1319 53217 4455 3807 4155 3184 633 623 2551 3779 1729 48762 4231 3923 3433 2050 2251 44531 4173 3731
is_linear=0
shrinkage=0.03


Tree=14
num_leaves=30
num_cat=0
split_feature=27 32 29 29 22 32 23 23 33 20 19 1 22 32 15 3 28 27 32 22 33 18 27 33 8 3 3 32 3
split_gain=686.462 85.9471 83.8184 91.0805 155.405 78.6441 168.688 68.1992 61.8799 64.9734 39.2793 38.3832 37.1807 18.9868 14.292 13.7138 8.67724 8.58435 9.18048 3.34694 1.50496 1.49352 0.478232 0.904304 1.45415 0.528416 0.34325 0.245504 0.0137994
threshold=582.50000000000011 0.96234642434711437 102.50000000000001 90.500000000000014 1910.7000000000005 -0.97113884758256674 25.004308364464471 4.2280771447111549 0.98770287048522643 78.687820512820522 52.516666666666673 56.500000000000007 2400.5000000000005 -0.98214942551678475 0.066807760298967775 23.550000000000004 9.5000000000000018 677.50000000000011 0.97508442350096236 1139.6500000000003 -0.46039597980994923 -2.4999999999999996 762.50000000000011 -0.9292178835113839 2.9000000000000017 14.65 19.050000000000004 0.97696484778429815 29.150000000000002
decision_type=2 2 2 2 2 2 2 2 2 2 2 2 2 2 2 2 2 2 2 2 2 2 2 2 2 2 2 2 2
left_child=1 5 3 4 -3 6 13 11 10 -10 -9 -7 -8 16 -6 -5 -1 18 19 -2 21 -21 23 24 -19 -25 -22 -27 -24
right_child=17 2 -4 15 14 7 12 8 9 -11 -12 -13 -14 -15 -16 -17 -18 22 -20 20 26 -23 28 25 -26 27 -28 -29 -30
leaf_value=0.0067025142530787547 0.0031470922101932267 -0.001870449315899334 0.047330152894221947 0.0016366046406003408 0.047547011751378862 0.0030280123345258966 0.010271721403900544 0.016197355523681196 0.0050398460619628339 0.017862462896741354 0.0098547152298727615 0.031050474706129101 0.029937030153449111 0.0099813068786554996 0.038539555055224856 -0.0099556614260232178 -0.016095514235338903 -0.00097732414627639931 0.0060246340932248541 -0.0056051309480947943 -0.013165329054756784 -0.027103764278663987 -0.081753916756053438 -0.03036182007896774 -0.036646842619680833 -0.039767009271647842 -0.020736667147095843 -0.017669028236449745 -0.045753917560716145
leaf_weight=414 474 522 475 301 496 321 549 300 822 586 27406 337 567 302 377 837 796 301 387 957 744 1133 40298 306 330 3896 2008 358 394
leaf_count=414 474 522 475 301 496 321 549 300 822 586 27406 337 567 302 377 837 796 301 387 957 744 1133 40298 306 330 3896 2008 358 394
internal_value=-0.000617071 0.00259951 0.00744965 0.00527664 0.0104119 0.00214901 0.00712286 0.00170974 0.00149366 0.00762668 0.00118172 0.0112534 0.0159642 0.000590878 0.0181476 -0.00102195 -0.00109001 -0.0028249 -0.00172668 -0.00205153 -0.00228701 -0.00167862 -0.00296136 -0.0026874 -0.00161867 -0.00283491 -0.00274828 -0.00292174 -0.00299624
internal_weight=86994 35408 3008 2533 1395 32400 2628 29772 29114 1408 27706 658 1116 1512 873 1138 1210 51586 5703 5316 4842 2090 45883 5191 631 4560 2752 4254 40692
internal_count=86994 35408 3008 2533 1395 32400 2628 29772 29114 1408 27706 658 1116 1512 873 1138 1210 51586 5703 5316 4842 2090 45883 5191 631 4560 2752 4254 40692
is_linear=0
shrinkage=0.03


Tree=15
num_leaves=31
num_cat=0
split_feature=27 4 30 29 2 24 2 2 30 33 24 33 24 27 30 7 2 22 4 33 22 4 27 27 4 21 2 39 27 4
split_gain=637.418 77.3495 63.3695 133.102 71.937 51.2537 43.8325 124.855 42.583 38.7165 19.6107 16.4343 14.9151 10.346 9.27287 5.74603 3.66962 3.54407 2.91509 1.42183 1.69266 1.04797 0.475847 0.457293 0.801492 1.34323 0.555429 0.0895874 0.0317992 0.00829204
threshold=577.50000000000011 1.8 0.93301270189221952 82.500000000000014 13.15 1.7801264029399813 18.450000000000003 16.450000000000003 -0.93301270189221908 0.92191100909954782 2.2845647734809238 0.83730377313544024 1.5456070806693811 677.50000000000011 0.93301270189221952 0.69999999999999762 27.150000000000002 960.20000000000016 1.8999999999999997 -0.19337245081799007 2057.7000000000003 2.0000000000000013 592.50000000000011 757.50000000000011 1.8999999999999997 0.74314190233249833 18.850000000000005 1.5000000000000002 692.50000000000011 1.1500000000000006
decision_type=2 2 2 2 2 2 2 2 2 2 2 2 2 2 2 2 2 2 2 2 2 2 2 2 2 2 2 2 2 2
left_child=1 2 4 6 9 11 7 -4 -7 -1 -5 -6 -8 14 17 16 -3 -2 -17 20 -19 -18 -21 24 25 -15 -26 -20 -28 -25
right_child=13 15 3 10 5 8 12 -9 -10 -11 -12 -13 -14 23 -16 18 21 19 27 22 -22 -23 -24 29 26 -27 28 -29 -30 -31
leaf_value=0.03132742291484826 0.0073007069177197376 0.012092173848591946 -0.021556242017577734 0.046120601398837488 -0.0032497667305390276 0.0099635697617835289 0.022120595676791588 0.063460756466080084 0.013293898527032598 0.022722483655530094 0.042669204717861488 0.013838657713788453 -0.0018143358364223516 -0.047812943304046257 0.0061955845807116451 -0.0054521851272976637 0.0026211989901628583 0.0010899890708300415 -0.024982591462202448 -0.0076976223402177597 -0.018628533769716273 -0.0091745568765752381 -0.020466406653406797 -0.063861857334828201 -0.030637227017233693 -0.012415990292913976 -0.026034387685070569 -0.0025291187879180033 -0.036943322319879623 -0.079301299253371843
leaf_weight=365 303 319 356 427 5200 1815 313 309 20880 343 306 477 802 380 510 498 300 311 1819 374 2404 303 2076 502 300 348 680 391 3130 40553
leaf_count=365 303 319 356 427 5200 1815 313 309 20880 343 306 477 802 380 510 498 300 311 1819 374 2404 303 2076 502 300 348 680 391 3130 40553
internal_value=-0.000694208 0.00242025 0.00289678 0.00746659 0.00250163 0.00226567 0.003032 0.00912162 0.00290337 0.0119408 0.0182166 -0.000283727 -0.000604839 -0.00280909 -0.00163472 -0.0017268 0.000318526 -0.00199561 -0.00242304 -0.0021806 -0.00170655 -0.00105795 -0.00270502 -0.00296202 -0.0026832 -0.00176132 -0.00284602 -0.0028901 -0.00294411 -0.00299481
internal_weight=87094 35223 31593 2513 29080 28372 1780 665 22695 708 733 5677 1115 51871 5978 3630 922 5468 2708 5165 2715 603 2450 45893 4838 728 4110 2210 3810 41055
internal_count=87094 35223 31593 2513 29080 28372 1780 665 22695 708 733 5677 1115 51871 5978 3630 922 5468 2708 5165 2715 603 2450 45893 4838 728 4110 2210 3810 41055
is_linear=0
shrinkage=0.03


Tree=16
num_leaves=31
num_cat=0
split_feature=27 4 23 30 29 24 33 20 24 24 33 7 27 18 12 30 19 27 30 19 33 33 23 33 18 33 22 5 31 22
split_gain=632.964 70.9279 76.1573 64.6232 118.867 54.8271 35.3344 26.9539 21.5275 21.5255 17.8598 15.1215 12.7785 7.21049 5.57397 6.19982 4.68463 2.47372 3.09387 2.2533 1.41117 1.14231 1.13056 1.11538 0.350356 0.220699 0.096679 0.0932415 0.316148 0.0939616
threshold=572.50000000000011 1.2999999999999983 3.5494993414590872 0.93301270189221952 82.500000000000014 1.7801264029399813 0.98770287048522643 91.136111111111134 9.6822053201926241 2.1074431910732918 0.83730377313544024 1.6000000000000008 622.50000000000011 -5.4999999999999991 0.49999999999999917 0.68301270189221941 77.947435897435909 722.50000000000011 0.93301270189221952 92.850000000000009 -0.45273527932988084 0.89309379682046119 8.5421189946231468 -0.86974577485258975 3.5000000000000004 -0.80417042486635371 1992.7000000000003 4.5000000000000009 -0.9330127018922193 1078.9000000000003
decision_type=2 2 2 2 2 2 2 2 2 2 2 2 2 2 2 2 2 2 2 2 2 2 2 2 2 2 2 2 2 2
left_child=1 2 -1 5 7 10 -7 -5 11 -6 -4 13 14 -3 25 20 -15 18 22 24 -16 -22 -14 -24 -13 -2 -27 28 -19 -30
right_child=12 8 3 4 9 6 -8 -9 -10 -11 -12 19 17 16 15 -17 -18 27 -20 -21 21 -23 23 -25 -26 26 -28 -29 29 -31
leaf_value=0.029179137777499784 -0.026011568200431011 0.022621829904144294 -0.0033681724549104956 0.013016936718951317 0.044736983356872359 0.012895081571221628 0.012465436062640922 0.02145697780648784 0.015030060874073551 0.041389128576325644 0.014923464007758324 -0.022739104382418995 -0.015801287863277454 -0.0058408915842915994 0.0012634284731274227 0.015798481145152411 0.0038950758491757306 -0.028922261795689123 -0.00053866318599011718 -0.00066094304614165993 -0.011313572932751429 -7.7958748231824685e-05 -0.019924019198523029 -0.024829637688790034 -0.02411949396214676 -0.025481203232131381 -0.021284911186395163 -0.07992226032047417 -0.045397384557327447 -0.046922258934666172
leaf_weight=392 310 442 4527 1110 342 18701 1238 403 304 351 456 1745 310 1476 590 391 2824 347 486 305 500 302 1130 4043 330 470 457 39648 301 2853
leaf_count=392 310 442 4527 1110 342 18701 1238 403 304 351 456 1745 310 1476 590 391 2824 347 486 305 500 302 1130 4043 330 470 457 39648 301 2853
internal_value=-0.000694288 0.00242974 0.00313179 0.00294172 0.00786226 0.00250588 0.00320928 0.00314465 -0.000172076 0.0181427 -0.000308789 -0.000506248 -0.0027882 0.000473118 -0.000893745 0.000179932 9.7651e-05 -0.00290466 -0.00233116 -0.00245695 -0.000758077 -0.00157659 -0.00253446 -0.00263993 -0.00281069 -0.00244023 -0.00267349 -0.00298394 -0.00282781 -0.00292298
internal_weight=87084 34946 27520 27128 2206 24922 19939 1513 7426 693 4983 7122 52138 4742 3020 1783 4300 49118 5969 2380 1392 802 5483 5173 2075 1237 927 43149 3501 3154
internal_count=87084 34946 27520 27128 2206 24922 19939 1513 7426 693 4983 7122 52138 4742 3020 1783 4300 49118 5969 2380 1392 802 5483 5173 2075 1237 927 43149 3501 3154
is_linear=0
shrinkage=0.03


Tree=17
num_leaves=31
num_cat=0
split_feature=25 32 29 29 22 23 32 23 33 20 33 1 2 25 22 20 32 4 23 3 33 33 25 32 33 2 25 31 0 3
split_gain=615.609 83.2478 88.8916 70.658 137.833 63.3789 58.9773 123.999 62.0385 68.7286 54.9894 38.7357 25.8228 25.565 17.6123 16.7963 11.6601 11.1211 9.76529 3.31885 3.03469 2.60471 1.4205 2.36027 0.935763 0.212702 0.131296 0.518303 0.0935235 0.014399
threshold=8.5000000000000018 0.96234642434711437 102.50000000000001 90.500000000000014 1910.7000000000005 4.2280771447111549 -0.97113884758256674 25.004308364464471 0.98770287048522643 79.136111111111134 -0.84313311835787952 56.500000000000007 29.150000000000002 10.500000000000002 2139.6000000000008 81.721969696969708 0.97508442350096236 0.90000000000000135 10.589601154031024 26.650000000000002 -0.84313311835787952 0.97648852793709995 11.500000000000002 0.96234642434711437 -0.9292178835113839 19.550000000000004 12.500000000000002 -0.9330127018922193 18.750000000000004 29.150000000000002
decision_type=2 2 2 2 2 2 2 2 2 2 2 2 2 2 2 2 2 2 2 2 2 2 2 2 2 2 2 2 2 2
left_child=1 5 3 4 -3 11 7 17 10 -10 -8 -1 -9 16 -6 -5 18 -7 -2 21 -21 -20 23 24 -15 -26 27 -24 -29 -28
right_child=13 2 -4 15 14 6 8 12 9 -11 -12 -13 -14 22 -16 -17 -18 -19 19 20 -22 -23 26 -25 25 -27 29 28 -30 -31
leaf_value=0.029144384756107634 0.01352585005785264 -0.002150413862898235 0.045124578904447668 0.00080183709843472783 0.04339487385616618 0.0080861986126709775 0.018508223402039094 0.028253249845898037 0.0042151085919294841 0.017043793410072942 0.0038395389672048895 0.028303763644174793 0.0051346297980502248 -0.019449757326783033 0.040147454719035885 -0.0055037042733877949 0.0094385933966750681 -0.0026626682730431029 -0.016174381839786495 0.001756913398956727 -0.0062040051376270038 0.00070035774347368743 -0.020228548681246464 0.0001846884192138276 -0.0259284064329737 -0.026205929178574092 -0.075514592507730696 -0.038631721485921588 -0.040205098425308054 -0.063448119278906867
leaf_weight=311 519 496 437 300 519 722 6721 664 789 513 18940 318 380 443 304 756 509 661 3792 1009 1066 312 388 302 372 2497 39270 304 2983 389
leaf_count=311 519 496 437 300 519 722 6721 664 789 513 18940 318 380 443 304 756 509 661 3792 1009 1066 312 388 302 372 2497 39270 304 2983 389
internal_value=-0.000713073 0.00252823 0.00746321 0.00517045 0.00979773 0.00206572 0.00186384 0.00634226 0.0014605 0.00784651 0.00113619 0.011481 0.0141416 -0.0026781 0.0173192 -0.000613057 -0.00101429 0.000448699 -0.00134707 -0.00167913 -0.000700868 -0.00217345 -0.00293348 -0.00236017 -0.00259161 -0.0027899 -0.00298124 -0.00280332 -0.0029261 -0.00299766
internal_weight=86986 32831 2812 2375 1319 30019 29390 2427 26963 1302 25661 629 1044 54155 823 1056 7207 1383 6698 6179 2075 4104 46948 3614 3312 2869 43334 3675 3287 39659
internal_count=86986 32831 2812 2375 1319 30019 29390 2427 26963 1302 25661 629 1044 54155 823 1056 7207 1383 6698 6179 2075 4104 46948 3614 3312 2869 43334 3675 3287 39659
is_linear=0
shrinkage=0.03


Tree=18
num_leaves=29
num_cat=0
split_feature=27 4 30 29 2 2 2 33 29 33 3 3 24 27 30 5 23 3 3 33 5 4 27 3 33 29 14 25
split_gain=546.632 63.8124 70.2056 124.14 85.4439 45.2195 126.802 42.8098 66.954 39.6458 26.0585 18.5777 16.3491 12.8938 9.03789 6.06997 4.14386 3.81719 2.35583 1.9137 0.711902 0.530247 0.291595 0.377485 0.421245 0.22427 0.331412 0.000561434
threshold=572.50000000000011 1.8499999999999999 0.93301270189221952 82.500000000000014 13.15 18.250000000000004 16.450000000000003 0.99445195900249039 4.5000000000000009 0.92191100909954782 18.050000000000004 23.750000000000004 1.5456070806693811 682.50000000000011 0.93301270189221952 129.50000000000003 25.301023018096341 14.550000000000002 26.650000000000002 -0.84313311835787952 4.5000000000000009 1.0499999999999992 762.50000000000011 15.15 -0.9292178835113839 271.50000000000006 0.091538572988602976 12.500000000000002
decision_type=2 2 2 2 2 2 2 2 2 2 2 2 2 2 2 2 2 2 2 2 2 2 2 2 2 2 2 2
left_child=1 2 4 5 9 6 -4 10 -9 -1 -6 -5 -7 14 17 16 -3 -2 20 -20 -19 -15 23 -23 -25 -17 -27 -24
right_child=13 15 3 11 7 12 -8 8 -10 -11 -12 -13 -14 21 -16 25 -18 18 19 -21 -22 22 27 24 -26 26 -28 -29
leaf_value=0.030454647873826603 0.011110497655630082 0.011708987434130298 -0.021415249027635107 0.042093027640481187 -0.0025510588105946931 0.019511422256608214 0.061051239501512977 -0.033594440655028965 0.016042495169846731 0.020410337331518109 0.010884783036699588 0.038943031077464808 -0.0021438087496620829 -0.058676389699613626 0.0058752125097427162 -0.022649486932395723 -0.018776239437360155 -0.016535237537958995 -0.0010004082345341663 -0.01126511844472399 -0.032515172614596015 -0.028748896025012235 -0.038884439138525594 -0.028560204353708339 -0.033106500011691478 -0.019203561459394239 -0.0018836992993575663 -0.075259154735628025
leaf_weight=366 309 385 350 331 2231 312 301 355 719 353 25292 413 838 301 557 1720 308 2042 943 946 1758 304 889 567 3825 322 300 39733
leaf_count=366 309 385 350 331 2231 312 301 355 719 353 25292 413 838 301 557 1720 308 2042 943 946 1758 304 889 567 3825 322 300 39733
internal_value=-0.000840349 0.00206614 0.00246209 0.00724077 0.002047 0.00297836 0.00928988 0.00178995 0.00766326 0.0122542 0.00156049 0.0175409 -0.000599479 -0.00278432 -0.00153981 -0.00208992 0.00037608 -0.00187931 -0.00205571 -0.00118889 -0.00248619 -0.00296311 -0.00297147 -0.00274388 -0.00281493 -0.00281946 -0.00232103 -0.00299771
internal_weight=87070 34896 31861 2545 29316 1801 651 28597 1074 719 27523 744 1150 52174 6555 3035 693 5998 5689 1889 3800 45619 45318 4696 4392 2342 622 40622
internal_count=87070 34896 31861 2545 29316 1801 651 28597 1074 719 27523 744 1150 52174 6555 3035 693 5998 5689 1889 3800 45619 45318 4696 4392 2342 622 40622
is_linear=0
shrinkage=0.03


Tree=19
num_leaves=29
num_cat=0
split_feature=25 32 29 29 3 32 23 2 33 29 2 32 2 4 20 3 4 25 32 3 3 29 30 18 25 31 0 3
split_gain=518.999 92.0465 91.2648 73.2985 132.395 66.392 112.916 67.4389 54.133 66.3984 41.0659 30.0129 18.253 17.5778 14.6144 10.6524 7.86011 7.41741 5.6898 2.36728 2.04906 3.46277 1.80937 0.832798 0.196656 0.702954 0.176159 0.0330929
threshold=9.5000000000000018 0.96234642434711437 102.50000000000001 90.500000000000014 22.050000000000004 -0.97876850416056738 25.094126224332303 11.550000000000002 0.99445195900249039 4.5000000000000009 29.150000000000002 -0.55657520495441892 24.850000000000005 0.90000000000000135 81.00833333333334 20.550000000000004 0.54999999999999905 11.500000000000002 0.97508442350096236 13.65 26.650000000000002 162.50000000000003 0.93301270189221952 -1.4999999999999998 12.500000000000002 -0.9330127018922193 18.850000000000005 29.150000000000002
decision_type=2 2 2 2 2 2 2 2 2 2 2 2 2 2 2 2 2 2 2 2 2 2 2 2 2 2 2 2
left_child=1 5 3 4 15 6 13 -7 11 -10 -8 -9 -6 16 -5 -3 -1 18 19 -2 22 -22 -21 -15 25 -19 -27 -26
right_child=17 2 -4 14 12 7 10 8 9 -11 -12 -13 -14 23 -16 -17 -18 24 -20 20 21 -23 -24 -25 27 26 -28 -29
leaf_value=0.0058915397363036061 0.0021017945303585073 -0.0020215871845214294 0.043444298046213269 0.0004512384943806946 0.040830236811266747 0.026541011298634763 0.027079108859420113 -0.0012900433990405257 -0.032315429483294175 0.01562041110467487 0.0046170795244545341 0.011626438930922847 0.037774740145140866 -0.0015532626204380051 -0.0056651366362871335 0.018926079588909975 0.0083270688198671203 -0.018623854251895854 0.0023374651225352354 -0.026246358947445016 0.0048299198338639451 -0.015220315372923308 -0.0034663019839870465 -0.010569853745482969 -0.070991380090429948 -0.038668614848018326 -0.037196861059414769 -0.036334384009363931
leaf_weight=311 339 453 474 300 388 572 440 8806 388 789 411 20577 314 327 859 302 390 397 510 3985 316 1785 328 410 39222 302 2895 380
leaf_count=311 339 453 474 300 388 572 440 8806 388 789 411 20577 314 327 859 302 390 397 510 3985 316 1785 328 410 39222 302 2895 380
internal_value=-0.000854423 0.00186999 0.00682303 0.00462438 0.00910082 0.00141185 0.00634192 0.00104918 0.000857956 0.00716384 0.0149965 0.000605125 0.0184694 0.00121334 -0.00100604 0.000376983 0.00461111 -0.00282574 -0.00193819 -0.00216894 -0.00229805 -0.00152854 -0.00267246 -0.00202033 -0.00297493 -0.00275716 -0.00290525 -0.00299462
internal_weight=86970 36511 3090 2616 1457 33421 2289 31132 30560 1177 851 29383 702 1438 1159 755 701 50459 7263 6753 6414 2101 4313 737 43196 3594 3197 39602
internal_count=86970 36511 3090 2616 1457 33421 2289 31132 30560 1177 851 29383 702 1438 1159 755 701 50459 7263 6753 6414 2101 4313 737 43196 3594 3197 39602
is_linear=0
shrinkage=0.03


Tree=20
num_leaves=31
num_cat=0
split_feature=25 32 2 22 32 23 29 28 2 33 29 2 32 4 0 21 25 32 3 33 3 30 11 14 25 31 22 32 7 4
split_gain=516.227 102.511 88.5363 126.994 69.6169 111.086 67.8249 105.872 65.9587 52.4963 62.5006 38.717 27.9261 17.0763 11.7908 10.1634 7.44615 4.98074 2.54871 2.21713 3.44991 1.7837 1.22134 0.488545 0.236785 0.509258 0.266543 0.0371472 0.0248207 0.0289164
threshold=9.5000000000000018 0.96234642434711437 26.350000000000005 1910.7000000000005 -0.97876850416056738 25.004308364464471 102.50000000000001 3.5000000000000004 11.550000000000002 0.99445195900249039 4.5000000000000009 29.150000000000002 -0.69057362043749781 0.90000000000000135 21.150000000000002 0.7098977407061462 11.500000000000002 0.97508442350096236 13.65 -0.84313311835787952 27.850000000000005 0.93301270189221952 0.099999999999996106 0.086036613430263392 12.500000000000002 -0.9330127018922193 1139.6500000000003 0.95752911693909493 0.14999999999999861 2.7000000000000006
decision_type=2 2 2 2 2 2 2 2 2 2 2 2 2 2 2 2 2 2 2 2 2 2 2 2 2 2 2 2 2 2
left_child=1 4 3 14 5 13 7 -5 -6 12 -11 -7 -10 15 -3 -1 17 18 -2 20 -20 -21 -4 -15 25 -18 -27 -28 29 -26
right_child=16 2 22 6 8 11 -8 -9 9 10 -12 -13 -14 23 -16 -17 24 -19 19 21 -22 -23 -24 -25 28 26 27 -29 -30 -31
leaf_value=0.0047530968991415269 0.0021964194363589462 -0.0019609395689857844 -0.035867468242015629 0.03672407519501137 0.025744780959675716 0.02626673559363752 0.043099913741232149 -0.0054951825371985308 -0.0033158191132191739 -0.031377707000025908 0.015095197467073022 0.004451982289600448 0.011048047202579001 -0.0028627338373396591 0.00043770133954927458 0.0080772567552710936 -0.018848663697736759 0.0024340315041290347 -0.022553368037479003 -0.021480446615472361 0.00078303698134684675 -0.0029491606393180266 -0.0034731090430441913 -0.0021092400140595826 -0.048324855203419476 -0.035485660057593953 -0.038916539152004333 -0.021234085919607487 -0.073871638735549763 -0.038861637346612542
leaf_weight=313 334 499 440 912 552 512 334 329 6801 370 769 437 22458 414 311 339 397 488 844 4620 661 329 302 307 881 300 2594 301 36799 1809
leaf_count=313 334 499 440 912 552 512 334 329 6801 370 769 437 22458 414 311 339 397 488 844 4620 661 329 302 307 881 300 2594 301 36799 1809
internal_value=-0.000852589 0.00186931 0.0070617 0.00987636 0.00138112 0.00639001 0.0148382 0.0115918 0.00100514 0.000818316 0.00713421 0.0142768 0.000572214 0.000932314 0.000221947 0.00444717 -0.00282003 -0.00193184 -0.00214229 -0.00227452 -0.00126494 -0.00258121 -0.00198654 -0.00224792 -0.00296999 -0.00273198 -0.00285826 -0.00294717 -0.00299157 -0.0028874
internal_weight=86756 36399 3127 2385 33272 2322 1575 1241 30950 30398 1139 949 29259 1373 810 652 50357 7276 6788 6454 1505 4949 742 721 43081 3592 3195 2895 39489 2690
internal_count=86756 36399 3127 2385 33272 2322 1575 1241 30950 30398 1139 949 29259 1373 810 652 50357 7276 6788 6454 1505 4949 742 721 43081 3592 3195 2895 39489 2690
is_linear=0
shrinkage=0.03


Tree=21
num_leaves=31
num_cat=0
split_feature=25 32 33 33 22 32 33 33 24 23 23 4 28 25 22 4 1 32 22 15 3 33 33 25 30 33 25 31 24 0
split_gain=498.99 91.6744 82.5215 71.2241 134.457 63.4207 112.767 65.3717 43.5679 41.4865 40.526 29.9512 26.418 23.524 17.7181 13.4595 13.2941 9.63894 6.17476 4.52826 3.43478 3.21185 2.52527 1.68626 1.11175 0.984704 0.216778 0.525647 0.20826 0.157174
threshold=8.5000000000000018 0.96234642434711437 -0.18493013702746822 0.011826144619637555 1910.7000000000005 -0.97876850416056738 -0.12545862287572049 0.99138911339924218 3.4984176386708468 3.5494993414590872 25.371861623676633 1.8499999999999999 11.500000000000002 10.500000000000002 2106.4000000000001 0.90000000000000135 81.500000000000014 0.97508442350096236 1139.6500000000003 0.20918863976249366 26.650000000000002 0.97648852793709995 -0.84313311835787952 11.500000000000002 0.93301270189221952 -0.91249077947840473 12.500000000000002 -0.9330127018922193 4.6922204782413504 18.750000000000004
decision_type=2 2 2 2 2 2 2 2 2 2 2 2 2 2 2 2 2 2 2 2 2 2 2 2 2 2 2 2 2 2
left_child=1 5 -3 16 -5 6 -1 9 -9 -7 15 -11 -10 17 -6 -8 -4 18 19 -2 21 -20 -22 24 25 -15 27 -25 -27 -29
right_child=13 2 3 4 14 7 10 8 12 11 -12 -13 -14 23 -16 -17 -18 -19 20 -21 22 -23 -24 26 -26 28 -28 29 -30 -31
leaf_value=0.014107785111462866 -0.015770648059570968 0.040847971692589906 0.00042457029936280753 -0.0019021113819162139 0.038503607451078385 0.024972437530885436 0.0070249393959357052 0.015202549169593257 -0.023785909120765947 0.01053947059348549 0.025849843207696128 -0.017169336227726237 0.018130215494307506 -0.016630974026063144 0.035539775684936305 -0.0025332109499418818 -0.0053303270610825758 0.0063317363357337959 -0.015804465801864124 0.016603284298632563 0.0011538992343815436 0.0012855720581082615 -0.0061843847506878645 -0.01751825018914667 -0.00080333027801570778 -0.03643723439467865 -0.06769578956731867 -0.034421090255866142 -0.019779005327632288 -0.035515096454069993
leaf_weight=435 300 440 301 493 424 372 763 384 400 24274 308 1994 522 513 396 620 748 499 3627 304 1043 314 1070 394 309 1124 39720 303 1669 2939
leaf_count=435 300 440 301 493 424 372 763 384 400 24274 308 1994 522 513 396 620 748 499 3627 304 1043 314 1070 394 309 1124 39720 303 1669 2939
internal_value=-0.000903487 0.0020118 0.00720086 0.00497418 0.00962785 0.00152808 0.00652186 0.00114796 0.00769855 0.000826545 0.00301241 0.000685446 0.00415385 -0.00267406 0.0170646 0.000817196 -0.000854286 -0.00107167 -0.00137318 0.00151735 -0.00166177 -0.00218493 -0.000685431 -0.00291819 -0.00229397 -0.00245479 -0.00297018 -0.00274347 -0.00267681 -0.00286957
internal_weight=87002 32874 2802 2362 1313 30072 2126 27946 1306 26640 1691 26268 922 54128 820 1383 1049 7157 6658 604 6054 3941 2113 46971 3615 3306 43356 3636 2793 3242
internal_count=87002 32874 2802 2362 1313 30072 2126 27946 1306 26640 1691 26268 922 54128 820 1383 1049 7157 6658 604 6054 3941 2113 46971 3615 3306 43356 3636 2793 3242
is_linear=0
shrinkage=0.03


Tree=22
num_leaves=29
num_cat=0
split_feature=27 32 33 33 23 2 32 23 33 19 2 32 23 19 4 27 32 3 33 3 7 27 33 8 2 4 4 33
split_gain=507.282 95.1893 90.7548 70.655 124.942 63.8858 67.859 107.869 52.0814 62.168 44.6403 32.022 22.6472 15.7147 14.6666 9.03846 8.48878 2.0527 1.95017 3.65173 0.89676 0.645073 1.23312 1.78175 0.500553 0.10815 0.0412608 0.30505
threshold=587.50000000000011 0.96234642434711437 -0.18493013702746822 0.011826144619637555 19.399554443773589 11.550000000000002 -0.97876850416056738 25.004308364464471 0.99445195900249039 79.071794871794893 29.150000000000002 -0.55657520495441892 21.893823786416277 80.767948717948727 0.90000000000000135 697.50000000000011 0.97508442350096236 13.65 -0.84313311835787952 27.850000000000005 0.09999999999999877 787.50000000000011 -0.9292178835113839 2.8500000000000001 17.350000000000005 2.5999999999999992 1.8 -0.78324956448884031
decision_type=2 2 2 2 2 2 2 2 2 2 2 2 2 2 2 2 2 2 2 2 2 2 2 2 2 2 2 2
left_child=1 5 -3 13 -5 -1 7 14 11 -10 -9 -8 -6 -4 -7 16 17 -2 19 -19 -20 22 23 -17 -24 -26 27 -23
right_child=15 2 3 4 12 6 8 10 9 -11 -12 -13 -14 -15 -16 21 -18 18 20 -21 -22 26 24 -25 25 -27 -28 -29
leaf_value=0.024223264404958877 0.0037113513801637714 0.039622532541812215 0.00041183319038191614 -0.001845048040458721 0.037348499227546038 0.0068872570865645506 -0.0017445702509925401 0.024703238229597507 0.0021420057570944984 0.014746472694505472 0.004005369039334683 0.010630020229113225 0.0344735824143882 -0.0074937620416349483 -0.0024770327438692059 0.003130362246607885 0.0045284287849642699 -0.020077404925602015 -0.012314487666093351 0.0011566098328775407 -0.024763055047287003 -0.057624615707649776 -0.03049193155354173 -0.031799553629701452 -0.030258505987706543 -0.032754985206220145 -0.068381019389298386 -0.060624615528835843
leaf_weight=558 304 476 305 526 466 660 8568 500 708 429 438 20249 425 834 703 302 447 777 2192 593 2283 332 308 368 1292 3132 37039 1909
leaf_count=558 304 476 305 526 466 660 8568 500 708 429 438 20249 425 834 703 302 447 777 2192 593 2283 332 308 368 1292 3132 37039 1909
internal_value=-0.000881262 0.00185669 0.00694164 0.00469769 0.00916714 0.00138663 0.00121233 0.00617593 0.000830846 0.00712566 0.014 0.00058224 0.0160056 -0.00086579 0.00078519 -0.00279518 -0.00175807 -0.00204829 -0.00217328 -0.00118162 -0.00247654 -0.00294824 -0.00263853 -0.0014307 -0.00280921 -0.00289085 -0.00299076 -0.00285147
internal_weight=87123 35845 3032 2556 1417 32813 32255 2301 29954 1137 938 28817 891 1139 1363 51278 6596 6149 5845 1370 4475 44682 5402 670 4732 4424 39280 2241
internal_count=87123 35845 3032 2556 1417 32813 32255 2301 29954 1137 938 28817 891 1139 1363 51278 6596 6149 5845 1370 4475 44682 5402 670 4732 4424 39280 2241
is_linear=0
shrinkage=0.03


Tree=23
num_leaves=31
num_cat=0
split_feature=27 32 29 29 3 32 29 33 29 19 0 32 32 19 29 3 27 15 0 30 3 3 29 32 27 4 0 15 0 19
split_gain=505.405 92.3751 94.4932 70.2213 126.481 68.1991 101.02 64.8558 60.2224 42.5659 37.6011 32.6313 29.785 16.144 14.4057 13.6511 12.979 11.4565 10.1222 9.87441 2.70079 2.76668 2.27774 1.19914 0.718096 0.771012 2.84984 0.657454 0.549489 0.417113
threshold=577.50000000000011 0.96234642434711437 102.50000000000001 90.500000000000014 22.050000000000004 -0.97876850416056738 266.50000000000006 0.99138911339924218 4.5000000000000009 74.916666666666686 9.9500000000000011 -0.99763297024448894 -0.55657520495441892 82.107692307692318 281.50000000000006 23.550000000000004 702.50000000000011 0.066807760298967775 20.650000000000002 0.93301270189221952 14.15 26.650000000000002 162.50000000000003 0.96687895796550427 797.50000000000011 2.5999999999999992 27.550000000000004 0.21588734245608882 19.450000000000003 72.316666666666677
decision_type=2 2 2 2 2 2 2 2 2 2 2 2 2 2 2 2 2 2 2 2 2 2 2 2 2 2 2 2 2 2
left_child=1 5 3 4 18 6 -1 10 -9 -10 -7 13 -12 -8 -13 -5 19 -6 -3 20 -2 23 -23 -22 25 26 29 -21 -27 -18
right_child=16 2 -4 15 17 7 11 8 9 -11 12 14 -14 -15 -16 -17 24 -19 -20 27 21 22 -24 -25 -26 28 -28 -29 -30 -31
leaf_value=0.012686985451530325 0.0045117545479949591 -0.005732257820868023 0.038433856565557853 0.00039947819467045064 0.036228044250719654 0.023496566472810121 0.0040969564849620286 -0.030366406596408262 0.016859611097329513 0.014304078513670307 -0.0014272867755922966 -0.0056854966320317325 0.011144219425656869 0.024693227155989008 0.0074175731581379535 -0.0049456043880010282 -0.0083984705877663268 0.028128120570578268 0.014981011745033595 0.002337666428685816 -0.020260629452488847 0.0043166596836858914 -0.0093200628882688426 -0.0043791589086629732 -0.065730595517607848 -0.031443559486088568 0.003036451379209648 0.0070509531682714727 -0.032068491428869035 -0.042356284626896112
leaf_weight=477 330 401 466 300 372 375 440 380 519 548 8460 652 19598 309 367 810 304 302 321 301 4154 316 1877 311 38519 303 305 301 3832 961
leaf_count=477 330 401 466 300 372 375 440 380 519 548 8460 652 19598 309 367 810 304 302 321 301 4154 316 1877 311 38519 303 305 301 3832 961
internal_value=-0.000868155 0.00191148 0.00697074 0.00465975 0.00913529 0.00144322 0.00648486 0.00106422 0.0072576 0.0109073 0.000748786 0.00317467 0.000622473 0.007924 -0.000320589 -0.000972098 -0.00275098 0.0184711 0.000406638 -0.00160453 -0.00192216 -0.00205346 -0.00118004 -0.00248209 -0.0029477 -0.00263144 -0.00206238 0.0020796 -0.00284695 -0.00268957
internal_weight=86911 35097 2972 2506 1396 32125 2245 29880 1447 1067 28433 1768 28058 749 1019 1110 51814 674 722 7590 6988 6658 2193 4465 44224 5705 1570 602 4135 1265
internal_count=86911 35097 2972 2506 1396 32125 2245 29880 1447 1067 28433 1768 28058 749 1019 1110 51814 674 722 7590 6988 6658 2193 4465 44224 5705 1570 602 4135 1265
is_linear=0
shrinkage=0.03


Tree=24
num_leaves=31
num_cat=0
split_feature=25 32 29 2 29 22 32 23 29 2 22 29 32 22 25 32 3 32 3 2 7 31 4 20 3 26 32 4 25 5
split_gain=467.763 84.1112 85.8348 73.0339 63.8113 111.224 63.128 98.8067 47.6156 37.671 37.401 29.0207 17.8388 14.9517 7.90641 6.16146 1.51876 5.47961 2.51365 2.55697 0.484458 0.600732 1.12229 2.31746 0.243691 0.186427 0.0290001 0.0253165 0.00343143 0.00770341
threshold=9.5000000000000018 0.96234642434711437 102.50000000000001 11.550000000000002 90.500000000000014 2106.4000000000001 -0.97876850416056738 25.004308364464471 361.50000000000006 29.150000000000002 1910.7000000000005 216.50000000000003 -0.98803845231459242 2074.9000000000005 11.500000000000002 0.97508442350096236 17.450000000000003 0.64579916509010216 26.650000000000002 29.750000000000004 0.20000000000000198 -0.68301270189221952 2.9000000000000017 86.368115942028993 11.450000000000001 27.500000000000004 0.97696484778429815 4.1499999999999995 12.500000000000002 32.500000000000007
decision_type=2 2 2 2 2 2 2 2 2 2 2 2 2 2 2 2 2 2 2 2 2 2 2 2 2 2 2 2 2 2
left_child=1 3 4 -1 5 10 7 12 11 -9 -3 -8 -5 -6 15 16 17 -2 25 -20 21 22 23 -16 -23 -18 -26 -24 29 -22
right_child=14 2 -4 6 13 -7 8 9 -10 -11 -12 -13 -14 -15 20 -17 18 -19 19 -21 28 24 27 -25 26 -27 -28 -29 -30 -31
leaf_value=0.02279166947862583 -0.024471387142802354 -0.0028675569547989177 0.037280840868591125 -0.0022353145999250844 0.00038749384883034031 0.032352533614434964 0.0099767930394701124 0.023221344268029902 0.013874956158260199 0.0037622992736057893 0.035141202923198056 -0.0015338117484923418 0.0071950459633938106 -0.01323277885558753 0.0027225379333861194 0.0021425432989998993 -0.021302044584876854 0.0077019222203673597 0.0039570560505150076 -0.013739341083713379 -0.031587536178185022 -0.035305299298993661 -0.019641566807243157 -0.049397241447869708 -0.037981077261114944 -0.026947610285832081 -0.024435544201584201 -0.035601267439256526 -0.065601267439256525 -0.03850493711562801
leaf_weight=565 532 512 490 1065 301 413 18631 489 379 436 489 11437 346 863 300 498 1882 308 346 1730 810 331 308 312 3399 1901 352 571 36155 998
leaf_count=565 532 512 490 1065 301 413 18631 489 379 436 489 11437 346 863 300 498 1882 308 346 1730 810 331 308 312 3399 1901 352 571 36155 998
internal_value=-0.000942135 0.00165203 0.00640469 0.00121461 0.00421326 0.00849329 0.00103011 0.00578177 0.000665363 0.0133963 0.00308084 0.000531976 0.000783994 -0.000988842 -0.00280421 -0.00188261 -0.00212194 -0.000927468 -0.002293 -0.00145306 -0.00295652 -0.00269268 -0.00217359 -0.00118434 -0.00288171 -0.00275344 -0.00295123 -0.00286023 -0.00299518 -0.00291542
internal_weight=87149 36416 3068 33348 2578 1414 32783 2336 30447 925 1001 30068 1411 1164 50733 7197 6699 840 5859 2076 43536 5573 1491 612 4082 3783 3751 879 37963 1808
internal_count=87149 36416 3068 33348 2578 1414 32783 2336 30447 925 1001 30068 1411 1164 50733 7197 6699 840 5859 2076 43536 5573 1491 612 4082 3783 3751 879 37963 1808
is_linear=0
shrinkage=0.03


Tree=25
num_leaves=31
num_cat=0
split_feature=27 32 29 29 22 32 23 23 33 29 1 20 32 27 29 20 32 32 23 3 33 32 33 27 33 8 3 32 8 5
split_gain=475.92 76.1952 89.1798 75.5401 103.828 58.6372 89.7035 60.1359 51.129 63.8116 49.2358 38.9819 24.4072 21.4958 13.062 12.9025 11.57 8.05722 5.85885 3.12808 2.87461 2.85368 2.39729 1.1651 0.893766 1.88005 0.856356 0.645842 0.0475269 0.00527865
threshold=542.50000000000011 0.96234642434711437 100.50000000000001 90.500000000000014 2106.4000000000001 -0.97876850416056738 25.004308364464471 4.2280771447111549 0.99445195900249039 4.5000000000000009 56.500000000000007 88.817424242424252 -0.65234524191686594 687.50000000000011 266.50000000000006 85.085144927536234 -0.99275805973510278 0.97508442350096236 10.263885913573455 26.650000000000002 -0.84313311835787952 -0.99763297024448894 0.98770287048522643 802.50000000000011 -0.91249077947840473 2.4500000000000006 13.65 0.97696484778429815 3.7000000000000024 8.5000000000000018
decision_type=2 2 2 2 2 2 2 2 2 2 2 2 2 2 2 2 2 2 2 2 2 2 2 2 2 2 2 2 2 2
left_child=1 5 3 4 11 6 16 10 12 -10 -7 -3 -9 17 -8 -4 21 18 -2 22 -21 -1 -20 24 25 -15 -26 -28 -27 -25
right_child=13 2 15 -5 -6 7 14 8 9 -11 -12 -13 -14 23 -16 -17 -18 -19 19 20 -22 -23 -24 29 26 28 27 -29 -30 -31
leaf_value=0.0040375640454572894 0.0080837661817247646 -0.0015584328819265609 0.0031738957277909724 -0.033819123114232158 0.031381957606001924 0.017856853021610334 0.012595986882050285 -0.0013268815782249809 -0.029792941841382561 0.013186214379898873 0.022107919394267046 0.034086966835502129 0.010090485376940208 0.0018404027746653289 0.022524703939989017 0.036162415642533405 0.0069791945844920097 0.0051118591421651597 -0.016517700528431201 0.00038995920911869751 -0.0068417170013289489 -0.0054478722950730063 0.00084887286489523429 -0.03949189782915296 -0.025025827388621344 -0.012654528048251752 -0.032301487892097254 -0.011747890820060749 -0.035271506398671285 -0.063633229416078838
leaf_weight=307 588 563 305 875 400 300 384 6623 358 710 320 336 19855 308 501 301 491 590 4655 1257 1296 420 302 2289 313 326 5179 471 327 36050
leaf_count=307 588 563 305 875 400 300 384 6623 358 710 320 336 19855 308 501 301 491 590 4655 1257 1296 420 302 2289 313 326 5179 471 327 36050
internal_value=-0.000931369 0.00190357 0.00665588 0.00381517 0.00840231 0.0014669 0.006298 0.00110597 0.00089781 0.00733021 0.0103382 0.00273667 0.00063809 -0.00266798 0.0135609 0.0168237 0.00101395 -0.00130096 -0.0015476 -0.0017734 -0.000919734 -0.00138874 -0.00221279 -0.00293034 -0.00257069 -0.0017183 -0.00270775 -0.00279243 -0.00262844 -0.00299523
internal_weight=87000 33049 2780 2174 1299 30269 2103 28166 27546 1068 620 899 26478 53951 885 606 1218 8688 8098 7510 2553 727 4957 45263 6924 961 5963 5650 653 38339
internal_count=87000 33049 2780 2174 1299 30269 2103 28166 27546 1068 620 899 26478 53951 885 606 1218 8688 8098 7510 2553 727 4957 45263 6924 961 5963 5650 653 38339
is_linear=0
shrinkage=0.03


Tree=26
num_leaves=30
num_cat=0
split_feature=27 32 29 29 22 2 32 23 33 29 22 4 2 32 20 27 30 3 3 2 27 32 4 0 2 4 30 27 21
split_gain=481.909 88.9462 88.452 67.5631 119.875 66.4823 61.4643 97.0486 49.9051 64.0935 38.6116 27.5161 27.2299 16.6013 14.9689 10.7568 6.32304 1.83514 2.24691 1.74128 0.890422 0.721796 0.651459 2.54079 0.508583 0.287855 0.0143803 0.220366 0.00265179
threshold=587.50000000000011 0.96234642434711437 102.50000000000001 90.500000000000014 2106.4000000000001 11.550000000000002 -0.97876850416056738 25.004308364464471 0.99445195900249039 4.5000000000000009 1910.7000000000005 1.8499999999999999 29.150000000000002 -0.98803845231459242 81.120833333333351 697.50000000000011 0.93301270189221952 14.350000000000003 26.650000000000002 29.750000000000004 827.50000000000011 0.69676570133721638 1.8999999999999997 25.650000000000002 16.450000000000003 3.8000000000000029 0.93301270189221952 892.50000000000011 0.3025316904536966
decision_type=2 2 2 2 2 2 2 2 2 2 2 2 2 2 2 2 2 2 2 2 2 2 2 2 2 2 2 2 2
left_child=1 5 3 4 10 -1 7 13 11 -10 -3 -8 -9 -7 -5 16 17 -2 21 -20 22 -19 23 -17 -24 -26 28 -28 -22
right_child=15 2 -4 14 -6 6 8 12 9 -11 -12 -13 -14 -15 -16 20 -18 18 19 -21 26 -23 24 -25 25 -27 27 -29 -30
leaf_value=0.021444681812439022 0.0017196850333855806 -0.0021105664944157075 0.03507754317325739 0.00028065216153170701 0.030440498877821857 -0.0022893820832910272 0.008968040933545484 0.021848962821789355 -0.028899153586141091 0.012556486685106005 0.033064357830437076 -0.01254656906402386 0.0029736891771979489 0.0067698187469572525 -0.0073877752135246321 -0.042068418518620948 0.0038512071326036196 -0.021189456253671832 0.0024474051227656403 -0.010066719464657207 -0.061724232533596463 -0.011657538205632196 -0.024265593142456174 0.0024990997585395774 -0.025611735431312763 -0.032377028861608391 -0.033502882453866172 -0.057911706965442247 -0.061724232533596463
leaf_weight=550 303 527 486 300 437 1048 25839 529 392 768 481 2844 425 322 853 653 544 2815 370 1605 344 989 310 302 3355 3243 320 2678 33290
leaf_count=550 303 527 486 300 437 1048 25839 529 392 768 481 2844 425 322 853 653 544 2815 370 1605 344 989 310 302 3355 3243 320 2678 33290
internal_value=-0.000891203 0.00177803 0.00664765 0.00444632 0.00876556 0.00131881 0.00114179 0.00584 0.000775733 0.00687338 0.00306838 0.0005289 0.0131812 0.0007221 -0.000969671 -0.00276051 -0.00163241 -0.00190958 -0.00202889 -0.00120698 -0.00292847 -0.00245519 -0.00263721 -0.00189854 -0.00273904 -0.00279497 -0.00299091 -0.00290897 -0.00299813
internal_weight=86922 35801 3084 2598 1445 32717 32167 2324 29843 1160 1008 28683 954 1370 1153 51121 6626 6082 5779 1975 44495 3804 7863 955 6908 6598 36632 2998 33634
internal_count=86922 35801 3084 2598 1445 32717 32167 2324 29843 1160 1008 28683 954 1370 1153 51121 6626 6082 5779 1975 44495 3804 7863 955 6908 6598 36632 2998 33634
is_linear=0
shrinkage=0.03


Tree=27
num_leaves=31
num_cat=0
split_feature=27 32 2 2 2 32 29 32 32 3 2 29 23 27 30 3 7 27 7 3 3 27 31 7 14 3 30 3 13 27
split_gain=439.074 66.0776 65.9922 112.135 63.2593 49.9643 80.6034 32.6637 67.0559 32.025 51.3995 30.1666 26.4102 20.7393 8.0256 4.93713 2.69531 2.21742 1.95659 1.93932 1.67976 1.59875 0.940459 1.16268 1.5513 0.673272 0.396425 0.0363359 0.0256274 0.0154552
threshold=552.50000000000011 0.96904697354198299 25.550000000000004 24.850000000000005 11.550000000000002 -0.97876850416056738 266.50000000000006 -0.55657520495441892 -0.51297808981038739 20.650000000000002 24.050000000000004 294.50000000000006 25.371861623676633 687.50000000000011 0.93301270189221952 14.15 0.25000000000000006 622.50000000000011 0.09999999999999877 26.050000000000004 27.850000000000005 827.50000000000011 -0.68301270189221952 0.40000000000000396 0.15521583045216703 13.050000000000002 0.93301270189221952 29.150000000000002 0.006666666666666733 877.50000000000011
decision_type=2 2 2 2 2 2 2 2 2 2 2 2 2 2 2 2 2 2 2 2 2 2 2 2 2 2 2 2 2 2
left_child=1 4 3 9 -1 6 -6 11 -9 -3 -11 -7 -8 14 15 -2 17 -17 -16 -4 -18 22 23 24 -15 -24 -27 29 -25 -23
right_child=13 2 19 -5 5 7 12 8 -10 10 -12 -13 -14 21 18 16 20 -19 -20 -21 -22 27 25 28 -26 26 -28 -29 -30 -31
leaf_value=0.020801341358065849 0.010034697336530786 -0.0020430302616617178 4.8781117171525777e-06 0.035014872475501946 0.010582857907353657 -0.0065224276065965845 0.0030693380980598281 0.038385733287310035 0.0091057334589714142 0.025476625003127456 -0.0031640459408606601 0.0038108926717873364 0.021924580010415091 -0.0036065190323870408 0.007124066087538925 -0.0030195783568045037 -0.030405356818452519 -0.015302181494103232 0.0018093750117868313 -0.04185666755980956 -0.0020920704755427138 -0.040882842907866701 -0.021435277021127165 -0.032604565783925815 -0.018993984216404462 -0.032212270841147896 -0.013684745863329722 -0.056532158014330119 -0.027696077370055083 -0.059872505557588572
leaf_weight=545 363 307 386 369 452 4863 1382 539 19776 830 365 3277 312 660 348 2629 1858 2317 311 342 303 2986 311 571 726 5190 669 344 306 33517
leaf_count=545 363 307 386 369 452 4863 1382 539 19776 830 365 3277 312 660 348 2629 1858 2317 311 342 303 2986 311 571 726 5190 669 344 306 33517
internal_value=-0.000960841 0.00171798 0.00631269 0.00929327 0.00133438 0.00115375 0.00556684 0.00082074 0.00146412 0.00564471 0.00786371 -0.000784917 0.00255929 -0.00265338 -0.00125793 -0.00153795 -0.0017123 -0.00132565 0.00191364 -0.00134979 -0.00259621 -0.00290387 -0.00253012 -0.00200486 -0.00146215 -0.00272241 -0.00279471 -0.00298934 -0.00285991 -0.00299252
internal_weight=87154 33745 2599 1871 31146 30601 2146 28455 20315 1502 1195 8140 1694 53409 8129 7470 7107 4946 659 728 2161 45280 8433 2263 1386 6170 5859 36847 877 36503
internal_count=87154 33745 2599 1871 31146 30601 2146 28455 20315 1502 1195 8140 1694 53409 8129 7470 7107 4946 659 728 2161 45280 8433 2263 1386 6170 5859 36847 877 36503
is_linear=0
shrinkage=0.03


Tree=28
num_leaves=31
num_cat=0
split_feature=4 2 27 30 29 32 29 33 2 29 0 5 7 32 32 32 32 3 20 32 22 27 32 2 3 33 3 25 15 30
split_gain=403.946 93.7347 57.7893 52.0543 52.4378 44.2406 48.0616 30.2594 75.3922 31.2533 28.438 18.7103 13.8301 12.9997 12.9818 31.3092 44.5125 17.2594 12.9032 4.33186 7.56514 3.67798 1.79882 2.16164 1.56086 1.23067 1.01312 0.102724 0.27075 0.0850702
threshold=1.1000000000000008 11.550000000000002 627.50000000000011 0.93301270189221952 82.500000000000014 -0.97876850416056738 266.50000000000006 -0.99628250747696534 29.350000000000005 6.5000000000000009 18.050000000000004 79.500000000000014 1.8 -0.99763297024448894 -0.61237985104942771 -0.30983472475487867 -0.41398024697495356 24.650000000000002 90.075000000000003 -0.98523971305672675 2232.6000000000004 802.50000000000011 0.97696484778429815 27.350000000000005 11.450000000000001 -0.84313311835787952 23.850000000000005 13.500000000000002 0.15148977702233393 -0.24999999999999994
decision_type=2 2 2 2 2 2 2 2 2 2 2 2 2 2 2 2 2 2 2 2 2 2 2 2 2 2 2 2 2 2
left_child=1 -1 12 5 10 6 -3 8 -7 -9 -5 -6 14 -8 19 16 -16 -17 -12 20 -2 22 24 -24 -4 -26 -21 28 -23 -14
right_child=2 3 21 4 11 7 13 9 -10 -11 18 -13 29 -15 15 17 -18 -19 -20 26 -22 27 23 -25 25 -27 -28 -29 -30 -31
leaf_value=0.020177301117323871 -0.0066530459881216277 0.01124515265371449 -0.013490166494031969 0.05588582492657769 0.031373292975769899 0.021816771894736312 0.02053575653682321 0.0075050662279751634 -0.03916744283633216 0.008832561455202264 -0.0019817393538118554 0.029282304245045236 -0.017967005585696916 0.0056646443849294849 0.0022439725689611389 0.0053773555697819823 0.014832555733156364 -0.0086319741321801754 0.010698506814914657 -0.00084421347051743644 0.0023825280630930834 -0.031558108690791897 0.0019694932175479897 -0.014148844398404806 -0.013583244088327215 -0.024308805824633423 -0.010193946825070216 -0.058076330390860915 -0.030703896629656668 -0.029976849375951953
leaf_weight=401 330 323 303 540 317 314 501 428 303 20777 606 302 607 631 1063 3435 555 2697 302 657 302 490 360 325 2153 7128 1808 35956 1550 1405
leaf_count=401 330 323 303 540 317 314 501 428 303 20777 606 302 607 631 1063 3435 555 2697 302 657 302 490 360 325 2153 7128 1808 35956 1550 1405
internal_value=-0.00104014 0.00211198 -0.0023678 0.00188392 0.00644536 0.00147861 0.00654189 0.00114072 0.00768447 0.000949966 0.00331677 0.0137468 -0.000580638 0.00362224 -0.000156804 0.00049929 0.00421001 -0.000480353 7.26065e-05 -0.00179826 0.000417061 -0.00284393 -0.00233953 -0.00085277 -0.0024457 -0.00251487 -0.00236618 -0.00298018 -0.00276335 -0.00286438
internal_weight=86869 25745 61124 25344 2067 23277 1455 21822 617 21205 1448 619 12859 1132 10847 7750 1618 6132 908 3097 632 48265 10269 685 9584 9281 2465 37996 2040 2012
internal_count=86869 25745 61124 25344 2067 23277 1455 21822 617 21205 1448 619 12859 1132 10847 7750 1618 6132 908 3097 632 48265 10269 685 9584 9281 2465 37996 2040 2012
is_linear=0
shrinkage=0.03


Tree=29
num_leaves=31
num_cat=0
split_feature=27 23 1 4 32 24 22 32 29 32 27 32 20 7 23 3 3 29 27 3 4 31 24 32 23 15 32 3 3 3
split_gain=376.618 50.5548 57.2124 43.6295 28.2102 67.8295 31.0675 26.5045 41.0976 36.0248 13.1719 6.31786 5.2136 4.33384 2.97445 2.43613 2.85353 2.08349 1.54957 1.27344 0.65905 1.23858 2.52608 0.509795 0.152458 0.0783654 0.0363899 0.0351905 0.00903584 0.282443
threshold=577.50000000000011 4.2280771447111549 56.500000000000007 1.8499999999999999 0.96904697354198299 2.718893323996316 2205.5000000000005 -0.97876850416056738 265.50000000000006 -0.55657520495441892 697.50000000000011 0.97508442350096236 82.901612903225825 0.25000000000000006 24.672320113983233 13.65 26.650000000000002 162.50000000000003 827.50000000000011 19.050000000000004 4.0000000000000018 -0.68301270189221952 2.9805552679714036 0.96687895796550427 10.589601154031024 0.29601400944092687 0.97112537654464559 29.150000000000002 17.350000000000005 16.850000000000005
decision_type=2 2 2 2 2 2 2 2 2 2 2 2 2 2 2 2 2 2 2 2 2 2 2 2 2 2 2 2 2 2
left_child=1 2 -1 4 7 6 -6 8 -3 -9 11 15 -7 14 -5 -2 19 -18 20 -17 21 22 -12 -23 -22 -15 -26 28 29 -20
right_child=10 3 -4 13 5 12 -8 9 -10 -11 18 -13 -14 25 -16 16 17 -19 27 -21 24 23 -24 -25 26 -27 -28 -29 -30 -31
leaf_value=0.00087646525345024754 0.003004259591315883 0.01090779807410306 0.019571982083804142 0.010420020852368296 0.030366929556157034 -0.00075704299706415236 0.0014452498055127893 -0.0019354199826942951 0.0055081965703809655 0.011314500524593466 -0.04071070782677022 0.0034463267551010559 0.0072393788713127714 -0.017792739422812617 -0.012705714710965261 -0.0092251249706647373 0.0044178744423647841 -0.0082546381664453158 -0.050448416156772743 -0.020204027303896279 -0.032399317409501603 -0.027667447787205444 -0.0016590000597213616 -0.011276120204828911 -0.033139407817350246 -0.0088847596505953752 -0.011577986218222326 -0.043326017459044928 -0.056334040479135088 -0.0024484176766911901
leaf_weight=316 328 357 329 311 1144 722 313 7722 1657 19068 567 522 318 2073 328 1217 318 1774 4229 3082 312 3233 715 302 2409 301 302 349 31606 323
leaf_count=316 328 357 329 311 1144 722 313 7722 1657 19068 567 522 318 2073 328 1217 318 1774 4229 3082 312 3233 715 302 2409 301 302 349 31606 323
internal_value=-0.00108242 0.0013216 0.00963622 0.00116503 0.00149693 0.00455524 0.00873045 0.00123166 0.00454988 0.000982045 -0.00271151 -0.00152486 -0.00129683 -0.00228235 -8.90632e-05 -0.00177188 -0.00190128 -0.000991878 -0.00290523 -0.00234349 -0.00252136 -0.00230199 -0.00150117 -0.00259191 -0.00287004 -0.00287242 -0.00294358 -0.00298759 -0.00299079 -0.00293345
internal_weight=86547 34959 645 34314 31301 2497 1457 28804 2014 26790 51588 7241 1040 3013 639 6719 6391 2092 44347 4299 7840 4817 1282 3535 3023 2374 2711 36507 36158 4552
internal_count=86547 34959 645 34314 31301 2497 1457 28804 2014 26790 51588 7241 1040 3013 639 6719 6391 2092 44347 4299 7840 4817 1282 3535 3023 2374 2711 36507 36158 4552
is_linear=0
shrinkage=0.03


Tree=30
num_leaves=31
num_cat=0
split_feature=27 2 4 2 33 33 33 29 32 33 27 32 32 7 2 29 33 27 0 4 7 33 4 0 5 24 32 5 24 32
split_gain=367.325 63.6491 43.0019 32.608 65.6616 63.0722 49.8989 83.7378 57.6574 43.781 20.5407 8.05619 6.1575 4.15479 5.94929 4.66454 3.01732 1.62778 1.35472 2.64839 0.889198 1.2886 2.60108 0.67753 0.618168 0.288233 0.15406 0.0547982 0.282275 0.487128
threshold=547.50000000000011 11.550000000000002 1.8499999999999999 25.350000000000005 0.45847758937963173 -0.70289845916694649 -0.84313311835787952 204.50000000000003 -0.97876850416056738 0.69521084835931835 702.50000000000011 0.97508442350096236 0.99374995976406788 0.19999999999999754 19.750000000000004 40.500000000000007 -0.45273527932988084 827.50000000000011 28.050000000000004 2.0000000000000013 0.39999999999999908 -0.84313311835787952 3.9999999999999996 17.850000000000005 243.50000000000003 5.2065317066979118 -0.66528616069191593 71.500000000000014 2.3125740349911958 0.61915405168109316
decision_type=2 2 2 2 2 2 2 2 2 2 2 2 2 2 2 2 2 2 2 2 2 2 2 2 2 2 2 2 2 2
left_child=1 -1 3 4 5 -3 7 -5 -8 -6 11 13 -13 14 15 -2 -16 20 25 -20 21 22 -12 -23 -4 -15 -26 28 29 -19
right_child=10 2 24 6 9 -7 8 -9 -10 -11 17 12 -14 18 16 -17 -18 27 19 -21 -22 23 -24 -25 26 -27 -28 -29 -30 -31
leaf_value=0.018984822621290007 -0.0067188234257637407 -0.026161791344573446 -0.0075038777860696902 0.0087520856634298646 -0.019582677365550305 0.02224250711493049 0.0085205156591739942 0.036629749429296858 -0.0041221141864255274 0.010725931011259763 0.0016234606835995224 0.0071024802814791859 -0.0029023648148951355 -0.039590633202291128 -0.0029013398446244049 0.01504394451188251 -0.010128400442676889 -0.048644019175354068 0.003267405161787845 -0.017316849833622833 -0.033693337707433713 -0.02104094153046639 -0.02223498868475652 -0.02638059290828397 -0.0044657185718365612 -0.017766710950635638 -0.019452541024978245 -0.054644019264761035 -0.040462175743932779 -0.0023749651463904529
leaf_weight=518 313 695 522 5003 1883 4229 1647 931 8811 7159 421 309 316 1763 1825 359 2562 411 325 765 2857 301 417 3524 470 713 1471 30980 5077 300
leaf_count=518 313 695 522 5003 1883 4229 1647 931 8811 7159 421 309 316 1763 1825 359 2562 411 325 765 2857 301 417 3524 470 713 1471 30980 5077 300
internal_value=-0.00109246 0.00137951 0.00121464 0.00152396 0.0025891 0.00537624 0.00061636 0.00281348 -0.000630463 0.00107088 -0.0026318 -0.0013458 0.00194089 -0.00158416 -0.00103103 0.00159584 -0.00143368 -0.00290036 -0.00236838 -0.00148488 -0.00249701 -0.00224035 -0.00117283 -0.00247386 -0.002597 -0.00275656 -0.00284398 -0.00298279 -0.00289066 -0.00232163
internal_weight=86877 33339 32821 30358 13966 4924 16392 5934 10458 9042 53538 9250 625 8625 5059 672 4387 44288 3566 1090 7520 4663 838 3825 2463 2476 1941 36768 5788 711
internal_count=86877 33339 32821 30358 13966 4924 16392 5934 10458 9042 53538 9250 625 8625 5059 672 4387 44288 3566 1090 7520 4663 838 3825 2463 2476 1941 36768 5788 711
is_linear=0
shrinkage=0.03


Tree=31
num_leaves=31
num_cat=0
split_feature=27 2 4 30 2 0 33 2 29 7 23 21 32 27 32 3 33 27 3 33 7 8 33 32 33 30 29 27 30 7
split_gain=356.503 64.322 37.4298 37.3274 32.5569 49.5796 27.824 78.9675 28.0741 12.802 14.9806 18.9534 9.74392 7.59706 3.51867 1.88824 2.71374 1.76569 1.54604 2.30353 0.859015 1.14586 2.49886 0.618824 0.426222 0.282908 0.0320861 0.0287759 0.152538 0.0280692
threshold=607.50000000000011 11.550000000000002 1.1000000000000008 0.93301270189221952 17.050000000000004 18.850000000000005 -0.99628250747696534 29.350000000000005 6.5000000000000009 1.8 10.589601154031024 1.3440599596534561 -0.61237985104942771 697.50000000000011 0.97508442350096236 27.850000000000005 -0.84313311835787952 827.50000000000011 17.450000000000003 0.8852232634113919 0.39999999999999908 3.8000000000000029 -0.84313311835787952 -0.71504373327588355 -0.88620506325989179 0.68301270189221941 271.50000000000006 907.50000000000011 0.93301270189221952 0.59999999999999887
decision_type=2 2 2 2 2 2 2 2 2 2 2 2 2 2 2 2 2 2 2 2 2 2 2 2 2 2 2 2 2 2
left_child=1 -1 3 6 -5 -6 7 -3 -8 10 11 -4 -12 14 15 18 -17 20 19 -2 21 22 -15 -20 -11 -23 -26 28 -19 -22
right_child=13 2 9 4 5 -7 8 -9 -10 24 12 -13 -14 17 -16 16 -18 27 23 -21 29 25 -24 -25 26 -27 -28 -29 -30 -31
leaf_value=0.018415277942651312 0.0049804491714134352 0.020560271152253531 -0.0010649497062578651 -0.024995198475095275 0.053742539863763941 0.025916543609308843 0.0066187012950602942 -0.0385944171368829 0.0079655870259054944 -0.00071234402805356637 -0.0038781117955805256 0.027525465821871275 0.00081053692614732056 0.00056145787389208707 0.0030975756825985267 0.0032735209444747716 -0.011779919345706791 -0.038612611832899803 -0.015866401807252021 -0.01641624099818657 -0.025578447640761063 -0.031728937809718354 -0.020934203118907885 -0.01860977949186688 -0.054553134624612115 -0.018290286455135436 -0.015691440244617119 -0.053004698686818202 -0.028585548808655596 -0.035848685787225089
leaf_weight=572 303 327 388 343 301 1446 432 331 21700 324 2687 426 6229 482 372 466 473 4399 974 313 732 1583 2415 2464 1132 385 443 31881 410 2171
leaf_count=572 303 327 388 343 301 1446 432 331 21700 324 2687 426 6229 482 372 466 473 4399 974 313 732 1583 2415 2464 1132 385 443 31881 410 2171
internal_value=-0.0011117 0.00111555 0.000958997 0.00161569 0.00545194 0.00711041 0.00126366 0.00733839 0.00108273 -0.000446002 -6.16658e-06 0.00388712 -0.000362006 -0.00276933 -0.00170239 -0.0019121 -0.000698937 -0.00289804 -0.00219285 -0.000807132 -0.00248603 -0.00224106 -0.00186025 -0.00244083 -0.00269842 -0.00280041 -0.00290292 -0.0029852 -0.00290582 -0.00289566
internal_weight=86904 37081 36509 24880 2090 1747 22790 658 22132 11629 9730 814 8916 49823 5365 4993 939 44458 4054 616 7768 4865 2897 3438 1899 1968 1575 36690 4809 2903
internal_count=86904 37081 36509 24880 2090 1747 22790 658 22132 11629 9730 814 8916 49823 5365 4993 939 44458 4054 616 7768 4865 2897 3438 1899 1968 1575 36690 4809 2903
is_linear=0
shrinkage=0.03


Tree=32
num_leaves=31
num_cat=0
split_feature=27 2 4 30 20 32 32 22 32 27 7 32 32 32 32 33 7 0 33 27 23 32 33 0 4 19 20 19 30 29
split_gain=346.176 69.0719 34.1436 31.4094 29.697 27.9349 62.7743 13.8404 13.5761 12.4361 11.7349 13.8803 28.0324 5.69238 4.90931 2.49713 2.48486 2.48642 2.15622 1.90828 1.04908 0.916012 1.08256 0.872782 1.99561 0.724866 0.328651 0.627158 0.232384 1.91769
threshold=587.50000000000011 11.550000000000002 1.1000000000000008 0.93301270189221952 90.638095238095261 0.82899317702918729 0.64579916509010216 1992.7000000000003 0.97112537654464559 702.50000000000011 1.6000000000000008 -0.61237985104942771 -0.30983472475487867 -0.98523971305672675 0.97508442350096236 -0.92272482904738262 0.19999999999999754 19.650000000000002 -0.45273527932988084 812.50000000000011 10.820043991844937 0.34235194516023087 -0.84313311835787952 28.050000000000004 2.3500000000000001 77.01666666666668 69.105555555555569 70.677083333333357 0.93301270189221952 64.500000000000014
decision_type=2 2 2 2 2 2 2 2 2 2 2 2 2 2 2 2 2 2 2 2 2 2 2 2 2 2 2 2 2 2
left_child=1 -1 3 5 7 6 -3 -5 -7 14 11 13 -13 -4 16 -12 17 -2 -19 21 -17 26 -23 -18 -25 -24 -11 -28 -21 -30
right_child=9 2 10 4 -6 8 -8 -9 -10 19 15 12 -14 -15 -16 20 23 18 -20 28 -22 22 25 24 -26 -27 27 -29 29 -31
leaf_value=0.017862819604371773 0.0027901761560958807 0.0069592525781518866 0.00064812853709758753 0.0041302665288739694 0.020439458219968509 -0.030114265121779223 0.038500503858110456 0.026625079727811238 0.019630087254375948 -0.033690949658962834 0.00023703292768216143 0.012924935454760521 -0.00076472633768311484 -0.0054318655296036232 0.0035233028127721281 -0.0019927229289993507 -0.031083912412128437 -0.0042785780076615501 -0.011810404885605318 -0.051414557726213658 -0.02678035557343417 -0.0052912474660731746 -0.0162843616068905 0.0017680888827727925 -0.019572258985865246 -0.030432126243384032 -0.0044759482370300098 -0.024911532531515006 -0.00071357523139419226 -0.051528933493258287
leaf_weight=567 495 17554 479 1029 514 1877 2156 483 1136 1819 303 1313 4444 1863 473 300 1806 1250 1968 34498 1817 422 1215 325 594 1035 348 1748 407 2685
leaf_count=567 495 17554 479 1029 514 1877 2156 483 1136 1819 303 1313 4444 1863 473 300 1806 1250 1968 34498 1817 422 1215 325 594 1035 348 1748 407 2685
internal_value=-0.001109 0.00115149 0.00098432 0.00159285 0.00517119 0.00127359 0.00168485 0.00304957 -0.00141639 -0.00269459 -0.000447434 0.00010037 0.000892497 -0.00184635 -0.00151085 -0.00228005 -0.0017276 -0.00122213 -0.00152656 -0.00287974 -0.00264448 -0.00240756 -0.00197755 -0.00241563 -0.00165978 -0.00223901 -0.00270046 -0.00244063 -0.00296241 -0.00270805
internal_weight=86923 35835 35268 24749 2026 22723 19710 1512 3013 51088 10519 8099 5757 2342 6911 2420 6438 3713 3218 44177 2117 6587 2672 2725 919 2250 3915 2096 37590 3092
internal_count=86923 35835 35268 24749 2026 22723 19710 1512 3013 51088 10519 8099 5757 2342 6911 2420 6438 3713 3218 44177 2117 6587 2672 2725 919 2250 3915 2096 37590 3092
is_linear=0
shrinkage=0.03


Tree=33
num_leaves=31
num_cat=0
split_feature=27 2 4 30 20 29 3 22 12 30 4 29 27 30 29 3 2 21 25 3 29 1 4 5 31 0 8 30 29 23
split_gain=332.27 57.8326 33.4289 32.2155 32.755 24.4205 18.4608 13.8456 10.8746 11.3791 8.64004 9.34641 7.85666 3.70736 2.74175 2.23803 3.72699 2.20913 1.39249 1.27182 0.816951 0.646216 0.592432 0.967844 1.44954 0.391814 0.360418 0.249144 2.07833 0.111356
threshold=612.50000000000011 11.550000000000002 1.1000000000000008 0.93301270189221952 90.638095238095261 6.5000000000000009 26.950000000000003 1992.7000000000003 0.59999999999999887 0.68301270189221941 1.8499999999999999 340.50000000000006 727.50000000000011 0.93301270189221952 326.50000000000006 26.950000000000003 30.050000000000004 0.56723135705756123 13.500000000000002 14.350000000000003 216.50000000000003 77.500000000000014 3.5000000000000013 26.500000000000004 0.25000000000000017 21.050000000000004 2.1500000000000008 0.93301270189221952 64.500000000000014 26.093169046410313
decision_type=2 2 2 2 2 2 2 2 2 2 2 2 2 2 2 2 2 2 2 2 2 2 2 2 2 2 2 2 2 2
left_child=1 -1 3 5 7 -3 -7 -5 10 14 11 -4 13 15 -10 19 -17 -12 22 -2 -18 -21 23 24 -14 -24 -25 -20 -29 -27
right_child=12 2 8 4 -6 6 -8 -9 9 -11 17 -13 18 -15 -16 16 20 -19 27 21 -22 -23 25 26 -26 29 -28 28 -30 -31
leaf_value=0.017326935016240615 -0.0096610664111923088 0.0062113626788639032 -0.0010796314801662721 0.004006358533007761 0.019930240523637888 0.0051241632070616735 0.012681506202761863 0.027212397755910781 -0.001187297642492754 0.022143419169574713 0.00012329309398637303 0.011250650796170446 -0.0045712468443499738 0.0012343970610597125 0.0095676805838965581 0.0069177481456551516 -0.0096706309205493914 -0.01717258906762056 -0.049872120994427248 -0.015739156109786705 -0.013238458592395714 -0.027396931871799625 -0.027442855375396986 -0.03766088270799995 -0.027396593890801579 -0.029310988426244654 -0.024390089682844764 -0.00069216797445236455 -0.049983065488460536 -0.020383387169108078
leaf_weight=565 318 429 5773 1053 529 14788 7598 499 2028 575 301 421 738 586 314 307 837 2518 33110 2369 706 1788 301 1173 649 3011 371 378 2619 354
leaf_count=565 318 429 5773 1053 529 14788 7598 499 2028 575 301 421 738 586 314 307 837 2518 33110 2369 706 1788 301 1173 649 3011 371 378 2619 354
internal_value=-0.00113115 0.00100441 0.00085812 0.00148379 0.0050562 0.00115774 0.00102166 0.00285512 -0.000447574 0.00114428 -0.000962836 -0.000336078 -0.00274055 -0.00180165 0.000215108 -0.00201312 -0.00113452 -0.00233936 -0.00289245 -0.00237601 -0.0017351 -0.00251587 -0.0024903 -0.00217019 -0.00159294 -0.00274557 -0.00268738 -0.00296585 -0.0026988 -0.00283868
internal_weight=87006 37391 36826 24896 2081 22815 22386 1552 11930 2917 9013 6194 49615 6911 2342 6325 1850 2819 42704 4475 1543 4157 6597 2931 1387 3666 1544 36107 2997 3365
internal_count=87006 37391 36826 24896 2081 22815 22386 1552 11930 2917 9013 6194 49615 6911 2342 6325 1850 2819 42704 4475 1543 4157 6597 2931 1387 3666 1544 36107 2997 3365
is_linear=0
shrinkage=0.03


Tree=34
num_leaves=31
num_cat=0
split_feature=27 23 7 39 3 33 33 27 3 33 33 0 33 0 24 24 23 7 3 22 27 27 20 21 3 23 27 33 33 0
split_gain=319.259 54.6658 29.1918 23.9771 20.1127 73.2133 50.3376 8.94268 4.73306 2.86815 2.61295 7.13127 4.21196 2.58081 1.62767 2.08658 0.588331 0.248492 0.630111 1.87073 0.242139 0.203965 0.16595 0.0888451 0.0692191 0.0990198 0.0503415 0.14622 0.0163442 0.0147638
threshold=607.50000000000011 3.5494993414590872 1.6000000000000008 1.0000000180025095e-35 24.650000000000002 0.39629089145655322 -0.84313311835787952 812.50000000000011 27.150000000000002 -0.92272482904738262 0.76556758748011056 21.350000000000005 0.57605713708605399 18.650000000000002 2.9675802419232036 6.500614281848101 10.589601154031024 0.40000000000000396 17.450000000000003 1396.3500000000001 632.50000000000011 372.50000000000006 85.783823529411777 1.4990580846794437 28.050000000000004 25.371861623676633 872.50000000000011 -0.90161545992537195 0.99530134160901229 21.150000000000002
decision_type=2 2 2 2 2 2 2 2 2 2 2 2 2 2 2 2 2 2 2 2 2 2 2 2 2 2 2 2 2 2
left_child=1 -1 3 4 5 -3 -6 10 21 -4 11 12 13 -2 22 -16 -11 18 19 -9 -12 -5 -13 -18 -20 -26 27 -19 -22 -29
right_child=7 2 9 8 6 -7 -8 17 -10 16 20 14 -14 -15 15 -17 23 26 24 -21 28 -23 -24 -25 25 -27 -28 29 -30 -31
leaf_value=0.016807126965753386 -0.021719294378763729 0.019429755882042661 0.00024276381970635922 -0.014481681244878225 0.013137390929655018 0.0055443570874227042 -0.0011350651678286815 -0.027672567182632238 0.0077041837480535582 -0.016433969682176964 -0.012803747699386912 -0.029020823083001527 0.014811619424590706 0.0030821987139791119 -0.010297254757763464 -0.01996847742445209 -0.030669798135851647 -0.033240871429954355 -0.035610606811230149 -0.00063172026222177934 -0.03113687891885605 -0.035481675522832323 -0.033896418943328302 -0.041259319018801595 -0.024655719518347156 -0.012133329493274208 -0.048375957364594428 -0.038586465995989964 -0.024522925525155382 -0.040802864797700615
leaf_weight=590 301 4565 309 1010 5956 10065 11020 607 540 318 326 374 304 315 4695 2147 1496 305 3659 300 2044 710 1470 401 301 300 30526 312 315 1303
leaf_count=590 301 4565 309 1010 5956 10065 11020 607 540 318 326 374 304 315 4695 2147 1496 305 3659 300 2044 710 1470 401 301 300 30526 312 315 1303
internal_value=-0.0011634 0.000949135 0.000802121 0.0010341 0.00124757 0.00206274 0.000544972 -0.00272883 -0.00195047 -0.0023097 -0.00202595 -0.00179432 0.000716612 -0.000709887 -0.00206032 -0.00184656 -0.00268728 -0.00295845 -0.00276142 -0.00203855 -0.00285369 -0.00271935 -0.00285203 -0.00288778 -0.00291481 -0.00259635 -0.00298974 -0.00282665 -0.00296059 -0.00294245
internal_weight=86884 36980 36390 33866 31606 14630 16976 49904 2260 2524 12291 9606 920 616 8686 6842 2215 37613 5167 907 2685 1720 1844 1897 4260 601 32446 1920 2359 1615
internal_count=86884 36980 36390 33866 31606 14630 16976 49904 2260 2524 12291 9606 920 616 8686 6842 2215 37613 5167 907 2685 1720 1844 1897 4260 601 32446 1920 2359 1615
is_linear=0
shrinkage=0.03


Tree=35
num_leaves=29
num_cat=0
split_feature=27 2 4 29 33 2 32 23 33 33 27 33 7 30 22 25 33 4 29 24 4 30 29 27 0 4 27 27
split_gain=313.839 65.685 29.9631 29.041 27.2806 73.1204 26.0275 11.4773 15.8022 17.8787 8.06275 6.63785 6.70772 3.37583 2.83588 2.52131 2.48917 5.8675 2.75442 1.04266 1.55789 0.417001 3.42701 0.059033 0.0873967 0.0151368 0.0118216 0.00296472
threshold=612.50000000000011 11.550000000000002 1.1000000000000008 6.5000000000000009 -0.99628250747696534 29.150000000000002 -0.97876850416056738 10.589601154031024 0.93469109537144635 0.73136292505298039 822.50000000000011 0.98770287048522643 0.1000000000000001 0.93301270189221952 1440.2500000000002 11.500000000000002 -0.84313311835787952 1.8999999999999997 206.50000000000003 4.0138468219778991 3.2000000000000002 0.93301270189221952 64.500000000000014 842.50000000000011 30.250000000000004 1.1500000000000006 637.50000000000011 877.50000000000011
decision_type=2 2 2 2 2 2 2 2 2 2 2 2 2 2 2 2 2 2 2 2 2 2 2 2 2 2 2 2
left_child=1 -1 3 -3 5 -5 -6 8 9 -4 13 12 -9 16 -15 -16 17 -2 -19 26 -21 23 -23 24 -12 -25 -18 -27
right_child=10 2 7 4 6 -7 -8 11 -10 -11 21 -13 -14 14 15 -17 19 18 -20 20 -22 22 -24 25 -26 27 -28 -29
leaf_value=0.016302913156780782 0.0089427796102682488 0.0058586910858753069 0.010888423020597712 0.01896011852636887 0.0083530293986506521 -0.038419929114093469 0.0079716706719313996 0.0014805112724197472 -0.011117735687551249 0.025934360932453052 -0.034688091127811883 0.011015986909394227 -0.0039313547890866031 -0.019341274765592661 0.0052110138349530421 -0.0062937375897056235 -0.028076570022366812 -0.017315852936294535 0.0023975117076221954 -0.011476525490743569 -0.024780172032846187 -3.7536747018203624e-05 -0.047032294802868892 -0.039473768702978689 -0.015571778080161547 -0.032448786224917876 -0.030939617686814951 -0.046924678643656598
leaf_weight=565 305 429 341 332 1492 319 22176 2714 354 301 794 382 7845 401 306 320 376 1982 306 2891 3572 387 2650 364 300 1889 2239 30724
leaf_count=565 305 429 341 332 1492 319 22176 2714 354 301 794 382 7845 401 306 320 376 1982 306 2891 3572 387 2650 364 300 1889 2239 30724
internal_value=-0.00117358 0.000909237 0.000752739 0.00134817 0.00121147 0.00726534 0.00104466 -0.00048174 0.0025998 0.0054028 -0.0027313 -0.000762476 -0.000903126 -0.00207843 -0.000428989 0.000832535 -0.00222353 -0.00140285 -0.00192398 -0.00245776 -0.00225232 -0.00295465 -0.00261389 -0.00298494 -0.00275069 -0.00299263 -0.00296445 -0.00299531
internal_weight=87056 37250 36685 24748 24319 651 23668 11937 996 642 49806 10941 10559 12698 1027 626 11671 2593 2288 9078 6463 37108 3037 34071 1094 32977 2615 32613
internal_count=87056 37250 36685 24748 24319 651 23668 11937 996 642 49806 10941 10559 12698 1027 626 11671 2593 2288 9078 6463 37108 3037 34071 1094 32977 2615 32613
is_linear=0
shrinkage=0.03


Tree=36
num_leaves=30
num_cat=0
split_feature=27 23 4 33 20 29 32 23 21 27 12 32 33 32 32 33 23 4 7 30 20 33 23 29 27 33 22 27 7
split_gain=309.887 53.571 27.8282 28.9964 60.2026 29.4488 25.3361 10.9497 19.2208 9.53735 6.50305 7.20679 6.55245 3.83042 4.0804 1.91682 6.1376 2.16079 0.512666 1.93422 3.33053 0.372705 0.208926 0.331966 0.0777118 0.23228 0.0350961 0.0180113 0.000831445
threshold=607.50000000000011 3.5494993414590872 1.1000000000000008 -0.99628250747696534 85.085144927536234 6.5000000000000009 -0.97876850416056738 10.589601154031024 1.4609802451916019 817.50000000000011 0.35000000000000148 0.69676570133721638 -0.91249077947840473 0.97508442350096236 0.99274428880883148 0.76556758748011056 10.820043991844937 3.5000000000000013 0.50000000000000189 0.93301270189221952 82.406521739130454 0.99681593486783593 25.431663535454906 200.50000000000003 872.50000000000011 -0.85225707553516283 864.4000000000002 832.50000000000011 0.75000000000000011
decision_type=2 2 2 2 2 2 2 2 2 2 2 2 2 2 2 2 2 2 2 2 2 2 2 2 2 2 2 2 2
left_child=1 -1 3 4 -3 -5 -7 8 -4 13 12 -12 -9 15 -15 16 -2 -18 19 22 -21 26 27 -24 25 -20 -17 -11 -27
right_child=9 2 7 5 -6 6 -8 10 -10 18 11 -13 -14 14 -16 21 17 -19 24 20 -22 -23 23 -25 -26 28 -28 -29 -30
leaf_value=0.015813825762077353 0.012706465022827903 -0.037267331240670672 -0.0013278515683887448 0.0056829303532990403 0.018391314970577798 0.0080428743980454579 0.0077325205517734469 0.00067348770699473788 0.049346549415321878 -0.0226665918842247 -0.0012631924167764948 0.012147223420227962 -0.0075626314023341029 0.0050546833399860713 -0.010799649406774163 -0.021553180848702592 -0.012721108273611571 -0.021319559164243294 -0.027135965623757134 -0.030915020216589661 0.00091674542768911877 -0.025952584163916999 -0.032104854569404769 -0.010381660019593196 -0.0455169382843469 -0.032422921012747276 -0.026939694048401922 -0.033899898622133891 -0.047112681171938266
leaf_weight=584 309 330 593 443 309 1508 22310 1197 358 316 3263 956 5204 401 451 322 5758 2941 307 399 301 310 680 406 29828 308 2095 3849 969
leaf_count=584 309 330 593 443 309 1508 22310 1197 358 316 3263 956 5204 401 451 322 5758 2941 307 399 301 310 680 406 29828 308 2095 3849 969
internal_value=-0.00115699 0.000921712 0.000777226 0.00134211 0.00764531 0.00117579 0.00103304 -0.000438386 0.00264391 -0.00269905 -0.000714623 0.000199762 -0.00131725 -0.00198451 -4.22047e-05 -0.00212551 -0.00191409 -0.00206172 -0.0029397 -0.00268196 -0.00119829 -0.00282295 -0.00287948 -0.00250046 -0.00298844 -0.00277098 -0.00294913 -0.00297768 -0.0029507
internal_weight=87005 37055 36471 24900 639 24261 23818 11571 951 49950 10620 4219 6401 12587 852 11735 9008 8699 37363 5951 700 2727 5251 1086 31412 1584 2417 4165 1277
internal_count=87005 37055 36471 24900 639 24261 23818 11571 951 49950 10620 4219 6401 12587 852 11735 9008 8699 37363 5951 700 2727 5251 1086 31412 1584 2417 4165 1277
is_linear=0
shrinkage=0.03


Tree=37
num_leaves=30
num_cat=0
split_feature=27 2 4 29 33 2 3 23 21 27 5 3 3 30 23 14 3 33 4 1 27 23 29 30 29 2 3 33 27
split_gain=298.645 71.7574 28.7061 30.3003 28.5013 78.6947 21.6365 9.08922 16.1497 7.75667 6.56667 7.83866 6.03131 3.32812 3.4093 2.13176 1.82652 2.09569 3.48159 0.694777 0.43821 0.426256 0.367472 0.300434 2.43373 0.1709 0.064217 0.0344833 0.00483453
threshold=622.50000000000011 11.550000000000002 1.1000000000000008 6.5000000000000009 -0.99628250747696534 29.350000000000005 24.650000000000002 10.820043991844937 1.4390635687137523 812.50000000000011 1.5000000000000002 28.850000000000005 24.650000000000002 0.93301270189221952 15.288206716308686 0.085028730776225178 11.450000000000001 -0.84313311835787952 2.0000000000000013 79.500000000000014 857.50000000000011 25.323815138347559 192.50000000000003 0.93301270189221952 64.500000000000014 22.250000000000004 29.150000000000002 -0.6905596507703472 877.50000000000011
decision_type=2 2 2 2 2 2 2 2 2 2 2 2 2 2 2 2 2 2 2 2 2 2 2 2 2 2 2 2 2
left_child=1 -1 3 -3 5 -5 -6 8 15 13 12 -12 -9 16 -15 -4 -2 18 -18 -19 21 25 -23 26 -25 -11 28 -27 -22
right_child=9 2 7 4 6 -7 -8 10 -10 20 11 -13 -14 14 -16 -17 17 19 -20 -21 23 22 -24 24 -26 27 -28 -29 -30
leaf_value=0.015339410989215043 -0.0034124597245820212 0.0055124424427000556 -0.0042108453817978125 0.017839575521460461 0.010745184070368197 -0.03614931130345056 0.0002077593153464896 0.0089842558526836303 0.025036092896104131 -0.024119615449958418 -0.0044274030269769206 0.0038710301109266703 -0.0024461523040814111 -0.01822091261421999 0.0022245848633427809 0.0081911722609391106 0.0053367298005777674 -0.017828408676720305 -0.012663729411490205 -0.029682974616301216 -0.032516345093370008 -0.023025858675560559 -0.011449632133144779 -0.00098966171123350479 -0.04425581781025241 -0.020439875775144879 -0.04712358530787375 -0.03329929521495438 -0.044151430135816488
leaf_weight=592 314 437 339 332 10758 338 13044 1140 493 495 8170 317 1727 365 566 306 374 5740 2030 2111 1093 302 302 367 2524 304 340 1275 30538
leaf_count=592 314 437 339 332 10758 338 13044 1140 493 495 8170 317 1727 365 566 306 374 5740 2030 2111 1093 302 302 367 2524 304 340 1275 30538
internal_value=-0.00118033 0.000816207 0.000652023 0.00124059 0.00110056 0.00719821 0.000928622 -0.000521573 0.00203336 -0.00272711 -0.000777808 -0.0011971 0.000463388 -0.00204504 -0.000325108 -0.00109133 -0.0021965 -0.0022655 -0.0014894 -0.00250293 -0.00293599 -0.00256215 -0.00185455 -0.00296463 -0.00266701 -0.00276723 -0.00299146 -0.00292215 -0.00299611
internal_weight=87033 37993 37401 24909 24472 670 23802 12492 1138 49040 11354 8487 2867 11500 931 645 10569 10255 2404 7851 37540 2678 604 34862 2891 2074 31971 1579 31631
internal_count=87033 37993 37401 24909 24472 670 23802 12492 1138 49040 11354 8487 2867 11500 931 645 10569 10255 2404 7851 37540 2678 604 34862 2891 2074 31971 1579 31631
is_linear=0
shrinkage=0.03


Tree=38
num_leaves=31
num_cat=0
split_feature=25 2 4 33 2 2 32 33 25 2 32 12 7 33 2 21 8 32 33 4 20 29 7 30 19 32 33 23 29 22
split_gain=300.893 66.4381 25.3581 20.3043 71.8157 27.034 52.5563 29.515 12.2772 9.15063 23.4442 6.14519 3.69528 4.48696 8.20572 5.65973 3.29422 2.76597 2.1172 0.690282 1.37125 0.577165 0.465039 1.8438 2.68781 0.460302 0.292615 0.238802 0.175833 0.0623501
threshold=9.5000000000000018 11.550000000000002 1.5499999999999992 -0.99628250747696534 29.350000000000005 25.150000000000002 -0.88622299073327826 -0.84313311835787952 13.500000000000002 18.950000000000003 0.64579916509010216 0.35000000000000148 0.35000000000000148 0.76556758748011056 22.150000000000002 1.1254628677423533 3.9000000000000017 -0.55657520495441892 -0.94703994556331683 1.6500000000000006 85.207843137254926 354.50000000000006 0.50000000000000189 0.93301270189221952 81.411538461538484 0.97314989601849466 -0.54219087765047058 25.824191970878669 196.50000000000003 1078.9000000000003
decision_type=2 2 2 2 2 2 2 2 2 2 2 2 2 2 2 2 2 2 2 2 2 2 2 2 2 2 2 2 2 2
left_child=1 -1 3 4 -3 6 -5 -7 12 10 -4 18 13 14 15 -2 -16 -13 -11 20 -14 29 23 27 -25 26 -21 -10 -29 -15
right_child=8 2 9 5 -6 7 -8 -9 22 11 -12 17 19 21 16 -17 -18 -19 -20 25 -22 -23 -24 24 -26 -27 -28 28 -30 -31
leaf_value=0.01487922865953859 -0.0032923307494139771 0.017304388255816656 -0.0032591850777920861 0.01047752338372156 -0.035064831964347044 0.01226591068559383 0.0077225536173518954 -0.0015496517997972247 -0.031492837323069414 -4.3968266484046835e-05 0.050504596395532862 -0.0083886695752044826 -0.0040093808586501951 -0.017680274980732037 -0.0076851427286767299 0.012379117141069056 -0.01941730373576616 0.0024807080144523619 -0.013555956808237672 -0.019143836682949691 -0.042852673799405189 -0.011168090567111153 -0.042826887231741995 -0.031387776516571125 0.00078318937663591321 -0.0079369606718732982 -0.035721684447531293 -0.031516062810898353 -0.017689362117166121 -0.025248251662282367
leaf_weight=567 490 399 477 545 411 4832 12351 11238 4051 462 333 665 371 302 4720 303 1581 1532 2577 1734 370 301 30744 341 300 321 2391 340 303 1624
leaf_count=567 490 399 477 545 411 4832 12351 11238 4051 462 333 665 371 302 4720 303 1581 1532 2577 1734 370 301 30744 341 300 321 2391 340 303 1624
internal_value=-0.00115293 0.000927534 0.000766099 0.00112577 0.00580764 0.000994648 0.00201768 0.000173604 -0.00264946 -0.00100513 0.00196054 -0.0014642 -0.00191219 -0.00155471 -0.00118562 0.00168892 -0.0015476 -0.000255233 -0.00233783 -0.00255416 -0.00170216 -0.00272935 -0.00294587 -0.0026846 -0.0011729 -0.00269575 -0.00278114 -0.00289074 -0.00234317 -0.0029206
internal_weight=86976 36389 35822 29776 810 28966 12896 16070 50587 6046 810 5236 14508 9321 7094 793 6301 2197 3039 5187 741 2227 36079 5335 641 4446 4125 4694 643 1926
internal_count=86976 36389 35822 29776 810 28966 12896 16070 50587 6046 810 5236 14508 9321 7094 793 6301 2197 3039 5187 741 2227 36079 5335 641 4446 4125 4694 643 1926
is_linear=0
shrinkage=0.03


Tree=39
num_leaves=31
num_cat=0
split_feature=27 2 4 33 2 2 33 33 27 7 23 33 33 2 23 33 20 4 4 7 30 8 23 27 33 27 33 27 12 2
split_gain=288.181 71.1249 27.7 28.8828 77.8658 22.3697 46.9343 28.5884 10.7651 10.6541 12.0625 4.90645 3.44093 6.19577 3.73674 2.37127 2.25722 3.30831 1.98376 0.615239 1.47753 2.6395 0.291837 0.449161 0.264467 0.132259 0.336103 0.101192 0.0594186 0.0315444
threshold=612.50000000000011 11.550000000000002 1.1000000000000008 -0.99628250747696534 29.150000000000002 25.350000000000005 0.39629089145655322 0.56191161272202661 812.50000000000011 1.4000000000000041 10.263885913573455 -0.95242240592625282 0.76556758748011056 21.850000000000005 14.66789778939876 -0.94703994556331683 85.55625000000002 4.1000000000000005 1.8 0.50000000000000189 0.93301270189221952 3.5999999999999992 25.431663535454906 877.50000000000011 0.99611390731392835 872.50000000000011 -0.8739740505118182 842.50000000000011 0.60000000000000109 23.150000000000002
decision_type=2 2 2 2 2 2 2 2 2 2 2 2 2 2 2 2 2 2 2 2 2 2 2 2 2 2 2 2 2 2
left_child=1 -1 3 4 -3 6 -5 -7 12 10 -4 -12 13 14 -2 -11 17 -15 -17 20 22 -22 27 -24 -14 26 -21 -10 -18 -28
right_child=8 2 9 5 -6 7 -8 -9 19 15 11 -13 24 16 -16 18 28 -19 -20 25 21 -23 23 -25 -26 -27 29 -29 -30 -31
leaf_value=0.014432851799752421 -0.0053218583083443453 0.016785256608142146 0.015731680620562381 0.017279409196728802 -0.034012887005416617 -0.00082334053209128834 0.0040210413332966155 0.0062480103678341156 -0.01884437792392555 0.0005335237837651352 -0.0060796276616796336 -8.0794365630500146e-05 -0.025681499859489233 -0.0085265649093056207 0.0056452867998482504 -0.002388356385980618 -0.034996295002997169 -0.020103029442504226 -0.025745236536764145 -0.029424622842367704 0.00075969369533683605 -0.029242472939742813 -0.011281085392693461 -0.031006308099597171 -0.020759788184327239 -0.041542080614789728 -0.034572674520537028 -0.031368028355770308 -0.013666420067588728 -0.035348842163238754
leaf_weight=585 579 330 546 4344 325 11945 7412 446 632 306 1107 7097 2257 5035 308 693 1280 1930 2047 301 304 383 438 684 316 29624 314 3585 302 1106
leaf_count=585 579 330 546 4344 325 11945 7412 446 632 306 1107 7097 2257 5035 308 693 1280 1930 2047 301 304 383 438 684 316 29624 314 3585 302 1106
internal_value=-0.00117769 0.000817044 0.000651001 0.00122017 0.0074314 0.00105139 0.00198877 0.000161959 -0.00267976 -0.000545733 -1.37134e-05 -0.00030128 -0.00189799 -0.00163243 0.000753378 -0.00207352 -0.00188009 -0.00164729 -0.00235316 -0.00293088 -0.00265107 -0.00133866 -0.00281966 -0.0023829 -0.00287063 -0.00298459 -0.00271951 -0.00293528 -0.00290335 -0.00291344
internal_weight=86561 37183 36598 24802 655 24147 11756 12391 49378 11796 8750 8204 12007 9434 887 3046 8547 6965 2740 37371 6026 687 5339 1122 2573 31345 1721 4217 1582 1420
internal_count=86561 37183 36598 24802 655 24147 11756 12391 49378 11796 8750 8204 12007 9434 887 3046 8547 6965 2740 37371 6026 687 5339 1122 2573 31345 1721 4217 1582 1420
is_linear=0
shrinkage=0.03


Tree=40
num_leaves=31
num_cat=0
split_feature=27 23 4 3 32 32 3 3 28 23 14 27 7 19 22 32 32 3 3 4 15 27 7 30 19 23 32 27 0 25
split_gain=289.316 54.3961 28.4186 20.3992 43.4037 41.7019 41.3438 39.6085 21.1971 10.6907 16.5654 10.297 6.9635 4.92034 3.12194 2.95906 3.26555 2.68169 2.7581 5.69289 2.60363 0.982572 0.528968 1.55516 2.69666 0.312823 0.447075 0.0755605 0.114954 0.020329
threshold=617.50000000000011 3.5494993414590872 1.1000000000000008 24.650000000000002 -0.88622299073327826 0.64579916509010216 26.950000000000003 28.650000000000002 10.500000000000002 10.589601154031024 0.11744404390228368 817.50000000000011 1.4000000000000041 88.050000000000011 2408.3500000000004 0.97508442350096236 0.99274428880883148 11.350000000000003 26.750000000000004 2.0000000000000013 0.10349107938566031 647.50000000000011 0.64999999999999869 0.93301270189221952 82.70714285714287 25.462282014447705 -0.30163705152652742 847.50000000000011 27.650000000000002 13.500000000000002
decision_type=2 2 2 2 2 2 2 2 2 2 2 2 2 2 2 2 2 2 2 2 2 2 2 2 2 2 2 2 2 2
left_child=1 -1 3 4 -3 -6 8 -8 -5 10 20 15 13 -11 -14 17 -17 -2 21 -20 -4 -19 23 25 -25 29 -27 28 -24 -13
right_child=11 2 9 6 5 -7 7 -9 -10 12 -12 22 14 -15 -16 16 -18 18 19 -21 -22 -23 27 24 -26 26 -28 -29 -30 -31
leaf_value=0.013999866245759839 0.004764440418661379 0.0096448154063080247 -0.008182511628738327 -0.0040922163406567832 0.0019947641819225482 0.023879641165168025 0.016281698909897873 -0.0009136991930102223 0.006060570056799097 6.1503537807530142e-05 0.025236167851578718 -0.019961163600796569 -0.016200897518692126 -0.0067938278342387368 -5.8654932002477619e-05 0.0039680367386772377 -0.011748512737639563 -0.0095525308982556435 0.0098128121083213404 -0.012357014937889214 0.014407924447588752 -0.022724593583489321 -0.039999796514261075 -0.025434302887424251 0.00073690288447672884 -0.010034925278283908 -0.028727580623149666 -0.040295818196346041 -0.023543383212886716 -0.031122896615280924
leaf_weight=591 320 527 341 5283 6023 4679 3807 3887 695 6605 332 474 2033 1850 698 355 435 1140 324 3018 323 6487 432 490 300 452 823 29522 306 4400
leaf_count=591 320 527 341 5283 6023 4679 3807 3887 695 6605 332 474 2033 1850 698 355 435 1140 324 3018 323 6487 432 490 300 452 823 29522 306 4400
internal_value=-0.00117519 0.000803928 0.00065988 0.00124074 0.00218816 0.00177371 0.000462517 0.00191657 -0.00140893 -0.000527457 0.00244935 -0.00268825 -0.000792707 -0.000367196 -0.00210944 -0.0019269 -0.000151707 -0.00205111 -0.00213008 -0.00141071 -0.000288723 -0.00244507 -0.0029354 -0.00269697 -0.00144121 -0.00285805 -0.00243339 -0.00298999 -0.00267118 -0.00296862
internal_weight=86952 37674 37083 24901 11229 10702 13672 7694 5978 12182 996 49278 11186 8455 2731 12079 790 11289 10969 3342 664 7627 37199 6939 790 6149 1275 30260 738 4874
internal_count=86952 37674 37083 24901 11229 10702 13672 7694 5978 12182 996 49278 11186 8455 2731 12079 790 11289 10969 3342 664 7627 37199 6939 790 6149 1275 30260 738 4874
is_linear=0
shrinkage=0.03


Tree=41
num_leaves=31
num_cat=0
split_feature=4 23 34 33 2 2 3 33 29 33 33 29 2 29 4 5 15 3 7 33 7 37 33 4 33 3 29 3 0 5
split_gain=259.96 92.6465 32.6651 26.1221 81.9434 25.0197 47.36 42.0212 117.191 30.4517 30.1937 15.6503 8.66712 18.08 12.9576 9.82934 8.03465 5.05476 4.25215 4.09731 2.8569 2.88975 4.10874 1.50579 2.11179 4.07042 1.42392 1.21755 0.504875 0.287025
threshold=1.3999999999999997 3.5494993414590872 1.0000000180025095e-35 -0.99628250747696534 29.350000000000005 25.150000000000002 26.950000000000003 0.39629089145655322 284.50000000000006 0.69521084835931835 -0.84313311835787952 128.50000000000003 20.850000000000005 40.500000000000007 1.8 2.5000000000000004 0.13896306870271458 28.850000000000005 0.1000000000000001 0.39629089145655322 0.49999999999999739 1.0000000180025095e-35 -0.90531874877253482 3.8500000000000019 0.76556758748011056 19.550000000000004 310.50000000000006 26.650000000000002 18.150000000000002 71.500000000000014
decision_type=2 2 2 2 2 2 2 2 2 2 2 2 2 2 2 2 2 2 2 2 2 2 2 2 2 2 2 2 2 2
left_child=1 -1 20 4 -3 7 11 8 -5 -9 -8 -7 13 -4 16 -16 -15 18 19 -14 23 29 -23 24 25 -2 -24 -20 -25 -22
right_child=2 3 12 5 -6 6 10 9 -10 -11 -12 -13 17 14 15 -17 -18 -19 27 -21 21 22 26 28 -26 -27 -28 -29 -30 -31
leaf_value=0.01357987025838705 0.00085054030842236284 0.015793247942600928 -0.018273731152551258 0.016044637685871884 -0.032965089419463835 0.011340943236735308 0.013591477841244103 -0.01279480468224059 0.0093554709441187704 0.0067660386391320678 -4.7943726440782675e-05 -0.0072606255909553313 -0.00084502430201253585 0.006925665614644568 0.016182600019223548 -0.0074289726930960491 0.022260905394469902 0.0033209171850685946 -0.014357934866431011 -0.014151916301574819 -0.032266751537961817 0.00075532402788456633 -0.012607542086720006 -0.025363792387228374 -0.022711443800150333 -0.014293594589991432 -0.0014245021493976128 -0.010134049082804823 -0.024699528024209078 -0.039086943650455661
leaf_weight=394 518 355 935 4148 398 1756 3615 1813 310 7091 4654 6212 2639 301 336 697 310 392 3388 1040 3503 326 1143 305 1148 2675 314 1955 3717 30439
leaf_count=394 518 355 935 4148 398 1756 3615 1813 310 7091 4654 6212 2639 301 336 697 310 392 3388 1040 3503 326 1143 305 1148 2675 314 1955 3717 30439
internal_value=-0.00118914 0.00102781 -0.00240457 0.000839916 0.00635411 0.000699425 -9.18224e-05 0.00166085 0.00403812 0.000470297 0.00149855 -0.00174225 -0.00101626 0.000524418 0.00241824 0.000368471 0.00587745 -0.00143834 -0.00158329 -0.000798099 -0.00278219 -0.00289915 -0.00172029 -0.00228228 -0.00189383 -0.00149624 -0.00240124 -0.00212369 -0.00270097 -0.00296102
internal_weight=86827 30746 56081 30352 753 29599 16237 13362 4458 8904 8269 7968 11993 2579 1644 1033 611 9414 9022 3679 44088 35725 1783 8363 4341 3193 1457 5343 4022 33942
internal_count=86827 30746 56081 30352 753 29599 16237 13362 4458 8904 8269 7968 11993 2579 1644 1033 611 9414 9022 3679 44088 35725 1783 8363 4341 3193 1457 5343 4022 33942
is_linear=0
shrinkage=0.03


Tree=42
num_leaves=31
num_cat=0
split_feature=27 2 39 27 33 2 2 12 32 27 33 2 23 27 8 33 24 20 2 29 30 29 23 27 23 27 27 27 27 27
split_gain=289.697 62.175 22.3186 19.7495 22.1749 79.4145 19.9909 10.6159 13.356 10.2855 3.78239 4.71843 3.55685 2.82508 2.54327 2.44736 3.00807 1.71684 1.44357 2.36847 0.519547 3.4256 0.402899 0.0812567 0.16505 0.0386589 0.0363782 0.0174888 0.0142842 0.000737108
threshold=627.50000000000011 11.550000000000002 1.0000000180025095e-35 497.50000000000006 -0.99628250747696534 29.250000000000004 25.350000000000005 0.5999999999999962 0.64579916509010216 842.50000000000011 0.76556758748011056 22.250000000000004 15.077642644455841 132.50000000000003 0.95000000000000029 0.21652257995689161 2.9451008876694016 66.591666666666683 28.550000000000004 200.50000000000003 0.93301270189221952 64.500000000000014 22.759649307222549 857.50000000000011 24.448048018865183 662.50000000000011 917.50000000000011 1427.5000000000002 672.50000000000011 872.50000000000011
decision_type=2 2 2 2 2 2 2 2 2 2 2 2 2 2 2 2 2 2 2 2 2 2 2 2 2 2 2 2 2 2
left_child=1 -1 3 4 5 -3 -6 14 -9 10 11 12 17 -4 -5 16 -13 -2 22 -20 23 -22 -15 24 -11 -12 -23 29 -17 -25
right_child=9 2 13 7 6 -7 -8 8 -10 20 25 15 -14 18 -16 28 -18 -19 19 -21 21 26 -24 27 -26 -27 -28 -29 -30 -31
leaf_value=0.013172474150635435 0.0017722501309757885 0.015319450504322898 0.00049661799737572561 -0.011349872870786712 0.0087718553192917045 -0.03197613673687992 0.00044811312670947064 -0.0024517947547783251 0.016067320346006112 -0.028846651801355684 -0.015105108591675687 -0.026349950659573955 0.0058818464049349055 -0.0018932586269477625 -0.0024976143945764969 -0.011756962603506334 -0.008635421269496053 -0.01666752298154273 -0.0089456662237808911 0.00088364879032801962 0.00028850658996612381 -0.023737629297897987 -0.029022947351984685 -0.02601213490581334 -0.015767447221238379 -0.028218067027728437 -0.038015591385144834 -0.03791433534094199 -0.029300250825128871 -0.03791433534094199
leaf_weight=583 302 357 494 1971 13327 393 13531 2363 929 533 447 1662 353 332 1832 319 5848 334 485 301 376 317 1342 827 301 2318 2273 569 1350 30628
leaf_count=583 302 357 494 1971 13327 393 13531 2363 929 533 447 1662 353 332 1832 319 5848 334 485 301 376 317 1342 827 301 2318 2273 569 1350 30628
internal_value=-0.00115303 0.000801757 0.000651096 0.000864194 0.00122699 0.00631158 0.00108478 -0.000547492 0.000699665 -0.00268614 -0.00196065 -0.00169279 0.000275757 -0.00185178 -0.00162697 -0.0019049 -0.00167355 -0.00106436 -0.00226737 -0.00120458 -0.002948 -0.00256421 -0.00276537 -0.00298256 -0.00267305 -0.00294469 -0.00295253 -0.00299054 -0.00294431 -0.00299418
internal_weight=86997 38240 37657 34703 27608 750 26858 7095 3292 48757 12933 10168 989 2954 3803 9179 7510 636 2460 786 35824 2966 1674 32858 834 2765 2590 32024 1669 31455
internal_count=86997 38240 37657 34703 27608 750 26858 7095 3292 48757 12933 10168 989 2954 3803 9179 7510 636 2460 786 35824 2966 1674 32858 834 2765 2590 32024 1669 31455
is_linear=0
shrinkage=0.03


Tree=43
num_leaves=31
num_cat=0
split_feature=27 2 7 3 33 29 3 33 33 29 27 33 2 22 20 33 21 33 24 33 33 7 30 8 3 33 27 23 27 7
split_gain=282.114 59.2351 21.9786 26.4202 54.5308 64.854 43.2976 38.5117 35.3508 24.1167 12.3409 3.95783 6.1007 3.66219 3.76194 3.2298 2.94309 4.44235 2.38554 3.33126 1.91536 0.624116 1.88508 2.7839 0.496155 0.356049 0.261694 0.113553 0.0403843 0.0426482
threshold=617.50000000000011 11.550000000000002 1.3 24.650000000000002 0.39629089145655322 284.50000000000006 26.950000000000003 0.69521084835931835 -0.84313311835787952 308.50000000000006 847.50000000000011 0.76556758748011056 21.850000000000005 1423.6500000000003 66.358333333333334 -0.91249077947840473 1.4390635687137523 -0.039769286347669845 2.9451008876694016 0.21652257995689161 0.71952396275653763 0.50000000000000189 0.93301270189221952 3.649999999999999 28.550000000000004 -0.91939278948206182 662.50000000000011 25.895798693305672 872.50000000000011 1.000000000000002
decision_type=2 2 2 2 2 2 2 2 2 2 2 2 2 2 2 2 2 2 2 2 2 2 2 2 2 2 2 2 2 2
left_child=1 -1 3 4 5 -3 9 -6 -8 -5 11 12 13 14 -2 -4 20 -18 25 -20 -17 22 24 -24 27 -14 -13 -12 29 -23
right_child=10 2 15 6 7 -7 8 -9 -10 -11 21 26 18 -15 -16 16 17 -19 19 -21 -22 28 23 -25 -26 -27 -28 -29 -30 -31
leaf_value=0.01277729992611638 0.0072703967556996662 0.017006319932046408 0.00071040110757375702 -0.0041249680826306347 -0.013657616000335174 0.008811651156216448 0.011528856827740448 0.0064361409844506572 -0.00014051390827897375 0.0060831283290225177 -0.028278303380605409 -0.013979454662506682 -0.0099382556428764222 0.0054828897534476232 -0.018114232027583624 -0.012306514767666669 -0.034743255407237633 0.0051551203194890082 -0.0079909675601311687 -0.022710075611481494 -0.0038091646403907208 -0.028354624441599415 0.00081636890147070758 -0.025693628824594184 -0.0095690890523675281 -0.032016497988590242 -0.027127171169561932 -0.025607262092562463 -0.036776905280713729 -0.039175346736124154
leaf_weight=567 310 4446 571 7155 2198 390 5253 7496 5291 719 3619 585 350 327 343 1740 312 507 6125 1615 960 356 300 330 330 1664 2356 469 29658 364
leaf_count=567 310 4446 571 7155 2198 390 5253 7496 5291 719 3619 585 350 327 343 1740 312 507 6125 1615 960 356 300 330 330 1664 2356 469 29658 364
internal_value=-0.00114925 0.000806121 0.000658656 0.000916142 0.00187255 0.00447426 0.000161572 0.000574316 0.00141849 -0.00152152 -0.0026468 -0.00188103 -0.0016136 0.000642201 -0.000655964 -0.0014153 -0.00175483 -0.000179269 -0.00184029 -0.00160057 -0.00223251 -0.00294233 -0.00263102 -0.0010935 -0.00284997 -0.0027603 -0.00285622 -0.00294057 -0.00299398 -0.00274619
internal_weight=86706 37605 37038 32948 14530 4836 18418 9694 10544 7874 49101 13675 10734 980 653 4090 3519 819 9754 7740 2700 35426 5048 630 4418 2014 2941 4088 30378 720
internal_count=86706 37605 37038 32948 14530 4836 18418 9694 10544 7874 49101 13675 10734 980 653 4090 3519 819 9754 7740 2700 35426 5048 630 4418 2014 2941 4088 30378 720
is_linear=0
shrinkage=0.03


Tree=44
num_leaves=30
num_cat=0
split_feature=27 2 27 29 33 2 32 32 2 7 31 22 32 29 7 32 0 24 33 4 0 3 27 4 27 33 0 7 14
split_gain=261.68 69.9421 26.065 20.2232 19.6014 66.7091 20.7219 34.0679 26.972 7.21624 5.52092 13.563 5.42697 2.42742 1.18879 1.43035 4.52759 1.1174 1.44991 2.06333 0.955052 0.865101 0.390981 0.257146 0.239562 0.512683 0.131082 0.100527 0.00717086
threshold=527.50000000000011 11.550000000000002 807.50000000000011 6.5000000000000009 -0.99628250747696534 29.050000000000004 -0.97876850416056738 -0.98523971305672675 25.350000000000005 0.29999999999999943 0.6830127018922193 1139.6500000000003 0.97508442350096236 356.50000000000006 0.50000000000000189 0.89017062131308955 23.550000000000004 2.9675802419232036 0.39629089145655322 2.2000000000000024 21.750000000000004 28.750000000000004 857.50000000000011 1.8 872.50000000000011 -0.89787881968372518 27.950000000000003 0.69999999999999984 0.14125870942556609
decision_type=2 2 2 2 2 2 2 2 2 2 2 2 2 2 2 2 2 2 2 2 2 2 2 2 2 2 2 2 2
left_child=1 -1 9 -3 5 -5 7 -6 -8 10 11 -2 -13 20 15 21 -17 26 19 -19 -12 22 -4 -20 25 -16 -11 -27 -18
right_child=2 3 14 4 6 -7 8 -9 -10 17 13 12 -14 -15 24 16 28 18 23 -21 -22 -23 -24 -25 -26 27 -28 -29 -30
leaf_value=0.012393980928332882 0.024624365184076229 0.0042756973471556759 -0.016754632834170929 0.014514001284361004 0.0013824460783057812 -0.031362718339605744 0.0082058544026913007 0.0086076494874737803 -0.001653341651090736 -0.038198188168591385 -0.0069696313333356364 -0.005652285102710387 0.004616838896070629 0.0010105828187553325 -0.025342371398230798 0.00079187783442658866 -0.031027548865428505 0.00013118556218232218 -0.02573112887315997 -0.015294638775766315 -0.023895665031193628 -0.0043004384068748031 -0.029153240777489566 -0.029485324176602646 -0.035673598122292323 -0.024937200914616549 -0.0078998089054186406 -0.03628768746165905 -0.01995196303978445
leaf_weight=508 308 515 1243 405 1714 433 13833 341 14364 1690 1127 6831 749 300 301 300 349 565 424 1904 1405 315 3745 1200 29777 351 302 1190 300
leaf_count=508 308 515 1243 405 1714 433 13833 341 14364 1690 1127 6831 749 300 301 300 349 565 424 1904 1405 315 3745 1200 29777 351 302 1190 300
internal_value=-0.00120529 0.000944167 -0.00246773 0.000766468 0.000668682 0.00519189 0.000543218 0.00345087 0.000331193 -0.00148429 -0.00101576 -0.000607682 -0.000858726 -0.00215178 -0.00290407 -0.00252455 -0.00144947 -0.0023094 -0.00202467 -0.00156559 -0.00245401 -0.00271663 -0.00281299 -0.00272123 -0.00297903 -0.00264026 -0.00289313 -0.00286187 -0.00285692
internal_weight=86789 32113 54676 31605 31090 838 30252 2055 28197 16805 10720 7888 7580 2832 37871 6252 949 6085 4093 2469 2532 5303 4988 1624 31619 1842 1992 1541 649
internal_count=86789 32113 54676 31605 31090 838 30252 2055 28197 16805 10720 7888 7580 2832 37871 6252 949 6085 4093 2469 2532 5303 4988 1624 31619 1842 1992 1541 649
is_linear=0
shrinkage=0.03


Tree=45
num_leaves=29
num_cat=0
split_feature=27 2 32 32 4 32 32 23 2 29 29 32 27 4 33 2 23 33 4 32 7 32 0 3 27 23 27 7
split_gain=267.179 63.3025 21.2313 69.4094 36.1797 33.6297 25.2867 25.8494 22.5117 32.7701 17.549 18.5476 11.8867 8.77955 4.03591 5.04529 3.7907 2.65215 5.9716 2.55017 0.825995 1.96094 4.15477 0.631131 0.17615 0.125263 0.0243065 0.0403805
threshold=622.50000000000011 11.550000000000002 -0.55657520495441892 -0.51297808981038739 1.3000000000000005 -0.97876850416056738 -0.98523971305672675 24.876559185190196 24.650000000000002 317.50000000000006 362.50000000000006 0.96904697354198299 847.50000000000011 0.20000000000000198 0.76556758748011056 21.850000000000005 14.7761665936391 -0.84313311835787952 1.9500000000000013 0.97508442350096236 0.50000000000000189 0.89017062131308955 24.750000000000004 28.550000000000004 662.50000000000011 25.895798693305672 872.50000000000011 0.90000000000000402
decision_type=2 2 2 2 2 2 2 2 2 2 2 2 2 2 2 2 2 2 2 2 2 2 2 2 2 2 2 2
left_child=1 -1 5 4 -4 6 7 -3 9 -7 11 -5 14 -10 15 16 -2 18 -17 -19 21 23 -23 25 -16 -14 27 -22
right_child=12 2 3 10 -6 8 -8 -9 13 -11 -12 -13 20 -15 24 17 -18 19 -20 -21 26 22 -24 -25 -26 -27 -28 -29
leaf_value=0.012022161500482902 -0.0056388250914950356 -0.0040225921300212067 0.032282005071912062 0.0020785783848072193 0.02320977677410142 0.0083011259894492182 0.0076196376404434928 0.0071799845234234811 0.0089502461727763629 -0.0017412030111692532 0.010531298524408105 0.016249954702004282 -0.026680312190433063 -0.0059790657021617918 -0.012799123081931535 0.010379004117541477 0.0059599329469451172 -0.016661218799545945 -0.0096529358965779678 -0.003307785418038956 -0.026755869680912942 0.00076812149939378791 -0.029551312137428801 -0.0071220458915660645 -0.026196576333318889 -0.022099986280925632 -0.034603390178623551 -0.036911455710190652
leaf_weight=584 593 1125 318 22098 301 353 404 911 995 1321 312 2951 3537 6454 522 303 308 6011 2516 887 302 303 448 337 2409 420 29807 430
leaf_count=584 593 1125 318 22098 301 353 404 911 995 1321 312 2951 3537 6454 522 303 308 6011 2516 887 302 303 448 337 2409 420 29807 430
internal_value=-0.00118472 0.000699721 0.000547117 0.00102305 0.0109403 -0.000522225 0.00260549 0.001243 -0.00135894 0.00178388 0.000780577 0.000692335 -0.00264703 -0.00206537 -0.00189055 -0.00161823 0.000528824 -0.00181735 -0.00104149 -0.00213422 -0.002935 -0.00257729 -0.0011609 -0.00282468 -0.00287619 -0.00293103 -0.00299401 -0.00279127
internal_weight=87260 38127 37543 25980 619 11563 2440 2036 9123 1674 25361 25049 49133 7449 13549 10618 901 9717 2819 6898 35584 5045 751 4294 2931 3957 30539 732
internal_count=87260 38127 37543 25980 619 11563 2440 2036 9123 1674 25361 25049 49133 7449 13549 10618 901 9717 2819 6898 35584 5045 751 4294 2931 3957 30539 732
is_linear=0
shrinkage=0.03


Tree=46
num_leaves=31
num_cat=0
split_feature=4 23 34 33 24 32 24 32 32 32 32 32 3 33 33 37 33 33 33 3 0 28 20 7 4 24 4 33 4 5
split_gain=253.93 91.8589 44.4562 31.3696 55.7353 23.0436 58.1059 37.5009 32.8687 48.5661 9.7027 32.7196 9.10719 8.58068 10.5953 7.38012 7.90917 6.31632 6.18569 8.66672 5.64488 5.10975 4.06361 3.96745 3.52398 3.32987 1.67511 2.69789 0.407012 0.376728
threshold=1.1000000000000008 4.2280771447111549 1.0000000180025095e-35 -0.99628250747696534 2.7660998405108068 0.96904697354198299 2.5266405137547348 0.99274428880883148 0.82899317702918729 0.64579916509010216 0.64579916509010216 0.7210268013660811 26.650000000000002 -0.95242240592625282 -0.84313311835787952 1.0000000180025095e-35 -0.91249077947840473 0.99748108949426018 0.45847758937963173 24.750000000000004 17.350000000000005 10.500000000000002 83.301785714285728 0.49999999999999739 1.4500000000000004 10.379491110089536 3.9999999999999996 -0.54219087765047058 1.6000000000000008 71.500000000000014
decision_type=2 2 2 2 2 2 2 2 2 2 2 2 2 2 2 2 2 2 2 2 2 2 2 2 2 2 2 2 2 2
left_child=1 -1 15 4 -3 8 7 -7 9 -5 12 -12 17 28 -15 23 -17 25 19 -13 -10 -18 -8 26 -23 -4 27 -2 -14 -25
right_child=2 3 10 5 -6 6 22 -9 20 -11 11 18 13 14 -16 16 21 -19 -20 -21 -22 24 -24 29 -26 -27 -28 -29 -30 -31
leaf_value=0.011661496655468406 -0.0041595384106396273 0.01401622389428594 -0.010885888355824722 0.0024804893774452272 -0.030484194140961787 0.025738011915456063 -0.007214382761138562 0.013821960957155799 0.005480122628569388 0.034195500759324739 0.024057717453567447 0.0045499847588491571 -0.0045052863123086779 0.011519441780240156 -0.00075936556713100429 0.0044779586566163765 -0.0067145606648453615 0.009964854535754606 -0.020901819031357068 -0.012637029266318062 -0.030472396879456898 0.0037739483780348947 0.017014925651671006 -0.028669208705921496 -0.011660529391908068 0.0032450529962891926 -0.022456494279150897 -0.020056068999641005 -0.02432691254155878 -0.033565288473264843
leaf_weight=403 1446 300 6123 17302 348 725 704 486 596 2223 452 1719 382 1167 2096 540 2010 300 718 808 2422 343 333 3601 305 309 3871 3494 869 30614
leaf_count=403 1446 300 6123 17302 348 725 704 486 596 2223 452 1719 382 1167 2096 540 2010 300 718 808 2422 343 333 3601 305 309 3871 3494 869 30614
internal_value=-0.0011888 0.00130457 -0.0022422 0.00107913 0.00759014 0.000908639 0.00380436 0.00826485 0.000619721 0.00107011 -0.000819661 0.00051352 -0.00125794 -0.000215283 0.000594668 -0.00270205 -0.00131104 -0.00195693 -0.000540666 0.000157832 -0.00229348 -0.00198345 -0.00140752 -0.0028054 0.000332819 -0.00215545 -0.00223706 -0.00187007 -0.00232668 -0.00295169
internal_weight=87009 25842 61167 25439 648 24791 2248 1211 22543 19525 14943 3697 11246 4514 3263 46224 3198 6732 3245 2527 3018 2658 1037 43026 648 6432 8811 4940 1251 34215
internal_count=87009 25842 61167 25439 648 24791 2248 1211 22543 19525 14943 3697 11246 4514 3263 46224 3198 6732 3245 2527 3018 2658 1037 43026 648 6432 8811 4940 1251 34215
is_linear=0
shrinkage=0.03


Tree=47
num_leaves=29
num_cat=0
split_feature=27 2 4 33 2 29 32 27 12 32 23 4 29 33 2 32 29 33 4 32 0 39 7 30 3 27 27 23
split_gain=259.454 37.4454 26.0581 27.4385 73.3693 27.3932 22.956 13.6258 8.29981 12.6168 9.56834 6.12205 7.42908 4.59837 5.28192 4.68345 3.49454 3.06135 5.44309 3.18891 2.85708 1.29488 0.507755 1.9279 0.481273 0.217826 0.0753022 0.0186973
threshold=622.50000000000011 11.550000000000002 1.1000000000000008 -0.99628250747696534 29.350000000000005 6.5000000000000009 0.96904697354198299 862.50000000000011 0.59999999999999887 0.64579916509010216 20.540454211464553 1.8499999999999999 326.50000000000006 0.76556758748011056 21.850000000000005 0.81925054981890411 192.50000000000003 -0.84313311835787952 1.8999999999999997 0.97508442350096236 18.650000000000002 1.5000000000000002 0.50000000000000189 0.93301270189221952 28.450000000000003 662.50000000000011 877.50000000000011 26.019549381764445
decision_type=2 2 2 2 2 2 2 2 2 2 2 2 2 2 2 2 2 2 2 2 2 2 2 2 2 2 2 2
left_child=1 -1 3 4 -3 -5 -7 13 11 16 -11 12 -4 14 15 -2 -10 18 -16 -19 -17 -13 23 24 27 -15 -24 -9
right_child=7 2 8 5 -6 6 -8 22 9 10 -12 21 -14 25 17 20 -18 19 -20 -21 -22 -23 26 -25 -26 -27 -28 -29
leaf_value=0.011311651755804366 0.010173098724552 0.013595737177457358 -0.001276302934763988 0.0040106543938734076 -0.029569668316732942 0.0033609148866790696 0.018106721057790133 -0.027167638080682548 -0.0067442926376673909 0.026709190039399745 0.0096002395909462242 -0.016029070258410008 0.0059676506058696892 -0.012366369234393213 0.010449698096203951 -0.020352598999781906 0.0011692555596793032 -0.016251042038691089 -0.0086735489176243668 -0.0026249749688961868 0.0029141388006148935 -0.00045964119655357062 -0.028093117150493976 -0.017610516746899493 -0.011211344635206918 -0.024949637336738884 -0.032558329819066895 -0.024016786131109507
leaf_weight=590 310 328 5460 440 321 21617 2186 3377 772 307 536 2505 809 517 302 311 1630 6387 2685 953 378 412 427 551 309 2586 29615 306
leaf_count=590 310 328 5460 440 321 21617 2186 3377 772 307 536 2505 809 517 302 311 1630 6387 2685 953 378 412 427 551 309 2586 29615 306
internal_value=-0.00118329 0.000680249 0.000561595 0.00112176 0.00720461 0.000958628 0.000821332 -0.00262475 -0.000560088 0.000743992 0.00389929 -0.00102079 -0.000492345 -0.0018501 -0.00156952 0.000512999 -0.000364545 -0.00177101 -0.000960844 -0.00210053 -0.000865218 -0.00215593 -0.00294787 -0.00264943 -0.00287904 -0.00287339 -0.00299291 -0.00297476
internal_weight=86927 37913 37323 24892 649 24243 23803 49014 12431 3245 843 9186 6269 14429 11326 999 2402 10327 2987 7340 689 2917 34585 4543 3992 3103 30042 3683
internal_count=86927 37913 37323 24892 649 24243 23803 49014 12431 3245 843 9186 6269 14429 11326 999 2402 10327 2987 7340 689 2917 34585 4543 3992 3103 30042 3683
is_linear=0
shrinkage=0.03


Tree=48
num_leaves=29
num_cat=0
split_feature=27 2 4 29 33 2 32 27 23 33 14 33 31 33 2 22 33 24 5 7 30 19 23 32 27 27 7 27
split_gain=248.561 33.0035 21.8173 29.6903 30.7063 73.3468 26.5462 11.16 9.59428 16.6132 17.607 8.48418 7.75249 4.10641 4.36239 3.50919 2.60398 3.20685 2.06516 0.811022 2.57398 3.3069 0.510235 0.69909 0.102675 0.0842186 0.0745612 0.0581899
threshold=632.50000000000011 11.550000000000002 1.1000000000000008 6.5000000000000009 -0.99628250747696534 29.350000000000005 0.96904697354198299 847.50000000000011 10.589601154031024 0.92191100909954782 0.10747894741705263 0.99249573635719013 0.25000000000000017 0.76556758748011056 22.250000000000004 1440.2500000000002 0.21652257995689161 2.9675802419232036 7.5000000000000009 0.50000000000000189 0.93301270189221952 81.215384615384622 25.462282014447705 -0.35041564478062465 872.50000000000011 677.50000000000011 1.1499999999999988 677.50000000000011
decision_type=2 2 2 2 2 2 2 2 2 2 2 2 2 2 2 2 2 2 2 2 2 2 2 2 2 2 2 2
left_child=1 -1 3 -3 5 -5 -6 13 9 10 -4 12 -10 14 15 18 17 -16 -2 20 22 -22 -9 -24 26 -18 -21 -15
right_child=7 2 8 4 6 -7 -8 19 11 -11 -12 -13 -14 27 16 -17 25 -19 -20 24 21 -23 23 -25 -26 -27 -28 -29
leaf_value=0.010972302203130243 0.0043867225194775166 0.003890334762057206 0.0041158932562692565 0.013187865062133639 0.002697571008005095 -0.028682578267230949 0.017480942171831718 -0.024752711410482468 -0.00065531059633746637 -0.013154311658459365 0.041938043869561847 0.0099447403242956239 -0.0066788307121881238 -0.013619187834365377 -0.025954108187208495 0.0053869885391033901 -0.0094057916573114381 -0.007523573201859781 -0.013909625561365185 -0.024525511462225043 -0.028927945034294165 0.0018750754268081859 -0.0048426785665982852 -0.023841638030649537 -0.031581579924494889 -0.025049286871179043 -0.034062883880685978 -0.024443909657772857
leaf_weight=599 308 429 377 334 21610 321 2192 3548 7390 399 335 313 4127 583 1694 355 319 5771 328 412 316 300 300 576 29771 1366 301 2196
leaf_count=599 308 429 377 334 21610 321 2192 3548 7390 399 335 313 4127 583 1694 355 319 5771 328 412 316 300 300 576 29771 1366 301 2196
internal_value=-0.00122768 0.000574127 0.000463386 0.000982922 0.00084549 0.00724847 0.000668991 -0.00265687 -0.000535698 0.0021286 0.00487237 -0.000786071 -0.00091865 -0.00190156 -0.00162128 0.000269153 -0.00182603 -0.00158519 -0.00106436 -0.00293151 -0.00257687 -0.00075851 -0.00282983 -0.0021756 -0.00299006 -0.00289146 -0.00261765 -0.00292338
internal_weight=86870 38426 37827 24886 24457 655 23802 48444 12941 1111 712 11830 11517 12920 10141 991 9150 7465 636 35524 5040 616 4424 876 30484 1685 713 2779
internal_count=86870 38426 37827 24886 24457 655 23802 48444 12941 1111 712 11830 11517 12920 10141 991 9150 7465 636 35524 5040 616 4424 876 30484 1685 713 2779
is_linear=0
shrinkage=0.03


Tree=49
num_leaves=31
num_cat=0
split_feature=25 2 4 29 32 29 24 25 32 22 32 31 7 4 22 3 20 4 7 30 8 25 3 24 32 25 33 23 23 7
split_gain=232.529 32.7082 26.6914 20.8792 20.0878 72.4131 50.1338 17.2183 17.1915 37.296 20.5158 5.0654 4.64596 4.41991 4.48784 3.91464 1.68244 2.06365 0.904828 2.22997 3.17288 0.823015 0.73002 0.654791 0.244004 0.180895 0.516026 0.141643 0.136824 0.0148526
threshold=9.5000000000000018 13.15 1.099999999999999 6.5000000000000009 0.96904697354198299 102.50000000000001 1.7347631046568621 13.500000000000002 -0.97876850416056738 2400.5000000000005 -0.55657520495441892 0.25000000000000017 0.25000000000000006 4.2000000000000011 2005.5000000000002 11.350000000000003 86.617857142857147 1.8499999999999999 0.50000000000000189 0.93301270189221952 3.7000000000000006 10.500000000000002 28.550000000000004 5.6894655669339196 -0.71504373327588355 14.500000000000002 -0.84313311835787952 25.895798693305672 23.94539532917204 0.69999999999999984
decision_type=2 2 2 2 2 2 2 2 2 2 2 2 2 2 2 2 2 2 2 2 2 2 2 2 2 2 2 2 2 2
left_child=1 2 -1 -3 8 6 -6 11 9 -5 -10 12 13 14 -2 -13 17 -14 19 22 -21 23 27 -17 -23 26 -20 -9 -15 -28
right_child=7 3 -4 4 5 -7 -8 18 10 -11 -12 15 16 28 -16 21 -18 -19 25 20 -22 24 -24 -25 -26 -27 29 -29 -30 -31
leaf_value=0.015146983009893854 0.003775174463196653 0.003773624719195485 0.0022970201945451923 0.00079585206910593462 0.019787804514884762 0.026304403400865598 -0.0072173831199548585 -0.023341834407526008 -0.0032070577670382859 0.017268481122985121 0.0030029359209379791 0.0049512699433841897 0.004286389401645988 -0.0091403709588020257 -0.0035130733723940243 -0.0058253154606307169 -0.023820495785567056 -0.012960762408200261 -0.021744851778493005 0.0018188231640039398 -0.024807156504713157 -0.020269864053347433 -0.0064955746207808951 -0.015612770484294944 -0.023031725851787564 -0.030634132526760043 -0.022341082422181684 -0.020989369515200598 -0.014410481115156521 -0.031065895132377602
leaf_weight=557 709 573 416 1886 504 302 2012 3772 8658 403 21057 348 341 304 2909 763 1082 2803 358 306 310 1288 351 625 2826 29175 304 503 529 1137
leaf_count=557 709 573 416 1886 504 302 2012 3772 8658 403 21057 348 341 304 2909 763 1082 2803 358 306 310 1288 351 625 2826 29175 304 503 529 1137
internal_value=-0.00125738 0.000573455 0.00599692 0.0004242 0.000330643 0.00275842 0.00108939 -0.00256955 0.000116794 0.0026214 -7.62223e-05 -0.00169679 -0.00123658 -0.000559974 -0.000106107 -0.00237908 -0.0019489 -0.00159682 -0.00291957 -0.00255312 -0.000855754 -0.00257423 -0.00277891 -0.00193953 -0.00278785 -0.0029815 -0.00268167 -0.00288704 -0.00252878 -0.00293551
internal_weight=87111 36368 973 35395 34822 2818 2516 50743 32004 2289 29715 14527 8677 4451 3618 5850 4226 3144 36216 5242 616 5502 4626 1388 4114 30974 1799 4275 833 1441
internal_count=87111 36368 973 35395 34822 2818 2516 50743 32004 2289 29715 14527 8677 4451 3618 5850 4226 3144 36216 5242 616 5502 4626 1388 4114 30974 1799 4275 833 1441
is_linear=0
shrinkage=0.03


Tree=50
num_leaves=31
num_cat=0
split_feature=25 2 20 29 25 39 2 33 32 7 32 3 3 0 3 3 3 4 32 33 3 7 30 2 2 3 20 25 33 25
split_gain=223.67 40.8385 26.7639 26.6055 24.2277 16.2629 15.0238 43.1996 28.0202 5.56471 5.30975 8.60926 6.22383 4.67009 4.53714 4.03358 1.77063 2.52855 1.55971 1.4314 1.0373 0.806635 2.30005 2.7352 0.638823 0.431785 0.404516 0.163591 0.377575 0.106103
threshold=8.5000000000000018 13.15 64.041666666666671 6.5000000000000009 13.500000000000002 1.0000000180025095e-35 19.750000000000004 0.96633974041180493 0.65883702558178847 0.25000000000000006 0.64579916509010216 17.450000000000003 26.650000000000002 30.150000000000002 27.050000000000004 25.150000000000002 26.450000000000003 2.0000000000000013 0.97508442350096236 0.99445195900249039 26.950000000000003 0.50000000000000189 0.93301270189221952 21.650000000000002 28.550000000000004 28.550000000000004 75.471428571428589 14.500000000000002 -0.84313311835787952 14.500000000000002
decision_type=2 2 2 2 2 2 2 2 2 2 2 2 2 2 2 2 2 2 2 2 2 2 2 2 2 2 2 2 2 2
left_child=1 2 -1 -3 9 6 8 -8 -5 10 12 -12 19 -14 24 -13 18 -18 26 -2 -19 22 25 -24 -7 29 -11 28 -23 -6
right_child=4 3 -4 5 21 14 7 -9 -10 16 11 15 13 -15 -16 -17 17 20 -20 -21 -22 27 23 -25 -26 -27 -28 -29 -30 -31
leaf_value=0.010801713477653081 -0.013840232361898443 0.0036604159776196265 0.018388367217467127 -0.0058989673625162008 -0.017401916244746449 -0.019891852423079281 0.0043081204640633697 0.0084430848023887874 0.03589779022105339 -0.021912143588484888 0.012079633528043601 -0.00033445479819880884 0.0057459835754341262 -0.005272140793617262 0.0087335540209203828 -0.029879109468569639 0.0045895496859534625 -0.0028523412413835056 -0.0033861638150883924 -0.002464504812833689 -0.013933113264375213 -0.021559643407703 0.0015807176529058075 -0.024937203362310291 -0.00047077246964125405 -0.0078087074340201278 -0.031829121613065087 -0.029715108550957239 -0.030133918278406273 -0.026257667232021359
leaf_weight=375 4407 514 484 2758 1470 1697 23873 358 1864 2251 445 1832 879 2136 535 569 304 333 460 392 1532 354 300 315 300 344 2430 28935 1423 2841
leaf_count=375 4407 514 484 2758 1470 1697 23873 358 1864 2251 445 1832 879 2136 535 569 304 333 460 392 1532 354 300 315 300 344 2430 28935 1423 2841
internal_value=-0.00128669 0.000668701 0.00711977 0.000494764 -0.00247393 0.000383769 0.000586088 0.000885069 -0.000981182 -0.0015742 -0.00113685 -2.7398e-05 -0.00154088 -0.000472481 -0.00192104 -0.000738136 -0.00221174 -0.00149171 -0.00251517 -0.00221188 -0.00190515 -0.00292321 -0.00257826 -0.000852273 -0.00257808 -0.00280606 -0.00267898 -0.00298232 -0.0026946 -0.00288799
internal_weight=86710 32758 859 31899 53952 31385 28853 24231 4622 17970 10660 2846 7814 3015 2532 2401 7310 2169 5141 4799 1865 35982 5270 615 1997 4655 4681 30712 1777 4311
internal_count=86710 32758 859 31899 53952 31385 28853 24231 4622 17970 10660 2846 7814 3015 2532 2401 7310 2169 5141 4799 1865 35982 5270 615 1997 4655 4681 30712 1777 4311
is_linear=0
shrinkage=0.03


Tree=51
num_leaves=31
num_cat=0
split_feature=37 34 2 32 32 2 3 29 32 7 3 32 32 32 32 0 7 7 30 19 33 33 3 29 32 5 33 32 0 2
split_gain=130.305 99.3815 29.6766 18.8194 45.5377 19.438 24.4817 15.0142 13.096 12.4793 12.5981 10.8231 16.5256 12.4642 9.0855 7.29563 5.89466 5.24427 2.67372 6.25814 3.3074 3.30137 0.597153 0.526677 0.304258 0.287857 0.352681 0.340994 0.115835 0.67736
threshold=1.0000000180025095e-35 1.0000000180025095e-35 11.550000000000002 -0.55657520495441892 -0.51297808981038739 24.550000000000004 21.950000000000003 6.5000000000000009 -0.30983472475487867 1.7000000000000004 11.350000000000003 0.97508442350096236 0.99274428880883148 -0.97876850416056738 -0.99763297024448894 20.750000000000004 0.50000000000000189 0.20000000000000198 0.93301270189221952 83.01666666666668 -0.54219087765047058 -0.62587551141915865 11.350000000000003 78.500000000000014 -0.65234524191686594 62.500000000000007 -0.94703994556331683 0.96687895796550427 30.950000000000003 32.650000000000013
decision_type=2 2 2 2 2 2 2 2 2 2 2 2 2 2 2 2 2 2 2 2 2 2 2 2 2 2 2 2 2 2
left_child=1 16 -2 5 -5 6 15 -6 -9 10 -3 13 -13 -12 -7 -4 18 -16 20 23 21 -1 -22 -20 -11 26 -18 -28 -27 -30
right_child=2 9 3 4 7 14 -8 8 -10 24 11 12 -14 -15 17 -17 25 -19 19 -21 22 -23 -24 -25 -26 28 27 -29 29 -31
leaf_value=-0.010984488751270777 0.0098646722424099564 0.011368524976290413 0.0057599160740968445 0.030838043970040783 0.0035506034982910428 0.016621183075373649 0.0077628910706910841 0.012709196609040933 0.0041788768501414622 -0.0095494336281075481 0.0021245439590632008 0.01712636904057822 -0.004499843733370321 -0.002573051603511347 -0.0008897996809887498 -0.0062400867869261039 -0.018723804474619774 -0.0052393655336638468 -0.024283298636845682 0.0017168369394966441 -0.0085094893821294482 0.0045610570569798847 -0.022625224880481389 -0.0060956718685579239 -0.027962737338074181 -0.028823655294428523 -0.028128122275920223 -0.019746990424418142 -0.017600607056399934 -0.028823655294428523
leaf_weight=2960 354 441 375 360 343 476 304 1550 12727 331 1280 681 730 16872 1739 357 325 3409 365 302 370 302 5535 347 1373 28968 1816 315 311 1495
leaf_count=2960 354 441 375 360 343 476 304 1550 12727 331 1280 681 730 16872 1739 357 325 3409 365 302 370 302 5535 347 1373 28968 1816 315 311 1495
internal_value=-0.00125363 -0.00192793 0.000742804 0.000601635 0.00119151 -0.000725117 0.00304918 0.000931536 0.000782252 -0.00027058 -6.05856e-05 -0.000173738 0.00235623 -0.000370518 -0.0014208 7.36691e-05 -0.00275668 -0.00178753 -0.00212463 -0.00066207 -0.00228632 -0.00151885 -0.00270996 -0.00219635 -0.00273431 -0.00295026 -0.00263248 -0.00277345 -0.00297553 -0.00273271
internal_weight=87113 65119 21994 21640 14980 6660 1036 14620 14277 21708 20004 19563 1411 18152 5624 732 43411 5148 10181 1014 9167 3262 5905 712 1704 33230 2456 2131 30774 1806
internal_count=87113 65119 21994 21640 14980 6660 1036 14620 14277 21708 20004 19563 1411 18152 5624 732 43411 5148 10181 1014 9167 3262 5905 712 1704 33230 2456 2131 30774 1806
is_linear=0
shrinkage=0.03


Tree=52
num_leaves=28
num_cat=0
split_feature=27 2 32 24 29 32 7 32 33 32 27 33 2 22 33 33 32 33 20 18 7 30 4 3 23 27 27
split_gain=212.244 39.1158 40.3726 41.7127 22.8859 55.6359 17.0398 17.3105 61.3142 18.332 13.4644 4.49683 4.32235 4.06713 3.36633 4.54038 2.69479 2.4589 2.43012 1.16365 0.917675 2.85439 4.71892 0.584359 0.144947 0.144933 0.0394317
threshold=632.50000000000011 13.15 -0.12546116083924153 4.3058027461500012 6.5000000000000009 0.056951373111866731 1.4000000000000041 0.97508442350096236 -0.16799793862756093 0.82899317702918729 852.50000000000011 0.76556758748011056 21.850000000000005 1423.6500000000003 -0.84313311835787952 -0.95242240592625282 0.97508442350096236 -0.94703994556331683 66.825000000000003 2.5000000000000004 0.64999999999999869 0.93301270189221952 3.8500000000000019 28.650000000000002 25.431663535454906 677.50000000000011 872.50000000000011
decision_type=2 2 2 2 2 2 2 2 2 2 2 2 2 2 2 2 2 2 2 2 2 2 2 2 2 2 2
left_child=1 2 -1 -4 5 -3 7 9 -9 -6 11 12 13 18 15 -14 -16 -8 -2 -19 21 23 -23 24 -12 -13 -22
right_child=10 4 3 -5 6 -7 17 8 -10 -11 20 25 14 -15 16 -17 -18 19 -20 -21 26 22 -24 -25 -26 -27 -28
leaf_value=-0.08208967850094763 0.0033738466072399608 -0.036174633376822307 0.017711349895438877 0.01332343472449553 0.0024745037343202633 0.0040979737792161894 0.00014542890726081836 0.02473870721816273 0.011491428176679771 -0.0027006186429039403 -0.024144624857496598 -0.012019601761138166 -0.015890697972649338 0.0062446296267927555 -0.014266677986340882 0.0018332301629760265 -0.002439373524239165 -0.011173715039864692 -0.013832898164478628 -0.0092629506192643245 -0.02864600654675253 0.0016653318313117448 -0.025212986890206634 -0.0067910065349498843 -0.02083408764130195 -0.022942969205411994 -0.027958945635595665
leaf_weight=304 303 312 324 390 27471 306 313 301 2124 3967 3892 577 1256 306 5875 1464 902 2160 315 515 516 316 391 316 873 2274 29104
leaf_count=304 303 312 324 390 27471 306 313 301 2124 3967 3892 577 1256 306 5875 1464 902 2160 315 515 516 316 391 316 873 2274 29104
internal_value=-0.00130531 0.000359566 0.00615898 0.0100531 0.000201841 0.00592245 0.000105747 0.000297395 0.00273908 0.000108972 -0.00262156 -0.00180637 -0.00151727 0.00044108 -0.00170783 -0.000815877 -0.00206565 -0.00206557 -0.000959613 -0.00235987 -0.00292705 -0.00257972 -0.000792374 -0.00282822 -0.00291125 -0.0028622 -0.00299484
internal_weight=87167 38487 1018 714 37469 618 36851 33863 2425 31438 48680 13272 10421 924 9497 2720 6777 2988 618 2675 35408 5788 707 5081 4765 2851 29620
internal_count=87167 38487 1018 714 37469 618 36851 33863 2425 31438 48680 13272 10421 924 9497 2720 6777 2988 618 2675 35408 5788 707 5081 4765 2851 29620
is_linear=0
shrinkage=0.03


Tree=53
num_leaves=24
num_cat=0
split_feature=27 2 4 29 24 29 33 3 27 33 2 33 22 33 4 24 7 30 23 29 27 0 27
split_gain=217.658 35.7139 33.1901 23.9451 58.83 16.5392 16.5921 17.8183 12.9475 4.23023 4.92676 5.2218 4.26198 2.95181 3.55576 1.67716 1.10109 3.10962 0.85686 1.15284 0.173297 0.165897 0.128962
threshold=632.50000000000011 13.15 1.099999999999999 6.5000000000000009 4.074142020069293 362.50000000000006 0.96849880583763492 24.650000000000002 852.50000000000011 0.76556758748011056 22.750000000000004 0.67007489853957602 1404.1000000000001 -0.82413948779581736 2.100000000000001 3.9094417284781469 0.50000000000000189 0.93301270189221952 25.462282014447705 200.50000000000003 677.50000000000011 19.050000000000004 872.50000000000011
decision_type=2 2 2 2 2 2 2 2 2 2 2 2 2 2 2 2 2 2 2 2 2 2 2
left_child=1 2 -1 4 -3 6 7 -5 9 10 11 12 -2 14 -12 -15 17 18 -10 -20 -11 -8 -18
right_child=8 3 -4 5 -6 -7 21 -9 16 20 13 -13 -14 15 -16 -17 22 -19 19 -21 -22 -23 -24
leaf_value=0.012169026172379862 -0.014015268020891107 0.0041990272810833382 -0.00037843829043699735 0.0052016911634329335 -0.016221227080054523 0.0095448216832944854 -0.0054685170894870419 -0.00061091443834832221 -0.022211202673810399 -0.011831924419913022 0.0056110588198292222 0.010032669425604017 0.0033854315223707924 -0.024676438869054119 -0.0070498679658175783 -0.0099039961261384278 -0.024324349803222831 -0.0019732780195038202 -0.022296273078294578 -0.003244568208166868 -0.021992333031495635 -0.0047765338942567844 -0.027120177266527795
leaf_weight=558 441 300 442 14570 334 310 1339 20341 3396 581 427 317 302 2060 2441 4426 581 569 521 305 2249 303 29744
leaf_count=558 441 300 442 14570 334 310 1339 20341 3396 581 427 317 302 2060 2441 4426 581 569 521 305 2249 303 29744
internal_value=-0.00128164 0.000401553 0.00599401 0.000252253 0.00602835 0.00015275 9.4134e-05 0.000232785 -0.00262153 -0.00182197 -0.0015422 0.000395852 -0.000979839 -0.00176184 -0.000959917 -0.00211623 -0.00292303 -0.00249854 -0.00277907 -0.0019081 -0.00285058 -0.0028521 -0.00299001
internal_weight=86857 38497 1000 37497 634 36863 36553 34911 48360 13244 10414 1060 743 9354 2868 6486 35116 4791 4222 826 2830 1642 30325
internal_count=86857 38497 1000 37497 634 36863 36553 34911 48360 13244 10414 1060 743 9354 2868 6486 35116 4791 4222 826 2830 1642 30325
is_linear=0
shrinkage=0.03


Tree=54
num_leaves=29
num_cat=0
split_feature=27 2 4 29 19 39 27 29 29 3 29 31 39 8 7 3 7 30 4 27 20 3 2 2 11 2 27 19
split_gain=212.524 35.657 26.87 22.4579 46.0889 14.7496 14.4246 13.8482 16.8153 4.55467 8.87753 3.8646 3.57707 3.7497 2.76505 2.49709 1.00989 3.20268 5.28205 0.984391 0.741462 0.693213 0.488377 0.195822 0.190056 0.173752 0.0224535 0.000575954
threshold=627.50000000000011 13.15 1.099999999999999 6.5000000000000009 77.01666666666668 1.0000000180025095e-35 852.50000000000011 362.50000000000006 216.50000000000003 26.650000000000002 196.50000000000003 0.25000000000000017 1.0000000180025095e-35 4.4000000000000004 1.000000000000002 11.350000000000003 0.64999999999999869 0.93301270189221952 3.8999999999999999 677.50000000000011 71.138095238095261 28.650000000000002 28.250000000000004 22.550000000000004 0.49999999999999917 29.550000000000004 872.50000000000011 87.935416666666683
decision_type=2 2 2 2 2 2 2 2 2 2 2 2 2 2 2 2 2 2 2 2 2 2 2 2 2 2 2 2
left_child=1 2 -1 4 -3 7 11 8 -5 22 -11 12 13 14 -2 -13 17 21 -19 20 -17 24 -7 -21 -8 -15 -18 -14
right_child=6 3 -4 5 -6 9 16 -9 -10 10 -12 15 27 25 -16 19 26 18 -20 23 -22 -23 -24 -25 -26 -27 -28 -29
leaf_value=0.016814938613404305 -0.0026721811363287352 -0.0157345902676529 0.0015706775507077731 0.0050456404285299516 0.0037155945168095262 -0.026264070576081031 -0.022919659333376148 0.0091755926110588699 -0.00089867388558578115 -0.015566619367816991 0.010026375206334509 0.0014320499630333498 -0.018100666021664873 -0.011952531824895559 -0.023091223262669366 -0.013829120828564228 -0.025830060542557671 0.0016745702169575071 -0.02624372135644806 -0.01441230500398042 -0.0043722350177948103 -0.0074385061229702695 -0.0032726145684862226 -0.02469425008754985 -0.016076188485694403 -0.01470731139183872 -0.026306571948531962 -0.024862408558186406
leaf_weight=556 5079 307 423 20049 308 1768 4282 307 13335 488 426 321 302 306 737 516 508 305 379 1459 595 307 311 2567 427 879 28862 802
leaf_count=556 5079 307 423 20049 308 1768 4282 307 13335 488 426 321 302 306 737 516 508 305 379 1459 595 307 311 2567 427 879 28862 802
internal_value=-0.0012872 0.000384962 0.00603367 0.000236541 0.00591721 0.000141147 -0.0026033 0.000320461 0.000262033 -0.00187675 -0.000111476 -0.00177227 -0.0013564 -0.00110583 -0.000792162 -0.00238945 -0.00292464 -0.00255745 -0.000630658 -0.00254983 -0.0017563 -0.00282001 -0.0026524 -0.00276831 -0.00291019 -0.00264334 -0.00299581 -0.00294299
internal_weight=86911 38278 979 37299 615 36684 48633 33691 33384 2993 914 13563 8105 7001 5816 5458 35070 5700 684 5137 1111 5016 2079 4026 4709 1185 29370 1104
internal_count=86911 38278 979 37299 615 36684 48633 33691 33384 2993 914 13563 8105 7001 5816 5458 35070 5700 684 5137 1111 5016 2079 4026 4709 1185 29370 1104
is_linear=0
shrinkage=0.03


Tree=55
num_leaves=26
num_cat=0
split_feature=27 2 32 24 29 24 29 4 32 27 24 33 2 32 22 33 33 32 7 30 3 4 27 32 27
split_gain=214.502 32.6132 38.6555 36.6841 21.8967 53.5052 16.8242 18.1716 19.3533 13.4698 7.51193 4.29658 4.20865 5.11184 3.94115 3.37571 4.28844 2.89421 0.750626 2.26016 0.448319 0.364763 0.209852 0.220767 0.0328888
threshold=637.50000000000011 13.15 -0.12546116083924153 4.3058027461500012 6.5000000000000009 4.0995790942137056 362.50000000000006 1.1000000000000008 0.97508442350096236 862.50000000000011 10.379491110089536 0.76556758748011056 22.750000000000004 0.74443451080969758 1413.6500000000003 -0.80417042486635371 -0.95242240592625282 0.97508442350096236 0.50000000000000189 0.93301270189221952 26.750000000000004 4.5999999999999996 687.50000000000011 -0.0053757284505435614 882.50000000000011
decision_type=2 2 2 2 2 2 2 2 2 2 2 2 2 2 2 2 2 2 2 2 2 2 2 2 2
left_child=1 2 -1 -4 5 -3 7 8 -6 11 -9 12 13 -2 -15 16 -14 -17 19 20 -11 -22 23 -13 -20
right_child=9 4 3 -5 6 -7 -8 10 -10 18 -12 22 15 14 -16 17 -18 -19 24 -21 21 -23 -24 -25 -26
leaf_value=-0.083685789782102254 0.0088610023310910242 0.0038710690247854805 0.016310490455002186 0.012550377862903197 0.0020928486745317798 -0.01526255255962332 0.0089832092544638795 -0.0028017082244400238 0.017898972901239717 -0.021566149875050105 0.0031626484927246776 -0.018954663489946341 -0.015256669744904571 -0.013168796523049094 0.0035368626738298747 -0.015545598846660688 0.00025710024216100031 -0.004320375057100658 -0.025252875792795188 -0.0030416930418577987 -0.010713410771982701 -0.022125433841188771 -0.021567190059862604 -0.0064641034646095242 -0.025517374790076004
leaf_weight=319 309 307 309 393 22014 331 308 12427 1901 3102 344 328 1322 450 302 5582 1733 890 589 555 426 475 2298 321 29491
leaf_count=319 309 307 309 393 22014 331 308 12427 1901 3102 344 328 1322 450 302 5582 1733 890 589 555 426 475 2298 321 29491
internal_value=-0.00129001 0.000374631 0.00566243 0.00959317 0.00023102 0.00573709 0.00013591 7.71928e-05 0.000565102 -0.00262567 -0.00083644 -0.00182292 -0.00154066 0.000251412 -0.00108367 -0.00174024 -0.000917867 -0.00212823 -0.00293929 -0.0025782 -0.00282692 -0.00223171 -0.00283616 -0.00234923 -0.00299392
internal_weight=86826 38653 1021 702 37632 638 36994 36686 23915 48173 12771 13535 10588 1061 752 9527 3055 6472 34638 4558 4003 901 2947 649 30080
internal_count=86826 38653 1021 702 37632 638 36994 36686 23915 48173 12771 13535 10588 1061 752 9527 3055 6472 34638 4558 4003 901 2947 649 30080
is_linear=0
shrinkage=0.03


Tree=56
num_leaves=31
num_cat=0
split_feature=27 3 32 19 7 3 3 33 33 29 33 27 29 32 32 33 33 33 33 24 3 7 30 23 3 33 39 30 27 27
split_gain=207.741 23.2967 34.063 36.4082 16.9618 20.5611 40.309 32.1815 26.7528 44.0466 26.2962 13.2193 7.67701 4.92545 5.53357 5.3521 4.66678 4.56691 4.25681 1.50943 1.94198 1.07387 2.20097 0.928171 0.781979 0.775267 0.55575 0.401578 0.074498 0.0584981
threshold=642.50000000000011 12.15 -0.12546116083924153 63.850000000000009 1.4000000000000041 24.650000000000002 26.650000000000002 -0.84313311835787952 0.39629089145655322 284.50000000000006 0.69521084835931835 862.50000000000011 128.50000000000003 0.97696484778429815 0.99053107487289871 -0.84313311835787952 -0.95242240592625282 -0.91249077947840473 -0.94703994556331683 7.0986611277349905 27.950000000000003 0.50000000000000189 0.93301270189221952 11.481032252228262 27.850000000000005 -0.99628250747696534 1.5000000000000002 0.68301270189221941 882.50000000000011 907.50000000000011
decision_type=2 2 2 2 2 2 2 2 2 2 2 2 2 2 2 2 2 2 2 2 2 2 2 2 2 2 2 2 2 2
left_child=1 2 -1 -4 5 8 12 -8 9 -3 -10 13 -7 15 -15 16 25 -18 -6 20 -17 22 24 -20 29 -2 -25 -21 -23 -13
right_child=11 4 3 -5 18 6 7 -9 10 -11 -12 21 -14 14 -16 19 17 -19 23 27 -22 28 -24 26 -26 -27 -28 -29 -30 -31
leaf_value=-0.073190866151816858 -0.004825050525315077 0.010903968668085708 0.0093817359058062516 0.015821175741352132 0.00064623709955073465 -0.00042604067174478906 0.010299304413707553 -0.0011023414161338428 -0.012233818412837908 0.0072638932479693703 0.0046289279018285169 -0.015073951974931769 -0.0066364809757814844 0.0058195083068960859 -0.0089406050818273894 -0.01453847059895496 0.0069267887707248248 -0.0046359589031131684 -0.0015845571197476615 -0.019372748978295096 -0.0026133716398271259 -0.02283738036418731 -0.0054298143593668495 -0.014820823649909042 -0.012399869421890142 -0.018200193327866786 -0.019111361933878482 -0.0076761763995214288 -0.024751853546373725 -0.023013367885420105
leaf_weight=383 346 4789 307 528 310 1730 5691 6005 2336 423 7767 889 6143 309 551 6037 594 840 392 2661 641 584 553 1919 593 891 363 306 29541 2483
leaf_count=383 346 4789 307 528 310 1730 5691 6005 2336 423 7767 889 6143 309 551 6037 594 840 392 2661 641 584 553 1919 593 891 363 306 29541 2483
internal_value=-0.00129433 0.000328037 0.00441017 0.00780502 0.000196624 0.000382341 -0.000261983 0.00085509 0.0012056 0.00295108 0.000304928 -0.00262039 -0.00192139 -0.00181134 0.000383275 -0.0019646 -0.000775824 0.000388849 -0.00197387 -0.0022937 -0.00204282 -0.00292804 -0.0024948 -0.00235963 -0.00274206 -0.0021252 -0.00259133 -0.00285748 -0.00299293 -0.00291906
internal_weight=86905 39086 1218 835 37868 34884 19569 11696 15315 5212 10103 47819 7873 13176 860 12316 2671 1434 2984 9645 6678 34643 4518 2674 3965 1237 2282 2967 30125 3372
internal_count=86905 39086 1218 835 37868 34884 19569 11696 15315 5212 10103 47819 7873 13176 860 12316 2671 1434 2984 9645 6678 34643 4518 2674 3965 1237 2282 2967 30125 3372
is_linear=0
shrinkage=0.03


Tree=57
num_leaves=31
num_cat=0
split_feature=27 4 2 29 32 24 32 27 18 32 32 33 4 29 32 3 4 32 32 24 15 3 4 32 32 2 33 5 32 7
split_gain=211.841 32.25 45.6592 18.7343 18.6016 51.7256 24.5619 7.38147 6.66487 11.2501 10.9062 4.44185 4.37783 5.45266 12.3643 6.90486 3.76637 3.52577 3.31456 2.6335 6.68389 2.49036 2.40704 1.71731 1.51606 1.21501 2.78276 0.768786 1.02886 0.700996
threshold=697.50000000000011 1.1000000000000008 11.550000000000002 6.5000000000000009 0.97508442350096236 2.718893323996316 0.82899317702918729 887.50000000000011 -3.4999999999999996 0.48314048284850658 0.7210268013660811 -0.54219087765047058 2.7000000000000006 174.50000000000003 -0.41398024697495356 17.350000000000005 1.8499999999999999 -0.55657520495441892 0.94425825643485939 2.9805552679714036 0.16994515565973459 26.550000000000004 2.9499999999999997 0.97696484778429815 0.99374995976406788 22.250000000000004 0.76556758748011056 58.500000000000007 0.40614137006726808 0.50000000000000189
decision_type=2 2 2 2 2 2 2 2 2 2 2 2 2 2 2 2 2 2 2 2 2 2 2 2 2 2 2 2 2 2
left_child=1 2 -1 -4 6 -6 -5 11 9 16 -11 19 13 15 -15 -10 17 -3 -12 -2 -21 -18 -22 25 -25 26 -13 28 -14 -9
right_child=7 8 3 4 5 -7 -8 29 12 10 18 23 27 14 -16 -17 21 -19 -20 20 22 -23 -24 24 -26 -27 -28 -29 -30 -31
leaf_value=0.0082545365076815702 -0.023380229752962486 -0.0028671170393385378 0.0030124172712847129 0.0046926179183832501 0.020360576896928356 -0.0096199206411595739 -0.0037013665244672819 -0.021045677071558789 0.0015133583072770255 0.020301996024098354 -0.004914537799712097 -0.0029048576616274176 -0.013210878047104387 -0.0023061120594233663 0.0037866136667319594 -0.010454550919644364 -0.012322733313257596 0.0064483353500457358 0.006086396280952238 0.0071418084677312508 0.0030575449594997511 -0.0023155902381156038 -0.010549476348997897 0.0011697286267868296 -0.014049730907208634 -0.021772940163255369 -0.015522249728020385 -0.066663167959110967 -0.004203931588881011 -0.024009297939982511
leaf_weight=405 813 470 439 19469 1091 829 3267 3763 792 385 375 799 709 3849 1790 4221 978 685 427 560 309 980 2122 353 396 4737 1304 990 308 29144
leaf_count=405 813 470 439 19469 1091 829 3267 3763 792 385 375 799 709 3849 1790 4221 978 685 427 560 309 980 2122 353 396 4737 1304 990 308 29144
internal_value=-0.00126968 0.000244535 0.000918787 0.000757291 0.000647767 0.00348256 0.000408233 -0.00272093 -0.000769281 0.000251104 0.00273485 -0.0020624 -0.00111588 -0.000873557 -0.000233511 -0.00159334 -0.000696533 0.000661764 0.000739725 -0.00122523 -0.000813169 -0.0014977 -0.00149383 -0.00248182 -0.001116 -0.00263119 -0.00202899 -0.0024009 -0.00181827 -0.00294886
internal_weight=86759 42459 25500 25095 24656 1920 22736 44300 16959 4300 1187 11393 12659 10652 5639 5013 3113 1155 802 3804 2991 1958 2431 7589 749 6840 2103 2007 1017 32907
internal_count=86759 42459 25500 25095 24656 1920 22736 44300 16959 4300 1187 11393 12659 10652 5639 5013 3113 1155 802 3804 2991 1958 2431 7589 749 6840 2103 2007 1017 32907
is_linear=0
shrinkage=0.03


Tree=58
num_leaves=31
num_cat=0
split_feature=27 4 23 32 20 32 32 32 27 33 0 33 23 33 33 33 33 29 32 32 19 7 30 3 7 5 4 33 33 0
split_gain=200.34 23.2656 51.6056 16.8953 52.8312 47.8564 22.9244 53.4809 9.8096 9.04977 8.05208 6.84433 19.3132 14.8203 4.41758 4.15273 4.67962 3.90783 3.26889 3.39366 2.68028 1.26038 2.30943 1.45072 1.16316 1.057 1.02813 1.76326 0.966502 0.564938
threshold=682.50000000000011 1.1000000000000008 4.2280771447111549 0.97508442350096236 84.991666666666688 0.99274428880883148 0.82899317702918729 0.64579916509010216 862.50000000000011 0.99748108949426018 17.550000000000004 0.91852788691372023 10.589601154031024 0.73136292505298039 -0.84313311835787952 -0.95242240592625282 -0.91249077947840473 218.50000000000003 0.97508442350096236 0.9916835347852474 75.350000000000009 0.50000000000000189 0.93301270189221952 28.450000000000003 0.19999999999999754 64.500000000000014 3.7000000000000002 -0.54219087765047058 -0.99628250747696534 19.350000000000005
decision_type=2 2 2 2 2 2 2 2 2 2 2 2 2 2 2 2 2 2 2 2 2 2 2 2 2 2 2 2 2 2
left_child=1 2 -1 6 25 -6 7 -4 14 11 -8 12 13 -3 15 28 -17 -14 26 -20 -18 22 23 -10 -13 -5 27 -16 -2 -28
right_child=8 9 3 4 5 -7 10 -9 21 -11 -12 24 17 -15 18 16 20 -19 19 -21 -22 -23 -24 -25 -26 -27 29 -29 -30 -31
leaf_value=0.0073939105815375768 -0.006732646333497079 -0.00033150635961475276 0.0017504168396894658 -0.0038999022141369363 0.021108322100791461 0.009364359829632898 0.0010219652343260144 0.030971406175309697 -0.019546708255761588 0.008461246729773126 -0.0063521458616252781 -0.0037805695288976632 -0.001300302107303801 0.014359099501992415 -0.0047625843605234412 0.0069723015701588006 0.0019978317971804491 -0.0036061442644712647 0.0035235162530735799 -0.013002872252581087 -0.026911386013878609 -0.023289019001783037 -0.0030503396626813287 -0.0041208882012692995 -0.021988873867291262 -0.0097197477876378793 -0.01423029382002306 -0.015419069818870212 -0.019027887499843823 -0.019426975547979366
leaf_weight=417 310 408 17768 300 545 560 686 2195 3700 308 2525 571 7823 421 914 490 300 5150 323 422 411 30120 542 300 1296 578 305 3410 741 3230
leaf_count=417 310 408 17768 300 545 560 686 2195 3700 308 2525 571 7823 421 914 490 300 5150 323 422 411 30120 542 300 1296 578 305 3410 741 3230
internal_value=-0.00130409 0.000202083 0.000763166 0.000589434 0.00324647 0.0076085 0.000361941 0.000740382 -0.00267897 -0.00069602 -0.00199035 -0.000796236 -0.00056553 0.00387108 -0.00189168 -0.00070839 0.000496671 -0.000849315 -0.00220128 -0.000301609 -0.00105758 -0.00292548 -0.00245785 -0.00270682 -0.00250054 -0.00224573 -0.0023813 -0.00206983 -0.0020846 -0.0027616
internal_weight=87069 41551 25574 25157 1983 1105 23174 19963 45518 15977 3211 15669 13802 829 10856 2252 1201 12973 8604 745 711 34662 4542 4000 1867 878 7859 4324 1051 3535
internal_count=87069 41551 25574 25157 1983 1105 23174 19963 45518 15977 3211 15669 13802 829 10856 2252 1201 12973 8604 745 711 34662 4542 4000 1867 878 7859 4324 1051 3535
is_linear=0
shrinkage=0.03


Tree=59
num_leaves=31
num_cat=0
split_feature=27 32 32 4 29 29 22 29 32 32 22 0 27 31 39 4 12 0 28 29 32 7 32 0 0 20 27 27 10 25
split_gain=200.156 21.2073 73.4644 56.9615 18.6533 20.7433 18.4981 14.0045 16.1146 12.4246 40.6974 15.4712 11.4131 3.86305 3.16766 3.22148 2.27404 1.38201 1.39068 3.0681 1.13754 1.12276 1.45174 3.35864 0.941219 0.609593 0.241351 0.138577 0.0966078 0.0117707
threshold=677.50000000000011 -0.55657520495441892 -0.51297808981038739 1.4500000000000004 245.50000000000003 248.50000000000003 642.85000000000014 362.50000000000006 0.64579916509010216 -0.97876850416056738 2400.5000000000005 24.550000000000004 852.50000000000011 0.25000000000000017 1.0000000180025095e-35 4.2000000000000011 0.49999999999999917 22.250000000000004 1.5000000000000002 320.50000000000006 0.97508442350096236 0.50000000000000189 0.89017062131308955 25.050000000000004 33.150000000000013 89.471428571428589 872.50000000000011 912.50000000000011 0.20000000000000198 11.500000000000002
decision_type=2 2 2 2 2 2 2 2 2 2 2 2 2 2 2 2 2 2 2 2 2 2 2 2 2 2 2 2 2 2
left_child=1 4 3 -3 25 -6 -4 8 -8 10 -7 -11 13 14 15 16 -2 18 -15 -20 -17 22 24 -24 27 28 -23 -14 -1 -19
right_child=12 2 6 -5 5 9 7 -9 -10 11 -12 -13 21 17 -16 20 -18 29 19 -21 -22 26 23 -25 -26 -27 -28 -29 -30 -31
leaf_value=-0.012947183109478247 -0.0095586505153699621 0.030142902991021712 0.0071720932640914458 0.0037539599161877935 0.058375264330770615 -0.00016050724468853603 -0.0013090118534431294 0.0082074093278799321 0.0080150303674951743 0.003700968352427276 0.015870593860306741 -0.0030797058412014877 -0.012971890654415738 -0.0136605016069092 -0.020864755794180217 -0.013449239119872825 0.0012648113164814003 -0.018602228843860057 0.00054783202071902019 -0.018077091906028318 -0.00091683338058300243 -0.019456189473408547 0.0021506070316304839 -0.021254207885972952 -0.018615075427311122 -0.0054271956200899751 -0.022590348431729544 -0.021689796342695637 -0.010675597575631367 -0.023211573299787538
leaf_weight=2542 2209 342 579 305 321 2218 16071 319 11048 2145 402 4208 1338 678 872 1543 1347 533 596 489 313 567 303 416 357 304 29733 2438 310 1987
leaf_count=2542 2209 342 579 305 321 2218 16071 319 11048 2145 402 4208 1338 678 872 1543 1347 533 596 489 313 567 303 416 357 304 29733 2438 310 1987
internal_value=-0.00129222 0.000226632 0.000675666 0.010662 -0.000807165 -0.000130393 0.000444678 0.000332592 0.000258959 -0.00039882 0.00133918 -0.00111568 -0.00265807 -0.00179324 -0.00131933 -0.00104859 -0.00051954 -0.0024881 -0.00184184 -0.00117403 -0.00206139 -0.00291799 -0.00249248 -0.00124583 -0.002709 -0.00279949 -0.00298604 -0.00284829 -0.00293586 -0.00293931
internal_weight=86833 41114 28664 647 12450 9294 28017 27438 27119 8973 2620 6353 45719 10567 6284 5412 3556 4283 1763 1085 1856 35152 4852 719 4133 3156 30300 3776 2852 2520
internal_count=86833 41114 28664 647 12450 9294 28017 27438 27119 8973 2620 6353 45719 10567 6284 5412 3556 4283 1763 1085 1856 35152 4852 719 4133 3156 30300 3776 2852 2520
is_linear=0
shrinkage=0.03


Tree=60
num_leaves=31
num_cat=0
split_feature=25 2 4 25 32 32 29 32 32 32 3 2 2 33 33 31 39 5 30 3 20 29 25 32 5 25 33 24 5 25
split_gain=200.312 34.0146 22.9856 21.1751 15.3519 73.5282 19.5095 18.1892 41.6463 17.1831 16.0145 62.7104 17.9199 5.16754 6.16925 4.20374 5.04961 1.43982 2.07494 1.75979 0.853705 0.54164 0.4983 0.321425 0.543691 0.239136 0.792445 0.228268 0.400757 0.19078
threshold=9.5000000000000018 13.15 1.099999999999999 13.500000000000002 -0.55657520495441892 -0.51297808981038739 245.50000000000003 -0.30983472475487867 -0.44504625642270151 0.97508442350096236 26.950000000000003 28.550000000000004 24.650000000000002 0.76556758748011056 0.68274389090025245 0.25000000000000017 1.0000000180025095e-35 71.500000000000014 0.93301270189221952 28.750000000000004 89.21702898550727 356.50000000000006 11.500000000000002 0.3261394409934788 2.5000000000000004 14.500000000000002 -0.70289845916694649 1.2010226979354146 368.50000000000006 14.500000000000002
decision_type=2 2 2 2 2 2 2 2 2 2 2 2 2 2 2 2 2 2 2 2 2 2 2 2 2 2 2 2 2 2
left_child=1 2 -1 13 6 -6 20 8 -7 -9 12 -12 -8 14 15 16 -2 18 19 29 -3 23 -17 -15 -25 26 -19 28 -27 -5
right_child=3 4 -4 17 5 7 10 9 -10 -11 11 -13 -14 21 -16 22 -18 25 -20 -21 -22 -23 -24 24 -26 27 -28 -29 -30 -31
leaf_value=0.01403616883527592 -0.0039961823038548736 -0.012339252830664291 0.0020358385813913559 -0.014591079579692842 0.028752144977171712 -0.01848674100250057 0.0048778195709031193 -0.00028553391932869762 0.013971749386541254 0.01352923179404069 0.056624006400847499 0.00028809826185528326 -0.0030305589405174131 -0.021449424148109936 0.0071011522088755639 -0.011590428711268282 -0.01862087734304468 -0.018855592221254668 -0.006544080163447233 -0.0027770677842238029 -0.0042685106146774831 -0.0093638695010559141 -0.016763756450101214 -0.0041263948321444499 -0.014532526610437274 -0.021912637978777658 -0.02223542601788257 -0.021912637978777658 -0.021912637978777658 -0.022047708160441225
leaf_weight=555 7398 2495 400 1902 581 857 1710 18609 1648 2548 305 2000 4282 1924 528 1088 1158 301 561 345 301 334 1112 310 483 300 1109 28620 495 2535
leaf_count=555 7398 2495 400 1902 581 857 1710 18609 1648 2548 305 2000 4282 1924 528 1088 1158 301 561 345 301 334 1112 310 483 300 1109 28620 495 2535
internal_value=-0.00127452 0.00042563 0.00600941 -0.00249622 0.000274556 0.000697533 -0.000649811 0.000438405 0.00285515 0.00015214 8.06211e-05 0.00220512 -0.00073686 -0.0015203 -0.00122393 -0.00137938 -0.00107842 -0.00288297 -0.00242683 -0.00262931 -0.00281659 -0.00261566 -0.00254884 -0.00275607 -0.00224055 -0.00296195 -0.00257264 -0.00298052 -0.00246859 -0.00278977
internal_weight=86794 36291 955 50503 35336 24243 11093 23662 2505 21157 8297 2305 5992 14335 11284 10756 8556 36168 5343 4782 2796 3051 2200 2717 793 30825 1410 29415 795 4437
internal_count=86794 36291 955 50503 35336 24243 11093 23662 2505 21157 8297 2305 5992 14335 11284 10756 8556 36168 5343 4782 2796 3051 2200 2717 793 30825 1410 29415 795 4437
is_linear=0
shrinkage=0.03


Tree=61
num_leaves=31
num_cat=0
split_feature=27 4 23 20 29 29 29 27 33 33 23 33 5 33 29 4 24 3 5 30 23 33 3 29 23 30 29 33 3 0
split_gain=194.758 26.1581 51.2055 12.5116 20.5136 178.692 13.175 8.66797 7.95877 7.06579 17.0669 30.6829 4.72818 4.24776 3.20552 2.76956 6.0207 7.24076 1.89101 1.79433 2.14597 1.67047 1.13467 0.867951 0.822256 0.775804 6.18585 0.377339 0.297736 0.100143
threshold=702.50000000000011 1.1000000000000008 4.2280771447111549 70.225000000000009 46.500000000000007 40.500000000000007 82.500000000000014 882.50000000000011 0.9980355542543059 0.91852788691372023 10.589601154031024 0.74298546529340237 1.5000000000000002 -0.54219087765047058 323.50000000000006 4.2000000000000011 4.0410909949867806 28.150000000000002 234.50000000000003 0.93301270189221952 14.877608221472203 -0.91939278948206182 11.750000000000002 200.50000000000003 14.546307062832868 0.93301270189221952 64.500000000000014 0.73136292505298039 29.150000000000002 31.950000000000003
decision_type=2 2 2 2 2 2 2 2 2 2 2 2 2 2 2 2 2 2 2 2 2 2 2 2 2 2 2 2 2 2
left_child=1 2 -1 14 5 -5 -6 13 9 10 11 -3 -12 15 18 16 21 -18 -4 22 -21 -2 -15 29 -11 28 -27 -24 -9 -17
right_child=7 8 3 4 6 -7 -8 25 -10 24 12 -13 -14 19 -16 23 17 -19 -20 20 -22 -23 27 -25 -26 26 -28 -29 -30 -31
leaf_value=0.0071488352320239557 -0.0032706181840530266 -0.001421947777748949 -0.01116978160122814 0.0015431828540723735 -0.0029262267583373179 0.095399020874533391 0.0047314849837760244 -0.021255258839414329 0.0079697530656234142 -0.017806415462127436 -0.00029401774411015954 0.016065312584605199 -0.0036313448357340136 -0.0037813750179481161 0.0047314849837760244 -0.016763083625282546 0.0079812426186167719 -0.0063792663433328966 -0.0029059724169536727 -0.019010842603032426 0.00016009324593219511 -0.020440193474847351 -0.0163434951395048 -0.009536068317285179 -0.0036914104618316389 0.002278636186014434 -0.021353477202291093 -0.021977724075114429 -0.024138249356309871 -0.014365358557179903
leaf_weight=389 401 578 1245 2338 2065 319 18401 30303 320 1492 4201 332 9814 312 400 578 628 568 300 331 536 709 3784 451 485 365 2416 2217 317 300
leaf_count=389 401 578 1245 2338 2065 319 18401 30303 320 1492 4201 332 9814 312 400 578 628 568 300 331 536 709 3784 451 485 365 2416 2217 317 300
internal_value=-0.00129724 0.000148383 0.00075925 0.000591407 0.000785806 0.00326524 0.00046377 -0.00269259 -0.000754573 -0.000843401 -0.00062006 0.00335895 -0.000878639 -0.00195405 -0.00171891 -0.00111799 -0.000488947 0.000987468 -0.00233829 -0.00237711 -0.00109562 -0.00207921 -0.0025529 -0.00220827 -0.00252831 -0.00293165 -0.00244896 -0.00264462 -0.00297541 -0.00275768
internal_weight=86895 42679 25457 25068 23123 2657 20466 44216 17222 16902 14925 910 14015 10815 1945 3635 2306 1196 1545 7180 867 1110 6313 1329 1977 33401 2781 6001 30620 878
internal_count=86895 42679 25457 25068 23123 2657 20466 44216 17222 16902 14925 910 14015 10815 1945 3635 2306 1196 1545 7180 867 1110 6313 1329 1977 33401 2781 6001 30620 878
is_linear=0
shrinkage=0.03


Tree=62
num_leaves=31
num_cat=0
split_feature=27 4 2 32 24 32 32 32 27 0 33 33 23 33 33 29 7 4 32 32 23 7 33 33 7 30 32 33 33 19
split_gain=188.758 24.0144 25.7795 15.1984 45.4302 44.6931 22.4568 51.1548 10.2146 9.12104 6.20706 7.07814 12.4653 21.84 4.82155 4.94829 4.00777 3.99541 2.38022 2.41459 1.33036 1.21848 1.50778 1.15275 0.857066 1.7224 0.738705 0.385852 0.699231 0.0988888
threshold=702.50000000000011 1.1000000000000008 13.15 0.97508442350096236 2.718893323996316 0.99274428880883148 0.82899317702918729 0.69676570133721638 882.50000000000011 17.550000000000004 0.9980355542543059 0.91852788691372023 10.589601154031024 0.74298546529340237 -0.84313311835787952 200.50000000000003 0.19999999999999976 2.4500000000000006 0.97696484778429815 0.99374995976406788 14.66789778939876 0.64999999999999869 -0.54219087765047058 -0.99465740988130902 0.50000000000000189 0.93301270189221952 0.9962888416657264 -0.86548532668110156 -0.93237865822738086 58.116666666666674
decision_type=2 2 2 2 2 2 2 2 2 2 2 2 2 2 2 2 2 2 2 2 2 2 2 2 2 2 2 2 2 2
left_child=1 2 -1 6 5 -5 7 -4 14 -8 11 12 13 -3 15 17 -14 -2 21 -20 -13 22 -16 -19 25 27 -6 28 -10 -29
right_child=8 10 3 4 26 -7 9 -9 24 -11 -12 20 16 -15 18 -17 -18 23 19 -21 -22 -23 -24 -25 -26 -27 -28 29 -30 -31
leaf_value=0.0093213774831267752 0.0058350575185464413 -0.001224150797629319 0.0022424123550466211 0.019504273656775144 -0.0098280030026550412 0.0082951566203845403 0.0031615543223668927 0.02694840847036941 -0.016720246866915138 -0.0065354109287347924 0.0076839773237371506 -0.017297480568091307 -0.0010644622157178368 0.016495462233552548 -0.004532969288899855 0.005088028955159727 -0.0036463832291650264 -0.0030412151101005705 0.0020342884860421453 -0.01252915664115288 -0.0033686448788658773 -0.021526667794181307 -0.013402652264150503 -0.015212094705524995 -0.020617601074231898 -0.0089302000293177957 -0.039676123160697054 -0.0057959230552148775 -0.017790887705982434 -0.018459193264748406
leaf_weight=605 371 566 18245 562 366 564 665 1619 436 2582 319 1526 6175 323 1006 427 7836 339 357 368 481 2317 4543 1083 29404 491 472 302 309 2370
leaf_count=605 371 566 18245 562 366 564 665 1619 436 2582 319 1526 6175 323 1006 427 7836 339 357 368 481 2317 4543 1083 29404 491 472 302 309 2370
internal_value=-0.00130538 0.00011145 0.000692729 0.000544943 0.00307786 0.00701153 0.000329568 0.000707676 -0.0026831 -0.00198307 -0.000755094 -0.000833393 -0.000608014 0.00283483 -0.00188152 -0.00063485 -0.000826649 -0.00132609 -0.00220356 -0.000557852 -0.00250548 -0.00235516 -0.00211297 -0.00204919 -0.00294318 -0.00252341 -0.00220977 -0.00276214 -0.00215148 -0.00293154
internal_weight=87029 42906 25680 25075 1964 1126 23111 19864 44123 3247 17226 16907 14900 889 10811 2220 14011 1793 8591 725 2007 7866 5549 1422 33312 3908 838 3417 745 2672
internal_count=87029 42906 25680 25075 1964 1126 23111 19864 44123 3247 17226 16907 14900 889 10811 2220 14011 1793 8591 725 2007 7866 5549 1422 33312 3908 838 3417 745 2672
is_linear=0
shrinkage=0.03


Tree=63
num_leaves=31
num_cat=0
split_feature=27 29 32 2 29 32 32 2 0 29 29 23 2 27 2 33 33 4 32 32 7 4 29 7 30 24 33 0 27 21
split_gain=190.938 20.7829 94.7868 26.9974 32.2786 21.5752 21.7758 21.5094 20.5205 18.9472 16.3296 20.8155 20.8895 12.4816 11.8497 4.23686 4.94272 3.95613 3.06913 3.88961 1.72562 1.83266 1.48937 1.18634 2.62382 1.08722 1.03766 0.617823 0.181387 0.157738
threshold=682.50000000000011 216.50000000000003 -0.50556189049999822 14.750000000000002 40.500000000000007 -0.18492532721306487 0.97508442350096236 29.850000000000005 10.350000000000003 362.50000000000006 245.50000000000003 24.876559185190196 27.150000000000002 882.50000000000011 24.650000000000002 -0.84313311835787952 -0.95242240592625282 3.9999999999999996 0.97508442350096236 0.99053107487289871 0.64999999999999869 3.8000000000000029 200.50000000000003 0.50000000000000189 0.93301270189221952 1.8003244892387171 -0.99628250747696534 33.050000000000004 607.50000000000011 1.4032850884800188
decision_type=2 2 2 2 2 2 2 2 2 2 2 2 2 2 2 2 2 2 2 2 2 2 2 2 2 2 2 2 2 2
left_child=1 2 -1 4 8 7 -7 -5 -4 10 25 14 -13 15 -12 16 26 -18 20 -20 21 -17 -19 24 27 -3 -2 29 -27 -15
right_child=13 9 3 5 -6 6 -8 -9 -10 -11 11 12 -14 23 -16 18 17 22 19 -21 -22 -23 -24 -25 -26 28 -28 -29 -30 -31
leaf_value=0.028166834631811213 -0.0059310234987098682 -0.003278084814011093 0.0075004761715199743 0.010160684180128925 0.092469777877645973 -0.00097125008539638452 0.010517978523201443 -0.0014753193638049318 -0.016931090974345357 0.007500141153942614 0.00041074711466477566 -0.0013389687507808202 0.015176616176477208 -0.017658252177302984 -0.0039995270717949147 -0.0082506294251081021 0.0063810241847001969 -0.0086829419377816696 0.0039080983739559925 -0.011668466480894125 -0.020856357598734835 -0.014302509398687492 0.0013856635713742221 -0.01999907304200494 -0.012553464660519393 -0.011750743403797399 -0.016205609784502594 -0.018072693362714054 -0.010863946768745743 -0.0095378819914910019
leaf_weight=325 326 304 300 1374 391 18501 2884 831 418 334 5308 532 1707 2746 5395 3754 550 372 320 503 2478 2513 379 29534 497 2543 815 312 305 372
leaf_count=325 326 304 300 1374 391 18501 2884 831 418 334 5308 532 1707 2746 5395 3754 550 372 320 503 2478 2513 379 29534 497 2543 815 312 305 372
internal_value=-0.0012933 0.000179335 0.000723596 0.000511457 0.00508378 0.000296299 4.90904e-06 0.00312103 0.00130181 -0.000649706 -0.000796646 -0.000324964 0.00230491 -0.00263575 -0.000875281 -0.00180585 -0.000690136 0.000573732 -0.0020905 -0.000338593 -0.00225532 -0.00198963 -0.000841756 -0.00293357 -0.0024417 -0.00273264 -0.00213047 -0.00273681 -0.00291471 -0.00286438
internal_weight=86923 41452 25024 24699 1109 23590 21385 2205 718 16428 16094 12942 2239 45471 10703 12010 2442 1301 9568 823 8745 6267 751 33461 3927 3152 1141 3430 2848 3118
internal_count=86923 41452 25024 24699 1109 23590 21385 2205 718 16428 16094 12942 2239 45471 10703 12010 2442 1301 9568 823 8745 6267 751 33461 3927 3152 1141 3430 2848 3118
is_linear=0
shrinkage=0.03


Tree=64
num_leaves=31
num_cat=0
split_feature=27 4 29 29 32 20 32 29 29 0 23 27 0 32 32 29 32 33 12 33 32 33 32 0 33 33 2 33 32 8
split_gain=182.95 21.0335 22.6662 126.259 25.5369 54.4069 52.2979 20.9936 39.841 16.4608 19.0235 11.7363 8.29967 6.09363 35.6319 9.48162 17.7364 15.2605 6.51314 4.14869 3.85354 3.73339 3.09582 2.49856 2.41759 4.69533 1.95687 3.69176 1.90987 1.74572
threshold=687.50000000000011 1.1000000000000008 46.500000000000007 40.500000000000007 0.97508442350096236 84.991666666666688 0.99274428880883148 124.50000000000001 128.50000000000003 12.750000000000002 15.288206716308686 882.50000000000011 17.650000000000002 0.64579916509010216 0.7210268013660811 174.50000000000003 -0.0053757284505435614 -0.84313311835787952 0.49999999999999917 -0.54219087765047058 0.94425825643485939 -0.61236746317008228 0.97508442350096236 28.850000000000005 -0.84313311835787952 -0.95242240592625282 22.250000000000004 0.76556758748011056 0.99053107487289871 1.4000000000000015
decision_type=2 2 2 2 2 2 2 2 2 2 2 2 2 2 2 2 2 2 2 2 2 2 2 2 2 2 2 2 2 2
left_child=1 2 3 9 7 -6 -7 12 -9 -1 -11 19 -4 15 -15 23 17 -17 29 21 -20 24 26 -3 25 -2 27 -21 -24 -16
right_child=11 13 4 -5 5 6 -8 8 -10 10 -12 -13 -14 14 18 16 -18 -19 20 22 -22 -23 28 -25 -26 -27 -28 -29 -30 -31
leaf_value=0.0072754558371181293 -0.013975975036680291 -0.01493784899663895 0.00078149905949223878 0.089695684541316587 -0.0098487022682714354 0.018911441269353069 0.0077307625660769652 0.044049816002067865 0.0020793789726193702 -0.012989454284939307 0.0028329382674269874 -0.01939910085074479 -0.0092059296475915531 0.017253470523264414 -0.012818496000395996 0.0071360980113956149 0.0063755389034592007 -0.003192882506319088 -0.002675982248986871 -0.00026433742907662011 0.0058708039312806992 0.0087512864444664103 0.0018696832015230932 -0.0035701826761385612 -0.0085232153430668013 0.0017727730233323782 -0.018513004994225812 -0.012261818614695103 -0.011148639819454019 0.00089643951916276482
leaf_weight=301 1134 3203 711 389 847 580 551 300 16295 1367 1202 33399 2929 446 1734 1677 471 6668 707 812 663 319 306 425 1275 1277 4748 1383 480 312
leaf_count=301 1134 3203 711 389 847 580 551 300 16295 1367 1202 33399 2929 446 1734 1677 471 6668 707 812 663 319 306 425 1275 1277 4748 1383 480 312
internal_value=-0.00131343 0.000117187 0.000655752 0.00299172 0.00031291 0.00356544 0.00786837 -5.18949e-06 0.000447396 0.000815046 3.61861e-05 -0.00263768 -0.00206811 -0.000724107 0.000316851 -0.00104717 -0.000515822 -0.00083573 -0.000725198 -0.00182122 0.000875273 -0.00103719 -0.0022273 -0.00233783 -0.00130675 -0.000747513 -0.00242929 -0.00168716 -0.000442186 -0.00179678
internal_weight=86911 41778 25472 3259 22213 1978 1131 20235 16595 2870 2569 45133 3640 16306 3862 12444 8816 8345 3416 11734 1370 4005 7729 3628 3686 2411 6943 2195 786 2046
internal_count=86911 41778 25472 3259 22213 1978 1131 20235 16595 2870 2569 45133 3640 16306 3862 12444 8816 8345 3416 11734 1370 4005 7729 3628 3686 2411 6943 2195 786 2046
is_linear=0
shrinkage=0.03


Tree=65
num_leaves=31
num_cat=0
split_feature=27 29 29 24 29 32 0 32 32 33 22 33 29 32 29 0 33 7 3 30 20 27 33 27 33 29 33 7 5 29
split_gain=184.956 26.9609 144.43 69.6757 22.2853 51.184 22.0954 20.4516 65.8251 44.1415 66.7697 20.0065 80.6198 29.6065 20.6616 14.3531 13.1891 12.9879 3.51725 4.03005 9.46708 2.92531 2.58654 1.37655 2.05489 1.02368 0.44938 0.295337 0.173902 0.173269
threshold=687.50000000000011 46.500000000000007 40.500000000000007 4.5889371662082787 6.5000000000000009 0.056951373111866731 10.350000000000003 0.97508442350096236 0.98049069993378934 0.029024409397335523 2023.1000000000001 -0.84313311835787952 212.50000000000003 -0.18492532721306487 362.50000000000006 20.250000000000004 -0.70289845916694649 0.50000000000000189 28.850000000000005 0.93301270189221952 83.408333333333346 882.50000000000011 -0.10837475778693638 867.50000000000011 -0.94703994556331683 78.500000000000014 -0.80417042486635371 0.64999999999999869 410.50000000000006 92.500000000000014
decision_type=2 2 2 2 2 2 2 2 2 2 2 2 2 2 2 2 2 2 2 2 2 2 2 2 2 2 2 2 2 2
left_child=1 2 4 -4 5 -1 -6 11 -9 29 -11 12 13 -3 16 -8 -13 18 19 21 25 22 -2 24 -19 -21 -26 -28 -23 -10
right_child=17 7 3 -5 6 -7 15 8 9 10 -12 14 -14 -15 -16 -17 -18 23 -20 20 -22 28 -24 -25 26 -27 27 -29 -30 -31
leaf_value=-0.033709045362886408 -0.0047513415332830792 0.0090952005840790311 0.087004814005077077 0.016701609926285502 0.0070571982112608194 0.0033486433864315882 -0.014339225306888921 0.019324687619008376 -0.008656734925027906 -0.013965181815734175 0.015531248730296867 -0.011302434626493909 0.027259448223678279 -0.0015897614226323498 0.0070488582541352023 0.0015763222059474824 -0.0010326937211528353 -0.0054922263893525799 0.0022115587120678788 -0.017394815052304117 0.0043523436435641714 -0.01673501777971588 -0.014013223938309416 -0.018817127825222445 -0.01108040660187189 -0.0035713416323579928 -0.011166125837209362 -0.021613780106134271 -0.011930874845340805 -0.017562125491577499
leaf_weight=337 3176 2114 371 313 309 332 3125 327 343 602 515 2906 324 6072 337 328 21960 391 492 400 300 2983 3569 29947 494 423 394 2276 300 1097
leaf_count=337 3176 2114 371 313 309 332 3125 327 343 602 515 2906 324 6072 337 328 21960 391 492 400 300 2983 3569 29947 494 423 394 2276 300 1097
internal_value=-0.00129581 0.000144415 0.00218432 0.0150044 0.000202391 0.00524328 -0.000695191 -0.000140746 0.00228353 0.000660281 0.00513327 -0.000348194 0.000909411 0.000327592 -0.000772854 -0.00138361 -0.000872965 -0.00262648 -0.00176305 -0.00187258 -0.00016815 -0.00206342 -0.00170546 -0.00292648 -0.00236642 -0.00183131 -0.00261991 -0.00277424 -0.00279811 -0.00281055
internal_weight=86857 41712 5115 684 4431 669 3762 36597 2884 2557 1117 33713 8510 8186 25203 3453 24866 45145 11643 11151 1123 10028 6745 33502 3555 823 3164 2670 3283 1440
internal_count=86857 41712 5115 684 4431 669 3762 36597 2884 2557 1117 33713 8510 8186 25203 3453 24866 45145 11643 11151 1123 10028 6745 33502 3555 823 3164 2670 3283 1440
is_linear=0
shrinkage=0.03


Tree=66
num_leaves=31
num_cat=0
split_feature=27 4 29 29 33 29 29 2 33 29 2 7 29 29 7 29 29 3 30 29 29 27 33 22 27 33 29 33 5 5
split_gain=179.128 23.0537 24.1507 125.181 17.5978 76.1113 22.2457 21.315 37.5431 15.9258 16.1601 11.7324 11.0353 10.0568 7.61635 6.52319 28.0054 3.43305 3.82707 9.29667 3.15999 2.59782 2.92149 1.99081 1.29081 1.90727 0.766856 0.375201 0.24026 0.182109
threshold=707.50000000000011 1.1000000000000008 46.500000000000007 40.500000000000007 -0.84313311835787952 208.50000000000003 154.50000000000003 25.350000000000005 0.39629089145655322 6.5000000000000009 19.850000000000005 0.50000000000000189 245.50000000000003 357.50000000000006 1.7500000000000002 218.50000000000003 200.50000000000003 28.850000000000005 0.93301270189221952 64.500000000000014 245.50000000000003 892.50000000000011 -0.45273527932988084 2408.3500000000004 872.50000000000011 -0.94703994556331683 78.500000000000014 -0.80417042486635371 26.500000000000004 408.50000000000006
decision_type=2 2 2 2 2 2 2 2 2 2 2 2 2 2 2 2 2 2 2 2 2 2 2 2 2 2 2 2 2 2
left_child=1 2 3 9 5 6 -4 8 -6 -1 -11 17 -9 14 15 16 -3 18 21 -20 -17 22 -2 -16 25 -13 -21 -27 -29 -23
right_child=11 13 4 -5 7 -7 -8 12 -10 10 -12 24 -14 -15 23 20 -18 -19 19 26 -22 29 -24 -25 -26 27 -28 28 -30 -31
leaf_value=0.0026474908178112421 -0.0033175893899627801 -0.0030554495839573139 0.036134243585570623 0.084394669584924781 0.0079465727500995457 0.025955193852848585 0.00068472463415124307 -0.0094998624379914638 -0.0035604011463623219 -0.0064661663063276626 0.0046053636526868494 -0.0089927810582315169 -2.5661009388988631e-05 0.0068724050045964888 -0.036157515681174292 -0.0081002781120323233 0.010936292225048154 0.0016749379057398245 0.0042217733342572459 -0.021174610589108706 -0.001583155212462724 -0.017426946150834094 -0.012628215184758819 -0.008707568676818456 -0.018252613990465769 -0.010713199761682494 -0.0050038665607071943 -0.013991875374826292 -0.020965366702950242 -0.01157294859998058
leaf_weight=440 2162 7912 464 396 4124 364 3783 4826 4604 1718 721 395 4043 313 1849 1153 1027 429 308 355 4775 2730 3936 517 29739 467 407 390 2242 300
leaf_count=440 2162 7912 464 396 4124 364 3783 4826 4604 1718 721 395 4043 313 1849 1153 1027 429 308 355 4775 2730 3936 517 29739 467 407 390 2242 300
internal_value=-0.00130196 7.32737e-05 0.000649466 0.00305403 0.000294745 0.00194428 0.000814265 -0.000137573 0.000914881 0.000876041 -7.25417e-05 -0.0026511 -0.00117328 -0.00076355 -0.000860451 -0.000608758 -9.69806e-05 -0.00178312 -0.00189372 -0.000196079 -0.00138033 -0.00209267 -0.00173537 -0.00244107 -0.0029286 -0.00238112 -0.00197379 -0.00263129 -0.00277098 -0.00281095
internal_weight=86889 43029 25483 3275 22208 4611 4247 17597 8728 2879 2439 43860 8869 17546 17233 14867 8939 10627 10198 1070 5928 9128 6098 2366 33233 3494 762 3099 2632 3030
internal_count=86889 43029 25483 3275 22208 4611 4247 17597 8728 2879 2439 43860 8869 17546 17233 14867 8939 10627 10198 1070 5928 9128 6098 2366 33233 3494 762 3099 2632 3030
is_linear=0
shrinkage=0.03


Tree=67
num_leaves=31
num_cat=0
split_feature=27 7 29 29 24 23 23 29 29 29 29 7 31 29 27 33 8 2 33 27 33 2 33 29 20 0 33 29 27 7
split_gain=177.791 17.3414 20.0718 118.337 48.7968 15.2458 17.5922 13.1643 14.182 57.3851 19.6507 12.0587 3.05187 8.96668 3.95882 2.54857 2.11315 1.86112 3.66499 1.75124 3.03231 1.04867 2.57234 0.947832 1.18246 0.730344 0.425999 0.377701 0.207176 0.183999
threshold=707.50000000000011 1.4000000000000041 46.500000000000007 40.500000000000007 4.413949306045641 6.4127320887369752 14.973176414248154 62.500000000000007 216.50000000000003 204.50000000000003 245.50000000000003 0.50000000000000189 0.25000000000000017 66.500000000000014 902.50000000000011 -0.94703994556331683 3.9000000000000017 18.950000000000003 0.8852232634113919 867.50000000000011 -0.94703994556331683 22.250000000000004 0.86004965528756494 271.50000000000006 79.136111111111134 14.65 -0.80417042486635371 204.50000000000003 562.50000000000011 0.75000000000000011
decision_type=2 2 2 2 2 2 2 2 2 2 2 2 2 2 2 2 2 2 2 2 2 2 2 2 2 2 2 2 2 2
left_child=1 2 3 5 -5 -1 -7 28 9 -9 -10 12 13 -2 16 -3 -15 18 -17 20 -13 22 -14 -19 -25 -24 -22 -16 -4 -28
right_child=11 15 7 4 -6 6 -8 8 10 -11 -12 19 21 14 27 17 -18 23 -20 -21 26 -23 25 24 -26 -27 29 -29 -30 -31
leaf_value=0.0070394672541128321 0.0040951201342295258 0.00066060615078365357 -0.025819884893548303 0.08227004460522426 0.027824318759800327 -0.011975608907994619 0.0025680660932769148 0.0014079783278100999 -0.0096733197100267922 0.024660676094175899 -2.6112624251428685e-06 0.0023812114323269028 -0.0012458769921344149 -0.0022148586958405598 -0.019747197366351599 0.00084175577391583422 -0.0089265292771571244 -0.023331280875523198 -0.063466845133687652 -0.017705035570751797 -0.0096033816841820299 -0.018014395896557605 -0.0019476903966518045 -0.0079561354358689326 -0.0029924514171815386 -0.012645199417240488 -0.010944957679994077 -0.016157606213035774 -0.0090770547704807376 -0.021082789256061357
leaf_weight=302 328 338 1128 306 314 2116 1648 16431 3038 1319 12570 376 591 2276 1417 340 1741 1804 340 29818 450 2381 301 434 300 981 707 602 300 1830
leaf_count=302 328 338 1128 306 314 2116 1648 16431 3038 1319 12570 376 591 2276 1417 340 1741 1804 340 29818 450 2381 301 434 300 981 707 602 300 1830
internal_value=-0.00129142 7.82256e-05 0.000259012 0.00210198 0.0142995 0.000238996 -0.000282072 1.06929e-05 0.000131478 0.000711508 -0.000528158 -0.00263692 -0.00175666 -0.00134046 -0.00160311 -0.00192803 -0.00105799 -0.00218826 -0.000792952 -0.00291854 -0.00226784 -0.00237885 -0.00184579 -0.00256164 -0.00164898 -0.00260016 -0.00258735 -0.00268663 -0.00280896 -0.00273877
internal_weight=86827 43028 39472 4686 620 4066 3764 34786 33358 17750 15608 43799 10618 6364 6036 3556 4017 3218 680 33181 3363 4254 1873 2538 734 1282 2987 2019 1428 2537
internal_count=86827 43028 39472 4686 620 4066 3764 34786 33358 17750 15608 43799 10618 6364 6036 3556 4017 3218 680 33181 3363 4254 1873 2538 734 1282 2987 2019 1428 2537
is_linear=0
shrinkage=0.03


Tree=68
num_leaves=31
num_cat=0
split_feature=25 4 29 33 29 2 3 33 7 33 33 7 29 3 33 29 3 3 22 4 15 31 25 33 29 8 25 24 5 7
split_gain=173.951 23.4697 22.0543 16.1001 82.9015 29.4509 27.5853 25.0821 12.0571 10.1706 9.15976 7.17449 7.45742 8.03114 3.98605 9.57191 3.23019 2.98231 2.87767 2.2367 4.07602 3.65265 1.42275 1.4727 2.94548 1.40494 0.623581 0.93982 0.309748 0.0923422
threshold=11.500000000000002 1.3499999999999999 6.5000000000000009 -0.84313311835787952 208.50000000000003 25.350000000000005 27.050000000000004 0.14888728888808328 0.50000000000000189 -0.59867820553660911 0.99445195900249039 0.29999999999999943 136.50000000000003 24.750000000000004 -0.91249077947840473 174.50000000000003 28.850000000000005 26.650000000000002 1262.7500000000002 3.8999999999999999 0.10462469920440942 0.25000000000000017 14.500000000000002 -0.80417042486635371 176.50000000000003 2.9499999999999997 14.500000000000002 7.7278996185819517 22.500000000000004 1.000000000000002
decision_type=2 2 2 2 2 2 2 2 2 2 2 2 2 2 2 2 2 2 2 2 2 2 2 2 2 2 2 2 2 2
left_child=1 2 -1 4 6 7 -4 -5 16 -7 11 12 13 -3 15 -13 19 -14 -16 20 25 -22 23 24 -10 -2 27 -21 -25 -30
right_child=8 10 3 5 -6 9 -8 -9 22 -11 -12 14 17 -15 18 -17 -18 -19 -20 26 21 -23 -24 28 -26 -27 -28 -29 29 -31
leaf_value=0.0024910241104786125 -0.017544691087118921 0.0044041443862481034 -0.022607357077843376 0.011949526884416681 0.024923188678557195 -0.0099786810587758883 0.0083591160509972444 0.0016697773747392829 -0.018208700858718133 -0.00043998351827274185 0.0064579313527023128 -0.02115122900130487 -0.0087791884026295671 -0.013551305170426185 -0.0019583681176525642 0.0016141838646537908 0.0017944719300589081 -0.0011483887139828888 -0.010430153653037316 -0.0071857980618216799 0.00029260924668378033 -0.0085738690208388389 -0.017173884503629246 -0.01418996760128767 0.0017269530127274619 -0.0063188855051056741 -0.018956332305810068 -0.015159079410142736 -0.013928286030838866 -0.017654824577091683
leaf_weight=546 2014 1739 1285 2719 429 2698 3785 10249 523 7477 344 613 2206 516 1487 610 436 2300 4641 1629 1788 1402 29014 340 433 300 1226 1341 1416 1394
leaf_count=546 2014 1739 1285 2719 429 2698 3785 10249 523 7477 344 613 2206 516 1487 610 436 2300 4641 1629 1788 1402 29014 340 433 300 1226 1341 1416 1394
internal_value=-0.00129941 3.6842e-05 0.00052643 0.000412456 0.00187145 6.57183e-05 0.000798658 0.00101365 -0.00264762 -0.00114239 -0.00095165 -0.00106965 -0.000364242 0.00104388 -0.00171831 -0.000154412 -0.00174194 -0.001069 -0.00203035 -0.00185548 -0.00145722 -0.000761517 -0.00292473 -0.00240029 -0.00136677 -0.00241555 -0.00237741 -0.00214069 -0.00271343 -0.0028175
internal_weight=86900 43644 29188 28642 5499 23143 5070 12968 43256 10175 14456 14112 6761 2255 7351 1223 10136 4506 6128 9700 5504 3190 33120 4106 956 2314 4196 2970 3150 2810
internal_count=86900 43644 29188 28642 5499 23143 5070 12968 43256 10175 14456 14112 6761 2255 7351 1223 10136 4506 6128 9700 5504 3190 33120 4106 956 2314 4196 2970 3150 2810
is_linear=0
shrinkage=0.03


Tree=69
num_leaves=31
num_cat=0
split_feature=27 29 24 27 4 32 24 32 27 12 32 3 33 33 29 21 3 19 5 32 21 23 32 31 23 4 5 3 33 4
split_gain=173.56 21.8977 59.6155 18.0365 15.3483 14.4644 44.4531 15.4221 12.7691 9.0587 11.7613 8.64083 5.54057 3.61842 3.63892 5.41259 3.08596 3.08395 2.90563 2.61434 2.48951 2.2377 2.19751 1.99333 1.91161 1.50698 1.05901 0.897901 0.801371 0.395357
threshold=702.50000000000011 6.5000000000000009 4.0995790942137056 482.50000000000006 1.5499999999999992 0.97508442350096236 2.5266405137547348 0.82899317702918729 902.50000000000011 0.5999999999999962 0.46800856592688472 17.950000000000003 -0.94703994556331683 -0.54219087765047058 200.50000000000003 1.1511477936992878 11.350000000000003 70.267948717948727 104.50000000000001 -0.88622299073327826 1.4493325952835845 22.79337198372183 0.97696484778429815 -0.9330127018922193 22.385284269310525 3.5500000000000012 5.5000000000000009 26.650000000000002 0.83730377313544024 3.8500000000000019
decision_type=2 2 2 2 2 2 2 2 2 2 2 2 2 2 2 2 2 2 2 2 2 2 2 2 2 2 2 2 2 2
left_child=1 2 -1 4 5 7 -7 -3 13 18 17 -12 -6 14 21 -16 -15 -11 19 -5 -14 -2 28 -23 -24 -17 29 -20 -18 -10
right_child=8 3 -4 9 12 6 -8 -9 26 10 11 -13 20 16 15 25 22 -19 27 -21 -22 23 24 -25 -26 -27 -28 -29 -30 -31
leaf_value=0.0030903627498010964 0.001333531690884055 0.0040611756115154218 -0.014247296743741788 0.0014546834985655187 0.001124939034026085 0.01583319230734415 -0.0098400951415507521 -0.002980036451139245 -0.0071493379567223615 -0.0080243762562848854 0.025472130555334722 0.0035079298755051141 -0.0070059588402417196 0.0020842631881987971 0.0061164283123097728 0.0033719047718514831 -0.013319676849544486 -0.0011857712423740448 -0.018577696615985493 -0.0071352384283942943 -0.0024723675990360049 -0.004887465726726453 0.00078332167852001146 -0.016017582694481263 -0.016657942873064494 -0.013566086552393533 -0.01665866796852037 -0.003008249981940948 -0.017040801560768912 -0.015414050781559559
leaf_weight=306 406 21019 365 503 437 1031 800 3058 412 1541 300 1504 2022 322 391 309 4907 2648 2550 3529 627 1225 470 1170 328 597 31523 454 1920 345
leaf_count=306 406 21019 365 503 437 1031 800 3058 412 1541 300 1504 2022 322 391 309 4907 2648 2550 3529 627 1225 470 1170 328 597 31523 454 1920 345
internal_value=-0.00129588 6.92814e-05 0.00544196 -1.66341e-05 0.000399999 0.000638233 0.00320797 0.000442686 -0.00261077 -0.000943746 -8.65873e-05 0.00193795 -0.00159961 -0.00177694 -0.00105245 0.00026117 -0.00215035 -0.000958712 -0.00167373 -0.00114704 -0.00211585 -0.0016606 -0.00227183 -0.0020096 -0.000780977 -0.00101213 -0.00292184 -0.00238003 -0.00244596 -0.00180871
internal_weight=87019 42694 671 42023 28994 25908 1831 24077 44325 13029 5993 1804 3086 12045 4098 1297 7947 4189 7036 4032 2649 2801 7625 2395 798 906 32280 3004 6827 757
internal_count=87019 42694 671 42023 28994 25908 1831 24077 44325 13029 5993 1804 3086 12045 4098 1297 7947 4189 7036 4032 2649 2801 7625 2395 798 906 32280 3004 6827 757
is_linear=0
shrinkage=0.03


Tree=70
num_leaves=31
num_cat=0
split_feature=27 4 29 32 32 29 32 32 7 33 7 32 3 32 33 32 23 31 29 27 3 4 27 33 3 33 3 32 33 4
split_gain=172.095 20.6214 26.119 17.2744 43.8612 70.392 16.2388 35.8533 13.7765 10.7967 7.36978 9.85708 11.5334 6.86528 4.15745 9.41123 3.85208 3.20337 11.3838 3.50597 3.06587 2.54689 1.85224 2.17184 1.59288 0.688529 1.7679 0.539452 0.526806 0.207748
threshold=707.50000000000011 1.3999999999999997 6.5000000000000009 0.97508442350096236 0.98213580174693105 84.500000000000014 0.82899317702918729 0.65883702558178847 0.50000000000000189 0.99445195900249039 0.29999999999999943 0.64579916509010216 24.750000000000004 0.94425825643485939 -0.91249077947840473 0.12545942051955489 12.263091281363311 0.25000000000000017 64.500000000000014 937.50000000000011 26.650000000000002 4.6499999999999995 872.50000000000011 -0.94703994556331683 11.350000000000003 0.83730377313544024 18.950000000000003 0.96234642434711437 -0.7614016681079937 1.5499999999999992
decision_type=2 2 2 2 2 2 2 2 2 2 2 2 2 2 2 2 2 2 2 2 2 2 2 2 2 2 2 2 2 2
left_child=1 2 -1 6 -5 -6 7 -4 17 10 11 20 -13 -8 15 -12 -16 18 -2 21 -3 -20 23 -10 -19 26 -26 28 -25 -21
right_child=8 9 3 4 5 -7 13 -9 22 -11 14 12 -14 -15 16 -17 -18 24 19 29 -22 -23 -24 27 25 -27 -28 -29 -30 -31
leaf_value=0.0023235825046702095 0.004661593134411419 -0.0075337274871134126 0.0002244263628893428 0.017630828882348029 0.016075934447576632 -0.0091555901543592683 -0.0090971397768782169 0.016054015213433637 -0.0041023088422841433 0.0063507379834047929 0.0017418703862063312 0.0071892200252199794 -0.011882076224872393 0.00033727693849310003 -0.0010820062071766634 -0.018386737754402263 -0.0099070702782389566 -0.00077363533504005446 -0.0027533933064662394 -0.017432999242773705 -0.00056466728281692432 -0.0099626259935692175 -0.016158907929464759 -0.011047353864974543 -0.0018330256594604097 -0.01325873636205932 -0.015756302254591122 -0.010601016655554624 -0.018774686981380812 -0.019537288834361764
leaf_weight=546 303 2372 21065 320 306 1563 2471 2310 389 338 530 1119 479 1124 1342 604 4332 378 3155 330 2124 1439 29888 522 515 1666 1673 304 2272 1226
leaf_count=546 303 2372 21065 320 306 1563 2471 2310 389 338 530 1119 479 1124 1342 604 4332 378 3155 330 2124 1439 29888 522 515 1666 1673 304 2272 1226
internal_value=-0.00129801 5.34385e-05 0.000492324 0.000370473 0.00293288 0.00117273 0.000162396 0.000451103 -0.00261524 -0.000931199 -0.00106998 -0.00031206 0.00171107 -0.00171441 -0.00174828 -8.98686e-05 -0.00207965 -0.00167743 -0.00125643 -0.00153634 -0.00103135 -0.00111904 -0.00291542 -0.00225946 -0.00231892 -0.00250117 -0.00214893 -0.00252469 -0.00265546 -0.00276686
internal_weight=87005 42945 29705 29159 2189 1869 26970 23375 44060 13240 12902 6094 1598 3595 6808 1134 5674 10685 6453 6150 4496 4594 33375 3487 4232 3854 2188 3098 2794 1556
internal_count=87005 42945 29705 29159 2189 1869 26970 23375 44060 13240 12902 6094 1598 3595 6808 1134 5674 10685 6453 6150 4496 4594 33375 3487 4232 3854 2188 3098 2794 1556
is_linear=0
shrinkage=0.03


Tree=71
num_leaves=31
num_cat=0
split_feature=27 4 32 32 2 29 32 22 32 32 32 2 27 5 32 4 19 32 33 33 4 29 19 32 32 33 3 22 3 21
split_gain=167.052 19.2821 18.058 98.4327 17.0556 39.222 15.867 21.3664 14.7096 51.0646 17.7764 14.4175 12.2956 7.47012 9.15493 6.919 5.97783 4.79913 3.79978 3.82298 4.45341 2.65758 3.31765 2.12452 2.37019 1.85675 1.65121 1.48512 1.36749 1.28776
threshold=707.50000000000011 1.8499999999999999 -0.55657520495441892 -0.51297808981038739 24.750000000000004 301.50000000000006 -0.97509794945709805 2370.6000000000004 0.97508442350096236 0.98213580174693105 0.73283908552571664 20.050000000000004 892.50000000000011 104.50000000000001 0.48314048284850658 0.20000000000000198 82.01666666666668 0.73283908552571664 -0.84313311835787952 -0.95242240592625282 3.9999999999999996 192.50000000000003 70.267948717948727 0.97696484778429815 0.9916835347852474 -0.99628250747696534 11.350000000000003 2492.9500000000003 26.950000000000003 1.583459703550254
decision_type=2 2 2 2 2 2 2 2 2 2 2 2 2 2 2 2 2 2 2 2 2 2 2 2 2 2 2 2 2 2
left_child=1 2 4 -4 5 -1 7 -6 10 -10 -5 -7 18 14 21 -8 17 -16 19 25 -21 -3 -23 26 -25 -2 -20 -15 -28 -22
right_child=12 13 3 8 6 11 15 -9 9 -11 -12 -13 -14 27 16 -17 -18 -19 23 20 29 22 -24 24 -26 -27 28 -29 -30 -31
leaf_value=0.0059254016538350116 -0.0008755255700720958 -0.010337514676021573 0.024046924958968326 0.0028946816705822621 -0.0011403178637658332 0.0044067740844166798 0.0082814579952989933 0.014575396748109365 0.017581129642683831 0.0068533275259294426 -0.0027025079143187724 -0.0072332286907755795 -0.015674140691580817 -0.019608879262511064 0.016308681820959813 -0.0062366174453890033 -0.0036517521923494296 0.0022115917070472044 9.1582546227289387e-06 0.005886630416538135 0.00016247748449914947 -0.0094584964141824334 0.00048634791481296587 0.0019588855416874228 -0.011170559800121566 -0.014606275066085571 -0.014671846965198366 -0.00016375482727290169 -0.0046050154165006348 -0.014615310624713652
leaf_weight=306 301 1140 466 15293 1604 303 989 651 316 2074 5731 1018 33042 2826 335 5611 557 734 300 476 466 1133 1516 305 443 753 6369 385 1461 300
leaf_count=306 301 1140 466 15293 1604 303 989 651 316 2074 5731 1018 33042 2826 335 5611 557 734 300 476 466 1133 1516 305 443 753 6369 385 1461 300
internal_value=-0.00132804 3.62812e-06 0.000321974 0.000777605 -0.000716017 0.00210626 -0.00123476 0.000937499 0.000505573 0.00273526 0.000251985 -0.000138427 -0.0026227 -0.0012644 -0.00058438 -0.00197697 0.00129809 0.00261028 -0.00176215 -0.000673923 0.00045374 -0.00139235 -0.000870567 -0.00204347 -0.000512684 -0.0020019 -0.00218423 -0.00241065 -0.00226791 -0.000962191
internal_weight=87204 42988 34362 23880 10482 1627 8855 2255 23414 2390 21024 1321 44216 8626 5415 6600 1626 1069 11174 2296 1242 3789 2649 8878 748 1054 8130 3211 7830 766
internal_count=87204 42988 34362 23880 10482 1627 8855 2255 23414 2390 21024 1321 44216 8626 5415 6600 1626 1069 11174 2296 1242 3789 2649 8878 748 1054 8130 3211 7830 766
is_linear=0
shrinkage=0.03


Tree=72
num_leaves=31
num_cat=0
split_feature=27 4 29 29 7 29 2 29 29 3 3 29 5 29 3 3 3 4 2 4 30 3 25 0 7 29 19 29 24 27
split_gain=169.128 18.1755 18.0403 83.6968 14.5593 14.5577 15.2625 11.5427 13.9588 42.5859 12.6049 9.88681 5.91314 5.44947 8.11737 4.44635 4.34265 4.00621 3.87514 2.92188 7.72735 4.31013 1.79639 1.51291 1.30404 1.27103 0.825874 1.64941 0.577763 0.672436
threshold=702.50000000000011 1.1000000000000008 46.500000000000007 40.500000000000007 0.50000000000000189 6.5000000000000009 19.850000000000005 70.500000000000014 90.500000000000014 22.050000000000004 26.950000000000003 357.50000000000006 1.5000000000000002 136.50000000000003 24.750000000000004 28.850000000000005 26.650000000000002 2.7000000000000006 28.350000000000005 3.8000000000000029 0.93301270189221952 26.950000000000003 14.500000000000002 27.950000000000003 1.1999999999999977 62.500000000000007 67.250000000000014 176.50000000000003 8.3656988527499259 852.50000000000011
decision_type=2 2 2 2 2 2 2 2 2 2 2 2 2 2 2 2 2 2 2 2 2 2 2 2 2 2 2 2 2 2
left_child=1 2 3 5 15 -1 -7 25 9 -9 -10 12 13 14 -3 19 -15 18 -14 20 21 -2 23 -6 -19 -4 -25 -28 29 -21
right_child=4 11 7 -5 22 6 -8 8 10 -11 -12 -13 17 16 -16 -17 -18 24 -20 28 -22 -23 -24 26 -26 -27 27 -29 -30 -31
leaf_value=0.0021670345794126342 -0.010318564327809671 0.0047791145328768426 -0.024651991143713952 0.079468780723671861 -0.015783379341744497 -0.0067037515833366342 0.0041246589297161225 -0.00080532571254269484 -0.0010829973927042147 0.012554331011745416 0.0062490937618193331 0.0060733753937851805 -0.0039923222009321472 -0.0081867638121320783 -0.015197232978013472 0.0030896360252585897 0.0014238446256334707 -0.0076004328934545879 -6.8841702804807163e-05 -0.0077814986173743734 0.0039589837089843921 0.0021302064000234223 -0.015203916470833393 -0.015686219796651212 -0.054931535423101509 -0.0014750552392678439 -0.015697868971320653 -0.00065741788665574913 -0.017136736945548348 -0.012014230245051867
leaf_weight=448 4550 1419 937 398 2585 1729 748 892 11686 521 7672 300 6670 1517 377 449 1613 1021 3231 1746 525 806 28939 524 1176 517 491 727 1298 1496
leaf_count=448 4550 1419 937 398 2585 1729 748 892 11686 521 7672 300 6670 1517 377 449 1613 1021 3231 1746 525 806 28939 524 1176 517 491 727 1298 1496
internal_value=-0.00129738 4.46428e-05 0.000553289 0.00261462 -0.00260095 0.000856117 -4.47949e-05 0.000244983 0.000425909 0.00330339 0.000215713 -0.000705455 -0.000800706 7.55016e-05 0.00139232 -0.0016475 -0.000680295 -0.00115745 -0.000900122 -0.00177346 -0.00133169 -0.00167221 -0.00291244 -0.0023408 -0.0023162 -0.00233815 -0.00165577 -0.0012256 -0.0023453 -0.00212951
internal_weight=87008 42872 25548 3323 44136 2925 2477 22225 20771 1413 19358 17324 17024 4926 1796 10870 3130 12098 9901 10421 5881 5356 33266 4327 2197 1454 1742 1218 4540 3242
internal_count=87008 42872 25548 3323 44136 2925 2477 22225 20771 1413 19358 17324 17024 4926 1796 10870 3130 12098 9901 10421 5881 5356 33266 4327 2197 1454 1742 1218 4540 3242
is_linear=0
shrinkage=0.03


Tree=73
num_leaves=31
num_cat=0
split_feature=27 4 7 0 3 3 28 28 3 3 3 22 28 3 3 3 7 18 0 3 5 30 19 4 27 3 27 30 39 24
split_gain=174.744 19.6043 14.989 11.8502 27.8409 27.985 27.025 15.0292 16.9763 13.5785 28.1801 13.9428 13.489 12.3759 14.6479 6.75909 6.14218 4.45977 6.08311 3.57339 3.55901 3.20493 8.72523 2.99253 2.53271 2.27488 2.05563 1.73913 1.69507 1.56081
threshold=707.50000000000011 1.1000000000000008 0.50000000000000189 24.750000000000004 26.950000000000003 28.650000000000002 5.5000000000000009 10.500000000000002 25.150000000000002 22.050000000000004 22.450000000000003 2197.7000000000003 7.5000000000000009 20.650000000000002 20.250000000000004 24.950000000000003 2.0999999999999992 -4.4999999999999991 21.150000000000002 28.850000000000005 455.50000000000006 0.93301270189221952 83.215384615384622 3.3000000000000029 912.50000000000011 28.250000000000004 887.50000000000011 -0.24999999999999994 1.5000000000000002 7.7278996185819517
decision_type=2 2 2 2 2 2 2 2 2 2 2 2 2 2 2 2 2 2 2 2 2 2 2 2 2 2 2 2 2 2
left_child=1 3 19 9 7 6 -6 15 -9 13 -11 -12 -7 14 -1 -5 17 18 -3 21 23 24 -23 -19 29 -20 -4 -15 -18 -2
right_child=2 16 26 4 5 12 -8 8 -10 10 11 -13 -14 27 -16 -17 28 20 25 -21 -22 22 -24 -25 -26 -27 -28 -29 -30 -31
leaf_value=0.0019183138889761863 -0.0061122566843383993 0.0089615173836672217 -0.014881693636927268 0.010950425336641227 -0.029477440286219493 0.0060616209489647585 0.014696726932061454 -0.0037231343344614029 0.0060794013281783863 0.020102835996708777 0.0057801295260010745 -0.016395886917142766 -0.0043805757658117979 -0.0039837447692941371 0.0051420964557288657 -0.0080976316605506065 -0.056928261207281942 -0.00084399404640114631 0.001408095941760588 0.0025746790727805766 -0.0050883441876745103 -0.010113862768586819 0.0048732000498569695 -0.011561433145911347 -0.014234707374383272 -0.0053127249994703732 -0.014747798976708391 -0.0092687391194651962 -0.0088039597089045168 -0.012475359140502684
leaf_weight=6124 4903 482 3935 1043 557 2088 3209 385 364 460 2641 689 1760 477 397 4572 1242 10413 1879 449 1891 786 302 769 2538 402 29332 822 312 1647
leaf_count=6124 4903 482 3935 1043 557 2088 3209 385 364 460 2641 689 1760 477 397 4572 1242 10413 1879 449 1891 786 302 769 2538 402 29332 822 312 1647
internal_value=-0.00126049 9.92571e-05 -0.00259189 0.000627456 3.90579e-05 0.00126303 0.00310114 -0.0014253 0.002564 0.0013358 0.00280928 0.00184629 -0.000536244 0.000621403 0.00115409 -0.0019578 -0.000677938 -0.000501232 0.000593704 -0.00161067 -0.000732676 -0.00172625 -0.000187329 -0.000529018 -0.00191044 -5.39008e-05 -0.00290522 -0.00205154 -0.00247717 -0.00159823
internal_weight=86870 42978 43892 25588 13978 7614 3766 6364 749 11610 3790 3330 3848 7820 6521 5615 17390 15836 2763 10625 13073 10176 1088 11182 9088 2281 33267 1299 1554 6550
internal_count=86870 42978 43892 25588 13978 7614 3766 6364 749 11610 3790 3330 3848 7820 6521 5615 17390 15836 2763 10625 13073 10176 1088 11182 9088 2281 33267 1299 1554 6550
is_linear=0
shrinkage=0.03


Tree=74
num_leaves=31
num_cat=0
split_feature=27 4 32 32 29 20 7 32 32 32 0 32 15 29 32 2 7 2 2 24 30 29 27 31 29 19 2 29 27 0
split_gain=158.402 18.9441 17.771 49.2029 62.4329 21.1968 15.7034 15.0889 39.8288 127.366 14.0805 9.91652 14.8827 7.87098 6.89253 23.7242 8.2646 6.26542 5.41192 4.48609 3.37712 9.96845 3.38979 3.86507 4.91734 2.24503 2.24431 1.75876 1.39071 1.66853
threshold=702.50000000000011 1.3999999999999997 0.97508442350096236 0.98213580174693105 84.500000000000014 89.090053763440878 0.69999999999999984 0.82899317702918729 0.69676570133721638 0.73283908552571664 26.950000000000003 0.94425825643485939 0.089946625730124241 356.50000000000006 0.64579916509010216 19.050000000000004 0.29999999999999943 28.550000000000004 14.750000000000002 1.4075697814273893 0.93301270189221952 64.500000000000014 927.50000000000011 -0.5 200.50000000000003 53.616666666666674 17.250000000000004 78.500000000000014 857.50000000000011 27.750000000000004
decision_type=2 2 2 2 2 2 2 2 2 2 2 2 2 2 2 2 2 2 2 2 2 2 2 2 2 2 2 2 2 2
left_child=1 2 7 -4 -5 -6 20 8 10 -10 -1 -9 -13 14 17 -16 -17 25 -8 -19 22 -22 23 24 -2 -3 -25 -23 29 -20
right_child=6 13 3 4 5 -7 18 11 9 -11 -12 12 -14 -15 15 16 -18 19 28 -21 21 27 -24 26 -26 -27 -28 -29 -30 -31
leaf_value=-0.00066460577312673404 -0.0065697436733925269 0.00020800002394304873 0.016678062282698691 0.014218418282660778 -0.011840696483540922 0.0061517027288631081 1.033994575111441e-06 -0.010413276864985511 0.015686132141213401 0.00023765049808892156 0.0058057706633628655 -0.00050310376758246457 0.044899622420067009 0.0059164939533636659 0.021023531196812925 0.0013446013576671417 -0.02518761451448084 0.0018236618799209582 -0.018360047293495142 -0.0031172844757725747 0.0047270040483612585 -0.014410342762936566 -0.014305365007407138 1.033994575111441e-06 0.0024419113599263294 -0.0091696724141648103 -0.011760510538702 -0.001760232828955881 -0.014305365007407138 -0.010551665795429653
leaf_weight=13242 2183 303 326 305 1262 304 455 2460 455 1360 8692 761 310 348 521 1441 1273 334 1385 4047 334 492 3265 408 936 4857 5025 497 28350 945
leaf_count=13242 2183 303 326 305 1262 304 455 2460 455 1360 8692 761 310 348 521 1441 1273 334 1385 4047 334 492 3265 408 936 4857 5025 497 28350 945
internal_value=-0.00126165 4.4293e-05 0.000466415 0.00306142 0.00118429 -0.00123676 -0.00251818 0.000257321 0.000529389 0.00479901 0.000175883 -0.0015722 0.000836753 -0.000903772 -0.00102512 0.000171507 -0.000954697 -0.00143083 -0.00288525 -0.000596304 -0.00164828 -0.000210726 -0.00180919 -0.00149491 -0.000652885 -0.00213912 -0.0019781 -0.00172424 -0.00293341 -0.00222651
internal_weight=86876 42601 29477 2197 1871 1566 44275 27280 23749 1815 21934 3531 1071 13124 12776 3235 2714 9541 31135 4381 13140 1323 11817 8552 3119 5160 5433 989 30680 2330
internal_count=86876 42601 29477 2197 1871 1566 44275 27280 23749 1815 21934 3531 1071 13124 12776 3235 2714 9541 31135 4381 13140 1323 11817 8552 3119 5160 5433 989 30680 2330
is_linear=0
shrinkage=0.03


Tree=75
num_leaves=31
num_cat=0
split_feature=25 4 7 32 32 33 4 32 32 33 33 2 2 7 32 2 19 30 4 0 30 2 24 33 32 32 25 32 24 23
split_gain=152.055 19.011 15.7002 14.7031 55.7178 58.6122 18.3932 16.1498 30.7959 91.0369 16.9006 9.97797 23.4597 7.00071 7.54327 5.5532 5.24334 3.58359 3.38696 6.49464 5.44584 10.0538 3.44231 3.15063 2.21114 2.05422 2.03806 1.64624 1.28012 1.05951
threshold=11.500000000000002 1.8499999999999999 0.69999999999999984 0.97508442350096236 0.98213580174693105 0.029024409397335523 0.69999999999999984 0.82899317702918729 0.64579916509010216 0.69521084835931835 -0.84313311835787952 18.050000000000004 17.350000000000005 0.20000000000000198 0.48314048284850658 14.750000000000002 81.70714285714287 -0.6830127018922193 4.6499999999999995 32.350000000000001 0.93301270189221952 20.550000000000004 3.9529083214792817 -0.98212955754013376 0.96234642434711437 -0.97876850416056738 10.500000000000002 0.97875492728876534 5.9275245713904381 25.399079344255284
decision_type=2 2 2 2 2 2 2 2 2 2 2 2 2 2 2 2 2 2 2 2 2 2 2 2 2 2 2 2 2 2
left_child=1 3 18 7 -5 -6 -7 8 10 -10 -1 12 -9 14 17 -4 26 29 19 20 22 -22 -2 -15 -13 -25 -16 -20 -19 -3
right_child=2 13 15 4 5 6 -8 11 9 -11 -12 24 -14 23 16 -17 -18 28 27 -21 21 -23 -24 25 -26 -27 -28 -29 -30 -31
leaf_value=0.007148223015924886 -0.01245569007652331 0.0023455429483072035 1.0029747378575981e-06 0.016585452057384924 -0.012583286129363689 0.013307231712959078 0.0060298773702242734 -0.024024933305715743 0.0029248914548806581 0.076400377308486769 -0.00064867902758318323 -0.032643213522317763 0.043552633747465014 0.00030729963582091455 0.0078103227936354037 -0.013876204057184925 -0.003405690097906438 -0.0045024952575412457 -0.013952549691246079 0.0045394704287766863 -0.014377587381994249 0.0045851939269104178 -0.005742381222859123 -0.0013105751290137038 -0.0003980065959961454 -0.018576271421976289 0.0030556404060937169 -0.0030118414096599643 -0.011834136471442372 -0.0026670287697615489
leaf_weight=6780 3634 742 463 332 1370 418 321 584 2449 477 18371 2542 316 372 520 30565 481 1123 2982 331 381 450 4260 308 582 3762 400 367 1112 321
leaf_count=6780 3634 742 463 332 1370 418 321 584 2449 477 18371 2542 316 372 520 30565 481 1123 2982 331 381 450 4260 308 582 3762 400 367 1112 321
internal_value=-0.00127401 -2.4243e-05 -0.00253094 0.000297715 0.00254177 0.000740758 0.00754459 0.000127001 0.000381757 0.00329416 4.28189e-05 -0.00165019 0.00113207 -0.00124076 -0.000433405 -0.00289162 0.00141013 -0.00121673 -0.00162865 -0.00132693 -0.0014835 0.00082572 -0.00172666 -0.00209453 -0.00245184 -0.00233604 0.00273616 -0.00244388 -0.00189848 0.000217105
internal_weight=87116 43683 43433 34542 2441 2109 739 32101 28077 2926 25151 4024 900 9141 4699 31028 1401 3298 12405 9056 8725 831 7894 4442 3124 4070 920 3349 2235 1063
internal_count=87116 43683 43433 34542 2441 2109 739 32101 28077 2926 25151 4024 900 9141 4699 31028 1401 3298 12405 9056 8725 831 7894 4442 3124 4070 920 3349 2235 1063
is_linear=0
shrinkage=0.03


Tree=76
num_leaves=31
num_cat=0
split_feature=27 7 32 32 29 22 15 29 27 32 32 2 7 2 3 22 27 31 29 3 24 32 27 3 32 3 7 3 15 7
split_gain=148.336 18.4178 17.9324 74.0912 39.3741 47.5282 20.1132 17.487 12.2738 12.2437 20.3501 9.58753 7.11487 5.21303 4.02852 16.5418 4.88367 4.70186 3.7356 3.29915 1.93579 1.74331 1.35501 1.37351 1.93027 1.14977 0.58529 1.04897 0.479136 0.120886
threshold=697.50000000000011 0.69999999999999984 0.97508442350096236 0.98049069993378934 90.500000000000014 1992.7000000000003 0.066298417975010765 362.50000000000006 482.50000000000006 0.82899317702918729 0.80926549319045582 18.050000000000004 0.2999999999999981 14.750000000000002 17.750000000000004 1618.4500000000003 907.50000000000011 0.25000000000000017 297.50000000000006 11.350000000000003 4.2452783858270298 -0.71504373327588355 857.50000000000011 26.450000000000003 -0.59869031648930193 26.650000000000002 0.19999999999999754 25.050000000000004 0.17511900715399648 1.099999999999999
decision_type=2 2 2 2 2 2 2 2 2 2 2 2 2 2 2 2 2 2 2 2 2 2 2 2 2 2 2 2 2 2
left_child=2 14 7 -4 5 -5 -7 8 9 10 -1 -11 18 -3 15 19 17 20 -10 -2 -16 -19 23 29 -25 -14 27 -18 -21 -15
right_child=1 13 3 4 -6 6 -8 -9 12 11 -12 -13 25 22 16 -17 26 21 -20 28 -22 -23 -24 24 -26 -27 -28 -29 -30 -31
leaf_value=0.00082504272205055954 0.00023721838363437996 9.728854957213873e-07 0.015680156852496196 -0.011592390919523039 -0.017362997924756953 0.013190842132034532 0.0080849899589965826 0.0060321180016582789 -0.00061287540812930696 0.041705447190630227 0.042673420488183678 -0.0046307007859896594 -0.016670489617088623 -0.014340792195348796 -0.0075608018771512065 0.004447638109103107 -0.01432331656068269 -0.0080116631577247643 -0.007592034944808145 -0.0052855505718381974 -0.0018363519422956978 -0.016870795247698463 -0.013459917935469377 -0.014813771165190446 0.0014877504713404714 -0.0030261298641734414 -0.013502533354889225 -0.0032289121868679356 -0.0087592968876540177 -0.018141955686003877
leaf_weight=23543 541 472 340 525 1365 335 400 331 6314 782 324 2592 3010 672 1475 313 374 1078 1548 692 3533 1626 28388 340 395 1012 2767 302 687 912
leaf_count=23543 541 472 340 525 1365 335 400 331 6314 782 324 2592 3010 672 1475 313 374 1078 1548 692 3533 1626 28388 340 395 1012 2767 302 687 912
internal_value=-0.00127906 -0.00248768 -9.26478e-06 0.00224039 0.000531225 0.00435369 0.0092731 -0.000178372 -0.000236544 0.000114418 0.000353569 -0.00157689 -0.00104098 -0.00288733 -0.0015568 -0.000393465 -0.00178962 -0.0013699 -0.000515834 -0.00143675 -0.000825315 -0.00237782 -0.00293542 -0.00223578 -0.00116169 -0.00206711 -0.00272909 -0.00193205 -0.00221522 -0.00273312
internal_weight=86988 44567 42421 2965 2625 1260 735 39456 39125 27241 23867 3374 11884 31179 13388 2233 11155 7712 7862 1920 5008 2704 30707 2319 735 4022 3443 676 1379 1584
internal_count=86988 44567 42421 2965 2625 1260 735 39456 39125 27241 23867 3374 11884 31179 13388 2233 11155 7712 7862 1920 5008 2704 30707 2319 735 4022 3443 676 1379 1584
is_linear=0
shrinkage=0.03


Tree=77
num_leaves=31
num_cat=0
split_feature=27 32 32 33 22 7 33 33 28 32 33 33 3 20 8 27 33 32 32 2 32 27 33 32 32 7 3 13 32 23
split_gain=142.398 17.2947 71.6835 39.8915 62.209 16.8665 16.319 12.9108 82.0122 21.7203 14.5232 51.9855 3.45908 8.87882 8.33154 5.40141 5.20605 4.76405 3.56254 3.44951 1.3871 1.25502 1.66301 2.54718 0.693591 0.545893 0.725533 0.24124 0.184044 0.0460751
threshold=692.50000000000011 0.97508442350096236 0.98049069993378934 0.029024409397335523 2023.1000000000001 0.79999999999999993 0.99958851518450398 -0.84313311835787952 7.5000000000000009 -0.18492532721306487 -0.70289845916694649 -0.67801649466304881 17.450000000000003 85.435416666666683 2.7000000000000024 912.50000000000011 -0.45273527932988084 -0.39826117949089107 0.97696484778429815 14.750000000000002 -0.67803021058859214 872.50000000000011 -0.7614016681079937 0.091259403071267925 0.64579916509010216 0.19999999999999754 24.950000000000003 -0.020000000000000222 0.99966190462023474 25.895798693305672
decision_type=2 2 2 2 2 2 2 2 2 2 2 2 2 2 2 2 2 2 2 2 2 2 2 2 2 2 2 2 2 2
left_child=1 6 -3 28 -5 12 7 8 9 -1 20 -12 13 14 -2 16 17 -14 -18 -7 -9 22 23 -21 -16 26 -17 -24 -4 -27
right_child=5 2 3 4 -6 19 -8 10 -10 -11 11 -13 15 -15 24 25 18 -19 -20 21 -22 -23 27 -25 -26 29 -28 -29 -30 -31
leaf_value=0.0072016246841727222 0.00096118878173265363 0.015209752146921315 -0.016460661812133355 -0.010112693974704207 0.011527719035249569 -0.015089056322526813 0.0055774959655405087 -0.0025642725531225619 0.022369619654159578 -0.0030266522169572949 0.014761558353369892 -0.00095096647761984344 0.002338993534097035 0.0043142089658300105 -0.0078318538204648052 -0.01393020399816557 -0.013381325045856844 -0.0048599111867829239 -0.00011144094042407175 0.0031460741591580786 -0.016693277857664963 -0.013056120397405295 -0.015620234557147523 -0.017226345153673401 -0.0068535779404667561 -0.013056120397405295 -0.0049165384039295242 -0.016348640132871912 -0.008315415683966031 -0.013056120397405295
leaf_weight=2116 328 322 1107 593 510 436 337 343 331 6179 441 26915 888 308 871 326 4316 2462 681 322 2550 27639 340 365 467 2668 329 1544 328 402
leaf_count=2116 328 322 1107 593 510 436 337 343 331 6179 441 26915 888 308 871 326 4316 2462 681 322 2550 27639 340 365 467 2668 329 1544 328 402
internal_value=-0.00132337 -7.07349e-05 0.00218105 0.000486805 0.00477446 -0.00250254 -0.000235025 -0.000292083 0.000731656 0.000146455 -0.000584034 -0.000370217 -0.00164149 -0.000476963 -0.00134253 -0.00183186 -0.00140764 -0.000492391 -0.00202101 -0.00289712 -0.00260505 -0.00293536 -0.00229899 -0.00103343 -0.00239283 -0.0027818 -0.00198933 -0.00275968 -0.00280989 -0.00295018
internal_weight=86764 42072 2860 2538 1103 44692 39212 38875 8626 8295 30249 27356 14046 1974 1666 12072 8347 3350 4997 30646 2893 30210 2571 687 1338 3725 655 1884 1435 3070
internal_count=86764 42072 2860 2538 1103 44692 39212 38875 8626 8295 30249 27356 14046 1974 1666 12072 8347 3350 4997 30646 2893 30210 2571 687 1338 3725 655 1884 1435 3070
is_linear=0
shrinkage=0.03


Tree=78
num_leaves=31
num_cat=0
split_feature=27 32 32 33 22 33 27 33 28 32 29 29 29 29 4 33 8 0 23 33 5 24 5 0 33 4 24 8 29 4
split_gain=148.672 17.6221 72.2871 39.1058 62.0921 16.8923 16.6048 15.0309 83.2032 21.4996 16.7128 51.4208 11.8315 4.86477 9.44915 3.67922 3.63544 4.72886 5.50718 3.66658 1.26014 1.13758 1.08307 0.986902 0.597524 0.44732 0.292772 0.52717 0.252792 0.0821735
threshold=702.50000000000011 0.97508442350096236 0.98049069993378934 0.029024409397335523 2023.1000000000001 0.99958851518450398 902.50000000000011 -0.84313311835787952 7.5000000000000009 -0.18492532721306487 46.500000000000007 40.500000000000007 261.50000000000006 350.50000000000006 3.7000000000000002 0.83730377313544024 1.3499999999999999 22.550000000000004 15.077642644455841 -0.45273527932988084 56.500000000000007 2.1074431910732918 118.50000000000001 17.150000000000002 -0.71502926860092908 1.3999999999999997 1.2010226979354146 1.1000000000000003 92.500000000000014 1.3499999999999999
decision_type=2 2 2 2 2 2 2 2 2 2 2 2 2 2 2 2 2 2 2 2 2 2 2 2 2 2 2 2 2 2
left_child=1 5 -3 28 22 7 15 8 9 -1 11 -9 -12 20 -15 16 25 18 -18 -19 21 -8 -5 -17 -23 -2 27 -22 -4 -28
right_child=6 2 3 4 -6 -7 13 10 -10 -11 12 -13 -14 14 -16 23 17 19 -20 -21 26 24 -24 -25 -26 -27 29 -29 -30 -31
leaf_value=0.0071477742637651685 -0.012840709488831694 0.01475345958251368 -0.0080659532134470524 -0.0051677502170177428 0.011185714403849632 0.0054101710865742982 -0.0075410577872075391 -3.2184022980910119e-05 0.021698531064534794 -0.0029358526504485827 -0.0047075502309574975 0.073944430391338981 -0.00018752975615939316 0.0004536153886066546 -0.012664436785483138 -0.0035218717426513751 -0.0042782518061341562 -0.0024323591698431784 0.0082248662733826073 -0.0096997353977760492 -0.012664436785483138 -0.012485099768100286 -0.011496224277994233 -0.013270818124539721 -0.013458194132608457 -0.014036922245979787 -0.013851918443082041 -0.012664436785483138 -0.015918931425513563 -0.012664436785483138
leaf_weight=2125 430 354 340 300 539 337 364 4444 340 6265 14062 678 11608 471 808 426 502 3676 361 3703 499 643 329 1684 1204 1215 388 300 1129 27420
leaf_count=2125 430 354 340 300 539 337 364 4444 340 6265 14062 678 11608 471 808 426 502 3676 361 3703 499 643 329 1684 1204 1215 388 300 1129 27420
internal_value=-0.00126404 -5.60152e-06 0.00221491 0.00050379 0.0045988 -0.000172279 -0.00248695 -0.000229386 0.000869316 0.00027887 -0.000540903 0.00102362 -0.000853103 -0.00284289 -0.00102891 -0.00153451 -0.00129157 -0.00103433 0.00106597 -0.00128008 -0.00291814 -0.00222559 -0.00180476 -0.00267172 -0.0025276 -0.00257898 -0.00297158 -0.00239625 -0.00275306 -0.00298803
internal_weight=86944 42850 2991 2637 1168 39859 44094 39522 8730 8390 30792 5122 25670 32097 1279 11997 9887 8242 863 7379 30818 2211 629 2110 1847 1645 28607 799 1469 27808
internal_count=86944 42850 2991 2637 1168 39859 44094 39522 8730 8390 30792 5122 25670 32097 1279 11997 9887 8242 863 7379 30818 2211 629 2110 1847 1645 28607 799 1469 27808
is_linear=0
shrinkage=0.03


Tree=79
num_leaves=31
num_cat=0
split_feature=27 32 32 29 22 29 32 27 3 2 29 23 22 29 32 2 8 31 24 8 32 9 12 8 20 21 2 3 21 31
split_gain=145.154 16.3032 66.9171 37.0679 47.2207 16.54 16.2465 15.5672 12.5071 24.4494 25.3242 23.6259 17.6213 12.683 7.80132 7.33736 10.0679 3.12747 3.18136 4.30912 2.3875 2.02622 1.29308 0.837946 7.64714 0.700883 0.690362 0.622057 0.542011 0.409583
threshold=697.50000000000011 0.97508442350096236 0.98049069993378934 90.500000000000014 1992.7000000000003 362.50000000000006 0.99552231814189451 882.50000000000011 26.650000000000002 29.250000000000004 155.50000000000003 24.778845079046867 2074.9000000000005 346.50000000000006 0.79904096188274243 14.750000000000002 2.7999999999999985 0.6830127018922193 3.9845654253842846 4.4000000000000004 -0.71504373327588355 -0.099999999999996078 0.35000000000000148 3.2999999999999985 83.836021505376365 0.86013400611379354 17.250000000000004 28.850000000000005 1.2235910841630271 -0.9330127018922193
decision_type=2 2 2 2 2 2 2 2 2 2 2 2 2 2 2 2 2 2 2 2 2 2 2 2 2 2 2 2 2 2
left_child=1 5 -3 4 -4 8 -6 17 12 11 -11 -10 13 -1 -14 16 -9 18 22 21 -19 -20 29 -17 27 -21 -22 -25 -24 -2
right_child=7 2 3 -5 6 -7 -8 15 9 10 -12 -13 14 -15 -16 23 -18 20 19 25 26 -23 28 24 -26 -27 -28 -29 -30 -31
leaf_value=0.00061190907900320112 -0.013966141565888861 0.014066349674937707 -0.01100774616061786 -0.01586966862148367 0.014270889680179514 0.0052560935736639218 0.0046439819936655979 0.00044000692694845463 -0.0058493116162799813 0.0076563944856220438 -0.0030135686404712415 0.013033728689783643 -0.0082578483099151959 -0.0047472714562198258 -0.00083445359677920545 -0.012284503681918644 -0.013585765117792581 -0.004842497849176417 -0.0049225974562881339 -0.0035481223281804497 -0.0032032153598756481 0.0011713304245373507 -0.0005656703171648379 -0.012284503681918644 0.0033244692684614224 -0.008673410609785201 -0.015314175083281737 -0.012284503681918644 -0.0050616157107414503 -0.015042447179989333
leaf_weight=15769 395 340 522 1338 310 338 404 310 1139 400 7298 4383 6217 1775 2255 26386 389 411 1362 303 353 2408 399 5771 300 1476 1973 327 321 1718
leaf_count=15769 395 340 522 1338 310 338 404 310 1139 400 7298 4383 6217 1775 2255 26386 389 411 1362 303 353 2408 399 5771 300 1476 1973 327 321 1718
internal_value=-0.00130415 -4.92841e-05 0.00211595 0.000461359 0.00420533 -0.000208769 0.00921399 -0.00249952 -0.00026577 0.00048559 -0.000607093 0.00200869 -0.000647577 -0.000104988 -0.00177104 -0.00282251 0.000218571 -0.00152671 -0.00123894 -0.000821082 -0.00240723 -0.00024662 -0.00205681 -0.00288736 -0.00257759 -0.00203764 -0.00277955 -0.00280767 -0.000957005 -0.00243094
internal_weight=87090 42488 2914 2574 1236 39574 714 44602 39236 13220 7698 5522 26016 17544 8472 33483 699 11119 8382 5549 2737 3770 2833 32784 6398 1779 2326 6098 720 2113
internal_count=87090 42488 2914 2574 1236 39574 714 44602 39236 13220 7698 5522 26016 17544 8472 33483 699 11119 8382 5549 2737 3770 2833 32784 6398 1779 2326 6098 720 2113
is_linear=0
shrinkage=0.03


Tree=80
num_leaves=31
num_cat=0
split_feature=27 4 7 39 33 33 2 29 5 22 29 33 33 23 33 33 2 2 3 3 3 27 33 3 27 33 23 30 14 27
split_gain=146.767 18.2168 17.0367 10.8214 12.0625 71.8603 27.0498 24.5846 19.4672 16.6048 16.4497 7.38455 6.2615 9.3263 15.748 5.88491 4.35847 3.42429 3.05272 3.49014 14.7293 4.53086 3.70302 2.49123 2.09058 2.16041 1.22081 0.47298 0.21093 0.0910341
threshold=697.50000000000011 1.1000000000000008 0.69999999999999984 1.0000000180025095e-35 -0.84313311835787952 -0.88220415136009767 26.050000000000004 192.50000000000003 106.50000000000001 1903.3000000000002 245.50000000000003 0.99445195900249039 0.91852788691372023 10.589601154031024 0.74298546529340237 0.39629089145655322 26.650000000000002 14.750000000000002 28.850000000000005 17.450000000000003 16.750000000000004 892.50000000000011 -0.45273527932988084 11.350000000000003 847.50000000000011 -0.75013812021657655 14.66789778939876 -0.6830127018922193 0.20998084203770548 912.50000000000011
decision_type=2 2 2 2 2 2 2 2 2 2 2 2 2 2 2 2 2 2 2 2 2 2 2 2 2 2 2 2 2 2
left_child=1 3 18 4 5 7 9 -1 -7 -6 -8 12 13 14 -3 -15 -5 -4 19 20 23 22 -21 -2 25 -19 -14 -23 -27 -26
right_child=2 11 17 16 6 8 10 -9 -10 -11 -12 -13 26 15 -16 -17 -18 24 -20 21 -22 27 -24 -25 29 28 -28 -29 -30 -31
leaf_value=-0.0032387889316286157 0.00013889678280612941 -0.00092583007017383505 -0.001303771870572804 -0.024895149971005476 0.0018865489773146125 0.020656563271905241 -0.012636403735286583 0.007343865257141733 0.033287912509761784 0.0057969771897558343 0.001231433853261137 0.0047109119388200268 -0.01665601574465532 -0.0013549952294241228 0.0061139534046346401 -0.010090235178914298 0.0059668872339422039 -0.0029754634010194076 0.001590726517599668 -0.0019606441485269929 0.0047680472115039004 -0.011957305528298337 -0.011134371924211415 -0.0056352137700248434 -0.012092537301131957 -0.016681725757918549 -0.0029944229142755494 -0.011988745373917808 -0.013113935727676721 -0.011915968571461084
leaf_weight=2748 543 539 455 1077 8778 305 3329 898 311 5266 2495 406 1420 10435 318 3236 301 593 516 2614 300 1105 4508 1122 1602 1030 461 2686 494 26895
leaf_count=2748 543 539 455 1077 8778 305 3329 898 311 5266 2495 406 1420 10435 318 3236 301 593 516 2614 300 1105 4508 1122 1602 1030 461 2686 494 26895
internal_value=-0.00129095 -2.64396e-05 -0.00249458 0.000478889 0.000626579 0.00207459 0.000315868 0.000472168 0.0115429 0.00102869 -0.00140292 -0.000792995 -0.000891957 -0.000680984 0.00235315 -0.000871344 -0.00210587 -0.00288017 -0.0016 -0.00169066 -0.00052645 -0.00190022 -0.00145388 -0.00162965 -0.00291857 -0.00200708 -0.00252019 -0.00273813 -0.00260459 -0.00298621
internal_weight=86786 42323 44463 25508 24130 4262 19868 3646 616 14044 5824 16815 16409 14528 857 13671 1378 31069 13394 12878 1965 10913 7122 1665 30614 2117 1881 3791 1524 28497
internal_count=86786 42323 44463 25508 24130 4262 19868 3646 616 14044 5824 16815 16409 14528 857 13671 1378 31069 13394 12878 1965 10913 7122 1665 30614 2117 1881 3791 1524 28497
is_linear=0
shrinkage=0.03


Tree=81
num_leaves=31
num_cat=0
split_feature=27 27 2 33 29 2 29 2 33 29 7 2 4 31 23 19 7 2 23 30 4 27 33 0 33 7 5 4 27 18
split_gain=144.323 26.994 13.1838 16.4098 83.1476 35.799 27.808 18.9322 18.86 17.1628 7.71594 7.45447 10.2897 6.85771 7.35095 4.6258 4.55048 3.33115 4.26162 2.63183 3.98817 1.4648 2.07035 1.14246 0.849415 0.556861 0.275065 0.215198 0.150843 0.0444365
threshold=852.50000000000011 517.50000000000011 29.850000000000005 -0.84313311835787952 192.50000000000003 28.550000000000004 154.50000000000003 25.650000000000002 0.14888728888808328 261.50000000000006 0.89999999999999958 14.750000000000002 3.3000000000000003 0.6830127018922193 10.589601154031024 87.679487179487197 0.70000000000000207 22.450000000000003 14.546307062832868 0.93301270189221952 3.9499999999999997 942.50000000000011 -0.46800559042974538 28.150000000000002 -0.79382744783423187 1.3 69.500000000000014 1.3000000000000005 802.50000000000011 2.5000000000000004
decision_type=2 2 2 2 2 2 2 2 2 2 2 2 2 2 2 2 2 2 2 2 2 2 2 2 2 2 2 2 2 2
left_child=1 2 3 4 6 -6 -1 8 -5 -9 13 12 -2 14 -3 -16 19 18 -15 21 -21 22 -13 26 -25 -4 -12 -23 -19 -28
right_child=11 10 25 7 5 -7 -8 9 -10 -11 23 16 -14 17 15 -17 -18 28 -20 20 -22 27 -24 24 -26 -27 29 -29 -30 -31
leaf_value=0.032289275134468935 0.00046591987525718468 0.019945141565797391 -0.0096125838369221488 0.0092407126477639153 0.00013980289113622036 0.018948685349724641 -0.0039700008589014998 -0.0059833870964232354 0.00023373994533149478 0.0013829713790895258 -0.015738067086320674 -0.0029194591157625442 -0.013809765419635552 -0.0054579454006027078 -0.001272525761627275 -0.014615985123997425 -0.011558489514317252 -0.017223030223875408 0.002652479793105538 0.0039726418986734454 -0.012288645967078423 -0.013053107451362551 -0.0093309870885725215 -0.0032193412561925304 -0.012009509106393333 -0.0054808015853104975 -0.020392304424783746 -0.011597643167080804 -0.015114326288144837 -0.016550066622250822
leaf_weight=590 332 331 1000 3430 365 1014 3841 5688 12656 2609 318 1043 404 1692 10684 1684 28421 1657 605 336 333 309 1567 338 422 340 1784 2475 300 365
leaf_count=590 332 331 1000 3430 365 1014 3841 5688 12656 2609 318 1043 404 1692 10684 1684 28421 1657 605 336 333 309 1567 338 422 340 1784 2475 300 365
internal_value=-0.00128625 -0.000277469 0.00027085 0.000400112 0.00183273 0.00826304 -0.000169901 5.86853e-05 0.000659041 -0.00110521 -0.00113424 -0.00276738 0.000219809 -0.000878201 -0.000528898 -0.000647102 -0.00283114 -0.00192056 -0.00114491 -0.00208427 -0.000308956 -0.00230436 -0.00179242 -0.00247863 -0.00145861 -0.00263982 -0.00279214 -0.00278348 -0.00282993 -0.00291488
internal_weight=86933 51713 31533 30193 5810 1379 4431 24383 16086 8297 20180 35220 736 16953 12699 12368 34484 4254 2297 6063 669 5394 2610 3227 760 1340 2467 2784 1957 2149
internal_count=86933 51713 31533 30193 5810 1379 4431 24383 16086 8297 20180 35220 736 16953 12699 12368 34484 4254 2297 6063 669 5394 2610 3227 760 1340 2467 2784 1957 2149
is_linear=0
shrinkage=0.03


Tree=82
num_leaves=31
num_cat=0
split_feature=27 27 2 33 29 2 29 2 32 29 8 4 2 4 27 3 33 23 3 32 3 30 3 33 5 30 3 33 12 27
split_gain=143.389 24.0413 12.4513 16.302 89.399 41.2072 19.9601 18.2391 25.6399 22.8067 9.854 8.25856 5.03474 7.52448 4.74315 4.1803 3.09019 7.80112 5.77637 2.48909 2.0604 1.79325 1.45607 1.42553 1.07375 1.4993 0.663731 0.580635 0.49479 0.488105
threshold=832.50000000000011 512.50000000000011 29.850000000000005 -0.84313311835787952 192.50000000000003 28.550000000000004 154.50000000000003 25.350000000000005 0.9893236546938301 308.50000000000006 1.1500000000000006 3.5500000000000012 14.750000000000002 3.3000000000000003 897.50000000000011 27.850000000000005 0.45847758937963173 22.79337198372183 19.550000000000004 0.97508442350096236 26.650000000000002 0.93301270189221952 26.750000000000004 -0.8611288361322974 60.500000000000007 0.93301270189221952 26.950000000000003 -0.91249077947840473 0.10000000000000099 547.50000000000011
decision_type=2 2 2 2 2 2 2 2 2 2 2 2 2 2 2 2 2 2 2 2 2 2 2 2 2 2 2 2 2 2
left_child=1 2 3 4 6 -6 -1 8 -5 -9 15 16 13 -2 21 29 17 -12 -18 20 -13 22 28 -24 25 26 -16 -4 -14 -3
right_child=12 10 27 7 5 -7 -8 9 -10 -11 11 19 14 -15 24 -17 18 -19 -20 -21 -22 -23 23 -25 -26 -27 -28 -29 -30 -31
leaf_value=0.031320596880434877 0.00045194227899946924 -0.0093195777331109824 -0.003274011450872276 0.0018229403096352214 -0.00020500485730907234 0.018001284312097219 -0.0030225252379127098 -0.0025908259032838376 0.0090043035068385346 0.0056320762903661501 0.0036922584880511081 -0.012731681100339513 -0.01173934693836938 -0.013395472457046484 -0.011975641202732139 0.0013446093499811219 8.2844186796796464e-05 -0.0017418021127508009 -0.012068415057753362 0.0022217444209968141 -0.0040002651569862385 0.0019079899285591297 0.00022660974664128069 -0.006702683533458301 -0.011211734828887734 -0.0046691572472996202 -0.011981679455599293 -0.029634047856467581 -0.00751958390931564 -0.020696438757468284
leaf_weight=575 320 1051 390 13575 363 1013 3796 9327 817 493 1737 2874 1316 398 1507 468 1748 4952 1279 370 1620 307 499 557 29192 303 753 934 1129 3145
leaf_count=575 320 1051 390 13575 363 1013 3796 9327 817 493 1737 2874 1316 398 1507 468 1748 4952 1279 370 1620 307 499 557 29192 303 753 934 1129 3145
internal_value=-0.0012907 -0.000257502 0.000255753 0.000381608 0.00181785 0.00848366 -0.000282023 4.06386e-05 0.000720766 -0.000956115 -0.00109182 -0.000707771 -0.00272954 -0.000242003 -0.00277975 -0.00229196 -0.000202532 0.000157398 -0.000997689 -0.00171675 -0.00191146 -0.00177842 -0.00197116 -0.00103879 -0.00289977 -0.0023085 -0.00257408 -0.00259019 -0.00237326 -0.00259185
internal_weight=86808 50527 31283 29959 5747 1376 4371 24212 14392 9820 19244 14580 36281 718 35563 4664 9716 6689 3027 4864 4494 3808 3501 1056 31755 2563 2260 1324 2445 4196
internal_count=86808 50527 31283 29959 5747 1376 4371 24212 14392 9820 19244 14580 36281 718 35563 4664 9716 6689 3027 4864 4494 3808 3501 1056 31755 2563 2260 1324 2445 4196
is_linear=0
shrinkage=0.03


Tree=83
num_leaves=31
num_cat=0
split_feature=27 27 33 32 2 2 32 33 2 20 2 32 33 32 7 2 4 4 20 7 33 30 4 0 31 27 33 1 33 32
split_gain=141.967 25.2516 14.4126 57.3282 32.1747 19.5022 23.1383 20.7829 18.0485 16.8416 16.6622 28.9668 15.163 17.4833 8.99905 6.4766 9.91123 5.16299 5.06121 5.02603 3.40812 2.88766 4.73991 2.2711 1.95003 1.76716 2.97114 1.47244 4.05069 1.40303
threshold=847.50000000000011 492.50000000000006 -0.84313311835787952 -0.30163705152652742 29.550000000000004 25.350000000000005 0.9893236546938301 -0.6523320455745395 24.250000000000004 84.452272727272742 27.650000000000002 0.45273815774107123 0.56191161272202661 -0.97509794945709805 0.30000000000000254 14.750000000000002 3.3000000000000003 3.7000000000000002 88.267948717948727 0.70000000000000207 0.39629089145655322 0.93301270189221952 3.9499999999999997 27.050000000000004 0.6830127018922193 947.50000000000011 -0.44505783185115427 66.500000000000014 -0.22700609751797865 0.80926549319045582
decision_type=2 2 2 2 2 2 2 2 2 2 2 2 2 2 2 2 2 2 2 2 2 2 2 2 2 2 2 2 2 2
left_child=1 2 3 4 9 6 7 -4 -8 -1 -5 -12 13 -7 17 16 -2 18 20 21 -3 25 -23 -16 -19 26 -17 -25 -29 -20
right_child=15 14 5 10 -6 12 8 -9 -10 -11 11 -13 -14 -15 23 19 -18 24 29 -21 -22 22 -24 27 -26 -27 -28 28 -30 -31
leaf_value=0.01846357864994088 0.00043838401062948503 0.001173848280261352 0.014053074779285994 -0.020234488809872709 -9.9963261902145104e-05 0.001583951899963365 0.010560294011960973 0.0004487743767916049 0.0077157841494822381 0.010541588857803753 0.00063660109880207946 0.030583536827631423 0.0057105942143555917 -0.0053459512387017578 -0.015536607086378782 -0.0022514649963174416 -0.01299360828333509 -0.004889201100466819 -0.017162870101037925 -0.010875382784021103 -0.0025336566183325549 0.0045391130939270762 -0.011649672649068046 -0.010114180199880073 -0.014530969874055217 -0.010913361827201748 -0.010122638815690943 -0.0050254023612325768 0.0038645077477990411 -0.0024508254295780309
leaf_weight=406 322 5910 508 1262 344 1734 306 12621 454 449 3252 415 492 7810 4471 1184 425 2004 1037 28556 3589 338 332 556 879 2678 1721 2122 353 405
leaf_count=406 322 5910 508 1262 344 1734 306 12621 454 449 3252 415 492 7810 4471 1184 425 2004 1037 28556 3589 338 332 556 879 2678 1721 2122 353 405
internal_value=-0.00129457 -0.000286046 0.000274206 0.0015722 0.0074525 -5.83055e-05 0.000669762 0.000374942 0.00575558 0.0105666 0.000140567 0.00116385 -0.00106586 -0.00133075 -0.00107554 -0.00275186 1.20314e-05 -0.000621484 -0.000323799 -0.00281118 -7.23165e-05 -0.00204014 -0.000178838 -0.00191204 -0.00175069 -0.00226343 -0.00174983 -0.00127738 -0.000963248 -0.00197921
internal_weight=86935 51379 30053 6128 1199 23925 13889 13129 760 855 4929 3667 10036 9544 21326 35556 747 13824 10941 34809 9499 6253 670 7502 2883 5583 2905 3031 2475 1442
internal_count=86935 51379 30053 6128 1199 23925 13889 13129 760 855 4929 3667 10036 9544 21326 35556 747 13824 10941 34809 9499 6253 670 7502 2883 5583 2905 3031 2475 1442
is_linear=0
shrinkage=0.03


Tree=84
num_leaves=31
num_cat=0
split_feature=27 27 4 32 19 32 32 32 8 4 32 2 8 33 32 29 7 2 18 32 31 22 30 4 0 29 27 33 33 4
split_gain=138.281 21.1455 12.4872 12.1219 42.7867 20.8258 16.0161 19.4311 9.85213 8.23785 8.14372 7.92983 11.2809 5.10514 12.8124 5.00934 4.94977 4.20887 3.98133 4.9077 3.45689 2.88752 2.62589 4.08092 2.17922 1.81997 1.47889 2.45562 0.968936 0.741799
threshold=852.50000000000011 517.50000000000011 1.3999999999999997 0.97508442350096236 89.071794871794893 0.99274428880883148 0.82899317702918729 0.79904096188274243 1.2 3.5500000000000012 0.94425825643485939 14.750000000000002 2.7999999999999985 -0.91249077947840473 0.12545942051955489 340.50000000000006 0.70000000000000207 18.050000000000004 -5.4999999999999991 0.48314048284850658 0.6830127018922193 2472.4000000000005 0.93301270189221952 3.9499999999999997 28.050000000000004 104.50000000000001 947.50000000000011 -0.42179730054635828 -0.80417042486635371 1.7000000000000004
decision_type=2 2 2 2 2 2 2 2 2 2 2 2 2 2 2 2 2 2 2 2 2 2 2 2 2 2 2 2 2 2
left_child=1 2 3 6 5 -5 7 -1 24 18 -8 12 -2 14 -4 17 22 -15 19 -10 25 -20 26 -24 29 -11 27 -13 -26 -3
right_child=11 8 13 4 -6 -7 10 -9 9 20 -12 16 -14 15 -16 -17 -18 -19 21 -21 -22 -23 23 -25 28 -27 -28 -29 -30 -31
leaf_value=0.0016314796748844529 0.00042523249031059974 -0.012202573671045857 0.0040932022302023682 0.0085654305390706568 0.01267222779911111 -0.018117572951025139 -0.0053610060240266398 0.040803537891917117 0.0006044307776083772 0.00023682589253011665 0.0010739103106888969 -0.0024394821082365276 -0.010150067658353064 0.0047125977191780867 -0.02761703497510027 0.0030663751887930286 -0.01054912130050047 -0.006803632725157235 -0.0007788060308458434 0.014017738465844068 -0.013987587995031895 -0.012784344378883808 0.0042928137848414283 -0.011298082971270242 0.0013315912525576352 -0.0057837726284175389 -0.010585960972385696 -0.010112121682050315 -0.0035465950039383809 -0.02048053712057565
leaf_weight=21486 322 2879 417 685 435 829 2180 341 945 864 1008 1111 402 338 394 365 28559 3081 7759 301 1613 449 327 341 344 3093 2644 1605 325 1524
leaf_count=21486 322 2879 417 685 435 829 2180 341 945 864 1008 1111 402 338 394 365 28559 3081 7759 301 1613 449 327 341 344 3093 2644 1605 325 1524
internal_value=-0.00130415 -0.000315066 0.000169296 0.000415649 0.00269385 0.00030891 0.000238047 0.000528174 -0.00107568 -0.000689651 -0.00174788 -0.00275099 0.000355861 -0.00127611 0.000883004 -0.00173897 -0.00281604 -0.00209561 -0.000150397 0.00142903 -0.00160474 -0.000390304 -0.00203417 -0.00026009 -0.00221881 -0.00112709 -0.00225518 -0.00176224 -0.000622389 -0.00246117
internal_weight=86966 51655 31559 26964 1949 1514 25015 21827 20096 15024 3188 35311 724 4595 811 3784 34587 3419 9454 1246 5570 8208 6028 668 5072 3957 5360 2716 669 4403
internal_count=86966 51655 31559 26964 1949 1514 25015 21827 20096 15024 3188 35311 724 4595 811 3784 34587 3419 9454 1246 5570 8208 6028 668 5072 3957 5360 2716 669 4403
is_linear=0
shrinkage=0.03


Tree=85
num_leaves=31
num_cat=0
split_feature=27 27 32 32 2 28 32 20 32 32 32 2 8 29 4 7 3 4 31 3 30 2 1 4 27 3 4 29 11 7
split_gain=141.367 23.6849 13.7216 66.3346 17.2428 35.4933 13.2624 17.1074 12.3566 37.3604 12.3957 12.1209 8.86209 7.89045 7.47925 6.88399 4.26245 7.9701 3.56531 3.4558 3.4011 3.32717 2.69941 2.22923 2.10873 1.81757 2.50096 1.09441 0.958813 1.22797
threshold=852.50000000000011 522.50000000000011 -0.55657520495441892 -0.51297808981038739 24.650000000000002 10.500000000000002 -0.97509794945709805 81.721969696969708 -0.30983472475487867 -0.34235669412071207 -0.0053757284505435614 20.150000000000002 1.2 309.50000000000006 3.5500000000000012 0.69999999999999984 17.450000000000003 3.8500000000000019 0.6830127018922193 27.950000000000003 0.93301270189221952 14.750000000000002 80.500000000000014 5.2999999999999989 937.50000000000011 24.950000000000003 4.7999999999999989 78.500000000000014 0.29999999999999943 0.35000000000000148
decision_type=2 2 2 2 2 2 2 2 2 2 2 2 2 2 2 2 2 2 2 2 2 2 2 2 2 2 2 2 2 2
left_child=1 2 4 -4 5 -1 7 -6 9 -5 -10 -7 19 -8 20 16 17 -2 23 28 22 -17 -14 -16 25 -18 -27 -22 -3 -30
right_child=15 12 3 8 6 11 13 -9 10 -11 -12 -13 14 -15 18 21 24 -19 -20 -21 27 -23 -24 -25 -26 26 -28 -29 29 -31
leaf_value=0.0053391531723321426 0.0027120576001573365 -0.017708212703386197 0.018299760037105695 0.0029549969702621138 -0.0018509059975122088 0.0040992517454803501 -0.0061343069672242295 0.0051722702965301586 -0.0037335563050376309 0.019739053891738623 0.0015825352846379204 -0.0070144891867080349 -0.0001062598707317823 0.00524285178497796 -0.0027753224665863201 -0.0081922016743049275 -0.010387464437825169 -0.011477877615298792 -0.013558608445877867 0.0013482624901915595 0.0017183372159587831 -0.010232647661485456 -0.0053763850031347642 -0.012144554572692926 -0.01026932533858271 0.00036053915500295562 -0.010820638374512461 0.0076505974288154687 -0.0010455717557903382 -0.011131017371915778
leaf_weight=325 549 3555 514 1885 1091 321 5395 1031 3039 339 16500 839 6211 605 3204 421 1188 542 1631 429 438 28465 2456 859 2799 789 451 336 373 449
leaf_count=325 549 3555 514 1885 1091 321 5395 1031 3039 339 16500 839 6211 605 3204 421 1188 542 1631 429 438 28465 2456 859 2799 789 451 336 373 449
internal_value=-0.00127642 -0.00027988 0.000227316 0.000636008 -0.000720338 0.00225101 -0.00126382 0.000774375 0.000384166 0.00250247 0.000142937 -0.000206719 -0.00109081 -0.00198467 -0.000734343 -0.00274342 -0.00184586 -0.000140111 -0.00159298 -0.00221302 -0.000216374 -0.00293966 -0.000386595 -0.00111688 -0.0022018 -0.00155373 -0.000749396 0.00168774 -0.00246482 -0.00153828
internal_weight=87029 51825 31884 22277 9607 1485 8122 2122 21763 2224 19539 1160 19941 6000 15135 35204 6318 1091 5694 4806 9441 28886 8667 4063 5227 2428 1240 774 4377 822
internal_count=87029 51825 31884 22277 9607 1485 8122 2122 21763 2224 19539 1160 19941 6000 15135 35204 6318 1091 5694 4806 9441 28886 8667 4063 5227 2428 1240 774 4377 822
is_linear=0
shrinkage=0.03


Tree=86
num_leaves=31
num_cat=0
split_feature=25 4 33 29 3 29 3 33 29 32 32 20 29 7 7 33 32 8 33 33 3 4 4 3 25 3 4 33 29 0
split_gain=143.301 24.7502 15.2194 70.95 25.5494 36.197 20.6872 21.2028 29.7689 22.5128 17.9611 21.066 12.1969 8.11095 6.33655 6.84411 11.7537 6.66303 5.2347 8.73896 4.17933 7.68201 4.13475 4.54217 3.02659 2.14888 3.55553 2.08129 4.26999 1.92298
threshold=13.500000000000002 1.3999999999999997 -0.84313311835787952 208.50000000000003 27.050000000000004 155.50000000000003 24.750000000000004 0.14888728888808328 136.50000000000003 -0.88622299073327826 -0.97509794945709805 81.721969696969708 308.50000000000006 0.79999999999999993 0.49999999999999739 -0.94703994556331683 0.12545942051955489 3.8000000000000003 -0.95242240592625282 -0.91249077947840473 17.450000000000003 3.8500000000000019 1.8 19.450000000000003 14.500000000000002 11.450000000000001 4.7500000000000009 -0.42179730054635828 194.50000000000003 26.050000000000004
decision_type=2 2 2 2 2 2 2 2 2 2 2 2 2 2 2 2 2 2 2 2 2 2 2 2 2 2 2 2 2 2
left_child=1 2 3 4 -1 -6 7 8 -4 -9 11 -8 -12 20 17 16 -16 18 -3 -20 21 -2 23 -17 27 26 -15 28 -22 -24
right_child=13 14 6 -5 5 -7 10 9 -10 -11 12 -13 -14 25 15 22 -18 -19 19 -21 24 -23 29 -25 -26 -27 -28 -29 -30 -31
leaf_value=-0.020609461554843014 0.0025332617301151456 -0.009197024365388046 0.010264708714818847 0.017776522733035482 0.029569610274016816 0.0017453797620404553 -0.0008715581598484778 0.0051789785771621851 -0.031466666932990231 -0.00024693703905708019 -0.0054617632896199805 0.0092811347469884189 0.0050855662314286312 0.00065824156583042966 0.0058552228517494923 0.0032209588075302969 -0.026832377530582468 -0.0088231622092663914 0.0081510985061648972 -0.00044074852305822469 -0.0040398577494612569 -0.010755488736311518 -0.017022004181010412 -0.0051022725571629622 -0.0099256682316408926 -0.0099256682316408926 -0.009877227975503871 -0.0096660706796247199 0.0046925865436237236 -0.0068631116599961531
leaf_weight=1419 610 1132 2102 440 404 3477 886 551 559 10609 8211 754 640 302 592 874 467 2746 413 7579 548 589 3263 1275 4217 28043 473 1124 305 2427
leaf_count=1419 610 1132 2102 440 404 3477 886 551 559 10609 8211 754 640 302 592 874 467 2746 413 7579 548 589 3263 1275 4217 28043 473 1124 305 2427
internal_value=-0.00126371 -0.000236124 0.000314244 0.00170354 0.000741369 0.00200077 -1.38205e-05 0.000748588 0.00315439 0.000174715 -0.00101821 0.00186472 -0.00155253 -0.00270582 -0.0010325 -0.00163771 0.000625471 -0.000578722 -0.000188713 8.18209e-05 -0.00181891 -0.000197501 -0.0019435 -0.000821861 -0.00213269 -0.00293327 -0.00137242 -0.0011633 -4.56682e-05 -0.0023669
internal_weight=87031 50820 30052 5740 5300 3881 24312 13821 2661 11160 10491 1640 8851 36211 20768 8898 1059 11870 9124 7992 7393 1199 7839 2149 6194 28818 775 1977 853 5690
internal_count=87031 50820 30052 5740 5300 3881 24312 13821 2661 11160 10491 1640 8851 36211 20768 8898 1059 11870 9124 7992 7393 1199 7839 2149 6194 28818 775 1977 853 5690
is_linear=0
shrinkage=0.03


Tree=87
num_leaves=31
num_cat=0
split_feature=27 27 2 3 2 2 29 29 2 4 8 4 7 31 3 2 2 3 4 3 27 3 4 19 30 4 7 7 22 30
split_gain=143.335 23.5332 12.5038 10.2551 18.4301 19.0254 15.0929 87.7283 59.3432 14.4517 8.34381 6.99247 6.74271 4.69532 6.22797 4.56475 3.55423 3.40309 7.09541 3.03975 2.05623 1.78381 2.84797 1.18577 1.57512 0.636819 0.627508 0.609653 0.885014 0.504459
threshold=852.50000000000011 527.50000000000011 29.850000000000005 26.950000000000003 25.350000000000005 28.550000000000004 218.50000000000003 204.50000000000003 28.350000000000005 1.8 1.1500000000000006 4.5999999999999996 0.69999999999999984 0.6830127018922193 17.450000000000003 14.750000000000002 22.550000000000004 17.450000000000003 3.8500000000000019 27.950000000000003 942.50000000000011 24.950000000000003 4.7999999999999989 62.38333333333334 0.68301270189221941 1.3499999999999999 1.3 0.89999999999999958 1753.6500000000003 0.68301270189221941
decision_type=2 2 2 2 2 2 2 2 2 2 2 2 2 2 2 2 2 2 2 2 2 2 2 2 2 2 2 2 2 2
left_child=1 2 3 4 9 -6 7 -5 -8 -1 19 13 17 14 -12 -14 -15 18 -2 27 21 29 -23 -13 -25 -22 -4 28 -3 -19
right_child=12 10 26 6 5 -7 8 -9 -10 -11 11 23 15 16 -16 -17 -18 20 -20 -21 25 22 -24 24 -26 -27 -28 -29 -30 -31
leaf_value=0.0023426318947582735 0.0025337979095990002 -0.0038756774975205566 -0.0092343831052089514 0.0024161963998687416 -0.0031361446345538279 0.0045429894266647529 0.053516910738456352 0.016778438417091888 -0.0020537848715654404 -0.012957524564214376 0.0072503709365521196 -0.01337348081289433 0.00010073636079919178 -0.0020684356698708706 -0.00100976808104336 -0.0096278981846916658 -0.013274927014356419 -0.010074905659784406 -0.010925530244438389 0.0012463901820835763 -0.011015788809588279 0.00062569208987169067 -0.010304757786341035 -0.010445838261700551 0.0022968078784715924 -0.0096634755314760033 -0.0040093451475760973 -0.019649112004962017 -0.015562349663949615 -0.0057421486104284212
leaf_weight=13909 559 720 1017 4097 6788 434 422 605 3295 1231 493 1147 412 1770 9260 28445 1215 853 562 351 403 805 496 1124 309 2240 352 1815 1344 425
leaf_count=13909 559 720 1017 4097 6788 434 422 605 3295 1231 493 1147 412 1770 9260 28445 1215 853 562 351 403 805 496 1124 309 2240 352 1815 1344 425
internal_value=-0.00126002 -0.000254628 0.000244471 0.000369274 3.32685e-05 -0.00121362 0.00126164 0.00239081 -0.000167026 0.000628095 -0.00107545 -0.000749658 -0.00273657 -0.000461104 -0.000142404 -0.00293128 -0.00150201 -0.00185041 -0.000350268 -0.00225479 -0.00217232 -0.00156861 -0.000785715 -0.00217358 -0.00159624 -0.00276059 -0.00255985 -0.00249665 -0.00214141 -0.00236435
internal_weight=86898 51698 32150 30781 22362 7222 8419 4702 3717 15140 19548 15318 35200 12738 9753 28857 2985 6343 1121 4230 5222 2579 1301 2580 1433 2643 1369 3879 2064 1278
internal_count=86898 51698 32150 30781 22362 7222 8419 4702 3717 15140 19548 15318 35200 12738 9753 28857 2985 6343 1121 4230 5222 2579 1301 2580 1433 2643 1369 3879 2064 1278
is_linear=0
shrinkage=0.03


Tree=88
num_leaves=31
num_cat=0
split_feature=27 27 32 32 33 0 2 32 24 32 7 7 27 32 2 28 3 33 33 23 33 29 7 30 22 32 0 27 33 33
split_gain=137.738 21.5674 13.6971 27.7791 34.6516 36.5406 28.2752 13.0476 26.5347 20.1279 12.8724 9.82757 9.65611 6.88298 5.86907 7.20035 5.27324 9.16103 14.3247 6.70994 10.1644 5.11484 4.85785 3.07974 3.66185 2.62598 2.23066 1.44713 2.08955 1.07144
threshold=867.50000000000011 492.50000000000006 -0.65234524191686594 -0.30983472475487867 -0.84313311835787952 19.850000000000005 29.550000000000004 0.94425825643485939 2.5266405137547348 0.82899317702918729 0.19999999999999754 0.99999999999999922 132.50000000000003 -0.99763297024448894 14.750000000000002 11.500000000000002 26.650000000000002 -0.95242240592625282 -0.84313311835787952 22.79337198372183 0.45847758937963173 259.50000000000006 0.70000000000000207 0.93301270189221952 1743.2500000000002 -0.8041866928211282 28.250000000000004 937.50000000000011 -0.18493013702746822 -0.41399101439218416
decision_type=2 2 2 2 2 2 2 2 2 2 2 2 2 2 2 2 2 2 2 2 2 2 2 2 2 2 2 2 2 2
left_child=1 2 10 4 6 -6 -4 9 -9 -5 12 16 26 -12 15 -2 19 -18 -19 20 -3 -14 23 27 -25 -15 -1 28 -16 -21
right_child=14 11 3 7 5 -7 -8 8 -10 -11 13 -13 21 25 22 -17 17 18 -20 29 -22 -23 -24 24 -26 -27 -28 -29 -30 -31
leaf_value=0.0021836527219036127 -0.01176023720641416 0.0014970502127869504 0.015651692874508249 0.00058365947539412927 0.0053122226183040053 -0.0038669282178007956 -0.00013911119564929489 0.0082008377405336404 -0.003041826321418588 -0.017870568463745826 0.012504280288158611 -0.012881071281205223 0.051911403416302661 -0.0017465612892195903 -0.002752170658861239 0.00063547222803154004 -0.011841836586164708 0.0078716060568945947 -0.00098328638898709654 -0.0060213432501226996 -0.0049904674276363614 0.0049765860258467144 -0.0093390612391509153 -0.010917241767925566 0.0038572409541898552 -0.0059145105349125869 -0.0024346429445825982 -0.0093726280701631384 -0.0094843612509131706 -0.01649817048586821
leaf_weight=693 362 3433 841 12879 300 2181 336 1429 1676 2407 572 3605 329 4062 1004 340 1532 1282 2831 1831 6283 301 28056 306 303 1708 312 2888 999 1709
leaf_count=693 362 3433 841 12879 300 2181 336 1429 1676 2407 572 3605 329 4062 1004 340 1532 1282 2831 1831 6283 301 28056 306 303 1708 312 2888 999 1709
internal_value=-0.00128619 -0.000321056 0.000205215 0.000590612 0.00297786 0.000965753 0.00721477 0.000115647 0.00188828 -0.000244522 -0.000859991 -0.00102315 0.00151284 -0.00147186 -0.00276611 -5.12098e-05 -0.000749287 1.85965e-05 0.000756198 -0.00107626 -0.000668726 0.00442155 -0.0028229 -0.00200691 4.91732e-06 -0.00178305 -0.000313122 -0.00225736 -0.00163623 -0.0021943
internal_weight=86790 52532 30026 22049 3658 2481 1177 18391 3105 15286 7977 22506 1635 6342 34258 702 18901 5645 4113 13256 9716 630 33556 5500 609 5770 1005 4891 2003 3540
internal_count=86790 52532 30026 22049 3658 2481 1177 18391 3105 15286 7977 22506 1635 6342 34258 702 18901 5645 4113 13256 9716 630 33556 5500 609 5770 1005 4891 2003 3540
is_linear=0
shrinkage=0.03


Tree=89
num_leaves=31
num_cat=0
split_feature=27 27 32 32 2 28 2 32 19 29 8 3 29 33 4 2 8 31 3 29 3 27 12 29 29 31 29 0 5 4
split_gain=141.701 20.348 12.5089 73.6831 18.8174 30.1507 15.5203 11.2079 22.9965 10.7135 9.72322 9.53248 52.178 15.7953 7.60393 6.82137 9.83696 4.09727 5.71897 5.17579 3.61485 3.25472 1.92901 1.44147 1.8548 1.33216 1.68674 0.708093 0.666157 0.542216
threshold=862.50000000000011 512.50000000000011 -0.55657520495441892 -0.51297808981038739 24.650000000000002 10.500000000000002 20.350000000000005 -0.99763297024448894 81.803846153846166 308.50000000000006 1.0000000000000011 28.150000000000002 154.50000000000003 -0.99273797715557011 4.5999999999999996 14.750000000000002 2.7999999999999985 0.6830127018922193 17.750000000000004 355.50000000000006 27.950000000000003 932.50000000000011 0.10000000000000099 246.50000000000003 200.50000000000003 0.25000000000000017 200.50000000000003 30.850000000000005 10.500000000000002 1.7000000000000004
decision_type=2 2 2 2 2 2 2 2 2 2 2 2 2 2 2 2 2 2 2 2 2 2 2 2 2 2 2 2 2 2
left_child=1 2 4 -4 5 -1 -7 8 -6 -9 20 13 -13 -5 17 16 -2 18 -12 -19 29 22 27 24 -16 26 -24 -17 -23 -3
right_child=15 10 3 11 7 6 -8 9 -10 -11 14 12 -14 -15 23 21 -18 19 -20 -21 -22 28 25 -25 -26 -27 -28 -29 -30 -31
leaf_value=0.005005727101681145 0.0006164080611905931 -0.012731798923779181 0.016469334462112382 0.0097944854078899097 -0.0016345792383069657 0.0037540366688957592 -0.0067509175102438233 -0.0039192361538933082 0.012935160734870913 0.0050794804221989762 0.004706251626835487 0.028592526289538425 0.001400464839311768 -0.00032731766898995039 -0.0083768296964735478 -0.0090588894019763885 -0.0098945186939815247 -0.0061296095733670902 -0.0010610223498982614 0.0034682900301872275 0.0012080803274070111 -0.0095048742407000016 -0.0064665452779972691 -0.012746213385521666 0.00099136755623509157 -0.0076468206819350782 0.0026380420147910722 -0.0090535923400862622 -0.0090588894019763885 -0.017959688948934436
leaf_weight=314 318 2573 514 486 360 334 824 6642 300 686 731 310 2889 17747 1435 1961 401 2823 9897 317 368 590 744 1052 370 599 449 377 29140 1482
leaf_count=314 318 2573 514 486 360 334 824 6642 300 686 731 310 2889 17747 1435 1961 401 2823 9897 317 368 590 744 1052 370 599 449 377 29140 1482
internal_value=-0.00127133 -0.000288477 0.000195242 0.000588326 -0.000716627 0.00239918 0.000160482 -0.00129103 0.00245083 -0.00162833 -0.00101021 0.000318853 0.00182906 5.37999e-05 -0.000677554 -0.0027622 0.000129166 -0.000385214 -0.000103867 -0.00133715 -0.00226017 -0.0028236 -0.00203341 -0.00208572 -0.00156977 -0.00129169 -0.000711056 -0.00260111 -0.0029333 -0.00251849
internal_weight=87033 52454 31406 21946 9460 1472 1158 7988 660 7328 21048 21432 3199 18233 16625 34579 719 13768 10628 3140 4423 33860 4130 2857 1805 1792 1193 2338 29730 4055
internal_count=87033 52454 31406 21946 9460 1472 1158 7988 660 7328 21048 21432 3199 18233 16625 34579 719 13768 10628 3140 4423 33860 4130 2857 1805 1792 1193 2338 29730 4055
is_linear=0
shrinkage=0.03


Tree=90
num_leaves=31
num_cat=0
split_feature=27 27 32 32 33 7 32 32 32 32 8 23 8 7 0 31 33 0 0 24 27 31 32 32 19 24 8 27 19 33
split_gain=136.003 19.3386 14.4365 70.7714 12.0124 12.7709 13.9419 10.8125 37.2378 12.6828 8.41723 7.84033 6.64642 6.30831 6.94339 4.83147 5.79221 3.35685 2.594 2.46276 2.28542 2.38803 2.53102 1.34588 1.88551 1.20194 4.22721 0.747014 0.72354 1.6795
threshold=862.50000000000011 527.50000000000011 -0.55657520495441892 -0.51297808981038739 -0.46800559042974538 0.20000000000000198 -0.93545489084327571 -0.30983472475487867 -0.34235669412071207 -0.0053757284505435614 1.2 25.606821385637872 4.4000000000000004 1.1000000000000008 14.15 0.6830127018922193 0.74298546529340237 22.550000000000004 27.750000000000004 1.9880863922085974 942.50000000000011 0.25000000000000017 -0.30163705152652742 0.48314048284850658 62.38333333333334 2.1074431910732918 2.0500000000000003 592.50000000000011 77.138095238095261 0.39629089145655322
decision_type=2 2 2 2 2 2 2 2 2 2 2 2 2 2 2 2 2 2 2 2 2 2 2 2 2 2 2 2 2 2
left_child=1 2 4 -4 19 6 -6 8 -5 -9 18 -7 15 14 -2 16 -12 -17 28 -1 21 22 -16 -14 -25 26 -22 -20 29 -3
right_child=13 10 3 7 5 11 -8 9 -10 -11 12 -13 23 -15 20 17 -18 -19 27 -21 25 -23 -24 24 -26 -27 -28 -29 -30 -31
leaf_value=-0.0026084273397261465 0.00059791581935487613 7.6768099258377323e-05 0.015816129094263515 0.0015400793342811741 -0.00064096015465142208 -0.0015765873659262029 0.0067914938570283563 -0.0043852460822963622 0.019209838805919144 0.0011429282369910985 -0.00088304672560809896 0.011741097057467708 -0.013044856539130826 -0.0087871227199170961 0.002869496262592855 -0.0022652679091838958 0.010005960955902836 -0.011852333129944815 -0.0024423437491731745 -0.0074172743834851583 -0.0087871227199170961 -0.0087871227199170961 -0.0060322282912741703 -0.0061265552277195018 0.00065280063260760143 -0.0087871227199170961 0.0030316296071253778 0.00099753143309197511 -0.015035204311831942 -0.012912135250059418
leaf_weight=318 422 315 515 1893 908 4739 1260 3040 348 16556 9738 376 1641 25451 644 1811 301 1249 363 2147 1366 1378 1305 332 372 3752 304 302 2786 900
leaf_count=318 422 315 515 1893 908 4739 1260 3040 348 16556 9738 376 1641 25451 644 1811 301 1249 363 2147 1366 1378 1305 332 372 3752 304 302 2786 900
internal_value=-0.0012846 -0.00031775 0.000139247 0.000559387 -0.000824085 -0.000211286 0.00171784 0.000299889 0.00227342 7.40923e-05 -0.00104719 -0.00102913 -0.000709745 -0.00274257 -0.00206749 -0.000446337 -0.000128188 -0.00148971 -0.0021637 -0.00263382 -0.0022488 -0.00162891 -0.000952308 -0.00218031 -0.00108085 -0.0026288 -0.00195691 -0.000427929 -0.00245202 -0.00183799
internal_weight=86832 52210 32100 22352 9748 7283 2168 21837 2241 19596 20110 5115 15444 34622 9171 13099 10039 3060 4666 2465 8749 3327 1949 2345 704 5422 1670 665 4001 1215
internal_count=86832 52210 32100 22352 9748 7283 2168 21837 2241 19596 20110 5115 15444 34622 9171 13099 10039 3060 4666 2465 8749 3327 1949 2345 704 5422 1670 665 4001 1215
is_linear=0
shrinkage=0.03


Tree=91
num_leaves=31
num_cat=0
split_feature=27 27 32 32 29 22 5 32 32 32 7 7 29 0 29 31 0 22 1 0 33 12 19 32 0 27 0 29 33 30
split_gain=134.7 17.6771 15.1421 69.7033 12.2808 17.954 14.6469 10.648 34.9128 10.9733 8.29385 6.42981 7.77312 5.46195 18.3156 5.4298 5.30596 5.98806 4.56312 6.82104 4.39347 2.25466 1.9633 1.89894 3.03454 1.57091 1.55825 1.34067 1.24291 0.955149
threshold=852.50000000000011 517.50000000000011 -0.55657520495441892 -0.51297808981038739 261.50000000000006 2388.0500000000006 36.500000000000007 -0.30983472475487867 -0.44504625642270151 -0.0053757284505435614 0.89999999999999958 1.1499999999999988 350.50000000000006 27.650000000000002 246.50000000000003 0.6830127018922193 22.250000000000004 1396.3500000000001 78.500000000000014 18.850000000000005 -0.91249077947840473 0.14999999999999861 87.416666666666686 0.99466373373798567 26.150000000000002 902.50000000000011 27.150000000000002 142.50000000000003 -0.75013812021657655 0.93301270189221952
decision_type=2 2 2 2 2 2 2 2 2 2 2 2 2 2 2 2 2 2 2 2 2 2 2 2 2 2 2 2 2 2
left_child=1 2 4 -4 13 6 -6 8 -5 -9 15 12 21 14 -1 18 17 -17 19 -3 -20 29 25 -13 -25 -23 -12 -24 -28 -2
right_child=11 10 3 7 5 -7 -8 9 -10 -11 26 23 -14 -15 -16 16 -18 -19 20 -21 -22 22 27 24 -26 -27 28 -29 -30 -31
leaf_value=0.050318391140395234 -0.0085235090383195822 0.019208115682640827 0.015301759205605182 -0.018641860300930926 0.0044489806255211721 0.01138886414574368 -0.0012137482645040443 -0.003560553333280776 0.0062565659945444359 0.0011148609065096248 -0.0143169055340412 -0.0085235090383195822 0.00057997834477423009 -0.010831137824720942 -0.0092468258487869628 -0.0041135185295885805 -0.013486563122332713 0.0051516022771010157 0.0020319007678098714 -0.00044882087119452852 -0.0064370652781100737 -0.0036385910922151605 0.00024379920349439698 0.00024379920349439698 -0.0085235090383195822 -0.0085235090383195822 -0.0011864998343676396 -0.0064970429611646363 -0.010193454394209525 -0.0086187808503100441
leaf_weight=395 5904 346 521 762 1062 498 4205 3070 1440 16246 2094 24264 572 2471 948 1622 1979 614 913 7142 4303 1057 302 302 461 1308 498 322 589 643
leaf_count=395 5904 346 521 762 1062 498 4205 3070 1440 16246 2094 24264 572 2471 948 1622 1979 614 913 7142 4303 1057 302 302 461 1308 498 322 589 643
internal_value=-0.00124979 -0.000275992 0.000166228 0.000599046 -0.000829541 4.42241e-05 -0.000470957 0.00033626 0.0023123 0.000110886 -0.000971594 -0.00268315 -0.00204412 -0.00214994 -0.000609376 -0.00070727 -0.00164018 -0.000638356 -0.000397639 7.69121e-05 -0.00107878 -0.00224788 -0.00156421 -0.00294115 -0.00146466 -0.001959 -0.00237681 -6.72007e-05 -0.00145313 -0.00255971
internal_weight=86853 51718 31618 22039 9579 5765 5267 21518 2202 19316 20100 35135 10108 3814 1343 16919 4215 2236 12704 7488 5216 9536 2989 25027 763 2365 3181 624 1087 6547
internal_count=86853 51718 31618 22039 9579 5765 5267 21518 2202 19316 20100 35135 10108 3814 1343 16919 4215 2236 12704 7488 5216 9536 2989 25027 763 2365 3181 624 1087 6547
is_linear=0
shrinkage=0.03


Tree=92
num_leaves=31
num_cat=0
split_feature=25 4 33 29 0 32 3 3 29 33 33 29 7 7 24 31 3 0 33 32 4 4 8 24 25 21 23 8 24 31
split_gain=134.682 18.5212 13.8116 64.6876 24.5997 27.1941 22.6754 22.317 33.7806 17.7136 10.1006 9.97954 8.17804 8.15903 6.7251 6.46761 8.02376 6.19652 5.03785 9.34065 4.13228 3.53541 2.82815 12.2076 2.54714 2.08512 1.50866 2.20314 1.39502 0.676994
threshold=13.500000000000002 1.3999999999999997 -0.84313311835787952 208.50000000000003 25.050000000000004 0.9893236546938301 23.650000000000002 27.050000000000004 155.50000000000003 -0.6523320455745395 -0.59867820553660911 359.50000000000006 1.1000000000000008 0.49999999999999739 3.9529083214792817 0.6830127018922193 17.750000000000004 13.950000000000001 -0.91249077947840473 0.12545942051955489 1.7500000000000002 2.5999999999999992 2.9499999999999997 2.7471616766825266 14.500000000000002 1.1945024730784624 24.597852896438351 1.4000000000000015 1.3990729829847466 -0.9330127018922193
decision_type=2 2 2 2 2 2 2 2 2 2 2 2 2 2 2 2 2 2 2 2 2 2 2 2 2 2 2 2 2 2
left_child=1 2 3 7 5 9 -7 29 -9 -4 28 13 17 15 -12 16 -3 -2 19 -15 -14 -17 26 -24 -25 -20 -19 -28 -6 -1
right_child=12 11 4 -5 10 6 -8 8 -10 -11 14 -13 20 18 -16 21 -18 22 25 -21 -22 -23 23 24 -26 -27 27 -29 -30 -31
leaf_value=-0.023831476230814202 0.00056257899443100281 0.0059822179358183323 0.013081417940337276 0.014842706429437032 -0.012720268392288818 0.0095377161665544819 0.0063479668733819284 0.027667016826547233 0.0016768835359469759 0.00031232148264340507 -0.00013841835625086674 0.0054349176954654327 -0.0084951988210937579 0.0043918510608906038 -0.0036230147045716037 -0.0015172782704045277 -0.00130712598606943 -0.0082678037671699966 -0.0086395776734233144 -0.016933908518830185 -0.0082678037671699966 -0.010712936523501852 0.0040985683594828657 -0.0035496621991427117 -0.0082678037671699966 -0.0057048791081146131 0.0022868053414911225 -0.0082678037671699966 -0.0090960725069181066 -0.011387111078448843
leaf_weight=1034 399 614 539 418 356 304 474 398 3491 12926 5728 300 475 671 1583 1063 8324 3718 4304 706 25353 1644 300 1847 2807 3166 305 911 2476 354
leaf_count=1034 399 614 539 418 356 304 474 398 3491 12926 5728 300 475 671 1583 1063 8324 3718 4304 706 25353 1644 300 1847 2807 3166 305 911 2476 354
internal_value=-0.00124423 -0.000249617 0.000226281 0.00155635 -8.43899e-05 0.000719671 0.00616945 0.000655361 0.00182082 0.000404351 -0.00121343 -0.000938105 -0.00264523 -0.00101771 -0.000624043 -0.000495879 -0.000106724 -0.00192953 -0.00170445 -3.70109e-05 -0.0029302 -0.00178028 -0.00207746 -0.00157054 -0.00194887 -0.00201178 -0.00258602 -0.00166639 -0.0027342 -0.00260907
internal_weight=86988 50873 30081 5695 24386 14243 778 5277 3889 13465 10143 20792 36115 20492 7311 11645 8938 10287 8847 1377 25828 2707 9888 4954 4654 7470 4934 1216 2832 1388
internal_count=86988 50873 30081 5695 24386 14243 778 5277 3889 13465 10143 20792 36115 20492 7311 11645 8938 10287 8847 1377 25828 2707 9888 4954 4654 7470 4934 1216 2832 1388
is_linear=0
shrinkage=0.03


Tree=93
num_leaves=31
num_cat=0
split_feature=25 25 2 32 32 29 2 28 23 7 32 7 0 24 15 32 12 3 23 24 31 0 32 25 32 0 5 24 24 23
split_gain=134.26 15.8837 11.2541 10.7646 31.0992 37.6194 12.1509 39.2841 11.2016 8.90784 8.52396 7.9339 6.46885 4.97021 6.14395 7.21388 2.802 2.18247 4.38868 2.0821 2.06171 2.45858 1.77825 2.07681 1.6154 2.47465 1.01046 1.27782 1.3738 0.965372
threshold=13.500000000000002 7.5000000000000009 29.850000000000005 -0.65234524191686594 -0.30983472475487867 218.50000000000003 24.650000000000002 10.500000000000002 15.395791091040074 0.99999999999999922 -0.97113884758256674 1.1999999999999977 14.15 7.7278996185819517 0.10349107938566031 0.97508442350096236 0.14999999999999861 17.450000000000003 14.161070825180106 4.0588498115884759 0.25000000000000017 24.650000000000002 -0.54220184589352438 10.500000000000002 0.99466373373798567 26.250000000000004 497.50000000000006 2.7660998405108068 5.7336099259459674 25.371861623676633
decision_type=2 2 2 2 2 2 2 2 2 2 2 2 2 2 2 2 2 2 2 2 2 2 2 2 2 2 2 2 2 2
left_child=1 2 3 6 5 -5 7 -1 -6 13 -8 12 -2 14 19 -16 17 18 -14 -3 21 -18 -15 -24 -13 -26 27 -11 -29 -19
right_child=11 9 -4 4 8 -7 10 -9 -10 26 -12 24 16 22 15 -17 20 29 -20 -21 -22 -23 23 -25 25 -27 -28 28 -30 -31
leaf_value=0.0048150770787047936 0.00054570162459807226 -0.012894799299654612 -0.0065902863110090144 0.012930303735394784 -0.0015150964396841715 0.0037157559932624817 0.0002141874806044175 -0.0057753558944984547 0.00084280082642658623 -0.017554210956086082 -0.004514718004557325 -0.0080197696541548964 -0.0079727826057019828 -0.011678006753286818 -0.0010495925391879161 0.0051538325265025244 0.00049134119202237756 -0.0080197696541548964 0.0032915489670134975 -0.0014508724106913275 -0.0070085460373891535 -0.0042009827838110012 0.0010584961710448616 -0.0071718991787546992 0.00049134119202237756 -0.0080197696541548964 -0.017601992493584743 -0.0013151946909054201 -0.0099702859360336054 -0.0080197696541548964
leaf_weight=306 436 2000 1210 906 4719 2066 1981 512 12657 805 4567 24554 508 1022 12003 1000 308 5021 302 686 1088 2062 436 1213 309 448 1517 619 331 1182
leaf_count=306 436 2000 1210 906 4719 2066 1981 512 12657 805 4567 24554 508 1022 12003 1000 308 5021 302 686 1088 2062 436 1213 309 448 1517 619 331 1182
internal_value=-0.00125373 -0.000254921 0.000204943 0.00032863 0.000684357 0.00351968 -0.000653998 0.00279121 0.000199228 -0.000869783 -0.00108475 -0.00264789 -0.00197112 -0.000612712 -0.000408987 -0.000139112 -0.00212023 -0.00246493 -0.000998768 -0.00171492 -0.00142064 -0.000923662 -0.00180876 -0.00119818 -0.00293944 -0.00157124 -0.00231164 -0.00181948 -0.00107256 -0.00265619
internal_weight=86774 50556 28924 27714 20348 2972 7366 818 17376 21632 6548 36218 10907 18360 15689 13003 10471 7013 810 2686 3458 2370 2671 1649 25311 757 3272 1755 950 6203
internal_count=86774 50556 28924 27714 20348 2972 7366 818 17376 21632 6548 36218 10907 18360 15689 13003 10471 7013 810 2686 3458 2370 2671 1649 25311 757 3272 1755 950 6203
is_linear=0
shrinkage=0.03


Tree=94
num_leaves=31
num_cat=0
split_feature=27 4 33 29 0 19 2 32 33 29 0 32 32 32 20 3 33 29 2 4 24 4 27 4 32 33 33 19 29 32
split_gain=133.112 19.0494 13.8751 59.1325 27.9931 26.0195 24.7897 26.9106 38.1824 22.5176 56.0721 18.7689 16.5661 13.4883 12.4829 8.24214 5.95695 6.57596 5.44194 8.58558 4.12259 4.76588 3.52087 2.58682 5.13922 2.24295 1.77596 1.98973 1.73027 1.77198
threshold=862.50000000000011 1.8499999999999999 -0.84313311835787952 204.50000000000003 29.450000000000003 84.138095238095261 25.350000000000005 0.9893236546938301 0.029024409397335523 154.50000000000003 27.050000000000004 0.73283908552571664 -0.18492532721306487 -0.97113884758256674 81.319623655913986 27.250000000000004 0.76556758748011056 46.500000000000007 14.750000000000002 3.3000000000000003 3.8721632605412162 4.5000000000000018 932.50000000000011 1.7500000000000002 0.83849049182116964 -0.99273797715557011 -0.84313311835787952 78.471428571428589 355.50000000000006 0.39827038710620805
decision_type=2 2 2 2 2 2 2 2 2 2 2 2 2 2 2 2 2 2 2 2 2 2 2 2 2 2 2 2 2 2
left_child=1 2 3 9 5 -5 7 11 -9 10 -1 -4 -11 14 -8 -15 17 -3 19 -2 25 -22 26 24 -24 -19 27 -20 29 -18
right_child=18 16 6 4 -6 -7 13 8 -10 12 -12 -13 -14 15 -16 -17 28 20 22 -21 21 -23 23 -25 -26 -27 -28 -29 -30 -31
leaf_value=-0.010282865618595495 0.0005293305758601308 0.0099693572820263483 0.0018191222015426676 0.013561896491494784 0.0007247679525308737 0.012542394623332934 -0.00089567164960126797 -0.011277302786375216 0.0082687102642221514 0.0060374269128110033 0.026811722296958003 -0.0033170914910247437 -0.0054851986782688761 -0.0027875467135550468 0.0045545230704779355 -0.012197442572669496 -0.011281373808413375 0.00039242797284954277 0.00066682489043297876 -0.010102648374015441 -0.00052100391123426223 -0.0073050356511398171 -0.0080050468287264261 -0.0077791765645302486 0.00047660095626170625 -0.011001366719079536 -0.0077791765645302486 -0.0077771213444528713 -0.0025093781381041675 -0.0024415513419103804
leaf_weight=471 312 330 10576 309 300 305 1226 316 555 943 301 4763 4244 6993 932 3137 2644 429 522 404 6204 2122 1155 28091 327 4252 3224 327 461 602
leaf_count=471 312 330 10576 309 300 305 1226 316 555 943 301 4763 4244 6993 932 3137 2644 429 522 404 6204 2122 1155 28091 327 4252 3224 327 461 602
internal_value=-0.00124583 -0.000294472 0.000102538 0.00131234 0.00841311 0.012078 -0.000189271 0.000581086 0.00570757 0.000221979 0.00499871 0.000289634 -0.000489785 -0.00120547 0.00094766 -0.0016642 -0.00111833 -0.000822538 -0.00269697 -0.000108787 -0.000928737 -0.000528162 -0.00275204 -0.002866 -0.00164262 -0.00164097 -0.00192415 -0.000702354 -0.00218204 -0.00242624
internal_weight=86777 52415 35371 6873 914 614 28498 16210 871 5959 772 15339 5187 12288 2158 10130 17044 13337 34362 716 13007 8326 33646 29573 1482 4681 4073 849 3707 3246
internal_count=86777 52415 35371 6873 914 614 28498 16210 871 5959 772 15339 5187 12288 2158 10130 17044 13337 34362 716 13007 8326 33646 29573 1482 4681 4073 849 3707 3246
is_linear=0
shrinkage=0.03


Tree=95
num_leaves=30
num_cat=0
split_feature=25 29 7 32 32 29 32 32 3 7 29 23 32 32 2 3 25 32 20 31 7 3 29 32 29 8 7 29 25
split_gain=131.858 14.3519 13.4358 15.0339 40.5737 46.7914 10.0189 20.9484 11.1588 8.86626 6.11535 4.81937 4.28654 4.70522 3.35037 5.0177 3.28875 2.44706 4.13406 2.33405 1.79554 1.76602 1.33535 1.1687 0.361887 0.279032 0.121657 0.1674 0.00317116
threshold=13.500000000000002 362.50000000000006 1.3 0.97508442350096236 0.98049069993378934 84.500000000000014 0.82899317702918729 0.80926549319045582 17.450000000000003 1.1000000000000008 350.50000000000006 24.713556976655429 0.12545942051955489 -0.41398024697495356 18.950000000000003 15.550000000000002 14.500000000000002 0.99466373373798567 81.00833333333334 0.25000000000000017 0.19999999999999754 25.150000000000002 200.50000000000003 0.89017062131308955 326.50000000000006 3.2999999999999985 1.2000000000000004 170.50000000000003 14.500000000000002
decision_type=2 2 2 2 2 2 2 2 2 2 2 2 2 2 2 2 2 2 2 2 2 2 2 2 2 2 2 2 2
left_child=1 2 3 6 -5 -6 7 -1 -8 10 16 14 13 -13 15 -4 19 26 -19 22 21 -18 -2 -22 -16 -21 27 -11 -28
right_child=9 -3 11 4 5 -7 8 -9 -10 17 -12 12 -14 -15 24 -17 20 18 -20 25 23 -23 -24 -25 -26 -27 28 -29 -30
leaf_value=-0.00028303699633271513 -0.0038362628646559024 0.0046129472861169332 -0.021760070008862421 0.01322463934580383 0.008978239348838386 -0.0076644432011684135 0.0028731389628159337 0.039763441737983081 -0.0078335122391366922 -0.0075458012675943412 0.00051345065858432676 -0.00072463850295432803 -0.007597508918878876 0.0026208288044219808 -0.014266806279726492 0.00046417520165105885 -0.0074024450702456822 -0.0075458012675943412 0.00046230292757385436 -0.0086164862868365489 -0.0075458012675943412 0.0025843820696225084 0.0025618141545385295 -0.0075458012675943412 -0.01414857031187117 -0.0067755623886252342 -0.0082343015710122092 -0.0075458012675943412 -0.0075458012675943412
leaf_weight=36124 1086 416 590 411 567 2280 1176 402 3942 674 576 652 558 337 2516 321 551 483 301 395 5291 335 543 951 440 622 707 537 23155
leaf_count=36124 1086 416 590 411 567 2280 1176 402 3942 674 576 652 558 337 2516 321 551 483 301 395 5291 335 543 951 440 622 707 537 23155
internal_value=-0.0012491 -0.000262079 -0.000308008 -0.000137764 0.00182449 0.000550912 -0.00029132 -0.00011712 -0.00153428 -0.00263204 -0.00188967 -0.00171967 -0.000304264 0.000881817 -0.00228568 -0.00069408 -0.0020667 -0.00292911 -0.00127643 -0.00116283 -0.00240202 -0.00113642 -0.000458283 -0.00258145 -0.00277579 -0.00228978 -0.00298074 -0.00267574 -0.0029961
internal_weight=86939 50732 50316 44902 3258 2847 41644 36526 5118 36207 10350 5414 1547 989 3867 911 9774 25857 784 2646 7128 886 1629 6242 2956 1017 25073 1211 23862
internal_count=86939 50732 50316 44902 3258 2847 41644 36526 5118 36207 10350 5414 1547 989 3867 911 9774 25857 784 2646 7128 886 1629 6242 2956 1017 25073 1211 23862
is_linear=0
shrinkage=0.03


Tree=96
num_leaves=31
num_cat=0
split_feature=25 4 39 33 32 0 3 32 32 33 7 7 31 3 0 3 3 4 33 8 24 33 25 2 3 32 30 34 7 32
split_gain=133.425 17.0577 12.1564 12.7297 60.3735 38.2255 26.3046 25.6687 12.2734 11.3688 7.86471 6.96324 6.525 6.15935 4.59273 4.15798 5.18913 4.06537 4.03294 3.00516 10.2417 2.93978 2.71964 2.17202 2.74045 1.24706 0.964361 0.611192 0.980231 0.481338
threshold=13.500000000000002 2.0999999999999992 1.0000000180025095e-35 -0.84313311835787952 -0.36647417525074694 29.550000000000004 24.950000000000003 0.9893236546938301 0.46800856592688472 -0.61236746317008228 1.1000000000000008 1.000000000000002 0.6830127018922193 17.750000000000004 14.15 27.150000000000002 27.650000000000002 1.7500000000000002 0.41202506375868281 2.9499999999999997 2.77768650238596 -0.96234030595689413 14.500000000000002 22.550000000000004 18.150000000000002 -0.92923668111203805 -0.93301270189221908 1.0000000180025095e-35 0.4000000000000013 0.96465729447553372
decision_type=2 2 2 2 2 2 2 2 2 2 2 2 2 2 2 2 2 2 2 2 2 2 2 2 2 2 2 2 2 2
left_child=1 2 3 4 5 -1 7 -5 -6 -8 14 12 13 -3 -2 27 -17 -12 -15 26 -21 -13 -22 24 -14 -23 -16 28 -4 -28
right_child=10 11 15 6 8 -7 9 -9 -10 -11 17 21 23 18 19 16 -18 -19 -20 20 22 25 -24 -25 -26 -27 29 -29 -30 -31
leaf_value=0.013146361705684661 0.00049804713882679701 0.0054422628808769458 -0.018080292996597976 0.00065265427201867355 -0.001893524212488229 -9.7349510544875168e-05 -0.0075688714080120196 0.0073174947103678443 0.025813303884329661 -0.00065703402097780914 -0.007538521385836802 9.3888380093112291e-05 -0.0047844463386220804 -0.0012158358499821244 -0.0073194272295665106 0.0056914151569020088 -0.015466231878817292 -0.0073194272295665106 -0.012224890142618603 0.0044206204079014454 -0.0030104396123137537 -0.0079973894740556356 -0.0073194272295665106 -0.014467996475068828 0.0052118997170545363 -0.017673079042877009 -0.0073194272295665106 -0.029210107810965481 -0.0035631238279659641 -0.0073194272295665106
leaf_weight=620 435 506 574 16451 4679 310 2894 948 664 7635 482 303 934 6480 579 315 319 25057 670 306 1839 325 2798 1429 304 2712 4100 959 730 333
leaf_count=620 435 506 574 16451 4679 310 2894 948 664 7635 482 303 934 6480 579 315 319 25057 670 306 1839 325 2798 1429 304 2712 4100 959 730 333
internal_value=-0.00124615 -0.00025596 7.77911e-05 0.000235863 0.00145696 0.00850698 -3.84554e-05 0.000677758 0.00022848 -0.00122194 -0.00264506 -0.00116211 -0.000776735 -0.000331462 -0.0019488 -0.00178779 0.000359054 -0.00292823 -0.000557965 -0.00208066 -0.00155522 -0.00235259 -0.00190621 -0.00205435 -0.00113317 -0.00263364 -0.00259844 -0.00238913 -0.00196322 -0.00274899
internal_weight=86690 50761 37098 34201 6273 930 27928 17399 5343 10529 35929 13663 10323 7656 10390 2897 634 25539 7150 9955 4943 3340 4637 2667 1238 3037 5012 2263 1304 4433
internal_count=86690 50761 37098 34201 6273 930 27928 17399 5343 10529 35929 13663 10323 7656 10390 2897 634 25539 7150 9955 4943 3340 4637 2667 1238 3037 5012 2263 1304 4433
is_linear=0
shrinkage=0.03


Tree=97
num_leaves=31
num_cat=0
split_feature=25 4 2 2 33 20 7 23 33 31 29 33 33 2 4 32 33 4 32 7 2 19 32 29 23 23 33 4 0 22
split_gain=131.462 20.8631 10.6741 25.3243 16.437 9.57446 7.82491 7.71066 13.4588 6.88219 6.16537 5.79131 47.4971 5.60501 7.95514 4.31067 4.0804 3.3748 5.97968 2.77691 2.87732 4.91337 2.39716 1.90281 1.39624 1.35188 1.59803 0.926881 0.716496 0.264109
threshold=14.500000000000002 1.9500000000000013 29.250000000000004 29.150000000000002 -0.99628250747696534 90.075000000000003 0.99999999999999922 25.116270567665065 -0.79382744783423187 0.6830127018922193 42.500000000000007 -0.93237865822738086 -0.89787881968372518 14.750000000000002 3.3999999999999999 0.97112537654464559 -0.99273797715557011 1.7500000000000002 0.83849049182116964 0.64999999999999869 21.150000000000002 85.850000000000009 -0.71504373327588355 355.50000000000006 24.182062974170933 24.524270120953222 -0.57077231802681661 2.100000000000001 30.650000000000002 2356.3000000000006
decision_type=2 2 2 2 2 2 2 2 2 2 2 2 2 2 2 2 2 2 2 2 2 2 2 2 2 2 2 2 2 2
left_child=1 2 3 4 -1 -6 9 8 -4 10 -3 29 -13 14 -2 -12 -8 18 24 20 21 -19 -11 -24 -15 27 -27 -18 -22 -9
right_child=13 6 7 -5 5 -7 16 11 -10 22 15 12 -14 17 -16 -17 25 19 -20 -21 28 -23 23 -25 -26 26 -28 -29 -30 -31
leaf_value=0.0095871794370896435 0.0004831057246619935 0.0085979163749469369 0.0059216009416913091 0.025038904767799772 0.00074802650519950674 -0.0032985202246491267 0.00031685350284356596 -0.0067216608277703696 -0.00086884173476232897 0.0027873847640950107 -0.0027754383232372584 0.0044429220737377401 -0.0016162544749755536 -0.0073123657442616978 -0.0093536120678801519 0.0024594067780452553 -0.0015824017313838896 -0.0066853515831953548 0.00067458948132174284 -0.0070998444126795148 -0.0076236288879909641 0.00318773973144853 -0.0083449456667907124 -0.0023079945806308588 -0.0055458653161401606 -0.0097020743276533348 0.00050555359814011226 -0.0093630727754851727 -0.0081684234294662917 -0.013753799266136513
leaf_weight=419 300 329 304 497 22768 6952 350 312 569 413 8607 376 2415 948 366 958 349 339 346 27060 1807 304 2585 423 310 1029 312 2944 742 1656
leaf_count=419 300 329 304 497 22768 6952 350 312 569 413 8607 376 2415 948 366 958 349 339 346 27060 1807 304 2585 423 310 1029 312 2944 742 1656
internal_value=-0.0012411 -0.000341245 7.54356e-05 0.000296112 0.000185235 0.000101947 -0.00116705 -0.0011248 0.00146567 -0.000787399 -0.000386256 -0.00160021 -0.000720989 -0.00275085 -2.69872e-05 -0.000525299 -0.00218094 -0.0028078 -0.00146542 -0.00287892 -0.00204071 -0.000246895 -0.00194711 -0.00224128 -0.00242574 -0.00241683 -0.00161177 -0.00274408 -0.00249294 -0.00284612
internal_weight=87089 54567 36268 30636 30139 29720 18299 5632 873 13315 9894 4759 2791 32522 666 9565 4984 31856 1604 30252 3192 643 3421 3008 1258 4634 1341 3293 2549 1968
internal_count=87089 54567 36268 30636 30139 29720 18299 5632 873 13315 9894 4759 2791 32522 666 9565 4984 31856 1604 30252 3192 643 3421 3008 1258 4634 1341 3293 2549 1968
is_linear=0
shrinkage=0.03


Tree=98
num_leaves=31
num_cat=0
split_feature=27 4 2 33 33 3 2 33 7 31 3 33 33 7 3 4 4 33 4 8 33 2 3 30 12 8 27 33 7 27
split_gain=129.478 17.4831 10.2628 12.878 50.7844 28.1106 20.5092 14.2214 7.84422 7.77155 8.01536 6.34044 5.25758 5.12418 4.85843 8.30059 7.48744 4.23537 3.78176 2.83547 2.30928 2.29994 3.95255 1.73263 1.67379 1.99583 1.27308 1.14967 1.02225 0.729808
threshold=882.50000000000011 1.9500000000000013 29.750000000000004 -0.84313311835787952 -0.8611288361322974 26.750000000000004 25.350000000000005 -0.6523320455745395 0.79999999999999816 0.6830127018922193 17.750000000000004 -0.59867820553660911 0.41202506375868281 1.1499999999999988 17.450000000000003 3.8500000000000019 3.2999999999999985 -0.99273797715557011 1.7500000000000002 0.80000000000000038 0.56191161272202661 22.550000000000004 18.250000000000004 -0.93301270189221908 0.14999999999999861 1.4500000000000004 937.50000000000011 -0.91595872546125101 2.0999999999999992 962.50000000000011
decision_type=2 2 2 2 2 2 2 2 2 2 2 2 2 2 2 2 2 2 2 2 2 2 2 2 2 2 2 2 2 2
left_child=1 2 3 4 5 -1 7 -5 9 10 20 -8 -12 14 15 16 -2 -10 -15 -4 -3 22 -11 -19 29 -26 -27 -21 -25 -16
right_child=13 8 19 6 -6 -7 11 -9 17 21 12 -13 -14 18 24 -17 -18 23 -20 27 -22 -23 -24 28 25 26 -28 -29 -30 -31
leaf_value=-0.017061413220028854 -0.0016057190848035151 0.0028671580881419541 -0.0044939742284691954 0.01257558839786152 0.012729530059358129 0.004309634411525618 -0.0052040846013833159 0.00096814711996072054 0.00038214642114036768 -0.0041309840745467558 -0.00075695892031420252 -0.0010023898335007352 -0.011519549727999073 0.00065435179688209 -0.0068868490802991289 -0.007064827421423588 0.0028127588079947309 -0.0044537411747382488 -0.0068868490802991289 -0.0070975502583043686 0.010809379258878232 -0.01306725406752975 0.0065305306814315697 -0.0085392399089978081 0.00037986840167618331 -0.004379002403805796 -0.0069171857888021019 0.00041089900306168252 -0.01358282992136862 -0.0068868490802991289
leaf_weight=1456 354 300 1289 589 464 4058 2573 15912 337 1194 7517 9018 838 354 1765 662 409 405 24395 322 307 1564 308 2802 301 832 840 464 1865 3581
leaf_count=1456 354 300 1289 589 464 4058 2573 15912 337 1194 7517 9018 838 354 1765 662 409 405 24395 322 307 1564 308 2802 301 832 840 464 1865 3581
internal_value=-0.00125907 -0.000344438 3.1953e-05 0.000156731 0.00142097 0.00061795 -0.000112342 0.000567021 -0.00112461 -0.000697814 -0.000251702 -0.00107945 -0.000493658 -0.00272225 -0.00209743 -0.000494391 0.00163743 -0.00207338 -0.00294291 -0.0020159 0.00307401 -0.0020013 -0.00116168 -0.00228977 -0.00240943 -0.00166109 -0.00206575 -0.000594664 -0.00245309 -0.00268524
internal_weight=87075 53582 36145 34070 5978 5514 28092 16501 17437 12028 8962 11591 8355 33493 8744 1425 763 5409 24749 2075 607 3066 1502 5072 7319 1973 1672 786 4667 5346
internal_count=87075 53582 36145 34070 5978 5514 28092 16501 17437 12028 8962 11591 8355 33493 8744 1425 763 5409 24749 2075 607 3066 1502 5072 7319 1973 1672 786 4667 5346
is_linear=0
shrinkage=0.03


Tree=99
num_leaves=31
num_cat=0
split_feature=27 4 39 3 3 32 0 7 31 3 7 29 29 32 4 3 0 32 22 32 27 7 31 32 24 32 29 29 4 32
split_gain=135.029 18.1618 9.42473 9.7633 16.2946 14.2668 8.7827 7.16664 7.22854 6.72842 6.40137 6.73823 5.39342 13.4788 4.83303 4.39932 6.3957 3.36714 2.49242 2.49293 2.24142 2.22611 1.98623 1.94075 1.90093 5.79601 1.52603 1.04002 0.777431 0.709934
threshold=867.50000000000011 1.9500000000000013 1.0000000180025095e-35 28.650000000000002 28.150000000000002 0.3261394409934788 9.9500000000000011 0.99999999999999922 0.6830127018922193 17.750000000000004 1.1000000000000008 350.50000000000006 228.50000000000003 -0.18492532721306487 1.7500000000000002 26.250000000000004 27.650000000000002 0.97112537654464559 2218.9000000000005 0.12545942051955489 927.50000000000011 2.4000000000000017 0.25000000000000017 -0.71504373327588355 2.1074431910732918 0.85673801594079257 355.50000000000006 206.50000000000003 2.100000000000001 0.81925054981890411
decision_type=2 2 2 2 2 2 2 2 2 2 2 2 2 2 2 2 2 2 2 2 2 2 2 2 2 2 2 2 2 2
left_child=1 2 3 4 6 -6 -1 8 9 -3 11 20 13 -5 -12 29 -17 -11 28 21 22 -20 27 -10 25 -22 -25 -2 -9 -4
right_child=10 7 15 12 5 -7 -8 18 23 17 14 -13 -14 -15 -16 16 -18 -19 19 -21 24 -23 -24 26 -26 -27 -28 -29 -30 -31
leaf_value=0.0062845895661496872 -0.0040596744617594572 0.0051542543734037398 -0.018186004118411488 0.00034186708347813341 0.0050423066121242938 0.024158448592420025 0.00019831788490273894 -0.0014940165003235254 -0.00074984449547523218 -0.0026849307433979724 0.00063472124297562658 0.0003842297886822915 -0.0053292917284951799 -0.007853813274323827 -0.0066802436078901555 0.0044690210069404717 -0.0083296493339057639 0.0020598620060623277 0.00079775967609749796 -0.013816231511955523 -0.0066802436078901555 -0.011421749034263873 -0.0066802436078901555 -0.0089802740839649998 -0.0066802436078901555 0.0018319539537953913 -0.0021906137298021815 0.0029353043059466353 -0.01150284622053474 -0.0061339164883165926
leaf_weight=308 1064 595 1521 1575 1926 408 26401 336 390 7568 464 522 1145 1707 24953 422 508 837 691 613 1358 337 1001 2312 4255 331 348 454 2495 301
leaf_count=308 1064 595 1521 1575 1926 408 26401 336 390 7568 464 522 1145 1707 24953 422 508 837 691 613 1358 337 1001 2312 4255 331 348 454 2495 301
internal_value=-0.00122469 -0.000270965 0.000105015 0.000243792 0.000443843 0.00284711 0.000233732 -0.0010952 -0.000714464 -0.000286636 -0.00268686 -0.00199811 -0.00106843 -0.00044959 -0.00293025 -0.00158227 9.66695e-05 -0.000504997 -0.00212073 -0.0011894 -0.00220215 -0.000285715 -0.00145119 -0.0019764 -0.0025201 -0.00166686 -0.00226607 -0.000766294 -0.00265996 -0.00243884
internal_weight=87146 52744 36222 33470 29043 2334 26709 16522 12050 9000 34402 8985 4427 3282 25417 2752 930 8405 4472 1641 8463 1028 2519 3050 5944 1689 2660 1518 2831 1822
internal_count=87146 52744 36222 33470 29043 2334 26709 16522 12050 9000 34402 8985 4427 3282 25417 2752 930 8405 4472 1641 8463 1028 2519 3050 5944 1689 2660 1518 2831 1822
is_linear=0
shrinkage=0.03


Tree=100
num_leaves=31
num_cat=0
split_feature=27 4 2 33 32 20 32 2 32 32 7 31 8 2 2 4 4 12 27 32 2 2 27 2 22 8 4 7 19 4
split_gain=136.433 17.4229 10.1808 12.0209 93.7249 30.3099 16.746 16.2684 26.3835 8.07134 7.41371 6.97863 7.71219 4.75091 4.13606 3.86115 3.2736 3.22682 3.05103 2.76704 1.75564 3.67366 1.68534 1.30161 3.17489 1.01684 5.39214 0.783548 0.592666 0.341162
threshold=852.50000000000011 1.9500000000000013 29.750000000000004 -0.84313311835787952 -0.36647417525074694 84.135294117647078 -0.16799356919963607 25.350000000000005 0.9893236546938301 -0.97113884758256674 1.1999999999999977 0.6830127018922193 1.4500000000000004 20.050000000000004 14.850000000000003 5.2999999999999989 1.7500000000000002 0.14999999999999861 542.50000000000011 0.89017062131308955 28.650000000000002 29.450000000000003 932.50000000000011 22.550000000000004 1404.1000000000001 2.8500000000000001 3.8500000000000019 0.4000000000000013 75.677083333333357 1.2500000000000002
decision_type=2 2 2 2 2 2 2 2 2 2 2 2 2 2 2 2 2 2 2 2 2 2 2 2 2 2 2 2 2 2
left_child=1 2 3 4 5 -1 -6 8 -5 -9 14 12 20 -14 -2 -15 -12 25 -4 22 28 -22 -19 24 27 29 -27 -13 -3 -16
right_child=10 11 18 7 6 -7 -8 9 -10 -11 16 23 13 15 17 -17 -18 19 -20 -21 21 -23 -24 -25 -26 26 -28 -29 -30 -31
leaf_value=0.012073450431147563 0.00037270289502182254 -0.0031300260638423226 -0.003444722198627658 0.00034359230231816083 0.0056044078685904709 0.010641181318432023 -0.0027281618527271066 0.00026839682135015511 0.00693699322332562 -0.0038002979106901511 -0.0071316669631295779 -0.0041027023884767444 0.0092032742195872468 -0.00072050790614030895 -0.0078747760211923448 -0.0099934619078401732 -0.0064798362996534506 -0.0033098953851551757 -0.00017296372695858352 0.00047567847818316331 0.00077382715996868071 -0.01329073617586333 -0.0065092629069013344 -0.011839212633902908 0.0050625636567398725 0.002965795960908887 -0.0064798362996534506 -0.012949943530721661 -0.018190584212693209 -0.0064798362996534506
leaf_weight=356 457 308 1465 15704 805 311 4526 2122 878 9489 365 989 320 8102 369 852 24708 1440 579 558 355 648 1072 1812 303 354 2525 693 1377 3362
leaf_count=356 457 308 1465 15704 805 311 4526 2122 878 9489 365 989 320 8102 369 852 24708 1440 579 558 355 648 1072 1812 303 354 2525 693 1377 3362
internal_value=-0.00122484 -0.000248332 0.000113836 0.000236809 0.00145624 0.0120494 0.000128844 -2.26651e-05 0.000580353 -0.000883828 -0.00266678 -0.00108103 -0.000725237 -0.000315041 -0.00198175 -0.000443552 -0.00294365 -0.00211342 -0.0019423 -0.00130902 -0.00213983 -0.00114442 -0.00173339 -0.00220142 -0.00166919 -0.00248677 -0.00206146 -0.00217825 -0.00273132 -0.00281431
internal_weight=87204 51994 36235 34191 5998 667 5331 28193 16582 11611 35210 15759 11962 9274 10137 8954 25073 9680 2044 3070 2688 1003 2512 3797 1985 6610 2879 1682 1685 3731
internal_count=87204 51994 36235 34191 5998 667 5331 28193 16582 11611 35210 15759 11962 9274 10137 8954 25073 9680 2044 3070 2688 1003 2512 3797 1985 6610 2879 1682 1685 3731
is_linear=0
shrinkage=0.03


Tree=101
num_leaves=31
num_cat=0
split_feature=27 4 2 27 29 7 39 18 0 23 31 33 2 4 2 23 7 4 29 30 2 29 24 27 33 4 27 27 0 27
split_gain=138.959 20.747 13.9866 10.6788 8.47139 8.8215 7.79661 7.70808 6.40647 5.58464 5.36858 6.9845 4.69291 7.12845 4.36752 4.32551 3.28751 2.99593 5.25225 2.63384 2.31371 2.29893 1.64771 1.10356 1.01286 0.612209 0.585463 0.178196 0.234367 0.0547903
threshold=887.50000000000011 1.3999999999999997 29.750000000000004 522.50000000000011 360.50000000000006 0.79999999999999993 1.0000000180025095e-35 -4.4999999999999991 27.150000000000002 24.632640290168577 0.6830127018922193 -0.95242240592625282 14.750000000000002 3.3999999999999999 22.550000000000004 25.094126224332303 0.64999999999999869 1.7500000000000002 140.50000000000003 0.93301270189221952 18.950000000000003 174.50000000000003 2.9013750264064524 932.50000000000011 -0.46800559042974538 1.4500000000000004 482.50000000000006 912.50000000000011 27.550000000000004 972.50000000000011
decision_type=2 2 2 2 2 2 2 2 2 2 2 2 2 2 2 2 2 2 2 2 2 2 2 2 2 2 2 2 2 2
left_child=1 2 3 6 5 10 7 -1 -8 22 11 -3 13 -2 -12 20 19 18 -18 23 -7 -17 -5 24 -14 -25 -4 28 -19 -29
right_child=12 4 26 9 -6 15 8 -9 -10 -11 14 -13 16 -15 -16 21 17 27 -20 -21 -22 -23 -24 25 -26 -27 -28 29 -30 -31
leaf_value=0.014779906734886545 0.00036152180817116742 -0.0083113116749319507 -0.0044958736100723547 -0.014213902868652472 0.0042969380522413832 -0.0013673774489013234 -0.019672996470330936 0.00079651491057854075 0.0050667400084272703 0.0052382301415160081 -0.0016843421447437312 0.00016451615434638894 -0.0019365950774173932 -0.0084715958362084655 -0.011237244513441939 -0.0049825099676683087 0.00082962961458024392 -0.0062801441487737213 -0.0065049815786043848 8.6103512149908744e-05 -0.0082175730648836182 1.8819286792925993e-07 -0.002548779172444204 -0.007629828830569587 -0.0065924383224045926 -0.0067935121517159539 -0.0032352709863153204 -0.0062854412106638467 -0.0062802058053760433 -0.0062854412106638467
leaf_weight=632 302 1794 1106 1002 302 1100 1214 23819 336 321 1839 9893 467 387 1728 743 308 389 510 477 4861 1372 1423 386 652 2199 300 2056 325 24610
leaf_count=632 302 1794 1106 1002 302 1100 1214 23819 336 321 1839 9893 467 387 1728 743 308 389 510 477 4861 1372 1423 386 652 2199 300 2056 325 24610
internal_value=-0.00122008 -0.000279163 0.000242455 0.000385383 -0.000944697 -0.00100939 0.000573301 0.000704113 -0.00148936 -0.00139352 -0.000584858 -0.000273871 -0.00275043 -0.000300001 -0.00160342 -0.00181107 -0.00280256 -0.00291904 -0.00112821 -0.0020165 -0.00222459 -0.000645086 -0.00188582 -0.00228664 -0.00149732 -0.00262761 -0.00267804 -0.0029725 -0.00249231 -0.00298526
internal_weight=86853 53785 30153 28747 23632 23330 26001 24451 1550 2746 15254 11687 33068 689 3567 8076 32379 28198 818 4181 5961 2115 2425 3704 1119 2585 1406 27380 714 26666
internal_count=86853 53785 30153 28747 23632 23330 26001 24451 1550 2746 15254 11687 33068 689 3567 8076 32379 28198 818 4181 5961 2115 2425 3704 1119 2585 1406 27380 714 26666
is_linear=0
shrinkage=0.03


Tree=102
num_leaves=31
num_cat=0
split_feature=4 7 32 33 36 32 32 3 3 3 32 3 4 3 3 22 32 7 3 15 20 4 2 3 33 33 4 33 32 4
split_gain=108.223 40.1581 10.3037 70.6469 10.9865 10.1725 77.1452 11.4418 9.94441 9.62914 41.7182 11.2612 7.20402 4.24351 5.07318 15.9593 5.64642 2.81425 4.39291 2.74549 2.481 1.52134 2.46106 3.62529 1.46367 2.57393 1.20354 0.779859 0.55468 0.399904
threshold=1.9500000000000013 0.69999999999999984 0.9893236546938301 0.029024409397335523 1.0000000180025095e-35 0.73283908552571664 0.69676570133721638 26.750000000000004 23.950000000000003 24.250000000000004 0.96234642434711437 17.450000000000003 4.6499999999999995 28.850000000000005 17.750000000000004 1570.3000000000004 0.96904697354198299 1.2000000000000004 13.15 0.28757705918889326 73.175000000000026 2.7000000000000006 28.650000000000002 27.250000000000004 -0.18493013702746822 -0.58481178939031186 2.0999999999999992 -0.94703994556331683 0.64579916509010216 5.4000000000000004
decision_type=2 2 2 2 2 2 2 2 2 2 2 2 2 2 2 2 2 2 2 2 2 2 2 2 2 2 2 2 2 2
left_child=2 12 4 8 5 6 7 -1 -4 11 -11 -7 13 14 15 -2 -16 18 -3 27 -21 22 26 -24 25 -14 -19 -20 -26 -30
right_child=1 17 3 -5 -6 9 -8 -9 -10 10 -12 -13 24 -15 16 -17 -18 21 19 20 -22 -23 23 -25 28 -27 -28 -29 29 -31
leaf_value=-0.0012046757433871401 -0.00055922853846732004 0.00035067615392603225 0.00080474072614283734 0.0083213237396386388 -0.0061892916319746787 0.0034712353772199389 0.012158167992991711 0.00082900346216857373 -0.0088833740565669814 -0.0031813903847481531 0.012562940878189263 -0.0073050102473962665 -0.007292557385279363 0.0049818722608855016 -0.0046556943344251154 0.0042501305667303722 0.003263974901168185 -0.0014169404176046301 -0.0060968779743439316 -0.0060968779743439316 0.0021725320241696251 -0.0060968779743439316 0.00090163618388132243 -0.0060968779743439316 -0.0085009760702380085 0.0020896243948306456 -0.0060968779743439316 -0.0060968779743439316 -0.0064982379823708804 -0.0074884873159476112
leaf_weight=17352 1560 301 318 582 1226 1067 493 10358 1108 1942 336 3739 1022 539 9354 311 638 345 439 575 362 24295 313 421 1410 364 2120 3556 302 409
leaf_count=17352 1560 301 318 582 1226 1067 493 10358 1108 1942 336 3739 1022 539 9354 311 638 345 439 575 362 24295 313 421 1410 364 2120 3556 302 409
internal_value=-0.00123077 -0.00217156 -4.29113e-05 0.00204878 -0.000157995 -6.09563e-05 0.000194333 -1.51572e-05 -0.0015473 -0.00107721 0.000529179 -0.00183857 -0.000935073 -0.000595502 -0.000713841 0.000719551 -0.000982288 -0.00277258 -0.00213393 -0.00234867 -0.000885928 -0.00289405 -0.00227719 -0.000751021 -0.00213541 -0.00137563 -0.00273114 -0.00269144 -0.00263101 -0.00194242
internal_weight=87157 48636 38521 2008 36513 35287 28203 27710 1426 7084 2278 4806 15909 12402 11863 1871 9992 32727 5233 4932 937 27494 3199 734 3507 1386 2465 3995 2121 711
internal_count=87157 48636 38521 2008 36513 35287 28203 27710 1426 7084 2278 4806 15909 12402 11863 1871 9992 32727 5233 4932 937 27494 3199 734 3507 1386 2465 3995 2121 711
is_linear=0
shrinkage=0.03


Tree=103
num_leaves=29
num_cat=0
split_feature=27 4 29 29 29 0 7 31 3 2 4 32 4 32 29 32 29 7 3 3 2 7 29 7 27 13 7 27
split_gain=131.863 18.7189 13.4957 10.6247 17.2259 11.3634 9.62753 6.63224 5.46213 3.87766 5.7281 3.7376 3.54359 5.27008 2.6462 2.55074 2.54002 2.3297 3.10321 2.10027 2.46214 1.65651 1.07122 0.976474 0.644325 0.102771 0.0500654 0.0229453
threshold=902.50000000000011 2.0999999999999992 362.50000000000006 346.50000000000006 340.50000000000006 11.65 1.099999999999999 0.6830127018922193 17.750000000000004 14.750000000000002 3.3999999999999999 0.97508442350096236 1.7500000000000002 0.83849049182116964 56.500000000000007 -0.71504373327588355 355.50000000000006 0.79999999999999816 17.450000000000003 26.050000000000004 29.550000000000004 0.20000000000000198 357.50000000000006 1.6499999999999988 952.50000000000011 -0.046666666666666558 1.4000000000000041 922.50000000000011
decision_type=2 2 2 2 2 2 2 2 2 2 2 2 2 2 2 2 2 2 2 2 2 2 2 2 2 2 2 2
left_child=1 2 3 4 5 -1 7 8 14 10 -2 -10 13 21 -3 -9 -17 18 -14 26 -21 -11 -5 -22 -20 -19 -8 -27
right_child=9 6 -4 22 -6 -7 19 15 11 12 -12 -13 17 -15 -16 16 -18 25 24 20 23 -23 -24 -25 -26 27 -28 -29
leaf_value=0.0060979889350799071 0.00034015586930825122 0.01015219849107153 0.0043027680729831007 -0.034895440322902913 0.018126650215225276 -6.6974975806441956e-05 -0.0066505756952462787 0.00076975842798693848 -0.0026854937631697637 -0.0043868044740374285 -0.0080345416218918914 0.0029885593880448424 -0.00032441972632237578 0.00076316562878550392 0.0014656072212455202 -0.0068872969548303964 8.3957923325093733e-05 -0.0059139716351136132 -0.0061581183812790628 0.00056249939083093689 -0.0057755970145844642 -0.006273691858944639 -0.00031900492794131982 -0.0092922220439218186 -0.0059425154441440598 -0.0059088334850801909 -0.0083301990760148385 -0.0059139716351136132
leaf_weight=335 302 319 301 1050 586 34860 501 447 8052 324 374 887 584 347 348 2599 396 316 1156 351 407 913 495 749 2014 486 2144 25348
leaf_count=335 302 319 301 1050 586 34860 501 447 8052 324 374 887 584 347 348 2599 396 316 1156 351 407 913 495 749 2014 486 2144 25348
internal_value=-0.00123808 -0.000343457 3.13323e-05 -1.97719e-05 8.54333e-05 4.2547e-07 -0.00116331 -0.000762818 -0.000357865 -0.002763 -0.000514033 -0.000553356 -0.00281127 -0.00142713 0.00225898 -0.00189254 -0.00220794 -0.00288454 -0.00218429 -0.00242138 -0.00152586 -0.0023433 -0.00245472 -0.0021936 -0.0025544 -0.00298497 -0.00293084 -0.00299176
internal_weight=86991 54827 37627 37326 35781 35195 17200 13048 9606 32164 676 8939 31488 1584 667 3442 2995 29904 3754 4152 1507 1237 1545 1156 3170 26150 2645 25834
internal_count=86991 54827 37627 37326 35781 35195 17200 13048 9606 32164 676 8939 31488 1584 667 3442 2995 29904 3754 4152 1507 1237 1545 1156 3170 26150 2645 25834
is_linear=0
shrinkage=0.03


Tree=104
num_leaves=31
num_cat=0
split_feature=4 7 33 32 20 32 23 32 32 24 21 4 30 2 0 33 33 7 22 24 15 20 33 33 23 4 2 0 4 33
split_gain=106.453 40.1303 17.8774 13.4188 49.5025 20.1102 84.8142 11.9661 17.4553 12.5708 10.503 6.44306 5.09476 9.50582 4.55436 4.73616 2.77737 2.75695 4.32853 2.69293 2.61522 2.86037 2.53431 3.58434 1.67294 1.61708 2.25496 2.67199 1.53563 0.656995
threshold=1.9500000000000013 0.69999999999999984 0.99958851518450398 0.97508442350096236 89.355555555555569 0.99274428880883148 20.03112794710891 0.82899317702918729 0.80926549319045582 1.7801264029399813 1.3632588075164376 4.5999999999999996 0.93301270189221952 20.650000000000002 17.950000000000003 0.83730377313544024 -0.26867065956352881 1.2000000000000004 983.10000000000002 6.6769280505111626 0.28757705918889326 73.352419354838716 -0.18493013702746822 -0.55656394595157355 22.285015437099609 2.7000000000000006 28.650000000000002 27.750000000000004 2.0999999999999992 -0.8611288361322974
decision_type=2 2 2 2 2 2 2 2 2 2 2 2 2 2 2 2 2 2 2 2 2 2 2 2 2 2 2 2 2 2
left_child=2 11 3 7 5 6 -5 8 9 -1 16 12 14 -14 19 -16 -9 18 -3 -2 29 -22 23 -13 -7 26 28 -28 -19 -20
right_child=1 17 -4 4 -6 24 -8 10 -10 -11 -12 22 13 -15 15 -17 -18 25 20 -21 21 -23 -24 -25 -26 -27 27 -29 -30 -31
leaf_value=-0.0060854811031763002 -0.0014721716462226993 0.00032995119322900391 0.0041644881976381568 -0.0073245679382866321 0.0080736932767236785 -0.0024645722433453443 0.012360523008618212 -0.01347718639784602 0.039364459225677412 0.00012558169968300971 0.040321860539750058 -0.0061314049775958281 -0.0061701714129455036 0.0046464624999544108 -0.0023875437288283308 -0.0060170837977334595 -0.0029743584846727523 -0.0016204344618713025 -0.0057365524860602049 0.0041919235696083017 -0.0057365524860602049 0.0025083989464183745 -0.0075672458861251552 0.0043861901700689571 -0.008438597371545651 -0.0057365524860602049 0.00085771211663994147 -0.0051577452217117219 -0.0057365524860602049 -0.0057365524860602049
leaf_weight=6196 300 316 302 676 540 302 300 1926 349 23959 368 1194 390 531 8671 1746 2436 373 751 410 571 346 2237 302 1112 24230 313 419 2096 3236
leaf_count=6196 300 316 302 676 540 302 300 1926 349 23959 368 1194 390 531 8671 1746 2436 373 751 410 571 346 2237 302 1112 24230 313 419 2096 3236
internal_value=-0.0012286 -0.00216435 -5.03816e-05 -0.000108005 0.00184237 -1.25478e-05 0.00329785 -0.000270243 -5.25167e-05 -0.000129826 -0.00167407 -0.000922127 -0.000584614 0.00155857 -0.000762132 -0.000920619 -0.0020848 -0.0027647 -0.00213178 0.00156118 -0.00235107 -0.000905229 -0.00201098 -0.00105411 -0.00229823 -0.00288506 -0.00224953 -0.000785812 -0.002683 -0.0026833
internal_weight=86898 48432 38466 38164 2930 2390 976 35234 30504 30155 4730 15781 12048 921 11127 10417 4362 32651 5220 710 4904 917 3733 1496 1414 27431 3201 732 2469 3987
internal_count=86898 48432 38466 38164 2930 2390 976 35234 30504 30155 4730 15781 12048 921 11127 10417 4362 32651 5220 710 4904 917 3733 1496 1414 27431 3201 732 2469 3987
is_linear=0
shrinkage=0.03


Tree=105
num_leaves=31
num_cat=0
split_feature=27 4 3 3 33 33 23 32 29 7 31 32 29 7 29 33 4 4 3 24 19 32 27 27 24 23 2 0 32 5
split_gain=131.338 14.554 10.4597 12.035 29.7214 88.0232 25.9829 25.087 17.8431 9.41786 6.5192 6.16601 5.76939 5.63387 5.01007 3.85827 3.69909 2.61406 2.9126 2.56841 2.19702 9.80504 2.88354 2.07377 1.44546 1.43947 2.3836 1.39792 1.18403 0.805295
threshold=882.50000000000011 2.0999999999999992 28.950000000000003 26.750000000000004 -0.84313311835787952 -0.8739740505118182 22.981548889626648 0.9893236546938301 245.50000000000003 1.4000000000000041 0.6830127018922193 0.80926549319045582 44.500000000000007 1.1499999999999988 350.50000000000006 0.45847758937963173 1.7500000000000002 2.7999999999999985 19.050000000000004 4.0588498115884759 87.416666666666686 0.88220160189607266 1037.5000000000002 917.50000000000011 2.598088595588385 24.713556976655429 29.450000000000003 30.350000000000005 -0.71504373327588355 5.5000000000000009
decision_type=2 2 2 2 2 2 2 2 2 2 2 2 2 2 2 2 2 2 2 2 2 2 2 2 2 2 2 2 2 2
left_child=1 2 3 6 5 -5 7 -1 -6 10 12 -8 -3 14 20 -14 -15 18 -12 24 23 22 -22 27 -4 -11 -27 -2 -19 -26
right_child=13 9 19 4 8 -7 11 -9 -10 25 17 -13 15 16 -16 -17 -18 28 -20 -21 21 -23 -24 -25 29 26 -28 -29 -30 -31
leaf_value=0.00017228441948200158 -0.0056018339675472173 0.0071122009415233323 -0.00039435211650546976 0.0032752963504510966 -0.010091984177581378 0.023465016237330525 -0.010641211843257893 0.0061273540646425489 0.0024238465436432111 -0.01061593824065328 0.0017301648369157832 -0.001210716729414133 -0.00092508223173351327 -0.00015272540142036723 0.00032005265743213437 -0.0080134965083646682 -0.0055644559114783991 -0.0059904969814347864 -0.010148737098641471 0.00271120917376287 -0.0021999780856479709 0.0028571636206284486 -0.0055644559114783991 -0.0055644559114783991 -0.0015455322373986861 0.00017907482351546376 -0.011136875644342289 -0.00048355149565614263 -0.0075961809100092443 -0.00740660930741444
leaf_weight=19067 927 374 320 3384 2455 407 4343 1087 2257 2215 497 1646 8585 362 496 737 24328 337 301 466 505 314 1300 4769 304 307 625 447 2167 1722
leaf_count=19067 927 374 320 3384 2455 407 4343 1087 2257 2215 497 1646 8585 362 496 737 24328 337 301 466 505 314 1300 4769 304 307 625 447 2167 1722
internal_value=-0.00123688 -0.000316376 8.16822e-06 0.000151008 0.00113135 0.00310839 -0.000167879 0.000347705 -0.000459581 -0.00106931 -0.000712671 -0.00190267 -0.000320512 -0.00271201 -0.00205777 -0.000467232 -0.00294399 -0.00186376 -0.000367961 -0.00175116 -0.00223357 -0.00139953 -0.00225083 -0.002521 -0.00215509 -0.00254161 -0.00154984 -0.00149236 -0.00234012 -0.00245091
internal_weight=87051 53603 37458 34646 8503 3791 26143 20154 4712 16145 12998 5989 9696 33448 8758 9322 24690 3302 798 2812 8262 2119 1805 6143 2346 3147 932 1374 2504 2026
internal_count=87051 53603 37458 34646 8503 3791 26143 20154 4712 16145 12998 5989 9696 33448 8758 9322 24690 3302 798 2812 8262 2119 1805 6143 2346 3147 932 1374 2504 2026
is_linear=0
shrinkage=0.03


Tree=106
num_leaves=27
num_cat=0
split_feature=27 7 33 33 28 29 33 33 7 29 32 24 27 22 7 1 3 27 19 19 15 31 21 15 2 5
split_gain=132.127 14.3089 12.4078 10.6419 68.1818 18.3482 12.8616 13.946 5.34973 4.90324 2.60001 4.31537 2.29775 3.19396 2.12025 1.84238 1.70048 1.24685 1.23054 1.22651 1.22028 1.06945 0.434341 0.245996 0.216419 0.00148261
threshold=887.50000000000011 1.6000000000000008 0.99958851518450398 -0.84313311835787952 7.5000000000000009 200.50000000000003 -0.73865259438682551 -0.6905596507703472 1.1000000000000008 350.50000000000006 0.99466373373798567 3.5202086556498782 512.50000000000011 2453.7500000000005 0.19999999999999754 74.500000000000014 25.150000000000002 912.50000000000011 87.803846153846166 66.30625000000002 0.28757705918889326 0.25000000000000017 1.4739738362857309 0.49714154675915817 15.250000000000002 71.500000000000014
decision_type=2 2 2 2 2 2 2 2 2 2 2 2 2 2 2 2 2 2 2 2 2 2 2 2 2 2
left_child=1 2 3 4 5 -1 20 -8 9 14 24 -12 13 15 16 19 -2 21 -19 -3 -5 -16 -17 -14 -10 -26
right_child=8 12 -4 6 -6 -7 7 -9 10 -11 11 -13 23 -15 17 22 -18 18 -20 -21 -22 -23 -24 -25 25 -27
leaf_value=-0.00089717741155133086 -0.0049932923822329292 -0.0014544879847612391 0.0040532522799545086 -0.01123640654745935 0.012641396369317558 0.0036896882663736805 0.0066152406476571186 -0.00058464290042048895 -0.0053490819779970257 0.0003104510777091707 0.00052007449923588802 -0.0053975222341340473 -0.0083396981005387869 0.0011398478878518314 -0.0015457884838337745 -0.047474811947422327 0.0036838499061180429 -0.0053975222341340473 -0.0053966659198631337 0.0003137235144439935 -0.002004027612006464 -0.0056633366792706325 -0.032259600709309423 -0.0080639749093910709 -0.0061445496696302731 -0.0053975222341340473
leaf_weight=8130 583 303 400 2454 407 1636 1131 35467 357 488 300 476 1506 400 434 893 404 4277 1496 300 301 367 302 315 377 23528
leaf_count=8130 583 303 400 2454 407 1636 1131 35467 357 488 300 476 1506 400 434 893 404 4277 1496 300 301 367 302 315 377 23528
internal_value=-0.00122271 -0.000307252 -0.000168607 -0.000211158 0.000653724 0.000151735 -0.000434747 -0.00028591 -0.00271521 -0.00204186 -0.00293159 -0.00122008 -0.00202911 -0.00137517 -0.00222997 -0.0019144 -0.000932187 -0.00242464 -0.00257863 -0.000561259 -0.0024111 -0.00131297 -0.00259615 -0.00281723 -0.00298628 -0.00299737
internal_weight=87032 53945 49926 49526 10173 9766 39353 36598 33087 8049 25038 776 4019 2198 7561 1798 987 6574 5773 603 2755 801 1195 1821 24262 23905
internal_count=87032 53945 49926 49526 10173 9766 39353 36598 33087 8049 25038 776 4019 2198 7561 1798 987 6574 5773 603 2755 801 1195 1821 24262 23905
is_linear=0
shrinkage=0.03


Tree=107
num_leaves=31
num_cat=0
split_feature=25 4 7 3 3 33 33 23 29 33 31 2 3 33 2 4 7 33 20 33 4 28 3 4 33 29 23 33 28 31
split_gain=132.115 16.1415 9.15996 8.17709 12.7111 24.9598 97.2768 21.6541 19.3898 9.67858 6.72776 5.80039 5.60327 5.49887 5.04979 7.17777 3.72391 3.6962 3.52477 3.02739 2.96732 4.55415 2.54013 5.80092 2.34356 1.97412 1.76282 1.65825 7.87985 1.54321
threshold=14.500000000000002 2.0999999999999992 1.099999999999999 28.950000000000003 26.950000000000003 -0.84313311835787952 -0.8739740505118182 22.981548889626648 245.50000000000003 -0.70289845916694649 0.6830127018922193 27.950000000000003 17.750000000000004 0.41202506375868281 14.750000000000002 3.3999999999999999 0.75000000000000011 -0.99273797715557011 79.455769230769249 0.57605713708605399 1.7500000000000002 5.5000000000000009 17.450000000000003 3.8500000000000019 0.69521084835931835 355.50000000000006 24.524270120953222 -0.9292178835113839 7.5000000000000009 -0.68301270189221952
decision_type=2 2 2 2 2 2 2 2 2 2 2 2 2 2 2 2 2 2 2 2 2 2 2 2 2 2 2 2 2 2
left_child=1 3 10 4 7 6 -6 9 -7 -1 12 -9 19 -14 15 -2 22 -4 -5 -3 21 -18 23 -16 -12 -26 -19 -20 -29 -28
right_child=14 2 17 18 5 8 -8 11 -10 -11 24 -13 13 -15 16 -17 20 26 27 -21 -22 -23 -24 -25 25 -27 29 28 -30 -31
leaf_value=-0.030784068053616893 0.00030113754537789583 0.0010196230196081895 0.00031392124305432758 0.00023370196219920202 0.0019180308142832936 -0.010191187119970548 0.022787981072557154 -0.0093599999567265425 0.0069108087890632271 0.00074780615053834151 0.00071906918039309643 0.0020508308603756609 -0.00077743160050489264 -0.0092556880987351726 0.0034023073630746184 -0.0072940026619690672 0.00050447226425881064 -0.0072680113144474815 -0.017033730602429485 0.0097371190504943611 -0.005235596567110026 -0.0056108507331407917 -0.0054119747356322001 -0.0071428677601359687 -0.0066196912777307668 -0.00099934306364420165 -0.0084087578159341234 0.00023370196219920202 -0.0088286877705219084 -0.0038824183038303809
leaf_weight=1064 301 360 302 597 3237 2354 428 5857 2038 19096 414 626 8018 868 301 362 300 2742 985 305 26420 440 3940 327 2523 410 477 311 922 591
leaf_count=1064 301 360 302 597 3237 2354 428 5857 2038 19096 414 626 8018 868 301 362 300 2742 985 305 26420 440 3940 327 2523 410 477 311 922 591
internal_value=-0.0012231 -0.00032159 -0.00108812 2.59882e-05 0.000152156 0.0011962 0.00302373 -0.000163602 -0.000329161 0.000321412 -0.000694938 -0.00167165 -0.00028926 -0.000488129 -0.00274058 -0.000149097 -0.00279473 -0.00232093 -0.00152876 0.00236486 -0.0029281 -0.00105263 -0.00200131 -0.000228936 -0.00185215 -0.00215031 -0.00257413 -0.00207932 -0.00134441 -0.00153789
internal_weight=86916 54525 17010 37515 34700 8057 3665 26643 4392 20160 12898 6483 9551 8886 32391 663 31728 4112 2815 665 27160 740 4568 628 3347 2933 3810 2218 1233 1068
internal_count=86916 54525 17010 37515 34700 8057 3665 26643 4392 20160 12898 6483 9551 8886 32391 663 31728 4112 2815 665 27160 740 4568 628 3347 2933 3810 2218 1233 1068
is_linear=0
shrinkage=0.03


Tree=108
num_leaves=31
num_cat=0
split_feature=27 27 2 7 32 29 29 29 33 2 2 33 2 2 4 33 33 7 4 2 32 33 30 23 7 32 29 32 33 20
split_gain=130.951 17.832 13.6562 10.7095 7.46643 36.6289 41.0308 13.4369 16.7739 14.4008 9.05702 6.85985 7.61624 5.89132 8.39341 4.01196 13.9476 3.81902 3.2014 5.69311 2.86168 1.81834 1.78302 1.56682 1.39315 0.970901 2.98672 0.68381 1.44854 0.389982
threshold=897.50000000000011 512.50000000000011 29.750000000000004 0.99999999999999922 0.12545942051955489 218.50000000000003 208.50000000000003 136.50000000000003 -0.55656394595157355 28.750000000000004 19.650000000000002 0.45847758937963173 22.250000000000004 14.750000000000002 3.4499999999999997 -0.95242240592625282 -0.91249077947840473 0.64999999999999869 1.7500000000000002 25.350000000000005 0.7210268013660811 -0.99465740988130902 0.93301270189221952 24.326091727683025 1.7000000000000004 -0.21861968191509915 245.50000000000003 -0.41398024697495356 -0.97111920233974802 81.91987179487181
decision_type=2 2 2 2 2 2 2 2 2 2 2 2 2 2 2 2 2 2 2 2 2 2 2 2 2 2 2 2 2 2
left_child=1 2 4 11 5 6 -1 8 -6 -9 -7 15 20 14 -2 21 -17 22 19 -19 -13 -3 25 -5 29 26 -15 -4 -29 -25
right_child=13 3 27 23 7 10 -8 9 -10 -11 -12 12 -14 17 -16 16 -18 18 -20 -21 -22 -23 -24 24 -26 -27 -28 28 -30 -31
leaf_value=0.0039277060821277399 0.00029210341901655831 -0.00016226571917402782 -0.028114724766638229 -0.0069264544893170238 0.025344964633834684 -0.0034697250062646744 0.010162135544821007 -0.014529067189617875 1.9582276295187362e-05 0.00047093281038212531 0.00024619623698375165 -0.00029747922977286487 -0.0083872474801275944 0.0035110103431806178 -0.0070751825821099958 0.0076243981705729187 -0.0010094393345176195 0.00050678301532248017 -0.0050785286700967252 -0.0054396787064109036 -0.010056800615959512 -0.011688573878830042 -0.00021163015146957509 -6.4865486026701995e-05 -0.0074034176511082947 -0.0058098756197082508 -0.0052642549975379632 -0.0066464837877725632 -3.1296385724219885e-05 -0.0046615994025798174
leaf_weight=2800 301 546 978 2621 891 1469 474 2791 9805 1142 10231 3079 3027 479 365 820 9973 308 27057 515 512 1307 467 363 599 1903 1104 389 318 346
leaf_count=2800 301 546 978 2621 891 1469 474 2791 9805 1142 10231 3079 3027 479 365 820 9973 308 27057 515 512 1307 467 363 599 1903 1104 389 318 346
internal_value=-0.00122234 -0.000323282 0.000144012 -0.000953653 0.000293574 0.000764473 0.00356885 -0.000188449 0.000362905 -0.0016876 -2.05118e-05 -0.000662446 -0.00144493 -0.00272945 6.29678e-05 -0.000252867 -3.14071e-05 -0.00278787 -0.00291166 -0.00106675 -0.000510301 -0.00154207 -0.00191426 -0.00238092 -0.00153094 -0.00214741 -0.00159659 -0.00248221 -0.00176695 -0.000629578
internal_weight=86980 54481 31288 23193 29603 14974 3274 14629 10696 3933 11700 19264 6618 32499 666 12646 10793 31833 27880 823 3591 1853 3953 3929 1308 3486 1583 1685 707 709
internal_count=86980 54481 31288 23193 29603 14974 3274 14629 10696 3933 11700 19264 6618 32499 666 12646 10793 31833 27880 823 3591 1853 3953 3929 1308 3486 1583 1685 707 709
is_linear=0
shrinkage=0.03


Tree=109
num_leaves=31
num_cat=0
split_feature=27 7 27 33 32 22 33 33 33 2 7 29 8 3 8 3 20 32 27 27 32 24 2 39 3 2 31 14 5 5
split_gain=131.703 13.9067 12.2726 10.766 59.3366 24.1983 13.6067 33.8481 6.68897 7.13371 5.89143 5.29954 5.03146 5.03915 3.26819 2.86476 2.70099 9.00969 2.78215 1.94359 1.9301 3.03883 1.8943 1.06279 0.602896 0.127148 0.0469628 0.0362062 0.00293853 0.00155948
threshold=882.50000000000011 2.0999999999999992 517.50000000000011 0.70747208174348741 0.65883702558178847 1910.7000000000005 0.59003219687534991 0.56191161272202661 0.45847758937963173 22.250000000000004 1.1499999999999988 350.50000000000006 1.3000000000000005 24.650000000000002 1.099999999999999 26.950000000000003 88.00833333333334 0.88220160189607266 1047.5000000000002 947.50000000000011 0.99466373373798567 3.5202086556498782 30.950000000000003 3.5000000000000004 24.750000000000004 15.250000000000002 -0.9330127018922193 0.19640446187319327 71.500000000000014 32.500000000000007
decision_type=2 2 2 2 2 2 2 2 2 2 2 2 2 2 2 2 2 2 2 2 2 2 2 2 2 2 2 2 2 2
left_child=1 2 3 6 5 -5 7 -1 12 14 11 16 15 -14 -10 -4 19 18 -18 22 25 -22 -2 27 -11 -12 -21 -3 -27 -8
right_child=10 23 8 4 -6 -7 29 -9 9 24 20 -13 13 -15 -16 -17 17 -19 -20 26 21 -23 -24 -25 -26 28 -28 -29 -30 -31
leaf_value=-9.5689141112691436e-05 -0.0049261728099938232 -0.012339721436650276 -0.0091434377540172626 0.00030227986125079374 0.072058221211476425 0.017638828189279331 -0.018270167087035188 0.0060922700982150154 -0.0092471855144621758 -0.0082327059607354841 -0.0048791857615409122 0.00028334031644606237 0.0028978861088281771 -0.0015578790169002777 -0.00038539832344776012 0.00016960376057038683 -0.0031319300890421567 0.0025677238986130304 -0.0049261984994219505 -0.0049261728099938232 0.00047413460587137187 -0.0049261728099938232 -0.0018339726995543226 -0.0054066951291965523 -0.0047412829619930862 -0.0056507894224251624 -0.0049261728099938232 -0.0086234489943743768 -0.0049261728099938232 -0.018719831692961788
leaf_weight=21276 1645 1544 2191 6483 333 491 301 320 901 2854 358 512 2613 8328 2991 711 498 305 1196 533 300 452 773 328 354 335 3319 303 23260 1143
leaf_count=21276 1645 1544 2191 6483 333 491 301 320 901 2854 358 512 2613 8328 2991 711 498 305 1196 533 300 452 773 328 354 335 3319 303 23260 1143
internal_value=-0.00122899 -0.000304961 -0.0002053 0.000180209 0.0011835 0.000591827 -0.000138016 5.05619e-05 -0.000763895 -0.00151246 -0.00270427 -0.00203633 -0.000379876 -8.52685e-05 -0.000648858 -0.00149018 -0.00221971 -0.0012585 -0.00211328 -0.00252591 -0.00294159 -0.00144223 -0.00185779 -0.00265395 -0.00255968 -0.0029886 -0.00294472 -0.00293344 -0.00299733 -0.0029564
internal_weight=86951 53465 51290 30347 7307 6974 23040 21596 20943 7100 33486 8781 13843 10941 3892 2902 8269 1999 1694 6270 24705 752 2418 2175 3208 23953 3852 1847 23595 1444
internal_count=86951 53465 51290 30347 7307 6974 23040 21596 20943 7100 33486 8781 13843 10941 3892 2902 8269 1999 1694 6270 24705 752 2418 2175 3208 23953 3852 1847 23595 1444
is_linear=0
shrinkage=0.03


Tree=110
num_leaves=26
num_cat=0
split_feature=27 7 4 29 30 29 33 7 29 33 33 4 19 23 19 27 33 29 30 0 0 33 4 5 0
split_gain=126.672 15.2572 11.156 11.5409 10.6193 34.9248 13.089 3.72895 6.39082 3.05548 2.92417 2.73613 2.38034 3.15316 2.16229 1.90296 1.47337 1.36345 1.04783 0.998757 1.86127 0.667316 0.473946 0.105913 0.0159877
threshold=907.50000000000011 1.8000000000000027 4.5999999999999996 362.50000000000006 0.93301270189221952 82.500000000000014 -0.83375966452616657 1.2500000000000002 350.50000000000006 -0.18493013702746822 -0.55656394595157355 1.8999999999999997 88.435416666666683 22.937925278670615 90.902380952380966 1027.5000000000002 -0.84313311835787952 271.50000000000006 0.68301270189221941 30.650000000000002 31.450000000000003 -0.9575230291762723 5.4500000000000002 10.500000000000002 30.550000000000004
decision_type=2 2 2 2 2 2 2 2 2 2 2 2 2 2 2 2 2 2 2 2 2 2 2 2 2
left_child=1 2 3 4 6 -6 -1 8 12 10 16 -9 19 14 -14 -15 -4 21 24 23 -21 -3 -20 -2 -11
right_child=7 17 9 -5 5 -7 -8 11 -10 18 -12 -13 13 15 -16 -17 -18 -19 22 20 -22 -23 -24 -25 -26
leaf_value=0.0012104020051350991 -0.0060277302202113737 -0.0056496336026695126 -0.0022677390637754367 0.003804216615826226 -0.00026867430706410287 0.0061355133080332625 -0.0011302708265821767 -0.0046137313966627532 0.0002748401069526807 -0.0062550751406784018 0.0048902083547844987 -0.0047783876256940081 -0.003307104774469492 -0.0047326169989825168 0.00063274744766265046 -0.0047784125444392924 -0.0068412458067549095 -0.0050755925012174619 -0.0024094090528569705 -0.00035979244685295595 -0.0047783876256940081 -0.0068085587747865328 -0.0060173793707887805 -0.0047783876256940081 -0.0074094144105752088
leaf_weight=10129 357 324 779 379 2715 1026 34006 346 503 1315 303 23118 301 311 300 966 405 544 308 319 978 2095 367 4393 300
leaf_count=10129 357 324 779 379 2715 1026 34006 346 503 1315 303 23118 301 311 300 966 405 544 308 319 978 2095 367 4393 300
internal_value=-0.00126152 -0.000389211 -0.000269945 -0.000147029 -0.000188358 0.00134607 -0.000318448 -0.00276569 -0.00222375 -0.00183986 -0.000780243 -0.00296024 -0.00243187 -0.00149761 0.000294019 -0.00234038 -0.00145317 -0.00248279 -0.00252728 -0.00272173 -0.00198074 -0.00278802 -0.00153107 -0.0029236 -0.00294245
internal_weight=86887 54995 52032 48255 47876 3741 44135 31892 8428 3777 1487 23464 7925 1878 601 1277 1184 2963 2290 6047 1297 2419 675 4750 1615
internal_count=86887 54995 52032 48255 47876 3741 44135 31892 8428 3777 1487 23464 7925 1878 601 1277 1184 2963 2290 6047 1297 2419 675 4750 1615
is_linear=0
shrinkage=0.03


Tree=111
num_leaves=22
num_cat=0
split_feature=27 7 33 0 33 28 33 7 29 4 29 4 0 27 33 24 23 7 22 2 0
split_gain=128.243 12.8609 10.7851 9.73236 9.89612 49.474 11.4442 6.03572 5.40486 3.94285 2.65999 4.44286 2.45381 2.11963 1.84764 1.75916 2.43071 0.854749 0.345564 0.0937216 0.0226928
threshold=882.50000000000011 1.7500000000000002 0.99958851518450398 9.9500000000000011 -0.83375966452616657 7.5000000000000009 -0.73865259438682551 1.1000000000000008 350.50000000000006 1.7500000000000002 174.50000000000003 2.7000000000000006 23.650000000000002 927.50000000000011 -0.86548532668110156 2.1074431910732918 22.937925278670615 0.19999999999999976 2299.7500000000005 15.250000000000002 27.850000000000005
decision_type=2 2 2 2 2 2 2 2 2 2 2 2 2 2 2 2 2 2 2 2 2
left_child=1 2 3 -1 5 -5 -6 8 13 -9 -3 12 -12 14 -2 16 -15 -16 -17 -11 -13
right_child=7 10 -4 4 6 -7 -8 9 -10 19 11 20 -14 15 17 18 -18 -19 -20 -21 -22
leaf_value=0.0059254706466201233 0.0017317975435584669 -0.007870366812783117 0.0034115513417697719 4.5548319516859333e-05 -0.012072926713882061 0.0098582039652819458 -0.00057512152352623858 -0.0051557199444161907 0.00026659490374410065 -0.0045894585599238645 -0.015974988829714327 -0.013700088288155651 0.00092542375961468483 -0.00011096656347731072 -0.0011388812461329736 -0.0046350359969231881 -0.004640330191401503 -0.0048702549907982048 -0.0046350359969231881 -0.0046350359969231881 -0.011096470493855929
leaf_weight=304 354 1773 438 10044 2463 573 36642 437 488 351 318 434 362 572 397 3232 1125 1069 998 24380 302
leaf_count=304 354 1773 438 10044 2463 573 36642 437 488 351 318 434 362 572 397 3232 1125 1069 998 24380 302
internal_value=-0.00125146 -0.00034292 -0.000226138 -0.000267216 -0.000299983 0.000512243 -0.000520509 -0.00271072 -0.00200522 -0.00294148 -0.00219028 -0.00121948 0.000528634 -0.00219812 -0.00130148 -0.00247318 -0.00165548 -0.00177096 -0.00280076 -0.00299139 -0.00283311
internal_weight=87056 53653 50464 50026 49722 10617 39105 33403 8235 25168 3189 1416 680 7747 1820 5927 1697 1466 4230 24731 736
internal_count=87056 53653 50464 50026 49722 10617 39105 33403 8235 25168 3189 1416 680 7747 1820 5927 1697 1466 4230 24731 736
is_linear=0
shrinkage=0.03


Tree=112
num_leaves=25
num_cat=0
split_feature=25 7 29 0 3 19 32 7 29 32 32 7 19 32 25 0 25 29 29 3 0 7 7 5
split_gain=123.359 13.0563 11.7419 9.9173 9.25385 20.1878 17.8527 4.5592 5.72766 2.63883 2.40555 3.91888 2.00427 3.74128 2.69615 1.35956 1.60482 1.09459 1.33161 0.468446 0.127615 0.0880052 0.0108358 0.00317694
threshold=14.500000000000002 1.7500000000000002 362.50000000000006 9.9500000000000011 26.650000000000002 88.713636363636382 0.94425825643485939 1.1000000000000008 350.50000000000006 -0.91597725483594616 0.99466373373798567 1.9000000000000041 87.416666666666686 0.85673801594079257 17.500000000000004 30.650000000000002 15.500000000000002 174.50000000000003 220.50000000000003 20.350000000000005 13.550000000000002 0.35000000000000148 1.9000000000000041 71.500000000000014
decision_type=2 2 2 2 2 2 2 2 2 2 2 2 2 2 2 2 2 2 2 2 2 2 2 2
left_child=1 2 3 -1 6 -6 -5 8 12 -3 20 -12 15 14 -14 21 -17 22 -19 -20 -9 -2 -11 -22
right_child=7 9 -4 4 5 -7 -8 10 -10 17 11 -13 13 -15 -16 16 -18 18 19 -21 23 -23 -24 -25
leaf_value=0.005410756213626829 -0.0062919764239800103 0.00013931304434980677 0.0036666227776903336 -0.0021833661110777667 -0.00012925864046410494 0.009100454961287481 0.0022112894199935074 -0.0044489978685625783 0.00025859705663177799 -0.0075584166080494737 0.00075299410792760034 -0.0044959849170154919 -0.0029354300462324876 0.001097379115890346 -0.0046626804182387065 -0.0044657688317484116 -0.0044959849170154919 -0.00042512053368377981 -0.0063339115797781476 -0.011107790679621742 -0.0051988630310738906 -0.0044959849170154919 -0.006362455752207145 -0.0044959849170154919
leaf_weight=310 818 306 414 29346 14536 1420 5074 580 452 368 300 467 538 380 1101 639 569 361 300 516 329 3125 1474 23237
leaf_count=310 818 306 414 29346 14536 1420 5074 580 452 368 300 467 538 380 1101 639 569 361 300 516 329 3125 1474 23237
internal_value=-0.00127575 -0.000402106 -0.000283557 -0.000324699 -0.000357664 0.000239518 -0.000634497 -0.00273712 -0.00209445 -0.00222339 -0.00293365 -0.00127734 -0.00230094 -0.00149852 -0.00212012 -0.0026151 -0.00173201 -0.00249238 -0.00177504 -0.00244553 -0.00298621 -0.00288514 -0.00294954 -0.00299733
internal_weight=86960 54425 51100 50686 50376 15956 34420 32535 7622 3325 24913 767 7170 2019 1639 5151 1208 3019 1177 816 24146 3943 1842 23566
internal_count=86960 54425 51100 50686 50376 15956 34420 32535 7622 3325 24913 767 7170 2019 1639 5151 1208 3019 1177 816 24146 3943 1842 23566
is_linear=0
shrinkage=0.03


Tree=113
num_leaves=26
num_cat=0
split_feature=25 29 7 2 29 20 7 29 23 2 4 4 23 20 27 30 8 29 27 2 15 33 2 23 27
split_gain=124.716 24.0703 14.0542 8.90962 10.6718 9.55277 5.15877 5.00528 4.25701 5.62921 3.85709 2.57857 3.60108 2.38525 4.61118 1.91912 1.67131 1.4061 1.30513 1.96269 0.507184 0.278686 0.259889 0.175578 0.00310014
threshold=14.500000000000002 363.50000000000006 1.3 11.550000000000002 346.50000000000006 61.741666666666674 1.1000000000000008 350.50000000000006 24.778845079046867 28.750000000000004 1.7500000000000002 2.0999999999999992 11.481032252228262 87.620833333333351 1072.5000000000002 0.68301270189221941 1.4000000000000015 206.50000000000003 932.50000000000011 30.950000000000003 0.16658755184419527 -0.91249077947840473 15.250000000000002 23.387944236763463 917.50000000000011
decision_type=2 2 2 2 2 2 2 2 2 2 2 2 2 2 2 2 2 2 2 2 2 2 2 2 2
left_child=1 2 3 -1 5 -5 7 13 11 -10 -8 12 -4 18 16 -16 -15 -11 19 -2 -6 -20 -12 -13 -24
right_child=6 -3 8 4 20 -7 10 -9 9 17 22 23 -14 14 15 -17 -18 -19 21 -21 -22 -23 24 -25 -26
leaf_value=0.0041266466889486693 -0.0043542029441897782 0.0040281521152420114 0.0016237724654433756 -0.0054614725703317412 -0.0047872085286288059 -0.00015596593729503284 -0.0047183677579298268 0.00025083914493282452 0.0020254530772825866 -0.0079276496142400097 -0.0043183048670692708 -0.006505442591897709 -0.0054382094583404327 -0.004724155993509358 -0.0044207742990348877 -0.0046160834020664279 0.0016328887392906505 -0.00040102164082147059 -0.0043611053695050269 -0.00030621416830574111 -0.0055786429299792819 -0.0043611053695050269 -0.0043561213639726065 -0.0056986075050419333 -0.0043611053695050269
leaf_weight=563 849 304 404 3232 1217 42691 424 445 490 597 369 2180 1413 327 1027 325 300 612 737 398 506 3210 331 379 23713
leaf_count=563 849 304 404 3232 1217 42691 424 445 490 597 369 2180 1413 327 1027 325 300 612 737 398 506 3210 331 379 23713
internal_value=-0.00125361 -0.000377989 -0.000425201 -0.000253828 -0.000298194 -0.000211197 -0.00272631 -0.00204279 -0.00178489 -0.000510001 -0.00293587 -0.00227964 -0.00141419 -0.00223432 -0.00134697 -0.00233259 0.000778662 -0.00160909 -0.00257209 -0.00172356 -0.00261543 -0.00283967 -0.00298513 -0.00289336 -0.00299738
internal_weight=87043 54588 54284 48209 47646 45923 32455 7618 6075 1699 24837 4376 1817 7173 1979 1352 627 1209 5194 1247 1723 3947 24413 2559 24044
internal_count=87043 54588 54284 48209 47646 45923 32455 7618 6075 1699 24837 4376 1817 7173 1979 1352 627 1209 5194 1247 1723 3947 24413 2559 24044
is_linear=0
shrinkage=0.03


Tree=114
num_leaves=26
num_cat=0
split_feature=27 7 4 2 3 2 23 2 4 31 2 32 7 4 31 3 32 5 32 5 27 3 7 13 7
split_gain=130.243 14.0876 11.3401 9.40209 8.25804 18.9546 16.1398 4.08611 5.48913 2.96531 3.56151 3.96138 2.8758 3.13189 4.42241 2.32692 1.6832 0.979753 0.930998 0.767465 0.703227 0.474124 0.2152 0.0196111 0.00255625
threshold=917.50000000000011 1.8999999999999997 4.6499999999999995 10.450000000000001 26.650000000000002 29.250000000000004 22.981548889626648 14.750000000000002 3.7000000000000002 1.0000000180025095e-35 32.650000000000013 0.10837544681456425 0.79999999999999816 1.7500000000000002 1.0000000180025095e-35 17.450000000000003 -0.90163369914317015 518.50000000000011 0.64579916509010216 4.5000000000000009 232.50000000000003 28.250000000000004 2.0000000000000022 -0.040000000000000265 0.89999999999999958
decision_type=2 2 2 2 2 2 2 2 2 2 2 2 2 2 2 2 2 2 2 2 2 2 2 2 2
left_child=1 2 3 -1 6 -6 -5 8 -2 10 11 -4 15 14 -14 -9 -3 19 -11 -17 -18 -12 -22 -15 -25
right_child=7 16 9 4 5 -7 -8 12 -10 18 21 -13 13 23 -16 17 20 -19 -20 -21 22 -23 -24 24 -26
leaf_value=0.0054615844401442442 0.00024331397058483916 -0.00028961314918938272 0.0048672367923903535 -0.00013212556946992749 0.0076602618340287608 -0.00045158188017524025 -0.0054932763609147886 -0.0002616788594009045 -0.0061724970641629769 -0.0052427590099638367 -0.0034713586492015813 -0.0045951585890400904 0.00087195531742766672 -0.004230272208419877 -0.0047618281000322959 -0.0046127289566889364 -0.054752187434627217 -0.0042224903065749475 -0.0039170252829620958 -0.0044018314215429162 -0.0045321104873206315 -0.01033126224551382 -0.0051406388547830754 -0.004230272208419877 -0.004230272208419877
leaf_weight=340 304 300 408 25545 5581 9591 8046 549 348 1472 396 492 300 310 410 403 304 305 596 2885 305 442 1909 729 24864
leaf_count=340 304 300 408 25545 5581 9591 8046 549 348 1472 396 492 300 310 410 403 304 305 596 2885 305 442 1909 729 24864
internal_value=-0.00122858 -0.000357828 -0.000247723 -0.000125428 -0.000160139 0.000420747 -0.000422512 -0.00277353 -0.000422665 -0.00182506 -0.000910869 0.000399555 -0.00282335 -0.00293789 -0.000970465 -0.00208689 -0.00242426 -0.00236478 -0.00259256 -0.00251566 -0.00267725 -0.00231704 -0.00286321 -0.00299178 -0.00299519
internal_weight=87134 55727 52909 49103 48763 15172 33591 31407 652 3806 1738 900 30755 26613 710 4142 2818 3593 2068 3288 2518 838 2214 25903 25593
internal_count=87134 55727 52909 49103 48763 15172 33591 31407 652 3806 1738 900 30755 26613 710 4142 2818 3593 2068 3288 2518 838 2214 25903 25593
is_linear=0
shrinkage=0.03


Tree=115
num_leaves=30
num_cat=0
split_feature=25 7 25 33 32 2 33 33 33 2 7 29 7 33 8 20 32 25 32 7 23 0 2 22 33 7 2 5 23
split_gain=124.619 12.8312 10.6276 8.25911 49.7578 17.1577 13.0402 26.4348 6.27418 6.82417 5.02532 5.21701 4.31093 4.25866 4.00511 2.57266 6.88147 2.9347 1.63074 2.31828 1.3871 1.3511 1.82265 1.08103 0.578762 0.170283 0.0890411 0.034723 0.0164921
threshold=14.500000000000002 2.0999999999999992 8.5000000000000018 0.70747208174348741 0.65883702558178847 19.650000000000002 0.59003219687534991 0.56191161272202661 0.45847758937963173 21.550000000000004 1.1499999999999988 350.50000000000006 0.99999999999999922 -0.95242240592625282 1.3499999999999999 87.620833333333351 0.88220160189607266 17.500000000000004 0.99466373373798567 2.0499999999999994 24.360980229893361 30.650000000000002 32.350000000000001 2402.5000000000005 0.69521084835931835 0.49999999999999739 15.250000000000002 22.500000000000004 23.989674316451865
decision_type=2 2 2 2 2 2 2 2 2 2 2 2 2 2 2 2 2 2 2 2 2 2 2 2 2 2 2 2 2
left_child=1 2 3 6 5 -5 7 -1 12 14 11 15 13 -4 -10 21 17 -17 26 -20 -14 25 -23 28 -11 -2 -12 -8 -3
right_child=10 23 8 4 -6 -7 27 -9 9 24 18 -13 20 -15 -16 16 -18 -19 19 -21 -22 22 -24 -25 -26 -27 -28 -29 -30
leaf_value=-0.00014285758969149591 -0.007290659255450126 -0.0068784316944887633 -0.0064919669948452739 -0.0006674338023392501 0.070021780074170661 0.0035506933790687431 -0.008296769309293248 0.0056355784021899736 -0.0061507981139221953 -0.0061300179977988797 -0.0040618475548045967 0.00023601455146729343 -0.0062689310681304259 9.0399901475448393e-06 0.00027458489509170819 -0.0027794808183242529 0.002724054899533263 -0.0042614096168693714 0.00084579665790483641 -0.004198635854157742 -0.0036340026733323108 -0.00046756162217800418 -0.0041033640421672809 -0.0067214625693722352 -0.0067106617918743852 -0.0041033640421672809 -0.0041033640421672809 -0.018032931243134404 -0.0076876127183001962
leaf_weight=22113 1109 1465 1743 3841 341 3471 300 324 938 1312 367 491 912 9984 2213 562 315 1161 304 415 886 383 931 493 2479 3206 23356 1209 300
leaf_count=22113 1109 1465 1743 3841 341 3471 300 324 938 1312 367 491 912 9984 2213 562 315 1161 304 415 886 383 931 493 2479 3206 23356 1209 300
internal_value=-0.00126675 -0.000386784 -0.000290741 5.42081e-05 0.000912071 0.000388896 -0.000219987 -3.83731e-05 -0.000823286 -0.00155639 -0.00273305 -0.00208776 -0.000446918 -0.000237126 -0.00052443 -0.00227973 -0.00136538 -0.00211079 -0.00294833 -0.0015375 -0.00181434 -0.00261048 -0.00176578 -0.00260027 -0.00241377 -0.00286724 -0.00299102 -0.00291854 -0.00294734
internal_weight=86924 54324 52066 31599 7653 7312 23946 22437 20467 6942 32600 8158 13525 11727 3151 7667 2038 1723 24442 719 1798 5629 1314 2258 3791 4315 23723 1509 1765
internal_count=86924 54324 52066 31599 7653 7312 23946 22437 20467 6942 32600 8158 13525 11727 3151 7667 2038 1723 24442 719 1798 5629 1314 2258 3791 4315 23723 1509 1765
is_linear=0
shrinkage=0.03


Tree=116
num_leaves=27
num_cat=0
split_feature=25 4 29 33 32 29 33 33 2 8 4 32 33 25 27 23 23 5 8 2 29 20 8 21 32 25
split_gain=122.507 11.8727 13.8801 9.43606 86.1562 15.4958 10.2162 17.6958 4.24701 6.2819 3.86015 6.15102 2.69307 2.03803 1.91498 1.86804 1.85248 1.59466 1.45152 2.00054 2.92532 0.713436 3.63317 0.653276 0.407001 0.0221494
threshold=14.500000000000002 4.5999999999999996 362.50000000000006 -0.83375966452616657 -0.50556189049999822 192.50000000000003 -0.73865259438682551 -0.6905596507703472 14.750000000000002 2.7999999999999985 1.7500000000000002 0.83849049182116964 0.04621408538533487 10.500000000000002 947.50000000000011 24.182062974170933 25.517618083959544 10.500000000000002 3.600000000000001 32.650000000000013 176.50000000000003 87.103571428571442 2.2999999999999985 1.325115920736653 0.64579916509010216 15.500000000000002
decision_type=2 2 2 2 2 2 2 2 2 2 2 2 2 2 2 2 2 2 2 2 2 2 2 2 2 2
left_child=1 2 3 4 -1 -6 13 -8 9 -2 11 15 18 -5 16 -10 17 -12 -3 20 -20 25 -23 -21 -14 -16
right_child=8 12 -4 6 5 -7 7 -9 10 -11 14 -13 24 -15 21 -17 -18 -19 19 23 -22 22 -24 -25 -26 -27
leaf_value=0.01287903084376295 0.00022893411492327541 -0.0059064935002110129 0.0034009210935002916 -0.014445683641279281 -0.0017784247907555487 0.0034991077152304226 0.0062753088014037492 -0.0007124921108884408 -0.0044971943632569266 -0.0058654667255939492 -0.00069949123714112141 0.00082042275816769097 -0.0060925649738635575 -0.0056450899337982391 -0.0039802631209022625 -0.0029246390411827856 -0.0030076083573363772 -0.0039802631209022625 -0.0041084775577618759 -0.0037815898427711382 0.0036517473036321822 -0.0039802631209022625 0.0019690191164180937 -0.0096570372810062793 -0.0061488268264127399 -0.0039802631209022625
leaf_weight=354 303 333 364 1928 7601 2671 1088 35815 941 368 306 356 1492 661 495 314 507 1936 538 402 362 3881 313 351 519 22809
leaf_count=354 303 333 364 1928 7601 2671 1088 35815 941 368 306 356 1492 661 495 314 507 1936 538 402 362 3881 313 351 519 22809
internal_value=-0.00126739 -0.000397523 -0.000272885 -0.00031533 0.000478215 -2.3947e-05 -0.000528854 -0.000401014 -0.00272416 -0.000361608 -0.00277391 -0.00134181 -0.00197124 -0.00235019 -0.00285014 -0.00232882 -0.00209346 -0.00246367 -0.00118671 -0.000821645 0.000133185 -0.00292571 -0.00256305 -0.00196154 -0.00274503 -0.00299086
internal_weight=87008 54479 50482 50118 10626 10272 39492 36903 32529 671 31858 1611 3997 2589 30247 1255 2749 2242 1986 1653 900 27498 4194 753 2011 23304
internal_count=87008 54479 50482 50118 10626 10272 39492 36903 32529 671 31858 1611 3997 2589 30247 1255 2749 2242 1986 1653 900 27498 4194 753 2011 23304
is_linear=0
shrinkage=0.03


Tree=117
num_leaves=30
num_cat=0
split_feature=27 4 29 0 7 33 32 33 33 4 30 3 2 4 4 32 7 32 33 3 19 27 23 13 0 23 32 7 27
split_gain=124.495 13.4629 12.727 11.3633 11.1618 8.34223 60.8565 12.1757 6.65527 5.43914 3.9268 4.15405 3.72776 4.86232 3.57344 5.86084 2.54381 2.46511 2.41845 2.64778 2.1778 4.70817 1.56451 0.966574 0.853762 0.586626 0.554051 0.00491762 0.0262487
threshold=917.50000000000011 1.9500000000000013 362.50000000000006 9.9500000000000011 0.75000000000000011 -0.84313311835787952 -0.47558551945199218 -0.71502926860092908 -0.99273797715557011 4.6499999999999995 0.93301270189221952 14.65 14.750000000000002 4.0000000000000036 1.7500000000000002 0.83849049182116964 0.79999999999999816 -0.97876850416056738 0.04621408538533487 27.050000000000004 86.26969696969698 1177.5000000000002 24.182062974170933 8.881784197001254e-17 28.350000000000005 25.921703191197626 0.64579916509010216 1.000000000000002 962.50000000000011
decision_type=2 2 2 2 2 2 2 2 2 2 2 2 2 2 2 2 2 2 2 2 2 2 2 2 2 2 2 2 2
left_child=1 2 3 -1 9 6 -5 -7 -6 10 11 -3 13 -2 15 22 20 -10 19 -11 25 -22 -14 -12 -19 -16 -20 28 -18
right_child=12 4 -4 5 8 7 -8 -9 17 18 23 -13 14 -15 16 -17 27 24 26 -21 21 -23 -24 -25 -26 -27 -28 -29 -30
leaf_value=0.0053391346843367146 0.00022206609147557786 0.0037044103045743319 0.0031325969738020465 0.0099324780036038566 0.0011066409074719384 -0.01101231599306386 0.00025644931281436757 -0.00023973611273947704 -0.0001163852812742574 0.0013537626529902336 0.0054789716821823211 -0.0019670133733061257 -0.004360956504868601 -0.0056895027238261309 -0.0039623314981927166 0.0007958100754226604 -0.0038608552272751942 -0.0045458494010206128 -0.0078651564607594097 -0.0084419299102013994 0.0012628407052822875 -0.0041879127740511177 -0.0035568202234898321 0.0024324455295652598 -0.0045274375196482008 -0.0039632220427426937 -0.004753950599007707 -0.0038608552272751942 -0.0038608552272751942
leaf_weight=310 302 475 300 352 397 2489 6683 26174 395 629 335 8938 909 333 1927 325 327 4255 982 701 504 503 319 305 1289 362 463 24106 1305
leaf_count=310 302 475 300 352 397 2489 6683 26174 395 629 335 8938 909 333 1927 325 327 4255 982 701 504 503 319 305 1289 362 463 24106 1305
internal_value=-0.00125592 -0.000403008 -6.34561e-05 -0.000114805 -0.00104628 -0.000164543 0.000761085 -0.000391746 -0.00207638 -0.000537377 -0.000212752 -0.000367432 -0.00277123 -0.000495284 -0.00281846 -0.00141506 -0.00289347 -0.00232778 -0.0017129 -0.000788881 -0.00210737 -0.000943453 -0.0023629 0.00205928 -0.00249089 -0.00261878 -0.00256224 -0.00299406 -0.00290631
internal_weight=86694 55472 36308 36008 19164 35698 7035 28663 6336 12828 10053 9413 31222 635 30587 1553 29034 5939 2775 1330 3296 1007 1228 640 5544 2289 1445 25738 1632
internal_count=86694 55472 36308 36008 19164 35698 7035 28663 6336 12828 10053 9413 31222 635 30587 1553 29034 5939 2775 1330 3296 1007 1228 640 5544 2289 1445 25738 1632
is_linear=0
shrinkage=0.03


Tree=118
num_leaves=23
num_cat=0
split_feature=25 33 7 2 33 28 32 7 29 4 4 3 3 23 20 27 32 27 23 31 7 2
split_gain=125.139 12.4578 11.4942 9.74795 8.65245 73.5107 10.2769 5.42007 5.60194 5.04586 4.55971 6.48035 5.45787 4.07636 2.03263 4.24369 2.66934 1.25926 2.15521 0.239507 0.229404 0.0902195
threshold=14.500000000000002 0.99958851518450398 1.3999999999999997 10.450000000000001 -0.84313311835787952 7.5000000000000009 0.96234642434711437 1.1000000000000008 350.50000000000006 1.7500000000000002 2.7000000000000006 26.050000000000004 26.850000000000005 10.263885913573455 87.620833333333351 1042.5000000000002 0.85673801594079257 942.50000000000011 25.517618083959544 -0.9330127018922193 2.0000000000000022 15.250000000000002
decision_type=2 2 2 2 2 2 2 2 2 2 2 2 2 2 2 2 2 2 2 2 2 2
left_child=1 2 3 -1 5 -5 -6 8 14 -9 11 13 -13 -4 17 -16 -17 18 -2 -19 -12 -11
right_child=7 -3 10 4 6 -7 -8 9 -10 21 20 12 -14 -15 15 16 -18 19 -20 -21 -22 -23
leaf_value=0.0048045744710937654 -0.0037450295704569386 0.0031372169545953363 0.00018862095140014467 -6.5995519136704498e-05 -0.0012579139215238477 0.010735995662039087 0.0018711183000480246 0.00018510344975444735 0.00021540410873131075 -0.0037047585777151347 -0.0046596025247081846 0.0029548112512036893 -0.00081212029007726304 -0.007254023487487834 0.0013880663244995911 -0.0038885220515146881 0.00038879444820910213 -0.0037450295704569386 0.001117509000454879 -0.0037450295704569386 -0.007457429885945061 -0.0037450295704569386
leaf_weight=332 1299 426 417 9634 34155 417 4336 428 469 363 474 359 490 1647 508 1144 302 525 307 3027 1652 24156
leaf_count=332 1299 426 417 9634 34155 417 4336 428 469 363 474 359 490 1647 508 1144 302 525 307 3027 1652 24156
internal_value=-0.00124972 -0.000368735 -0.000409152 -0.000268482 -0.000303567 0.000480202 -0.000508236 -0.00272139 -0.00201833 -0.00293495 -0.00177322 -0.00100172 0.00120353 -0.00190896 -0.00222775 -0.00140256 -0.00223082 -0.00254003 -0.0018407 -0.00285562 -0.00282934 -0.00299131
internal_weight=86867 54339 53913 48874 48542 10051 38491 32528 7581 24947 5039 2913 849 2064 7112 1954 1446 5158 1606 3552 2126 24519
internal_count=86867 54339 53913 48874 48542 10051 38491 32528 7581 24947 5039 2913 849 2064 7112 1954 1446 5158 1606 3552 2126 24519
is_linear=0
shrinkage=0.03


Tree=119
num_leaves=27
num_cat=0
split_feature=27 29 33 32 29 3 29 32 3 29 32 32 29 4 4 32 0 3 5 20 15 39 27 24 19 27
split_gain=124.933 12.6959 10.8189 72.0943 11.9601 29.0497 14.9464 10.4134 21.5244 31.3094 11.7611 11.1313 3.37402 7.87496 3.39321 5.65384 3.39596 3.03022 2.64306 1.26771 0.747445 0.740276 0.738027 0.349986 0.301338 0.194957
threshold=897.50000000000011 362.50000000000006 -0.83375966452616657 -0.50556189049999822 153.50000000000003 26.350000000000005 192.50000000000003 0.94425825643485939 25.850000000000005 102.50000000000001 0.82899317702918729 0.80926549319045582 350.50000000000006 3.7000000000000002 2.2000000000000024 0.95998215779580554 26.150000000000002 17.450000000000003 66.500000000000014 74.741666666666688 0.176976328045649 1.5000000000000002 962.50000000000011 1.2010226979354146 84.677083333333357 912.50000000000011
decision_type=2 2 2 2 2 2 2 2 2 2 2 2 2 2 2 2 2 2 2 2 2 2 2 2 2 2
left_child=1 2 3 -1 5 -5 -6 10 9 -9 11 -4 14 -14 15 16 21 -12 19 20 -16 -2 -21 -20 -10 -25
right_child=12 -3 7 4 6 -7 -8 8 24 -11 17 -13 13 -15 18 -17 -18 -19 23 22 -22 -23 -24 25 -26 -27
leaf_value=0.0091262945369934914 -0.003870961233254993 0.0029438624964417226 -0.001291305983751009 -0.0011520321085007296 -0.0035863172941635519 0.022135239250881601 0.0032620575354178438 0.0012570292449595487 -0.024617426990161912 0.0093101383747769082 -0.003266974995559798 0.034438425535205479 0.0002089419854693708 -0.0036326786833432304 -0.0044055700399132994 0.00076638266966734753 0.00030164171318046657 -0.016139708394864127 -0.0036326786833432304 0.00047423235649693228 -0.0043434821373291056 -0.0035357418087503191 -0.00428719567816312 -0.0035942038969183567 -0.032309407728856106 -0.0036326786833432304
leaf_weight=430 1909 421 32113 702 6900 307 3079 3720 1025 581 1385 573 474 809 461 376 430 3010 578 306 1092 331 311 380 304 24973
leaf_count=430 1909 421 32113 702 6900 307 3079 3720 1025 581 1385 573 474 809 461 376 430 3010 578 306 1092 331 311 380 304 24973
internal_value=-0.00123303 -0.000356364 -0.000396768 0.000423504 -4.85948e-05 0.00306238 -0.000363428 -0.000616057 0.000586041 0.00161715 -0.000798582 -0.000602626 -0.0027076 -0.0011986 -0.00276971 -0.00181753 -0.00230251 -0.00225546 -0.00287286 -0.0018655 -0.00232239 -0.00277109 -0.000713593 -0.00295708 -0.00274962 -0.00297385
internal_weight=86980 54550 54129 11418 10988 1009 9979 42711 5630 4301 37081 32686 32430 1283 31147 3046 2670 4395 28101 2170 1553 2240 617 25931 1329 25353
internal_count=86980 54550 54129 11418 10988 1009 9979 42711 5630 4301 37081 32686 32430 1283 31147 3046 2670 4395 28101 2170 1553 2240 617 25931 1329 25353
is_linear=0
shrinkage=0.03


Tree=120
num_leaves=31
num_cat=0
split_feature=25 4 3 33 29 3 33 32 4 8 4 2 4 31 3 33 33 3 20 32 2 27 29 2 2 33 32 27 0 4
split_gain=125.524 11.8732 9.47672 12.6068 53.6047 26.0571 13.4729 41.7861 8.2461 6.83584 6.7735 4.25432 6.49011 3.6529 5.47507 3.34053 3.5954 2.9415 2.80126 6.356 11.7077 2.87759 3.54705 2.57914 4.29756 2.22017 4.73204 1.95604 2.89681 1.57429
threshold=14.500000000000002 1.9500000000000013 28.950000000000003 -0.84313311835787952 208.50000000000003 26.750000000000004 0.029024409397335523 0.9893236546938301 0.20000000000000198 1.3499999999999999 4.5999999999999996 14.750000000000002 3.3000000000000003 0.6830127018922193 17.750000000000004 -0.16799793862756093 -0.46800559042974538 19.050000000000004 87.620833333333351 0.89017062131308955 25.150000000000002 1032.5000000000002 164.50000000000003 28.650000000000002 29.450000000000003 -0.98212955754013376 -0.21861968191509915 947.50000000000011 30.750000000000004 5.0999999999999996
decision_type=2 2 2 2 2 2 2 2 2 2 2 2 2 2 2 2 2 2 2 2 2 2 2 2 2 2 2 2 2 2
left_child=1 2 3 4 5 -1 8 -8 -5 23 13 12 -2 14 -11 16 -12 -15 27 21 -21 22 -20 -3 -25 -4 -27 28 -13 -30
right_child=11 9 25 6 -6 -7 7 -9 -10 10 15 18 -14 17 -16 -17 -18 -19 19 20 -22 -23 -24 24 -26 26 -28 -29 29 -31
leaf_value=-0.015587469289823757 0.00020267372590528909 -0.0072652325664729588 -0.016493739132160623 0.0047571372761727911 0.0080309046122078957 0.0040919862186238548 0.0001854360149542078 0.0069555172598374957 -0.0020010991931545597 0.0066591214667624452 -0.00595997989119208 -0.0035236983228429334 -0.0052986945242795959 -0.00082947182012313534 -0.00089882841456085934 -0.0055896558722742778 0.0039146543875731776 -0.0064704271604721433 -0.0035236983228429334 0.0011919850383013844 -0.0035236983228429334 -0.0035236983228429334 0.0018414245383162062 0.0015407150626988286 -0.005756148773843275 -0.0013030800361290406 0.0049895222000307 -0.0035236983228429334 0.0044107148150487243 -0.00355287796574991
leaf_weight=1706 307 2426 860 1227 508 3189 16636 584 9730 526 1182 1937 383 1375 7891 2162 318 1246 358 399 471 3552 363 343 689 1619 328 24029 300 375
leaf_count=1706 307 2426 860 1227 508 3189 16636 584 9730 526 1182 1937 383 1375 7891 2162 318 1246 358 399 471 3552 363 343 689 1619 328 24029 300 375
internal_value=-0.0012452 -0.000366022 -5.33425e-05 8.66554e-05 0.00141395 0.000450367 -0.000167898 0.000355379 -0.000990236 -0.000992566 -0.000710156 -0.00272185 -0.000390739 -0.000339162 -3.45695e-05 -0.00182801 -0.000739508 -0.00131693 -0.00277244 -0.00213044 0.000206658 -0.00260622 -0.000876732 -0.00219254 -0.000935141 -0.00172756 -0.00116581 -0.00289629 -0.00211481 -0.000421598
internal_weight=87019 54545 36387 33580 5403 4895 28177 17220 10957 18158 14700 32474 690 11038 8417 3662 1500 2621 31784 5143 870 4273 721 3458 1032 2807 1947 26641 2612 675
internal_count=87019 54545 36387 33580 5403 4895 28177 17220 10957 18158 14700 32474 690 11038 8417 3662 1500 2621 31784 5143 870 4273 721 3458 1032 2807 1947 26641 2612 675
is_linear=0
shrinkage=0.03


Tree=121
num_leaves=25
num_cat=0
split_feature=25 29 4 23 29 29 7 7 4 29 4 23 3 29 23 20 25 22 19 23 7 31 3 24
split_gain=125.195 13.5808 12.7366 10.7885 9.23005 12.1358 8.6923 5.76502 5.00589 4.96286 4.61737 4.49271 4.84022 3.53789 3.31211 2.04551 1.68338 2.29418 1.76968 4.33523 1.72075 0.27963 0.0994059 0.000133643
threshold=14.500000000000002 362.50000000000006 1.3999999999999997 4.2280771447111549 346.50000000000006 323.50000000000006 0.69999999999999984 1.1000000000000008 4.6499999999999995 350.50000000000006 1.7500000000000002 24.632640290168577 26.850000000000005 318.50000000000006 10.820043991844937 61.275000000000006 15.500000000000002 2324.2000000000003 89.750000000000014 22.937925278670615 0.29999999999999943 -0.9330127018922193 11.450000000000001 5.2256123309802867
decision_type=2 2 2 2 2 2 2 2 2 2 2 2 2 2 2 2 2 2 2 2 2 2 2 2
left_child=1 2 3 -1 5 -5 8 9 13 16 -9 14 -13 -4 -8 -10 17 20 21 -20 -2 -18 -12 -6
right_child=7 -3 6 4 23 -7 11 10 15 -11 22 12 -14 -15 -16 -17 18 -19 19 -21 -22 -23 -24 -25
leaf_value=0.0036092623568736745 -0.0010507711451366256 0.0029580035912508242 -0.00025936904526650622 -0.0001616305126476547 -0.0045064187099486562 0.0045621813374813148 -0.0011829792122483428 0.00012079931502275375 -0.0091144753041145915 0.00019659351412813108 -0.0033710003247047317 0.00098911246962435861 -0.0058477924129405447 -0.0056904143967861764 -0.0053806528602894626 -0.0030118770035177937 -0.0034179873731576453 0.0023453091884206054 0.0011553151405092942 -0.0035664066148390727 -0.0034179873731576453 -0.0034179873731576453 -0.0034179873731576453 -0.0042155440384278094
leaf_weight=448 550 430 11467 26765 672 1762 1145 428 1046 450 581 1186 1531 1491 4778 1400 518 344 386 884 1378 3060 23943 300
leaf_count=448 550 430 11467 26765 672 1762 1145 428 1046 450 581 1186 1531 1491 4778 1400 518 344 386 884 1378 3060 23943 300
internal_value=-0.00124228 -0.000362226 -0.000404561 8.3137e-06 -6.19329e-05 3.60691e-05 -0.000918778 -0.00271488 -0.000491529 -0.00198917 -0.00293496 -0.00168036 -0.000669979 -0.000256502 -0.00214365 -0.001736 -0.00218228 -0.00150726 -0.00249825 -0.00153423 -0.0019098 -0.0028399 -0.00298887 -0.00293525
internal_weight=86943 54421 53991 29947 29499 28527 24044 32522 15404 7570 24952 8640 2717 12958 5923 2446 7120 2272 4848 1270 1928 3578 24524 972
internal_count=86943 54421 53991 29947 29499 28527 24044 32522 15404 7570 24952 8640 2717 12958 5923 2446 7120 2272 4848 1270 1928 3578 24524 972
is_linear=0
shrinkage=0.03


Tree=122
num_leaves=27
num_cat=0
split_feature=27 4 29 22 5 3 31 8 2 4 2 4 32 32 3 32 27 8 5 20 3 4 22 3 27 11
split_gain=128.08 11.2191 11.8955 9.66191 7.50777 7.50334 5.63036 6.54853 5.42429 7.87992 4.48148 3.60893 5.2903 2.80007 2.10136 2.01353 1.85335 1.68613 1.28319 0.835178 5.23897 0.735016 0.5916 0.406088 0.101531 0.08356
threshold=902.50000000000011 2.9000000000000017 362.50000000000006 590.00000000000011 503.50000000000006 28.950000000000003 0.6830127018922193 1.4500000000000004 14.750000000000002 3.4499999999999997 21.550000000000004 1.7500000000000002 0.83849049182116964 0.97508442350096236 25.050000000000004 -0.71504373327588355 932.50000000000011 0.90000000000000135 15.500000000000002 87.103571428571442 17.450000000000003 3.7999999999999985 2281.8000000000006 18.550000000000004 952.50000000000011 0.59999999999999887
decision_type=2 2 2 2 2 2 2 2 2 2 2 2 2 2 2 2 2 2 2 2 2 2 2 2 2 2
left_child=1 2 3 -1 5 -5 7 -3 9 -2 -9 12 14 -12 -10 -8 18 -6 -13 24 -21 23 -20 -17 -18 -23
right_child=8 6 -4 4 17 -7 15 10 11 -11 13 16 -14 -15 -16 21 19 -19 22 20 -22 25 -24 -25 -26 -27
leaf_value=0.0049597216380314977 0.00019069570870428653 -0.0060934284273520371 0.0028692636510357227 1.0664041406130637e-05 -0.0079519610543329344 -0.0038225872778138111 -0.00089927979148558476 0.0050975763108999051 -0.0039290363034952536 -0.0050386036788100663 -0.0029205905484472557 -0.00042339034858341246 0.00070400765897760446 0.0028421469467312306 -0.0013628243717303174 -0.0014117726295634469 -0.003315447751962916 -0.0015515719911735389 -0.003308752399407124 0.0029623179980430079 -0.003315447751962916 -0.0048418155702489628 -0.0032643034401051364 -0.0058978642359019074 -0.003315447751962916 -0.0095561662547534038
leaf_weight=407 303 1046 350 37379 1369 2872 381 430 952 370 6323 317 352 748 303 373 1023 819 1040 300 3992 1593 302 356 22914 311
leaf_count=407 303 1046 350 37379 1369 2872 381 430 952 370 6323 317 352 748 303 373 1023 819 1040 300 3992 1593 302 356 22914 311
internal_value=-0.00122052 -0.000337869 -0.000115703 -0.000160759 -0.000204925 -0.000111871 -0.00116788 -0.000774568 -0.00272293 -5.78642e-05 -0.000464277 -0.00277988 -0.00139366 -0.000645221 -0.00230494 -0.00228259 -0.00285436 -0.00191594 -0.00187771 -0.00291169 -0.00252411 -0.00257745 -0.00228295 -0.00176301 -0.00298108 -0.00288819
internal_weight=86925 54757 43196 42846 42439 40251 11561 8547 32168 673 7501 31495 1607 7071 1255 3014 29888 2188 1659 28229 4292 2633 1342 729 23937 1904
internal_count=86925 54757 43196 42846 42439 40251 11561 8547 32168 673 7501 31495 1607 7071 1255 3014 29888 2188 1659 28229 4292 2633 1342 729 23937 1904
is_linear=0
shrinkage=0.03


Tree=123
num_leaves=29
num_cat=0
split_feature=27 4 33 33 32 2 33 33 7 7 31 3 4 27 2 4 5 39 27 22 4 2 3 12 39 7 2 5
split_gain=123.949 11.393 13.7196 8.95746 89.227 12.7952 11.5595 47.7917 6.57445 6.44066 6.64797 4.72744 9.25981 5.27849 4.56817 4.19498 3.92215 2.10892 1.93287 3.37225 1.16914 0.93978 0.877292 0.701643 0.272059 0.0926061 0.0881462 0.0149603
threshold=887.50000000000011 2.8999999999999999 0.99958851518450398 -0.83375966452616657 -0.50556189049999822 27.850000000000005 -0.71502926860092908 -0.6905596507703472 1.1000000000000008 1.4000000000000041 0.6830127018922193 17.450000000000003 3.8500000000000019 1117.5000000000002 21.550000000000004 1.7500000000000002 109.50000000000001 1.0000000180025095e-35 952.50000000000011 2340.6500000000005 4.4500000000000002 30.950000000000003 19.050000000000004 0.25000000000000006 1.0000000180025095e-35 2.149999999999999 15.250000000000002 71.500000000000014
decision_type=2 2 2 2 2 2 2 2 2 2 2 2 2 2 2 2 2 2 2 2 2 2 2 2 2 2 2 2
left_child=1 2 3 4 -1 -6 17 -8 11 10 14 12 13 -2 -3 -10 -16 -5 19 21 22 -13 -12 24 -20 -11 -17 -28
right_child=8 9 -4 6 5 -7 7 -9 15 25 20 18 -14 -15 16 26 -18 -19 23 -21 -22 -23 -24 -25 -26 -27 27 -29
leaf_value=0.011542704020319905 0.0024722267427410272 0.0063153885096460293 0.0027413903984525524 -0.011080727200626334 -0.010594098678400483 0.00046991862604159367 0.010897689163333207 -0.00039329017799436981 -0.003481404445010636 -0.0051223113593699011 -0.0013776896990994238 -0.0032159843194040283 -0.0035820499341428515 -0.0022857601823603147 -0.0027793824081096116 -0.0031769214564444791 0.0037350604151243755 -0.0024265537158505417 -0.0032159843194040283 0.0040669662824213597 -0.0062123383298413777 -0.0035592487677745407 -0.006194113965828584 -0.0033143895858575257 -0.0031880335355257174 -0.009459220001959822 -0.0038764519864210988 -0.0032159843194040283
leaf_weight=306 396 408 307 2255 1947 6493 446 30720 430 384 688 1321 631 303 5977 367 305 383 3604 300 1054 659 714 478 301 1394 378 23869
leaf_count=306 396 408 307 2255 1947 6493 446 30720 430 384 688 1321 631 303 5977 367 305 383 3604 300 1054 659 714 478 301 1394 378 23869
internal_value=-0.00125219 -0.000363747 -0.000143288 -0.00018895 0.000666742 8.88513e-05 -0.000410354 -0.000248918 -0.00269844 -0.00122856 -0.000907183 -0.00194884 -0.000315553 0.00206143 -0.000416979 -0.00293759 -0.000616903 -0.00231679 -0.00227476 -0.0015651 -0.00224176 -0.00201413 -0.00167213 -0.00264348 -0.0027765 -0.00288027 -0.00298891 -0.00299617
internal_weight=86818 53781 42857 42550 8746 8440 33804 31166 33037 10924 9146 7993 1330 699 6690 25044 6282 2638 6663 2280 2456 1980 1402 4383 3905 1778 24614 24247
internal_count=86818 53781 42857 42550 8746 8440 33804 31166 33037 10924 9146 7993 1330 699 6690 25044 6282 2638 6663 2280 2456 1980 1402 4383 3905 1778 24614 24247
is_linear=0
shrinkage=0.03


Tree=124
num_leaves=24
num_cat=0
split_feature=27 33 4 33 32 33 33 3 33 7 4 0 33 7 0 19 27 32 27 33 32 5 3
split_gain=124.465 23.5487 11.3373 9.46257 82.8694 13.2618 20.4534 12.6215 11.3142 4.05722 4.47611 4.3502 2.53438 2.15337 2.12402 1.84362 4.5557 3.09333 1.14019 0.926738 0.613908 0.159131 0.0528353
threshold=912.50000000000011 0.99981043035926087 4.5999999999999996 -0.83375966452616657 -0.50556189049999822 -0.26867065956352881 -0.19337245081799007 26.050000000000004 -0.46039597980994923 1.1000000000000008 1.7500000000000002 13.950000000000001 0.04621408538533487 1.1999999999999977 31.750000000000004 86.26969696969698 1032.5000000000002 0.88220160189607266 937.50000000000011 -0.44505783185115427 0.64579916509010216 10.500000000000002 11.450000000000001
decision_type=2 2 2 2 2 2 2 2 2 2 2 2 2 2 2 2 2 2 2 2 2 2 2
left_child=1 2 3 4 -1 8 -7 -6 -5 11 -11 -2 13 14 -4 18 -17 -18 19 -13 -14 -20 -12
right_child=9 -3 12 5 7 6 -8 -9 -10 10 22 15 20 -15 -16 16 17 -19 21 -21 -22 -23 -24
leaf_value=0.011231491794710297 0.00011080803516092807 0.0032629277317916027 0.0010192786655202261 -0.0009959641340746739 -0.0096529293536405537 0.0044650792313383229 -0.00035586349159937746 0.00033018383849640285 -0.013890338893271958 0.00020049723915306348 -0.0030739273528225817 -0.001507559401422619 -0.0038501147850572588 -0.0036031495641585531 -0.0049347207608715247 0.0016928606354349349 -0.0032826025092313315 0.00036203158711488548 -0.0051259591242087538 -0.0031195047898219075 -0.0039604882160801875 -0.0031195047898219075 -0.0031195047898219075
leaf_weight=352 346 300 758 8125 1923 1122 27313 8443 3372 423 577 302 1534 503 953 478 1374 307 301 575 555 3293 23548
leaf_count=352 346 300 758 8125 1923 1122 27313 8443 3372 423 577 302 1534 503 953 478 1374 307 301 575 555 3293 23548
internal_value=-0.00125309 -0.000394886 -0.000440715 -0.000315098 0.00047635 -0.000527534 -0.000179878 -1.04184e-05 -0.00138729 -0.00275724 -0.00293878 -0.0021181 -0.00191891 -0.00121084 -0.000702688 -0.00228925 -0.00156806 -0.00230262 -0.00263708 -0.00166401 -0.00266842 -0.00287399 -0.00299242
internal_weight=86777 55253 54953 50650 10718 39932 28435 10366 11497 31524 24548 6976 4303 2214 1711 6630 2159 1681 4471 877 2089 3594 24125
internal_count=86777 55253 54953 50650 10718 39932 28435 10366 11497 31524 24548 6976 4303 2214 1711 6630 2159 1681 4471 877 2089 3594 24125
is_linear=0
shrinkage=0.03


Tree=125
num_leaves=29
num_cat=0
split_feature=27 7 0 33 28 2 29 2 3 33 7 29 27 29 7 12 19 27 0 27 19 30 7 8 3 14 7 19
split_gain=126.295 11.7362 11.0862 11.0233 49.7578 40.2026 12.0385 10.8202 30.6143 12.6572 5.6819 6.08089 2.33146 2.98182 2.89651 1.62879 2.11615 3.71304 1.3272 0.618354 0.477373 0.45608 0.408089 2.31075 0.18203 0.141645 0.0123592 0.0891046
threshold=902.50000000000011 1.7500000000000002 9.9500000000000011 -0.83375966452616657 7.5000000000000009 30.050000000000004 153.50000000000003 23.350000000000005 22.050000000000004 0.59003219687534991 1.1000000000000008 350.50000000000006 497.50000000000006 174.50000000000003 2.4000000000000017 1.0000000180025095e-35 86.411538461538484 1217.5000000000002 30.750000000000004 922.50000000000011 76.609523809523822 0.93301270189221952 1.500000000000002 0.65000000000000047 16.750000000000004 0.20633640649098717 1.7500000000000002 86.411538461538484
decision_type=2 2 2 2 2 2 2 2 2 2 2 2 2 2 2 2 2 2 2 2 2 2 2 2 2 2 2 2
left_child=1 2 -1 4 6 -6 -4 8 -5 -9 11 15 13 20 -15 19 18 -18 -17 -2 -3 -21 23 -12 -25 -14 27 -24
right_child=10 12 3 7 5 -7 -8 9 -10 -11 22 -13 25 14 -16 16 17 -19 -20 21 -22 -23 26 24 -26 -27 -28 -29
leaf_value=0.0048334045989783542 -0.0030194251541481323 -0.0015943931334215344 0.017131709569799987 -0.00029727294046764106 0.010937514806918845 0.0018456782745484746 -0.00027045527567454527 -0.00083775262859642652 0.016683536459285841 -0.0059784679783222812 -0.0032826528370577435 0.00010748379410609964 -0.0041401165238126626 0.0015666541544252267 -0.025311002420677797 -0.0030259196461272504 0.0016925692265711656 -0.0034473561447686918 -0.0033138568817310684 -0.0030259196461272504 -0.054156106994106133 -0.0031183333037579975 -0.0030259196461272504 -0.0029817095322379043 -0.0030259196461272504 -0.0042039630682425598 -0.0030259196461272504 -0.0030259196461272504
leaf_weight=310 381 300 948 14393 301 301 9243 22010 838 2934 437 452 1367 430 315 1244 520 424 518 3436 543 404 1241 302 3022 396 19639 301
leaf_count=310 381 300 948 14393 301 301 9243 22010 838 2934 437 452 1367 430 315 1244 520 424 518 3436 543 404 1241 302 3022 396 19639 301
internal_value=-0.0012369 -0.000357442 -0.000245013 -0.000279465 0.000571706 0.00894527 7.62355e-05 -0.00050814 0.000121914 -0.000892845 -0.00272332 -0.00199146 -0.00207727 -0.00124229 0.00014075 -0.00221146 -0.00163576 -0.00048889 -0.00224958 -0.00258006 -0.00246327 -0.00269461 -0.00293974 -0.00264833 -0.0029179 -0.00282823 -0.00299136 -0.0028814
internal_weight=86950 54629 51278 50968 10793 602 10191 40175 15231 24944 32321 7379 3351 1588 745 6927 2706 944 1762 4221 843 3840 24942 3761 3324 1763 21181 1542
internal_count=86950 54629 51278 50968 10793 602 10191 40175 15231 24944 32321 7379 3351 1588 745 6927 2706 944 1762 4221 843 3840 24942 3761 3324 1763 21181 1542
is_linear=0
shrinkage=0.03


Tree=126
num_leaves=23
num_cat=0
split_feature=25 7 33 0 33 32 32 7 29 4 4 4 32 24 32 25 25 33 5 2 15 7
split_gain=126.905 11.9939 11.2464 9.6292 9.45562 62.8774 9.98086 5.78862 5.42094 3.52079 4.56693 3.2614 2.01182 1.90207 3.88971 2.36253 1.78552 2.1031 0.314566 0.168342 0.031645 0.00221629
threshold=14.500000000000002 1.7500000000000002 0.99958851518450398 9.9500000000000011 -0.83375966452616657 -0.50556189049999822 0.94425825643485939 1.1499999999999988 350.50000000000006 2.7000000000000006 2.4500000000000006 1.7500000000000002 -0.26037633224328088 1.9203099782078914 0.84773968378660736 17.500000000000004 15.500000000000002 -0.57077231802681661 497.50000000000006 15.250000000000002 0.10349107938566031 2.2000000000000006
decision_type=2 2 2 2 2 2 2 2 2 2 2 2 2 2 2 2 2 2 2 2 2 2
left_child=1 2 3 -1 5 -5 -6 8 13 10 12 -9 -3 14 15 -2 17 -15 -18 -13 -14 -11
right_child=7 9 -4 4 6 -7 -8 11 -10 21 -12 19 20 16 -16 -17 18 -19 -20 -21 -22 -23
leaf_value=0.004463767936745737 -0.0022627163037144305 5.22882027772368e-05 0.0025956405020696781 0.0082698744372069789 -0.0013009962314936363 7.1274901292728285e-06 0.0016908807878145103 -0.0040779819516650528 0.00010425928028291731 -0.0041003391206599548 0.00059964344128663253 -0.0028972510796726699 -0.0093759943945028856 -0.0017890731598102661 0.0010865372208029877 -0.003019066739567644 -0.0029351420567434328 -0.0029351420567434328 -0.0029351420567434328 -0.0029351420567434328 -0.0089703118456315543 -0.0071031612960229971
leaf_weight=317 387 326 424 429 34219 10249 5402 367 490 301 357 360 367 695 344 846 3516 1480 306 23610 417 1541
leaf_count=317 387 326 424 429 34219 10249 5402 367 490 301 357 360 367 695 344 846 3516 1480 306 23610 417 1541
internal_value=-0.00122869 -0.000342724 -0.000229228 -0.000270029 -0.000302923 0.000489371 -0.000516456 -0.00271474 -0.00201761 -0.00209275 -0.000995232 -0.00294564 -0.0019442 -0.00221545 -0.00128707 -0.00207374 -0.00245932 -0.0017716 -0.00285012 -0.00298861 -0.00276688 -0.00296582
internal_weight=86750 54349 51040 50616 50299 10678 39621 32401 8064 3309 1467 24337 1110 7574 1577 1233 5997 2175 3822 23970 784 1842
internal_count=86750 54349 51040 50616 50299 10678 39621 32401 8064 3309 1467 24337 1110 7574 1577 1233 5997 2175 3822 23970 784 1842
is_linear=0
shrinkage=0.03


Tree=127
num_leaves=26
num_cat=0
split_feature=27 33 5 4 23 29 15 29 4 4 32 20 27 33 12 23 5 33 23 5 8 20 8 12 4
split_gain=129.952 11.0248 10.6277 9.9623 8.63851 10.1666 8.1611 2.86978 6.72818 2.94305 5.02787 2.32143 2.19597 2.14085 3.15221 1.82681 2.04573 1.44003 1.14172 0.92962 1.65185 0.535296 2.63049 0.188784 0.0742509
threshold=902.50000000000011 0.99958851518450398 503.50000000000006 4.6499999999999995 4.2280771447111549 346.50000000000006 0.089189698171390622 350.50000000000006 3.7000000000000002 1.7500000000000002 0.83849049182116964 60.82500000000001 952.50000000000011 -0.7614016681079937 0.19999999999999754 25.704882716903509 15.500000000000002 0.77652048701313048 24.08491224777298 548.50000000000011 0.69999999999999984 86.368115942028993 2.4500000000000006 0.5999999999999962 5.2000000000000011
decision_type=2 2 2 2 2 2 2 2 2 2 2 2 2 2 2 2 2 2 2 2 2 2 2 2 2
left_child=1 2 3 4 6 -6 -1 9 -9 10 18 24 15 14 -4 16 -11 -13 -2 20 -15 -14 -23 -21 -5
right_child=7 -3 13 11 5 -7 -8 8 -10 12 -12 17 21 19 -16 -17 -18 -19 -20 23 -22 22 -24 -25 -26
leaf_value=0.0045544894229066464 -0.0034348580179604884 0.0024928082563743762 -0.0058534467382821602 -0.0050314387707566452 -0.00017985807952833888 -0.004873845100763617 0.00036363367426231154 0.0001011315018744302 -0.00284708779504113 -0.0011892396565339265 0.00085408659720961433 -0.0024384205789595935 -0.00284708779504113 -0.025466642988383768 0.0029676848110770644 -0.0013854773323924716 -0.00284708779504113 -0.0041206045724887655 -0.0030813712881287742 -0.0072980550142907131 -0.00033331133857552686 -0.00284708779504113 0.00058322027913958381 -0.0058412748247481617 -0.0048821883673325706
leaf_weight=300 882 442 321 420 45163 1577 441 472 807 353 358 1920 22078 377 304 439 1925 340 312 1509 372 4243 304 345 914
leaf_count=300 882 442 321 420 45163 1577 441 472 807 353 358 1920 22078 377 304 439 1925 340 312 1509 372 4243 304 345 914
internal_value=-0.00121451 -0.00032523 -0.000363676 -0.000258145 -0.000142855 -0.000193835 0.00306873 -0.00272764 -0.00133359 -0.00278531 -0.00151063 -0.00178081 -0.00285267 -0.00203283 -0.000455272 -0.00203863 -0.00237999 -0.00119416 -0.00244519 -0.00241129 -0.001516 -0.00293567 -0.00263654 -0.00277197 -0.00277303
internal_weight=86918 54745 54303 51075 47481 46740 741 32173 1279 30894 1552 3594 29342 3228 625 2717 2278 2260 1194 2603 749 26625 4547 1854 1334
internal_count=86918 54745 54303 51075 47481 46740 741 32173 1279 30894 1552 3594 29342 3228 625 2717 2278 2260 1194 2603 749 26625 4547 1854 1334
is_linear=0
shrinkage=0.03


Tree=128
num_leaves=28
num_cat=0
split_feature=27 7 2 4 24 32 4 3 3 23 7 4 3 4 4 31 32 3 12 19 0 27 23 20 32 2 7
split_gain=129.521 12.2504 8.89609 8.43258 7.91957 5.61931 5.35936 4.51675 5.0479 4.63402 4.48506 3.95988 3.73458 6.7314 7.07256 2.96438 2.81737 2.09847 1.72467 2.46597 0.677573 0.538158 1.0362 0.486732 0.394643 0.128115 0.0924869
threshold=907.50000000000011 1.4000000000000041 10.450000000000001 4.6499999999999995 1.0491272202248505 0.99374995976406788 2.7000000000000006 26.050000000000004 26.850000000000005 10.820043991844937 1.1499999999999988 1.7500000000000002 17.450000000000003 3.8500000000000019 3.2999999999999985 0.6830127018922193 0.80926549319045582 28.250000000000004 0.14999999999999861 86.050000000000011 30.750000000000004 952.50000000000011 24.597852896438351 73.853571428571442 -0.95754239937548935 15.250000000000002 2.0499999999999994
decision_type=2 2 2 2 2 2 2 2 2 2 2 2 2 2 2 2 2 2 2 2 2 2 2 2 2 2 2
left_child=1 2 -1 4 16 -6 7 9 -9 -3 12 -12 13 14 -2 17 -4 -5 21 20 -20 22 -14 -11 -23 -13 -8
right_child=10 6 3 15 5 -7 26 8 -10 23 11 25 18 -15 -16 -17 -18 -19 19 -21 -22 24 -24 -25 -26 -27 -28
leaf_value=0.0040434685675066091 -0.0031283131531175618 0.00045609072086652877 -0.011708055426050083 -0.0016124929548768348 6.2348094944555398e-05 -0.0066365534302028819 -0.0033415802389792112 0.0031875976964585418 -0.0021717516728000908 -0.0027508960881387629 0.0008820731360151651 -0.0027249209134312556 -0.002761675161189896 -0.0031042848963678941 0.0027391095994685369 -0.0040773824030054745 -0.0001744623371424847 -0.0095527349128746285 -0.002790218970220343 0.00023474319254982722 -0.0032065013226620083 -0.0027338401826256325 -0.0027629026363073243 -0.0064378763157454276 -0.002761675161189896 -0.002761675161189896 -0.0044619145844975398
leaf_weight=325 321 419 1882 1960 42292 1626 493 333 435 304 357 357 718 606 370 1075 624 420 607 433 427 300 319 1254 3491 23534 1669
leaf_count=325 321 419 1882 1960 42292 1626 493 333 435 304 357 357 718 606 370 1075 624 420 607 433 427 300 319 1254 3491 23534 1669
internal_value=-0.00122036 -0.000340271 -0.000200419 -0.000232699 -0.000126269 -3.26517e-05 -0.00177078 -0.000890387 0.00106112 -0.00164864 -0.00274363 -0.00294297 -0.00210668 -0.000640216 0.00138295 -0.00166233 -0.00176626 -0.00107098 -0.00240867 -0.00150613 -0.00230145 -0.00268254 -0.00207226 -0.00240154 -0.00284889 -0.00298983 -0.00288766
internal_weight=86951 55111 50204 49879 46424 43918 4907 2745 768 1977 31840 24248 7592 1297 691 3455 2506 2380 6295 1467 1034 4828 1037 1558 3791 23891 2162
internal_count=86951 55111 50204 49879 46424 43918 4907 2745 768 1977 31840 24248 7592 1297 691 3455 2506 2380 6295 1467 1034 4828 1037 1558 3791 23891 2162
is_linear=0
shrinkage=0.03


Tree=129
num_leaves=24
num_cat=0
split_feature=27 29 7 2 29 2 4 3 23 7 29 29 4 20 27 8 30 7 11 33 7 2 13
split_gain=127.574 22.2903 13.3694 9.28361 9.91327 9.0817 4.86207 5.81677 5.80127 4.75307 5.68737 4.34299 3.94575 1.765 4.04893 2.07589 1.40583 1.27422 0.72978 0.551539 0.375707 0.177466 0.00170702
threshold=912.50000000000011 363.50000000000006 1.3 11.550000000000002 346.50000000000006 20.150000000000002 2.7000000000000006 26.050000000000004 10.820043991844937 1.1000000000000008 350.50000000000006 174.50000000000003 1.7500000000000002 87.620833333333351 1087.5000000000002 1.4000000000000015 0.68301270189221941 0.19999999999999976 0.20000000000000198 -0.9575230291762723 1.8000000000000027 15.250000000000002 -0.013333333333333875
decision_type=2 2 2 2 2 2 2 2 2 2 2 2 2 2 2 2 2 2 2 2 2 2 2
left_child=1 2 3 -1 5 -5 7 8 -4 10 13 -9 -11 17 15 -15 -16 -2 -6 -19 -8 -14 -22
right_child=9 -3 6 4 18 -7 20 11 -10 12 -12 -13 21 14 16 -17 -18 19 -20 -21 22 -23 -24
leaf_value=0.0029065269366707553 -0.0024050672677674019 0.0032144409147709394 0.00044240799924053051 0.0022731225383037369 -0.0044849519044345611 -0.00043895818050637025 -0.0029261115691767972 -0.0022573540229850054 -0.0069960669968392262 -0.0034160845803663867 1.5924268834141551e-05 0.0016702629815053083 -0.0026431732860283182 -0.0033684180634771313 -0.0028132544060355878 0.0018405026737197043 -0.0030257164265127187 -0.0026697775275620686 -0.0036206359775623723 -0.0026788249063541989 -0.0029331782114763974 -0.0026788249063541989 -0.0040252151765579848
leaf_weight=577 569 304 555 6197 1299 40418 596 379 2145 416 436 728 344 304 991 300 311 439 445 3613 312 23883 1533
leaf_count=577 569 304 555 6197 1299 40418 596 379 2145 416 436 728 344 304 991 300 311 439 445 3613 312 23883 1533
internal_value=-0.00122329 -0.00035672 -0.000401414 -0.000234547 -0.000279715 -0.000196607 -0.00170811 -0.00103755 -0.00178823 -0.00274458 -0.00205184 0.000793321 -0.00294023 -0.00227344 -0.00150393 0.000525619 -0.00244513 -0.00259044 -0.00249971 -0.0027772 -0.00275307 -0.00298997 -0.00296587
internal_weight=87094 55488 55184 48936 48359 46615 6248 3807 2700 31606 6963 1107 24643 6527 1906 604 1302 4621 1744 4052 2441 24227 1845
internal_count=87094 55488 55184 48936 48359 46615 6248 3807 2700 31606 6963 1107 24643 6527 1906 604 1302 4621 1744 4052 2441 24227 1845
is_linear=0
shrinkage=0.03


Tree=130
num_leaves=26
num_cat=0
split_feature=25 33 7 33 29 3 33 33 7 29 4 3 3 22 4 12 20 25 4 25 7 25 0 1 7
split_gain=132.377 11.7196 11.5955 8.05192 66.8486 13.66 13.3344 11.4534 6.13552 7.16316 4.91589 7.54196 5.64211 5.31024 3.16674 2.22665 2.40056 4.72554 2.02359 1.30024 0.623427 0.476664 0.62775 0.375224 0.0796446
threshold=14.500000000000002 0.99958851518450398 1.2999999999999983 -0.84313311835787952 212.50000000000003 26.550000000000004 -0.73865259438682551 -0.6905596507703472 1.2000000000000004 350.50000000000006 2.7000000000000006 26.050000000000004 26.850000000000005 1123.0500000000002 1.7500000000000002 1.0000000180025095e-35 86.368115942028993 19.500000000000004 2.1500000000000008 15.500000000000002 1.6499999999999988 15.500000000000002 30.350000000000005 90.500000000000014 2.149999999999999
decision_type=2 2 2 2 2 2 2 2 2 2 2 2 2 2 2 2 2 2 2 2 2 2 2 2 2
left_child=1 2 3 4 5 -1 18 -8 9 15 11 13 -13 -4 -10 21 19 -18 -5 -17 -12 22 -2 -23 -22
right_child=8 -3 10 6 -6 -7 7 -9 14 -11 20 12 -14 -15 -16 16 17 -19 -20 -21 24 23 -24 -25 -26
leaf_value=-0.0072431750686859963 -0.0025984601591635733 0.0022841403716225227 0.00042913575926331046 -0.010434822855750054 0.0090085041268484108 0.0010655537136828562 0.00593941829283359 -0.00036928474612837544 -0.0027185160437166898 1.5446540769117888e-05 -0.0031430992681742353 0.0026626352488598715 -0.00048377327431036398 -0.007617495116326178 -0.0025984601591635733 -0.0026156013199685481 0.0018651113183785577 -0.0029886170858051697 -0.0030404180419041347 -0.0025984601591635733 -0.0037019894004368479 -0.0025984601591635733 -0.0026264324945734362 -0.0025851700819851148 -0.0064090505500602642
leaf_weight=2408 1040 444 571 2070 409 7115 1097 34356 319 508 375 448 681 2089 23484 994 536 482 551 992 339 3197 304 656 1539
leaf_count=2408 1040 444 571 2070 409 7115 1097 34356 319 508 375 448 681 2089 23484 994 536 482 551 992 339 3197 304 656 1539
internal_value=-0.00119524 -0.000291341 -0.000331256 -0.00017535 0.000585321 7.46528e-05 -0.000373789 -0.000221104 -0.00271018 -0.00202836 -0.00156975 -0.000909499 0.00114425 -0.00178129 -0.00295955 -0.0022425 -0.00159135 -0.000406281 -0.00243822 -0.00219829 -0.00267924 -0.00261851 -0.00212788 -0.00278905 -0.00290261
internal_weight=87004 54492 54048 48006 9932 9523 38074 35453 32512 8709 6042 3789 1129 2660 23803 8201 3004 1018 2621 1986 2253 5197 1344 3853 1878
internal_count=87004 54492 54048 48006 9932 9523 38074 35453 32512 8709 6042 3789 1129 2660 23803 8201 3004 1018 2621 1986 2253 5197 1344 3853 1878
is_linear=0
shrinkage=0.03


Tree=131
num_leaves=29
num_cat=0
split_feature=27 4 29 29 29 22 7 7 7 31 0 2 4 2 2 5 3 4 5 5 4 24 21 29 7 27 7 39
split_gain=127.499 12.1789 15.0559 7.94072 11.7884 9.75895 6.10543 5.43233 5.22473 6.12744 5.31758 3.93848 3.26868 4.87234 2.9826 2.80506 2.10156 5.95182 2.57568 1.58842 1.04434 1.11182 0.751817 0.651556 0.148439 0.127065 0.185313 0.0199637
threshold=902.50000000000011 3.3000000000000003 362.50000000000006 346.50000000000006 340.50000000000006 718.70000000000016 0.35000000000000148 0.69999999999999984 1.3000000000000027 0.6830127018922193 21.350000000000005 14.750000000000002 1.7500000000000002 25.550000000000004 11.850000000000003 84.500000000000014 17.450000000000003 3.8500000000000019 512.50000000000011 5.5000000000000009 4.4500000000000002 7.3254786614132001 0.8986807657031175 357.50000000000006 2.0000000000000022 932.50000000000011 1.1000000000000008 8.5000000000000018
decision_type=2 2 2 2 2 2 2 2 2 2 2 2 2 2 2 2 2 2 2 2 2 2 2 2 2 2 2 2
left_child=1 2 3 4 5 -1 -6 16 9 10 -3 -9 13 -13 -5 -12 17 -2 19 -18 21 -11 -21 -16 -10 26 -14 -27
right_child=7 8 -4 14 6 -7 -8 11 24 20 15 12 25 -15 23 -17 18 -19 -20 22 -22 -23 -24 -25 -26 27 -28 -29
leaf_value=0.0042204334174779758 0.0020850906988067941 0.0054731202468143439 0.0023804242504628713 0.00062084451904962073 0.0042697669912246817 -0.00021475921843983945 0.016708300286165212 -0.00034053731685692955 -0.0030224229355407892 -0.001212591079778533 -0.0029356036681475618 0.0011340869157714384 -0.002513857717908546 -0.0030105463368819384 -0.022426075652193258 0.0044609732998756521 -0.0023140787667162771 -0.0052911023305233871 0.00073976309625086204 -0.0030928585732192333 -0.0045808707246372806 -0.0055191700361116166 -0.0028841039155109338 -0.0017448471941036168 -0.0045851208988700702 -0.002520506354388666 -0.0024935019123362976 -0.002520506354388666
leaf_weight=320 423 341 336 362 349 41709 315 420 466 469 5162 301 300 430 1146 307 510 424 301 1775 1140 582 1100 440 1233 25412 544 311
leaf_count=320 423 341 336 362 349 41709 315 420 466 469 5162 301 300 430 1146 307 510 424 301 1775 1140 582 1100 440 1233 25412 544 311
internal_value=-0.00122956 -0.000347142 -0.000139202 -0.000186888 -0.000101397 -0.000164098 0.00386165 -0.00272551 -0.00131121 -0.000990128 -0.000480125 -0.00288301 -0.00292736 -0.000946722 -0.00205952 -0.000706948 -0.00176202 -0.000413916 -0.0020716 -0.00230803 -0.0023417 -0.00165684 -0.00258171 -0.00262004 -0.00282177 -0.00298182 -0.00260592 -0.00299405
internal_weight=86928 54677 44977 44641 42693 42029 664 32251 9700 8001 5810 27718 27298 731 1948 5469 4533 847 3686 3385 2191 1051 2875 1586 1699 26567 844 25723
internal_count=86928 54677 44977 44641 42693 42029 664 32251 9700 8001 5810 27718 27298 731 1948 5469 4533 847 3686 3385 2191 1051 2875 1586 1699 26567 844 25723
is_linear=0
shrinkage=0.03


Tree=132
num_leaves=24
num_cat=0
split_feature=25 33 7 29 24 29 20 20 7 29 4 3 4 23 3 33 7 33 33 24 7 22 2
split_gain=129.203 22.9783 11.9701 8.96482 11.4823 21.1046 11.4242 9.56041 6.23343 5.1503 4.94412 6.0137 4.45268 4.27057 3.95966 2.61814 1.91343 1.72147 1.4425 1.10174 0.432962 0.695016 0.164305
threshold=14.500000000000002 0.99981043035926087 1.2999999999999983 331.50000000000006 8.3656988527499259 323.50000000000006 86.368115942028993 61.275000000000006 1.1000000000000008 350.50000000000006 2.7000000000000006 26.050000000000004 1.7500000000000002 10.820043991844937 26.850000000000005 -0.6905596507703472 0.19999999999999754 -0.9575230291762723 -0.46800559042974538 1.580153538726208 2.0499999999999994 2091.9000000000005 15.250000000000002
decision_type=2 2 2 2 2 2 2 2 2 2 2 2 2 2 2 2 2 2 2 2 2 2 2
left_child=1 2 3 4 5 -1 7 -5 9 16 11 13 -10 -4 -13 -6 18 -18 -2 -19 21 -12 -14
right_child=8 -3 10 6 15 -7 -8 -9 12 -11 20 14 22 -15 -16 -17 17 19 -20 -21 -22 -23 -24
leaf_value=-6.4699174466156242e-05 0.0025194269044430022 0.0029780700388601236 0.00042270446303860343 0.0014233845972031211 0.00054052576419178714 0.0098463512451447237 0.016408799062607365 -0.0086998792008647022 0.00024020748715982364 2.5199264051751212e-05 -0.003416903300832207 0.0024588199940519611 -0.0024103090920409016 -0.0067609632180886019 -0.00018417882345925761 -0.0058721438726877023 -0.0023535913752740973 -0.0027157253682273592 -0.0040218819240455317 -0.002444891163757006 -0.0059359342740366713 -0.002302883078591549 -0.002444891163757006
leaf_weight=40683 394 301 545 801 344 773 307 3036 424 457 333 428 367 2081 678 2202 539 895 521 4783 1649 300 24116
leaf_count=40683 394 301 545 801 344 773 307 3036 424 457 333 428 367 2081 678 2202 539 895 521 4783 1649 300 24116
internal_value=-0.00120841 -0.000315138 -0.000361146 -0.000203502 -7.7859e-05 4.22599e-05 -0.00153727 -0.00198306 -0.00270542 -0.00195217 -0.00162294 -0.000949907 -0.00293484 -0.00173125 0.000905148 -0.00203298 -0.00215001 -0.00233853 -0.000867905 -0.00249234 -0.00272273 -0.0020489 -0.00298763
internal_weight=86957 54461 54160 48146 44002 41456 4144 3837 32496 7589 6014 3732 24907 2626 1106 2546 7132 6217 915 5678 2282 633 24483
internal_count=86957 54461 54160 48146 44002 41456 4144 3837 32496 7589 6014 3732 24907 2626 1106 2546 7132 6217 915 5678 2282 633 24483
is_linear=0
shrinkage=0.03


Tree=133
num_leaves=31
num_cat=0
split_feature=27 27 8 3 3 33 33 29 33 31 4 2 4 33 3 24 20 32 8 33 22 32 27 27 3 0 32 0 27 32
split_gain=131.878 11.6949 10.7397 10.2014 10.9451 18.8371 51.7307 17.977 14.9351 13.4981 7.94977 4.45972 6.52689 3.51752 8.85796 5.18666 2.94379 7.66077 5.29623 2.88128 2.8584 3.34466 1.77866 1.71068 1.62698 1.55192 1.17331 1.09675 0.985529 0.673719
threshold=902.50000000000011 497.50000000000006 0.79999999999999816 28.950000000000003 28.150000000000002 -0.84313311835787952 -0.90161545992537195 272.50000000000006 -0.99864786094873803 -0.9330127018922193 4.5999999999999996 14.750000000000002 3.3999999999999999 0.45847758937963173 19.050000000000004 4.2452783858270298 87.620833333333351 0.97314989601849466 2.1500000000000008 0.04621408538533487 2382.1500000000001 -0.41398024697495356 1032.5000000000002 937.50000000000011 27.050000000000004 27.550000000000004 0.64579916509010216 30.650000000000002 102.50000000000001 -0.44504625642270151
decision_type=2 2 2 2 2 2 2 2 2 2 2 2 2 2 2 2 2 2 2 2 2 2 2 2 2 2 2 2 2 2
left_child=1 3 25 4 8 6 -6 -7 -1 -10 13 12 -2 15 -15 -4 23 18 22 24 21 -5 -18 27 -12 -3 -21 -13 29 -22
right_child=11 2 10 20 5 7 -8 -9 9 -11 19 16 -14 14 -16 -17 17 -19 -20 26 28 -23 -24 -25 -26 -27 -28 -29 -30 -31
leaf_value=0.0088382163700661178 0.00016718277653824645 -0.0070487667850936799 -0.0019646785819066905 -0.0041313659876693618 0.00021903760184248887 -0.0020280741499054053 0.020558734790125186 0.011259347270502386 -0.012736412094049507 0.00030719534365704956 -4.68084786354247e-05 -0.0023710302104489669 -0.004115290325516891 0.00028803704890975455 -0.005447577168153599 0.0016334646659673558 -0.0023715444288442957 0.001092858083683501 0.0022572455723100233 -0.003663676253475467 -0.0083056034744582695 0.00043814084873032398 -0.0023715444288442957 -0.0023715444288442957 -0.0045638211566685401 -0.0014440151544484565 -0.0034703462403599104 -0.0023720647458834242 -0.011305600613435321 -0.0061759481859439804
leaf_weight=300 301 3170 5474 378 1190 1467 362 329 1895 22278 914 1341 364 3020 2565 5972 776 306 332 1459 309 432 3664 24554 961 369 525 492 1118 378
leaf_count=300 301 3170 5474 378 1190 1467 362 329 1895 22278 914 1341 364 3020 2565 5972 776 306 332 1459 309 432 3664 24554 961 369 525 492 1118 378
internal_value=-0.00119816 -0.000304288 -0.000793165 8.81157e-05 0.000256523 0.00186503 0.00428461 -0.000227046 3.64053e-05 -4.62901e-05 -0.000534202 -0.00272447 -0.000292794 -0.000255578 -0.000872718 4.56008e-05 -0.00277585 -0.00211341 -0.00240855 -0.00176347 -0.00170298 -0.000221949 -0.00268183 -0.00290325 -0.00091951 -0.00232119 -0.0025602 -0.0020169 -0.00236711 -0.00146948
internal_weight=86995 54865 24429 30436 27821 3348 1552 1796 24473 24173 20890 32130 665 17031 5585 11446 31465 5078 4772 3859 2615 810 4440 26387 1875 3539 1984 1833 1805 687
internal_count=86995 54865 24429 30436 27821 3348 1552 1796 24473 24173 20890 32130 665 17031 5585 11446 31465 5078 4772 3859 2615 810 4440 26387 1875 3539 1984 1833 1805 687
is_linear=0
shrinkage=0.03


Tree=134
num_leaves=30
num_cat=0
split_feature=27 7 33 28 29 32 29 33 33 33 23 33 33 2 8 7 32 19 20 27 32 39 27 25 19 7 15 27 7
split_gain=132.977 12.9543 9.49933 69.5585 15.8756 16.8052 14.7205 10.965 16.6528 30.6708 15.4792 13.4046 40.4286 4.99284 6.42251 4.20166 2.26521 4.0157 1.95357 6.14568 1.22736 1.05572 0.949461 0.505928 0.353023 0.28704 0.0353565 0.0253189 0.0379211
threshold=912.50000000000011 2.0999999999999992 -0.84313311835787952 7.5000000000000009 200.50000000000003 -0.44504625642270151 154.50000000000003 -0.26867065956352881 -0.19337245081799007 -0.21862536810265826 25.578084094848695 -0.46039597980994923 -0.48313741114591585 14.750000000000002 2.8999999999999995 0.79999999999999816 0.99466373373798567 81.215384615384622 87.103571428571442 1072.5000000000002 0.84773968378660736 3.5000000000000004 932.50000000000011 12.500000000000002 70.078787878787892 0.25000000000000006 0.34534433810971671 937.50000000000011 1.3
decision_type=2 2 2 2 2 2 2 2 2 2 2 2 2 2 2 2 2 2 2 2 2 2 2 2 2 2 2 2 2
left_child=1 2 3 4 6 -6 -1 11 9 -9 -10 12 -4 14 -2 18 27 -18 22 -20 -21 24 -15 -13 -3 -24 -26 28 -17
right_child=13 21 7 -5 5 -7 -8 8 10 -11 -12 23 -14 15 -16 16 17 -19 19 20 -22 -23 25 -25 26 -27 -28 -29 -30
leaf_value=0.011301724683085553 1.9427802834050544e-05 -0.0018460416313327253 -0.0030861851274265571 0.0090488726758610385 -0.0069498996083716237 0.0039438695362898415 -0.0034675528083263274 -4.0597663848327415e-05 -0.00042828679954446612 0.010703337735465338 0.010190480779107869 -0.023614463570039174 0.048515356856964065 -0.0025243447607275647 -0.0039918316157513843 -0.0022943133244054856 -0.0023003980959789669 0.0010600723411729968 0.0021612618721747151 -0.0027082825746758978 -0.0037456905416988046 -0.0020831932048760412 -0.0028413254706308616 -0.0028178654480141277 -0.0055769551348654033 -0.0024380062219142985 -0.0035664903357909357 -0.0023003980959789669 -0.0023004135225308266
leaf_weight=1120 302 302 8242 433 383 1299 7547 884 28669 441 380 2753 437 547 331 305 516 303 504 781 308 334 464 433 1386 1731 303 24997 395
leaf_count=1120 302 302 8242 433 383 1299 7547 884 28669 441 380 2753 437 547 331 305 516 303 504 781 308 334 464 433 1386 1731 303 24997 395
internal_value=-0.0011899 -0.000304407 -0.000208273 0.000586478 9.30428e-05 0.00275936 -0.000424666 -0.000411151 -0.000109038 0.00317873 -0.000259106 -0.00118448 -0.000573388 -0.00274645 -0.000108834 -0.00280056 -0.00294219 -0.00138659 -0.00193381 -0.00109724 -0.00236422 -0.0024957 -0.00241925 -0.00284845 -0.00275753 -0.00269809 -0.00292722 -0.00299171 -0.00278174
internal_weight=86830 55346 53021 10782 10349 1682 8667 42239 30374 1325 29049 11865 8679 31484 633 30851 26516 819 4335 1593 1089 2325 2742 3186 1991 2195 1689 25697 700
internal_count=86830 55346 53021 10782 10349 1682 8667 42239 30374 1325 29049 11865 8679 31484 633 30851 26516 819 4335 1593 1089 2325 2742 3186 1991 2195 1689 25697 700
is_linear=0
shrinkage=0.03


Tree=135
num_leaves=23
num_cat=0
split_feature=25 7 4 29 0 29 7 29 4 31 7 4 29 3 21 25 20 4 25 32 2 14
split_gain=132.931 12.7184 9.61122 9.61503 8.89691 6.481 6.20371 6.44076 4.13173 2.94739 2.32833 2.20529 2.2619 2.19747 1.9766 1.3037 0.891818 2.83711 1.04767 0.484894 0.165765 0.0736644
threshold=14.500000000000002 1.8999999999999997 4.6499999999999995 362.50000000000006 9.9500000000000011 346.50000000000006 1.1000000000000008 350.50000000000006 1.7500000000000002 0.25000000000000017 0.19999999999999754 2.5999999999999992 174.50000000000003 28.250000000000004 1.4390635687137523 16.500000000000004 87.103571428571442 2.1500000000000008 15.500000000000002 0.30983042691905771 15.250000000000002 0.20998084203770548
decision_type=2 2 2 2 2 2 2 2 2 2 2 2 2 2 2 2 2 2 2 2 2 2
left_child=1 2 3 4 -1 -6 7 10 -8 13 15 12 -3 14 -4 -2 18 -18 -12 -11 -10 -13
right_child=6 11 9 -5 5 -7 8 -9 20 19 16 21 -14 -15 -16 -17 17 -19 -20 -21 -22 -23
leaf_value=0.0040993941338642332 0.00025618073163244869 -0.0029874777890381635 0.00097440204475000684 0.002223302165459815 -0.00011936915183745178 -0.0022520627123777627 -0.0030580604691352784 1.8844968749029412e-05 -0.0021978415435349764 -0.0044029047921207232 -0.0022313861530995978 -0.0050988554045802098 0.00078023212643209662 -0.0092860517048697997 -0.004223250094417175 -0.00374883140377165 -0.0024949338549521897 0.00049476665055234897 -0.0022313861530995978 -0.0029026965690240325 -0.0022313861530995978 -0.0040985993903344831
leaf_weight=314 521 523 912 378 46094 1869 436 463 364 1186 1759 1492 356 373 589 370 1109 504 2947 316 24092 336
leaf_count=314 521 523 912 378 46094 1869 436 463 364 1186 1759 1492 356 373 589 370 1109 504 2947 316 24092 336
internal_value=-0.00118837 -0.000285428 -0.000181101 -7.36812e-05 -0.000111045 -0.000144046 -0.00270604 -0.00195973 -0.00293601 -0.00172875 -0.00218 -0.00228988 -0.00105341 -0.000934401 -0.000421439 -0.000743274 -0.00238244 -0.00177138 -0.00259146 -0.00271856 -0.00298761 -0.00288354
internal_weight=87303 54738 52031 48655 48277 47963 32565 7673 24892 3376 7210 2707 879 1874 1501 891 6319 1613 4706 1502 24456 1828
internal_count=87303 54738 52031 48655 48277 47963 32565 7673 24892 3376 7210 2707 879 1874 1501 891 6319 1613 4706 1502 24456 1828
is_linear=0
shrinkage=0.03


Tree=136
num_leaves=25
num_cat=0
split_feature=27 33 4 33 29 23 29 33 33 33 7 31 7 29 3 4 20 27 30 33 7 23 7 19
split_gain=129.582 20.4862 11.909 9.36054 52.905 35.3598 13.0757 11.8997 19.8171 13.3824 8.76847 7.97201 4.29077 6.40603 3.96861 3.00012 2.43268 3.8357 2.49247 1.63021 0.987251 0.477019 0.0796856 0.131583
threshold=917.50000000000011 0.99981043035926087 2.7000000000000006 -0.84313311835787952 208.50000000000003 25.921703191197626 192.50000000000003 -0.26867065956352881 -0.20180761162458913 -0.46039597980994923 1.4000000000000041 0.6830127018922193 1.2000000000000004 350.50000000000006 17.450000000000003 1.7500000000000002 87.620833333333351 1067.5000000000002 0.68301270189221941 0.69521084835931835 0.19999999999999976 25.818453184810625 2.149999999999999 73.483333333333348
decision_type=2 2 2 2 2 2 2 2 2 2 2 2 2 2 2 2 2 2 2 2 2 2 2 2
left_child=1 2 3 4 6 -6 -1 9 -9 -5 11 14 13 16 -4 -14 20 -18 -19 -13 -2 -22 23 -12
right_child=12 -3 10 7 5 -7 -8 8 -10 -11 22 19 15 -15 -16 -17 17 18 -20 -21 21 -23 -24 -25
leaf_value=-0.0014471924720464515 -0.002179561703118128 0.0021676387345040916 0.0046894894449082689 -0.0013687493709732496 0.0097960470704492042 0.0019781538316505998 0.0040537742778190755 0.0081686782378338745 -0.00019442363026262122 -0.018273901331424581 -0.0023771926587719209 -0.0020342700833064875 -0.0033800106726238296 1.8279619686558112e-05 -0.0016253952701521988 -0.0021644445685066096 0.0015580048865173706 -0.0022221666561535606 -0.00011733729243222468 -0.0030702366544148483 -0.0021644445685066096 -0.0021644445685066096 -0.0026978181617224781 -0.0022794591121105138
leaf_weight=6044 526 310 457 7114 317 307 1737 813 23043 2797 319 406 316 451 7497 23263 547 1103 346 2472 4032 770 1667 300
leaf_count=6044 526 310 457 7114 317 307 1737 813 23043 2797 319 406 316 451 7497 23263 547 1103 346 2472 4032 770 1667 300
internal_value=-0.00121663 -0.000346937 -0.000390118 -0.000144548 0.000751248 0.0091488 7.67148e-05 -0.000367538 -4.52769e-06 -0.00124122 -0.00117951 -0.000823041 -0.0027588 -0.00214699 -0.000333376 -0.00296043 -0.00236068 -0.0014662 -0.00227379 -0.00217576 -0.00269544 -0.00283073 -0.00286751 -0.00255968
internal_weight=86954 55600 55290 42172 8405 624 7781 33767 23856 9911 13118 10832 31354 7775 7954 23579 7324 1996 1449 2878 5328 4802 2286 619
internal_count=86954 55600 55290 42172 8405 624 7781 33767 23856 9911 13118 10832 31354 7775 7954 23579 7324 1996 1449 2878 5328 4802 2286 619
is_linear=0
shrinkage=0.03


Tree=137
num_leaves=28
num_cat=0
split_feature=27 4 33 29 33 20 7 20 33 2 7 29 4 8 2 20 27 30 27 33 4 22 2 2 7 19 4
split_gain=128.48 12.5316 15.5612 10.5018 9.17314 14.8864 8.61397 5.95936 4.59398 10.7919 4.25801 6.06065 3.96962 3.15498 1.75094 1.58614 3.31452 2.21398 0.929226 1.14348 0.915203 0.172733 0.164138 0.137837 0.11686 0.200641 0.00199266
threshold=917.50000000000011 2.7000000000000006 0.99958851518450398 6.5000000000000009 0.96849880583763492 57.541666666666671 1.4000000000000041 58.75833333333334 0.83730377313544024 23.450000000000003 1.1000000000000008 350.50000000000006 1.7500000000000002 0.89999999999999958 21.250000000000004 87.620833333333351 1042.5000000000002 0.68301270189221941 947.50000000000011 -0.57077231802681661 4.1499999999999995 2299.7500000000005 15.250000000000002 22.850000000000005 2.149999999999999 73.30625000000002 4.9500000000000002
decision_type=2 2 2 2 2 2 2 2 2 2 2 2 2 2 2 2 2 2 2 2 2 2 2 2 2 2 2
left_child=1 2 3 -1 5 -5 7 20 9 -9 11 15 -12 -6 -10 18 -17 -18 19 -2 -3 -20 -14 -22 25 -8 -26
right_child=10 6 -4 4 13 -7 24 8 14 -11 12 -13 22 -15 -16 16 17 -19 21 -21 23 -23 -24 -25 26 -27 -28
leaf_value=0.0018163214399685552 -0.0012133212567590624 -0.0030388125658056668 0.0020915739384608934 0.0030086564576159058 -0.0036207822491494033 -0.00024200162500342514 -0.0022234294911418089 0.0075547057717155622 -0.00044219858536976989 -0.0016916226430278014 -0.00067176802343067179 1.7731231095962086e-05 -0.002066972960173729 0.00024024379735756743 -0.0031957817811975988 0.0013414455221725729 -0.0022910234112606901 -0.0012719100766668701 -0.0020995112314514115 -0.0020995112314514115 -0.003166480294148771 -0.0020995112314514115 -0.0020995112314514115 -0.0041598397985328295 -0.0037692919664412692 -0.0022344488838073346 -0.0020368092514722047
leaf_weight=589 333 393 309 755 1898 38441 319 547 416 7183 394 401 370 518 1036 424 1114 352 2597 698 468 796 23849 968 1383 300 301
leaf_count=589 333 393 309 755 1898 38441 319 547 416 7183 394 401 370 518 1036 424 1114 352 2597 698 468 796 23849 968 1383 300 301
internal_value=-0.00122103 -0.00035812 -0.000106561 -0.000155752 -0.000212098 -0.000101488 -0.00116125 -0.000812115 -0.000500491 -0.000209547 -0.00275859 -0.0020883 -0.00294138 -0.00200579 -0.00204818 -0.00231544 -0.00158646 -0.00226176 -0.00262644 -0.0018343 -0.00237541 -0.00286653 -0.00298997 -0.00272651 -0.00282943 -0.0024629 -0.00296261
internal_weight=87152 55824 42510 42201 41612 39196 13314 11011 9182 7730 31328 6715 24613 2416 1452 6314 1890 1466 4424 1031 1829 3393 24219 1436 2303 619 1684
internal_count=87152 55824 42510 42201 41612 39196 13314 11011 9182 7730 31328 6715 24613 2416 1452 6314 1890 1466 4424 1031 1829 3393 24219 1436 2303 619 1684
is_linear=0
shrinkage=0.03


Tree=138
num_leaves=30
num_cat=0
split_feature=25 7 0 19 32 32 32 7 32 32 2 22 32 19 19 25 32 7 25 32 32 7 0 23 3 2 5 11 5
split_gain=125.906 10.8832 7.13104 8.00695 8.08469 39.5572 11.7458 6.52075 5.67848 7.69504 5.22492 5.19028 2.49083 3.97954 2.13767 5.61168 5.38056 2.06127 2.49177 3.38123 1.81919 1.71565 1.27704 0.457085 0.326432 0.126408 0.0204872 0.00850708 0.00252468
threshold=14.500000000000002 1.7500000000000002 9.9500000000000011 67.250000000000014 0.10837544681456425 -0.0053757284505435614 0.97508442350096236 1.1000000000000008 0.42958674266195179 0.67167992559793654 15.250000000000002 1033.3500000000001 0.99466373373798567 81.071794871794893 85.569047619047623 17.500000000000004 0.29342972903661901 2.5999999999999992 7.5000000000000009 0.12545942051955489 0.85673801594079257 0.2999999999999981 30.650000000000002 26.160497924841678 26.450000000000003 15.250000000000002 497.50000000000006 -0.24999999999999997 71.500000000000014
decision_type=2 2 2 2 2 2 2 2 2 2 2 2 2 2 2 2 2 2 2 2 2 2 2 2 2 2 2 2 2
left_child=1 2 -1 8 5 -5 -6 10 11 -10 -2 -4 25 -14 21 16 -16 18 19 -3 -17 22 -12 -23 26 -9 -20 -19 -27
right_child=7 17 3 4 6 -7 -8 12 9 -11 14 -13 13 -15 15 20 -18 27 24 -21 -22 23 -24 -25 -26 28 -28 -29 -30
leaf_value=0.0036569765290840658 1.7199294163083854e-05 0.0014191093349401659 4.2965001772629257e-05 -5.0985206569453824e-05 -0.0019327376590616461 0.0054913419471238588 0.002831997099204031 -0.002004963771368517 0.005530126561672415 -0.0024648887473550465 -0.0051248572804931652 -0.0055462591750538963 -0.0021289395521386163 0.0012415653458934994 0.0031789464445110297 -0.0021482171601461546 -0.0020511895150810422 -0.0050204152103331713 -0.0020042682142922528 -0.0041246716400845443 -0.0022306132337177979 -0.0020365258945078692 0.00065998079183015364 -0.0020365258945078692 -0.0036443317665255624 -0.002677179531514428 -0.0052647740252198833 -0.0070843771564386929 -0.0020365258945078692
leaf_weight=313 414 451 1363 20100 17980 1481 3130 360 476 1726 554 4571 470 307 304 1180 500 373 301 472 335 3665 312 305 337 346 365 961 23533
leaf_count=313 414 451 1363 20100 17980 1481 3130 360 476 1726 554 4571 470 307 304 1180 500 373 301 472 335 3665 312 305 337 346 365 961 23533
internal_value=-0.00122692 -0.000343561 -0.000236406 -0.000264245 -9.98555e-05 0.000308451 -0.000517267 -0.00270162 -0.00112671 0.000174307 -0.00192959 -0.00160944 -0.00293512 -0.00126093 -0.0021192 -0.0013694 0.0006559 -0.00202392 -0.00139492 -0.000269481 -0.00244393 -0.0024784 -0.00126644 -0.00274238 -0.00242928 -0.00298874 -0.00281559 -0.00293034 -0.00299736
internal_weight=86985 54400 51140 50827 42691 21581 21110 32585 8136 2202 7569 5934 25016 777 7155 2319 804 3260 1926 923 1515 4836 866 3970 1003 24239 666 1334 23879
internal_count=86985 54400 51140 50827 42691 21581 21110 32585 8136 2202 7569 5934 25016 777 7155 2319 804 3260 1926 923 1515 4836 866 3970 1003 24239 666 1334 23879
is_linear=0
shrinkage=0.03


Tree=139
num_leaves=25
num_cat=0
split_feature=27 33 7 2 33 28 33 4 2 3 22 7 29 4 19 32 27 27 33 22 7 2 3 27
split_gain=131.66 18.6619 11.66 10.4087 9.00601 70.7438 11.5986 5.83413 5.39861 6.3785 4.94645 4.44451 4.86698 4.3882 1.87277 5.79789 3.52123 1.27768 1.57305 0.341019 0.767935 0.254224 0.047854 0.0220317
threshold=917.50000000000011 0.99981043035926087 1.2999999999999983 10.450000000000001 -0.84313311835787952 7.5000000000000009 -0.73865259438682551 2.5999999999999992 27.950000000000003 26.850000000000005 1123.0500000000002 1.1000000000000008 350.50000000000006 1.7500000000000002 86.050000000000011 0.89017062131308955 1037.5000000000002 947.50000000000011 -0.57077231802681661 2257.7000000000007 2.149999999999999 15.250000000000002 27.750000000000004 872.50000000000011
decision_type=2 2 2 2 2 2 2 2 2 2 2 2 2 2 2 2 2 2 2 2 2 2 2 2
left_child=1 2 3 -1 5 -5 -6 8 10 -10 -4 12 14 -13 17 16 -16 18 -2 23 -21 -15 -19 -9
right_child=11 -3 7 4 6 -7 -8 19 9 -11 -12 13 -14 21 15 -17 -18 22 -20 20 -22 -23 -24 -25
leaf_value=0.0037622582618076616 -0.00018037489074262459 0.0025232211804868772 0.00058512621583079567 5.4704170250543525e-05 -0.0085871200065933701 0.0086892401687506098 -0.00035205881947016234 -0.006788442680448749 0.0029004359415643081 -0.00037880999511356704 -0.0052844374673608968 0.00024658136297247554 1.6683315338190672e-05 -0.0019448148582274613 0.00037153707602836542 0.0014678841123645502 -0.0022101233023319004 -0.0019754301176726332 -0.0019756280873716977 -0.0017704124127310417 -0.0026908520651449737 -0.0019754301176726332 -0.0019754301176726332 -0.0013902469090641594
leaf_weight=312 315 302 554 9629 2694 440 36023 1361 389 618 2039 411 409 379 436 318 1431 2611 684 330 666 23773 533 330
leaf_count=312 315 302 554 9629 2694 440 36023 1361 389 618 2039 411 409 379 436 318 1431 2611 684 330 666 23773 533 330
internal_value=-0.0011911 -0.000316065 -0.000356679 -0.000200901 -0.000235883 0.000563356 -0.000443748 -0.001573 -0.000783117 0.00108036 -0.00150694 -0.00274784 -0.00206456 -0.00293515 -0.00226955 -0.00155764 -0.0021954 -0.00264455 -0.001707 -0.00263058 -0.00218455 -0.00298746 -0.00294181 -0.00289184
internal_weight=86987 55687 55385 49098 48786 10069 38717 6287 3600 1007 2593 31300 6737 24563 6328 2185 1867 4143 999 2687 996 24152 3144 1691
internal_count=86987 55687 55385 49098 48786 10069 38717 6287 3600 1007 2593 31300 6737 24563 6328 2185 1867 4143 999 2687 996 24152 3144 1691
is_linear=0
shrinkage=0.03


Tree=140
num_leaves=24
num_cat=0
split_feature=27 33 4 22 7 33 33 28 33 7 0 2 4 20 27 30 27 33 20 28 14 2 3
split_gain=129.513 19.1193 10.7682 9.05774 6.20874 6.5147 6.10714 56.9804 10.9764 5.40751 5.5894 4.13916 3.9323 2.27853 5.44517 2.13581 1.43305 1.48338 0.972412 0.189877 0.408326 0.127179 0.0598726
threshold=912.50000000000011 0.99981043035926087 3.1500000000000008 590.00000000000011 1.1999999999999977 0.76556758748011056 -0.83375966452616657 7.5000000000000009 -0.26867065956352881 1.1000000000000008 14.15 21.450000000000003 1.7500000000000002 85.783823529411777 1037.5000000000002 0.68301270189221941 947.50000000000011 -0.57077231802681661 72.168699186991887 6.5000000000000009 0.1446756181348057 15.250000000000002 27.750000000000004
decision_type=2 2 2 2 2 2 2 2 2 2 2 2 2 2 2 2 2 2 2 2 2 2 2
left_child=1 2 3 -1 5 11 7 -5 -8 10 -2 -4 -11 16 -15 -16 17 -12 -7 20 -6 -14 -18
right_child=9 -3 4 6 19 18 8 -9 -10 12 13 -13 21 14 15 -17 22 -19 -20 -21 -22 -23 -24
leaf_value=0.0037145238633173694 1.6182815878044153e-05 0.0024376007477546649 0.004620089638458163 -3.7386745615192971e-05 -0.0028172093419414302 -0.0034778060235825751 -0.0040231724208356391 0.0074874896261678866 -4.4206916405684637e-05 -0.0018746376217288971 -0.00051400864678988949 -0.0017162305655592715 -0.0018864704124806374 0.0017321201861163866 -0.0020934683188931383 -0.002061399682466044 -0.0019161672141424541 -0.0019163592447505465 -0.0011942627007806765 -0.0025838451660417615 -0.0016868509554341393 -0.0019161672141424541 -0.0019161672141424541
leaf_weight=419 352 303 371 8639 694 1635 10170 455 24586 398 378 6321 361 554 1234 437 2693 822 306 972 435 23923 536
leaf_count=419 352 303 371 8639 694 1635 10170 455 24586 398 378 6321 361 554 1234 437 2693 822 306 972 435 23923 536
internal_value=-0.00120469 -0.000328494 -0.000369956 -0.000163249 -0.00122236 -0.000866227 -0.000205241 0.00048686 -0.00038634 -0.00273388 -0.00199772 -0.000422233 -0.00294275 -0.00219264 -0.00140836 -0.00226256 -0.00258623 -0.00169859 -0.00239598 -0.00268459 -0.00241328 -0.00299123 -0.00291548
internal_weight=86994 55306 55003 44269 10734 8633 43850 9094 34756 31688 7006 6692 24682 6654 2225 1671 4429 1200 1941 2101 1129 24284 3229
internal_count=86994 55306 55003 44269 10734 8633 43850 9094 34756 31688 7006 6692 24682 6654 2225 1671 4429 1200 1941 2101 1129 24284 3229
is_linear=0
shrinkage=0.03


Tree=141
num_leaves=27
num_cat=0
split_feature=27 4 7 0 29 3 2 4 7 4 0 4 4 32 3 0 2 30 5 5 30 8 15 7 27 15
split_gain=132.06 11.7819 9.42043 7.95223 7.48916 5.7468 4.45115 5.77496 3.78223 3.2867 4.38313 3.11813 5.67928 2.61896 1.84407 1.69232 4.28916 1.59983 1.24928 1.10996 0.925438 0.538509 0.0773062 0.0603366 0.097346 0.0290089
threshold=917.50000000000011 4.6499999999999995 1.7500000000000002 9.9500000000000011 362.50000000000006 26.650000000000002 14.750000000000002 4.0000000000000036 0.70000000000000207 1.7500000000000002 24.550000000000004 2.7000000000000006 2.4500000000000006 0.97875492728876534 17.450000000000003 30.750000000000004 32.45000000000001 -0.24999999999999994 455.50000000000006 2.5000000000000004 0.68301270189221941 5.0999999999999996 0.35203804971234987 1.099999999999999 962.50000000000011 0.34534433810971671
decision_type=2 2 2 2 2 2 2 2 2 2 2 2 2 2 2 2 2 2 2 2 2 2 2 2 2 2
left_child=1 2 3 -1 5 -5 7 -2 14 10 -10 12 17 15 -8 20 -17 -4 19 -16 25 -18 -13 24 -11 -3
right_child=6 13 11 4 -6 -7 8 -9 9 23 -12 22 -14 -15 18 16 21 -19 -20 -21 -22 -23 -24 -25 -26 -27
leaf_value=0.0035985762546923814 1.5697331401702263e-05 -0.0021934670017361678 -0.00018199006736572184 -0.00047733275833617306 0.0015804353631385525 0.00046314078842301818 -0.00091798185755435305 -0.0035041114238500847 0.0012531600732793885 -0.0018586704977089658 -0.0023340209807366542 -0.0027068184700065031 0.00064289602702511815 0.0017799464105527785 -0.0020527635474929546 0.0025375229376013264 -0.0042332735695627035 -0.0066905041358758452 -0.0013560611297183296 -0.0023565589784842233 -0.0015507357964224704 -0.0033658677236285315 -0.0027349300471004737 -0.0018586821977181803 -0.0018515337212208277 -0.0029732041156579686
leaf_weight=312 304 1421 328 32680 388 15068 545 334 307 473 394 1119 353 381 338 429 629 792 365 2552 584 406 305 23832 1757 409
leaf_count=312 304 1421 328 32680 388 15068 545 334 307 473 394 1119 353 381 338 429 629 792 365 2552 584 406 305 23832 1757 409
internal_value=-0.00119076 -0.000314217 -0.000188428 -8.90428e-05 -0.000120033 -0.000153805 -0.00275281 -0.000272301 -0.00280457 -0.00293039 -0.00090171 -0.0018499 -0.000881276 -0.00183028 -0.00191792 -0.00206342 -0.00125734 -0.00192685 -0.00218827 -0.0023971 -0.00255155 -0.00230212 -0.00285053 -0.00298492 -0.00282385 -0.00288367
internal_weight=86805 55604 51345 48448 48136 47748 31201 638 30563 26763 701 2897 1473 4259 3800 3878 1464 1120 3255 2890 2414 1035 1424 26062 2230 1830
internal_count=86805 55604 51345 48448 48136 47748 31201 638 30563 26763 701 2897 1473 4259 3800 3878 1464 1120 3255 2890 2414 1035 1424 26062 2230 1830
is_linear=0
shrinkage=0.03


Tree=142
num_leaves=29
num_cat=0
split_feature=27 4 29 2 29 29 7 31 2 28 7 2 3 4 31 3 19 27 5 29 5 23 19 7 20 31 27 11
split_gain=131.99 12.9447 7.06323 7.19874 9.9214 10.5796 6.79304 6.02566 5.4307 6.69423 4.24185 3.34547 3.10799 2.87308 4.28143 2.55947 2.05877 2.80178 1.21278 1.05898 1.04746 0.248139 0.21246 0.204625 0.209453 0.188329 0.0249806 0.00502998
threshold=922.50000000000011 3.1500000000000008 362.50000000000006 11.550000000000002 346.50000000000006 340.50000000000006 1.1999999999999977 0.6830127018922193 14.750000000000002 11.500000000000002 0.64999999999999869 21.950000000000003 26.450000000000003 1.7500000000000002 1.0000000180025095e-35 17.450000000000003 65.116666666666688 812.50000000000011 455.50000000000006 357.50000000000006 6.5000000000000009 10.263885913573455 89.607692307692318 0.79999999999999816 75.757352941176478 -0.68301270189221952 947.50000000000011 -0.35000000000000137
decision_type=2 2 2 2 2 2 2 2 2 2 2 2 2 2 2 2 2 2 2 2 2 2 2 2 2 2 2 2
left_child=1 2 3 -1 5 -5 7 11 9 -2 15 -3 -13 14 -12 -10 21 -18 20 -6 -17 -9 25 24 -15 -8 -25 -27
right_child=8 6 -4 4 19 -7 22 16 10 -11 13 12 -14 23 -16 18 17 -19 -20 -21 -22 -23 -24 26 -26 27 -28 -29
leaf_value=0.0026068265417894579 -0.0033989880811345825 0.0036417668256044779 0.0015122733714023177 -0.00017007729186847341 -0.023505408871365114 0.015425760348134121 -0.001882318863641303 -0.0028140603385842476 0.00060992746309464555 0.00014156000027793714 0.0012101738140244923 -0.0030748289200009647 0.00025968300489132527 -0.0017846692184557002 -0.0024478237975560655 -0.0022257716683497832 -0.0065434390032381214 0.0019860271466057922 -0.0014808138101083514 -0.0015919613460972743 -0.0025601472929711717 -0.0038720747329930904 -0.0014851869604988043 -0.0018029217317866348 -0.0017846692184557002 -0.0018472682943575681 -0.0018029217317866348 -0.0020918888595532099
leaf_weight=573 322 418 352 41673 1123 620 479 486 481 304 328 2856 3165 320 465 415 392 328 305 426 2036 1265 305 714 328 451 25029 1088
leaf_count=573 322 418 352 41673 1123 620 479 486 481 304 328 2856 3165 320 465 415 392 328 305 426 2036 1265 305 714 328 451 25029 1088
internal_value=-0.00117787 -0.000308031 -7.95441e-05 -0.000113136 -0.000156833 -7.04362e-05 -0.00121853 -0.000841657 -0.00274675 1.9138e-05 -0.00280366 -0.000358231 -0.000538526 -0.00292595 -0.00114484 -0.0017761 -0.00210073 -0.00074896 -0.0021284 -0.00251419 -0.00235033 -0.00265582 -0.00266308 -0.00297943 -0.00244068 -0.00277563 -0.00299289 -0.00293961
internal_weight=87047 56000 44767 44415 43842 42293 11233 8910 31047 626 30421 6439 6021 27184 793 3237 2471 720 2756 1549 2451 1751 2323 26391 648 2018 25743 1539
internal_count=87047 56000 44767 44415 43842 42293 11233 8910 31047 626 30421 6439 6021 27184 793 3237 2471 720 2756 1549 2451 1751 2323 26391 648 2018 25743 1539
is_linear=0
shrinkage=0.03


Tree=143
num_leaves=24
num_cat=0
split_feature=27 33 4 29 33 22 31 27 29 4 32 29 4 27 32 0 5 4 32 4 29 19 27
split_gain=132.188 13.9266 10.7284 10.9861 9.34115 12.3575 6.40181 4.22974 3.54929 3.08974 4.79392 3.05627 6.26883 2.73966 1.66901 1.62441 1.18182 1.0096 0.9188 0.669739 2.20414 0.290955 0.236263
threshold=922.50000000000011 0.99981043035926087 2.7000000000000006 6.5000000000000009 0.96849880583763492 1102.2500000000002 0.6830127018922193 577.50000000000011 44.500000000000007 1.7500000000000002 0.83849049182116964 350.50000000000006 3.7000000000000002 492.50000000000006 -0.71504373327588355 25.850000000000005 50.500000000000007 3.7999999999999985 0.80926549319045582 2.3000000000000003 160.50000000000003 91.411538461538484 952.50000000000011
decision_type=2 2 2 2 2 2 2 2 2 2 2 2 2 2 2 2 2 2 2 2 2 2 2
left_child=1 2 3 -1 5 -5 7 -4 -9 10 15 16 -13 -6 -8 -2 18 -16 22 20 -18 -21 -11
right_child=9 -3 6 4 13 -7 14 8 -10 11 -12 12 -14 -15 17 -17 19 -19 -20 21 -22 -23 -24
leaf_value=0.0019210564299849146 -0.0023743890836293836 0.0022350803365105464 -0.040160395804859784 0.0032107494724639895 -0.0034366624302685266 -0.00019171437538257173 -0.0017108172399530632 0.0047453692031614409 -0.0015922585648740547 -0.0024788076944500387 0.0011792600566602712 1.0979611451312765e-05 -0.0017488340798330359 -0.00093454030621641158 -0.0021899278461535317 -0.0019051338522221453 -0.0017419000576306036 -0.002493518180929479 -0.0011444219464516808 -0.0017488340798330359 -0.000150918789255067 -0.0017488340798330359 -0.0024619525389653328
leaf_weight=591 874 313 674 1731 1738 37405 422 355 9010 371 336 463 784 780 957 326 948 2028 416 24589 341 1077 543
leaf_count=591 874 313 674 1731 1738 37405 422 355 9010 371 336 463 784 780 957 326 948 2028 416 24589 341 1077 543
internal_value=-0.00118046 -0.00030983 -0.000345347 -0.000110425 -0.000168096 -5.41183e-05 -0.00108337 -0.000701893 -0.000536516 -0.00274982 -0.00143657 -0.00281807 -0.00136298 -0.00193887 -0.00220687 -0.00232306 -0.00288217 -0.00245646 -0.00200601 -0.00292532 -0.00225349 -0.00295898 -0.00253771
internal_weight=87072 56004 55691 42245 41654 39136 13446 10039 9365 31068 1536 29532 1247 2518 3407 1200 28285 2985 1330 26955 1289 25666 914
internal_count=87072 56004 55691 42245 41654 39136 13446 10039 9365 31068 1536 29532 1247 2518 3407 1200 28285 2985 1330 26955 1289 25666 914
is_linear=0
shrinkage=0.03


Tree=144
num_leaves=27
num_cat=0
split_feature=27 29 4 2 29 32 3 7 31 2 4 2 4 32 7 1 25 7 32 0 22 7 7 27 13 25
split_gain=132.055 14.5268 11.1589 8.92801 6.74296 28.8496 6.91481 6.49995 6.59835 4.69836 5.8603 4.02161 3.77859 5.33327 3.08053 2.77521 5.14601 1.84593 1.78919 0.507645 0.293771 0.455407 0.089404 0.0540722 0.0174164 0.0137024
threshold=922.50000000000011 363.50000000000006 3.1500000000000008 10.450000000000001 6.5000000000000009 0.056951373111866731 26.650000000000002 1.1999999999999977 0.6830127018922193 14.750000000000002 4.0000000000000036 21.950000000000003 1.7500000000000002 0.83849049182116964 0.70000000000000207 85.500000000000014 19.500000000000004 0.20000000000000198 -0.71504373327588355 30.850000000000005 2178.4500000000003 2.149999999999999 0.8000000000000026 1007.5000000000001 -0.040000000000000029 12.500000000000002
decision_type=2 2 2 2 2 2 2 2 2 2 2 2 2 2 2 2 2 2 2 2 2 2 2 2 2 2
left_child=1 2 3 -1 5 -5 -6 8 11 10 -2 -4 13 17 15 19 -17 -11 -10 -14 25 -22 23 -16 -24 -9
right_child=9 -3 7 4 6 -7 -8 20 18 12 -12 -13 14 -15 22 16 -18 -19 -20 -21 21 -23 24 -25 -26 -27
leaf_value=0.0032754879973330817 8.6449460742391585e-05 0.0021252494081150796 0.0042468922960853034 -0.020772718912689662 -0.00081185650609358004 0.004096812475723177 0.00042517208890127553 -0.027949634211842978 -0.00055675804709924147 -0.00079691609189337588 -0.0032445534163055541 -0.0016070851538989496 -0.0023127822403905601 0.0011438822549604637 -0.0016794991688639661 0.0016467570053387141 -0.0021971160876824948 -0.0023031574111205019 -0.002597834407342914 -0.0026386010822863409 -0.0016854382099963051 -0.0018044922264562897 -0.0016963690574380449 -0.0016786641195070382 -0.0016963690574380449 -0.0016462318295438238
leaf_weight=349 305 306 433 376 29888 337 13538 696 349 311 324 5995 1340 326 304 557 475 858 2095 519 335 532 339 320 25052 753
leaf_count=349 305 306 433 376 29888 337 13538 696 349 311 324 5995 1340 326 304 557 475 858 2095 519 335 532 339 320 25052 753
internal_value=-0.00118265 -0.000312524 -0.000348403 -0.000135405 -0.000173245 0.00271849 -0.000220785 -0.00119528 -0.000825652 -0.00275241 -0.000185715 -0.000321046 -0.00280551 -0.00133356 -0.00288159 -0.00195125 -0.000702808 -0.00227949 -0.00215215 -0.00264355 -0.00261027 -0.00216705 -0.00298489 -0.0026112 -0.00299398 -0.00287379
internal_weight=87012 55982 55676 44488 44139 713 43426 11188 8872 31030 629 6428 30401 1495 28906 2891 1032 1169 2444 1859 2316 867 26015 624 25391 1449
internal_count=87012 55982 55676 44488 44139 713 43426 11188 8872 31030 629 6428 30401 1495 28906 2891 1032 1169 2444 1859 2316 867 26015 624 25391 1449
is_linear=0
shrinkage=0.03


Tree=145
num_leaves=29
num_cat=0
split_feature=27 4 2 33 22 33 33 7 33 7 29 33 20 0 4 12 20 20 27 27 0 29 25 30 23 2 27 1
split_gain=134.942 12.1222 8.72451 9.01442 48.9493 10.4098 14.4858 8.4688 6.61569 5.37707 6.58029 4.80767 4.5622 7.6062 4.50984 2.0369 1.80697 1.74169 3.33755 1.35497 0.856302 0.623244 0.522016 0.357395 0.426819 0.212849 0.15644 0.192069
threshold=912.50000000000011 2.7000000000000006 11.550000000000002 0.99445195900249039 1512.1500000000003 0.96849880583763492 0.96177147954086928 1.4000000000000041 0.76556758748011056 1.1000000000000008 350.50000000000006 0.99748108949426018 60.275000000000006 23.350000000000005 1.7500000000000002 0.099999999999996106 74.741666666666688 87.103571428571442 1252.5000000000002 947.50000000000011 20.650000000000002 285.50000000000006 8.5000000000000018 0.93301270189221952 25.606821385637872 15.250000000000002 702.50000000000011 79.500000000000014
decision_type=2 2 2 2 2 2 2 2 2 2 2 2 2 2 2 2 2 2 2 2 2 2 2 2 2 2 2 2
left_child=1 2 -1 5 11 6 -4 8 12 10 15 -5 21 -14 -11 23 20 19 -19 -17 -10 -3 -7 24 -2 -16 -9 -28
right_child=9 7 3 4 -6 22 -8 26 16 14 -12 -13 13 -15 25 17 -18 18 -20 -21 -22 -23 -24 -25 -26 -27 27 -29
leaf_value=0.0024589772661925721 -0.0016456924400098242 -0.0034278101222260538 -0.00015308811028218015 0.0008775738974969087 0.0046283289079200726 -0.0088493210552062218 0.0037131046437467582 -0.037292684348494552 -0.0019880702068863672 0.0001518287647674299 8.0567392855024349e-06 -0.0033092068621776694 0.008299549435971736 -0.00096788952898691871 -0.0016166720881029416 -0.001628813658372691 -0.00014067513423212221 0.0010032251421740312 -0.0025333061074476028 -0.0016456924400098242 -0.0029956091555164289 -0.0055438609823412104 -0.003021438284351727 -0.0017358397845688718 -0.0016456924400098242 -0.0016454779857149036 -0.0017832827386689133 -0.0012379838320803074
leaf_weight=579 3006 824 38600 324 339 1194 309 1145 544 419 430 709 436 6657 365 548 321 573 309 1088 1552 397 407 396 608 23934 552 559
leaf_count=579 3006 824 38600 324 339 1194 309 1145 544 419 430 709 436 6657 365 548 321 573 309 1088 1552 397 407 396 608 23934 552 559
internal_value=-0.00116605 -0.000273658 -2.83319e-05 -7.89349e-05 0.00231173 -0.000159957 -6.23754e-05 -0.00107569 -0.000724283 -0.0027281 -0.0019908 -0.000937138 -0.00032255 -3.08719e-05 -0.00293556 -0.0022276 -0.00210546 -0.00155776 -0.000482447 -0.00213684 -0.00242632 -0.00201555 -0.00252996 -0.00264772 -0.00274191 -0.00298877 -0.00274612 -0.00248471
internal_weight=87124 55448 42461 41882 1372 40510 38909 12987 10731 31676 6958 1033 8314 7093 24718 6528 2417 2518 882 1636 2096 1221 1601 4010 3614 24299 2256 1111
internal_count=87124 55448 42461 41882 1372 40510 38909 12987 10731 31676 6958 1033 8314 7093 24718 6528 2417 2518 882 1636 2096 1221 1601 4010 3614 24299 2256 1111
is_linear=0
shrinkage=0.03


Tree=146
num_leaves=31
num_cat=0
split_feature=27 4 33 29 33 23 7 31 7 0 3 4 31 29 3 4 32 3 7 27 22 11 0 27 32 22 15 7 27 27
split_gain=132.825 10.5916 9.19713 7.82648 8.5485 14.8774 5.96288 6.80485 5.75463 4.97856 3.34901 3.23054 4.79571 3.06509 2.56243 6.78709 2.23449 1.99662 2.75485 1.28367 3.5153 0.724244 0.639905 0.326342 0.496269 0.56717 0.148032 0.0359954 0.0597614 0.0308672
threshold=912.50000000000011 3.1500000000000008 0.99958851518450398 6.5000000000000009 0.96849880583763492 10.263885913573455 1.1999999999999977 0.6830127018922193 0.79999999999999816 21.350000000000005 26.450000000000003 1.7500000000000002 1.0000000180025095e-35 355.50000000000006 17.450000000000003 3.8500000000000019 -0.71504373327588355 11.450000000000001 1.8999999999999997 1042.5000000000002 2343.8000000000006 0.14999999999999861 18.150000000000002 727.50000000000011 -0.31799228562170639 2171.5000000000005 0.087074226404461372 0.89999999999999958 997.50000000000011 1347.5000000000002
decision_type=2 2 2 2 2 2 2 2 2 2 2 2 2 2 2 2 2 2 2 2 2 2 2 2 2 2 2 2 2 2
left_child=1 2 3 -1 5 -5 7 9 14 -3 -11 12 -10 -6 15 -2 -9 18 -13 20 21 -16 -18 -8 -25 -26 29 28 -19 -21
right_child=8 6 -4 4 13 -7 23 16 11 10 -12 17 -14 -15 19 -17 22 27 -20 26 -22 -23 -24 24 25 -27 -28 -29 -30 -31
leaf_value=0.0012602809022151363 0.0021697720248329165 0.0049253851733763532 0.0013238059945499879 0.0031485696214437198 -0.0088648832858087643 -0.00019485653205482121 -0.026922239823578154 0.0013429838578012333 0.0011050109243686262 -0.0035932243278794579 0.00049186758711701169 7.8150371069374286e-06 -0.0021846919155865921 -0.0001142592480182003 -0.0018990578071352543 -0.0044163237360033587 -0.0010247097558459561 -0.0015961075635148854 -0.0015519035322541102 -0.0019039749191143325 0.00089385015033084951 -0.0017130963457757972 -0.0032669325919615689 -0.0018185042343204572 -0.0014684543683255902 -0.00075251430826166958 -0.0016878689407583071 -0.0015961136461434564 -0.0015963216668095294 -0.0020895006056728914
leaf_weight=595 416 380 324 1754 1631 39241 934 333 301 2844 3010 314 414 908 1265 421 303 314 417 888 419 485 1776 504 416 301 376 24758 454 305
leaf_count=595 416 380 324 1754 1631 39241 934 333 301 2844 3010 314 414 908 1265 421 303 314 417 888 419 485 1776 504 416 301 376 24758 454 305
internal_value=-0.00117201 -0.00028526 -8.05109e-05 -0.00011754 -0.000164282 -5.96407e-05 -0.00112785 -0.000775761 -0.00272509 -0.000252126 -0.000468318 -0.002892 -0.000900839 -0.00185315 -0.0017406 -0.000239858 -0.00212847 -0.00294619 -0.00139754 -0.00207649 -0.0016023 -0.00219303 -0.00249375 -0.00253943 -0.00221195 -0.00170056 -0.00273057 -0.00299048 -0.00276203 -0.00289699
internal_weight=86801 55254 44453 44129 43534 40995 10801 8646 31547 6234 5854 26972 715 2539 4575 837 2412 26257 731 3738 2169 1750 2079 2155 1221 717 1569 25526 768 1193
internal_count=86801 55254 44453 44129 43534 40995 10801 8646 31547 6234 5854 26972 715 2539 4575 837 2412 26257 731 3738 2169 1750 2079 2155 1221 717 1569 25526 768 1193
is_linear=0
shrinkage=0.03


Tree=147
num_leaves=28
num_cat=0
split_feature=27 4 33 29 20 33 32 33 2 4 29 4 32 29 21 20 33 27 20 8 27 24 8 20 4 21 24
split_gain=135.459 10.5654 9.06567 8.07643 23.1397 8.72097 78.893 10.3633 4.14728 5.49374 2.66635 2.57534 4.26679 1.54287 2.28778 1.72372 1.15881 0.947382 2.30049 3.16512 0.531738 0.420233 1.16223 0.305129 0.0553515 0.0307154 0.00693518
threshold=922.50000000000011 4.6499999999999995 0.99958851518450398 6.5000000000000009 76.955769230769249 -0.83375966452616657 -0.50556189049999822 -0.73865259438682551 14.750000000000002 3.4499999999999997 264.50000000000006 1.7500000000000002 0.83849049182116964 40.500000000000007 1.5414242441861481 58.208333333333343 -0.39036009226888674 1032.5000000000002 85.783823529411777 1.4000000000000015 937.50000000000011 1.391659273346882 1.4500000000000004 69.105555555555569 4.9500000000000002 0.96418930555361892 1.580153538726208
decision_type=2 2 2 2 2 2 2 2 2 2 2 2 2 2 2 2 2 2 2 2 2 2 2 2 2 2 2
left_child=1 2 3 4 -1 6 -5 -7 9 -2 13 12 16 -3 15 -15 -10 18 20 -20 -13 22 -19 -16 -12 -26 -23
right_child=8 10 -4 5 -6 7 -8 -9 11 -11 24 17 -14 14 23 -17 -18 21 19 -21 -22 26 -24 -25 25 -27 -28
leaf_value=-0.0044434896183583299 7.5805859937289051e-06 -0.0017159942543707152 0.0013131066025970117 0.0070013886257602612 0.0042755568572384606 -0.0077515859990154043 4.882735047940123e-05 -0.00037394667824451345 -0.0016147832895483719 -0.0030521595452056758 -0.0022898731035542216 -0.0015482452005144568 0.0010718605966375681 -0.0036384116891200738 -0.0041545760836726158 0.00031706780897260356 -0.0021569704175125326 -0.0015482302367591527 -0.0015482302367591527 0.0012396328848606197 -0.0015482302367591527 -0.0015482302367591527 -0.0015482302367591527 -0.0014797504008214914 -0.0016161590129847329 -0.0021008266305731654 -0.0015482302367591527
leaf_weight=358 301 431 378 363 302 2659 10441 37074 331 338 303 758 324 336 415 1336 885 834 350 339 4667 552 326 413 300 809 21129
leaf_count=358 301 431 378 363 302 2659 10441 37074 331 338 303 758 324 336 415 1336 885 834 350 339 4667 552 326 413 300 809 21129
internal_value=-0.00117694 -0.00029389 -0.00017421 -0.000208427 0.00308623 -0.000251514 0.00050421 -0.000457015 -0.00276287 -0.000370313 -0.00171478 -0.00281299 -0.00161583 -0.00119816 -0.000911636 -0.000272565 -0.00243057 -0.00287661 -0.00254326 -0.000908696 -0.00275065 -0.00296572 -0.0024031 -0.00220024 -0.00278556 -0.00288919 -0.00299571
internal_weight=87052 55918 51575 51197 660 50537 10804 39733 31134 639 4343 30495 1540 2931 2500 1672 1216 28955 6114 689 5425 22841 1160 828 1412 1109 21681
internal_count=87052 55918 51575 51197 660 50537 10804 39733 31134 639 4343 30495 1540 2931 2500 1672 1216 28955 6114 689 5425 22841 1160 828 1412 1109 21681
is_linear=0
shrinkage=0.03


Tree=148
num_leaves=31
num_cat=0
split_feature=25 7 25 33 32 22 33 29 3 7 28 3 32 32 3 4 2 2 4 25 1 4 7 29 32 23 26 24 5 23
split_gain=133.411 9.4606 7.8553 11.1094 56.1548 23.8961 12.3982 31.9966 8.28581 7.85273 5.55081 8.29488 5.05693 8.98518 6.2028 3.32606 4.85134 3.00593 2.17636 2.09721 4.69234 2.96468 1.76796 1.43241 1.2842 0.610489 0.285489 0.0858415 0.0856865 0.138211
threshold=14.500000000000002 2.0999999999999992 7.5000000000000009 0.70747208174348741 0.65883702558178847 1910.7000000000005 0.59003219687534991 306.50000000000006 26.450000000000003 0.75000000000000011 5.5000000000000009 28.250000000000004 0.97508442350096236 0.98372640911059162 19.050000000000004 1.7500000000000002 25.550000000000004 14.750000000000002 2.5999999999999992 17.500000000000004 85.500000000000014 1.9500000000000013 0.30000000000000254 200.50000000000003 0.88220160189607266 25.578084094848695 37.500000000000007 3.3977688707771052 76.500000000000014 24.481902612881314
decision_type=2 2 2 2 2 2 2 2 2 2 2 2 2 2 2 2 2 2 2 2 2 2 2 2 2 2 2 2 2 2
left_child=1 2 3 6 5 -5 7 -1 12 19 -10 -12 14 -14 -4 16 -11 -17 -3 20 22 -22 23 -2 27 -24 -20 -21 29 -19
right_child=9 18 8 4 -6 -7 -8 -9 10 15 11 -13 13 -15 -16 17 -18 28 26 24 21 -23 25 -25 -26 -27 -28 -29 -30 -31
leaf_value=-0.00010210772345607744 -0.0034918806865426011 -0.00086790301794913854 -0.0004283003599679766 0.0001080326911887841 0.068211715477613066 0.015351822448232938 -0.016949556227472913 0.0057422321178841069 -0.015153329762876821 0.0010397047787384416 0.0029869985200540513 -0.00220837362901306 0.0066709890610532133 -0.0024267796839011484 -0.0044498766712725889 -0.0029605947588495058 -0.0021083373299955058 -0.001678352645921863 -0.006969188761158096 -0.0019692468591693091 -0.0018763723264071889 0.0020787981460560355 -0.0017911567937179444 0.00049023124777535789 -0.0038252272479481217 -0.0015907859654327834 -0.0016940098849034173 -0.0014753672680453279 -0.0015017833296563782 -0.0015050017653407029
leaf_weight=19814 596 505 4907 6025 308 466 1336 302 447 307 4091 2969 344 1317 9912 396 414 471 1186 1038 334 319 1278 389 341 304 537 300 25680 328
leaf_count=19814 596 505 4907 6025 308 466 1336 302 447 307 4091 2969 344 1317 9912 396 414 471 1186 1038 334 319 1278 389 341 304 537 300 25680 328
internal_value=-0.00117124 -0.00026361 -0.000181934 0.00015705 0.00121368 0.000618761 -0.000177878 8.05218e-06 -0.000581166 -0.00269249 0.000244938 0.00045036 -0.000957467 0.000611913 -0.0011334 -0.00288901 -0.000876732 -0.00294296 -0.00217766 -0.0015851 -0.00113629 0.00113303 -0.00171379 -0.000715011 -0.00244464 -0.00233481 -0.00268504 -0.00286333 -0.00298176 -0.00265875
internal_weight=86961 54466 52238 28251 6799 6491 21452 20116 23987 32495 7507 7060 16480 1661 14819 27596 721 26875 2228 4899 3220 653 2567 985 1679 1582 1723 1338 26479 799
internal_count=86961 54466 52238 28251 6799 6491 21452 20116 23987 32495 7507 7060 16480 1661 14819 27596 721 26875 2228 4899 3220 653 2567 985 1679 1582 1723 1338 26479 799
is_linear=0
shrinkage=0.03


Tree=149
num_leaves=31
num_cat=0
split_feature=27 4 39 0 33 32 33 7 33 31 7 3 4 27 3 4 2 23 3 2 20 12 33 3 32 20 27 25 30 20
split_gain=131.918 10.852 9.23129 8.33403 8.63252 51.8888 18.6521 7.82587 6.95831 6.30165 5.76262 4.63696 8.44307 5.2532 4.49856 3.80825 3.19452 3.62147 2.80421 3.36808 2.45084 1.88862 1.60359 1.31395 1.02767 1.01309 0.943667 0.879149 0.86847 0.763208
threshold=912.50000000000011 2.0999999999999992 1.0000000180025095e-35 9.9500000000000011 -0.84313311835787952 -0.47558551945199218 -0.71502926860092908 1.099999999999999 -0.99273797715557011 0.6830127018922193 1.1000000000000008 17.450000000000003 3.8500000000000019 1127.5000000000002 17.450000000000003 1.7500000000000002 22.950000000000003 14.66789778939876 26.250000000000004 28.250000000000004 55.475000000000009 0.19999999999999754 -0.95242240592625282 23.750000000000004 -0.71504373327588355 86.368115942028993 952.50000000000011 9.5000000000000018 -0.93301270189221908 62.958333333333343
decision_type=2 2 2 2 2 2 2 2 2 2 2 2 2 2 2 2 2 2 2 2 2 2 2 2 2 2 2 2 2 2
left_child=1 2 3 -1 5 -5 -6 9 -9 14 11 12 13 -2 -3 -12 17 -11 23 -20 -16 -13 -21 -4 -18 26 -23 -25 -10 -30
right_child=10 7 18 4 6 -7 -8 8 28 16 15 21 -14 -15 20 -17 24 -19 19 22 -22 25 -24 27 -26 -27 -28 -29 29 -31
leaf_value=0.0030214855962248112 0.0016064314885230046 0.0040968555382739245 -0.0043664918008258667 0.0087123203659931966 -0.0094489987329332871 0.00042445367669363243 2.7828649567434026e-05 0.0018672760847702188 -0.0013244932283389349 -0.0022897234370061418 -0.0023438480389638945 -0.00145693785043276 -0.0018362718719799 -0.0021188346951370976 -0.0080196392827097361 -0.0014567298297666869 -0.0037826002749540041 0.005910505395853023 0.0031814196357708678 -0.037194529981776574 -0.00075591071285014148 -0.0014896061211448065 -1.2361499057860215e-05 -0.02159328981073938 -0.003336914880343171 -0.00037752992796491198 -0.00154192981018186 -0.0062780703998848112 -0.00079200314906611047 -0.0026092436781539339
leaf_weight=310 343 547 302 322 2144 5968 25907 321 301 1408 411 4445 550 303 417 24236 421 310 339 338 8843 412 338 1220 1390 412 500 501 308 3413
leaf_count=310 343 547 302 322 2144 5968 25907 321 301 1408 411 4445 550 303 417 24236 421 310 339 338 8843 412 338 1220 1390 412 500 501 308 3413
internal_value=-0.00118233 -0.000299518 -1.18606e-05 0.000127178 8.29007e-05 0.00108727 -0.000142344 -0.000912727 -0.00201865 -0.000552449 -0.0027285 -0.00196598 -0.000265665 0.00205873 -0.000161196 -0.00294389 -0.00163938 -0.000712043 -0.00159724 -0.00031004 -0.000317461 -0.00231837 -0.00153324 -0.00224259 -0.00251821 -0.00132226 -0.00187952 -0.00256272 -0.00235794 -0.00248334
internal_weight=86980 55368 37689 34651 34341 6290 28051 17679 4343 13336 31612 6965 1196 646 9807 24647 3529 1718 3038 1015 9260 5769 676 2023 1811 1324 912 1721 4022 3721
internal_count=86980 55368 37689 34651 34341 6290 28051 17679 4343 13336 31612 6965 1196 646 9807 24647 3529 1718 3038 1015 9260 5769 676 2023 1811 1324 912 1721 4022 3721
is_linear=0
shrinkage=0.03


Tree=150
num_leaves=31
num_cat=0
split_feature=27 4 5 39 2 3 0 27 2 4 4 32 0 0 22 3 21 5 8 5 32 20 4 20 32 5 30 20 24 15
split_gain=135.055 10.9391 8.65359 7.18912 7.39146 6.44939 5.24069 4.89699 3.95744 5.05855 3.3304 5.24965 3.09124 2.51056 2.38682 2.49908 3.15293 2.2287 1.82013 1.70775 1.4816 1.43179 3.13332 0.970197 0.616028 0.55814 0.555073 0.52696 0.313601 0.229868
threshold=922.50000000000011 4.6499999999999995 500.50000000000006 1.0000000180025095e-35 11.550000000000002 29.350000000000005 26.250000000000004 252.50000000000003 14.750000000000002 4.0000000000000036 2.2000000000000024 0.95998215779580554 26.150000000000002 25.950000000000003 1828.0000000000002 28.250000000000004 1.4390635687137523 66.500000000000014 0.90000000000000135 50.500000000000007 0.85673801594079257 73.675000000000026 1.8499999999999999 75.891666666666694 -0.94139628442229062 14.500000000000002 0.68301270189221941 69.105555555555569 1.2010226979354146 0.15890693008529008
decision_type=2 2 2 2 2 2 2 2 2 2 2 2 2 2 2 2 2 2 2 2 2 2 2 2 2 2 2 2 2 2
left_child=1 2 3 4 -1 -6 20 -8 9 -2 11 12 24 21 26 16 17 -16 -15 23 -5 22 -4 25 -10 -12 -3 -18 -21 -23
right_child=8 14 13 6 5 -7 7 -9 10 -11 19 -13 -14 18 15 -17 27 -19 -20 28 -22 29 -24 -25 -26 -27 -28 -29 -30 -31
leaf_value=0.0021781022240370085 4.7978066523712835e-05 -0.0017574128055718417 0.0016967744502989933 -0.012590936378303596 3.7692151367902937e-05 -0.0067371976196447924 0.0029086544375980061 -0.0020224284631870674 -0.0015188182643955587 -0.0028280750211910196 -0.0031401796384076166 0.0010788290765452045 -4.2661737692941321e-06 -0.0033411830448898928 0.0017251639989080709 -0.0064967762427334081 -0.0029902106901809164 -0.0013469238161035219 0.0010584458018352231 -0.0014130279348736861 -0.00065983527604705652 -0.0081719427066365095 -0.0033409637667786173 -0.0010303835655238467 -0.0015448557446480278 -0.0021001339595566174 -0.0021638403679902227 -0.0013916328818565551 -0.0014130279348736861 -0.003866875179685118
leaf_weight=541 307 1483 332 1702 42872 1112 517 1418 304 326 300 362 426 300 807 519 315 345 506 540 321 1168 499 378 1816 587 467 493 25731 303
leaf_count=541 307 1483 332 1702 42872 1112 517 1418 304 326 300 362 426 300 807 519 315 345 506 540 321 1168 499 378 1816 587 467 493 25731 303
internal_value=-0.00115515 -0.000275255 -0.000152408 -5.40185e-05 5.4911e-05 1.20034e-05 -0.00127911 -0.000162707 -0.0027412 -0.000392745 -0.00279002 -0.00182331 -0.00230389 -0.00168672 -0.00170587 -0.0010875 -0.000596635 0.000411101 -0.000245354 -0.00289204 -0.00234634 -0.00219106 -0.00119351 -0.0018128 -0.00277228 -0.00235473 -0.00249103 -0.00203214 -0.00294393 -0.0027534
internal_weight=87097 56020 51591 48483 44525 43984 3958 1935 31077 633 30444 2908 2546 3108 4429 2479 1960 1152 806 27536 2023 2302 831 1265 2120 887 1950 808 26271 1471
internal_count=87097 56020 51591 48483 44525 43984 3958 1935 31077 633 30444 2908 2546 3108 4429 2479 1960 1152 806 27536 2023 2302 831 1265 2120 887 1950 808 26271 1471
is_linear=0
shrinkage=0.03


Tree=151
num_leaves=31
num_cat=0
split_feature=27 4 7 0 33 32 23 7 29 4 29 4 33 20 32 27 7 22 33 0 0 0 7 3 7 14 4 4 0 8
split_gain=134.886 11.5957 9.58762 8.01892 7.39779 83.6847 11.8328 4.06123 4.5983 4.38477 2.77404 2.55129 3.92177 2.20812 5.11172 3.41613 1.74903 2.42973 2.24433 0.825832 0.550952 1.34505 0.128874 0.122077 0.127801 0.106092 0.0879758 0.0192222 0.00799842 0.00791721
threshold=922.50000000000011 4.5999999999999996 1.8999999999999997 9.9500000000000011 -0.83375966452616657 -0.50556189049999822 22.869536737024205 1.1000000000000008 350.50000000000006 1.7500000000000002 264.50000000000006 2.5999999999999992 0.21652257995689161 85.888095238095261 0.89017062131308955 1042.5000000000002 1.2000000000000022 1820.2000000000003 -0.20180761162458913 22.650000000000002 30.550000000000004 31.750000000000004 0.25000000000000006 11.450000000000001 2.2999999999999985 0.16126296620383448 4.9500000000000002 3.0999999999999992 27.550000000000004 4.5500000000000016
decision_type=2 2 2 2 2 2 2 2 2 2 2 2 2 2 2 2 2 2 2 2 2 2 2 2 2 2 2 2 2 2
left_child=1 2 3 -1 5 -5 -6 8 13 -9 16 12 -4 20 15 -15 17 19 -19 -3 22 -22 -2 24 -11 27 -12 -13 -18 -28
right_child=7 10 11 4 6 -7 -8 9 -10 23 26 25 -14 14 -16 -17 28 18 -20 -21 21 -23 -24 -25 -26 -27 29 -29 -30 -31
leaf_value=0.0029061023178042419 -0.0056722003955521237 -0.0018810303491328144 0.00045276766128415691 0.0084840713492608313 5.2484812654070008e-05 0.00016186069340082452 -0.0020773360170684265 8.8727181704628672e-05 4.6538724528000781e-05 -0.0013277532863548097 -0.0026538755544771786 -0.0020788094728081074 -0.0039193322691363983 0.00021900112550172286 0.0016467027517281434 -0.0015995457393682901 -0.00098224662469999528 -0.0021433668040881462 0.0038776059345312056 -0.0028805621182824846 -0.00084966915337093092 -0.0013708388768735667 -0.0013708326362535843 -0.0013706370968274756 -0.0013291628978083978 -0.0016483805639678688 -0.0012263423701391793 -0.0028071216287245512 -0.0015874701957756833 -0.003606952367594412
leaf_weight=315 305 303 392 348 24984 9799 13162 393 379 302 383 382 470 426 308 1405 300 1219 358 598 303 636 2706 23358 308 387 363 762 309 767
leaf_count=315 305 303 392 348 24984 9799 13162 393 379 302 383 382 470 426 308 1405 300 1219 358 598 303 636 2706 23358 308 387 363 762 309 767
internal_value=-0.00116798 -0.000285476 -0.000155348 -6.40629e-05 -9.52299e-05 0.000624654 -0.000286734 -0.00275955 -0.00209059 -0.00293707 -0.00172789 -0.00200877 -0.000702202 -0.00229015 -0.00151262 -0.00211408 -0.00121146 -0.000856798 -0.000146389 -0.00209867 -0.00271071 -0.00207128 -0.00290936 -0.00298861 -0.00255319 -0.00274347 -0.00278005 -0.00289258 -0.00265082 -0.00291777
internal_weight=86430 55601 51001 48608 48293 10147 38146 30829 6468 24361 4600 2393 862 6089 2139 1831 3087 2478 1577 901 3950 939 3011 23968 610 1531 1513 1144 609 1130
internal_count=86430 55601 51001 48608 48293 10147 38146 30829 6468 24361 4600 2393 862 6089 2139 1831 3087 2478 1577 901 3950 939 3011 23968 610 1531 1513 1144 609 1130
is_linear=0
shrinkage=0.03


Tree=152
num_leaves=27
num_cat=0
split_feature=27 29 7 22 24 29 2 8 32 7 27 29 29 23 32 8 19 27 0 22 8 0 27 27 0 27
split_gain=133.216 12.0252 12.8174 9.92058 10.8942 10.0093 4.94983 6.05347 3.79733 3.70841 3.70318 4.16656 5.36576 4.05048 2.50517 4.38988 2.49701 6.7867 2.38874 0.535421 0.761651 0.455102 0.274135 0.0164102 0.048138 0.0150862
threshold=932.50000000000011 363.50000000000006 1.3 590.00000000000011 7.7278996185819517 331.50000000000006 14.750000000000002 2.8500000000000001 -0.55657520495441892 0.79999999999999816 497.50000000000006 174.50000000000003 218.50000000000003 11.029414456789508 0.99466373373798567 1.2 85.935416666666683 1047.5000000000002 24.550000000000004 2223.3000000000006 0.75000000000000011 30.550000000000004 877.50000000000011 962.50000000000011 28.650000000000002 952.50000000000011
decision_type=2 2 2 2 2 2 2 2 2 2 2 2 2 2 2 2 2 2 2 2 2 2 2 2 2 2
left_child=1 2 3 -1 5 -5 7 -2 -6 16 11 13 -13 -4 23 -16 21 -18 -19 22 -21 25 -12 24 -11 -8
right_child=6 -3 10 4 8 -7 9 -9 -10 14 19 12 -14 -15 15 -17 17 18 -20 20 -22 -23 -24 -25 -26 -27
leaf_value=0.0028189192482701128 4.5142562792161441e-05 0.0013987733582414568 0.00043918463144563711 8.0136984383807344e-05 -0.0048219032897661501 -0.0030455206190827954 -0.0017314409263800054 -0.0027033578836210374 -0.0012015004144752021 -0.0013295179839226514 -0.0046811470010539096 0.0036266101947818302 -0.00082755867956004533 -0.01998306404179134 0.001021130081857404 -0.0014191592318244762 0.0021064975101486036 -0.00045685373305546053 -0.0017402203907150402 -0.0015501141766324535 -0.001224315439544231 -0.0015750316453293966 -0.0010058094380345996 -0.0013295179839226514 -0.0013295179839226514 -0.0014132886750305258
leaf_weight=385 304 300 313 41363 1662 3337 301 320 2875 644 1542 300 1425 1354 302 510 408 397 901 625 551 596 464 24381 303 1123
leaf_count=385 304 300 313 41363 1662 3337 301 320 2875 644 1542 300 1425 1354 302 510 408 397 901 625 551 596 464 24381 303 1123
internal_value=-0.00116176 -0.000299273 -0.0003313 -0.000166375 -0.000203929 -6.17443e-05 -0.00275983 -0.000115201 -0.00160445 -0.00281508 -0.00157597 -0.000885942 0.00014774 -0.00195504 -0.00294136 -0.00129889 -0.00192863 -0.0010826 -0.00214319 -0.00231103 -0.00179949 -0.00264226 -0.00260987 -0.00299396 -0.00283861 -0.00293474
internal_weight=86986 56496 56196 49622 49237 44700 30490 624 4537 29866 6574 3392 1725 1667 26140 812 3726 1706 1298 3182 1176 2020 2006 25328 947 1424
internal_count=86986 56496 56196 49622 49237 44700 30490 624 4537 29866 6574 3392 1725 1667 26140 812 3726 1706 1298 3182 1176 2020 2006 25328 947 1424
is_linear=0
shrinkage=0.03


Tree=153
num_leaves=29
num_cat=0
split_feature=27 29 4 2 3 23 3 7 7 4 23 4 0 2 23 3 23 19 3 4 27 22 7 0 27 27 7 19
split_gain=132.093 10.3532 9.30095 9.60097 11.2184 19.382 14.5205 7.77921 6.22334 5.42771 5.49907 3.81942 5.54754 3.68391 3.32326 7.49188 3.17836 2.36252 2.09924 6.53053 1.34292 3.5841 1.2331 0.52362 0.288248 0.0546607 0.122304 0.0143822
threshold=912.50000000000011 363.50000000000006 1.3999999999999997 29.850000000000005 26.950000000000003 22.981548889626648 27.250000000000004 0.75000000000000011 0.79999999999999816 4.6499999999999995 10.263885913573455 1.7500000000000002 24.450000000000003 14.750000000000002 25.171968368312829 26.850000000000005 10.589601154031024 61.283333333333339 17.450000000000003 3.8500000000000019 1042.5000000000002 2343.8000000000006 0.20000000000000198 24.550000000000004 452.50000000000006 962.50000000000011 1.099999999999999 84.138095238095261
decision_type=2 2 2 2 2 2 2 2 2 2 2 2 2 2 2 2 2 2 2 2 2 2 2 2 2 2 2 2
left_child=1 2 3 4 5 -1 -6 9 18 10 -4 12 -10 -13 16 -16 -9 -11 19 -2 21 22 -20 -22 -5 26 -15 -25
right_child=8 -3 7 24 6 -7 -8 14 11 17 -12 13 -14 25 15 -17 -18 -19 20 -21 23 -23 -24 27 -26 -27 -28 -29
leaf_value=0.00050827493618347207 0.0015360382948732265 0.0013514226124696303 0.0029508536547869879 -0.0064312482945184163 0.047260963373391585 -0.0059806884681965133 0.00060588722512786573 -0.00050524939535114834 0.0010131684863419882 -0.0057012491074174016 -0.00080145635257603237 -0.00041979464445000061 -0.0016582427070126224 -0.0012896025549644207 0.0015772338065386902 -0.0028650106598182728 -0.0021402924907773326 -0.002022081062419712 -0.0020142994509086327 -0.0039437376816019208 -0.0012614836371062513 0.0016511599668316747 -0.0015610915947435605 -0.0012675336436420701 -0.0036234843116094749 -0.0012896324444049718 -0.0012896324444049718 -0.0016797022309861741
leaf_weight=16355 407 301 803 808 571 4770 7346 1072 301 1154 12609 403 406 412 891 1284 5661 1502 349 407 310 435 1433 300 300 24545 1058 971
leaf_count=16355 407 301 803 808 571 4770 7346 1072 301 1154 12609 403 406 412 891 1284 5661 1502 349 407 310 435 1433 300 300 24545 1058 971
internal_value=-0.00116827 -0.000284532 -0.000314874 3.9799e-05 0.000144406 -0.000216559 0.00110748 -0.000743004 -0.00271161 -0.000348747 -0.000103333 -0.00288487 -0.000707628 -0.00294311 -0.00145404 -0.000434284 -0.00178334 -0.00158751 -0.00169218 -0.000309203 -0.00198842 -0.00151082 -0.00210656 -0.00265676 -0.00269973 -0.0029872 -0.00279402 -0.00292689
internal_weight=87164 55427 55126 30150 29042 21125 7917 24976 31737 16068 13412 27125 707 26418 8908 2175 6733 2656 4612 814 3798 2217 1782 1581 1108 26015 1470 1271
internal_count=87164 55427 55126 30150 29042 21125 7917 24976 31737 16068 13412 27125 707 26418 8908 2175 6733 2656 4612 814 3798 2217 1782 1581 1108 26015 1470 1271
is_linear=0
shrinkage=0.03


Tree=154
num_leaves=26
num_cat=0
split_feature=27 33 4 2 33 32 33 31 8 2 4 32 4 2 8 32 5 20 0 0 15 5 2 8 27
split_gain=132.416 10.8988 9.0826 8.20346 7.46084 80.102 10.7053 5.51144 5.41349 4.36462 3.2523 5.98148 3.0907 2.76615 3.3031 1.3902 1.20659 1.2744 1.08225 0.535122 0.496524 0.37477 0.302194 1.574 0.0381185
threshold=922.50000000000011 0.99981043035926087 3.1500000000000008 11.550000000000002 -0.83375966452616657 -0.50556189049999822 -0.26867065956352881 0.6830127018922193 2.7500000000000004 21.550000000000004 2.2000000000000024 0.95998215779580554 2.100000000000001 14.750000000000002 2.8500000000000001 -0.71504373327588355 76.500000000000014 75.617857142857147 26.050000000000004 20.450000000000003 0.30074765592165492 15.500000000000002 21.250000000000004 2.9000000000000017 967.50000000000011
decision_type=2 2 2 2 2 2 2 2 2 2 2 2 2 2 2 2 2 2 2 2 2 2 2 2 2
left_child=1 2 3 -1 5 -5 -6 8 20 -10 11 12 18 14 -12 -9 17 21 -2 -17 -4 -15 23 -18 -24
right_child=10 -3 7 4 6 -7 -8 15 9 -11 13 -13 -14 16 -16 19 22 -19 -20 -21 -22 -23 24 -25 -26
leaf_value=0.0019257602622481773 -0.0015039298483761592 0.0018650385702722945 -0.0016339488515042073 0.0082757144030501453 -0.0038354101669323434 1.1124839739498072e-05 -2.0695695351021091e-05 -0.0010948602077296109 0.0042657493418324314 -0.0012605943453246446 5.6382125241897782e-05 0.00098277343175172892 0.00011126159421944892 -0.0024483585198428496 -0.0026096633077789064 -0.0023006721677374348 -0.0012299960164873071 -0.0012509417570433124 -0.0011571743035703745 -0.0017175611144958974 -0.0012887540533518585 -0.0018592858947334269 -0.0012509434710728227 -0.0012093038865707291 -0.0012509434710728227
leaf_weight=582 1897 300 1070 310 10145 8806 24514 377 378 6347 301 351 322 304 320 807 2156 536 367 1711 506 1083 1286 463 21646
leaf_count=582 1897 300 1070 310 10145 8806 24514 377 378 6347 301 351 322 304 320 807 2156 536 367 1711 506 1083 1286 463 21646
internal_value=-0.00118414 -0.000311151 -0.000341992 -0.000149264 -0.000196341 0.000567291 -0.000397202 -0.00110548 -0.000712239 -0.000341214 -0.00275533 -0.00180429 -0.00230305 -0.00285468 -0.000872991 -0.00223239 -0.00289944 -0.00217204 -0.00269404 -0.0024867 -0.00229423 -0.00265202 -0.00295409 -0.00264389 -0.0029894
internal_weight=86885 55853 55553 44357 43775 9116 34659 11196 8301 6725 31032 2937 2586 28095 621 2895 27474 1923 2264 2518 1576 1387 25551 2619 22932
internal_count=86885 55853 55553 44357 43775 9116 34659 11196 8301 6725 31032 2937 2586 28095 621 2895 27474 1923 2264 2518 1576 1387 25551 2619 22932
is_linear=0
shrinkage=0.03


Tree=155
num_leaves=31
num_cat=0
split_feature=27 4 32 33 29 23 32 3 32 32 24 7 29 23 7 3 4 19 32 27 32 3 4 30 7 1 33 29 3 32
split_gain=135.472 9.15171 7.41918 29.0422 30.7418 73.2188 13.9188 13.6014 22.7816 12.0782 12.637 4.87984 5.11509 3.92902 3.43696 3.12679 2.4435 2.06467 6.48361 2.92518 1.78856 2.72478 1.17088 0.941775 0.696348 0.479663 0.471141 0.345648 0.335139 0.974701
threshold=922.50000000000011 3.9999999999999996 0.96234642434711437 -0.20180761162458913 84.500000000000014 20.540454211464553 0.81925054981890411 17.450000000000003 0.89017062131308955 0.79904096188274243 1.7801264029399813 1.1000000000000008 350.50000000000006 20.133001027685278 1.1999999999999977 24.350000000000005 1.7500000000000002 85.935416666666683 0.89017062131308955 1042.5000000000002 0.97875492728876534 26.450000000000003 3.3000000000000029 0.68301270189221941 0.19999999999999976 56.500000000000007 -0.97507822412530132 152.50000000000003 19.050000000000004 -0.24372957273992746
decision_type=2 2 2 2 2 2 2 2 2 2 2 2 2 2 2 2 2 2 2 2 2 2 2 2 2 2 2 2 2 2
left_child=1 2 6 -4 5 -5 9 8 -8 10 -1 12 17 23 20 -6 -13 24 19 -19 21 -15 -9 28 -2 -25 -26 -16 29 -3
right_child=11 13 3 4 15 -7 7 22 -10 -11 -12 16 -14 14 27 -17 -18 18 -20 -21 -22 -23 -24 25 26 -27 -28 -29 -30 -31
leaf_value=-0.0052143486086620207 -0.004393232361607889 -0.00054038983946879521 0.0088943887304100359 -0.00019530085920631989 -0.00033837347704627872 0.0097721264430753012 -0.011145559768469981 -0.016600032970729553 0.039183202179392154 0.034363026243576157 0.00022614053276310273 -0.0020950980247273331 5.4690661484640968e-05 -0.0028121397864633957 -0.00069585479666674124 -0.014671932749659715 -0.001213415166940638 -5.2717767115404748e-06 0.0015794391887083959 -0.0014278669588861279 0.0054041360406939477 0.0001952060996801342 -0.0011904590335195815 -0.0023267848956858854 -0.0012166150679836156 -0.00090874639026786771 -0.0012136048401839633 -0.0013053444458525848 -0.0018747026668003213 -0.0022566819627147495
leaf_weight=6367 414 300 461 835 1449 302 870 3527 679 480 32325 408 402 1171 332 1053 23970 430 309 1406 341 2079 308 302 316 301 3248 626 863 865
leaf_count=6367 414 300 461 835 1449 302 870 3527 679 480 32325 408 402 1171 332 1053 23970 430 309 1406 341 2079 308 302 316 301 3248 626 863 865
internal_value=-0.00116068 -0.000278633 -0.000131082 0.00108998 0.000190384 0.00427856 -0.000243464 -0.00167354 0.000698709 -4.68697e-05 -0.000105601 -0.0027543 -0.00202498 -0.00127837 -0.000744396 -0.0016684 -0.00294942 -0.0022402 -0.00148882 -0.00216549 -0.000318208 -0.000535221 -0.00263165 -0.00220099 -0.00264489 -0.00115729 -0.00278037 -0.00233994 -0.0025106 -0.0021741
internal_weight=86739 55836 48656 4100 3639 1137 44556 5384 1549 39172 38692 30903 6525 7180 4549 2502 24378 6123 2145 1836 3591 3250 3835 2631 3978 603 3564 958 2028 1165
internal_count=86739 55836 48656 4100 3639 1137 44556 5384 1549 39172 38692 30903 6525 7180 4549 2502 24378 6123 2145 1836 3591 3250 3835 2631 3978 603 3564 958 2028 1165
is_linear=0
shrinkage=0.03


Tree=156
num_leaves=31
num_cat=0
split_feature=27 4 2 7 32 33 28 3 32 3 32 31 7 2 4 29 29 25 25 20 4 32 0 27 27 5 7 20 7 20
split_gain=134.59 9.45739 8.57572 7.01348 6.43484 39.6578 56.0156 21.5402 8.45366 23.0728 14.2356 6.22323 5.17218 3.56145 2.87134 4.94383 2.55598 2.31156 2.02922 4.89164 7.81726 1.76131 1.38998 0.798564 0.677689 1.09703 0.263942 0.26612 0.250456 0.238782
threshold=917.50000000000011 2.9000000000000017 11.550000000000002 1.099999999999999 -0.30983472475487867 -0.84313311835787952 7.5000000000000009 20.250000000000004 0.94425825643485939 25.750000000000004 0.82899317702918729 0.6830127018922193 0.64999999999999869 14.750000000000002 1.7500000000000002 140.50000000000003 44.500000000000007 12.500000000000002 19.500000000000004 86.235714285714309 2.100000000000001 -0.71504373327588355 18.050000000000004 932.50000000000011 722.50000000000011 174.50000000000003 0.79999999999999816 74.887318840579738 0.30000000000000254 72.168699186991887
decision_type=2 2 2 2 2 2 2 2 2 2 2 2 2 2 2 2 2 2 2 2 2 2 2 2 2 2 2 2 2 2
left_child=1 2 -1 11 5 6 -4 -7 10 -10 -6 16 18 -14 15 -15 -3 -18 19 23 -21 -13 -23 -2 -5 29 27 -16 -25 -26
right_child=12 3 4 24 8 7 -8 -9 9 -11 -12 21 13 14 26 -17 17 -19 -20 20 -22 22 -24 28 25 -27 -28 -29 -30 -31
leaf_value=0.0022046003576049068 -0.0017986480001920401 0.0040939685667388034 0.0019504546593884697 -0.024925487196446154 -0.00065740228034881585 0.00324461856962427 0.0080073679773356374 -0.00064305073271468997 0.0049070451750514469 -0.022881488866211448 -0.0074131805038635508 0.00067406640743285316 -0.00045689296960564385 0.0010161431695409973 -0.0011320166911530001 -0.0015752625439760456 -0.0028085333634075595 0.00050040175225711113 -0.0027635890389541428 -0.0018174874494276292 0.0031336906998202176 -0.00023896742095702486 -0.0026537622574537021 -0.0018877787555616294 -0.0012661841124770072 -0.00043981133547740608 -0.0011770127119324189 -0.0011453608164929468 -0.0020005900190636916 -0.0012153589502401955
leaf_weight=575 337 311 1180 1101 18089 1126 309 13798 3244 1224 3711 346 418 300 331 488 3219 3440 992 485 309 332 1961 577 647 466 25775 349 869 459
leaf_count=575 337 311 1180 1101 18089 1126 309 13798 3244 1224 3711 346 418 300 331 488 3219 3440 992 485 309 332 1961 577 647 466 25775 349 869 459
internal_value=-0.00116302 -0.000276995 -6.83827e-05 -0.00101164 -0.000117451 0.000348543 0.00501544 -0.000117388 -0.000408619 0.00078004 -0.000652264 -0.000633403 -0.00273863 -0.00287734 -0.00291951 -0.00113308 -0.000163535 -0.000287839 -0.00166303 -0.00121839 0.000739622 -0.00187386 -0.0021748 -0.00209025 -0.00237061 -0.00196821 -0.00297267 -0.00237886 -0.00239668 -0.00248239
internal_weight=86768 55538 43256 12282 42681 16413 1489 14924 26268 4468 21800 9609 31230 27661 27243 788 6970 6659 3569 2577 794 2639 2293 1783 2673 1572 26455 680 1446 1106
internal_count=86768 55538 43256 12282 42681 16413 1489 14924 26268 4468 21800 9609 31230 27661 27243 788 6970 6659 3569 2577 794 2639 2293 1783 2673 1572 26455 680 1446 1106
is_linear=0
shrinkage=0.03


Tree=157
num_leaves=31
num_cat=0
split_feature=27 4 0 7 38 3 3 4 7 29 4 0 30 22 1 29 29 7 4 32 24 29 20 27 32 20 32 32 27 24
split_gain=133.832 10.1632 8.58534 7.81155 5.79141 6.16218 9.81243 4.64036 4.46356 5.15085 4.11384 3.98189 4.25798 3.42339 3.21874 2.41898 4.56911 2.41661 2.61917 2.40758 2.5503 2.25547 1.86801 4.09581 2.293 1.53647 1.0265 1.16637 0.815029 0.530032
threshold=922.50000000000011 1.9500000000000013 9.9500000000000011 0.75000000000000011 1.0000000180025095e-35 28.950000000000003 26.750000000000004 4.6499999999999995 1.1000000000000008 350.50000000000006 1.7500000000000002 18.050000000000004 0.93301270189221952 2197.7000000000003 63.500000000000007 249.50000000000003 196.50000000000003 2.5999999999999992 2.4500000000000006 0.48314048284850658 8.6244998353895514 228.50000000000003 85.783823529411777 1042.5000000000002 0.88220160189607266 65.040476190476213 0.97696484778429815 -0.97509794945709805 947.50000000000011 6.4052991512018327
decision_type=2 2 2 2 2 2 2 2 2 2 2 2 2 2 2 2 2 2 2 2 2 2 2 2 2 2 2 2 2 2
left_child=1 2 -1 7 5 6 -4 11 9 22 -10 14 -13 26 -3 16 -6 18 -15 25 -21 -7 28 -24 -25 -9 27 -5 29 -2
right_child=8 3 4 13 15 21 -8 19 10 -11 -12 12 -14 17 -16 -17 -18 -19 -20 20 -22 -23 23 24 -26 -27 -28 -29 -30 -31
leaf_value=0.002543292806141659 -0.0011416676476198118 0.0048536598160853961 -0.00014700532712429542 -0.00035757733375294529 -0.0070137476538396993 -0.00033045220643318274 0.0018183878901805084 -0.005751135191145864 -0.0013811345022452719 6.6756730728270708e-05 -0.0011417023305744462 -0.0014079920559805935 0.0047535116166402235 -0.0075128067913917745 6.3394631318042002e-05 -0.014818927913603253 0.0038256044877114977 -0.0013668615716465964 0.00048243452929164449 0.0013884895727900948 -0.0049652191419827839 -0.0071270180814160516 0.00085095523708007804 -0.0013488820452452221 -1.0258472389345577e-06 -0.0023650491297234617 -0.00097156873060922516 -0.0015049733129767272 -0.0011418923670218548 -0.0012498360313172889
leaf_weight=302 393 303 23406 375 960 2184 7718 1322 418 405 24151 9102 573 486 305 718 354 578 1325 541 342 616 504 1345 319 689 305 3457 3165 448
leaf_count=302 393 303 23406 375 960 2184 7718 1322 418 405 24151 9102 573 486 305 718 354 578 1325 541 342 616 504 1345 319 689 305 3457 3165 448
internal_value=-0.00117434 -0.000297042 9.92142e-07 -0.000845464 -4.13835e-05 5.18195e-05 0.000173108 -0.000425027 -0.00275046 -0.00205578 -0.00293639 -0.000126313 -0.000274391 -0.00169419 0.0022266 -0.00159666 -0.000830419 -0.00078954 -0.000250001 -0.00148601 -0.000179865 -0.00129597 -0.00227077 -0.00156017 -0.00227748 -0.00205915 -0.00221629 -0.0023496 -0.00265485 -0.00182067
internal_weight=87109 55961 36258 19703 35956 33924 31124 13177 31148 6579 24569 10283 9675 6526 608 2032 1314 2389 1811 2894 883 2800 6174 2168 1664 2011 4137 3832 4006 841
internal_count=87109 55961 36258 19703 35956 33924 31124 13177 31148 6579 24569 10283 9675 6526 608 2032 1314 2389 1811 2894 883 2800 6174 2168 1664 2011 4137 3832 4006 841
is_linear=0
shrinkage=0.03


Tree=158
num_leaves=31
num_cat=0
split_feature=27 4 5 39 22 7 29 0 27 8 4 4 31 29 31 30 0 0 0 4 27 19 4 4 5 7 29 8 25 22
split_gain=131.904 7.94135 7.62889 6.51731 6.48194 5.57353 5.29419 4.14967 4.02931 3.69796 3.68416 2.95661 4.61838 2.84652 2.38118 2.34337 2.26399 2.62059 2.11379 3.32211 2.09298 3.62455 6.61744 1.82156 1.64405 1.40464 2.03297 0.871353 0.41849 0.391524
threshold=912.50000000000011 4.6499999999999995 482.50000000000006 1.0000000180025095e-35 590.00000000000011 0.64999999999999869 4.5000000000000009 26.250000000000004 242.50000000000003 0.79999999999999816 1.8499999999999999 1.7500000000000002 1.0000000180025095e-35 118.50000000000001 -0.5 0.68301270189221941 30.750000000000004 31.750000000000004 13.950000000000001 3.9999999999999996 1182.5000000000002 85.935416666666683 2.1500000000000008 5.3500000000000023 560.50000000000011 0.30000000000000254 204.50000000000003 4.9500000000000002 10.500000000000002 1123.0500000000002
decision_type=2 2 2 2 2 2 2 2 2 2 2 2 2 2 2 2 2 2 2 2 2 2 2 2 2 2 2 2 2 2
left_child=1 2 3 4 -1 20 -6 13 -9 28 24 12 -7 -5 -12 16 29 -18 19 -13 21 25 -23 -17 -11 26 -2 -19 -4 -3
right_child=5 15 9 7 6 11 -8 8 -10 10 14 18 -14 -15 -16 23 17 27 -20 -21 -22 22 -24 -25 -26 -27 -28 -29 -30 -31
leaf_value=0.0024669940219574204 -0.0041705452570821484 -0.0013336711290250543 -0.012450129135902712 0.00016310411851212759 -0.011888120716447046 0.0010270929095221243 1.5794426016082496e-05 0.0028389896939633361 -0.0022206406622773366 0.0052682944199340977 0.00029399103513367338 6.4754028806422996e-05 -0.0017819232291015799 -0.012828374601821615 -0.0043996379352223185 0.001177174374443787 0.0017874672858642739 -0.0041601074619375287 -0.0011074512606572128 -0.0010634538328827565 -0.0022094237328451876 -0.0017289795439381244 0.0029218924755438293 -0.0015626514343374306 -0.0020877308219612815 -0.0018970601057905028 0.00042835873093498864 -0.0027277324926453695 -0.0015611274604930684 -0.0017054315452497003
leaf_weight=401 513 411 1268 306 534 316 42929 491 1398 362 313 301 446 1686 760 378 349 500 26310 445 1070 506 306 572 305 1102 301 544 488 1396
leaf_count=401 513 411 1268 306 534 316 42929 491 1398 362 313 301 446 1686 760 378 349 500 26310 445 1070 506 306 572 305 1102 301 544 488 1396
internal_value=-0.00118151 -0.000299015 -0.000196773 -9.77052e-05 6.56488e-06 -0.00272758 -2.85071e-05 -0.00127589 -0.000268255 -0.00154933 -0.000568639 -0.0028748 -0.00103014 -0.00223081 -0.00165643 -0.00156107 -0.00194939 -0.00103946 -0.00292671 -0.0013494 -0.00164886 -0.00120704 0.000472324 -0.000252367 0.00118114 -0.00191862 -0.00097178 -0.00179139 -0.00252021 -0.00264989
internal_weight=87007 55391 51241 47745 43864 31616 43463 3881 1889 3496 1740 27818 762 1992 1073 4150 3200 1393 27056 746 3798 2728 812 950 667 1916 814 1044 1756 1807
internal_count=87007 55391 51241 47745 43864 31616 43463 3881 1889 3496 1740 27818 762 1992 1073 4150 3200 1393 27056 746 3798 2728 812 950 667 1916 814 1044 1756 1807
is_linear=0
shrinkage=0.03


Tree=159
num_leaves=27
num_cat=0
split_feature=25 7 7 0 33 32 32 33 33 2 32 1 25 3 23 39 24 12 32 33 7 25 23 5 13 7
split_gain=132.201 7.53416 7.1041 8.36257 7.35113 54.9503 12.3645 9.29732 14.5741 3.76128 3.24542 6.17756 2.75282 2.45495 3.40347 1.98281 2.59338 1.75901 1.33538 1.542 1.02212 0.563875 0.560662 0.253974 0.230535 0.13423
threshold=14.500000000000002 0.69999999999999984 1.7500000000000002 9.9500000000000011 -0.83375966452616657 -0.50556189049999822 0.46800856592688472 -0.73865259438682551 -0.6905596507703472 14.750000000000002 0.99466373373798567 81.500000000000014 10.500000000000002 17.450000000000003 14.292989235920793 2.5000000000000004 6.500614281848101 0.14999999999999861 0.29342972903661901 -0.46800559042974538 1.9000000000000041 11.500000000000002 25.606821385637872 19.500000000000004 -0.046666666666666558 0.8000000000000026
decision_type=2 2 2 2 2 2 2 2 2 2 2 2 2 2 2 2 2 2 2 2 2 2 2 2 2 2
left_child=2 13 3 -1 5 -5 -7 12 -9 -3 24 -12 -6 14 -2 16 20 22 19 -19 -4 -22 23 -15 -11 -26
right_child=1 9 15 4 7 6 -8 8 -10 10 11 -13 -14 17 -16 -17 -18 18 -20 -21 21 -23 -24 -25 25 -27
leaf_value=0.0021141413665466805 -0.0020354627616351339 -0.00026898385916765741 -0.0025194294259276795 0.0060961375009252064 -0.011634331562098881 -0.00047861394141807925 0.0085761245156100851 0.0051966591731687295 -0.0004223409100115738 -0.0010742277228374965 -0.0011391166007222611 0.00099628012223646032 -0.0023432580328693613 -0.0024178959975735478 0.0023416339742078855 -6.7661366241097957e-05 0.00024106738792649906 0.0019363578214369361 -0.0016428328372061862 -0.0018135687559731205 -0.035315572389187561 -0.00096900512375660175 -0.0013402238396766602 -0.0014926910482220865 -0.0010431575082216521 -0.0010742277228374965
leaf_weight=327 537 414 566 427 1825 9045 1237 1143 36505 322 540 302 663 303 330 569 301 405 494 382 1469 412 359 1913 791 25417
leaf_count=327 537 414 566 427 1825 9045 1237 1143 36505 322 540 302 663 303 330 569 301 405 494 382 1469 412 359 1913 791 25417
internal_value=-0.00116477 -0.00267878 -0.000261462 -0.000174233 -0.000205032 0.000493277 5.48471e-05 -0.00039136 -0.000273952 -0.0028671 -0.00291002 -0.00107473 -0.00216714 -0.00157049 -0.000127881 -0.00160669 -0.00194034 -0.00189474 -0.00098518 -0.000217006 -0.00226348 -0.00259989 -0.00234666 -0.00252503 -0.00296823 -0.00297814
internal_weight=86998 32509 54489 51172 50845 10709 10282 40136 37648 27786 27372 842 2488 4723 867 3317 2748 3856 1281 787 2447 1881 2575 2216 26530 26208
internal_count=86998 32509 54489 51172 50845 10709 10282 40136 37648 27786 27372 842 2488 4723 867 3317 2748 3856 1281 787 2447 1881 2575 2216 26530 26208
is_linear=0
shrinkage=0.03


Tree=160
num_leaves=26
num_cat=0
split_feature=27 4 7 22 33 28 33 7 29 4 31 3 7 11 20 27 0 0 7 20 33 23 26 3 12
split_gain=137.359 9.62443 7.96854 7.14168 6.79659 54.7573 10.1649 3.41303 5.25925 3.89321 2.63691 2.65714 1.92308 2.12333 1.53596 2.90742 1.59891 0.569664 0.543935 0.31322 0.301439 0.276621 0.159825 0.0982752 0.0270476
threshold=932.50000000000011 4.6499999999999995 2.5999999999999992 590.00000000000011 -0.83375966452616657 7.5000000000000009 -0.73865259438682551 1.1000000000000008 350.50000000000006 1.7500000000000002 0.25000000000000017 28.250000000000004 1.0999999999999963 0.30000000000000254 85.888095238095261 1047.5000000000002 24.550000000000004 20.150000000000002 0.25000000000000006 66.358333333333334 -0.96687281075841669 23.450560450738525 37.500000000000007 11.450000000000001 0.30000000000000032
decision_type=2 2 2 2 2 2 2 2 2 2 2 2 2 2 2 2 2 2 2 2 2 2 2 2 2
left_child=1 2 3 -1 5 -5 -6 8 14 -9 11 12 13 -3 18 -16 -17 -12 -2 24 -20 -14 -4 -11 -19
right_child=7 10 22 4 6 -7 -8 9 -10 23 17 -13 21 -15 15 16 -18 19 20 -21 -22 -23 -24 -25 -26
leaf_value=0.0020867274215347841 -0.0040479305156005075 0.0014721805058213429 -0.0016576334081351545 7.8459801390780019e-05 -0.0065413072667179261 0.0058688876942855836 -0.0002071128291016322 -0.0001780145930088407 7.0880923717261398e-05 -0.0010037192645746653 -0.0012368021994985632 -0.0055577596178661365 -0.00066820458655353311 -0.002047679004932849 0.00028523924011827711 -0.0013864478799804486 -0.0012429652143830241 -0.00092115537987963014 -0.0010450990940706374 -0.00092023430763837476 -0.0010421791731049746 -0.0010938552902475774 -0.001277800669302223 -0.0010420008911523717 -0.0069249250050489606
leaf_weight=420 345 892 726 10226 2593 502 37286 382 379 590 333 530 301 677 477 539 1080 743 328 331 2991 302 333 23350 568
leaf_count=420 345 892 726 10226 2593 502 37286 382 379 590 333 530 301 677 477 539 1080 743 328 331 2991 302 333 23350 568
internal_value=-0.00115715 -0.000285023 -0.00016795 -0.000114467 -0.000146835 0.00052344 -0.000327157 -0.00278225 -0.00214935 -0.00294191 -0.0015885 -0.000978913 -0.000513576 4.01267e-05 -0.00237459 -0.00172532 -0.00233148 -0.00242156 -0.00274543 -0.00265125 -0.00286355 -0.00195199 -0.00274245 -0.00298985 -0.00286052
internal_weight=87224 56763 52086 51027 50607 10728 39879 30461 6139 24322 4677 2702 2172 1569 5760 2096 1619 1975 3664 1642 3319 603 1059 23940 1311
internal_count=87224 56763 52086 51027 50607 10728 39879 30461 6139 24322 4677 2702 2172 1569 5760 2096 1619 1975 3664 1642 3319 603 1059 23940 1311
is_linear=0
shrinkage=0.03


Tree=161
num_leaves=31
num_cat=0
split_feature=27 4 22 33 22 33 33 23 7 29 7 31 33 4 4 3 12 19 27 27 1 23 14 33 27 30 8 23 33 2
split_gain=135.175 9.32841 7.34562 6.95035 44.8198 9.66717 38.928 10.3703 5.44973 5.23904 4.97779 6.39808 4.50387 4.23375 2.41556 3.36331 1.77375 1.39568 1.33764 1.25312 1.1198 3.37604 0.92348 0.821542 0.751826 1.06129 0.670595 0.546189 0.23237 0.173751
threshold=907.50000000000011 3.1500000000000008 590.00000000000011 0.99445195900249039 1512.1500000000003 0.84658398682345093 0.82777578779003613 20.133001027685278 1.1000000000000008 350.50000000000006 1.1999999999999977 0.6830127018922193 0.99748108949426018 1.7500000000000002 5.2999999999999989 19.650000000000002 0.25000000000000006 65.616666666666688 817.50000000000011 787.50000000000011 90.500000000000014 23.231203894418069 0.098026503570981638 -0.9575230291762723 727.50000000000011 -0.24999999999999994 2.2000000000000002 10.263885913573455 -0.57077231802681661 15.250000000000002
decision_type=2 2 2 2 2 2 2 2 2 2 2 2 2 2 2 2 2 2 2 2 2 2 2 2 2 2 2 2 2 2
left_child=1 2 -1 5 12 6 -4 -7 9 16 11 14 -5 -10 15 -3 20 27 -16 -19 23 -22 -18 -2 -12 -26 -27 -13 -24 -15
right_child=8 10 3 4 -6 7 -8 -9 13 -11 24 17 -14 29 18 -17 22 19 -20 -21 21 -23 28 -25 25 26 -28 -29 -30 -31
leaf_value=0.0020430897184403967 -0.001010492117951941 0.00381275606380103 -0.00011012945610251787 0.00081809177645886916 0.0066528982092574863 -0.0057243206853432715 0.010360662580306705 0.015194643604389461 -0.00073263307079785272 6.8754496005743462e-05 -0.024890441624832668 -0.0020921376457449579 -0.0030895695946860169 -0.0010185937260556719 -0.0085650445303872679 -0.00056580758090554013 -1.6371575881516e-05 -0.0044036649751379425 -0.0012797580861539193 0.00059597065474571254 0.0022355069256543049 -0.0012065147814678827 -0.0010962059217315019 -0.0010109198513132086 -0.0014441562606150415 -9.1927664276774486e-05 -0.0010385655502628886 -0.003207950286989945 -0.0016218537870851285 -0.0010107408644178006
leaf_weight=406 447 414 36436 331 333 5412 427 403 425 436 952 471 745 346 478 4546 431 317 647 304 305 698 320 4128 509 331 313 1314 330 23937
leaf_count=406 447 414 36436 331 333 5412 427 403 425 436 952 471 745 346 478 4546 431 317 647 304 305 698 320 4128 509 331 313 1314 330 23937
internal_value=-0.0011653 -0.000266238 -7.57188e-05 -0.000112752 0.00195957 -0.000181214 -1.87246e-06 -0.00131792 -0.00272258 -0.00198915 -0.00106615 -0.000742229 -0.0010195 -0.0029331 -0.000224286 6.0471e-05 -0.00219775 -0.00205152 -0.00147869 -0.00082476 -0.00241334 -0.00150299 -0.0010841 -0.00261254 -0.0023718 -0.00185355 -0.00104186 -0.0024776 -0.00179724 -0.00298505
internal_weight=86892 55089 44493 44087 1409 42678 36863 5815 31803 7095 10596 8491 1076 24708 6085 4960 6659 2406 1125 621 5578 1003 1081 4575 2105 1153 644 1785 650 24283
internal_count=86892 55089 44493 44087 1409 42678 36863 5815 31803 7095 10596 8491 1076 24708 6085 4960 6659 2406 1125 621 5578 1003 1081 4575 2105 1153 644 1785 650 24283
is_linear=0
shrinkage=0.03


Tree=162
num_leaves=29
num_cat=0
split_feature=25 7 2 19 33 32 29 3 29 32 32 29 2 30 32 2 25 3 8 29 1 32 7 8 25 0 8 39
split_gain=132.55 8.14212 7.32647 23.4102 6.66481 59.0395 12.0353 32.5452 14.3398 8.27048 34.231 36.6923 7.00889 17.2638 9.66325 3.73053 2.46589 3.38672 4.63425 2.48484 3.23653 2.35193 4.51144 0.548665 0.355221 0.453727 0.0731338 0.00384115
threshold=14.500000000000002 0.69999999999999984 11.550000000000002 62.050000000000004 -0.83375966452616657 -0.50556189049999822 153.50000000000003 26.450000000000003 192.50000000000003 0.97508442350096236 0.98049069993378934 84.500000000000014 21.450000000000003 -0.24999999999999994 -0.8041866928211282 14.750000000000002 19.500000000000004 17.450000000000003 3.5000000000000013 164.50000000000003 85.500000000000014 0.99466373373798567 1.7500000000000002 3.4999999999999996 15.500000000000002 30.350000000000005 1.3499999999999999 8.5000000000000018
decision_type=2 2 2 2 2 2 2 2 2 2 2 2 2 2 2 2 2 2 2 2 2 2 2 2 2 2 2 2
left_child=2 16 3 -1 5 -4 7 -7 -8 12 -11 -12 13 -6 -14 -3 17 18 -2 23 -21 24 -23 -19 25 -17 -18 -26
right_child=1 15 4 -5 9 6 8 -9 -10 10 11 -13 14 -15 -16 21 26 19 -20 20 -22 22 -24 -25 27 -27 -28 -29
leaf_value=0.0022507810281194372 0.0025124401555771648 -0.00045085516247321474 0.0056353065291804361 -0.006531281726128298 0.0097760674661468185 -0.0010346149386615978 -0.002747685547995669 0.019972956155706365 0.0027030199725929282 0.0098638159802090265 0.0061190571284547119 -0.0068203516426428119 -0.00011358530814690403 -0.00031052936579195389 -0.0031675895454477145 -0.00096718673749910051 -0.0015077348860252115 -0.0016346389402911168 -0.0018828396546601229 -0.0013480643503208424 0.0018766547309127777 0.00099371114848356809 -0.0010654239826134938 -0.0011089404135574039 -0.00098041863848526666 -0.00097954324919805763 -0.0018099051014749234 -0.00098041863848526666
leaf_weight=366 303 419 425 347 856 726 6940 302 3015 443 712 2565 10838 10853 16063 1434 331 863 304 1254 370 300 536 483 24429 406 782 310
leaf_count=366 303 419 425 347 856 726 6940 302 3015 443 712 2565 10838 10853 16063 1434 331 863 304 1254 370 300 536 483 24429 406 782 310
internal_value=-0.0011636 -0.00267892 -0.000258449 0.0027605 -0.000298555 0.00034499 -8.00262e-05 0.00300875 -0.000399257 -0.000471995 0.000878795 -0.000180294 -0.000602161 1.05031e-05 -0.000868821 -0.00287379 -0.00152206 -0.00113779 0.00090296 -0.00155503 -0.000764308 -0.00291673 -0.00134767 -0.0025078 -0.00296603 -0.00255839 -0.00275494 -0.00299624
internal_weight=86975 32524 54451 713 53738 11408 10983 1028 9955 42330 3720 3277 38610 11709 26901 27834 4690 3577 607 2970 1624 27415 836 1346 26579 1840 1113 24739
internal_count=86975 32524 54451 713 53738 11408 10983 1028 9955 42330 3720 3277 38610 11709 26901 27834 4690 3577 607 2970 1624 27415 836 1346 26579 1840 1113 24739
is_linear=0
shrinkage=0.03


Tree=163
num_leaves=31
num_cat=0
split_feature=27 4 22 3 3 32 32 7 20 7 3 4 4 25 27 28 20 32 29 12 32 27 5 4 31 7 39 4 32 22
split_gain=134.672 9.48618 8.5763 6.71885 9.98751 14.0528 7.29049 5.68048 5.64019 5.05382 3.76805 6.62095 3.73032 3.70884 3.1991 3.06356 2.98752 5.04895 2.00395 1.57713 1.39653 1.10302 1.28499 0.940895 1.10501 0.927509 0.710035 0.656653 0.487006 0.268541
threshold=922.50000000000011 2.9000000000000017 590.00000000000011 28.950000000000003 27.850000000000005 -0.54220184589352438 -0.93545489084327571 1.000000000000002 60.275000000000006 1.1000000000000008 17.450000000000003 3.8500000000000019 1.7500000000000002 12.500000000000002 1122.5000000000002 1.5000000000000002 79.551785714285728 -0.41398024697495356 296.50000000000006 0.25000000000000006 -0.70291267844185523 697.50000000000011 180.50000000000003 4.7000000000000011 0.6830127018922193 0.14999999999999861 1.0000000180025095e-35 4.1000000000000005 0.022575936829235418 1102.2500000000002
decision_type=2 2 2 2 2 2 2 2 2 2 2 2 2 2 2 2 2 2 2 2 2 2 2 2 2 2 2 2 2 2
left_child=1 2 -1 4 6 -6 -4 8 23 10 11 14 -11 18 -2 -15 17 -5 -10 25 -18 -9 28 24 -3 -12 -27 -21 -23 -25
right_child=9 7 3 16 5 -7 -8 21 13 12 19 -13 -14 15 -16 -17 20 -19 -20 27 -22 22 -24 29 -26 26 -28 -29 -30 -31
leaf_value=0.0021832575972758495 0.0011457082638248414 7.2062203406197663e-05 -0.0017486933458786245 -0.0082451751004464537 -0.00018892822028831801 0.0024151068635735306 -6.4699427478807084e-05 -0.029748380878406123 -0.0017298340853572648 -0.0018011366549719424 -0.0015183833121355473 -0.0012923472641262941 -0.00095100607933070857 -0.0015404421852635822 -0.0015938482468386265 0.0012780912317879292 -0.00028248437997563158 0.0048306932415017913 -0.010361328833376674 -0.00010602963248094546 -0.013067742789851941 -0.000993221837407526 -0.00017700371795948666 -0.002145451137670644 -0.0032344079381695871 -0.00095117988383785373 -0.00095478865978574278 -0.0012737409077025331 -0.00086034403467660347 -0.0030083414659937443
leaf_weight=403 335 329 3289 369 3124 3010 30666 1025 3015 398 359 528 24025 339 304 3663 479 348 562 384 1706 698 524 417 470 3926 318 354 607 855
leaf_count=403 335 329 3289 369 3124 3010 30666 1025 3015 398 359 528 24025 339 304 3663 479 348 562 384 1706 698 524 417 470 3926 318 354 607 855
internal_value=-0.00115464 -0.000275748 -6.5953e-05 -0.000106835 -5.91241e-06 0.00110807 -0.000207181 -0.00100376 -0.000655891 -0.00274289 -0.00199939 -0.000454624 -0.00294092 -0.00027665 0.00159844 0.000350736 -0.00150052 0.000179665 -0.00097848 -0.00233677 -0.00205169 -0.00217934 -0.00173607 -0.00204295 -0.00123375 -0.00254322 -0.00266714 -0.00104736 -0.00223966 -0.00254988
internal_weight=86829 55898 43394 42991 40089 6134 33955 12504 9650 30931 6508 1167 24423 7579 639 4002 2902 717 3577 5341 2185 2854 1829 2071 799 4603 4244 738 1305 1272
internal_count=86829 55898 43394 42991 40089 6134 33955 12504 9650 30931 6508 1167 24423 7579 639 4002 2902 717 3577 5341 2185 2854 1829 2071 799 4603 4244 738 1305 1272
is_linear=0
shrinkage=0.03


Tree=164
num_leaves=31
num_cat=0
split_feature=27 4 19 3 33 33 29 32 33 7 33 5 32 7 4 29 4 0 33 7 33 8 3 27 19 4 27 23 21 0
split_gain=142.299 10.1469 9.37583 16.9177 16.4851 38.6813 48.4974 16.3785 13.0521 7.40315 5.49855 4.73413 4.25222 3.77772 4.03701 3.90201 3.73707 4.11088 1.86517 1.6753 1.67144 1.54068 1.53509 1.51102 1.00061 2.50287 0.540711 0.404765 0.0880565 0.0764821
threshold=927.50000000000011 2.0999999999999992 90.116666666666688 27.050000000000004 -0.98212955754013376 -0.84313311835787952 208.50000000000003 0.97508442350096236 -0.71502926860092908 0.75000000000000011 -0.99273797715557011 138.50000000000003 0.80926549319045582 1.1000000000000008 1.7500000000000002 350.50000000000006 4.6499999999999995 32.45000000000001 -0.16799793862756093 0.14999999999999861 0.21652257995689161 0.84999999999999976 28.150000000000002 1042.5000000000002 85.935416666666683 2.1500000000000008 702.50000000000011 26.160497924841678 0.60131682240226525 13.550000000000002
decision_type=2 2 2 2 2 2 2 2 2 2 2 2 2 2 2 2 2 2 2 2 2 2 2 2 2 2 2 2 2 2
left_child=1 2 4 7 21 6 -6 12 -7 11 -11 16 -4 15 -15 19 17 -3 -18 23 22 28 -12 -2 27 -26 -22 -21 -1 -16
right_child=13 9 3 -5 5 8 -8 -9 -10 10 20 -13 -14 14 29 -17 18 -19 -20 24 26 -23 -24 -25 25 -27 -28 -29 -30 -31
leaf_value=-0.0037555681356656124 0.00082557301067776696 -0.00077997680205850266 -0.0077316406493886138 0.0073288005045046489 0.0026565662500922511 -0.014005823460005848 0.0046932928764549806 0.0060678428525955484 0.00023178106149262411 0.0013584991982660544 -0.00095850038039710297 0.0035634479839165316 -9.9844584354710875e-05 -0.0010242002710269715 -0.00088534271917041203 4.5846268085023562e-05 -0.0013146473512878119 0.0066067548673905832 -0.0039801466361416788 -0.00092264448732271812 -0.034899982559544969 -0.0016713651930298401 -0.0021125372266215105 -0.0026196581939851435 -0.0011122631190757159 -0.00060071435288419606 -0.00082472394544497694 -0.00092264430010411877 -0.005357091541866579 -0.00092247589695078726
leaf_weight=302 301 8791 4982 463 3330 1667 464 351 22991 407 2824 324 1519 407 568 400 1140 342 1742 3278 1070 325 495 347 1146 590 1353 306 1200 23295
leaf_count=302 301 8791 4982 463 3330 1667 464 351 22991 407 2824 324 1519 407 568 400 1140 342 1742 3278 1070 325 495 347 1146 590 1353 306 1200 23295
internal_value=-0.00112568 -0.000227449 5.55386e-05 -0.000908284 0.000288407 0.00046582 0.00328537 -0.00128353 3.18741e-05 -0.000802856 -0.00165317 -0.000379012 -0.00162458 -0.0027698 -0.00294055 -0.0021187 -0.000475617 -0.000178345 -0.00141727 -0.00231094 -0.00189204 -0.0024732 -0.00145392 -0.00086903 -0.00248638 -0.00189292 -0.00249134 -0.00277322 -0.00287824 -0.00299108
internal_weight=86720 56082 37594 7315 30279 28452 3794 6852 24658 18488 6149 12339 6501 30638 24270 6368 12015 9133 2882 5968 5742 1827 3319 648 5320 1736 2423 3584 1502 23863
internal_count=86720 56082 37594 7315 30279 28452 3794 6852 24658 18488 6149 12339 6501 30638 24270 6368 12015 9133 2882 5968 5742 1827 3319 648 5320 1736 2423 3584 1502 23863
is_linear=0
shrinkage=0.03


Tree=165
num_leaves=31
num_cat=0
split_feature=27 4 33 32 29 2 33 33 33 29 3 7 24 7 29 4 22 33 4 33 7 27 27 33 22 7 1 4 7 32
split_gain=146.079 11.0895 7.53162 50.7075 18.6117 15.6199 11.318 42.1662 14.5321 10.7084 8.65756 6.47862 5.38633 4.60016 4.99517 4.35174 3.88525 3.86647 3.59754 2.32566 1.67994 1.57487 1.46153 1.40568 1.34553 1.51491 1.21621 3.0811 1.01895 0.884357
threshold=922.50000000000011 2.7000000000000006 -0.84313311835787952 -0.47558551945199218 192.50000000000003 29.750000000000004 -0.71502926860092908 -0.67801649466304881 -0.26867065956352881 180.50000000000003 28.450000000000003 0.99999999999999922 8.2797455286950257 1.1000000000000008 350.50000000000006 1.5499999999999992 1208.8000000000002 0.87709077819680659 1.7500000000000002 -0.80417042486635371 0.14999999999999861 662.50000000000011 1037.5000000000002 -0.6905596507703472 2244.7000000000003 1.6499999999999988 85.500000000000014 2.1500000000000008 2.699999999999998 -0.62588817255938378
decision_type=2 2 2 2 2 2 2 2 2 2 2 2 2 2 2 2 2 2 2 2 2 2 2 2 2 2 2 2 2 2
left_child=1 2 3 -1 9 -6 15 10 -9 -5 -8 12 16 14 20 29 -3 -18 -15 -17 22 -13 -2 -14 28 -26 -22 -28 -23 -4
right_child=13 11 6 4 5 -7 7 8 -10 -11 -12 21 23 18 -16 19 17 -19 -20 -21 26 24 -24 -25 25 -27 27 -29 -30 -31
leaf_value=0.0054982867741260799 0.00076153556370588799 0.0038249930134855565 -0.0048361627154990079 0.00017160089719312488 0.0037517565467725688 -0.00042658022022396658 0.014185525168426735 -0.00494649440346867 0.00021025931658506089 -0.014930416143843859 0.00068955915974997948 -0.038306374720830899 -0.00010569884694743305 -0.001716376547191975 4.4470880042473125e-05 0.0026872310028519574 -9.8619685018747454e-05 -0.0023079560260173995 -0.00089480162004226371 -0.0013972587593214225 -0.00089496515270303658 -0.0009296785416420837 -0.0024956444975344641 -0.0033060979215641631 0.0040198901326157725 -0.00066203640875283091 -0.0010788952255034443 -0.00045872087250227797 -0.00042248506666069222 -0.015732201166734145
leaf_weight=381 324 301 381 4800 1246 714 300 6449 24081 1282 335 1084 360 412 399 340 6608 875 24084 378 3612 1311 361 1982 313 457 1152 670 306 1717
leaf_count=381 324 301 381 4800 1246 714 300 6449 24081 1282 335 1084 360 412 399 340 6608 875 24084 378 3612 1311 361 1982 313 457 1152 670 306 1717
internal_value=-0.00109963 -0.000184869 5.4191e-05 0.000857193 0.000349869 0.00289138 -0.000144872 1.97323e-05 -0.000139531 -0.000469506 0.00766509 -0.000930358 -0.000546856 -0.00275131 -0.00204234 -0.00196592 -0.000167245 -0.000301845 -0.00293987 5.00688e-05 -0.00225441 -0.00204868 -0.00085277 -0.00180794 -0.00161683 -0.000583658 -0.00243091 -0.00179704 -0.00210816 -0.00265555
internal_weight=87015 56001 42404 8423 8042 1960 33981 31165 30530 6082 635 13597 10126 31014 6518 2816 7784 7483 24496 718 6119 3471 685 2342 2387 770 5434 1822 1617 2098
internal_count=87015 56001 42404 8423 8042 1960 33981 31165 30530 6082 635 13597 10126 31014 6518 2816 7784 7483 24496 718 6119 3471 685 2342 2387 770 5434 1822 1617 2098
is_linear=0
shrinkage=0.03


Tree=166
num_leaves=31
num_cat=0
split_feature=27 4 2 24 3 3 2 4 4 32 31 4 4 29 3 27 32 5 32 32 27 20 0 2 19 2 5 5 4 32
split_gain=138.705 9.35668 8.00268 6.04585 5.67948 6.31339 4.20874 5.71118 3.11051 4.90156 3.04889 2.48746 2.38374 3.2821 2.40095 1.73634 1.56148 1.51967 1.40763 1.17823 1.57642 1.16383 1.02877 0.305981 1.87002 0.272073 0.234956 0.227583 0.172041 0.256431
threshold=922.50000000000011 3.5500000000000012 11.550000000000002 0.86438698656521862 29.450000000000003 26.650000000000002 14.750000000000002 3.4499999999999997 2.2000000000000024 0.95998215779580554 0.6830127018922193 2.100000000000001 5.2999999999999989 54.500000000000007 28.850000000000005 842.50000000000011 0.75580964594513067 50.500000000000007 -0.14250824554987665 -0.31799228562170639 827.50000000000011 75.891666666666694 26.050000000000004 21.250000000000004 86.535897435897439 26.250000000000004 22.500000000000004 32.500000000000007 4.9500000000000002 0.15951094710994371
decision_type=2 2 2 2 2 2 2 2 2 2 2 2 2 2 2 2 2 2 2 2 2 2 2 2 2 2 2 2 2 2
left_child=1 2 -1 16 5 -5 7 -2 9 11 12 22 13 -3 -15 28 25 21 -17 -14 -21 26 -8 24 -19 -4 -10 -6 29 -12
right_child=6 10 3 4 27 -7 8 -9 17 -11 15 -13 19 14 -16 18 -18 23 -20 20 -22 -23 -24 -25 -26 -27 -28 -29 -30 -31
leaf_value=0.0016923748510179041 4.3136753641199728e-05 0.0028779881648699421 -0.015612209305748345 -0.0003096892569233489 -0.001933579434419615 0.00055531407506018485 -0.0010821593765267068 -0.0022509104066209961 -0.0017375249704017412 0.0011001512182247874 -0.0044403228884289294 0.00013975357269680784 -0.0018080859183343366 -0.00097822068850374395 0.0047704577311889528 0.00026921559755785753 -9.9970735570885147e-05 -0.00086858599507856117 -0.00067053577247621623 -0.0070444886955158929 -0.00028873477570147367 -0.00041177210592279162 -0.00074709659549855362 -0.00086795757144099569 -0.00086858599507856117 -0.0012005133924542512 -0.0014986374415431054 -0.0066831985095326283 -0.0072340564438176831 -0.0078042446588003902
leaf_weight=598 302 301 789 30703 349 13313 1884 344 394 349 787 309 593 4285 322 408 300 2279 367 467 602 384 371 23642 373 364 479 460 618 351
leaf_count=598 302 301 789 30703 349 13313 1884 344 394 349 787 309 593 4285 322 408 300 2279 367 467 602 384 371 23642 373 364 479 460 618 351
internal_value=-0.00114322 -0.000250653 -7.97413e-05 -0.000124334 -6.2576e-05 -1.6767e-05 -0.00274919 -0.000352396 -0.0028 -0.00186651 -0.00113085 -0.00232047 -0.000789835 -0.00045712 -0.0006556 -0.0020154 -0.0020282 -0.00289863 -0.000831186 -0.0017715 -0.00117477 -0.00187679 -0.00266622 -0.00294741 -0.00263702 -0.00252946 -0.00248169 -0.00255185 -0.00253728 -0.00231256
internal_weight=87087 55977 46876 46278 44825 44016 31110 646 30464 2913 9101 2564 6570 4908 4607 2531 1453 27551 775 1662 1069 1257 2255 26294 2652 1153 873 809 1756 1138
internal_count=87087 55977 46876 46278 44825 44016 31110 646 30464 2913 9101 2564 6570 4908 4607 2531 1453 27551 775 1662 1069 1257 2255 26294 2652 1153 873 809 1756 1138
is_linear=0
shrinkage=0.03


Tree=167
num_leaves=31
num_cat=0
split_feature=27 4 2 33 28 29 33 33 33 7 3 4 4 7 31 27 3 20 33 7 33 27 5 33 27 28 39 5 2 5
split_gain=138.596 8.81094 6.27768 6.28699 53.7684 10.9374 10.4433 16.2699 14.8251 5.72505 4.34376 7.6547 4.13083 3.83647 5.15529 3.431 3.01049 2.81444 2.06241 1.77359 2.10433 1.41988 2.82203 1.2826 0.670937 0.596955 0.596858 0.113268 0.063299 0.0192575
threshold=917.50000000000011 3.1500000000000008 11.550000000000002 -0.83375966452616657 7.5000000000000009 154.50000000000003 -0.26867065956352881 -0.20180761162458913 -0.46039597980994923 1.1000000000000008 17.450000000000003 3.8500000000000019 1.7500000000000002 1.099999999999999 0.6830127018922193 1112.5000000000002 17.450000000000003 60.82500000000001 0.69521084835931835 0.19999999999999754 -0.46800559042974538 777.50000000000011 174.50000000000003 -0.9575230291762723 872.50000000000011 6.5000000000000009 1.0000000180025095e-35 378.50000000000006 15.250000000000002 74.500000000000014
decision_type=2 2 2 2 2 2 2 2 2 2 2 2 2 2 2 2 2 2 2 2 2 2 2 2 2 2 2 2 2 2
left_child=1 2 -1 4 5 -4 8 -8 -5 10 11 15 -11 14 16 -2 -3 -18 -16 20 -12 27 25 -21 -20 -23 -25 -15 -14 -30
right_child=9 13 3 6 -6 -7 7 -9 -10 12 19 -13 28 21 18 -17 17 -19 24 23 -22 22 -24 26 -26 -27 -28 -29 29 -31
leaf_value=0.001520744036589825 0.0016789342195725964 0.0033246673013831419 0.01297498016359706 -0.00032755122433176501 0.006765550935745151 -0.00052815098654608757 0.0072531812182522176 -8.6948831045452379e-05 -0.015616912686557132 -0.00093570569387675369 0.0044008130480975545 -0.0011730553107433068 -0.00085063126271078511 -0.0081316451302641396 0.0017566764539819774 -0.00095406046130925583 -0.0044054576577784244 -0.0004786377491139013 -0.0040991017704491567 -0.00082565260968801152 -0.0025208852778424162 -0.00072163918012040453 0.00020180786061281734 -0.00084207747097871577 -0.00022212656426438498 -0.00091282092565099927 -0.00093525065946933449 -0.022663882057478827 -0.0013787696917438696 -0.00084191884429776591
leaf_weight=579 325 382 999 7297 464 7643 835 23824 2971 417 324 528 343 300 334 304 770 5217 1757 486 301 450 301 4097 346 526 350 839 323 23500
leaf_count=579 325 382 999 7297 464 7643 835 23824 2971 417 324 528 343 300 334 304 770 5217 1757 486 301 450 301 4097 346 526 350 839 323 23500
internal_value=-0.00112869 -0.000232865 -4.38444e-05 -8.46853e-05 0.000617327 8.26095e-05 -0.000267723 6.70309e-05 -0.00107158 -0.00272673 -0.00194982 -0.000277203 -0.00293886 -0.00098423 -0.00069354 0.00195714 -0.000244428 -0.000409319 -0.00186669 -0.0022979 -0.000790736 -0.00204303 -0.00135446 -0.00248865 -0.00221435 -0.00213716 -0.00264861 -0.00281316 -0.00298995 -0.0029961
internal_weight=87132 55834 44612 44033 9106 8642 34927 24659 10268 31298 6715 1157 24583 11222 8806 629 6369 5987 2437 5558 625 2416 1277 4933 2103 976 4447 1139 24166 23823
internal_count=87132 55834 44612 44033 9106 8642 34927 24659 10268 31298 6715 1157 24583 11222 8806 629 6369 5987 2437 5558 625 2416 1277 4933 2103 976 4447 1139 24166 23823
is_linear=0
shrinkage=0.03


Tree=168
num_leaves=29
num_cat=0
split_feature=27 4 7 32 32 29 32 32 32 7 4 22 19 27 0 27 32 27 0 0 0 5 32 29 27 7 15 14
split_gain=136.903 6.98878 6.70167 6.42104 34.6947 45.5462 10.8499 12.6955 4.62689 4.34549 2.61915 3.60622 1.82567 6.29375 2.20202 1.77839 1.63132 1.28525 0.69601 0.774985 0.484599 0.796647 0.404383 0.288391 0.0750436 0.0957841 0.0275301 0.00963892
threshold=922.50000000000011 5.2999999999999989 2.5999999999999992 0.97508442350096236 0.98049069993378934 84.500000000000014 0.81925054981890411 0.79904096188274243 0.94425825643485939 0.79999999999999816 1.7500000000000002 2051.3500000000008 85.850000000000009 1042.5000000000002 24.550000000000004 862.50000000000011 -0.31799228562170639 792.50000000000011 30.550000000000004 32.150000000000013 13.950000000000001 437.50000000000006 0.48314048284850658 335.50000000000006 947.50000000000011 1.3500000000000016 0.22097306353773688 0.1351457280720815
decision_type=2 2 2 2 2 2 2 2 2 2 2 2 2 2 2 2 2 2 2 2 2 2 2 2 2 2 2 2
left_child=1 2 3 6 -5 -6 7 -1 -8 12 11 -11 18 -14 -15 22 -17 -4 23 -20 21 -12 26 27 25 -22 -3 -2
right_child=9 15 17 4 5 -7 8 -9 -10 10 20 -13 13 14 -16 16 -18 -19 19 -21 24 -23 -24 -25 -26 -27 -28 -29
leaf_value=-0.00020217688914374229 -0.00097963723973711297 -0.004622822840741332 -0.023820334506178244 0.010154815038077322 0.005891398930159184 -0.0066151621792424464 -0.0050577514425515519 0.033645457400829193 -9.4419503352671791e-05 -0.0014644423795152333 -8.5253755552128222e-06 0.0010952178524943467 0.0018922426312569876 -0.00060118053716265592 -0.0011524203775853347 -0.00057276329219226052 2.9023249430406756e-05 -0.00028393100666855613 -0.00077845386949041849 -0.0013944441702006349 -0.00081394179483936045 -0.00077267412338048313 -0.0042003485434581956 -0.00099225435011679399 -0.00081666127896883294 -0.00081705823599841814 -0.0069479824296539592 -0.0011579570254741506
leaf_weight=42145 1100 305 926 391 616 2501 4412 484 1771 391 302 302 431 405 900 336 555 301 308 400 335 464 546 381 24644 397 659 315
leaf_count=42145 1100 305 926 391 616 2501 4412 484 1771 391 302 302 431 405 900 336 555 301 308 400 335 464 546 381 24644 397 659 315
internal_value=-0.0011784 -0.000291588 -0.000220569 -0.000169149 0.00107039 1.25073e-05 -0.000258252 -8.78966e-05 -0.00143257 -0.00277497 -0.00291605 -0.00109366 -0.00188163 -0.00113299 -0.00217075 -0.00187469 -0.000810539 -0.00241124 -0.0024 -0.00159944 -0.00296431 -0.00221382 -0.00250166 -0.00271452 -0.00298688 -0.00266849 -0.00287254 -0.00291314
internal_weight=87023 55948 53547 52320 3508 3117 48812 42629 6183 31075 26835 693 4240 1736 1305 2401 891 1227 2504 708 26142 766 1510 1796 25376 732 964 1415
internal_count=87023 55948 53547 52320 3508 3117 48812 42629 6183 31075 26835 693 4240 1736 1305 2401 891 1227 2504 708 26142 766 1510 1796 25376 732 964 1415
is_linear=0
shrinkage=0.03


Tree=169
num_leaves=29
num_cat=0
split_feature=7 8 36 7 32 22 20 29 22 33 32 32 32 30 32 20 32 7 22 39 33 22 20 12 5 32 7 20
split_gain=97.611 14.8698 12.629 11.9562 9.14856 8.73178 9.82212 11.1829 43.135 8.97625 6.77892 14.4929 6.18499 15.4848 4.17223 3.96923 1.32229 1.1142 1.29235 0.761732 0.967141 0.608943 0.461612 0.290923 0.15068 0.0498525 0.0238479 0.000303205
threshold=1.000000000000002 0.45000000000000023 1.0000000180025095e-35 2.5999999999999992 -0.97509794945709805 590.00000000000011 70.225000000000009 16.500000000000004 1512.1500000000003 0.84658398682345093 0.44505654568748165 0.65883702558178847 -0.67803021058859214 -0.24999999999999994 -0.39826117949089107 93.625000000000014 0.89017062131308955 1.3000000000000027 1155.2000000000003 1.0000000180025095e-35 -0.8142754349318998 2151.1500000000005 75.891666666666694 -1.5999999999999959 276.50000000000006 -0.93545489084327571 2.8999999999999999 78.120833333333351
decision_type=2 2 2 2 2 2 2 2 2 2 2 2 2 2 2 2 2 2 2 2 2 2 2 2 2 2 2 2
left_child=2 3 5 4 -2 -1 10 8 -8 -9 14 -12 27 -14 -7 17 22 18 -3 23 -21 -20 -4 -19 -5 -24 -26 -6
right_child=1 15 16 24 12 6 7 9 -10 -11 11 -13 13 -15 -16 -17 -18 19 21 20 -22 -23 25 -25 26 -27 -28 -29
leaf_value=0.0020006353114865793 0.001263855327195884 -0.00031666713523296813 -0.00076263179355675215 -0.00079216144059976793 -0.00079216144059976793 -0.00079231549095914631 -0.00079436133817108775 1.9055182381562119e-05 0.0038184104788072304 -0.0018294433828971812 0.0070375534865545373 -0.00079236063449587423 0.0038496253477657678 -0.00079216144059976793 -0.0010524260940980412 3.585474302152196e-05 -0.00079231530848028931 -0.00079216144059976793 -0.00079216144059976793 -0.00079216144059976793 -0.00079216144059976793 -0.00079216144059976793 -0.00079314411721723469 -0.00079216144059976793 -0.00079216144059976793 -0.00079438189336515056 -0.00079216144059976793 -0.001892360970317932
leaf_weight=384 389 307 309 450 300 4625 768 34164 302 3664 399 2616 595 3498 3747 375 425 309 1705 580 479 1264 326 20053 386 1488 2177 710
leaf_count=384 389 307 309 450 300 4625 768 34164 302 3664 399 2616 595 3498 3747 375 425 309 1705 580 479 1264 326 20053 386 1488 2177 710
internal_value=-0.00114905 -0.0024156 -0.000349901 -0.00133141 -0.000498089 -0.000246241 -0.000280695 -5.38324e-05 0.00296919 -0.000139418 -0.00105559 0.000164124 -0.000836404 -0.000317294 -0.00149481 -0.00278331 -0.00241036 -0.00282982 -0.00231248 -0.00290883 -0.00211981 -0.00250404 -0.0027161 -0.00294976 -0.0028497 -0.00289917 -0.00294033 -0.00293769
internal_weight=86794 33577 53217 8505 5492 50669 50285 38898 1070 37828 11387 3015 5103 4093 8372 25072 2548 24697 3276 21421 1059 2969 2123 20362 3013 1814 2563 1010
internal_count=86794 33577 53217 8505 5492 50669 50285 38898 1070 37828 11387 3015 5103 4093 8372 25072 2548 24697 3276 21421 1059 2969 2123 20362 3013 1814 2563 1010
is_linear=0
shrinkage=0.03


Tree=170
num_leaves=31
num_cat=0
split_feature=27 4 3 3 33 33 29 33 33 7 31 3 7 29 4 33 33 33 20 20 32 27 32 0 0 27 5 0 0 28
split_gain=139.775 9.2446 7.08205 10.0274 20.4848 90.5981 20.4602 17.0682 9.67571 4.75262 6.64516 4.90588 3.72438 3.60581 3.58316 3.38506 3.24495 4.40996 2.11614 1.98307 5.03964 2.56552 1.39757 1.28191 1.16988 0.88148 1.92715 0.596724 1.04176 0.503165
threshold=932.50000000000011 3.1500000000000008 28.950000000000003 27.850000000000005 -0.80417042486635371 -0.8739740505118182 274.50000000000006 -0.98212955754013376 -0.70289845916694649 1.1999999999999977 0.6830127018922193 17.450000000000003 1.1000000000000008 350.50000000000006 1.7500000000000002 -0.99465740988130902 -0.98212955754013376 -0.89787881968372518 80.687820512820522 85.783823529411777 0.89017062131308955 1032.5000000000002 -0.71504373327588355 18.050000000000004 29.250000000000004 742.50000000000011 228.50000000000003 30.550000000000004 31.950000000000003 6.5000000000000009
decision_type=2 2 2 2 2 2 2 2 2 2 2 2 2 2 2 2 2 2 2 2 2 2 2 2 2 2 2 2 2 2
left_child=1 2 3 7 5 -5 -6 -1 -9 10 11 -3 13 19 -14 -13 -4 18 -18 27 21 -21 -12 -24 -19 -11 29 -2 -29 -27
right_child=12 9 16 4 6 -7 -8 8 -10 25 22 15 14 -15 -16 -17 17 24 -20 20 -22 -23 23 -25 -26 26 -28 28 -30 -31
leaf_value=0.0071084672210011577 -0.00076854467192427004 0.0043301680010199668 -0.014321871565930894 0.00028785100505936964 -0.0019078759973654986 0.01799897971250539 0.010662188946340984 -0.0038078958095475296 -2.6190821976563859e-05 -0.02018587630604296 -0.00040909286062458457 0.0033096015296776543 -0.0015036451981691168 2.3303168534384297e-05 -0.00076839659738177498 -0.0013695149246653706 0.0044982015188982588 -8.8302520502905326e-05 -1.2890029371399302e-05 5.2469453617942063e-06 0.0017728786241520318 -0.00093767477248844051 -0.00013046295063944281 -0.0015586840346498727 -0.007033778799634547 -0.00071500219113663935 3.0363192621576113e-05 -0.00076407605844767057 -0.00076207511679079218 -0.00074621574493656832
leaf_weight=548 2806 418 893 2507 2918 649 335 5780 29282 987 356 344 394 379 23844 5962 314 423 301 362 317 1412 322 1969 959 545 310 324 495 587
leaf_count=548 2806 418 893 2507 2918 649 335 5780 29282 987 356 344 394 379 23844 5962 314 423 301 362 317 1412 322 1969 959 545 310 324 495 587
internal_value=-0.00113365 -0.0002544 -5.80501e-05 4.07656e-05 0.00113307 0.00285461 -0.000537493 -0.000155851 -0.000238029 -0.00100161 -0.000694943 -0.000193607 -0.00277738 -0.00211368 -0.00294418 -0.000402411 -0.00149429 -0.000821322 0.00129058 -0.00230156 -0.00156453 -0.00218704 -0.0019679 -0.00223953 -0.00176139 -0.00218395 -0.00170894 -0.00272615 -0.00200854 -0.00228244
internal_weight=87042 56709 44909 42019 6409 3156 3253 35610 35062 11800 9371 6724 30333 6095 24238 6306 2890 1997 615 5716 2091 1774 2647 2291 1382 2429 1442 3625 819 1132
internal_count=87042 56709 44909 42019 6409 3156 3253 35610 35062 11800 9371 6724 30333 6095 24238 6306 2890 1997 615 5716 2091 1774 2647 2291 1382 2429 1442 3625 819 1132
is_linear=0
shrinkage=0.03


Tree=171
num_leaves=30
num_cat=0
split_feature=27 4 22 32 32 32 7 29 7 31 4 23 20 0 20 32 27 32 27 7 0 27 14 33 24 5 4 0 10
split_gain=141.254 8.00496 7.09953 6.14266 52.1184 6.8405 4.65834 6.11834 3.91903 5.26233 3.78816 3.17611 2.97345 5.47404 1.71394 3.80342 3.00852 1.45278 1.18645 1.7113 0.86425 0.822269 0.694169 0.61936 0.246258 0.200822 0.189453 0.0721778 0.00436646
threshold=922.50000000000011 3.1500000000000008 590.00000000000011 0.99374995976406788 0.9893236546938301 0.12545942051955489 1.1000000000000008 350.50000000000006 1.1999999999999977 0.6830127018922193 1.7500000000000002 22.285015437099609 58.208333333333343 23.250000000000004 85.888095238095261 0.89017062131308955 1032.5000000000002 -0.71504373327588355 662.50000000000011 3.3500000000000019 18.150000000000002 947.50000000000011 0.17952683659362678 -0.30982845708428081 10.707525928853656 28.500000000000004 1.6000000000000008 13.550000000000002 -0.60000000000000042
decision_type=2 2 2 2 2 2 2 2 2 2 2 2 2 2 2 2 2 2 2 2 2 2 2 2 2 2 2 2 2
left_child=1 2 -1 4 5 -4 7 14 9 12 -8 -5 24 -14 21 16 -16 -11 -10 22 -19 23 -20 -2 -3 -23 -13 -12 -29
right_child=6 8 3 11 -6 -7 10 -9 18 17 27 26 13 -15 15 -17 -18 20 19 -21 -22 25 -24 -25 -26 -27 -28 28 -30
leaf_value=0.0019549370633760521 -0.00098236763051122813 -0.0034057497599780987 0.00028615684056511705 0.0002636702342291488 0.0077283319815802561 -0.0011246518308816 -0.0014585358422240433 2.2604073478352803e-05 -0.029835966989807172 -0.00024614986928392921 -0.00071062627897188109 -0.013066311542340552 0.0047628627746326042 -0.00067840281924102597 0.00027256168210642266 0.0010684509543628506 -0.00090954452931378722 -0.00014017514545191847 -0.00083367259986378986 4.7641111957740211e-05 -0.0018444709280959683 -0.0017963389709937253 -0.00067244093670821312 -0.00074250482859775102 -0.0022028918393526397 -0.00074542751713816465 -0.005472509732636523 -0.00074534469946032169 -0.00074534469946032169
leaf_weight=415 302 386 22658 460 445 19543 412 414 779 340 589 831 364 5351 395 329 1431 303 630 317 1856 380 568 523 341 2776 303 302 23102
leaf_count=415 302 386 22658 460 445 19543 412 414 779 340 589 831 364 5351 395 329 1431 303 630 317 1856 380 568 523 341 2776 303 302 23102
internal_value=-0.0011232 -0.000222756 -4.26602e-05 -7.93389e-05 -1.09745e-05 -0.000118787 -0.0027489 -0.00203786 -0.000938502 -0.000654552 -0.00293965 -0.00190721 -0.000201149 2.88656e-05 -0.00227603 -0.00159323 -0.00212808 -0.0018228 -0.00204445 -0.00155343 -0.00210972 -0.00264515 -0.00207173 -0.00179782 -0.00200687 -0.00286601 -0.00275947 -0.00298862 -0.00299731
internal_weight=86845 55890 44655 44240 42646 42201 30955 6550 11235 8941 24405 1594 6442 5715 6136 2155 1826 2499 2294 1515 2159 3981 1198 825 727 3156 1134 23993 23404
internal_count=86845 55890 44655 44240 42646 42201 30955 6550 11235 8941 24405 1594 6442 5715 6136 2155 1826 2499 2294 1515 2159 3981 1198 825 727 3156 1134 23993 23404
is_linear=0
shrinkage=0.03


Tree=172
num_leaves=31
num_cat=0
split_feature=25 7 4 2 39 25 29 3 7 8 29 3 2 20 2 4 31 15 25 20 4 32 29 25 7 4 31 8 25 0
split_gain=135.054 8.44682 7.04959 8.96487 7.89635 7.34712 6.7303 5.63965 3.73498 4.91174 3.51222 3.24958 3.24269 3.19729 6.94055 2.98174 4.31056 2.90652 2.84782 3.40305 8.12956 2.47397 1.72039 1.64774 1.86024 0.966273 0.907327 0.507741 0.418652 0.305073
threshold=14.500000000000002 0.69999999999999984 1.3999999999999997 29.850000000000005 1.0000000180025095e-35 8.5000000000000018 6.5000000000000009 29.050000000000004 0.8000000000000026 4.2000000000000011 355.50000000000006 27.150000000000002 14.750000000000002 92.991666666666688 27.950000000000003 1.7500000000000002 1.0000000180025095e-35 0.17340068226554889 19.500000000000004 85.783823529411777 2.1500000000000008 -0.97509794945709805 264.50000000000006 15.500000000000002 0.29999999999999943 1.6000000000000008 -0.68301270189221952 0.29999999999999943 15.500000000000002 30.350000000000005
decision_type=2 2 2 2 2 2 2 2 2 2 2 2 2 2 2 2 2 2 2 2 2 2 2 2 2 2 2 2 2 2
left_child=2 18 3 4 5 6 -1 8 9 10 -4 26 -3 21 -15 16 -14 -7 19 23 25 -10 -11 24 -2 -21 -6 -5 29 -17
right_child=1 12 7 27 11 17 -8 -9 13 22 -12 -13 15 14 -16 28 -18 -19 -20 20 -22 -23 -24 -25 -26 -27 -28 -29 -30 -31
leaf_value=0.00086775302533441227 0.00059737703396872709 -0.0004101603481339665 -0.00057690501578171118 -0.00610293789875576 -0.0092409752093267246 -0.0061825171915767 0.00032232468213750683 0.0053530785054440753 0.00024099271796838905 -0.0022067605014106555 0.0040138969522154917 0.0023349105926917628 0.0011749915913493046 -0.003467014735892194 0.0018386376710348127 -0.00070192314973556533 -0.0013512584856569488 0.0039593942374168264 -0.0014302064466842933 -0.0012259155673952683 0.0024881652832384172 -0.0021740682891594454 -0.0054115182827989732 -0.0011891794649130808 -0.0012356799859150104 -0.0012375047792781227 -0.013535003636419008 -0.0029176195868091249 -0.00072298435847651212 -0.00072212332215703182
leaf_weight=471 589 411 12717 780 736 1596 24726 301 530 2017 302 324 307 393 430 1414 417 330 1093 314 366 6466 1055 1099 915 302 879 313 24805 390
leaf_count=471 589 411 12717 780 736 1596 24726 301 530 2017 302 324 307 393 430 1414 417 330 1093 314 366 6466 1055 1099 915 302 879 313 24805 390
internal_value=-0.00113994 -0.00267236 -0.00022602 8.00829e-05 0.000180435 0.000312674 0.000449202 -0.000607262 -0.000658693 -0.000397279 -0.000142627 -0.00166856 -0.00287122 -0.00119655 0.000571601 -0.00291099 -0.00100966 -0.00147276 -0.00149263 -0.00108338 0.000421159 -0.0014046 -0.00147608 -0.00165092 -0.00100465 -0.00168233 -0.00221844 -0.00258592 -0.00296268 -0.00251634
internal_weight=86788 32422 54366 30155 29062 27123 25197 24211 23910 16091 13019 1939 27744 7819 823 27333 724 1926 4678 3585 982 6996 3072 2603 1504 616 1615 1093 26609 1804
internal_count=86788 32422 54366 30155 29062 27123 25197 24211 23910 16091 13019 1939 27744 7819 823 27333 724 1926 4678 3585 982 6996 3072 2603 1504 616 1615 1093 26609 1804
is_linear=0
shrinkage=0.03


Tree=173
num_leaves=31
num_cat=0
split_feature=27 4 0 39 3 33 7 7 2 4 33 8 0 33 33 2 4 3 27 7 0 27 1 4 27 22 2 7 27 29
split_gain=144.728 7.91357 10.4107 6.9987 8.11667 10.9742 6.19985 4.8011 4.64655 4.60304 4.20838 4.01465 4.16382 4.32734 3.6436 3.5734 3.25713 4.91395 2.28969 5.23941 2.43183 2.05437 3.86364 7.8411 1.53714 1.41197 2.02614 1.20188 0.965214 0.937249
threshold=912.50000000000011 2.0999999999999992 9.9500000000000011 1.0000000180025095e-35 28.950000000000003 -0.84313311835787952 0.69999999999999984 0.99999999999999922 27.250000000000004 1.7000000000000004 -0.99273797715557011 4.4000000000000004 18.050000000000004 0.69521084835931835 -0.98212955754013376 14.750000000000002 1.7500000000000002 23.950000000000003 832.50000000000011 2.149999999999999 26.650000000000002 1197.5000000000002 85.500000000000014 2.1500000000000008 732.50000000000011 1835.5500000000004 33.050000000000004 0.30000000000000254 862.50000000000011 204.50000000000003
decision_type=2 2 2 2 2 2 2 2 2 2 2 2 2 2 2 2 2 2 2 2 2 2 2 2 2 2 2 2 2 2
left_child=1 2 -1 4 5 -4 21 11 24 -10 -9 12 -3 -14 -6 -8 17 -17 20 -20 -12 22 27 -24 -5 28 -27 29 -13 -2
right_child=6 7 3 8 14 -7 15 10 9 -11 18 25 13 -15 -16 16 -18 -19 19 -21 -22 -23 23 -25 -26 26 -28 -29 -30 -31
leaf_value=0.0018866192110106449 -0.0032794019290407531 0.002680597508702563 0.0014256155231054297 -0.017044674645114426 -0.013958515566820083 4.3339066031746754e-05 -0.00048239371113823821 0.0012586243681502218 0.00218535718859485 -0.010145073649535796 -0.011028465395088302 -0.006110860013555733 0.000171264927201377 -0.0023408089726278283 -0.00020020095077746269 0.0011397418436088253 -0.00070129482772221671 -0.0012210574377753893 -0.00071613006318699832 0.00058279151896752654 -0.0037119370976232461 -0.0012484583775832295 -0.0011925110916210277 0.0024293536585590701 -0.0020930296083597516 8.6847942295345434e-05 -0.0058029107374244302 -0.0011535040809656884 -0.00029845259451527733 0.00028178933722118989
leaf_weight=303 519 591 4663 1594 876 26824 419 347 809 333 2156 1119 7378 1979 1987 300 26344 434 932 301 1051 1084 614 368 300 974 537 1335 308 304
leaf_count=303 519 591 4663 1594 876 26824 419 347 809 333 2156 1119 7378 1979 1987 300 26344 434 932 301 1051 1084 614 368 300 974 537 1335 308 304
internal_value=-0.00110524 -0.000179471 6.61442e-05 2.11831e-05 0.000143227 0.000282297 -0.00272092 -0.000703237 -0.00135924 0.00015223 -0.00151441 -0.000401801 -0.000113982 -0.000268327 -0.00138582 -0.00288534 -0.00292788 -0.000955103 -0.00176312 -0.000663696 -0.00218547 -0.00165018 -0.00126075 0.000299084 -0.00227019 -0.00137598 -0.000736112 -0.00197036 -0.00205252 -0.00106675
internal_weight=87083 55362 37689 37386 34350 31487 31721 17673 3036 1142 4787 12886 9948 9357 2863 27497 27078 734 4440 1233 3207 4224 3140 982 1894 2938 1511 2158 1427 823
internal_count=87083 55362 37689 37386 34350 31487 31721 17673 3036 1142 4787 12886 9948 9357 2863 27497 27078 734 4440 1233 3207 4224 3140 982 1894 2938 1511 2158 1427 823
is_linear=0
shrinkage=0.03


Tree=174
num_leaves=26
num_cat=0
split_feature=27 4 7 22 29 29 7 29 4 20 32 27 32 15 25 2 0 0 2 0 0 27 2 2 7
split_gain=146.13 7.63829 7.41055 7.70317 5.58319 12.2615 4.28365 4.67668 3.13916 2.03154 5.45452 2.33731 1.9367 2.78299 1.34846 1.6118 1.65796 1.09389 1.76996 0.851883 1.61416 0.367807 0.278423 0.221658 0.0539066
threshold=927.50000000000011 4.6499999999999995 2.5999999999999992 590.00000000000011 4.5000000000000009 8.5000000000000018 1.1499999999999988 350.50000000000006 1.7500000000000002 85.888095238095261 0.89017062131308955 1042.5000000000002 0.93544191479114935 0.35203804971234987 13.500000000000002 32.95000000000001 30.450000000000003 30.450000000000003 32.650000000000013 30.550000000000004 31.750000000000004 737.50000000000011 23.350000000000005 15.250000000000002 0.2999999999999981
decision_type=2 2 2 2 2 2 2 2 2 2 2 2 2 2 2 2 2 2 2 2 2 2 2 2 2
left_child=1 2 3 -1 -5 -6 7 9 -8 19 11 -11 14 -14 17 16 -16 22 -19 24 -21 -4 -3 -10 -2
right_child=6 12 21 4 5 -7 8 -9 23 10 -12 -13 13 -15 15 -17 -18 18 -20 20 -22 -23 -24 -25 -26
leaf_value=0.001830020634680336 -0.0049902358296650259 -0.0063853962533775904 -0.028600308505380527 -0.0096434162469025888 0.0012998308676885272 -7.4435537114570839e-05 -0.0016695552322936291 4.8702573052167299e-05 -0.0006910681960334825 -0.00045205709379374459 0.0017838203752355063 -0.0008198029250061973 0.0022369027274206786 -0.00266050577786909 -0.0003007813812903602 -0.0016597415593290936 0.0032670696613113118 0.001532330237717578 -0.0089205328463172751 -0.00021363673512669298 -0.00067612697222976922 -0.0004700382146371204 -0.0074530904404627955 -0.00068025598289055025 -0.00068025598289055025
leaf_weight=418 319 389 733 576 537 48952 339 424 350 425 340 1409 359 313 998 526 300 307 440 314 638 301 910 23265 2841
leaf_count=418 319 389 733 576 537 48952 339 424 350 425 340 1409 359 313 998 526 300 307 440 314 638 301 910 23265 2841
internal_value=-0.00109323 -0.00018243 -7.84393e-05 -2.69201e-05 -6.08204e-05 -2.66122e-05 -0.00275826 -0.00208762 -0.00294602 -0.0022933 -0.00155035 -0.00219728 -0.00136166 0.000124814 -0.00161974 -0.00102575 -0.000457276 -0.00214851 -0.00123128 -0.00268563 -0.00189507 -0.00259131 -0.00267462 -0.00298717 -0.00292313
internal_weight=86723 56059 51517 50483 50065 49489 30664 6710 23954 6286 2174 1834 4542 672 3870 1824 1298 2046 747 4112 952 1034 1299 23615 3160
internal_count=86723 56059 51517 50483 50065 49489 30664 6710 23954 6286 2174 1834 4542 672 3870 1824 1298 2046 747 4112 952 1034 1299 23615 3160
is_linear=0
shrinkage=0.03


Tree=175
num_leaves=31
num_cat=0
split_feature=27 7 2 24 29 29 20 27 7 21 32 32 32 2 28 7 22 32 7 19 27 29 31 25 26 0 0 2 32 8
split_gain=141.817 7.25198 11.1697 7.46742 5.91667 19.1396 10.1808 4.73078 4.55894 4.46678 4.65201 4.10682 10.9907 3.64126 4.41699 3.63392 2.34655 2.22161 3.84237 1.76366 5.10257 1.57763 6.53842 1.13483 1.54641 1.12678 0.643179 0.507906 0.421489 0.381468
threshold=932.50000000000011 0.89999999999999958 11.550000000000002 7.7278996185819517 331.50000000000006 308.50000000000006 86.123475609756113 502.50000000000006 2.5999999999999992 0.46910179830736476 0.94425825643485939 -0.55657520495441892 -0.39826117949089107 14.750000000000002 11.500000000000002 0.79999999999999816 2197.7000000000003 0.99466373373798567 1.8500000000000016 85.850000000000009 1087.5000000000002 226.50000000000003 -0.68301270189221952 13.500000000000002 32.500000000000007 24.550000000000004 30.550000000000004 32.95000000000001 -0.99467753128998015 2.3500000000000001
decision_type=2 2 2 2 2 2 2 2 2 2 2 2 2 2 2 2 2 2 2 2 2 2 2 2 2 2 2 2 2 2
left_child=1 2 -1 4 5 -4 -6 8 9 -3 -11 28 -13 14 -2 19 23 -17 -19 26 -21 22 -18 29 -25 -22 -15 -28 -5 -9
right_child=13 7 3 11 6 -7 -8 16 -10 10 -12 12 -14 15 -16 17 21 18 -20 20 25 -23 -24 24 -26 -27 27 -29 -30 -31
leaf_value=0.0017300044336235308 -0.002041964198106613 0.0033738993798946471 -3.8012521164916617e-05 -0.0034875555959049953 -0.0032125256781435816 0.0054415974130523227 0.015028342913148619 -0.0095551709755949676 -0.045788379091485816 -0.00066692883377878008 0.0088243427199847253 0.0034408912053897436 -0.0026012784741183568 -0.00079723982169297109 4.7241495860602108e-05 -0.00065984830340383373 -0.00081413705416750071 0.0011556362452693691 -0.00074230348720821424 0.0012014328142311392 -0.0018209722621549275 -0.00089436420064346682 0.0024349137085049621 -0.00059967636492332056 6.6743530688828868e-05 -0.00090263968586888296 -0.00087522822969257565 -0.00068299187005452862 -0.0054571190406756424 -0.0034214508017822525
leaf_weight=504 317 322 35778 359 2778 1807 300 1578 558 4937 326 407 2227 1410 309 25333 1031 300 500 549 352 494 345 973 302 789 309 302 1164 326
leaf_count=504 317 322 35778 359 2778 1807 300 1578 558 4937 326 407 2227 1410 309 25333 1031 300 500 549 352 494 345 973 302 789 309 302 1164 326
internal_value=-0.00112279 -0.000233346 -6.44684e-05 -0.000114456 9.36875e-06 0.00011294 -0.00125495 -0.000917181 -0.000357911 -9.93562e-05 -0.000309461 -0.0013254 -0.00060797 -0.00277247 -0.000507178 -0.00281997 -0.00159743 -0.00294479 -0.00138577 -0.00194046 -0.00122413 -0.000753608 -0.000230938 -0.0020934 -0.0013989 -0.0023669 -0.00253858 -0.00172059 -0.00256496 -0.00255748
internal_weight=86986 56516 45324 44820 40663 37585 3078 11192 6143 5585 5263 4157 2634 30470 626 29844 5049 26133 800 3711 1690 1870 1376 3179 1275 1141 2021 611 1523 1904
internal_count=86986 56516 45324 44820 40663 37585 3078 11192 6143 5585 5263 4157 2634 30470 626 29844 5049 26133 800 3711 1690 1870 1376 3179 1275 1141 2021 611 1523 1904
is_linear=0
shrinkage=0.03


Tree=176
num_leaves=31
num_cat=0
split_feature=25 7 5 2 32 32 29 4 32 2 4 28 7 25 20 4 4 25 25 2 29 7 0 25 7 21 2 8 39 7
split_gain=137.628 8.06104 6.21356 6.41805 5.9096 30.8791 38.2169 5.81315 5.70623 3.72597 3.41246 4.85778 2.70683 2.38562 2.51148 7.1958 2.25792 2.12741 2.08622 2.04176 1.97947 1.5502 0.745236 0.571882 0.340196 0.165807 0.138787 0.0994816 0.0396343 0.00106074
threshold=14.500000000000002 0.69999999999999984 497.50000000000006 10.450000000000001 0.97508442350096236 0.98049069993378934 84.500000000000014 4.4500000000000002 0.82899317702918729 14.750000000000002 1.7500000000000002 5.5000000000000009 0.99999999999999922 19.500000000000004 86.235714285714309 2.1500000000000008 1.099999999999999 12.500000000000002 15.500000000000002 25.850000000000005 264.50000000000006 0.19999999999999976 26.950000000000003 15.500000000000002 1.099999999999999 0.62976993377870005 31.250000000000004 1.3499999999999999 7.5000000000000009 1.2000000000000022
decision_type=2 2 2 2 2 2 2 2 2 2 2 2 2 2 2 2 2 2 2 2 2 2 2 2 2 2 2 2 2 2
left_child=2 13 3 -1 7 -6 -7 8 -5 -3 11 -11 16 14 18 25 -4 22 21 -18 -9 -2 29 24 -12 -16 -20 -15 -25 -14
right_child=1 9 12 4 5 6 -8 20 -10 10 23 -13 17 27 15 -17 19 -19 26 -21 -22 -23 -24 28 -26 -27 -28 -29 -30 -31
leaf_value=0.001598037383085435 0.00069871930261417329 -0.00016636125313804835 -0.012629658129474145 -1.4989168405277198e-05 0.0091019358807352575 0.0054754246012981506 -0.0063903501604475731 -0.0013027942545661328 -0.0025335138314352876 0.0011209671579112878 -0.00051714822904179198 -0.0011553642816520804 -0.013591090500731498 -0.0010697525643286673 -0.0011016900125866002 0.0023562268401744937 -0.0019130553015948651 1.0418366737378577e-06 -0.0010745740843992122 0.0033746982249522463 -0.0021904099461250571 -0.0011275385971771573 -0.0033115022943863213 -0.00064005285430171867 -0.00064015049320816423 -0.0011129310248248956 -0.0011454017306968495 -0.0014186837597385366 -0.00064005285430171867 -0.022130625372584964
leaf_weight=375 461 415 337 37832 426 693 2540 2365 5604 317 643 422 303 334 301 319 589 325 828 425 1371 1047 355 24495 1178 304 306 773 331 972
leaf_count=375 461 415 337 37832 426 693 2540 2365 5604 317 643 422 303 334 301 319 589 325 828 425 1371 1047 355 24495 1178 304 306 773 331 972
internal_value=-0.00111762 -0.00266365 -0.000196578 -0.00011518 -0.000144064 0.00101721 1.57692e-05 -0.00023416 -0.000136474 -0.00285746 -0.00290021 -0.000887839 -0.00145691 -0.00151027 -0.00113204 0.000214053 -0.000423817 -0.00217025 -0.00160272 0.000283743 -0.00136955 -0.000870776 -0.0026119 -0.00295598 -0.00243853 -0.00170792 -0.00257445 -0.00272654 -0.00299384 -0.00295063
internal_weight=86986 32474 54512 51206 50831 3659 3233 47172 43436 27801 27386 739 3306 4673 3566 924 1351 1955 2642 1014 3736 1508 1630 26647 1821 605 1134 1107 24826 1275
internal_count=86986 32474 54512 51206 50831 3659 3233 47172 43436 27801 27386 739 3306 4673 3566 924 1351 1955 2642 1014 3736 1508 1630 26647 1821 605 1134 1107 24826 1275
is_linear=0
shrinkage=0.03


Tree=177
num_leaves=31
num_cat=0
split_feature=27 27 2 8 32 20 2 15 32 32 4 2 4 33 33 3 7 0 27 31 4 3 32 15 27 2 3 14 27 22
split_gain=140.675 7.5931 11.3004 7.23708 5.85848 20.4492 19.7149 15.1694 10.2717 10.0385 5.19095 4.01681 5.31033 3.93073 6.96791 6.61711 3.76605 3.62853 3.20043 3.10391 2.96229 3.94266 2.37312 3.51439 2.26013 1.99366 1.8141 1.04268 0.841096 2.77637
threshold=932.50000000000011 502.50000000000006 29.750000000000004 1.1500000000000006 0.94425825643485939 86.991666666666688 24.950000000000003 0.10166689821211809 0.89404822654372251 0.878110924644389 4.3000000000000034 14.750000000000002 3.4499999999999997 -0.42179730054635828 -0.23537842981696178 28.250000000000004 0.70000000000000207 27.550000000000004 827.50000000000011 1.0000000180025095e-35 1.7500000000000002 24.050000000000004 0.93544191479114935 0.34534433810971671 807.50000000000011 29.750000000000004 17.450000000000003 0.10613372610194362 1032.5000000000002 2324.2000000000003
decision_type=2 2 2 2 2 2 2 2 2 2 2 2 2 2 2 2 2 2 2 2 2 2 2 2 2 2 2 2 2 2
left_child=1 2 4 17 8 7 -7 -6 9 -1 13 12 -2 15 -15 -5 26 18 27 -20 21 -18 24 -24 -12 -19 -13 -3 29 -28
right_child=11 3 -4 10 5 6 -8 -9 -10 -11 22 16 -14 14 -16 -17 20 25 19 -21 -22 -23 23 -25 -26 -27 28 -29 -30 -31
leaf_value=0.00015264829821751925 5.6506389999364533e-05 -0.010200285920496804 -0.0035073691062046351 0.0033372063693027231 -0.0036747980667973489 0.0010818095948105456 0.0072042092143971186 0.038421210284933879 -0.032234646370712057 0.00032397560435179604 -0.0071737237496871196 -0.0004922113306451625 -0.0019757144345692733 -0.0039235802631541151 -0.00021496107410804195 -0.0031820283952368159 0.0010873381431739499 0.0019737317450170336 0.0010889604501570264 -0.00068171996242202479 -0.00062085126867266719 -0.001105375249340264 0.0051723949244535028 -0.0021716649436405631 -0.00048227963987599091 -0.00079235441306873058 -0.0010924906240560547 -0.0053433428483330141 -0.00095228993746030615 0.00076684131556019114
leaf_weight=24410 300 3095 1637 4041 1544 882 312 391 1225 322 1748 475 336 1082 7738 1625 301 447 354 368 25614 387 354 316 2967 486 1060 1164 1528 363
leaf_count=24410 300 3095 1637 4041 1544 882 312 391 1225 322 1748 475 336 1082 7738 1625 301 447 354 368 25614 387 354 316 2967 486 1060 1164 1528 363
internal_value=-0.00111791 -0.000232955 8.56327e-05 -0.000612542 0.00022216 0.00144824 0.00453389 -0.000457129 7.43116e-05 0.000207172 -0.000338316 -0.00276476 -0.000405024 -4.26597e-05 -0.000438726 0.000573848 -0.00281523 -0.00153373 -0.00185528 -8.29947e-06 -0.00293716 -0.000992744 -0.00113349 0.000536512 -0.00137087 0.000183083 -0.00187861 -0.00216831 -0.00215549 -0.00162851
internal_weight=86872 56508 30723 25785 29086 3129 1194 1935 25957 24732 19871 30364 636 14486 8820 5666 29728 5914 4981 722 26302 688 5385 670 4715 933 3426 4259 2951 1423
internal_count=86872 56508 30723 25785 29086 3129 1194 1935 25957 24732 19871 30364 636 14486 8820 5666 29728 5914 4981 722 26302 688 5385 670 4715 933 3426 4259 2951 1423
is_linear=0
shrinkage=0.03


end of trees

feature_importances:
day_sin=593
day_cos=551
minutes_since_midnight=456
day_of_year=426
range_so_far_1m=405
drop_from_max_1m=372
max_so_far_1m=355
min_so_far_1m=340
temp_current=185
dew_point_c=184
rh_mean_60m=132
hour=130
temp_x_rh=121
month_sin=110
time_since_max_1m=101
dew_point_spread=101
month_cos=89
rise_from_min_1m=87
rh_mean_30m=83
temp_change_60m=40
temp_std_60m=38
month=36
rh_std_60m=32
rainfall_120m=32
rh_current=26
temp_std_30m=19
rh_change_60m=13
temp_change_30m=11
temp_acceleration_30m=8
minute=4
is_morning=4
is_night=3
temp_change_15m=2
is_evening=2
rainfall_60m=2
temp_change_5m=1
rh_change_30m=1

parameters:
[boosting: gbdt]
[objective: quantile]
[metric: quantile]
[tree_learner: serial]
[device_type: cpu]
[data_sample_strategy: bagging]
[data: ]
[valid: ]
[num_iterations: 1500]
[learning_rate: 0.03]
[num_leaves: 31]
[num_threads: 4]
[seed: 42]
[deterministic: 0]
[force_col_wise: 0]
[force_row_wise: 0]
[histogram_pool_size: -1]
[max_depth: 6]
[min_data_in_leaf: 300]
[min_sum_hessian_in_leaf: 0.001]
[bagging_fraction: 0.8]
[pos_bagging_fraction: 1]
[neg_bagging_fraction: 1]
[bagging_freq: 1]
[bagging_seed: 400]
[bagging_by_query: 0]
[feature_fraction: 0.8]
[feature_fraction_bynode: 1]
[feature_fraction_seed: 30056]
[extra_trees: 0]
[extra_seed: 12879]
[early_stopping_round: 0]
[early_stopping_min_delta: 0]
[first_metric_only: 0]
[max_delta_step: 0]
[lambda_l1: 0]
[lambda_l2: 1]
[linear_lambda: 0]
[min_gain_to_split: 0]
[drop_rate: 0.1]
[max_drop: 50]
[skip_drop: 0.5]
[xgboost_dart_mode: 0]
[uniform_drop: 0]
[drop_seed: 17869]
[top_rate: 0.2]
[other_rate: 0.1]
[min_data_per_group: 100]
[max_cat_threshold: 32]
[cat_l2: 10]
[cat_smooth: 10]
[max_cat_to_onehot: 4]
[top_k: 20]
[monotone_constraints: ]
[monotone_constraints_method: basic]
[monotone_penalty: 0]
[feature_contri: ]
[forcedsplits_filename: ]
[refit_decay_rate: 0.9]
[cegb_tradeoff: 1]
[cegb_penalty_split: 0]
[cegb_penalty_feature_lazy: ]
[cegb_penalty_feature_coupled: ]
[path_smooth: 0]
[interaction_constraints: ]
[verbosity: -1]
[saved_feature_importance_type: 0]
[use_quantized_grad: 0]
[num_grad_quant_bins: 4]
[quant_train_renew_leaf: 0]
[stochastic_rounding: 1]
[linear_tree: 0]
[max_bin: 255]
[max_bin_by_feature: ]
[min_data_in_bin: 3]
[bin_construct_sample_cnt: 200000]
[data_random_seed: 175]
[is_enable_sparse: 1]
[enable_bundle: 1]
[use_missing: 1]
[zero_as_missing: 0]
[feature_pre_filter: 1]
[pre_partition: 0]
[two_round: 0]
[header: 0]
[label_column: ]
[weight_column: ]
[group_column: ]
[ignore_column: ]
[categorical_feature: ]
[forcedbins_filename: ]
[precise_float_parser: 0]
[parser_config_file: ]
[objective_seed: 16083]
[num_class: 1]
[is_unbalance: 0]
[scale_pos_weight: 1]
[sigmoid: 1]
[boost_from_average: 1]
[reg_sqrt: 0]
[alpha: 0.9]
[fair_c: 1]
[poisson_max_delta_step: 0.7]
[tweedie_variance_power: 1.5]
[lambdarank_truncation_level: 30]
[lambdarank_norm: 1]
[label_gain: ]
[lambdarank_position_bias_regularization: 0]
[eval_at: ]
[multi_error_top_k: 1]
[auc_mu_weights: ]
[num_machines: 1]
[local_listen_port: 12400]
[time_out: 120]
[machine_list_filename: ]
[machines: ]
[gpu_platform_id: -1]
[gpu_device_id: -1]
[gpu_use_dp: 0]
[num_gpu: 1]

end of parameters

pandas_categorical:[]
