tree
version=v4
num_class=1
num_tree_per_iteration=1
label_index=0
max_feature_idx=71
objective=quantile
feature_names=temp max_so_far temp_change_30min temp_change_60min hour minute minutes_since_midnight month day_of_year day_sin day_cos is_morning is_afternoon is_evening is_night max_bucket time_since_max_so_far forecast_tmax forecast_tmin range_so_far temp_change_120min rainfall_60m_filled rainfall_60m_missing_flag rainfall_120m_filled rainfall_120m_missing_flag rainfall_30m_filled rainfall_30m_missing_flag rainfall_data_age_minutes rain_data_gap_flag rain_cooling_60m rain_cooling_120m rain_cooling_30m post_peak_rain_flag morning_peak_then_rain_flag rain_nc_sum_0_60m rain_nc_sum_0_120m rain_nc_any_0_120m rain_nc_front_loaded_ratio rain_nc_heavy_0_120m rain_nc_valid_horizon_count rain_nc_nearest_mm_sum_30m rain_nc_nearest_mm_sum_60m rain_nc_nearest_mm_sum_90m rain_nc_nearest_mm_sum_120m rain_nc_mean_r5km_sum_30m rain_nc_mean_r5km_sum_60m rain_nc_mean_r5km_sum_90m rain_nc_mean_r5km_sum_120m rain_nc_max_r5km_sum_30m rain_nc_max_r5km_sum_60m rain_nc_max_r5km_sum_90m rain_nc_max_r5km_sum_120m rain_nc_min_r5km_sum_30m rain_nc_min_r5km_sum_60m rain_nc_min_r5km_sum_90m rain_nc_min_r5km_sum_120m rain_nc_p90_r5km_sum_30m rain_nc_p90_r5km_sum_60m rain_nc_p90_r5km_sum_90m rain_nc_p90_r5km_sum_120m rain_nc_area_gt0_r5km_sum_30m rain_nc_area_gt0_r5km_sum_60m rain_nc_area_gt0_r5km_sum_90m rain_nc_area_gt0_r5km_sum_120m rain_nc_area_gt5_r5km_sum_30m rain_nc_area_gt5_r5km_sum_60m rain_nc_area_gt5_r5km_sum_90m rain_nc_area_gt5_r5km_sum_120m rain_nowcast_age_minutes rain_nowcast_missing_flag drop_from_max rise_from_min
feature_infos=[6.2999999999999998:36] [7.0999999999999996:36] [-6.0999999999999979:3.0999999999999979] [-7.2999999999999972:4.2999999999999972] [0:23] [0:50] [0:1430] [1:12] [1:366] [-0.9999994220246925:0.99998555065071859] [-0.99997919295908233:0.9999907524084426] [0:1] [0:1] [0:1] [0:1] [7:36] [0:1430] [0:36] [0:29] [0:10.299999999999999] [-6.8999999999999986:5.2999999999999972] [0:123] [0:1] [0:162] [0:1] [0:84] [0:1] [0:999] [0:1] [0:7.2999999999999972] [0:6.8999999999999986] [0:6] [0:1] [0:1] [0:82.27000000000001] [0:143.6984210526316] [0:1] [0:1] [0:1] [0:4] [0:49.909999999999997] [0:65.840000000000003] [0:68.219999999999999] [0:75.219999999999999] [0:47.604736842105261] [0:45.788947368421056] [0:59.58052631578947] [0:54.08052631578947] [0:79.540000000000006] [0:107.28] [0:97.560000000000002] [0:86.150000000000006] [0:32.469999999999999] [0:38.799999999999997] [0:32.32] [0:30.030000000000001] [0:65.790000000000006] [0:81.623999999999981] [0:78.489999999999995] [0:78.081999999999994] [0:1] [0:1] [0:1] [0:1] [0:1] [0:1] [0:1] [0:1] [0:30] [0:1] [0:10.299999999999999] [0:9.0000000000000018]
tree_sizes=2781 2903 2926 2952 2964 2945 2964 2972 2942 2957 2962 2987 2976 2994 3018 3008 2996 3002 3003 2998 2984 3019 3004 3008 3018 2985 3003 3003 3015 3019 3017 3003 2996 3006 2997 2984 2999 2994 2989 3004 2984 2977 3023 3017 3019 3011 3023 3016 3025 3018 2990 3028 3047 3047 3015 3022 3034 3007 3010 3015 3027 3008 2995 3020 3018 3028 3031 3036 3065 3005 3014 3018 3048 3047 3012 3026 3018 3019 3016 3023 3020 2994 3017 3017 3020 3031 3029 3019 3007 3025 3028 3019 3015 2984 2973 3025 3010 3024 3003 3027 3016 3020 3017 3006 2976 2992 3011 2996 2992 3010 3002 2988 2995 2994 2980 2982 2689 2779 2802 2993 2959 2981 2949 2969 2994 2962 2945 2959 2979 2980 2947 2950 2959 3011 2900 2983 2936 2962 2971 2912 2917 2924 2965 2990 2990 2992 3019 3006 2919 3004 2937 2934 2932 2967 2931 2925 2961 2912 2679 2955 2944 2983 2978 2971 3006 3030 3022 3017 3031 3008 2972 2982 2976 2973 2979 3022 2970 2952 2966 2989 3001 2984 2976 2994 2993 2943 2979 2974 2953 2954 3015 2947 2957 2941 2942 2954 2932 2935 2944 2936 2918 2735 2542 2746 2972 2940 2013 2925 2145 3003 2925 2790 2971 2070 2242 2579 2939 2075 2125 2042 2033 2490 2500 2898 3030 3029 2996 3005 3029 2931 2943 2977 2982 2958 2967 2982 2952 2966 2910 2973 2953 3001 2933 2954 2996 3021 3007 2940 2972 2993 2978 3037 2990 2972 2956 2981 2944 2970 2962 2945 3024 2937 2944 2938 3002 2967 2988 2953 3032 2971 2957 2986 2987 2931 2948 2962 2965 2932 2981 3007 3036 2957

Tree=0
num_leaves=31
num_cat=0
split_feature=4 6 70 4 55 6 70 17 1 20 17 8 1 70 8 18 63 8 6 1 18 52 1 5 19 70 1 17 10 10
split_gain=21527.3 575.397 401.6 334.949 224.698 126.112 120.74 111.407 97.1548 86.4791 58.4973 53.64 47.143 42.4495 41.5617 37.2886 37.2438 33.3213 36.3052 32.9241 28.0753 25.426 22.1147 18.1667 17.4852 15.2265 15.0805 26.5872 14.7273 14.0379
threshold=12.500000000000002 865.00000000000011 1.7000000000000004 11.500000000000002 0.18500000000000003 555.00000000000011 0.20000000000000465 31.500000000000004 29.850000000000005 0.89999999999999603 30.500000000000004 306.50000000000006 18.250000000000004 0.10000000000000232 302.50000000000006 26.500000000000004 0.55263157894736847 24.500000000000004 815.00000000000011 18.750000000000004 26.500000000000004 0.43500000000000005 11.750000000000002 15.000000000000002 1.4000000000000041 0.60000000000000242 30.650000000000006 32.500000000000007 0.62420859727530387 -0.67168186667784702
decision_type=2 2 2 2 2 2 2 2 2 2 2 2 2 2 2 2 2 2 2 2 2 2 2 2 2 2 2 2 2 2
left_child=2 6 3 4 7 10 11 8 -1 15 12 17 16 22 -11 -5 -4 -2 -19 -14 25 24 -3 -16 -6 28 -12 -28 -8 -23
right_child=1 13 5 9 21 -7 20 -9 -10 14 26 -13 19 -15 23 -17 -18 18 -20 -21 -22 29 -24 -25 -26 -27 27 -29 -30 -31
leaf_value=0.6049999952316284 0.48500000014901162 0.51999999880790715 0.61000000238418584 0.49000000059604643 0.52500000000000002 0.48000000007450583 0.48500000014901162 0.65499999523162844 0.5 0.5300000011920929 0.63999999761581416 0.49000000059604643 0.47499999999999998 0.48000000007450583 0.51500000059604645 0.52500000000000002 0.48000000007450583 0.50999999940395357 0.49500000029802321 0.52500000000000002 0.49000000059604643 0.50999999940395357 0.48500000014901162 0.5 0.48500000014901162 0.48000000007450583 0.49000000059604643 0.66000000238418577 0.48000000007450583 0.48000000007450583
leaf_weight=42140 195 29 545 1238 598 1083 796 17192 608 2649 608 737 124 48514 276 442 105 1432 1556 1528 1293 70 2869 498 233 1459 46 63 646 308
leaf_count=42140 195 29 545 1238 598 1083 796 17192 608 2649 608 737 124 48514 276 442 105 1432 1556 1528 1293 70 2869 498 233 1459 46 63 646 308
internal_value=0.499761 0.477631 0.518485 0.519425 0.520452 0.503303 0.490005 0.520883 0.519516 0.507118 0.508554 0.496314 0.50467 0.475678 0.511678 0.497827 0.516077 0.499128 0.500435 0.500182 0.484108 0.499111 0.481556 0.501486 0.504001 0.481377 0.521025 0.503899 0.485021 0.48836
internal_weight=129880 59526 70354 66252 61149 4102 8114 59940 42748 5103 3019 3920 2302 51412 3423 1680 650 3183 2988 1652 4194 1209 2898 774 831 2901 717 109 1442 378
internal_count=129880 59526 70354 66252 61149 4102 8114 59940 42748 5103 3019 3920 2302 51412 3423 1680 650 3183 2988 1652 4194 1209 2898 774 831 2901 717 109 1442 378
is_linear=0
shrinkage=1


Tree=1
num_leaves=31
num_cat=0
split_feature=6 6 6 70 20 55 70 17 1 70 19 8 9 6 17 8 9 0 9 8 18 1 17 70 70 4 0 21 6 8
split_gain=20569 593.515 472.164 265.931 202.436 158.13 125.19 121.001 94.3726 63.9916 60.1776 54.0121 53.4485 51.3494 50.8825 44.3428 38.8628 38.6257 36.0629 35.4033 29.2069 28.4178 27.4019 25.6014 24.2144 21.8476 21.5302 18.8029 18.7732 16.5596
threshold=785.00000000000011 875.00000000000011 685.00000000000011 1.7000000000000004 0.6000000000000002 0.115 0.3000000000000061 31.500000000000004 29.950000000000003 0.11666666666666715 3.5999999999999992 296.50000000000006 0.26037272046371446 755.00000000000011 26.500000000000004 302.50000000000006 0.97875492728876534 27.850000000000005 -0.19337636264337835 24.500000000000004 26.500000000000004 25.850000000000005 32.500000000000007 0.70000000000000207 0.099999999999996106 13.500000000000002 11.850000000000003 2.5000000000000004 925.00000000000011 24.500000000000004
decision_type=2 2 2 2 2 2 2 2 2 2 2 2 2 2 2 2 2 2 2 2 2 2 2 2 2 2 2 2 2 2
left_child=2 6 3 5 17 7 11 8 -1 26 12 19 18 22 -7 29 -14 23 -5 -2 -8 -16 24 27 -6 -21 -3 -4 -28 -15
right_child=1 9 4 10 13 14 20 -9 -10 -11 -12 -13 16 15 21 -17 -18 -19 -20 25 -22 -23 -24 -25 -26 -27 28 -29 -30 -31
leaf_value=0.10974999785423278 -0.018999999929219486 0.018999998867511747 -0.0094999994337558735 0.053000002503395087 0.029750002622604372 -0.018999999929219486 -0.018999999929219486 0.15225000262260438 -0.0099999994039535536 -0.018999999929219486 -0.02375 -0.01424999985843897 -0.013999999854713681 -0.0064999997615814214 0.024750001430511478 -0.0097499994188547136 0.10374999523162842 0.0094999994337558735 0.07375000000000001 0.0045000012218952166 -0.014499999880790711 0.02375 0.048499999940395361 -0.024000000003725291 0.016000000592321158 -0.0047499997168779368 -0.01424999985843897 0.014749999046325686 -0.019249999932944777 0.018499998748302462
leaf_weight=40179 217 31 857 1643 2390 525 2527 16443 452 47893 475 1034 876 111 320 414 129 742 539 1885 1118 656 1004 732 1427 1334 1189 53 1397 1288
leaf_count=40179 217 31 857 1643 2390 525 2527 16443 452 47893 475 1034 876 111 320 414 129 742 539 1885 1118 656 1004 732 1427 1334 1189 53 1397 1288
internal_value=-8.16138e-05 -0.0220183 0.0179668 0.0195161 0.00727434 0.0203333 -0.00946704 0.0207546 0.0192901 -0.0240348 0.00644457 -0.00385906 0.00891905 0.0117651 0.00431379 0.00459184 -0.000621891 -0.00522232 0.0133135 -0.000844005 -0.0163443 0.0110656 0.0144628 -0.00950061 0.0125295 0.00047375 -0.0164215 -0.0039011 -0.016918 0.0088456
internal_weight=129880 58625 71255 62237 9018 58575 8115 57074 40631 50510 3662 4470 3187 6634 1501 1813 1005 2384 2182 3436 3645 976 4821 1642 3817 3219 2617 910 2586 1399
internal_count=129880 58625 71255 62237 9018 58575 8115 57074 40631 50510 3662 4470 3187 6634 1501 1813 1005 2384 2182 3436 3645 976 4821 1642 3817 3219 2617 910 2586 1399
is_linear=0
shrinkage=0.05


Tree=2
num_leaves=31
num_cat=0
split_feature=6 6 6 70 20 55 17 70 1 17 70 70 8 1 6 18 17 8 9 8 18 52 4 70 1 1 6 1 17 70
split_gain=20081.9 594.761 434.845 260.541 227.256 196.211 141.446 125.639 88.6146 65.3772 63.0972 59.2028 53.2135 53.0541 52.5194 48.7685 47.7633 46.6999 37.8019 35.4033 29.2069 27.567 21.8476 20.1644 19.7602 19.6367 18.9616 18.7679 23.8081 17.9123
threshold=785.00000000000011 875.00000000000011 675.00000000000011 1.8 0.80000000000000615 0.18500000000000003 31.500000000000004 0.3000000000000061 29.950000000000003 30.500000000000004 0.19999999999999665 1.0166666666666686 296.50000000000006 18.250000000000004 735.00000000000011 26.500000000000004 15.500000000000002 302.50000000000006 0.97875492728876534 24.500000000000004 26.500000000000004 0.43500000000000005 13.500000000000002 1.0000000180025095e-35 21.450000000000003 11.750000000000002 925.00000000000011 30.650000000000006 32.500000000000007 1.2000000000000004
decision_type=2 2 2 2 2 2 2 2 2 2 2 2 2 2 2 2 2 2 2 2 2 2 2 2 2 2 2 2 2 2
left_child=2 7 3 5 11 6 8 12 -1 13 25 15 19 16 -6 23 -5 -16 -15 -2 -9 29 -21 -4 -19 -3 -27 -11 -29 -7
right_child=1 10 4 9 14 21 -8 20 -10 27 -12 -13 -14 18 17 -17 -18 24 -20 22 -22 -23 -24 -25 -26 26 -28 28 -30 -31
leaf_value=0.10426249796152116 -0.018049999932758513 0.018049998924136158 0.0090124992430210115 -0.017812499929219485 0.038012498185038573 0.019699998804368082 0.14463750249147417 -0.018049999932758513 -0.0094999994337558735 0.08431250488758088 -0.018049999932758513 -0.022800000003538851 -0.013537499865517022 -0.017812499929219485 0.018574998900294303 0.024925001312047244 0.1008125022649765 0.004200001162476835 0.040812499042600398 0.0042750011608004568 -0.013774999886751176 -0.018049999932758513 -0.0045124997310340394 -0.0090249994620680788 -0.0095124994330108154 -0.013537499865517022 -0.018287499936297535 -0.01214999955892563 0.14935000213980673 -0.02330000001098961
leaf_weight=40163 217 28 472 177 3722 687 16239 2527 420 691 47771 835 1034 1777 2116 690 478 238 116 1885 1118 351 1334 1462 385 1245 1466 54 76 106
leaf_count=40163 217 28 472 177 3722 687 16239 2527 420 691 47771 835 1034 1777 2116 690 478 238 116 1885 1118 351 1334 1462 385 1245 1466 54 76 106
internal_value=-0.000343779 -0.0220192 0.0174896 0.0190605 0.00777722 0.0198461 0.0202589 -0.00945471 0.0186809 0.00554319 -0.0240378 -0.00256577 -0.00383669 0.00158948 0.0133145 0.00112424 0.013855 0.00805951 -0.00265452 -0.000844005 -0.0163443 -0.000655594 0.00047375 -0.00294726 -0.00397271 -0.0166575 -0.0170878 0.0178136 0.000384615 0.0045082
internal_weight=129880 58625 71255 61335 9920 57966 56822 8115 40583 3369 50510 3459 4470 2548 6461 2624 655 2739 1893 3436 3645 1144 3219 1934 623 2739 2711 821 130 793
internal_count=129880 58625 71255 61335 9920 57966 56822 8115 40583 3369 50510 3459 4470 2548 6461 2624 655 2739 1893 3436 3645 1144 3219 1934 623 2739 2711 821 130 793
is_linear=0
shrinkage=0.05


Tree=3
num_leaves=31
num_cat=0
split_feature=6 6 4 20 17 59 70 20 19 1 70 6 70 10 1 17 8 18 70 9 0 6 9 0 6 70 1 8 8 23
split_gain=19693.6 565.243 410.328 282.697 251.535 228.373 140.563 114.778 81.3533 80.2133 63.9916 61.2584 59.0873 47.1969 43.867 41.6327 40.0318 37.5122 34.378 26.4792 21.5302 20.7063 19.2624 19.1665 18.7732 17.0022 16.0769 15.4761 15.4334 15.2098
threshold=785.00000000000011 875.00000000000011 10.500000000000002 0.70000000000000828 31.500000000000004 0.11099999999999995 1.9000000000000015 0.500000000000001 1.5999999999999963 29.950000000000003 0.11666666666666715 745.00000000000011 0.70000000000000207 0.78192542922038288 18.250000000000004 28.500000000000004 302.50000000000006 26.500000000000004 0.29999999999999943 0.99374995976406788 11.850000000000003 825.00000000000011 0.99053107487289871 28.925000000000004 925.00000000000011 0.60000000000000242 21.450000000000003 150.50000000000003 279.50000000000006 4.5000000000000009
decision_type=2 2 2 2 2 2 2 2 2 2 2 2 2 2 2 2 2 2 2 2 2 2 2 2 2 2 2 2 2 2
left_child=2 7 4 12 5 6 9 17 19 -1 20 18 15 21 -8 -4 -13 25 -5 -7 -3 28 -10 -14 -22 29 -18 -17 -9 -2
right_child=1 10 3 11 -6 8 14 13 22 -11 -12 16 23 -15 -16 27 26 -19 -20 -21 24 -23 -24 -25 -26 -27 -28 -29 -30 -31
leaf_value=0.10404938021600248 -0.013536874882318082 0.017147498977929349 -0.0071881248548626934 0.039049376639723778 0.13740562736690043 0.029049374255537986 0.050771872383356099 0.0069137511506676685 -0.020759375057928266 -0.0090249994620680788 -0.017147499936120587 0.016646248865872623 -0.021660000003362087 -0.013110624894592913 -0.0015468750035390222 -0.0035737497869878982 0.00077749988301657475 -0.012586249866336587 0.015799373809434469 -0.022147500010626393 -0.012860624872241173 -0.0051887498360127186 0.098299377653002742 0.0044150012205820431 -0.017373124939482659 -0.017147499936120587 -0.011011874563433234 0.027405624982714649 -0.0073974994183052343 0.010831874352111481
leaf_weight=37188 1528 31 1298 5092 16434 2671 419 1356 985 320 47893 1770 1086 835 1391 183 195 1023 796 78 1189 1713 45 221 1397 1305 322 761 321 34
leaf_count=37188 1528 31 1298 5092 16434 2671 419 1356 985 320 47893 1770 1086 835 1391 183 195 1023 796 78 1189 1713 45 221 1397 1305 322 761 321 34
internal_value=-0.000602094 -0.022067 0.0170581 0.00850819 0.0187419 0.0167349 0.0178633 -0.00981824 0.00499471 0.01852 -0.0240348 0.0136239 -0.00327557 -0.00411243 0.00425414 0.00165031 0.00667906 -0.0160154 0.0163213 0.00948527 -0.0164215 -0.00148968 -0.00699029 -0.0117253 -0.016918 -0.0189484 -0.00556093 0.00963983 0.00245975 -0.0154289
internal_weight=129880 58625 71255 11724 59531 43097 39318 8115 3779 37508 50510 8175 3549 4225 1810 2242 2287 3890 5888 2749 2617 3390 1030 1307 2586 2867 517 944 1677 1562
internal_count=129880 58625 71255 11724 59531 43097 39318 8115 3779 37508 50510 8175 3549 4225 1810 2242 2287 3890 5888 2749 2617 3390 1030 1307 2586 2867 517 944 1677 1562
is_linear=0
shrinkage=0.05


Tree=4
num_leaves=31
num_cat=0
split_feature=6 6 6 17 51 20 70 70 10 19 70 8 8 1 23 1 8 70 18 18 70 55 1 6 4 1 17 71 70 9
split_gain=19286.1 582.761 437.729 300.757 270.711 151.965 140.812 120.304 86.5718 76.513 63.0972 50.3793 48.3286 46.8691 41.5204 34.8082 34.1495 32.1181 35.6604 29.2069 27.7806 21.0808 19.6367 18.9616 18.6476 18.6203 46.2853 66.1129 14.9736 14.8207
threshold=785.00000000000011 875.00000000000011 695.00000000000011 31.500000000000004 0.12500000000000003 0.6000000000000002 1.9000000000000015 0.3000000000000061 -0.73284120334876357 1.4000000000000015 0.19999999999999665 296.50000000000006 302.50000000000006 18.250000000000004 38.500000000000007 22.050000000000008 24.500000000000004 1.7000000000000004 26.500000000000004 26.500000000000004 0.20000000000000465 0.20500000000000004 11.750000000000002 925.00000000000011 13.500000000000002 30.225000000000005 32.500000000000007 0.80000000000000615 0.60000000000000242 -0.8781231054254196
decision_type=2 2 2 2 2 2 2 2 2 2 2 2 2 2 2 2 2 2 2 2 2 2 2 2 2 2 2 2 2 2
left_child=2 7 3 4 6 17 8 11 -1 14 22 16 20 -8 -6 -14 -2 18 29 28 -7 -11 -3 -24 -18 -5 27 -27 -9 -4
right_child=1 10 5 25 9 12 13 19 -10 21 -12 -13 15 -15 -16 -17 24 -19 -20 -21 -22 -23 23 -25 -26 26 -28 -29 -30 -31
leaf_value=0.043846904052644964 -0.01649196869139094 0.016290124029032883 0.013843469337895514 0.13553534123018385 0.032596906734853985 0.028846908553726971 0.048233278764188287 -0.016470656192004683 0.098846911205202337 -0.0049126563955191552 -0.016290124939314556 -0.012222921762556073 0.01049799938879209 -0.001469531253362072 -0.00078746879138983381 -0.0046315622886596271 0.0037155635452270522 -0.020577000003193981 0.018111748770785054 -0.012456937399096785 0.010813938210718334 -0.021027625009908811 -0.012217593628629115 -0.016504468692508528 -0.0040274372526817037 -0.035292781308563434 0.11132550239709671 0.040535342422276736 -0.016832843704762637 -0.011765749907332937
leaf_weight=3188 217 28 181 13468 2817 3617 415 987 36256 1079 47771 1034 571 1428 104 770 1885 392 455 1118 975 422 1245 1466 1334 130 3240 592 1540 1155
leaf_count=3188 217 28 181 13468 2817 3617 415 987 36256 1079 47771 1034 571 1428 104 770 1885 392 455 1118 975 422 1245 1466 1334 130 3240 592 1540 1155
internal_value=-0.000798044 -0.0220397 0.0166785 0.0180835 0.0159525 0.00574791 0.0172118 -0.00960259 0.017843 0.00419493 -0.0240378 -0.00410515 0.00989803 0.0037032 0.00890962 0.00154735 -0.00119325 -0.00553138 -0.00269403 -0.0163443 0.0123367 -0.00498001 -0.0166575 -0.0170878 0.000100963 0.0236718 0.0206588 0.00921053 -0.0193213 -0.00681138
internal_weight=129880 58625 71255 63139 45709 8116 41287 8115 39444 4422 50510 4470 5933 1843 2921 1341 3436 2183 1791 3645 4592 1501 2739 2711 3219 17430 3962 722 2527 1336
internal_count=129880 58625 71255 63139 45709 8116 41287 8115 39444 4422 50510 4470 5933 1843 2921 1341 3436 2183 1791 3645 4592 1501 2739 2711 3219 17430 3962 722 2527 1336
is_linear=0
shrinkage=0.05


Tree=5
num_leaves=31
num_cat=0
split_feature=6 6 6 20 17 59 70 70 1 70 6 70 18 19 1 8 8 52 8 18 17 0 70 17 6 10 18 6 16 1
split_gain=18926.4 567.204 474.405 272.305 263.761 229.071 129.578 113.584 85.3273 77.8078 71.4066 63.9916 57.5448 51.0371 48.3171 46.8333 43.2416 36.5335 32.5635 29.2069 23.9302 21.5302 21.3673 19.1722 18.7732 18.4398 43.3333 18.4228 17.4915 16.3671
threshold=785.00000000000011 875.00000000000011 645.00000000000011 0.9250000000000026 31.500000000000004 0.15299999999999994 1.8 0.3000000000000061 29.950000000000003 0.61666666666667258 735.00000000000011 0.11666666666666715 26.500000000000004 1.6000000000000008 18.250000000000004 296.50000000000006 302.50000000000006 0.55500000000000016 24.500000000000004 26.500000000000004 31.500000000000004 11.850000000000003 0.1000000000000001 27.500000000000004 925.00000000000011 -0.99983123799342477 27.500000000000004 815.00000000000011 15.000000000000002 30.225000000000005
decision_type=2 2 2 2 2 2 2 2 2 2 2 2 2 2 2 2 2 2 2 2 2 2 2 2 2 2 2 2 2 2
left_child=2 7 4 9 5 6 8 15 -1 12 22 21 28 17 -8 18 -12 -7 -2 -9 -11 -3 -5 -15 -23 26 -6 -20 -4 -27
right_child=1 11 3 10 25 13 14 19 -10 20 16 -13 -14 23 -16 -17 -18 -19 27 -21 -22 24 -24 -25 -26 29 -28 -29 -30 -31
leaf_value=0.09390456564494222 -0.015667370256821394 0.01547561782758124 0.0057220683900186531 0.040467063428394505 -0.0012414210629537736 0.030267060098730026 0.050821616018071773 -0.015647123382404451 -0.010766094691596922 -0.019548150003034281 0.016751435738688338 -0.015475618692348831 0.029994201671436429 -0.020058150007234543 0.016672695599133609 -0.01161177567442827 -0.0041748689906798584 -0.00074809535182034374 0.0085297835798263562 -0.011834090529141944 0.0032886637210136904 -0.011606713947197658 0.024572008882310592 -0.0025700247093882692 -0.015679245257883098 0.12875857416867464 0.03375857536076754 -0.0038260653900476175 -0.0076260557508548935 0.11496906849451478
leaf_weight=36601 217 31 1090 4015 65 2087 555 2527 300 1294 1982 47893 781 377 1669 1034 586 346 1154 1118 330 1189 1269 509 1397 13141 130 2065 1279 2849
leaf_count=36601 217 31 1090 4015 65 2087 555 2527 300 1294 1982 47893 781 377 1669 1034 586 346 1154 1118 330 1189 1269 509 1397 13141 130 2065 1279 2849
internal_value=-0.00102094 -0.0220635 0.0162918 0.0075004 0.0181851 0.0161142 0.017184 -0.00979359 0.0178904 -0.00191663 0.0132259 -0.0240348 0.00266667 0.00350256 0.00546313 -0.0044519 0.00638629 0.00724414 -0.00164435 -0.0163443 -0.0108067 -0.0164215 0.01655 -0.00677201 -0.016918 0.023616 0.00833333 -0.000380553 -0.00121359 0.0238024
internal_weight=129880 58625 71255 12626 58629 42444 39125 8115 36901 4774 7852 50510 3150 3319 2224 4470 2568 2433 3436 3645 1624 2617 5284 886 2586 16185 195 3219 2369 15990
internal_count=129880 58625 71255 12626 58629 42444 39125 8115 36901 4774 7852 50510 3150 3319 2224 4470 2568 2433 3436 3645 1624 2617 5284 886 2586 16185 195 3219 2369 15990
is_linear=0
shrinkage=0.05


Tree=6
num_leaves=31
num_cat=0
split_feature=4 6 17 51 6 10 20 20 70 1 19 6 70 10 6 18 10 70 23 22 7 34 70 9 55 19 0 8 10 18
split_gain=17227.1 634.683 422.729 314.903 235.098 124.495 117.745 112.056 93.0313 90.6749 87.0053 78.6261 72.3975 50.2628 40.3715 36.8629 36.7769 33.7519 33.6353 31.9132 67.0774 30.6031 28.1276 26.0093 21.7816 21.5324 20.0985 19.3514 18.1719 42.6667
threshold=12.500000000000002 875.00000000000011 31.500000000000004 0.19500000000000003 665.00000000000011 -0.34234976856068178 1.0999999999999963 0.59999999999999887 1.8 29.150000000000009 1.5999999999999963 635.00000000000011 0.2999999999999981 0.91159213926341531 725.00000000000011 26.500000000000004 -0.85225707553516283 0.3000000000000061 48.500000000000007 1.0000000180025095e-35 7.5000000000000009 0.0013157894736842109 0.29999999999999544 0.99374995976406788 0.075000000000000025 7.0999999999999996 11.550000000000002 247.50000000000003 -0.99983123799342477 27.500000000000004
decision_type=2 2 2 2 2 2 2 2 2 2 2 2 2 2 2 2 2 2 2 2 2 2 2 2 2 2 2 2 2 2
left_child=2 7 3 4 5 9 17 15 -7 -1 18 28 26 22 -8 -2 19 -6 23 25 -21 -13 27 -5 -12 -14 -3 -9 29 -4
right_child=1 12 11 10 6 8 14 13 -10 -11 24 21 16 -15 -16 -17 -18 -19 -20 20 -22 -23 -24 -25 -26 -27 -28 -29 -30 -31
leaf_value=0.061959330567765605 -0.014666126584956205 0.014701836936202179 -0.0011793500098060906 0.024453707201081889 0.0032106158765545958 0.099209327825951946 0.029693705084735157 0.0054723073950276261 0.028280536409261078 -0.0029604786701895231 -0.010722865459628235 0.043382275824700348 -0.01470183775773139 -0.014867970337032589 0.0091142339880446021 -0.008264886821005818 -0.01470183775773139 -0.015200054986320384 -0.0007106905842293288 -0.01470183775773139 0.00029816246578602827 0.013382280593071928 -0.0078847618113461471 -0.021489596764349875 -0.018570742502882567 0.00029816246578602827 -0.01470183775773139 -0.0036347621205452376 0.12232064546024091 0.032070646592729159
leaf_weight=7312 3185 29 64 2558 1528 29835 2218 1906 1904 1096 819 2733 6329 622 1658 1165 38629 1111 92 1281 105 753 1178 88 713 95 4042 960 15744 128
leaf_count=7312 3185 29 64 2558 1528 29835 2218 1906 1904 1096 819 2733 6329 622 1658 1165 38629 1111 92 1281 105 753 1178 88 713 95 4042 960 15744 128
internal_value=-0.000891592 -0.0206884 0.0158584 0.013465 0.0146543 0.016084 0.00584421 -0.00846828 0.0175171 0.0106744 0.000468384 0.0221347 -0.0228697 -0.00308616 0.0113906 -0.0142414 -0.0234302 -0.00230201 0.00580716 -0.0203009 -0.0134199 0.0153328 -0.00105094 0.00684051 -0.00907311 -0.0217855 -0.0164763 0.00162247 0.0236226 0.00833333
internal_weight=129880 59526 70354 50932 46662 40147 6515 9016 31739 8408 4270 19422 50510 4666 3876 4350 46439 2639 2738 7810 1386 3486 4044 2646 1532 6424 4071 2866 15936 192
internal_count=129880 59526 70354 50932 46662 40147 6515 9016 31739 8408 4270 19422 50510 4666 3876 4350 46439 2639 2738 7810 1386 3486 4044 2646 1532 6424 4071 2866 15936 192
is_linear=0
shrinkage=0.05


Tree=7
num_leaves=31
num_cat=0
split_feature=6 6 6 17 35 70 10 70 20 6 70 19 17 71 10 52 22 7 9 15 17 1 17 71 10 1 10 3 18 6
split_gain=16756.5 510.761 442.524 421.088 248.677 119.574 124.717 109.424 96.2936 69.8716 58.9639 52.6614 50.8301 40.9489 36.7756 34.702 32.436 67.0023 31.0545 30.9052 30.5805 28.3294 56.3454 58.3213 31.5081 28.5739 27.5426 25.7685 24.1927 23.0111
threshold=795.00000000000011 705.00000000000011 885.00000000000011 31.500000000000004 0.47263157894736851 1.4000000000000041 0.04621408538533487 0.2000000000000082 0.500000000000001 525.00000000000011 0.20000000000000465 1.5999999999999963 29.500000000000004 1.4333333333333356 -0.85225707553516283 0.49500000000000005 1.0000000180025095e-35 7.5000000000000009 0.3261394409934788 11.750000000000002 27.500000000000004 30.225000000000005 32.500000000000007 0.80000000000000615 -0.99983123799342477 29.950000000000003 0.91159213926341531 0.39999999999999597 26.500000000000004 745.00000000000011
decision_type=2 2 2 2 2 2 2 2 2 2 2 2 2 2 2 2 2 2 2 2 2 2 2 2 2 2 2 2 2 2
left_child=1 3 8 4 5 6 -1 12 28 -7 19 15 18 -9 16 -6 -12 -18 29 -4 -13 24 23 -23 25 -5 -10 -20 -2 -3
right_child=2 7 10 21 11 9 -8 13 26 -11 14 20 -14 -15 -16 -17 17 -19 27 -21 -22 22 -24 -25 -26 -27 -28 -29 -30 -31
leaf_value=0.061111370834306823 -0.013966745869844822 0.0059054418536142296 0.013966745089392069 -0.0011203825093157871 0.028231023033120691 0.054248863818840136 0.089248866203025926 -0.017335453684499465 -0.0039083774902966195 -0.019739965227433265 -0.013966745869844822 -0.018435577865432807 0.024359713220160617 -0.00089504168230871708 -0.013966745869844822 -0.00067515605501786147 -0.013966745869844822 0.00028325434249672768 -0.0031484172747492101 -0.013966745869844822 -0.0027111286316569257 -0.045392627940873051 0.091837096255586836 0.031644090795517998 0.11620461318722886 0.0304671142630927 -0.014140603227128696 0.028723506607915662 -0.010329141635557527 -0.0049336369890166966
leaf_weight=12428 3071 858 44 62 2147 3095 26161 1011 3497 750 6383 416 2070 1863 38432 489 1288 105 363 3356 876 131 3391 661 13381 53 474 972 1074 978
leaf_count=12428 3071 858 44 62 2147 3095 26161 1011 3497 750 6383 416 2070 1863 38432 489 1288 105 363 3356 876 131 3391 661 13381 53 474 972 1074 978
internal_value=-0.0011372 0.014926 -0.0212165 0.0164235 0.0139198 0.0150339 0.0158718 0.00310844 -0.0103931 0.00662549 -0.0229872 0.00188391 0.00740794 -0.00473208 -0.0234548 0.00593703 -0.0203189 -0.0134063 0.00342952 -0.0166324 -0.00638545 0.0229891 0.019394 0.00738636 0.0241034 -0.00195652 -0.00482876 0.00923221 -0.0157238 -0.00078976
internal_weight=129880 72156 57724 64041 46362 42434 38589 8115 8116 3845 49608 3928 5241 2874 46208 2636 7776 1393 3171 3400 1292 17679 4183 792 13496 115 3971 1335 4145 1836
internal_count=129880 72156 57724 64041 46362 42434 38589 8115 8116 3845 49608 3928 5241 2874 46208 2636 7776 1393 3171 3400 1292 17679 4183 792 13496 115 3971 1335 4145 1836
is_linear=0
shrinkage=0.05


Tree=8
num_leaves=31
num_cat=0
split_feature=6 6 4 17 20 51 1 70 70 6 17 8 70 70 70 8 10 22 7 10 23 8 70 19 17 8 1 19 70 70
split_gain=16145.5 524.095 482.46 398.092 266.637 190.469 130.3 123.85 83.2914 81.97 79.8726 56.8108 55.3781 53.8687 45.6839 36.7039 36.4374 32.932 67.492 28.6574 28.3068 24.8777 24.1683 22.9339 22.8922 22.5033 21.598 20.6445 19.0665 18.9947
threshold=795.00000000000011 635.00000000000011 14.500000000000002 31.500000000000004 0.99999999999999745 0.115 29.150000000000009 0.20000000000000465 0.91666666666666974 755.00000000000011 31.500000000000004 231.50000000000003 0.11666666666666715 0.90000000000000402 0.3000000000000061 302.50000000000006 -0.85225707553516283 1.0000000180025095e-35 7.5000000000000009 0.80290535434334509 30.500000000000004 296.50000000000006 0.29999999999999544 7.0999999999999996 30.500000000000004 24.500000000000004 20.850000000000005 2.8999999999999972 2.02 0.60000000000000242
decision_type=2 2 2 2 2 2 2 2 2 2 2 2 2 2 2 2 2 2 2 2 2 2 2 2 2 2 2 2 2 2
left_child=1 3 7 5 10 6 8 21 -1 22 13 -8 -4 26 20 25 17 23 -19 -16 -7 -2 -6 -14 29 -11 -3 -5 -12 -9
right_child=2 4 12 27 9 14 11 24 -10 15 28 -13 16 -15 19 -17 -18 18 -20 -21 -22 -23 -24 -25 -26 -27 -28 -29 -30 -31
leaf_value=0.089786418124503053 -0.0019749014983550641 0.009195546563527902 -0.013461853813610133 0.11039438252786743 0.031496580262075247 0.04017545210721956 -0.01313533456522294 -0.013268408576352581 0.054786427661246209 -0.010425009226382854 0.020350667540557383 0.086301792754489251 -0.013268408576352581 -0.016943967069341575 -0.0080668010104929834 -0.0082549890191730337 -0.013268408576352581 -0.013268408576352581 0.00026909162537189224 0.022654255472971445 -0.00064139825226696703 -0.009810402655887741 0.012829148149024512 0.00098159163598896828 -0.0098126845537796492 0.011874659717733067 -0.0064039878447270902 0.030394387296239 -0.015899656936807068 -0.015279532174213479
leaf_weight=29064 3110 675 2062 15499 6088 1670 727 1613 7404 124 1080 450 6409 1127 1968 438 38738 1294 106 444 64 880 857 97 1651 1350 2616 437 74 1764
leaf_count=29064 3110 675 2062 15499 6088 1670 727 1613 7404 124 1080 450 6409 1127 1968 438 38738 1294 106 444 64 880 857 97 1651 1350 2616 437 74 1764
internal_value=-0.00137589 0.0143917 -0.0210857 0.0165222 0.00586839 0.0139581 0.0150784 -0.0104624 0.0156068 0.0112595 -0.00270101 -0.00129567 -0.0230526 -0.00576053 0.00378678 0.00209205 -0.0234071 -0.0203137 -0.0133571 -0.00066335 0.00997693 -0.00388471 0.0137833 -0.0218106 -0.0156822 0.00586839 -0.00252963 0.0232461 0.00901213 -0.0180412
internal_weight=129880 72156 57724 57727 14429 41791 37645 9018 36468 8857 5572 1177 48706 4418 4146 1912 46644 7906 1400 2412 1734 3990 6945 6506 5028 1474 3291 15936 1154 3377
internal_count=129880 72156 57724 57727 14429 41791 37645 9018 36468 8857 5572 1177 48706 4418 4146 1912 46644 7906 1400 2412 1734 3990 6945 6506 5028 1474 3291 15936 1154 3377
is_linear=0
shrinkage=0.05


Tree=9
num_leaves=31
num_cat=0
split_feature=6 6 6 17 20 51 1 70 6 70 8 70 20 18 19 70 8 10 52 22 7 18 15 8 8 49 1 17 19 9
split_gain=15819.1 608.34 417.481 355.023 259.23 195.789 128.866 127.2 85.9064 84.9391 56.2536 48.3516 47.7576 47.4182 43.8944 41.5885 39.6866 34.6213 34.0713 31.4105 66.2982 30.45 30.3376 29.3914 27.2765 21.5506 32.7584 20.6357 20.4859 18.8606
threshold=805.00000000000011 635.00000000000011 905.00000000000011 31.500000000000004 0.6000000000000002 0.115 29.150000000000009 0.29999999999999943 755.00000000000011 0.91666666666666974 231.50000000000003 1.399999999999997 1.3250000000000031 26.500000000000004 1.599999999999999 0.20000000000000465 302.50000000000006 -0.85225707553516283 0.49500000000000005 1.0000000180025095e-35 7.5000000000000009 26.500000000000004 11.750000000000002 296.50000000000006 24.500000000000004 0.13500000000000004 30.225000000000005 30.500000000000004 7.0999999999999996 0.99053107487289871
decision_type=2 2 2 2 2 2 2 2 2 2 2 2 2 2 2 2 2 2 2 2 2 2 2 2 2 2 2 2 2 2
left_child=1 3 7 5 11 6 9 23 12 -1 -8 13 21 -3 18 22 24 19 -7 28 -21 -6 -4 -2 -10 -5 -27 -9 -17 -16
right_child=2 4 15 25 8 14 10 27 16 -11 -12 -13 -14 -15 29 17 -18 -19 -20 20 -22 -23 -24 -25 -26 26 -28 -29 -30 -31
leaf_value=0.085297097218277898 -0.0036142135408640365 -0.0087220810338393458 0.013941500525602968 0.10746988590770604 0.0074245144258582862 0.027635868141413722 -0.012478567836961791 -0.012604988147534952 -0.011586615944910329 0.052047106278183902 0.081986703116764786 -0.016096768715874496 0.029609917705976943 0.015348538123773542 -0.016789086437746133 -0.012604988147534952 -0.0086158599481759423 -0.012604988147534952 -0.0018675482289191804 -0.012604988147534952 0.00025563704410329623 0.030440142022416961 -0.012604988147534952 -0.0093198825230933532 0.010191558563205545 0.069874661017288259 -0.0054407391045129044 -0.0098220503521676966 0.00093251205418951879 0.089336972916407881
leaf_weight=29064 3175 2340 42 14463 2019 2767 727 3380 183 7404 450 932 5279 772 959 6130 666 37484 372 1262 103 1042 2690 889 2097 1276 197 1575 93 48
leaf_count=29064 3175 2340 42 14463 2019 2767 727 3380 183 7404 450 932 5279 772 959 6130 666 37484 372 1262 103 1042 2690 889 2097 1276 197 1575 93 48
internal_value=-0.00150947 0.0138799 -0.0212955 0.0162311 0.00502609 0.0138098 0.0149455 -0.0114287 0.00891813 0.0154711 -0.00133815 -0.00583581 0.0115108 -0.00284383 0.00349735 -0.0231571 0.00157841 -0.0235201 0.00641128 -0.0204402 -0.0135714 0.00654198 -0.0171669 -0.00487205 0.00471491 0.0225809 0.0168194 -0.0168063 -0.0219468 -0.0055859
internal_weight=129880 73057 56823 57727 15330 41791 37645 9019 11286 36468 1177 4044 8340 3112 4146 47804 2946 45072 3139 7588 1365 3061 2732 4064 2280 15936 1473 4955 6223 1007
internal_count=129880 73057 56823 57727 15330 41791 37645 9019 11286 36468 1177 4044 8340 3112 4146 47804 2946 45072 3139 7588 1365 3061 2732 4064 2280 15936 1473 4955 6223 1007
is_linear=0
shrinkage=0.05


Tree=10
num_leaves=31
num_cat=0
split_feature=6 6 4 17 70 49 1 70 71 17 70 8 17 1 8 17 10 20 70 22 7 19 9 10 21 19 55 17 1 19
split_gain=15192 557.248 425.725 382.256 270.086 172.394 118.092 115.397 73.8404 71.399 55.3781 54.8032 53.2963 50.7534 48.2915 42.4542 36.4374 36.1125 35.7531 32.932 67.492 31.7957 25.1121 24.144 23.9978 23.1748 23.1259 23.0186 49.7927 22.9339
threshold=805.00000000000011 625.00000000000011 14.500000000000002 31.500000000000004 0.10000000000000232 0.115 29.150000000000009 0.29999999999999188 1.3000000000000005 27.500000000000004 0.11666666666666715 231.50000000000003 29.500000000000004 22.650000000000006 317.50000000000006 29.500000000000004 -0.85225707553516283 1.3999999999999997 0.29999999999999943 1.0000000180025095e-35 7.5000000000000009 2.8999999999999972 0.62587949062545845 -0.44505783185115427 11.500000000000002 4.6000000000000041 0.21500000000000002 32.500000000000007 29.550000000000008 7.0999999999999996
decision_type=2 2 2 2 2 2 2 2 2 2 2 2 2 2 2 2 2 2 2 2 2 2 2 2 2 2 2 2 2 2
left_child=1 3 7 5 12 6 9 23 -6 -1 -4 -8 13 22 -15 17 19 -10 24 29 -21 27 -3 -2 -7 -14 -20 28 -5 -12
right_child=2 4 10 21 8 18 11 -9 15 -11 16 -13 25 14 -16 -17 -18 -19 26 20 -22 -23 -24 -25 -26 -27 -28 -29 -30 -31
leaf_value=0.064444748580088904 0.0015664968381559426 0.011414478098249525 -0.012158511715552878 0.094501173874460331 -0.015291930280080772 0.035957030481183705 -0.011854639445113703 -0.011874182560265159 -0.010109032465148798 0.096032251894107176 -0.011974738740158204 0.077778872867747886 0.03447143960110826 0.012614266244448863 -0.0088712455788258152 0.010623034652334225 -0.011974738740158204 0.010370614245896099 0.0077164978735301711 -0.011974738740158204 0.00024285519189813089 0.02161950955542883 0.060258038413631601 -0.0070557296462166966 -0.00051595092820765911 0.011970196576521578 -0.015949632115858824 0.11138093273479543 0.031380937503167006 0.00088588645148004195
leaf_weight=23425 1210 1955 2062 4013 2161 1447 678 4572 1553 12422 6409 445 3407 2419 647 2158 38738 635 2053 1294 106 364 745 2335 67 552 601 9710 1600 97
leaf_count=23425 1210 1955 2062 4013 2161 1447 678 4572 1553 12422 6409 445 3407 2419 647 2158 38738 635 2053 1294 106 364 745 2335 67 552 601 9710 1600 97
internal_value=-0.00189598 0.0131853 -0.0212858 0.0155191 0.00501479 0.0129868 0.0140736 -0.0106844 -0.00286999 0.0145737 -0.0230526 -0.00189225 0.0102905 0.00722338 0.00282127 0.000885872 -0.0234071 -0.00402194 0.00334693 -0.0203137 -0.0133571 0.0221601 0.0122222 -0.00391396 0.0094782 0.0147575 -0.000150716 0.022507 0.0199581 -0.0218106
internal_weight=129880 73057 56823 56825 16232 41138 36970 8117 6507 35847 48706 1123 9725 5766 3066 4346 46644 2188 4168 7906 1400 15687 2700 3545 1514 3959 2654 15323 5613 6506
internal_count=129880 73057 56823 56825 16232 41138 36970 8117 6507 35847 48706 1123 9725 5766 3066 4346 46644 2188 4168 7906 1400 15687 2700 3545 1514 3959 2654 15323 5613 6506
is_linear=0
shrinkage=0.05


Tree=11
num_leaves=31
num_cat=0
split_feature=6 6 4 17 35 70 70 10 19 17 70 70 43 17 8 19 1 10 22 7 35 8 6 20 1 15 17 19 8 10
split_gain=14729.1 526.52 434.106 419.118 184.236 165.373 116.278 105.937 78.7913 63.2355 58.6828 57.9738 50.7022 49.7621 45.0009 43.5001 41.6306 36.4374 32.932 67.492 30.1327 30.0503 26.5971 25.9922 24.8647 23.9201 23.7877 22.9339 22.884 21.9917
threshold=805.00000000000011 665.00000000000011 14.500000000000002 31.500000000000004 0.00078947368421052641 0.10000000000000232 0.29999999999999188 -0.73284120334876357 0.500000000000001 28.500000000000004 1.3999999999999997 0.11666666666666715 0.24500000000000002 29.500000000000004 302.50000000000006 2.1000000000000028 29.950000000000003 -0.85225707553516283 1.0000000180025095e-35 7.5000000000000009 0.013947368421052635 16.500000000000004 745.00000000000011 1.5999999999999963 22.050000000000008 11.750000000000002 30.500000000000004 7.0999999999999996 296.50000000000006 0.92191100909954782
decision_type=2 2 2 2 2 2 2 2 2 2 2 2 2 2 2 2 2 2 2 2 2 2 2 2 2 2 2 2 2 2
left_child=1 3 6 4 7 14 28 16 21 -9 13 25 -10 23 22 -5 -1 18 27 -20 -17 -6 -3 -7 -16 -4 -8 -13 -2 -24
right_child=2 5 11 15 8 10 26 9 12 -11 -12 17 -14 -15 24 20 -18 -19 19 -21 -22 -23 29 -25 -26 -27 -28 -29 -30 -31
leaf_value=0.032250004751631776 -0.0026361658205401486 0.030633373535326247 0.013852351085100467 0.097050465541293429 -0.0021899903032688629 -0.010285979486763769 -0.011381029612144945 0.067810014465102722 0.023144029937316513 0.096230634531030229 -0.014527333766076733 -0.011376001803150293 -0.0089025889857238666 0.0095896415759415127 0.0091123902394694596 0.055538536461843181 -0.021261907994398661 -0.011376001803150293 -0.011376001803150293 0.00023071243230322338 0.0065861422776173689 0.05192611705443774 0.011983552932226423 0.0090929272958051345 -0.0038560385206075302 -0.011550586129775234 -0.0087372387065460522 0.00084159212890604074 -0.0085011019146278514 -0.0081888881914793325
leaf_weight=1830 2766 3452 37 14562 204 2172 3082 21421 6952 7289 893 6409 1530 1950 728 1587 187 38738 1294 106 534 4337 1881 400 991 2025 1490 97 779 157
leaf_count=1830 2766 3452 37 14562 204 2172 3082 21421 6952 7289 893 6409 1530 1950 728 1587 187 38738 1294 106 534 4337 1881 400 991 2025 1490 97 779 157
internal_value=-0.00216816 0.0126815 -0.0212603 0.0146216 0.0120503 0.00339433 -0.010555 0.0141626 0.00706634 0.0149408 -0.00320868 -0.0230444 0.0042207 -0.000895621 0.00835414 0.0213646 0.00308627 -0.0234071 -0.0203137 -0.0133571 0.0146747 0.0123816 0.0105647 -0.00546267 0.00129436 -0.01484 -0.0158246 -0.0218106 -0.00375882 0.00603533
internal_weight=129880 73057 56823 60433 43750 12624 8117 30727 13023 28710 5415 48706 8482 4522 7209 16683 2017 46644 7906 1400 2121 4541 5490 2572 1719 2062 4572 6506 3545 2038
internal_count=129880 73057 56823 60433 43750 12624 8117 30727 13023 28710 5415 48706 8482 4522 7209 16683 2017 46644 7906 1400 2121 4541 5490 2572 1719 2062 4572 6506 3545 2038
is_linear=0
shrinkage=0.05


Tree=12
num_leaves=31
num_cat=0
split_feature=6 6 17 6 20 49 6 70 1 17 70 18 8 8 70 19 10 8 22 7 70 20 35 1 17 17 21 1 17 10
split_gain=14264.8 576.836 379.612 355.012 278.25 140.91 116.999 112.255 108.458 80.5754 67.2545 56.4309 53.9925 50.3199 39.6937 37.5434 34.6213 31.5848 31.4105 66.2982 30.5243 28.1896 27.3101 24.4266 22.7185 22.0925 21.589 21.1969 70.0236 54.1517
threshold=815.00000000000011 615.00000000000011 31.500000000000004 905.00000000000011 0.80000000000000171 0.115 725.00000000000011 0.19999999999999665 29.150000000000009 27.500000000000004 1.0000000000000011 26.500000000000004 231.50000000000003 302.50000000000006 0.20000000000000465 2.2999999999999985 -0.85225707553516283 24.500000000000004 1.0000000180025095e-35 7.5000000000000009 0.20000000000000465 0.3000000000000061 1.0000000180025095e-35 20.850000000000005 32.500000000000007 30.500000000000004 11.500000000000002 30.025000000000002 32.500000000000007 -0.99983123799342477
decision_type=2 2 2 2 2 2 2 2 2 2 2 2 2 2 2 2 2 2 2 2 2 2 2 2 2 2 2 2 2 2
left_child=1 2 5 7 10 8 22 -2 9 -1 11 23 -10 17 -5 27 18 -8 -16 -20 26 -9 24 -3 -6 -22 -7 29 -29 -4
right_child=3 4 15 14 6 20 13 21 12 -11 -12 -13 -14 -15 16 -17 -18 -19 19 -21 25 -23 -24 -25 -26 -27 -28 28 -30 -31
leaf_value=0.059419506589290211 -0.0033800194147016239 0.005664024367184179 -0.0183791469578517 -0.010807201712992778 0.029801017627858774 0.035934335181481529 -0.0080574213582945125 -0.010811978131537697 -0.012981987610476121 0.088342805281323877 -0.013800967077772897 0.014833215151294538 0.069186892590987634 -0.0063251463242324293 -0.010807201712992778 0.035487414533308066 -0.010807201712992778 0.011300287710997267 -0.010807201712992778 0.00021917681068806262 -0.0037529000241189772 -0.009838674848483964 0.012665620658261573 -0.0086829008426112415 0.048505229106438931 0.042653973552224084 -0.0030864592345191625 -4.0638609520493586e-05 0.089079599192284309 0.098079606106423092
leaf_weight=23053 2794 802 65 2732 4207 1322 290 3425 655 12255 1572 1256 426 1022 6223 988 37484 3396 1262 103 2406 1899 1387 2881 1222 305 63 407 2917 11061
leaf_count=23053 2794 802 65 2732 4207 1322 290 3425 655 12255 1572 1256 426 1022 6223 988 37484 3396 1262 103 2406 1899 1387 2881 1222 305 63 407 2917 11061
internal_value=-0.00246766 0.0119412 0.0144489 -0.0215237 0.00416551 0.011905 0.00883374 -0.0118564 0.0128947 0.0133723 -0.00409691 -0.00123001 -0.00270583 0.00277188 -0.0231654 0.02112 -0.0235201 0.00549376 -0.0204402 -0.0135714 0.00311279 -0.0161157 0.0130208 -0.00435107 0.0146206 2.76651e-05 0.00915162 0.0217647 0.0182611 0.0228114
internal_weight=129880 73958 55923 55922 18035 40485 11524 8118 36389 35308 6511 4939 1081 4708 47804 15438 45072 3686 7588 1365 4096 5324 6816 3683 5429 2711 1385 14450 3324 11126
internal_count=129880 73958 55923 55922 18035 40485 11524 8118 36389 35308 6511 4939 1081 4708 47804 15438 45072 3686 7588 1365 4096 5324 6816 3683 5429 2711 1385 14450 3324 11126
is_linear=0
shrinkage=0.05


Tree=13
num_leaves=31
num_cat=0
split_feature=6 6 17 6 3 35 10 70 6 17 9 23 70 1 70 19 19 70 17 10 10 22 7 15 9 8 1 17 19 17
split_gain=13914.4 557.506 395.692 357.197 295.578 141.257 115.136 113.116 94.6125 89.5313 79.401 60.9132 58.1595 44.5106 41.5885 39.2745 38.1178 37.3105 36.9875 35.0918 34.6213 31.4105 66.2982 30.3376 25.8654 25.572 22.3087 59.0526 20.4859 19.6913
threshold=815.00000000000011 605.00000000000011 31.500000000000004 905.00000000000011 0.40000000000000308 0.00078947368421052641 -0.73284120334876357 0.29999999999999943 725.00000000000011 31.500000000000004 0.99053107487289871 1.0000000180025095e-35 0.90000000000000402 29.950000000000003 0.20000000000000465 2.2999999999999985 0.500000000000001 0.40000000000000396 26.500000000000004 0.71353761266622884 -0.85225707553516283 1.0000000180025095e-35 7.5000000000000009 11.750000000000002 -0.8781231054254196 296.50000000000006 29.450000000000003 32.500000000000007 7.0999999999999996 32.500000000000007
decision_type=2 2 2 2 2 2 2 2 2 2 2 2 2 2 2 2 2 2 2 2 2 2 2 2 2 2 2 2 2 2
left_child=1 2 5 7 9 6 13 25 17 12 -8 16 24 -1 23 26 -7 29 -13 -10 21 28 -23 -5 -3 -2 -4 -28 -16 -6
right_child=3 4 15 14 8 11 10 -9 19 -11 -12 18 -14 -15 20 -17 -18 -19 -20 -21 -22 22 -24 -25 -26 -27 27 -29 -30 -31
leaf_value=0.026220364249983998 -0.0027799071197479098 0.0081967304386432304 0.099175616502777356 0.013700093616495081 0.028329339244487536 0.049948529114058497 0.081448531259825707 -0.010271379224960814 0.010651185750829573 0.012020171084609578 0.013408837308848476 -0.021972090429130092 -0.013449319682803221 -0.019549713214154923 -0.010266841627343141 0.03218008727716358 0.024563622351241196 -0.0013159727198733151 0.004741952143998196 -0.0044210942980273454 -0.010266841627343141 -0.010266841627343141 0.00020821797015365963 -0.010266841627343141 -0.0065434299406433418 -0.0079070458481613794 0.029000172473180947 0.088389498323597077 0.0013398726081103763 0.042717264148945118
leaf_weight=1696 2813 753 6991 42 5129 4072 24472 4509 2918 1775 1573 363 1384 164 6130 882 6104 495 1388 1053 37484 1262 103 2690 3976 796 1572 5744 93 1454
leaf_count=1696 2813 753 6991 42 5129 4072 24472 4509 2918 1775 1573 363 1384 164 6130 882 6104 495 1388 1053 37484 1262 103 2690 3976 796 1572 5744 93 1454
internal_value=-0.00268979 0.011541 0.0140878 -0.0215103 0.00414136 0.0114694 0.0134161 -0.0118133 0.0094194 -0.00325177 0.0142743 0.00691498 -0.0061222 0.00139785 -0.0231571 0.0209543 0.00839721 0.012885 -0.00169903 0.00324226 -0.0235201 -0.0204402 -0.0135714 -0.0171669 -0.00348382 -0.00521613 0.0215856 0.0196555 -0.0219468 0.0138804
internal_weight=129880 73958 55021 55922 18937 39832 27905 8118 11049 7888 26045 11927 6113 1860 47804 15189 10176 7078 1751 3971 45072 7588 1365 2732 4729 3609 14307 7316 6223 6583
internal_count=129880 73958 55021 55922 18937 39832 27905 8118 11049 7888 26045 11927 6113 1860 47804 15189 10176 7078 1751 3971 45072 7588 1365 2732 4729 3609 14307 7316 6223 6583
is_linear=0
shrinkage=0.05


Tree=14
num_leaves=31
num_cat=0
split_feature=4 16 17 6 20 19 0 35 10 17 6 6 35 23 8 19 70 6 1 17 17 6 1 8 8 44 8 3 10 10
split_gain=11258.7 517.932 467.441 213.152 280.038 136.294 131.85 125.899 111.623 76.2861 74.3382 61.3884 55.4184 55.0272 51.8866 46.2037 45.4326 42.8996 42.1371 39.4235 38.8168 34.0275 35.8639 47.2965 33.9378 37.7619 30.3672 29.6426 29.1947 27.5246
threshold=12.500000000000002 25.000000000000004 31.500000000000004 585.00000000000011 0.89999999999999603 2.2999999999999985 30.225000000000005 1.0000000180025095e-35 -0.73284120334876357 27.500000000000004 865.00000000000011 855.00000000000011 0.0044736842105263172 1.0000000180025095e-35 296.50000000000006 5.9500000000000002 1.0000000000000011 705.00000000000011 29.950000000000003 26.500000000000004 26.500000000000004 845.00000000000011 34.750000000000007 204.50000000000003 237.50000000000003 1.0000000180025095e-35 223.50000000000003 0.79999999999999549 -0.91595872546125101 0.7710868207630478
decision_type=2 2 2 2 2 2 2 2 2 2 2 2 2 2 2 2 2 2 2 2 2 2 2 2 2 2 2 2 2 2
left_child=2 11 3 7 16 24 10 8 18 -10 -3 29 -7 19 15 -12 -5 27 -1 -9 -15 -8 28 -24 25 26 -4 -6 -23 -2
right_child=1 6 5 4 17 12 21 13 9 -11 14 -13 -14 20 -16 -17 -18 -19 -20 -21 -22 22 23 -25 -26 -27 -28 -29 -30 -31
leaf_value=0.024909346037484792 0.0015254162825690865 -0.0099225252779043711 0.083324487388434704 -0.0046022420280507738 0.019508392911076491 0.033851378088824151 -0.0027737606037107373 0.020211584864211627 0.067376102312648622 0.087929531209049672 -0.0097534995459759837 -0.0072456944817463759 0.0026305415501582303 -0.021362009165009823 -0.0097534995459759837 -0.0097534995459759837 -0.013042053131454285 0.0068089642303040656 -0.018572227553447174 0.047697481515509843 0.0070112453240929523 -0.0097534995459759837 -0.0097534995459759837 -4.7056295872330289e-05 0.091725617177442875 0.044756141586597513 0.0750608307732126 0.036835932157586133 -0.0097534995459759837 -0.0075142209996715559
leaf_weight=1601 2927 3152 7395 3496 1809 3244 626 5084 17130 7746 24997 3792 1140 351 11039 4576 1252 2761 154 5101 1359 2811 253 800 4637 1912 1094 3088 3739 814
leaf_count=1601 2927 3152 7395 3496 1809 3244 626 5084 17130 7746 24997 3792 1140 351 11039 4576 1252 2761 154 5101 1359 2811 253 800 4637 1912 1094 3088 3739 814
internal_value=-0.00162843 -0.0176326 0.0119126 0.00939586 0.00369579 0.0185125 -0.0194079 0.0112314 0.0131416 0.0140014 -0.0204997 -0.00537966 0.010755 0.0069546 -0.0210738 -0.0199819 -0.00584457 0.00961086 0.000954416 0.00834806 -0.00134503 -0.0136013 -0.0145239 -0.00595916 0.020774 0.0191881 0.0206179 0.0124209 -0.0159008 -0.000835338
internal_weight=129880 59526 70354 50932 12406 19422 51993 38526 26631 24876 43764 7533 4384 11895 40612 29573 4748 7658 1755 10185 1710 8229 7603 1053 15038 10401 8489 4897 6550 3741
internal_count=129880 59526 70354 50932 12406 19422 51993 38526 26631 24876 43764 7533 4384 11895 40612 29573 4748 7658 1755 10185 1710 8229 7603 1053 15038 10401 8489 4897 6550 3741
is_linear=0
shrinkage=0.05


Tree=15
num_leaves=31
num_cat=0
split_feature=6 17 16 4 20 19 0 51 10 17 10 70 1 4 8 6 35 6 19 8 10 70 9 1 8 18 10 9 17 19
split_gain=10795.2 476.675 414.267 263.668 229.041 172.789 119.163 109.971 98.1875 104.561 77.3633 64.0164 61.5418 59.5027 55.0443 53.4531 47.7634 40.5102 45.7442 36.8861 45.736 35.8853 34.1447 30.2732 45.8429 41.1088 32.4114 33.1382 28.9465 33.9735
threshold=795.00000000000011 31.500000000000004 35.000000000000007 9.5000000000000018 1.0999999999999963 2.2999999999999985 30.225000000000005 0.12500000000000003 -0.73284120334876357 27.500000000000004 -0.99983123799342477 0.90000000000000402 29.950000000000003 11.500000000000002 296.50000000000006 855.00000000000011 0.0034210526315789484 885.00000000000011 5.9500000000000002 237.50000000000003 -0.78858226040708135 0.20000000000000465 0.40614137006726808 34.750000000000007 204.50000000000003 27.500000000000004 -0.91595872546125101 0.35846314187849709 32.500000000000007 3.9500000000000015
decision_type=2 2 2 2 2 2 2 2 2 2 2 2 2 2 2 2 2 2 2 2 2 2 2 2 2 2 2 2 2 2
left_child=1 3 15 7 11 10 14 8 12 -10 -3 -5 -1 -6 17 -2 28 -4 -19 20 -12 -9 -15 26 -25 -26 27 -8 -7 -30
right_child=2 5 6 4 13 16 23 21 9 -11 19 -13 -14 22 -16 -17 -18 18 -20 -21 -22 -23 -24 24 25 -27 -28 -29 29 -31
leaf_value=0.023663878735610558 -0.0022488218740311901 -0.0022687099967383163 -0.0094348503006055715 -0.0028637769967391259 0.027013071217468321 0.015069082514385747 -0.0092658245686771841 0.032533150576007079 0.052276674212547253 0.081802434048314027 0.076039919947068518 -0.012326500709649656 -0.017643616175774816 -0.0015782188442593605 -0.0092658245686771841 -0.0077097380658686047 0.0024245966290653621 -0.0092658245686771841 -0.0092658245686771841 0.087139336318570737 0.055894608787976655 -0.002558775382740958 0.019399456720869502 -0.0092658245686771841 -0.0047511466566765616 0.0002001598864395937 -0.0092658245686771841 0.0054406183834032453 0.045593430335848041 0.013102625263980559
leaf_weight=2689 3030 167 2080 4561 4375 1179 2791 1283 22045 10505 8248 1485 209 1678 11642 4577 1299 24261 4486 4637 1998 2448 958 243 138 658 3756 62 1592 800
leaf_count=2689 3030 167 2080 4561 4375 1179 2791 1283 22045 10505 8248 1485 209 1678 11642 4577 1299 24261 4486 4637 1998 2448 958 243 138 658 3756 62 1592 800
internal_value=-0.00190368 0.0109894 -0.0180202 0.00847978 0.00232634 0.0175703 -0.0196705 0.0105305 0.0113899 0.0121751 0.0202193 -0.00480483 0.00257074 0.00847597 -0.0207051 -0.00714802 0.00938398 -0.0195989 -0.0200864 0.020599 0.0189245 0.00236532 0.00254173 -0.0139252 -0.00599134 -0.000188442 -0.0151725 -0.0111549 0.0123705 0.0155309
internal_weight=129880 72156 57724 52236 13057 19920 50117 39179 35448 32550 15050 6046 2898 7011 42469 7607 4870 30827 28747 14883 10246 3731 2636 7648 1039 796 6609 2853 3571 2392
internal_count=129880 72156 57724 52236 13057 19920 50117 39179 35448 32550 15050 6046 2898 7011 42469 7607 4870 30827 28747 14883 10246 3731 2636 7648 1039 796 6609 2853 3571 2392
is_linear=0
shrinkage=0.05


Tree=16
num_leaves=31
num_cat=0
split_feature=6 17 16 6 19 20 10 0 17 1 1 10 1 17 70 6 8 70 6 19 6 1 8 17 1 8 18 10 9 9
split_gain=10455.2 492.827 370.459 281.325 192.436 176.173 129.907 116.012 108.894 193.58 89.0448 75.8592 68.1668 75.8976 60.3277 54.779 54.3356 44.0456 43.7053 39.1271 42.4305 41.2415 38.2525 45.4747 31.2141 45.9448 41.2231 32.1398 33.3918 30.6271
threshold=805.00000000000011 31.500000000000004 35.000000000000007 615.00000000000011 2.2999999999999985 1.0999999999999963 -0.34234976856068178 30.225000000000005 27.500000000000004 21.450000000000003 27.050000000000008 -0.99983123799342477 29.950000000000003 29.500000000000004 0.90000000000000402 735.00000000000011 296.50000000000006 0.11666666666666715 855.00000000000011 5.9500000000000002 885.00000000000011 30.225000000000005 239.50000000000003 33.500000000000007 34.750000000000007 204.50000000000003 27.500000000000004 -0.91595872546125101 0.35846314187849709 0.40614137006726808
decision_type=2 2 2 2 2 2 2 2 2 2 2 2 2 2 2 2 2 2 2 2 2 2 2 2 2 2 2 2 2 2
left_child=1 3 18 6 11 14 12 16 9 -8 -10 -3 13 -1 -5 -7 19 -6 -2 20 -4 -21 23 -13 27 -26 -27 28 -9 -17
right_child=2 4 7 5 17 15 8 24 10 -11 -12 22 -14 -15 -16 29 -18 -19 -20 21 -22 -23 -24 -25 25 26 -28 -29 -30 -31
leaf_value=0.015724318597781162 -0.0021493880084087649 -0.002155274496901405 -0.008963107785575292 -0.0030033939618829388 0.026452445758201732 0.020735256109657346 0.06878685610902481 -0.0088025333402433244 0.089442935330367276 0.011120889105003862 0.042896180999956457 0.058099873580206234 -0.016761435366986075 0.052596502148642865 -0.0113938845240235 -0.0044641449098857143 -0.0088025333402433244 0.0070690819461076476 -0.0073242511625751742 -0.0088025333402433244 -0.0088025333402433244 -0.0088025333402433244 0.0827823695026422 0.096776708257817867 -0.0088025333402433244 -0.0045135893238427314 0.00019015189211761264 -0.0088025333402433244 0.0051685874642330822 0.014282372570372055
leaf_weight=5568 2448 167 1784 4378 3013 4472 15944 2768 5648 6995 2536 7509 320 3474 1392 1357 11580 2101 4577 2698 24261 1887 4353 3026 243 138 657 3720 62 804
leaf_count=5568 2448 167 1784 4378 3013 4472 15944 2768 5648 6995 2536 7509 320 3474 1392 1357 11580 2101 4577 2698 24261 1887 4353 3026 243 138 657 3720 62 804
internal_value=-0.00211888 0.0103922 -0.0182043 0.00785622 0.0170422 0.00126784 0.00987464 -0.0197207 0.011428 0.00966149 0.0163795 0.0198887 0.00471053 0.00551316 -0.00512132 0.00682572 -0.0207439 0.0086625 -0.00745552 -0.0196409 -0.0203907 -0.0153817 0.0202646 0.0186355 -0.0140287 -0.00597303 -0.000157233 -0.0153053 -0.0112898 0.000289218
internal_weight=129880 73057 56823 52888 20169 12403 40485 49798 31123 22939 8184 15055 9362 9042 5770 6633 42210 5114 7025 30630 26045 4585 14888 10535 7588 1038 795 6550 2830 2161
internal_count=129880 73057 56823 52888 20169 12403 40485 49798 31123 22939 8184 15055 9362 9042 5770 6633 42210 5114 7025 30630 26045 4585 14888 10535 7588 1038 795 6550 2830 2161
is_linear=0
shrinkage=0.05


Tree=17
num_leaves=31
num_cat=0
split_feature=6 17 16 6 19 3 70 10 0 9 10 1 70 8 17 1 70 6 19 1 70 7 6 1 8 18 10 9 70 9
split_gain=10082.3 503.653 340.045 289.364 208.675 198.405 138.808 124.646 113.569 111.284 109.812 60.4421 57.4478 52.7381 50.3635 139.485 47.7755 46.3325 40.5444 41.3952 36.8185 35.5524 34.0405 32.229 46.1496 41.4533 32.1469 33.6004 29.3387 28.8763
threshold=815.00000000000011 31.500000000000004 35.000000000000007 605.00000000000011 2.4999999999999996 0.49999999999999739 2.100000000000001 -0.34234976856068178 30.225000000000005 0.99907018497641664 -0.99938741687870725 29.750000000000004 0.90000000000000402 296.50000000000006 32.500000000000007 29.750000000000004 0.20000000000000465 725.00000000000011 5.9500000000000002 30.225000000000005 0.099999999999996106 6.5000000000000009 885.00000000000011 34.750000000000007 204.50000000000003 27.500000000000004 -0.91595872546125101 0.35846314187849709 0.40000000000000396 0.26037272046371446
decision_type=2 2 2 2 2 2 2 2 2 2 2 2 2 2 2 2 2 2 2 2 2 2 2 2 2 2 2 2 2 2
left_child=1 3 20 6 10 12 7 11 13 -9 21 -1 -5 18 15 -12 -6 28 22 -20 -2 -3 -4 26 -25 -26 27 -10 -7 -8
right_child=2 4 8 5 16 17 29 9 23 -11 14 -13 -14 -15 -16 -17 -18 -19 19 -21 -22 -23 -24 24 25 -27 -28 -29 -30 -31
leaf_value=0.026618058334005282 -0.0038053703962543624 0.011098525710074676 -0.0085149523962965278 -0.0040601361263240118 0.021682985998137928 0.023705773716168048 0.00013878616905274032 0.063705001048805387 -0.0083624066732311576 -0.02782050700982729 0.059187609574869751 -0.015923363598636772 -0.011076497632152592 -0.0083624066732311576 0.081134469527705699 -0.00033942071791561725 0.00042980900612099029 0.0015739571298631434 -0.0083624066732311576 -0.0083624066732311576 -0.0085141251072549939 -0.0025487266573507752 -0.0083624066732311576 -0.0083624066732311576 -0.0042879098576505958 0.00018064429751173117 -0.0083624066732311576 0.0049101580910214278 -0.007444047397336756 -0.023605312743073523
leaf_weight=8556 2940 138 1588 4776 3216 4446 973 28765 2743 610 4537 294 1385 11508 9654 1062 1581 2688 2693 1886 3519 230 24261 243 138 655 3686 62 413 634
leaf_count=8556 2940 138 1588 4776 3216 4446 973 28765 2743 610 4537 294 1385 11508 9654 1062 1581 2688 2693 1886 3519 230 24261 243 138 655 3686 62 413 634
internal_value=-0.0023514 0.0097623 -0.018372 0.00721423 0.0164438 0.000948351 0.00937061 0.0099758 -0.0197809 0.011543 0.0192449 0.00477401 -0.0057093 -0.020796 0.0198961 0.0161234 0.00732228 0.00638333 -0.0197055 -0.0153691 -0.00758244 -0.00774457 -0.0204737 -0.0141258 -0.00593629 -9.45776e-05 -0.0154329 -0.0113993 0.00929718 -0.00502489
internal_weight=129880 73958 55922 53540 20418 13708 39832 38225 49463 29375 15621 8850 6161 41936 15253 5599 4797 7547 30428 4579 6459 368 25849 7527 1036 793 6491 2805 4859 1607
internal_count=129880 73958 55922 53540 20418 13708 39832 38225 49463 29375 15621 8850 6161 41936 15253 5599 4797 7547 30428 4579 6459 368 25849 7527 1036 793 6491 2805 4859 1607
is_linear=0
shrinkage=0.05


Tree=18
num_leaves=31
num_cat=0
split_feature=6 17 16 6 19 70 70 10 17 0 10 18 8 17 1 70 2 19 1 1 8 18 70 6 10 19 7 8 17 37
split_gain=9759.78 537.708 291.672 289.905 226.257 152.574 135.607 129.548 116.733 106.251 89.0634 59.7141 52.7027 47.7716 101.078 47.5702 41.7143 41.6572 41.3284 34.1916 46.2244 41.2261 30.0862 27.7417 27.2691 31.8601 27.2358 26.5286 24.2313 23.8588
threshold=825.00000000000011 31.500000000000004 35.000000000000007 645.00000000000011 2.4999999999999996 0.40000000000000396 2.2000000000000051 -0.34234976856068178 28.500000000000004 30.225000000000005 -0.99938741687870725 22.500000000000004 296.50000000000006 33.500000000000007 29.750000000000004 0.20000000000000465 0.09999999999999877 5.9500000000000002 30.225000000000005 34.750000000000007 204.50000000000003 27.500000000000004 0.19999999999999665 885.00000000000011 -0.91595872546125101 6.9500000000000028 6.5000000000000009 309.50000000000006 32.500000000000007 0.43428755740153208
decision_type=2 2 2 2 2 2 2 2 2 2 2 2 2 2 2 2 2 2 2 2 2 2 2 2 2 2 2 2 2 2
left_child=1 3 22 6 10 16 7 11 -9 12 26 -1 17 14 -12 29 -5 23 -19 24 -21 -22 -2 -4 25 -11 28 -18 -3 -6
right_child=2 4 9 5 15 -7 -8 8 -10 19 13 -13 -14 -15 -16 -17 27 18 -20 20 21 -23 -24 -25 -26 -27 -28 -29 -30 -31
leaf_value=0.063577583971180116 -0.0036151018764416457 0.024105652996580653 -0.008089204776481701 -0.0031781100138448554 0.022805385234031417 -0.010013502222324 -0.012920448745345404 0.04311900147225263 0.076785543279780211 -0.0079442863395695982 0.071228238632869423 0.01548573161885154 -0.0079442863395695982 0.087892376635660921 0.031185395377930837 -0.00022213470591180286 0.013493488153051937 -0.0079442863395695982 -0.0079442863395695982 -0.0079442863395695982 -0.0040735143647680659 0.00017161208263614394 -0.0080884188518922425 -0.0079442863395695982 -0.0079442863395695982 0.0030820921841112434 -0.0024212903244832384 -4.9078268895547118e-05 -0.013403126119037979 -0.0028631932978782082
leaf_weight=802 3629 101 1391 2250 2994 2983 1379 25038 6530 2719 7946 8695 11401 4457 2854 1693 4711 2688 1883 243 137 653 2310 24261 3648 57 232 1805 37 353
leaf_count=802 3629 101 1391 2250 2994 2983 1379 25038 6530 2719 7946 8695 11401 4457 2854 1693 4711 2688 1883 243 137 653 2310 24261 3648 57 232 1805 37 353
internal_value=-0.00261472 0.00913572 -0.0186023 0.00651883 0.0159977 -0.000431952 0.00844289 0.00896079 0.0105011 -0.0198687 0.0189688 0.00384069 -0.0208534 0.0195566 0.0177593 0.00678571 0.00289185 -0.0197606 -0.0153632 -0.0143724 -0.00592933 -6.32911e-05 -0.00813689 -0.0205442 -0.0157301 -0.0119957 -0.00527027 0.00491866 0.0123188 0.0102405
internal_weight=129880 74860 55020 54193 20667 11749 42444 41065 31568 49081 15627 9497 41624 15257 10800 5040 8766 30223 4571 7457 1033 790 5939 25652 6424 2776 370 6516 138 3347
internal_count=129880 74860 55020 54193 20667 11749 42444 41065 31568 49081 15627 9497 41624 15257 10800 5040 8766 30223 4571 7457 1033 790 5939 25652 6424 2776 370 6516 138 3347
is_linear=0
shrinkage=0.05


Tree=19
num_leaves=31
num_cat=0
split_feature=6 17 16 6 19 70 1 17 18 0 1 10 9 3 8 8 17 1 35 19 1 19 17 4 1 8 18 10 9 6
split_gain=9558.29 527.211 296.734 279.027 235.591 169.315 127.758 153.258 182.95 111.704 98.8955 87.0573 62.1698 55.716 52.3577 46.2092 48.4771 44.9836 43.295 41.4068 41.3284 39.0723 37.5902 35.5385 32.7411 46.2244 41.2261 30.8889 33.8787 29.0837
threshold=825.00000000000011 31.500000000000004 35.000000000000007 625.00000000000011 2.0000000000000013 0.40000000000000396 28.225000000000005 28.500000000000004 22.500000000000004 30.225000000000005 26.350000000000005 -0.99938741687870725 0.81428061195174062 0.5999999999999962 296.50000000000006 239.50000000000003 33.500000000000007 29.950000000000003 0.00078947368421052641 5.9500000000000002 30.225000000000005 4.0999999999999996 32.500000000000007 11.500000000000002 34.750000000000007 204.50000000000003 27.500000000000004 -0.91595872546125101 0.35846314187849709 885.00000000000011
decision_type=2 2 2 2 2 2 2 2 2 2 2 2 2 2 2 2 2 2 2 2 2 2 2 2 2 2 2 2 2 2
left_child=1 3 -2 6 11 13 7 8 -1 14 -9 -3 17 -5 19 16 -13 -8 21 29 -21 22 -6 -15 27 -26 -27 28 -11 -4
right_child=2 4 9 5 18 -7 12 10 -10 24 -12 15 -14 23 -16 -17 -18 -19 -20 20 -22 -23 -24 -25 25 26 -28 -29 -30 -31
leaf_value=0.04702323694958202 -0.0054322359136469217 -0.0017990099229646451 -0.0076847445376576175 -0.001568617554679147 0.015455222334859204 -0.0095458308287638891 0.015543980632722987 0.10374808266065721 -0.00322856492561201 -0.0075470720225911175 0.039186417789177419 0.051475000467467114 -0.025179093081633575 0.021362372585578465 -0.0075470720225911175 0.072122458617123117 0.083497757803877873 -0.015901481999647509 0.0014084996101071099 -0.0075470720225911175 -0.0075470720225911175 0.0057230558861265284 0.038238618610143514 0.0031104551646546686 -0.0075470720225911175 -0.0038698386465296636 0.00016303147850433577 -0.0075470720225911175 0.0050618645034488374 -0.0075470720225911175
leaf_weight=22354 5939 325 1391 4220 1088 3254 3265 4217 5906 2714 4780 7029 265 3024 11401 4169 2918 351 1818 2688 1883 1318 2002 2557 243 137 653 3648 62 24261
leaf_count=22354 5939 325 1391 4220 1088 3254 3265 4217 5906 2714 4780 7029 265 3024 11401 4169 2918 351 1818 2688 1883 1318 2002 2557 243 137 653 3648 62 24261
internal_value=-0.0027279 0.00890061 -0.0185496 0.00630939 0.0156953 -5.93642e-05 0.0083305 0.00922981 0.00742038 -0.0198269 0.0149133 0.0192005 -0.000302757 0.00322161 -0.0208365 0.0197896 0.0179376 0.0014104 0.00756505 -0.0197474 -0.0153632 0.0102427 0.0133172 0.00649973 -0.0141914 -0.00592933 -6.32911e-05 -0.0155199 -0.0115454 -0.0205286
internal_weight=129880 74860 55020 54193 20667 13055 41138 37257 28260 49081 8997 14441 3881 9801 41624 14116 9947 3616 6226 30223 4571 4408 3090 5581 7457 1033 790 6424 2776 25652
internal_count=129880 74860 55020 54193 20667 13055 41138 37257 28260 49081 8997 14441 3881 9801 41624 14116 9947 3616 6226 30223 4571 4408 3090 5581 7457 1033 790 6424 2776 25652
is_linear=0
shrinkage=0.05


Tree=20
num_leaves=31
num_cat=0
split_feature=6 17 16 6 3 19 19 0 1 17 10 70 8 6 8 11 17 1 19 1 1 8 18 35 6 10 9 8 20 17
split_gain=9312.45 514.28 300.11 264.515 232.854 232.062 122.669 112.556 108.703 140.975 84.1369 67.571 52.1877 52.0784 51.6375 42.5567 42.5399 97.5933 41.0327 41.3284 32.3701 46.2244 41.2261 32.175 31.9304 30.6027 33.8119 28.003 26.8445 26.0291
threshold=825.00000000000011 31.500000000000004 35.000000000000007 585.00000000000011 0.49999999999999739 2.0000000000000013 2.8999999999999999 30.225000000000005 28.225000000000005 27.500000000000004 -0.99938741687870725 0.90000000000000402 296.50000000000006 725.00000000000011 136.50000000000003 1.0000000180025095e-35 33.500000000000007 29.950000000000003 5.9500000000000002 30.225000000000005 34.750000000000007 204.50000000000003 27.500000000000004 0.017631578947368425 885.00000000000011 -0.91595872546125101 0.35846314187849709 250.50000000000003 1.2 32.500000000000007
decision_type=2 2 2 2 2 2 2 2 2 2 2 2 2 2 2 2 2 2 2 2 2 2 2 2 2 2 2 2 2 2
left_child=1 3 27 6 11 10 8 12 9 -1 -3 -5 18 28 -10 -7 17 -12 24 -20 25 -22 -23 29 -4 26 -9 -2 -6 -17
right_child=2 5 7 4 13 15 -8 20 14 -11 16 -13 -14 -15 -16 23 -18 -19 19 -21 21 22 -24 -25 -26 -27 -28 -29 -30 -31
leaf_value=0.035261761091591383 -0.0031627349869372159 -0.0017090594268164062 -0.007300507310774737 -0.004422550529215058 0.0092183330131356302 0.0044349493903697744 -0.025459645582724 -0.0071697184214615621 -0.01558685274433459 0.067758861982758309 0.062451668797269912 -0.010009101818195774 -0.0071697184214615621 0.0009064285316692706 0.0068078547779452103 0.022185919157692902 0.083783559236353375 0.026020002678178146 -0.0071697184214615621 -0.0071697184214615621 -0.0071697184214615621 -0.0036763467142031797 0.00015487990457911939 0.002911100744855222 -0.0071697184214615621 -0.0071697184214615621 0.0048087712782763949 -0.0074123861136152838 0.02446016722835568 0.039427386652539413
leaf_weight=23199 3824 325 1391 5526 1482 2864 730 2714 212 11228 8387 1644 11401 2882 3157 889 4114 1615 2688 1883 243 137 653 697 24261 3648 62 2115 4133 1776
leaf_count=23199 3824 325 1391 5526 1482 2864 730 2714 212 11228 8387 1644 11401 2882 3157 889 4114 1615 2688 1883 243 137 653 697 24261 3648 62 2115 4133 1776
internal_value=-0.00289998 0.00857801 -0.0185169 0.00601877 0.000540946 0.0152889 0.00824638 -0.0198015 0.00863848 0.0094773 0.0187677 -0.00609484 -0.0208149 0.0061404 6.67854e-05 0.00721972 0.0193468 0.0175865 -0.0197275 -0.0153632 -0.0141444 -0.00592933 -6.32911e-05 0.0110351 -0.0205052 -0.0154654 -0.0115094 -0.00790116 0.00894479 0.0135366
internal_weight=129880 74860 55020 54193 15667 20667 38526 49081 37796 34427 14441 7170 41624 8497 3369 6226 14116 10002 30223 4571 7457 1033 790 3362 25652 6424 2776 5939 5615 2665
internal_count=129880 74860 55020 54193 15667 20667 38526 49081 37796 34427 14441 7170 41624 8497 3369 6226 14116 10002 30223 4571 7457 1033 790 3362 25652 6424 2776 5939 5615 2665
is_linear=0
shrinkage=0.05


Tree=21
num_leaves=31
num_cat=0
split_feature=4 17 6 16 19 70 35 9 0 1 10 23 8 17 1 17 19 17 19 1 6 1 8 18 1 8 70 70 9 10
split_gain=9084.8 492.428 278.976 262.832 242.649 150.758 143.295 108.868 104.678 102.396 79.2479 63.5612 52.4275 50.3397 116.999 48.3953 43.463 44.7282 42.2728 41.2987 34.859 34.5117 46.2998 40.9985 31.5167 55.4874 30.9955 26.9951 26.836 26.2503
threshold=13.500000000000002 31.500000000000004 645.00000000000011 35.000000000000007 1.8999999999999997 0.3000000000000061 0.00078947368421052641 -0.96235977360714686 30.225000000000005 17.620000000000005 -0.99938741687870725 1.0000000180025095e-35 296.50000000000006 33.500000000000007 29.950000000000003 26.500000000000004 3.9000000000000044 33.500000000000007 5.9500000000000002 30.225000000000005 225.00000000000003 34.750000000000007 204.50000000000003 27.500000000000004 21.037500000000005 315.50000000000006 0.20000000000000465 1.0000000000000011 0.63920241694561786 -0.91595872546125101
decision_type=2 2 2 2 2 2 2 2 2 2 2 2 2 2 2 2 2 2 2 2 2 2 2 2 2 2 2 2 2 2
left_child=1 2 6 -2 10 24 7 -1 12 -9 -3 15 18 14 -12 -8 17 26 -5 -20 -13 29 -23 -24 28 -26 -6 -7 -4 -10
right_child=3 4 5 8 16 27 11 9 21 -11 13 20 -14 -15 -16 -17 -18 -19 19 -21 -22 22 23 -25 25 -27 -28 -29 -30 -31
leaf_value=0.069370914115248802 -0.0052466272389555153 -0.0016236064554755903 0.0047525326518259303 -0.0068112325003884845 0.020821217569708284 -0.0066726101374993841 0.0042065225272309324 0.078498677805383402 -0.0068112325003884845 0.039794470457380382 0.060029162297330553 0.019485947417218305 -0.0068112325003884845 0.079887835863606704 0.024719002544269245 0.030165043461242214 0.0012130119842626464 0.044225866435674589 -0.0068112325003884845 -0.0068112325003884845 -0.016730297546746827 -0.0068112325003884845 -0.0034925293784930202 0.00014713590935016286 0.0051217683888645955 -0.0078771410483861656 0.00094627781906469208 -0.0087919436727505098 0.040343324824571654 -0.0068112325003884845
leaf_weight=2070 5463 320 1767 25441 2163 2351 5406 4584 2741 23138 8269 606 11281 4029 1515 5367 2091 1201 2682 1880 1273 243 136 651 5081 1189 1328 1456 558 3600
leaf_count=2070 5463 320 1767 25441 2163 2351 5406 4584 2741 23138 8269 606 11281 4029 1515 5367 2091 1201 2682 1880 1273 243 136 651 5081 1189 1328 1456 558 3600
internal_value=-0.00308593 0.00809047 0.00560114 -0.0187322 0.014618 -0.000995807 0.00752874 0.00942199 -0.0198998 0.00859606 0.0183489 0.00307066 -0.0208798 0.0189188 0.0169818 0.00455073 0.00684432 0.0095162 -0.0197872 -0.0153551 -0.00541511 -0.0144112 -0.00592233 -3.17662e-05 0.00267307 0.000829346 0.00665282 -0.00927896 0.00764516 -0.0157901
internal_weight=129880 75762 54846 54118 20916 12402 42444 29792 48655 27722 14133 12652 41284 13813 9784 10773 6783 4692 30003 4562 1879 7371 1030 787 8595 6270 3491 3807 2325 6341
internal_count=129880 75762 54846 54118 20916 12402 42444 29792 48655 27722 14133 12652 41284 13813 9784 10773 6783 4692 30003 4562 1879 7371 1030 787 8595 6270 3491 3807 2325 6341
is_linear=0
shrinkage=0.05


Tree=22
num_leaves=31
num_cat=0
split_feature=4 6 17 16 20 19 0 1 17 6 17 1 70 8 19 8 20 19 1 18 1 1 8 18 10 10 9 35 70 6
split_gain=8819.96 456.532 383.14 275.585 262.071 117.356 110.98 102.122 163.45 93.071 87.9681 128.914 52.9318 52.2825 51.4539 50.2355 49.8382 42.2092 41.2987 38.6617 34.2257 32.9307 46.2998 40.9985 32.0067 30.142 34.0098 29.9948 28.0269 25.5743
threshold=13.500000000000002 585.00000000000011 31.500000000000004 35.000000000000007 0.59999999999999887 2.8999999999999999 30.225000000000005 28.225000000000005 27.500000000000004 735.00000000000011 33.500000000000007 29.950000000000003 1.1000000000000025 296.50000000000006 1.899999999999997 136.50000000000003 1.1250000000000038 5.9500000000000002 30.225000000000005 24.500000000000004 30.750000000000004 34.750000000000007 204.50000000000003 27.500000000000004 0.7710868207630478 -0.91595872546125101 0.35846314187849709 0.58710526315789491 0.19999999999999665 885.00000000000011
decision_type=2 2 2 2 2 2 2 2 2 2 2 2 2 2 2 2 2 2 2 2 2 2 2 2 2 2 2 2 2 2
left_child=1 2 5 28 12 7 13 8 -1 16 11 14 19 17 -4 -9 -6 29 -19 -3 -13 25 -23 -24 -11 26 -8 -18 -2 -5
right_child=3 4 10 6 9 -7 21 15 -10 24 -12 20 -14 -15 -16 -17 27 18 -20 -21 -22 22 23 -25 -26 -27 -28 -29 -30 -31
leaf_value=0.031904842726475112 -0.0027422668756425794 -0.0079572132943719707 0.057027704182464035 -0.0065949203202165761 0.0065142923547480032 -0.024015414157972866 -0.0064706708753690598 -0.016556497955083422 0.062265213092205764 0.0029100035286576706 0.075893444070426377 8.4651301126337231e-05 -0.0090835627417551121 -0.0064706708753690598 0.012223474458552853 0.0046383584766313216 0.023235183368823367 -0.0064706708753690598 -0.0064706708753690598 0.0023185656542150587 0.031915198777045399 -0.0064706708753690598 -0.0033179029095683683 0.00013977911388265429 -0.0054850948748350397 -0.0064706708753690598 0.0049088943393820004 -0.015295237670071149 -0.0069048256991982252 -0.0064706708753690598
leaf_weight=23199 3325 2679 8159 1180 3036 730 2679 212 11228 4328 4189 1595 1717 11281 592 3157 7194 2682 1880 1994 156 243 136 651 1394 3600 62 203 2138 24261
leaf_count=23199 3325 2679 8159 1180 3036 730 2679 212 11228 4328 4189 1595 1717 11281 592 3157 7194 2682 1880 1994 156 243 136 651 1394 3600 62 203 2138 24261
internal_value=-0.00325377 0.00775851 0.0102848 -0.0186703 0.0017953 0.00766495 -0.0198659 0.00804847 0.0088615 0.0051857 0.0171551 0.0147115 -0.00677621 -0.0208749 0.0171895 -0.000259721 0.00799626 -0.0197839 -0.0153551 -0.00401776 0.00232724 -0.0142145 -0.00592233 -3.17662e-05 6.11674e-05 -0.0155614 -0.0116107 0.0102102 -0.00802215 -0.020578
internal_weight=129880 75762 53217 54118 22545 38526 48655 37796 34427 16155 14691 10502 6390 41284 8751 3369 10433 30003 4562 4673 1751 7371 1030 787 5722 6341 2741 7397 5463 25441
internal_count=129880 75762 53217 54118 22545 38526 48655 37796 34427 16155 14691 10502 6390 41284 8751 3369 10433 30003 4562 4673 1751 7371 1030 787 5722 6341 2741 7397 5463 25441
is_linear=0
shrinkage=0.05


Tree=23
num_leaves=31
num_cat=0
split_feature=4 17 6 16 3 19 9 1 0 70 10 10 70 19 35 8 6 49 19 1 20 1 8 18 70 9 9 10 19 6
split_gain=8585.69 475.635 308.189 291.386 234.349 150.301 138.711 115.041 105.842 103.695 98.4486 90.5688 69.3199 52.7176 52.4726 52.2825 48.0946 43 42.2092 41.2987 34.2233 34.1816 46.2998 40.9985 30.3603 26.7425 26.1295 26.0964 31.4183 25.5743
threshold=13.500000000000002 32.500000000000007 575.00000000000011 35.000000000000007 0.40000000000000308 3.300000000000002 -0.96235977360714686 29.550000000000008 30.225000000000005 1.3000000000000018 -0.99052477729077237 -0.99938741687870725 1.0166666666666686 2.8999999999999999 0.082894736842105285 296.50000000000006 695.00000000000011 0.20500000000000004 5.9500000000000002 30.225000000000005 1.1999999999999977 34.750000000000007 204.50000000000003 27.500000000000004 0.099999999999996106 -0.8781231054254196 0.3744682635859638 -0.91595872546125101 6.9500000000000028 885.00000000000011
decision_type=2 2 2 2 2 2 2 2 2 2 2 2 2 2 2 2 2 2 2 2 2 2 2 2 2 2 2 2 2 2
left_child=1 2 6 24 12 11 13 9 15 -8 -9 -3 25 14 -1 18 20 -13 29 -20 -6 27 -23 -24 -2 -4 -18 28 -10 -5
right_child=3 5 4 8 16 -7 7 10 21 -11 -12 17 -14 -15 -16 -17 26 -19 19 -21 -22 22 23 -25 -26 -27 -28 -29 -30 -31
leaf_value=0.062789107754876075 -0.0026051535318604492 -0.0020478745830525558 0.0045316596835855748 -0.0062651743042057466 0.0074240590559816137 0.006629342117069819 0.041667634048077495 0.026497392777464258 -0.0061471373316006068 0.00072438754436113251 -0.017668442085262977 0.057794613995756874 -0.0088740162973073022 -0.011066351268777464 0.014843623073230847 -0.0061471373316006068 -0.0010429221873690443 0.020525936042916394 -0.0061471373316006068 -0.0061471373316006068 0.02621668039815608 -0.0061471373316006068 -0.0031520077640899511 0.0001327901581885227 -0.006559584414238314 -0.005896342678824943 0.012945411840877566 -0.0061471373316006068 0.0043279222658961945 -0.0061471373316006068
leaf_weight=3435 2448 232 1158 1180 1443 2164 33031 415 2685 4170 1417 10278 1819 99 642 11281 3107 514 2682 1880 4158 243 136 651 3015 5940 1740 3600 56 24261
leaf_count=3435 2448 232 1158 1180 1443 2164 33031 415 2685 4170 1417 10278 1819 99 642 11281 3107 514 2682 1880 4158 243 136 651 3015 5940 1740 3600 56 24261
internal_value=-0.00344972 0.00741533 0.00559657 -0.0186602 0.000355022 0.0160449 0.00794568 0.00701906 -0.0198895 0.00762143 -0.00521288 0.0184098 -0.00559886 0.0166068 0.0174822 -0.0208749 0.00543645 0.0190743 -0.0197839 -0.0153551 0.00859222 -0.0143705 -0.00592233 -3.17662e-05 -0.00771096 -0.00336715 0.00178977 -0.0157428 -0.0120668 -0.020578
internal_weight=129880 75762 62574 54118 19365 13188 43209 39033 48655 37201 1832 11024 8917 4176 4077 41284 10448 10792 30003 4562 5601 7371 1030 787 5463 7098 4847 6341 2741 25441
internal_count=129880 75762 62574 54118 19365 13188 43209 39033 48655 37201 1832 11024 8917 4176 4077 41284 10448 10792 30003 4562 5601 7371 1030 787 5463 7098 4847 6341 2741 25441
is_linear=0
shrinkage=0.05


Tree=24
num_leaves=31
num_cat=0
split_feature=4 17 16 6 6 35 70 0 1 17 17 1 10 8 1 17 17 35 6 8 2 10 19 1 9 1 8 18 6 10
split_gain=8308.01 426.106 298.815 208.385 199.78 160.083 156.969 111.578 83.8553 178.623 78.1984 165.109 75.6315 72.4331 70.4882 134.549 65.311 58.8651 52.1781 52.0506 50.7147 47.6864 42.2092 41.2987 36.9713 32.7693 46.2998 40.9985 31.1835 29.7821
threshold=13.500000000000002 30.500000000000004 35.000000000000007 615.00000000000011 565.00000000000011 1.0000000180025095e-35 0.500000000000001 30.225000000000005 27.250000000000004 28.500000000000004 33.500000000000007 29.950000000000003 -0.99983123799342477 130.50000000000003 21.037500000000005 26.500000000000004 20.500000000000004 0.017105263157894745 745.00000000000011 296.50000000000006 0.09999999999999877 -0.98521978256641018 5.9500000000000002 30.225000000000005 0.3261394409934788 34.750000000000007 204.50000000000003 27.500000000000004 915.00000000000011 -0.91595872546125101
decision_type=2 2 2 2 2 2 2 2 2 2 2 2 2 2 2 2 2 2 2 2 2 2 2 2 2 2 2 2 2 2
left_child=1 3 28 5 10 8 20 19 9 -1 11 12 -3 -10 16 -16 -7 18 -6 22 -5 -13 -4 -24 -22 29 -27 -28 -2 -9
right_child=2 4 7 6 17 14 -8 25 13 -11 -12 21 -14 -15 15 -17 -18 -19 -20 -21 24 -23 23 -25 -26 26 27 -29 -30 -31
leaf_value=0.040476798828808794 -0.0035004070816109095 -0.026526393586999833 -0.0058397804650205769 -0.0041302460372987853 0.024732849626560017 0.0070454983845346097 -0.0080137834192211092 -0.0058397804650205769 -0.022973577047686346 0.072184550619551424 0.069904892832712201 0.039656065853806301 0.053045058493551303 0.019176401022743452 -0.024775500105683801 0.009157525306803178 0.0493371415379803 -0.0030984316343110026 0.0025310042180198334 -0.0058397804650205769 0.0011004459662505906 -0.011985733035328973 -0.0058397804650205769 -0.0058397804650205769 0.019059958020997792 -0.0058397804650205769 -0.0029944073758854522 0.00012615065027909712 -0.0063186974966488191 -0.0058397804650205769
leaf_weight=19805 3276 114 25441 2801 4413 2039 2688 2741 345 3930 4047 554 11787 1577 2290 5292 1363 1764 2220 11281 4373 1225 2682 1880 3135 243 136 651 2187 3600
leaf_count=19805 3276 114 25441 2801 4413 2039 2688 2741 345 3930 4047 554 11787 1577 2290 5292 1363 1764 2220 11281 4373 1225 2682 1880 3135 243 136 651 2187 3600
internal_value=-0.00365337 0.00703453 -0.0186158 0.00431424 0.0122033 0.00624369 -0.00112526 -0.0198608 0.00840609 0.00921951 0.0152127 0.0134064 0.0155302 -0.00163892 0.00119264 -0.00149037 0.00717225 0.0058503 0.0080092 -0.0208725 0.00168057 -0.000801012 -0.0197839 -0.0153551 0.00382259 -0.0141941 -0.00592233 -3.17662e-05 -0.00752792 -0.0155378
internal_weight=129880 75762 54118 49638 26124 36641 12997 48655 25657 23735 17727 13680 11901 1922 10984 7582 3402 8397 6633 41284 10309 1779 30003 4562 7508 7371 1030 787 5463 6341
internal_count=129880 75762 54118 49638 26124 36641 12997 48655 25657 23735 17727 13680 11901 1922 10984 7582 3402 8397 6633 41284 10309 1779 30003 4562 7508 7371 1030 787 5463 6341
is_linear=0
shrinkage=0.05


Tree=25
num_leaves=31
num_cat=0
split_feature=6 17 6 16 9 70 19 1 0 10 70 35 8 4 8 8 19 1 1 8 18 70 10 9 70 0 70 17 2 6
split_gain=7984.49 441.324 280.315 258.499 179.141 158.388 149.855 134.742 109.207 108.941 70.0354 63.4907 52.1433 52.1267 43.6101 43.4374 43.2963 41.1468 33.6646 46.4803 40.8855 30.6657 29.4705 33.6916 25.1664 22.9507 22.057 21.5797 19.199 19.1163
threshold=845.00000000000011 32.500000000000007 745.00000000000011 35.000000000000007 -0.96235977360714686 1.3 3.300000000000002 21.450000000000003 30.225000000000005 -0.99938741687870725 0.60000000000000242 0.071842105263157915 296.50000000000006 8.5000000000000018 227.50000000000003 220.50000000000003 5.9500000000000002 30.225000000000005 34.750000000000007 204.50000000000003 27.500000000000004 0.19999999999999665 -0.91595872546125101 0.35846314187849709 2.4999999999999978 26.225000000000005 1.1000000000000008 30.500000000000004 -0.0083333333333328579 885.00000000000011
decision_type=2 2 2 2 2 2 2 2 2 2 2 2 2 2 2 2 2 2 2 2 2 2 2 2 2 2 2 2 2 2
left_child=1 2 4 21 11 7 9 -6 12 -3 28 24 16 -7 15 -11 29 -18 22 -20 -21 -2 23 -10 -1 -12 -8 -13 -4 -5
right_child=3 6 10 8 5 13 26 -9 18 14 25 27 -14 -15 -16 -17 17 -19 19 20 -22 -23 -24 -25 -26 -27 -28 -29 -30 -31
leaf_value=0.049268505695542912 -0.0021589609804349859 -0.0039282841465902553 -0.0052805209289204062 -0.0057045908242129469 0.046870284461081282 -0.00032113647822317186 0.0073307706031327524 0.014709130868887883 -0.0055477914417695479 0.047285354046288267 -0.0083512835188016919 -0.010438075855827601 -0.0055477914417695479 -0.010634996086008104 0.062704900091845192 0.0051809020474174574 -0.0055477914417695479 -0.0055477914417695479 -0.0055477914417695479 -0.002844687007091179 0.00011984311776514212 -0.0060027626218163779 -0.0055477914417695479 0.0054176715947207134 -0.0065731463922569571 -0.0052456126610035143 -0.010591998188844799 0.026361452068551051 -6.6143278954947093e-05 -0.0055477914417695479
leaf_weight=4468 3024 234 1330 958 15534 4566 2091 28954 2646 6355 921 499 11153 1420 3903 545 2675 1877 243 135 648 1984 3551 61 70 892 217 363 4302 24261
leaf_count=4468 3024 234 1330 958 15534 4566 2091 28954 2646 6355 921 499 11153 1420 3903 545 2675 1877 243 135 648 1984 3551 61 70 892 217 363 4302 24261
internal_value=-0.0039294 0.00639935 0.00465776 -0.0188092 0.00587214 0.00494611 0.0146628 0.00597352 -0.0199324 0.0170857 -0.00445601 0.0145278 -0.0209364 -0.00268961 0.0178168 0.0154275 -0.019844 -0.0153559 -0.0142916 -0.00589669 3.19285e-05 -0.0079972 -0.0156679 -0.0117381 0.0168907 -0.0130033 0.00307626 0.00208817 -0.00170455 -0.0206541
internal_weight=129880 76664 63319 53216 55874 50474 13345 44488 48208 11037 7445 5400 40924 5986 10803 6900 29771 4552 7284 1026 783 5008 6258 2707 4538 1813 2308 862 5632 25219
internal_count=129880 76664 63319 53216 55874 50474 13345 44488 48208 11037 7445 5400 40924 5986 10803 6900 29771 4552 7284 1026 783 5008 6258 2707 4538 1813 2308 862 5632 25219
is_linear=0
shrinkage=0.05


Tree=26
num_leaves=31
num_cat=0
split_feature=6 17 6 16 3 19 9 1 9 0 10 10 70 8 19 17 6 19 1 1 8 18 34 19 8 20 70 10 9 8
split_gain=7830.73 436.869 279.995 261.925 210.988 155.346 139.513 125.13 114.998 109.166 103.291 85.8515 66.5259 52.187 49.1208 50.9833 45.3866 43.2639 41.1468 33.6646 46.4803 40.8855 31.5139 34.9871 31.4881 30.2295 30.0827 29.4705 33.6916 29.1886
threshold=845.00000000000011 32.500000000000007 575.00000000000011 35.000000000000007 0.40000000000000308 2.3999999999999972 -0.96235977360714686 29.550000000000008 0.99700008544936913 30.225000000000005 -0.99938741687870725 -0.99273797715557011 1.0166666666666686 296.50000000000006 2.7000000000000051 27.500000000000004 685.00000000000011 5.9500000000000002 30.225000000000005 34.750000000000007 204.50000000000003 27.500000000000004 0.0060526315789473711 3.9500000000000015 227.50000000000003 1.4999999999999976 0.19999999999999665 -0.91595872546125101 0.35846314187849709 220.50000000000003
decision_type=2 2 2 2 2 2 2 2 2 2 2 2 2 2 2 2 2 2 2 2 2 2 2 2 2 2 2 2 2 2
left_child=1 2 6 26 12 10 14 8 -8 13 -3 -9 -4 17 15 -1 25 -5 -19 27 -21 -22 23 -7 29 -6 -2 28 -11 -12
right_child=3 5 4 9 16 22 7 11 -10 19 24 -13 -14 -15 -16 -17 -18 18 -20 20 21 -23 -24 -25 -26 -27 -28 -29 -30 -31
leaf_value=-0.0087959493592608459 -0.0020510129314132361 -0.0037318699392607348 -0.0047620081452293952 -0.0052704018696810712 0.010643725088259733 0.023971755890518167 0.033575833140445321 0.030772815115505048 -0.018589940736080092 -0.0052704018696810712 0.049045370952018996 -0.016921189872677773 -0.0077128783460930885 -0.0052704018696810712 -0.010642252651065909 0.051285775325215235 0.0022106357125989936 -0.0052704018696810712 -0.0052704018696810712 -0.0052704018696810712 -0.0027024526567366205 0.00011385096187688515 -0.0077434283804628246 0.0027002484405496911 0.062578551520889342 0.02743072450052892 -0.0057026244907255599 -0.0052704018696810712 0.0051467880149846769 0.0049218569450465884
leaf_weight=290 3024 193 7542 25219 2434 1691 36157 350 1044 2646 5557 1482 1928 11153 101 3785 5494 2675 1877 243 135 648 521 1428 3488 2712 1984 3551 61 467
leaf_count=290 3024 193 7542 25219 2434 1691 36157 350 1044 2646 5557 1482 1928 11153 101 3785 5494 2675 1877 243 135 648 521 1428 3488 2712 1984 3551 61 467
internal_value=-0.00406491 0.00616391 0.00443113 -0.0188007 -0.000442566 0.0143855 0.00669941 0.00577012 0.00639835 -0.0199313 0.0176893 -0.0069869 -0.00587117 -0.0209351 0.0153855 0.0162393 0.0043891 -0.0198423 -0.0153559 -0.0142916 -0.00589669 3.19285e-05 0.00557692 0.00747836 0.0184241 0.00776331 -0.00791733 -0.0156679 -0.0117381 0.0162351
internal_weight=129880 76664 63319 53216 20110 13345 43209 39033 37201 48208 9705 1832 9470 40924 4176 4075 10640 29771 4552 7284 1026 783 3640 3119 9512 5146 5008 6258 2707 6024
internal_count=129880 76664 63319 53216 20110 13345 43209 39033 37201 48208 9705 1832 9470 40924 4176 4075 10640 29771 4552 7284 1026 783 3640 3119 9512 5146 5008 6258 2707 6024
is_linear=0
shrinkage=0.05


Tree=27
num_leaves=31
num_cat=0
split_feature=6 17 16 6 3 19 9 1 0 9 10 10 70 8 35 19 4 19 1 17 8 1 8 18 48 70 4 10 9 19
split_gain=7640.56 441.702 262.35 253.246 216.873 157.067 136.82 122.323 106.85 105.853 102.265 68.3767 68.2535 52.6382 50.8204 49.6401 48.6637 42.6558 41.7864 37.0179 34.5259 33.6646 46.4803 40.8855 33.1049 30.3283 30.1725 29.4705 33.6916 27.8777
threshold=845.00000000000011 32.500000000000007 35.000000000000007 565.00000000000011 0.49999999999999739 2.3999999999999972 -0.96235977360714686 29.550000000000008 30.225000000000005 0.99700008544936913 -0.99938741687870725 -0.99273797715557011 0.6000000000000002 296.50000000000006 0.090263157894736865 2.7000000000000051 10.500000000000002 5.9500000000000002 30.225000000000005 26.500000000000004 302.50000000000006 34.750000000000007 204.50000000000003 27.500000000000004 0.20500000000000004 0.19999999999999665 14.500000000000002 -0.91595872546125101 0.35846314187849709 3.9500000000000015
decision_type=2 2 2 2 2 2 2 2 2 2 2 2 2 2 2 2 2 2 2 2 2 2 2 2 2 2 2 2 2 2
left_child=1 3 25 6 12 10 14 9 13 -8 -3 -9 -5 17 15 -1 -6 26 -19 -14 -18 27 -23 -24 -12 -2 -4 28 -10 -7
right_child=2 5 8 4 16 29 7 11 21 -11 24 -13 19 -15 -16 -17 20 18 -20 -21 -22 22 23 -25 -26 -27 -28 -29 -30 -31
leaf_value=0.052458161231890336 -0.001948462284842574 -0.0035452764422976958 -0.0053482076523022372 -0.003063065523410942 0.024331173176248624 0.017840749450902981 0.033035713306496642 0.03153121407127342 -0.0050068817761970176 -0.017660443699276086 0.05302183957608269 -0.016075130379043883 -0.0090399525327698096 -0.0050068817761970176 0.0074790811621195724 -0.010110140018512615 0.0081296805859878678 -0.0050068817761970176 -0.0050068817761970176 -0.0051871561368653897 -0.0042780319815012959 -0.0050068817761970176 -0.0025673300238997889 0.00010815841378304104 0.022166633926003154 -0.0054174932661892813 -0.0050068817761970176 -0.0050068817761970176 0.0048894486142354423 0.00041764427664474081
leaf_weight=3388 3024 193 1200 6188 4092 2029 35562 342 2646 1026 9096 1430 1645 11153 644 72 5112 2675 1877 2049 1769 243 135 648 416 1984 24019 3551 61 1611
leaf_count=3388 3024 193 1200 6188 4092 2029 35562 342 2646 1026 9096 1430 1645 11153 644 72 5112 2675 1877 2049 1769 243 135 648 416 1984 24019 3551 61 1611
internal_value=-0.00418386 0.00591999 -0.0187397 0.00417766 -0.000334452 0.014187 0.00639365 0.00546533 -0.0198712 0.0060867 0.017509 -0.00736456 -0.00570735 -0.0208643 0.0150707 0.0174711 0.00450424 -0.0197667 -0.015312 -0.0110855 0.00193649 -0.0142916 -0.00589669 3.19285e-05 0.0182401 -0.00784744 -0.0205708 -0.0156679 -0.0117381 0.00532967
internal_weight=129880 76664 53216 63319 20855 13345 42464 38360 48208 36588 9705 1772 9882 40924 4104 3460 10973 29771 4552 3694 6881 7284 1026 783 9512 5008 25219 6258 2707 3640
internal_count=129880 76664 53216 63319 20855 13345 42464 38360 48208 36588 9705 1772 9882 40924 4104 3460 10973 29771 4552 3694 6881 7284 1026 783 9512 5008 25219 6258 2707 3640
is_linear=0
shrinkage=0.05


Tree=28
num_leaves=31
num_cat=0
split_feature=6 17 17 70 35 9 10 9 70 16 19 19 8 18 10 1 17 1 1 17 9 6 9 1 8 18 19 10 10 19
split_gain=4367.97 447.989 279.704 200.421 179.282 154.487 107 106.659 104.155 97.3921 104.284 86.8473 84.3351 67.5257 67.7749 89.7596 64.6877 120.878 89.5707 110.25 69.5775 60.2624 60.0099 55.1758 54.1561 52.123 42.4069 41.9314 37.9756 35.4986
threshold=765.00000000000011 32.500000000000007 30.500000000000004 0.10000000000000232 1.0000000180025095e-35 -0.96235977360714686 -0.99938741687870725 0.99700008544936913 0.91666666666666974 635.00000000000011 6.5000000000000018 1.6000000000000008 291.50000000000006 25.500000000000004 -0.89404254237865755 30.350000000000005 29.500000000000004 29.550000000000008 21.037500000000005 26.500000000000004 -0.35846811432664222 885.00000000000011 -0.90893996196865023 31.150000000000006 160.50000000000003 25.500000000000004 2.5999999999999992 1.0000000180025095e-35 -0.99273797715557011 6.5999999999999996
decision_type=2 2 2 2 2 2 2 2 2 2 2 2 2 2 2 2 2 2 2 2 2 2 2 2 2 2 2 2 2 2
left_child=1 4 3 -2 5 -1 -3 8 -7 10 22 -8 -12 23 15 -15 18 25 20 -20 -6 -16 -5 29 -17 -18 -23 -9 -19 -4
right_child=2 6 13 9 16 7 11 27 -10 -11 12 -13 -14 14 21 24 17 28 19 -21 -22 26 -24 -25 -26 -27 -28 -29 -30 -31
leaf_value=0.040915793076471731 -0.003564170649468801 -0.0033680126201828032 0.0052434628341534763 -0.0047565376873871662 0.0388230672047334 0.031383927641171816 0.052033160787181121 -0.025649149636544057 0.00077657042820535873 -0.0097565377618929732 0.00024346238711863978 0.021078155059503414 -0.0097565377618929732 -0.0072908448364067931 -0.0019659569974902814 0.00048825957860487577 0.095979557632842993 0.020598029501222005 -0.02140557143699226 0.00015167694883023997 0.0017888712808257004 0.00024346238711863978 -0.0047565376873871662 -0.0047565376873871662 -0.0047565376873871662 0.022131418361136412 -0.0047565376873871662 -0.0013225198013910866 -0.012160674827792215 -0.0097565377618929732
leaf_weight=3475 4282 231 462 3512 997 28887 8233 543 5646 4107 1628 3625 369 694 2196 268 511 347 2941 4886 2952 172 25693 214 6876 4053 9893 722 1404 61
leaf_count=3475 4282 231 462 3512 997 28887 8233 543 5646 4107 1628 3625 369 694 2196 268 511 347 2941 4886 2952 172 25693 214 6876 4053 9893 722 1404 61
internal_value=-0.00188751 0.0066653 -0.0117179 -0.0141857 0.00482184 0.00671899 0.0154128 0.00574194 0.0062643 -0.0154245 -0.0144718 0.0160693 -0.00341763 -0.0070287 -0.00757376 -0.00394233 0.000703388 0.00478622 -0.00148607 -0.00458349 0.00465308 -0.0098952 -0.0152277 0.00783582 -0.00227464 0.00907099 -0.0115325 -0.00851779 -0.00638207 0.016587
internal_weight=129880 69453 60427 39591 57364 39273 12089 35798 34533 35309 31202 11858 1997 20836 20099 7838 18091 6315 11776 7827 3949 12261 29205 737 7144 4564 10065 1265 1751 523
internal_count=129880 69453 60427 39591 57364 39273 12089 35798 34533 35309 31202 11858 1997 20836 20099 7838 18091 6315 11776 7827 3949 12261 29205 737 7144 4564 10065 1265 1751 523
is_linear=0
shrinkage=0.05


Tree=29
num_leaves=31
num_cat=0
split_feature=4 17 17 16 9 70 1 17 17 10 19 8 6 4 9 35 1 1 9 16 9 1 6 19 9 48 19 1 70 8
split_gain=4213.78 391.88 270.224 194.737 173.166 156.569 164.152 181.833 180.843 101.385 90.7012 91.9162 90.0539 87.4819 69.5263 67.9559 67.66 66.0479 66.135 65.559 60.9579 59.4709 56.2016 53.0541 48.4109 40.7758 34.2756 33.329 31.8384 29.9836
threshold=12.500000000000002 32.500000000000007 30.500000000000004 55.000000000000007 -0.96235977360714686 0.80000000000000171 21.350000000000005 27.500000000000004 22.500000000000004 -0.99938741687870725 6.5000000000000018 290.50000000000006 555.00000000000011 8.5000000000000018 -0.56368474752277564 0.090263157894736865 30.225000000000005 30.350000000000005 0.96234642434711437 675.00000000000011 -0.90893996196865023 30.750000000000004 915.00000000000011 2.8999999999999999 0.45273815774107123 0.20500000000000004 2.9250000000000047 33.150000000000013 1.0000000180025095e-35 200.50000000000003
decision_type=2 2 2 2 2 2 2 2 2 2 2 2 2 2 2 2 2 2 2 2 2 2 2 2 2 2 2 2 2 2
left_child=1 4 3 28 15 6 8 -8 -6 -3 19 16 25 23 22 26 -12 18 -16 20 -5 29 27 -7 -23 -11 -1 -4 -2 -19
right_child=2 9 14 10 5 13 7 -9 -10 12 11 -13 -14 -15 17 -17 -18 21 -20 -21 -22 24 -24 -25 -26 -27 -28 -29 -30 -31
leaf_value=0.044052788843536389 -0.0014603480817931031 -0.0031996119891736677 0.00034260808252776224 -0.0045187108030178089 0.021579222605510595 0.0081910187279543804 -0.0055828305040970805 0.020968513542084222 0.078563200190700788 0.050890366345662665 0.00023128926776270765 -0.0092687108737983231 0.015736665109864708 -0.0084313735033111886 -0.0093919955200726327 -0.00098714894633925585 -0.0092687108737983231 0.00048128927148799743 0.00023128926776270765 -0.0092687108737983231 -0.0045187108030178089 -0.0045187108030178089 -0.0045187108030178089 -0.032663265492609693 -0.0045187108030178089 0.0083208603305184436 0.0086487227521444832 -0.0070362056003274833 -0.0048216994153880369 -0.0045187108030178089
leaf_weight=4121 2572 234 1534 3135 9385 8332 10065 17643 4033 8198 1182 463 3388 2502 1088 840 339 400 331 3416 23588 7845 7800 532 912 426 655 566 4306 49
leaf_count=4121 2572 234 1534 3135 9385 8332 10065 17643 4033 8198 1182 463 3388 2502 1088 840 339 400 331 3416 23588 7845 7800 532 912 426 655 566 4306 49
internal_value=-0.00197952 0.00630455 -0.0117705 -0.0142144 0.00459145 0.00369866 0.00513422 0.00293598 0.00967357 0.0144333 -0.0158492 -0.00549395 0.0150683 -0.00149569 -0.00712667 0.0129363 0.000443787 -0.00431765 -0.0143587 -0.0165309 -0.0156972 -0.00276993 -0.0101414 0.000834838 -0.00367991 0.0177818 0.0152429 -0.00288095 -0.00657895 0.0149777
internal_weight=129880 70354 59526 39001 58108 52492 41126 27708 13418 12246 32123 1984 12012 11366 20525 5616 1521 10625 1419 30139 26723 9206 9900 8864 8757 8624 4776 2100 6878 449
internal_count=129880 70354 59526 39001 58108 52492 41126 27708 13418 12246 32123 1984 12012 11366 20525 5616 1521 10625 1419 30139 26723 9206 9900 8864 8757 8624 4776 2100 6878 449
is_linear=0
shrinkage=0.05


Tree=30
num_leaves=31
num_cat=0
split_feature=6 17 16 17 35 9 9 16 10 19 8 19 1 18 10 1 16 9 19 17 1 1 1 19 8 18 35 7 6 8
split_gain=3966.22 383.363 294.484 263.854 178.852 137.423 100.848 98.067 97.947 87.7918 89.5396 74.6695 66.7136 66.6539 68.0562 90.9156 62.0571 60.496 60.4812 62.6321 81.8983 64.738 51.3532 50.2299 43.2815 41.3675 36.0062 34.1158 32.9896 31.1503
threshold=765.00000000000011 32.500000000000007 65.000000000000014 30.500000000000004 1.0000000180025095e-35 -0.96235977360714686 0.99700008544936913 505.00000000000006 -0.99938741687870725 6.5000000000000018 290.50000000000006 1.6000000000000008 30.225000000000005 25.500000000000004 -0.89404254237865755 30.425000000000004 675.00000000000011 -0.90893996196865023 0.40000000000000396 29.500000000000004 29.550000000000008 20.750000000000004 31.350000000000005 2.5999999999999992 298.50000000000006 23.500000000000004 0.00078947368421052641 3.5000000000000004 925.00000000000011 226.50000000000003
decision_type=2 2 2 2 2 2 2 2 2 2 2 2 2 2 2 2 2 2 2 2 2 2 2 2 2 2 2 2 2 2
left_child=1 4 24 9 5 -1 7 -7 -3 16 12 29 -11 22 15 -15 17 -4 -6 21 -21 -20 27 -16 28 -8 -13 -5 -2 -10
right_child=2 8 3 13 18 6 25 -9 11 10 -12 26 -14 14 23 -17 -18 -19 19 20 -22 -23 -24 -25 -26 -27 -28 -29 -30 -31
leaf_value=0.037361530108309407 -0.0013899012173848202 -0.0030396313897149922 -0.0042927752628669187 -0.0092802753371864586 0.018825176631572151 0.027901905777496318 -0.0023353549415970455 -0.009312904314610293 0.038795834068971739 0.00021972480437457283 -0.0088052753301084072 0.023159012025558614 -0.0088052753301084072 -0.0086627191963109737 0.00045722480791359767 -0.0042927752628669187 -0.0088052753301084072 -0.0042927752628669187 0.0073440388147297149 0.026136562402330289 -0.0083479938321574972 -0.012346041062932633 -0.0092927753373727249 -0.0042927752628669187 -0.0046228394662374064 -0.025415117831821068 -0.0011902396709609132 0.0049572252288714027 -0.0042927752628669187 0.053867524847617969
leaf_weight=3475 7495 231 3076 47 4547 32526 911 2007 5161 1156 456 2837 335 602 155 5424 3471 23114 2863 3310 1531 5840 94 9267 2691 354 788 429 2615 3072
leaf_count=3475 7495 231 3076 47 4547 32526 911 2007 5161 1156 456 2837 335 602 155 5424 3471 23114 2863 3310 1531 5840 94 9267 2691 354 788 429 2615 3072
internal_value=-0.00206999 0.00608001 -0.0114374 -0.013247 0.00437469 0.00626957 0.00534806 0.00585599 0.014172 -0.0158963 -0.0056112 0.0148001 0.000318578 -0.0080191 -0.00863866 -0.00448888 -0.0165714 -0.0157388 0.00026118 -0.00141391 0.00314501 -0.00394979 0.00877193 -0.0112927 -0.00470471 -0.00851779 0.00882069 0.0154412 -0.00320475 0.0174329
internal_weight=129880 69453 60427 47626 57364 39273 35798 34533 12089 31608 1947 11858 1491 16018 15448 6026 29661 26190 18091 13544 4841 8703 570 9422 12801 1265 3625 476 10110 8233
internal_count=129880 69453 60427 47626 57364 39273 35798 34533 12089 31608 1947 11858 1491 16018 15448 6026 29661 26190 18091 13544 4841 8703 570 9422 12801 1265 3625 476 10110 8233
is_linear=0
shrinkage=0.05


Tree=31
num_leaves=31
num_cat=0
split_feature=4 17 16 17 35 9 1 17 17 10 19 8 6 1 16 9 1 1 8 9 17 1 19 17 1 1 8 1 19 8
split_gain=3859.11 347.398 285.138 248.811 159.97 121.284 110.806 261.801 123.164 93.5098 88.3752 89.6457 84.6306 66.4699 64.308 60.9674 62.4577 76.0476 64.0501 60.3911 59.1741 74.0593 57.5191 57.4595 74.236 60.6295 42.3023 39.8401 46.4784 39.833
threshold=12.500000000000002 32.500000000000007 65.000000000000014 30.500000000000004 1.0000000180025095e-35 -0.80924678377697201 22.850000000000005 23.500000000000004 27.500000000000004 -0.99938741687870725 6.5000000000000018 290.50000000000006 575.00000000000011 30.225000000000005 675.00000000000011 -0.56368474752277564 30.350000000000005 30.750000000000004 108.50000000000001 -0.90893996196865023 27.500000000000004 25.950000000000003 0.40000000000000396 29.500000000000004 29.550000000000008 20.750000000000004 265.50000000000006 29.850000000000005 3.4000000000000017 298.50000000000006
decision_type=2 2 2 2 2 2 2 2 2 2 2 2 2 2 2 2 2 2 2 2 2 2 2 2 2 2 2 2 2 2
left_child=1 4 29 10 5 20 7 -7 -8 -3 14 13 -11 -12 19 27 18 -18 -17 -4 26 -22 -6 25 -25 -24 -1 28 -5 -2
right_child=2 9 3 15 22 6 8 -9 -10 12 11 -13 -14 -15 -16 16 17 -19 -20 -21 21 -23 23 24 -26 -27 -28 -29 -30 -31
leaf_value=0.16377047945959819 -0.0030793516914088132 -0.0028876498202292434 -0.0040781364997235729 -0.0040781364997235729 0.017883917799993543 0.016089141387364638 -0.010652657833126557 0.073239944892290909 0.018192108615677244 0.044193608188158033 0.00020873856415584425 -0.0083650115636029875 0.013139036972313202 -0.0083650115636029875 -0.0083650115636029875 0.00019686356397889267 0.00067186357105694379 -0.0040781364997235729 -0.0084892597842534511 -0.0040781364997235729 0.060496571874744734 0.028550363508656019 0.006698129999804953 0.024817753612779537 -0.0078117581999754826 -0.011404936208119774 -0.011294632980185515 -0.0040781364997235729 0.00092186357478223351 -0.0043902498517680404
leaf_weight=143 9563 234 3062 158 4547 12752 5391 4362 9283 8932 1156 456 3080 334 3416 272 382 6694 880 23047 1678 5389 2890 3331 1584 5958 800 7425 159 2522
leaf_count=143 9563 234 3062 158 4547 12752 5391 4362 9283 8932 1156 456 3080 334 3416 272 382 6694 880 23047 1678 5389 2890 3331 1584 5958 800 7425 159 2522
internal_value=-0.0022259 0.00570188 -0.0115958 -0.0133424 0.00408894 0.00586839 0.00448282 0.00721631 0.00129481 0.0133554 -0.0159218 -0.00560123 0.0139652 0.00033557 -0.016602 -0.00825924 -0.00526252 -0.0035048 -0.016059 -0.015758 0.011367 0.0129369 0.000221191 -0.0013896 0.00294507 -0.00379747 -0.000397667 -0.0114441 0.00591483 -0.00473935
internal_weight=129880 70354 59526 47441 58108 39798 31788 17114 14674 12246 31471 1946 12012 1490 29525 15970 8228 7076 1152 26109 8010 7067 18310 13763 4915 8848 943 7742 317 12085
internal_count=129880 70354 59526 47441 58108 39798 31788 17114 14674 12246 31471 1946 12012 1490 29525 15970 8228 7076 1152 26109 8010 7067 18310 13763 4915 8848 943 7742 317 12085
is_linear=0
shrinkage=0.05


Tree=32
num_leaves=31
num_cat=0
split_feature=6 17 17 16 70 9 1 17 17 6 19 8 10 18 10 1 9 16 1 9 1 70 17 1 1 19 8 8 7 35
split_gain=3674.53 343.208 297.635 189.102 152.388 134.793 136.341 324.633 192.412 94.8969 89.1599 89.7271 83.4135 70.3158 80.8239 97.4378 75.538 67.5388 65.8833 59.685 58.0754 53.3175 51.0871 61.798 49.5208 44.1127 41.8313 61.3038 30.8882 26.259
threshold=795.00000000000011 32.500000000000007 30.500000000000004 65.000000000000014 2.2000000000000051 -0.96235977360714686 21.450000000000003 22.500000000000004 27.500000000000004 555.00000000000011 6.5000000000000018 290.50000000000006 -0.99938741687870725 25.500000000000004 -0.89404254237865755 30.350000000000005 0.35846314187849709 655.00000000000011 30.225000000000005 -0.90893996196865023 31.350000000000005 0.3000000000000061 27.500000000000004 24.650000000000006 28.050000000000008 2.5999999999999992 227.50000000000003 222.50000000000003 3.5000000000000004 1.0000000180025095e-35
decision_type=2 2 2 2 2 2 2 2 2 2 2 2 2 2 2 2 2 2 2 2 2 2 2 2 2 2 2 2 2 2
left_child=1 4 3 -2 5 22 7 -7 -8 12 17 18 -3 20 15 -15 -17 19 -12 -5 28 -16 23 -1 -24 -23 27 -14 -4 -11
right_child=2 9 13 10 -6 6 8 -9 -10 29 11 -13 26 14 21 16 -18 -19 -20 -21 -22 25 24 -25 -26 -27 -28 -29 -30 -31
leaf_value=0.12016673180729912 -0.0039241689151531317 -0.0027432673292177912 -0.0088261047485260809 -0.0038742296747373939 -0.0097335332655937978 0.0099976331392840571 -0.0072765830830068606 0.072435487822922681 0.016184940769650637 0.014989809150671675 0.00019830163594805191 -0.0079467609854228377 0.035709393395709131 -0.0062258426183961742 -0.00081204272161842237 -0.0038742296747373939 0.0042337473955321682 -0.0079467609854228377 -0.0079467609854228377 -0.0038742296747373939 -0.0086242297455179102 0.00063827039250409642 0.045690373416465736 -0.016530833905298924 0.014769319523642944 -0.0038742296747373939 0.048694815241349644 -0.0072709763505085295 0.0046217722242958247 -0.0019014004624981597
leaf_weight=125 6635 168 64 3023 1919 13536 12134 5076 21364 2935 1155 456 5208 655 1659 6512 320 3502 332 22718 108 125 2253 275 2914 9928 3192 224 532 833
leaf_count=125 6635 168 64 3023 1919 13536 12134 5076 21364 2935 1155 456 5208 655 1659 6512 320 3502 332 22718 108 125 2253 275 2914 9928 3192 224 532 833
internal_value=-0.00233061 0.00519153 -0.0117334 -0.0143379 0.00360846 0.00406965 0.0032796 0.00671072 0.00137322 0.012703 -0.0159687 -0.00559701 0.0155482 -0.00678415 -0.00735325 -0.00329571 -0.00152957 -0.0166578 0.00035306 -0.0157715 0.0087358 -0.00994706 0.0114649 -0.00575 0.0127976 -0.0113175 0.016228 0.0135585 0.014849 0.00606423
internal_weight=129880 72156 57724 37821 59596 57677 52110 18612 33498 12560 31186 1943 8792 19903 19199 7487 6832 29243 1487 25741 704 11712 5567 400 5167 10053 8624 5432 596 3768
internal_count=129880 72156 57724 37821 59596 57677 52110 18612 33498 12560 31186 1943 8792 19903 19199 7487 6832 29243 1487 25741 704 11712 5567 400 5167 10053 8624 5432 596 3768
is_linear=0
shrinkage=0.05


Tree=33
num_leaves=31
num_cat=0
split_feature=4 17 17 6 3 1 17 1 1 16 19 1 16 17 8 9 10 1 1 10 8 1 9 16 8 10 9 8 10 1
split_gain=3594.34 321.757 266.638 201.578 154.155 131.465 129.857 242.901 188.228 120.534 114.247 111.721 89.4904 85.99 84.5435 75.1086 74.2181 66.2806 66.894 66.1037 64.0682 63.6659 62.8206 58.9138 58.7859 88.2347 54.6516 50.4855 49.8718 48.1931
threshold=13.500000000000002 32.500000000000007 30.500000000000004 565.00000000000011 0.51666666666666938 29.550000000000008 28.500000000000004 26.350000000000005 23.750000000000004 635.00000000000011 6.5000000000000018 29.650000000000009 35.000000000000007 33.500000000000007 291.50000000000006 -0.56368474752277564 -0.99761278905001471 30.350000000000005 30.750000000000004 -0.99628250747696534 108.50000000000001 30.225000000000005 -0.90893996196865023 155.00000000000003 239.50000000000003 -0.99273797715557011 0.45273815774107123 104.50000000000001 -0.98521978256641018 31.050000000000008
decision_type=2 2 2 2 2 2 2 2 2 2 2 2 2 2 2 2 2 2 2 2 2 2 2 2 2 2 2 2 2 2
left_child=1 3 9 5 23 6 8 -8 -1 10 12 16 -2 19 21 -4 -3 20 -19 -13 -17 -12 -14 -5 25 -7 -20 -6 -21 -15
right_child=2 11 15 4 27 24 7 -9 -10 -11 14 13 22 29 -16 17 -18 18 26 28 -22 -23 -24 -25 -26 -27 -28 -29 -30 -31
leaf_value=0.032849597062003633 -0.0041028919542696139 -0.01655545024363805 -0.0036805181910005247 -0.0033016431807940008 0.022432772489694552 0.024223083550405724 0.077179713639770373 0.0178050926116117 -0.009652350171963732 -0.0075494229361516953 0.00018838655415064911 -0.0085935341691059774 -0.0036805181910005247 0.034789309576421658 -0.0075494229361516953 0.00015510686615474308 0.051260069710910572 0.00083198187624096561 -0.0036805181910005247 0.028299064503147831 -0.0077535046641209714 -0.0030494228690964714 -0.0036805181910005247 -0.0075816678525693921 0.037990321400044151 -0.018531067274339171 -0.0036805181910005247 0.0022029538242721108 0.0046552393407863994 0.0093605194566061655
leaf_weight=19300 3143 124 9000 7815 2840 342 4096 10658 6514 3739 1355 380 3158 2843 345 300 4427 406 7139 600 975 345 23374 2835 395 1159 839 6620 3079 1735
leaf_count=19300 3143 124 9000 7815 2840 342 4096 10658 6514 3739 1355 380 3158 2843 345 300 4427 406 7139 600 975 345 23374 2835 395 1159 839 6620 3079 1735
internal_value=-0.0024769 0.00455307 -0.0123185 0.00305718 -0.00106663 0.00501013 0.00561157 0.0093534 0.00347292 -0.0148644 -0.0138635 0.0116507 -0.0146512 0.00831018 -0.00243276 -0.0074803 0.0179906 -0.00441816 -0.00280296 0.00301183 -0.0150392 0.00214706 -0.0155963 -0.00519249 -0.00785865 -0.0123751 -0.00381048 0.00357822 0.00506252 0.0130079
internal_weight=129880 75762 54118 62574 20110 42464 40568 14754 25814 35459 31720 13188 29675 8637 2045 18659 4551 9659 8384 4059 1275 1700 26532 10650 1896 1501 7978 9460 3679 4578
internal_count=129880 75762 54118 62574 20110 42464 40568 14754 25814 35459 31720 13188 29675 8637 2045 18659 4551 9659 8384 4059 1275 1700 26532 10650 1896 1501 7978 9460 3679 4578
is_linear=0
shrinkage=0.05


Tree=34
num_leaves=31
num_cat=0
split_feature=6 4 17 17 70 37 9 16 19 1 8 16 9 17 1 9 1 1 9 8 1 8 9 3 8 1 17 1 1 19
split_gain=3468.18 302.373 284.404 248.81 156.399 127.116 121.314 117.194 117.345 100.232 83.8808 75.3461 70.1837 97.9894 69.4388 65.628 67.269 66.6059 64.0771 63.0885 62.8388 60.456 54.863 51.0423 50.3269 44.6981 37.6214 51.2137 35.8589 53.1618
threshold=845.00000000000011 9.5000000000000018 30.500000000000004 32.500000000000007 0.60000000000000242 0.50007977026164663 0.99700008544936913 635.00000000000011 6.5000000000000018 29.950000000000003 291.50000000000006 25.000000000000004 -0.082689790342551819 33.500000000000007 29.250000000000004 -0.56368474752277564 30.350000000000005 30.750000000000004 -0.90893996196865023 108.50000000000001 30.225000000000005 314.50000000000006 0.45273815774107123 0.51666666666666938 295.50000000000006 23.225000000000005 26.500000000000004 21.037500000000005 29.850000000000005 3.4000000000000017
decision_type=2 2 2 2 2 2 2 2 2 2 2 2 2 2 2 2 2 2 2 2 2 2 2 2 2 2 2 2 2 2
left_child=1 3 7 5 21 6 9 8 11 -1 20 -2 -5 14 -14 24 19 -18 -13 -17 -10 23 -19 -3 28 -23 27 -7 29 -4
right_child=2 4 15 12 -6 26 -8 -9 10 -11 -12 18 13 -15 -16 16 17 22 -20 -21 -22 25 -24 -25 -26 -27 -28 -29 -30 -31
leaf_value=0.030261050093704056 -0.0038695214559991242 -0.00083648900744219415 -0.0034964922814504987 0.041430573290132049 -0.0054405889499890454 -0.0015106727673200094 -0.014854252600867979 -0.0071719517893441111 0.00017896722644311636 -0.019465254415227541 -0.0071719517893441111 -0.0034964922814504987 0.077522585495326299 0.032693156743255306 -0.0033450569258768772 0.0001473515228470057 0.00079038278242891675 -0.0034964922814504987 -0.0034964922814504987 -0.0073658294309149226 -0.0028969517256416475 -0.00058036451605825157 -0.0034964922814504987 0.0099143028843379083 0.00061081654979736196 -0.01085351532357532 0.0018714772257555135 -0.029033388837029495 -0.0034964922814504987 0.0012535077893300163
leaf_weight=36812 2433 6558 139 7920 4045 1094 1041 3685 1341 637 340 3203 165 480 855 295 400 7020 23525 957 341 2129 826 8689 118 1124 4212 903 8416 177
leaf_count=36812 2433 6558 139 7920 4045 1094 1041 3685 1341 637 340 3203 165 480 855 295 400 7020 23525 957 341 2129 826 8689 118 1124 4212 903 8416 177
internal_value=-0.00253542 0.00427189 -0.0123422 0.00629862 -0.000593258 0.00474228 0.0058132 -0.0149937 -0.0139972 0.00628121 -0.00234916 -0.0148049 0.0136837 0.00376667 -0.005 -0.00730325 -0.00441672 -0.0027771 -0.0155717 -0.0152157 0.00222949 0.00135405 -0.00379174 0.0026743 -0.0104011 -0.004834 -0.00189644 -0.00754882 -0.0108394 0.0056962
internal_weight=129880 76664 53216 54119 22545 44699 38490 34868 31183 37449 2022 29161 9420 1500 1020 18348 9498 8246 26728 1252 1682 18500 7846 15247 8850 3253 6209 1997 8732 316
internal_count=129880 76664 53216 54119 22545 44699 38490 34868 31183 37449 2022 29161 9420 1500 1020 18348 9498 8246 26728 1252 1682 18500 7846 15247 8850 3253 6209 1997 8732 316
is_linear=0
shrinkage=0.05


Tree=35
num_leaves=31
num_cat=0
split_feature=6 17 6 17 70 19 1 16 19 9 8 16 9 1 1 9 1 8 3 9 17 1 9 6 8 20 8 1 19 8
split_gain=3333.32 287.969 270.188 234.114 164.389 121.883 121.685 117.753 116.893 103.107 83.8808 78.2529 65.1641 66.9956 65.4094 63.8966 62.8388 62.5909 61.1285 60.0237 97.284 68.4957 54.8917 53.3187 50.0817 40.9575 36.9602 35.5121 53.1618 33.8667
threshold=845.00000000000011 30.500000000000004 575.00000000000011 32.500000000000007 0.60000000000000242 2.8999999999999999 29.750000000000004 635.00000000000011 6.5000000000000018 0.99700008544936913 291.50000000000006 25.000000000000004 -0.56368474752277564 30.350000000000005 30.750000000000004 -0.90893996196865023 30.225000000000005 108.50000000000001 0.5999999999999962 -0.082689790342551819 33.500000000000007 29.250000000000004 0.45273815774107123 675.00000000000011 295.50000000000006 0.49999999999999739 299.50000000000006 29.850000000000005 3.4000000000000017 200.50000000000003
decision_type=2 2 2 2 2 2 2 2 2 2 2 2 2 2 2 2 2 2 2 2 2 2 2 2 2 2 2 2 2 2
left_child=2 7 3 5 18 6 9 8 11 -1 16 -2 24 17 29 -13 -10 -14 -4 -5 21 -21 -16 -20 27 -8 -25 28 -3 -15
right_child=1 12 4 19 -6 -7 25 -9 10 -11 -12 15 13 14 22 -17 -18 -19 23 20 -22 -23 -24 26 -26 -27 -28 -29 -30 -31
leaf_value=0.025670641693147103 -0.0036760453831991683 -0.0033216676673779744 -0.0021534058061410941 0.03935904462562545 -0.005451536320401705 -0.026350177871283451 -0.019103127592917362 -0.0068133541998769065 0.00017001886512096054 -0.014508352783356894 -0.0068133541998769065 -0.0033216676673779744 0.00013998394670465542 0.00075086364330747147 -0.0033216676673779744 -0.0033216676673779744 -0.0027521041393595656 -0.006997537959369176 0.017532051884318212 0.073646456220559986 0.031058498906092538 -0.002310168810937241 -0.0033216676673779744 0.0045986217248080528 0.00058027572230749398 0.0076739950903104374 -0.0066925675894998595 -0.0033216676673779744 0.001190832399863516 -0.0039991364274730452
leaf_weight=40408 2433 139 8760 7656 4410 792 710 3685 1341 1016 340 3203 295 351 7020 23525 341 957 4906 163 464 823 826 4992 118 283 1281 8416 177 49
leaf_count=40408 2433 139 8760 7656 4410 792 710 3685 1341 1016 340 3203 295 351 7020 23525 341 957 4906 163 464 823 826 4992 118 283 1281 8416 177 49
internal_value=-0.00269133 -0.0123055 0.00398231 0.00600736 -0.000368598 0.00447187 0.00483474 -0.0149736 -0.0139748 0.00524937 -0.00234916 -0.0147809 -0.00723512 -0.00435881 -0.00272253 -0.0155623 0.00222949 -0.0151358 0.00156352 0.0132934 0.00396552 -0.00491886 -0.00372801 0.00401422 -0.010322 -0.0124622 0.000960465 -0.0107593 0.0056962 0.017
internal_weight=129880 53216 76664 52315 24349 43209 42417 34868 31183 41424 2022 29161 18348 9498 8246 26728 1682 1252 19939 9106 1450 986 7846 11179 8850 993 6273 8732 316 400
internal_count=129880 53216 76664 52315 24349 43209 42417 34868 31183 41424 2022 29161 18348 9498 8246 26728 1682 1252 19939 9106 1450 986 7846 11179 8850 993 6273 8732 316 400
is_linear=0
shrinkage=0.05


Tree=36
num_leaves=31
num_cat=0
split_feature=6 17 6 17 20 1 16 19 17 1 1 8 16 9 1 1 9 8 10 19 1 8 1 17 10 9 8 8 16 22
split_gain=3246.77 287.688 274.133 231.694 217.19 129.266 114.612 118.454 93.9484 272.094 261.775 83.4882 69.1805 67.4788 63.6113 65.7481 62.9732 62.1286 91.747 61.8403 60.8233 59.394 58.3785 100.615 70.3734 56.1011 50.8563 50.4064 47.2067 46.8062
threshold=855.00000000000011 30.500000000000004 545.00000000000011 32.500000000000007 0.59999999999999887 29.550000000000008 645.00000000000011 6.5000000000000018 27.500000000000004 23.750000000000004 26.350000000000005 291.50000000000006 25.000000000000004 -0.56368474752277564 30.350000000000005 30.750000000000004 -0.90893996196865023 239.50000000000003 -0.99273797715557011 4.5 30.225000000000005 108.50000000000001 29.350000000000005 33.500000000000007 -0.99628250747696534 0.45273815774107123 295.50000000000006 296.50000000000006 155.00000000000003 1.0000000180025095e-35
decision_type=2 2 2 2 2 2 2 2 2 2 2 2 2 2 2 2 2 2 2 2 2 2 2 2 2 2 2 2 2 2
left_child=2 6 3 5 28 8 7 12 9 -1 -10 20 -2 26 21 -16 -14 18 -7 27 -9 -15 -5 24 -24 -17 -3 29 -4 -6
right_child=1 13 4 22 19 17 -8 11 10 -11 -12 -13 16 14 15 25 -18 -19 -20 -21 -22 -23 23 -25 -26 -27 -28 -29 -30 -31
leaf_value=0.028410532619560905 -0.0035115128938428782 -0.0031555842840090748 -0.0030719692986443271 0.048483104599538418 0.0063854696124515473 0.02021534478354288 -0.0064726864898830604 0.00016151792186491212 0.057449408147321579 -0.022070245065041516 0.013480556436965087 -0.0064726864898830604 -0.0031555842840090748 0.00013298474936942196 0.00071332046114209742 -0.0031555842840090748 -0.0031555842840090748 0.03329422074069939 -0.017794552233256433 -0.0040851228414428113 -0.0026144989323915874 -0.006647661061400717 -0.0086626766516163089 0.032933839256669727 0.017930393534931623 -0.0031555842840090748 0.00055126193619211975 -0.0013417766476755855 -0.0069826771086398667 0.022813431410032316
leaf_weight=18422 2214 8584 5412 2867 7793 327 3479 1328 6109 3796 10873 339 3184 290 395 6901 23395 371 1077 3336 338 939 329 3112 2327 812 116 3946 3042 4427
leaf_count=18422 2214 8584 5412 2867 7793 327 3479 1328 6109 3796 10873 339 3184 290 395 6901 23395 371 1077 3336 338 939 329 3112 2327 812 116 3946 3042 4427
internal_value=-0.00278834 -0.0124145 0.00370394 0.0059353 -0.000255759 0.00436669 -0.0151042 -0.0141324 0.00496429 0.00282429 0.0077641 -0.00238155 -0.0149507 -0.00730304 -0.00435097 -0.0027442 -0.015658 -0.00883099 -0.0136396 0.00264588 0.00222089 -0.0149512 0.0133787 0.0104802 0.00333208 -0.00376313 -0.0104713 0.0039249 -0.00694937 0.00551146
internal_weight=129880 52314 77566 49610 27956 40975 34277 30798 39200 22218 16982 2005 28793 18037 9337 8108 26579 1775 1404 19502 1666 1229 8635 5768 2656 7713 8700 16166 8454 12220
internal_count=129880 52314 77566 49610 27956 40975 34277 30798 39200 22218 16982 2005 28793 18037 9337 8108 26579 1775 1404 19502 1666 1229 8635 5768 2656 7713 8700 16166 8454 12220
is_linear=0
shrinkage=0.05


Tree=37
num_leaves=31
num_cat=0
split_feature=6 17 6 17 70 1 16 19 19 9 8 16 9 1 17 10 1 1 9 1 3 8 9 6 8 17 17 8 1 1
split_gain=3152.27 286.979 257.261 228.02 178.023 118.415 116.055 117.246 114.093 95.6439 83.4882 80.7214 68.1457 65.6237 94.4526 72.9035 63.8302 65.3412 62.8296 60.8233 59.413 59.1499 56.6877 53.6616 50.7675 37.5633 36.8039 34.1919 33.4762 33.2563
threshold=855.00000000000011 30.500000000000004 565.00000000000011 32.500000000000007 0.500000000000001 29.750000000000004 645.00000000000011 6.5000000000000018 2.8999999999999999 0.99700008544936913 291.50000000000006 25.000000000000004 -0.56368474752277564 29.350000000000005 33.500000000000007 -0.99628250747696534 30.350000000000005 30.750000000000004 -0.90893996196865023 30.225000000000005 0.59999999999999887 108.50000000000001 0.45273815774107123 665.00000000000011 295.50000000000006 29.500000000000004 26.500000000000004 200.50000000000003 26.725000000000005 29.850000000000005
decision_type=2 2 2 2 2 2 2 2 2 2 2 2 2 2 2 2 2 2 2 2 2 2 2 2 2 2 2 2 2 2
left_child=2 6 3 5 20 8 7 11 9 -1 19 -2 24 -5 15 -15 21 27 -13 -9 25 -14 -19 -22 29 -4 -6 -18 -23 -3
right_child=1 12 4 13 26 -7 -8 10 -10 -11 -12 18 16 14 -16 -17 17 22 -20 -21 23 28 -24 -25 -26 -27 -28 -29 -30 -31
leaf_value=0.023643983414023542 -0.0033359372491507341 0.0012890699940707948 -0.0041728423071567874 0.045947340150550013 -0.0059098802391112631 -0.01438737394602967 -0.0061490521653889078 0.00015344202577166621 -0.025887362810878268 -0.012679422890936976 -0.0061490521653889078 -0.0029978050698086208 0.00012633551190095044 -0.0082295428190354968 0.031287147293836241 0.017033873858185045 0.00067765443808499306 -0.0029978050698086208 -0.0029978050698086208 -0.002483773985772009 0.019750809194773646 0.0025483241833513374 -0.0029978050698086208 0.0020068938450853667 0.00052369883938251376 0.0036297965772489173 -0.0033322841292083741 -0.0038348456291564972 -0.0063152780083306813 -0.0029978050698086208
leaf_weight=39775 2214 305 5964 2912 2319 998 3479 1328 692 999 339 3184 290 341 3243 2453 346 6901 23395 338 4488 40 812 6581 116 3420 3381 49 899 8279
leaf_count=39775 2214 305 5964 2912 2319 998 3479 1328 692 999 339 3184 290 341 3243 2453 346 6901 23395 338 4488 40 812 6581 116 3420 3381 49 899 8279
internal_value=-0.00287881 -0.0123638 0.00351829 0.00557203 -0.000519061 0.00404343 -0.0150502 -0.0140723 0.00445305 0.00479472 -0.00238155 -0.0148864 -0.00725869 0.0128255 0.00985175 0.00311382 -0.00429206 -0.00268254 -0.0156505 0.00222089 0.00165868 -0.0149105 -0.0036983 0.00413994 -0.0104425 -0.00126812 -0.00833333 0.0171519 -0.0210064 -0.0108865
internal_weight=129880 52314 77566 51413 26153 42464 34277 30798 41466 40774 2005 28793 18037 8949 6037 2794 9337 8108 26579 1666 20453 1229 7713 11069 8700 9384 5700 395 939 8584
internal_count=129880 52314 77566 51413 26153 42464 34277 30798 41466 40774 2005 28793 18037 8949 6037 2794 9337 8108 26579 1666 20453 1229 7713 11069 8700 9384 5700 395 939 8584
is_linear=0
shrinkage=0.05


Tree=38
num_leaves=31
num_cat=0
split_feature=6 17 6 17 70 37 16 19 9 1 8 16 8 1 9 1 1 9 1 8 3 9 8 6 18 8 8 8 8 17
split_gain=3054 290.851 241.783 186.112 167.647 126.432 116.956 116.498 102.818 106.955 88.9555 87.7158 83.4882 72.7162 69.618 65.2545 64.4504 62.6862 60.8233 59.1499 58.5196 57.989 50.6077 50.065 41.4339 39.6135 36.7462 147.255 43.1794 36.2432
threshold=855.00000000000011 30.500000000000004 565.00000000000011 32.500000000000007 0.60000000000000242 0.50007977026164663 645.00000000000011 6.5000000000000018 0.99700008544936913 28.150000000000006 188.50000000000003 25.000000000000004 291.50000000000006 29.250000000000004 -0.56368474752277564 30.350000000000005 30.750000000000004 -0.90893996196865023 30.225000000000005 108.50000000000001 0.59999999999999887 0.45273815774107123 295.50000000000006 645.00000000000011 28.500000000000004 299.50000000000006 227.50000000000003 220.50000000000003 274.50000000000006 26.500000000000004
decision_type=2 2 2 2 2 2 2 2 2 2 2 2 2 2 2 2 2 2 2 2 2 2 2 2 2 2 2 2 2 2
left_child=2 6 3 5 20 8 7 11 9 -1 13 -2 18 -5 22 19 -17 -13 -9 -16 -4 -18 -3 -22 -15 -25 27 -12 -28 -7
right_child=1 14 4 10 -6 29 -8 12 -10 -11 26 17 -14 24 15 16 21 -19 -20 -21 23 -23 -24 25 -26 -27 28 -29 -30 -31
leaf_value=0.028914387780779885 -0.0031691403866931978 -0.0028479148163181897 -0.0019539894866191345 0.1013994727577749 -0.0047835267856031751 -0.02152242805570553 -0.0058415995571194619 0.00014576992448308291 -0.011648638933857803 -0.001992409945708529 0.035547588949569178 -0.0028479148163181897 -0.0058415995571194619 -0.0020144564499543272 0.00012001873630590327 0.00064377171618074385 -0.0028479148163181897 -0.0028479148163181897 -0.0023595852864834082 -0.0059995141079141473 0.021620189414534797 -0.0028479148163181897 0.00049751389741338752 0.0060856149501548624 0.021096417012546744 -0.0059099676823501368 0.035752746084326617 -0.011137837669474161 0.021179911148533584 -0.000504961751990074
leaf_weight=29420 2214 8584 10059 264 4884 1908 3479 1328 988 6126 3762 3184 339 876 290 395 6901 23395 338 939 3502 812 116 6122 399 1586 2907 399 342 4022
leaf_count=29420 2214 8584 10059 264 4884 1908 3479 1328 988 6126 3762 3184 339 876 290 395 6901 23395 338 939 3502 812 116 6122 399 1586 2907 399 342 4022
internal_value=-0.00297621 -0.0123122 0.0033204 0.0053114 -0.000593622 0.00393039 -0.0150166 -0.014035 0.00502956 0.00547178 0.0118645 -0.0148465 -0.00238155 0.000925926 -0.00717276 -0.00417425 -0.00254687 -0.015643 0.00222089 -0.0149105 0.0013247 -0.00355569 -0.0103908 0.0038091 -0.00401961 0.00155682 0.0141363 0.011025 0.018121 -0.00284148
internal_weight=129880 52314 77566 51413 26153 42464 34277 30798 36534 35546 8949 28793 2005 1539 18037 9337 8108 26579 1666 1229 21269 7713 8700 11210 1275 7708 7410 4161 3249 5930
internal_count=129880 52314 77566 51413 26153 42464 34277 30798 36534 35546 8949 28793 2005 1539 18037 9337 8108 26579 1666 1229 21269 7713 8700 11210 1275 7708 7410 4161 3249 5930
is_linear=0
shrinkage=0.05


Tree=39
num_leaves=31
num_cat=0
split_feature=6 17 4 17 70 16 23 19 8 8 8 1 17 16 9 8 1 1 1 9 9 8 8 18 10 8 1 10 8 8
split_gain=2971.1 276.682 214.357 189.374 131.039 127.126 120.789 105.531 94.7132 93.0184 116.458 91.0397 99.919 75.9976 75.3969 69.6621 66.7465 65.5586 63.5045 63.3071 58.2272 56.9621 56.8051 51.4286 51.0766 50.4598 45.8655 44.285 41.5102 50.1389
threshold=855.00000000000011 30.500000000000004 9.5000000000000018 32.500000000000007 0.60000000000000242 25.000000000000004 1.0000000180025095e-35 6.5000000000000018 290.50000000000006 227.50000000000003 220.50000000000003 29.550000000000008 27.500000000000004 675.00000000000011 -0.56368474752277564 188.50000000000003 30.350000000000005 30.225000000000005 30.750000000000004 -0.90893996196865023 0.45273815774107123 237.50000000000003 108.50000000000001 27.500000000000004 -0.67168186667784702 315.50000000000006 23.225000000000005 -0.88620506325989179 274.50000000000006 276.50000000000006
decision_type=2 2 2 2 2 2 2 2 2 2 2 2 2 2 2 2 2 2 2 2 2 2 2 2 2 2 2 2 2 2
left_child=2 5 3 6 25 -2 11 13 17 10 15 12 -1 19 -3 -5 22 -9 -18 -7 -20 -13 -16 -12 27 -4 -27 -8 -11 -30
right_child=1 14 4 9 -6 7 24 8 -10 28 23 21 -14 -15 16 -17 18 -19 20 -21 -22 -23 -24 -25 -26 26 -28 -29 29 -31
leaf_value=0.013787684570940373 -0.002928506630138117 -0.0027055190755022802 0.0032299760342014206 0.001481301003955704 -0.0041802511910075868 -0.0027055190755022802 -0.013856774214057732 0.00013848142825892835 -0.0055495195792634889 0.033148430556228008 0.066445740577779369 -0.010054292734030291 0.027148229062404064 -0.0055495195792634889 0.00011401779949060804 0.032655805810067176 0.00061158313037170677 -0.0055495195792634889 -0.0027055190755022802 -0.0027055190755022802 -0.0027055190755022802 0.030546931030248681 -0.0056995384025184401 -0.012370991881992421 -0.024201123599449127 -0.0006151257496630814 -0.0098465381499283616 0.032844633805199398 -0.022428424142879336 0.066610565062669921
leaf_weight=23611 2353 8700 15819 1620 4317 3209 737 1254 451 3060 60 1487 16630 2993 290 3960 395 337 6901 23680 812 446 939 360 1336 2199 1112 452 120 240
leaf_count=23611 2353 8700 15819 1620 4317 3209 737 1254 451 3060 60 1487 16630 2993 290 3960 395 337 6901 23680 812 446 939 360 1336 2199 1112 452 120 240
internal_value=-0.00309901 -0.0123074 0.00311154 0.00484165 -0.000881776 -0.0149452 0.00348386 -0.0157718 -0.00477473 0.0112845 0.00753333 0.00411984 0.00462899 -0.0165233 -0.00729473 0.00944444 -0.00417425 0.000958517 -0.00252837 -0.0156821 -0.00352975 -0.00647957 -0.0150325 -0.0178571 -0.00713861 0.000893884 -0.00471912 0.000399495 0.0178655 0.00180556
internal_weight=129880 52314 77566 54119 23447 34277 44699 31924 2042 9420 6000 42174 40241 29882 18037 5580 9337 1591 8108 26889 7713 1933 1229 420 2525 19130 3311 1189 3420 360
internal_count=129880 52314 77566 54119 23447 34277 44699 31924 2042 9420 6000 42174 40241 29882 18037 5580 9337 1591 8108 26889 7713 1933 1229 420 2525 19130 3311 1189 3420 360
is_linear=0
shrinkage=0.05


Tree=40
num_leaves=31
num_cat=0
split_feature=6 17 6 20 17 16 1 19 19 8 35 8 8 16 9 1 1 1 9 9 8 8 19 8 1 16 8 8 20 8
split_gain=2856.01 288.509 190.869 177.149 162.268 126.96 111.726 105.381 100.602 94.7132 85.0708 77.3677 105.559 76.1659 68.1832 66.9442 65.5586 63.3844 63.1286 58.4061 56.8051 56.702 51.9816 50.3598 47.1429 44.4433 43.045 41.7515 41.5038 37.1844
threshold=855.00000000000011 30.500000000000004 545.00000000000011 0.59999999999999887 32.500000000000007 25.000000000000004 29.750000000000004 6.5000000000000018 2.8999999999999999 290.50000000000006 1.0000000180025095e-35 227.50000000000003 220.50000000000003 675.00000000000011 -0.56368474752277564 30.350000000000005 30.225000000000005 30.750000000000004 -0.90893996196865023 0.45273815774107123 108.50000000000001 188.50000000000003 4.5499999999999998 295.50000000000006 29.250000000000004 165.00000000000003 274.50000000000006 276.50000000000006 1.2 104.50000000000001
decision_type=2 2 2 2 2 2 2 2 2 2 2 2 2 2 2 2 2 2 2 2 2 2 2 2 2 2 2 2 2 2
left_child=2 5 4 25 6 -2 8 13 10 16 -1 12 21 18 23 20 -9 -17 -7 -19 -16 -6 28 -3 -14 -4 -13 -28 -5 -30
right_child=1 14 3 22 11 7 -8 9 -10 -11 -12 26 24 -15 15 17 -18 19 -20 -21 -22 -23 -24 -25 -26 -27 27 -29 29 -31
leaf_value=0.026779284163193886 -0.0027820812986312118 -0.0025702431217271659 -0.0023824436522070871 0.00075908477254704732 0.0014072359537579239 -0.0025702431217271659 -0.014383766430512127 0.00013155735684598213 -0.025871597847801367 -0.0052720436003003144 0.0017116423381066115 0.034254042456558297 0.063123453548890401 -0.0052720436003003144 0.0001083169095160777 0.00058100397385312116 -0.0052720436003003144 -0.0025702431217271659 -0.0025702431217271659 -0.0025702431217271659 -0.0054145614823925183 0.032137419211587352 -0.0040402974455342857 0.00060791415631783203 -0.011752442287892807 -0.0062104078929198061 -0.021307002935735377 0.063280036809536422 0.029781513014338203 0.0070529816356279364
leaf_weight=27112 2353 8584 5486 7051 1485 3209 900 1254 624 451 12339 2805 55 2993 290 395 337 6901 23680 812 939 3630 3300 116 330 2968 110 220 2009 7142
leaf_count=27112 2353 8584 5486 7051 1485 3209 900 1254 624 451 12339 2805 55 2993 290 395 337 6901 23680 812 939 3630 3300 116 330 2968 110 220 2009 7142
internal_value=-0.00321605 -0.0122443 0.00287304 -0.000431034 0.00473493 -0.0149379 0.00342221 -0.015764 0.00381347 -0.00477473 0.00412854 0.0109641 0.00739091 -0.016515 -0.00712563 -0.00415819 0.000958517 -0.00250987 -0.0156728 -0.00351031 -0.0150325 0.0092913 0.00218952 -0.0103103 -0.0178571 -0.00647622 0.0172329 0.000151515 0.00335452 0.00557589
internal_weight=129880 52314 77566 27956 49610 34277 40975 31924 40075 2042 39451 8635 5500 29882 18037 9337 1591 8108 26889 7713 1229 5115 19502 8700 385 8454 3135 330 16202 9151
internal_count=129880 52314 77566 27956 49610 34277 40975 31924 40075 2042 39451 8635 5500 29882 18037 9337 1591 8108 26889 7713 1229 5115 19502 8700 385 8454 3135 330 16202 9151
is_linear=0
shrinkage=0.05


Tree=41
num_leaves=31
num_cat=0
split_feature=6 17 6 70 17 16 37 19 9 8 1 8 8 16 9 1 1 1 9 9 8 17 8 18 3 6 17 8 1 8
split_gain=2781.31 287.723 172.387 136.127 127.905 127.347 107.869 106.39 93.2186 91.5048 84.8951 72.2603 101.3 70.0935 68.2497 66.9048 65.5586 63.1445 62.7526 58.7649 56.5664 54.8871 50.2537 48.8571 43.3244 45.0423 38.5621 38.0805 42.75 33.9708
threshold=855.00000000000011 30.500000000000004 565.00000000000011 0.500000000000001 32.500000000000007 25.000000000000004 0.50007977026164663 6.5000000000000018 0.99700008544936913 290.50000000000006 29.950000000000003 227.50000000000003 220.50000000000003 665.00000000000011 -0.56368474752277564 30.350000000000005 30.225000000000005 30.750000000000004 -0.90893996196865023 0.45273815774107123 108.50000000000001 33.500000000000007 295.50000000000006 27.500000000000004 0.59999999999999887 675.00000000000011 26.500000000000004 274.50000000000006 30.650000000000006 200.50000000000003
decision_type=2 2 2 2 2 2 2 2 2 2 2 2 2 2 2 2 2 2 2 2 2 2 2 2 2 2 2 2 2 2
left_child=2 5 4 24 6 -2 8 13 10 16 -1 12 21 18 22 20 -9 29 -7 -19 -16 -6 -3 -14 -4 -26 -5 -13 -29 -17
right_child=1 14 3 26 11 7 -8 9 -10 -11 -12 27 23 -15 15 17 -18 19 -20 -21 -22 -23 -24 -25 25 -27 -28 28 -30 -31
leaf_value=0.022442455190839074 -0.0026429772336996507 -0.0024417309656408082 -0.0016646832130132851 -0.0049307269661298739 0.0090155659443451608 -0.0024417309656408082 -0.0068377338626722352 0.00012497948900368344 -0.013094555423871635 -0.0050084414202852985 -0.015425626395283908 0.030594985129470943 0.059967280871445872 -0.0050084414202852985 0.00010290106404027416 0.00055195377516046445 -0.0050084414202852985 -0.0024417309656408082 -0.0024417309656408082 -0.0024417309656408082 -0.0051438334082728925 0.038853860654005937 0.00057751844850194029 -0.011164820173498159 0.01574192290229617 0.0010214885125897134 -0.0026460630888027305 0.060116034969059595 -0.0066950703357361759 -0.0037349212887189511
leaf_weight=35024 2353 8584 9384 2319 2793 3201 5930 1254 988 451 522 2907 57 3078 290 346 337 6901 23603 812 939 2508 116 342 4981 6088 3381 228 114 49
leaf_count=35024 2353 8584 9384 2319 2793 3201 5930 1254 988 451 522 2907 57 3078 290 346 337 6901 23603 812 939 2508 116 342 4981 6088 3381 228 114 49
internal_value=-0.00329188 -0.0122013 0.00271704 -0.000587887 0.00439821 -0.0148912 0.00325334 -0.0157186 0.00426863 -0.00467679 0.0046897 0.00983071 0.0064386 -0.0164731 -0.00708959 -0.0041207 0.000958517 -0.00247287 -0.0156525 -0.00347141 -0.0149919 0.00826731 -0.0102759 -0.0178571 0.00131643 0.00343527 -0.00742105 0.0157818 0 0.0170253
internal_weight=129880 52314 77566 26153 51413 34277 42464 31924 36534 2042 35546 8949 5700 29882 18037 9337 1591 8108 26804 7713 1229 5301 8700 399 20453 11069 5700 3249 342 395
internal_count=129880 52314 77566 26153 51413 34277 42464 31924 36534 2042 35546 8949 5700 29882 18037 9337 1591 8108 26804 7713 1229 5301 8700 399 20453 11069 5700 3249 342 395
is_linear=0
shrinkage=0.05


Tree=42
num_leaves=31
num_cat=0
split_feature=6 17 6 20 19 35 16 9 17 1 1 10 9 70 17 18 9 9 18 17 6 19 1 1 17 8 8 70 17 17
split_gain=2425.76 261.893 161.531 148.161 138.791 115.361 109.454 105.074 106.71 219.037 173.66 101.915 94.099 89.7881 84.268 80.8901 74.9091 69.5084 69.1126 63.6217 63.0943 57.1394 56.3412 53.3991 104.316 52.2097 50.4237 47.5758 42.6376 40.8285
threshold=855.00000000000011 30.500000000000004 545.00000000000011 0.89999999999999603 6.7500000000000009 1.0000000180025095e-35 15.000000000000002 0.9962888416657264 21.500000000000004 18.250000000000004 21.550000000000008 -0.89404254237865755 0.35846314187849709 4.9000000000000004 29.500000000000004 25.500000000000004 -0.90893996196865023 0.97508442350096236 25.500000000000004 29.500000000000004 635.00000000000011 2.5999999999999992 31.350000000000005 26.050000000000008 27.500000000000004 313.50000000000006 208.50000000000003 0.6000000000000002 31.500000000000004 33.500000000000007
decision_type=2 2 2 2 2 2 2 2 2 2 2 2 2 2 2 2 2 2 2 2 2 2 2 2 2 2 2 2 2 2
left_child=2 4 5 27 6 7 -2 8 9 -1 -10 12 26 -6 23 22 19 -18 -16 -8 -5 -17 -13 24 -7 -22 28 -4 -3 -20
right_child=1 11 3 20 13 14 16 -9 10 -11 -12 15 -14 -15 18 21 17 -19 29 -21 25 -23 -24 -25 -26 -27 -28 -29 -30 -31
leaf_value=0.046211616232594045 -0.0021464658392932267 -0.0048866417378592483 -0.002626050446620308 0.019529009019780122 0.00011873051455349866 -0.0093986314103474255 -0.002319644417358767 -0.0052750197099899815 0.069318201963863832 -0.049284166705937452 0.021313756306993503 0.0019292954738103726 0.0020127169403339599 -0.0047580193492710345 0.083869190235859592 0.0017241647022433707 -0.002319644417358767 -0.002319644417358767 0.0055503225363275682 -0.0047580193492710345 0.0038235128105204522 -0.002319644417358767 -0.0068321444846002576 -0.027558930280327344 0.046520335308607545 -0.005779661722542774 0.0026803556571470392 -0.0041788478873707015 -0.002319644417358767 0.026580849197931133
leaf_weight=4228 1779 580 6670 4837 1024 5881 2386 994 4601 2086 22548 530 348 345 431 187 25070 2432 5244 1241 9569 10427 108 1603 1127 2008 174 4872 5683 867
leaf_count=4228 1779 580 6670 4837 1024 5881 2386 994 4601 2086 22548 530 348 345 431 187 25070 2432 5244 1241 9569 10427 108 1603 1127 2008 174 4872 5683 867
internal_value=-0.00301394 -0.0113344 0.00259779 -0.000441766 -0.0139007 0.00431062 -0.0145497 0.00590954 0.00638541 0.000530567 0.00774706 -0.00645756 -0.00161754 0.00169832 0.000674784 -0.00937611 -0.015239 -0.0161297 0.00495261 -0.00848497 0.00261058 -0.0104155 0.00791536 -0.00257519 -0.000692066 0.000606807 -0.00298664 -0.00478253 -0.00372425 0.00358779
internal_weight=129880 52314 77566 27956 34277 49610 32908 34457 33463 6314 27149 18037 6785 1369 15153 11252 31129 27502 6542 3627 16414 10614 638 8611 7008 11577 6437 11542 6263 6111
internal_count=129880 52314 77566 27956 34277 49610 32908 34457 33463 6314 27149 18037 6785 1369 15153 11252 31129 27502 6542 3627 16414 10614 638 8611 7008 11577 6437 11542 6263 6111
is_linear=0
shrinkage=0.05


Tree=43
num_leaves=31
num_cat=0
split_feature=6 17 4 19 35 9 70 17 1 1 16 10 9 71 17 9 18 17 8 1 17 9 1 1 18 19 19 17 17 8
split_gain=2360.9 258.49 151.38 138.945 114.886 104.684 100.988 97.7779 226.132 159.416 96.7118 92.0664 97.7384 85.5629 80.3007 78.8861 77.0674 66.0132 65.6163 65.6092 91.3988 51.9852 51.6259 50.9574 49.546 63.9982 50.8239 48.1233 46.1254 45.1409
threshold=865.00000000000011 30.500000000000004 9.5000000000000018 6.5000000000000018 1.0000000180025095e-35 0.9962888416657264 0.500000000000001 21.500000000000004 18.250000000000004 21.550000000000008 15.000000000000002 -0.89404254237865755 0.35846314187849709 1.8000000000000063 29.500000000000004 -0.90893996196865023 25.500000000000004 29.500000000000004 300.50000000000006 21.037500000000005 26.500000000000004 -0.35846811432664222 35.45000000000001 12.250000000000002 25.500000000000004 5.4999999999999982 2.5999999999999992 31.500000000000004 33.500000000000007 309.50000000000006
decision_type=2 2 2 2 2 2 2 2 2 2 2 2 2 2 2 2 2 2 2 2 2 2 2 2 2 2 2 2 2 2
left_child=2 3 4 10 5 7 29 8 -1 -9 -2 12 27 -5 19 17 -16 -12 -15 21 -21 -6 24 -17 25 -13 -26 -3 -18 -4
right_child=1 11 6 13 14 -7 -8 9 -10 -11 15 22 -14 18 16 23 28 -19 -20 20 -22 -23 -24 -25 26 -27 -28 -29 -30 -31
leaf_value=0.043082630220742019 -0.0023254975167148612 -0.0046423096509662859 0.0030710201571327034 -0.0045810777551052893 0.024954990418103496 -0.0050112687244904921 -0.003278848649924393 0.063709812967430599 -0.044388969833080522 0.019622345999544558 -0.0022036621964908287 0.0043271165491933624 0.0019120810933172625 0.00011279398882582393 0.076712599323004685 0.00035796294610271063 0.0037432678519631725 -0.0045201183818074824 -0.0046420371284030953 -0.028764480286660551 -0.0023725162537041825 -0.0022200050152452635 0.0027043198879089072 -0.0022036621964908287 0.001712093149103771 -0.0014905371858644379 -0.0022036621964908287 -0.0022036621964908287 0.02525180673803458 -0.0033290594487538957
leaf_weight=4602 1581 627 15266 386 854 1080 5395 4960 2293 24711 2356 238 342 1581 460 74 5745 1225 188 2223 3832 2445 114 26295 182 389 10135 5699 914 3688
leaf_count=4602 1581 627 15266 386 854 1080 5395 4960 2293 24711 2356 238 342 1581 460 74 5745 1225 188 2223 3832 2445 114 26295 182 389 10135 5699 914 3688
internal_value=-0.00311172 -0.0114399 0.0023449 -0.0140118 0.00381798 0.00534187 -0.000929196 0.005795 0.000431472 0.00704139 -0.0148513 -0.00655252 -0.00191212 -0.00172854 0.000335397 -0.0154875 0.00433699 -0.00852416 0.00292538 -0.00271007 -0.00580099 0.00296302 -0.0093507 -0.0164331 -0.00969938 0.00394737 -0.0105287 -0.00331963 0.00296967 0.000788752
internal_weight=129880 51412 78468 33686 54119 37646 24349 36566 6895 29671 31531 17726 6668 2155 16473 29950 7119 3581 1769 9354 6055 3299 11058 26369 10944 627 10317 6326 6659 18954
internal_count=129880 51412 78468 33686 54119 37646 24349 36566 6895 29671 31531 17726 6668 2155 16473 29950 7119 3581 1769 9354 6055 3299 11058 26369 10944 627 10317 6326 6659 18954
is_linear=0
shrinkage=0.05


Tree=44
num_leaves=31
num_cat=0
split_feature=6 17 17 1 1 17 1 70 19 22 9 10 16 10 17 71 18 9 1 8 17 8 10 10 10 10 1 1 17 8
split_gain=2330.81 252.547 144.166 198.953 159.648 275.897 244.097 181.163 138.844 125.691 100.56 97.8227 97.2215 96.2515 85.5904 85.5629 78.5721 77.7287 76.7752 87.7815 66.4387 65.6163 65.294 75.2762 63.174 62.6538 74.2776 55.79 55.6859 52.8955
threshold=865.00000000000011 30.500000000000004 29.500000000000004 26.350000000000005 26.050000000000008 27.500000000000004 23.750000000000004 0.79999999999999993 6.5000000000000018 1.0000000180025095e-35 -0.814291907305839 -0.79382744783423187 25.000000000000004 -0.89404254237865755 22.500000000000004 1.8000000000000063 25.500000000000004 -0.90893996196865023 24.750000000000004 311.50000000000006 29.500000000000004 300.50000000000006 -0.98801846520836312 -0.97874870457683594 -0.90161545992537195 -0.56369940867848845 28.225000000000005 31.350000000000005 33.500000000000007 178.50000000000003
decision_type=2 2 2 2 2 2 2 2 2 2 2 2 2 2 2 2 2 2 2 2 2 2 2 2 2 2 2 2 2 2
left_child=2 8 4 -4 5 6 7 -1 12 10 -5 -12 -2 22 -6 -10 27 20 -7 -20 -14 -17 28 -24 -25 -11 -27 -15 -3 -30
right_child=1 13 3 9 14 18 -8 -9 15 25 11 -13 17 16 -16 21 -18 -19 19 -21 -22 -23 23 24 -26 26 -28 -29 29 -31
leaf_value=0.014573410232355605 -0.0025011861525074328 -0.0020934790866662875 0.068952489418874399 0.015082528213264501 0.11793013704442774 0.07716332186258508 -0.011394434578068324 -0.0062545888906286491 -0.0043520238673500243 0.037890432125528485 0.0029827031937373905 -0.0083560403548435854 -0.0020934790866662875 0.0017711176232111658 -0.0080707711439593349 0.0001071542893845326 -0.0020934790866662875 -0.0020934790866662875 0.029234296828037843 -0.028232719846345268 -0.0042941124627171087 -0.0044099352719829408 0.0029065209878395186 -0.0020934790866662875 0.0018164770386513999 0.030632070543123648 0.0015847253942395279 -0.0064160104010770221 -0.0070934791611720937 0.0029065209878395186
leaf_weight=19533 2007 1766 1648 7411 261 1731 6329 7728 386 4735 10800 3959 2319 519 7638 1581 10431 26007 2515 543 1198 188 855 3363 228 668 2969 108 114 342
leaf_count=19533 2007 1766 1648 7411 261 1731 6329 7728 386 4735 10800 3959 2319 519 7638 1581 10431 26007 2515 543 1198 188 855 3363 228 668 2969 108 114 342
internal_value=-0.00319025 -0.0114652 0.00223148 0.00480118 0.000444055 0.00177636 0.000175648 0.00222938 -0.0140073 0.00388809 0.001917 -0.000469205 -0.0148465 -0.00663432 -0.00602924 -0.00172854 -0.00949539 -0.0155704 0.0130038 0.00824068 -0.00859397 0.00292538 -0.00188962 0.00160819 -0.00156642 0.00910774 0.00417239 0.00769537 -0.00888839 0.0066886
internal_weight=129880 51412 78468 32190 46278 38379 33590 27261 33686 30542 22170 14759 31531 17726 7899 2155 11058 29524 4789 3058 3517 1769 6668 4446 3591 8372 3637 627 2222 456
internal_count=129880 51412 78468 32190 46278 38379 33590 27261 33686 30542 22170 14759 31531 17726 7899 2155 11058 29524 4789 3058 3517 1769 6668 4446 3591 8372 3637 627 2222 456
is_linear=0
shrinkage=0.05


Tree=45
num_leaves=31
num_cat=0
split_feature=6 17 19 4 20 16 10 17 1 17 1 17 1 1 1 9 70 18 9 9 17 1 0 7 17 19 1 18 19 19
split_gain=2269.17 275.41 138.713 135.802 134.809 109.594 100.575 98.6937 257.849 173.836 143.614 147.34 224.858 124.161 95.7809 92.8981 89.7881 77.9967 75.3201 68.0451 65.9156 83.2098 79.3695 65.638 64.9486 51.8979 51.5148 50.5144 63.3861 50.3438
threshold=855.00000000000011 30.500000000000004 6.7500000000000009 8.5000000000000018 0.59999999999999887 25.000000000000004 -0.89404254237865755 28.500000000000004 26.250000000000004 30.500000000000004 23.750000000000004 23.500000000000004 19.450000000000003 21.450000000000003 29.650000000000009 0.35846314187849709 4.9000000000000004 25.500000000000004 -0.90893996196865023 0.97508442350096236 27.500000000000004 24.750000000000004 26.725000000000005 4.5000000000000009 29.500000000000004 3.8999999999999972 35.45000000000001 25.500000000000004 5.4999999999999982 2.5999999999999992
decision_type=2 2 2 2 2 2 2 2 2 2 2 2 2 2 2 2 2 2 2 2 2 2 2 2 2 2 2 2 2 2
left_child=3 2 5 7 -5 -2 15 10 17 23 11 12 -1 -13 -11 -3 -4 -9 24 -20 22 -22 -12 -10 -7 -6 27 28 -8 -29
right_child=1 6 16 4 25 18 26 8 9 14 20 13 -14 -15 -16 -17 -18 -19 19 -21 21 -23 -24 -25 -26 -27 -28 29 -30 -31
leaf_value=0.023133637293091359 -0.0022678234960301566 -0.0019888051323329729 0.00010179657491530548 -0.0036534351983495308 0.0070869359051954246 -0.0019888051323329729 0.004022204840573136 0.063081203481304332 -0.031938363218361611 0.027957277389542148 -0.02630468057472939 0.076938116400566581 -0.038965378557584619 0.014226977910022965 0.0015054891245275483 0.0019211509929847146 -0.004073463300684717 0.0011816780341219026 -0.0019888051323329729 -0.0019888051323329729 0.046561707576568724 -0.013749778913390631 0.14838410291962797 -0.010193988108626307 -0.0040794068395812533 -0.0026394651093781863 0.0026737778478467772 0.0016570257640093275 -0.0010952098065173646 -0.0019888051323329729
leaf_weight=9127 2254 6437 1024 8777 14239 2344 244 3191 378 10753 3553 2518 3023 3667 5547 348 345 506 24712 2384 620 1792 162 3871 1214 5842 115 187 394 10312
leaf_count=9127 2254 6437 1024 8777 14239 2344 244 3191 378 10753 3553 2518 3023 3667 5547 348 345 506 24712 2384 620 1792 162 3871 1214 5842 115 187 394 10312
internal_value=-0.0032172 -0.0112647 -0.0138963 0.00221038 -0.000507658 -0.0145451 -0.00626351 0.00382073 0.00608142 0.00389435 0.00158 0.00379466 0.000596708 0.0100768 0.00624233 -0.00145542 0.00169832 0.0182378 -0.0153275 -0.0162256 -0.00504733 0.00138889 -0.00922611 -0.00511297 -0.00848791 0.00175166 -0.00916282 -0.0095066 0.00415361 -0.0103367
internal_weight=129880 52314 34277 77566 28858 32908 18037 48708 24246 20549 24462 18335 12150 6185 16300 6785 1369 3697 30654 27096 6127 2412 3715 4249 3558 20081 11252 11137 638 10499
internal_count=129880 52314 34277 77566 28858 32908 18037 48708 24246 20549 24462 18335 12150 6185 16300 6785 1369 3697 30654 27096 6127 2412 3715 4249 3558 20081 11252 11137 638 10499
is_linear=0
shrinkage=0.05


Tree=46
num_leaves=31
num_cat=0
split_feature=6 17 19 6 16 20 37 17 1 18 17 17 10 70 8 9 9 18 10 10 17 10 6 17 10 18 19 17 1 70
split_gain=2270.48 260.356 138.402 128.542 112.435 112.057 99.1395 97.9018 218.86 147.271 146.639 136.506 94.603 89.7881 78.0051 75.1406 68.2434 66.8038 65.9679 75.0052 64.9486 61.6444 55.7904 55.7374 52.3707 48.7455 63.3861 68.9766 48.6115 43.6347
threshold=855.00000000000011 30.500000000000004 6.7500000000000009 545.00000000000011 25.000000000000004 0.89999999999999603 0.60005890365570835 28.500000000000004 26.250000000000004 22.500000000000004 30.500000000000004 25.500000000000004 -0.89404254237865755 4.9000000000000004 320.50000000000006 -0.90893996196865023 0.97508442350096236 25.500000000000004 -0.98801846520836312 -0.97874870457683594 29.500000000000004 -0.90161545992537195 705.00000000000011 33.500000000000007 -0.99273797715557011 25.500000000000004 5.4999999999999982 31.500000000000004 34.95000000000001 0.20000000000000198
decision_type=2 2 2 2 2 2 2 2 2 2 2 2 2 2 2 2 2 2 2 2 2 2 2 2 2 2 2 2 2 2
left_child=3 2 4 6 -2 -5 7 9 17 11 -10 -1 18 -4 -11 20 -17 -9 23 28 -6 -21 -7 -3 -25 26 -14 -28 -20 -27
right_child=1 12 13 5 15 22 -8 8 10 14 -12 -13 25 -15 -16 16 -18 -19 19 21 -22 -23 -24 24 -26 29 27 -29 -30 -31
leaf_value=0.013091220117281411 -0.0021544323212286487 -0.0018893648757163249 9.6706746169540617e-05 -0.0031632609939238987 -0.0018893648757163249 0.010582394511653515 -0.0050405872046562772 0.057181118338333448 -0.011953506458874802 -0.022458820746651221 0.020432483143628711 0.072710254382421111 0.0038210945985444793 -0.0038697901356504814 0.028950381643673053 -0.0018893648757163249 -0.0018893648757163249 -0.01199386590493632 0.0028606351950641903 -0.0018893648757163249 -0.0038754364976021903 0.0016295956370695947 -0.001592056764319369 0.0028606351950641903 -0.0021393648794416158 0.00081308505299871193 -0.0032626778421293301 0.001737322232376476 -0.0021393648794416158 -0.0018893648757163249
leaf_weight=15797 2254 1797 1024 11542 2344 9180 5567 3128 3461 3969 14294 2498 244 345 504 24712 2384 392 705 3422 1214 232 7234 348 116 742 278 116 165 9872
leaf_count=15797 2254 1797 1024 11542 2344 9180 5567 3128 3461 3969 14294 2498 244 345 504 24712 2384 392 705 3422 1214 232 7234 348 116 742 278 116 165 9872
internal_value=-0.00327033 -0.0113201 -0.0138788 0.00215881 -0.0145269 -0.000552654 0.00368676 0.00448142 0.00692009 0.00220265 0.00466207 0.00419104 -0.00645756 0.00169832 -0.00593002 -0.0153194 -0.0162164 0.0183097 -0.0017944 0.00169098 -0.00848791 -0.00145047 0.00210186 -0.00876824 0.00668103 -0.00926946 0.00415361 -0.00824873 0.0148851 -0.0100763
internal_weight=129880 52314 34277 77566 32908 27956 49610 44043 21275 22768 17755 18295 18037 1369 4473 30654 27096 3520 6785 4524 3558 3654 16414 2261 464 11252 638 394 870 10614
internal_count=129880 52314 34277 77566 32908 27956 49610 44043 21275 22768 17755 18295 18037 1369 4473 30654 27096 3520 6785 4524 3558 3654 16414 2261 464 11252 638 394 870 10614
is_linear=0
shrinkage=0.05


Tree=47
num_leaves=31
num_cat=0
split_feature=6 17 19 4 3 16 35 9 71 17 1 1 17 7 10 9 1 17 8 17 18 19 8 6 8 1 1 1 16 1
split_gain=2200.9 289.877 138.241 131.165 124.029 102.689 98.2091 94.8932 85.5629 82.7565 183.877 130.037 184.561 98.4287 93.9733 78.1742 76.0704 66.8344 65.6163 61.4109 65.046 55.7072 53.428 49.9359 51.1566 49.0648 48.8921 51.8611 47.2502 46.7144
threshold=865.00000000000011 30.500000000000004 6.5000000000000018 8.5000000000000018 0.40000000000000308 25.000000000000004 1.0000000180025095e-35 -0.56368474752277564 1.8000000000000063 21.500000000000004 17.620000000000005 21.037500000000005 23.500000000000004 2.5000000000000004 0.29958852271690523 -0.90893996196865023 34.95000000000001 29.500000000000004 300.50000000000006 29.500000000000004 25.500000000000004 4.2999999999999989 295.50000000000006 615.00000000000011 315.50000000000006 12.250000000000002 32.650000000000013 32.750000000000007 185.00000000000003 20.850000000000005
decision_type=2 2 2 2 2 2 2 2 2 2 2 2 2 2 2 2 2 2 2 2 2 2 2 2 2 2 2 2 2 2
left_child=3 2 5 6 28 -2 9 16 -4 10 13 -11 -13 -1 -12 17 22 -7 -10 29 -21 -9 -3 -6 -25 -17 -23 -28 -5 -8
right_child=1 7 8 4 23 15 19 21 18 11 14 12 -14 -15 -16 25 -18 -19 -20 20 -22 26 -24 24 -26 -27 27 -29 -30 -31
leaf_value=0.057176586230847898 -0.0021550140540191206 -0.001794896631930508 -0.0038388870878729112 -0.0016327008836173385 0.019511622781593865 -0.001794896631930508 0.0077313086187429832 0.00017531292076869293 9.1871408861063375e-05 0.058955505318735682 0.083395527989899854 -0.1063261992693298 0.016968915893320325 -0.0029826060525633747 -0.047146992531060673 0.00063864725353335457 0.00052267753275185992 -0.0036816646727220806 -0.0039955300079813289 0.07266716120531562 0.0070906530236890088 -0.001794896631930508 0.00082886041876075183 0.003686898487071333 -0.0067168237284098015 -0.001794896631930508 0.0061661994010495658 -0.001794896631930508 -0.0054973656472314322 -0.011986671328422002
leaf_weight=1740 2007 8151 386 10280 4285 2319 2901 2849 1581 3978 303 537 23047 1923 2289 71 285 1198 188 424 6006 1853 114 9862 1901 25936 174 4300 3432 5560
leaf_count=1740 2007 8151 386 10280 4285 2319 2901 2849 1581 3978 303 537 23047 1923 2289 71 285 1198 188 424 6006 1853 114 9862 1901 25936 174 4300 3432 5560
internal_value=-0.00321605 -0.0112571 -0.0139806 0.00205243 -0.000562836 -0.014818 0.00365032 -0.00608146 -0.00172854 0.00514017 -5.19584e-05 0.00631848 0.00490799 0.00715943 -0.0102431 -0.0155619 -0.00987135 -0.00856554 0.00292538 0.00026694 0.00395023 -0.00255013 -0.0107471 0.00242086 0.000737482 -0.0165081 -0.00516437 -0.00233572 -0.00405484 -0.00253221
internal_weight=129880 51412 33686 78468 29760 31531 48708 17726 2155 33817 6255 27562 23584 3663 2592 29524 8550 3517 1769 14891 6430 9176 8265 16048 11763 26007 6327 4474 13712 8461
internal_count=129880 51412 33686 78468 29760 31531 48708 17726 2155 33817 6255 27562 23584 3663 2592 29524 8550 3517 1769 14891 6430 9176 8265 16048 11763 26007 6327 4474 13712 8461
is_linear=0
shrinkage=0.05


Tree=48
num_leaves=31
num_cat=0
split_feature=6 17 19 4 20 16 9 23 17 0 1 17 71 9 9 0 1 17 8 19 8 6 8 1 1 1 10 10 8 10
split_gain=2165.09 289.332 138.073 120.468 113.259 104.889 94.6006 91.4379 95.3888 192.677 169.313 120.346 85.5629 82.2507 78.1742 78.0677 74.9883 66.8344 65.6163 55.1396 53.39 53.0402 49.5525 49.0648 48.2348 49.6999 45.8022 74.7936 42.8263 40.0482
threshold=865.00000000000011 30.500000000000004 6.5000000000000018 8.5000000000000018 0.70000000000000828 25.000000000000004 -0.56368474752277564 1.0000000180025095e-35 27.500000000000004 24.550000000000008 23.750000000000004 23.500000000000004 1.8000000000000063 0.9962888416657264 -0.90893996196865023 26.725000000000005 34.95000000000001 29.500000000000004 300.50000000000006 4.2999999999999989 295.50000000000006 625.00000000000011 313.50000000000006 12.250000000000002 32.650000000000013 32.750000000000007 -0.98801846520836312 -0.97111920233974802 24.500000000000004 -0.69676771491221523
decision_type=2 2 2 2 2 2 2 2 2 2 2 2 2 2 2 2 2 2 2 2 2 2 2 2 2 2 2 2 2 2
left_child=3 2 5 7 -5 -2 16 8 10 -10 11 -1 -4 -11 17 -12 20 -7 -14 26 -3 -6 28 -16 -21 -26 -8 -28 -23 -9
right_child=1 6 12 4 21 14 19 29 9 13 15 -13 18 -15 23 -17 -18 -19 -20 24 -22 22 -24 -25 25 -27 27 -29 -30 -31
leaf_value=0.0030018406812770682 -0.0020472633513181639 -0.0017051518003339831 -0.0036469427334792654 -0.0029858040372273465 0.017258812324656248 -0.0017051518003339831 -0.0018036622779689427 0.006997474757042977 0.059774157623359803 0.014474038569006031 -0.028159235758034008 0.033553971435535311 8.7277838418009523e-05 -0.020248700651187182 0.00060671489085668698 0.13614056036828753 0.00049654365611426644 -0.0034975814390859773 -0.003795753507582262 -0.0017051518003339831 0.00078741739782271433 -0.0098171192755062281 -0.0054185342657922953 -0.0017051518003339831 0.0058578894309970876 -0.0017051518003339831 0.0027088377892725462 3.3468382151133348e-05 0.0041959478271832665 -0.020164949916109155
leaf_weight=11994 2007 8151 386 11279 5140 2319 474 1245 2309 22223 3154 5950 1581 371 71 162 285 1198 188 1853 114 760 2312 25936 174 4300 461 1914 10269 1300
leaf_count=11994 2007 8151 386 11279 5140 2319 474 1245 2309 22223 3154 5950 1581 371 71 162 285 1198 188 1853 114 760 2312 25936 174 4300 461 1914 10269 1300
internal_value=-0.00327687 -0.0112522 -0.0139732 0.00194857 -0.000557796 -0.01481 -0.00608146 0.00347992 0.00398858 0.00608862 0.00152869 0.00344683 -0.00172854 0.00468266 -0.0155619 -0.00885103 -0.0098655 -0.00856554 0.00292538 -0.00255558 -0.010735 0.0018519 0.000189266 -0.0165081 -0.00515647 -0.00234689 0.00322043 0.00605263 0.00158446 -0.00574656
internal_weight=129880 51412 33686 78468 29760 31531 17726 48708 46163 24903 21260 17944 2155 22594 29524 3316 8550 3517 1769 9176 8265 18481 13341 26007 6327 4474 2849 2375 11029 2545
internal_count=129880 51412 33686 78468 29760 31531 17726 48708 46163 24903 21260 17944 2155 22594 29524 3316 8550 3517 1769 9176 8265 18481 13341 26007 6327 4474 2849 2375 11029 2545
is_linear=0
shrinkage=0.05


Tree=49
num_leaves=31
num_cat=0
split_feature=6 17 19 35 10 18 17 1 16 9 1 17 1 10 17 9 9 10 9 17 16 19 8 70 1 1 9 0 10 10
split_gain=2132.75 274.952 170.703 119.837 111.208 121.341 164.42 194.349 108.928 100.461 99.4743 115.148 104.501 94.2784 92.4587 105.313 73.7944 70.9284 67.9521 66.8344 56.4489 55.0127 51.3874 50.7279 48.1225 48.6575 47.6964 45.8602 45.689 74.9679
threshold=865.00000000000011 30.500000000000004 6.7500000000000009 1.0000000180025095e-35 0.78192542922038288 17.500000000000004 23.500000000000004 23.450000000000003 25.000000000000004 -0.56368474752277564 16.350000000000005 20.500000000000004 19.450000000000003 0.76002003530985496 20.500000000000004 0.86113431103781346 -0.90893996196865023 0.90803977035715633 0.97508442350096236 29.500000000000004 625.00000000000011 4.2999999999999989 295.50000000000006 0.59999999999999887 32.650000000000013 32.750000000000007 -0.99275805973510278 22.050000000000008 -0.98801846520836312 -0.97111920233974802
decision_type=2 2 2 2 2 2 2 2 2 2 2 2 2 2 2 2 2 2 2 2 2 2 2 2 2 2 2 2 2 2
left_child=3 2 8 4 5 14 13 -8 -2 22 17 -12 -13 -7 15 -1 19 -6 -18 -10 -4 28 -3 -19 -23 -26 -5 -16 -11 -30
right_child=1 9 20 26 10 6 7 -9 16 21 11 12 -14 -15 27 -17 18 23 -20 -21 -22 24 -24 -25 25 -27 -28 -29 29 -31
leaf_value=0.052328635507433989 -0.0019449001837522559 -0.001619894210317284 8.2913946497109595e-05 0.021265531409139473 0.051198066797998813 -0.025774594060311941 0.056929563031717569 0.0069550979599243669 -0.001619894210317284 -0.0017134791640704959 -0.019092071944702235 0.041198064413813018 -0.0045947242203920663 0.076899582988999765 0.085546160625127904 -0.03079397597201643 -0.001619894210317284 0.029010720466732056 -0.001619894210317284 -0.0033227023671316782 -0.0033020091378003487 -0.001619894210317284 0.00074804652793157849 -0.014733558366465171 0.0055649949594472337 -0.001619894210317284 -0.0024234221364684331 -0.0019794525844159974 0.0025733958998089184 3.1794963043577096e-05
leaf_weight=1448 2044 8436 1186 1413 746 1897 3177 33830 2319 474 2589 1819 4892 174 1670 590 24415 1062 2358 1198 166 1853 114 981 174 4300 21975 205 461 1914
leaf_count=1448 2044 8436 1186 1413 746 1897 3177 33830 2319 474 2589 1819 4892 174 1670 590 24415 1062 2358 1198 166 1853 114 981 174 4300 21975 205 461 1914
internal_value=-0.00332499 -0.0112406 -0.013893 0.00186127 0.00313453 0.00432591 0.00348534 0.00425257 -0.0146208 -0.00619993 -0.00110224 -0.00358602 -0.000130383 -0.0102245 0.0127204 0.00534838 -0.0153747 0.00717999 -0.0162692 -0.00856554 0.00351331 -0.00256648 -0.0100994 0.00236172 -0.00516437 -0.00235807 -0.00113734 0.0207333 0.00320288 0.00603158
internal_weight=129880 51412 33686 78468 55080 42991 39078 37007 32334 17726 12089 9300 6711 2071 3913 2038 30290 2789 26773 3517 1352 9176 8550 2043 6327 4474 23388 1875 2849 2375
internal_count=129880 51412 33686 78468 55080 42991 39078 37007 32334 17726 12089 9300 6711 2071 3913 2038 30290 2789 26773 3517 1352 9176 8550 2043 6327 4474 23388 1875 2849 2375
is_linear=0
shrinkage=0.05


Tree=50
num_leaves=31
num_cat=0
split_feature=6 17 19 16 51 10 18 17 1 1 17 1 10 17 17 9 9 1 9 9 17 1 16 19 8 1 18 1 10 10
split_gain=2070.13 279.406 169.598 110.651 110.34 100.183 131.548 155.228 219.713 108.016 128.12 153.923 104.587 104.058 101.295 99.9076 93.1442 79.0415 73.2667 68.7929 67.2313 61.0203 56.4489 53.9904 53.371 48.2348 48.0115 47.5432 45.2375 72.0998
threshold=865.00000000000011 30.500000000000004 6.7500000000000009 25.000000000000004 0.115 0.78192542922038288 17.500000000000004 23.500000000000004 23.450000000000003 18.250000000000004 21.500000000000004 20.650000000000002 0.76002003530985496 20.500000000000004 20.500000000000004 0.90892735371523092 -0.56368474752277564 34.95000000000001 -0.90893996196865023 0.97508442350096236 29.500000000000004 16.350000000000005 625.00000000000011 4.2999999999999989 295.50000000000006 32.650000000000013 18.500000000000004 32.750000000000007 -0.98801846520836312 -0.97111920233974802
decision_type=2 2 2 2 2 2 2 2 2 2 2 2 2 2 2 2 2 2 2 2 2 2 2 2 2 2 2 2 2 2
left_child=4 2 3 -2 5 6 14 12 -9 13 26 -12 -8 21 15 -1 17 24 20 -20 -5 -7 -4 28 -3 -25 -11 -27 -18 -30
right_child=1 16 22 18 -6 9 7 8 -10 10 11 -13 -14 -15 -16 -17 23 -19 19 -21 -22 -23 -24 25 -26 27 -28 -29 29 -31
leaf_value=0.038202629575469271 -0.0018476551745646428 -0.0015388994998014203 7.8768249172253565e-05 -0.0015388994998014203 -0.0049677067624479725 0.016092896858805352 -0.02557864130356087 0.055837393646199385 0.0054709344306587589 -0.0184159752796767 0.03160815490699076 -0.0061191571396903123 0.049146518048377379 0.076959303326742071 0.074321621306628699 -0.030962475948287094 -0.001627805205866971 0.00055271118382441695 -0.0015388994998014203 -0.0015388994998014203 -0.0031565672487750942 -0.0092402753013241298 -0.003136908680910331 -0.0015388994998014203 0.00071064420153499905 0.0052867452114748721 0.060437926800793011 -0.0015388994998014203 0.002444726104818472 3.0205214891398936e-05
leaf_weight=1778 2044 8151 1186 2319 7695 3414 2218 3705 44557 3629 2107 3939 226 800 1907 450 474 285 24415 2358 1198 1956 166 1853 114 174 87 4300 461 1914
leaf_count=1778 2044 8151 1186 2319 7695 3414 2218 3705 44557 3629 2107 3939 226 800 1907 450 474 285 24415 2358 1198 1956 166 1853 114 174 87 4300 461 1914
internal_value=-0.00336426 -0.0111628 -0.0138366 -0.0145621 0.0017453 0.00236354 0.00337749 0.00267818 0.00330073 -0.00112666 -0.00439971 9.09692e-05 -0.00961538 0.00405186 0.0119528 0.00471275 -0.00608146 -0.00983626 -0.0153219 -0.0162132 -0.00853711 0.00154562 0.00351331 -0.00258282 -0.010729 -0.00515647 -0.0117061 -0.00234689 0.00313268 0.00594737
internal_weight=129880 51412 33686 32334 78468 70773 54841 50706 48262 15932 9762 6046 2444 6170 4135 2228 17726 8550 30290 26773 3517 5370 1352 9176 8265 6327 3716 4474 2849 2375
internal_count=129880 51412 33686 32334 78468 70773 54841 50706 48262 15932 9762 6046 2444 6170 4135 2228 17726 8550 30290 26773 3517 5370 1352 9176 8265 6327 3716 4474 2849 2375
is_linear=0
shrinkage=0.05


Tree=51
num_leaves=31
num_cat=0
split_feature=6 17 19 16 19 9 70 9 1 17 1 1 3 1 9 9 17 19 8 6 1 1 8 10 10 17 8 8 59 10
split_gain=2051.59 280.144 135.504 112.03 108.99 93.2842 88.9743 78.2398 79.2432 176.036 134.813 80.2221 77.463 75.8603 73.6456 70.5591 67.3909 53.8875 53.314 52.9903 48.3473 47.5017 46.069 45.2375 72.0998 43.6011 76.3839 53.628 42.7156 40.9135
threshold=865.00000000000011 30.500000000000004 6.7500000000000009 15.000000000000002 1.2000000000000048 -0.56368474752277564 4.9000000000000004 0.99700008544936913 29.650000000000009 29.500000000000004 21.450000000000003 28.050000000000008 0.59999999999999887 34.95000000000001 -0.90893996196865023 0.97508442350096236 29.500000000000004 4.2999999999999989 295.50000000000006 625.00000000000011 32.650000000000013 32.750000000000007 24.500000000000004 -0.98801846520836312 -0.97111920233974802 33.500000000000007 239.50000000000003 257.50000000000006 0.23099999999999984 1.0000000180025095e-35
decision_type=2 2 2 2 2 2 2 2 2 2 2 2 2 2 2 2 2 2 2 2 2 2 2 2 2 2 2 2 2 2
left_child=4 2 3 -2 7 13 -4 8 9 10 -1 -11 22 18 16 -16 -5 23 -3 -14 -19 -22 -6 -7 -25 26 -10 -27 -24 -9
right_child=1 5 6 14 12 17 -8 29 25 11 -12 -13 19 -15 15 -17 -18 20 -20 -21 21 -23 28 24 -26 27 -28 -29 -30 -31
leaf_value=0.027888129555423514 -0.0011769539348218006 -0.0014619545248113486 7.4829836713641296e-05 -0.0014619545248113486 -0.009942828153904508 -0.0015464149455736223 -0.0029800632468648149 -0.024115213849868391 -0.011129402398542565 0.045892062320768048 -0.0032843711365662998 0.019694293558207756 0.019035780175510292 0.00052507562463319647 -0.0014619545248113486 -0.0014619545248113486 -0.0029987388863363393 -0.0014619545248113486 0.00067511199145824932 0.00060678183219974318 0.0050224079509011282 -0.0014619545248113486 -0.00083766155719550367 0.0023224897995775483 2.8694954146829546e-05 0.016512577202065472 0.020467218028991187 -0.0053720264900749774 -0.0055106501961631766 -0.001140443875641158
leaf_weight=11153 1609 8151 1009 2356 1180 474 343 526 2178 4378 13296 7858 4662 285 24745 2399 1225 1853 114 9223 174 4300 18899 461 1914 1880 352 190 2138 555
leaf_count=11153 1609 8151 1009 2356 1180 474 343 526 2178 4378 13296 7858 4662 285 24745 2399 1225 1853 114 9223 174 4300 18899 461 1914 1880 352 190 2138 555
internal_value=-0.00340314 -0.0111667 -0.013844 -0.0144925 0.00168349 -0.00607864 0.0016642 0.00340367 0.00375136 0.00452705 0.00207677 0.00942301 -0.000335161 -0.00983626 -0.015166 -0.0160551 -0.00842642 -0.00257738 -0.0107108 0.00259453 -0.00514857 -0.00233572 -0.00216613 0.00313268 0.00594737 -0.00243478 -0.00683794 0.00294686 -0.0016269 -0.00987512
internal_weight=129880 51412 33686 32334 78468 17726 1352 42366 41285 36685 24449 12236 36102 8550 30725 27144 3581 9176 8265 13885 6327 4474 22217 2849 2375 4600 2530 2070 21037 1081
internal_count=129880 51412 33686 32334 78468 17726 1352 42366 41285 36685 24449 12236 36102 8550 30725 27144 3581 9176 8265 13885 6327 4474 22217 2849 2375 4600 2530 2070 21037 1081
is_linear=0
shrinkage=0.05


Tree=52
num_leaves=31
num_cat=0
split_feature=6 17 19 16 35 9 6 9 22 17 1 9 9 17 16 1 19 1 1 10 10 9 1 59 55 10 17 17 9 10
split_gain=2026.92 265.819 168.295 112.03 103.654 100.472 88.8284 88.3896 110.588 125.376 76.4211 73.6456 70.5591 67.3909 56.4489 53.6012 53.4543 48.5726 47.4189 45.125 71.3915 44.3997 37.5698 37.0069 65.241 37.3806 34.6993 34.5879 34.2852 32.0324
threshold=865.00000000000011 30.500000000000004 6.7500000000000009 15.000000000000002 1.0000000180025095e-35 -0.56368474752277564 725.00000000000011 -0.76141707087277943 1.0000000180025095e-35 31.500000000000004 34.95000000000001 -0.90893996196865023 0.97508442350096236 29.500000000000004 625.00000000000011 26.350000000000005 4.2999999999999989 32.650000000000013 32.750000000000007 -0.98801846520836312 -0.97111920233974802 -0.99275805973510278 33.45000000000001 0.23099999999999984 0.095000000000000015 -0.15101602693478741 27.500000000000004 32.500000000000007 -0.99866806308218525 0.18281312110578132
decision_type=2 2 2 2 2 2 2 2 2 2 2 2 2 2 2 2 2 2 2 2 2 2 2 2 2 2 2 2 2 2
left_child=4 2 3 -2 6 10 7 28 15 -10 22 13 -13 -5 29 -9 19 -18 -19 27 -21 -6 -3 24 26 -26 -23 -7 -1 -4
right_child=1 5 14 11 21 16 -8 8 9 -11 -12 12 -14 -15 -16 -17 17 18 -20 20 -22 23 -24 -25 25 -27 -28 -29 -30 -31
leaf_value=-0.0087037060784456617 -0.0011181062380807101 -0.0013888567985707813 -0.0014977479618423191 -0.0013888567985707813 0.019763707832604883 -0.0037858092800466259 -0.0011465732449161263 0.0060348410354189586 0.016114821131518804 0.046972216692233372 0.00049882184340153686 -0.0013888567985707813 -0.0013888567985707813 -0.0028488019420195225 -0.0028310600845215736 -0.0048507521997574136 -0.0013888567985707813 0.0047712875533560718 -0.0013888567985707813 0.002206365309598671 2.7260206439487514e-05 -0.0072316638239259493 -0.0013888567985707813 -0.0062707859846679306 0.09564939353534696 0.0049219378404307791 0.00049915299756213565 0.0034809666357951269 0.018554175997537704 7.1088344877959234e-05
leaf_weight=681 1609 6149 394 2356 1413 228 9011 12866 11004 2336 285 24745 2399 1225 166 8312 1853 174 4300 461 1914 6066 2116 4909 504 1104 9392 246 10870 792
leaf_count=681 1609 6149 394 2356 1413 228 9011 12866 11004 2336 285 24745 2399 1225 166 8312 1853 174 4300 461 1914 6066 2116 4909 504 1104 9392 246 10870 792
internal_value=-0.0034451 -0.0111618 -0.0137698 -0.0144925 0.00161085 -0.00620557 0.00279503 0.00368306 0.00241613 0.00598201 -0.0101053 -0.015166 -0.0160551 -0.00842642 0.00351331 0.000169988 -0.00257193 -0.00513276 -0.00231337 0.00311513 0.00592632 -0.00117795 -0.0109831 -0.00173038 -0.000629907 0.00895522 -0.00162699 -0.0109705 0.00746905 0.00733558
internal_weight=129880 51412 33686 32334 78468 17726 55080 46069 34518 13340 8550 30725 27144 3581 1352 21178 9176 6327 4474 2849 2375 23388 8265 21975 17066 1608 15458 474 11551 1186
internal_count=129880 51412 33686 32334 78468 17726 55080 46069 34518 13340 8550 30725 27144 3581 1352 21178 9176 6327 4474 2849 2375 23388 8265 21975 17066 1608 15458 474 11551 1186
is_linear=0
shrinkage=0.05


Tree=53
num_leaves=31
num_cat=0
split_feature=6 17 19 16 19 9 9 1 17 1 10 9 9 17 70 17 19 16 8 0 8 10 10 1 22 8 8 63 9 1
split_gain=2026.96 256.481 168.266 112.003 96.6976 91.7299 85.0906 75.3894 122.822 126.292 88.9025 73.6101 70.5273 67.3909 65.3325 62.15 57.4066 56.4489 51.2793 50.3643 49.2967 44.5645 67.9024 41.9133 42.6316 39.8129 36.7712 36.7464 37.3712 35.2911
threshold=865.00000000000011 30.500000000000004 6.7500000000000009 15.000000000000002 1.2000000000000048 -0.56368474752277564 0.99700008544936913 29.950000000000003 29.500000000000004 21.450000000000003 0.080547328232315238 -0.90893996196865023 0.97508442350096236 29.500000000000004 1.0000000180025095e-35 32.500000000000007 4.2999999999999989 625.00000000000011 295.50000000000006 30.150000000000009 257.50000000000006 -0.98801846520836312 -0.97111920233974802 34.95000000000001 1.0000000180025095e-35 24.500000000000004 158.50000000000003 0.44736842105263158 -0.97509794945709805 33.45000000000001
decision_type=2 2 2 2 2 2 2 2 2 2 2 2 2 2 2 2 2 2 2 2 2 2 2 2 2 2 2 2 2 2
left_child=4 2 3 -2 6 18 7 8 9 -1 -10 13 -13 -5 -6 -9 21 -4 23 -18 -17 -7 -23 29 -25 -16 -21 28 -27 -3
right_child=1 5 17 11 14 16 -8 15 10 -11 -12 12 -14 -15 25 20 19 -19 -20 26 -22 22 -24 24 -26 27 -28 -29 -30 -31
leaf_value=0.026281406444021129 -0.001062200926176675 -0.0013194139586422419 6.7533927634061408e-05 -0.0013194139586422419 0.0040671705862162181 -0.0013047733545004791 -0.01357938361845047 -0.018487183991303262 0.018341915671949739 -0.0034214557445344965 0.033764722110709404 -0.0013194139586422419 -0.0013194139586422419 -0.0027063618449185462 -0.0095828626991772831 0.006505248480562509 -0.0013194139586422419 -0.0026895070802954949 0.00071079923181387519 -0.0013194139586422419 -0.0059792490022609786 0.0020960470441187375 2.5897196117513623e-05 -4.6475019975122935e-06 0.0025857604177198555 0.01305097978294889 -0.0010762528052797634 -0.0044873646125083129 -0.0012854937827605488 -0.0013194139586422419
leaf_weight=11153 1609 6035 1186 2356 13479 474 1081 491 12546 13299 1590 24745 2399 1225 1211 1986 2356 166 114 396 220 461 1914 114 171 1625 3575 3681 16106 2116
leaf_count=11153 1609 6035 1186 2356 13479 474 1081 491 12546 13299 1590 24745 2399 1225 1211 1986 2356 166 114 396 220 461 1914 114 171 1625 3575 3681 16106 2116
internal_value=-0.00348976 -0.0112065 -0.0137683 -0.0144909 0.00156624 -0.00633815 0.00318652 0.00354911 0.00411397 0.00196916 0.007824 -0.0151644 -0.0160533 -0.00842642 -0.000335161 -0.00453281 -0.00286617 0.00351331 -0.0100643 -0.00551999 -0.000951949 0.00302738 0.00582105 -0.0105145 0.00833333 -0.00197697 -0.00208386 -0.00147814 -0.000534375 -0.0111735
internal_weight=129880 51412 33686 32334 78468 17726 42366 41285 38588 24452 14136 30725 27144 3581 36102 2697 9176 1352 8550 6327 2206 2849 2375 8436 285 22623 3971 21412 17731 8151
internal_count=129880 51412 33686 32334 78468 17726 42366 41285 38588 24452 14136 30725 27144 3581 36102 2697 9176 1352 8550 6327 2206 2849 2375 8436 285 22623 3971 21412 17731 8151
is_linear=0
shrinkage=0.05


Tree=54
num_leaves=31
num_cat=0
split_feature=6 10 10 6 20 19 1 19 37 15 7 8 1 9 8 9 8 1 17 17 6 9 19 23 8 6 10 8 1 17
split_gain=1971.56 230.059 98.3455 97.7562 95.9092 85.7392 128.078 85.1935 79.3442 68.5003 64.6369 70.7932 63.6066 62.7721 60.0448 59.1028 57.1074 55.6699 225.039 143.174 53.3 53.1046 50.7064 50.1057 48.8889 45.0874 41.9762 40.5737 38.3705 36.963
threshold=885.00000000000011 0.40418040343369133 -0.89404254237865755 525.00000000000011 0.70000000000000828 6.5000000000000018 30.225000000000005 6.7500000000000009 0.60005890365570835 11.750000000000002 7.5000000000000009 120.50000000000001 30.025000000000002 0.15951094710994371 216.50000000000003 -0.76694339346796603 208.50000000000003 18.250000000000004 21.500000000000004 20.500000000000004 615.00000000000011 -0.95244167294248061 7.0500000000000016 1.0000000180025095e-35 170.50000000000003 645.00000000000011 0.9863035000474919 313.50000000000006 24.650000000000006 33.500000000000007
decision_type=2 2 2 2 2 2 2 2 2 2 2 2 2 2 2 2 2 2 2 2 2 2 2 2 2 2 2 2 2 2
left_child=3 2 12 8 25 10 21 9 15 -3 11 -4 -2 16 -12 23 -14 19 -19 -17 -6 -7 -9 28 -15 -5 -11 -22 -1 -8
right_child=1 7 5 4 20 6 29 22 -10 26 14 -13 13 24 -16 17 -18 18 -20 -21 27 -23 -24 -25 -26 -27 -28 -29 -30 -31
leaf_value=0.054020544068592649 -0.0027738582989968045 0.00094283009592100668 -0.0012534432607101298 -0.018959512402996578 0.016347032227045654 -0.0025550317262807206 -0.001265601318378254 6.4157231252358343e-05 -0.0063203718202259895 -0.0012534432607101298 0.0035936868621027963 -0.0027338302758774646 -0.0012534432607101298 2.5713915559590073e-06 -0.0012534432607101298 0.010059226860582377 0.0031129529204970809 -0.03999782335868083 0.010402838179666763 0.080528076379398503 0.0015418279783095791 0.005723547213731116 -0.0041321728580122957 -0.017242828035141402 0.0032468987488632351 -0.0010754009276729372 -0.0012534432607101298 -0.0048656967397722132 0.016491418902848599 0.0024564723968338617
leaf_weight=1397 776 99 5170 3986 4923 165 1065 234 5360 15034 484 4170 4833 990 12377 4446 165 2429 23163 1339 12061 551 352 401 330 9037 2650 2459 9271 163
leaf_count=1397 776 99 5170 3986 4923 165 1065 234 5360 15034 484 4170 4833 990 12377 4446 165 2429 23163 1339 12061 551 352 401 330 9037 2650 2459 9271 163
internal_value=-0.00358023 -0.0114165 -0.0088055 0.00126258 -0.00085474 -0.0103262 -0.000257202 -0.0158569 0.0027005 -0.016475 -0.0112078 -0.0143737 -0.00362983 -0.00197056 -0.00890872 0.00342435 -0.00453181 0.00231619 0.00131486 0.00674589 0.00136939 0.0165503 0.00290102 0.00656563 0.00772727 -0.00417531 -0.0167072 -0.000154959 0.00721785 -0.010057
internal_weight=129880 49608 31239 80272 32466 24145 1944 18369 47806 17783 22201 9340 7094 6318 12861 42446 4998 31377 25592 5785 19443 716 586 11069 1320 13023 17684 14520 10668 1228
internal_count=129880 49608 31239 80272 32466 24145 1944 18369 47806 17783 22201 9340 7094 6318 12861 42446 4998 31377 25592 5785 19443 716 586 11069 1320 13023 17684 14520 10668 1228
is_linear=0
shrinkage=0.05


Tree=55
num_leaves=31
num_cat=0
split_feature=6 17 16 19 9 9 1 19 8 9 1 17 1 10 17 3 8 8 19 8 19 17 1 17 8 8 10 8 22 8
split_gain=2006.27 253.547 95.6054 92.4865 80.0059 79.4676 76.28 73.4082 80.6475 73.8246 70.2991 134.514 115.413 80.8184 69.3452 68.0932 55.115 52.432 50.6336 80.0983 48.3068 47.7238 47.3472 39.2348 75.2443 51.6008 38.8231 37.0668 35.8353 39.125
threshold=885.00000000000011 30.500000000000004 25.000000000000004 1.2000000000000048 0.99700008544936913 -0.56368474752277564 35.050000000000004 6.5000000000000018 290.50000000000006 -0.90893996196865023 29.650000000000009 29.500000000000004 21.450000000000003 0.080547328232315238 29.500000000000004 0.59999999999999887 295.50000000000006 214.50000000000003 4.2999999999999989 202.50000000000003 3.7000000000000051 30.500000000000004 12.250000000000002 33.500000000000007 239.50000000000003 257.50000000000006 -0.89404254237865755 106.50000000000001 1.0000000180025095e-35 200.50000000000003
decision_type=2 2 2 2 2 2 2 2 2 2 2 2 2 2 2 2 2 2 2 2 2 2 2 2 2 2 2 2 2 2
left_child=3 2 -2 4 10 6 16 9 -9 14 11 12 -1 -13 -4 21 -3 18 19 -7 27 -5 -11 24 -12 -25 -20 -17 -23 -30
right_child=1 5 7 15 -6 17 -8 8 -10 22 23 13 -14 -15 -16 20 -18 -19 26 -21 -22 28 -24 25 -26 -27 -28 -29 29 -31
leaf_value=0.024320333652014716 -0.0013834487168206705 -0.0011907710976746236 -0.0011907710976746236 -0.0025684567927419786 -0.013148978836608883 0.00068314659323239217 0.000407264893380975 -0.00014357831409818334 -0.0031284871380782954 0.00089568859112495601 -0.010300163600058655 0.021597971598981539 -0.0036560218509789967 0.031251915060031492 -0.0025083715896371123 0.028941032736681006 0.00077281100291293279 0.0035547144130224128 -0.0011907710976746236 -0.0017498561607729307 -0.0024925992290966595 -0.00098558127355474474 -0.0011907710976746236 0.014618024747389491 0.016774481598924806 -0.0056539913104787232 -0.001190163194791217 0.0048812021505834809 -0.0065732714559277429 0.023171744350033975
leaf_weight=11159 1687 7865 2260 16140 1087 2340 275 1564 436 69 2178 10648 13322 1590 1175 2076 110 330 4317 335 4554 5563 25313 1880 352 190 1532 7577 423 1533
leaf_count=11159 1687 7865 2260 16140 1087 2340 275 1564 436 69 2178 10648 13322 1590 1175 2076 110 330 4317 335 4554 5563 25313 1880 352 190 1532 7577 423 1533
internal_value=-0.00365568 -0.0115606 -0.0141536 0.00122957 0.00283333 -0.00663295 -0.0101636 -0.0147881 -0.005525 -0.015431 0.00318558 0.00391555 0.00177587 0.00819578 -0.00855167 -0.000566471 -0.0110564 -0.00334312 -0.00410019 0.00159813 0.00216971 -0.00220952 -0.016362 -0.0026413 -0.00681818 0.00246377 -0.00670627 0.00417228 0.0010806 0.00690184
internal_weight=129880 49608 32504 80272 42406 17104 8250 30817 2000 28817 41319 36719 24481 12238 3435 37866 7975 8854 8524 2675 14207 23659 25382 4600 2530 2070 5849 9653 7519 1956
internal_count=129880 49608 32504 80272 42406 17104 8250 30817 2000 28817 41319 36719 24481 12238 3435 37866 7975 8854 8524 2675 14207 23659 25382 4600 2530 2070 5849 9653 7519 1956
is_linear=0
shrinkage=0.05


Tree=56
num_leaves=31
num_cat=0
split_feature=6 1 16 19 10 51 10 22 8 17 1 17 17 1 9 10 8 9 1 9 10 19 8 10 1 70 7 8 9 8
split_gain=1822.89 303.551 102.012 94.0841 84.987 79.9625 72.6338 122.741 206.939 177.379 108.06 116.054 92.3405 141.305 91.6155 71.9909 176.842 71.2286 69.5664 69.3692 65.3023 60.3121 58.5709 57.4149 53.8025 56.7137 52.9593 52.66 50.1279 66.8825
threshold=865.00000000000011 28.225000000000005 25.000000000000004 6.7500000000000009 -0.89404254237865755 0.10500000000000002 0.73721509932751383 1.0000000180025095e-35 76.500000000000014 27.500000000000004 18.250000000000004 20.500000000000004 21.500000000000004 20.650000000000002 -0.80924678377697201 0.11478523713130605 286.50000000000006 -0.84772008488809492 26.350000000000005 -0.88622299073327826 0.93469109537144635 7.8500000000000005 293.50000000000006 -0.90161545992537195 34.95000000000001 0.3000000000000061 7.5000000000000009 298.50000000000006 0.15951094710994371 170.50000000000003
decision_type=2 2 2 2 2 2 2 2 2 2 2 2 2 2 2 2 2 2 2 2 2 2 2 2 2 2 2 2 2 2
left_child=5 2 -2 19 23 6 7 14 -9 -10 11 20 -12 -14 17 24 -17 -1 -16 22 -8 -5 -4 28 25 -6 -26 -18 -3 -30
right_child=1 4 3 21 15 -7 10 8 9 -11 12 -13 13 -15 18 16 27 -19 -20 -21 -22 -23 -24 -25 26 -27 -28 -29 29 -31
leaf_value=0.0060670841729582037 -0.0014581319248979847 -0.0011312325427908921 -0.0022366297408353943 6.8128285394650209e-05 -0.00017534478133779537 -0.0044760271220856572 0.02810432412197135 0.066993063545696549 -0.0051677943848156601 0.020006269644630717 -0.016245762284699938 0.065045518671827771 0.025071413965417122 -0.00604140406809344 0.0077440556403522102 0.0038687675317149138 -0.00021304343206200659 0.021415167261392365 -0.0039414482514268448 -0.0030204183626565736 -0.0046786873205184936 -0.0022708557830627692 0.0038687675317149138 0.00046260458026255901 -0.0061306551095574625 -0.0011312325427908921 0.0023132855323231174 -0.0011312325427908921 -3.1714507683458514e-05 0.0031440923663038039
leaf_weight=9923 1699 5129 945 508 1214 8204 1853 2858 5670 10481 3668 871 2435 4568 8040 798 1415 1324 14816 21477 3757 324 385 228 111 13705 339 1482 1311 342
leaf_count=9923 1699 5129 945 508 1214 8204 1853 2858 5670 10481 3668 871 2435 4568 8040 798 1415 1324 14816 21477 3757 324 385 228 111 13705 339 1482 1311 342
internal_value=-0.00348783 -0.0108058 -0.0147032 -0.0155537 -0.00701849 0.0013069 0.0018523 0.00276585 0.00598532 0.00379079 -0.000976562 0.00411588 -0.00406944 -0.00070327 0.000971322 -0.00874948 -0.00248309 0.00466569 -0.000846605 -0.0161562 0.0014795 0.000961538 -0.00507519 -0.00231098 -0.010256 -0.0107698 0.00677778 -0.00822402 -0.00314067 0.00443134
internal_weight=129880 51412 25338 23639 26074 78468 70264 53112 19009 16151 17152 6481 10671 7003 34103 19064 3695 11247 22856 22807 5610 832 1330 7010 15369 14919 450 2897 6782 1653
internal_count=129880 51412 25338 23639 26074 78468 70264 53112 19009 16151 17152 6481 10671 7003 34103 19064 3695 11247 22856 22807 5610 832 1330 7010 15369 14919 450 2897 6782 1653
is_linear=0
shrinkage=0.05


Tree=57
num_leaves=31
num_cat=0
split_feature=6 1 10 19 16 6 20 49 9 9 17 1 1 19 10 6 8 19 1 9 8 17 1 9 10 10 19 19 9 1
split_gain=1868.35 265.874 96.0712 94.3193 85.2059 84.3448 83.5743 68.6194 67.3279 63.5998 65.7591 180.03 152.909 61.953 60.0198 59.287 57.3269 56.0257 98.852 52.2237 65.8801 56.9028 50.5977 50.2246 46.1964 83.8579 42.5235 41.8409 37.1026 34.0994
threshold=885.00000000000011 28.225000000000005 -0.89404254237865755 6.7500000000000009 15.000000000000002 515.00000000000011 0.51666666666666849 0.115 -0.88622299073327826 0.99700008544936913 20.500000000000004 18.250000000000004 17.620000000000005 7.8500000000000005 -0.90161545992537195 645.00000000000011 293.50000000000006 6.0999999999999996 30.225000000000005 0.15951094710994371 170.50000000000003 31.500000000000004 12.250000000000002 -0.95754239937548935 -0.60555643346685839 -0.57782411410281842 4.4000000000000004 4.9000000000000048 0.70290292807158605 18.250000000000004
decision_type=2 2 2 2 2 2 2 2 2 2 2 2 2 2 2 2 2 2 2 2 2 2 2 2 2 2 2 2 2 2
left_child=5 3 14 4 -2 7 15 9 16 10 12 -12 -1 28 19 -7 -6 24 -19 21 -21 -3 -10 -20 27 -26 29 -4 -5 -8
right_child=1 2 17 13 8 6 26 -9 22 -11 11 -13 -14 -15 -16 -17 -18 18 23 20 -22 -23 -24 -25 25 -27 -28 -29 -30 -31
leaf_value=0.015210512689687495 -0.0013852253286530851 -0.0033701829358915056 -0.0010746709156513477 -0.0021954051407459233 -0.0023350168615217937 -0.022233609987563342 0.016436298791935196 -0.0066463069722460973 0.0010019250797015365 -0.01223314017553765 0.073785292660809007 0.0116680099056105 -0.053983802400020681 -0.002157312993909631 0.00043947435124943072 -0.00083664641451264635 0.0036753291551291688 0.0039253291588544582 -0.0049339259811456964 -3.0128782299285867e-05 0.0029868877479886135 -0.0010746709156513477 -0.0028693974445237447 -0.0010746709156513477 0.0039621887876713112 -0.0010746709156513477 -0.0032448619740747977 -0.0011246101560670851 0.0047817528190358151 0.0022330460475778499
leaf_weight=3974 1027 440 3831 255 936 3242 1706 4683 72 928 1252 34458 1609 329 220 7479 382 726 488 1265 330 4509 21145 1506 440 9730 4435 1690 287 16506
leaf_count=3974 1027 440 3831 255 936 3242 1706 4683 72 928 1252 34458 1609 329 220 7479 382 726 488 1265 330 4509 21145 1506 440 9730 4435 1690 287 16506
internal_value=-0.00357946 -0.0112079 -0.00760179 -0.0149235 -0.0155208 0.00113489 -0.000786682 0.00250192 -0.0161626 0.00313884 0.00342976 0.00421871 -0.00161651 0.00123421 -0.00250591 -0.00442356 -0.00519727 -0.00947396 -0.00284926 -0.0033695 0.00449843 -0.00590523 -0.0168438 -0.0086008 -0.0106223 -0.0086234 0.000935002 -0.0143045 0.0116236 0.00200417
internal_weight=129880 49608 25175 24433 23562 80272 33368 46904 22535 42221 41293 35710 5583 871 6764 10721 1318 18411 2720 6544 1595 4949 21217 1994 15691 10170 22647 5521 542 18212
internal_count=129880 49608 25175 24433 23562 80272 33368 46904 22535 42221 41293 35710 5583 871 6764 10721 1318 18411 2720 6544 1595 4949 21217 1994 15691 10170 22647 5521 542 18212
is_linear=0
shrinkage=0.05


Tree=58
num_leaves=31
num_cat=0
split_feature=6 10 9 19 1 8 19 9 19 15 8 9 1 17 1 1 70 1 17 10 10 16 17 8 8 19 17 15 9 17
split_gain=1874.38 269.199 98.3411 95.8731 97.4539 81.2512 80.3069 74.568 70.8528 67.1722 66.2924 64.1764 63.3556 126.336 105.167 71.6491 57.0351 53.2337 50.893 47.5571 43.1791 41.4354 38.3304 73.8384 53.6065 34.4227 34.1826 36.9093 35.3597 34.1163
threshold=885.00000000000011 0.40418040343369133 0.42179998225932674 6.5000000000000018 30.225000000000005 295.50000000000006 1.2000000000000048 0.022575936829235418 5.9500000000000002 11.750000000000002 120.50000000000001 0.99700008544936913 29.650000000000009 29.500000000000004 21.450000000000003 27.850000000000005 1.0000000180025095e-35 26.450000000000003 30.500000000000004 0.9863035000474919 1.0000000180025095e-35 25.000000000000004 33.500000000000007 239.50000000000003 257.50000000000006 6.3000000000000034 15.500000000000002 14.250000000000002 -0.12546116083924153 30.500000000000004
decision_type=2 2 2 2 2 2 2 2 2 2 2 2 2 2 2 2 2 2 2 2 2 2 2 2 2 2 2 2 2 2
left_child=6 2 5 10 -5 7 11 17 -9 -3 18 12 13 14 -1 -15 -8 -2 -4 21 -13 -11 23 -14 -24 -7 -18 28 -28 -23
right_child=1 9 3 4 -6 25 16 8 -10 19 -12 20 22 15 -16 -17 26 -19 -20 -21 -22 29 24 -25 -26 -27 27 -29 -30 -31
leaf_value=0.019877157949937829 0.0016589749299205073 0.00095182882571645956 -0.0010209373698687803 0.0053564144804065968 -0.0046009117463857822 0.0026564623341247804 0.0032731748499807535 0.0012505606839612869 -0.0010330954275369045 -0.001409059306656392 -0.0013091211790532478 -0.021041909912269244 -0.009857076272122756 0.041758513251553421 -0.0044286897322148413 0.013877451562441091 -0.0186337126285833 -0.0010209373698687803 0.00018813361024110911 -0.00083674175243187647 0.00066431718948973628 -0.0010209373698687803 0.012303409532507949 0.014874770159335138 -0.006955005722466834 -0.00013019236458261321 -0.040687655365762999 -0.0015470821508790809 0.047563253068848343 0.00014215984786806468
leaf_weight=11159 451 99 4619 441 449 443 13869 2398 241 749 3840 530 2178 3799 13322 8439 609 17754 551 2650 557 14820 1880 352 190 52 62 22974 352 51
leaf_count=11159 451 99 4619 441 449 443 13869 2398 241 749 3840 530 2178 3799 13322 8439 609 17754 551 2650 557 14820 1880 352 190 52 62 22974 352 51
internal_value=-0.00363066 -0.0112714 -0.00844697 -0.0125657 0.00308989 -0.00653615 0.00109129 -0.00701161 0.000843122 -0.0160746 -0.0141121 0.00258572 0.00290121 0.00359419 0.00152057 0.00774228 -0.000582317 -0.00815023 -0.0104159 -0.0162972 -0.00940662 -0.0152465 -0.00263043 -0.00675889 0.00241546 0.0134848 -0.00205755 -0.00175304 0.0130435 -0.0158244
internal_weight=129880 49608 31239 9900 890 21339 80272 20844 2639 18369 9010 42406 41319 36719 24481 12238 37866 18205 5170 18270 1087 15620 4600 2530 2070 495 23997 23388 414 14871
internal_count=129880 49608 31239 9900 890 21339 80272 20844 2639 18369 9010 42406 41319 36719 24481 12238 37866 18205 5170 18270 1087 15620 4600 2530 2070 495 23997 23388 414 14871
is_linear=0
shrinkage=0.05


Tree=59
num_leaves=31
num_cat=0
split_feature=6 17 9 16 9 1 8 35 10 18 17 1 10 17 9 1 70 1 9 10 8 8 1 19 10 1 8 17 1 1
split_gain=1845.83 270.505 100.297 91.0156 84.5929 76.6375 80.1141 71.3852 71.0958 126.026 103.739 148.937 81.236 79.9418 88.5062 72.3234 68.7996 74.9272 68.4532 59.1965 56.9856 49.683 47.4954 44.2479 47.2977 43.0589 42.1073 40.7389 84.246 84.1756
threshold=885.00000000000011 30.500000000000004 -0.91597725483594616 25.000000000000004 -0.56368474752277564 35.050000000000004 280.50000000000006 1.0000000180025095e-35 0.78192542922038288 17.500000000000004 23.500000000000004 23.450000000000003 0.76002003530985496 20.500000000000004 0.83376496542330847 21.350000000000005 0.79999999999999549 17.620000000000005 0.97508442350096236 0.1318557721318592 288.50000000000006 214.50000000000003 12.250000000000002 4.2999999999999989 -0.89404254237865755 26.450000000000003 364.50000000000006 26.500000000000004 24.650000000000006 20.450000000000003
decision_type=2 2 2 2 2 2 2 2 2 2 2 2 2 2 2 2 2 2 2 2 2 2 2 2 2 2 2 2 2 2
left_child=7 2 25 -4 5 6 -3 8 9 13 12 -12 -11 14 -1 -15 17 -10 22 -20 -8 23 -5 -6 -25 -2 -18 29 -29 -9
right_child=1 4 3 18 21 -7 20 27 16 10 11 -13 -14 15 -16 -17 26 -19 19 -21 -22 -23 -24 24 -26 -27 -28 28 -30 -31
leaf_value=0.04335039982216201 0.0015760261834244817 -0.00096989050137534158 -0.0011609244834957404 0.00090423738443063675 5.8749051221819452e-05 0.00037601778637177675 0.0037801095694051756 0.0016745579927300554 0.019895216638632897 -0.024256623292077652 0.045461998821685647 0.0033497545950326767 0.066150099462932516 0.072275056560271375 -0.024834607582867353 -0.002504420970339369 -0.016099363586924691 -0.0016662833805608736 -0.00078569488393843772 0.0042143051905673681 -0.0010151920540283793 0.0035383207337868444 -0.00096989050137534158 -0.00096989050137534158 -0.00096931299363610531 -0.00096989050137534158 0.077947398013164818 0.04704761477370023 -0.0012293784731242088 -0.011195497735887506
leaf_weight=1310 440 7370 1452 69 2675 275 275 3979 2607 1943 3191 34671 178 1569 776 350 3445 6228 1955 516 330 330 24772 4317 1532 3300 107 1285 14766 3867
leaf_count=1310 440 7370 1452 69 2675 275 275 3979 2607 1943 3191 34671 178 1569 776 350 3445 6228 1955 516 330 330 24772 4317 1532 3300 107 1285 14766 3867
internal_value=-0.00372536 -0.0113077 -0.013986 -0.0149875 -0.00621784 -0.00986061 -0.0107555 0.000960484 0.00193126 0.00287351 0.00202649 0.00262929 -0.00873409 0.0113296 0.00455417 0.0186946 -0.00141479 0.000947934 -0.015636 -0.00769931 0.00673554 -0.00282358 -0.0164255 -0.00356053 -0.00599675 -0.00628342 -0.00729167 -0.00132966 0.0001137 -0.00428244
internal_weight=129880 49608 32504 28764 17104 8250 7975 80272 56375 43988 39983 37862 2121 4005 2086 1919 12387 8835 27312 2471 605 8854 24841 8524 5849 3740 3552 23897 16051 7846
internal_count=129880 49608 32504 28764 17104 8250 7975 80272 56375 43988 39983 37862 2121 4005 2086 1919 12387 8835 27312 2471 605 8854 24841 8524 5849 3740 3552 23897 16051 7846
is_linear=0
shrinkage=0.05


Tree=60
num_leaves=31
num_cat=0
split_feature=6 1 10 16 9 17 1 8 1 1 17 1 17 8 9 1 17 17 17 10 1 10 8 8 18 1 17 9 8 19
split_gain=1768.38 293.422 97.0713 86.0912 76.4318 68.0944 169.232 138.922 152.352 114.118 200.576 162.595 221.473 64.8676 64.8647 63.8815 63.7993 62.6944 61.0029 60.9858 91.4503 76.6307 54.1501 53.0974 56.4695 47.4964 46.3909 46.0648 46.008 45.3526
threshold=885.00000000000011 28.225000000000005 -0.89404254237865755 25.000000000000004 0.35846314187849709 29.500000000000004 26.350000000000005 126.50000000000001 29.550000000000008 26.050000000000008 27.500000000000004 21.450000000000003 22.500000000000004 110.50000000000001 -0.88622299073327826 26.450000000000003 24.500000000000004 23.500000000000004 33.500000000000007 -0.60555643346685839 35.050000000000004 -0.57782411410281842 154.50000000000003 208.50000000000003 27.500000000000004 12.250000000000002 28.500000000000004 -0.99467753128998015 294.50000000000006 6.7500000000000009
decision_type=2 2 2 2 2 2 2 2 2 2 2 2 2 2 2 2 2 2 2 2 2 2 2 2 2 2 2 2 2 2
left_child=5 3 4 -2 23 9 -7 -8 22 10 11 12 -1 -12 15 -5 -13 -11 -10 -4 21 -21 -9 24 -3 -16 -6 -19 -17 -27
right_child=1 2 19 14 26 6 7 8 18 17 13 16 -14 -15 25 28 -18 27 -20 20 -22 -23 -24 -25 -26 29 -28 -29 -30 -31
leaf_value=-0.00088675459118731309 -0.0012621105941214494 -0.0010661531355067187 -0.00092139597630657441 0.0014972248742532578 -0.0060661532100125251 0.053304512253138217 -0.013804771030542069 0.040347169794066745 -0.0037666224915902328 0.092167194610907277 0.093880094999517799 -0.009076329292133695 0.036320092006043407 0.01543331265606942 0.00085902551520910468 -0.0046164544290687309 -0.0041836893938996421 0.022189370204670513 0.0071623113010997113 0.0038708108993860818 0.0022836007806643801 -0.00092139597630657441 0.014423106588333529 0.0030712812763425638 -0.00092139597630657441 -0.0026355959596071963 0.0032822415696274632 -0.0072415760876636042 0.0034072341057352381 -7.4824376264667766e-05
leaf_weight=15587 1356 1649 6097 400 55 1648 1456 837 10714 279 685 4065 5171 4116 69 787 9443 290 5265 440 220 11654 13010 165 4510 20893 385 7706 271 657
leaf_count=15587 1356 1649 6097 400 55 1648 1456 837 10714 279 685 4065 5171 4116 69 787 9443 290 5265 440 220 11654 13010 165 4510 20893 385 7706 271 657
internal_value=-0.00368455 -0.0111061 -0.00731778 -0.0150094 -0.00219545 0.000901933 0.00264804 0.00182533 0.00256152 -0.000312619 0.000817186 -0.000523843 0.00225455 0.0103885 -0.0157289 -0.00552126 -0.00479346 -0.00564653 -0.000765067 -0.00919966 -0.00717476 -0.00775591 0.0064003 -0.00359741 -0.0043473 -0.0164173 0.0179545 -0.00645948 -0.0119565 -0.0165499
internal_weight=129880 49608 25175 24433 6764 80272 32930 31282 29826 47342 39067 34266 20758 4801 23077 1458 13508 8275 15979 18411 12314 12094 13847 6324 6159 21619 440 7996 1058 21550
internal_count=129880 49608 25175 24433 6764 80272 32930 31282 29826 47342 39067 34266 20758 4801 23077 1458 13508 8275 15979 18411 12314 12094 13847 6324 6159 21619 440 7996 1058 21550
is_linear=0
shrinkage=0.05


Tree=61
num_leaves=31
num_cat=0
split_feature=6 1 16 10 8 1 17 1 17 17 1 6 10 10 17 10 8 9 8 9 8 17 8 1 7 7 9 1 9 10
split_gain=1805.5 292.431 88.0015 72.4226 66.2932 103.044 130.834 93.6405 142.413 121.276 92.0342 86.0832 78.6901 121.375 91.2446 61.159 190.949 61.0641 60.8108 55.4687 60.2617 60.1251 53.4287 53.3511 60.8863 51.4699 85.7886 46.7681 45.1455 44.8713
threshold=885.00000000000011 28.225000000000005 25.000000000000004 -0.90892157495189674 315.50000000000006 20.650000000000002 19.500000000000004 17.620000000000005 20.500000000000004 17.500000000000004 22.550000000000008 615.00000000000011 -0.23537842981696178 -0.39827153806311183 23.500000000000004 0.11478523713130605 286.50000000000006 -0.98803845231459242 342.50000000000006 0.15951094710994371 170.50000000000003 31.500000000000004 331.50000000000006 34.750000000000007 8.5000000000000018 1.5000000000000002 0.39036257410962044 12.250000000000002 0.35846314187849709 0.9863035000474919
decision_type=2 2 2 2 2 2 2 2 2 2 2 2 2 2 2 2 2 2 2 2 2 2 2 2 2 2 2 2 2 2
left_child=4 2 -2 19 7 6 -6 9 10 25 11 -9 13 -10 -14 23 -17 -4 -7 21 28 -3 -18 -5 -25 26 -1 -19 -21 -29
right_child=1 3 17 15 5 18 -8 8 12 -11 -12 -13 14 -15 -16 16 22 27 -20 20 -22 -23 -24 24 -26 -27 -28 29 -30 -31
leaf_value=-0.023761179834597912 -0.0011990050644153768 -0.0031002567163892466 0.0019893390449361495 -0.00087532617749124593 -0.0067417366756802061 -0.0081913377825896666 0.017671061059055228 -0.053767727668931342 0.0020050030363822093 0.044013726217783891 0.087558834880361924 -0.0022041504245862513 -0.0025912894535039589 -0.0091940209762507493 0.010780696783997979 0.0036265518496252564 -0.00087532617749124593 0.00081607423944864913 0.0034064771555829504 -0.0011516669632590209 0.0028695796502752145 -0.00087532617749124593 0.0040223961714885422 -0.003562672287022799 0.0021694207416311619 -0.036749123734858218 0.03788034980359381 -0.0027883182562423781 0.0037697348605177147 -0.00061463034176115552
leaf_weight=267 1356 440 246 14461 3471 5411 3317 1373 29459 2473 272 1060 6197 4272 20594 770 2689 69 1061 880 330 4344 110 601 220 445 600 20226 330 2536
leaf_count=267 1356 440 246 14461 3471 5411 3317 1373 29459 2473 272 1060 6197 4272 20594 770 2689 69 1061 880 330 4344 110 601 220 445 600 20226 330 2536
internal_value=-0.00371189 -0.0112109 -0.0151076 -0.007429 0.000922489 -0.00230769 0.00199617 0.00156166 0.00110435 0.00920079 -0.0101201 -0.0132039 0.00160603 -7.41158e-07 0.00362902 -0.00898228 -0.0030891 -0.015835 -0.00682169 -0.00279886 0.00545455 -0.00545569 -0.00915506 -0.0103586 0.00204019 -0.00308689 0.00400807 -0.016102 0.000289256 -0.0162266
internal_weight=129880 49608 24433 25175 80272 13260 6788 67012 63227 3785 2705 2433 60522 33731 26791 18851 3569 23077 6472 6324 1540 4784 2799 15282 821 1312 867 22831 1210 22762
internal_count=129880 49608 24433 25175 80272 13260 6788 67012 63227 3785 2705 2433 60522 33731 26791 18851 3569 23077 6472 6324 1540 4784 2799 15282 821 1312 867 22831 1210 22762
is_linear=0
shrinkage=0.05


Tree=62
num_leaves=31
num_cat=0
split_feature=6 1 19 16 10 9 17 1 17 17 1 17 10 1 8 19 8 8 71 0 1 8 10 10 17 8 9 9 1 9
split_gain=1795.42 247.107 93.1523 84.5382 77.826 66.4886 65.1861 74.2918 173.519 105.499 221.134 158.44 66.1579 62.9674 71.5913 61.953 57.0608 52.2969 50.9032 74.9322 50.3302 49.6401 49.131 87.9622 54.6495 53.603 48.8636 47.5156 46.0106 44.8249
threshold=885.00000000000011 28.225000000000005 6.7500000000000009 15.000000000000002 -0.90892157495189674 -0.88622299073327826 33.500000000000007 18.250000000000004 20.500000000000004 22.500000000000004 21.037500000000005 24.500000000000004 0.94353349168649059 29.550000000000008 257.50000000000006 7.8500000000000005 293.50000000000006 331.50000000000006 1.3000000000000063 26.725000000000005 12.250000000000002 84.500000000000014 -0.98801846520836312 -0.97874870457683594 33.500000000000007 178.50000000000003 -0.27694604220087021 0.92922379131507438 34.95000000000001 0.99700008544936913
decision_type=2 2 2 2 2 2 2 2 2 2 2 2 2 2 2 2 2 2 2 2 2 2 2 2 2 2 2 2 2 2
left_child=6 2 3 -2 22 16 7 8 12 18 -11 -12 27 -8 -15 -4 -5 21 19 -9 -7 -6 24 28 -3 -26 -14 -1 -24 -10
right_child=1 4 15 5 17 20 13 9 29 10 11 -13 26 14 -16 -17 -18 -19 -20 -21 -22 -23 23 -25 25 -27 -28 -29 -30 -31
leaf_value=0.025791780068102722 -0.001064409089785983 -0.00084371792628480798 6.8332755360683842e-05 -0.0022569602911861122 0.0034341365162108731 0.00077527052747621635 0.032696602541794205 -0.028545375040622267 0.065951060717010207 0.036611567629409536 -0.011337644874045828 0.00080778217408311592 -0.059162202129014602 0.011062385609256832 -0.0064442010289297086 -0.001727891762440012 0.0034717887748346946 0.0038212763629141156 -0.00028786743256744017 0.11503623071960499 -0.0024730846445387786 -0.00083155986861668395 0.0027261006677614542 -0.00083155986861668395 -0.0059531211892737343 0.0050965619654066915 -0.0019473479961568598 -0.035491554769559612 -0.0010690598721557094 -0.010267965659396805
leaf_weight=3236 1027 1704 542 936 165 72 1054 4879 1458 3702 3807 49341 267 4630 635 329 382 110 3202 161 21145 18576 664 3355 110 330 3672 175 161 53
leaf_count=3236 1027 1704 542 936 165 72 1054 4879 1458 3702 3807 49341 267 4630 635 329 382 110 3202 161 21145 18576 664 3355 110 330 3672 175 161 53
internal_value=-0.00376309 -0.0112411 -0.0148232 -0.0154168 -0.00776465 -0.0160561 0.000858332 0.000441835 0.00473705 -0.000142875 0.000623571 -0.000199443 0.00156463 0.00573271 0.00349953 0.00123421 -0.00515933 -0.00937483 -0.00542951 -0.00856151 -0.016733 -0.0095766 -0.0029649 0.000191388 -0.00911847 0.00659091 -0.00284971 0.00666227 0.0148182 0.0201688
internal_weight=129880 49608 24433 23562 25175 22535 80272 73953 8861 65092 56850 53148 7350 6319 5265 871 1318 18851 8242 5040 21217 18741 6324 4180 2144 440 3939 3411 825 1511
internal_count=129880 49608 24433 23562 25175 22535 80272 73953 8861 65092 56850 53148 7350 6319 5265 871 1318 18851 8242 5040 21217 18741 6324 4180 2144 440 3939 3411 825 1511
is_linear=0
shrinkage=0.05


Tree=63
num_leaves=31
num_cat=0
split_feature=6 1 19 16 10 19 1 9 1 37 19 17 1 7 18 17 70 8 8 18 1 10 10 17 8 10 10 19 1 19
split_gain=1742.59 261.876 123.557 84.5382 78.7402 79.5369 80.0567 66.4886 65.6899 63.6383 65.6055 69.6113 258.783 149.869 144.834 132.414 57.2035 57.0608 54.2903 52.1668 50.3302 49.2841 84.0124 54.6495 53.603 47.3866 82.0482 46.1095 44.8551 42.0415
threshold=885.00000000000011 28.225000000000005 6.7500000000000009 15.000000000000002 -0.89404254237865755 6.0999999999999996 30.225000000000005 -0.88622299073327826 35.250000000000007 0.60005890365570835 4.5499999999999998 28.500000000000004 26.250000000000004 4.5000000000000009 22.500000000000004 25.500000000000004 4.8500000000000023 293.50000000000006 320.50000000000006 25.500000000000004 12.250000000000002 -0.98801846520836312 -0.97874870457683594 33.500000000000007 178.50000000000003 -0.60555643346685839 -0.57782411410281842 3.2999999999999958 34.95000000000001 4.9000000000000048
decision_type=2 2 2 2 2 2 2 2 2 2 2 2 2 2 2 2 2 2 2 2 2 2 2 2 2 2 2 2 2 2
left_child=9 2 3 -2 21 25 -7 17 -8 10 11 14 19 -14 15 -1 -4 -5 -16 -13 -9 23 28 -3 -25 29 -27 -24 -23 -6
right_child=1 4 16 7 5 6 8 20 -10 -11 -12 12 13 -15 18 -17 -18 -19 -20 -21 -22 22 27 24 -26 26 -28 -29 -30 -31
leaf_value=0.00075458242204671242 -0.0010111886352966836 -0.00080153202997056768 6.4916117592649092e-05 -0.0021441122766268071 -0.0007899818751858495 0.0039600181955946664 -0.00079919165605769481 0.00073650700110240589 0.0021025276979804359 -0.0043428867042452973 -0.0024918723226741743 0.042535102264161066 -0.016453629895082523 0.0049608074707170324 -0.013780925528497745 0.037759908785223437 -0.0016414971743180116 0.0032981993360929594 0.013214041579003168 -0.014198214867228477 -0.0023494304123118396 0.0025897956343733809 -0.0013653068047990895 -0.0056554651298100465 0.0048417338671363566 0.0037626146567221758 -0.0007899818751858495 -0.00055672188926893381 -0.0010156068785479241 -0.00081885775792030701
leaf_weight=23931 1027 1704 657 936 3831 726 1832 72 162 8873 4990 3414 1353 26598 6332 3541 214 382 809 431 21145 664 569 110 330 440 9730 3226 161 1690
leaf_count=23931 1027 1704 657 936 3831 726 1832 72 162 8873 4990 3414 1353 26598 6332 3541 214 382 809 431 21145 664 569 110 330 440 9730 3226 161 1690
internal_value=-0.0036784 -0.0110456 -0.0147331 -0.0154168 -0.00746673 -0.00916164 -0.00126838 -0.0160561 -0.00644433 0.000874527 0.00137082 0.00178628 0.00347528 0.00180226 0.000234738 0.00188374 0.00376005 -0.00515933 -0.00610909 0.0156372 -0.016733 -0.00285334 5.41126e-05 -0.00911847 0.00659091 -0.0105299 -0.00850541 -0.00308959 0.0145152 -0.0142592
internal_weight=129880 49608 24433 23562 25175 18411 2720 22535 1994 80272 71399 66409 31796 27951 34613 27472 871 1318 7141 3845 21217 6764 4620 2144 440 15691 10170 3795 825 5521
internal_count=129880 49608 24433 23562 25175 18411 2720 22535 1994 80272 71399 66409 31796 27951 34613 27472 871 1318 7141 3845 21217 6764 4620 2144 440 15691 10170 3795 825 5521
is_linear=0
shrinkage=0.05


Tree=64
num_leaves=31
num_cat=0
split_feature=6 1 19 10 16 9 17 1 22 1 17 1 17 8 1 8 9 10 10 10 10 70 8 1 17 8 8 17 1 8
split_gain=1725.98 258.158 123.502 110.267 85.6643 66.4886 65.2991 168.381 120.526 112.711 145.783 157.77 150.433 81.218 82.3839 78.5102 63.4401 74.228 62.2315 70.4497 59.8086 57.2035 57.0608 56.113 55.2796 52.7473 52.4008 51.1037 50.3302 50.2015
threshold=885.00000000000011 28.225000000000005 6.7500000000000009 -0.89404254237865755 15.000000000000002 -0.88622299073327826 29.500000000000004 26.350000000000005 1.0000000180025095e-35 26.050000000000008 27.500000000000004 23.450000000000003 25.500000000000004 241.50000000000003 28.225000000000005 110.50000000000001 -0.814291907305839 -0.80417042486635371 -0.98801846520836312 -0.97874870457683594 -0.90161545992537195 4.8500000000000023 293.50000000000006 31.050000000000008 33.500000000000007 331.50000000000006 178.50000000000003 22.500000000000004 12.250000000000002 84.500000000000014
decision_type=2 2 2 2 2 2 2 2 2 2 2 2 2 2 2 2 2 2 2 2 2 2 2 2 2 2 2 2 2 2
left_child=6 2 4 18 -2 22 9 -8 16 10 11 12 -1 23 -15 -12 -9 -18 24 -20 -21 -4 -6 -10 -3 29 -26 -11 -7 -5
right_child=1 3 21 25 5 28 7 8 13 27 15 -13 -14 14 -16 -17 17 -19 19 20 -22 -23 -24 -25 26 -27 -28 -29 -30 -31
leaf_value=0.00062278037902289561 -0.00096062920353184942 -0.00076145542847203961 6.167031171301629e-05 0.0033019287841596218 -0.0020369066627954667 0.00069968165104728548 0.050408361456067752 0.0071859571570493056 0.035334113936319932 0.078233027878306979 0.08674236913694601 -0.0081243842569505686 0.078764690480700672 0.017593140219856685 -0.0040666232179050969 0.013712006305141512 0.00011697426251435217 -0.010496202690453513 0.0020022054067242974 -0.00076214578072240295 0.0004721960399928095 -0.001559422315602111 0.0031332893692883113 0.0027759558921694794 -0.005372691873319544 0.0035509616367581892 0.0045996471737795386 -0.0064470954345938886 -0.0022319588916962477 -0.00075048278142655705
leaf_weight=24941 1027 1704 657 165 936 72 1648 7595 3900 267 685 7770 1555 548 2823 4116 10874 4239 825 3575 220 214 382 1303 110 110 330 8008 21145 18136
leaf_count=24941 1027 1704 657 165 936 72 1648 7595 3900 267 685 7770 1555 548 2823 4116 10874 4239 825 3575 220 214 382 1303 110 110 330 8008 21145 18136
internal_value=-0.00373576 -0.0110678 -0.0147291 -0.0075144 -0.0154125 -0.0160561 0.000795421 0.00250531 0.00168467 -0.000393942 0.000728876 -0.000414405 0.00142286 0.00673548 0.000689706 0.00888877 -0.000222389 -0.00209588 -0.002055 0.00121212 -0.00166667 0.00376005 -0.00515933 0.0106525 -0.00909515 -0.00952012 0.00670455 -0.00569486 -0.016733 -0.00972761
internal_weight=129880 49608 24433 25175 23562 22535 80272 32930 31282 47342 39067 34266 26496 8574 3371 4801 22708 15113 6764 4620 3795 871 1318 5203 2144 18411 440 8275 21217 18301
internal_count=129880 49608 24433 25175 23562 22535 80272 32930 31282 47342 39067 34266 26496 8574 3371 4801 22708 15113 6764 4620 3795 871 1318 5203 2144 18411 440 8275 21217 18301
is_linear=0
shrinkage=0.05


Tree=65
num_leaves=31
num_cat=0
split_feature=4 1 19 10 16 9 1 17 10 22 9 9 1 1 9 10 10 10 8 70 8 17 8 8 17 1 71 17 9 1
split_gain=1711.4 251.42 122.713 110.35 76.7671 63.9106 62.9974 172.411 114.07 74.7576 89.9909 86.0708 111.954 84.1462 82.1606 61.3327 70.4003 61.0357 59.6092 56.737 55.3312 54.124 52.5625 52.2191 50.6084 169.879 63.1449 59.0693 59.0577 49.0079
threshold=14.500000000000002 28.225000000000005 6.7500000000000009 -0.89404254237865755 15.000000000000002 -0.88622299073327826 18.250000000000004 20.500000000000004 0.67644692717078936 1.0000000180025095e-35 0.98049069993378934 0.97508442350096236 26.350000000000005 21.037500000000005 0.83376496542330847 -0.98801846520836312 -0.97874870457683594 0.94353349168649059 160.50000000000003 4.8500000000000023 293.50000000000006 33.500000000000007 178.50000000000003 331.50000000000006 21.500000000000004 20.850000000000005 1.3000000000000005 22.500000000000004 -0.39036798905311365 12.250000000000002
decision_type=2 2 2 2 2 2 2 2 2 2 2 2 2 2 2 2 2 2 2 2 2 2 2 2 2 2 2 2 2 2
left_child=6 2 4 15 -2 20 7 17 9 11 13 14 -13 -11 -8 21 -17 -1 -18 -4 -6 -3 -23 -5 26 27 -10 -26 -27 -7
right_child=1 3 19 23 5 29 8 -9 24 10 -12 12 -14 -15 -16 16 18 -19 -20 -21 -22 22 -24 -25 25 28 -28 -29 -30 -31
leaf_value=0.019745457343148611 -0.00091259774335525692 -0.00072338265704843742 5.8586796127366171e-05 -0.00071295864235522909 -0.0020722086177240836 0.0006646975684949215 1.728258088704582e-05 0.062584639541106199 -0.038914537299772081 0.062423435532608068 -0.0084983598095343445 0.054472593435424904 -0.0070758637705088841 0.0084945202584421949 -0.012839591725544287 0.0019020951363880824 0.0015601933291670715 -0.0047311005476554499 -0.00073619654935440653 -0.0014814511998220055 0.0029766249008238961 -0.0051040572796535672 0.0043696648150905624 0.0033755689137886752 -0.003037424441576972 -0.0079100411860162593 -0.00056195374371404946 0.03171459498448044 0.00066183983308618424 -0.0021203609471114352
leaf_weight=3430 914 1673 647 17973 921 70 32884 1511 2486 1320 2017 1504 836 16551 3092 810 378 3964 3348 213 375 108 324 108 1253 4512 2047 1844 1923 20844
leaf_count=3430 914 1673 647 17973 921 70 32884 1511 2486 1320 2017 1504 836 16551 3092 810 378 3964 3348 213 375 108 324 108 1253 4512 2047 1844 1923 20844
internal_value=-0.00376771 -0.0111773 -0.0148245 -0.00763895 -0.0155142 -0.0160986 0.000678173 0.00464627 0.000189224 0.00116573 0.00365296 -0.000125274 0.00916667 0.00478289 -0.000729653 -0.00212694 0.00114638 0.00150122 -0.00175792 0.00372093 -0.00532407 -0.00918052 0.00659722 -0.00966346 -0.00385176 -0.00178347 -0.00820097 0.00783823 -0.00641414 -0.0167663
internal_weight=129880 48706 23984 24722 23124 22210 81174 8905 72269 58204 19888 38316 2340 17871 35976 6641 4536 7394 3726 860 1296 2105 432 18081 14065 9532 4533 3097 6435 20914
internal_count=129880 48706 23984 24722 23124 22210 81174 8905 72269 58204 19888 38316 2340 17871 35976 6641 4536 7394 3726 860 1296 2105 432 18081 14065 9532 4533 3097 6435 20914
is_linear=0
shrinkage=0.05


Tree=66
num_leaves=31
num_cat=0
split_feature=4 10 8 10 19 15 19 1 17 1 1 17 1 17 17 8 18 17 10 8 22 17 19 8 9 9 17 70 10 6
split_gain=1509.61 302.803 89.442 107.463 82.7988 66.4599 65.8563 95.5758 60.0139 151.752 120.611 220.942 103.926 213.023 87.0796 65.4581 61.2165 58.0733 57.387 54.4164 52.5286 77.6441 52.3934 50.8357 42.945 51.389 44.7759 42.8504 42.6675 40.6519
threshold=14.500000000000002 0.40418040343369133 280.50000000000006 -0.89404254237865755 6.7500000000000009 11.750000000000002 6.5000000000000018 30.225000000000005 30.500000000000004 29.550000000000008 26.350000000000005 28.500000000000004 21.037500000000005 22.500000000000004 24.500000000000004 279.50000000000006 24.500000000000004 33.500000000000007 -0.56369940867848845 303.50000000000006 1.0000000180025095e-35 34.500000000000007 7.0500000000000016 208.50000000000003 -0.99467753128998015 -0.99940763397299126 24.500000000000004 0.20000000000000465 0.9863035000474919 695.00000000000011
decision_type=2 2 2 2 2 2 2 2 2 2 2 2 2 2 2 2 2 2 2 2 2 2 2 2 2 2 2 2 2 2
left_child=8 2 3 23 5 -3 27 -8 10 15 11 12 13 -1 -14 17 19 18 -10 -13 -11 -22 -6 -2 25 -12 29 -5 -7 -26
right_child=1 4 -4 6 22 28 7 -9 9 20 24 16 14 -15 -16 -17 -18 -19 -20 -21 21 -23 -24 -25 26 -27 -28 -29 -30 -31
leaf_value=-0.00051905063151998221 -0.00067505546652789144 0.00063146269007017532 3.4249849229318896e-05 -0.00014430782426630014 0.00040451535431008381 -0.00067731071023746788 0.0051344637631132702 -0.0006884596465097253 0.020675324437648357 -0.0028788300569882576 -0.070549074839525341 0.059919817621191168 -0.0073006937497987704 0.034500023134364913 -0.0012043976173809628 0.04144791624832176 0.0069742470289720698 0.03045357005427185 0.00055408070846552082 0.012741646415022201 0.0013903947151624977 0.024734753426968428 -0.0031337652127614857 0.0030440976347623594 0.09199206868437064 0.032918039806329034 -0.0058128002687925706 -0.00067731071023746788 -0.00012515707989018272 -0.016214799422872957
leaf_weight=15269 6803 97 2916 1174 232 14756 436 1098 5934 11419 90 1641 5349 3992 13010 926 1569 1054 4381 616 3466 810 348 162 210 423 10955 18082 2602 60
leaf_count=15269 6803 97 2916 1174 232 14756 436 1098 5934 11419 90 1641 5349 3992 13010 926 1569 1054 4381 616 3466 810 348 162 210 423 10955 18082 2602 60
internal_value=-0.00355405 -0.0105131 -0.00748997 -0.00836516 -0.0156543 -0.0162718 -0.0101659 -0.000195567 0.000621504 0.00249553 -0.000364771 0.000902379 -0.000261829 0.00230388 -0.00295359 0.00665514 0.0123497 0.00561395 0.00447164 0.017623 -0.000762982 0.00396399 0.00293103 -0.00298995 -0.00483898 0.00930799 -0.00548552 -0.0109602 -0.0165025 0.0146296
internal_weight=129880 48706 30671 27755 18035 17455 20790 1534 81174 27990 53184 41446 37620 19261 18359 12295 3826 11369 10315 2257 15695 4276 580 6965 11738 513 11225 19256 17358 270
internal_count=129880 48706 30671 27755 18035 17455 20790 1534 81174 27990 53184 41446 37620 19261 18359 12295 3826 11369 10315 2257 15695 4276 580 6965 11738 513 11225 19256 17358 270
is_linear=0
shrinkage=0.05


Tree=67
num_leaves=31
num_cat=0
split_feature=6 10 1 16 17 10 17 10 1 17 1 1 8 1 17 9 17 18 17 10 10 17 19 9 9 17 8 9 17 9
split_gain=509.733 289.554 166.685 194.132 88.34 85.7427 82.0734 74.1061 86.5829 57.8833 167.696 98.8752 124.114 94.6172 168.928 86.0894 63.244 130.292 54.1244 52.2159 79.963 55.2796 48.3231 47.3497 53.3546 44.5251 73.5985 44.0285 43.8193 43.5857
threshold=885.00000000000011 0.98770287048522643 28.050000000000008 865.00000000000011 28.500000000000004 -0.89404254237865755 26.500000000000004 -0.60555643346685839 35.050000000000004 29.500000000000004 26.350000000000005 29.550000000000008 126.50000000000001 18.250000000000004 20.500000000000004 0.67802080537253961 20.500000000000004 17.500000000000004 33.500000000000007 -0.98801846520836312 -0.97874870457683594 33.500000000000007 1.4000000000000015 -0.32614396506100213 -0.27694604220087021 33.500000000000007 257.50000000000006 -0.99467753128998015 16.500000000000004 0.99700008544936913
decision_type=2 2 2 2 2 2 2 2 2 2 2 2 2 2 2 2 2 2 2 2 2 2 2 2 2 2 2 2 2 2
left_child=9 2 3 4 28 19 22 -7 -9 13 -11 12 -12 14 23 27 -17 -18 -14 21 -21 -4 -5 -1 -25 -13 -27 -15 -2 -16
right_child=1 -3 5 6 -6 7 -8 8 -10 10 11 25 18 15 29 16 17 -19 -20 20 -22 -23 -24 24 -26 26 -28 -29 -30 -31
leaf_value=0.056023667032378738 -0.0049733974422882105 -0.00011889922589567379 -0.00065346075086962084 0.0017466935782489452 -0.0048849689010706191 -0.00064344517472559454 0.0023492470206178395 -0.00064344517472559454 0.0021049963665959875 0.047149956648283253 -0.014115260148693977 -0.0037981043527394748 0.010880703867868526 0.020247004837408517 0.059481360095626906 -0.019354657556458231 0.048664898449871763 0.0016855981437146729 0.028930891551558258 0.001840743152895072 -0.00064623803293216019 0.0026435796205209168 -0.0024117722996946696 -0.056010452603658584 0.0036910283107744082 0.0094841846151565712 -0.0066609459388040637 -0.0041127910824046545 2.6602632217596207e-05 -0.012926714961959762
leaf_weight=215 886 2529 1704 228 978 6321 220 12536 220 1648 1302 10868 12793 356 1458 629 1219 11428 1054 825 3795 440 1511 267 6868 4630 635 24849 17415 53
leaf_count=215 886 2529 1704 228 978 6321 220 12536 220 1648 1302 10868 12793 356 1458 629 1219 11428 1054 825 3795 440 1511 267 6868 4630 635 24849 17415 53
internal_value=-0.00168694 -0.00567146 -0.0047861 -0.00150438 1.94512e-05 -0.00748326 -0.0165008 -0.00919825 -0.00700455 0.000775488 0.00238536 0.0015664 0.00446729 -0.000344303 0.00431385 -0.00141693 0.00184167 0.00261129 0.00585506 -0.00264636 0.00034632 -0.00909515 -0.0201409 0.00118367 0.000487036 -0.00115757 0.00261633 -0.00313331 0.000801869 0.01954
internal_weight=129880 49608 47079 21238 19279 25841 1959 19077 12756 80272 32930 31282 15149 47342 8861 38481 13276 12647 13847 6764 4620 2144 1739 7350 7135 16133 5265 25205 18301 1511
internal_count=129880 49608 47079 21238 19279 25841 1959 19077 12756 80272 32930 31282 15149 47342 8861 38481 13276 12647 13847 6764 4620 2144 1739 7350 7135 16133 5265 25205 18301 1511
is_linear=0
shrinkage=0.05


Tree=68
num_leaves=31
num_cat=0
split_feature=6 10 10 16 10 19 8 16 10 17 9 17 70 8 17 1 1 17 1 1 17 22 8 9 17 22 9 10 10 17
split_gain=477.297 294.891 163.193 147.319 98.0273 93.886 81.3951 92.1724 70.4628 66.4853 62.785 72.2145 61.7623 54.7168 54.1872 114.285 75.7522 151.376 121.511 112.247 155.878 69.1022 64.0348 62.3701 55.0237 52.3449 116.62 50.4386 67.7077 50.1665
threshold=885.00000000000011 0.98770287048522643 0.11478523713130605 865.00000000000011 -0.89404254237865755 1.4000000000000015 132.50000000000003 755.00000000000011 0.14888728888808328 28.500000000000004 0.15951094710994371 31.500000000000004 0.20000000000000465 170.50000000000003 32.500000000000007 29.350000000000005 28.225000000000005 28.500000000000004 26.250000000000004 23.450000000000003 25.500000000000004 1.0000000180025095e-35 136.50000000000003 -0.96235977360714686 30.500000000000004 1.0000000180025095e-35 -0.31799228562170639 -0.99983123799342477 -0.99273797715557011 27.500000000000004
decision_type=2 2 2 2 2 2 2 2 2 2 2 2 2 2 2 2 2 2 2 2 2 2 2 2 2 2 2 2 2 2
left_child=14 2 4 8 10 -5 7 -6 -4 -10 11 -2 -8 -12 16 -16 17 19 22 20 -1 -20 -19 -17 -18 -25 -27 -26 -29 -21
right_child=1 -3 3 5 6 -7 12 -9 9 -11 13 -13 -14 -15 15 23 24 18 21 29 -22 -23 -24 25 27 26 -28 28 -30 -31
leaf_value=0.00076833323907714648 -0.0027223136676111162 -0.00011295426460089034 0.0025776878623284113 0.0025008930958986893 -0.00052284437477172349 -0.0022911836847099363 0.00060537095229001164 -0.0023003934655817814 2.5272500606716292e-05 -0.00061127291598931516 4.8598947251712878e-05 -0.00061392613128555197 -0.00061127291598931516 0.0022068064411807325 0.021326106563895754 -0.0056495372750998392 -0.00735274385589961 0.073981329090615569 -0.00050700389254354494 -0.0067300696785608577 0.075170387456173285 0.026772147404492765 0.015626939367195992 -0.0003541818753440729 -0.030773740240661297 0.025200824433398605 -0.0089907887115115558 0.029615587077689989 -0.0028600363337867372 0.00098097671127022061
leaf_weight=24941 495 2529 535 120 4763 1237 898 517 15765 3023 1650 4619 13127 330 3013 1061 4841 1269 5471 9147 1718 1845 2814 6791 267 2166 942 885 9336 3765
leaf_count=24941 495 2529 535 120 4763 1237 898 517 15765 3023 1650 4619 13127 330 3013 1061 4841 1269 5471 9147 1718 1845 2814 6791 267 2166 942 885 9336 3765
internal_value=-0.00166461 -0.00552028 -0.0046268 -0.00130077 -0.00723228 -0.0172255 -0.00907925 -0.00378788 -0.000182425 -0.000691931 -0.00220609 -0.00513297 -0.0110713 0.00535354 0.000718183 0.00354791 0.000121797 0.00104866 0.00612554 -0.000413813 0.00143948 0.002269 0.0130358 0.00117701 -0.00296008 0.00241186 0.00778636 -0.000924867 -0.000364446 -0.00424024
internal_weight=129880 49608 47079 20680 26399 1357 19305 5280 19323 18788 7094 5114 14025 1980 80272 13973 66299 50970 11399 39571 26659 7316 4083 10960 15329 9899 3108 10488 10221 12912
internal_count=129880 49608 47079 20680 26399 1357 19305 5280 19323 18788 7094 5114 14025 1980 80272 13973 66299 50970 11399 39571 26659 7316 4083 10960 15329 9899 3108 10488 10221 12912
is_linear=0
shrinkage=0.05


Tree=69
num_leaves=31
num_cat=0
split_feature=6 10 1 16 10 17 10 10 17 9 1 17 17 1 6 1 17 1 1 7 8 19 9 9 17 9 17 35 9 17
split_gain=458.277 296.43 152.858 195.842 125.346 82.0734 72.7958 70.5788 68.2944 65.8427 51.2802 163.631 91.5753 65.9179 101.911 55.2914 93.3095 190.34 81.0268 53.9242 49.4431 48.3231 47.517 49.447 78.0576 56.278 45.1718 43.4097 42.9405 41.8417
threshold=885.00000000000011 0.98770287048522643 28.050000000000008 865.00000000000011 -0.89404254237865755 26.500000000000004 -0.60555643346685839 -0.57782411410281842 28.500000000000004 0.35846314187849709 18.250000000000004 20.500000000000004 20.500000000000004 22.550000000000008 645.00000000000011 19.350000000000005 27.500000000000004 26.350000000000005 23.750000000000004 1.5000000000000002 208.50000000000003 1.4000000000000015 -0.32614396506100213 0.63920241694561786 17.500000000000004 0.54219432480460406 28.500000000000004 1.7910526315789477 0.99700008544936913 16.500000000000004
decision_type=2 2 2 2 2 2 2 2 2 2 2 2 2 2 2 2 2 2 2 2 2 2 2 2 2 2 2 2 2 2
left_child=10 2 3 8 9 21 -6 -8 29 20 11 22 13 14 -12 19 18 -18 -17 -14 -4 -5 -1 25 -25 -24 -11 -21 -13 -2
right_child=1 -3 4 5 6 -7 7 -9 -10 26 12 28 15 -15 -16 16 17 -19 -20 27 -22 -23 23 24 -26 -27 -28 -29 -30 -31
leaf_value=0.053184067018805938 -0.0047259911952041355 -0.00010730655137084558 -0.00059009140676186198 0.0015343142445415634 -0.00058070927018984977 0.0022623483153864131 0.0037420467215923355 -0.00058070927018984977 -0.004610156810217622 -0.0058581858544553191 -0.048403187199857506 0.056468875428891702 -0.012802799603333371 0.070294185668043976 -0.00049414675042621888 -0.00017073325295335063 0.021526673829754952 0.00017008440717662112 -0.006517359323022812 0.023069642587141084 0.002954900961235127 -0.0021766245004744395 -0.00026030256121546415 -0.041520010602409105 0.04453057950616171 -0.041266066435785745 0.003022789186202668 -0.053684496362013792 -0.012318795875815636 2.4008875576380514e-05
leaf_weight=215 886 2529 6159 228 6321 220 440 12316 978 55 1319 1458 625 272 1294 13515 7079 37243 7942 2030 165 1511 5369 267 1101 398 385 92 53 17415
leaf_count=215 886 2529 6159 228 6321 220 440 12316 978 55 1319 1458 625 272 1294 13515 7079 37243 7942 2030 165 1511 5369 267 1101 398 385 92 53 17415
internal_value=-0.00169888 -0.00547694 -0.00458113 -0.00143846 -0.007164 -0.0165008 -0.00923756 -0.00706334 9.20691e-05 -0.00131579 0.000635963 0.00422356 0.000190797 -0.00853553 -0.010974 0.000558182 0.000267943 0.00157822 -0.0024386 0.00750819 -0.00261701 -0.0201409 0.00114286 0.000444989 0.00899123 -0.00158228 0.0173864 0.0113101 0.0192091 0.000780012
internal_weight=129880 49608 47079 21238 25841 1959 19077 12756 19279 6764 80272 8861 71411 2885 2613 68526 65779 44322 21457 2747 6324 1739 7350 7135 1368 5767 440 2122 1511 18301
internal_count=129880 49608 47079 21238 25841 1959 19077 12756 19279 6764 80272 8861 71411 2885 2613 68526 65779 44322 21457 2747 6324 1739 7350 7135 1368 5767 440 2122 1511 18301
is_linear=0
shrinkage=0.05


Tree=70
num_leaves=31
num_cat=0
split_feature=6 10 1 16 10 17 10 10 17 1 17 17 1 17 6 10 19 1 18 17 18 10 1 9 19 6 1 9 19 9
split_gain=470.431 292.715 163.792 195.842 90.8005 82.0734 69.315 69.2913 68.2944 54.4416 161.07 90.6476 132.355 155.737 103.451 97.1183 78.2746 63.4857 53.4025 60.0786 49.8691 48.7542 54.8502 50.0279 48.3231 47.8469 44.2161 43.1666 52.9262 42.8762
threshold=885.00000000000011 0.98770287048522643 28.050000000000008 865.00000000000011 -0.90892157495189674 26.500000000000004 -0.60555643346685839 -0.57782411410281842 28.500000000000004 18.250000000000004 20.500000000000004 21.500000000000004 21.037500000000005 24.500000000000004 635.00000000000011 0.29958852271690523 1.7000000000000048 23.450000000000003 17.500000000000004 22.500000000000004 15.500000000000002 0.92191100909954782 17.620000000000005 0.92922379131507438 1.4000000000000015 605.00000000000011 33.650000000000013 0.022575936829235418 5.2000000000000055 0.99700008544936913
decision_type=2 2 2 2 2 2 2 2 2 2 2 2 2 2 2 2 2 2 2 2 2 2 2 2 2 2 2 2 2 2
left_child=9 2 3 8 27 24 26 -8 -2 10 21 15 18 14 -14 -11 -17 -15 20 -20 -13 22 23 -1 -5 -24 -6 28 -4 -12
right_child=1 -3 4 5 6 -7 7 -9 -10 11 29 12 13 17 -16 16 -18 -19 19 -21 -22 -23 25 -25 -26 -27 -28 -29 -30 -31
leaf_value=0.030337433529973958 2.2808431797561454e-05 -0.00010194122380230361 -0.00057312117001131276 0.0014575985323144851 -0.00055167380668035698 0.0021492308996170924 0.0035549443855127185 -0.00055167380668035698 -0.004379648969706741 0.05464919376926558 0.053645431657447111 -0.088035992310029676 -0.043253719171655894 0.029917363109103756 -0.00051933586108848285 -0.034632332100939398 -0.0017333469411442413 0.0004391568277912095 -0.010670330869382887 0.02452517118197213 0.046201773528071977 -0.0040892956324809103 -0.054380886878740833 -0.037196662559517216 -0.0020677932754507174 0.015543136572126399 -0.00045936377983638867 0.00072518877033414531 0.00046541526232604657 -0.01170285608202486
leaf_weight=2538 18301 2529 2518 228 5679 220 440 12316 978 481 1458 67 2392 3314 2226 2262 3013 52346 1128 2947 1235 4256 247 173 1511 136 1082 2419 1387 53
leaf_count=2538 18301 2529 2518 228 5679 220 440 12316 978 481 1458 67 2392 3314 2226 2262 3013 52346 1128 2947 1235 4256 247 173 1511 136 1082 2419 1387 53
internal_value=-0.00175393 -0.00558176 -0.00469158 -0.00143846 -0.00736523 -0.0165008 -0.00905236 -0.00688304 9.20691e-05 0.00061167 0.0043082 0.000152988 0.000680451 9.95388e-06 -0.00881334 -0.00586345 -0.00782464 0.000742005 0.00819695 0.00538037 0.0170123 0.0012517 0.0060278 0.00853006 -0.0201409 -0.0116841 -0.0131452 -0.00215844 -0.00540973 0.019176
internal_weight=129880 49608 47079 21238 25841 1959 19517 12756 19279 80272 8861 71411 65655 60278 4618 5756 5275 55660 5377 4075 1302 7350 3094 2711 1739 383 6761 6324 3905 1511
internal_count=129880 49608 47079 21238 25841 1959 19517 12756 19279 80272 8861 71411 65655 60278 4618 5756 5275 55660 5377 4075 1302 7350 3094 2711 1739 383 6761 6324 3905 1511
is_linear=0
shrinkage=0.05


Tree=71
num_leaves=31
num_cat=0
split_feature=4 10 17 16 17 10 10 1 1 17 17 9 6 17 1 1 17 17 8 1 19 7 1 9 9 17 9 9 60 1
split_gain=466.398 292.732 168.482 256.458 72.628 66.3434 89.186 82.5131 53.5699 160.435 87.1738 62.363 76.3215 54.5908 68.9958 61.6065 125.442 104.511 61.5428 52.0548 50.7236 56.4473 47.2647 45.4023 50.2651 65.5732 55.8131 42.6837 42.6641 41.2558
threshold=14.500000000000002 0.98770287048522643 27.500000000000004 705.00000000000011 16.500000000000004 -0.90892157495189674 -0.61915584096709908 35.050000000000004 18.250000000000004 20.500000000000004 20.500000000000004 -0.082689790342551819 635.00000000000011 33.500000000000007 29.650000000000009 20.150000000000002 22.500000000000004 23.500000000000004 257.50000000000006 33.650000000000013 1.3999999999999997 9.5000000000000018 13.050000000000002 -0.32614396506100213 0.63920241694561786 17.500000000000004 0.54219432480460406 0.99700008544936913 0.39473684210526322 15.450000000000001
decision_type=2 2 2 2 2 2 2 2 2 2 2 2 2 2 2 2 2 2 2 2 2 2 2 2 2 2 2 2 2 2
left_child=8 2 3 4 29 -4 19 -8 9 23 11 -10 -13 15 -15 16 -12 -17 -16 -7 21 -5 -22 -1 26 -26 -25 -11 -6 -2
right_child=1 -3 5 20 28 6 7 -9 10 27 13 12 -14 14 18 17 -18 -19 -20 -21 22 -23 -24 24 25 -27 -28 -29 -30 -31
leaf_value=0.050729328449489679 -0.0044908320570338067 -9.68441626121884e-05 -0.00053193077792320351 -0.0025336829441706525 2.1668010207683694e-05 -0.00052409011634633876 -0.00052409011634633876 0.0020869293479091641 0.0035800908124068056 0.050963160074574756 -0.00072138080895128929 -0.044870379267557305 -0.0018439561366665304 0.033089488649001186 0.0069040919148445129 -0.0080407903305807094 0.039281362583820756 0.00030832594686586412 -0.006075883839857266 -0.00039638975991478369 0.001047258243583154 0.0022262528022609523 -0.0019644036116781816 -0.00013062188829535693 -0.036895284251026193 0.040787178854354927 -0.037736036109680932 -0.011117713277923614 -0.0048580762522507301 -0.0044908320570338067
leaf_weight=215 594 2483 6371 131 14476 5738 13554 216 839 1458 3138 1099 1018 1386 4362 4636 1797 53352 642 1012 54 142 1708 5405 270 1103 401 53 1795 432
leaf_count=215 594 2483 6371 131 14476 5738 13554 216 839 1458 3138 1099 1018 1386 4362 4636 1797 53352 642 1012 54 142 1708 5405 270 1103 401 53 1795 432
internal_value=-0.00174931 -0.00561738 -0.00471897 -0.0011587 0.000816616 -0.00727846 -0.00866228 -0.00635439 0.000571612 0.00423077 0.000120729 -0.00828823 -0.0128602 0.000479347 0.00488263 3.21822e-05 0.00539514 -0.000424226 0.00214828 -0.0133704 -0.0179484 0.00210623 -0.0210556 0.00119692 0.000518874 0.00912236 -0.00151567 0.0190768 0.0016302 -0.0120858
internal_weight=129880 48706 46223 19332 17297 26891 20520 13770 81174 8905 72269 2956 2117 69313 6390 62923 4935 57988 5004 6750 2035 273 1762 7394 7179 1373 5806 1511 16271 1026
internal_count=129880 48706 46223 19332 17297 26891 20520 13770 81174 8905 72269 2956 2117 69313 6390 62923 4935 57988 5004 6750 2035 273 1762 7394 7179 1373 5806 1511 16271 1026
is_linear=0
shrinkage=0.05


Tree=72
num_leaves=31
num_cat=0
split_feature=4 10 10 16 10 19 8 16 10 17 19 70 19 19 9 1 17 17 1 6 17 1 1 17 17 22 10 9 0 1
split_gain=430.895 298.691 178.056 150.038 91.2118 90.8901 90.2324 93.8 76.2929 150.009 76.4034 52.8499 50.5117 103.533 55.1313 46.5216 119.571 84.6075 59.7587 96.251 48.9841 117.402 109.004 75.0544 53.3241 46.8763 45.5449 44.5962 43.5765 43.531
threshold=14.500000000000002 0.98770287048522643 0.11478523713130605 875.00000000000011 -0.89404254237865755 1.4000000000000015 132.50000000000003 755.00000000000011 0.40418040343369133 28.500000000000004 5.4999999999999982 0.20000000000000465 5.2000000000000055 5.9000000000000004 0.15951094710994371 18.250000000000004 20.500000000000004 20.500000000000004 22.550000000000008 635.00000000000011 30.500000000000004 29.550000000000008 28.225000000000005 28.500000000000004 33.500000000000007 1.0000000180025095e-35 0.94353349168649059 0.34235194516023087 31.850000000000005 16.150000000000002
decision_type=2 2 2 2 2 2 2 2 2 2 2 2 2 2 2 2 2 2 2 2 2 2 2 2 2 2 2 2 2 2
left_child=15 2 4 8 12 -5 7 -6 10 -10 -4 -8 14 -14 -2 16 26 18 19 -17 22 24 23 -19 -22 -23 27 -1 -20 -29
right_child=1 -3 3 5 6 -7 11 -9 9 -11 -12 -13 13 -15 -16 17 -18 20 28 -21 21 25 -24 -25 -26 -27 -28 29 -30 -31
leaf_value=0.049233174049566869 -0.00055527347944278051 -9.200195448157909e-05 1.8648882048539346e-05 0.002114940162147905 -0.00044116640270001136 -0.0018661834310942722 0.00048505858072848962 -0.0018749327229225254 -1.1708238079140289e-05 -0.00049788561052902176 0.00012201387963876252 -0.00049788561052902176 0.0043283334934381109 -0.00055039947860332367 0.00010973546755312856 -0.042626860304179441 0.048415002070846015 -0.0012532144369481913 0.075002390075085135 -0.00055881847661495572 0.013209046042906314 -0.0030204384790819467 -0.0070653941632838231 0.01119387356345667 0.024733105151587068 0.0052019737744170473 -0.0043460158230652305 0.022655270662630733 -0.021810713206029841 -0.0055025118817236263
leaf_weight=298 3072 2483 2992 116 4674 1212 789 510 13156 1296 1532 12981 1074 1039 1780 1291 1511 28349 217 1389 11241 11419 4768 8206 1054 4276 3964 1655 59 1477
leaf_count=298 3072 2483 2992 116 4674 1212 789 510 13156 1296 1532 12981 1074 1039 1780 1291 1511 28349 217 1389 11241 11419 4768 8206 1054 4276 3964 1655 59 1477
internal_value=-0.00173006 -0.00544799 -0.00454049 -0.00103428 -0.00728713 -0.0172816 -0.00908515 -0.00346258 0.000102761 -0.00167105 0.00576923 -0.0112019 -0.00239411 0.00405821 -0.00520404 0.000500776 0.00391072 8.06016e-05 -0.00820365 -0.0104851 0.000433901 0.00204895 -0.000660044 0.000267405 0.0057076 -0.000817139 0.00129159 0.0055102 0.0139493 0.0037516
internal_weight=129880 48706 46223 20304 25919 1328 18954 5184 18976 14452 4524 13770 6965 2113 4852 81174 8905 72269 2956 2680 69313 27990 41323 36555 12295 15695 7394 3430 276 3132
internal_count=129880 48706 46223 20304 25919 1328 18954 5184 18976 14452 4524 13770 6965 2113 4852 81174 8905 72269 2956 2680 69313 27990 41323 36555 12295 15695 7394 3430 276 3132
is_linear=0
shrinkage=0.05


Tree=73
num_leaves=31
num_cat=0
split_feature=4 10 10 16 19 10 8 16 10 17 19 70 8 35 22 10 8 17 4 1 10 70 9 9 1 9 1 1 9 9
split_gain=433.875 298.836 177.367 149.992 90.8901 90.8525 91.0492 94.1558 76.0665 150.009 76.5895 52.8194 48.6708 45.8057 52.7707 116.476 148.019 98.2741 63.7596 52.6119 64.9165 44.6928 43.2141 65.28 132.822 59.4835 61.1063 42.9087 41.6693 40.5674
threshold=14.500000000000002 0.98770287048522643 0.11478523713130605 875.00000000000011 1.4000000000000015 -0.89404254237865755 132.50000000000003 755.00000000000011 0.40418040343369133 28.500000000000004 5.4999999999999982 0.20000000000000465 208.50000000000003 0.024473684210526325 1.0000000180025095e-35 0.73721509932751383 70.500000000000014 28.500000000000004 12.500000000000002 17.250000000000004 0.90803977035715633 0.6000000000000002 -0.8041866928211282 -0.59176244063315286 22.350000000000005 -0.84772008488809492 24.650000000000006 13.050000000000002 0.022575936829235418 0.97112537654464559
decision_type=2 2 2 2 2 2 2 2 2 2 2 2 2 2 2 2 2 2 2 2 2 2 2 2 2 2 2 2 2 2
left_child=13 2 5 8 -5 12 7 -7 10 -10 -4 -8 28 14 22 16 18 -18 -16 20 -17 -21 25 24 -24 26 -1 -6 -2 -15
right_child=1 -3 3 4 27 6 11 -9 9 -11 -12 -13 -14 29 15 19 17 -19 -20 21 -22 -23 23 -25 -26 -27 -28 -29 -30 -31
leaf_value=0.061041036109067151 -0.00049010489864244821 -8.7401856757499824e-05 1.7716437946112275e-05 0.0020091931540405098 0.0010882045029587104 -0.0004191080825650111 0.00046080565169206447 -0.0017811860867763991 -1.1122826175183343e-05 -0.00047299133000257081 0.00011591318565682407 -0.00047299133000257081 0.0026335269154890237 -0.0027584862548171076 0.05970393613322951 0.036889314492052981 -0.0017296126002359859 0.015325543110425355 -0.0030249434974807701 -0.003612766629228565 -0.0028791503833377253 -0.027759519552934993 0.017955391155974599 1.1611440015071862e-05 -0.014929817124864121 0.016857851170527027 0.00088009331926267378 -0.0017728742595395587 0.00010424869417547181 0.032086590703113406
leaf_weight=263 3996 2483 2992 116 48 4674 789 510 13156 1296 1532 12981 162 14699 2086 585 6896 8679 320 3080 1605 1289 675 25406 3863 1487 9257 1164 2807 984
leaf_count=263 3996 2483 2992 116 48 4674 789 510 13156 1296 1532 12981 162 14699 2086 585 6896 8679 320 3080 1605 1289 675 25406 3863 1487 9257 1164 2807 984
internal_value=-0.00171312 -0.00544389 -0.00453616 -0.00103674 -0.0172816 -0.00727748 -0.00907196 -0.003424 0.000100126 -0.00167105 0.00575818 -0.0111983 -0.00239411 0.000525415 0.00110664 0.0029401 0.00502058 0.00323756 0.0165628 -0.00276338 0.00356164 -0.00593385 7.93631e-06 -0.000976823 -0.00650066 0.00268693 0.00123424 -0.0213284 -0.0030391 -0.00190174
internal_weight=129880 48706 46223 20304 1328 25919 18954 5184 18976 14452 4524 13770 6965 81174 65491 24540 17981 15575 2406 6559 2190 4369 40951 29944 4538 11007 9520 1212 6803 15683
internal_count=129880 48706 46223 20304 1328 25919 18954 5184 18976 14452 4524 13770 6965 81174 65491 24540 17981 15575 2406 6559 2190 4369 40951 29944 4538 11007 9520 1212 6803 15683
is_linear=0
shrinkage=0.05


Tree=74
num_leaves=31
num_cat=0
split_feature=4 10 10 16 19 10 8 16 10 17 19 70 1 17 17 9 6 1 17 1 71 7 8 17 1 8 19 19 9 1
split_gain=438.843 297.024 182.639 149.947 90.8901 80.5242 91.9551 94.5122 75.8403 150.009 76.7758 52.8194 44.8663 110.688 90.6057 70.97 96.7729 57.4693 82.5377 153.112 67.2343 56.586 54.5435 47.23 88.0038 47.4714 44.5537 105.031 54.9896 42.9087
threshold=14.500000000000002 0.98770287048522643 0.11478523713130605 875.00000000000011 1.4000000000000015 -0.89404254237865755 132.50000000000003 755.00000000000011 0.40418040343369133 28.500000000000004 5.4999999999999982 0.20000000000000465 17.950000000000003 19.500000000000004 20.500000000000004 -0.082689790342551819 625.00000000000011 19.350000000000005 23.500000000000004 21.450000000000003 1.2 1.5000000000000002 360.50000000000006 17.500000000000004 16.350000000000005 357.50000000000006 5.3000000000000034 5.9000000000000004 0.15951094710994371 13.050000000000002
decision_type=2 2 2 2 2 2 2 2 2 2 2 2 2 2 2 2 2 2 2 2 2 2 2 2 2 2 2 2 2 2
left_child=12 2 5 8 -5 26 7 -7 10 -10 -4 -8 13 22 15 -14 -17 21 20 -20 -19 -16 23 25 -25 -1 28 -28 -2 -6
right_child=1 -3 3 4 29 6 11 -9 9 -11 -12 -13 14 -15 17 16 -18 18 19 -21 -22 -23 -24 24 -26 -27 27 -29 -30 -31
leaf_value=-0.010262742448405183 -0.00046559965371032602 -8.3031763919624862e-05 1.6830616048806731e-05 0.0019087334963384843 0.0010337942778107748 -0.00039815267843676047 0.00043776536910746097 -0.0016921267824375795 -1.0566684866424036e-05 -0.00044934176350244217 0.00011011752637398315 -0.00044934176350244217 0.0037817772265737143 0.041407887763734302 -0.005010833095825085 -0.041561463823625022 -0.0013595586513708376 -0.02564518189434295 0.035053055909895561 0.0003499672671732679 0.00054291981232998908 0.025065857378716541 -0.023150705519101547 0.029686992641028323 -0.0047531023271239481 0.077723989670788224 0.0041139422420174388 -0.00051777017536916642 9.903625946669839e-05 -0.0016842305465625809
leaf_weight=2325 3241 2483 2992 116 48 4674 789 510 13156 1296 1532 12981 918 2244 710 1272 1128 3699 2467 57660 2734 2457 316 1600 1478 166 905 1039 1780 1164
leaf_count=2325 3241 2483 2992 116 48 4674 789 510 13156 1296 1532 12981 918 2244 710 1272 1128 3699 2467 57660 2734 2457 316 1600 1478 166 905 1039 1780 1164
internal_value=-0.00174315 -0.00549522 -0.00459025 -0.0010392 -0.0172816 -0.00737201 -0.00906141 -0.00338542 9.74916e-05 -0.00167105 0.00574713 -0.0111983 0.000508168 0.00403186 0.000116024 -0.0079566 -0.0124792 0.000500165 0.000187049 0.000762968 -0.00519587 0.00708083 0.000429057 0.00157569 0.005718 -0.00354275 -0.00277459 0.00365226 -0.0052629 -0.0213284
internal_weight=129880 48706 46223 20304 1328 25919 18954 5184 18976 14452 4524 13770 81174 8129 73045 3318 2400 69727 66560 60127 6433 3167 5885 5569 3078 2491 6965 1944 5021 1212
internal_count=129880 48706 46223 20304 1328 25919 18954 5184 18976 14452 4524 13770 81174 8129 73045 3318 2400 69727 66560 60127 6433 3167 5885 5569 3078 2491 6965 1944 5021 1212
is_linear=0
shrinkage=0.05


Tree=75
num_leaves=31
num_cat=0
split_feature=4 10 1 16 17 10 10 8 17 9 9 19 17 1 17 17 6 0 1 17 1 17 9 6 8 19 17 1 8 10
split_gain=439.384 295.939 183.068 200.889 79.3859 76.1839 74.5247 166.749 73.3925 50.7896 48.892 47.5503 43.9058 43.6847 109.809 89.7776 66.7312 137.053 52.0842 120.836 179.887 107.156 58.9834 56.604 50.8698 42.6256 38.7848 78.6583 43.9244 38.4805
threshold=14.500000000000002 0.98770287048522643 28.050000000000008 875.00000000000011 26.500000000000004 -0.90892157495189674 0.11478523713130605 298.50000000000006 28.500000000000004 0.022575936829235418 0.9962888416657264 1.125000000000002 16.500000000000004 17.950000000000003 19.500000000000004 20.500000000000004 625.00000000000011 26.725000000000005 21.037500000000005 27.500000000000004 25.750000000000004 22.500000000000004 0.8697513045430848 695.00000000000011 360.50000000000006 5.3000000000000034 17.500000000000004 16.150000000000002 357.50000000000006 -0.3744658827978154
decision_type=2 2 2 2 2 2 2 2 2 2 2 2 2 2 2 2 2 2 2 2 2 2 2 2 2 2 2 2 2 2
left_child=13 2 3 8 11 9 10 -8 12 25 -7 -5 -2 14 24 16 17 -15 21 23 -21 22 -17 -20 26 -4 28 -28 -1 -10
right_child=1 -3 5 4 -6 6 7 -9 29 -11 -12 -13 -14 15 -16 18 -18 -19 19 20 -22 -23 -24 -25 -26 -27 27 -29 -30 -31
leaf_value=-0.0097496053259849228 -0.0042646205667260786 -7.8880175723643892e-05 -0.00044231967102481009 0.0018132968215215602 0.0021389847956552565 -0.00042687467532731977 0.00017543712416225323 -0.00042687467532731977 -0.0020703910762483123 0.0006998748496538338 0.0013827376542618162 -0.0016000190192344518 2.2254497153337274e-05 -0.038740804771132779 0.039337493375547573 -0.0047602914410338265 -0.00049727633068369435 0.090867327599860562 -0.011644586286400076 0.030049331512635558 0.00032742365279463809 0.028644902254667315 0.014169248003248303 0.00029893302687556761 -0.021993170243146468 0.002265924032820079 0.030135847838704755 -0.0021512892324585531 0.073837790187248814 -0.0041518796214199752
leaf_weight=2325 870 2483 2632 171 212 15010 2214 1510 476 2375 432 1531 17102 1462 2244 3851 1667 189 11656 4784 40036 3825 535 5040 316 1202 1327 1751 166 486
leaf_count=2325 870 2483 2632 171 212 15010 2214 1510 476 2375 432 1531 17102 1462 2244 3851 1667 189 11656 4784 40036 3825 535 5040 316 1202 1327 1751 166 486
internal_value=-0.00177164 -0.00552601 -0.0046227 -0.00115119 -0.0165883 -0.00747488 -0.00903423 -0.00268528 0.000409317 -0.00266146 -0.0105653 -0.0201821 0.00112953 0.000481065 0.00395805 9.41201e-05 -0.00794153 -0.0150666 0.000476501 -2.27583e-05 0.00132976 0.0042169 -0.00111719 -0.00365357 0.000369584 -0.00622066 0.00147693 0.00523067 -0.00316138 -0.0130457
internal_weight=129880 48706 46223 20848 1914 25375 19166 3724 18934 6209 15442 1702 17972 81174 8129 73045 3318 1651 69727 61516 44820 8211 4386 16696 5885 3834 5569 3078 2491 962
internal_count=129880 48706 46223 20848 1914 25375 19166 3724 18934 6209 15442 1702 17972 81174 8129 73045 3318 1651 69727 61516 44820 8211 4386 16696 5885 3834 5569 3078 2491 962
is_linear=0
shrinkage=0.05


Tree=76
num_leaves=31
num_cat=0
split_feature=4 10 1 16 17 10 10 8 17 9 9 19 17 19 35 10 10 19 8 10 22 18 35 9 19 8 52 21 9 8
split_gain=440.917 295.939 183.068 200.889 79.3859 76.1839 74.5247 166.749 73.3925 50.7896 48.892 47.5503 43.9058 42.6256 40.5857 38.4805 38.2701 37.4969 50.5327 67.4398 45.2924 32.8782 27.0413 15.5421 24.6601 22.9499 16.393 15.3649 12.0979 11.9287
threshold=14.500000000000002 0.98770287048522643 28.050000000000008 875.00000000000011 26.500000000000004 -0.90892157495189674 0.11478523713130605 298.50000000000006 28.500000000000004 0.022575936829235418 0.9962888416657264 1.125000000000002 16.500000000000004 5.3000000000000034 0.46026315789473687 -0.3744658827978154 -0.8611288361322974 5.1999999999999984 364.50000000000006 0.99855310097228334 1.0000000180025095e-35 27.500000000000004 0.0018421052631578951 0.29342972903661901 1.4000000000000015 172.50000000000003 0.10500000000000002 21.500000000000004 0.59868201182722736 178.50000000000003
decision_type=2 2 2 2 2 2 2 2 2 2 2 2 2 2 2 2 2 2 2 2 2 2 2 2 2 2 2 2 2 2
left_child=14 2 3 8 11 9 10 -8 12 13 -7 -5 -2 -4 17 -10 -6 18 19 20 -1 -11 -21 25 26 -16 28 29 -25 -27
right_child=1 -3 5 4 16 6 7 -9 15 21 -12 -13 -14 -15 23 -17 -18 -19 -20 22 -22 -23 -24 24 -26 27 -28 -29 -30 -31
leaf_value=0.00029080624127336837 -0.0040513895383897745 -7.4936166937461524e-05 -0.0004202036874735693 0.001722631980445482 -0.0028859141937473379 -0.00040553094156095402 0.00016666526795414071 -0.00040553094156095402 -0.0019668715224358964 -0.00053704361202561862 0.0013136007715487251 -0.0015200180682727292 2.1141772295670685e-05 0.0021526278311790751 -0.017537709075712272 -0.0039442856403489766 0.0020320355558724936 -0.0023713410571331475 0.037829134824832814 -0.020269815304951547 0.0056761922547453386 0.0016539878258749988 0.013993771955174367 0.017633561611670817 -0.0029584655234713448 0.031535749147753624 0.024990056862611722 -0.018475169799747695 -0.0085371107166926311 -0.0037127166140116575
leaf_weight=44395 870 2483 2632 171 54 15010 2214 1510 476 1187 432 1531 17102 1202 428 486 158 3085 301 855 25349 1188 219 286 877 132 337 135 338 4437
leaf_count=44395 870 2483 2632 171 54 15010 2214 1510 476 1187 432 1531 17102 1202 428 486 158 3085 301 855 25349 1188 219 286 877 132 337 135 338 4437
internal_value=-0.00176509 -0.00552601 -0.0046227 -0.00115119 -0.0165883 -0.00747488 -0.00903423 -0.00268528 0.000409317 -0.00266146 -0.0105653 -0.0201821 0.00112953 -0.00622066 0.000491537 -0.0130457 0.0122642 0.000834187 0.00106828 0.000981389 0.00117286 0.00308421 -0.0114525 -0.00315638 0.000788901 -0.00456937 0.00632154 -0.0035608 0.00152244 -0.0030696
internal_weight=129880 48706 46223 20848 1914 25375 19166 3724 18934 6209 15442 1702 17972 3834 81174 962 212 74204 71119 70818 69744 2375 1074 6970 1838 5132 961 4704 624 4569
internal_count=129880 48706 46223 20848 1914 25375 19166 3724 18934 6209 15442 1702 17972 3834 81174 962 212 74204 71119 70818 69744 2375 1074 6970 1838 5132 961 4704 624 4569
is_linear=0
shrinkage=0.05


Tree=77
num_leaves=31
num_cat=0
split_feature=4 10 1 16 17 17 10 10 1 9 8 17 19 17 1 1 17 17 9 6 1 7 17 1 71 35 10 9 10 10
split_gain=445.471 293.919 189.513 200.889 79.3859 73.3925 66.4959 72.3204 85.0956 48.8544 61.7289 59.3458 47.5503 43.9058 43.2432 40.7345 118.42 80.482 88.1329 98.6096 57.7462 89.5751 68.4363 141.691 59.4433 44.2598 43.4857 38.8974 38.4805 38.2701
threshold=14.500000000000002 0.98770287048522643 28.050000000000008 875.00000000000011 26.500000000000004 28.500000000000004 -0.90892157495189674 -0.60555643346685839 35.050000000000004 0.15951094710994371 170.50000000000003 31.500000000000004 1.125000000000002 16.500000000000004 33.650000000000013 17.550000000000004 19.500000000000004 20.500000000000004 -0.082689790342551819 605.00000000000011 19.250000000000004 1.5000000000000002 23.500000000000004 21.450000000000003 1.3000000000000063 1.7910526315789477 0.92191100909954782 0.92922379131507438 -0.3744658827978154 -0.8611288361322974
decision_type=2 2 2 2 2 2 2 2 2 2 2 2 2 2 2 2 2 2 2 2 2 2 2 2 2 2 2 2 2 2
left_child=15 2 3 5 12 13 9 14 -9 11 -11 -4 -5 -2 -8 16 26 18 -17 -20 21 -19 24 -24 -22 -23 27 -1 -7 -6
right_child=1 -3 6 4 29 28 7 8 -10 10 -12 -13 -14 -15 -16 17 -18 20 19 -21 22 25 23 -25 -26 -27 -28 -29 -30 -31
leaf_value=0.01868079547882287 -0.0038488200614702852 -7.1189358590588456e-05 -0.0023827657469810445 0.0016365003814232081 -0.0027416184840599708 -0.0018685279463141011 -0.00038525439448290622 -0.00038525439448290622 0.0020952140965598194 -0.00013842594198273383 0.0015712884345812487 -0.00038703544543176665 -0.0014440171648590927 2.0084683680886978e-05 -0.00030394488680271438 0.0046206177154039241 0.041129051827222263 -0.0086501992966701909 -0.038585103732152161 -0.001080001326002223 -0.021291626442997674 0.040064067462894176 0.030253114926408267 0.00030680101190456343 0.00069320906790777464 -0.049949659408389017 -0.0049691752062375194 -0.038492968834665846 -0.0037470713583315283 0.001930433778078869
leaf_weight=2090 870 2483 432 171 54 476 5574 12310 216 1188 324 4265 1531 17102 1066 1126 1475 707 1575 1318 4102 2226 2604 57660 2705 93 3322 171 486 158
leaf_count=2090 870 2483 432 171 54 476 5574 12310 216 1188 324 4265 1531 17102 1066 1126 1475 707 1575 1318 4102 2226 2604 57660 2705 93 3322 171 486 158
internal_value=-0.0018032 -0.0055835 -0.00468327 -0.00115119 -0.0165883 0.000409317 -0.00758522 -0.00904205 -0.00680584 -0.00308826 0.00472884 -0.00560464 -0.0201821 0.00112953 -0.0132605 0.00046505 0.00409464 0.000119407 -0.00676163 -0.0113809 0.000513931 0.00727032 0.000209107 0.000745885 -0.00454312 0.0120203 0.000765717 0.00611455 -0.0130457 0.0122642
internal_weight=129880 48706 46223 20848 1914 18934 25375 19166 12526 6209 1512 4697 1702 17972 6640 81174 7058 74116 4019 2893 70097 3026 67071 60264 6807 2319 5583 2261 962 212
internal_count=129880 48706 46223 20848 1914 18934 25375 19166 12526 6209 1512 4697 1702 17972 6640 81174 7058 74116 4019 2893 70097 3026 67071 60264 6807 2319 5583 2261 962 212
is_linear=0
shrinkage=0.05


Tree=78
num_leaves=31
num_cat=0
split_feature=4 10 1 16 10 17 10 8 17 9 19 19 1 17 17 9 6 8 8 18 1 17 1 8 17 10 10 17 1 8
split_gain=420.342 299.454 172.169 200.889 95.148 79.3859 74.9721 167.448 73.3925 48.8729 47.5503 43.8038 43.7168 103.345 78.967 68.4727 95.4177 47.1092 68.189 58.3288 54.3435 91.1703 52.3457 41.8132 41.3922 38.4805 38.2701 37.341 74.1849 42.6559
threshold=14.500000000000002 0.98770287048522643 28.050000000000008 875.00000000000011 -0.90892157495189674 26.500000000000004 0.11478523713130605 298.50000000000006 28.500000000000004 0.9962888416657264 1.125000000000002 1.599999999999999 17.950000000000003 19.500000000000004 20.500000000000004 -0.082689790342551819 625.00000000000011 315.50000000000006 340.50000000000006 15.500000000000002 29.550000000000008 33.500000000000007 19.550000000000004 360.50000000000006 34.500000000000007 -0.3744658827978154 -0.8611288361322974 17.500000000000004 16.350000000000005 357.50000000000006
decision_type=2 2 2 2 2 2 2 2 2 2 2 2 2 2 2 2 2 2 2 2 2 2 2 2 2 2 2 2 2 2
left_child=12 2 3 8 -4 10 9 -8 11 -6 -5 -2 13 23 15 -14 -17 20 22 -20 21 -16 -19 27 -22 -10 -7 29 -29 -1
right_child=1 -3 4 5 6 26 7 -9 25 -11 -12 -13 14 -15 17 16 -18 18 19 -21 24 -23 -24 -25 -26 -27 -28 28 -30 -31
leaf_value=-0.0099847955539019498 -0.0046482750973880693 -6.7629890661059092e-05 -0.00036730739724075839 0.0015546753623520476 -0.00036599167475876094 -0.0026045375598569721 0.00017759472428057895 -0.00036599167475876094 -0.0017751015489983965 0.0012671834526954335 -0.001371816306616138 1.9080449496842319e-05 0.0035346454113003773 0.035299625803345405 0.0023899074403226474 -0.035900904820016802 -0.0011495922942323052 0.0036891215645585619 -0.043426594631126719 0.0059651206460698261 -0.002502447413129846 0.023570624298091227 -0.0068709823038543413 -0.019631562205429699 0.017523911651157808 -0.0035597177904149522 0.0018339120891749253 0.026328427334952151 -0.0043088045832101714 0.070379819126134585
leaf_weight=2325 1226 2483 6209 171 15010 54 2214 1510 476 432 1531 16746 918 2244 42992 1272 1128 648 230 2254 15760 1054 5580 316 1209 486 158 1600 1478 166
leaf_count=2325 1226 2483 6209 171 15010 54 2214 1510 476 432 1531 16746 918 2244 42992 1272 1128 648 230 2254 15760 1054 5580 316 1209 486 158 1600 1478 166
internal_value=-0.00175431 -0.00542644 -0.00451777 -0.00115119 -0.00728374 -0.0165883 -0.0090264 -0.00265843 0.000409317 -0.0105621 -0.0201821 0.00112953 0.000449035 0.0039273 6.19481e-05 -0.00747438 -0.0119167 0.000420569 -0.00301882 0.00398551 0.000911661 0.00183785 -0.00581246 0.000446049 -0.00149243 -0.0130457 0.0122642 0.00144999 0.0051332 -0.00310116
internal_weight=129880 48706 46223 20848 25375 1914 19166 3724 18934 15442 1702 17972 81174 8129 73045 3318 2400 69727 8712 2484 61015 44046 6228 5885 16969 962 212 5569 3078 2491
internal_count=129880 48706 46223 20848 25375 1914 19166 3724 18934 15442 1702 17972 81174 8129 73045 3318 2400 69727 8712 2484 61015 44046 6228 5885 16969 962 212 5569 3078 2491
is_linear=0
shrinkage=0.05


Tree=79
num_leaves=31
num_cat=0
split_feature=4 10 16 18 10 1 9 19 9 10 1 17 1 8 1 17 1 18 9 22 9 8 8 8 22 8 10 10 22 17
split_gain=455.201 290.866 137.789 195.878 120.126 86.2048 80.0361 78.2284 58.3023 53.5196 47.5474 40.6384 76.3454 63.3185 58.2647 119.456 97.7805 86.3835 103.311 66.6557 57.9028 53.2772 51.6839 83.2724 75.1785 51.3189 41.5465 61.3159 59.324 38.2398
threshold=14.500000000000002 0.98770287048522643 735.00000000000011 23.500000000000004 -0.89404254237865755 30.550000000000008 -0.51297808981038739 1.8 0.98667101781630195 -0.61915584096709908 13.050000000000002 32.500000000000007 29.650000000000009 260.50000000000006 28.225000000000005 28.500000000000004 25.750000000000004 22.500000000000004 0.62587949062545845 1.0000000180025095e-35 -0.96235977360714686 320.50000000000006 241.50000000000003 245.50000000000003 1.0000000180025095e-35 142.50000000000003 -0.94703994556331683 -0.97874870457683594 1.0000000180025095e-35 28.500000000000004
decision_type=2 2 2 2 2 2 2 2 2 2 2 2 2 2 2 2 2 2 2 2 2 2 2 2 2 2 2 2 2 2
left_child=11 2 3 5 -5 8 7 -4 -2 -6 -8 14 13 22 15 17 25 18 -1 -18 -14 -19 24 -24 -13 -17 27 -22 -28 -9
right_child=1 -3 6 4 9 -7 10 29 -10 -11 -12 12 20 -15 -16 16 19 21 -20 -21 26 -23 23 -25 -26 -27 28 -29 -30 -31
leaf_value=-0.0016139470380340118 -9.4569001751615425e-07 -6.4248396128006183e-05 0.0014769415942344453 -0.00033678396971059676 -0.00034769209102082296 -0.00062704834543421894 0.0012788980918693564 -0.0013032254912853311 0.00034156117377104892 -0.00034769209102082296 -0.0013032254912853311 0.0076931629089853851 -0.0062583087400537975 0.025210804039406787 -0.0034997783462162577 0.0679686845331786 0.00016502691378557089 -0.010095689427862342 0.0098427570769875627 0.027273316029809869 0.0016347816100768021 0.0096319837679906053 -0.017830390572242873 0.0072485686419361929 0.03825432980243524 0.011882808123734212 -0.00010004731806469436 -0.0087878543144147333 0.018173869694878199 -0.0015994125583851868
leaf_weight=20963 17078 2483 280 6704 5976 378 54 334 1083 12052 1868 1989 997 820 15625 1076 6546 7217 10839 2075 2447 974 359 598 785 1729 2962 1023 2150 416
leaf_count=20963 17078 2483 280 6704 5976 378 54 334 1083 12052 1868 1989 997 820 15625 1076 6546 7217 10839 2075 2447 974 359 598 785 1729 2962 1023 2150 416
internal_value=-0.0018494 -0.00567076 -0.00477522 -0.00406219 -0.00697477 -0.000176655 -0.015227 -0.00398058 0.000315236 -0.00909973 -0.0212539 0.000443492 0.0028804 0.00821248 -7.01032e-05 0.00074243 0.00525118 -0.000545721 0.000633608 0.00261281 0.000347113 -0.00512453 0.0054476 -0.00457158 0.00890411 0.0133601 0.0016721 -0.00255043 0.00453834 -0.0124
internal_weight=129880 48706 46223 43271 24732 18539 2952 1030 18161 18028 1922 81174 14130 4551 67044 51419 11426 39993 31802 8621 9579 8191 3731 957 2774 2805 8582 3470 5112 750
internal_count=129880 48706 46223 43271 24732 18539 2952 1030 18161 18028 1922 81174 14130 4551 67044 51419 11426 39993 31802 8621 9579 8191 3731 957 2774 2805 8582 3470 5112 750
is_linear=0
shrinkage=0.05


Tree=80
num_leaves=31
num_cat=0
split_feature=4 10 16 18 10 9 19 8 17 10 10 1 17 1 10 17 1 1 17 7 1 17 8 8 9 9 8 17 19 0
split_gain=439.143 295.867 118.789 194.292 131.054 82.9619 74.2514 69.8793 60.9698 53.0551 47.8613 47.1378 44.0026 42.2882 39.8021 44.6819 101.05 78.8875 160.354 71.3812 65.5238 53.198 51.1595 39.3881 38.5195 36.9653 49.8779 35.2507 29.444 18.4298
threshold=14.500000000000002 0.98770287048522643 735.00000000000011 23.500000000000004 -0.89404254237865755 -0.43733984355855576 1.8 160.50000000000003 16.500000000000004 -0.61915584096709908 0.91159213926341531 13.050000000000002 28.500000000000004 15.450000000000001 -0.99983123799342477 30.500000000000004 29.550000000000008 26.350000000000005 28.500000000000004 8.5000000000000018 23.450000000000003 33.500000000000007 279.50000000000006 174.50000000000003 0.3261394409934788 -0.99467753128998015 276.50000000000006 24.500000000000004 4.2999999999999989 27.525000000000002
decision_type=2 2 2 2 2 2 2 2 2 2 2 2 2 2 2 2 2 2 2 2 2 2 2 2 2 2 2 2 2 2
left_child=14 2 3 8 7 6 -4 -5 13 -6 -10 -7 -8 -2 -1 17 21 18 20 -20 -16 22 -17 24 -18 26 -19 -27 -25 -13
right_child=1 -3 5 4 9 11 12 -9 10 -11 -12 29 -14 -15 15 16 23 25 19 -21 -22 -23 -24 28 -26 27 -28 -29 -30 -31
leaf_value=-0.009730677565549373 -0.0036572857963707373 -6.103597632160577e-05 0.001403094514522723 0.00010679557484755618 -0.00033030748646978167 0.0012149531872758885 -0.0012380642167210646 -0.00033210282889319098 -8.9840551664027712e-07 -0.00033030748646978167 1.8173711522875836e-05 -0.0012380642167210646 -0.00020857073622932085 -0.0036572857963707373 0.0013137345008581104 0.0095062816963030327 -0.012884624691984259 -0.012624338487147963 0.057959004692317496 0.0075479694258227649 -0.0038842389333392682 0.021131552881216334 0.037449976201226566 0.0022754536219177918 0.00028930133335782762 0.055137542287393343 0.042480577292168413 -0.0052431364596615621 -0.0035244869394900273 7.846775211161201e-05
leaf_weight=360 594 2483 280 471 5976 54 342 6233 14272 12052 3241 1687 525 432 26885 10225 1098 221 1506 2320 10735 1054 926 10832 969 270 292 10955 2526 64
leaf_count=360 594 2483 280 471 5976 54 342 6233 14272 12052 3241 1687 525 432 26885 10225 1098 221 1506 2320 10735 1054 926 10832 969 270 292 10955 2526 64
internal_value=-0.00177472 -0.00552807 -0.00462486 -0.00396282 -0.00686358 -0.0143293 -0.0038143 -0.000894988 -9.30471e-05 -0.00908309 0.000600982 -0.0210111 -0.0110438 -0.0119396 0.00047737 0.000551266 0.00218241 -0.000296142 0.000728659 0.0104809 -0.000263158 0.00558173 0.00456685 -0.000507293 -0.00693033 -0.00391464 0.00921053 -0.00451448 0.0004866 -0.02243
internal_weight=129880 48706 46223 43271 24732 2952 1147 6704 18539 18028 17513 1805 867 1026 81174 80814 27630 53184 41446 3826 37620 12205 11151 15425 2067 11738 513 11225 13358 1751
internal_count=129880 48706 46223 43271 24732 2952 1147 6704 18539 18028 17513 1805 867 1026 81174 80814 27630 53184 41446 3826 37620 12205 11151 15425 2067 11738 513 11225 13358 1751
is_linear=0
shrinkage=0.05


Tree=81
num_leaves=31
num_cat=0
split_feature=4 10 17 16 10 19 9 10 10 1 1 1 1 8 1 17 17 9 6 1 17 1 71 7 18 10 9 19 9 8
split_gain=416.064 299.818 137.516 230.501 122.794 66.3164 99.5903 57.7334 57.3813 68.9173 52.2461 51.1824 47.8713 45.109 39.7928 114.189 82.0763 74.3672 99.1372 52.8016 67.5079 112.294 56.4549 55.2989 42.3456 38.533 36.8086 35.0967 33.61 74.5084
threshold=14.500000000000002 0.98770287048522643 28.500000000000004 755.00000000000011 -0.89404254237865755 1.6000000000000008 -0.29343379936893921 -0.86974577485258975 -0.50557503990954278 26.150000000000006 34.750000000000007 14.65 26.050000000000008 208.50000000000003 17.550000000000004 19.500000000000004 20.500000000000004 -0.082689790342551819 605.00000000000011 19.350000000000005 23.500000000000004 21.450000000000003 1.2 1.5000000000000002 17.500000000000004 0.92191100909954782 0.92922379131507438 1.9999999999999976 -0.2270106897347694 344.50000000000006
decision_type=2 2 2 2 2 2 2 2 2 2 2 2 2 2 2 2 2 2 2 2 2 2 2 2 2 2 2 2 2 2
left_child=14 2 3 8 13 6 -5 -6 9 -2 -9 -7 -10 27 15 25 17 -16 -19 23 22 -22 -21 -18 -25 26 -1 -4 29 -17
right_child=1 -3 4 5 7 11 -8 10 12 -11 -12 -13 -14 -15 16 28 19 18 -20 20 21 -23 -24 24 -26 -27 -28 -29 -30 -31
leaf_value=0.017450345462752096 0.0001014557961051786 -5.7984177505525373e-05 -0.0034281299526626161 0.0013329397887965869 -0.00023977276138792555 0.0011542055279120938 -0.0011836624299662599 -0.00031379211214629249 -8.5348524080791632e-07 -0.0045553158384913171 0.0020426529543442957 -0.0011761610058850114 2.4978985391205245e-05 0.0024047149064663764 0.0039989817385467944 0.019843373417260501 -0.0071387058236651148 -0.035298186598342475 -0.00094051882828275987 -0.024112114742157399 0.030699521685334852 0.00039329047741281655 0.00043057158003022153 0.03519138115938427 0.004068650575956268 -0.0046993980669345244 -0.038442566338572438 -0.00030333962978040742 0.055428552300355462 -0.067567397286781516
leaf_weight=2090 579 2483 162 275 702 54 296 16254 13376 1066 540 1477 4855 162 1126 158 778 1575 1318 3699 2467 57660 2734 1661 1098 3322 171 6425 1176 141
leaf_count=2090 579 2483 162 275 702 54 296 16254 13376 1066 540 1477 4855 162 1126 158 778 1575 1318 3699 2467 57660 2734 1661 1098 3322 171 6425 1176 141
internal_value=-0.00176278 -0.00541617 -0.00450696 -0.00164255 -0.00710353 -0.0173882 -0.00284588 -0.00931356 2.26404e-05 -0.00892097 -0.00872633 -0.0228119 0.000829631 -0.00137428 0.000429325 0.00401672 8.77004e-05 -0.00686116 -0.0111044 0.000486112 0.000169772 0.000690622 -0.00469843 0.00643907 0.00975897 0.000747806 0.00578284 -0.00201533 0.0163898 0.0014214
internal_weight=129880 48706 46223 21978 24245 2102 571 17496 19876 1645 16794 1531 18231 6749 81174 7058 74116 4019 2893 70097 66560 60127 6433 3537 2759 5583 2261 6587 1475 299
internal_count=129880 48706 46223 21978 24245 2102 571 17496 19876 1645 16794 1531 18231 6749 81174 7058 74116 4019 2893 70097 66560 60127 6433 3537 2759 5583 2261 6587 1475 299
is_linear=0
shrinkage=0.05


Tree=82
num_leaves=31
num_cat=0
split_feature=4 10 17 16 10 9 19 10 8 1 1 0 1 0 19 1 17 1 8 1 17 9 18 8 17 10 8 9 19 71
split_gain=387.942 304.931 153.793 182.012 123.024 68.1965 75.0537 57.7334 54.4066 51.6156 46.5302 50.0593 45.9669 44.5873 43.361 42.5633 38.723 71.7833 59.7987 46.4549 68.9011 58.8468 84.5999 50.3523 47.3907 42.2709 36.9809 33.1823 48.1445 38.5967
threshold=14.500000000000002 0.98770287048522643 28.500000000000004 705.00000000000011 -0.89404254237865755 -0.51297808981038739 1.8 -0.86974577485258975 160.50000000000003 34.750000000000007 28.850000000000005 23.616666666666671 13.050000000000002 26.525000000000002 5.2000000000000055 30.350000000000005 33.500000000000007 29.650000000000009 257.50000000000006 29.550000000000008 30.500000000000004 0.63920241694561786 17.500000000000004 292.50000000000006 1.0000000180025095e-35 -0.53495380374625956 176.50000000000003 -0.814291907305839 2.8000000000000029 0.69999999999999984
decision_type=2 2 2 2 2 2 2 2 2 2 2 2 2 2 2 2 2 2 2 2 2 2 2 2 2 2 2 2 2 2
left_child=16 2 3 10 8 6 -5 -6 13 -9 11 -2 -7 -4 -10 -12 19 -18 26 20 21 24 -23 25 -1 -22 -19 28 -21 -29
right_child=1 -3 4 5 7 12 -8 9 14 -11 15 -13 -14 -15 -16 -17 17 18 -20 27 23 22 -24 -25 -26 -27 -28 29 -30 -31
leaf_value=0.083025528902073362 -1.4031541715690821e-05 -5.5084968630249309e-05 -0.0021758396988306732 0.0012662927993567575 -0.00022778412331852932 0.0010964952515164891 -0.0011173529555907607 -0.00029810250653897755 -0.00031286503954705493 0.0019405203066270805 -0.00045001715408914193 1.8261306060748939e-05 -0.0011173529555907607 0.0021765311481901591 0.0014450476465759172 6.3612763834237926e-05 0.027494596950028472 -0.01702143428989409 -0.0059226826304826343 0.01472765050581153 0.017245094482941759 0.025812540702887063 0.00060982202387041833 0.044799543455655705 -0.0018532377785106082 0.00040170230592722071 0.008242091685472408 -0.0089577040256211497 -0.0025872764141180505 -0.0020184988301040064
leaf_weight=170 12519 2483 54 288 702 54 344 16254 4312 540 772 6130 1547 324 2059 324 1386 217 642 1339 6122 3780 12800 282 35060 4837 4145 2799 2219 5376
leaf_count=170 12519 2483 54 288 702 54 344 16254 4312 540 772 6130 1547 324 2059 324 1386 217 642 1339 6122 3780 12800 282 35060 4837 4145 2799 2219 5376
internal_value=-0.00174469 -0.00527245 -0.00435552 -0.00132633 -0.00710146 -0.0148567 -0.000949367 -0.00931356 -0.00136687 -0.00872633 0.000203849 0.000792268 -0.0203467 0.0170635 -0.00246037 -0.00980839 0.00037204 0.00410798 0.00131894 5.28188e-05 0.000590395 -0.000179502 0.00227684 0.00413887 -0.00133551 0.00360206 0.00341586 -0.00283602 0.00119449 -0.00459021
internal_weight=129880 48706 46223 21978 24245 2233 632 17496 6749 16794 19745 18649 1601 378 6371 1096 81174 6390 5004 74784 63051 51810 16580 11241 35230 10959 4362 11733 3558 8175
internal_count=129880 48706 46223 21978 24245 2233 632 17496 6749 16794 19745 18649 1601 378 6371 1096 81174 6390 5004 74784 63051 51810 16580 11241 35230 10959 4362 11733 3558 8175
is_linear=0
shrinkage=0.05


Tree=83
num_leaves=31
num_cat=0
split_feature=4 10 17 16 10 9 19 10 8 1 1 0 1 1 1 17 17 9 6 1 7 17 1 71 9 8 17 1 8 9
split_gain=402.095 301.274 165.212 182.073 102.224 68.1965 75.0537 49.5962 65.0345 48.0435 46.5537 49.9868 45.9669 42.5633 38.2634 117.188 80.5781 73.5937 96.9848 49.8476 70.4391 68.0474 125.594 58.115 51.4035 34.5743 38.9135 65.823 41.5071 33.0139
threshold=14.500000000000002 0.98770287048522643 28.500000000000004 705.00000000000011 -0.90892157495189674 -0.51297808981038739 1.8 -0.61915584096709908 298.50000000000006 33.650000000000013 28.850000000000005 23.616666666666671 13.050000000000002 30.350000000000005 17.550000000000004 19.500000000000004 20.500000000000004 -0.082689790342551819 605.00000000000011 19.250000000000004 1.5000000000000002 24.500000000000004 22.050000000000008 1.3000000000000063 -0.082689790342551819 360.50000000000006 17.500000000000004 16.150000000000002 357.50000000000006 -0.2270106897347694
decision_type=2 2 2 2 2 2 2 2 2 2 2 2 2 2 2 2 2 2 2 2 2 2 2 2 2 2 2 2 2 2
left_child=14 2 3 10 -4 6 -5 9 -9 -6 11 -2 -7 -12 15 25 17 -16 -19 20 -18 23 -23 -21 -22 26 28 -28 -1 -17
right_child=1 -3 4 5 7 12 -8 8 -10 -11 13 -13 -14 -15 16 29 19 18 -20 21 24 22 -24 -25 -26 -27 27 -29 -30 -31
leaf_value=-0.0096060558164008832 -1.3329964629905934e-05 -5.2330720198737191e-05 -0.00028468745398215828 0.0012029781593889191 -0.00028319738121202891 0.0010416704889406644 -0.0010614853078112225 -0.00028319738121202891 -0.00028319738121202891 -0.00020595334891584661 -0.00042751629638468488 1.7348240757711355e-05 -0.0010614853078112225 6.0432125642526094e-05 0.0038916945405449844 0.008958405161105621 -0.0083107251688510301 -0.033440615379499807 -0.0009374142223222263 -0.011017686214742329 0.0017043986736000384 0.048258122591846142 0.00057400186600355325 0.00071426887392479093 0.049288043922342345 -0.018307341676027145 0.025599209236663836 -0.0033435105089172357 0.068491508252033678 0.052664404553121519
leaf_weight=2313 12519 2483 6317 288 5144 54 344 10476 1296 1012 772 6130 1547 324 1126 299 707 1575 1318 6378 814 1756 55274 3663 1505 244 1327 1534 165 1176
leaf_count=2313 12519 2483 6317 288 5144 54 344 10476 1296 1012 772 6130 1547 324 1126 299 707 1575 1318 6378 814 1756 55274 3663 1505 244 1327 1534 165 1176
internal_value=-0.00178357 -0.00537511 -0.00446369 -0.00132405 -0.00730975 -0.0148567 -0.000949367 -0.00923695 -0.0073352 -0.0128736 0.000206381 0.000794949 -0.0203467 -0.00980839 0.000371424 0.0038892 3.64294e-05 -0.00684872 -0.0110698 0.000431188 0.00670853 0.000147978 0.000816237 -0.00364755 0.0109207 0.000577646 0.00141881 0.00539147 -0.00316788 0.0164237
internal_weight=129880 48706 46223 21978 24245 2233 632 17928 11772 6156 19745 18649 1601 1096 81174 7058 74116 4019 2893 70097 3026 67071 57030 10041 2319 5583 5339 2861 2478 1475
internal_count=129880 48706 46223 21978 24245 2233 632 17928 11772 6156 19745 18649 1601 1096 81174 7058 74116 4019 2893 70097 3026 67071 57030 10041 2319 5583 5339 2861 2478 1475
is_linear=0
shrinkage=0.05


Tree=84
num_leaves=31
num_cat=0
split_feature=4 10 17 16 10 9 19 1 10 8 1 17 1 1 1 17 17 9 6 18 1 18 17 10 9 9 19 18 17 9
split_gain=367.806 299.94 194.541 196.044 102.224 68.1965 75.0537 51.9767 49.5962 65.0345 48.0435 46.6775 45.9669 42.5633 39.897 110.215 82.2979 65.9519 93.0758 48.7034 64.4629 71.6668 55.9083 33.547 33.4866 32.1361 43.6312 37.2007 28.9755 28.7344
threshold=14.500000000000002 0.98770287048522643 28.500000000000004 705.00000000000011 -0.90892157495189674 -0.51297808981038739 1.8 28.850000000000005 -0.61915584096709908 298.50000000000006 33.650000000000013 16.500000000000004 13.050000000000002 30.350000000000005 17.620000000000005 19.500000000000004 20.500000000000004 -0.082689790342551819 605.00000000000011 15.500000000000002 19.250000000000004 17.500000000000004 27.500000000000004 0.92191100909954782 0.92922379131507438 0.022575936829235418 5.2000000000000055 27.500000000000004 15.500000000000002 -0.2270106897347694
decision_type=2 2 2 2 2 2 2 2 2 2 2 2 2 2 2 2 2 2 2 2 2 2 2 2 2 2 2 2 2 2
left_child=14 2 3 7 25 6 -5 11 10 -10 -6 -2 -7 -9 15 23 17 -16 -19 -18 21 -21 -22 24 28 26 -4 -27 -1 -17
right_child=1 -3 4 5 8 12 -8 13 9 -11 -12 -13 -14 -15 16 29 19 18 -20 20 22 -23 -24 -25 -26 27 -28 -29 -30 -31
leaf_value=-0.0067636173092374191 -0.0034730107569728788 -4.9714184188800332e-05 -0.00028298741487059394 0.0011428292514194735 -0.0002690375121514273 0.00098958696449363143 -0.0010084110424206615 -0.00040614048156545069 -0.0002690375121514273 -0.0002690375121514273 -0.00019565568147005414 1.5189205188224919e-05 -0.0010084110424206615 5.7410519360399929e-05 0.0038021182218016315 0.0085104849030503537 -0.0179759067055274 -0.032418078793407412 -0.0010441162094345189 0.03718655612265831 -0.0018396229861028443 -0.0035783323417051928 0.001447762158124355 -0.0044233581980971512 -0.037643889531342324 -0.00048188097750118954 0.00035403762645984106 0.0015016826945037478 0.018087084974276579 0.041706911812035147
leaf_weight=450 864 2483 2414 288 5144 54 344 772 10476 1296 1012 17785 1547 324 1078 306 652 1530 1299 1574 21735 1203 44820 3369 174 1349 1366 1188 1647 1337
leaf_count=450 864 2483 2414 288 5144 54 344 772 10476 1296 1012 17785 1547 324 1078 306 652 1530 1299 1574 21735 1203 44820 3369 174 1349 1366 1188 1647 1337
internal_value=-0.0016958 -0.00513078 -0.00422138 -0.000814451 -0.00730975 -0.0148567 -0.000949367 0.000773614 -0.00923695 -0.0073352 -0.0128736 0.00139552 -0.0203467 -0.00980839 0.000365265 0.00389606 1.72551e-05 -0.00704505 -0.0110551 0.000411523 0.000539433 0.00800324 0.000228007 0.000576241 0.00527301 -0.00184027 -0.0047619 0.00251281 0.00702194 0.0152921
internal_weight=129880 48706 46223 21978 24245 2233 632 19745 17928 11772 6156 18649 1601 1096 81174 7283 73891 3907 2829 69984 69332 2777 66555 5640 2271 6317 3780 2537 2097 1643
internal_count=129880 48706 46223 21978 24245 2233 632 19745 17928 11772 6156 18649 1601 1096 81174 7283 73891 3907 2829 69984 69332 2777 66555 5640 2271 6317 3780 2537 2097 1643
is_linear=0
shrinkage=0.05


Tree=85
num_leaves=31
num_cat=0
split_feature=4 10 17 16 10 9 19 10 10 1 1 1 1 71 10 17 1 1 17 7 1 17 8 18 8 9 1 1 6 9
split_gain=403.446 289.484 160.077 178.843 97.6961 68.1965 75.0537 57.7804 56.0484 67.3383 51.5752 45.9669 45.3053 41.6436 37.1307 37.8385 84.0323 66.9576 152.563 70.9358 59.409 46.9364 50.8086 37.2757 36.2276 36.7784 33.3201 31.3595 30.8827 21.9033
threshold=14.500000000000002 0.98770287048522643 28.500000000000004 705.00000000000011 -0.89404254237865755 -0.51297808981038739 1.8 -0.86974577485258975 -0.50557503990954278 26.150000000000006 34.750000000000007 13.050000000000002 26.050000000000008 1.0200000000000016 -0.99983123799342477 30.500000000000004 29.550000000000008 26.350000000000005 28.500000000000004 8.5000000000000018 18.250000000000004 33.500000000000007 292.50000000000006 23.500000000000004 174.50000000000003 0.3261394409934788 35.050000000000004 34.350000000000001 675.00000000000011 -0.99467753128998015
decision_type=2 2 2 2 2 2 2 2 2 2 2 2 2 2 2 2 2 2 2 2 2 2 2 2 2 2 2 2 2 2
left_child=14 2 3 8 13 6 -5 -6 9 -2 -9 -7 -10 -4 -1 17 21 18 20 -20 -16 22 -17 29 25 -18 -15 -26 -25 -19
right_child=1 -3 4 5 7 11 -8 10 12 -11 -12 -13 -14 26 15 16 24 23 19 -21 -22 -23 -24 28 27 -27 -28 -29 -30 -31
leaf_value=-0.0093786118920102177 9.3843068699585316e-05 -4.722847497936056e-05 -0.00071373411669614715 0.0010856877888484994 -0.00018878317248442953 0.00094010761626894953 -0.00095799049029962841 -0.00025558563654385567 -2.0219592089809614e-07 -0.0043300899841670851 0.0018711060359638987 -0.00095799049029962841 2.1190098521310653e-05 1.6590349386350762e-05 0.0067525643121864268 0.0093277834789308855 -0.011913260981181041 0.057356687266662147 0.054909810631431057 0.0071424801183801239 -0.0016136883726131715 0.01857949266457708 0.042458478081666508 -0.017485064888431514 0.00082971681652450619 0.0002784161918894024 -0.001287204586381334 -0.0083244491974141157 -0.00056958872272639966 0.0005370362453142874
leaf_weight=360 574 2483 1055 288 702 54 344 16254 13292 1054 540 1547 4825 5366 8905 10869 1098 112 1506 2320 28715 1054 282 6257 13068 969 328 290 3257 2112
leaf_count=360 574 2483 1055 288 702 54 344 16254 13292 1054 540 1547 4825 5366 8905 10869 1098 112 1506 2320 28715 1054 282 6257 13068 969 328 290 3257 2112
internal_value=-0.00183092 -0.00542849 -0.00453508 -0.00144463 -0.00733656 -0.0148567 -0.000949367 -0.00930784 7.21702e-05 -0.0088145 -0.00872038 -0.0203467 0.000870729 -0.00222626 0.000327691 0.000399065 0.00190011 -0.000380754 0.000563384 0.0100758 -0.00040404 0.005 0.00404672 -0.00371443 -0.000552674 -0.00671263 -0.000535652 0.000400509 -0.00507673 0.00211331
internal_weight=129880 48706 46223 21978 24245 2233 632 17496 19745 1628 16794 1601 18117 6749 81174 80814 27630 53184 41446 3826 37620 12205 11151 11738 15425 2067 5694 13358 9514 2224
internal_count=129880 48706 46223 21978 24245 2233 632 17496 19745 1628 16794 1601 18117 6749 81174 80814 27630 53184 41446 3826 37620 12205 11151 11738 15425 2067 5694 13358 9514 2224
is_linear=0
shrinkage=0.05


Tree=86
num_leaves=31
num_cat=0
split_feature=4 10 17 16 10 9 19 10 8 1 9 9 17 19 19 19 10 18 17 17 1 17 19 1 17 6 18 8 9 8
split_gain=385.659 294.401 180.701 185.01 110.141 67.1029 75.0537 56.5649 45.7655 45.6509 39.7484 45.7733 42.1665 36.8821 113.672 58.6821 34.8011 83.5029 97.1434 93.0429 190.551 82.2267 68.7027 50.2292 65.1965 56.4654 56.2999 66.4625 43.9632 58.7076
threshold=14.500000000000002 0.98770287048522643 28.500000000000004 705.00000000000011 -0.89404254237865755 -0.51297808981038739 1.8 -0.86974577485258975 298.50000000000006 13.050000000000002 0.98667101781630195 0.92922379131507438 22.500000000000004 5.2000000000000055 5.9000000000000004 4.2999999999999989 0.73721509932751383 17.500000000000004 20.500000000000004 24.500000000000004 23.450000000000003 27.500000000000004 3.5999999999999992 17.550000000000004 19.500000000000004 795.00000000000011 15.500000000000002 342.50000000000006 -0.2270106897347694 344.50000000000006
decision_type=2 2 2 2 2 2 2 2 2 2 2 2 2 2 2 2 2 2 2 2 2 2 2 2 2 2 2 2 2 2
left_child=16 2 3 10 13 6 -5 -6 -9 -7 11 -2 -12 15 -15 -4 17 18 -1 -19 -21 -22 -20 24 -18 26 -25 -28 29 -26
right_child=1 -3 4 5 7 9 -8 8 -10 -11 12 -13 -14 14 -16 -17 23 19 22 20 21 -23 -24 25 28 -27 27 -29 -30 -31
leaf_value=0.0010966612139597599 1.337024000274828e-05 -4.4867051230392672e-05 2.4168717958103494e-05 0.0010314033994060744 -0.00017934401386020816 0.0008931022354555021 -0.00091009096578464693 -0.00024280635471666257 -0.00024280635471666257 -0.00091009096578464693 -0.0047120802201087572 -0.0002446594379406836 0.00032518943447428368 0.0037294296102585085 -0.00063784045788144313 -0.00026966756159638172 6.3326463255779233e-05 -0.016694163647299587 0.048161152005499065 0.05774462358672508 -0.0053318297786992524 0.0012042336868844851 -0.00092397716537324654 -0.023734400212981063 0.017732793916505864 0.0013512195129732842 -0.0068713994732943822 0.0093674439358084928 0.030400479011646109 -0.065307438252334024
leaf_weight=2070 16773 2483 2457 288 702 54 344 15498 1296 1547 169 1796 1007 1074 1039 2179 4875 3600 1434 2646 7282 44432 456 1258 104 1807 8473 1884 712 141
leaf_count=2070 16773 2483 2457 288 702 54 344 15498 1296 1547 169 1796 1007 1074 1039 2179 4875 3600 1434 2646 7282 44432 456 1258 104 1807 8473 1884 712 141
internal_value=-0.00177048 -0.00528785 -0.00438689 -0.00110338 -0.00736337 -0.0147447 -0.000949367 -0.00945645 -0.00887519 -0.0201905 0.000439352 -0.000125209 0.00935374 -0.00193732 0.00353762 -0.0044327 0.00034001 0.000917313 0.00794192 0.000437371 0.000952907 0.000283289 0.0161376 -0.00151657 0.00235768 -0.00319997 -0.00447912 -0.00326591 0.0142894 -0.00397959
internal_weight=129880 48706 46223 21978 24245 2233 632 17496 16794 1601 19745 18569 1176 6749 2113 4636 81174 61920 3960 57960 54360 51714 1890 19254 5832 13422 11615 10357 957 245
internal_count=129880 48706 46223 21978 24245 2233 632 17496 16794 1601 19745 18569 1176 6749 2113 4636 81174 61920 3960 57960 54360 51714 1890 19254 5832 13422 11615 10357 957 245
is_linear=0
shrinkage=0.05


Tree=87
num_leaves=31
num_cat=0
split_feature=4 10 17 16 10 9 19 10 1 1 10 10 17 19 1 9 10 10 18 17 17 1 19 1 17 17 6 70 8 6
split_gain=353.736 302.2 198.857 195.84 103.714 67.1029 75.0537 57.7804 51.5752 45.6509 42.743 70.5373 45.8314 34.113 62.3937 45.5238 33.9599 34.7173 77.8642 92.2882 83.3278 176.972 65.3516 46.7781 70.7638 51.3811 48.2212 44.5607 44.1004 43.7549
threshold=14.500000000000002 0.98770287048522643 28.500000000000004 705.00000000000011 -0.89404254237865755 -0.51297808981038739 1.8 -0.86974577485258975 34.750000000000007 13.050000000000002 -0.98801846520836312 -0.97874870457683594 33.500000000000007 1.599999999999999 24.925000000000004 0.84313847884979054 -0.99983123799342477 0.73721509932751383 17.500000000000004 20.500000000000004 24.500000000000004 23.450000000000003 3.5000000000000009 16.350000000000005 16.500000000000004 26.500000000000004 805.00000000000011 0.59999999999999887 345.50000000000006 755.00000000000011
decision_type=2 2 2 2 2 2 2 2 2 2 2 2 2 2 2 2 2 2 2 2 2 2 2 2 2 2 2 2 2 2
left_child=16 2 3 13 10 6 -5 -6 -9 -7 12 -12 -4 14 -2 -15 -1 18 19 -18 29 -22 -21 24 27 26 -25 -19 -26 -20
right_child=1 -3 4 5 7 9 -8 8 -10 -11 11 -13 -14 15 -16 -17 17 23 20 22 21 -23 -24 25 28 -27 -28 -29 -30 -31
leaf_value=-0.0089698929817539318 -0.0046597634637490634 -4.2623698668872724e-05 -0.0003524332742712841 0.00097983322943577056 -0.00017037681316719804 0.00084844712368272737 -0.00086458641749541463 -0.00023066603698082972 0.0017896910519015375 -0.00086458641749541463 0.0021111520446697148 -0.0002440261258484386 0.0018130894883822907 4.4973377252149893e-07 0.00024653520615498667 1.8211518914525162e-05 0.0010418281532617814 0.0062915541328570556 -0.023565514241731124 0.045753094405224105 0.054857392407388829 0.00040286136491675883 -0.00087777830710458196 -0.006158078087703911 0.029291585379609943 0.018683418467218282 0.0012194471532297906 -0.031269495599829659 0.010225387584653601 0.002798794604280366
leaf_weight=360 642 2483 1673 288 702 54 344 16254 540 1547 810 3834 432 14193 467 4443 2070 911 3040 1430 2646 51354 460 12957 1041 540 1682 860 1263 560
leaf_count=360 642 2483 1673 288 702 54 344 16254 540 1547 810 3834 432 14193 467 4443 2070 911 3040 1430 2646 51354 460 12957 1041 540 1682 860 1263 560
internal_value=-0.00169849 -0.00506714 -0.00415432 -0.000709801 -0.00727676 -0.0147447 -0.000949367 -0.00930784 -0.00872038 -0.0201905 -0.00201141 0.000667528 -0.00792162 0.000877437 -0.00764202 0.00138442 0.000322763 0.000391021 0.000970598 0.00775253 0.00050434 0.00099537 0.0157407 -0.00146203 0.00329448 -0.00273898 -0.0032977 -0.00422078 0.00907118 -0.00686111
internal_weight=129880 48706 46223 21978 24245 2233 632 17496 16794 1601 6749 4644 2105 19745 1109 18636 81174 80814 61560 3960 57600 54000 1890 19254 4075 15179 14639 1771 2304 3600
internal_count=129880 48706 46223 21978 24245 2233 632 17496 16794 1601 6749 4644 2105 19745 1109 18636 81174 80814 61560 3960 57600 54000 1890 19254 4075 15179 14639 1771 2304 3600
is_linear=0
shrinkage=0.05


Tree=88
num_leaves=31
num_cat=0
split_feature=4 10 17 16 10 9 19 10 10 10 17 8 1 19 1 9 8 10 1 17 17 9 10 17 58 10 19 70 19 9
split_gain=357.979 301.251 200.268 195.396 115.19 67.1029 75.0537 56.5649 46.3523 65.5894 45.8314 45.7655 45.6509 35.4277 60.1886 44.9953 33.5379 43.6338 37.5275 92.1196 54.2432 64.5075 57.2364 36.9535 29.2589 28.2301 21.3556 18.2016 9.79524 9.21948
threshold=14.500000000000002 0.98770287048522643 28.500000000000004 705.00000000000011 -0.89404254237865755 -0.51297808981038739 1.8 -0.86974577485258975 -0.98801846520836312 -0.97874870457683594 33.500000000000007 298.50000000000006 13.050000000000002 1.599999999999999 24.925000000000004 0.84313847884979054 364.50000000000006 0.99855310097228334 17.830000000000002 20.500000000000004 20.500000000000004 -0.082689790342551819 0.99445195900249039 17.500000000000004 0.0099999999999999846 0.93769647993491489 2.4999999999999996 0.59999999999999887 3.0999999999999992 -0.03977009085991149
decision_type=2 2 2 2 2 2 2 2 2 2 2 2 2 2 2 2 2 2 2 2 2 2 2 2 2 2 2 2 2 2
left_child=16 2 3 13 8 6 -5 -6 10 -10 -4 -9 -7 14 -2 -15 17 18 19 23 21 -20 -22 -1 27 -21 -18 -19 -29 -3
right_child=1 29 4 5 7 12 -8 11 9 -11 -12 -13 -14 15 -16 -17 26 24 20 25 22 -23 -24 -25 -26 -27 -28 28 -30 -31
leaf_value=-0.0053296737483810924 -0.0044267752905616095 -4.0492513735428809e-05 -0.0003348116105577198 0.0009308415679639818 -0.00016185797250883803 0.00080602476749859074 -0.00082135709662064398 -0.00021913273513178845 0.002005594442436229 -0.00023182481955601674 0.0017224350139631757 -0.00021913273513178845 -0.00082135709662064398 4.2724708389507705e-07 0.00023420844584723724 1.7300942968798833e-05 0.041989356327080757 -0.0066933655488695572 0.0043040210278231907 0.041312266518839236 0.00025635362632550808 -0.016020880176818752 0.042949120663547072 0.0094908084340322944 0.02044273979550805 0.018513442300812821 -0.00072551919862471779 -0.024970125203418493 0.0015371145519933384 -4.0492513735428809e-05
leaf_weight=2484 642 972 1673 288 702 54 344 15498 810 3834 432 1296 1547 14193 467 4443 240 533 1057 625 68817 2229 412 3770 139 340 120 378 30 1511
leaf_count=2484 642 972 1673 288 702 54 344 15498 810 3834 432 1296 1547 14193 467 4443 240 533 1057 625 68817 2229 412 3770 139 340 120 378 30 1511
internal_value=-0.00170504 -0.00509383 -0.00418244 -0.000725726 -0.00731594 -0.0147447 -0.000949367 -0.00945645 -0.00176693 0.00102283 -0.00792162 -0.00887519 -0.0201905 0.000859711 -0.00782236 0.00137637 0.000328307 0.000260475 0.000395691 0.00383363 5.34372e-05 -0.00622337 0.00035137 0.00161497 -0.00972222 0.0182124 0.0155556 -0.0128852 -0.0208333 -0.02206
internal_weight=129880 48706 46223 21978 24245 2233 632 17496 6749 4644 2105 16794 1601 19745 1109 18636 81174 80814 79734 7219 72515 3286 69229 6254 1080 965 360 941 408 2483
internal_count=129880 48706 46223 21978 24245 2233 632 17496 6749 4644 2105 16794 1601 19745 1109 18636 81174 80814 79734 7219 72515 3286 69229 6254 1080 965 360 941 408 2483
is_linear=0
shrinkage=0.05


Tree=89
num_leaves=31
num_cat=0
split_feature=4 10 17 16 10 9 19 10 10 10 17 8 1 19 1 9 10 10 18 17 17 1 1 1 17 17 18 8 70 1
split_gain=355.219 301.799 198.392 195.396 118.543 67.1029 75.0537 56.5649 48.0413 63.9609 45.8314 45.7655 45.6509 35.4277 60.1886 44.9953 33.3471 34.3061 76.5137 85.3256 68.6599 103.024 67.8608 45.8544 64.8815 45.7351 47.2965 42.9262 40.7461 38.7813
threshold=14.500000000000002 0.98770287048522643 28.500000000000004 705.00000000000011 -0.89404254237865755 -0.51297808981038739 1.8 -0.86974577485258975 -0.98801846520836312 -0.97874870457683594 33.500000000000007 298.50000000000006 13.050000000000002 1.599999999999999 24.925000000000004 0.84313847884979054 -0.99983123799342477 0.73721509932751383 17.500000000000004 20.500000000000004 23.500000000000004 23.450000000000003 19.250000000000004 16.350000000000005 16.500000000000004 26.500000000000004 20.500000000000004 345.50000000000006 0.59999999999999887 24.650000000000006
decision_type=2 2 2 2 2 2 2 2 2 2 2 2 2 2 2 2 2 2 2 2 2 2 2 2 2 2 2 2 2 2
left_child=16 2 3 13 8 6 -5 -6 10 -10 -4 -9 -7 14 -2 -15 -1 18 19 -18 -20 -22 -21 24 28 26 -25 -26 -19 -27
right_child=1 -3 4 5 7 12 -8 11 9 -11 -12 -13 -14 15 -16 -17 17 23 20 22 21 -23 -24 25 27 29 -28 -29 -30 -31
leaf_value=-0.0085342160139825103 -0.0042054365260335291 -3.8467888048657196e-05 -0.00031807103002983383 0.00088429948956578262 -0.00015376507388339608 0.00076572352912366096 -0.00078028924178961175 -0.00020817609837519918 0.0019053147203144175 -0.00022023357857821614 0.0016363132632650165 -0.00020817609837519918 -0.00078028924178961175 4.0588472970046198e-07 0.00022249802355487556 1.6435895820358927e-05 0.0011755291579740646 0.0062434601136332592 -0.022253265861146176 0.045341178606870106 0.036272150841777477 0.00027034080294598974 0.0098600750299651652 -0.0019053149242170197 0.027352465688927841 0.070049159121517976 -0.014117705448277219 0.0094802385518303334 -0.029439537132419119 -0.001858022130490146
leaf_weight=360 642 2483 1673 288 702 54 344 15498 810 3834 432 1296 1547 14193 467 4443 2070 911 2340 986 3646 51614 904 12839 1041 284 1800 1263 860 256
leaf_count=360 642 2483 1673 288 702 54 344 15498 810 3834 432 1296 1547 14193 467 4443 2070 911 2340 986 3646 51614 904 12839 1041 284 1800 1263 860 256
internal_value=-0.00170273 -0.00507843 -0.00416622 -0.000725726 -0.00728501 -0.0147447 -0.000949367 -0.00945645 -0.0016558 0.00118432 -0.00792162 -0.00887519 -0.0201905 0.000859711 -0.00782236 0.00137637 0.000322763 0.000390403 0.000966537 0.00768939 0.00050434 0.000859573 0.0153704 -0.00145165 0.00325767 -0.00271592 -0.00324305 0.00878906 -0.00393845 0.0115741
internal_weight=129880 48706 46223 21978 24245 2233 632 17496 6749 4644 2105 16794 1601 19745 1109 18636 81174 80814 61560 3960 57600 55260 1890 19254 4075 15179 14639 2304 1771 540
internal_count=129880 48706 46223 21978 24245 2233 632 17496 6749 4644 2105 16794 1601 19745 1109 18636 81174 80814 61560 3960 57600 55260 1890 19254 4075 15179 14639 2304 1771 540
is_linear=0
shrinkage=0.05


Tree=90
num_leaves=31
num_cat=0
split_feature=4 10 17 16 10 9 19 10 10 10 17 8 1 19 1 9 17 1 8 1 19 10 10 17 18 8 18 17 8 9
split_gain=349.463 301.872 198.143 195.396 118.37 67.1029 75.0537 56.6114 48.0413 63.9609 45.8314 45.8259 45.6509 35.4277 60.1886 44.9953 32.7523 64.6874 57.0796 39.1214 43.1595 54.6801 49.3248 42.604 95.9307 72.7709 58.9084 171.784 47.9373 36.7707
threshold=14.500000000000002 0.98770287048522643 28.500000000000004 705.00000000000011 -0.89404254237865755 -0.51297808981038739 1.8 -0.86974577485258975 -0.98801846520836312 -0.97874870457683594 33.500000000000007 298.50000000000006 13.050000000000002 1.599999999999999 24.925000000000004 0.84313847884979054 33.500000000000007 29.650000000000009 257.50000000000006 29.850000000000005 1.0000000000000011 -0.98521978256641018 -0.99628250747696534 29.500000000000004 24.500000000000004 126.50000000000001 23.500000000000004 27.500000000000004 154.50000000000003 -0.31799228562170639
decision_type=2 2 2 2 2 2 2 2 2 2 2 2 2 2 2 2 2 2 2 2 2 2 2 2 2 2 2 2 2 2
left_child=16 2 3 13 8 6 -5 -6 10 -10 -4 -9 -7 14 -2 -15 19 -18 29 23 21 22 -21 26 -25 -26 27 -1 -28 -19
right_child=1 -3 4 5 7 12 -8 11 9 -11 -12 -13 -14 15 -16 -17 17 18 -20 20 -22 -23 -24 24 25 -27 28 -29 -30 -31
leaf_value=-0.00046198971173625484 -0.003995164699731853 -3.6544493646224058e-05 -0.00030216747852834238 0.00084008451508749355 -0.00014607682018922611 0.00072743735266747817 -0.00074127477970013116 -0.00019776729345643911 0.0018100489842986971 -0.00020922189964930546 0.0015544976001017653 -0.00019776729345643911 -0.00074127477970013116 3.8559049321540417e-07 0.00021137312237713148 1.5614101029341048e-05 0.024983114794038121 0.01486816827248065 -0.0058758120150447461 -0.0063283006523595867 -0.00151130070108315 -0.017268713463100549 0.034349747408399932 0.038049776394014939 -0.011153462303742381 0.0057086705254022936 0.001840149137267294 0.037429569754386639 -0.009510175848549466 -0.0019410467178728576
leaf_weight=34983 642 2483 1673 288 702 54 344 15498 810 3834 432 1296 1547 14193 467 4443 1386 2480 642 199 7937 895 182 1148 1423 15612 3371 2526 6508 1882
leaf_count=34983 642 2483 1673 288 702 54 344 15498 810 3834 432 1296 1547 14193 467 4443 1386 2480 642 199 7937 895 182 1148 1423 15612 3371 2526 6508 1882
internal_value=-0.00172813 -0.00507638 -0.00416405 -0.000725726 -0.00728088 -0.0147447 -0.000949367 -0.00945073 -0.0016558 0.00118432 -0.00792162 -0.00886924 -0.0201905 0.000859711 -0.00782236 0.00137637 0.000280878 0.00371674 0.00106914 -1.27033e-05 -0.00306361 -0.0115987 0.00426509 0.000415961 0.00247346 0.00153067 -0.000373512 0.000531206 -0.00380858 0.00311784
internal_weight=129880 48706 46223 21978 24245 2233 632 17496 6749 4644 2105 16794 1601 19745 1109 18636 81174 6390 5004 74784 9213 1276 381 65571 18183 17035 47388 37509 9879 4362
internal_count=129880 48706 46223 21978 24245 2233 632 17496 6749 4644 2105 16794 1601 19745 1109 18636 81174 6390 5004 74784 9213 1276 381 65571 18183 17035 47388 37509 9879 4362
is_linear=0
shrinkage=0.05


Tree=91
num_leaves=31
num_cat=0
split_feature=4 10 17 16 10 9 19 19 8 1 10 10 17 1 19 1 9 1 17 8 1 17 8 1 19 9 17 8 7 22
split_gain=331.199 305.238 184.049 194.699 110.501 67.1029 75.0537 63.8134 61.9684 55.3819 48.3827 62.4097 45.8314 45.6509 39.3508 54.3293 44.9953 32.2695 42.3078 94.366 34.0516 83.283 49.1026 47.2651 32.0168 33.3514 21.3507 17.6409 22.3141 21.5954
threshold=14.500000000000002 0.98770287048522643 28.500000000000004 705.00000000000011 -0.89404254237865755 -0.51297808981038739 1.8 6.0999999999999996 298.50000000000006 30.225000000000005 -0.98801846520836312 -0.97874870457683594 33.500000000000007 13.050000000000002 1.599999999999999 24.925000000000004 0.84313847884979054 34.350000000000001 34.500000000000007 202.50000000000003 29.550000000000008 30.500000000000004 292.50000000000006 26.350000000000005 0.8000000000000026 0.12545942051955489 30.500000000000004 257.50000000000006 9.5000000000000018 1.0000000180025095e-35
decision_type=2 2 2 2 2 2 2 2 2 2 2 2 2 2 2 2 2 2 2 2 2 2 2 2 2 2 2 2 2 2
left_child=17 2 3 14 10 6 -5 8 -6 -9 12 -12 -4 -7 15 -2 -16 18 20 -20 21 23 -23 -1 25 -22 -26 29 -29 -21
right_child=1 -3 4 5 7 13 -8 9 -10 -11 11 -13 -14 -15 16 -17 -18 -19 19 27 24 22 -24 -25 26 -27 -28 28 -30 -31
leaf_value=0.00081775248440020684 -0.0037954064647452604 -3.4717268963913031e-05 -0.00028705910460192499 0.00079808028933311894 -0.00018787892878361704 0.00069106548503410428 -0.00070421104071512457 0.00429081336436005 -0.00018787892878361704 -0.00022106770593892586 0.0017195465350837618 -0.00019876080466684002 0.0014767727200966773 -0.00070421104071512457 3.6631096855463396e-07 0.00020080446625827462 1.4833395977874309e-05 -0.0085581218709188962 -0.0087505225067079587 0.040632634965787617 -0.0054299722949412215 0.0093829199965002504 0.039943431177259438 -0.0036114861472694398 -0.0047204673909465979 -0.012097630010656958 -4.0988040385989828e-05 -0.0055600891187433501 0.060093251231695267 0.026971488057811757
leaf_weight=41446 642 2483 1673 288 14176 54 344 390 1128 1802 810 3834 432 1547 14193 467 4443 314 169 180 2810 11962 282 10364 1317 507 11020 78 78 647
leaf_count=41446 642 2483 1673 288 14176 54 344 390 1128 1802 810 3834 432 1547 14193 467 4443 314 169 180 2810 11962 282 10364 1317 507 11020 78 78 647
internal_value=-0.00172236 -0.00498193 -0.00406453 -0.000750751 -0.00706847 -0.0147447 -0.000949367 -0.00916495 -0.0103078 -0.00118613 -0.00163358 0.00121662 -0.00792162 -0.0201905 0.000831856 -0.0083183 0.00137637 0.000233449 0.000295573 0.00980903 0.000158077 0.000668967 0.00437765 -0.000207489 -0.00193241 -0.00629334 -0.000759909 0.0157426 0.000320513 0.0186518
internal_weight=129880 48706 46223 21978 24245 2233 632 17496 15304 2192 6749 4644 2105 1601 19745 1109 18636 81174 80860 1152 79708 64054 12244 51810 15654 3317 12337 983 156 827
internal_count=129880 48706 46223 21978 24245 2233 632 17496 15304 2192 6749 4644 2105 1601 19745 1109 18636 81174 80860 1152 79708 64054 12244 51810 15654 3317 12337 983 156 827
is_linear=0
shrinkage=0.05


Tree=92
num_leaves=31
num_cat=0
split_feature=4 10 17 16 10 9 19 19 1 10 10 17 1 10 19 1 9 8 17 10 10 10 1 10 8 8 7 1 71 3
split_gain=324.505 299.725 184.036 194.635 109.083 67.1029 75.0537 51.0819 56.3131 47.8143 58.1306 45.8314 45.6509 41.679 39.329 54.3293 44.8199 31.6185 53.5669 32.2579 32.4648 114.392 71.0243 58.3818 32.6973 24.7339 24.6038 23.5841 20.3399 17.4945
threshold=14.500000000000002 0.98770287048522643 28.500000000000004 705.00000000000011 -0.89404254237865755 -0.51297808981038739 1.8 6.4000000000000004 30.225000000000005 -0.98801846520836312 -0.97874870457683594 33.500000000000007 13.050000000000002 -0.61915584096709908 1.599999999999999 24.925000000000004 0.84313847884979054 12.500000000000002 21.500000000000004 -0.99983123799342477 -0.98212955754013376 -0.94703994556331683 29.350000000000005 -0.90892157495189674 174.50000000000003 4.5000000000000009 6.5000000000000009 17.550000000000004 0.90000000000000135 0.1000000000000001
decision_type=2 2 2 2 2 2 2 2 2 2 2 2 2 2 2 2 2 2 2 2 2 2 2 2 2 2 2 2 2 2
left_child=17 2 3 14 9 6 -5 13 -9 11 -11 -4 -7 -6 15 -2 -16 18 27 -19 22 26 -21 -23 -24 -20 -22 -1 -29 -30
right_child=1 -3 4 5 7 12 -8 8 -10 10 -12 -13 -14 -15 16 -17 -18 19 25 20 21 23 24 -25 -26 -27 -28 28 29 -31
leaf_value=0.0068113946386689555 -0.0036056361415079973 -3.2981405515717517e-05 -0.00027270614937182844 0.00075817627486646298 -0.00017848498234443596 0.00065651221078239928 -0.00066900048867936835 0.0051062551486040888 -0.00024307540947014623 0.0016335692083295731 -0.00018882276443349806 0.0014029340840918442 -0.00066900048867936835 -0.00017848498234443596 3.4799542012672884e-07 0.00019076424294536058 1.4091726178980248e-05 -0.0080877277026810777 -0.012990823795931883 0.060388661840143423 -0.015808199748458759 0.018904753829947205 -0.011492748510124119 0.00028378819419130067 0.0075119070793803425 0.051217912018100158 -0.0060295248954229247 -0.02044140065362765 0.0024773076744002442 -0.0080705941032773402
leaf_weight=253 642 2483 1673 288 5277 54 344 223 1209 810 3834 432 1547 10787 14193 467 4443 360 90 657 1440 2700 485 68309 2908 360 2160 906 131 415
leaf_count=253 642 2483 1673 288 5277 54 344 223 1209 810 3834 432 1547 10787 14193 467 4443 360 90 657 1440 2700 485 68309 2908 360 2160 906 131 415
internal_value=-0.00174931 -0.00497577 -0.0040667 -0.000753026 -0.00707053 -0.0147447 -0.000949367 -0.00915352 -0.000104749 -0.00167062 0.00116279 -0.00792162 -0.0201905 -0.00996016 0.000829324 -0.0083183 0.00137369 0.000186636 -0.00578886 0.000349599 0.000417943 0.000181278 0.00477778 0.000622104 0.00186413 0.00955556 -0.00851389 -0.00983871 -0.0122934 -0.00467033
internal_weight=129880 48706 46223 21978 24245 2233 632 17496 1432 6749 4644 2105 1601 16064 19745 1109 18636 81174 2155 79019 78659 74609 4050 71009 3393 450 3600 1705 1452 546
internal_count=129880 48706 46223 21978 24245 2233 632 17496 1432 6749 4644 2105 1601 16064 19745 1109 18636 81174 2155 79019 78659 74609 4050 71009 3393 450 3600 1705 1452 546
is_linear=0
shrinkage=0.05


Tree=93
num_leaves=31
num_cat=0
split_feature=4 10 17 16 10 9 19 8 8 1 10 10 0 19 1 9 1 1 8 10 1 17 17 58 70 71 9 18 8 1
split_gain=334.624 296.425 195.393 194.699 103.648 67.1029 75.0537 58.188 50.3208 45.6509 45.0208 64.9094 44.5873 38.964 53.9525 44.8199 34.0976 31.3897 30.9454 40.4672 29.8852 104.932 58.739 26.5972 20.2006 19.8169 9.43757 42.3971 13.6704 34.0278
threshold=14.500000000000002 0.98770287048522643 28.500000000000004 705.00000000000011 -0.89404254237865755 -0.51297808981038739 1.8 160.50000000000003 208.50000000000003 13.050000000000002 -0.61915584096709908 -0.52034141052533245 26.525000000000002 1.599999999999999 24.925000000000004 0.84313847884979054 34.750000000000007 34.350000000000001 364.50000000000006 0.99855310097228334 16.150000000000002 18.500000000000004 20.500000000000004 0.0099999999999999846 0.59999999999999887 2.1000000000000005 -0.03977009085991149 17.500000000000004 361.50000000000006 20.750000000000004
decision_type=2 2 2 2 2 2 2 2 2 2 2 2 2 2 2 2 2 2 2 2 2 2 2 2 2 2 2 2 2 2
left_child=17 2 3 13 7 6 -5 12 -9 -7 16 -12 -4 14 -2 -15 -6 18 19 20 21 -1 -22 24 -21 -20 27 28 -3 -30
right_child=1 26 4 5 10 9 -8 8 -10 -11 11 -13 -14 15 -16 -17 -18 -19 25 23 22 -23 -24 -25 -26 -27 -28 -29 29 -31
leaf_value=0.0023450881822153049 -0.0034253543344325977 -0.00013328028076798267 -0.0019295965227414541 0.0007202674611231398 -0.00016956073322721421 0.00062368660024327916 -0.00063555046424539985 -0.00015939077055280166 0.0021096507319879319 -0.00063555046424539985 0.002910906525236877 -0.00016956073322721421 0.0021686395586242128 3.305956491200801e-07 0.00018122603079809285 1.3387139870030957e-05 9.6059102421532108e-06 -0.0083746516490394111 0.03257352023351525 -0.005697217087823718 -0.0053544388880228553 0.046376165209222275 0.00054621796829202457 0.019144308742371587 -0.022892397448944269 -0.00033826076122934757 -3.1332335239931536e-05 0.0049686677392658746 0.0049686677392658746 -3.1332335239931536e-05
leaf_weight=3224 642 756 54 288 5292 54 344 6209 162 1547 1512 10260 324 14193 467 4443 432 314 237 533 5803 595 69798 139 408 123 1511 54 54 108
leaf_count=3224 642 756 54 288 5292 54 344 6209 162 1547 1512 10260 324 14193 467 4443 432 314 237 533 5803 595 69798 139 408 123 1511 54 54 108
internal_value=-0.00179281 -0.00506919 -0.00416513 -0.000750751 -0.00726026 -0.0147447 -0.000949367 -0.00199659 -0.00312745 -0.0201905 -0.0092907 -0.00752209 0.0170635 0.000831856 -0.00827322 0.00137369 -0.012928 0.000173085 0.000234356 0.000168944 0.000299673 0.00461508 8.16788e-05 -0.00944444 -0.0124601 0.0148611 -0.0218989 -0.0180556 -0.0205882 -0.00740741
internal_weight=129880 48706 46223 21978 24245 2233 632 6749 6371 1601 17496 11772 378 19745 1109 18636 5724 81174 80860 80500 79420 3819 75601 1080 941 360 2483 972 918 162
internal_count=129880 48706 46223 21978 24245 2233 632 6749 6371 1601 17496 11772 378 19745 1109 18636 5724 81174 80860 80500 79420 3819 75601 1080 941 360 2483 972 918 162
is_linear=0
shrinkage=0.05


Tree=94
num_leaves=31
num_cat=0
split_feature=4 10 17 16 10 9 19 1 8 8 19 19 1 9 8 0 19 8 10 1 17 1 1 58 70 71 19 9 18 8
split_gain=350.589 290.882 214.924 194.699 74.493 67.1029 75.0537 45.6509 41.7104 94.1684 47.1342 38.964 53.9525 44.8199 36.185 43.2 34.1878 30.7627 37.7606 30.8652 29.5976 52.2038 35.3559 26.5231 19.8014 19.4803 11.2861 9.43757 42.3971 13.6704
threshold=14.500000000000002 0.98770287048522643 28.500000000000004 705.00000000000011 -0.90892157495189674 -0.51297808981038739 1.8 13.050000000000002 298.50000000000006 280.50000000000006 6.0999999999999996 1.599999999999999 24.925000000000004 0.84313847884979054 160.50000000000003 26.525000000000002 5.3000000000000034 364.50000000000006 0.99855310097228334 34.350000000000001 33.500000000000007 28.850000000000005 28.225000000000005 0.0029999999999999901 0.59999999999999887 2.1000000000000005 3.0999999999999992 -0.03977009085991149 17.500000000000004 361.50000000000006
decision_type=2 2 2 2 2 2 2 2 2 2 2 2 2 2 2 2 2 2 2 2 2 2 2 2 2 2 2 2 2 2
left_child=17 2 3 11 14 6 -5 -7 9 -6 -10 12 -2 -13 15 -4 -16 18 19 20 22 -22 -1 24 -20 -19 -26 28 29 -3
right_child=1 27 4 5 8 7 -8 -9 10 -11 -12 13 -14 -15 16 -17 -18 25 23 -21 21 -23 -24 -25 26 -27 -28 -29 -30 -31
leaf_value=0.0010431251329799274 -0.0032540866177109677 -0.00012661626672958378 -0.0018331166966043815 0.00068425408806698299 -0.0001610826965658535 0.0005925022702311149 -0.00060377294103312992 -0.00060377294103312992 -0.0001610826965658535 0.00034058194974021378 0.00091443689172033692 3.140658666640761e-07 0.00017216472925818822 1.2717782876529167e-05 -0.00018357014535230753 0.00355497679193307 0.00047652851202998757 0.030944844221839497 -0.0056779053260137477 -0.007955919066587441 0.01578402650964348 0.0045238383844443232 -0.00214735947391852 0.016031702610262034 -0.022494123900913633 -0.00032134772316787523 0.0022696994027898636 -2.9765718477935133e-05 0.0047202343523025806 -2.9765718477935133e-05
leaf_weight=50367 642 756 54 288 14742 54 344 1547 1128 1890 168 14193 467 4443 4287 216 1760 237 529 314 311 5841 22901 144 378 123 29 1511 54 162
leaf_count=50367 642 756 54 288 14742 54 344 1547 1128 1890 168 14193 467 4443 4287 216 1760 237 529 314 311 5841 22901 144 378 123 29 1511 54 162
internal_value=-0.00187365 -0.00522728 -0.00433172 -0.000750751 -0.00757785 -0.0147447 -0.000949367 -0.0201905 -0.009223 -0.00854978 -0.0178627 0.000831856 -0.00827322 0.00137369 -0.00290882 0.015 -0.00370845 0.000138591 7.36259e-05 0.000199413 0.000261269 0.00359233 -1.84255e-05 -0.00921296 -0.0122863 0.0147222 -0.0205774 -0.0218989 -0.0180556 -0.0205882
internal_weight=129880 48706 46223 21978 24245 2233 632 1601 17928 16632 1296 19745 1109 18636 6317 270 6047 81174 80814 79734 79420 6152 73268 1080 936 360 407 2483 972 918
internal_count=129880 48706 46223 21978 24245 2233 632 1601 17928 16632 1296 19745 1109 18636 6317 270 6047 81174 80814 79734 79420 6152 73268 1080 936 360 407 2483 972 918
is_linear=0
shrinkage=0.05


Tree=95
num_leaves=31
num_cat=0
split_feature=6 10 17 16 10 9 19 19 19 1 10 10 19 1 9 10 1 8 17 22 8 10 10 10 9 1 19 8 8 9
split_gain=351.225 281.175 222.623 191.215 70.2252 65.8388 71.5024 51.1023 52.254 45.0732 44.1746 61.1836 40.6698 52.5798 46.9604 34.3051 32.8279 31.5943 37.3293 30.3623 65.3863 63.4507 110.373 105.007 50.2386 108.629 70.2888 47.4982 54.8465 45.8379
threshold=915.00000000000011 0.98770287048522643 28.500000000000004 735.00000000000011 -0.89404254237865755 -0.51297808981038739 1.8 3.2999999999999958 4.0000000000000009 13.050000000000002 -0.61915584096709908 -0.52034141052533245 1.599999999999999 24.925000000000004 0.84313847884979054 -0.67168186667784702 32.050000000000004 12.500000000000002 21.500000000000004 1.0000000180025095e-35 303.50000000000006 0.19969739736768838 -0.42958798411962301 0.71353761266622884 0.97508442350096236 26.350000000000005 1.899999999999997 312.50000000000006 315.50000000000006 0.83376496542330847
decision_type=2 2 2 2 2 2 2 2 2 2 2 2 2 2 2 2 2 2 2 2 2 2 2 2 2 2 2 2 2 2
left_child=17 2 3 12 7 6 -5 16 -9 -7 15 -12 13 -2 -14 -6 -4 18 -1 24 21 22 -21 -23 29 -26 -27 -22 -29 -19
right_child=1 -3 4 5 10 9 -8 8 -10 -11 11 -13 14 -15 -16 -17 -18 19 -20 20 27 23 -24 -25 25 26 -28 28 -30 -31
leaf_value=-0.0096615324603522446 -0.003078480802928248 -2.8277432554038585e-05 -0.0013462280208116142 0.00065004138366363403 -0.00015302856173756083 0.00056287715671955935 -0.00057358429398147342 0.0015690387937083495 -0.0001331393717657163 -0.00057358429398147342 0.0016057636614470391 -0.00015302856173756083 -1.6733823479941902e-07 0.00016309079198714856 1.208189373270302e-05 -0.00017168509327671543 1.7752494356387815e-05 -0.00035319993923248823 0.019430012838307888 0.0094539585158244909 -0.017490792975873404 0.026509795219722562 -0.0037242241310742178 -0.0010217963334249959 0.048652921624789847 -0.015476914828832379 0.0076593683678630679 0.035109937998324153 -0.0025653382742507032 -0.0086301428779710643
leaf_weight=1743 623 2391 903 270 4784 52 322 976 4507 1435 1456 9880 13698 455 4309 728 113 45816 460 8648 828 4784 6532 3036 1518 455 419 276 4599 3864
leaf_count=1743 623 2391 903 270 4784 52 322 976 4507 1435 1456 9880 13698 455 4309 728 113 45816 460 8648 828 4784 6532 3036 1518 455 419 276 4599 3864
internal_value=-0.00186865 -0.00532706 -0.0044298 -0.000715838 -0.0077965 -0.0151154 -0.00101351 -0.00338129 -0.00147273 -0.0207297 -0.00949964 -0.00771436 0.000852764 -0.00858071 0.0014175 -0.0131713 -0.0136811 8.61674e-05 -0.00582161 0.000247292 0.00155297 0.0027413 0.00085639 0.00640026 -0.000472423 0.00660535 -0.00743707 -0.00323952 -0.00135897 -0.000813205
internal_weight=129880 46902 44511 21164 23347 2079 592 6499 5483 1487 16848 11336 19085 1078 18007 5512 1016 82978 2203 80775 28703 23000 15180 7820 52072 2392 874 5703 4875 49680
internal_count=129880 46902 44511 21164 23347 2079 592 6499 5483 1487 16848 11336 19085 1078 18007 5512 1016 82978 2203 80775 28703 23000 15180 7820 52072 2392 874 5703 4875 49680
is_linear=0
shrinkage=0.05


Tree=96
num_leaves=31
num_cat=0
split_feature=6 10 17 16 10 9 19 8 1 10 10 19 1 9 10 1 17 17 1 71 9 1 22 18 1 10 9 9 10 8
split_gain=332.458 285.498 201.064 189.899 96.4721 65.8388 71.5024 46.6052 45.0732 44.3891 61.0145 39.8002 52.203 43.0396 34.3051 32.4945 104.439 55.5192 101.162 49.2313 78.2831 60.0503 49.2618 39.5903 37.6861 37.2142 46.1032 31.8931 31.5022 35.6565
threshold=915.00000000000011 0.98770287048522643 28.500000000000004 735.00000000000011 -0.89404254237865755 -0.51297808981038739 1.8 208.50000000000003 13.050000000000002 -0.61915584096709908 -0.52034141052533245 1.599999999999999 24.925000000000004 0.84313847884979054 -0.67168186667784702 16.150000000000002 18.500000000000004 20.500000000000004 18.350000000000005 0.69999999999999762 -0.32614396506100213 17.550000000000004 1.0000000180025095e-35 15.500000000000002 20.150000000000002 0.92191100909954782 0.99700008544936913 0.022575936829235418 0.92191100909954782 356.50000000000006
decision_type=2 2 2 2 2 2 2 2 2 2 2 2 2 2 2 2 2 2 2 2 2 2 2 2 2 2 2 2 2 2
left_child=15 2 3 11 7 6 -5 27 -7 14 -11 12 -2 -13 -6 16 28 19 25 20 22 -22 -17 -20 -25 26 -19 -4 -1 -30
right_child=1 -3 4 5 9 8 -8 -9 -10 10 -12 13 -14 -15 -16 17 -18 18 23 -21 21 -23 -24 24 -26 -27 -28 -29 29 -31
leaf_value=0.012877508180311793 -0.0029245567627818356 -2.6863560926336517e-05 -0.00016773466949640618 0.00061753931448045238 -0.00014537713365068289 0.00053473329888358153 -0.0005449050792823997 0.0020188792988051138 -0.0005449050792823997 0.001525475478374687 -0.00014537713365068289 -1.5897132305958684e-07 0.00015493625238779119 1.1477799046068216e-05 -0.00016310083861287988 0.046888181229470277 0.041176006110335228 0.035542659798161229 -0.015311544027843405 6.9149964386584775e-05 -0.0079715257326758108 -0.024037904111384501 -0.066776405089816901 0.0071563729685332426 -0.00022319730332379662 0.0061294673759234586 -0.02121262641475621 3.8036637460772685e-05 -0.016643193469311892 0.044202707767254434
leaf_weight=1459 623 2391 3796 270 4784 52 322 156 1435 1456 9880 13698 455 4309 728 256 782 896 653 2909 1681 1696 61 4547 65505 604 56 2547 1490 383
leaf_count=1459 623 2391 3796 270 4784 52 322 156 1435 1456 9880 13698 455 4309 728 256 782 896 653 2909 1681 1696 61 4547 65505 604 56 2547 1490 383
internal_value=-0.00183439 -0.00519914 -0.00429501 -0.000765451 -0.00749454 -0.0151154 -0.00101351 -0.00231959 -0.0207297 -0.00949074 -0.00770113 0.000797747 -0.00853432 0.00135642 -0.0131713 6.74878e-05 0.00439961 -0.000158501 0.000242524 -0.00454718 -0.00837845 -0.0106085 0.0153785 -3.50046e-05 7.92269e-05 0.0128535 0.0190126 -0.0029836 0.000540216 -0.00375067
internal_weight=129880 46902 44511 21164 23347 2079 592 6499 1487 16848 11336 19085 1078 18007 5512 82978 4114 78864 72261 6603 3694 3377 317 70705 70052 1556 952 6343 3332 1873
internal_count=129880 46902 44511 21164 23347 2079 592 6499 1487 16848 11336 19085 1078 18007 5512 82978 4114 78864 72261 6603 3694 3377 317 70705 70052 1556 952 6343 3332 1873
is_linear=0
shrinkage=0.05


Tree=97
num_leaves=31
num_cat=0
split_feature=6 10 17 16 10 9 19 19 8 1 19 19 19 19 1 9 19 1 17 17 1 8 0 17 1 9 18 10 8 17
split_gain=332.821 285.462 201.192 189.899 82.2064 65.8388 71.5024 49.864 61.9995 45.0732 40.7703 103.121 42.5247 39.8002 51.3157 43.0396 34.4686 30.5103 97.0539 58.7926 158.789 68.3241 67.9319 65.179 79.5925 62.4411 55.1593 110.704 82.0006 61.4269
threshold=915.00000000000011 0.98770287048522643 28.500000000000004 735.00000000000011 -0.89404254237865755 -0.51297808981038739 1.8 6.0999999999999996 298.50000000000006 13.050000000000002 5.3000000000000034 5.9000000000000004 4.1999999999999975 1.599999999999999 24.925000000000004 0.84313847884979054 6.2000000000000011 18.250000000000004 20.500000000000004 27.500000000000004 25.750000000000004 311.50000000000006 24.450000000000003 30.500000000000004 27.850000000000005 -0.98214942551678475 22.500000000000004 0.48126256173783166 320.50000000000006 24.500000000000004
decision_type=2 2 2 2 2 2 2 2 2 2 2 2 2 2 2 2 2 2 2 2 2 2 2 2 2 2 2 2 2 2
left_child=17 2 3 13 10 6 -5 8 -6 -7 12 -12 -4 14 -2 -15 -9 18 -1 26 21 25 -23 -22 -25 -21 27 29 -28 -19
right_child=1 -3 4 5 7 9 -8 16 -10 -11 11 -13 -14 15 -16 -17 -18 19 -20 20 23 22 -24 24 -26 -27 28 -29 -30 -31
leaf_value=0.00041391903390908258 -0.0027783289246427439 -2.5520382880019762e-05 -2.1553185538596143e-05 0.00058666234875642961 -0.00013810827696814909 0.00050799663393940252 -0.00051765982531827971 0.0023692627042599477 -0.00013810827696814909 -0.00051765982531827971 0.0036315001414052696 -0.00054211712036150923 -0.00014718987835346184 -1.5102275690639935e-07 0.00014718943976840191 1.0903909093765152e-05 -0.00016640809390940648 -0.0011089913405351482 0.026350637191454543 -0.012044209750086755 -0.0030727304216185435 0.028115351523816258 -0.043462072531951113 0.029900000931738835 0.00035913411311472857 0.030073265553389385 -0.013718385339030255 -0.002690908640081242 0.023154987483988945 0.022383660981904252
leaf_weight=7479 623 2391 2210 270 13642 52 322 271 1086 1435 878 1010 2401 13698 455 4309 1849 3588 1511 128 12652 481 483 2307 26070 3695 4232 15844 736 3772
leaf_count=7479 623 2391 2210 270 13642 52 322 271 1086 1435 878 1010 2401 13698 455 4309 1849 3588 1511 128 12652 481 483 2307 26070 3695 4232 15844 736 3772
internal_value=-0.00183362 -0.0052002 -0.00429613 -0.000765451 -0.00749668 -0.0151154 -0.00101351 -0.00933939 -0.0103714 -0.0207297 -0.00271965 0.00346928 -0.00525374 0.000797747 -0.00853432 0.00135642 -0.00216981 6.92955e-05 0.0028198 -0.000264908 0.000840318 0.00945791 -0.00243776 -0.000165127 0.00116556 0.0124575 -0.00206233 -0.00103861 -0.0068438 0.00402853
internal_weight=129880 46902 44511 21164 23347 2079 592 16848 14728 1487 6499 1888 4611 19085 1078 18007 2120 82978 8990 73988 45816 4787 964 41029 28377 3823 28172 23204 4968 7360
internal_count=129880 46902 44511 21164 23347 2079 592 16848 14728 1487 6499 1888 4611 19085 1078 18007 2120 82978 8990 73988 45816 4787 964 41029 28377 3823 28172 23204 4968 7360
is_linear=0
shrinkage=0.05


Tree=98
num_leaves=31
num_cat=0
split_feature=6 10 17 16 10 9 19 1 10 10 19 19 19 19 1 9 10 1 17 17 1 6 9 1 22 10 9 18 1 19
split_gain=336.29 283.657 208.191 190.024 85.8131 65.8388 71.5024 45.0732 44.3891 61.0145 40.5232 102.62 42.5247 39.0572 50.5726 43.0396 34.3051 29.466 93.0799 51.9835 92.0061 47.9713 83.781 75.1685 43.7924 41.5375 45.5547 34.2543 40.317 33.5967
threshold=915.00000000000011 0.98770287048522643 28.500000000000004 735.00000000000011 -0.89404254237865755 -0.51297808981038739 1.8 13.050000000000002 -0.61915584096709908 -0.52034141052533245 5.3000000000000034 5.9000000000000004 4.1999999999999975 1.599999999999999 24.925000000000004 0.84313847884979054 -0.67168186667784702 16.150000000000002 18.500000000000004 20.500000000000004 18.350000000000005 575.00000000000011 -0.32614396506100213 17.950000000000003 1.0000000180025095e-35 0.92191100909954782 0.99700008544936913 15.500000000000002 21.037500000000005 2.3999999999999972
decision_type=2 2 2 2 2 2 2 2 2 2 2 2 2 2 2 2 2 2 2 2 2 2 2 2 2 2 2 2 2 2
left_child=17 2 3 13 10 6 -5 -7 16 -10 12 -12 -4 14 -2 -15 -6 18 -1 21 25 22 24 -24 -19 26 -21 29 -29 -22
right_child=1 -3 4 5 8 7 -8 -9 9 -11 11 -13 -14 15 -16 -17 -18 19 -20 20 27 -23 23 -25 -26 -27 -28 28 -30 -31
leaf_value=0.0010574752777849914 -0.002639412478410607 -2.4244363736018739e-05 -2.0475526261666545e-05 0.00055732923131860822 -0.00013120286311974136 0.00048259680224243265 -0.00049177683405236578 -0.00049177683405236578 0.0014575221091514227 -0.00013120286311974136 0.0034499251343350066 -0.00051501126434343387 -0.00013983038443578859 -1.434716190608365e-07 0.00013982996777998151 1.0358713639076894e-05 -0.00014804038283382852 0.047591766900039904 0.039096509853123011 0.032447994948680448 -0.074413320278093914 0.00018016569329134884 -0.012447163994891298 -0.030534466227071524 -0.073598674287227286 0.0045054621475545623 -0.021469526953591125 0.0057458415689437331 -0.00041006912101075881 -0.0004670635937404279
leaf_weight=3332 623 2391 2210 270 4784 52 322 1435 1456 9880 878 1010 2401 13698 455 4309 728 290 782 896 294 2907 2128 1219 59 604 56 7272 62780 359
leaf_count=3332 623 2391 2210 270 4784 52 322 1435 1456 9880 878 1010 2401 13698 455 4309 728 290 782 896 294 2907 2128 1219 59 604 56 7272 62780 359
internal_value=-0.00186942 -0.00525351 -0.00435229 -0.000760726 -0.00760804 -0.0151154 -0.00101351 -0.0207297 -0.00949074 -0.00770113 -0.00272734 0.0034428 -0.00525374 0.000802987 -0.00844156 0.00135642 -0.0131713 4.3385e-05 0.00416869 -0.000171815 0.00021623 -0.00441845 -0.00819805 -0.0106289 0.0151146 0.0122429 0.01875 -4.84407e-05 5.78142e-05 -0.0114472
internal_weight=129880 46902 44511 21164 23347 2079 592 1487 16848 11336 6499 1888 4611 19085 1078 18007 5512 82978 4114 78864 72261 6603 3696 3347 349 1556 952 70705 70052 653
internal_count=129880 46902 44511 21164 23347 2079 592 1487 16848 11336 6499 1888 4611 19085 1078 18007 5512 82978 4114 78864 72261 6603 3696 3347 349 1556 952 70705 70052 653
is_linear=0
shrinkage=0.05


Tree=99
num_leaves=31
num_cat=0
split_feature=6 10 17 16 10 9 19 1 10 8 19 19 19 1 9 10 1 1 17 17 1 18 10 8 6 10 9 18 9 1
split_gain=329.23 285.101 205.184 190.525 92.7357 65.8388 71.5024 45.0732 44.2461 60.6617 39.1454 54.4851 36.1549 47.6543 43.0396 34.3051 30.7692 28.7538 77.977 50.4255 153.616 48.1328 112.714 63.2103 63.7302 52.0496 47.9187 46.6852 63.6418 42.8911
threshold=915.00000000000011 0.98770287048522643 28.500000000000004 735.00000000000011 -0.89404254237865755 -0.51297808981038739 1.8 13.050000000000002 -0.61915584096709908 298.50000000000006 3.1000000000000036 4.2999999999999963 1.599999999999999 24.925000000000004 0.84313847884979054 -0.67168186667784702 32.050000000000004 17.950000000000003 19.500000000000004 27.500000000000004 24.550000000000008 22.500000000000004 0.48126256173783166 320.50000000000006 675.00000000000011 0.58307701883076835 0.99907018497641664 23.500000000000004 0.9962888416657264 16.250000000000004
decision_type=2 2 2 2 2 2 2 2 2 2 2 2 2 2 2 2 2 2 2 2 2 2 2 2 2 2 2 2 2 2
left_child=17 2 3 12 10 6 -5 -7 15 -10 16 -12 13 -2 -14 -6 -4 18 -1 21 -21 22 26 24 -23 -24 -19 -22 -29 -20
right_child=1 -3 4 5 8 7 -8 -9 9 -11 11 -13 14 -15 -16 -17 -18 19 29 20 27 23 25 -25 -26 -27 -28 28 -30 -31
leaf_value=-0.0002424298913215172 -0.0025074418544900768 -2.3032145549217731e-05 -0.0016593285634498023 0.00052946276975267758 -0.00012464271996375439 0.00045846696213031128 -0.00046718799234974744 -0.00046718799234974744 -0.00012464271996375439 -0.00012464271996375439 0.00039818758445614655 -0.00010374465656314767 -1.3629803810796814e-07 0.00013283846939098274 9.840777957122876e-06 -0.00014063836369213739 1.7064473355542231e-05 0.0085856807453512651 0.069383351430587201 0.042018532214175133 0.01320167191887256 -0.02761770588206542 -0.013963664903922958 0.022017741565840021 0.00065815097619069819 -0.0017222672030148174 -0.064356633485363801 7.1864007869271168e-05 -0.015527531072054469 0.0157399728897917
leaf_weight=5960 623 2391 726 270 4784 52 322 1435 10088 1248 1416 4244 13698 455 4309 728 113 7013 446 1674 1991 3128 1289 736 1104 15228 460 41599 552 1798
leaf_count=5960 623 2391 726 270 4784 52 322 1435 10088 1248 1416 4244 13698 455 4309 728 113 7013 446 1674 1991 3128 1289 736 1104 15228 460 41599 552 1798
internal_value=-0.00186249 -0.00521087 -0.00430736 -0.000741826 -0.00753951 -0.0151154 -0.00101351 -0.0207297 -0.00949668 -0.00770995 -0.00246576 -0.000971731 0.000823946 -0.0080705 0.00135642 -0.0131713 -0.0125447 3.01285e-05 0.00284008 -0.000278172 0.000754103 -0.00191139 -0.000983743 -0.0063909 -0.00874291 -0.00328904 0.00411147 0.000190295 -0.000163104 0.0107843
internal_weight=129880 46902 44511 21164 23347 2079 592 1487 16848 11336 6499 5660 19085 1078 18007 5512 839 82978 8204 74774 45816 28958 23990 4968 4232 16517 7473 44142 42151 2244
internal_count=129880 46902 44511 21164 23347 2079 592 1487 16848 11336 6499 5660 19085 1078 18007 5512 839 82978 8204 74774 45816 28958 23990 4968 4232 16517 7473 44142 42151 2244
is_linear=0
shrinkage=0.05


Tree=100
num_leaves=31
num_cat=0
split_feature=6 10 17 16 10 9 19 8 1 10 8 10 19 1 9 9 19 10 10 18 17 17 71 17 1 8 8 18 19 20
split_gain=328.107 286.222 203.897 191.152 96.7592 65.8388 71.5024 45.479 45.0732 44.3176 60.7132 34.3051 32.6847 44.1284 43.0396 32.2403 28.0411 36.2042 35.0122 102.426 84.1842 70.27 40.0725 35.1595 30.3805 9.44694 22.0853 25.8981 38.8471 8.43823
threshold=915.00000000000011 0.98770287048522643 28.500000000000004 735.00000000000011 -0.89404254237865755 -0.51297808981038739 1.8 208.50000000000003 13.050000000000002 -0.61915584096709908 298.50000000000006 -0.67168186667784702 1.599999999999999 24.925000000000004 0.84313847884979054 0.022575936829235418 5.6999999999999984 0.99995376255531909 0.73721509932751383 17.500000000000004 20.500000000000004 24.500000000000004 0.099999999999996106 26.500000000000004 18.250000000000004 360.50000000000006 362.50000000000006 17.500000000000004 5.5500000000000016 1.8999999999999992
decision_type=2 2 2 2 2 2 2 2 2 2 2 2 2 2 2 2 2 2 2 2 2 2 2 2 2 2 2 2 2 2
left_child=16 2 3 12 7 6 -5 15 -7 11 -11 -6 13 -2 -14 -4 17 18 19 20 -1 -21 23 -20 -24 -3 27 28 -27 -19
right_child=1 25 4 5 9 8 -8 -9 -10 10 -12 -13 14 -15 -16 -17 -18 29 22 21 -22 -23 24 -25 -26 26 -28 -29 -30 -31
leaf_value=0.0019443836158763218 -0.002382069761765573 -2.1880538271756846e-05 -0.00013980969005396583 0.00050298963126504395 -0.00011841058396556693 0.00043554361402379577 -0.00044382859273226009 0.0015690513029060023 -0.00044382859273226009 -0.00011841058396556693 -0.00011841058396556693 -0.00013360644550753089 -1.2948313620267382e-07 0.00012619654592143371 9.348739059266559e-06 1.8326861954939824e-05 -0.0024656694282890416 0.049478316991872953 -0.012696843814024396 -0.013342181865265102 0.033951098669992311 0.00077762735823896922 0.0047669950385404464 0.066705238572368861 -0.0010074201771622271 -1.1940613582771959e-05 -0.0019110663581374369 0.004490619528969733 0.0047281195325087587 -0.0002636641287044439
leaf_weight=2026 623 1559 3796 270 4784 52 322 156 1435 10088 1248 728 13698 455 4309 2547 2004 181 5605 3644 1721 54329 4544 125 8760 208 520 52 52 39
leaf_count=2026 623 1559 3796 270 4784 52 322 156 1435 10088 1248 728 13698 455 4309 2547 2004 181 5605 3644 1721 54329 4544 125 8760 208 520 52 52 39
internal_value=-0.00183516 -0.00517782 -0.00427254 -0.000718201 -0.00749454 -0.0151154 -0.00101351 -0.00231189 -0.0207297 -0.00949371 -0.00770554 -0.0131713 0.000850144 -0.00760668 0.00135642 -0.00296784 5.42312e-05 0.000198829 0.000143646 0.000721808 0.00873365 0.000203974 -0.00173111 -0.00522688 -0.000225496 -0.0220305 -0.0177284 -0.00721154 -0.0136538 0.0204545
internal_weight=129880 46902 44511 21164 23347 2079 592 6499 1487 16848 11336 5512 19085 1078 18007 6343 82978 80974 80754 61720 3747 57973 19034 5730 13304 2391 832 312 260 220
internal_count=129880 46902 44511 21164 23347 2079 592 6499 1487 16848 11336 5512 19085 1078 18007 6343 82978 80974 80754 61720 3747 57973 19034 5730 13304 2391 832 312 260 220
is_linear=0
shrinkage=0.05


Tree=101
num_leaves=31
num_cat=0
split_feature=6 10 17 16 10 8 9 19 19 8 1 19 19 19 8 18 19 1 9 9 15 19 10 10 1 10 10 10 1 18
split_gain=305.625 174.304 198.596 189.087 85.2337 68.1047 65.8388 71.5024 48.1988 61.9629 45.0732 42.6133 96.4969 43.3292 37.5144 50.0192 32.0198 44.1284 37.4788 31.7412 27.9585 26.5024 26.2333 31.2133 71.7214 71.0505 66.298 26.3113 22.2162 20.0978
threshold=915.00000000000011 0.98770287048522643 28.500000000000004 735.00000000000011 -0.89404254237865755 360.50000000000006 -0.51297808981038739 1.8 6.0999999999999996 298.50000000000006 13.050000000000002 5.3000000000000034 5.9000000000000004 4.1999999999999975 364.50000000000006 17.500000000000004 1.599999999999999 24.925000000000004 0.84313847884979054 -0.97113884758256674 9.7500000000000018 5.5500000000000016 -0.99983123799342477 -0.98521978256641018 29.350000000000005 -0.94703994556331683 -0.80417042486635371 -0.96687281075841669 29.850000000000005 27.500000000000004
decision_type=2 2 2 2 2 2 2 2 2 2 2 2 2 2 2 2 2 2 2 2 2 2 2 2 2 2 2 2 2 2
left_child=20 2 3 16 11 -3 7 -5 9 -6 -8 13 -13 -4 15 21 17 -2 -18 -10 -1 -7 29 24 -24 27 -27 -25 -26 -22
right_child=1 5 4 6 8 14 10 -9 19 -11 -12 12 -14 -15 -16 -17 18 -19 -20 -21 22 -23 23 25 28 26 -28 -29 -30 -31
leaf_value=0.10267399769375762 -0.0022629662736772939 -2.0786511358168727e-05 -2.1221316714106766e-05 0.00047784014970179148 -0.00011249005476728844 -2.1283507592618351e-05 0.00041376643332260575 -0.00042163716309564711 -0.0049115975861966513 -0.00011249005476728844 -0.00042163716309564711 0.0032816997673486671 -0.00047708298379540645 -0.00012066114788314361 -0.0018367292638376725 7.3672779635115129e-05 -1.2300897939271361e-07 0.0001198867186253623 8.8813021063033358e-06 4.9111533315777949e-06 -0.040506607482168659 0.0044917135558833208 0.062477791703504294 -0.003445951013333004 -0.0074901216002559064 0.0091010719598969957 -0.00034233367272142881 -0.01828369041012954 0.0071390839550873999 -0.00083695567828136479
leaf_weight=116 623 1559 2210 270 13642 416 52 322 363 1086 1435 878 1010 2401 208 156 13698 455 4309 1757 184 52 602 2300 919 8280 66394 1840 2159 184
leaf_count=116 623 1559 2210 270 13642 416 52 322 363 1086 1435 878 1010 2401 208 156 13698 455 4309 1757 184 52 602 2300 919 8280 66394 1840 2159 184
internal_value=-0.00178434 -0.00501045 -0.00430399 -0.000796163 -0.00748383 -0.0181619 -0.0151154 -0.00101351 -0.00936016 -0.0103748 -0.0207297 -0.00261963 0.00370763 -0.00521037 -0.00661058 -0.000480769 0.000763689 -0.00760668 0.00126479 -0.00231132 3.9167e-05 -0.00865385 4.8273e-06 6.42471e-05 0.00456522 -0.000145913 0.000207569 -0.00652174 0.00147823 -0.0133152
internal_weight=129880 46902 44511 21164 23347 2391 2079 592 16848 14728 1487 6499 1888 4611 832 624 19085 1078 18007 2120 82978 468 82862 82494 3680 78814 74674 4140 3078 368
internal_count=129880 46902 44511 21164 23347 2391 2079 592 16848 14728 1487 6499 1888 4611 832 624 19085 1078 18007 2120 82978 468 82862 82494 3680 78814 74674 4140 3078 368
is_linear=0
shrinkage=0.05


Tree=102
num_leaves=31
num_cat=0
split_feature=6 10 17 16 10 8 9 19 19 8 19 19 19 8 18 9 19 1 44 15 19 10 18 17 17 6 1 9 19 17
split_gain=308.307 173.655 195.382 188.288 85.2337 68.1047 65.4057 52.4698 48.1988 61.9629 42.6133 96.4969 43.3292 37.5144 50.0192 31.7412 30.1864 45.7599 35.0317 27.964 27.2092 31.0195 100.56 81.6612 65.021 32.6283 43.6865 30.7432 26.5024 9.20339
threshold=915.00000000000011 0.98770287048522643 28.500000000000004 735.00000000000011 -0.89404254237865755 360.50000000000006 0.39036257410962044 1.8 6.0999999999999996 298.50000000000006 5.3000000000000034 5.9000000000000004 4.1999999999999975 364.50000000000006 17.500000000000004 -0.97113884758256674 1.599999999999999 24.850000000000005 0.10236842105263159 9.7500000000000018 5.1999999999999984 0.73721509932751383 17.500000000000004 20.500000000000004 24.500000000000004 755.00000000000011 17.550000000000004 -0.61237985104942771 5.5500000000000016 15.500000000000002
decision_type=2 2 2 2 2 2 2 2 2 2 2 2 2 2 2 2 2 2 2 2 2 2 2 2 2 2 2 2 2 2
left_child=19 2 3 16 10 -3 7 -5 9 -6 12 -12 -4 14 28 -10 17 -2 -18 -1 21 22 23 -21 -24 26 -23 -27 -7 -22
right_child=1 5 4 6 8 13 -8 -9 15 -11 11 -13 -14 -15 -16 -17 18 -19 -20 20 29 25 24 -25 -26 27 -28 -29 -30 -31
leaf_value=0.097540297809069754 -0.0021627194438906009 -1.9747185790260081e-05 -2.0160250878401011e-05 0.0004539481422167022 -0.0001068655520289237 -2.021933221298747e-05 -0.0004005553049408648 -0.0004005553049408648 -0.0046660177068868188 -0.0001068655520289237 0.0031176147789812344 -0.00045322883460563598 -0.00011462809048898639 -0.0017448928006457889 6.9989140653359264e-05 4.6655956649988011e-06 1.2600836507796477e-05 0.00011389238269409394 -0.004558123101468442 0.0030146786576892926 -0.018061545739866895 0.0025179590996090798 -0.01272604107977251 0.033933091495156331 0.00090504262616230625 -0.0030338669194799974 -0.0061600257828013155 0.0014453706600263743 0.0042671278780891551 -0.0016464854548965014
leaf_weight=116 609 1559 2210 322 13642 416 1115 642 363 1086 878 1010 2401 208 156 1757 16708 469 1299 1991 82 5230 3621 1647 53103 160 10783 2588 52 3657
leaf_count=116 609 1559 2210 322 13642 416 1115 642 363 1086 878 1010 2401 208 156 1757 16708 469 1299 1991 82 5230 3621 1647 53103 160 10783 2588 52 3657
internal_value=-0.00179473 -0.00503497 -0.00432983 -0.000850501 -0.00748383 -0.0181619 -0.0151395 -0.00560166 -0.00936016 -0.0103748 -0.00261963 0.00370763 -0.00521037 -0.00661058 -0.000480769 -0.00231132 0.000706052 -0.00742115 0.00119259 3.67567e-05 2.41365e-06 0.000199373 0.0007513 0.00880979 0.000234469 -0.00157641 -0.0024402 0.00345706 -0.00865385 -0.00416555
internal_weight=129880 46902 44511 21164 23347 2391 2079 964 16848 14728 6499 1888 4611 832 624 2120 19085 1078 18007 82978 82862 79123 60362 3638 56724 18761 16013 2748 468 3739
internal_count=129880 46902 44511 21164 23347 2391 2079 964 16848 14728 6499 1888 4611 832 624 2120 19085 1078 18007 82978 82862 79123 60362 3638 56724 18761 16013 2748 468 3739
is_linear=0
shrinkage=0.05


Tree=103
num_leaves=31
num_cat=0
split_feature=6 10 17 16 10 8 1 10 9 19 19 19 19 19 8 18 19 1 9 15 19 17 9 22 9 19 6 1 6 10
split_gain=300.546 175.295 189.437 187.966 83.957 68.1047 65.9235 72.0996 65.7878 52.1399 43.543 37.5933 78.1161 43.2361 37.5144 50.0192 30.9582 44.8256 33.8878 27.9695 26.6503 36.0198 32.7098 41.4333 27.6637 26.5024 16.1009 15.2457 15.3885 10.6236
threshold=915.00000000000011 0.98770287048522643 28.500000000000004 735.00000000000011 -0.89404254237865755 360.50000000000006 34.750000000000007 -0.85225707553516283 0.39036257410962044 1.8 7.0000000000000018 5.2500000000000027 5.9000000000000004 4.1999999999999975 364.50000000000006 17.500000000000004 1.599999999999999 24.850000000000005 0.84313847884979054 9.7500000000000018 4.2999999999999989 1.0000000180025095e-35 -0.97509794945709805 1.0000000180025095e-35 -0.98523971305672675 5.5500000000000016 675.00000000000011 34.350000000000001 605.00000000000011 0.011826144619637555
decision_type=2 2 2 2 2 2 2 2 2 2 2 2 2 2 2 2 2 2 2 2 2 2 2 2 2 2 2 2 2 2
left_child=19 2 3 16 11 -3 7 -6 9 -5 -8 13 -13 -4 15 25 17 -2 -18 -1 21 26 24 -24 -23 -7 -21 28 -22 -30
right_child=1 5 4 8 6 14 10 -9 -10 -11 -12 12 -14 -15 -16 -17 18 -19 -20 20 27 22 23 -25 -26 -27 -28 -29 29 -31
leaf_value=0.092663282918616266 -0.0020545834716960711 -1.8759826500747146e-05 -1.9152238334481378e-05 0.00043125073510586685 -0.00013985371831131272 -1.9208365602338408e-05 0.00021021281069007886 -0.0001015222744274777 -0.00038052753969382156 -0.00038052753969382156 -0.0051735174494874046 0.0029495759823640489 -0.00043056739287535424 -0.0001210547436326613 -0.0016576481606134993 6.6489683620691434e-05 -7.4690035581290177e-07 0.00010819776355938948 7.8071951755985528e-06 0.066707087393463413 -0.017169253813048135 0.0025378592581118725 -0.0009079082290137431 0.0026242364622850439 0.020335287711390329 0.004053771484184697 -0.013152087586912199 -0.005345963161206657 -0.0021054232972707644 -4.8215906517587827e-05
leaf_weight=116 609 1559 2210 322 884 416 556 15288 1115 642 120 1037 1010 2242 208 156 13698 469 4309 204 98 4614 44017 24690 1353 52 20 389 3527 3950
leaf_count=116 609 1559 2210 322 884 416 556 15288 1115 642 120 1037 1010 2242 208 156 13698 469 4309 204 98 4614 44017 24690 1353 52 20 389 3527 3950
internal_value=-0.00177395 -0.00497314 -0.00426468 -0.000838688 -0.00737033 -0.0181619 -0.00923255 -0.009872 -0.0151154 -0.00554979 0.00606509 -0.0025427 0.00306546 -0.00512129 -0.00661058 -0.000480769 0.000716531 -0.00751391 0.00120925 3.43465e-05 0 0.000292398 0.000232343 -7.60476e-05 0.00378331 -0.00865385 0.0203125 -0.00274987 -0.00225413 -0.00199612
internal_weight=129880 46902 44511 21164 23347 2391 16848 16172 2079 964 676 6499 2047 4452 832 624 19085 1078 18007 82978 82862 74898 74674 68707 5967 468 224 7964 7575 7477
internal_count=129880 46902 44511 21164 23347 2391 16848 16172 2079 964 676 6499 2047 4452 832 624 19085 1078 18007 82978 82862 74898 74674 68707 5967 468 224 7964 7575 7477
is_linear=0
shrinkage=0.05


Tree=104
num_leaves=31
num_cat=0
split_feature=6 10 17 16 10 8 9 1 10 19 19 8 18 19 19 19 1 9 1 15 19 19 17 17 1 71 6 6 1 18
split_gain=309.909 174.248 194.062 187.966 71.4307 68.1047 65.7878 65.362 72.8078 52.1399 43.543 37.5144 50.0192 33.3982 58.5124 30.9582 44.8256 33.8878 30.1677 27.883 26.5024 25.9318 35.8974 32.5693 89.491 38.8924 16.1009 14.7288 15.4402 10.1829
threshold=915.00000000000011 0.98770287048522643 28.500000000000004 735.00000000000011 -0.89404254237865755 360.50000000000006 0.39036257410962044 34.750000000000007 -0.85225707553516283 1.8 7.0000000000000018 364.50000000000006 17.500000000000004 3.1000000000000036 4.0000000000000009 1.599999999999999 24.850000000000005 0.84313847884979054 32.050000000000004 9.7500000000000018 5.5500000000000016 4.2999999999999989 1.0000000180025095e-35 16.500000000000004 14.65 0.90000000000000757 675.00000000000011 605.00000000000011 34.350000000000001 8.5000000000000018
decision_type=2 2 2 2 2 2 2 2 2 2 2 2 2 2 2 2 2 2 2 2 2 2 2 2 2 2 2 2 2 2
left_child=19 2 3 15 13 -3 9 8 -6 -5 -9 12 20 18 -15 16 -2 -17 -4 -1 -7 22 26 25 -25 -24 -21 -23 29 -29
right_child=1 5 4 6 7 11 -8 10 -10 -11 -12 -13 -14 14 -16 17 -18 -19 -20 21 -22 27 23 24 -26 -27 -28 28 -30 -31
leaf_value=0.088030118772685448 -0.0019518542981112675 -1.7821835175709651e-05 -0.0015742517880787097 0.00040968819835057323 -0.00013286103239574729 -1.8247947322221766e-05 -0.00036150116270913048 0.00019970217015557459 -9.6446160706104014e-05 -0.00036150116270913048 -0.0049148415770130342 -0.0015747657525828245 6.3165199439656897e-05 0.0010511626627556212 -7.3749740132052219e-05 -7.0955533802222195e-07 0.00010278787538142015 7.4168354168187289e-06 1.8321596886368419e-05 0.063371733023790219 0.0038510829099754618 -0.016310791122395731 -0.03250505246460466 0.033644623388631167 0.00023007670720465861 0.0045451046390236746 -0.012494483207566588 -0.021717002316132734 -0.0050786650031463239 -0.000707697926952906
leaf_weight=116 609 1559 726 322 884 416 1115 556 15288 642 120 208 156 1153 4507 13698 469 4309 113 204 52 98 1213 763 72121 577 20 71 389 7406
leaf_count=116 609 1559 726 322 884 416 1115 556 15288 642 120 208 156 1153 4507 13698 469 4309 113 204 52 98 1213 763 72121 577 20 71 389 7406
internal_value=-0.00176394 -0.00501258 -0.00430624 -0.000838688 -0.00744957 -0.0181619 -0.0151154 -0.00916726 -0.00980398 -0.00554979 0.00606509 -0.00661058 -0.000480769 -0.00299661 -0.00161661 0.000716531 -0.00751391 0.00120925 -0.0123063 7.23083e-05 -0.00865385 3.8015e-05 0.000326444 0.000266492 0.000430136 -0.00639665 0.0203125 -0.00267454 -0.00243453 -0.00192925
internal_weight=129880 46902 44511 21164 23347 2391 2079 16848 16172 964 676 832 624 6499 5660 19085 1078 18007 839 82978 468 82862 74898 74674 72884 1790 224 7964 7866 7477
internal_count=129880 46902 44511 21164 23347 2391 2079 16848 16172 964 676 832 624 6499 5660 19085 1078 18007 839 82978 468 82862 74898 74674 72884 1790 224 7964 7866 7477
is_linear=0
shrinkage=0.05


Tree=105
num_leaves=31
num_cat=0
split_feature=6 10 17 16 8 8 8 9 19 10 19 8 18 19 19 1 9 15 19 10 10 1 10 10 17 8 18 10 35 19
split_gain=279.169 181.239 164.479 187.966 68.1047 65.9683 87.2479 65.7878 52.1399 49.6239 47.3181 37.5144 50.0192 35.2723 30.9582 44.8256 33.8878 27.8775 26.5024 25.3114 30.1775 72.0923 64.0075 60.9305 25.0259 21.0175 19.1739 13.0233 12.5758 11.8496
threshold=915.00000000000011 0.98770287048522643 28.500000000000004 735.00000000000011 360.50000000000006 298.50000000000006 295.50000000000006 0.39036257410962044 1.8 -0.83375966452616657 6.0999999999999996 364.50000000000006 17.500000000000004 6.2999999999999989 1.599999999999999 24.850000000000005 0.84313847884979054 9.7500000000000018 5.5500000000000016 -0.99983123799342477 -0.98521978256641018 29.350000000000005 -0.94703994556331683 -0.90892157495189674 34.500000000000007 174.50000000000003 27.500000000000004 -0.99761278905001471 1.0000000180025095e-35 3.1000000000000005
decision_type=2 2 2 2 2 2 2 2 2 2 2 2 2 2 2 2 2 2 2 2 2 2 2 2 2 2 2 2 2 2
left_child=17 2 3 14 -3 6 9 8 -5 -4 -7 12 18 -12 15 -2 -16 -1 -6 26 21 27 24 -24 -22 -23 -19 -21 -28 -30
right_child=1 4 5 7 11 10 -8 -9 -10 -11 13 -13 -14 -15 16 -17 -18 19 -20 20 22 25 23 -25 -26 -27 28 -29 29 -31
leaf_value=0.08362861283405118 -0.0018542615832057041 -1.6930743416924272e-05 -5.7904195457325618e-05 0.00038920378843304435 -1.7335549956110782e-05 -9.1623852670798958e-05 0.0006450144584462629 -0.00034342610457367397 -0.00034342610457367397 -9.1623852670798958e-05 0.0014146970316161703 -0.0014960274649536832 6.0006939467673748e-05 -0.00090067385504700797 -6.7407757112086799e-07 9.7648481612348795e-05 7.0459936459779661e-06 -0.038492637663277887 0.0036585287644766889 0.075552719599103424 -0.0066607172740433514 -0.010098107362113052 0.015463574079656262 -4.9538928953651862e-05 -0.0081151939145720497 0.0051918986229831463 -0.0029852090461188752 0.05572994754164734 0.0040246331078854225 -0.014900347531267157
leaf_weight=116 609 1559 8111 322 416 1086 260 1115 642 13728 106 208 156 56 13698 469 4309 184 52 172 3956 368 2760 71914 184 2710 74 430 87 23
leaf_count=116 609 1559 8111 322 416 1086 260 1115 642 13728 106 208 156 56 13698 469 4309 184 52 172 3956 368 2760 71914 184 2710 74 430 87 23
internal_value=-0.00166808 -0.0047514 -0.00403103 -0.000838688 -0.0181619 -0.00692487 -0.00629327 -0.0151154 -0.00554979 -0.00663606 -0.018109 -0.00661058 -0.000480769 0.00709877 0.000716531 -0.00751391 0.00120925 7.47186e-05 -0.00865385 4.04287e-05 9.87951e-05 0.00452446 -0.000107849 0.000227656 -0.00615942 0.0014295 -0.0130435 0.0203488 -0.00163043 0.00909091
internal_weight=129880 46902 44511 21164 2391 23347 22099 2079 964 21839 1248 832 624 162 19085 1078 18007 82978 468 82862 82494 3680 78814 74674 4140 3078 368 602 184 110
internal_count=129880 46902 44511 21164 2391 23347 22099 2079 964 21839 1248 832 624 162 19085 1078 18007 82978 468 82862 82494 3680 78814 74674 4140 3078 368 602 184 110
is_linear=0
shrinkage=0.05


Tree=106
num_leaves=31
num_cat=0
split_feature=6 10 17 16 8 8 9 18 8 9 19 19 8 18 19 19 1 9 15 19 37 37 22 10 9 17 9 1 6 1
split_gain=266.27 184.219 153.008 188.028 68.5704 68.1047 65.7878 56.8295 74.2964 66.2263 52.1399 47.3181 37.5144 50.0192 35.2723 30.6299 44.4684 33.8878 27.8844 26.5024 23.3155 54.2056 29.3994 69.9296 38.0741 26.4568 29.2208 27.5667 13.706 19.3729
threshold=915.00000000000011 0.98770287048522643 28.500000000000004 735.00000000000011 298.50000000000006 360.50000000000006 0.39036257410962044 25.500000000000004 216.50000000000003 -0.97509794945709805 1.8 6.0999999999999996 364.50000000000006 17.500000000000004 6.2999999999999989 1.599999999999999 24.850000000000005 0.84313847884979054 9.7500000000000018 5.5500000000000016 0.50314228619421375 0.49891888733052842 1.0000000180025095e-35 0.73721509932751383 -0.77245553105869302 26.500000000000004 0.98802474685579866 27.250000000000004 675.00000000000011 30.750000000000004
decision_type=2 2 2 2 2 2 2 2 2 2 2 2 2 2 2 2 2 2 2 2 2 2 2 2 2 2 2 2 2 2
left_child=18 2 3 15 7 -3 10 9 -9 -4 -5 -6 13 19 -13 16 -2 -17 -1 -7 21 22 24 -24 -20 26 -23 -27 -22 -30
right_child=1 5 4 6 11 12 -8 8 -10 -11 -12 14 -14 -15 -16 17 -18 -19 20 -21 28 25 23 -25 -26 27 -28 -29 29 -31
leaf_value=0.079447182192348628 -0.0017615485040454191 -1.6084206246078091e-05 0.0020593651015559378 0.00036974359901139204 -8.7042660037259248e-05 -1.6468772458304998e-05 -0.00032625479934499026 -6.7167043352583258e-05 -8.7042660037259248e-05 -9.9553664114752924e-05 -0.00032625479934499026 0.0013439621800353616 -0.001421226091705999 5.7006592494290165e-05 -0.00085564016229465749 -6.403736925647552e-07 9.2766057531731155e-05 6.6936939636788598e-06 0.0026129429553622355 0.0034756023262528541 -0.0060099171179784534 0.0029574837623089767 0.0053553418686482683 -0.0031664408134064017 -0.0015724160045714171 0.065840880364831642 -0.077803265300979432 0.0023854733120413207 0.0017448728017583086 -0.0030103413924324365
leaf_weight=116 609 1559 572 322 1086 416 1115 9047 9776 2704 642 106 208 156 56 13698 469 4309 12857 52 8008 1061 19063 6538 31831 487 87 244 1865 821
leaf_count=116 609 1559 572 322 1086 416 1115 9047 9776 2704 642 106 208 156 56 13698 469 4309 12857 52 8008 1061 19063 6538 31831 487 87 244 1865 821
internal_value=-0.00163035 -0.00464159 -0.00391532 -0.000836326 -0.00670643 -0.0181619 -0.0151154 -0.00606249 -0.00712028 1.52625e-05 -0.00554979 -0.018109 -0.00661058 -0.000480769 0.00709877 0.000719151 -0.00746753 0.00120925 7.17058e-05 -0.00865385 3.74116e-05 0.00036027 0.000136223 0.00148725 -0.000637755 0.00874135 0.00400697 0.0161765 -0.00214139 0.000949367
internal_weight=129880 46902 44511 21164 23347 2391 2079 22099 18823 3276 964 1248 832 624 162 19085 1078 18007 82978 468 82862 72168 70289 25601 44688 1879 1148 731 10694 2686
internal_count=129880 46902 44511 21164 23347 2391 2079 22099 18823 3276 964 1248 832 624 162 19085 1078 18007 82978 468 82862 72168 70289 25601 44688 1879 1148 731 10694 2686
is_linear=0
shrinkage=0.05


Tree=107
num_leaves=31
num_cat=0
split_feature=6 10 17 16 8 8 9 18 8 9 19 19 8 18 19 19 1 9 15 19 17 17 8 1 17 10 19 16 19 16
split_gain=269.306 184.277 153.019 188.09 68.5962 68.1047 65.7878 56.7872 74.1755 66.2263 52.1399 47.3181 37.5144 50.0192 35.2723 30.3033 44.1127 33.8878 26.8471 26.5024 23.1491 27.7113 35.7202 28.5927 52.6432 43.5431 25.7055 7.08828 4.81137 3.18594
threshold=915.00000000000011 0.98770287048522643 28.500000000000004 735.00000000000011 298.50000000000006 360.50000000000006 0.39036257410962044 25.500000000000004 216.50000000000003 -0.97509794945709805 1.8 6.0999999999999996 364.50000000000006 17.500000000000004 6.2999999999999989 1.599999999999999 24.850000000000005 0.84313847884979054 9.7500000000000018 5.5500000000000016 35.500000000000007 34.500000000000007 202.50000000000003 29.850000000000005 30.500000000000004 -0.97111920233974802 5.2999999999999989 785.00000000000011 4.2999999999999989 635.00000000000011
decision_type=2 2 2 2 2 2 2 2 2 2 2 2 2 2 2 2 2 2 2 2 2 2 2 2 2 2 2 2 2 2
left_child=18 2 3 15 7 29 10 9 -9 -4 -5 28 13 19 -13 16 -2 -17 -1 -7 21 23 -23 24 -20 -25 -24 -8 -6 -3
right_child=1 5 4 6 11 12 27 8 -10 -11 -12 14 -14 -15 -16 17 -18 -19 20 -21 -22 22 26 25 -26 -27 -28 -29 -30 -31
leaf_value=0.075474823082731179 -0.0016734710788431481 -1.5279995933774328e-05 0.0019563968464781411 0.00035125641906082265 -0.0031167303369087781 -1.5645333835389437e-05 -0.00085720726021058032 -6.3808691184954333e-05 -8.2690527035396427e-05 -9.4575980909015345e-05 -0.00030994205937774074 0.001276764071033594 -0.0013501647871206992 5.4156262869575758e-05 -0.00081285815417992476 -6.0835500793679506e-07 8.8127754655144275e-05 6.3590092654948473e-06 -0.0003535482580775851 0.0033018222099402113 -0.0056677818411407848 -0.009236125258792206 0.023582994802923175 0.0036669629876188397 0.0066987870916873082 -0.0030736190177917165 -0.0066922605445746651 -0.00030994205937774074 -8.2690527035396427e-05 -0.0034034437747133359
leaf_weight=116 609 1535 572 322 365 416 71 9047 9776 2704 642 106 208 156 56 13698 469 4309 53076 52 92 92 978 3265 15048 10185 126 1044 721 24
leaf_count=116 609 1535 572 322 365 416 71 9047 9776 2704 642 106 208 156 56 13698 469 4309 53076 52 92 92 978 3265 15048 10185 126 1044 721 24
internal_value=-0.0016111 -0.00463946 -0.00391308 -0.000833963 -0.00670429 -0.0181619 -0.0151154 -0.00606023 -0.00711762 1.52625e-05 -0.00554979 -0.018109 -0.00661058 -0.000480769 0.00709877 0.000721771 -0.00742115 0.00120925 0.000100629 -0.00865385 6.69788e-05 9.48411e-05 0.0076505 -1.59365e-05 0.000400006 -0.00212268 0.0101449 -0.0233857 -0.0218692 -0.0243265
internal_weight=129880 46902 44511 21164 23347 2391 2079 22099 18823 3276 964 1248 832 624 162 19085 1078 18007 82978 468 82862 82770 1196 81574 68124 13450 1104 1115 1086 1559
internal_count=129880 46902 44511 21164 23347 2391 2079 22099 18823 3276 964 1248 832 624 162 19085 1078 18007 82978 468 82862 82770 1196 81574 68124 13450 1104 1115 1086 1559
is_linear=0
shrinkage=0.05


Tree=108
num_leaves=31
num_cat=0
split_feature=6 10 17 16 8 9 8 1 8 19 19 1 1 8 18 7 9 9 17 15 19 17 17 8 1 17 19 19 16 16
split_gain=268.327 182.856 121.764 178.023 68.1047 65.7878 57.0655 64.1106 54.0324 52.1399 47.9479 46.8419 43.3333 37.5144 50.0192 35.4462 33.887 43.4784 31.3286 26.9832 26.5024 23.0367 25.7419 34.9264 29.1356 51.9162 28.6117 25.2002 7.08828 3.18594
threshold=915.00000000000011 0.98770287048522643 28.500000000000004 735.00000000000011 360.50000000000006 0.39036257410962044 216.50000000000003 35.050000000000004 214.50000000000003 1.8 3.2999999999999958 30.950000000000003 30.550000000000008 364.50000000000006 17.500000000000004 8.5000000000000018 0.98667101781630195 0.92922379131507438 22.500000000000004 9.7500000000000018 5.5500000000000016 35.500000000000007 34.500000000000007 202.50000000000003 29.550000000000008 30.500000000000004 0.8000000000000026 4.9000000000000048 785.00000000000011 635.00000000000011
decision_type=2 2 2 2 2 2 2 2 2 2 2 2 2 2 2 2 2 2 2 2 2 2 2 2 2 2 2 2 2 2
left_child=19 2 3 16 29 9 8 11 10 -5 -4 -8 -10 14 20 -9 17 -2 -18 -1 -6 22 24 -24 25 -21 -26 -25 -7 -3
right_child=1 4 6 5 13 28 7 15 12 -11 -12 -13 -14 -15 -16 -17 18 -19 -20 21 -22 -23 23 27 26 -27 -28 -29 -30 -31
leaf_value=0.071701081928594632 6.0410588022204174e-06 -1.4515996137085679e-05 -0.0013396301847163035 0.00033369359810778154 -1.4863067143620208e-05 -0.00081434689720005131 -7.8556000683626534e-05 -0.011440762968754424 -0.00032453636231169968 -0.00029444495640885369 -6.061825662570658e-05 -7.8556000683626534e-05 0.004200620817233023 -0.0012826565477646642 5.1448449726097108e-05 0.0018052463962271422 -0.0014093316219941875 -0.00024459692615595371 0.0015774965558837174 -0.00030225604493435955 0.0031367310994432004 -0.0053843927490837551 -0.0087743189958525928 0.022522156768908497 -0.0073219757877906804 0.0089853022079082745 -0.00070130126526150036 -0.0054183881509167796 -0.00029444495640885369 -0.0032332715859776681
leaf_weight=116 16198 1535 1714 322 416 71 5050 52 52 642 8997 7014 260 208 156 208 164 1744 979 52731 52 92 92 960 3317 12268 13258 144 1044 24
leaf_count=116 16198 1535 1714 322 416 71 5050 52 52 642 8997 7014 260 208 156 208 164 1744 979 52731 52 92 92 960 3317 12268 13258 144 1044 24
internal_value=-0.00166885 -0.0046917 -0.00396812 -0.00122141 -0.0181619 -0.0151154 -0.006458 -0.00879585 -0.00384423 -0.00554979 -0.0044417 -0.00932527 0.0166667 -0.00661058 -0.000480769 0.0157692 0.000292114 -0.000239661 0.00863955 3.97696e-05 -0.00865385 6.03413e-06 3.38287e-05 0.00731605 -7.29399e-05 0.000404237 -0.00194419 0.00978261 -0.0233857 -0.0243265
internal_weight=129880 46902 44511 21164 2391 2079 23347 12324 11023 964 10711 12064 312 832 624 260 19085 17942 1143 82978 468 82862 82770 1196 81574 64999 16575 1104 1115 1559
internal_count=129880 46902 44511 21164 2391 2079 23347 12324 11023 964 10711 12064 312 832 624 260 19085 17942 1143 82978 468 82862 82770 1196 81574 64999 16575 1104 1115 1559
is_linear=0
shrinkage=0.05


Tree=109
num_leaves=31
num_cat=0
split_feature=6 10 17 16 1 9 8 1 8 18 10 52 1 19 9 19 0 1 8 18 15 19 17 17 8 9 1 17 10 16
split_gain=246.807 188.986 124.275 200.837 78.4085 63.7814 67.1906 64.3428 60.9664 50.1684 71.3943 56.0223 47.5139 44.5714 43.9535 42.7761 41.307 38.9923 37.5144 50.0192 26.9252 26.5024 23.0845 23.2568 34.1416 24.8551 23.869 42.6834 38.8476 3.1982
threshold=915.00000000000011 0.9863035000474919 27.500000000000004 735.00000000000011 26.350000000000005 -0.54939360607974019 214.50000000000003 27.250000000000004 360.50000000000006 22.500000000000004 0.11478523713130605 0.045000000000000005 35.45000000000001 2.8999999999999999 -0.78326540922535159 1.3999999999999997 25.450000000000003 12.250000000000002 364.50000000000006 17.500000000000004 9.7500000000000018 5.5500000000000016 35.500000000000007 34.500000000000007 202.50000000000003 -0.41398024697495356 29.850000000000005 1.0000000180025095e-35 -0.97111920233974802 635.00000000000011
decision_type=2 2 2 2 2 2 2 2 2 2 2 2 2 2 2 2 2 2 2 2 2 2 2 2 2 2 2 2 2 2
left_child=20 2 3 9 15 7 16 14 17 11 -11 -2 -9 -8 -4 -5 -7 -3 19 21 -1 -10 23 26 -25 -26 27 -22 -28 -19
right_child=1 8 5 4 -6 6 13 12 18 10 -12 -13 -14 -15 -16 -17 -18 29 -20 -21 22 -23 -24 24 25 -27 28 -29 -30 -31
leaf_value=0.068116027832164888 5.7390058621091536e-06 0.01696837547966577 -8.7999019765111492e-07 0.00010862347687643631 0.0011724292527381663 -0.0021418160139808273 -0.00030830954419611492 -7.462820064944517e-05 -1.4119913786439509e-05 -3.1612329190756212e-05 8.3419313982276155e-05 -0.0045101291687315911 0.0017149840764157849 0.0037727231471731738 7.2933385266092671e-05 -0.00027972270858841103 -8.4079671691192351e-05 -1.3790196330231569e-05 -0.001218523720376431 4.8876027239792152e-05 0.066576528783099193 0.0029798945444710402 -0.0051151731116295673 -0.0083356030460599584 0.0018906046248497567 0.022162812847304106 0.0035342693522177229 0.00028332325989597343 -0.0028298643185057982 -0.0030716080066787851
leaf_weight=116 13390 47 523 245 110 793 52 12841 416 1323 1186 661 104 312 312 1545 10958 1644 208 156 175 52 92 92 460 644 3265 67949 10185 24
leaf_count=116 13390 47 523 245 110 793 52 12841 416 1323 1186 661 104 312 312 1545 10958 1644 208 156 175 52 92 92 460 644 3265 67949 10185 24
internal_value=-0.00157299 -0.00447209 -0.00371153 -0.000576923 -0.0159737 -0.00594613 -0.00329963 -0.00827286 -0.0177169 0.00118961 0.00770227 2.66885e-05 -0.00914059 0.0178571 0.00517964 -0.0184916 -0.00395498 -0.023105 -0.00661058 -0.000480769 6.56801e-05 -0.00865385 3.19809e-05 5.98043e-05 0.00698161 0.00942029 -4.16799e-05 0.000338354 -0.00196654 -0.0243705
internal_weight=129880 46902 44355 18460 1900 25895 12115 13780 2547 16560 2509 14051 12945 364 835 1790 11751 1715 832 624 82978 468 82862 82770 1196 1104 81574 68124 13450 1668
internal_count=129880 46902 44355 18460 1900 25895 12115 13780 2547 16560 2509 14051 12945 364 835 1790 11751 1715 832 624 82978 468 82862 82770 1196 1104 81574 68124 13450 1668
is_linear=0
shrinkage=0.05


Tree=110
num_leaves=31
num_cat=0
split_feature=6 10 17 16 1 8 1 8 18 10 52 8 1 9 1 19 1 1 8 18 19 15 17 17 8 9 1 17 17 16
split_gain=248.969 188.713 114.54 197.319 78.4085 71.1223 64.7217 60.9664 52.5212 71.3943 54.6281 49.8594 46.2772 43.9535 43.3333 42.7761 40.2484 38.9923 37.5144 50.0192 26.5024 25.9471 23.1045 23.7482 31.8406 24.8551 22.1623 81.2577 39.6043 3.1982
threshold=915.00000000000011 0.9863035000474919 27.500000000000004 735.00000000000011 26.350000000000005 216.50000000000003 27.250000000000004 360.50000000000006 22.500000000000004 0.11478523713130605 0.045000000000000005 214.50000000000003 35.45000000000001 -0.78326540922535159 30.550000000000008 1.3999999999999997 27.550000000000008 12.250000000000002 364.50000000000006 17.500000000000004 5.5500000000000016 9.7500000000000018 35.500000000000007 34.500000000000007 202.50000000000003 -0.41398024697495356 18.250000000000004 20.500000000000004 21.500000000000004 635.00000000000011
decision_type=2 2 2 2 2 2 2 2 2 2 2 2 2 2 2 2 2 2 2 2 2 2 2 2 2 2 2 2 2 2
left_child=21 2 3 8 15 11 13 17 10 -10 -2 16 -8 -7 -13 -5 -4 -3 19 20 -9 -1 23 26 -25 -26 27 -23 -28 -19
right_child=1 7 5 4 -6 6 12 18 9 -11 -12 14 -14 -15 -16 -17 -18 29 -20 -21 -22 22 -24 24 25 -27 28 -29 -30 -31
leaf_value=0.064710226440556642 5.4520555690037997e-06 0.016119956705682479 -0.0033378650694474224 0.00010319230303261484 0.0011138077901012582 -8.3599068776835101e-07 -7.0896790616972735e-05 -1.3413918097117396e-05 -3.0031712731218297e-05 7.9248348283162548e-05 -0.0042846227102950113 -0.00029289406698630938 0.0016292348725949952 6.9286716002787971e-05 0.0038019536190127138 -0.00026573657315899046 -5.3383360209861844e-05 -1.3100686513720095e-05 -0.0011575975343576094 4.6432225877802301e-05 0.0028308998172474884 0.00013263443583234218 -0.0048594144560480945 -0.0079188228937569615 0.0017960743936072721 0.02105467220493891 -0.0035313056092315443 0.022350633227017802 2.0822963441702314e-05 -0.002918027606344846
leaf_weight=116 13390 47 475 245 110 523 12893 416 1323 1186 661 52 104 312 260 1545 11276 1644 208 156 52 7363 92 92 460 644 6101 1511 66599 24
leaf_count=116 13390 47 475 245 110 523 12893 416 1323 1186 661 52 104 312 260 1545 11276 1644 208 156 52 7363 92 92 460 644 6101 1511 66599 24
internal_value=-0.00156991 -0.00448169 -0.00372168 -0.000712351 -0.0159737 -0.00586696 -0.00831405 -0.0177169 0.00103865 0.00770227 -0.000151235 -0.00306101 -0.00918096 0.00517964 0.0166667 -0.0184916 -0.0035848 -0.023105 -0.00661058 -0.000480769 -0.00865385 7.59237e-05 4.28423e-05 7.06778e-05 0.00706522 0.00942029 -3.18729e-05 0.00232702 -0.000319807 -0.0243705
internal_weight=129880 46902 44355 18460 1900 25895 13832 2547 16560 2509 14051 12063 12997 835 312 1790 11751 1715 832 624 468 82978 82862 82770 1196 1104 81574 8874 72700 1668
internal_count=129880 46902 44355 18460 1900 25895 13832 2547 16560 2509 14051 12063 12997 835 312 1790 11751 1715 832 624 468 82978 82862 82770 1196 1104 81574 8874 72700 1668
is_linear=0
shrinkage=0.05


Tree=111
num_leaves=31
num_cat=0
split_feature=6 10 18 16 8 9 8 19 8 8 1 8 1 1 8 18 19 8 19 19 15 10 17 17 18 9 19 10 10 18
split_gain=242.22 190.266 111.405 188.28 121.885 68.5052 60.9664 51.9385 51.3741 49.5407 49.0474 46.9736 43.3333 38.9923 37.5144 50.0192 26.5024 26.4044 43.0006 31.9197 25.9643 25.0937 23.0901 23.5182 30.8068 42.4076 35.8323 21.969 26.9707 16.5326
threshold=915.00000000000011 0.9863035000474919 25.500000000000004 735.00000000000011 216.50000000000003 0.39036257410962044 360.50000000000006 1.4000000000000015 340.50000000000006 298.50000000000006 20.450000000000003 214.50000000000003 30.550000000000008 12.250000000000002 364.50000000000006 17.500000000000004 5.5500000000000016 280.50000000000006 5.2999999999999989 2.5000000000000009 9.7500000000000018 -0.98801846520836312 35.500000000000007 34.500000000000007 28.500000000000004 -0.41398024697495356 4.7999999999999989 -0.99983123799342477 -0.98521978256641018 27.500000000000004
decision_type=2 2 2 2 2 2 2 2 2 2 2 2 2 2 2 2 2 2 2 2 2 2 2 2 2 2 2 2 2 2
left_child=20 2 3 8 11 7 13 -5 9 -2 -10 21 -13 -3 15 16 -8 19 -19 -6 -1 -4 23 27 26 -26 -25 29 -29 -22
right_child=1 6 4 5 17 -7 14 -9 10 -11 -12 12 -14 -15 -16 -17 -18 18 -20 -21 22 -23 -24 24 25 -27 -28 28 -30 -31
leaf_value=0.061474715118528804 5.1794527905532635e-06 0.015313958870398353 -0.00011914846949795319 0.00030641812920694026 0.00025427705839176849 -0.00025244974450104092 -1.2743222192261595e-05 -0.00025244974450104092 -0.0017796287205800176 -0.00019315727298943347 1.5834336828951525e-05 -0.000278249363636994 0.0036118559380620783 -1.2445652188033952e-05 -0.001099717657639729 4.4110614583912221e-05 0.0026893548263851141 -0.00053605695670713163 0.0022663719477350754 -6.735195108612396e-05 -0.036809944632079927 -2.7267279680404102e-05 -0.0046164437332457007 0.038069081022611508 -0.0054749939486212545 0.0077735872503733264 -0.0058656031084880021 0.009331040512685785 -0.00017960960616724875 -0.00087143801952574255
leaf_weight=116 15083 47 2027 130 335 1225 416 834 988 6128 1040 52 260 1668 208 156 52 520 260 8713 184 6760 92 397 184 552 63 3680 77526 184
leaf_count=116 15083 47 2027 130 335 1225 416 834 988 6128 1040 52 260 1668 208 156 52 520 260 8713 184 6760 92 397 184 552 63 3680 77526 184
internal_value=-0.00155528 -0.00442732 -0.00366419 -0.00150228 -0.00656866 -0.0155208 -0.0177169 -0.00554979 -0.000181806 -0.000908727 0.0074211 -0.00239862 0.0166667 -0.023105 -0.00661058 -0.000480769 -0.00865385 -0.0104294 -0.00160256 -0.0111903 6.80903e-05 -0.00307557 3.49979e-05 6.28247e-05 0.00702341 0.000679348 0.0171739 -3.92282e-05 1.60087e-05 -0.0122283
internal_weight=129880 46902 44355 25428 18927 2189 2547 964 23239 21211 2028 9099 312 1715 832 624 468 9828 780 9048 82978 8787 82862 82770 1196 736 460 81574 81206 368
internal_count=129880 46902 44355 25428 18927 2189 2547 964 23239 21211 2028 9099 312 1715 832 624 468 9828 780 9048 82978 8787 82862 82770 1196 736 460 81574 81206 368
is_linear=0
shrinkage=0.05


Tree=112
num_leaves=31
num_cat=0
split_feature=6 10 18 16 8 9 8 19 8 8 1 8 1 1 8 18 19 8 19 19 15 1 17 1 8 1 17 17 1 8
split_gain=238.915 191.183 107.947 188.28 126.941 68.5052 60.9664 51.9385 51.3741 49.5407 49.0474 46.1648 43.3333 38.9923 37.5144 50.0192 26.5024 26.4044 43.0006 31.9197 25.9617 23.799 24.5112 42.4433 52.8751 25.4497 79.8386 32.3714 23.0967 12.2109
threshold=915.00000000000011 0.9863035000474919 25.500000000000004 735.00000000000011 216.50000000000003 0.39036257410962044 360.50000000000006 1.4000000000000015 340.50000000000006 298.50000000000006 20.450000000000003 214.50000000000003 30.550000000000008 12.250000000000002 364.50000000000006 17.500000000000004 5.5500000000000016 280.50000000000006 5.2999999999999989 2.5000000000000009 9.7500000000000018 34.150000000000013 33.500000000000007 28.850000000000005 248.50000000000003 28.225000000000005 28.500000000000004 30.500000000000004 35.050000000000004 218.50000000000003
decision_type=2 2 2 2 2 2 2 2 2 2 2 2 2 2 2 2 2 2 2 2 2 2 2 2 2 2 2 2 2 2
left_child=20 2 3 8 11 7 13 -5 9 -2 -10 28 -13 -3 15 16 -8 19 -19 -6 -1 22 25 -24 -25 26 -22 -27 -4 -23
right_child=1 6 4 5 17 -7 14 -9 10 -11 -12 12 -14 -15 -16 -17 -18 18 -20 -21 21 29 23 24 -26 27 -28 -29 -30 -31
leaf_value=0.058400979362602384 4.9204801510258085e-06 0.014548260926878437 -4.1928813562075451e-05 0.00029109722274659329 0.00024156320547217975 -0.00023982725727598889 -1.2106061082648585e-05 -0.00023982725727598889 -0.0016906472845510168 -0.00018349940933996175 1.5042619987504225e-05 -0.00026433689545514449 0.0034312631411589746 -1.1823369578631977e-05 -0.0010447317747577425 4.190508385471664e-05 0.0025548870850658589 -0.00050925410887177477 0.0021530533503483218 -6.3984353531817972e-05 -0.00051270962741870117 -0.0018112921182782433 0.013898583485281968 0.0075601815097494198 -0.0034909977115221203 -0.0044695112742140141 0.0098564069151995115 -0.00067520413830454153 -0.0016057078645570671 -0.0079200256132887
leaf_weight=116 15083 47 8280 130 335 1225 416 834 988 6128 1040 52 260 1668 208 156 52 520 260 8713 40720 316 311 4648 1179 5269 11865 18331 507 223
leaf_count=116 15083 47 8280 130 335 1225 416 834 988 6128 1040 52 260 1668 208 156 52 520 260 8713 40720 316 311 4648 1179 5269 11865 18331 507 223
internal_value=-0.00154296 -0.00439533 -0.00363037 -0.00150228 -0.00648941 -0.0155208 -0.0177169 -0.00554979 -0.000181806 -0.000908727 0.0074211 -0.00223376 0.0166667 -0.023105 -0.00661058 -0.000480769 -0.00865385 -0.0104294 -0.00160256 -0.0111903 6.92955e-05 3.62048e-05 0.00010477 0.00314435 0.0021838 -0.000140119 0.000472093 -0.00150424 -0.00290486 -0.010436
internal_weight=129880 46902 44355 25428 18927 2189 2547 964 23239 21211 2028 9099 312 1715 832 624 468 9828 780 9048 82978 82862 82323 6138 5827 76185 52585 23600 8787 539
internal_count=129880 46902 44355 25428 18927 2189 2547 964 23239 21211 2028 9099 312 1715 832 624 468 9828 780 9048 82978 82862 82323 6138 5827 76185 52585 23600 8787 539
is_linear=0
shrinkage=0.05


Tree=113
num_leaves=31
num_cat=0
split_feature=6 10 18 16 8 9 8 19 8 1 8 8 1 1 8 18 19 8 19 19 15 17 1 17 8 19 1 17 17 16
split_gain=240.057 191.673 109.314 189.126 126.941 68.5052 60.9664 51.9385 51.5754 48.4113 47.4405 46.1648 43.3333 38.9923 37.5144 50.0192 26.5024 26.4044 43.0006 31.9197 25.9008 23.1435 23.0967 21.3949 33.5588 24.125 20.6654 136.267 66.6808 8.89427
threshold=915.00000000000011 0.9863035000474919 25.500000000000004 735.00000000000011 216.50000000000003 0.39036257410962044 360.50000000000006 1.4000000000000015 340.50000000000006 20.450000000000003 298.50000000000006 214.50000000000003 30.550000000000008 12.250000000000002 364.50000000000006 17.500000000000004 5.5500000000000016 280.50000000000006 5.2999999999999989 2.5000000000000009 9.7500000000000018 35.500000000000007 35.050000000000004 34.500000000000007 202.50000000000003 4.7999999999999989 21.450000000000003 23.500000000000004 26.500000000000004 795.00000000000011
decision_type=2 2 2 2 2 2 2 2 2 2 2 2 2 2 2 2 2 2 2 2 2 2 2 2 2 2 2 2 2 2
left_child=20 2 3 8 11 7 13 -5 10 -10 -2 22 -13 -3 15 16 -8 19 -19 -6 -1 23 -4 26 -25 -26 27 -22 -28 -7
right_child=1 6 4 5 17 29 14 -9 9 -11 -12 12 -14 -15 -16 -17 -18 18 -20 -21 21 -23 -24 24 25 -27 28 -29 -30 -31
leaf_value=0.055480930394472265 4.6744561434747261e-06 0.013820847880534516 -3.983237288397168e-05 0.00027654236160926381 0.00022948504519857069 -0.0006389965687861567 -1.150075802851605e-05 -0.00022783589441218948 -0.0016061149203234664 1.4290488988129292e-05 -0.0001743244388729635 -0.00025112005068238729 0.0032596999841010264 -1.1232201099700691e-05 -0.00099249518601985526 3.9809829661981157e-05 0.0024271427308125665 -0.00048379140342818611 0.0020454006828309057 -6.0785135855227074e-05 -0.00023175493705152039 -0.0047636306220708805 -0.0015254224713292131 -0.0082895701870752576 0.019235250156685837 -0.0047192978816117271 -0.0031751150723827548 0.028285388636114673 0.000329319547579544 -0.00022783589441218948
leaf_weight=116 15083 47 8280 130 335 89 416 834 988 1040 6128 52 260 1668 208 156 52 520 260 8713 18162 92 507 92 955 149 11886 2912 48614 1136
leaf_count=116 15083 47 8280 130 335 89 416 834 988 1040 6128 52 260 1668 208 156 52 520 260 8713 18162 92 507 92 955 149 11886 2912 48614 1136
internal_value=-0.00151909 -0.00437828 -0.00361233 -0.00147082 -0.00648941 -0.0155208 -0.0177169 -0.00554979 -0.000147382 0.00747041 -0.000875725 -0.00223376 0.0166667 -0.023105 -0.00661058 -0.000480769 -0.00865385 -0.0104294 -0.00160256 -0.0111903 9.70137e-05 6.39618e-05 -0.00290486 9.18207e-05 0.00673077 0.00914855 -5.51646e-06 0.00134289 -0.000475207 -0.0233673
internal_weight=129880 46902 44355 25428 18927 2189 2547 964 23239 2028 21211 9099 312 1715 832 624 468 9828 780 9048 82978 82862 8787 82770 1196 1104 81574 21074 60500 1225
internal_count=129880 46902 44355 25428 18927 2189 2547 964 23239 2028 21211 9099 312 1715 832 624 468 9828 780 9048 82978 82862 8787 82770 1196 1104 81574 21074 60500 1225
is_linear=0
shrinkage=0.05


Tree=114
num_leaves=31
num_cat=0
split_feature=6 10 18 16 8 9 8 8 19 8 1 8 1 1 8 18 9 19 15 1 8 17 17 8 9 1 17 1 16 0
split_gain=221.514 195.058 98.5399 187.748 127.257 75.6964 60.9664 51.804 48.7561 47.3368 46.9178 44.0642 43.0006 38.9923 37.5144 50.0192 27.8362 26.5024 26.0305 25.8574 26.1339 23.0345 21.5072 30.9984 23.2093 21.7276 76.0992 33.9244 3.1982 1.69632
threshold=915.00000000000011 0.9863035000474919 25.500000000000004 785.00000000000011 216.50000000000003 0.39036257410962044 360.50000000000006 340.50000000000006 1.4000000000000015 298.50000000000006 20.450000000000003 214.50000000000003 30.550000000000008 12.250000000000002 364.50000000000006 17.500000000000004 0.022575936829235418 5.5500000000000016 9.7500000000000018 35.550000000000004 295.50000000000006 35.500000000000007 34.500000000000007 202.50000000000003 -0.41398024697495356 18.250000000000004 20.500000000000004 18.550000000000004 635.00000000000011 25.525000000000002
decision_type=2 2 2 2 2 2 2 2 2 2 2 2 2 2 2 2 2 2 2 2 2 2 2 2 2 2 2 2 2 2
left_child=18 2 3 7 11 8 13 9 -5 -2 -9 16 -13 -3 15 17 -4 -8 -1 20 -6 22 25 -24 -25 26 -20 -27 -15 -7
right_child=1 6 4 5 19 29 14 10 -10 -11 -12 12 -14 28 -16 -17 -18 -19 21 -21 -22 -23 23 24 -26 27 -28 -29 -30 -31
leaf_value=0.052706883874748672 4.4407333363007123e-06 0.01312980548650779 -8.6515035212021701e-05 0.00026271524352880076 -5.7745879062465896e-05 -0.00021644409969158001 -1.0925720127090422e-05 -0.0015258091743072925 -0.00021644409969158001 -0.00027793743367147397 1.3575964538722897e-05 -0.00023856404814826817 0.0030967149848959751 -1.0670591044715379e-05 -0.00094287042671886256 3.7819338178882167e-05 3.6881687222392605e-07 0.0023057855942719379 0.0001722064225725986 0.0015573792009889065 0.0019431306486893604 -0.0045254490909673265 -0.0078750916777214908 0.0010599202201432873 0.01827348764885155 -0.013396020256139174 0.02127930527419877 -0.00018935793842596446 -0.0027703511648842854 -0.0022242577563146284
leaf_weight=116 15159 47 4732 125 9724 1129 416 988 807 6156 1044 52 260 1644 208 156 4055 52 7363 52 52 92 92 460 644 1315 1511 71385 24 20
leaf_count=116 15159 47 4732 125 9724 1129 416 988 807 6156 1044 52 260 1644 208 156 4055 52 7363 52 52 92 92 460 644 1315 1511 71385 24 20
internal_value=-0.00151447 -0.00426101 -0.00348833 -0.00145509 -0.00621995 -0.0158457 -0.0177169 -0.000172399 -0.00525751 -0.000899601 0.00745571 -0.00195901 0.0165064 -0.023105 -0.00661058 -0.000480769 -0.00261466 -0.00865385 3.79619e-05 -0.0101648 -0.0103519 4.8273e-06 3.26205e-05 0.00668896 0.00901268 -6.49717e-05 0.00227068 -0.000350069 -0.0243705 -0.0244343
internal_weight=129880 46902 44355 25428 18927 2081 2547 23347 932 21315 2032 9099 312 1715 832 624 8787 468 82978 9828 9776 82862 82770 1196 1104 81574 8874 72700 1668 1149
internal_count=129880 46902 44355 25428 18927 2081 2547 23347 932 21315 2032 9099 312 1715 832 624 8787 468 82978 9828 9776 82862 82770 1196 1104 81574 8874 72700 1668 1149
is_linear=0
shrinkage=0.05


Tree=115
num_leaves=31
num_cat=0
split_feature=6 10 18 16 8 9 8 19 8 1 17 8 15 8 18 9 19 15 1 8 17 17 18 9 19 1 17 10 16 0
split_gain=223.962 195.3 94.4807 185.854 127.649 75.6964 61.3982 48.7561 43.907 43.0006 40.0567 41.4254 38.9748 37.5144 50.0192 27.2145 26.5024 26.0464 25.8275 26.1037 23.0211 20.4858 29.9 41.8551 32.9355 18.5288 43.2711 33.0387 3.1883 1.69632
threshold=915.00000000000011 0.9863035000474919 25.500000000000004 785.00000000000011 216.50000000000003 0.39036257410962044 360.50000000000006 1.4000000000000015 214.50000000000003 30.550000000000008 31.500000000000004 340.50000000000006 11.750000000000002 364.50000000000006 17.500000000000004 0.022575936829235418 5.5500000000000016 9.7500000000000018 35.550000000000004 295.50000000000006 35.500000000000007 34.500000000000007 28.500000000000004 -0.41398024697495356 4.7999999999999989 29.850000000000005 30.500000000000004 -0.97111920233974802 635.00000000000011 25.525000000000002
decision_type=2 2 2 2 2 2 2 2 2 2 2 2 2 2 2 2 2 2 2 2 2 2 2 2 2 2 2 2 2 2
left_child=17 2 3 10 8 7 12 -5 15 -10 11 -2 -3 14 16 -4 -8 -1 19 -6 21 25 24 -24 -23 26 -19 -27 -14 -7
right_child=1 6 4 5 18 29 13 -9 9 -11 -12 -13 28 -15 -16 -17 -18 20 -20 -21 -22 22 23 -25 -26 27 -28 -29 -30 -31
leaf_value=0.050071539681011218 -2.5906023342431306e-05 0.017473313424043058 -8.2189283451420547e-05 0.00024957948135236052 -5.4858585109342917e-05 -0.00020562189470700099 -1.0379434120735831e-05 -0.00020562189470700099 -0.00022663584574085448 0.0029418792356511766 0.0033039360595932461 1.2897166311786475e-05 -1.0137061492479506e-05 -0.00089572690538291936 3.5928371269938057e-05 3.5037602861276442e-07 0.0021904963145583409 -0.0003743607093749768 0.0014795102409394607 0.0018459741162548922 -0.004299176636418967 0.03391218100571658 -0.0065940118455190882 0.0058878541968708127 -0.0049933527893257449 0.0030576768238401719 0.0059132078628265422 -0.0026823478958008687 -0.0026318336066400712 -0.0021130448684988971
leaf_weight=116 21159 41 4732 125 9724 1129 416 807 52 260 156 2032 1650 208 156 4055 52 53076 52 52 92 397 184 552 63 3265 15048 10185 24 20
leaf_count=116 21159 41 4732 125 9724 1129 416 807 52 260 156 2032 1650 208 156 4055 52 53076 52 52 92 397 184 552 63 3265 15048 10185 24 20
internal_value=-0.00153026 -0.00429193 -0.00351877 -0.00152784 -0.00619353 -0.0158457 -0.0177562 -0.00525751 -0.00192604 0.0165064 -0.000251638 -0.0004215 -0.0231633 -0.00661058 -0.000480769 -0.00258052 -0.00865385 3.0731e-05 -0.0101445 -0.0103314 -2.41365e-06 2.53715e-05 0.00652174 0.000271739 0.0165217 -6.98752e-05 0.000264958 -0.0017658 -0.0243429 -0.0244343
internal_weight=129880 46902 44355 25428 18927 2081 2547 932 9099 312 23347 23191 1715 832 624 8787 468 82978 9828 9776 82862 82770 1196 736 460 81574 68124 13450 1674 1149
internal_count=129880 46902 44355 25428 18927 2081 2547 932 9099 312 23347 23191 1715 832 624 8787 468 82978 9828 9776 82862 82770 1196 736 460 81574 68124 13450 1674 1149
is_linear=0
shrinkage=0.05


Tree=116
num_leaves=28
num_cat=0
split_feature=6 8 18 16 8 9 8 19 8 1 17 9 15 1 8 17 1 17 1 6 6 70 10 0 2 16 16
split_gain=179.65 145.896 93.3698 182.416 127.478 75.6964 50.6061 48.7561 43.1728 42.6692 39.9856 27.2145 26.1221 25.8275 26.1037 22.9578 18.8956 22.1463 43.4723 21.958 11.3844 5.85402 4.12977 1.69632 0.417776 0.348903 0.165657
threshold=915.00000000000011 8.5000000000000018 25.500000000000004 785.00000000000011 216.50000000000003 0.39036257410962044 364.50000000000006 1.4000000000000015 214.50000000000003 30.550000000000008 31.500000000000004 0.022575936829235418 9.7500000000000018 35.550000000000004 295.50000000000006 35.500000000000007 34.350000000000001 33.500000000000007 28.850000000000005 805.00000000000011 885.00000000000011 0.90000000000000402 -0.92272482904738262 25.525000000000002 0.29999999999999544 615.00000000000011 15.000000000000002
decision_type=2 2 2 2 2 2 2 2 2 2 2 2 2 2 2 2 2 2 2 2 2 2 2 2 2 2 2
left_child=12 24 3 6 8 7 10 -5 11 -10 -3 -4 26 14 -6 16 17 19 -19 -14 22 -22 -18 -7 25 -2 -1
right_child=1 2 4 5 13 23 -8 -9 9 -11 -12 -13 15 -15 -16 -17 20 18 -20 -21 21 -23 -24 -25 -26 -27 -28
leaf_value=0.04757984813879057 -9.6302084178552526e-06 -9.8604624146993173e-06 -7.807981927884928e-05 0.0002371005072847425 -5.2115655853875872e-05 -0.00019534079997165097 -0.0008509405601137733 -0.00019534079997165097 -0.00021530405345381173 0.002794785273868618 0.0031387392566135834 3.3285722718240376e-07 -0.00074209848768951319 0.001405534728892488 0.0017536754104421474 -0.004084217804598023 -0.0020667777471311821 0.012900995837418928 0.0020654110198222498 0.00061745243465584007 0.0022365033816122656 -0.0020189208890221463 -0.0088150732119598434 -0.002007392625073952 -9.6302084178552526e-06 -9.6302084178552526e-06 0.047556077255130759
leaf_weight=37 786 24699 4732 125 9724 1129 208 807 52 260 156 4055 67176 52 52 92 57 311 5850 9054 82 30 210 20 20 25 79
leaf_count=37 786 24699 4732 125 9724 1129 208 807 52 260 156 4055 67176 52 52 92 57 311 5850 9054 82 30 210 20 20 25 79
internal_value=-0.00140168 -0.0038751 -0.00350058 -0.00162098 -0.00619617 -0.0158457 -0.000439891 -0.00525751 -0.00193153 0.0163462 -0.000234359 -0.00258052 -3.61542e-06 -0.0101445 -0.0103314 -3.68082e-05 -9.06125e-06 4.21769e-05 0.00292566 -0.00019087 -0.0111478 0.00223214 -0.0167603 -0.0244343 -0.024639 -0.024815 0.0237069
internal_weight=129880 46902 46071 27144 18927 2081 25063 932 9099 312 24855 8787 82978 9828 9776 82862 82770 82391 6161 76230 379 112 267 1149 831 811 116
internal_count=129880 46902 46071 27144 18927 2081 25063 932 9099 312 24855 8787 82978 9828 9776 82862 82770 82391 6161 76230 379 112 267 1149 831 811 116
is_linear=0
shrinkage=0.05


Tree=117
num_leaves=29
num_cat=0
split_feature=6 8 18 16 8 9 8 19 9 8 1 1 8 1 15 17 1 17 1 9 8 8 6 0 2 16 2 6
split_gain=172.184 147.202 92.5921 184.643 134.393 75.6964 50.9933 48.7561 44.7203 41.396 42.3391 25.8275 26.1037 25.6502 25.1562 22.98 19.9939 21.1528 36.9507 23.5121 10.1689 8.71861 7.07428 1.69632 0.417776 0.348903 0.301167 0.0370927
threshold=915.00000000000011 8.5000000000000018 25.500000000000004 785.00000000000011 216.50000000000003 0.39036257410962044 364.50000000000006 1.4000000000000015 -0.90893996196865023 214.50000000000003 30.550000000000008 35.550000000000004 295.50000000000006 35.050000000000004 9.7500000000000018 35.500000000000007 34.150000000000013 33.500000000000007 28.850000000000005 0.29342972903661901 218.50000000000003 208.50000000000003 885.00000000000011 25.525000000000002 0.29999999999999544 615.00000000000011 0.19999999999999976 95.000000000000014
decision_type=2 2 2 2 2 2 2 2 2 2 2 2 2 2 2 2 2 2 2 2 2 2 2 2 2 2 2 2
left_child=14 24 3 6 9 7 8 -5 -3 13 -11 12 -6 -4 26 16 17 19 -19 -16 21 -18 -22 -7 25 -2 27 -1
right_child=1 2 4 5 11 23 -8 -9 -10 10 -12 -13 -14 -15 15 -17 20 18 -20 -21 22 -23 -24 -25 -26 -27 -28 -29
leaf_value=0.045202044276034054 -9.1486979969628013e-06 8.8202406220989213e-05 -2.5501547342657999e-05 0.00022524548192050521 -4.9509873061182041e-05 -0.00018557375997306841 -0.00080839353210808472 -0.00018557375997306841 -2.4117699054574534e-05 -0.00020453885078112121 0.002655046010175187 0.0013352579924478638 0.0016659916399200407 -0.0014368121408656386 -0.00083078318707157099 -0.0038800069143681173 -0.0028857841610906766 0.012255946045547984 0.0022589586644195859 0.0013417773570737626 -0.0099142458200836194 0.0058760121323393026 -0.00082231817311289733 -0.0019070229938202541 -9.1486979969628013e-06 -9.1486979969628013e-06 0.039327668557594377 0.052689557409555277
leaf_weight=21 786 2424 8280 125 9724 1129 208 807 22431 52 260 52 52 507 49271 92 228 311 5750 26914 172 73 51 20 20 25 21 74
leaf_count=21 786 2424 8280 125 9724 1129 208 807 22431 52 260 52 52 507 49271 92 228 311 5750 26914 172 73 51 20 20 25 21 74
internal_value=-0.00136087 -0.00378235 -0.00340616 -0.00153441 -0.00609051 -0.0158457 -0.000346128 -0.00525751 -0.000139811 -0.00171173 0.0161859 -0.0101445 -0.0103314 -0.00234722 7.8334e-06 -2.47399e-05 3.02042e-06 6.50488e-05 0.00290794 -0.000161121 -0.00973282 -0.00373754 -0.0178251 -0.0244343 -0.024639 -0.024815 0.0232759 0.0244737
internal_weight=129880 46902 46071 27144 18927 2081 25063 932 24855 9099 312 9828 9776 8787 82978 82862 82770 82246 6061 76185 524 301 223 1149 831 811 116 95
internal_count=129880 46902 46071 27144 18927 2081 25063 932 24855 9099 312 9828 9776 8787 82978 82862 82770 82246 6061 76185 524 301 223 1149 831 811 116 95
is_linear=0
shrinkage=0.05


Tree=118
num_leaves=29
num_cat=0
split_feature=6 8 18 16 8 9 8 19 8 1 17 1 1 8 15 17 8 1 17 8 9 8 22 71 16 2 20 6
split_gain=174.324 143.897 89.7803 179.214 132.028 74.7897 49.5896 47.3817 40.8751 41.5059 39.2502 25.6002 25.4419 25.7954 25.2605 23.1404 18.9149 40.5919 31.9207 21.7926 157.946 60.2211 11.2249 1.34506 0.334388 0.301167 0.194937 0.0370927
threshold=925.00000000000011 8.5000000000000018 25.500000000000004 785.00000000000011 216.50000000000003 0.39036257410962044 364.50000000000006 1.4000000000000015 214.50000000000003 30.550000000000008 31.500000000000004 35.050000000000004 35.550000000000004 280.50000000000006 9.7500000000000018 35.500000000000007 12.500000000000002 17.550000000000004 21.500000000000004 108.50000000000001 0.91596454896554913 100.50000000000001 1.0000000180025095e-35 1.899999999999997 615.00000000000011 0.19999999999999976 0.5999999999999962 95.000000000000014
decision_type=2 2 2 2 2 2 2 2 2 2 2 2 2 2 2 2 2 2 2 2 2 2 2 2 2 2 2 2
left_child=14 24 3 6 8 7 10 -5 11 -10 -3 -4 13 -6 25 16 17 22 -19 21 -21 -18 -16 -7 26 27 -2 -1
right_child=1 2 4 5 12 23 -8 -9 9 -11 -12 -13 -14 -15 15 -17 19 18 -20 20 -22 -23 -24 -25 -26 -27 -28 -29
leaf_value=0.042941942062232341 -8.6912630971144888e-06 -8.1615543412356939e-06 -2.4226469975525275e-05 0.00021398320782448009 -4.7034379408122945e-05 -0.00017629507197441499 -0.00076797385550268044 -0.00017629507197441499 -0.00019431190824206539 0.0025222937096664277 0.0029830081787356327 -0.0013649715338223567 0.0012684950928254697 -0.00024406641857993572 0.021133124677928675 -0.0036860065686497023 0.00085760336382944722 -0.012229367610141623 0.0079198792599338604 2.5567223821437725e-06 -0.030897512525009049 0.040106334790731453 0.0073427810652735293 -0.00017629507197441499 -8.6912630971144888e-06 0.037361285129714664 -8.6912630971144888e-06 0.050055079539077535
leaf_weight=21 770 24220 8118 122 8823 1104 204 794 51 255 153 500 51 765 120 93 16252 1509 429 62402 1302 1488 169 25 25 21 20 74
leaf_count=21 770 24220 8118 122 8823 1104 204 794 51 255 153 500 51 765 120 93 16252 1509 429 62402 1302 1488 169 25 25 21 20 74
internal_value=-0.00139706 -0.00387065 -0.00349508 -0.00163399 -0.00616414 -0.0158557 -0.000450625 -0.00524017 -0.00178171 0.0161765 -0.000245148 -0.00241935 -0.0102215 -0.0104088 -4.05341e-05 -7.28236e-05 -4.51172e-05 -0.00459138 -0.00719814 7.91955e-05 -0.000352411 0.00162909 0.0128893 -0.0244686 -0.0246933 0.0232759 -0.0248734 0.0244737
internal_weight=129880 46000 45185 26622 18563 2045 24577 916 8924 306 24373 8618 9639 9588 83880 83764 83671 2227 1938 81444 63704 17740 289 1129 815 116 790 95
internal_count=129880 46000 45185 26622 18563 2045 24577 916 8924 306 24373 8618 9639 9588 83880 83764 83671 2227 1938 81444 63704 17740 289 1129 815 116 790 95
is_linear=0
shrinkage=0.05


Tree=119
num_leaves=31
num_cat=0
split_feature=6 8 9 16 18 1 19 19 8 1 17 8 1 8 1 15 17 8 17 6 1 1 17 17 6 6 16 16 2 20
split_gain=165.809 140.068 91.3532 196.036 134.643 85.1873 71.9859 61.4889 57.7569 79.8121 56.4052 54.3447 45.7079 28.5217 27.9988 25.2449 22.9046 21.1222 27.9116 35.467 21.0051 20.8047 85.1994 58.7101 18.8667 3.53052 0.433498 0.341267 0.301167 0.0463271
threshold=915.00000000000011 8.5000000000000018 -0.57078386445773377 795.00000000000011 25.500000000000004 30.025000000000002 2.7000000000000006 2.3999999999999999 298.50000000000006 27.850000000000005 25.500000000000004 364.50000000000006 13.050000000000002 221.50000000000003 35.150000000000013 9.7500000000000018 35.500000000000007 12.500000000000002 21.500000000000004 815.00000000000011 30.750000000000004 21.450000000000003 22.500000000000004 26.500000000000004 735.00000000000011 935.00000000000011 945.00000000000011 615.00000000000011 0.19999999999999976 0.49999999999999739
decision_type=2 2 2 2 2 2 2 2 2 2 2 2 2 2 2 2 2 2 2 2 2 2 2 2 2 2 2 2 2 2
left_child=15 25 4 6 8 12 7 -4 10 -10 -3 -8 -5 20 -15 28 17 18 19 -17 -6 22 -19 -23 -20 -2 -7 29 -1 -27
right_child=1 2 3 5 13 26 11 -9 9 -11 -12 -13 -14 14 -16 16 -18 21 24 -21 -22 23 -24 -25 -26 27 -28 -29 -30 -31
leaf_value=0.045914228719199285 -8.2566999422585552e-06 0.00073037569632641419 -0.0013075115670919549 0.00062615309822164691 0.00097055779715114971 5.906295501220335e-05 2.4167020616548685e-06 -0.0032565939828605862 -0.00010029641321240985 -5.6311510482607435e-05 8.4200363627001679e-05 -0.00074688546801468026 -0.00016748031837569423 -4.4682660437717071e-05 0.0012050703381841972 -0.011824624280945301 -0.0035017062402172175 -0.00047429729443291516 0.041871117224042687 0.0023584344445496206 -4.4682660437717071e-05 -0.0030824547885403733 0.01975514967162062 0.00040478036406017549 -0.0052686241283945038 -8.2566999422585552e-06 4.2475066677225701e-05 -8.2566999422585552e-06 0.035493220873228946 -8.2566999422585552e-06
leaf_weight=95 32 312 2887 52 104 28 22915 1089 3276 1560 2444 208 1540 8892 156 1553 92 13940 370 190 520 11701 5116 49810 90 753 88 25 21 21
leaf_count=95 32 312 2887 52 104 28 22915 1089 3276 1560 2444 208 1540 8892 156 1553 92 13940 370 190 520 11701 5116 49810 90 753 88 25 21 21
internal_value=-0.00137627 -0.00375251 -0.00338554 -0.00166192 -0.00626158 -0.0180913 -0.000626407 -0.00684105 -0.00127766 -0.00456989 0.00449927 0.0004422 -0.0211055 -0.0101737 -0.00946065 -3.31413e-05 -6.5772e-05 -3.80573e-05 -0.00486836 -0.00775961 -0.0205128 9.40211e-05 0.00153757 -0.000353189 0.00608696 -0.0240975 0.0232759 -0.0247497 0.0232759 -0.0249354
internal_weight=129880 46902 46071 28807 17264 1708 27099 3976 7592 4836 2756 23123 1592 9672 9048 82978 82862 82770 2203 1743 624 80567 19056 61511 460 831 116 799 116 774
internal_count=129880 46902 46071 28807 17264 1708 27099 3976 7592 4836 2756 23123 1592 9672 9048 82978 82862 82770 2203 1743 624 80567 19056 61511 460 831 116 799 116 774
is_linear=0
shrinkage=0.05


Tree=120
num_leaves=31
num_cat=0
split_feature=6 8 9 16 18 1 17 8 8 1 1 23 1 8 1 15 17 1 17 6 17 1 1 6 6 16 16 2 0 20
split_gain=160.33 141.289 104.116 200.996 127.562 85.1873 57.9914 52.5984 49.7377 79.8121 45.7079 39.9219 31.7787 28.5217 27.9988 25.1875 22.9534 21.0051 18.8786 41.1259 26.6345 74.6088 37.7884 3.53052 1.46405 0.433498 0.341267 0.301167 0.180392 0.0463271
threshold=915.00000000000011 8.5000000000000018 -0.57078386445773377 795.00000000000011 25.500000000000004 30.025000000000002 16.500000000000004 364.50000000000006 298.50000000000006 27.850000000000005 13.050000000000002 1.0000000180025095e-35 15.450000000000001 221.50000000000003 35.150000000000013 9.7500000000000018 35.500000000000007 30.750000000000004 1.0000000180025095e-35 675.00000000000011 17.500000000000004 16.150000000000002 14.65 935.00000000000011 845.00000000000011 945.00000000000011 615.00000000000011 0.19999999999999976 30.150000000000009 0.49999999999999739
decision_type=2 2 2 2 2 2 2 2 2 2 2 2 2 2 2 2 2 2 2 2 2 2 2 2 2 2 2 2 2 2
left_child=15 23 4 6 8 10 12 -8 11 -10 -5 -3 -4 17 -15 27 18 -6 19 28 22 -22 -20 -2 -21 -7 29 -1 -17 -25
right_child=1 2 3 5 13 25 7 -9 9 -11 -12 -13 -14 14 -16 16 -18 -19 20 24 21 -23 -24 26 -26 -27 -28 -29 -30 -31
leaf_value=0.043618517283239337 -7.8438649451458012e-06 0.00020787527091746459 -0.0029875398958369597 0.00059484544331056479 0.00092202990729359224 5.6109807261593009e-05 1.1548377300094061e-06 -0.00070954119461394622 -9.5281592551789426e-05 -5.3495934958477238e-05 -0.00015910630245690954 -0.00025355764794736114 -0.003299121501828429 -4.2448527415830943e-05 0.0011448168212749882 0.063878464259140261 -0.0033266209282063475 -4.2448527415830943e-05 -0.0011763518733872381 -0.020731257494155254 0.020399886754596242 -0.00011354979394382348 -0.020493137836595877 -7.8438649451458012e-06 -0.013808019656667465 4.0351313343364731e-05 -7.8438649451458012e-06 0.033718559829567507 0.018595030484378463 -7.8438649451458012e-06
leaf_weight=95 32 2501 624 52 104 28 25903 208 3276 1560 1540 255 364 8892 156 184 92 520 1745 51 1848 78002 899 753 21 88 25 21 20 21
leaf_count=95 32 2501 624 52 104 28 25903 208 3276 1560 1540 255 364 8892 156 184 92 520 1745 51 1848 78002 899 753 21 88 25 21 20 21
internal_value=-0.00132738 -0.00366402 -0.00329546 -0.00145538 -0.00636585 -0.0180913 -0.000406842 4.30853e-05 -0.00151475 -0.00456989 -0.0211055 0.00384615 -0.0122976 -0.0101737 -0.00946065 -6.62826e-06 -3.92218e-05 -0.0205128 -1.14776e-05 0.0130435 -5.51555e-05 0.000108328 -0.00499244 -0.0240975 -0.0194444 0.0232759 -0.0247497 0.0232759 0.0245098 -0.0249354
internal_weight=129880 46902 46071 28807 17264 1708 27099 26111 7592 4836 1592 2756 988 9672 9048 82978 82862 624 82770 276 82494 79850 2644 831 72 116 799 116 204 774
internal_count=129880 46902 46071 28807 17264 1708 27099 26111 7592 4836 1592 2756 988 9672 9048 82978 82862 624 82770 276 82494 79850 2644 831 72 116 799 116 204 774
is_linear=0
shrinkage=0.05


Tree=121
num_leaves=31
num_cat=0
split_feature=6 8 9 16 18 1 17 8 8 1 1 1 23 8 1 15 17 1 1 6 10 10 8 7 6 6 16 16 2 20
split_gain=160.107 141.466 102.843 201.038 129.705 85.1873 57.5168 52.5984 52.1244 79.8121 45.7079 32.0532 31.3201 28.5217 27.9988 25.1653 21.9832 21.0051 18.7415 23.982 35.3985 23.7806 15.137 11.0243 5.56346 3.53052 0.433498 0.341267 0.301167 0.0463271
threshold=915.00000000000011 8.5000000000000018 -0.57078386445773377 795.00000000000011 25.500000000000004 30.025000000000002 16.500000000000004 364.50000000000006 298.50000000000006 27.850000000000005 13.050000000000002 15.450000000000001 1.0000000180025095e-35 221.50000000000003 35.150000000000013 9.7500000000000018 35.500000000000007 30.750000000000004 33.850000000000001 805.00000000000011 0.73721509932751383 0.78192542922038288 218.50000000000003 7.5000000000000009 885.00000000000011 935.00000000000011 945.00000000000011 615.00000000000011 0.19999999999999976 0.49999999999999739
decision_type=2 2 2 2 2 2 2 2 2 2 2 2 2 2 2 2 2 2 2 2 2 2 2 2 2 2 2 2 2 2
left_child=15 25 4 6 8 10 11 -8 12 -10 -5 -4 -3 17 -15 28 18 -6 19 20 -17 -21 23 -20 -24 -2 -7 29 -1 -27
right_child=1 2 3 5 13 26 7 -9 9 -11 -12 -13 -14 14 -16 16 -18 -19 22 21 -22 -23 24 -25 -26 27 -28 -29 -30 -31
leaf_value=0.041437591419077352 -7.4516716978882685e-06 0.00019748150737159133 -0.0028381629010451118 0.00056510317114503647 0.00087592841192891263 5.3304316898513537e-05 1.0970958435087275e-06 -0.00067406413488324893 -9.0517512924200022e-05 -5.0821138210553618e-05 -0.00015115098733406408 -0.0031341654267370077 -0.00024087976554999294 -4.0326101045039259e-05 0.0010875759802112389 0.00055799200623057876 -0.0031602898817960413 -4.0326101045039259e-05 -0.0018338390163450181 0.0003435518818755583 -0.0026852490118670414 0.0016367364113586719 -0.010534040373495555 0.0092871879323878671 -0.0012905906952304842 -7.4516716978882685e-06 3.8333747676196767e-05 -7.4516716978882685e-06 0.032032631838089111 -7.4516716978882685e-06
leaf_weight=95 32 2501 624 52 104 28 25903 208 3276 1560 1540 364 255 8892 156 55454 92 520 365 7227 17213 2133 243 67 68 753 88 25 21 21
leaf_count=95 32 2501 624 52 104 28 25903 208 3276 1560 1540 364 255 8892 156 55454 92 520 365 7227 17213 2133 243 67 68 753 88 25 21 21
internal_value=-0.00131621 -0.00365123 -0.00328243 -0.00145364 -0.00633399 -0.0180913 -0.000404996 4.30853e-05 -0.00144231 -0.00456989 -0.0211055 -0.012247 0.00404572 -0.0101737 -0.00946065 3.61542e-06 -2.89638e-05 -0.0205128 -1.81225e-06 6.97941e-05 -0.00023704 0.00245192 -0.00790713 -0.00185185 -0.0163183 -0.0240975 0.0232759 -0.0247497 0.0232759 -0.0249354
internal_weight=129880 46902 46071 28807 17264 1708 27099 26111 7592 4836 1592 988 2756 9672 9048 82978 82862 624 82770 82027 72667 9360 743 432 311 831 116 799 116 774
internal_count=129880 46902 46071 28807 17264 1708 27099 26111 7592 4836 1592 988 2756 9672 9048 82978 82862 624 82770 82027 72667 9360 743 432 311 831 116 799 116 774
is_linear=0
shrinkage=0.05


Tree=122
num_leaves=31
num_cat=0
split_feature=6 8 9 16 1 1 17 8 1 1 1 19 8 19 1 15 17 23 9 1 1 6 0 16 20 16 2 20 16 6
split_gain=170.018 139.995 115.825 201.122 125.412 85.1873 56.5733 52.5984 45.7079 44.214 56.9594 51.4279 33.5478 34.554 32.6059 25.1549 21.9919 18.3795 18.2552 38.1134 19.7356 3.53052 0.765812 0.433498 0.344118 0.341267 0.301167 0.0463271 0.0391304 0.0370927
threshold=915.00000000000011 8.5000000000000018 -0.57078386445773377 795.00000000000011 30.950000000000003 30.025000000000002 16.500000000000004 364.50000000000006 13.050000000000002 27.150000000000006 24.150000000000006 2.7999999999999985 221.50000000000003 6.6000000000000041 15.450000000000001 9.7500000000000018 35.500000000000007 54.500000000000007 0.99939377080793557 20.750000000000004 29.550000000000008 935.00000000000011 33.250000000000007 945.00000000000011 -0.30000000000000332 615.00000000000011 0.19999999999999976 0.49999999999999739 335.00000000000006 95.000000000000014
decision_type=2 2 2 2 2 2 2 2 2 2 2 2 2 2 2 2 2 2 2 2 2 2 2 2 2 2 2 2 2 2
left_child=15 21 4 6 9 8 14 -8 -5 10 -3 -11 22 -14 -4 26 17 18 20 -20 -17 -2 -6 -7 -19 27 29 -23 -18 -1
right_child=1 2 3 5 12 23 7 -9 -10 11 -12 -13 13 -15 -16 16 28 24 19 -21 -22 25 -24 -25 -26 -27 -28 -29 -30 -31
leaf_value=0.034246328088044911 -7.079088112994098e-06 -0.003961483313734456 -0.0026962547559928568 0.00053684801258778447 -3.8309795992787222e-05 5.0639101053587963e-05 1.0422410513334647e-06 -0.0006403609281390865 -0.00014359343796736086 -0.0015838035140349803 7.2792380658484595e-05 -1.4472307202202661e-05 -3.8309795992787222e-05 0.000494296622055606 -0.0029774571554001573 0.0005508918658400086 -0.0030022753877062326 -0.0095597802643158144 0.016951629964815609 -0.017043292107650855 -0.0011964061118848236 -7.079088112994098e-06 -0.0072224295464348642 3.6417060292386759e-05 -0.038135281282377309 -7.079088112994098e-06 0.030431000246184638 -7.079088112994098e-06 -0.00027252145136049679 0.041003808691047833
leaf_weight=21 32 1092 624 52 448 28 25903 208 1540 818 2607 5473 6289 517 364 64235 72 20 79 657 17714 753 20 88 65 25 21 21 20 74
leaf_count=21 32 1092 624 52 448 28 25903 208 1540 818 2607 5473 6289 517 364 64235 72 20 79 657 17714 753 20 88 65 25 21 21 20 74
internal_value=-0.00135163 -0.00375784 -0.00339096 -0.00145017 -0.0066294 -0.0180913 -0.000401306 4.30853e-05 -0.0211055 -0.00299299 0.00134496 -0.00554363 -0.0116236 -0.0107332 -0.0121457 8.43597e-06 -2.41365e-05 3.02042e-06 2.69094e-05 -0.0078125 9.73166e-05 -0.0240975 -0.0245726 0.0232759 -0.0232353 -0.0247497 0.0232759 -0.0249354 -0.0244565 0.0244737
internal_weight=129880 46902 46071 28807 17264 1708 27099 26111 1592 9990 3699 6291 7274 6806 988 82978 82862 82770 82685 736 81949 831 468 116 85 799 116 774 92 95
internal_count=129880 46902 46071 28807 17264 1708 27099 26111 1592 9990 3699 6291 7274 6806 988 82978 82862 82770 82685 736 81949 831 468 116 85 799 116 774 92 95
is_linear=0
shrinkage=0.05


Tree=123
num_leaves=31
num_cat=0
split_feature=6 8 9 16 1 1 17 1 71 1 8 1 1 8 19 15 17 1 9 17 9 17 1 6 6 0 16 16 2 20
split_gain=152.064 142.856 92.6129 201.248 154.733 85.1873 55.6553 54.469 53.3372 52.8888 51.6014 45.7079 33.1632 32.9965 34.0587 25.1497 21.9962 17.848 68.8603 58.2063 46.627 27.2097 152.009 55.8307 3.53052 1.19658 0.433498 0.341267 0.301167 0.0463271
threshold=915.00000000000011 8.5000000000000018 -0.57078386445773377 795.00000000000011 30.950000000000003 30.025000000000002 16.500000000000004 27.150000000000006 1.7 29.450000000000003 364.50000000000006 13.050000000000002 15.450000000000001 221.50000000000003 6.6000000000000041 9.7500000000000018 35.500000000000007 18.250000000000004 0.63920241694561786 17.500000000000004 -0.35846811432664222 27.500000000000004 24.550000000000008 745.00000000000011 935.00000000000011 33.250000000000007 945.00000000000011 615.00000000000011 0.19999999999999976 0.49999999999999739
decision_type=2 2 2 2 2 2 2 2 2 2 2 2 2 2 2 2 2 2 2 2 2 2 2 2 2 2 2 2 2 2
left_child=15 24 4 6 7 11 12 8 -3 -9 -8 -5 -4 25 -15 28 17 18 20 -20 -17 23 -23 -19 -2 -6 -7 29 -1 -26
right_child=1 2 3 5 13 26 10 9 -10 -11 -12 -13 -14 14 -16 16 -18 21 19 -21 -22 22 -24 -25 27 -27 -28 -29 -30 -31
leaf_value=0.037315521413571064 -6.725133707344289e-06 6.9152761625560638e-05 -0.0025614420181932136 0.00051000561195839531 -3.6394306193147928e-05 4.81071460009086e-05 9.9012899876654852e-07 -0.00032754598876807154 -6.0019400152832442e-05 4.2403498642928916e-07 -0.00060834288173213218 -0.00013641376606899282 -0.0028285842976301491 -3.6394306193147928e-05 0.00046958179095282564 0.015421885071600272 -0.0028521616183209142 -0.0043518296397293144 -0.037946220305275752 0.024060821815806266 -0.0020632251927881875 0.039828739508836079 -1.7043949502903998e-05 0.0009044086679982175 -6.725133707344289e-06 -0.0068613080691131206 3.4596207277767106e-05 -6.725133707344289e-06 0.028909450233875412 -6.725133707344289e-06
leaf_weight=95 32 2334 624 52 448 28 25903 3428 1365 2863 208 1540 364 6289 517 479 92 22110 276 1630 6489 1674 44050 6062 753 20 88 25 21 21
leaf_count=95 32 2334 624 52 448 28 25903 3428 1365 2863 208 1540 364 6289 517 479 92 22110 276 1630 6489 1674 44050 6062 753 20 88 25 21 21
internal_value=-0.00127541 -0.00355102 -0.00318042 -0.00144496 -0.00607623 -0.0180913 -0.000395771 -0.00203704 0.00277778 -0.00486807 4.50002e-05 -0.0211055 -0.0120445 -0.0116236 -0.0107405 1.08462e-05 -2.17229e-05 5.43675e-06 0.00212418 0.0105456 -0.000179392 -0.000248999 0.000504112 -0.00147132 -0.0240975 -0.0244658 0.0232759 -0.0247497 0.0232759 -0.0249354
internal_weight=129880 46902 46071 28807 17264 1708 27099 9990 3699 6291 26111 1592 988 7274 6806 82978 82862 82770 8874 1906 6968 73896 45724 28172 831 468 116 799 116 774
internal_count=129880 46902 46071 28807 17264 1708 27099 9990 3699 6291 26111 1592 988 7274 6806 82978 82862 82770 8874 1906 6968 73896 45724 28172 831 468 116 799 116 774
is_linear=0
shrinkage=0.05


Tree=124
num_leaves=31
num_cat=0
split_feature=1 9 8 16 9 6 9 1 19 8 8 8 19 17 0 1 1 19 1 1 10 7 17 8 6 1 1 9 19 17
split_gain=153.504 105.635 104.118 99.0258 189.731 66.1877 58.3621 73.5294 50.9424 73.1885 44.2161 107.951 84.2364 42.0543 44.8505 40.1798 38.4019 36.0545 31.8705 41.9183 41.9651 35.1736 30.6786 38.3528 29.6271 29.1505 43.7303 26.7821 26.4619 25.7708
threshold=31.950000000000003 -0.56368474752277564 12.500000000000002 905.00000000000011 -0.43733984355855576 925.00000000000011 0.15951094710994371 21.350000000000005 6.2999999999999989 294.50000000000006 236.50000000000003 238.50000000000003 4.2999999999999963 1.0000000180025095e-35 25.025000000000002 13.050000000000002 17.550000000000004 6.6000000000000041 35.050000000000004 34.750000000000007 -0.98521978256641018 7.5000000000000009 33.500000000000007 176.50000000000003 935.00000000000011 25.250000000000004 26.350000000000005 0.80417553764032002 8.4500000000000028 35.500000000000007
decision_type=2 2 2 2 2 2 2 2 2 2 2 2 2 2 2 2 2 2 2 2 2 2 2 2 2 2 2 2 2 2
left_child=2 10 5 8 25 16 -7 -8 13 27 24 -12 -13 -4 -15 -6 -1 -14 19 22 -21 -20 23 -3 -2 -5 -27 -10 -17 -24
right_child=1 18 3 4 15 6 7 -9 9 -11 11 12 17 14 -16 28 -18 -19 21 20 -22 -23 29 -25 -26 26 -28 -29 -30 -31
leaf_value=0.015282282572162287 -0.0030084615282914753 2.5329633183981268e-05 0.052996447620619586 4.7899593253090157e-05 0.00048450533136047555 -6.388877021976797e-06 -0.0049165628436668588 0.0050179408918870731 2.7723479621143134e-05 -0.0018751615763632227 0.0084199322126149584 0.0049654254836223157 -0.00043951644418075076 1.7940817381267154e-05 -3.7607382381998902e-05 -0.0001295930777655432 -0.0064864404341607677 0.00058230181074759722 -0.0022852030228991101 -0.0016523189945443898 0.0032477936579918612 0.0040257563478698693 0.00065039185625789678 -0.00018411269285733417 -4.9010659348356499e-05 -0.00075671705449946729 0.00023034961889411914 -0.00035555671663261293 0.0010314888427362956 -0.0050720245522390683
leaf_weight=289 536 1512 212 211 45 917 153 153 901 774 276 577 4291 51134 53649 1384 1938 457 504 60 386 54 2316 3278 1548 122 582 1506 34 81
leaf_count=289 536 1512 212 211 45 917 153 153 901 774 276 577 4291 51134 53649 1384 1938 457 504 60 386 54 2316 3278 1548 122 582 1506 34 81
internal_value=-0.0011603 -0.00576657 -0.000518841 -0.000251913 -0.0103448 -0.00907246 -0.0184178 0.000490196 -3.00436e-05 -0.00626375 -0.00997723 -0.00766381 -0.00924413 0.000158817 0.000113807 -0.021514 -0.00394028 -0.0114364 -0.00181602 -0.00097275 0.0139013 -0.0133513 -0.00189578 -0.00420668 -0.0161948 0.00751366 0.00262784 -0.00196302 -0.0229901 0.00272215
internal_weight=129880 15876 114004 110554 2378 3450 1223 306 108176 3181 7685 5601 5325 104995 104783 1463 2227 4748 8191 7633 446 558 7187 4790 2084 915 704 2407 1418 2397
internal_count=129880 15876 114004 110554 2378 3450 1223 306 108176 3181 7685 5601 5325 104995 104783 1463 2227 4748 8191 7633 446 558 7187 4790 2084 915 704 2407 1418 2397
is_linear=0
shrinkage=0.05


Tree=125
num_leaves=31
num_cat=0
split_feature=1 8 16 9 9 6 8 8 19 19 17 17 17 1 70 1 6 8 1 1 1 19 19 0 17 6 1 9 1 8
split_gain=139.196 129.598 100.281 189.731 85.6479 78.657 50.3119 101.968 74.4985 48.7289 43.5238 41.6289 44.667 93.8592 52.0924 40.1798 34.6897 30.7393 36.8047 29.1505 43.7303 26.4619 25.0237 23.935 22.875 37.3225 27.7181 21.9936 25.5 20.0263
threshold=31.950000000000003 12.500000000000002 905.00000000000011 -0.43733984355855576 -0.56368474752277564 925.00000000000011 236.50000000000003 238.50000000000003 4.2999999999999963 6.0000000000000018 22.500000000000004 1.0000000180025095e-35 16.500000000000004 16.150000000000002 0.5999999999999962 13.050000000000002 935.00000000000011 214.50000000000003 32.95000000000001 25.250000000000004 26.350000000000005 8.4500000000000028 7.0999999999999996 30.425000000000004 21.500000000000004 815.00000000000011 17.550000000000004 0.19337368024598436 21.550000000000008 4.5000000000000009
decision_type=2 2 2 2 2 2 2 2 2 2 2 2 2 2 2 2 2 2 2 2 2 2 2 2 2 2 2 2 2 2
left_child=1 5 11 19 6 24 16 -8 23 -10 27 -3 14 -14 -13 -5 -2 22 -19 -4 -21 -17 -6 -9 25 26 -1 -7 -29 -26
right_child=4 2 3 15 17 10 7 8 9 -11 -12 12 13 -15 -16 21 -18 18 -20 20 -22 -23 -24 -25 29 -27 -28 28 -30 -31
leaf_value=0.0058300612228897155 -0.0028580384518769007 0.050346625239588598 4.5504613590435653e-05 0.00046028006479245171 -6.8027847242031758e-05 -6.0694331708778528e-06 0.0079989356019842112 0.0047171542094411999 -0.00041754062197171333 -8.0713756884107087e-06 0.0047670438472927198 0.0027783812885955358 0.015930049914308821 -8.9855677775009534e-06 -0.0027458485641440856 -0.00012311342387726605 -4.6560126380938709e-05 -0.0005106549710401975 0.0024050496085417112 -0.00071888120177449391 0.00021883213794941306 0.0009799144005994808 0.00057476559822226131 0.0020248868556791534 -0.014342625102538987 0.0020409213197778598 -0.012324798333343004 -0.0046707347014835155 0.0047670438472927198 0.038935032613552051
leaf_weight=253 536 212 211 45 7689 1070 276 186 3586 1162 51 1286 2365 102632 1681 1384 1548 94 261 122 582 34 147 391 93 209 1300 51 51 372
leaf_count=253 536 212 211 45 7689 1070 276 186 3586 1162 51 1286 2365 102632 1681 1384 1548 94 261 122 582 34 147 391 93 209 1300 51 51 372
internal_value=-0.00109678 -0.000485948 -0.000188143 -0.0103448 -0.00548312 -0.010029 -0.00927456 -0.00680682 -0.00834272 -0.0104044 -0.0202167 3.51279e-05 -8.33611e-06 0.000162624 -0.00605831 -0.021514 -0.0159069 -0.00192589 0.0124648 0.00751366 0.00262784 -0.0229901 -0.00257785 0.00862218 -0.00443422 -0.00703746 -0.00970702 -0.0221843 0 0.00543011
internal_weight=129880 114004 110554 2378 15876 3450 7685 5601 5325 4748 1223 108176 107964 104997 2967 1463 2084 8191 355 915 704 1418 7836 577 2227 1762 1553 1172 102 465
internal_count=129880 114004 110554 2378 15876 3450 7685 5601 5325 4748 1223 108176 107964 104997 2967 1463 2084 8191 355 915 704 1418 7836 577 2227 1762 1553 1172 102 465
is_linear=0
shrinkage=0.05


Tree=126
num_leaves=31
num_cat=0
split_feature=8 16 9 6 1 17 17 1 70 17 1 17 71 1 1 1 1 19 9 1 23 8 8 17 0 6 10 6 17 1
split_gain=118.783 98.4915 180.558 80.0054 61.9832 46.1493 46.7168 86.6789 51.3287 43.5238 40.1798 39.1679 36.8753 31.7465 40.8137 35.1301 27.6732 26.4619 21.9936 25.5 21.1719 20.9639 25.6329 20.0032 19.1481 20.8838 18.7707 18.0241 19.2972 16.6621
threshold=12.500000000000002 905.00000000000011 -0.43733984355855576 925.00000000000011 30.750000000000004 1.0000000180025095e-35 16.500000000000004 14.65 0.5999999999999962 22.500000000000004 13.050000000000002 32.500000000000007 1.1999999999999977 25.250000000000004 26.350000000000005 28.150000000000006 34.45000000000001 8.4500000000000028 0.19337368024598436 21.550000000000008 2.5000000000000004 6.5000000000000009 4.5000000000000009 34.500000000000007 15.750000000000002 575.00000000000011 -0.99761278905001471 825.00000000000011 21.500000000000004 20.250000000000004
decision_type=2 2 2 2 2 2 2 2 2 2 2 2 2 2 2 2 2 2 2 2 2 2 2 2 2 2 2 2 2 2
left_child=3 4 13 21 5 -2 8 -8 -7 18 -4 20 23 -3 -15 -16 -14 -12 -5 -20 26 22 24 -13 -1 -26 -6 28 -23 -30
right_child=1 2 10 9 11 6 7 -9 -10 -11 17 12 16 14 15 -17 -18 -19 19 -21 -22 27 -24 -25 25 -27 -28 -29 29 -31
leaf_value=0.017928775304909616 0.055636174973507681 4.3229382910913869e-05 0.00043726606155282887 -5.7659615123342727e-06 -0.00017150566585236588 0.0026394622241657593 0.030817923292337391 1.6338892972027341e-06 -0.0026085561359368813 0.0045286916549280836 -0.00011695775268340275 -0.00084321422558516774 8.2782624241328758e-06 -0.00068293714168576923 0.0011278352576995839 -1.7507485964220195e-06 -8.3899770403704499e-05 0.00093091868056950676 -0.0044371979664093401 0.0045286916549280836 0.0030009660562416497 -0.012775807128836615 0.022817358922388609 0.014879991099924529 -0.01473817903661947 0.0010897874873495447 -0.0001607047623318661 0.0016027145790466998 0.069623241394276988 -0.0049502811289005022
leaf_weight=65 195 211 45 1070 511 1286 765 97206 1681 51 1384 1413 9612 122 188 394 1867 34 51 51 182 830 367 212 399 280 9122 120 61 105
leaf_count=65 195 211 45 1070 511 1286 765 97206 1681 51 1384 1413 9612 122 188 394 1867 34 51 51 182 830 367 212 399 280 9122 120 61 105
internal_value=-0.00078842 -0.000538638 -0.0106182 -0.00994203 -0.00034542 0.000186635 0.00013969 0.000326882 -0.00604146 -0.0202167 -0.021514 -0.00269318 -0.000904304 0.00680328 0.00170455 0.00721649 9.36493e-05 -0.0229901 -0.0221843 0 -0.00508151 -0.00429951 0.000562556 -0.00795385 -0.00477151 -0.00725331 -0.00540071 -0.00913978 -0.0113454 0.00421687
internal_weight=129880 126430 2378 3450 124052 101133 100938 97971 2967 1223 1463 22919 13104 915 704 582 11479 1418 1172 102 9815 2227 1111 1625 744 679 9633 1116 996 166
internal_count=129880 126430 2378 3450 124052 101133 100938 97971 2967 1223 1463 22919 13104 915 704 582 11479 1418 1172 102 9815 2227 1111 1625 744 679 9633 1116 996 166
is_linear=0
shrinkage=0.05


Tree=127
num_leaves=31
num_cat=0
split_feature=8 16 9 6 1 17 17 8 70 17 18 9 10 1 1 1 1 1 19 19 19 19 9 1 6 22 17 1 8 1
split_gain=109.618 99.4755 180.558 86.6846 47.8584 46.2 46.261 73.2845 49.5222 43.5238 42.5032 63.4009 72.0583 40.1798 31.7465 40.8137 35.1301 28.4501 27.131 53.6716 43.1768 26.4619 21.9936 25.5 18.4168 15.4451 13.8566 12.3737 10.6021 15.8848
threshold=12.500000000000002 905.00000000000011 -0.43733984355855576 925.00000000000011 30.750000000000004 1.0000000180025095e-35 16.500000000000004 20.500000000000004 0.5999999999999962 22.500000000000004 27.500000000000004 -0.99275805973510278 -0.61915584096709908 13.050000000000002 25.250000000000004 26.350000000000005 28.150000000000006 17.550000000000004 6.7500000000000009 6.0000000000000018 7.7000000000000011 8.4500000000000028 0.19337368024598436 21.550000000000008 325.00000000000006 1.0000000180025095e-35 21.500000000000004 20.250000000000004 4.5000000000000009 16.850000000000005
decision_type=2 2 2 2 2 2 2 2 2 2 2 2 2 2 2 2 2 2 2 2 2 2 2 2 2 2 2 2 2 2
left_child=3 4 14 17 5 -2 8 -8 -7 22 11 25 -13 -4 -3 -16 -17 28 19 -12 -20 -15 -5 -24 26 -6 -19 -28 29 -1
right_child=1 2 13 9 10 6 7 -9 -10 -11 18 12 -14 21 15 16 -18 24 20 -21 -22 -23 23 -25 -26 -27 27 -29 -30 -31
leaf_value=0.0073323383458531628 0.052854366224832305 4.1067913765368172e-05 0.00041540275847518765 -5.4776634367176283e-06 -0.0049836865739650805 0.0025074891129574731 0.0021596408815267492 1.5521948323424241e-06 -0.0024781283291400373 0.0043022570721816793 -1.8269803715234567e-06 -0.00032057136408572139 1.6313500540725975e-05 -0.00011110986504923261 -0.00064879028460148073 0.0010714434948146049 -1.6632111666012306e-06 -0.014904961825833542 0.0005616255271112307 -0.0011752014753882588 -0.0054510268813626975 0.00088437274654103138 -0.004215338068088873 0.0043022570721816793 -0.0021883750709111153 -0.0037970321094171777 0.066142079324563133 -0.02575878175403952 0.021942316861644343 -0.0050946854221251229
leaf_weight=122 195 211 45 1070 781 1286 2016 95955 1681 51 11870 4419 3794 1384 122 188 394 495 416 1082 71 34 51 51 1311 486 99 33 92 75
leaf_count=122 195 211 45 1070 781 1286 2016 95955 1681 51 11870 4419 3794 1384 122 188 394 495 416 1082 71 34 51 51 1311 486 99 33 92 75
internal_value=-0.000728365 -0.000488413 -0.0106182 -0.00952174 -0.000294231 0.000173287 0.000126315 0.000312593 -0.0060246 -0.0202167 -0.00235721 -0.00492089 -0.00331487 -0.021514 0.00680328 0.00170455 0.00721649 -0.00364841 -0.000548776 -0.000984404 0.011037 -0.0229901 -0.0221843 0 -0.00583075 -0.0153315 -0.0128788 0.00151515 0.0109862 0.00444162
internal_weight=129880 126430 2378 3450 124052 101133 100938 97971 2967 1223 22919 9480 8213 1463 915 704 582 2227 13439 12952 487 1418 1172 102 1938 1267 627 132 289 197
internal_count=129880 126430 2378 3450 124052 101133 100938 97971 2967 1223 22919 9480 8213 1463 915 704 582 2227 13439 12952 487 1418 1172 102 1938 1267 627 132 289 197
is_linear=0
shrinkage=0.05


Tree=128
num_leaves=31
num_cat=0
split_feature=8 6 16 9 1 1 8 8 8 22 17 8 19 8 18 19 19 8 1 1 1 1 15 17 1 1 6 18 1 1
split_gain=118.678 190.592 94.6789 180.628 52.2427 83.4107 80.1113 80.6735 70.4736 68.0013 69.5253 56.9018 45.2159 43.1337 41.5468 34 33.8179 33.6249 32.9442 43.9026 35.1301 30.0268 27.8228 29.1956 41.7663 31.2647 50.6221 45.5765 25.1656 24.9712
threshold=28.500000000000004 925.00000000000011 905.00000000000011 -0.43733984355855576 20.150000000000002 20.350000000000005 341.50000000000006 332.50000000000006 343.50000000000006 1.0000000180025095e-35 16.500000000000004 349.50000000000006 6.1999999999999984 326.50000000000006 9.5000000000000018 5.9500000000000002 7.7000000000000011 346.50000000000006 24.850000000000005 26.350000000000005 28.150000000000006 18.850000000000005 9.7500000000000018 21.500000000000004 20.750000000000004 17.250000000000004 785.00000000000011 11.500000000000002 18.850000000000005 20.250000000000004
decision_type=2 2 2 2 2 2 2 2 2 2 2 2 2 2 2 2 2 2 2 2 2 2 2 2 2 2 2 2 2 2
left_child=1 22 4 18 8 -6 7 -7 9 13 -11 21 -13 -2 15 -3 -5 -8 -4 -20 -21 -10 -1 25 28 27 -27 -24 -25 -16
right_child=2 14 3 16 5 6 17 -9 11 10 -12 12 -14 -15 29 -17 -18 -19 19 20 -22 -23 23 24 -26 26 -28 -29 -30 -31
leaf_value=0.030270477668717578 -0.0013270760142874316 0.0019405822069291459 3.9014518077099764e-05 -0.00010555437179677098 -0.005029128066299373 -1.5923535218091702e-05 0.0031322547351156252 -0.0040766829918026382 -0.010721168572506058 -0.026294332565393805 0.008730255726963022 1.4745850907250947e-06 -0.00044535115575072533 0.014844257879426826 -0.0020206545989209543 -0.0023542219126830351 0.00084015410921397984 1.3417176815792853e-05 -0.00061635077037140674 0.0010178713200738744 -1.5800506082713774e-06 0.00034646435232104717 -0.010812999257066226 -0.0042638790127428328 -0.0040513507131340774 -0.013100031137665599 0.0017393734031055327 0.01666571962237149 0.042074201626484342 -9.0570683640119065e-05
leaf_weight=116 3725 102 200 1245 1029 97345 1340 2804 877 144 4256 5344 176 699 1122 51 36 1587 133 188 394 300 535 286 548 1821 420 823 654 1580
leaf_count=116 3725 102 200 1245 1029 97345 1340 2804 877 144 4256 5344 176 699 1122 51 36 1587 133 188 394 300 535 286 548 1821 420 823 654 1580
internal_value=-0.000756468 -0.00663316 -0.00036775 -0.0106557 -0.000178891 -0.000582345 -0.000440937 -0.000679238 0.00252722 0.00546238 0.00986364 -0.00134015 0.000788043 0.00108499 -0.017014 0.00833333 -0.0227752 0.00771268 0.00631148 0.00129371 0.00721649 -0.0113212 -0.000936959 -0.00148909 0.00440188 -0.0039247 -0.00755243 0.00206186 0.0107979 -0.0184493
internal_weight=129880 8058 121822 2196 119626 104105 103076 100149 15521 8824 4400 6697 5520 4424 2855 153 1281 2927 915 715 582 1177 5203 5087 1488 3599 2241 1358 940 2702
internal_count=129880 8058 121822 2196 119626 104105 103076 100149 15521 8824 4400 6697 5520 4424 2855 153 1281 2927 915 715 582 1177 5203 5087 1488 3599 2241 1358 940 2702
is_linear=0
shrinkage=0.05


Tree=129
num_leaves=31
num_cat=0
split_feature=16 9 8 6 18 1 8 0 1 19 8 1 17 9 71 19 9 1 17 18 6 17 8 19 22 17 19 6 19 18
split_gain=73.1415 218.613 60.9616 77.5302 43.0388 55.2677 44.988 40.2212 40.1798 37.4748 61.3843 40.6573 135.2 65.7366 40.4873 37.1527 45.3691 39.5062 34.4501 88.0174 68.3145 32.3061 31.0753 33.5491 30.5201 34.9578 34.8213 27.6719 26.4619 24.1871
threshold=905.00000000000011 -0.43733984355855576 36.500000000000007 935.00000000000011 18.500000000000004 22.150000000000006 32.500000000000007 23.616666666666671 13.050000000000002 6.2000000000000055 319.50000000000006 19.250000000000004 19.500000000000004 -0.159513159777915 2.1000000000000005 2.7000000000000051 0.54219432480460406 21.125000000000004 24.500000000000004 20.500000000000004 665.00000000000011 23.500000000000004 304.50000000000006 6.4000000000000004 1.0000000180025095e-35 28.500000000000004 1.8 585.00000000000011 8.4500000000000028 26.500000000000004
decision_type=2 2 2 2 2 2 2 2 2 2 2 2 2 2 2 2 2 2 2 2 2 2 2 2 2 2 2 2 2 2
left_child=2 7 3 4 6 -6 21 -2 -3 11 22 12 14 -14 -4 -5 17 -17 20 -20 -13 -1 23 -11 25 26 -9 -8 -10 -26
right_child=1 8 9 15 5 -7 27 24 28 10 -12 18 13 -15 -16 16 -18 -19 19 -21 -22 -23 -24 -25 29 -27 -28 -29 -30 -31
leaf_value=-0.0016506355694865917 3.7063792173244774e-05 0.00029760351020497112 -0.0041174772935594559 -0.0016115244413263943 0.040554962727003235 -0.0046756904237609314 -0.035409126159607895 4.7033027422539041e-05 -0.00010027665320693245 -0.0015025504134045659 -0.0031033376670369858 -0.012088769733848726 0.00032914113470499458 0.021938214310397532 1.4008558361887358e-06 -6.1027608536580458e-05 0.012500702785701374 -8.6042149458113312e-05 0.0002645281900014694 -1.5127358457187047e-05 5.7347225309173359e-07 0.019281293900657404 0.00022041566119632776 -4.2861264859499209e-05 -0.0012550380512137786 0.0025747060599318507 -0.0009513905268835731 -0.0025076719350718827 0.00079814640375328082 1.065700959026611e-05
leaf_weight=5351 304 45 4282 619 417 241 354 110 1384 782 473 6058 1436 2817 2063 1330 100 1370 3488 82874 9289 188 112 3648 141 200 103 210 34 57
leaf_count=5351 304 45 4282 619 417 241 354 110 1384 782 473 6058 1436 2817 2063 1330 100 1370 3488 82874 9289 188 112 3648 141 200 103 210 34 57
internal_value=-0.000836541 -0.00952481 -0.000674499 -0.00438605 -0.00128309 0.0108663 -0.00259299 0.00964481 -0.021514 -0.000352449 -0.00458126 -0.000163614 0.00278354 0.0096814 -0.00184003 -0.0105221 -0.00807143 -0.0092963 -0.000470706 -8.2791e-05 -0.00265361 -0.00122314 -0.00279613 -0.00345372 0.00225041 0.00998789 -0.00410798 -0.0160461 -0.0229901 -0.0138889
internal_weight=129880 2378 127502 10180 6761 658 6103 915 1463 117322 5015 112307 10598 4253 6345 3419 2800 2700 101709 86362 15347 5539 4542 4430 611 413 213 564 1418 198
internal_count=129880 2378 127502 10180 6761 658 6103 915 1463 117322 5015 112307 10598 4253 6345 3419 2800 2700 101709 86362 15347 5539 4542 4430 611 413 213 564 1418 198
is_linear=0
shrinkage=0.05


Tree=130
num_leaves=31
num_cat=0
split_feature=16 9 7 10 6 8 8 1 8 8 8 8 9 19 19 8 1 15 1 71 19 17 10 10 1 8 6 0 20 16
split_gain=53.7531 174.526 49.816 74.669 34.4735 66.3049 136.017 63.8411 46.671 45.4353 46.637 34.4869 31.1873 35.4945 30.8287 31.5645 30.4397 25.1437 25.0432 23.3591 22.9834 19.66 17.9853 22.4263 14.9811 10.3414 6.59341 1.58634 0.764444 0.525439
threshold=905.00000000000011 0.45273815774107123 11.500000000000002 -0.50557503990954278 935.00000000000011 58.500000000000007 8.5000000000000018 21.550000000000008 4.5000000000000009 364.50000000000006 358.50000000000006 355.50000000000006 -0.90893996196865023 3.5999999999999992 2.7999999999999985 46.500000000000007 23.850000000000005 9.7500000000000018 23.450000000000003 1.4000000000000015 6.5000000000000018 35.500000000000007 -0.99983123799342477 -0.98521978256641018 29.950000000000003 36.500000000000007 1155.0000000000002 25.525000000000002 0.49999999999999739 305.00000000000006
decision_type=2 2 2 2 2 2 2 2 2 2 2 2 2 2 2 2 2 2 2 2 2 2 2 2 2 2 2 2 2 2
left_child=4 2 3 19 17 6 7 28 -9 10 11 -7 13 -5 25 -16 -4 -1 -12 -2 -14 22 24 -24 -19 -8 -21 -3 -6 -23
right_child=1 27 16 12 5 9 14 8 -10 -11 18 -13 20 -15 15 -17 -18 21 -20 26 -22 29 23 -25 -26 -27 -28 -29 -30 -31
leaf_value=0.028839485563756019 -0.00099940631285584105 -9.5262820546585821e-05 -9.5262820546585821e-05 -0.00053796370550865771 9.888033010799491e-05 -1.234114433730782e-05 -0.0021071165472129876 -0.0049963732131157769 3.6268613900290738e-06 -0.00031207135484677314 1.3308130443791255e-06 -0.0040529483904481857 3.5210602564582537e-05 0.00059278681692566989 -0.00022325993265217975 -0.0049809452148109785 0.00075823908356561674 -0.038256436270720451 -9.3951260485482257e-06 -2.0338985573714607e-06 -0.0017659689468152052 -0.0040806120261944251 0.0081321854318204163 -6.1728575440489491e-05 -0.00087261343537010016 -0.0048311924164522865 1.0124159110752595e-05 -0.0017945901891059425 9.888033010799491e-05 -0.00011256440989118045
leaf_weight=116 201 937 210 191 430 35864 544 150 199 200 850 450 570 101 2776 1100 36 156 50 52 26 71 3760 80373 220 150 32 22 20 23
leaf_count=116 201 937 210 191 430 35864 544 150 199 200 850 450 570 101 2776 1100 36 156 50 52 26 71 3760 80373 220 150 32 22 20 23
internal_value=-0.000709886 -0.00815812 0.00297745 0.00726769 -0.000570971 -0.00172791 -0.00692401 0.0121089 -0.00393983 -0.000982253 -0.000854517 -0.00113317 0.0144144 0.0010274 -0.0102516 -0.00851393 -0.0174797 1.32792e-05 0.0103889 -0.015 0.0209732 -1.86164e-05 6.80401e-06 5.55668e-05 -0.0109043 -0.0199568 0.00714286 -0.024635 0.0245556 -0.0228723
internal_weight=129880 2378 1419 1173 127502 42783 5369 799 349 37414 37214 36314 888 292 4570 3876 246 84719 900 285 596 84603 84509 84133 376 694 84 959 450 94
internal_count=129880 2378 1419 1173 127502 42783 5369 799 349 37414 37214 36314 888 292 4570 3876 246 84719 900 285 596 84603 84509 84133 376 694 84 959 450 94
is_linear=0
shrinkage=0.05


Tree=131
num_leaves=31
num_cat=0
split_feature=16 9 0 1 8 18 19 17 1 1 17 1 8 1 7 1 8 8 8 22 1 19 70 18 7 20 70 9 6 6
split_gain=76.6508 214.796 40.8119 40.1798 34.7953 50.1017 92.3151 50.8827 39.4168 51.1819 45.8259 31.4469 67.4945 38.5696 83.0125 39.3319 45.0737 32.7202 30.242 29.2946 33.0986 26.4619 24.847 24.1871 23.0614 22.8196 18.4851 17.3151 16.5249 13.5638
threshold=905.00000000000011 -0.43733984355855576 23.616666666666671 13.050000000000002 40.500000000000007 18.500000000000004 4.7999999999999989 24.500000000000004 23.625000000000004 22.950000000000003 23.500000000000004 16.150000000000002 346.50000000000006 16.850000000000005 2.5000000000000004 17.830000000000002 62.500000000000007 348.50000000000006 56.500000000000007 1.0000000180025095e-35 26.350000000000005 8.4500000000000028 0.500000000000001 26.500000000000004 8.5000000000000018 1.7000000000000004 0.39999999999999686 0.8697513045430848 565.00000000000011 915.00000000000011
decision_type=2 2 2 2 2 2 2 2 2 2 2 2 2 2 2 2 2 2 2 2 2 2 2 2 2 2 2 2 2 2
left_child=4 2 -2 -3 5 8 7 25 9 10 -1 12 27 14 -13 18 -17 -14 -15 20 -4 -5 -19 -21 -22 -7 -11 -6 -29 -16
right_child=1 3 19 21 11 6 -8 -9 -10 26 -12 13 17 15 29 16 -18 22 -20 23 24 -23 -24 -25 -26 -27 -28 28 -30 -31
leaf_value=-0.0019181460149697406 3.3450072436353404e-05 0.00028096280456649318 -0.00051106552023322477 -9.0499679519256526e-05 0.067788859449508632 0.021623577047678911 -0.0049654514370928099 -0.0081863019871486285 -0.0049654514370928099 -0.0018734963628351366 0.031166459028228191 0.017385682170468052 -0.069912091499332918 0.021223146007041806 -0.020363319349353582 -0.0041581245032874707 -9.4299483892883184e-06 0.014110165505104189 0.00059092485061448688 -0.0011653879633776567 -0.0008538506848966024 0.0007203271293873359 -0.0031151069126559962 9.6179511552149668e-06 0.0015742936798335723 -0.010968324956965984 0.0049294230291532072 -0.0011321217983438993 0.011913177725865476 -0.0022185827102268389
leaf_weight=9278 304 45 80 1384 442 694 264 144 338 65 134 267 165 212 1080 4884 105156 955 1567 141 99 34 1116 57 234 50 209 122 100 260
leaf_count=9278 304 45 80 1384 442 694 264 144 338 65 134 267 165 212 1080 4884 105156 955 1567 141 99 34 1116 57 234 50 209 122 100 260
internal_value=-0.000735679 -0.00962994 0.00937158 -0.021514 -0.000569795 -0.00323461 0.00664063 0.0143581 -0.00436951 -0.00378381 -0.00440395 -0.000313773 0.00482759 -0.000445224 -0.00813628 -0.000334693 -0.000453926 0.000670841 0.00704047 0.00192308 0.00950363 -0.0229901 0.00237808 -0.0138889 0.0164414 0.0196237 0.0175182 0.0188253 0.00743243 -0.013209
internal_weight=129880 2378 915 1463 127502 11176 1152 888 10024 9686 9412 116326 2900 113426 1607 111819 110040 2236 1779 611 413 1418 2071 198 333 744 274 664 222 1340
internal_count=129880 2378 915 1463 127502 11176 1152 888 10024 9686 9412 116326 2900 113426 1607 111819 110040 2236 1779 611 413 1418 2071 198 333 744 274 664 222 1340
is_linear=0
shrinkage=0.05


Tree=132
num_leaves=31
num_cat=0
split_feature=16 9 7 0 1 19 17 1 19 8 8 10 35 9 22 8 9 19 10 70 8 0 1 0 4 19 71 0 16 6
split_gain=37.4879 133.364 50.1598 70.3718 37.8791 33.7879 31.2009 30.4397 28.5102 61.0937 29.7266 31.4011 28.9047 35.9775 32.7584 65.2462 56.619 29.8743 27.5212 20.0174 8.63334 12.6275 7.78206 34.0206 6.65244 6.84444 6.10688 3.52942 1.08749 0.657143
threshold=905.00000000000011 0.45273815774107123 11.500000000000002 23.616666666666671 30.025000000000002 3.4000000000000044 35.500000000000007 23.850000000000005 6.2000000000000055 319.50000000000006 304.50000000000006 -0.25206183926700709 0.023947368421052637 0.29342972903661901 1.0000000180025095e-35 28.500000000000004 -0.79902248885025529 1.9000000000000041 0.99249573635719013 0.52500000000000047 22.500000000000004 11.850000000000003 24.750000000000004 23.850000000000005 14.500000000000002 6.7000000000000011 3.4999999999999978 23.525000000000002 1385.0000000000002 995.00000000000011
decision_type=2 2 2 2 2 2 2 2 2 2 2 2 2 2 2 2 2 2 2 2 2 2 2 2 2 2 2 2 2 2
left_child=6 2 3 20 5 -5 8 -4 12 10 11 -10 14 18 16 -16 -1 -15 -14 -3 21 -2 -21 -24 27 -26 -6 -11 -22 -12
right_child=1 19 7 4 26 -7 -8 -9 9 24 29 -13 13 17 15 -17 -18 -19 -20 22 28 -23 23 -25 25 -27 -28 -29 -30 -31
leaf_value=1.9045948879396065e-05 -0.0016731455154984825 4.1622024648932303e-06 -8.5974695543293697e-05 -0.00081115815065177239 8.0583572547550397e-05 0.001495578995841894 -0.0048080944954061577 0.00068431077291796914 2.924974495072119e-05 -0.0045603181100710797 0.00024293578328712028 -0.00027339055423206414 -0.0012369283930948926 0.0056073617955853614 -0.0026867683070995632 8.9566089836713023e-05 -0.00016318351603372209 -0.00090027463551158808 0.00018984361435108246 -8.5974695543293697e-05 2.531896072561608e-05 3.2566446573570612e-06 4.1622024648932303e-06 -0.0019426652007730619 -0.0034093420620150989 5.8546220402511269e-05 -2.4131011872638444e-06 0.000500111887009408 2.531896072561608e-05 0.00019318051287707459
leaf_weight=17292 23 38 210 450 131 85 144 36 1659 29 20 2925 16992 2963 3249 32507 46511 2349 326 727 414 28 44 150 385 20 21 39 21 92
leaf_count=17292 23 38 210 450 131 85 144 36 1659 29 20 2925 16992 2963 3249 32507 46511 2349 326 727 414 28 44 150 385 20 21 39 21 92
internal_value=-0.0004662 -0.00668629 0.00304792 0.00735294 -0.0029476 -0.00920561 -0.000350191 -0.0174797 -0.00032389 -0.00396111 -0.00223595 -0.00285777 -0.000170023 -0.00178303 0.000196617 0.00140816 -0.000482344 0.00181664 -0.00288717 -0.0210897 0.0219136 0.00245098 -0.022557 -0.0136598 -0.0210888 -0.0235185 0.0190789 -0.00661765 0.0241954 0.0232143
internal_weight=129880 2378 1419 1173 687 535 127502 246 127358 5169 4696 4584 122189 22630 99559 35756 63803 5312 17318 959 486 51 921 194 473 405 152 68 435 112
internal_count=129880 2378 1419 1173 687 535 127502 246 127358 5169 4696 4584 122189 22630 99559 35756 63803 5312 17318 959 486 51 921 194 473 405 152 68 435 112
is_linear=0
shrinkage=0.05


Tree=133
num_leaves=31
num_cat=0
split_feature=9 16 9 9 1 1 7 1 9 22 19 9 8 19 8 8 4 17 0 8 19 19 9 10 1 17 1 1 16 22
split_gain=33.6724 67.158 92.7409 47.1787 114.729 66.3989 46.6218 46.1653 45.2519 80.716 66.6224 85.9106 47.8845 46.7833 44.977 65.4165 49.0169 52.6094 44.9358 40.8708 39.9265 38.8695 37.287 35.9828 34.3116 47.8961 32.8969 30.4397 28.4765 25.0104
threshold=-0.79902248885025529 905.00000000000011 0.45273815774107123 -0.861146256326485 24.650000000000006 34.150000000000013 11.500000000000002 22.350000000000005 -0.61237985104942771 1.0000000180025095e-35 4.1999999999999975 -0.62588817255938378 226.50000000000003 0.60000000000000064 245.50000000000003 249.50000000000003 12.500000000000002 32.500000000000007 25.150000000000006 298.50000000000006 6.0000000000000018 6.1000000000000041 -0.67166439702596292 0.99138911339924218 35.150000000000013 33.500000000000007 30.025000000000002 23.850000000000005 775.00000000000011 1.0000000180025095e-35
decision_type=2 2 2 2 2 2 2 2 2 2 2 2 2 2 2 2 2 2 2 2 2 2 2 2 2 2 2 2 2 2
left_child=3 8 6 4 -1 7 18 28 9 13 11 -11 -12 -2 16 29 -6 -18 -3 -17 24 -22 -15 -23 25 -10 -20 -8 -5 -16
right_child=1 2 -4 5 14 -7 27 -9 20 10 12 -13 -14 22 15 19 17 -19 26 -21 21 23 -24 -25 -26 -27 -28 -29 -30 -31
leaf_value=0.063770380260524839 -0.023753268147706619 2.4053012689335278e-05 -8.1675960766129015e-05 -0.014593071474652615 -0.024269742042208553 -0.00071211572450511533 -8.1675960766129015e-05 0.0031225684807206435 -4.2655601746790367e-06 0.00047426573651644589 0.014677409995725095 -0.035215899603065572 -9.6331129752002392e-05 -0.0017177922343390994 0.0032168918150171665 -2.1748939041450754e-05 0.0091689853894785355 -0.0049284638812550786 -0.00090435310570449756 -0.0027983006100313541 -0.0046234721431169887 -5.151037183108859e-05 -0.0039155899182740355 -0.00022935610542553013 -0.0043709523111780451 0.0039846979346520898 9.5616600985202343e-06 0.00065009523427207066 2.4053012689335278e-05 0.009594457444135852
leaf_weight=1142 1543 387 959 481 702 186 210 4884 72848 3002 154 235 1013 5147 1152 19792 198 396 185 2250 506 3999 2030 241 167 5294 100 36 65 576
leaf_count=1142 1543 387 959 481 702 186 210 4884 72848 3002 154 235 1013 5147 1152 19792 198 396 185 2250 506 3999 2030 241 167 5294 100 36 65 576
internal_value=-0.00039036 -0.000849005 -0.0102158 0.00102281 0.000131639 0.00518162 0.00114379 0.00618785 -0.000666206 -0.00339454 0.00212307 0.00581557 -0.00811911 -0.00618119 -0.000574483 -7.99327e-05 -0.00964506 0.000925926 0.00796131 -0.000814354 -0.000235085 -0.00468816 -0.00448307 -0.003125 3.4798e-05 8.31819e-05 -0.00710526 -0.0174797 -0.00760073 0.00928819
internal_weight=129880 98056 1877 31824 26208 5616 918 5430 96179 13124 4404 3237 1167 8720 25066 23770 1296 594 672 22042 83055 4746 7177 4240 78309 78142 285 246 546 1728
internal_count=129880 98056 1877 31824 26208 5616 918 5430 96179 13124 4404 3237 1167 8720 25066 23770 1296 594 672 22042 83055 4746 7177 4240 78309 78142 285 246 546 1728
is_linear=0
shrinkage=0.05


Tree=134
num_leaves=31
num_cat=0
split_feature=16 9 7 1 19 8 1 17 1 7 8 19 8 15 17 1 10 19 70 0 16 4 1 0 0 3 6 6 0 2
split_gain=39.9769 127.321 48.5312 45.4091 36.8548 56.1046 34.9027 31.6552 29.917 29.0604 27.0232 39.8642 46.0764 25.4967 25.3526 71.6711 57.8635 23.5672 18.45 11.9452 7.96779 7.81452 7.67941 33.2684 3.52942 0.971834 0.402484 0.626087 0.32559 0.301167
threshold=915.00000000000011 0.45273815774107123 11.500000000000002 25.250000000000004 6.2000000000000055 319.50000000000006 26.350000000000005 35.500000000000007 23.850000000000005 9.5000000000000018 304.50000000000006 6.4000000000000004 292.50000000000006 9.7500000000000018 16.500000000000004 14.65 0.7710868207630478 6.5000000000000018 0.52500000000000047 19.225000000000005 725.00000000000011 14.500000000000002 24.750000000000004 23.850000000000005 23.525000000000002 0.29999999999999544 1355.0000000000002 995.00000000000011 29.750000000000004 0.19999999999999976
decision_type=2 2 2 2 2 2 2 2 2 2 2 2 2 2 2 2 2 2 2 2 2 2 2 2 2 2 2 2 2 2
left_child=4 2 3 17 7 10 -5 13 -4 -8 11 19 -13 29 16 -16 -15 25 -3 -6 21 24 -20 -24 -7 -2 27 -12 -9 -1
right_child=1 18 8 6 5 20 9 28 -10 -11 26 12 -14 14 15 -17 -18 -19 22 -21 -22 -23 23 -25 -26 -27 -28 -29 -30 -31
leaf_value=0.033071788324894061 2.2850362054868514e-05 8.0378903799550183e-06 -7.7592162727822562e-05 -0.00044386688973690244 0.00011861104172751631 -0.0042464125928505705 -2.7705291328269932e-06 -6.529486393944684e-05 0.00061759047255846708 0.00092350614547726808 0.00031667860583971946 5.9330338821224349e-06 -0.0006949044732948523 0.011325891293382623 0.029017697213142492 -2.880135890558078e-06 -0.0020085158115653503 -0.001590690890358025 -7.7592162727822562e-05 -0.0014252213067539876 9.5474975622955661e-05 -0.0032274071536430673 8.0378903799550183e-06 -0.0018414481426961022 0.000477681811250492 2.2850362054868514e-05 0.0002694110989501758 0.0004398805065628363 -0.0047669246673684544 0.02429812742143618
leaf_weight=95 334 36 206 119 27 29 505 21 35 136 20 3540 205 520 765 118181 2661 26 711 813 20 386 43 147 39 24 20 72 123 21
leaf_count=95 334 36 206 119 27 29 505 21 35 136 20 3540 205 520 765 118181 2661 26 711 813 20 386 43 147 39 24 20 72 123 21
internal_value=-0.000475054 -0.00697674 0.00265343 0.0069493 -0.0003567 -0.00449139 -0.000131579 -0.000182005 -0.0177386 0.00448518 -0.00283692 -0.00342966 -0.00122163 -0.000154406 -0.00017666 -5.88502e-05 -0.00458189 0.0209635 -0.0212113 -0.0132738 -0.0208861 -0.0222467 -0.0226138 -0.0136842 -0.00661765 0.0243017 0.0214286 0.0228261 -0.0236111 0.0232759
internal_weight=129880 2322 1385 1144 127558 5171 760 122387 241 641 4697 4585 3745 122243 122127 118946 3181 384 937 840 474 454 901 190 68 358 112 92 144 116
internal_count=129880 2322 1385 1144 127558 5171 760 122387 241 641 4697 4585 3745 122243 122127 118946 3181 384 937 840 474 454 901 190 68 358 112 92 144 116
is_linear=0
shrinkage=0.05


Tree=135
num_leaves=31
num_cat=0
split_feature=16 9 1 9 8 19 9 1 1 17 8 0 17 1 9 9 10 1 9 1 1 1 1 17 7 10 10 19 1 6
split_gain=64.411 138.483 35.7097 38.4522 54.2317 47.2431 38.4661 37.2804 34.1768 34.1241 60.6072 45.532 86.2733 78.4076 38.4751 38.2133 35.3102 33.9379 85.0652 31.2175 40.7201 34.3355 44.199 29.157 33.6296 27.6771 22.9836 22.9037 19.5493 14.4762
threshold=915.00000000000011 -0.43733984355855576 33.45000000000001 -0.56368474752277564 172.50000000000003 4.8500000000000023 -0.99985146406598202 34.95000000000001 13.050000000000002 30.500000000000004 295.50000000000006 25.650000000000006 27.500000000000004 24.550000000000008 0.99983759474438971 0.99995780822346225 0.40418040343369133 27.850000000000005 0.99761913169647187 25.250000000000004 26.350000000000005 28.150000000000006 30.025000000000002 34.500000000000007 9.5000000000000018 -0.99983123799342477 -0.99628250747696534 8.6500000000000021 34.550000000000004 875.00000000000011
decision_type=2 2 2 2 2 2 2 2 2 2 2 2 2 2 2 2 2 2 2 2 2 2 2 2 2 2 2 2 2 2
left_child=2 19 9 6 -5 26 29 -7 -3 11 17 12 15 -14 16 -1 -13 18 -11 -2 -21 -22 -23 28 -25 -19 -6 -10 -8 -4
right_child=1 8 3 4 5 7 23 -9 27 10 -12 14 13 -15 -16 -17 -18 25 -20 20 21 22 -24 24 -26 -27 -28 -29 -30 -31
leaf_value=-0.00010767317466613553 2.8166452041044737e-05 0.00026330354756467779 -0.0073169873797834604 -0.0036341136173413981 0.0069393415415195635 0.0018762930678286995 -0.00054373964314895153 -0.0011115972273287242 -7.3712554591431442e-05 0.028650806027188502 0.023834992302770277 -0.00026279856092622237 0.037671098213587897 0.00014654679007002625 -0.0093116808489374491 0.01648839548872183 -0.00042948618729572941 -0.0045197799149592158 -0.016174478030011485 -0.0004216735452500573 0.00087733083820340442 -0.0010489361830797463 7.6214837371887947e-05 0.00093576155361255469 -0.004121799263699902 1.8418081136413467e-05 -0.0022427200397196283 0.00058671094893054379 -0.004591497064089854 0.0043375522819619206
leaf_weight=53428 206 44 21 324 56 2025 1912 615 1356 2272 288 17425 1674 6191 288 144 3713 576 196 119 183 241 145 227 71 34990 573 28 437 112
leaf_count=53428 206 44 21 324 56 2025 1912 615 1356 2272 288 17425 1674 6191 288 144 3713 576 196 119 183 241 145 227 71 34990 573 28 437 112
internal_value=-0.000468124 -0.00872093 -0.000317895 -0.00396595 -0.00054968 0.00138422 -0.00838129 0.00431818 -0.0183824 -0.000126047 0.00110772 -0.000696632 -4.47613e-06 0.00488557 -0.00268132 -0.000722392 -0.00243401 0.00093469 0.00660454 0.00671141 0.00159884 0.00716169 -0.00129534 -0.00969966 0.00503356 0.000541247 -0.01093 -0.0197616 -0.0115688 0.0178571
internal_weight=129880 2322 127558 6373 3593 3269 2780 2640 1428 121185 38322 82863 61437 7865 21426 53572 21138 38034 2468 894 688 569 386 2647 298 35566 629 1384 2349 133
internal_count=129880 2322 127558 6373 3593 3269 2780 2640 1428 121185 38322 82863 61437 7865 21426 53572 21138 38034 2468 894 688 569 386 2647 298 35566 629 1384 2349 133
is_linear=0
shrinkage=0.05


Tree=136
num_leaves=31
num_cat=0
split_feature=16 9 7 1 1 70 8 17 4 17 19 19 8 70 1 15 17 1 70 19 50 70 8 17 1 70 1 1 6 0
split_gain=54.1831 110.936 41.265 58.7265 34.3233 31.9592 30.575 75.2992 33.8 38.1338 33.754 53.7923 59.6488 34.603 29.917 25.4965 34.1622 86.45 53.1041 23.5672 19.6875 18.45 15.9647 16.7502 18.8906 15.6481 13.0597 43.2513 12.4685 8.00958
threshold=915.00000000000011 0.45273815774107123 11.500000000000002 25.250000000000004 30.025000000000002 1.399999999999997 360.50000000000006 19.500000000000004 11.500000000000002 18.500000000000004 6.2000000000000055 6.4000000000000004 292.50000000000006 4.5999999999999996 23.850000000000005 9.7500000000000018 16.500000000000004 16.150000000000002 0.99999999999999745 6.5000000000000018 0.03500000000000001 0.52500000000000047 362.50000000000006 23.500000000000004 19.350000000000005 0.1000000000000001 23.625000000000004 29.250000000000004 865.00000000000011 19.225000000000005
decision_type=2 2 2 2 2 2 2 2 2 2 2 2 2 2 2 2 2 2 2 2 2 2 2 2 2 2 2 2 2 2
left_child=6 2 3 19 5 -5 10 8 20 28 15 26 13 -13 -4 -1 18 -18 -17 -2 -8 -3 -9 24 -24 -11 -12 -28 -10 -14
right_child=1 21 14 4 -6 -7 7 22 9 25 11 12 29 -15 -16 16 17 -19 -20 -21 -22 -23 23 -25 -26 -27 27 -29 -30 -31
leaf_value=0.025854179554707236 2.0299521350072854e-05 1.1321623590528841e-05 -7.0026926861859869e-05 -0.00067279725222333026 7.2404095503293689e-05 0.00047125462218932686 -0.019695364579558235 0.0042413181380642241 0.0065440500090075578 -0.0021806138046748533 -0.0040487736065119425 7.0426122613702347e-05 9.6084885575114674e-05 -0.0004282488753899354 0.00055737540148401653 -9.5903178070563767e-05 0.016069063735858657 -2.3695698571802454e-05 -0.0019027063622537759 -0.0015074707181105523 0.0091520586574674826 -7.7153279739046202e-05 0.0037861293062058988 0.029255223256849729 -0.0033905845488843484 5.7766777448073349e-05 0.00019525576579852225 -0.00094112775027510728 -0.0049172294333332629 -0.0010812272976765827
leaf_weight=116 358 36 206 270 148 342 336 720 30 36 289 2764 20 776 35 1912 2124 114794 1269 26 24 901 327 144 393 180 244 600 114 346
leaf_count=116 358 36 206 270 148 342 336 720 30 36 289 2764 20 776 35 1912 2124 114794 1269 26 24 901 327 144 393 180 244 600 114 346
internal_value=-0.000354943 -0.0079242 0.00106498 0.00502622 -0.00302632 -0.00825163 -0.000217156 0.00549045 -0.00791667 0.00291667 -0.000322145 -0.00433122 -0.0015489 0.000437853 -0.0177386 -0.000154099 -0.000176729 -3.76332e-05 -0.00528922 0.0209635 -0.01875 -0.0212113 0.0115846 0.00700231 0.00388889 0.0162037 -0.0139232 -0.010782 -0.0170139 -0.020765
internal_weight=129880 2322 1385 1144 760 612 127558 2304 720 360 125254 5039 3906 3540 241 120215 120099 116918 3181 384 360 937 1584 864 720 216 1133 844 144 366
internal_count=129880 2322 1385 1144 760 612 127558 2304 720 360 125254 5039 3906 3540 241 120215 120099 116918 3181 384 360 937 1584 864 720 216 1133 844 144 366
is_linear=0
shrinkage=0.05


Tree=137
num_leaves=31
num_cat=0
split_feature=16 9 7 1 8 19 8 0 17 18 12 1 8 1 7 1 10 1 15 19 8 8 1 18 19 70 8 6 1 1
split_gain=48.5247 116.764 43.8391 53.6859 31.9865 86.6217 70.6264 37.9281 64.7359 75.8178 41.1692 33.73 59.5525 29.9234 40.4199 29.917 28.077 27.2623 25.0334 23.5672 22.5166 21.7467 19.2764 32.5497 26.0769 18.45 17.7228 68.832 38.1482 26.8096
threshold=915.00000000000011 0.45273815774107123 11.500000000000002 25.250000000000004 298.50000000000006 6.2000000000000011 294.50000000000006 25.650000000000006 26.500000000000004 23.500000000000004 1.0000000180025095e-35 33.45000000000001 259.50000000000006 26.350000000000005 8.5000000000000018 23.850000000000005 -0.99465740988130902 33.050000000000004 9.7500000000000018 6.5000000000000018 271.50000000000006 279.50000000000006 29.250000000000004 23.500000000000004 3.4000000000000017 0.52500000000000047 296.50000000000006 905.00000000000011 28.450000000000003 23.750000000000004
decision_type=2 2 2 2 2 2 2 2 2 2 2 2 2 2 2 2 2 2 2 2 2 2 2 2 2 2 2 2 2 2
left_child=4 2 3 19 6 7 11 8 10 -10 -6 17 16 -5 -15 -4 -13 18 -1 -2 -14 -19 24 -24 -9 -3 28 29 -8 -28
right_child=1 25 15 13 5 -7 26 22 9 -11 -12 12 20 14 -16 -17 -18 21 -20 -21 -22 -23 23 -25 -26 -27 27 -29 -30 -31
leaf_value=0.024561470576971889 1.928454528256921e-05 1.0755542411002399e-05 -6.6525580518766878e-05 -0.00036695000537638792 -0.0019349892688369152 -0.0013888523041328577 0.043388731480825948 -0.0038967148762715899 0.0051661292304048707 -0.00015563921904248462 0.00010463370898571509 0.00019901435436202875 -0.0049181777290750774 -0.00063915738961216372 0.00080990156518376754 0.00052950663140981572 -9.0757095917482628e-05 8.3589529274974436e-05 4.145878632252215e-06 -0.0014320971822050247 -0.00057125683926432321 -0.0040721242727679114 0.0039986088922275131 -0.000143236071361922 -7.5699924109370875e-07 -7.3295615752093894e-05 0.035788728087837111 0.00094616549602704507 4.3992417316459507e-05 -0.0084164873698736372
leaf_weight=116 358 36 206 119 14745 710 486 1631 2389 2226 4659 363 508 276 365 35 5045 2303 88726 26 457 57 47 367 1481 901 63 318 378 483
leaf_count=116 358 36 206 119 14745 710 486 1631 2389 2226 4659 363 508 276 365 35 5045 2303 88726 26 457 57 47 367 1481 901 63 318 378 483
internal_value=-0.000416538 -0.00757967 0.0016426 0.00572552 -0.000286144 -0.00177048 0.000136199 -0.00132601 -0.000615138 0.00470748 -0.00188106 -4.12503e-05 -0.00355798 -0.00197368 0.00230109 -0.0177386 -0.00151627 0.000204491 6.3596e-05 0.0209635 -0.015 0.00550847 -0.00616846 -0.0163043 -0.00482005 -0.0212113 0.0101563 0.00509259 0.0152199 -0.00567766
internal_weight=129880 2322 1385 1144 127558 28255 99303 27545 24019 4615 19404 97575 6373 760 641 241 5408 91202 88842 384 965 2360 3526 414 3112 937 1728 864 864 546
internal_count=129880 2322 1385 1144 127558 28255 99303 27545 24019 4615 19404 97575 6373 760 641 241 5408 91202 88842 384 965 2360 3526 414 3112 937 1728 864 864 546
is_linear=0
shrinkage=0.05


Tree=138
num_leaves=31
num_cat=0
split_feature=16 9 7 1 1 8 19 8 1 19 19 12 6 70 1 17 1 9 1 7 1 15 19 8 70 8 4 1 17 17
split_gain=48.7859 116.764 43.8391 53.6859 49.5449 32.9141 81.7226 69.8587 36.4845 41.1689 57.5166 31.9754 36.1158 31.9592 29.917 27.7768 26.6777 46.2702 40.6691 28.5363 27.2679 25.0347 23.5672 21.7467 18.45 15.9468 68.179 37.4996 27.075 15.7306
threshold=915.00000000000011 0.45273815774107123 11.500000000000002 25.250000000000004 30.025000000000002 298.50000000000006 6.2000000000000011 294.50000000000006 27.150000000000006 6.0999999999999996 4.4000000000000048 1.0000000180025095e-35 885.00000000000011 1.399999999999997 23.850000000000005 29.500000000000004 33.45000000000001 -0.56368474752277564 35.45000000000001 7.5000000000000009 33.050000000000004 9.7500000000000018 6.5000000000000018 279.50000000000006 0.52500000000000047 296.50000000000006 14.500000000000002 28.050000000000008 28.500000000000004 32.500000000000007
decision_type=2 2 2 2 2 2 2 2 2 2 2 2 2 2 2 2 2 2 2 2 2 2 2 2 2 2 2 2 2 2
left_child=5 2 3 22 13 7 8 16 11 10 -10 15 -13 -5 -4 -7 20 18 -18 -19 21 -1 -2 -22 -3 27 28 -9 -27 -29
right_child=1 24 14 4 -6 6 -8 25 9 -11 -12 12 -14 -15 -16 -17 17 19 -20 -21 23 -23 -24 -25 -26 26 -28 29 -30 -31
leaf_value=0.023333397048123317 1.8320318018440752e-05 1.021776529045228e-05 -6.3199301492828522e-05 -0.00060719952013155555 0.00010074176020873696 -0.001324219173884067 -0.0013194096889262148 0.041802191410012415 -0.00016780680181899266 0.0030106914236921927 -0.00016564446427216677 0.0027665513622152135 -8.6555865429103002e-05 0.00040719681282067212 0.00050303129983932484 0.014196181419166698 -0.00051083002126703987 -8.6219241121608678e-05 0.00088999002459711493 0.0039530098064333111 7.9410052811225432e-05 3.9385847006398468e-06 -0.0013604923230947734 -0.003868518059129516 -6.9630834964489187e-05 -0.030035014120064797 0.00060097615320884104 -0.00021122130187051086 0.0052349154791946489 0.00043630905579945535
leaf_weight=116 358 36 206 270 148 18625 710 479 1435 134 1414 2716 2710 342 35 511 2657 3270 123 323 2303 88726 26 57 901 180 324 302 360 83
leaf_count=116 358 36 206 270 148 18625 710 479 1435 134 1414 2716 2710 342 35 511 2657 3270 123 323 2303 88726 26 57 901 180 324 302 360 83
internal_value=-0.00039729 -0.00757967 0.0016426 0.00572552 -0.00197368 -0.000266545 -0.00177225 0.000161878 -0.00134053 -0.00656219 -0.00783608 -0.000706376 0.00268153 -0.00825163 -0.0177386 -0.00166702 -1.46042e-05 -0.00314216 -0.00798561 0.000605344 0.000203943 6.30333e-05 0.0209635 0.00550847 -0.0212113 0.0101273 0.00532407 0.0149306 -0.00555556 0.00331169
internal_weight=129880 2322 1385 1144 760 127558 28255 99303 27545 2983 2849 24562 5426 612 241 19136 97575 6373 2780 3593 91202 88842 384 2360 937 1728 864 864 540 385
internal_count=129880 2322 1385 1144 760 127558 28255 99303 27545 2983 2849 24562 5426 612 241 19136 97575 6373 2780 3593 91202 88842 384 2360 937 1728 864 864 540 385
is_linear=0
shrinkage=0.05


Tree=139
num_leaves=31
num_cat=0
split_feature=16 9 7 1 1 1 15 17 15 70 16 19 18 19 18 17 1 19 19 70 18 7 1 0 18 10 16 3 16 2
split_gain=38.4617 132.378 50.7908 41.8017 39.784 29.917 25.6026 33.3352 62.5241 45.4959 29.1474 27.141 26.7175 37.4132 26.8485 25.461 23.8682 23.7032 23.5672 18.45 14.4077 31.1732 7.67941 33.2684 4.67989 3.1004 2.14258 0.971834 0.367761 0.301167
threshold=915.00000000000011 0.45273815774107123 11.500000000000002 25.250000000000004 30.025000000000002 23.850000000000005 9.7500000000000018 16.500000000000004 14.250000000000002 0.89999999999999958 665.00000000000011 6.4000000000000004 9.5000000000000018 4.8500000000000023 11.500000000000002 35.500000000000007 26.350000000000005 7.8500000000000005 6.5000000000000018 0.52500000000000047 12.500000000000002 2.5000000000000004 24.750000000000004 23.850000000000005 10.500000000000002 0.92191100909954782 445.00000000000006 0.29999999999999544 975.00000000000011 0.19999999999999976
decision_type=2 2 2 2 2 2 2 2 2 2 2 2 2 2 2 2 2 2 2 2 2 2 2 2 2 2 2 2 2 2
left_child=6 2 3 18 16 -4 29 9 20 12 11 -11 13 -8 -14 17 -5 -10 27 -3 24 -22 -21 -24 -9 -12 -17 -2 -6 -1
right_child=1 19 5 4 28 -7 7 8 15 10 25 -13 14 -15 -16 26 -18 -19 -20 22 21 -23 23 -25 -26 -27 -28 -29 -30 -31
leaf_value=0.027736130208392586 1.7404302117518714e-05 9.7068770259296663e-06 -6.0039336418187103e-05 -0.00031824252910099072 5.5435952346181984e-05 0.00047787973484735865 0.017024029790297598 0.015953639115258912 -1.3600090017051176e-05 -0.0019174761411729195 0.00071014686185961714 3.004669577246627e-05 -0.0037063677358196109 -0.0036083513860693528 0.010276975274398061 -0.004612359485610922 -0.00048980352078096775 -0.0027546550365000755 -0.0012924677069400346 -5.9022940339078398e-05 -0.021245548691863993 0.025942653224234214 2.232561011331031e-05 -0.0017346861213089441 0.055307417697046148 0.0074251191469699804 -0.004612359485610922 1.7404302117518714e-05 9.570467219830043e-05 0.019401152350107601
leaf_weight=95 334 36 206 119 21 35 577 73 123130 1310 28 44 637 135 502 122 493 328 26 711 80 88 43 147 312 54 22 24 127 21
leaf_count=95 334 36 206 119 21 35 577 73 123130 1310 28 44 637 135 502 122 493 328 26 711 80 88 43 147 312 54 22 24 127 21
internal_value=-0.000319526 -0.00669681 0.00312274 0.00751748 0.000723684 -0.0177386 -0.000203437 -0.000224808 -9.32302e-05 -0.00519471 -0.0118733 -0.0136263 -1.35062e-05 0.00758427 -0.00476295 -0.000168282 -0.00490196 -0.000143774 0.0209635 -0.0212113 0.0166817 0.00446429 -0.0226138 -0.0136842 0.022013 0.0170732 -0.0211806 0.0243017 0.0239865 0.0232759
internal_weight=129880 2322 1385 1144 760 241 127558 127442 124155 3287 1436 1354 1851 712 1139 123602 612 123458 384 937 553 168 901 190 385 82 144 358 148 116
internal_count=129880 2322 1385 1144 760 241 127558 127442 124155 3287 1436 1354 1851 712 1139 123602 612 123458 384 937 553 168 901 190 385 82 144 358 148 116
is_linear=0
shrinkage=0.05


Tree=140
num_leaves=31
num_cat=0
split_feature=16 9 1 1 1 1 1 15 17 15 70 16 19 18 19 18 19 19 10 19 1 1 18 7 8 18 10 20 6 6
split_gain=62.0938 146.624 34.1768 28.6155 43.6641 30.0787 56.2692 24.6435 33.7193 62.419 46.2405 26.8777 27.141 26.5278 31.7939 25.3602 23.6666 40.0679 23.7287 22.9037 14.3469 43.6339 13.7143 30.2762 13.5389 4.57384 2.56562 1.12864 0.556914 0.0370927
threshold=915.00000000000011 -0.43733984355855576 13.050000000000002 25.250000000000004 26.350000000000005 28.150000000000006 30.025000000000002 9.7500000000000018 16.500000000000004 14.250000000000002 0.89999999999999958 665.00000000000011 6.4000000000000004 9.5000000000000018 4.8500000000000023 11.500000000000002 7.8500000000000005 8.9500000000000028 -0.99983123799342477 8.6500000000000021 24.450000000000003 26.550000000000008 12.500000000000002 2.5000000000000004 22.500000000000004 10.500000000000002 0.92191100909954782 0.39999999999999597 465.00000000000006 95.000000000000014
decision_type=2 2 2 2 2 2 2 2 2 2 2 2 2 2 2 2 2 2 2 2 2 2 2 2 2 2 2 2 2 2
left_child=7 3 -3 27 -5 -6 -7 28 10 22 13 12 -12 14 -9 -15 18 -18 -11 20 24 -22 25 -24 -4 -10 -13 -2 29 -1
right_child=1 2 19 4 5 6 -8 8 9 16 11 26 -14 15 -16 -17 17 -19 -20 -21 21 -23 23 -25 -26 -27 -28 -29 -30 -31
leaf_value=0.020779920685297527 0.00011567455418659903 0.00024637293584801325 6.6883707842051341e-07 -0.00030233040264594123 0.00077353682232259447 -0.00096489293871587973 9.0919438588385473e-05 0.016172828300782715 0.015155957159495959 -0.0042923303529484548 -0.0018216023341142734 0.0006746395187666363 2.854436098384261e-05 -0.0035210493490286303 -0.0034279338167658826 0.0097631265106781617 -0.0037950660995118958 0.0013691530201705494 -1.1093392855753698e-05 0.00045398574810499073 2.1209329607644794e-05 -0.00084278582246390295 -0.020183271257270798 0.024645520563022518 -5.7037369597277747e-05 0.052542046812193835 0.0070538631896214822 1.6534087011642775e-05 0.013838826950372418 0.027593473899523782
leaf_weight=21 186 44 50 119 183 241 145 577 73 576 1310 28 44 637 135 502 270 58 122698 28 76 219 80 88 1011 312 54 20 21 74
leaf_count=21 186 44 50 119 183 241 145 577 73 576 1310 28 44 637 135 502 270 58 122698 28 76 219 80 88 1011 312 54 20 21 74
internal_value=-0.000338004 -0.008441 -0.0183824 0.00743848 0.0025436 0.00830404 0.000388601 -0.000190502 -0.000211469 -7.9135e-05 -0.00520992 -0.0119429 -0.0136263 1.35062e-05 0.00758427 -0.00471905 -0.000154124 -0.0135671 -0.000118435 -0.0197616 -0.0206858 -0.0109322 0.0166817 0.0047619 -0.0233977 0.0218831 0.0158537 0.0237864 0.0228448 0.0244737
internal_weight=129880 2322 1428 894 688 569 386 127558 127442 124155 3287 1436 1354 1851 712 1139 123602 328 123274 1384 1356 295 553 168 1061 385 82 206 116 95
internal_count=129880 2322 1428 894 688 569 386 127558 127442 124155 3287 1436 1354 1851 712 1139 123602 328 123274 1384 1356 295 553 168 1061 385 82 206 116 95
is_linear=0
shrinkage=0.05


Tree=141
num_leaves=31
num_cat=0
split_feature=16 9 7 1 1 1 17 1 70 18 71 16 19 18 8 1 1 19 10 1 10 10 1 70 10 1 18 7 35 1
split_gain=38.8621 132.378 50.7908 41.8017 39.784 29.917 25.0329 62.6972 56.0104 35.3078 33.3066 25.6456 27.0373 24.2418 31.1499 28.3257 23.8682 23.5672 22.4825 27.3904 22.349 60.1226 48.6344 18.45 16.4004 13.41 12.7464 26.3302 11.7276 7.67941
threshold=915.00000000000011 0.45273815774107123 11.500000000000002 25.250000000000004 30.025000000000002 23.850000000000005 16.500000000000004 14.250000000000002 0.89999999999999958 9.5000000000000018 3.3999999999999972 665.00000000000011 6.4000000000000004 11.500000000000002 357.50000000000006 15.15 26.350000000000005 6.5000000000000018 -0.99983123799342477 32.050000000000004 -0.97874870457683594 -0.97507822412530132 29.350000000000005 0.52500000000000047 0.92191100909954782 15.450000000000001 12.500000000000002 2.5000000000000004 0.0018421052631578951 24.750000000000004
decision_type=2 2 2 2 2 2 2 2 2 2 2 2 2 2 2 2 2 2 2 2 2 2 2 2 2 2 2 2 2 2
left_child=6 2 3 17 16 -4 8 26 9 10 24 12 25 14 -11 -15 -5 -2 19 28 22 -22 -20 -3 -1 -10 -8 -28 -9 -25
right_child=1 23 5 4 -6 -7 7 18 11 13 -12 -13 -14 15 -16 -17 -18 -19 20 -21 21 -23 -24 29 -26 -27 27 -29 -30 -31
leaf_value=0.027459138950281493 1.0750359302312826e-05 8.1610666942509422e-06 -5.4185501117413865e-05 -0.00028721388251364417 8.6373466658966347e-05 0.00043128646069974123 0.036589080178970244 -0.0045266251722129803 -0.0031353140581578858 -0.0091508976313311903 -0.0013986425001524148 0.0036762449674729012 2.711714293465034e-05 0.011097273871498151 0.089548825925484549 -0.0030658321222908694 -0.00042317405361872427 -0.0012278777634469539 0.047411117261890956 0.0049859296983318369 -0.0056248538307737302 -2.1680462666216763e-05 7.6406592959671341e-05 -5.3219924842260588e-05 0.009877731949894504 -0.001563224903016991 -0.019250992747151321 0.025866708454219567 -0.0011412233380053117 -0.0013040037174763064
leaf_weight=329 358 36 206 119 148 35 380 272 943 535 266 82 44 346 102 156 493 26 706 51 720 115129 6493 711 233 367 73 78 253 190
leaf_count=329 358 36 206 119 148 35 380 272 943 535 266 82 44 346 102 156 493 26 706 51 720 115129 6493 711 233 367 73 78 253 190
internal_value=-0.000286418 -0.00669681 0.00312274 0.00751748 0.000723684 -0.0177386 -0.000169727 -5.37634e-05 -0.00440053 0.00108033 0.0089372 -0.0119081 -0.0135524 -0.00463126 -0.0111068 0.00358566 -0.00490196 0.0209635 -0.000127402 -0.00998264 -8.12691e-05 -0.000249247 0.00262189 -0.0212113 0.0158363 -0.0148473 0.0170904 0.00480132 -0.013381 -0.0226138
internal_weight=129880 2322 1385 1144 760 241 127558 124155 3403 1967 828 1436 1354 1139 637 502 612 384 123624 576 123048 115849 7199 937 562 1310 531 151 525 901
internal_count=129880 2322 1385 1144 760 241 127558 124155 3403 1967 828 1436 1354 1139 637 502 612 384 123624 576 123048 115849 7199 937 562 1310 531 151 525 901
is_linear=0
shrinkage=0.05


Tree=142
num_leaves=31
num_cat=0
split_feature=16 9 7 1 1 1 1 17 1 10 70 18 71 17 18 1 16 19 18 8 1 19 9 10 10 17 10 18 17 17
split_gain=38.8983 134.534 50.6777 42.7531 38.7418 30.4397 23.7757 23.6991 58.4082 53.664 52.5015 35.3446 33.0312 26.6187 34.7938 26.9417 24.5124 26.4706 24.3328 27.8191 27.1987 23.4925 23.1842 22.6067 61.4334 55.8334 52.9443 51.0515 81.2269 58.1351
threshold=905.00000000000011 0.45273815774107123 11.500000000000002 25.250000000000004 30.025000000000002 23.850000000000005 26.350000000000005 16.500000000000004 16.150000000000002 0.87709077819680659 0.89999999999999958 9.5000000000000018 3.3999999999999972 18.500000000000004 12.500000000000002 15.450000000000001 665.00000000000011 6.4000000000000004 11.500000000000002 357.50000000000006 15.15 6.5000000000000018 0.878110924644389 0.46611290379786346 0.91159213926341531 22.500000000000004 0.88917497572200743 22.500000000000004 26.500000000000004 24.500000000000004
decision_type=2 2 2 2 2 2 2 2 2 2 2 2 2 2 2 2 2 2 2 2 2 2 2 2 2 2 2 2 2 2
left_child=7 2 3 21 6 -4 -5 10 9 22 11 12 -1 14 -11 -15 17 -12 19 -13 -20 -2 -9 27 26 -26 -25 29 -29 -10
right_child=1 -3 5 4 -6 -7 -8 8 23 13 16 18 -14 15 -16 -17 -18 -19 20 -21 -22 -23 -24 24 25 -27 -28 28 -30 -31
leaf_value=0.023411274758242187 1.0212841337197184e-05 -5.0558928600147554e-05 -5.1476226061543169e-05 -0.00027285318838796195 8.2054793326018238e-05 0.00040972213766475411 -0.00019037816830453922 0.06595906142078603 -2.1392497297696713e-05 0.0048658964817426932 -0.0015737565145006651 -0.0086933527497646389 -0.001328710375144794 0.03602802314532727 -0.0043817599255862264 0.00028267920194775532 0.0043462003746588184 2.5761285787917477e-05 0.010543054067086078 0.085071384629210323 -0.002912540516176326 -0.0011664838752746063 -0.0024704075380691973 -0.00039608020567239723 -4.2790617501026198e-05 0.0025882261590057759 -0.0044885515663431368 -0.0048250350471871848 4.7172552587605727e-06 0.0030146678258656983
leaf_weight=562 367 959 210 122 152 36 506 505 5438 508 1310 535 266 297 750 241 79 44 345 102 156 26 78 23262 10702 3420 1437 2162 68250 7053
leaf_count=562 367 959 210 122 152 36 506 505 5438 508 1310 535 266 297 750 241 79 44 345 102 156 26 78 23262 10702 3420 1437 2162 68250 7053
internal_value=-0.000287188 -0.00662321 0.00315363 0.00748082 0.000705128 -0.0174797 -0.00477707 -0.000169017 -5.62033e-05 0.00770282 -0.00428803 0.00101729 0.00887681 0.00342428 -0.000556439 0.0127323 -0.0115666 -0.0131462 -0.00470123 -0.0111852 0.00354291 0.0209288 0.0208834 -0.000207847 -0.0012036 0.00142685 -0.0027076 0.000258435 -0.00026416 0.00320431
internal_weight=129880 2378 1419 1173 780 246 628 127502 124103 2379 3399 1966 828 1796 1258 538 1433 1354 1138 637 501 393 583 121724 38821 14122 24699 82903 70412 12491
internal_count=129880 2378 1419 1173 780 246 628 127502 124103 2379 3399 1966 828 1796 1258 538 1433 1354 1138 637 501 393 583 121724 38821 14122 24699 82903 70412 12491
is_linear=0
shrinkage=0.05


Tree=143
num_leaves=31
num_cat=0
split_feature=16 9 7 8 1 1 1 1 19 19 10 9 8 8 9 17 2 12 17 6 8 0 0 17 6 1 1 0 9 6
split_gain=46.7431 121.315 58.4676 33.1198 31.5429 41.0345 34.7915 46.2593 30.1647 26.6938 38.7675 34.4086 39.7956 76.0019 36.0488 33.1227 28.0788 33.4103 42.3278 37.3992 28.7981 26.0667 25.6652 21.7148 18.6964 18.4584 45.2478 16.6336 15.9125 14.0713
threshold=905.00000000000011 -0.43733984355855576 1.5000000000000002 22.500000000000004 25.250000000000004 26.350000000000005 28.150000000000006 30.025000000000002 7.7000000000000011 4.4000000000000048 -0.99628250747696534 0.92922379131507438 298.50000000000006 317.50000000000006 0.91596454896554913 1.0000000180025095e-35 0.29999999999999188 1.0000000180025095e-35 17.500000000000004 915.00000000000011 106.50000000000001 20.525000000000002 29.31666666666667 25.500000000000004 935.00000000000011 24.450000000000003 26.550000000000008 30.940000000000005 0.91596454896554913 635.00000000000011
decision_type=2 2 2 2 2 2 2 2 2 2 2 2 2 2 2 2 2 2 2 2 2 2 2 2 2 2 2 2 2 2
left_child=9 4 3 -3 -2 -6 -7 -8 25 15 22 12 14 -14 -12 27 17 18 -17 -19 29 -13 -11 -23 -24 -4 -27 -1 -22 -18
right_child=1 2 8 -5 5 6 7 -9 -10 10 11 21 13 -15 -16 16 20 19 -20 -21 28 23 24 -25 -26 26 -28 -29 -30 -31
leaf_value=0.044625807101119686 2.1524385825726002e-05 -4.1276480747601284e-07 -4.8902414758466016e-05 1.3694297228959499e-06 -0.00025921052896856384 0.000765537592302628 -0.00088597068068392245 7.7952053659717527e-05 0.00038923603078151644 -0.0017978896014036114 -2.3213406297395436e-05 0.00013193104711688443 -0.00030255088872648342 -9.1182963186757507e-05 0.0040474350040774418 -0.0037580290596404466 0.02509583235111772 0.0017694813333871406 -0.0002524152940987179 -4.1983410619032829e-05 0.001032922366410416 -0.00014782159120892981 -0.00048155061421518573 -0.00011109561600283134 0.00033156933449602911 8.7876995431085254e-05 -0.0010427524529938463 -0.012905237438033535 -0.024418163315482879 0.0024071269666127385
leaf_weight=198 211 51 940 131 122 188 246 148 36 127 20791 74 1848 4031 217 2228 1833 7681 63083 6203 13483 821 135 2101 563 79 226 27 259 1799
leaf_count=198 211 51 940 131 122 188 246 148 36 127 20791 74 1848 4031 217 2228 1833 7681 63083 6203 13483 821 135 2101 563 79 226 27 259 1799
internal_value=-0.000476594 -0.0074222 -0.0163534 0.0101648 0.00685792 0.00177557 0.00730241 -0.00114213 -0.020121 -0.000347053 -0.0016315 -0.00192668 -0.00136032 -0.0049966 -0.000342727 6.04376e-05 1.57918e-05 -0.000383547 -0.000857053 0.00184385 0.00183608 -0.00700935 0.00906061 -0.00775154 0.0128223 -0.0214257 -0.0107377 0.0192222 0.00078955 0.0057957
internal_weight=129880 2378 1463 182 915 704 582 394 1281 127502 30708 29883 26887 5879 21008 96794 96569 79195 65311 13884 17374 2996 825 2922 698 1245 305 225 13742 3632
internal_count=129880 2378 1463 182 915 704 582 394 1281 127502 30708 29883 26887 5879 21008 96794 96569 79195 65311 13884 17374 2996 825 2922 698 1245 305 225 13742 3632
is_linear=0
shrinkage=0.05


Tree=144
num_leaves=31
num_cat=0
split_feature=16 9 7 1 8 1 70 1 19 10 8 19 9 1 1 17 18 18 8 1 17 1 22 10 10 10 7 17 70 4
split_gain=59.439 104.377 37.4783 43.1367 40.3989 35.1366 32.1733 30.4397 29.7198 37.4254 43.9062 55.8629 42.3048 69.986 42.8551 40.6874 43.4489 36.2691 34.2484 33.5939 31.6022 31.0589 27.6434 81.8778 51.318 47.141 69.1467 59.9733 20.0174 19.7092
threshold=905.00000000000011 0.45273815774107123 11.500000000000002 25.250000000000004 22.500000000000004 30.025000000000002 1.399999999999997 23.850000000000005 4.4000000000000048 -0.50557503990954278 20.500000000000004 5.2000000000000011 -0.91597725483594616 25.650000000000006 28.550000000000008 28.500000000000004 24.500000000000004 19.500000000000004 126.50000000000001 30.350000000000005 1.0000000180025095e-35 24.050000000000008 1.0000000180025095e-35 -0.97874870457683594 0.73721509932751383 0.90803977035715633 2.5000000000000004 21.500000000000004 0.52500000000000047 10.500000000000002
decision_type=2 2 2 2 2 2 2 2 2 2 2 2 2 2 2 2 2 2 2 2 2 2 2 2 2 2 2 2 2 2
left_child=8 2 3 4 -2 6 -5 -4 20 15 11 17 14 -14 -12 18 -17 -11 -10 -18 29 -13 25 -24 -25 26 -22 -27 -3 -1
right_child=1 28 7 5 -6 -7 -8 -9 9 10 12 21 13 -15 -16 16 19 -19 -20 -21 22 -23 23 24 -26 27 -28 -29 -30 -31
leaf_value=0.042394516746063697 -3.921265671022122e-07 5.8871100179915115e-06 -4.6457294020542714e-05 -0.00042912857601977623 1.358300333779884e-05 7.4054450976731442e-05 0.00036505103858358893 0.00036977422924244058 0.00021162953815618004 0.0002670625432342172 -0.0015459821967648626 -0.0047279824047635659 -0.00013728195899027906 -0.00016187313448390376 1.3775487732755472e-05 0.00030618975584228856 -0.0041871805064635122 -0.0048073765677087406 -0.0040072531258327979 2.0263301720009619e-05 -0.004419531545760867 6.6444267243773866e-05 0.045052946300738396 0.00047932054551235728 -0.0010070154114760524 -5.8819230014872661e-05 -0.00029900207650205294 0.004921437876023985 -5.2712214309403211e-05 -0.012259975566131854
leaf_weight=198 51 38 210 279 342 152 349 36 55 697 537 312 7105 6579 4995 553 324 70 332 9078 4201 71 440 23050 9616 5143 51268 2851 921 27
leaf_count=198 51 38 210 279 342 152 349 36 55 697 537 312 7105 6579 4995 553 324 70 332 9078 4201 71 440 23050 9616 5143 51268 2851 921 27
internal_value=-0.000515091 -0.00834735 0.000264271 0.00398551 0.0174936 -0.00282051 -0.0080414 -0.0174797 -0.000369014 -0.00172431 -0.00296818 0.00652174 -0.00353612 -0.00502777 0.000153651 0.000725198 0.00134355 0.014309 -0.0151809 0.000542438 6.09542e-05 -0.00907311 1.73451e-05 0.00118861 0.000900018 -0.000593653 -0.00111098 0.002996 -0.0210897 0.0187778
internal_weight=129880 2378 1419 1173 393 780 628 246 127502 30708 20366 1150 19216 13684 5532 10342 9955 767 387 9402 96794 383 96569 33106 32666 63463 55469 7994 959 225
internal_count=129880 2378 1419 1173 393 780 628 246 127502 30708 20366 1150 19216 13684 5532 10342 9955 767 387 9402 96794 383 96569 33106 32666 63463 55469 7994 959 225
is_linear=0
shrinkage=0.05


Tree=145
num_leaves=31
num_cat=0
split_feature=16 9 7 10 1 19 9 8 8 19 17 22 10 10 9 9 8 8 0 70 8 1 17 10 1 70 4 17 0 1
split_gain=55.2781 108.903 39.4383 42.1617 30.4397 26.1396 37.6542 44.9052 75.7922 47.8848 31.7297 32.5508 79.6824 47.5052 46.1802 88.585 30.8953 38.4983 26.0073 25.2298 24.9157 31.7023 21.9309 41.2969 30.2357 20.0174 19.7092 13.3362 19.7715 12.1647
threshold=905.00000000000011 0.45273815774107123 11.500000000000002 -0.50557503990954278 23.850000000000005 4.4000000000000048 0.92922379131507438 298.50000000000006 317.50000000000006 6.2000000000000011 1.0000000180025095e-35 1.0000000180025095e-35 -0.97874870457683594 0.88917497572200743 0.99983759474438971 0.97508442350096236 295.50000000000006 292.50000000000006 20.525000000000002 1.8000000000000027 22.500000000000004 25.250000000000004 25.500000000000004 0.1318557721318592 25.650000000000006 0.52500000000000047 10.500000000000002 29.500000000000004 28.625000000000007 29.350000000000005
decision_type=2 2 2 2 2 2 2 2 2 2 2 2 2 2 2 2 2 2 2 2 2 2 2 2 2 2 2 2 2 2
left_child=5 2 3 27 -4 10 7 16 19 -10 26 14 -13 -14 15 -12 17 -7 -8 -9 -5 -22 24 -24 -20 -3 -1 -2 -29 -18
right_child=1 25 4 20 -6 6 18 8 9 -11 11 12 13 -15 -16 -17 29 -19 22 -21 21 -23 23 -25 -26 -27 -28 28 -30 -31
leaf_value=0.040274790908760516 -0.00058845245842561946 5.5927545170919362e-06 -4.4134429319515574e-05 -3.7252023874710161e-07 0.00035128551778031858 2.0185791060653438e-06 0.0001321985927105529 -0.00035316311110559915 5.1505501798417355e-05 -0.0023675751164999618 -0.00036797759539339839 0.042800298985701479 0.00021998788244241495 -0.0018293621978470844 -0.0089167573730588711 0.010110120823568948 1.5909897677222896e-05 -0.0014058843698279062 -0.0001304178610407651 -0.00027932968756596427 1.2903853170908897e-05 1.3957471929793715e-05 -0.0001576058820894781 0.0034485370317534625 -0.0001537794777597086 -5.0076603593933047e-05 -0.01164697678782527 7.035172842789483e-05 -1.0947905222005728e-06 0.004364682919297906
leaf_weight=198 169 38 210 51 36 21121 74 723 3554 477 60873 440 26577 6089 288 2302 142 365 388 1125 342 495 1812 289 433 921 27 49 67 205
leaf_count=198 169 38 210 51 36 21121 74 723 3554 477 60873 440 26577 6089 288 2302 142 365 388 1125 342 495 1812 289 433 921 27 49 67 205
internal_value=-0.000520865 -0.00807401 0.00072234 0.00453964 -0.0174797 -0.000379994 -0.00165104 -0.00107535 -0.00495407 -0.00111015 2.32452e-05 -2.04517e-05 0.00125053 0.000965836 -0.000683469 -0.000592402 -3.09165e-05 -0.000269943 -0.00697597 -0.0133387 0.00990991 0.0119773 -0.00771732 -0.00500952 -0.0146468 -0.0210897 0.0187778 -0.012193 0.000862069 0.0147695
internal_weight=129880 2378 1419 1173 246 127502 30708 27712 5879 4031 96794 96569 33106 32666 63463 63175 21833 21486 2996 1848 888 837 2922 2101 821 959 225 285 116 347
internal_count=129880 2378 1419 1173 246 127502 30708 27712 5879 4031 96794 96569 33106 32666 63463 63175 21833 21486 2996 1848 888 837 2922 2101 821 959 225 285 116 347
is_linear=0
shrinkage=0.05


Tree=146
num_leaves=31
num_cat=0
split_feature=16 9 1 22 1 0 1 1 18 19 9 8 8 19 17 8 8 9 9 1 22 10 12 70 0 17 17 10 1 70
split_gain=83.6205 131.717 37.2061 38.8655 39.2614 36.9153 35.6825 26.5814 46.6559 26.5462 38.2126 41.0548 68.7523 46.3107 30.8081 30.306 38.4984 29.1062 63.3559 41.1387 29.5758 77.6227 46.0673 26.7256 26.0073 22.8285 21.9309 41.2969 30.2357 21.3903
threshold=915.00000000000011 -0.43733984355855576 25.250000000000004 1.0000000180025095e-35 26.350000000000005 18.950000000000003 13.050000000000002 23.850000000000005 22.500000000000004 4.4000000000000048 0.92922379131507438 298.50000000000006 317.50000000000006 6.2000000000000011 1.0000000180025095e-35 295.50000000000006 292.50000000000006 -0.9905448150984083 -0.99866806308218525 31.750000000000004 1.0000000180025095e-35 -0.97874870457683594 1.0000000180025095e-35 1.8000000000000027 20.525000000000002 31.500000000000004 25.500000000000004 0.1318557721318592 25.650000000000006 0.61666666666667258
decision_type=2 2 2 2 2 2 2 2 2 2 2 2 2 2 2 2 2 2 2 2 2 2 2 2 2 2 2 2 2 2
left_child=9 2 -2 4 -4 -5 -3 -8 -9 14 11 15 23 -14 -1 16 -11 18 19 -16 22 -22 -19 -13 -12 -20 28 -28 -26 -10
right_child=1 6 3 5 -6 -7 7 8 29 10 24 12 13 -15 17 -17 -18 20 25 -21 21 -23 -24 -25 26 -27 27 -29 -30 -31
leaf_value=0.024077189202863104 1.8717268601283102e-05 0.00023161331471205639 -0.00022549144731563654 0.00034610061305791976 0.00070831028716182717 -0.00082091359144522704 -4.044642053705006e-05 8.8622586554697817e-05 5.3131167912373391e-06 1.9176501507622844e-06 0.00012558866307502554 -0.00033550495555031913 4.8930226708496574e-05 -0.0022491963606749636 -1.8163246298922438e-05 0.00058787574823294941 -0.0013355901513365104 -0.0010408854807275173 0.0096581758736926215 -0.0049327627288049333 0.040660284036416396 0.00012812546629207278 0.00021344218128009838 -0.00026397449819358447 -0.00012389696798872709 0.0045402555822458791 -0.00014972558798500429 0.0032761101801657895 -0.00014609050387172294 -0.00066191665261882012
leaf_weight=225 206 44 67 50 326 245 1004 78 57 21125 74 723 3554 478 1588 347 365 48552 1464 270 440 31318 11856 1126 388 1131 1812 289 433 245
leaf_count=225 206 44 67 50 326 245 1004 78 57 21125 74 723 3554 478 1588 347 365 48552 1464 270 440 31318 11856 1126 388 1131 1812 289 433 245
internal_value=-0.000502002 -0.00990525 0.00514541 -0.000436047 0.00986005 -0.0141525 -0.0193277 -0.020737 -0.00947368 -0.00033083 -0.00161164 -0.00103182 -0.00473984 -0.00107887 7.5379e-05 -3.32005e-05 -0.000269893 3.23435e-05 0.00398046 -0.00306781 -0.00015841 0.00107689 -0.00080784 -0.0127231 -0.00697597 0.00902697 -0.00771732 -0.00500952 -0.0146468 -0.0183775
internal_weight=129880 2322 894 688 393 295 1428 1384 380 127558 30714 27718 5881 4032 96844 21837 21490 96619 4453 1858 92166 31758 60408 1849 2996 2595 2922 2101 821 302
internal_count=129880 2322 894 688 393 295 1428 1384 380 127558 30714 27718 5881 4032 96844 21837 21490 96619 4453 1858 92166 31758 60408 1849 2996 2595 2922 2101 821 302
is_linear=0
shrinkage=0.05


Tree=147
num_leaves=31
num_cat=0
split_feature=16 9 7 1 1 70 1 19 17 18 0 17 19 17 1 1 9 8 6 9 19 19 10 19 19 17 0 19 17 10
split_gain=48.8715 116.418 42.71 55.8238 42.3781 32.1733 30.4397 26.7776 33.7577 59.0259 50.338 46.4508 50.2985 45.7251 117.725 54.4254 37.1182 96.6752 40.4645 32.3065 37.1834 57.2346 44.515 42.8763 39.7603 38.8936 25.6192 23.3625 23.2775 38.732
threshold=905.00000000000011 0.45273815774107123 11.500000000000002 25.250000000000004 30.025000000000002 1.399999999999997 23.850000000000005 4.2999999999999963 29.500000000000004 24.500000000000004 26.050000000000008 23.500000000000004 2.699999999999998 27.500000000000004 24.750000000000004 21.037500000000005 0.59868201182722736 150.50000000000003 795.00000000000011 0.92922379131507438 6.7500000000000009 6.2000000000000055 -0.30982845708428081 7.8500000000000005 8.9500000000000028 14.500000000000002 20.525000000000002 6.5000000000000018 25.500000000000004 0.1318557721318592
decision_type=2 2 2 2 2 2 2 2 2 2 2 2 2 2 2 2 2 2 2 2 2 2 2 2 2 2 2 2 2 2
left_child=7 2 3 27 5 -5 -4 8 10 -10 13 -12 -13 15 -15 -1 17 -11 -18 20 21 25 -23 -22 -25 -9 -21 -2 -28 -30
right_child=1 -3 6 4 -6 -7 -8 19 9 16 11 12 -14 14 -16 -17 18 -19 -20 26 23 22 -24 24 -26 -27 28 -29 29 -31
leaf_value=0.00027024420437824561 6.3657737235514817e-06 -3.8424099510197564e-05 -3.9905386826687291e-05 -0.00041366503865559778 4.0005628576170878e-05 0.00032879558240502378 0.00032929011256356772 -0.0028934590698414518 0.03487518400413863 0.035745291472682184 0.024049194790273509 -0.0046203647902551574 -0.00015253303470625439 0.032383487628415544 -9.2130894860931178e-06 -0.0012644206198795158 -0.010952507794921629 0.00020689056631126857 0.00031555029492945645 0.00011930922992127446 0.00030192730938038151 -1.9349588792294536e-05 -0.0024399317761336888 -0.0045620387613381792 0.0013294113593804947 -3.0299206773248821e-05 -0.00011770211958929064 -0.0011060784899033572 -0.00014223930858575374 0.0031123046711574996
leaf_weight=22050 367 959 210 279 152 349 36 286 1057 476 224 4550 3292 1731 5243 21028 1857 31269 870 75 1638 905 1520 217 58 26197 828 26 1840 291
leaf_count=22050 367 959 210 279 152 349 36 286 1057 476 224 4550 3292 1731 5243 21028 1857 31269 870 75 1638 905 1520 217 58 26197 828 26 1840 291
internal_value=-0.00053049 -0.00763246 0.0014623 0.00543478 -0.00230769 -0.0080414 -0.0174797 -0.000398033 3.76414e-05 0.00125179 -0.000704601 -0.0043702 -0.00501148 -0.000113882 0.0036421 -0.000721946 0.000894929 0.00137581 -0.00470297 -0.00160316 -0.00111856 -0.00156531 -0.00891753 0.00563251 -0.0126364 -0.000892082 -0.00652604 0.0208015 -0.00725752 -0.0044932
internal_weight=129880 2378 1419 1173 780 628 246 127502 93647 35529 58118 8066 7842 50052 6974 43078 34472 31745 2727 33855 30821 28908 2425 1913 275 26483 3034 393 2959 2131
internal_count=129880 2378 1419 1173 780 628 246 127502 93647 35529 58118 8066 7842 50052 6974 43078 34472 31745 2727 33855 30821 28908 2425 1913 275 26483 3034 393 2959 2131
is_linear=0
shrinkage=0.05


Tree=148
num_leaves=31
num_cat=0
split_feature=16 9 7 1 1 70 1 19 15 17 0 17 1 20 1 70 16 19 9 9 1 0 6 16 19 3 6 20 16 6
split_gain=50.5957 116.054 42.5513 56.134 41.4359 32.1733 30.4397 23.3625 23.0441 22.6282 44.6229 44.3184 58.4072 33.3797 23.5369 20.0174 15.0079 13.0808 12.8348 10.7386 7.78206 34.0206 7.08333 4.81263 2.18549 1.50051 1.3024 1.25403 0.0452381 0.044079
threshold=905.00000000000011 0.45273815774107123 11.500000000000002 25.250000000000004 30.025000000000002 1.399999999999997 23.850000000000005 6.5000000000000018 9.7500000000000018 1.0000000180025095e-35 30.720000000000006 16.500000000000004 14.250000000000002 1.0000000180025095e-35 21.037500000000005 0.52500000000000047 565.00000000000011 6.0000000000000018 0.8697513045430848 0.45273815774107123 24.750000000000004 23.850000000000005 915.00000000000011 975.00000000000011 4.9000000000000048 0.79999999999999549 465.00000000000006 0.39999999999999597 955.00000000000011 935.00000000000011
decision_type=2 2 2 2 2 2 2 2 2 2 2 2 2 2 2 2 2 2 2 2 2 2 2 2 2 2 2 2 2 2
left_child=8 2 3 7 5 -5 28 27 26 10 25 13 19 16 -14 -3 -11 24 -15 -13 29 -22 -19 -6 -12 -10 -1 -2 -4 -17
right_child=1 15 6 4 23 -7 -8 -9 9 11 17 12 14 18 -16 20 -18 22 -20 -21 21 -23 -24 -25 -26 -27 -28 -29 -30 -31
leaf_value=0.022673902675640491 6.0474850373739074e-06 6.9686659271853516e-06 -3.7910117485352929e-05 -0.0003929817867228179 3.2618462041990319e-05 0.00031235580328477258 0.0003128256069353894 -0.0010507745654081894 0.0095294224214585339 -0.0020147399538345311 -0.011537853128048442 0.022552466207749467 0.00018925786199718161 -0.00031482112601434746 -5.3767966232486784e-05 -9.194852836550507e-05 0.003171598770778509 -0.019374312968456035 0.0089451323373949173 0.023347444300385867 8.6112662202472807e-05 -0.0014457902906651696 0.00010161079261753817 3.8005347147362234e-05 -0.0031807656710945084 0.0063911918418373629 0.010851138275497486 1.1004508396121722e-05 -3.7910117485352929e-05 -3.6502894534687687e-05
leaf_weight=95 341 38 20 279 25 349 36 26 243 1602 50 240 21483 1119 102089 22 54 20 76 291 44 150 34 127 63 22 21 26 190 705
leaf_count=95 341 38 20 279 25 349 36 26 243 1602 50 240 21483 1119 102089 22 54 20 76 291 44 150 34 127 63 22 21 26 190 705
internal_value=-0.000427318 -0.00765349 0.00142706 0.00539216 -0.00237179 -0.0080414 -0.0174797 0.0208015 -0.000292544 -0.000312829 0.0111111 -0.000351702 -0.000210108 -0.00651526 -0.000281213 -0.0210897 -0.0111111 -0.00913174 -0.000146444 0.0163371 -0.022557 -0.0136598 0.0111111 0.0210526 -0.0188053 0.0238679 0.0219828 0.0240463 -0.0247619 -0.0249312
internal_weight=129880 2378 1419 1173 780 628 246 393 127502 127386 432 126954 124103 2851 123572 959 1656 167 1195 531 921 194 54 152 113 265 116 367 210 727
internal_count=129880 2378 1419 1173 780 628 246 393 127502 127386 432 126954 124103 2851 123572 959 1656 167 1195 531 921 194 54 152 113 265 116 367 210 727
is_linear=0
shrinkage=0.05


Tree=149
num_leaves=31
num_cat=0
split_feature=16 9 7 1 1 19 1 19 17 12 17 17 0 1 1 18 1 1 10 19 9 6 20 10 70 6 1 8 9 19
split_gain=39.4721 131.424 49.3025 44.1231 35.7126 31.5775 30.4397 23.8613 36.7743 29.7791 36.0003 37.9824 66.9238 61.1448 28.9573 60.652 51.5762 35.2156 33.7506 23.3625 22.3151 20.3048 38.2536 27.7746 20.0174 19.2905 17.9975 23.2259 17.5847 16.6198
threshold=905.00000000000011 0.45273815774107123 11.500000000000002 25.250000000000004 26.350000000000005 3.4000000000000044 23.850000000000005 4.2999999999999963 16.500000000000004 1.0000000180025095e-35 1.0000000180025095e-35 29.500000000000004 25.650000000000006 26.450000000000003 23.350000000000005 17.500000000000004 28.350000000000005 28.850000000000005 0.97461712852231652 6.5000000000000018 -0.46801505794253101 915.00000000000011 0.5999999999999962 0.89691351184655443 0.52500000000000047 805.00000000000011 24.550000000000008 8.5000000000000018 0.86113431103781346 4.8500000000000023
decision_type=2 2 2 2 2 2 2 2 2 2 2 2 2 2 2 2 2 2 2 2 2 2 2 2 2 2 2 2 2 2
left_child=7 2 3 19 -5 -6 -4 9 29 10 -1 12 -12 -13 15 20 18 -18 -16 -2 -10 22 23 -11 -3 -17 27 -23 -28 -9
right_child=1 24 6 4 5 -7 -8 8 14 21 11 13 -14 -15 16 25 17 -19 -20 -21 -22 26 -24 -25 -26 -27 28 -29 -30 -31
leaf_value=0.029014021307451968 5.7451107855052127e-06 6.6202326308260839e-06 -3.6014611611085282e-05 -0.00017388453368093394 -0.00037333269738667698 0.00029673801312053396 0.0002971843265886199 0.0059144350870467518 -0.003321852311886914 0.0019512439226993098 -0.00014276464100697399 0.032208454265612606 -0.0041442511520389134 0.0001382501614351446 -0.00022740103840749316 -0.0026050062208769764 0.00028091662508513137 -2.609584812296173e-05 -0.0044777017935254473 -0.00099823583713777998 6.2745314898289556e-05 0.00019877432302187401 0.00013144223069514686 0.004152861646774318 -4.1804102685139636e-05 0.0037400688661699227 2.4487721925813696e-05 -0.00064235308123026733 0.00022338416467852369 -0.0012962959173091768
leaf_weight=212 367 38 210 122 472 186 36 67 623 4795 39863 1848 6906 28193 6652 53 918 19949 345 26 4248 161 5112 729 921 376 3289 2066 473 624
leaf_count=212 367 38 210 122 472 186 36 67 623 4795 39863 1848 6906 28193 6652 53 918 19949 345 26 4248 161 5112 729 921 376 3289 2066 473 624
internal_value=-0.000408839 -0.00679142 0.00287174 0.00713981 0.00025641 0.00486322 -0.0174797 -0.000289799 -0.00142741 0.000121467 -0.000292773 -0.000349564 -0.00124067 0.00103775 -0.00118954 0.00219811 -0.00183391 -0.000588249 -0.00554881 0.0208015 0.000610758 0.0020406 0.00335182 0.00623642 -0.0210897 0.0202214 -0.000288028 -0.00385047 0.00182084 -0.0128437
internal_weight=129880 2378 1419 1173 780 658 246 127502 33855 93647 77022 76810 46769 30041 33164 5300 27864 20867 6997 393 4871 16625 10636 5524 959 429 5989 2227 3762 691
internal_count=129880 2378 1419 1173 780 658 246 127502 33855 93647 77022 76810 46769 30041 33164 5300 27864 20867 6997 393 4871 16625 10636 5524 959 429 5989 2227 3762 691
is_linear=0
shrinkage=0.05


Tree=150
num_leaves=31
num_cat=0
split_feature=16 9 7 1 1 1 1 19 15 17 1 17 70 1 12 10 0 10 1 10 10 70 9 9 1 0 6 6 20 6
split_gain=38.3765 133.753 50.3321 42.4866 37.8411 30.4397 23.7757 23.3625 22.9655 26.5598 56.7538 43.596 40.7527 35.7688 29.2229 23.7648 30.56 21.0225 27.1192 26.1366 20.7434 20.0174 9.41356 8.5521 7.78206 34.0206 1.56316 1.3024 1.25403 1.16784
threshold=905.00000000000011 0.45273815774107123 11.500000000000002 25.250000000000004 30.025000000000002 23.850000000000005 26.350000000000005 6.5000000000000018 9.7500000000000018 16.500000000000004 15.450000000000001 18.500000000000004 0.89999999999999958 14.250000000000002 1.0000000180025095e-35 0.7710868207630478 30.650000000000009 -0.99983123799342477 32.050000000000004 -0.80417042486635371 0.90070004940655357 0.52500000000000047 0.8697513045430848 -0.2102246306142678 24.750000000000004 23.850000000000005 995.00000000000011 465.00000000000006 0.39999999999999597 165.00000000000003
decision_type=2 2 2 2 2 2 2 2 2 2 2 2 2 2 2 2 2 2 2 2 2 2 2 2 2 2 2 2 2 2
left_child=8 2 3 7 6 -4 -5 28 27 12 11 13 15 -11 22 16 -10 18 -12 -19 -17 -3 -14 -16 -23 -26 -6 -1 -2 -13
right_child=1 21 5 4 26 -7 -8 -9 9 10 17 29 14 -15 23 20 -18 19 -20 -21 -22 24 -24 -25 25 -27 -28 -29 -30 -31
leaf_value=0.021547345773908821 5.457855246229952e-06 6.2892209992847804e-06 -3.4213881030531021e-05 -0.00016519030699688723 2.0406365717254295e-05 0.00028232511025918892 -8.0270949633968076e-05 -0.00094832404528089097 0.012702019080629469 0.019785632366341302 -0.0042063371217874942 0.035612243433340574 -0.0013164770628347271 -0.0031084856412516128 0.00016134504885211983 -0.0086445585894064699 -0.011862828680041605 7.2228165999665972e-05 0.0048198427349126953 -5.8254070321409755e-05 -4.5881408348263931e-05 -3.2587544673696321e-05 0.011284614970486984 -0.00010452734145144777 8.3897234226606142e-05 -0.0013714105709976539 4.618471373156602e-05 0.010315719593772955 1.0167027437040376e-05 0.04660337616607399
leaf_weight=95 341 38 210 122 20 36 506 26 279 472 525 119 1195 715 72 233 111 24827 51 97104 1227 727 49 117 44 150 132 21 26 290
leaf_count=95 341 38 210 122 20 36 506 26 279 472 525 119 1195 715 72 233 111 24827 51 97104 1227 727 49 117 44 150 132 21 26 290
internal_value=-0.000371882 -0.00666526 0.00308316 0.00739557 0.000641026 -0.0174797 -0.00477707 0.0208015 -0.000254506 -0.000274755 -0.000157329 0.00921053 -0.00471368 0.00435973 -0.0110433 0.000189189 0.0111538 -0.000279372 -0.00980903 -0.000234354 -0.00273973 -0.0210897 -0.0138264 0.00727513 -0.022557 -0.0136598 0.0230263 0.0219828 0.0240463 0.0232885
internal_weight=129880 2378 1419 1173 780 246 628 393 127502 127386 124103 1596 3283 1187 1433 1850 390 122507 576 121931 1460 959 1244 189 921 194 152 116 367 409
internal_count=129880 2378 1419 1173 780 246 628 393 127502 127386 124103 1596 3283 1187 1433 1850 390 122507 576 121931 1460 959 1244 189 921 194 152 116 367 409
is_linear=0
shrinkage=0.05


Tree=151
num_leaves=31
num_cat=0
split_feature=16 9 7 1 1 1 1 19 15 17 1 17 70 1 12 10 0 17 10 1 70 10 9 9 1 0 6 6 20 6
split_gain=39.0396 133.364 50.1598 41.952 37.8411 30.4397 23.7757 23.2329 22.8951 25.6998 55.2347 44.18 42.1371 34.4983 29.2229 22.9517 29.3319 22.1001 38.1634 37.3005 20.0174 17.0907 9.41356 8.5521 7.78206 34.0206 1.56316 1.3024 1.22196 1.16784
threshold=905.00000000000011 0.45273815774107123 11.500000000000002 25.250000000000004 30.025000000000002 23.850000000000005 26.350000000000005 6.5000000000000018 9.7500000000000018 16.500000000000004 15.450000000000001 18.500000000000004 0.89999999999999958 14.250000000000002 1.0000000180025095e-35 0.7710868207630478 30.650000000000009 32.500000000000007 -0.99983123799342477 27.650000000000006 0.52500000000000047 0.90070004940655357 0.8697513045430848 -0.2102246306142678 24.750000000000004 23.850000000000005 995.00000000000011 465.00000000000006 0.39999999999999597 165.00000000000003
decision_type=2 2 2 2 2 2 2 2 2 2 2 2 2 2 2 2 2 2 2 2 2 2 2 2 2 2 2 2 2 2
left_child=8 2 3 7 6 -4 -5 28 27 12 11 13 15 -11 22 16 -10 18 -12 -19 -3 -17 -14 -16 -22 -26 -6 -1 -2 -13
right_child=1 20 5 4 26 -7 -8 -9 9 10 17 29 14 -15 23 21 -18 19 -20 -21 24 -23 -24 -25 25 -27 -28 -29 -30 -31
leaf_value=0.020469978485213369 5.1849624839184546e-06 5.9747599493205412e-06 -3.2503186979004467e-05 -0.00015693079164704287 1.9386047431391856e-05 0.0002682088547462295 -7.6257402152269817e-05 -0.00090090784301684638 0.012066918126597992 0.01879635074802424 -0.0040117465022002242 0.033831631261673545 -0.0012506532096929908 -0.0029530613591890243 0.00015327779640951362 -0.0082123306599361408 -0.011269687246039517 0.024090506611340379 -5.2610925704013606e-05 4.7560110803977767e-05 -3.0958167440011506e-05 -4.3587337930850459e-05 0.010720384221962642 -9.9300974378875587e-05 7.9702372515275845e-05 -0.0013028400424477712 4.3875478044987787e-05 0.0097999336140842889 9.6586760651883575e-06 0.044273207357770294
leaf_weight=95 341 38 210 122 20 36 506 26 279 472 432 119 1195 715 72 233 111 163 99517 22395 727 1227 49 117 44 150 132 21 26 290
leaf_count=95 341 38 210 122 20 36 506 26 279 472 432 119 1195 715 72 233 111 163 99517 22395 727 1227 49 117 44 150 132 21 26 290
internal_value=-0.000338774 -0.00668629 0.00304792 0.00735294 0.000641026 -0.0174797 -0.00477707 0.0206743 -0.000220389 -0.000240607 -0.000125098 0.00911654 -0.00460707 0.00423336 -0.0110433 0.000378378 0.0111538 -0.000245496 -0.000564538 0.0011681 -0.0210897 -0.0025 -0.0138264 0.00727513 -0.022557 -0.0136598 0.0230263 0.0219828 0.0239101 0.0232885
internal_weight=129880 2378 1419 1173 780 246 628 393 127502 127386 124103 1596 3283 1187 1433 1850 390 122507 99949 22558 959 1460 1244 189 921 194 152 116 367 409
internal_count=129880 2378 1419 1173 780 246 628 393 127502 127386 124103 1596 3283 1187 1433 1850 390 122507 99949 22558 959 1460 1244 189 921 194 152 116 367 409
is_linear=0
shrinkage=0.05


Tree=152
num_leaves=31
num_cat=0
split_feature=16 9 7 1 1 1 1 19 15 17 1 70 12 10 0 1 17 17 70 6 18 7 9 18 9 1 0 20 6 6
split_gain=39.9198 132.198 49.6445 40.3687 37.8411 30.4397 23.7757 22.8462 21.9958 24.573 53.8596 43.0814 29.9602 21.2033 28.644 20.9735 122.984 57.8923 20.0174 15.9375 12.7593 29.8966 9.41356 8.70688 8.22161 7.78206 34.0206 2.79741 1.79214 1.56316
threshold=905.00000000000011 0.45273815774107123 11.500000000000002 25.250000000000004 30.025000000000002 23.850000000000005 26.350000000000005 6.5000000000000018 9.7500000000000018 16.500000000000004 14.250000000000002 0.89999999999999958 1.0000000180025095e-35 0.7710868207630478 30.650000000000009 20.150000000000002 21.500000000000004 25.500000000000004 0.52500000000000047 195.00000000000003 12.500000000000002 2.5000000000000004 0.8697513045430848 10.500000000000002 -0.2102246306142678 24.750000000000004 23.850000000000005 0.39999999999999597 465.00000000000006 995.00000000000011
decision_type=2 2 2 2 2 2 2 2 2 2 2 2 2 2 2 2 2 2 2 2 2 2 2 2 2 2 2 2 2 2
left_child=8 2 3 7 6 -4 -5 27 28 11 20 13 22 14 -10 16 -12 -17 -3 -15 23 -22 -13 -11 -14 -20 -27 -2 -1 -6
right_child=1 18 5 4 29 -7 -8 -9 9 10 15 12 24 19 -16 17 -18 -19 25 -21 21 -23 -24 -25 -26 26 -28 -29 -30 -31
leaf_value=0.019446479560952714 4.925714359722532e-06 5.676021951854514e-06 -3.0878027630054242e-05 -0.00014908425206469072 1.841674505982244e-05 0.00025479841200891801 -7.2444532044656405e-05 -0.00085586245086600402 0.011463572220268104 0.0080007186051605401 -0.00018100323323914786 -0.0011881205492083413 0.00014561390658903787 -0.057192704953871437 -0.010706202883737538 -0.0007601230422307003 0.019571997420207012 1.1896267561269103e-05 -2.9410259068010931e-05 1.4632549576217171e-05 -0.020868159966621572 0.017210045339837721 0.010184365010864505 0.045751625886577489 -9.4335925659931597e-05 7.5717253889512055e-05 -0.0012376980403253825 9.1757422619289393e-06 0.0093099369333800915 4.1681704142738227e-05
leaf_weight=95 341 38 210 122 20 36 506 26 279 73 13389 1195 72 339 111 22217 3687 84279 727 1121 73 78 49 307 117 44 150 26 21 132
leaf_count=95 341 38 210 122 20 36 506 26 279 73 13389 1195 72 339 111 22217 3687 84279 727 1121 73 78 49 307 117 44 150 26 21 132
internal_value=-0.00033069 -0.00674937 0.00294221 0.00722506 0.000641026 -0.0174797 -0.00477707 0.0202926 -0.000210977 -0.000230795 -0.000117846 -0.00450046 -0.0110084 0.000540541 0.0108974 -0.000186126 0.00144062 -0.000446965 -0.0210897 -0.00222603 0.0157721 0.00347682 -0.0138264 0.0206579 0.00753968 -0.022557 -0.0136598 0.0235014 0.0215517 0.0230263
internal_weight=129880 2378 1419 1173 780 246 628 393 127502 127386 124103 3283 1433 1850 390 123572 17076 106496 959 1460 531 151 1244 380 189 921 194 367 116 152
internal_count=129880 2378 1419 1173 780 246 628 393 127502 127386 124103 3283 1433 1850 390 123572 17076 106496 959 1460 531 151 1244 380 189 921 194 367 116 152
is_linear=0
shrinkage=0.05


Tree=153
num_leaves=31
num_cat=0
split_feature=16 9 7 1 10 10 1 17 6 10 1 17 9 9 10 1 1 9 17 8 19 18 7 1 0 1 1 1 16 19
split_gain=34.5781 129.154 48.715 30.4397 26.1565 65.7106 31.0518 39.0779 49.4312 30.811 34.8108 114.468 113.113 47.2746 46.6907 37.8478 34.3603 28.505 72.2431 24.8397 28.3686 41.862 31.7133 21.4573 41.2717 18.984 23.0293 20.9949 13.0126 12.8868
threshold=905.00000000000011 0.59868201182722736 11.500000000000002 23.850000000000005 0.99349222267034787 0.99855310097228334 23.550000000000008 20.500000000000004 805.00000000000011 0.46611290379786346 23.450000000000003 24.500000000000004 0.90892735371523092 0.99983759474438971 -0.21862536810265826 23.950000000000003 29.250000000000004 -0.86976336936302323 29.500000000000004 305.50000000000006 3.4000000000000044 26.500000000000004 10.500000000000002 24.450000000000003 24.225000000000005 14.850000000000003 15.750000000000002 21.037500000000005 65.000000000000014 0.79999999999999816
decision_type=2 2 2 2 2 2 2 2 2 2 2 2 2 2 2 2 2 2 2 2 2 2 2 2 2 2 2 2 2 2
left_child=4 2 19 -4 9 6 7 8 -6 10 11 12 -1 15 -13 -12 17 29 -19 20 21 -2 -22 -3 -25 -7 -27 -28 -18 -11
right_child=1 23 3 -5 5 25 -8 -9 -10 16 13 14 -14 -15 -16 -17 28 18 -20 -21 22 -23 -24 24 -26 26 27 -29 -30 -31
leaf_value=0.026097426640321178 -0.00036165134111327928 -2.793974611461038e-05 -2.9334126248551534e-05 0.00024205849140847212 -0.0018079571813575336 0.023030517395229544 -0.0042201422457488627 0.0049206081301617468 0.00023693063834401284 0.036730785370709576 -0.0051649814792449596 -0.0073108176288263389 -0.0039478647038077496 -0.0083062666440278706 0.060978656246476221 1.3930083332311384e-05 7.2217203573497762e-06 -0.00021721458613103151 0.030602979988755188 0.0003754437944506854 3.8999188055842515e-05 0.0023405367872598075 -3.9782916509764985e-05 7.1931391195036447e-05 -0.0011937335869956279 -0.021543111053486809 6.834244719046492e-05 -0.0032512314023167518 -4.4826339091506855e-05 -0.0041053957926023522
leaf_weight=530 406 730 210 36 891 60 66 936 693 115 1736 435 3840 288 1498 75016 92 38127 305 257 404 109 53 68 105 135 1656 453 313 317
leaf_count=530 406 730 210 36 891 60 66 936 693 115 1736 435 3840 288 1498 75016 92 38127 305 257 404 109 53 68 105 135 1656 453 313 317
internal_value=-0.000312981 -0.0062868 0.00283051 -0.0174797 -0.000201565 0.00338446 0.00885538 0.00974206 0.00495581 -0.000344583 0.000199477 0.00377201 -0.000709382 -9.28089e-05 0.0139033 -1.69377e-05 -0.00149927 -0.00134829 -0.00120473 0.00689585 0.00324074 -0.00480583 0.0123085 -0.0211794 -0.00534682 -0.00275608 -0.00349822 -0.00221669 -0.0159877 -0.0141204
internal_weight=129880 2378 1475 246 127502 4890 2586 2520 1584 122612 83343 6303 4370 77040 1933 76752 39269 38864 38432 1229 972 515 457 903 173 2304 2244 2109 405 432
internal_count=129880 2378 1475 246 127502 4890 2586 2520 1584 122612 83343 6303 4370 77040 1933 76752 39269 38864 38432 1229 972 515 457 903 173 2304 2244 2109 405 432
is_linear=0
shrinkage=0.05


Tree=154
num_leaves=31
num_cat=0
split_feature=16 1 19 0 1 1 19 21 7 18 15 17 1 10 70 12 17 9 3 17 1 10 10 0 6 9 9 10 6 7
split_gain=103.348 72.7341 49.068 40.0104 30.0125 33.7928 44.1 40.9646 29.0824 23.9012 21.9371 26.3404 42.3985 52.7762 41.4833 29.9602 29.5002 20.8926 20.5594 18.7209 37.5576 36.6743 16.5961 24.2224 14.818 9.41356 8.22161 7.14188 1.79214 1.54842
threshold=905.00000000000011 23.850000000000005 1.2 9.1500000000000004 30.650000000000006 28.225000000000005 1.9999999999999976 1.0000000180025095e-35 10.500000000000002 25.500000000000004 9.7500000000000018 16.500000000000004 16.150000000000002 0.87709077819680659 0.89999999999999958 1.0000000180025095e-35 18.500000000000004 0.878110924644389 0.19999999999999665 32.500000000000007 27.650000000000006 -0.99983123799342477 0.7710868207630478 30.825000000000006 195.00000000000003 0.8697513045430848 -0.2102246306142678 -0.90892157495189674 465.00000000000006 1.5000000000000002
decision_type=2 2 2 2 2 2 2 2 2 2 2 2 2 2 2 2 2 2 2 2 2 2 2 2 2 2 2 2 2 2
left_child=10 2 8 -4 5 6 9 27 -2 -3 28 14 13 17 22 25 -15 -13 -8 21 -21 -14 23 -12 -24 -16 -17 -7 -1 -5
right_child=1 4 3 29 -6 7 18 -9 -10 -11 11 12 19 16 15 26 -18 -19 -20 20 -22 -23 24 -25 -26 -27 -28 -29 -30 -31
leaf_value=0.018485016312211621 -0.0012459574749167416 -0.0003251348512701345 0.00021639634449184542 -1.6373680464389343e-06 0.009399459884938963 0.017959699436669609 0.00022995556683804851 0.0019291136282879918 0.00035667160472815099 6.6374271360675899e-05 0.010696282610486307 0.061323453627999139 -0.0038124504946348923 -0.00082240284156844326 -0.0011178537924413725 0.00013763670709297031 0.015387345875080373 -0.0019417217691075185 -3.1335162595357077e-05 0.022884689963228677 4.389078771910027e-05 -4.5748600081489676e-05 -0.054322208976871303 -0.010593833191481307 2.476165140395789e-05 0.0096860074896278469 -7.8758400070383377e-05 -0.00089496052495160051 0.0088553008160176649 -2.6542758808879864e-05
leaf_weight=95 43 278 43 139 102 22 250 52 96 42 282 505 432 1258 1195 72 538 78 70 163 22395 98734 339 108 1121 49 117 291 21 950
leaf_count=95 43 278 43 139 102 22 250 52 96 42 282 505 432 1258 1195 72 538 78 70 163 22395 98734 339 108 1121 49 117 291 21 950
internal_value=-0.000374577 -0.0107023 -0.0188631 -0.0223057 -0.00133243 -0.00395522 0.00296875 -0.0160959 0.00917266 -0.0101563 -0.000181958 -0.000201749 -8.48086e-05 0.00652585 -0.0046223 -0.0110084 0.00228285 0.0195969 0.0160938 -0.000214009 0.00108609 -0.000509751 0.000324324 0.00948718 -0.00212329 -0.0138264 0.00753968 -0.0229233 0.0215517 -0.0241736
internal_weight=129880 2378 1271 1132 1107 1005 640 365 139 320 127502 127386 124103 2379 3283 1433 1796 583 320 121724 22558 99166 1850 390 1460 1244 189 313 116 1089
internal_count=129880 2378 1271 1132 1107 1005 640 365 139 320 127502 127386 124103 2379 3283 1433 1796 583 320 121724 22558 99166 1850 390 1460 1244 189 313 116 1089
is_linear=0
shrinkage=0.05


Tree=155
num_leaves=31
num_cat=0
split_feature=16 9 19 7 0 1 0 19 22 8 15 17 1 17 70 10 12 10 1 10 6 19 9 9 9 9 6 7 3 70
split_gain=134.792 72.5579 33.9827 38.1856 32.7147 28.6104 31.768 23.3675 30.0768 35.0913 21.9767 30.4284 41.2909 44.1757 37.4869 33.3891 30.073 18.0407 25.9156 22.9755 14.2238 17.6514 16.5992 8.57399 8.22161 3.27461 1.79214 1.54842 0.169466 0.0378151
threshold=905.00000000000011 -0.861146256326485 1.2 4.5000000000000009 9.1500000000000004 23.850000000000005 25.150000000000006 3.4000000000000044 1.0000000180025095e-35 290.50000000000006 9.7500000000000018 16.500000000000004 15.450000000000001 18.500000000000004 0.89999999999999958 0.87709077819680659 1.0000000180025095e-35 -0.99983123799342477 32.050000000000004 -0.80417042486635371 155.00000000000003 4.8500000000000023 -0.49813634056773481 0.8697513045430848 -0.2102246306142678 -0.159513159777915 465.00000000000006 1.5000000000000002 0.20000000000000465 0.39999999999999686
decision_type=2 2 2 2 2 2 2 2 2 2 2 2 2 2 2 2 2 2 2 2 2 2 2 2 2 2 2 2 2 2
left_child=10 7 3 -3 -4 27 -7 8 9 28 26 14 13 15 20 -13 23 18 -14 -19 22 -22 -12 -16 -18 -15 -1 -6 -2 -5
right_child=1 2 4 29 5 6 -8 -9 -10 -11 11 12 17 25 16 -17 24 19 -20 -21 21 -23 -24 -25 -26 -27 -28 -29 -30 -31
leaf_value=0.017560765496601061 0.0019288014901140478 -0.0011836596011709046 0.00020557652726725315 0.0003388380244917437 -1.5554996441169877e-06 -9.7021270473924594e-06 -0.00045724186931173777 0.0011223825568346731 -0.00064658969823992241 -0.0001072907298422855 0.034454541435634443 0.052627585987551753 -0.0036061017334010426 0.027389802131769472 -0.001061961102819304 -0.0015065229560834227 0.00013075487173832209 7.2243416444278671e-05 0.0045729867356962273 -4.6748678639962904e-05 0.0023403644362596327 -0.002806006736310413 -0.04215693599365105 0.0092017071151464513 -7.4820480066864481e-05 0.057845181558297702 0.008412535775216768 -2.5215620868435872e-05 0.0019288014901140478 0.0003388380244917437
leaf_weight=95 111 63 43 21 139 347 338 127 88 50 32 260 525 123 1195 927 72 24827 51 97104 1304 195 319 49 117 286 21 950 20 81
leaf_count=95 111 63 43 21 139 347 338 127 88 50 32 260 525 123 1195 927 72 24827 51 97104 1304 195 319 49 117 286 21 950 20 81
internal_value=-0.000421543 -0.0122161 -0.0161201 0.00560606 -0.018093 -0.0191375 -0.0111314 0.00732323 -0.0010223 0.0106354 -0.000201565 -0.000221374 -9.56866e-05 0.00789474 -0.00497259 0.00301179 -0.0110433 -0.000199785 -0.00902778 -0.000158081 -0.00027027 0.00185123 -0.00933048 -0.0138666 0.00753968 0.022066 0.0215517 -0.0241736 0.0242366 0.0245098
internal_weight=129880 2378 1982 165 1817 1774 685 396 269 181 127502 127386 124103 1596 3283 1187 1433 122507 576 121931 1850 1499 351 1244 189 409 116 1089 131 102
internal_count=129880 2378 1982 165 1817 1774 685 396 269 181 127502 127386 124103 1596 3283 1187 1433 122507 576 121931 1850 1499 351 1244 189 409 116 1089 131 102
is_linear=0
shrinkage=0.05


Tree=156
num_leaves=31
num_cat=0
split_feature=16 9 19 19 22 19 15 17 1 17 70 10 12 8 17 1 10 19 1 0 19 9 34 9 16 6 0 6 70 16
split_gain=154.201 50.8038 44.4598 38.9244 49.1423 37.5316 21.1245 30.1735 41.0216 43.6107 38.6536 32.5831 30.5774 19.8442 16.8783 37.7319 34.5027 11.3657 10.4151 29.1824 8.27703 7.83544 4.11919 3.55318 3.08916 2.35987 0.290634 0.0440847 0.0378151 0.0373418
threshold=905.00000000000011 0.59868201182722736 1.3000000000000005 8.5500000000000025 1.0000000180025095e-35 2.9000000000000044 9.7500000000000018 16.500000000000004 15.450000000000001 18.500000000000004 0.80000000000000615 0.87709077819680659 1.0000000180025095e-35 24.500000000000004 32.500000000000007 27.650000000000006 -0.99983123799342477 4.8500000000000023 24.750000000000004 24.325000000000006 5.9000000000000004 -0.2102246306142678 0.0055263157894736856 -0.159513159777915 975.00000000000011 465.00000000000006 23.925000000000001 935.00000000000011 0.39999999999999686 1245.0000000000002
decision_type=2 2 2 2 2 2 2 2 2 2 2 2 2 2 2 2 2 2 2 2 2 2 2 2 2 2 2 2 2 2
left_child=6 2 28 4 5 -4 25 10 9 11 13 -9 20 22 16 -16 -10 -15 26 -20 -12 -14 -8 -11 -6 -1 27 -3 -2 -5
right_child=1 18 3 29 24 -7 7 8 14 23 12 -13 21 17 15 -17 -18 -19 19 -21 -22 -23 -24 -25 -26 -27 -28 -29 -30 -31
leaf_value=0.016682727221771023 0.0003218961232671562 -7.6628191964290586e-05 -0.00010192619335017123 0.0002237828910696238 -4.8806442673809535e-05 0.00019529770090389033 -0.0023739332540488479 0.049996206688174165 -0.003441522883233095 0.026020312025181003 -0.0022756203076358056 -0.0014311968082792337 0.00012421712815140624 0.0025519562323876159 0.021742792898999233 3.8084077510931047e-05 -4.1123736145416705e-05 -0.0028343228107392164 5.7322149645751829e-05 -0.0011514031563606474 -0.00067136706339515173 -6.3651096667008414e-05 0.002745538005922055 0.054952922480382818 -3.5741906202139257e-05 0.0079919089864559211 -9.2170206950228371e-06 -2.3954839825014078e-05 0.0003218961232671562 0.0002237828910696238
leaf_weight=95 21 22 342 59 85 405 201 260 432 123 1091 927 74 1434 163 22395 99517 166 44 100 177 120 20 286 462 21 29 708 81 20
leaf_count=95 21 22 342 59 85 405 201 260 432 123 1091 927 74 1434 163 22395 99517 166 44 100 177 120 20 286 462 21 29 708 81 20
internal_value=-0.000441946 -0.0130572 -0.00733898 -0.00970503 -0.0117852 -0.00344712 -0.000206663 -0.000226084 -0.000100924 0.00786341 -0.00495736 0.00301179 -0.0110123 -9.6101e-05 -0.000204682 0.00103068 -0.000483497 0.00184375 -0.0223976 -0.0100694 -0.0138407 0.00747423 -0.0141403 0.0219438 -0.0231718 0.0211207 -0.0247365 -0.0249315 0.0245098 0.0243671
internal_weight=129880 2378 1475 1373 1294 747 127502 127386 124103 1596 3283 1187 1462 1821 122507 22558 99949 1600 903 144 1268 194 221 409 547 116 759 730 102 79
internal_count=129880 2378 1475 1373 1294 747 127502 127386 124103 1596 3283 1187 1462 1821 122507 22558 99949 1600 903 144 1268 194 221 409 547 116 759 730 102 79
is_linear=0
shrinkage=0.05


Tree=157
num_leaves=31
num_cat=0
split_feature=16 9 8 19 19 9 8 15 17 1 9 18 19 17 19 1 9 1 16 16 7 19 1 0 6 6 6 0 6 6
split_gain=117.36 70.7497 40.6043 44.6384 48.8806 33.4149 30.6953 21.0407 17.533 34.3222 39.0824 33.6813 30.5364 24.5165 21.2372 29.7545 23.6878 19.2131 18.608 15.3982 13.8472 12.1679 10.4151 29.1824 2.35987 0.759804 0.340262 0.290634 0.176048 0.0440847
threshold=905.00000000000011 0.59868201182722736 158.50000000000003 1.3000000000000005 7.7000000000000011 -0.861146256326485 22.500000000000004 9.7500000000000018 15.500000000000002 14.65 -0.12546116083924153 9.5000000000000018 2.3999999999999999 16.500000000000004 4.8500000000000023 10.350000000000003 0.40614137006726808 21.037500000000005 785.00000000000011 205.00000000000003 11.500000000000002 4.099999999999997 24.750000000000004 24.325000000000006 465.00000000000006 1125.0000000000002 1385.0000000000002 23.925000000000001 995.00000000000011 935.00000000000011
decision_type=2 2 2 2 2 2 2 2 2 2 2 2 2 2 2 2 2 2 2 2 2 2 2 2 2 2 2 2 2 2
left_child=7 2 6 -4 5 -5 25 24 11 10 12 14 -10 21 15 -9 -16 -15 19 -13 -12 -11 27 -24 -1 -2 28 29 -8 -3
right_child=1 22 3 4 -6 -7 26 8 9 13 20 18 -14 17 16 -17 -18 -19 -20 -21 -22 -23 23 -25 -26 -27 -28 -29 -30 -31
leaf_value=0.015848590860682465 -1.1573119345231168e-05 -7.2796782366076057e-05 0.0003058013171037981 -2.8288207045552155e-05 0.00021259374651614259 -3.3954810892032294e-05 1.6271671618323067e-05 -0.016865066379913675 -0.032612793229702002 -0.0040064918880822952 0.0094241286739049981 -0.0023202066945651897 7.1760475580797417e-05 0.00016749827414469856 -0.00083583361659868543 0.0080120880320780474 0.0038014849795941249 -3.5261708928700093e-05 0.0040700213467151298 -0.023375693488366888 0.042080418762281503 -0.0008100860909055394 5.4456042163464243e-05 -0.001093832998542615 0.0075923135371331442 -0.00061976870741507198 8.2905211332594453e-06 -8.756169660271694e-06 1.6271671618323067e-05 -2.2757097833763374e-05
leaf_weight=95 20 22 96 345 87 709 20 172 218 185 934 394 124 21249 378 662 67 102089 37 421 192 264 44 100 21 31 20 29 147 708
leaf_count=95 20 22 96 345 87 709 20 172 218 185 934 394 124 21249 378 662 67 102089 37 421 192 264 44 100 21 31 20 29 147 708
internal_value=-0.000369572 -0.0113751 -0.00462712 -0.00826597 -0.011021 -0.0139943 0.0142857 -0.000164311 -0.000183694 -0.000107181 0.00749319 -0.0046809 -0.00730994 -0.000197315 0.00044957 0.00515588 -0.00837079 -0.000154859 -0.0123826 -0.0139571 0.0119893 -0.0118597 -0.0223976 -0.0100694 0.0211207 -0.020098 0.0236631 -0.0247365 0.0244012 -0.0249315
internal_weight=129880 2378 1475 1237 1141 1054 238 127502 127386 125255 1468 2131 342 123787 1279 834 445 123338 852 815 1126 449 903 144 116 51 187 759 167 730
internal_count=129880 2378 1475 1237 1141 1054 238 127502 127386 125255 1468 2131 342 123787 1279 834 445 123338 852 815 1126 449 903 144 116 51 187 759 167 730
is_linear=0
shrinkage=0.05


Tree=158
num_leaves=28
num_cat=0
split_feature=16 9 19 19 22 19 15 17 17 1 1 17 9 1 1 0 0 16 16 6 0 6 3 70 16 6 4
split_gain=147.361 55.0043 42.7726 37.4411 47.2739 40.8996 20.9462 16.4271 17.3681 37.3695 23.394 121.155 42.1583 17.0639 10.4151 29.1824 6.31826 3.71822 2.39889 2.35987 0.290634 0.0440847 0.0401961 0.0378151 0.0373418 0.0370927 0.0272727
threshold=905.00000000000011 0.59868201182722736 1.3000000000000005 8.5500000000000025 1.0000000180025095e-35 2.9000000000000044 9.7500000000000018 35.500000000000007 32.500000000000007 27.650000000000006 26.350000000000005 28.500000000000004 0.99983759474438971 33.750000000000007 24.750000000000004 24.325000000000006 29.750000000000004 975.00000000000011 445.00000000000006 465.00000000000006 23.925000000000001 935.00000000000011 -0.40000000000000385 0.39999999999999686 1245.0000000000002 95.000000000000014 19.500000000000004
decision_type=2 2 2 2 2 2 2 2 2 2 2 2 2 2 2 2 2 2 2 2 2 2 2 2 2 2 2
left_child=6 2 23 4 5 -4 19 8 10 -10 11 -8 -12 -11 20 26 -9 -6 22 25 21 -3 -18 -2 -5 -1 -16
right_child=1 14 3 24 17 -7 7 16 9 13 12 -13 -14 -15 15 -17 18 -19 -20 -21 -22 -23 -24 -25 -26 -27 -28
leaf_value=0.0098274359656842069 0.00029051125124860826 -6.9156943247772261e-05 -9.5415473330385053e-05 0.00020196405919033547 -4.4668379995517447e-05 0.00018471923227777952 -6.7545388530703546e-05 0.00024006716549462848 0.020657416339495693 0.00010814448720231074 -5.8279380381338205e-05 0.020521656417931911 -0.0078825091756366938 -7.6711303118645613e-05 5.1733240055291035e-05 -0.0010391413486154841 -0.004388108396516893 -3.2257070347430673e-05 -0.004388108396516893 0.0072126978602764964 -8.3183611772581104e-06 -2.1619242942075207e-05 -0.0044904895105714743 0.00029051125124860826 0.00020196405919033547 0.016300311519199175 5.1733240055291035e-05
leaf_weight=21 21 22 342 59 85 405 55053 21 163 18046 44990 4497 288 4205 20 100 20 462 21 21 29 708 82 81 20 74 24
leaf_count=21 21 22 342 59 85 405 55053 21 163 18046 44990 4497 288 4205 20 100 20 462 21 21 29 708 82 81 20 74 24
internal_value=-0.000346474 -0.0126787 -0.00672881 -0.00904953 -0.0110896 -0.00291165 -0.000116469 -0.000135808 -0.000116707 0.0011466 -0.000386824 0.000264484 -0.00124343 0.000971866 -0.0223976 -0.0100694 -0.0170139 -0.0222578 -0.0213415 0.0211207 -0.0247365 -0.0249315 -0.0245098 0.0245098 0.0243671 0.0244737 0.0238636
internal_weight=129880 2378 1475 1373 1294 747 127502 127386 127242 22414 104828 59550 45278 22251 903 144 144 547 123 116 759 730 102 102 79 95 44
internal_count=129880 2378 1475 1373 1294 747 127502 127386 127242 22414 104828 59550 45278 22251 903 144 144 547 123 116 759 730 102 102 79 95 44
is_linear=0
shrinkage=0.05


Tree=159
num_leaves=31
num_cat=0
split_feature=16 9 8 19 19 22 8 15 9 18 9 17 9 8 9 9 22 19 22 1 1 1 0 6 6 0 6 0 6 6
split_gain=96.5102 85.1852 37.7437 39.713 43.5629 35.0542 24.2037 20.9857 15.8396 39.7961 39.3776 56.5489 20.9133 48.3584 47.5377 47.3975 38.05 37.457 31.7746 16.9769 34.3037 10.4151 29.1824 2.35987 1.62618 1.61064 0.340262 0.290634 0.176048 0.0440847
threshold=905.00000000000011 0.59868201182722736 158.50000000000003 1.3000000000000005 7.7000000000000011 1.0000000180025095e-35 22.500000000000004 9.7500000000000018 0.99865421017599998 23.500000000000004 0.99995780822346225 28.500000000000004 0.97508442350096236 100.50000000000001 0.92922379131507438 0.94138322595482449 1.0000000180025095e-35 3.4000000000000017 1.0000000180025095e-35 27.850000000000005 28.650000000000006 24.750000000000004 24.325000000000006 465.00000000000006 585.00000000000011 11.850000000000003 1385.0000000000002 23.925000000000001 995.00000000000011 935.00000000000011
decision_type=2 2 2 2 2 2 2 2 2 2 2 2 2 2 2 2 2 2 2 2 2 2 2 2 2 2 2 2 2 2
left_child=7 2 6 -4 5 -5 25 23 12 10 11 -10 14 16 18 -16 -14 -15 -9 24 -21 27 -23 -1 -11 -2 28 29 -8 -3
right_child=1 21 3 4 -6 -7 26 8 9 19 -12 -13 13 17 15 -17 -18 -19 -20 20 -22 22 -24 -25 -26 -27 -28 -29 -30 -31
leaf_value=0.0142411457416884 -0.0008028720556292982 -6.5699096085383637e-05 0.00027598568868617766 -2.2103023026755211e-05 0.00019186585623081869 -0.00027757856074287851 6.2221264235179352e-06 -7.2875737962713191e-05 -0.006423880693078577 -0.014590895572689134 0.014849576817357614 0.062437379459103354 0.0027279757615000818 0.080012632476453946 -0.0042220345472619904 -3.9576943610544067e-05 -0.0025881646371471532 3.8648742081889149e-05 6.7492575034247551e-05 0.0039732759370732038 -0.0034596634997656932 4.9146578052526486e-05 -0.00098718428118470996 0.0068520629672626848 -0.0010122800486868926 -2.0230424991858587e-05 4.0644410283377516e-06 -7.9024431183952059e-06 6.2221264235179352e-06 -2.0538280794971448e-05
leaf_weight=95 23 22 96 594 87 460 20 75619 637 236 144 288 2304 538 1101 3980 2174 614 39411 117 115 44 100 21 108 28 20 29 147 708
leaf_count=95 23 22 96 594 87 460 20 75619 637 236 144 288 2304 538 1101 3980 2174 614 39411 117 115 44 100 21 108 28 20 29 147 708
internal_value=-0.000322605 -0.0103028 -0.00289831 -0.00640663 -0.00900526 -0.0118121 0.0153361 -0.000136468 -0.000155826 -0.0050304 0.000678204 -0.00310811 -9.20543e-05 0.00288632 -0.000231661 -0.00496457 0.000535954 0.0120226 -2.26028e-05 -0.015625 -0.00517241 -0.0223976 -0.0100694 0.0211207 -0.0226744 -0.0151961 0.0236631 -0.0247365 0.0244012 -0.0249315
internal_weight=129880 2378 1475 1237 1141 1054 238 127502 127386 1645 1069 925 125741 5630 120111 5081 4478 1152 115030 576 232 903 144 116 344 51 187 759 167 730
internal_count=129880 2378 1475 1237 1141 1054 238 127502 127386 1645 1069 925 125741 5630 120111 5081 4478 1152 115030 576 232 903 144 116 344 51 187 759 167 730
is_linear=0
shrinkage=0.05


Tree=160
num_leaves=31
num_cat=0
split_feature=16 9 8 17 1 19 15 8 17 10 8 8 1 10 19 1 1 0 0 0 6 16 70 6 0 6 3 16 6 6
split_gain=83.9856 95.8668 35.4763 39.0614 43.5135 35.5026 20.8805 20.6785 15.8218 15.8137 51.6605 77.5977 45.4848 37.8221 67.9643 29.9235 10.4151 29.1824 6.14634 2.72199 2.35987 2.27383 0.389189 0.340262 0.290634 0.176048 0.160784 0.0452381 0.0440847 0.0370927
threshold=905.00000000000011 0.59868201182722736 158.50000000000003 21.500000000000004 23.150000000000006 7.7000000000000011 9.7500000000000018 22.500000000000004 35.500000000000007 -0.80417042486635371 162.50000000000003 174.50000000000003 24.450000000000003 -0.75581183015052977 3.3000000000000003 35.150000000000013 24.750000000000004 24.325000000000006 29.750000000000004 11.850000000000003 465.00000000000006 445.00000000000006 0.39999999999999686 1385.0000000000002 23.925000000000001 995.00000000000011 -0.40000000000000385 955.00000000000011 935.00000000000011 95.000000000000014
decision_type=2 2 2 2 2 2 2 2 2 2 2 2 2 2 2 2 2 2 2 2 2 2 2 2 2 2 2 2 2 2
left_child=6 2 7 27 22 -6 20 19 9 10 12 -12 -8 14 -11 -15 24 -18 -10 -2 29 26 -5 25 28 -9 -20 -4 -3 -1
right_child=1 16 3 4 5 -7 8 23 18 13 11 -13 -14 15 -16 -17 17 -19 21 -21 -22 -23 -24 -25 -26 -27 -28 -29 -30 -31
leaf_value=0.0086240068803155722 -0.00076272845284783329 -6.2414141281114455e-05 -1.2609525922290986e-05 0.00026218640425186844 -2.7702797060076198e-05 0.00018227256341927774 -0.030303089387511029 5.9110201023420388e-06 0.00023170759411803577 -0.0055479693950673432 -0.0017903852623935919 9.8791085355368766e-05 0.00064777239334062669 -2.0014553978284224e-05 0.00025947475769602381 0.00083645136054775755 4.668924914990016e-05 -0.00093782506712547444 -0.0041650591897929119 -1.9218903742265656e-05 0.0065094598188995441 -0.0041650591897929119 0.00026218640425186844 3.8612189769208635e-06 -7.5073209624754452e-06 5.9110201023420388e-06 -0.0042623212481447646 -1.2609525922290986e-05 -1.9511366755222875e-05 0.014773238656154809
leaf_weight=21 23 22 20 20 792 87 130 20 21 2327 3434 17179 4660 98448 872 192 44 100 20 28 21 21 128 20 29 147 82 190 708 74
leaf_count=21 23 22 20 20 792 87 130 20 21 2327 3434 17179 4660 98448 872 192 44 100 20 28 21 21 128 20 29 147 82 190 708 74
internal_value=-0.000256775 -0.00956686 -0.00171186 -0.00511318 -0.00109542 -0.00531854 -8.3136e-05 0.0159664 -0.000102445 -8.36988e-05 0.00103236 -5.45772e-05 0.00570981 -0.000362091 -0.00571272 -0.000188564 -0.0223976 -0.0100694 -0.0166667 -0.0122549 0.0211207 -0.020935 0.0239865 0.0236631 -0.0247365 0.0244012 -0.0240196 -0.0247619 -0.0249315 0.0244737
internal_weight=129880 2378 1475 1237 1027 879 127502 238 127386 127242 25403 20613 4790 101839 3199 98640 903 144 144 51 116 123 148 187 759 167 102 210 730 95
internal_count=129880 2378 1475 1237 1027 879 127502 238 127386 127242 25403 20613 4790 101839 3199 98640 903 144 144 51 116 123 148 187 759 167 102 210 730 95
is_linear=0
shrinkage=0.05


Tree=161
num_leaves=31
num_cat=0
split_feature=16 9 8 19 19 22 15 8 19 6 10 70 17 1 18 7 1 18 1 19 1 71 17 1 0 0 6 6 0 6
split_gain=95.7607 86.076 39.9635 39.713 43.5629 35.0542 20.9393 20.6785 19.9914 45.5986 52.9078 46.6739 40.0733 94.2317 57.6847 39.3798 27.6955 87.5578 46.3449 39.5771 36.485 27.1339 24.3755 10.4151 29.1824 2.72199 2.35987 0.340262 0.290634 0.176048
threshold=905.00000000000011 0.59868201182722736 158.50000000000003 1.3000000000000005 7.7000000000000011 1.0000000180025095e-35 9.7500000000000018 22.500000000000004 4.2999999999999963 695.00000000000011 0.96177147954086928 0.5999999999999962 19.500000000000004 19.250000000000004 14.500000000000002 2.5000000000000004 24.750000000000004 17.500000000000004 28.350000000000005 7.1500000000000012 28.750000000000004 4.2999999999999989 16.500000000000004 24.750000000000004 24.325000000000006 11.850000000000003 465.00000000000006 1385.0000000000002 23.925000000000001 995.00000000000011
decision_type=2 2 2 2 2 2 2 2 2 2 2 2 2 2 2 2 2 2 2 2 2 2 2 2 2 2 2 2 2 2
left_child=6 2 7 -4 5 -5 26 25 9 12 15 -12 14 -14 -8 -11 17 22 19 -18 -20 -19 -10 28 -25 -2 -1 29 -3 -9
right_child=1 23 3 4 -6 -7 8 27 16 10 11 -13 13 -15 -16 -17 18 21 20 -21 -22 -23 -24 24 -26 -27 -28 -29 -30 -31
leaf_value=0.012790426521796228 -0.00072459203020544169 -1.853579841746173e-05 0.00024907708403927516 -1.961273202241362e-05 0.00017315893524831388 -0.00026306915640962001 -0.0018228216175369739 5.6154690972249371e-06 -0.0007685784179865254 -0.00057748002749674675 7.8619601105353604e-05 0.00030663137883501362 0.012504121549761261 -0.0012710675695591701 -0.014602399293914492 0.00016741079551000211 -0.0012466467534444831 0.00036074963647716036 0.00029868257936652848 0.00065246509501084215 -1.8116403863970706e-05 0.00016909118965525646 -4.3676578963050584e-05 4.4354786692405151e-05 -0.00089093381376920068 -1.8257958555152375e-05 0.006183986827954558 3.6681580280748206e-06 -7.131954914351673e-06 5.6154690972249371e-06
leaf_weight=95 23 730 96 594 87 460 4456 20 483 2997 1295 1716 5316 51559 1260 24932 4714 1213 658 136 20417 424 5810 44 100 28 21 20 29 147
leaf_count=95 23 730 96 594 87 460 4456 20 483 2997 1295 1716 5316 51559 1260 24932 4714 1213 658 136 20417 424 5810 44 100 28 21 20 29 147
internal_value=-0.000298352 -0.0102397 -0.00279661 -0.00640663 -0.00900526 -0.0118121 -0.000112939 0.0159664 -0.000132275 0.000244571 0.0018148 0.00811192 -0.000531626 -0.000130549 -0.00452239 0.00113592 -0.00117339 0.00141236 -0.00196432 -0.00637113 -0.000950178 0.0117135 -0.00126728 -0.0223976 -0.0100694 -0.0122549 0.0211207 0.0236631 -0.0247365 0.0244012
internal_weight=129880 2378 1475 1237 1141 1054 127502 238 127386 93531 30940 3011 62591 56875 5716 27929 33855 7930 25925 4850 21075 1637 6293 903 144 51 116 187 759 167
internal_count=129880 2378 1475 1237 1141 1054 127502 238 127386 93531 30940 3011 62591 56875 5716 27929 33855 7930 25925 4850 21075 1637 6293 903 144 51 116 187 759 167
is_linear=0
shrinkage=0.05


Tree=162
num_leaves=31
num_cat=0
split_feature=16 9 0 22 19 8 23 22 17 19 19 10 10 9 9 1 10 17 10 9 9 1 1 19 6 8 1 1 9 8
split_gain=46.1415 136.902 38.0641 24.439 56.6786 23.2561 25.8626 17.5586 58.105 62.1513 62.1809 55.9104 49.2686 45.5083 46.3738 70.4359 41.1622 70.1398 44.1841 39.4819 35.1175 30.3073 28.4728 28.2806 18.257 30.4875 17.6989 16.4131 26.1905 14.8205
threshold=905.00000000000011 0.59868201182722736 25.250000000000004 1.0000000180025095e-35 2.1000000000000028 352.50000000000006 1.0000000180025095e-35 1.0000000180025095e-35 34.500000000000007 5.4999999999999982 5.6999999999999984 -0.97111920233974802 -0.94703994556331683 0.99983759474438971 0.97508442350096236 26.250000000000004 0.90803977035715633 26.500000000000004 0.99855310097228334 0.9893236546938301 0.98522604642031408 29.650000000000009 23.550000000000008 7.8500000000000005 885.00000000000011 257.50000000000006 34.850000000000001 35.650000000000013 -0.38242426011641079 290.50000000000006
decision_type=2 2 2 2 2 2 2 2 2 2 2 2 2 2 2 2 2 2 2 2 2 2 2 2 2 2 2 2 2 2
left_child=7 2 5 4 -4 6 -2 13 9 11 19 21 -13 14 16 22 17 -1 -18 -11 -17 -9 -16 -12 25 26 -10 -26 -29 -8
right_child=1 -3 3 -5 -6 -7 29 8 24 10 23 12 -14 -15 15 20 18 -19 -20 -21 -22 -23 -24 -25 27 -27 -28 28 -30 -31
leaf_value=-0.0025173931087922805 7.4810505735614139e-06 -1.7609008496588643e-05 -0.00027098026375694921 -0.00058102832843754141 0.001818245906907002 -3.9866343018167067e-05 5.6471552221927516e-05 0.049526430971235103 0.01585820778064875 -0.0039817774723826136 -3.6679116094612973e-05 -0.0057570902942383987 9.9369111542015062e-05 -0.0070697121792703118 0.045914394692216233 0.00080430998487280865 0.00022805281991984533 -1.453906416824316e-05 -0.003052368726520158 0.0026798938483533056 -0.0013375389209838995 0.0049198993774003212 0.0075951514457660227 -0.004172783061003842 0.0023917581221228976 -0.0087997155543673832 -0.012101219625474603 -0.0064091545511949198 0.010069844243005168 -8.7173772058403551e-05
leaf_weight=15521 810 903 151 187 170 53 26 379 665 1112 5184 720 36075 288 537 239 9031 52335 1440 74 1345 455 1335 136 390 89 47 50 55 78
leaf_count=15521 810 903 151 187 170 53 26 379 665 1112 5184 720 36075 288 537 239 9031 52335 1440 74 1345 455 1335 136 390 89 47 50 55 78
internal_value=-0.000163998 -0.00706476 0.00232203 -0.00875984 -0.000389408 0.00814374 0.0100109 -3.52936e-05 0.00075334 0.000446924 -0.00406548 0.00122711 0.000936948 -0.000471848 -0.000401978 0.0052662 -0.000652074 -0.00110233 0.00226578 -0.0144182 -0.00249369 0.0140288 0.0118323 -0.00175752 0.0111883 0.0065231 0.00997191 0.0187374 0.00119048 -0.0134615
internal_weight=129880 2378 1475 508 321 967 914 127502 45431 44135 6506 37629 36795 82071 81783 3456 78327 67856 10471 1186 1584 834 1872 5320 1296 801 712 495 105 104
internal_count=129880 2378 1475 508 321 967 914 127502 45431 44135 6506 37629 36795 82071 81783 3456 78327 67856 10471 1186 1584 834 1872 5320 1296 801 712 495 105 104
is_linear=0
shrinkage=0.05


Tree=163
num_leaves=31
num_cat=0
split_feature=16 7 0 1 8 1 1 17 22 10 8 19 19 9 9 6 8 0 6 8 7 23 1 22 10 9 9 9 9 19
split_gain=76.5842 111.191 32.6655 21.293 44.4665 34.4349 29.8314 25.9482 44.4307 25.7449 38.5382 36.0921 28.7228 25.335 24.8431 31.458 24.0068 22.0218 21.7298 20.304 42.1814 26.8803 28.321 18.4387 46.2548 45.5658 44.1714 34.218 17.6844 47.4123
threshold=905.00000000000011 8.5000000000000018 9.1500000000000004 33.45000000000001 257.50000000000006 33.050000000000004 35.45000000000001 32.500000000000007 1.0000000180025095e-35 -0.99465740988130902 192.50000000000003 6.0999999999999996 7.0999999999999996 -0.19337636264337835 -0.38242426011641079 875.00000000000011 264.50000000000006 30.025000000000006 935.00000000000011 249.50000000000003 9.5000000000000018 1.0000000180025095e-35 14.850000000000003 1.0000000180025095e-35 -0.97874870457683594 0.99983759474438971 0.97508442350096236 0.99995780822346225 -0.99940763397299126 5.5999999999999996
decision_type=2 2 2 2 2 2 2 2 2 2 2 2 2 2 2 2 2 2 2 2 2 2 2 2 2 2 2 2 2 2
left_child=3 2 -2 5 9 23 28 8 16 11 12 18 -11 -12 15 -9 -7 -16 -5 -3 -21 22 -22 25 -25 26 -1 -26 29 -6
right_child=1 19 -4 4 6 7 -8 14 -10 10 13 -13 -14 -15 17 -17 -18 -19 -20 20 21 -23 -24 24 27 -27 -28 -29 -30 -31
leaf_value=-6.2283338127566704e-05 0.00017422178735405775 0.0052276763118506353 -2.3854910948945541e-05 -0.00086997851727050885 -0.0045977563266302755 0.00010486855497123943 0.00012632215923978342 -0.00039805328944588078 -0.00025028218296211313 -0.0012553527319157669 -1.0942321985717153e-05 -0.0050415742003928612 0.0074825334480428055 0.0040028041106364648 -0.00033743203705426941 0.0023050842035445287 -0.0035248571322050795 0.0035926195538512036 0.00031023305344459189 -0.0005519769120156643 -0.00025028975111781709 -8.2815083455483368e-05 1.3600468480421118e-05 0.036172983059034318 3.3739110461018103e-05 -0.0067162265703067997 0.0037566245967556203 0.014166683627089505 -0.0044020064395410207 0.00064294445711103468
leaf_weight=72619 43 104 1383 57 135 718 57 212 175 1088 3624 56 56 140 76 583 71 525 250 130 53 89 576 444 41818 288 3456 144 790 120
leaf_count=72619 43 104 1383 57 135 718 57 212 175 1088 3624 56 56 140 76 583 71 525 250 130 53 89 576 444 41818 288 3456 144 790 120
internal_value=-0.00019287 -0.00908326 -0.0179173 -2.70584e-05 -0.00284403 0.000121152 -0.0119782 0.00610169 -0.000207469 -0.000934358 -0.00188468 0.0119146 -0.00992133 0.000557917 0.0104585 0.0162579 0.00484791 0.00278702 0.0186482 0.00414916 0.00159198 0.00633705 0.00997615 2.31542e-06 0.000838325 -0.000461938 -0.000386789 0.000668462 -0.0138995 -0.00245098
internal_weight=129880 2378 1426 127502 6373 121129 1102 2360 964 5271 4908 363 1144 3764 1396 795 789 601 307 952 848 718 629 118769 42406 76363 76075 41962 1045 255
internal_count=129880 2378 1426 127502 6373 121129 1102 2360 964 5271 4908 363 1144 3764 1396 795 789 601 307 952 848 718 629 118769 42406 76363 76075 41962 1045 255
is_linear=0
shrinkage=0.05


Tree=164
num_leaves=31
num_cat=0
split_feature=16 9 10 8 8 9 6 19 10 10 70 1 6 7 9 9 8 22 9 8 9 1 17 9 1 1 18 17 9 16
split_gain=44.9442 138.786 48.2691 38.9258 22.0784 19.2025 16.1446 39.7039 41.4834 43.533 48.4448 38.7305 67.1913 54.0419 35.7404 47.0525 75.0625 69.8068 51.9219 54.882 47.0782 40.1494 51.606 46.9797 42.6979 40.1434 27.9053 67.673 49.1565 45.1217
threshold=905.00000000000011 0.59868201182722736 -0.50557503990954278 158.50000000000003 352.50000000000006 -0.99467753128998015 685.00000000000011 4.0000000000000009 0.96177147954086928 0.99958851518450398 0.5999999999999962 24.450000000000003 935.00000000000011 2.5000000000000004 0.99374995976406788 0.96234642434711437 100.50000000000001 1.0000000180025095e-35 0.92273069556937592 108.50000000000001 0.67802080537253961 26.350000000000005 27.500000000000004 0.99552231814189451 21.037500000000005 26.850000000000005 21.500000000000004 26.500000000000004 0.83376496542330847 55.000000000000007
decision_type=2 2 2 2 2 2 2 2 2 2 2 2 2 2 2 2 2 2 2 2 2 2 2 2 2 2 2 2 2 2
left_child=6 2 3 -2 5 -4 14 8 11 10 -10 12 -8 -13 15 18 17 -17 20 -20 -1 22 24 -24 -16 -18 28 -28 -9 -30
right_child=1 -3 4 -5 -6 -7 7 26 9 -11 -12 13 -14 -15 21 16 25 -19 19 -21 -22 -23 23 -25 -26 -27 27 -29 29 -31
leaf_value=-0.0013939586885129973 6.1533886611328966e-06 -1.5535812524311935e-05 -0.00072800086687897921 -0.00036850746923945422 -3.8553049291279766e-05 7.7007669268501404e-06 0.0017910980002243629 -3.5231267418116434e-05 0.0003652215101663581 -0.0041997928000347892 0.00041982912628318815 -0.003922330784549048 -0.00073809769428173503 0.00021840086757655836 0.010515176670437221 0.031317569956993689 0.063727099795025222 -0.036457921917713666 -0.001474293861515874 -0.036194795794008194 0.0063765205117096938 -0.013926772878621485 -0.0085807223416848096 0.067857836158816215 -0.050404601024840595 -0.010323122403998087 -0.0042406966961079443 -1.9794868328780468e-05 -0.0025515595450418525 0.00023500484940537289
leaf_weight=48989 56 903 40 285 53 1041 3396 9394 1183 169 1333 220 4247 17767 377 828 812 828 1104 828 6900 455 61 256 645 154 797 24141 685 1933
leaf_count=48989 56 903 40 285 53 1041 3396 9394 1183 169 1333 220 4247 17767 377 828 812 828 1104 828 6900 455 61 256 645 154 797 24141 685 1933
internal_value=-0.000148984 -0.00695963 0.00249153 -0.0140029 0.0074515 0.0089963 -2.19604e-05 0.000527465 0.00193625 0.00784916 0.00949921 0.00131682 -0.00166492 0.00258381 -0.000598117 -0.000391691 0.00615942 -0.000301932 -0.000688764 -0.00874741 -0.000410188 -0.00755295 -0.00319268 0.0144322 -0.00865949 0.017236 -0.000552097 -0.00150573 0.00142774 0.00748663
internal_weight=129880 2378 1475 341 1134 1081 127502 65265 28315 2685 2516 25630 7643 17987 62237 60443 2622 1656 57821 1932 55889 1794 1339 317 1022 966 36950 24938 12012 2618
internal_count=129880 2378 1475 341 1134 1081 127502 65265 28315 2685 2516 25630 7643 17987 62237 60443 2622 1656 57821 1932 55889 1794 1339 317 1022 966 36950 24938 12012 2618
is_linear=0
shrinkage=0.05


Tree=165
num_leaves=31
num_cat=0
split_feature=16 9 10 8 8 9 22 19 9 1 10 19 10 10 9 9 17 19 17 1 10 9 20 62 10 8 18 6 1 4
split_gain=45.9353 138.786 48.2691 38.9258 22.0784 19.2025 16.4856 47.7308 52.3643 98.4875 44.0331 52.7244 39.2449 72.8843 95.6064 95.2043 57.6215 42.282 46.9546 41.7774 36.9755 50.2814 36.7999 36.0873 35.9977 108.142 49.8634 33.9012 25.6151 14.076
threshold=905.00000000000011 0.59868201182722736 -0.50557503990954278 158.50000000000003 352.50000000000006 -0.99467753128998015 1.0000000180025095e-35 5.4999999999999982 0.91596454896554913 28.950000000000003 0.99445195900249039 5.6999999999999984 0.90803977035715633 0.52583933546504591 0.71503381463111937 0.63920241694561786 25.500000000000004 5.5500000000000016 26.500000000000004 31.950000000000003 0.99855310097228334 -0.108376950152639 0.10000000000000232 0.65789473684210542 0.8852232634113919 70.500000000000014 17.500000000000004 925.00000000000011 18.450000000000003 18.500000000000004
decision_type=2 2 2 2 2 2 2 2 2 2 2 2 2 2 2 2 2 2 2 2 2 2 2 2 2 2 2 2 2 2
left_child=6 2 3 -2 5 -4 12 23 10 22 11 -9 13 17 15 -15 20 19 -19 -1 21 -14 -10 24 25 -8 -26 -16 -22 -25
right_child=1 -3 4 -5 -6 -7 7 8 9 -11 -12 -13 16 14 27 -17 -18 18 -20 -21 28 -23 -24 29 26 -27 -28 -29 -30 -31
leaf_value=2.5951234665555491e-05 5.8457192280762513e-06 -1.4759021898096338e-05 -0.00069160082353503021 -0.00035008209577748147 -3.6625396826715777e-05 7.3157285805076319e-06 0.010819090312403854 -0.0042480161151990346 0.0004652446786580819 -0.00438002039467852 0.00041364857487641375 -0.00014015651861199046 -0.00017593704842940836 -0.0015329987798884837 -0.013608463047736857 0.018862284623691373 0.0049667328241733665 0.00033377349094108335 7.144780859469208e-05 -0.00026551562240815504 -0.008188453239702671 0.00024462105593937579 -0.002784153117578703 -0.0034747542952394948 3.2841600221442115e-05 0.00014221158114037513 -0.0042981897962298165 -0.0038444614232226735 -0.00034606696309885773 6.7197558382987852e-05
leaf_weight=44569 56 903 40 285 53 1041 4043 1043 659 209 208 4670 4375 11694 1209 864 432 518 4272 7862 304 4224 172 2808 5609 24404 973 612 1136 633
leaf_count=44569 56 903 40 285 53 1041 4043 1043 659 209 208 4670 4375 11694 1209 864 432 518 4272 7862 304 4224 172 2808 5609 24404 973 612 1136 633
internal_value=-7.42994e-05 -0.00695963 0.00249153 -0.0140029 0.0074515 0.0089963 5.41168e-05 0.000818274 -0.00299167 0.00735577 -0.00480915 -0.00563189 -0.000368888 -0.000787011 -0.00396933 -0.00241679 0.00249021 1.26702e-05 0.00450939 -0.000398142 0.00172079 0.00296255 0.0150722 0.00150767 0.00198764 0.00275864 -0.00134458 -0.014676 -0.00569444 -0.00337838
internal_weight=129880 2378 1475 341 1134 1081 127502 45431 6961 1040 5921 5713 82071 71600 14379 12558 10471 57221 4790 52431 10039 8599 831 38470 35029 28447 6582 1821 1440 3441
internal_count=129880 2378 1475 341 1134 1081 127502 45431 6961 1040 5921 5713 82071 71600 14379 12558 10471 57221 4790 52431 10039 8599 831 38470 35029 28447 6582 1821 1440 3441
is_linear=0
shrinkage=0.05


Tree=166
num_leaves=31
num_cat=0
split_feature=16 9 10 8 10 10 1 8 9 17 18 1 18 17 71 0 71 10 17 1 18 17 0 19 1 9 9 19 19 8
split_gain=42.9394 135.716 48.2691 38.9258 27.1533 39.9821 66.3151 62.3793 57.7782 55.4849 126.185 48.4797 47.5276 43.9562 53.3746 47.2882 38.0499 34.4161 36.1608 45.2707 29.5761 88.7882 56.7964 94.0523 51.2673 49.8966 45.5096 28.8161 56.024 22.0784
threshold=905.00000000000011 0.59868201182722736 -0.50557503990954278 158.50000000000003 0.5969655492110445 0.92519182738459482 19.950000000000003 40.500000000000007 -0.35846811432664222 26.500000000000004 22.500000000000004 17.950000000000003 18.500000000000004 23.500000000000004 0.099999999999996106 21.416666666666668 2.4000000000000017 0.11478523713130605 31.500000000000004 32.850000000000001 22.500000000000004 26.500000000000004 21.850000000000005 4.1000000000000041 24.150000000000006 0.99995780822346225 0.99983759474438971 6.9500000000000028 6.6000000000000041 352.50000000000006
decision_type=2 2 2 2 2 2 2 2 2 2 2 2 2 2 2 2 2 2 2 2 2 2 2 2 2 2 2 2 2 2
left_child=4 2 3 -2 17 6 7 12 -7 16 -11 -9 -6 14 -10 -15 -8 20 27 -20 22 24 25 -24 -22 -1 -23 28 -19 -4
right_child=1 -3 29 -5 5 8 9 11 13 10 -12 -13 -14 15 -16 -17 -18 18 19 -21 21 26 23 -25 -26 -27 -28 -29 -30 -31
leaf_value=-0.004174432191228674 5.5534332666724394e-06 -1.4021070803191521e-05 5.7110121921125235e-06 -0.00033257799098860744 -0.00073668542482751718 0.0099631531676399494 -0.0036155917695814654 0.019149139229809542 -0.010656901743476555 0.0078172564322422835 -0.001021334661822777 0.00030889112606829257 0.052210312437207557 0.016644205745149465 7.1842315231484058e-05 0.00011257925908259165 -0.00021748540481736218 0.00013609281590213143 0.010239075333471149 -0.00015687627738519285 -0.041029057598666797 -2.0493660305397066e-06 0.016455145483840285 -0.00025608771504596759 -0.003425753470290992 0.012925480033156146 -0.0059256408361351154 0.00047956832362090198 -0.0050298302153029802 -3.4794126985379988e-05
leaf_weight=1722 56 903 1081 285 3260 432 8438 915 2950 576 2842 1955 147 418 10768 1310 3826 20312 505 71 615 60474 2186 1403 1176 140 288 516 257 53
leaf_count=1722 56 903 1081 285 3260 432 8438 915 2950 576 2842 1955 147 418 10768 1310 3826 20312 505 71 615 60474 2186 1403 1176 140 288 516 257 53
internal_value=-0.00019749 -0.0068545 0.00249153 -0.0140029 -7.33322e-05 -0.00119658 -0.00257867 0.00176438 0.000714826 -0.00431705 0.00131656 0.00719512 -0.00281039 0.00021041 -0.000736259 0.00772569 -0.00588715 0.000400658 0.00213633 0.0144965 -0.000152197 -0.00046001 0.00338011 0.00705628 -0.0114322 -0.00370569 -0.000136599 0.00179867 0.00150591 0.0074515
internal_weight=129880 2378 1475 341 127502 37837 21959 6277 15878 15682 3418 2870 3407 15446 13718 1728 12264 89665 21661 576 68004 62553 5451 3589 1791 1862 60762 21085 20569 1134
internal_count=129880 2378 1475 341 127502 37837 21959 6277 15878 15682 3418 2870 3407 15446 13718 1728 12264 89665 21661 576 68004 62553 5451 3589 1791 1862 60762 21085 20569 1134
is_linear=0
shrinkage=0.05


Tree=167
num_leaves=31
num_cat=0
split_feature=16 9 10 8 10 1 17 6 17 9 18 1 1 19 9 19 10 18 19 19 19 8 9 10 10 1 1 1 9 19
split_gain=42.4639 135.716 48.2691 38.9258 26.6769 41.4204 75.4497 67.5086 58.3651 67.9709 49.8153 63.7964 49.4835 41.8706 38.768 32.037 29.9159 29.0584 50.0999 28.9103 54.3287 22.0784 19.2025 17.7792 53.8762 50.5471 31.8392 55.3354 31.2843 17.5708
threshold=905.00000000000011 0.59868201182722736 -0.50557503990954278 158.50000000000003 0.5969655492110445 24.750000000000004 25.500000000000004 695.00000000000011 24.500000000000004 0.75014288946266361 20.500000000000004 24.350000000000005 23.750000000000004 6.8500000000000005 -0.75015329512557205 5.1999999999999984 0.11478523713130605 26.500000000000004 5.7000000000000055 6.9500000000000028 6.6000000000000041 352.50000000000006 -0.99467753128998015 -0.80417042486635371 -0.87810534180523914 29.450000000000003 35.150000000000013 34.550000000000004 -0.44504625642270151 0.91666666666666974
decision_type=2 2 2 2 2 2 2 2 2 2 2 2 2 2 2 2 2 2 2 2 2 2 2 2 2 2 2 2 2 2
left_child=4 2 3 -2 16 6 10 29 13 -10 15 -12 -8 -9 -14 -6 23 19 -19 20 -18 22 -4 24 28 -26 27 -25 -1 -7
right_child=1 -3 21 -5 5 7 12 8 9 -11 11 -13 14 -15 -16 -17 17 18 -20 -21 -22 -23 -24 26 25 -27 -28 -29 -30 -31
leaf_value=-0.0049233646736496521 5.2757616033388175e-06 -1.3320017263031946e-05 -0.00065730633296788436 -0.00031594909143917702 -1.2296746072459897e-05 -0.068416052049640505 0.046045209944054012 -0.0041200318614862371 0.00030444870119795205 -0.0034854394781384372 -0.00435722426772566 0.0006522418924498237 0.017027607463252603 0.00067881991218056307 -0.0058817745588152339 -0.00032130516421784161 0.00012928817510702504 0.021656879807099363 -0.00014903246351593292 0.00045558990743985661 -0.0046808321031427394 -3.3054420636110984e-05 6.6643915418766247e-06 -0.00012014178209629953 0.017115714814964454 2.4985894958713673e-05 0.00068459386035527319 -0.0034592227185027222 1.1689507383249449e-05 -0.017804289007636042
leaf_weight=814 56 903 40 285 25146 476 1032 594 3297 356 1642 299 197 58 945 3289 20453 359 73 517 259 53 1041 41948 2318 3436 192 317 18979 506
leaf_count=814 56 903 40 285 25146 476 1032 594 3297 356 1642 299 197 58 945 3289 20453 359 73 517 259 53 1041 41948 2318 3436 192 317 18979 506
internal_value=-0.000234447 -0.0068545 0.00249153 -0.0140029 -0.000110979 -0.00122433 -0.000557604 -0.00532911 -0.00263066 -0.000171092 -0.00120161 -0.00895157 0.00844066 -0.016411 0.0012697 -0.000672587 0.000358836 0.00197706 0.0148148 0.00171581 0.0014243 0.0074515 0.0089963 -0.000156608 0.000885623 0.00514425 -0.000783734 -0.00087602 -0.000352397 -0.0171589
internal_weight=129880 2378 1475 341 127502 37837 32550 5287 4305 3653 30376 1941 2174 652 1142 28435 89665 21661 432 21229 20712 1134 1081 68004 25547 5754 42457 42265 19793 982
internal_count=129880 2378 1475 341 127502 37837 32550 5287 4305 3653 30376 1941 2174 652 1142 28435 89665 21661 432 21229 20712 1134 1081 68004 25547 5754 42457 42265 19793 982
is_linear=0
shrinkage=0.05


Tree=168
num_leaves=31
num_cat=0
split_feature=16 7 0 10 1 17 18 0 17 9 10 71 10 1 10 10 1 17 17 6 19 19 19 17 1 7 18 6 19 17
split_gain=59.5454 132.018 32.3992 26.2457 46.2924 46.84 75.5101 54.1039 46.4058 34.9938 30.9303 34.2653 29.8622 70.1126 74.7306 60.9291 70.4205 53.1685 38.9471 32.9444 30.2728 53.8796 35.9807 29.3911 69.756 58.9156 27.2876 26.6919 33.4336 26.8742
threshold=905.00000000000011 8.5000000000000018 9.1500000000000004 0.5969655492110445 23.150000000000006 26.500000000000004 22.500000000000004 24.550000000000008 25.500000000000004 0.76140650896573492 0.91852788691372023 2.7000000000000002 -0.22700609751797865 30.150000000000009 -0.20180761162458913 -0.38243420677835349 34.150000000000013 24.500000000000004 25.500000000000004 885.00000000000011 5.0000000000000018 5.9500000000000002 4.099999999999997 28.500000000000004 26.550000000000008 4.5000000000000009 21.500000000000004 275.00000000000006 4.9000000000000004 21.500000000000004
decision_type=2 2 2 2 2 2 2 2 2 2 2 2 2 2 2 2 2 2 2 2 2 2 2 2 2 2 2 2 2 2
left_child=3 2 -2 12 8 10 -7 -8 27 26 11 -6 15 14 -14 23 18 -16 -17 -18 22 -22 -15 25 -25 -1 -10 29 -29 -5
right_child=1 -3 -4 4 5 6 7 -9 9 -11 -12 -13 13 20 17 16 19 -19 -20 -21 21 -23 -24 24 -26 -27 -28 28 -30 -31
leaf_value=0.0049829982718034771 0.00016414110302428732 5.0922420054130657e-06 -1.7895962570692896e-05 -0.011159315225184142 -0.0036391363633492485 0.0048316559252200783 0.00093464673918077781 -0.0025227968255304243 0.04476841886727443 -0.010750707868576504 -1.0563568636892673e-05 -0.0004540873086712685 0.055371732525462639 -7.550507678741325e-06 -0.00039767341431529786 0.010670572591862704 -0.0064520124397776553 0.00040167928186188306 -0.0037031482518447047 0.00023288555258481198 7.1520383191043396e-05 -0.00075574572965330245 -0.0036654627225543761 0.030129122932720701 2.3736600210778198e-05 -0.0028501778122723424 -0.034851831152538759 0.00015047786628212824 -0.00026568568040799388 0.00084211267002098911
leaf_weight=1295 43 952 1383 3696 3941 600 1018 1824 375 51 1730 1640 523 1123 8221 228 51 20824 6121 275 1689 1194 1608 1516 39759 5238 112 17402 3054 2394
leaf_count=1295 43 952 1383 3696 3941 600 1018 1824 375 51 1730 1640 523 1123 8221 228 51 20824 6121 275 1689 1194 1608 1516 39759 5238 112 17402 3054 2394
internal_value=-0.000276794 -0.00811606 -0.0177419 -0.000130586 -0.0012349 -0.00401051 0.000798954 -0.0026038 -0.00013292 0.0144052 -0.00627479 -0.00808547 0.000335415 0.00147092 0.00244352 -0.000397831 -0.00487266 0.00210621 -0.00603638 0.0177914 -0.00365159 -7.80437e-05 -0.00742402 0.000226949 0.00072017 -0.00288918 0.0185318 -0.00042756 0.000437524 -0.00333333
internal_weight=129880 2378 1426 127502 37837 10753 3442 2842 27084 538 7311 5581 89665 35182 29568 54483 6675 29045 6349 326 5614 2883 2731 47808 41275 6533 487 26546 20456 6090
internal_count=129880 2378 1426 127502 37837 10753 3442 2842 27084 538 7311 5581 89665 35182 29568 54483 6675 29045 6349 326 5614 2883 2731 47808 41275 6533 487 26546 20456 6090
is_linear=0
shrinkage=0.05


Tree=169
num_leaves=31
num_cat=0
split_feature=16 9 10 8 10 1 17 17 18 8 10 17 1 1 10 22 8 9 1 1 17 19 10 8 9 19 18 18 19 6
split_gain=44.6192 135.716 48.2691 38.9258 27.1797 38.6316 45.3472 44.007 72.3138 53.5567 38.2684 56.1458 64.9974 52.077 49.1527 75.5436 39.8727 34.8289 34.6733 32.668 32.666 30.2786 28.9323 32.6457 28.7459 34.4802 27.0295 25.8976 25.4898 24.1476
threshold=905.00000000000011 0.59868201182722736 -0.50557503990954278 158.50000000000003 0.5969655492110445 23.150000000000006 25.500000000000004 26.500000000000004 22.500000000000004 321.50000000000006 -0.22700609751797865 29.500000000000004 26.550000000000008 33.550000000000004 -0.17646730165275518 1.0000000180025095e-35 126.50000000000001 0.76140650896573492 22.750000000000004 25.550000000000008 24.500000000000004 6.6000000000000041 0.91159213926341531 332.50000000000006 -0.99985146406598202 6.6000000000000041 21.500000000000004 20.500000000000004 4.9000000000000004 695.00000000000011
decision_type=2 2 2 2 2 2 2 2 2 2 2 2 2 2 2 2 2 2 2 2 2 2 2 2 2 2 2 2 2 2
left_child=4 2 3 -2 10 6 27 22 -9 -10 11 18 19 14 15 -12 -14 26 -1 -13 -16 -20 23 -7 -15 -26 -8 28 -6 -29
right_child=1 -3 -4 -5 5 7 17 8 9 -11 13 12 16 24 20 -17 -18 -19 21 -21 -22 -23 -24 -25 25 -27 -28 29 -30 -31
leaf_value=0.067555593460297755 5.9067716517065217e-06 -1.1759218271345705e-05 4.8027675585242874e-06 -0.00029925683873868356 4.5338308851117226e-05 -0.0029938342409488012 0.042529997923910705 0.0045900731289590744 -0.0022939534758154496 0.00063385274911551134 0.020956250712618509 -0.10395485440579276 -0.0039459780175268811 0.0098250729479423815 -0.00037778974359953298 -0.00024960393496894497 4.1650267137766792e-05 -0.010213172475147681 -0.0018258989685873861 0.043087551728386103 0.00015745021041059238 -0.0039697524049460168 -1.003539020504804e-05 -0.0034901633161297436 -0.0042273508791727411 0.00012108346603092874 -0.033109239594911834 -0.017689670655324185 -0.00025240139638759416 0.0077369812839538062
leaf_weight=235 56 903 1134 285 22733 4578 375 600 2122 720 1165 61 1477 63 8221 801 37966 51 13894 644 24174 206 1806 927 572 186 112 701 3054 58
leaf_count=235 56 903 1134 285 22733 4578 375 600 2122 720 1165 61 1477 63 8221 801 37966 51 13894 644 24174 206 1806 927 572 186 112 701 3054 58
internal_value=-6.85248e-05 -0.0068545 0.00249153 -0.0140029 5.80383e-05 -0.00106576 -5.90755e-05 -0.00360132 0.00106043 -0.00226953 0.000532259 -0.000297799 0.000661303 0.00181769 0.00211504 0.00979145 0.000392338 0.0143123 -0.00298396 0.0157092 0.00164917 -0.00330142 -0.00579606 -0.00759764 -0.0106273 -0.0133245 0.0184292 -0.000350335 -8.24059e-05 -0.00945323
internal_weight=129880 2378 1475 341 127502 37837 27084 10753 3442 2842 89665 54483 40148 35182 34361 1966 39443 538 14335 705 32395 14100 7311 5505 821 758 487 26546 25787 759
internal_count=129880 2378 1475 341 127502 37837 27084 10753 3442 2842 89665 54483 40148 35182 34361 1966 39443 538 14335 705 32395 14100 7311 5505 821 758 487 26546 25787 759
is_linear=0
shrinkage=0.05


Tree=170
num_leaves=31
num_cat=0
split_feature=16 9 10 8 8 17 1 8 1 17 10 1 1 9 9 10 1 19 1 8 9 9 1 4 8 19 8 17 8 17
split_gain=43.9434 135.716 48.2691 38.9258 22.0784 21.6562 70.4027 64.1012 61.2817 75.524 57.834 50.6849 46.2398 43.6845 47.2543 43.5977 39.9079 39.7005 40.4732 39.1538 35.302 29.6174 26.3705 24.84 24.6744 63.4792 43.8458 24.0019 22.2209 19.4533
threshold=905.00000000000011 0.59868201182722736 -0.50557503990954278 158.50000000000003 352.50000000000006 26.500000000000004 24.750000000000004 82.500000000000014 23.150000000000006 25.500000000000004 -0.26867065956352881 24.350000000000005 22.650000000000006 0.878110924644389 -0.66528616069191593 0.91159213926341531 23.625000000000004 1.125000000000002 25.450000000000003 326.50000000000006 0.99995780822346225 0.99907018497641664 23.050000000000008 12.500000000000002 311.50000000000006 0.90000000000000135 306.50000000000006 25.500000000000004 329.50000000000006 23.500000000000004
decision_type=2 2 2 2 2 2 2 2 2 2 2 2 2 2 2 2 2 2 2 2 2 2 2 2 2 2 2 2 2 2
left_child=5 2 3 -2 -4 8 7 -7 9 20 11 -9 28 14 29 -16 -12 18 -15 24 21 -1 -14 -21 26 -26 -8 -19 -11 -10
right_child=1 -3 4 -5 -6 6 19 10 13 12 16 -13 22 17 15 -17 -18 27 -20 23 -22 -23 -24 -25 25 -27 -28 -29 -30 -31
leaf_value=8.5025375987424215e-06 5.6114330691211958e-06 -1.1171257357778419e-05 4.5974915272161974e-06 -0.00028429399680174935 -3.1896450082502302e-05 -0.023097321612180546 9.3027682139271164e-06 -0.004353754323195869 0.00032149817762841472 0.074262610104826821 0.057456934537409216 0.034763030272118203 -0.016141592290435613 -0.066573219379124957 -0.0032237956518858914 -9.5336206947953254e-06 0.016073457423023463 -4.7993790761632904e-05 0.0081114195866473834 -0.0057432702357582081 0.012323986278498912 -0.047135995900610156 0.067739593547646609 0.0035600479626999556 -0.071056402846816621 -9.0400918250552881e-05 0.00062049986833849426 0.0022424838245483649 0.068981832680543795 -0.0010594300226935756
leaf_weight=33937 56 903 1081 285 53 199 69489 849 373 570 691 274 150 458 6136 1806 2041 1902 76 83 144 493 59 264 393 1761 1384 1244 110 2616
leaf_count=33937 56 903 1081 285 53 199 69489 849 373 570 691 274 150 458 6136 1806 2041 1902 76 83 144 493 59 264 393 1761 1384 1244 110 2616
internal_value=-0.000120111 -0.0068545 0.00249153 -0.0140029 0.0074515 5.49011e-06 0.000529524 0.00694376 -0.000804809 0.000317937 0.00837224 -0.00117988 0.0147075 -0.00352987 -0.00511618 -0.00713296 0.0122987 0.00118207 -0.0114232 0.00017513 -5.20622e-05 -0.000155388 -0.00586124 0.0169308 9.55126e-05 -0.00517642 0.000255739 0.00332168 0.0210294 0.000242556
internal_weight=129880 2378 1475 341 1134 127502 77428 4054 50074 35463 3855 1123 889 14611 10931 7942 2732 3680 534 73374 34574 34430 209 347 73027 2154 70873 3146 680 2989
internal_count=129880 2378 1475 341 1134 127502 77428 4054 50074 35463 3855 1123 889 14611 10931 7942 2732 3680 534 73374 34574 34430 209 347 73027 2154 70873 3146 680 2989
is_linear=0
shrinkage=0.05


Tree=171
num_leaves=31
num_cat=0
split_feature=16 9 10 8 19 19 9 8 19 19 10 10 10 17 10 1 10 10 17 8 16 35 1 0 9 9 1 10 1 71
split_gain=29.5186 135.74 27.439 28.8894 22.8025 36.5884 46.2951 44.9533 35.8475 32.913 30.5422 59.4863 29.8331 25.5123 47.2103 41.5667 37.5092 49.4076 32.5298 22.0784 21.959 28.6365 20.7134 39.3288 19.5288 19.2025 16.3778 11.7544 24.761 14.8229
threshold=905.00000000000011 0.59868201182722736 -0.50557503990954278 158.50000000000003 5.9000000000000004 6.7500000000000009 -0.97876850416056738 281.50000000000006 6.9000000000000004 6.7000000000000011 -0.94137724084408114 -0.082691941062253513 0.43540432083943431 33.500000000000007 -0.99628250747696534 33.95000000000001 -0.98801846520836312 -0.97874870457683594 32.500000000000007 352.50000000000006 635.00000000000011 0.048684210526315809 24.450000000000003 24.325000000000006 0.97875492728876534 -0.99467753128998015 30.650000000000006 -0.99864786094873803 30.025000000000002 5.2000000000000011
decision_type=2 2 2 2 2 2 2 2 2 2 2 2 2 2 2 2 2 2 2 2 2 2 2 2 2 2 2 2 2 2
left_child=4 2 3 -2 13 6 7 -6 -7 12 -10 -12 -8 15 27 20 26 -18 -17 25 21 -1 -3 -24 -22 -4 -16 28 -15 -29
right_child=1 22 19 -5 5 8 9 -9 10 -11 11 -13 -14 14 16 18 17 -19 -20 -21 24 -23 23 -25 -26 -27 -28 29 -30 -31
leaf_value=1.9086425055796916e-05 5.3308614156651356e-06 -1.0612694489889499e-05 -0.00062516564137404785 -0.00027007929696166191 -0.0037716553741084652 0.00063617223794068263 1.0254377363044798e-06 0.00063622302486817663 0.00051353610299390983 -0.0051780155905407034 -0.0012593039565158559 0.00030542326874699393 -0.00068797043794940633 -0.0029359481238870225 -0.012471849815849834 0.0010349420681876331 0.029881172231243182 0.0001017323341113062 -0.0016043714581919612 -3.0301627578377185e-05 0.0005193949314644911 -0.00097214282840759063 4.913336136448405e-05 -0.00083939080907404146 0.0031534796327627665 5.6065469102251157e-06 -0.002133243273649864 0.019961276459309008 0.0071923513811144833 -0.0031197984922815866
leaf_weight=88614 56 730 40 285 499 537 3860 67 148 170 529 1032 2269 50 165 51 690 6966 384 53 2963 17375 70 103 252 1041 267 347 238 29
leaf_count=88614 56 730 40 285 499 537 3860 67 148 170 529 1032 2269 50 165 51 690 6966 384 53 2963 17375 70 103 252 1041 267 347 238 29
internal_value=-0.000115491 -0.00563499 0.00371186 -0.00872434 -1.25488e-05 -0.0024229 -0.00423525 -0.0179329 0.00311665 -0.00300445 -0.000424225 -0.00248238 -0.00240251 0.000172944 0.0027708 -3.44312e-05 0.0017186 0.00252743 -0.0154598 0.0074515 2.70137e-05 -9.64723e-05 -0.0209025 -0.00534682 0.00409798 0.0089963 -0.0126157 0.0155873 0.00798611 0.0214096
internal_weight=129880 2378 1475 341 127502 9111 6865 566 2246 6299 1709 1561 6129 118391 8752 109639 8088 7656 435 1134 109204 105989 903 173 3215 1081 432 664 288 376
internal_count=129880 2378 1475 341 127502 9111 6865 566 2246 6299 1709 1561 6129 118391 8752 109639 8088 7656 435 1134 109204 105989 903 173 3215 1081 432 664 288 376
is_linear=0
shrinkage=0.05


Tree=172
num_leaves=31
num_cat=0
split_feature=16 9 7 8 19 19 9 9 22 19 19 9 9 1 19 1 6 1 22 19 19 8 10 10 8 9 9 1 0 0
split_gain=45.7293 132.741 25.4709 24.8844 23.6881 33.1414 42.8711 37.7566 44.9238 35.8475 32.3568 48.559 29.054 37.2757 25.7909 26.399 25.2748 23.1186 20.3637 58.0364 51.0037 41.3166 39.3699 36.486 34.1523 19.337 17.6716 15.4544 21.1257 15.4356
threshold=905.00000000000011 0.59868201182722736 8.5000000000000018 210.50000000000003 5.7000000000000055 6.7500000000000009 0.91596454896554913 0.95752911693909493 1.0000000180025095e-35 6.9000000000000004 5.6000000000000041 0.88621069759564464 0.97112537654464559 34.650000000000013 6.7000000000000011 34.650000000000013 885.00000000000011 14.850000000000003 1.0000000180025095e-35 5.5500000000000016 5.5000000000000018 20.500000000000004 0.66367808336324663 0.73721509932751383 361.50000000000006 -0.99467753128998015 -0.98803845231459242 28.150000000000006 9.1500000000000004 28.516666666666669
decision_type=2 2 2 2 2 2 2 2 2 2 2 2 2 2 2 2 2 2 2 2 2 2 2 2 2 2 2 2 2 2
left_child=4 2 3 27 10 6 14 -8 -9 -7 18 16 13 -11 15 -6 -12 -4 19 21 23 -1 -21 -20 -22 -19 -18 28 -2 -29
right_child=1 -3 17 -5 5 9 7 8 -10 12 11 -13 -14 -15 -16 -17 26 25 20 22 24 -23 -24 -25 -26 -27 -28 29 -30 -31
leaf_value=0.00031314525074991467 0.00015518370757327399 -1.0082059765395023e-05 -0.00024014981092406251 -0.0002586882616682426 -0.0004040230110684884 0.00060436362604364977 0.00059211636702352708 0.003129384293092181 -5.6136568643304352e-05 0.00044698888618195307 -0.0031569506068174717 -0.0022160478054161202 -0.0011963387586900632 -0.00079749780837825581 -0.0049191148110136682 0.00016688021402233301 0.0020944193497929421 -0.00059390735930534542 0.00034595479619643977 0.00032170494698473485 -0.0039841508752802698 -0.00013417098080759082 -0.005404023085574295 -0.000362245569579861 0.0022824487408039371 1.458342420135987e-05 0.00056844509132989167 5.0643183448818795e-06 -1.8523431106481548e-07 -0.0039038544980924228
leaf_weight=2678 43 903 53 163 6337 537 291 514 478 1245 142 153 195 269 171 632 110 40 28076 553 771 72843 65 10819 68 859 555 102 195 20
leaf_count=2678 43 903 53 163 6337 537 291 514 478 1245 142 153 195 269 171 632 110 40 28076 553 771 72843 65 10819 68 859 555 102 195 20
internal_value=-0.000152833 -0.00702271 0.00222034 -0.00664436 -2.47055e-05 -0.00227997 -0.00371898 0.00469602 5.04032e-05 0.00311665 0.000181242 0.00932292 -0.000424225 0.00191546 -0.00523109 -0.00476037 0.0142193 0.00709034 0.000105503 -0.00037333 0.00102305 -0.000498206 0.0148867 0.00128616 -0.011174 0.0089822 0.0183083 0.000694444 -0.00672269 0.0151639
internal_weight=129880 2378 1475 523 127502 10669 8423 1283 992 2246 116833 960 1709 1514 7140 6969 807 952 115873 76139 39734 75521 618 38895 839 899 665 360 238 122
internal_count=129880 2378 1475 523 127502 10669 8423 1283 992 2246 116833 960 1709 1514 7140 6969 807 952 115873 76139 39734 75521 618 38895 839 899 665 360 238 122
is_linear=0
shrinkage=0.05


Tree=173
num_leaves=31
num_cat=0
split_feature=16 9 19 19 9 71 19 9 19 19 1 10 17 18 6 7 8 1 0 1 8 1 1 22 19 19 8 8 10 8
split_gain=48.1139 122.03 22.4221 45.6296 34.9525 36.588 32.7447 47.5314 29.371 25.6709 44.4803 25.6198 48.1765 31.441 25.2748 21.6089 25.1463 23.7781 23.1761 20.8725 23.5179 26.5807 19.1363 18.5695 50.1289 35.4354 36.5362 34.0326 33.7612 31.6521
threshold=935.00000000000011 0.59868201182722736 5.7000000000000055 6.7500000000000009 0.97112537654464559 1.899999999999997 5.6000000000000041 0.88621069759564464 6.7000000000000011 7.8500000000000005 23.850000000000005 0.43540432083943431 33.500000000000007 13.500000000000002 885.00000000000011 8.5000000000000018 210.50000000000003 28.150000000000006 9.1500000000000004 14.850000000000003 352.50000000000006 23.150000000000006 18.550000000000004 1.0000000180025095e-35 5.5000000000000018 5.5500000000000016 20.500000000000004 361.50000000000006 0.73721509932751383 44.500000000000007
decision_type=2 2 2 2 2 2 2 2 2 2 2 2 2 2 2 2 2 2 2 2 2 2 2 2 2 2 2 2 2 2
left_child=2 15 6 8 9 -6 23 14 11 22 -11 12 -4 -13 -8 16 17 18 -2 -17 21 -21 -5 25 28 26 -1 -26 -25 -27
right_child=1 -3 3 4 5 -7 7 -9 -10 10 -12 13 -14 -15 -16 19 -18 -19 -20 20 -22 -23 -24 24 27 29 -28 -29 -30 -31
leaf_value=0.00029748798821241932 0.00014742452219460996 -9.5779567771252735e-06 5.4422872688116021e-05 -0.0047204812475989157 7.9402674316480376e-05 -0.0015698793650265983 -0.0029991030764765975 -0.0021052454151453139 -0.0046731590704629849 0.00051304735665635981 -0.0038389779425192783 0.00024668030597763959 -0.00094901855349707395 -0.0022466607049410683 0.00054002283676339721 -0.00022814232037785939 -0.00024575384858483015 4.8111024276377853e-06 -1.759725955115747e-07 4.5970483546458661e-06 -2.9515717409526318e-05 1.9412044795133477e-05 0.00042463944187285524 0.0002979028281491325 -0.0037849433315162565 -0.0051338219312955799 -0.00012746243176721129 0.0021683263037637402 -0.0003276094765012282 0.00030561969963549822
leaf_weight=2678 42 845 4085 54 51 212 142 153 171 133 197 652 1337 2181 665 50 151 107 178 237 50 552 1605 28125 771 54 72927 68 10843 564
leaf_count=2678 42 845 4085 54 51 212 142 153 171 133 197 652 1337 2181 665 50 151 107 178 237 50 552 1605 28125 771 54 72927 68 10843 564
internal_value=-0.000148214 -0.00745931 -2.15402e-05 -0.00221483 0.00410746 -0.0130228 0.000178648 0.009375 -0.00390458 0.00637255 -0.00636364 -0.00347971 -0.00146625 -0.00733322 0.0142193 0.00177396 -0.00679916 0.000993884 -0.00840909 0.00638358 0.00825387 0.0103612 0.00890597 0.00010256 0.000977843 -0.000354552 -0.00045202 -0.0111144 0.0012382 0.0115696
internal_weight=129880 2212 127668 10678 2252 263 116990 960 8426 1989 330 8255 5422 2833 807 1367 478 327 220 889 839 789 1659 116030 39807 76223 75605 839 38968 618
internal_count=129880 2212 127668 10678 2252 263 116990 960 8426 1989 330 8255 5422 2833 807 1367 478 327 220 889 839 789 1659 116030 39807 76223 75605 839 38968 618
is_linear=0
shrinkage=0.05


Tree=174
num_leaves=31
num_cat=0
split_feature=16 7 10 0 1 10 10 17 8 1 9 1 17 10 9 9 7 9 20 1 17 17 17 9 4 19 1 1 1 1
split_gain=50.4305 104.981 36.7566 32.7229 24.692 18.838 36.172 28.3996 70.3466 50.1727 60.9866 48.9617 121.082 47.2096 50.4901 47.1208 42.0763 36.3154 29.8921 27.9081 27.001 24.0066 25.5568 22.3214 19.2667 42.198 27.0711 18.6715 15.3952 40.2803
threshold=975.00000000000011 8.5000000000000018 -0.88620506325989179 9.1500000000000004 28.150000000000006 0.99349222267034787 0.99855310097228334 26.500000000000004 322.50000000000006 26.350000000000005 0.95752911693909493 22.650000000000006 25.500000000000004 0.91159213926341531 -0.8041866928211282 -0.34235669412071207 4.5000000000000009 0.99995780822346225 1.1999999999999977 23.550000000000008 23.500000000000004 21.500000000000004 18.500000000000004 -0.55657520495441892 11.500000000000002 3.1000000000000005 14.850000000000003 14.850000000000003 23.150000000000006 26.350000000000005
decision_type=2 2 2 2 2 2 2 2 2 2 2 2 2 2 2 2 2 2 2 2 2 2 2 2 2 2 2 2 2 2
left_child=5 2 4 -4 -2 7 19 11 9 10 -9 12 17 14 -13 -15 -11 -1 -10 21 24 22 -7 -14 26 -26 -8 -3 -29 -30
right_child=1 27 3 -5 -6 6 20 8 18 16 -12 13 23 15 -16 -17 -18 -19 -20 -21 -22 -23 -24 -25 25 -27 -28 28 29 -31
leaf_value=-5.3383827606341694e-05 -0.00025655727176824992 -0.0002167352043589664 0.00014005329608487925 -1.6225411815455338e-05 4.5705473062558963e-06 0.0038828928597096895 0.013091459644290461 0.0006527937795136274 0.0036914076627240847 -0.0019999831443880483 0.023326313885459183 0.00028114121907307429 0.012893464719119431 0.0046135435652225054 -0.0024928938509224214 -5.7829379398464249e-05 8.1498307788349652e-06 0.011674639762103879 -0.0067957330674764454 -0.0038283308686914777 0.028496153578600726 0.042921924933194716 0.00017350361062541328 0.076094551683642375 0.00045356875884777564 -0.0026299937885482126 -0.010731715840807144 3.0934036309257195e-06 -2.0911898642218307e-05 0.00067882949649289773
leaf_weight=28356 43 46 38 1020 90 288 60 9618 735 4389 1948 1692 113 529 12570 1459 60745 144 129 66 144 365 1867 567 293 787 1020 263 179 317
leaf_count=28356 43 46 38 1020 90 288 60 9618 735 4389 1948 1692 113 529 12570 1459 60745 144 129 66 144 365 1867 567 293 787 1020 263 179 317
internal_value=-0.000129735 -0.00801603 -0.0174433 -0.0205577 0.00733083 -6.64665e-06 0.00303681 -0.000127649 0.000453819 0.000294003 0.00332872 -0.00112041 0.000104524 -0.00332 -0.00432618 0.00389839 -0.00024488 -0.000392982 0.0146412 0.0070959 -0.0015191 0.00793651 0.00592807 0.0209559 -0.00291667 0.00180556 -0.00763889 0.00593168 0.00780632 0.00262097
internal_weight=129880 1996 1191 1058 133 127884 4890 122994 77564 76700 11566 45430 29180 16250 14262 1988 65134 28500 864 2586 2304 2520 2155 680 2160 1080 1080 805 759 496
internal_count=129880 1996 1191 1058 133 127884 4890 122994 77564 76700 11566 45430 29180 16250 14262 1988 65134 28500 864 2586 2304 2520 2155 680 2160 1080 1080 805 759 496
is_linear=0
shrinkage=0.05


Tree=175
num_leaves=31
num_cat=0
split_feature=16 9 0 22 19 23 10 8 10 1 10 10 17 17 10 18 9 9 18 9 22 6 35 35 1 17 1 9 1 8
split_gain=37.8463 120.611 34.7649 24.2366 56.9402 23.822 25.7349 18.9799 18.8138 37.7991 58.9943 45.7327 51.7013 43.4412 36.605 35.3958 31.7524 41.3454 48.2659 47.1609 32.6667 31.8953 31.3809 24.8293 21.7998 20.8527 66.4251 44.5035 56.1745 42.6021
threshold=975.00000000000011 0.59868201182722736 25.250000000000004 1.0000000180025095e-35 2.1000000000000028 1.0000000180025095e-35 0.92843842216862604 349.50000000000006 0.5969655492110445 23.150000000000006 0.97461712852231652 0.92519182738459482 26.500000000000004 25.500000000000004 0.11478523713130605 20.500000000000004 0.98667101781630195 0.97314989601849466 19.500000000000004 0.878110924644389 1.0000000180025095e-35 905.00000000000011 0.0039473684210526326 3.1076315789473692 23.050000000000008 29.500000000000004 26.550000000000008 -0.99467753128998015 26.050000000000008 126.50000000000001
decision_type=2 2 2 2 2 2 2 2 2 2 2 2 2 2 2 2 2 2 2 2 2 2 2 2 2 2 2 2 2 2
left_child=8 2 5 4 -4 6 -2 -8 14 13 11 12 -11 23 25 -15 17 19 -19 -16 -18 -22 -13 24 -10 27 -27 -1 -29 -28
right_child=1 -3 3 -5 -6 -7 7 -9 9 10 -12 22 -14 15 16 -17 20 18 -20 -21 21 -23 -24 -25 -26 26 29 28 -30 -31
leaf_value=0.0081238867615945932 4.3420199409431017e-06 -8.2877883474962417e-06 -0.00011827299179235267 -0.00056239386205148695 0.001427934000332514 -8.1703055162559227e-05 -0.00020589844414101808 2.9387334493794335e-06 -2.6948325547317131e-05 -0.0026774133137723497 -0.0031165396936976408 0.0013256334829589642 5.1842694952693864e-05 0.033645210274568176 7.4580222676073199e-05 -0.0037586669633180359 0.038395650836686418 0.0041369318462196958 -0.012145657291456132 0.0015091211792243482 -0.030015007223314051 0.002547101002070683 -0.0048289226965292399 -0.045256147562482599 0.0048362609120056856 0.032006473057704786 -0.002797441250334425 0.00037959492815108287 -0.002162896054185859 2.9849714363219124e-05
leaf_weight=576 527 769 120 152 131 88 90 119 26342 5670 401 1265 3305 313 15468 225 432 432 675 4278 273 159 140 120 189 1021 2355 9094 10144 45007
leaf_count=576 527 769 120 152 131 88 90 119 26342 5670 401 1265 3305 313 15468 225 432 432 675 4278 273 159 140 120 189 1021 2355 9094 10144 45007
internal_value=-0.000107022 -0.00693888 0.00279136 -0.00924318 0.000298805 0.00867718 0.0116168 -0.00322967 -3.90979e-07 -0.000933632 -0.00343892 -0.00271195 -0.00402507 5.97668e-05 0.00039371 0.0141264 0.00218147 0.00179231 -0.00761066 0.00231946 0.0115741 0.00185185 0.00567616 -0.000224194 -0.000121556 -0.000175594 0.000383916 -0.00154184 -0.00195187 0.000111904
internal_weight=129880 1996 1227 403 251 824 736 209 127884 37970 10781 10380 8975 27189 89914 538 21717 20853 1107 19746 864 432 1405 26651 26531 68197 48383 19814 19238 47362
internal_count=129880 1996 1227 403 251 824 736 209 127884 37970 10781 10380 8975 27189 89914 538 21717 20853 1107 19746 864 432 1405 26651 26531 68197 48383 19814 19238 47362
is_linear=0
shrinkage=0.05


Tree=176
num_leaves=31
num_cat=0
split_feature=16 9 0 21 20 16 1 10 8 17 19 19 10 17 1 71 8 1 1 6 71 10 23 20 8 0 7 52 6 1
split_gain=54.2202 100.509 49.0894 25.1475 23.6923 20.3844 31.5436 23.0452 60.4287 79.4104 73.2811 37.8168 31.7333 37.1939 33.6175 27.333 26.7638 22.709 37.9783 33.4788 20.0963 17.1642 21.3004 16.6675 16.2758 15.64 20.9524 9.63915 10.4605 9.15838
threshold=975.00000000000011 0.59868201182722736 25.250000000000004 1.0000000180025095e-35 0.19999999999999976 665.00000000000011 28.750000000000004 0.46611290379786346 70.500000000000014 21.500000000000004 6.0000000000000053 4.9000000000000004 0.9863035000474919 21.500000000000004 28.225000000000005 2.4999999999999978 8.5000000000000018 31.950000000000003 32.150000000000013 685.00000000000011 0.29999999999999943 0.92843842216862604 1.0000000180025095e-35 0.1000000000000001 349.50000000000006 29.016666666666669 8.5000000000000018 1.135 885.00000000000011 24.750000000000004
decision_type=2 2 2 2 2 2 2 2 2 2 2 2 2 2 2 2 2 2 2 2 2 2 2 2 2 2 2 2 2 2
left_child=5 2 4 25 21 7 23 8 9 15 -11 12 14 -14 -9 -1 -13 19 -19 -10 -18 22 -2 27 -23 -4 -27 28 -7 -3
right_child=1 29 3 -5 -6 6 -8 11 17 10 -12 16 13 -15 -16 -17 20 18 -20 -21 -22 24 -24 -25 -26 26 -28 -29 -30 -31
leaf_value=-0.0098606539775300383 2.0459522086445706e-05 -7.873398930121429e-06 -0.0002378157585902198 0.0012922613139936226 -6.5265939490267208e-06 0.0045826289955164679 -0.0015154923087527597 -0.00037984610116667625 -0.00053768178071575965 0.021373221558035005 -0.0025358258096276247 -0.0015948205093342912 0.00014587924708132916 0.034072142302240573 0.00013870608165738666 0.00023699869640607732 -0.0032017781253051675 -0.0034386361207865944 -1.9134588096293011e-05 0.0001234225629545338 -0.0001943653795799726 -0.00019560352193396721 -1.5781150951979432e-05 0.00021074237649506869 2.791796776910462e-06 -0.00020453519246224213 0.0083572227008938578 -0.0011151901983045675 0.00045283715502166032 -0.00069232579067058362
leaf_weight=404 466 646 281 38 101 382 671 30400 39228 1123 308 218 4978 733 827 81 182 1626 14217 24637 5976 77 62 1076 118 40 44 39 778 123
leaf_count=404 466 646 281 38 101 382 671 30400 39228 1123 308 218 4978 733 827 81 182 1626 14217 24637 5976 77 62 1076 118 40 44 39 778 123
internal_value=-0.000114336 -0.00829158 0.000590872 -0.0137097 0.00758495 1.32933e-05 0.00412424 -8.36415e-05 0.000411031 0.0091858 0.0151118 -0.00101584 -0.000402025 0.00302486 -0.00102876 -0.00829897 -0.00457183 0.000200105 -0.00149435 0.000620449 -0.00396233 0.0107538 0.0154356 0.00693407 -0.00192308 -0.0177397 0.00119048 0.0109883 0.0118103 -0.0224642
internal_weight=129880 1996 1227 403 824 127884 2946 124938 81624 1916 1431 43314 36938 5711 31227 485 6376 79708 15843 63865 6158 723 528 2275 195 365 84 1199 1160 769
internal_count=129880 1996 1227 403 824 127884 2946 124938 81624 1916 1431 43314 36938 5711 31227 485 6376 79708 15843 63865 6158 723 528 2275 195 365 84 1199 1160 769
is_linear=0
shrinkage=0.05


Tree=177
num_leaves=31
num_cat=0
split_feature=16 7 0 19 8 8 8 62 17 19 8 7 10 10 10 10 1 4 1 1 0 9 20 1 0 8 0 1 0 20
split_gain=47.4287 115.415 30.3145 22.6598 57.6243 34.8825 29.4642 25.8528 22.9818 42.1659 39.1621 37.629 33.2463 82.1012 75.4785 38.2178 37.5637 32.5226 22.1749 21.0224 18.127 17.2441 16.1569 15.9817 60.7145 13.2382 18.1477 8.53185 9.37508 7.83269
threshold=935.00000000000011 8.5000000000000018 9.1500000000000004 5.7000000000000055 24.500000000000004 30.500000000000004 38.500000000000007 0.34210526315789475 32.500000000000007 5.6000000000000041 150.50000000000003 5.5000000000000009 -0.99273797715557011 -0.97507822412530132 -0.99983123799342477 -0.97111920233974802 32.250000000000007 14.500000000000002 31.350000000000005 14.850000000000003 27.750000000000004 -0.99467753128998015 0.69999999999999762 24.450000000000003 24.733333333333338 352.50000000000006 18.350000000000005 24.650000000000006 21.416666666666668 -1.5000000000000024
decision_type=2 2 2 2 2 2 2 2 2 2 2 2 2 2 2 2 2 2 2 2 2 2 2 2 2 2 2 2 2 2
left_child=3 2 -2 8 27 22 -7 -8 12 10 -10 -12 14 18 20 -15 -16 -11 -14 -3 -1 -21 -6 29 -25 26 -23 -5 -29 -4
right_child=1 19 23 4 5 6 7 -9 9 17 11 -13 13 15 16 -17 -18 -19 -20 21 -22 25 -24 24 -26 -27 -28 28 -30 -31
leaf_value=0.00011065115318123246 0.00013181055417926593 -0.00018582334583726884 3.1529244978943238e-06 -0.0034013463151053077 0.0038231258604632065 -0.0032240501782717251 -0.00012109416921184807 0.00023517911036790228 0.019703393365847678 -0.0055049710717791191 -0.019419149406990466 0.00012944899626833386 -0.0075746857706484594 0.00287808581656 0.028651304932195698 -2.036550807207327e-05 -1.9123037346837485e-05 0.0037145315311214928 -0.00024567962531857752 -0.0005591135873723944 -0.00327602545663718 0.00012419103979522379 -0.013777447118757467 3.1019428395736615e-06 -0.00022592497066070881 -2.8481128231910778e-05 2.3044052498609469e-06 -0.00062415121263849143 0.00020243011166485236 -7.4797289836153588e-06
leaf_weight=104 42 50 28 351 175 199 8933 923 178 79 144 18853 731 432 981 94225 333 325 277 37 328 210 30 127 342 50 542 37 30 784
leaf_count=104 42 50 28 351 175 199 8933 923 178 79 144 18853 731 432 981 94225 333 325 277 37 328 210 30 127 342 50 542 37 30 784
internal_value=-0.000177856 -0.00743671 -0.0167989 -5.20882e-05 -0.00225698 -0.00151559 -0.00193187 -0.00154728 0.000149158 0.00171229 0.00137549 0.00115676 -0.000165022 -0.000289813 0.00667239 -0.000138659 0.0126332 0.017698 -0.0144841 0.00649606 -0.0114583 0.00837306 0.0189024 -0.0181694 -0.0108209 0.00991272 0.0115691 -0.0204545 -0.00410448 -0.0224138
internal_weight=129880 2212 1323 127668 10678 10260 10055 9856 116990 19579 19175 18997 97411 95665 1746 94657 1314 404 1008 889 432 839 205 1281 469 802 752 418 67 812
internal_count=129880 2212 1323 127668 10678 10260 10055 9856 116990 19579 19175 18997 97411 95665 1746 94657 1314 404 1008 889 432 839 205 1281 469 802 752 418 67 812
is_linear=0
shrinkage=0.05


Tree=178
num_leaves=31
num_cat=0
split_feature=16 7 17 0 19 8 6 9 9 8 9 18 17 8 1 8 16 19 19 8 8 8 8 1 19 1 9 6 23 8
split_gain=75.0641 73.4085 48.6758 29.0749 27.4382 59.7927 30.724 35.985 44.3819 79.3272 50.6873 39.7027 61.9064 35.9606 59.7237 38.5025 32.0544 30.4942 29.6423 36.3034 35.5273 26.8899 25.7389 23.8784 22.8878 18.2253 15.9839 15.9774 14.0223 27.3981
threshold=965.00000000000011 8.5000000000000018 21.500000000000004 9.1500000000000004 5.1000000000000041 18.500000000000004 695.00000000000011 0.99374995976406788 0.96234642434711437 100.50000000000001 0.92273069556937592 23.500000000000004 27.500000000000004 8.5000000000000018 21.350000000000005 4.5000000000000009 25.000000000000004 1.1000000000000008 5.3000000000000034 293.50000000000006 281.50000000000006 90.500000000000014 24.500000000000004 15.15 5.3500000000000023 21.450000000000003 -0.99467753128998015 915.00000000000011 1.0000000180025095e-35 290.50000000000006
decision_type=2 2 2 2 2 2 2 2 2 2 2 2 2 2 2 2 2 2 2 2 2 2 2 2 2 2 2 2 2 2
left_child=4 3 -3 -2 6 -6 7 8 10 -10 -1 12 -9 14 16 -16 -8 25 19 20 -7 -13 -20 -19 -24 -15 -4 -21 -28 -30
right_child=1 2 26 -5 5 18 13 11 9 -11 -12 21 -14 17 15 -17 -18 23 22 27 -22 -23 24 -25 -26 -27 28 -29 29 -31
leaf_value=-0.00040814391959835832 0.00012522002647030254 -4.5108956417511963e-06 -0.00053115790800377469 -1.4232095411620921e-05 -0.0032312789993500426 -0.00049859718723714661 -0.00060593449866142154 -0.023656565149263349 -0.0026888759600984581 0.047769999399959628 -0.022125732809414746 0.034661081378513182 0.090130202654197897 -0.0011481992665547535 -0.0039981066246331225 0.00024463949239088219 0.00039309553552083697 0.0011973395240834101 -0.0040945996929637957 -0.00091258089654898823 0.0040069648188323101 -0.016299760677133235 0.0020533908973413019 4.3885698750327501e-05 -1.2902435001928282e-05 0.0075509549007640514 0.00013104602427713288 -0.0020064940939730118 0.0012918090143537141 -7.6944065119325324e-05
leaf_weight=56608 39 186 34 1184 451 2511 158 980 1680 963 1953 140 210 123 193 78 538 818 133 133 140 490 426 43340 14963 430 484 372 51 71
leaf_count=56608 39 186 34 1184 451 2511 158 980 1680 963 1953 140 210 123 193 78 538 818 133 133 140 490 426 43340 14963 430 484 372 51 71
internal_value=-0.000205574 -0.00969985 0.00181598 -0.0174775 -5.33908e-05 -0.00179962 0.000253905 -0.000461729 -0.000255702 0.0060821 -0.000541743 -0.00739011 -0.00201681 0.0012413 0.0107808 -0.00913284 0.0185345 0.00103498 -0.00136524 -0.00578264 -0.0034421 -0.0175397 -0.000467079 0.000888854 -0.000277796 0.0127034 0.00835938 -0.0180693 0.010231 -0.00491803
internal_weight=129880 2049 826 1223 127831 19129 108702 63024 61204 2643 58561 1820 1190 45678 967 271 696 44711 18678 3156 2651 630 15522 44158 15389 553 640 505 606 122
internal_count=129880 2049 826 1223 127831 19129 108702 63024 61204 2643 58561 1820 1190 45678 967 271 696 44711 18678 3156 2651 630 15522 44158 15389 553 640 505 606 122
is_linear=0
shrinkage=0.05


Tree=179
num_leaves=31
num_cat=0
split_feature=16 9 8 19 19 9 19 1 17 8 1 8 1 19 10 8 1 10 10 8 22 16 9 19 9 1 1 0 6 71
split_gain=84.3187 61.754 44.143 37.0002 40.2219 25.3677 22.1415 20.1007 37.1011 61.4524 34.7649 46.8495 33.0753 61.5722 37.9111 47.2198 27.9798 25.9188 26.8707 34.7396 27.8149 25.6887 29.8352 50.9816 40.1348 26.259 18.0149 35.4228 16.3539 16.4873
threshold=965.00000000000011 0.59868201182722736 158.50000000000003 1.399999999999997 8.4500000000000028 -0.71504373327588355 6.5000000000000018 31.950000000000003 30.500000000000004 292.50000000000006 26.725000000000005 126.50000000000001 32.150000000000013 4.2999999999999989 -0.97111920233974802 234.50000000000003 25.950000000000003 -0.99864786094873803 -0.98801846520836312 239.50000000000003 1.0000000180025095e-35 705.00000000000011 -0.99467753128998015 5.8000000000000069 -0.98523971305672675 28.750000000000004 24.450000000000003 24.325000000000006 935.00000000000011 1.0200000000000016
decision_type=2 2 2 2 2 2 2 2 2 2 2 2 2 2 2 2 2 2 2 2 2 2 2 2 2 2 2 2 2 2
left_child=7 2 6 -4 5 -5 -2 8 21 10 16 -12 13 14 -9 -16 -10 28 20 -20 -19 22 23 -1 -24 -23 -3 -28 -14 -30
right_child=1 26 3 4 -6 -7 -8 12 9 -11 11 -13 17 -15 15 -17 -18 18 19 -21 -22 25 24 -25 -26 -27 27 -29 29 -31
leaf_value=0.016971627495690114 3.6584504681760237e-06 -6.3941377638535451e-06 0.00022417331413540978 -4.9340027817215733e-06 0.00012449372306327623 -3.7327421016219992e-05 -0.00066731048502419415 0.00048341275556605949 -0.0093527963948099486 0.023216091752885439 -0.0032986704265438533 0.00036120725630728323 -0.0015099074247818868 -0.0042597623146700004 -0.0042468583855396159 0.0040460123139354574 0.028989426604412172 -0.00012442724902003434 3.9966777996418296e-05 -0.00020935701842238197 -0.0011894895443368956 0.00086203072595525453 -0.0025054958088463045 -0.0052346947995847532 -4.2503499937708578e-05 -0.0017450376353344934 8.4058151293664988e-05 -0.00074858846494791991 -0.00053257956039399828 0.0043761951091608629
leaf_weight=796 176 639 84 469 75 431 26 230 279 443 1452 26557 81 868 353 186 503 1470 7520 4610 213 1655 1171 100 78885 114 58 91 59 286
leaf_count=796 176 639 84 469 75 431 26 230 279 443 1452 26557 81 868 353 186 503 1470 7520 4610 213 1655 1171 100 78885 114 58 91 59 286
internal_value=-0.000149754 -0.0102123 -0.00335052 -0.00743626 -0.0101795 -0.0131111 0.0180693 1.15387e-05 0.000247644 0.00177875 0.00149439 0.00120408 -0.00165344 -0.00838424 0.00191808 -0.00533395 0.0118926 -0.000879626 -0.00125425 -0.000432811 -0.00717469 -0.000293456 -0.000423708 0.00864955 -0.000525257 0.00566704 -0.0211929 -0.00553691 0.0112676 0.0160145
internal_weight=129880 2049 1261 1059 975 900 202 127831 111955 29234 28791 28009 15876 1637 769 539 782 14239 13813 12130 1683 82721 80952 896 80056 1769 788 149 426 345
internal_count=129880 2049 1261 1059 975 900 202 127831 111955 29234 28791 28009 15876 1637 769 539 782 14239 13813 12130 1683 82721 80952 896 80056 1769 788 149 426 345
is_linear=0
shrinkage=0.05


Tree=180
num_leaves=31
num_cat=0
split_feature=16 9 8 19 19 22 16 1 22 19 9 17 1 10 8 6 8 9 19 7 8 1 17 19 20 52 1 0 16 10
split_gain=95.1836 72.5691 37.4083 40.5489 44.4657 28.4213 20.3277 32.9412 20.0809 36.8407 41.5046 73.6086 54.3602 39.5757 90.9173 61.8485 32.8314 59.5808 57.822 50.6776 45.8133 29.5307 21.7234 18.6023 13.1024 11.8249 11.4245 28.3909 9.52186 9.43007
threshold=905.00000000000011 0.59868201182722736 158.50000000000003 1.3000000000000005 7.7000000000000011 1.0000000180025095e-35 715.00000000000011 28.750000000000004 1.0000000180025095e-35 5.4999999999999982 0.91596454896554913 28.500000000000004 34.650000000000013 0.73721509932751383 70.500000000000014 745.00000000000011 20.500000000000004 0.056951373111866731 5.4999999999999982 2.5000000000000004 46.500000000000007 32.050000000000004 20.500000000000004 6.5000000000000018 1.0000000180025095e-35 1.0450000000000002 24.450000000000003 23.925000000000001 975.00000000000011 -0.50557503990954278
decision_type=2 2 2 2 2 2 2 2 2 2 2 2 2 2 2 2 2 2 2 2 2 2 2 2 2 2 2 2 2 2
left_child=6 2 23 -4 5 -5 8 24 16 13 12 -12 -11 14 -10 -15 17 22 -19 20 -18 -21 -1 28 25 -8 -3 -28 -2 -26
right_child=1 26 3 4 -6 -7 7 -9 9 10 11 -13 -14 15 -16 -17 19 18 -20 21 -22 -23 -24 -25 29 -27 27 -29 -30 -31
leaf_value=0.00026321387180052586 -6.195619163834539e-06 -6.0744308756608679e-06 0.00021296464842863948 -9.3937393600962433e-06 0.00011826903691011242 -0.00017444026271250682 0.0020903092126976024 -0.0018052241024095362 0.022247447422851244 -0.00099808617441364132 0.00049972790678196738 -0.0041373487230530652 0.00055132424194835334 -0.0073963344550841414 0.00014239243907186172 0.00019182764547565762 -0.00044251096054172132 0.0014472369815479134 -0.0030675898743856549 2.9182041839256282e-06 -0.0036312936917956037 -0.0001487604687892656 -0.0058648841885665121 -0.0006339449607729845 -0.00086100057780599348 -0.0021744206949581273 7.985524372898174e-05 -0.00060827222458604202 3.4755279447672227e-06 0.0015520567257954741
leaf_weight=144 41 730 96 594 87 460 580 356 2431 5045 870 158 831 6412 24836 4205 3469 2242 200 62511 1925 10308 288 26 109 25 44 129 171 557
leaf_count=144 41 730 96 594 87 460 580 356 2431 5045 870 158 831 6412 24836 4205 3469 2242 200 62511 1925 10308 288 26 109 25 44 129 171 557
internal_value=-0.000160148 -0.0100715 -0.00323729 -0.00672999 -0.00935583 -0.0121917 2.47055e-05 0.00557775 -4.70705e-05 0.00080267 -0.00255649 0.00671206 -0.00417801 0.00141485 0.00242326 -0.001175 -0.000516421 0.00473208 0.00776003 -0.000709281 -0.00538561 -0.000362886 -0.0123843 0.014916 0.00934304 0.0146694 -0.0212348 -0.00968208 0.0198113 0.0045045
internal_weight=129880 2378 1475 1237 1141 1054 127502 1627 125875 44788 6904 1028 5876 37884 27267 10617 81087 2874 2442 78213 5394 72819 432 238 1271 605 903 173 212 666
internal_count=129880 2378 1475 1237 1141 1054 127502 1627 125875 44788 6904 1028 5876 37884 27267 10617 81087 2874 2442 78213 5394 72819 432 238 1271 605 903 173 212 666
is_linear=0
shrinkage=0.05


Tree=181
num_leaves=31
num_cat=0
split_feature=16 9 0 23 21 10 1 17 18 8 17 10 18 1 22 9 9 8 19 17 8 71 35 1 10 1 0 1 1 18
split_gain=44.9829 103.206 45.3397 29.8643 25.489 21.3223 43.5295 66.8592 63.0743 44.0026 43.6087 41.17 35.3958 30.2133 67.5526 40.4369 45.2074 37.8614 36.4366 30.918 29.7026 28.5603 24.7681 21.195 20.9827 20.6308 41.6763 20.5396 20.5021 36.9747
threshold=905.00000000000011 0.59868201182722736 25.250000000000004 1.0000000180025095e-35 1.0000000180025095e-35 0.5969655492110445 23.150000000000006 26.500000000000004 22.500000000000004 313.50000000000006 25.500000000000004 0.97461712852231652 20.500000000000004 21.037500000000005 1.0000000180025095e-35 0.97696484778429815 0.99818282439137029 58.500000000000007 1.3000000000000005 20.500000000000004 62.500000000000007 2.1000000000000028 3.1076315789473692 23.050000000000008 0.92843842216862604 24.450000000000003 24.325000000000006 27.350000000000005 31.950000000000003 15.500000000000002
decision_type=2 2 2 2 2 2 2 2 2 2 2 2 2 2 2 2 2 2 2 2 2 2 2 2 2 2 2 2 2 2
left_child=5 2 3 24 -4 13 10 11 27 -10 22 21 -12 14 18 -16 -17 -15 20 -20 -1 -8 23 -7 -2 -3 -27 -9 29 -19
right_child=1 25 4 -5 -6 6 7 8 9 -11 12 -13 -14 17 15 16 -18 28 19 -21 -22 -23 -24 -25 -26 26 -28 -29 -30 -31
leaf_value=-0.041090573756053295 9.4215428018595547e-06 -5.7707093318778249e-06 -0.00016695445877893054 -7.2380474756268174e-05 0.001227934950743119 -2.9007724882883226e-05 -0.0024838301894773915 0.0054514188080869502 -0.0048542944007782 5.6681228021038257e-05 0.030893120341135918 -0.0026551394790415767 -0.00334662597912363 -0.0034497290072058235 0.025139676041251936 -0.016388404728947561 0.012277664202536998 0.0057257596087358816 -0.00044910705686203295 0.015173018962903085 -0.0015059521392897235 -0.00017596801560259602 -0.042950943143128924 0.0046142434267175117 -2.4495469019411865e-05 7.5862481542532655e-05 -0.00068074543047122178 0.00062447129535495309 -6.6488369180297408e-05 6.7287913113012185e-05
leaf_weight=351 619 730 463 104 45 26237 4009 453 288 2554 313 401 225 251 1560 492 203 352 905 319 735 2901 120 189 244 70 103 147 15876 68621
leaf_count=351 619 730 463 104 45 26237 4009 453 288 2554 313 401 225 251 1560 492 203 352 905 319 735 2901 120 189 244 70 103 147 15876 68621
internal_value=-0.000167077 -0.00698066 0.00116949 0.00752327 -0.0109252 -3.99994e-05 -0.00103536 -0.00372687 0.00201917 -0.00109078 3.323e-05 -0.00643209 0.0141264 0.000380026 0.00434283 0.0104989 0.000467626 0.00016745 -0.00166667 0.00424837 -0.00833333 -0.00552822 -0.000252392 -0.000149474 0.0105736 -0.0202935 -0.00476879 0.01675 0.000224811 0.000597698
internal_weight=129880 2378 1475 967 508 127502 37837 10753 3442 2842 27084 7311 538 89665 4565 2255 695 85100 2310 1224 1086 6910 26546 26426 863 903 173 600 84849 68973
internal_count=129880 2378 1475 967 508 127502 37837 10753 3442 2842 27084 7311 538 89665 4565 2255 695 85100 2310 1224 1086 6910 26546 26426 863 903 173 600 84849 68973
is_linear=0
shrinkage=0.05


Tree=182
num_leaves=31
num_cat=0
split_feature=16 7 0 10 1 17 9 10 8 9 19 19 17 1 1 6 3 1 18 8 1 10 1 17 10 1 17 1 0 9
split_gain=51.7324 114.727 30.5138 27.1794 43.3342 94.194 65.4831 45.0307 44.4543 40.8622 40.1977 65.8343 34.6823 39.5694 34.6203 21.9122 28.3646 22.7269 108.496 45.7981 21.4837 19.2729 33.7947 29.6291 27.0138 41.5467 22.0051 19.1622 60.7836 17.9696
threshold=905.00000000000011 8.5000000000000018 9.1500000000000004 0.46611290379786346 23.450000000000003 24.500000000000004 0.90162119223771331 -0.21862536810265826 116.50000000000001 0.99995780822346225 4.7999999999999989 4.6999999999999984 29.500000000000004 24.750000000000004 14.65 915.00000000000011 0.4000000000000013 23.750000000000004 17.500000000000004 316.50000000000006 14.850000000000003 -0.99761278905001471 28.225000000000005 33.500000000000007 -0.99273797715557011 29.650000000000009 32.500000000000007 24.450000000000003 24.733333333333338 -0.99467753128998015
decision_type=2 2 2 2 2 2 2 2 2 2 2 2 2 2 2 2 2 2 2 2 2 2 2 2 2 2 2 2 2 2
left_child=3 2 -2 4 5 6 -1 8 -7 -8 11 12 14 -14 -5 16 -12 18 -17 -19 -3 22 -6 -24 25 -23 -26 -4 -29 -22
right_child=1 20 27 10 21 7 9 -9 -10 -11 15 -13 13 -15 -16 17 -18 19 -20 -21 29 24 23 -25 26 -27 -28 28 -30 -31
leaf_value=0.022192395751071681 0.00011813124908604672 -0.0001644934761259109 -5.4821738652839332e-06 0.0023746248468844659 0.076555545635897282 -0.088680492246755754 -0.0036908604217956152 0.052737925167725935 0.037812835949492342 0.011663780992410146 0.0010415032763727572 0.00050577905637906801 -0.022892163350636575 0.023759115925440111 -0.00038301564173319415 -0.0006336756122013958 -0.0035909104196885679 -0.0011587204823609767 0.0045901126835865757 -1.5272561394912012e-05 -0.000487283576389928 0.054067848651791976 -0.00057180575021020395 0.005994105882820522 -6.3163950721282372e-05 0.00011256479401854022 0.00010228117957536144 2.3340706767715103e-05 -0.00020323333639932998 8.4813573677982437e-06
leaf_weight=379 43 53 869 2739 94 130 3847 1498 305 144 922 604 62 332 33123 2932 815 1456 307 867 40 294 1778 432 52467 1577 20398 133 381 859
leaf_count=379 43 53 869 2739 94 130 3847 1498 305 144 922 604 62 332 33123 2932 815 1456 307 867 40 294 1778 432 52467 1577 20398 133 381 859
internal_value=-0.000199415 -0.00750631 -0.0164797 -6.31363e-05 0.000468246 0.00445423 0.000389016 0.0136446 -0.000517241 -0.00149712 -0.00106603 -0.000394737 -0.000667476 0.0140863 -0.000829569 -0.00445609 0.000446172 -0.00598706 -0.00328033 -0.00976108 0.00593487 0.000142134 -0.00436198 -0.00561086 0.000280989 0.00621325 0.000128663 -0.0177693 -0.0101167 0.00775862
internal_weight=129880 2378 1426 127502 83343 6303 4370 1933 435 3991 44159 36860 36256 394 35862 7299 1737 5562 3239 2323 952 77040 2304 2210 74736 1871 72865 1383 514 899
internal_count=129880 2378 1426 127502 83343 6303 4370 1933 435 3991 44159 36860 36256 394 35862 7299 1737 5562 3239 2323 952 77040 2304 2210 74736 1871 72865 1383 514 899
is_linear=0
shrinkage=0.05


Tree=183
num_leaves=31
num_cat=0
split_feature=16 9 19 19 19 10 19 7 8 19 6 71 9 9 9 9 4 9 0 20 8 1 7 8 1 0 22 7 1 19
split_gain=42.6137 107.156 23.0528 36.5623 22.6725 31.2653 32.7805 49.4335 31.436 32.5793 30.768 32.6086 43.6566 30.0196 41.8599 35.6979 29.9265 29.2584 43.302 29.5675 25.3514 24.3295 27.8745 22.7665 20.6308 41.6763 19.552 72.8194 30.3213 17.5065
threshold=905.00000000000011 0.59868201182722736 1.3000000000000005 1.5999999999999963 5.1000000000000041 -0.99465740988130902 5.8000000000000034 6.5000000000000009 18.500000000000004 5.2000000000000011 695.00000000000011 0.80000000000000038 0.92922379131507438 0.55656748448714433 0.52766072109828632 0.99907018497641664 14.500000000000002 0.99939377080793557 20.125000000000004 -0.80000000000000238 317.50000000000006 15.250000000000002 1.5000000000000002 90.500000000000014 24.450000000000003 24.325000000000006 1.0000000180025095e-35 9.5000000000000018 26.350000000000005 4.5999999999999996
decision_type=2 2 2 2 2 2 2 2 2 2 2 2 2 2 2 2 2 2 2 2 2 2 2 2 2 2 2 2 2 2
left_child=4 2 -2 -4 10 6 7 -6 9 -7 17 12 16 14 -13 -15 -12 19 -19 -1 -21 -10 -23 -20 -3 -26 28 -28 -5 -14
right_child=1 24 3 26 5 8 -8 -9 21 -11 11 13 29 15 -16 -17 -18 18 23 20 -22 22 -24 -25 25 -27 27 -29 -30 -31
leaf_value=-0.010449561269637446 0.00020142127099872511 -5.2080651720197363e-06 -0.00019307166957936348 -5.7290965226679344e-06 0.0039046510096213353 0.00010893869953333899 -0.0010604706413203117 -0.0012751809613940693 -0.0018710559576324581 -0.0027235173825962441 0.0035378984216643608 6.0456232761267256e-05 0.0034676963849713696 -0.00050793099755308275 0.0050427928161324844 0.00057803612679149525 5.4030441440584834e-05 0.011080591942789632 0.012796192994050389 0.00056377231211521826 -0.0030756738294748123 0.00024785586000104797 -3.0328890234763983e-05 -0.037077206473548376 7.0902322127020269e-05 -0.00063654649212769416 -0.00035171591196742188 5.4078883182898146e-06 0.00060735151291698916 -0.00036013330548389372
leaf_weight=2250 102 730 137 287 137 68 311 120 116 383 1040 30464 867 7974 298 381 4297 70 140 50644 9570 520 17450 350 70 103 284 260 405 52
leaf_count=2250 102 730 137 287 137 68 311 120 116 383 1040 30464 867 7974 298 381 4297 70 140 50644 9570 520 17450 350 70 103 284 260 405 52
internal_value=-9.66277e-05 -0.00672834 0.00157627 -0.000127458 2.70584e-05 -0.00156111 -0.0131162 9.72763e-05 -0.00120705 -0.0142461 0.000306973 0.00129978 0.00465153 0.000763734 0.0014856 -0.00189408 0.00291831 -0.000407781 -0.0117857 -0.000305776 -9.54927e-05 -0.000881898 -0.000734558 -0.0170408 -0.0202935 -0.00476879 0.002589 -0.00450368 0.00816474 0.0147171
internal_weight=129880 2378 1475 1373 127502 19105 568 257 18537 451 108397 45373 6256 39117 30762 8355 5337 63024 560 62464 60214 18086 17970 490 903 173 1236 544 692 919
internal_count=129880 2378 1475 1373 127502 19105 568 257 18537 451 108397 45373 6256 39117 30762 8355 5337 63024 560 62464 60214 18086 17970 490 903 173 1236 544 692 919
is_linear=0
shrinkage=0.05


Tree=184
num_leaves=31
num_cat=0
split_feature=16 9 10 19 6 9 8 1 8 9 0 10 19 7 8 71 17 1 1 1 0 16 8 19 70 8 7 23 19 1
split_gain=55.9138 96.091 60.7346 23.4945 28.9792 32.7559 32.1068 56.5321 29.5672 29.3646 43.302 28.752 32.5277 47.5768 32.1403 46.0095 28.4858 80.8565 75.6168 27.1543 32.494 25.2334 22.7665 22.6236 21.7235 21.1234 35.6011 32.59 20.6465 19.3818
threshold=905.00000000000011 0.45273815774107123 -0.50557503990954278 5.1000000000000041 695.00000000000011 0.99466373373798567 8.5000000000000018 21.350000000000005 144.50000000000003 0.99939377080793557 20.125000000000004 -0.99465740988130902 5.8000000000000034 6.5000000000000009 58.500000000000007 3.600000000000001 20.500000000000004 19.250000000000004 17.950000000000003 17.350000000000005 17.620000000000005 245.00000000000003 90.500000000000014 5.2000000000000011 0.52500000000000047 249.50000000000003 9.5000000000000018 1.0000000180025095e-35 6.5000000000000018 28.650000000000006
decision_type=2 2 2 2 2 2 2 2 2 2 2 2 2 2 2 2 2 2 2 2 2 2 2 2 2 2 2 2 2 2
left_child=3 2 -2 4 9 6 7 -6 -8 16 -11 12 13 -5 15 23 18 -18 -1 -16 -21 -17 -12 -13 -3 28 -27 -28 -4 -7
right_child=1 24 25 11 5 29 8 -9 -10 10 22 14 -14 -15 19 21 17 -19 -20 20 -22 -23 -24 -25 -26 26 27 -29 -30 -31
leaf_value=-0.00034783698665306065 -0.00013561700999179251 1.8628555322978335e-05 0.00011251114145787792 0.0037094184591402683 0.00035826774994508206 0.0023537171516239048 -0.00023250354626162264 -0.003287439592593833 9.8262716340414709e-05 0.010526562345650149 0.012156383344347866 0.00010349176455667214 -0.0010074471092542962 -0.0012114219133243663 -0.0012814982312180643 -0.0008308021107352806 0.01383822894432476 -0.00068319728321900594 -0.014104715309566125 0.00045527518799364788 -1.1315763416715197e-05 0.00038728793193084504 -0.035223346149870952 -0.0026033996259236434 -1.2074014790605079e-05 -0.00044533360197206043 7.7868950834938414e-06 -6.8899064060711277e-05 -0.0006004623757639671 -0.0021370508571826839
leaf_weight=6086 285 38 260 137 696 1029 11564 271 31619 70 140 78 311 120 190 1112 3645 50797 1936 339 15442 295 350 1081 921 130 629 89 26 194
leaf_count=6086 285 38 260 137 696 1029 11564 271 31619 70 140 78 311 120 190 1112 3645 50797 1936 339 15442 295 350 1081 921 130 629 89 26 194
internal_value=-0.000120111 -0.00771657 0.000546159 2.15683e-05 0.000306512 0.00127003 0.00104643 0.0100569 0.000844661 -0.000387154 -0.0117857 -0.00159513 -0.0126761 0.000486381 -0.0012556 -0.00644973 -0.000284964 0.000124904 -0.00306657 -0.000421076 -0.000194855 -0.000373134 -0.0170408 -0.0138266 -0.0199426 0.00573192 0.00176887 0.00612813 0.0174825 0.00934178
internal_weight=129880 2378 1419 127502 108397 45373 44150 967 43183 63024 560 19105 568 257 18537 2566 62464 54442 8022 15971 15781 1407 490 1159 959 1134 848 718 286 1223
internal_count=129880 2378 1419 127502 108397 45373 44150 967 43183 63024 560 19105 568 257 18537 2566 62464 54442 8022 15971 15781 1407 490 1159 959 1134 848 718 286 1223
is_linear=0
shrinkage=0.05


Tree=185
num_leaves=31
num_cat=0
split_feature=16 7 7 8 7 23 1 16 1 17 1 17 1 10 8 10 10 1 9 8 4 8 8 70 20 19 52 8 8 10
split_gain=59.3924 94.711 59.8179 19.9983 35.6011 32.59 28.579 19.8714 27.8995 24.1037 67.9561 76.2778 65.134 72.4993 86.034 53.2147 46.0385 44.3609 34.3829 31.4667 30.1642 27.7443 25.5158 19.6211 18.1473 15.4762 11.3404 11.0955 9.4876 8.13258
threshold=905.00000000000011 8.5000000000000018 1.5000000000000002 249.50000000000003 9.5000000000000018 1.0000000180025095e-35 14.850000000000003 665.00000000000011 28.750000000000004 26.500000000000004 23.150000000000006 25.500000000000004 24.550000000000008 -0.26867065956352881 82.500000000000014 0.97461712852231652 0.91159213926341531 22.650000000000006 0.99995780822346225 326.50000000000006 12.500000000000002 118.50000000000001 311.50000000000006 0.52500000000000047 0.1000000000000001 6.5000000000000018 1.135 202.50000000000003 166.50000000000003 -0.50557503990954278
decision_type=2 2 2 2 2 2 2 2 2 2 2 2 2 2 2 2 2 2 2 2 2 2 2 2 2 2 2 2 2 2
left_child=7 2 25 -3 -5 6 -6 9 24 10 11 18 13 21 -15 16 -12 -13 -1 22 -21 -11 -14 28 26 -2 -9 -10 -4 -26
right_child=1 3 23 4 5 -7 -8 8 27 12 15 17 19 14 -16 -17 -18 -19 -20 20 -22 -23 -24 -25 29 -27 -28 -29 -30 -31
leaf_value=-3.6102674812221043e-05 1.1896181901430399e-05 0.0046391603294964725 5.4330232167804401e-05 -0.00042306692187345745 -0.00014700456359482191 -6.5454110857675714e-05 1.0842480875468777e-05 0.0019971055304686498 0.00022151866446287749 -0.018830463778460454 -0.0017222843867552981 0.062810340094975547 2.2857187144081222e-05 -0.025011573253740926 0.037576910893089149 -0.0024571715321702499 0.00013523699205453683 -0.0081541678811540182 0.010000234228367644 -0.0014858366867780083 0.003204226281046395 0.0050442175916203709 -0.0010088522937976678 -1.1845385255137107e-05 -0.00096655069375693032 -0.00057043925697576874 -0.0010538456151992575 -0.0018215181214170401 -0.0036122368750627059 0.0010790634805193247
leaf_weight=33536 156 104 47 130 53 89 576 942 264 362 12403 680 70059 194 2424 401 1375 209 144 139 257 583 2172 1177 149 26 34 361 20 814
leaf_count=33536 156 104 47 130 53 89 576 942 264 362 12403 680 70059 194 2424 401 1375 209 144 139 257 583 2172 1177 149 26 34 361 20 814
internal_value=-7.66092e-05 -0.0079058 -0.0160589 0.00430672 0.00176887 0.00612813 0.0101351 6.94107e-05 0.00442668 -2.00099e-05 -0.000888242 0.000307356 0.000535503 0.00713584 0.0114209 -0.00380316 -0.00328059 0.0147638 -7.4228e-05 0.000211698 0.0142677 -0.00473545 0.000134637 -0.0199759 0.00738783 0.0107143 0.0121926 -0.00476 0.00634328 0.00251817
internal_weight=129880 2378 1426 952 848 718 629 127502 2564 124938 48748 34569 76190 3563 2618 14179 13778 889 33680 72627 396 945 72231 1244 1939 182 976 625 67 963
internal_count=129880 2378 1426 952 848 718 629 127502 2564 124938 48748 34569 76190 3563 2618 14179 13778 889 33680 72627 396 945 72231 1244 1939 182 976 625 67 963
is_linear=0
shrinkage=0.05


Tree=186
num_leaves=31
num_cat=0
split_feature=16 7 7 70 1 9 10 10 0 17 9 10 1 8 1 1 17 1 1 19 0 18 19 17 1 17 8 4 8 0
split_gain=41.7703 127.987 50.4001 26.3071 23.8815 19.9752 19.8554 52.1196 71.5811 59.2771 84.3601 41.17 50.9198 40.3494 32.9774 98.2433 46.339 54.9388 53.4458 31.6988 25.565 23.7422 57.4233 43.1973 23.1479 35.3938 18.6808 16.2097 15.0038 17.1261
threshold=905.00000000000011 8.5000000000000018 1.5000000000000002 0.52500000000000047 14.850000000000003 -0.99467753128998015 0.46611290379786346 0.2332836900311728 24.450000000000003 24.500000000000004 0.95752911693909493 0.2499757677084001 26.725000000000005 78.500000000000014 28.225000000000005 27.150000000000006 26.500000000000004 23.850000000000005 23.150000000000006 3.699999999999998 27.750000000000004 22.500000000000004 2.5999999999999992 26.500000000000004 28.850000000000005 28.500000000000004 22.500000000000004 11.500000000000002 352.50000000000006 18.950000000000003
decision_type=2 2 2 2 2 2 2 2 2 2 2 2 2 2 2 2 2 2 2 2 2 2 2 2 2 2 2 2 2 2
left_child=6 2 26 -4 -3 -6 7 13 9 10 -9 27 -13 -1 15 16 18 -18 -8 -11 24 22 -15 -23 -16 -26 -2 -10 29 -7
right_child=1 4 3 -5 5 28 14 8 11 19 -12 12 -14 21 20 -17 17 -19 -20 -21 -22 23 -24 -25 25 -27 -28 -29 -30 -31
leaf_value=-0.054297771537971155 -6.5373251057075532e-05 -0.00013965433541508079 1.4980615948439198e-05 -1.1253115992380252e-05 -0.00040191357577978458 9.7194040370591003e-05 -3.4297541071610232e-05 0.00093093917892483891 0.02060851606670866 0.037446116547214192 -0.011178128429413701 -0.0088906029454206125 9.8106493921962248e-05 0.0095002225169492638 0.00050042328836573673 -0.0019326541528685813 0.055572602515970383 0.0007240433041344294 -0.001919707457429595 6.9286680893798633e-05 -2.6390239465449995e-05 -0.0033841403098944043 -0.00010809944020553492 9.6402488322745731e-06 -0.00014754305833753617 0.00010954484150069166 1.1301372806358879e-05 9.7176092361814939e-05 -2.4339777408645916e-05 1.7329376497585149e-05
leaf_weight=236 51 53 67 1177 40 253 29983 2340 210 1589 288 1652 3313 3880 263 1166 306 3788 7549 693 530 2068 3299 63498 149 425 131 277 53 553
leaf_count=236 51 53 67 1177 40 253 29983 2340 210 1589 288 1652 3313 3880 263 1166 306 3788 7549 693 530 2068 3299 63498 149 425 131 277 53 553
internal_value=-1.53988e-05 -0.00658116 -0.0160589 -0.0196543 0.00761555 0.00953838 0.000107057 0.000561235 0.00387956 0.00825866 0.00313927 -6.41966e-05 -0.00142497 9.00919e-05 -0.00075013 -0.000994345 -0.000593379 0.00445774 -0.00114436 0.0141543 0.00689466 0.000157055 0.00288689 -0.000141842 0.0123357 0.00670732 0.00851648 0.013809 0.0111467 0.0128412
internal_weight=129880 2378 1426 1244 952 899 127502 83343 10362 4910 2628 5452 4965 72981 44159 42792 41626 4094 37532 2282 1367 72745 7179 65566 837 574 182 487 859 806
internal_count=129880 2378 1426 1244 952 899 127502 83343 10362 4910 2628 5452 4965 72981 44159 42792 41626 4094 37532 2282 1367 72745 7179 65566 837 574 182 487 859 806
is_linear=0
shrinkage=0.05


Tree=187
num_leaves=31
num_cat=0
split_feature=16 9 10 8 1 1 70 19 6 71 9 9 0 20 6 19 9 9 9 19 1 19 8 1 8 1 8 0 17 17
split_gain=62.8724 89.2886 51.21 22.4334 25.7189 43.7141 21.6014 19.9724 19.6589 37.0492 39.4453 28.8642 42.8698 28.562 27.5987 29.2277 27.3777 41.4587 41.3153 33.3653 32.3989 31.5216 25.3932 47.7484 43.8611 25.1876 22.6834 34.5 17.0398 11.4187
threshold=905.00000000000011 0.45273815774107123 -0.50557503990954278 249.50000000000003 28.225000000000005 26.350000000000005 0.52500000000000047 6.5000000000000018 685.00000000000011 0.80000000000000038 0.92922379131507438 0.99939377080793557 20.125000000000004 -0.80000000000000238 885.00000000000011 1.5999999999999963 0.55656748448714433 0.81428061195174062 0.54219432480460406 3.300000000000002 32.550000000000004 4.2999999999999963 317.50000000000006 22.050000000000008 316.50000000000006 29.450000000000003 90.500000000000014 24.225000000000005 29.500000000000004 26.500000000000004
decision_type=2 2 2 2 2 2 2 2 2 2 2 2 2 2 2 2 2 2 2 2 2 2 2 2 2 2 2 2 2 2
left_child=8 2 -2 7 5 -5 -3 -4 11 10 14 13 -13 29 28 -16 18 20 21 -19 -18 -11 24 -24 -15 -12 27 -14 -10 -1
right_child=1 6 3 4 -6 -7 -8 -9 9 16 25 12 26 22 15 -17 17 19 -20 -21 -22 -23 23 -25 -26 -27 -28 -29 -30 -31
leaf_value=-0.015647216203523853 -0.00012768123442982658 1.4231585151017237e-05 0.00010572570664959396 -6.5367691410235693e-07 -0.00045201918118471562 0.00024477862909597618 -1.0315388988698957e-05 -0.00053864863157412652 0.0048585531808617568 0.0001932970130048728 0.0023089321008524957 0.009025211391101795 -0.084750912934775283 0.00033886890540464344 -0.00041009307815700208 0.00011008150256226687 -0.0020097592249705512 -0.00061753025902655946 0.0035193823287856295 0.00017583457532047015 6.0485394797740738e-05 -1.3139241098975713e-05 -0.00016639800716256037 -0.013085134301868482 0.036269924658892137 -0.0017357047299475501 -0.034040008976122672 0.088057917442811509 -0.00027755422675213975 -0.0033145034636252514
leaf_weight=1005 285 38 260 579 88 181 921 26 818 19345 997 69 69 49790 491 4778 4880 2650 285 6018 120 24518 6799 2640 206 77 345 69 288 1245
leaf_count=1005 285 38 260 579 88 181 921 26 818 19345 997 69 69 49790 491 4778 4880 2650 285 6018 120 24518 6799 2640 206 77 345 69 288 1245
internal_value=2.30982e-06 -0.00805299 -8.80902e-05 0.00467372 0.000589623 0.00355263 -0.0198384 0.0167832 0.000152547 0.000758829 0.00407773 -0.000483233 -0.0118659 -0.000381373 0.00258431 0.00107705 0.000331223 -0.00162423 0.000936622 0.000467236 -0.00525 0.000813328 -0.000172037 -0.00255059 0.000277022 0.0129423 -0.0171325 0 0.00976492 -0.00591111
internal_weight=129880 2378 1419 1134 848 760 959 286 127502 65265 7449 62237 552 61685 6375 5269 57816 13668 44148 8668 5000 43863 59435 9439 49996 1074 483 138 1106 2250
internal_count=129880 2378 1419 1134 848 760 959 286 127502 65265 7449 62237 552 61685 6375 5269 57816 13668 44148 8668 5000 43863 59435 9439 49996 1074 483 138 1106 2250
is_linear=0
shrinkage=0.05


Tree=188
num_leaves=31
num_cat=0
split_feature=16 7 7 70 1 19 22 0 8 8 16 1 17 8 1 17 10 6 8 1 18 18 4 20 17 8 20 52 4 8
split_gain=67.3064 85.8126 48.4532 26.3071 24.2745 35.1448 34.9508 32.2878 20.5522 17.8897 17.8491 25.8989 18.6151 56.3431 49.2651 87.7298 47.0157 52.0779 45.5655 54.6181 40.166 40.0339 32.2734 24.4336 22.4409 16.6962 16.1689 11.04 11.0025 10.1225
threshold=905.00000000000011 8.5000000000000018 1.5000000000000002 0.52500000000000047 26.350000000000005 1.399999999999997 1.0000000180025095e-35 24.850000000000005 349.50000000000006 22.500000000000004 665.00000000000011 28.750000000000004 26.500000000000004 322.50000000000006 21.450000000000003 23.500000000000004 0.9980355542543059 585.00000000000011 80.500000000000014 23.625000000000004 19.500000000000004 17.500000000000004 14.500000000000002 1.1999999999999977 27.500000000000004 352.50000000000006 0.500000000000001 0.99500000000000011 9.5000000000000018 202.50000000000003
decision_type=2 2 2 2 2 2 2 2 2 2 2 2 2 2 2 2 2 2 2 2 2 2 2 2 2 2 2 2 2 2
left_child=10 2 9 -4 5 -3 -6 -8 -7 -2 12 26 14 18 15 21 17 -16 -14 -20 -17 -1 -18 24 -15 -10 27 -12 -25 -13
right_child=1 4 3 -5 6 8 7 -9 25 -11 11 29 13 23 16 20 22 -19 19 -21 -22 -23 -24 28 -26 -27 -28 -29 -30 -31
leaf_value=7.6728810792874721e-05 -6.7390873836701448e-05 0.00018958495367166623 1.3520005893466375e-05 -1.0174690743326293e-05 0.00089201023198664663 -8.1791714565069282e-06 8.009540689726264e-05 -0.00042941822212547983 2.0284081127212771e-06 5.4500188335612368e-06 0.0017036447948802005 0.00020029586814787614 -0.0050894217973475979 0.0044382083500912658 -0.014222312446293996 0.026217840781755531 0.00071723261093215918 -7.4527083831622132e-05 0.035518073610794468 2.0456495645593265e-05 0.0054263883066670848 -0.0030755881588302933 -0.0026382879855443311 0.040913721406930149 5.9534775973453526e-05 -2.3090104692508502e-05 -0.00042646643049871206 -0.0012751075646854656 -0.0092756182318380846 -0.0017364283029159154
leaf_weight=18972 51 96 67 1177 234 343 51 88 87 131 1475 264 282 476 5921 1512 138 15273 745 74306 1393 5162 377 25 252 53 417 47 104 361
leaf_count=18972 51 96 67 1177 234 343 51 88 87 131 1475 264 282 476 5921 1512 138 15273 745 74306 1393 5162 377 25 252 53 417 47 104 361
internal_value=-3.38774e-05 -0.00836838 -0.016129 -0.0196543 0.0032563 -0.00315199 0.0132038 -0.00665468 -0.00864389 0.00796703 0.000121567 0.00425117 3.68183e-05 0.000525003 -0.000726184 0.000698066 -0.00250012 -0.0021374 0.00037998 0.000455357 0.00890706 -0.000290047 -0.0174272 0.013273 0.0168269 0.0075 0.00710418 0.00949409 -0.00678295 -0.0046
internal_weight=129880 2378 1426 1244 952 579 373 139 483 182 127502 2564 124938 76190 48748 27039 21709 21194 75333 75051 2905 24134 515 857 728 140 1939 1522 129 625
internal_count=129880 2378 1426 1244 952 579 373 139 483 182 127502 2564 124938 76190 48748 27039 21709 21194 75333 75051 2905 24134 515 857 728 140 1939 1522 129 625
is_linear=0
shrinkage=0.05


Tree=189
num_leaves=31
num_cat=0
split_feature=16 9 10 8 7 1 70 19 6 19 9 0 8 1 8 8 8 17 20 6 0 1 8 0 17 19 16 15 1 0
split_gain=68.7156 83.3378 47.655 24.2783 29.4417 31.7185 21.6014 19.6395 17.3842 30.6416 26.6678 41.823 25.6628 44.8796 45.0179 43.9643 43.2342 34.3373 22.0923 48.6416 56.7129 43.1325 21.3335 34.5 19.6153 11.9076 10.5606 9.38323 9.37359 30.4885
threshold=905.00000000000011 0.45273815774107123 -0.50557503990954278 249.50000000000003 9.5000000000000018 26.350000000000005 0.52500000000000047 6.5000000000000018 685.00000000000011 1.1000000000000008 0.99939377080793557 20.125000000000004 317.50000000000006 22.350000000000005 343.50000000000006 316.50000000000006 315.50000000000006 19.500000000000004 0.89999999999999958 885.00000000000011 24.550000000000008 28.225000000000005 90.500000000000014 24.225000000000005 22.500000000000004 5.1000000000000041 975.00000000000011 12.750000000000002 24.750000000000004 23.850000000000005
decision_type=2 2 2 2 2 2 2 2 2 2 2 2 2 2 2 2 2 2 2 2 2 2 2 2 2 2 2 2 2 2
left_child=8 2 -2 7 -5 -6 -3 26 10 24 12 -12 15 17 -15 16 -1 -14 19 20 -11 -21 23 -13 -10 27 -4 -20 -8 -30
right_child=1 6 3 4 5 -7 28 -9 9 18 11 22 13 14 -16 -17 -18 -19 25 21 -22 -23 -24 -25 -26 -27 -28 -29 29 -31
leaf_value=0.00018932757865992579 -0.00012078843817116894 1.2844005598793057e-05 -4.0086740500610236e-06 -0.00033774602682528558 -2.1203449557189264e-07 0.0005477967088663348 -2.1645321249113649e-06 -0.00050834665630358506 -0.0033962496328881851 0.0034431335118372828 0.0087277302294882283 -0.080359587880095007 -0.010810344681272356 -0.015106403035646249 0.030750820002360225 0.032680524745407794 -0.034843746557102116 0.002161226868172478 0.0085883441080745714 -8.8263353419216044e-05 0.00078495690132730648 4.1575828658736716e-05 -0.032339031352098827 0.083653998745888664 0.0072337031240564953 -0.0025408756383337688 0.00010016692037543574 -0.00055551102329731152 7.0140335809176638e-05 -0.00049904922061832005
leaf_weight=51405 285 38 42 130 579 139 727 26 89 3061 69 69 2691 2102 447 207 207 4626 75 21944 5783 23777 345 69 477 2380 218 7679 44 150
leaf_count=51405 285 38 42 130 579 139 727 26 89 3061 69 69 2691 2102 447 207 207 4626 75 21944 5783 23777 345 69 477 2380 218 7679 44 150
internal_value=-3.11826e-05 -0.00845248 -0.000757576 0.00383598 -0.000412736 0.00355153 -0.0198384 0.0164336 0.00012588 0.000696009 -0.000471986 -0.011413 -0.000374078 -0.00271133 -0.00842487 7.09199e-05 -2.13129e-05 -0.000720924 0.000594677 0.000992853 0.00438716 0.000336279 -0.0166149 0 0.0122792 -0.00154924 0.0205769 -0.00059969 -0.0213626 -0.0115979
internal_weight=129880 2378 1419 1134 848 718 959 286 127502 65265 62237 552 61685 9866 2549 51819 51612 7317 64699 54565 8844 45721 483 138 566 10134 260 7754 921 194
internal_count=129880 2378 1419 1134 848 718 959 286 127502 65265 62237 552 61685 9866 2549 51819 51612 7317 64699 54565 8844 45721 483 138 566 10134 260 7754 921 194
is_linear=0
shrinkage=0.05


Tree=190
num_leaves=31
num_cat=0
split_feature=16 9 10 1 0 10 10 1 6 19 2 4 17 1 1 20 8 1 1 18 19 1 0 19 17 56 9 10 1 8
split_gain=70.4062 78.2334 43.4057 22.5358 39.2839 21.641 32.5181 27.7838 16.3657 29.6941 24.8636 50.9188 36.599 94.6438 72.9151 34.9888 24.9772 21.2162 47.0236 45.3442 34.057 77.7984 33.8773 28.7387 19.295 14.0877 12.1276 12.8841 11.2543 14.3763
threshold=905.00000000000011 0.59868201182722736 -0.50557503990954278 24.450000000000003 24.325000000000006 -0.41399101439218416 0.097680735332368748 26.350000000000005 685.00000000000011 1.1000000000000008 0.2000000000000082 7.5000000000000009 21.500000000000004 20.150000000000002 17.550000000000004 0.500000000000001 106.50000000000001 31.950000000000003 28.225000000000005 24.500000000000004 4.2999999999999963 32.350000000000001 28.325000000000006 4.1000000000000041 22.500000000000004 0.077999999999999972 0.91596454896554913 -0.94703994556331683 26.850000000000005 100.50000000000001
decision_type=2 2 2 2 2 2 2 2 2 2 2 2 2 2 2 2 2 2 2 2 2 2 2 2 2 2 2 2 2 2
left_child=8 2 -2 -3 -5 -4 -7 -8 10 24 11 12 14 -14 -1 25 28 18 19 -11 23 -22 -20 -19 -10 -13 27 -18 29 -12
right_child=1 3 5 4 -6 6 7 -9 9 17 16 15 13 -15 -16 -17 26 20 22 -21 21 -23 -24 -25 -26 -27 -28 -29 -30 -31
leaf_value=0.0007643115993576366 -7.8734506020271497e-05 -2.0563055186657967e-06 0.0043540450911068234 6.6633319018717812e-05 -0.000576983576701886 -0.00032085872548402131 4.8302731790291675e-08 0.00052040687342301832 -0.0032264371512437762 2.8688765279190956e-05 0.01299047823573265 -0.016045017853105803 0.018057407422793503 -0.00061599304394954757 -0.011864322520032833 -0.0016786742697728842 -0.0057513496081967597 0.00016299268289466929 0.00016092095185187561 -0.0017503093080708341 -0.0040239666696283904 -1.5583895259244084e-05 4.3491521078219135e-05 0.0014548179730451208 0.0068720179678536724 -0.0023752730844008962 -0.031079317735485668 0.0024753019213235917 -0.012654679391005331 0.047886577883566983
leaf_weight=4192 341 730 104 70 103 130 761 139 89 29618 2208 3817 2696 31355 3185 3839 1409 2385 8138 1838 1671 11073 9563 413 477 1186 187 7871 131 161
leaf_count=4192 341 730 104 70 103 130 761 139 89 29618 2208 3817 2696 31355 3185 3839 1409 2385 8138 1838 1671 11073 9563 413 477 1186 187 7871 131 161
internal_value=-1.23191e-05 -0.00853659 -0.00144068 -0.0201274 -0.00390173 0.00326279 0.00106796 0.00444444 0.000146664 0.000699839 -0.000433424 -0.000921026 -0.000185865 0.000505859 -0.00337874 -0.00436553 0.00161486 0.000600087 0.0011092 -5.08647e-05 -0.00101017 -0.00210687 0.00317072 0.00398499 0.0121025 -0.00712073 0.000441006 0.000695043 0.00606 0.00684888
internal_weight=129880 2378 1475 903 173 1134 1030 900 127502 65265 62237 50270 41428 34051 7377 8842 11967 64699 49157 31456 15542 12744 17701 2798 566 5003 9467 9280 2500 2369
internal_count=129880 2378 1475 903 173 1134 1030 900 127502 65265 62237 50270 41428 34051 7377 8842 11967 64699 49157 31456 15542 12744 17701 2798 566 5003 9467 9280 2500 2369
is_linear=0
shrinkage=0.05


Tree=191
num_leaves=31
num_cat=0
split_feature=16 9 0 1 19 19 21 1 19 16 1 17 8 1 17 10 6 8 1 17 4 20 20 70 17 52 4 8 71 71
split_gain=59.6353 87.3896 30.4652 25.1623 24.8689 28.6376 24.5208 23.1895 38.5519 15.4927 24.5476 16.557 63.0013 50.852 76.9432 48.0684 45.1327 44.8443 54.4777 39.898 31.4511 23.4584 15.4738 15.3043 13.5607 10.708 10.1602 10.1225 9.252 8.52669
threshold=905.00000000000011 0.59868201182722736 25.250000000000004 26.350000000000005 1.399999999999997 2.3999999999999972 1.0000000180025095e-35 24.450000000000003 3.300000000000002 665.00000000000011 28.750000000000004 26.500000000000004 322.50000000000006 21.450000000000003 25.500000000000004 0.9980355542543059 665.00000000000011 80.500000000000014 23.625000000000004 22.500000000000004 14.500000000000002 1.1999999999999977 0.500000000000001 0.90000000000000135 27.500000000000004 0.99500000000000011 9.5000000000000018 202.50000000000003 1.3000000000000005 2.1000000000000028
decision_type=2 2 2 2 2 2 2 2 2 2 2 2 2 2 2 2 2 2 2 2 2 2 2 2 2 2 2 2 2 2
left_child=9 2 3 4 -2 -6 23 -3 -9 11 22 13 17 14 19 16 -15 -13 -19 -1 -17 24 25 28 -14 -11 -23 -12 -4 -24
right_child=1 7 6 -5 5 -7 -8 8 -10 10 27 12 21 15 -16 20 -18 18 -20 -21 -22 26 29 -25 -26 -27 -28 -29 -30 -31
leaf_value=-7.3063530639364685e-05 0.00018011389257627242 -1.9534902427325069e-06 -7.4462977659589535e-06 3.5744993909602124e-05 -0.00013222178963760722 1.6675673652187257e-07 0.00062469911981320118 6.330165306778191e-05 -0.00054813439786679174 0.0015748952354015557 0.00018015623571495179 -0.004831971978073217 0.0041875885667444577 -0.012995120237980596 0.057994676554297353 0.00050777986652972751 -4.5281415177753778e-05 0.033763503203519223 1.955753378843489e-05 0.0073884733468741366 -0.0025033948568601132 0.038941120204764881 -0.0021859997557134958 -0.00015861336707020016 0.00010836598340182025 -0.0012805881493787364 -0.0083552313977321713 -0.0016597317267956501 0.00739991907102609 0.0041347856534677211
leaf_weight=21871 96 730 67 206 133 532 45 78 95 1475 264 282 476 7009 325 138 14185 745 74306 4843 377 25 291 311 252 47 104 361 85 126
leaf_count=21871 96 730 67 206 133 532 45 78 95 1475 264 282 476 7009 325 138 14185 745 74306 4843 377 25 291 311 252 47 104 361 85 126
internal_value=2.34832e-05 -0.0078217 -0.000322034 0.00488625 0.000689882 -0.00274436 -0.0102362 -0.020072 -0.00361272 0.000169801 0.00401716 9.08451e-05 0.000551253 -0.000628744 0.000818263 -0.00243102 -0.00206426 0.0003979 0.000472679 0.00052407 -0.0175243 0.0140315 0.00679474 -0.0136609 0.0175137 0.00913272 -0.00562016 -0.0046 -0.000657895 -0.00173861
internal_weight=129880 2378 1475 967 761 665 508 903 173 127502 2564 124938 76190 48748 27039 21709 21194 75333 75051 26714 515 857 1939 463 728 1522 129 625 152 417
internal_count=129880 2378 1475 967 761 665 508 903 173 127502 2564 124938 76190 48748 27039 21709 21194 75333 75051 26714 515 857 1939 463 728 1522 129 625 152 417
is_linear=0
shrinkage=0.05


Tree=192
num_leaves=31
num_cat=0
split_feature=16 9 19 70 1 0 19 9 9 17 22 16 1 10 10 19 19 0 9 9 20 52 8 71 1 16 1 16 1 16
split_gain=49.473 96.7366 24.7174 40.4768 23.8526 37.7283 18.5586 17.9994 20.3851 14.9905 14.4337 13.9668 23.4491 16.4741 44.9194 41.1241 25.0992 22.1545 58.258 39.8354 13.7216 10.3517 10.1225 8.15447 7.43443 5.9813 12.42 5.75928 4.71832 2.04428
threshold=905.00000000000011 0.59868201182722736 1.3000000000000005 1.399999999999997 24.450000000000003 24.325000000000006 2.100000000000001 0.3744682635859638 -0.65234524191686594 35.500000000000007 1.0000000180025095e-35 665.00000000000011 28.750000000000004 0.46611290379786346 0.11478523713130605 7.1500000000000012 7.2000000000000011 18.250000000000004 0.71503381463111937 -0.35846811432664222 0.500000000000001 0.99500000000000011 202.50000000000003 2.1000000000000028 30.025000000000002 305.00000000000006 34.45000000000001 975.00000000000011 28.950000000000003 995.00000000000011
decision_type=2 2 2 2 2 2 2 2 2 2 2 2 2 2 2 2 2 2 2 2 2 2 2 2 2 2 2 2 2 2
left_child=9 2 -2 6 -3 -6 29 8 -5 11 -8 13 20 14 16 -16 -1 19 -19 -15 21 -13 24 -22 -14 -11 -27 -9 -24 -4
right_child=1 4 3 7 5 -7 10 27 -10 25 -12 12 22 17 15 -17 -18 18 -20 -21 23 -23 28 -25 -26 26 -28 -29 -30 -31
leaf_value=2.8228783426245687e-06 0.0001711081979474588 -1.8558157305958819e-06 -0.00014409334346163427 2.0893207742451735e-05 6.0136570414392818e-05 -0.00052072767797345214 0.0070299231174747864 -6.3214717797603685e-06 -3.143193799251287e-06 -0.0037884814473254109 -0.00011028194370606495 0.0014961504736314781 -0.0017938034779544838 0.0051295318775792581 0.00025258339698289238 0.0003982357432411696 -0.00085412843639552725 -6.9759749997509038e-05 -0.0023239175862822814 1.74577093537312e-05 -0.0020766997679278212 -0.0012165587419097998 -0.0018816103479929675 0.0039280463707943363 0.00094318575814687886 0.00037866528433978531 -0.0046232853204022616 1.1811298481575238e-06 -0.0014551029525611096 -7.4425465830959981e-05
leaf_weight=66133 102 730 60 318 70 103 76 22 403 94 128 1475 113 1090 14673 366 308 26104 2696 13424 291 47 46 126 151 23 27 157 315 209
leaf_count=66133 102 730 60 318 70 103 76 22 403 94 128 1475 113 1090 14673 366 308 26104 2696 13424 291 47 46 126 151 23 27 157 315 209
internal_value=1.77087e-05 -0.00712784 0.000762712 -0.00100146 -0.0200166 -0.0033237 -0.0128436 0.00522222 0.00169903 0.000150978 -0.00147059 0.000169208 0.00382215 9.41552e-05 0.000513009 0.00298058 -4.55291e-05 -0.000693771 -0.00149653 0.000899132 0.00653687 0.0087385 -0.0046 -0.0014988 0.00284091 -0.0159722 -0.002 0.0194134 -0.0100416 -0.0214684
internal_weight=129880 2378 1475 1373 903 173 473 900 721 127502 204 127358 2564 124794 81480 15039 66441 43314 28800 14514 1939 1522 625 417 264 144 50 179 361 269
internal_count=129880 2378 1475 1373 903 173 473 900 721 127502 204 127358 2564 124794 81480 15039 66441 43314 28800 14514 1939 1522 625 417 264 144 50 179 361 269
is_linear=0
shrinkage=0.05


Tree=193
num_leaves=31
num_cat=0
split_feature=16 9 19 70 1 0 19 19 0 1 19 20 9 19 19 10 1 10 19 1 39 19 70 16 16 1 34 16 6 1
split_gain=54.4289 91.4454 25.9316 35.6737 23.8526 37.7283 21.9934 41.035 22.4116 26.5135 55.0119 25.3159 20.6255 21.3662 18.3485 44.3435 65.9258 35.567 29.1508 34.215 22.538 15.9154 14.4471 10.5772 5.75928 5.57875 5.20185 3.55307 1.9724 4.2376
threshold=905.00000000000011 0.59868201182722736 1.3000000000000005 1.399999999999997 24.450000000000003 24.325000000000006 6.7500000000000009 6.7000000000000011 16.225000000000005 23.850000000000005 7.8500000000000005 0.19999999999999665 0.3744682635859638 2.9250000000000047 6.2000000000000055 -0.34234976856068178 29.950000000000003 -0.75581183015052977 6.1500000000000012 35.350000000000001 2.5000000000000004 2.100000000000001 0.89999999999999958 15.000000000000002 975.00000000000011 20.050000000000004 0.048157894736842115 995.00000000000011 985.00000000000011 21.850000000000005
decision_type=2 2 2 2 2 2 2 2 2 2 2 2 2 2 2 2 2 2 2 2 2 2 2 2 2 2 2 2 2 2
left_child=6 2 -2 21 28 -6 7 14 -8 23 11 -11 13 -5 18 17 -17 -16 19 -1 -20 27 -23 -10 -14 -25 -12 -4 29 -3
right_child=1 4 3 12 5 -7 8 -9 9 10 26 -13 24 -15 15 16 -18 -19 20 -21 -22 22 -24 25 -26 -27 -28 -29 -30 -31
leaf_value=1.2735569739578262e-05 0.00016255278805008615 -8.3683514521949384e-05 -0.00013688867628855255 2.5793001159540866e-06 5.7129741893673178e-05 -0.00049469129407477951 -0.004169020610711136 -0.0044116831633458746 0.00090382828721345752 0.00015175588365272803 -0.006809556082468392 -0.0007819645374391546 -6.0053981907723515e-06 -1.0071106287479033e-06 -0.00024434885020466689 -0.00046867407604681211 -0.0030178102602986764 0.0052789084314362666 -0.0098698900732809344 -0.0060782730550451277 0.00039865219195111407 0.0020064055558401163 -0.0002708116079620779 4.3372810447799004e-05 1.1220733557496475e-06 0.0015735387273505667 0.0011178262117178626 -7.0704192539411978e-05 -1.7630249440660878e-06 -2.7604233549244369e-05
leaf_weight=121383 102 60 60 141 70 103 87 171 72 1296 174 285 22 580 450 1397 612 293 44 162 744 105 99 43 157 269 20 209 644 26
leaf_count=121383 102 60 60 141 70 103 87 171 72 1296 174 285 22 580 450 1397 612 293 44 162 744 105 99 43 157 269 20 209 644 26
internal_value=9.62427e-06 -0.00748528 0.000186441 -0.00162054 -0.0200166 -0.0033237 0.000149409 6.14741e-05 0.00505343 0.00605604 0.00347887 0.0065623 0.00422222 0.000450763 9.49354e-05 -0.00394259 -0.00780239 0.00649394 0.000185763 0.000123617 0.00977157 -0.0127378 -0.00220588 0.0179688 0.0194134 0.0219551 -0.0216495 -0.0207249 -0.0239726 -0.0168605
internal_weight=129880 2378 1475 1373 903 173 127502 125256 2246 2159 1775 1581 900 721 125085 2752 2009 743 122333 121545 788 473 204 384 179 312 194 269 730 86
internal_count=129880 2378 1475 1373 903 173 127502 125256 2246 2159 1775 1581 900 721 125085 2752 2009 743 122333 121545 788 473 204 384 179 312 194 269 730 86
is_linear=0
shrinkage=0.05


Tree=194
num_leaves=31
num_cat=0
split_feature=16 9 19 19 17 19 1 19 70 18 22 17 0 19 10 19 18 10 9 19 1 0 19 6 0 16 16 16 37 3
split_gain=57.1949 101.045 25.928 41.0176 28.8734 32.2534 26.8811 25.4997 33.0554 22.274 26.1107 21.5076 38.2905 24.2206 36.1806 31.2342 21.4849 27.8678 20.6255 21.3662 13.6117 24.5091 12.4004 11.9508 11.5613 11.4538 6.60458 5.75928 4.85066 2.74144
threshold=905.00000000000011 0.59868201182722736 6.7500000000000009 6.7000000000000011 23.500000000000004 7.7000000000000011 18.550000000000004 1.3000000000000005 1.399999999999997 25.500000000000004 1.0000000180025095e-35 1.0000000180025095e-35 30.650000000000009 6.2000000000000055 -0.44505783185115427 6.1500000000000012 27.500000000000004 -0.57782411410281842 0.3744682635859638 2.9250000000000047 24.450000000000003 23.31666666666667 6.9500000000000028 885.00000000000011 15.350000000000003 15.000000000000002 975.00000000000011 975.00000000000011 0.16672386181651799 0.79999999999999549
decision_type=2 2 2 2 2 2 2 2 2 2 2 2 2 2 2 2 2 2 2 2 2 2 2 2 2 2 2 2 2 2
left_child=2 7 3 11 6 16 -4 -2 9 -9 -11 12 29 15 -15 -13 17 -6 19 -10 -3 -22 -18 -14 -8 -26 -23 -20 -7 -1
right_child=1 20 4 -5 5 28 24 8 18 10 -12 13 23 14 -16 -17 22 -19 27 -21 21 26 -24 -25 25 -27 -28 -29 -30 -31
leaf_value=0.0097004051240233702 0.00015442514864758214 -1.6748736968627834e-06 -0.0039605695801755783 -0.0041910990051785809 -0.0032404186063177535 -0.0067373892240039151 -0.0022878259498041349 -0.00011835421723720827 2.4503351101566598e-06 0.0033550895543211601 -0.00034803172746682338 9.9133758692825095e-06 -0.016851951619075264 0.00059754485263383841 -0.0013950279936512902 0.00028250447800138998 0.00058915603501119714 7.243271555831578e-05 -5.7051282812337339e-06 -9.5675509731050804e-07 5.4273254798989525e-05 5.1545720017108078e-05 0.00043639866962494892 0.00038411251842585616 -0.00017469156437439418 0.00060572768792944987 -0.00038944689936977581 1.0659696879621651e-06 0.00035937733925376866 0.0030005149147523283
leaf_weight=240 102 730 54 171 132 122 22 274 141 116 83 121177 74 683 2013 780 241 900 22 580 42 23 175 97 69 507 108 157 24 21
leaf_count=240 102 730 54 171 132 122 22 274 141 116 83 121177 74 683 2013 780 241 900 22 580 42 23 175 97 69 507 108 157 24 21
internal_value=8.46936e-06 -0.00767452 0.000151762 5.62847e-05 0.0054764 0.00185069 0.0143405 0.000389831 -0.00140204 -0.0121036 0.000628141 8.9739e-05 0.0112269 5.1142e-05 -0.0046365 0.000154768 0.00410912 0.000242248 0.00422222 0.000450763 -0.0208472 -0.00823699 0.0137019 -0.00716374 0.0173913 0.01875 -0.0188931 0.0194134 -0.0205479 0.0232759
internal_weight=129880 2378 127502 125256 2246 1594 652 1475 1373 473 199 125085 432 124653 2696 121957 1448 1032 900 721 903 173 416 171 598 576 131 179 146 261
internal_count=129880 2378 127502 125256 2246 1594 652 1475 1373 473 199 125085 432 124653 2696 121957 1448 1032 900 721 903 173 416 171 598 576 131 179 146 261
is_linear=0
shrinkage=0.05


Tree=195
num_leaves=31
num_cat=0
split_feature=16 7 19 0 19 70 19 7 19 19 1 17 19 1 19 1 39 10 1 3 9 1 19 22 70 0 16 22 70 37
split_gain=69.855 89.2638 30.6632 30.5883 28.2316 41.0922 26.2408 34.7982 40.2864 29.1632 34.2088 25.7709 34.2714 26.8811 25.5386 24.4238 22.538 22.4401 20.5595 20.3316 20.1816 16.8201 16.1225 32.5019 12.8505 11.5613 11.4538 9.03467 5.65881 4.85066
threshold=905.00000000000011 4.5000000000000009 6.7500000000000009 9.1500000000000004 1.3000000000000005 1.399999999999997 6.2000000000000055 2.5000000000000004 6.2999999999999989 6.1500000000000012 35.350000000000001 23.500000000000004 7.7000000000000011 18.550000000000004 6.8500000000000005 34.550000000000004 2.5000000000000004 -0.8611288361322974 35.150000000000013 0.19999999999999665 -0.50556189049999822 28.225000000000005 1.9999999999999976 1.0000000180025095e-35 0.80000000000000171 15.350000000000003 15.000000000000002 1.0000000180025095e-35 0.29999999999999544 0.16672386181651799
decision_type=2 2 2 2 2 2 2 2 2 2 2 2 2 2 2 2 2 2 2 2 2 2 2 2 2 2 2 2 2 2
left_child=2 3 6 -2 -3 22 9 28 -9 10 15 13 14 -4 24 -1 -11 -10 -16 21 -18 -7 -6 -24 -13 -15 -27 -21 -8 -14
right_child=1 4 11 -5 5 19 7 8 17 16 -12 12 29 25 18 -17 20 -19 -20 27 -22 -23 23 -25 -26 26 -28 -29 -30 -31
leaf_value=9.4177070758184888e-06 9.497936273865499e-05 0.00014670389121520315 -0.0037625411011668001 -1.5911300120196443e-06 -0.00011243650637534784 2.1821894347136842e-06 -0.0040472632767313832 -0.0025589630978156406 0.00035463202457178549 -0.0093905207935169564 -0.0057748550710863353 -9.071968994196628e-05 -0.0064005197628037198 -0.0021734346523139283 0.00012336897310499668 0.00089094714431239364 -0.00062676893868902558 -0.00039214208723108439 -0.0030814781945933973 0.00046396572407719078 0.00043224356841519915 -0.00010262626963182115 0.0064103522060929841 -0.0001512239302694939 0.00048259567427788309 -0.00016595698615567425 0.00057544130353297804 -8.6356935621860462e-05 -0.004457589652087114 0.00034140847229108024
leaf_weight=120608 43 102 54 864 269 492 38 246 337 44 162 48 122 22 1066 775 164 2073 125 23 580 212 99 144 209 69 507 130 229 24
leaf_count=120608 43 102 54 864 269 492 38 246 337 44 162 48 122 22 1066 775 164 2073 125 23 580 212 99 144 209 69 507 130 229 24
internal_value=1.73237e-05 -0.00847351 0.000175684 -0.0208104 -0.000866757 -0.00275749 7.18528e-05 -0.00460999 -0.00288027 0.00018372 0.00012156 0.00596616 0.00254078 0.0143405 0.00486878 0.000152204 0.00977157 -0.000912863 0.00178421 0.00393816 0.011828 0.00752841 -0.0139648 -0.00462963 0.0191634 0.0173913 0.01875 -0.0125817 -0.0218165 -0.0205479
internal_weight=129880 2378 127502 907 1471 1369 125256 2923 2656 122333 121545 2246 1594 652 1448 121383 788 2410 1191 857 744 704 512 243 257 598 576 153 267 146
internal_count=129880 2378 127502 907 1471 1369 125256 2923 2656 122333 121545 2246 1594 652 1448 121383 788 2410 1191 857 744 704 512 243 257 598 576 153 267 146
is_linear=0
shrinkage=0.05


Tree=196
num_leaves=31
num_cat=0
split_feature=16 9 70 19 19 9 1 19 1 0 17 18 7 9 9 9 19 1 1 19 7 1 8 1 1 16 1 19 70 70
split_gain=66.0581 99.1403 27.1375 55.5486 26.6357 32.4275 41.7264 28.3604 30.6262 23.7755 21.9763 18.4719 22.2857 18.1406 20.6849 23.9356 18.1251 45.4578 41.6038 39.5786 39.5442 31.5111 33.0301 31.4438 17.8993 13.7513 12.7707 29.7014 9.68292 4.97101
threshold=905.00000000000011 0.59868201182722736 1.399999999999997 1.4000000000000015 6.7500000000000009 0.97112537654464559 30.150000000000009 6.9000000000000004 34.650000000000013 16.225000000000005 34.500000000000007 26.500000000000004 7.5000000000000009 0.3744682635859638 -0.65234524191686594 -0.99467753128998015 6.2000000000000011 35.350000000000001 35.050000000000004 6.2999999999999989 2.5000000000000004 34.550000000000004 218.50000000000003 34.250000000000007 18.450000000000003 45.000000000000007 24.750000000000004 3.300000000000002 0.61666666666667258 0.39999999999999686
decision_type=2 2 2 2 2 2 2 2 2 2 2 2 2 2 2 2 2 2 2 2 2 2 2 2 2 2 2 2 2 2
left_child=4 2 3 -2 16 7 -7 28 9 -9 -10 -5 -13 14 15 -4 17 21 19 29 -21 23 -23 -1 -16 -20 -3 -28 -6 -18
right_child=1 26 13 11 5 6 -8 8 10 -11 -12 12 -14 -15 24 -17 18 -19 25 20 -22 22 -24 -25 -26 -27 27 -29 -30 -31
leaf_value=1.4981491251811475e-05 0.00012928113173352464 -8.6379263886049928e-06 -0.00029351374117603685 -0.00011626852745582747 0.0014406248479077067 0.00013437800503692532 -0.0033409801101015879 -0.0035917717664886526 -0.0024239338876781628 0.00036681754900199162 0.00013146329760876097 -0.00053893446260155908 0.006089834595788335 9.0356173182837282e-07 2.073079962978e-06 0.00044076743787333091 -0.0012837643131429874 -0.0065176901787171553 -0.0040644751585552806 -0.0042347101694827577 -0.00024262017612897493 0.0019506025817156631 -0.004837037026463732 -0.00030592417479500118 -4.4171136777755154e-06 6.3758037647729249e-05 5.1450482587304364e-05 -0.00045040482790195072 0.00055278129573449117 -0.002413201278945871
leaf_weight=120427 117 759 40 367 89 68 195 56 221 1189 48 39 52 179 42 278 46 206 27 265 2280 610 219 740 361 160 49 95 380 276
leaf_count=120427 117 759 40 367 89 68 195 56 221 1189 48 39 52 179 42 278 46 206 27 265 2280 610 219 740 361 160 49 95 380 276
internal_value=1.46289e-05 -0.00824222 -0.000254237 -0.00873913 0.000168625 0.00556545 -0.0109316 0.0077534 0.00442536 0.00773092 -0.0108736 -0.0165939 0.00357143 0.00516667 0.00162968 0.0111635 7.18528e-05 0.000166937 -0.00373281 -0.00522323 -0.0031336 0.000206564 0.00992159 0.000140096 -0.0058933 0.0191176 -0.0212901 -0.00763889 0.0184968 -0.0217391
internal_weight=129880 2378 1475 575 127502 2246 263 1983 1514 1245 269 458 91 900 721 318 125256 122202 3054 2867 2545 121996 829 121167 403 187 903 144 469 322
internal_count=129880 2378 1475 575 127502 2246 263 1983 1514 1245 269 458 91 900 721 318 125256 122202 3054 2867 2545 121996 829 121167 403 187 903 144 469 322
is_linear=0
shrinkage=0.05


Tree=197
num_leaves=31
num_cat=0
split_feature=16 9 10 22 19 10 0 19 10 1 17 8 9 1 19 1 9 1 19 10 19 1 1 8 7 1 19 21 16 16
split_gain=77.6911 89.3714 33.5015 49.3078 56.3001 32.2452 26.9651 24.3141 21.0704 23.2228 24.8489 20.0889 19.0781 31.608 19.1073 17.9326 39.0919 25.7436 40.5704 43.9193 26.9072 24.4188 22.0774 17.2397 15.5907 12.2305 28.4501 10.0029 9.93817 7.63246
threshold=905.00000000000011 0.59868201182722736 0.76002003530985496 1.0000000180025095e-35 2.1000000000000028 0.92843842216862604 19.450000000000003 6.7500000000000009 -0.90892157495189674 34.850000000000001 34.500000000000007 349.50000000000006 0.97112537654464559 30.150000000000009 6.9000000000000004 35.350000000000001 -0.38242426011641079 34.750000000000007 5.4000000000000048 -0.98521978256641018 6.7000000000000011 34.250000000000007 34.850000000000001 352.50000000000006 10.500000000000002 24.750000000000004 3.300000000000002 3.5000000000000004 965.00000000000011 45.000000000000007
decision_type=2 2 2 2 2 2 2 2 2 2 2 2 2 2 2 2 2 2 2 2 2 2 2 2 2 2 2 2 2 2
left_child=7 2 3 4 24 28 -6 15 29 12 27 -7 14 -14 -10 17 -17 20 22 -20 21 -1 -19 -13 -2 -3 -27 -11 -4 -9
right_child=1 25 5 -5 6 11 -8 8 9 10 -12 23 13 -15 -16 16 -18 18 19 -21 -22 -23 -24 -25 -26 26 -28 -29 -30 -31
leaf_value=1.0279894549927726e-05 -0.00011464810500612914 -8.2060300691747442e-06 -1.7651034082216745e-05 -9.7274100466340776e-05 -2.776094610832711e-06 -0.00010100125468378908 0.00057526096326203716 -0.00028275008390551488 0.0014137696309269616 -0.0028062075904798189 0.0004308268257772641 1.9694259648290999e-06 0.00012765910478507864 -0.0031739311045965086 0.00010754565980947359 -0.0060536023168787038 0.0095229532304629341 0.003325082532384466 -0.0012009334905540708 0.001854872244376099 -0.0040229746610086197 -0.00024068872563951378 -0.0051657290021195641 -2.1568651518101517e-05 0.00046915565654255742 4.8877958457939148e-05 -0.00042788458650685324 0.00085281344582362802 5.3310984544400098e-05 0.00014982388262850465
leaf_weight=122798 216 759 36 354 46 104 278 22 346 182 64 87 68 195 1174 214 59 44 60 526 115 1315 125 53 57 49 95 20 244 175
leaf_count=122798 216 759 36 354 46 104 278 22 346 182 64 87 68 195 1174 214 59 44 60 526 115 1315 125 53 57 49 95 20 244 175
internal_value=-2.6948e-06 -0.00895711 -0.00137288 -0.00696635 0.00180067 0.00877863 0.0158951 0.000164311 0.00532057 0.00381894 -0.00996241 -0.0045082 0.00587493 -0.00655894 0.00802632 7.18528e-05 -0.0127289 9.98136e-05 0.00930464 0.015529 4.38709e-05 6.62703e-05 -0.0122781 0.00785714 -0.0149267 -0.0213455 -0.00798611 -0.0185644 0.0203571 0.0209391
internal_weight=129880 2378 1475 951 597 524 324 127502 2246 2049 266 244 1783 263 1520 125256 273 124983 755 586 124228 124113 169 140 273 903 144 202 280 197
internal_count=129880 2378 1475 951 597 524 324 127502 2246 2049 266 244 1783 263 1520 125256 273 124983 755 586 124228 124113 169 140 273 903 144 202 280 197
is_linear=0
shrinkage=0.05


Tree=198
num_leaves=31
num_cat=0
split_feature=16 7 8 19 19 0 19 19 18 10 10 19 1 1 10 10 17 8 1 9 1 0 70 16 16 8 0 1 19 71
split_gain=132.371 74.7599 31.438 37.6513 37.4822 27.5141 23.9821 28.3379 21.7454 21.3114 22.7919 22.5333 30.6233 21.1597 70.73 37.2606 19.1336 61.3923 41.2146 18.7822 31.608 17.3479 9.22388 8.91037 7.63246 7.48008 10.6977 6.76838 4.69032 3.11005
threshold=905.00000000000011 8.5000000000000018 249.50000000000003 1.4000000000000015 7.7000000000000011 9.1500000000000004 6.7500000000000009 6.7000000000000011 11.500000000000002 -0.90892157495189674 -0.57782411410281842 7.0000000000000018 34.650000000000013 33.95000000000001 -0.98521978256641018 -0.97507822412530132 26.500000000000004 326.50000000000006 21.450000000000003 0.97112537654464559 30.150000000000009 15.15 4.9000000000000048 985.00000000000011 45.000000000000007 22.500000000000004 11.850000000000003 21.850000000000005 3.5999999999999992 0.90000000000000402
decision_type=2 2 2 2 2 2 2 2 2 2 2 2 2 2 2 2 2 2 2 2 2 2 2 2 2 2 2 2 2 2
left_child=6 5 -3 -4 8 -2 7 13 -5 24 11 12 -11 16 -15 -16 18 -18 -1 21 -21 -12 -9 27 -8 26 -25 -7 -29 -27
right_child=1 2 3 4 -6 23 9 22 -10 10 19 -13 -14 14 15 -17 17 -19 -20 20 -22 -23 -24 25 -26 29 -28 28 -30 -31
leaf_value=9.2994418235270443e-05 8.751966728791084e-05 0.0032755726075992132 0.00012015152591962828 1.870954666587645e-06 2.0154457024045873e-05 -6.822149156291156e-05 -0.00026861257971023885 -0.0037486572087012181 -2.6107832778974695e-05 -3.0357066219036806e-05 -0.0034002027407745009 -0.0027537159520195443 0.0013430811493806124 -0.0011408868160263674 0.0031984094969785093 -7.9989839090570392e-05 3.3100114114259503e-05 0.0029244958673692607 -0.00052872527681045668 0.00012127614954582506 -0.0030152345493666827 0.00033722791702273591 4.9183311148434661e-06 -0.00047680261589280113 0.00014233268849707937 -8.1707997697782878e-06 1.385437414378199e-06 -1.9930655504627635e-06 -0.00049754604110379829 -6.6937568852967533e-07
leaf_weight=27462 43 104 107 51 87 114 22 150 603 55 39 135 80 431 200 2638 72109 576 21669 68 195 1477 21 23 175 731 20 122 24 349
leaf_count=27462 43 104 107 51 87 114 22 150 603 55 39 135 80 431 200 2638 72109 576 21669 68 195 1477 21 23 175 731 20 122 24 349
internal_value=-0.000107407 -0.0117956 -0.000945378 -0.00412736 -0.0081309 -0.0190393 0.000110587 1.87616e-05 -0.0122324 0.00523152 0.00372133 -0.00981481 0.00462963 4.65683e-05 -0.00392322 -0.00105708 0.0001531 0.000668295 -0.000609086 0.00577572 -0.00655894 0.00791557 -0.0203216 -0.0202639 0.0209391 -0.022195 -0.00174419 -0.0119231 -0.00479452 -0.0230093
internal_weight=129880 2378 952 848 741 1426 127502 125256 654 2246 2049 270 135 125085 3269 2838 121816 72685 49131 1779 263 1516 171 1383 197 1123 43 260 146 1080
internal_count=129880 2378 952 848 741 1426 127502 125256 654 2246 2049 270 135 125085 3269 2838 121816 72685 49131 1779 263 1516 171 1383 197 1123 43 260 146 1080
is_linear=0
shrinkage=0.05


Tree=199
num_leaves=31
num_cat=0
split_feature=16 7 8 19 19 0 19 18 10 10 19 1 9 1 19 19 19 1 10 1 1 39 9 0 17 16 16 8 0 1
split_gain=130.402 73.0315 31.438 37.6513 37.4822 27.221 23.0175 21.7454 21.493 22.546 22.5333 30.6233 19.1058 30.4448 18.6729 34.6641 29.355 33.2023 28.3305 60.9056 33.0038 22.538 20.1816 17.2784 17.0609 11.0246 7.63246 7.48008 10.6977 5.31529
threshold=905.00000000000011 8.5000000000000018 249.50000000000003 1.4000000000000015 7.7000000000000011 9.1500000000000004 6.7500000000000009 11.500000000000002 -0.90892157495189674 -0.57782411410281842 7.0000000000000018 34.650000000000013 0.97112537654464559 30.150000000000009 6.2000000000000055 6.2999999999999989 6.1500000000000012 35.350000000000001 -0.44505783185115427 29.950000000000003 33.550000000000004 2.5000000000000004 -0.50556189049999822 15.15 1.0000000180025095e-35 985.00000000000011 45.000000000000007 22.500000000000004 11.850000000000003 21.850000000000005
decision_type=2 2 2 2 2 2 2 2 2 2 2 2 2 2 2 2 2 2 2 2 2 2 2 2 2 2 2 2 2 2
left_child=6 5 -3 -4 7 -2 14 -5 26 10 11 -10 23 -14 16 -16 17 24 20 -20 -17 -18 -23 -11 -1 29 -8 28 -27 -7
right_child=1 2 3 4 -6 25 8 -9 9 12 -12 -13 13 -15 15 18 21 -19 19 -21 -22 22 -24 -25 -26 27 -28 -29 -30 -31
leaf_value=0.00095989579559323669 8.3143683923515152e-05 0.0031117939772192524 0.00011414394962364696 1.7774069332582626e-06 1.9146734172843582e-05 -6.4810416984765982e-05 -0.00025518195072472691 -2.4802441140025958e-05 -2.8839212908084862e-05 -0.0032301926037357764 -0.002616030154418567 0.001275927091911583 0.00011521234206853388 -0.0028644728218983478 -0.0022943209507410608 0.0046228436347412619 -0.0082884306371067869 -0.0048535482007976971 -3.5815881298043029e-06 -0.002761944737206143 -0.00025132841648992517 -0.00047693942824048947 0.00040471859979258895 0.00032036652117159935 6.0287467262283574e-06 -0.00045296248509816113 0.00013521605407222569 -7.7622597812893735e-06 1.3161655436592892e-06 -4.665698423616913e-05
leaf_weight=368 43 104 107 51 87 114 22 603 55 39 135 80 68 195 248 307 44 162 1453 494 421 164 580 1477 121015 23 175 1080 20 146
leaf_count=368 43 104 107 51 87 114 22 603 55 39 135 80 68 195 248 307 44 162 1453 494 421 164 580 1477 121015 23 175 1080 20 146
internal_value=-6.85248e-05 -0.0116695 -0.000945378 -0.00412736 -0.0081309 -0.0188289 0.000147841 -0.0122324 0.00516474 0.00364812 -0.00981481 0.00462963 0.0056914 -0.00674905 5.78815e-05 -0.00389155 0.000152248 8.98844e-05 -0.00223364 -0.00538007 0.00618132 0.00977157 0.011828 0.0078496 0.000120074 -0.020047 0.0209391 -0.022195 -0.00174419 -0.0107692
internal_weight=129880 2378 952 848 741 1426 127502 654 2246 2049 270 135 1779 263 125256 2923 122333 121545 2675 1947 728 788 744 1516 121383 1383 197 1123 43 260
internal_count=129880 2378 952 848 741 1426 127502 654 2246 2049 270 135 1779 263 125256 2923 122333 121545 2675 1947 728 788 744 1516 121383 1383 197 1123 43 260
is_linear=0
shrinkage=0.05


Tree=200
num_leaves=31
num_cat=0
split_feature=16 10 23 71 18 10 7 19 10 10 8 19 9 1 10 71 23 8 1 9 1 19 19 1 19 18 4 16 6 6
split_gain=38.3215 65.6264 36.2779 33.1311 31.4413 41.2736 25.862 22.0744 21.7974 23.0534 25.9811 23.4733 20.88 30.4448 18.6246 18.4948 18.055 18.0393 16.8678 38.3011 21.8122 32.9634 26.9143 18.2711 12.0983 22.5 9.543 7.63246 6.37567 5.6
threshold=905.00000000000011 0.097680735332368748 3.5000000000000004 0.80000000000000038 10.500000000000002 0.28313308994381592 1.5000000000000002 6.7500000000000009 -0.90892157495189674 -0.49065906150552346 218.50000000000003 6.9000000000000048 0.97112537654464559 30.150000000000009 0.16587474750015932 0.90000000000000402 1.0000000180025095e-35 352.50000000000006 35.350000000000001 -0.38242426011641079 35.050000000000004 5.5999999999999996 6.7000000000000011 33.95000000000001 3.5999999999999992 26.500000000000004 14.500000000000002 45.000000000000007 1205.0000000000002 1055.0000000000002
decision_type=2 2 2 2 2 2 2 2 2 2 2 2 2 2 2 2 2 2 2 2 2 2 2 2 2 2 2 2 2 2
left_child=7 2 15 6 29 -6 28 18 27 10 11 -10 14 -14 -11 -2 17 -8 20 -20 22 -22 23 -1 25 -17 -23 -9 -3 -5
right_child=1 3 -4 4 5 -7 16 8 9 12 -12 -13 13 -15 -16 24 -18 -19 19 -21 21 26 -24 -25 -26 -27 -28 -29 -30 -31
leaf_value=9.2153501337483013e-06 -0.00011954419501689252 -5.62916494076953e-07 0.00022712958585801234 -5.7953915273226308e-05 0.0008114778241570524 -1.1220223735751433e-05 1.2727728902370774e-07 -0.00024242285318849048 0.001212130737316003 0.00049693190225509815 -8.6540108706116911e-05 -0.0023780641517759031 0.0001094517249651067 -0.0027212491808034315 6.9288654909283737e-05 -0.00018672997751110706 -9.1776184341042444e-08 -1.7944705246246408e-05 -0.0055042452990403555 0.0090305691309046868 -0.0038024230821355242 -0.0037014190636659896 -0.0038218927651074404 -0.00012367625141472687 -0.0003031819582935377 0.0054372114885948928 0.002896230808300604 0.00012845525136861435 -1.8445575805547464e-06 7.8986499727339715e-05
leaf_weight=121816 565 48 52 20 63 381 589 22 83 258 150 173 68 195 1122 245 45 53 214 59 55 21 115 2754 106 70 222 175 71 70
leaf_count=121816 565 48 52 20 63 381 589 22 83 258 150 173 68 195 1122 245 45 53 214 59 55 21 115 2754 106 70 222 175 71 70
internal_value=2.30982e-05 -0.00626577 -0.0157033 0.00104478 -0.00861423 -0.0140766 0.00744417 0.00014039 0.00505343 0.00352611 -0.00714286 0.00253906 0.00616251 -0.00674905 0.00862319 -0.0178499 0.0111718 0.0133178 5.22929e-05 -0.0123626 7.94108e-05 0.0135906 4.71187e-05 6.94389e-05 -0.00991686 -0.005 0.0215021 0.0209391 -0.0140756 0.0183333
internal_weight=129880 2378 1038 1340 534 444 806 127502 2246 2049 406 256 1643 263 1380 986 687 642 125256 273 124983 298 124685 124570 421 315 243 197 119 90
internal_count=129880 2378 1038 1340 534 444 806 127502 2246 2049 406 256 1643 263 1380 986 687 642 125256 273 124983 298 124685 124570 421 315 243 197 119 90
is_linear=0
shrinkage=0.05


Tree=201
num_leaves=29
num_cat=0
split_feature=19 16 8 7 8 19 7 16 0 17 17 22 8 8 1 9 10 71 19 16 1 6 0 16 6 3 20 0
split_gain=27.2253 23.5326 89.2894 48.7973 35.9692 41.3182 35.1855 25.5521 16.3475 14.8872 14.5376 59.2356 37.0069 32 19.4073 57.4735 18.8742 9.48707 14.3003 5.9813 12.42 5.55971 5.34405 2.55971 0.427907 0.354255 0.188796 0.0411504
threshold=8.9500000000000028 905.00000000000011 84.500000000000014 8.5000000000000018 249.50000000000003 1.399999999999997 1.5000000000000002 975.00000000000011 9.1500000000000004 35.500000000000007 34.500000000000007 1.0000000180025095e-35 206.50000000000003 257.50000000000006 33.95000000000001 -0.15101209918632377 -0.97111920233974802 0.90000000000000402 2.9250000000000047 305.00000000000006 34.45000000000001 1205.0000000000002 19.025000000000002 985.00000000000011 1205.0000000000002 -0.39999999999999986 -0.70000000000000184 19.350000000000005
decision_type=2 2 2 2 2 2 2 2 2 2 2 2 2 2 2 2 2 2 2 2 2 2 2 2 2 2 2 2
left_child=1 9 6 17 -5 -6 8 22 24 10 14 12 -12 -13 16 -16 -1 23 -19 25 -21 -10 -8 -4 -3 -11 -9 -2
right_child=27 2 3 4 5 -7 7 26 21 19 11 13 -14 -15 15 -17 -18 18 -20 20 -22 -23 -24 -25 -26 -27 -28 -29
leaf_value=0.00023106849735887795 0.00012391597896818901 7.5037174740972417e-05 -0.00010246281260106986 0.0028145957514969676 0.00011851795319893222 -1.7117820637883516e-05 -6.1576259999978871e-05 1.2091342457252235e-07 -1.6586175978296053e-06 -0.0036280094820575082 -0.0057272235122991684 0.0043105416786385882 0.026623290697867143 -0.0042351207908780577 -3.3725606015048984e-06 -0.0014190813142063901 -2.2506002602430686e-06 -3.4325534459669441e-05 -0.0002880228603788608 0.00035444840764977672 -0.0043565118748057031 -1.7523297015270091e-06 5.8452611590307093e-05 -2.9751398915105677e-05 7.5037174740972417e-05 -0.0035534660367623743 1.2091342475015805e-07 0.00075226104571109317
leaf_weight=8112 93 20 74 104 96 697 35 20 70 20 288 1152 288 144 2488 619 114209 168 133 23 27 69 21 456 23 74 337 20
leaf_count=8112 93 20 74 104 96 697 35 20 70 20 288 1152 288 144 2488 619 114209 168 133 23 27 69 21 456 23 74 337 20
internal_value=2.5793e-05 4.43102e-06 -0.00498278 -0.010735 -0.00264771 -0.00627364 0.0117227 0.0197942 -0.00659341 9.5336e-05 0.000113511 0.00448718 -0.00885417 0.0104167 4.82348e-05 -0.0038542 0.000147358 -0.0194645 -0.0123754 -0.0159722 -0.002 -0.0149281 -0.0116071 -0.0234906 0.0203488 -0.0234043 0.0247199 0.0245575
internal_weight=129880 129767 2323 1728 897 793 595 413 182 127444 127300 1872 576 1296 125428 3107 122321 831 301 144 50 139 56 530 43 94 357 113
internal_count=129880 129767 2323 1728 897 793 595 413 182 127444 127300 1872 576 1296 125428 3107 122321 831 301 144 50 139 56 530 43 94 357 113
is_linear=0
shrinkage=0.05


Tree=202
num_leaves=27
num_cat=0
split_feature=17 17 22 19 8 1 19 4 8 1 1 19 8 1 1 19 1 19 19 7 71 16 1 20 3 0
split_gain=14.8543 18.8364 32.8547 23.5643 53.9935 29.7223 23.2063 18.6032 30.4222 17.8909 15.7516 25.6826 32.1049 28.1655 24.6502 23.8516 26.0312 25.3238 15.0952 10.7641 6.2082 5.9813 12.42 3.57907 0.354255 0.27334
threshold=35.500000000000007 34.500000000000007 1.0000000180025095e-35 5.7000000000000055 206.50000000000003 33.550000000000004 7.2500000000000027 14.500000000000002 257.50000000000006 35.650000000000013 34.850000000000001 6.0999999999999996 192.50000000000003 34.95000000000001 34.650000000000013 6.9500000000000028 20.050000000000004 6.2000000000000011 6.9000000000000004 6.5000000000000009 4.9000000000000004 305.00000000000006 34.45000000000001 1.6999999999999977 -0.39999999999999986 33.95000000000001
decision_type=2 2 2 2 2 2 2 2 2 2 2 2 2 2 2 2 2 2 2 2 2 2 2 2 2 2
left_child=1 10 3 4 5 -3 7 8 -4 -9 14 20 -13 -14 15 17 -17 -1 19 -16 25 24 -23 -6 -2 -12
right_child=21 2 6 -5 23 -7 -8 9 -10 -11 11 12 13 -15 18 16 -18 -19 -20 -21 -22 22 -24 -25 -26 -27
leaf_value=1.1486775333501445e-07 -0.0034466090079546328 -0.0073724211674322864 0.013362060760446149 -0.0038894081996743825 0.039462922766703025 0.000214370516129115 -0.00011842834503192763 0.0025358921839536449 -0.0080836270997844527 0.0082274607937441995 -0.0048973920567945564 -0.0022953713733985239 -0.0044722693475606669 7.9228965011887708e-05 -8.8659963180998117e-06 -0.0030720348762814406 0.00011772018001977955 -0.00037425736138825202 -4.7441862839490288e-05 0.0011732703402976272 0.00042541473638034872 0.00033672598726728345 -0.0041386862810654174 0.0052716195840042841 -0.0033757927349242554 -0.0089667571155465069
leaf_weight=122107 20 230 720 116 152 58 47 335 90 104 178 113 83 359 62 71 1298 3228 27 286 26 23 27 20 74 26
leaf_count=122107 20 230 720 116 152 58 47 335 90 104 178 113 83 359 62 71 1298 3228 27 286 26 23 27 20 74 26
internal_value=7.77641e-05 9.55787e-05 0.00507479 -0.00486111 0.000217391 -0.0130208 0.00949074 0.0107886 0.0062963 0.0190774 2.26803e-05 -0.00703822 -0.00121622 0.00486425 6.62973e-05 2.84127e-05 0.0065924 -4.3284e-05 0.0128667 0.0156609 -0.021087 -0.0159722 -0.002 0.0223837 -0.0234043 -0.0240196
internal_weight=129880 129736 1872 576 460 288 1296 1249 810 439 127864 785 555 442 127079 126704 1369 125335 375 348 230 144 50 172 94 204
internal_count=129880 129736 1872 576 460 288 1296 1249 810 439 127864 785 555 442 127079 126704 1369 125335 375 348 230 144 50 172 94 204
is_linear=0
shrinkage=0.05


Tree=203
num_leaves=29
num_cat=0
split_feature=17 17 22 19 19 8 1 4 8 1 19 19 51 9 10 17 19 1 1 10 35 16 1 20 20 3 5 0
split_gain=14.9243 18.3517 32.1083 23.1026 22.7656 53.9935 29.7223 18.9643 28.9335 17.8909 15.2448 19.1927 26.0796 28.5416 18.8009 19.2515 30.7056 30.1127 18.0375 38.0672 16.5663 5.9813 12.42 5.23792 3.57907 0.354255 0.0413793 0.0324561
threshold=35.500000000000007 34.500000000000007 1.0000000180025095e-35 7.2500000000000027 5.7000000000000055 206.50000000000003 33.550000000000004 14.500000000000002 257.50000000000006 35.650000000000013 6.7500000000000009 6.6000000000000041 0.095000000000000015 -0.89406062840022227 -0.90892157495189674 23.500000000000004 7.5499999999999998 18.550000000000004 33.95000000000001 -0.98521978256641018 0.044473684210526325 305.00000000000006 34.45000000000001 0.80000000000000171 1.6999999999999977 -0.39999999999999986 45.000000000000007 27.125000000000004
decision_type=2 2 2 2 2 2 2 2 2 2 2 2 2 2 2 2 2 2 2 2 2 2 2 2 2 2 2 2
left_child=1 10 4 7 5 6 -3 8 -4 -9 11 18 13 -13 23 17 -17 -16 20 -20 -1 25 -23 -12 -7 -2 -6 -14
right_child=21 2 3 -5 26 24 -8 9 -10 -11 14 12 27 -15 15 16 -18 -19 19 -21 -22 22 -24 -25 -26 -27 -28 -29
leaf_value=7.6800819051210667e-06 -0.0032742785575569015 -0.0070038001090606764 0.012693957722423833 -0.00011250692778033145 -0.0036949377896906641 0.037489776628367881 0.00020365199032265914 0.0024090975747559614 -0.007679445744795222 0.0078160877540569898 0.00040061808868504107 0.0093578188844457063 0.0039113972641931219 -0.0011736132397000526 -0.0029184331324673685 6.6664049924781984e-05 -0.0022822995182656459 0.00017988154093978999 -0.00095015504512981498 -8.422696502195098e-06 -0.00018332282625094023 0.00031988968790392925 -0.0039317519670121464 -0.00017139940414384326 0.0050080386048040777 -0.0032070030981780429 -0.00368603095770117 0.0039172687357318034
leaf_weight=102178 20 230 720 47 96 152 58 335 90 104 129 69 37 571 75 1168 216 634 431 2057 20259 23 27 20 20 74 20 20
leaf_count=102178 20 230 720 47 96 152 58 335 90 104 129 69 37 571 75 1168 216 634 431 2057 20259 23 27 20 20 74 20 20
internal_value=0.000115491 0.000133348 0.00504808 0.00941358 -0.00477431 0.000217391 -0.0130208 0.0107086 0.00617284 0.0190774 6.13934e-05 -1.15426e-05 -0.00828551 -0.0111719 0.00414808 0.00292642 -0.00050578 0.00962623 3.46208e-05 -0.00418006 0.000120266 -0.0159722 -0.002 0.0213087 0.0223837 -0.0234043 -0.024569 0.0241228
internal_weight=129880 129736 1872 1296 576 460 288 1249 810 439 127864 125622 697 640 2242 2093 1384 709 124925 2488 122437 144 50 149 172 94 116 57
internal_count=129880 129736 1872 1296 576 460 288 1249 810 439 127864 125622 697 640 2242 2093 1384 709 124925 2488 122437 144 50 149 172 94 116 57
is_linear=0
shrinkage=0.05


Tree=204
num_leaves=31
num_cat=0
split_feature=16 7 19 19 1 10 1 35 1 8 1 8 19 19 19 17 18 18 17 8 8 8 17 1 16 9 1 6 8 19
split_gain=60.2379 68.3815 34.003 31.8081 46.184 26.509 21.9832 18.3724 17.3501 34.0214 48.7743 40.8077 31.9735 40.7849 34.1995 31.5042 29.092 66.052 66.3937 49.1938 52.6253 35.8642 23.4764 22.1333 21.8111 16.9035 16.5748 15.1235 14.1659 14.0321
threshold=905.00000000000011 9.5000000000000018 4.1999999999999975 1.399999999999997 26.350000000000005 0.92191100909954782 30.650000000000006 14.839736842105264 32.050000000000004 239.50000000000003 32.150000000000013 236.50000000000003 4.2999999999999963 4.7000000000000011 5.7000000000000055 1.0000000180025095e-35 26.500000000000004 25.500000000000004 28.500000000000004 280.50000000000006 277.50000000000006 289.50000000000006 32.500000000000007 33.250000000000007 65.000000000000014 0.99966190462023474 33.750000000000007 875.00000000000011 257.50000000000006 2.3999999999999972
decision_type=2 2 2 2 2 2 2 2 2 2 2 2 2 2 2 2 2 2 2 2 2 2 2 2 2 2 2 2 2 2
left_child=8 5 3 -3 -5 6 7 25 15 10 24 23 22 -14 -15 29 17 18 -17 20 -18 -19 27 -12 -10 -2 -13 -11 -24 -1
right_child=1 2 -4 4 -6 -7 -8 -9 9 12 11 26 13 14 -16 16 19 21 -20 -21 -22 -23 28 -25 -26 -27 -28 -29 -30 -31
leaf_value=0.031415894218002019 -1.3211375451742392e-05 0.00011220230805606275 1.8075687864889928e-05 -1.6581326434962712e-05 0.00077137007649817147 7.0895568521001101e-05 0.0050242313791073762 8.4553391962752947e-05 -0.0015179636134599337 -0.00088854778408444803 -2.3481620539481109e-05 0.0074037209511809325 -0.0042304064404597918 -2.7885411339863276e-06 -0.00021818840270106598 -4.9354779111849406e-05 0.00026176476757146727 -0.0028730162049884372 0.00031091242849987311 0.019588856420749281 -0.02370919469174624 0.0010573586182133228 0.013207778090326073 7.7364470235953556e-05 -0.0041426754695625401 7.5956625514483378e-08 0.00034182886199178933 0.004446840478711812 -0.0043327482208862502 -0.0082624470592959527
leaf_weight=186 1384 96 189 345 88 96 102 26 169 71 4601 280 629 2203 1657 62743 26587 9230 12375 296 212 805 60 4642 285 52 106 195 141 29
leaf_count=186 1384 96 189 345 88 96 102 26 169 71 4601 280 629 2203 1657 62743 26587 9230 12375 296 212 805 60 4642 285 52 106 195 141 29
internal_value=-6.31352e-05 -0.00794786 0.00494429 -0.00155955 -0.00733256 -0.0135241 -0.0150895 -0.0166553 8.39203e-05 -0.00151107 0.000156204 0.00091131 -0.00490315 -0.00619849 -0.00427461 0.000297209 0.000260584 -0.000193475 0.000315504 0.00168758 0.00146367 -0.00400349 0.00754818 0.000246132 -0.015859 -0.0174095 0.0168394 0.0172932 -0.00534826 0.0194186
internal_weight=129880 2378 718 529 433 1660 1564 1462 127502 15039 10083 9629 4956 4489 3860 112463 112248 85153 75118 27095 26799 10035 467 9243 454 1436 386 266 201 215
internal_count=129880 2378 718 529 433 1660 1564 1462 127502 15039 10083 9629 4956 4489 3860 112463 112248 85153 75118 27095 26799 10035 467 9243 454 1436 386 266 201 215
is_linear=0
shrinkage=0.05


Tree=205
num_leaves=31
num_cat=0
split_feature=19 8 9 6 16 17 1 19 9 18 9 63 8 1 17 9 16 10 7 19 0 19 1 0 20 0 35 4 19 11
split_gain=28.7475 15.4243 71.5107 60.7826 52.1255 56.1757 73.1469 91.3791 49.5387 49.1058 40.3966 37.9352 35.4627 34.7467 47.4899 34.0237 33.4938 49.2705 29.2351 27.6263 23.6111 22.6363 17.4052 12.5748 8.75838 7.06103 4.38105 3.39968 3.24575 2.69826
threshold=8.5500000000000025 108.50000000000001 0.91596454896554913 745.00000000000011 975.00000000000011 23.500000000000004 25.850000000000005 6.2000000000000011 0.90162119223771331 17.500000000000004 0.94138322595482449 0.65789473684210542 116.50000000000001 27.250000000000004 31.500000000000004 0.65233619298682533 975.00000000000011 -0.59177783207548873 1.5000000000000002 1.4000000000000015 10.65 5.7999999999999989 23.850000000000005 26.725000000000005 0.4000000000000013 24.050000000000008 0.00078947368421052641 15.500000000000002 1.6000000000000008 1.0000000180025095e-35
decision_type=2 2 2 2 2 2 2 2 2 2 2 2 2 2 2 2 2 2 2 2 2 2 2 2 2 2 2 2 2 2
left_child=1 4 12 11 5 9 7 -7 -8 10 -1 26 24 22 -15 -11 21 -18 20 -20 -6 -14 -5 -13 29 -26 -4 -2 -21 -3
right_child=27 2 3 13 18 6 8 -9 -10 15 -12 23 16 14 -16 -17 17 -19 19 28 -22 -23 -24 -25 25 -27 -28 -29 -30 -31
leaf_value=6.2066873007277092e-06 0.00026131690517010894 0.0052038580803318371 -0.050940312842274765 0.0013394267348545955 6.7350790094951321e-05 0.0065302849862219686 -0.0018701885146511035 -0.0055119875112402145 -3.0648335709125567e-05 -0.00023177692906219379 0.0039886658536681082 0.012856349928526781 1.271840288814369e-05 0.0010930300683578281 -0.0021973892496542145 -0.0038145711777831529 -0.00016906915991297738 -9.655785290521288e-07 -0.0010926589030120571 7.215879423875921e-08 -1.3938919267863431e-06 -0.00010030798426642895 -0.00052396586018821649 -0.030088256730811658 0.037202648225535498 -0.005275963721391665 -0.028412710543202137 0.00010898799955886022 3.856890430082118e-07 0.062195255479036177
leaf_weight=12125 20 190 756 138 51 6982 325 248 4040 3122 576 108 88651 276 69 2925 359 832 32 79 102 6551 483 25 29 44 161 132 424 25
leaf_count=12125 20 190 756 138 51 6982 325 248 4040 3122 576 108 88651 276 69 2925 359 832 32 79 102 6551 483 25 29 44 161 132 424 25
internal_value=-2.11734e-05 -4.6636e-05 -0.000352341 -0.00967262 0.000925687 0.000617111 0.00335274 0.00643845 -0.0017583 -0.00107478 0.00069089 -0.018 -0.000157994 -0.000621118 0.0121014 -0.00478336 -0.000210337 -0.00854324 0.0145349 0.0200467 -0.00473856 -0.00010609 -0.00768921 0.00695489 0.0173611 0.00239726 -0.0216194 0.0217105 0.0229125 0.0224419
internal_weight=129880 129728 98697 2016 31031 30343 11595 7230 4365 18748 12701 1050 96681 966 345 6047 96393 1191 688 535 153 95202 621 133 288 73 917 152 503 215
internal_count=129880 129728 98697 2016 31031 30343 11595 7230 4365 18748 12701 1050 96681 966 345 6047 96393 1191 688 535 153 95202 621 133 288 73 917 152 503 215
is_linear=0
shrinkage=0.05


Tree=206
num_leaves=21
num_cat=0
split_feature=19 19 0 17 9 1 19 8 19 1 19 9 16 1 4 71 70 3 2 16
split_gain=28.8382 21.999 20.6581 14.617 13.5573 57.1036 49.8218 44.7735 23.2971 39.4849 28.3884 6.10615 5.9813 12.42 3.39968 1.83186 1.60952 0.354255 0.1 0.0424242
threshold=8.5500000000000025 7.8500000000000005 18.950000000000003 35.500000000000007 0.96234642434711437 30.025000000000002 5.4999999999999982 106.50000000000001 6.8000000000000034 35.150000000000013 5.7000000000000055 0.35846314187849709 305.00000000000006 34.45000000000001 15.500000000000002 7.450000000000002 5.7500000000000009 -0.39999999999999986 -1.0000000180025095e-35 1245.0000000000002
decision_type=2 2 2 2 2 2 2 2 2 2 2 2 2 2 2 2 2 2 2 2
left_child=1 3 11 4 8 6 -6 -7 10 -10 -1 -3 17 -14 -2 16 -4 -5 -13 -16
right_child=14 2 15 12 5 7 -8 -9 9 -11 -12 18 13 -15 19 -17 -18 -19 -20 -21
leaf_value=-1.0094342129320088e-06 0.00024825105991160352 -0.0010362982604086232 -0.0046821665474162813 -0.0031150687733352612 0.00010342299598136555 -0.002923497137259686 0.0016609799447125304 0.0035098083559118019 0.00050350232207690352 -0.0021610365603689 -0.00015196973706437073 5.3214070719409538e-05 0.00029017104498574309 -0.003739668512317744 0.00012043602804623246 -0.0012775581617914943 -0.0016590483079782369 -0.0030511570869253455 5.3214070719409538e-05 9.637152446794759e-05
leaf_weight=110857 20 25 169 20 7820 477 853 65 1281 125 7832 20 23 27 112 20 20 74 20 20
leaf_count=110857 20 25 169 20 7820 477 853 65 1281 125 7832 20 23 27 112 20 20 74 20 20
internal_value=-5.54358e-05 -8.09386e-05 -0.0142336 -5.09834e-05 -3.32534e-05 0.00181498 0.00279892 -0.0139299 -0.00017507 0.00622333 -0.000250866 0.0103846 -0.0159722 -0.002 0.0217105 -0.02189 -0.0234127 -0.0234043 0.0225 0.0246212
internal_weight=129880 129728 274 129454 129310 9215 8673 542 120095 1406 118689 65 144 50 152 209 189 94 40 132
internal_count=129880 129728 274 129454 129310 9215 8673 542 120095 1406 118689 65 144 50 152 209 189 94 40 132
is_linear=0
shrinkage=0.05


Tree=207
num_leaves=31
num_cat=0
split_feature=19 16 10 10 0 9 70 19 10 70 16 1 10 1 10 8 1 1 9 16 16 20 0 8 52 19 18 1 1 4
split_gain=28.8555 17.4441 97.5748 58.9513 19.3339 16.5638 19.603 16.3807 46.6436 48.5867 15.0563 23.2324 16.1102 39.6912 40.2217 39.1378 71.1996 30.0214 22.8138 14.4727 14.343 12.6827 12.6305 10.1225 10.0291 7.99371 7.88374 7.43443 4.71832 3.39968
threshold=8.5500000000000025 905.00000000000011 0.37247810748448967 0.89309379682046119 10.65 -0.63921128368950708 1.2999999999999956 2.9000000000000044 -0.59177783207548873 2.5999999999999992 665.00000000000011 28.750000000000004 -0.80417042486635371 33.850000000000001 -0.75581183015052977 150.50000000000003 32.250000000000007 24.350000000000005 -0.99763297024448894 975.00000000000011 985.00000000000011 0.1000000000000001 16.550000000000004 202.50000000000003 1.135 2.9250000000000047 19.500000000000004 30.025000000000002 28.950000000000003 15.500000000000002
decision_type=2 2 2 2 2 2 2 2 2 2 2 2 2 2 2 2 2 2 2 2 2 2 2 2 2 2 2 2 2 2
left_child=1 10 7 5 -5 6 -4 20 -9 -10 12 21 15 14 -14 16 -1 -17 -15 -7 26 24 -6 27 -12 -23 -3 -13 -25 -2
right_child=29 2 3 4 22 19 -8 8 9 -11 11 23 13 18 -16 17 -18 -19 -20 -21 -22 25 -24 28 -26 -27 -28 -29 -30 -31
leaf_value=0.011756612496495089 0.00023583850691602333 0.0001029019983799973 -9.723099655302626e-05 6.403372230084983e-05 -1.2737256198004254e-06 -7.0829280594830508e-06 1.311730101915545e-05 -0.00026983437696459891 0.00073290032331036143 -0.00026422616268846567 0.0015844245486593474 -0.0016198452325003753 -0.0032178237547928535 -0.0039855672716383357 -4.2444104881092515e-06 -0.02844276409085339 -0.004482617228259397 3.2548786453668459e-05 -6.9880434220900842e-05 6.0918014867184622e-07 -1.9489077973390615e-05 -0.00011459061981896669 1.4224745563072271e-06 -0.0016500252987206013 -0.001336762571714899 0.0029694288021865217 -9.765429911511264e-05 0.00093875413451349277 -0.0012687788238048305 9.7516798178605587e-05
leaf_weight=1242 20 24 53 58 298 63 161 270 160 127 942 113 3100 194 95183 122 192 23547 1285 394 527 687 43 46 34 276 121 151 315 132
leaf_count=1242 20 24 53 58 298 63 161 270 160 127 942 113 3100 194 95183 122 192 23547 1285 394 527 687 43 46 34 276 121 151 315 132
internal_value=-6.19803e-05 -8.74907e-05 -0.00440409 0.00663551 -0.00858396 0.0156855 0.00420561 -0.0140155 -0.00767504 0.00635889 -9.6132e-06 0.00378315 -8.74945e-05 -0.000372386 -0.000250043 0.0010447 0.00906555 0.000558748 -0.00850237 0.0210613 -0.0192708 0.0064853 -0.0131232 -0.0046 0.010502 0.00241433 -0.00534483 0.00284091 -0.0100416 0.0217105
internal_weight=129880 129728 2299 1070 399 671 214 1229 557 287 127429 2564 124865 99762 98283 25103 1434 23669 1479 457 672 1939 341 625 976 963 145 264 361 152
internal_count=129880 129728 2299 1070 399 671 214 1229 557 287 127429 2564 124865 99762 98283 25103 1434 23669 1479 457 672 1939 341 625 976 963 145 264 361 152
is_linear=0
shrinkage=0.05


Tree=208
num_leaves=22
num_cat=0
split_feature=19 17 10 8 1 18 10 17 1 54 1 9 1 1 1 16 1 4 56 3 16
split_gain=28.8861 14.5289 15.1306 48.2181 33.795 28.1266 27.6619 42.364 39.8363 29.319 24.4156 20.694 13.7258 53.433 42.3003 5.9813 12.42 3.39968 2.87698 0.354255 0.0424242
threshold=8.5500000000000025 35.500000000000007 -0.97111920233974802 190.50000000000003 29.550000000000008 26.500000000000004 -0.96234030595689413 31.500000000000004 29.250000000000004 0.095000000000000015 33.95000000000001 -0.21861968191509915 31.850000000000005 32.350000000000001 31.550000000000008 305.00000000000006 34.45000000000001 15.500000000000002 0.18299999999999997 -0.39999999999999986 1245.0000000000002
decision_type=2 2 2 2 2 2 2 2 2 2 2 2 2 2 2 2 2 2 2 2 2
left_child=1 2 3 5 -5 18 7 9 -9 -4 -7 -6 14 -14 -8 19 -17 -2 -1 -3 -19
right_child=17 15 6 4 11 10 12 8 -10 -11 -12 -13 13 -15 -16 16 -18 20 -20 -21 -22
leaf_value=0.044271099615076803 0.00022404658157022217 -0.0029609427739911813 -0.016280142278872277 0.032875780146770686 0.013660257154707981 -5.6332898066169259e-06 -1.2788069983191643e-06 0.020834408248174265 -0.00022542430180892486 0.0025750466108260947 -0.00077584949367163212 0.001441223816718007 -0.0029941399488503948 -8.8333844502699885e-07 0.00087886442155174363 0.00027403505341376809 -0.0035543125260245403 0.00010953838673499058 0.00022155763485228188 -0.0029002266719017613 8.6677108335619932e-05
leaf_weight=116 20 20 470 258 231 6172 105520 156 708 106 307 1959 2571 9665 1317 23 27 112 28 74 20
leaf_count=116 20 20 470 258 231 6172 105520 156 708 106 307 1959 2571 9665 1317 23 27 112 28 74 20
internal_value=-7.35294e-05 -9.90534e-05 -8.14144e-05 0.00188788 0.00788399 -0.000328401 -0.000229643 -0.00711806 -0.000115741 -0.0176215 -0.000814169 0.00586758 -0.000146339 -0.00173259 3.53342e-05 -0.0159722 -0.002 0.0217105 0.0215278 -0.0234043 0.0246212
internal_weight=129880 129728 129584 9071 2448 6623 120513 1440 864 576 6479 2190 119073 12236 106837 144 50 152 144 94 132
internal_count=129880 129728 129584 9071 2448 6623 120513 1440 864 576 6479 2190 119073 12236 106837 144 50 152 144 94 132
is_linear=0
shrinkage=0.05


Tree=209
num_leaves=31
num_cat=0
split_feature=19 19 12 17 10 10 8 10 9 6 20 10 9 1 3 9 71 19 18 10 8 8 1 6 1 8 4 4 8 0
split_gain=28.9127 14.0843 26.9559 30.2952 61.4073 114.29 60.4094 56.119 29.0272 22.89 38.5941 21.364 18.9754 20.6913 17.797 20.1646 23.3216 18.8807 19.0342 16.6095 10.7068 12.5117 9.76908 7.62305 6.789 5.95471 3.39968 2.44264 1.66128 1.06248
threshold=8.5500000000000025 4.2999999999999963 1.0000000180025095e-35 30.500000000000004 -0.28519997588938989 -0.15101602693478741 292.50000000000006 -0.38243420677835349 0.99761913169647187 915.00000000000011 0.5999999999999962 0.89691351184655443 -0.99866806308218525 24.650000000000006 0.60000000000000242 -0.99985146406598202 3.2999999999999985 6.7500000000000009 28.500000000000004 -0.99983123799342477 30.500000000000004 50.500000000000007 34.250000000000007 1095.0000000000002 23.625000000000004 335.50000000000006 15.500000000000002 13.500000000000002 8.5000000000000018 30.650000000000009
decision_type=2 2 2 2 2 2 2 2 2 2 2 2 2 2 2 2 2 2 2 2 2 2 2 2 2 2 2 2 2 2
left_child=1 2 3 4 7 -6 8 -1 -5 10 11 -4 -11 -14 15 16 29 19 -19 -17 27 24 -23 -18 -22 -12 -2 28 -16 -3
right_child=26 14 9 6 5 -7 -8 -9 -10 12 25 -13 13 -15 20 17 23 18 -20 -21 21 22 -24 -25 -26 -27 -28 -29 -30 -31
leaf_value=-0.001205275942264673 0.00021284425249171106 0.00017162062613918923 0.0019253130814436985 0.00037723704075444609 0.038914213549939139 -1.5525882845209391e-05 0.03265248740861515 -0.0086258270996885985 -0.004167770754968359 -0.0015607819890979125 -0.00020777223945244729 0.0036972834428772232 -6.6137908259779405e-05 8.885781625203594e-05 -0.0048556363552376917 -0.0025801567827123985 0.00016070825431501319 1.6099776612378548e-05 5.4559149424468489e-05 -2.4238762778619474e-05 0.01655573059831451 -0.0022610845656615319 -0.0030560873619896291 -0.00018987318815283789 -0.0030179015463669837 0.0024594229054816508 8.7164038932925779e-05 -0.00016885742373236849 -0.013647718149443044 0.0001291658546744276
leaf_weight=10446 20 166 4803 24592 1077 39880 277 1768 324 81 4537 732 2610 3848 29 110 110 1903 158 28150 131 2962 205 32 53 575 132 23 126 20
leaf_count=10446 20 166 4803 24592 1077 39880 277 1768 324 81 4537 732 2610 3848 29 110 110 1903 158 28150 131 2962 205 32 53 575 132 23 126 20
internal_value=-8.35387e-05 -0.000109074 0.000202512 -0.000190776 -0.000867484 6.04292e-05 0.00123745 -0.00397904 0.00097929 0.00199581 0.00342585 0.00631888 -0.00033262 -3.09693e-05 -0.000980163 -0.000593005 0.0117378 -0.000726394 0.00389374 -0.00106334 -0.00434259 -0.00370785 -0.00444427 -0.00352113 0.00896739 0.000293427 0.0217105 -0.0162921 -0.0185484 0.0233871
internal_weight=129880 129728 95550 78364 53171 40957 25193 12214 24916 17186 10647 5535 6539 6458 34178 30649 328 30321 2061 28260 3529 3351 3167 142 184 5112 152 178 155 186
internal_count=129880 129728 95550 78364 53171 40957 25193 12214 24916 17186 10647 5535 6539 6458 34178 30649 328 30321 2061 28260 3529 3351 3167 142 184 5112 152 178 155 186
is_linear=0
shrinkage=0.05


Tree=210
num_leaves=31
num_cat=0
split_feature=19 1 17 10 8 8 18 19 1 17 9 16 8 17 4 10 1 17 1 8 70 8 9 19 0 1 4 0 2 27
split_gain=28.6915 14.8368 74.4781 61.3823 52.4772 56.4001 49.0759 45.8254 64.01 57.4585 50.0318 48.2658 41.4495 39.9007 31.55 29.8774 30.7956 30.0686 29.673 28.0601 24.2952 24.0798 19.7321 17.2914 10.8332 5.43544 3.39968 1.21061 0.898943 0.457687
threshold=8.5500000000000025 21.037500000000005 22.500000000000004 0.9980355542543059 340.50000000000006 332.50000000000006 16.500000000000004 2.5000000000000009 19.350000000000005 19.500000000000004 0.99700008544936913 975.00000000000011 16.500000000000004 22.500000000000004 14.500000000000002 0.94066717844141279 18.950000000000003 25.500000000000004 21.212500000000002 12.500000000000002 1.4000000000000015 352.50000000000006 -0.67803021058859214 5.9500000000000002 18.625000000000004 21.850000000000005 15.500000000000002 22.550000000000008 0.30000000000000032 7.5000000000000009
decision_type=2 2 2 2 2 2 2 2 2 2 2 2 2 2 2 2 2 2 2 2 2 2 2 2 2 2 2 2 2 2
left_child=1 2 7 4 5 18 23 8 9 -1 -10 12 -9 -7 25 16 22 -18 -3 24 -8 -13 -4 -6 -17 29 -2 -27 -21 -5
right_child=26 3 15 14 6 13 20 11 10 -11 -12 21 -14 -15 -16 19 17 -19 -20 28 -22 -23 -24 -25 -26 27 -28 -29 -30 -31
leaf_value=-0.0019403028263439823 0.00020220203986712551 -0.0031126456346577389 -0.009487084147695413 -0.011233397189405712 -0.00028322714144296063 0.00058174200510324248 0.0025329449202417297 0.00035612204690776348 -0.011319783532562955 0.0033199202661520879 0.013582641733537994 1.4189556334146817e-06 6.6710446973714676e-05 -0.0025182636871426654 -0.0023392861519710524 0.024572569190143192 0.0025656403773852811 0.061400385523718626 -2.9900568171957645e-06 0.036849578271906359 0.00089819085460083464 -1.4749588702948922e-05 0.020348669171850631 0.00060932931582100458 -0.016025980280850938 0.0041168013642900042 8.2805836986279497e-05 0.00040396383012395939 0.033540970541478157 -0.0059449365063098105
leaf_weight=5698 20 1119 64 24 190 407 1229 581 2210 5247 106 460 7383 1838 378 20 2886 158 97862 354 712 41 478 60 47 62 132 41 48 25
leaf_count=5698 20 1119 64 24 190 407 1229 581 2210 5247 106 460 7383 1838 378 20 2886 158 97862 354 712 41 478 60 47 62 132 41 48 25
internal_value=0 -2.54378e-05 0.00104825 -0.000291735 -0.000204754 -0.000370458 0.00745094 -0.000112768 -0.00194744 -0.000349475 -0.00949914 0.00276137 0.00181441 -0.00820713 -0.0172642 0.0072688 0.00571668 0.0037615 -0.000192714 0.0191365 0.0101365 0.0178144 0.0166974 -0.0134 -0.0108209 0.00197368 0.0217105 0.00849515 0.0241294 -0.0117347
internal_weight=129880 129728 25781 103947 103417 101226 2191 21726 13261 10945 2316 8465 7964 2245 530 4055 3586 3044 98981 469 1941 501 542 250 67 152 152 103 402 49
internal_count=129880 129728 25781 103947 103417 101226 2191 21726 13261 10945 2316 8465 7964 2245 530 4055 3586 3044 98981 469 1941 501 542 250 67 152 152 103 402 49
is_linear=0
shrinkage=0.05


Tree=211
num_leaves=30
num_cat=0
split_feature=19 1 1 70 9 17 71 0 0 10 1 18 8 6 17 17 17 9 18 17 9 34 1 8 4 3 0 16 16
split_gain=28.7373 15.7717 38.8824 25.9313 21.459 36.385 20.3528 16.8675 23.4385 26.3239 26.674 23.3346 15.2134 15.1859 13.9174 12.5375 10.0368 9.47706 9.31435 6.06365 5.96871 6.4319 5.70417 3.82675 3.39968 1.31618 1.80534 0.101981 0.0424242
threshold=8.5500000000000025 14.65 13.550000000000002 0.2999999999999981 -0.12546116083924153 15.500000000000002 0.19999999999999665 12.450000000000001 14.350000000000003 0.8852232634113919 14.850000000000003 9.5000000000000018 40.500000000000007 1115.0000000000002 35.500000000000007 26.500000000000004 14.500000000000002 0.8697513045430848 10.500000000000002 18.500000000000004 -0.24372957273992746 0.0028947368421052637 30.750000000000004 28.500000000000004 15.500000000000002 -0.39999999999999986 11.850000000000003 15.000000000000002 1245.0000000000002
decision_type=2 2 2 2 2 2 2 2 2 2 2 2 2 2 2 2 2 2 2 2 2 2 2 2 2 2 2 2 2
left_child=1 2 4 16 5 6 -1 18 9 10 -9 -11 13 -6 15 -10 -4 -14 -3 -18 21 -5 -16 -22 -2 26 -20 -7 -26
right_child=24 7 3 20 12 27 -8 8 14 11 -12 -13 17 -15 22 -17 19 -19 25 -21 23 -23 -24 -25 28 -27 -28 -29 -30
leaf_value=-0.033916682066268022 0.00019209193787376923 -0.00020035959466497717 -0.0027435954144954238 -0.017977840811129586 -0.00013518993769313166 -0.019358794956050307 0.003343446348805209 -0.029357433159617832 -6.9342740855538742e-05 0.0036636948652118608 0.0092851223348309198 -0.0011259056072799474 0.098813948045913036 6.1601322896313876e-05 -0.00036542901400036246 1.6885314537828585e-05 0.00097766006455646259 0.0057984494806774039 1.1141493409041191e-05 0.1058153462685735 0.01621487263645487 0.0031063903552086217 -0.0033812324792285861 0.025914865860239663 9.5562973602280791e-05 1.5913480012381252e-06 6.8645427576867878e-05 -0.030966606170004796 7.3844759122878673e-05
leaf_weight=230 20 38 34 22 892 33 414 88 47451 46 140 670 125 96 54 78040 259 89 23 30 176 38 90 360 112 89 26 175 20
leaf_count=230 20 38 34 22 892 33 414 88 47451 46 140 670 125 96 54 78040 259 89 23 30 176 38 90 360 112 89 26 175 20
internal_value=-1.73237e-05 -4.27818e-05 0.00355701 0.0121055 -0.00026777 -0.00633803 -0.000465839 -0.000127214 -0.000148721 -0.00799788 0.00679825 -0.0127095 0.00403494 0.001417 -8.97441e-05 -7.19175e-05 0.000696594 0.0161215 0.0153409 0.00371972 0.0182886 0.00333333 -0.015625 0.0199627 0.0217105 0.0213768 0.0147959 -0.0245192 0.0246212
internal_weight=129880 129728 2973 919 2054 852 644 126755 126579 944 228 716 1202 988 125635 125491 323 214 176 289 596 60 144 536 152 138 49 208 132
internal_count=129880 129728 2973 919 2054 852 644 126755 126579 944 228 716 1202 988 125635 125491 323 214 176 289 596 60 144 536 152 138 49 208 132
is_linear=0
shrinkage=0.05


Tree=212
num_leaves=31
num_cat=0
split_feature=19 16 10 70 18 23 8 22 19 18 16 8 10 70 53 35 9 19 10 10 10 1 30 10 8 8 16 3 6 4
split_gain=28.6294 22.9018 51.4679 62.9875 32.1659 32.8152 25.2818 24.449 31.8329 19.4746 21.8439 18.0474 21.9488 16.0109 21.2859 15.1266 23.7194 36.4774 22.1025 18.3708 45.6001 36.8848 11.0651 10.3976 7.01978 5.34244 5.21462 4.06957 3.92436 3.39968
threshold=8.5500000000000025 655.00000000000011 -0.59177783207548873 1.399999999999997 25.500000000000004 1.5000000000000002 352.50000000000006 1.0000000180025095e-35 2.4999999999999996 26.500000000000004 895.00000000000011 158.50000000000003 -0.92272482904738262 5.5999999999999996 1.0000000180025095e-35 0.03447368421052633 0.29342972903661901 1.4000000000000041 0.99530134160901229 0.99855310097228334 0.99611390731392835 21.037500000000005 1.4999999999999984 -0.49065906150552346 148.50000000000003 281.50000000000006 455.00000000000006 -0.70000000000000451 975.00000000000011 15.500000000000002
decision_type=2 2 2 2 2 2 2 2 2 2 2 2 2 2 2 2 2 2 2 2 2 2 2 2 2 2 2 2 2 2
left_child=1 13 7 9 6 -6 -5 11 -9 10 -4 24 -13 15 22 19 18 -18 -17 20 -1 -21 25 27 -3 -15 -25 -16 -10 -2
right_child=29 2 3 4 5 -7 -8 8 28 -11 -12 12 -14 14 23 16 17 -19 -20 21 -22 -23 -24 26 -26 -27 -28 -29 -30 -31
leaf_value=4.969571417789282e-06 0.00018248734098008079 -0.00050236099852314371 0.00060615525256650725 5.6290171732363171e-05 -0.00028183670880913291 0.00017192853879462386 -1.054497222502454e-05 0.0037654444109796342 -0.0038766225234476239 0.0052087683501446744 -5.5565577002841124e-05 0.0016241813458401117 -0.00020594081435796675 -0.0017326972310763825 0.0011455097375057447 -0.0011847073508455118 0.011339524882433245 -0.00023048608462303765 0.0018462016721169545 -0.0012358102008995606 0.00035951637603290972 -0.0023895734334137995 0.00070779591094302652 0.0046120217091799361 8.4925067233099233e-05 -0.0010976166259142883 0.0028164043090504898 -0.0020942934230155467 -0.00040200668276142585 7.3887396456851471e-05
leaf_weight=100034 20 31 856 1807 259 82 94 43 133 74 674 249 437 328 20 15326 2136 2760 228 1726 1365 429 49 35 159 72 71 26 225 132
leaf_count=100034 20 31 856 1807 259 82 94 43 133 74 674 249 437 328 20 15326 2136 2760 228 1726 1365 429 49 35 159 72 71 26 225 132
internal_value=2.34832e-05 -1.92711e-06 0.00327445 0.00616225 0.0115745 -0.00256598 0.014111 -0.00542287 -0.0156484 -0.00140274 -0.00261438 -0.000742009 -0.00451895 -0.000136632 -0.00827787 -9.71743e-05 -0.00133985 0.00169526 -0.00229523 0.000148232 0.000245318 -0.00441995 -0.0137528 0.00789474 0.0128947 -0.0165 0.0165094 -0.0119565 -0.0205307 0.0217105
internal_weight=129880 129728 5123 3846 2242 341 1901 1277 401 1604 1530 876 686 124605 601 124004 20450 4896 15554 103554 101399 2155 449 152 190 400 106 46 358 152
internal_count=129880 129728 5123 3846 2242 341 1901 1277 401 1604 1530 876 686 124605 601 124004 20450 4896 15554 103554 101399 2155 449 152 190 400 106 46 358 152
is_linear=0
shrinkage=0.05


Tree=213
num_leaves=21
num_cat=0
split_feature=19 17 19 6 10 10 70 2 4 8 6 10 3 71 1 6 4 3 20 16
split_gain=28.6864 14.0358 12.8732 32.436 36.5524 34.6991 33.616 25.2461 43.8921 24.6243 17.1389 17.0323 15.7966 10.2212 5.70417 12.3656 3.39968 0.620225 0.35 0.0424242
threshold=8.5500000000000025 35.500000000000007 4.2999999999999963 695.00000000000011 0.96177147954086928 -0.97111920233974802 0.5999999999999962 0.2000000000000082 7.5000000000000009 106.50000000000001 585.00000000000011 -0.99983123799342477 0.60000000000000242 1.8000000000000018 30.750000000000004 305.00000000000006 15.500000000000002 0.39999999999999908 -1.5000000000000024 1245.0000000000002
decision_type=2 2 2 2 2 2 2 2 2 2 2 2 2 2 2 2 2 2 2 2
left_child=1 2 3 7 5 -5 -6 8 -1 -9 17 13 -13 -12 15 -3 -2 -4 -16 -18
right_child=16 14 10 4 6 -7 -8 9 -10 -11 11 12 -14 -15 18 -17 19 -19 -20 -21
leaf_value=-0.00032633010263131149 0.00017336297393107675 -0.00034740604187124549 -0.011957559852975483 0.00042195873151438249 0.00010886220629750393 1.9884586541430928e-05 0.00034154055723126453 0.013553866036183339 -0.0070929900353997157 0.00085013579595183408 0.0015982890186725094 -3.699552931778899e-06 -0.0022209518874708569 -0.0026910611764480986 -0.0030824167155338155 0.00025964392367534562 8.7090455099324174e-05 -0.023260011353461365 -0.0032124193338380468 6.6458151343892164e-05
leaf_weight=41352 20 31 69 1483 1295 28239 1820 2513 9131 9641 21 30405 3486 109 20 23 112 20 70 20
leaf_count=41352 20 31 69 1483 1295 28239 1820 2513 9131 9641 21 30405 3486 109 20 23 112 20 70 20
internal_value=1.92485e-06 -2.35107e-05 -6.1736e-06 0.000291702 0.00156455 0.00102449 0.0067175 -0.000375577 -0.000868114 0.00167023 -0.00083993 -0.000782605 -0.000713316 -0.0188462 -0.015625 -0.00277778 0.0217105 -0.0227528 -0.0233333 0.0246212
internal_weight=129880 129728 129584 95474 32837 29722 3115 62637 50483 12154 34110 34021 33891 130 144 54 152 89 90 132
internal_count=129880 129728 129584 95474 32837 29722 3115 62637 50483 12154 34110 34021 33891 130 144 54 152 89 90 132
is_linear=0
shrinkage=0.05


Tree=214
num_leaves=23
num_cat=0
split_feature=19 17 17 1 8 10 1 17 1 9 55 10 8 17 4 6 1 6 19 4 20 16
split_gain=28.6528 14.0587 13.1031 76.9298 65.2797 65.1362 46.6297 75.7355 44.3609 33.2254 32.8222 34.1572 29.6003 20.5543 18.7031 13.6237 5.70417 12.3656 3.76485 3.39968 0.35 0.0424242
threshold=8.5500000000000025 35.500000000000007 26.500000000000004 24.550000000000008 82.500000000000014 -0.26867065956352881 23.150000000000006 25.500000000000004 22.650000000000006 0.99995780822346225 0.12500000000000003 -0.61915584096709908 326.50000000000006 30.500000000000004 12.500000000000002 575.00000000000011 30.750000000000004 305.00000000000006 0.91666666666666974 15.500000000000002 -1.5000000000000024 1245.0000000000002
decision_type=2 2 2 2 2 2 2 2 2 2 2 2 2 2 2 2 2 2 2 2 2 2
left_child=1 2 6 4 18 -6 7 9 -9 -1 11 -8 13 -5 -14 -12 17 -3 -4 -2 -18 -21
right_child=19 16 3 12 5 -7 10 8 -10 -11 15 -13 14 -15 -16 -17 20 -19 -20 21 -22 -23
leaf_value=-2.4489472199122619e-06 0.00016469482523452292 -0.00033003573977767879 -0.024066528141391475 -9.6271991579070576e-05 -0.00062436685457314403 0.031096860806240648 -0.0031698293536140589 0.058044876067136514 -0.0065440157461013285 0.0070906837382607169 -0.0022579969793650348 -0.00043677598845343963 -0.0010012735714070742 4.092316137420324e-05 0.0024328168703882714 0.0014099597311770025 -0.0029282958797571244 0.00024666172749157058 -0.005429502448866641 8.2735932344357968e-05 -0.0030517983671461443 6.3135243776697556e-05
leaf_weight=35581 20 31 139 29436 945 2430 707 680 209 144 168 13579 139 44632 264 476 20 23 55 112 70 20
leaf_count=35581 20 31 139 29436 945 2430 707 680 209 144 168 13579 139 44632 264 476 20 23 55 112 70 20
internal_value=1.46289e-05 -1.07918e-05 6.55945e-06 0.000415172 0.00758616 0.00920741 -0.000612098 0.000348227 0.0147638 -1.04969e-05 -0.00296718 -0.00346493 7.15043e-05 -2.02517e-06 0.0135856 0.00807453 -0.015625 -0.00277778 -0.0206186 0.0217105 -0.0233333 0.0246212
internal_weight=129880 129728 129584 78040 3569 3375 51544 36614 889 35725 14930 14286 74471 74068 403 644 144 54 194 152 90 132
internal_count=129880 129728 129584 78040 3569 3375 51544 36614 889 35725 14930 14286 74471 74068 403 644 144 54 194 152 90 132
is_linear=0
shrinkage=0.05


Tree=215
num_leaves=27
num_cat=0
split_feature=19 10 1 10 1 17 19 1 19 10 1 9 7 17 17 1 10 1 6 4 35 6 20 0 19 16
split_gain=28.6711 14.9899 33.0001 30.3293 40.7782 27.8309 27.0147 29.2819 20.5467 35.7458 19.0944 22.2932 14.7008 14.0073 12.2938 53.0858 44.9493 5.70417 12.3656 3.39968 1.54396 1.42924 0.35 0.317647 0.0737946 0.0424242
threshold=8.5500000000000025 -0.99761278905001471 28.225000000000005 -0.99273797715557011 29.650000000000009 33.500000000000007 5.2000000000000011 30.025000000000002 5.7999999999999989 -0.99465740988130902 32.45000000000001 0.056951373111866731 6.5000000000000009 35.500000000000007 32.500000000000007 29.850000000000005 -0.99052477729077237 30.750000000000004 305.00000000000006 15.500000000000002 0.0055263157894736856 45.000000000000007 -1.5000000000000024 32.95000000000001 0.3000000000000061 1245.0000000000002
decision_type=2 2 2 2 2 2 2 2 2 2 2 2 2 2 2 2 2 2 2 2 2 2 2 2 2 2
left_child=1 2 -1 4 21 10 7 -7 12 -10 11 -4 -6 14 16 -16 -5 18 -15 -2 -12 -3 -19 -8 -23 -21
right_child=19 3 5 13 8 6 23 -9 9 -11 20 -13 -14 17 15 -17 -18 22 -20 25 -22 24 -24 -25 -26 -27
leaf_value=0.072696581720563813 0.00015646008397279676 0.051333269585663824 -0.0012953013770126212 -0.0045102180840450902 0.0052011643539940922 -0.0030896127854785683 -0.00073864950272816148 0.0063701457418449308 -0.0043872248661400003 3.5116577884856952e-05 -0.00015696325200768304 -0.021459674068028678 6.9972539717929474e-05 -0.0003135339527887915 0.0098919823148240667 -6.1290160940363769e-06 -1.3817355220993821e-05 -0.0027818810857692684 0.00023432864111698761 7.8599135727140069e-05 -0.00032938647986617764 0.051333269585663824 -0.0028992084487888372 -0.001543604134932359 0.051333269585663824 5.9978481587862675e-05
leaf_weight=94 20 29 1447 288 429 50 48 314 191 129 167 144 828 31 5082 15215 104824 20 23 112 20 45 70 20 220 20
leaf_count=94 20 29 1447 288 429 50 48 314 191 129 167 144 828 31 5082 15215 104824 20 23 112 20 45 70 20 220 20
internal_value=7.69941e-06 -1.77294e-05 -0.00401476 5.45423e-05 0.0063736 -0.00524887 0.00613426 0.0115385 0.00318643 -0.008125 -0.00801462 -0.00623821 0.00606603 -3.96247e-05 -2.17289e-05 0.00110484 -0.000239269 -0.015625 -0.00277778 0.0217105 -0.0231283 0.0234694 -0.0233333 -0.0227941 0.0246226 0.0246212
internal_weight=129880 129728 2304 127424 1871 2210 432 364 1577 320 1778 1591 1257 125553 125409 20297 105112 144 54 152 187 294 90 68 265 132
internal_count=129880 129728 2304 127424 1871 2210 432 364 1577 320 1778 1591 1257 125553 125409 20297 105112 144 54 152 187 294 90 68 265 132
is_linear=0
shrinkage=0.05


Tree=216
num_leaves=31
num_cat=0
split_feature=19 10 8 17 6 1 19 1 1 10 6 10 18 9 17 9 10 18 1 19 1 8 1 17 19 20 20 4 35 10
split_gain=28.5563 17.0955 41.3824 45.695 56.3102 36.6004 34.6409 32.8531 28.1224 16.3416 77.334 26.8601 43.5346 38.1356 18.7503 19.0445 17.6933 49.302 49.6625 25.6498 23.5157 46.4097 33.5618 13.5681 9.55284 10.1526 5.43219 3.39968 2.2656 2.11564
threshold=8.5500000000000025 -0.97874870457683594 192.50000000000003 33.500000000000007 855.00000000000011 33.95000000000001 7.0999999999999996 28.550000000000008 29.850000000000005 -0.94703994556331683 795.00000000000011 -0.96687281075841669 27.500000000000004 -0.21861968191509915 35.500000000000007 0.29342972903661901 -0.92272482904738262 28.500000000000004 29.850000000000005 7.2500000000000027 34.850000000000001 256.50000000000006 34.650000000000013 33.500000000000007 6.4000000000000048 -0.80000000000000238 2.4000000000000044 15.500000000000002 3.2294736842105269 -0.99938741687870725
decision_type=2 2 2 2 2 2 2 2 2 2 2 2 2 2 2 2 2 2 2 2 2 2 2 2 2 2 2 2 2 2
left_child=1 2 5 4 28 7 23 29 -9 10 11 13 -13 -3 15 -12 17 18 -11 -19 22 -22 -18 -7 26 -26 -5 -2 -4 -1
right_child=27 9 3 24 -6 6 -8 8 -10 16 14 12 -14 -15 -16 -17 20 19 -20 -21 21 -23 -24 -25 25 -27 -28 -29 -30 -31
leaf_value=0.073182446225085365 0.00014863707977415692 0.010386590528462903 -0.045202355058685743 0.02745086638012393 0.0014172008432211212 -0.0013009627269622071 0.0068290296933781747 -0.0031845318384310598 0.00014328685887382911 0.01862730817276077 0.00026820003603730965 -0.0054333817381215293 -0.035301226506676657 -0.013180155167819951 -0.002688767159751167 -0.00032649930011306104 -2.2109765432844237e-06 0.038036869351217209 -0.0020452865929378437 -4.4917786173430396e-06 -0.0021045569857104404 0.0022904488303389925 0.0010607819362614458 -0.0009688762934125767 1.1673105616295809e-05 -0.00013891386380620181 -0.0020416558865416603 5.7771750475467794e-05 -0.015702651858904609 0.049140853517589372
leaf_weight=64 20 480 150 491 116 131 56 1742 4464 1035 1920 880 720 720 64 256 112874 385 1413 47 738 118 303 311 31 34 20 132 22 143
leaf_count=64 20 480 150 491 116 131 56 1742 4464 1035 1920 880 720 720 64 256 112874 385 1413 47 738 118 303 311 31 34 20 132 22 143
internal_value=5.12011e-05 2.58233e-05 0.00229904 0.0126157 -0.00364583 0.00100926 -0.0120482 0.00202323 0.00136964 -0.000119103 -0.00290675 -0.00844643 -0.0126875 -0.00279167 0.00401786 0.00480239 1.06917e-06 0.00387153 0.00112337 0.0194444 -9.66825e-05 -0.0083528 -3.42384e-05 -0.0167421 0.0207465 0.00269231 0.0230431 0.0217105 -0.0218023 0.0216184
internal_weight=129880 129728 7775 864 288 6911 498 6413 6206 121953 5040 2800 1600 1200 2240 2176 116913 2880 2448 432 114033 856 113177 442 576 65 511 152 172 207
internal_count=129880 129728 7775 864 288 6911 498 6413 6206 121953 5040 2800 1600 1200 2240 2176 116913 2880 2448 432 114033 856 113177 442 576 65 511 152 172 207
is_linear=0
shrinkage=0.05


Tree=217
num_leaves=21
num_cat=0
split_feature=19 17 10 8 1 1 19 17 10 71 10 10 1 11 10 17 4 16 20 16
split_gain=28.5634 25.9255 18.7799 33.118 36.509 26.4388 32.0578 31.2114 24.2429 43.1974 32.8371 22.0519 40.0662 19.0009 15.5699 14.3309 3.39968 2.14258 0.376229 0.0424242
threshold=8.5500000000000025 35.500000000000007 -0.97111920233974802 190.50000000000003 29.550000000000008 33.95000000000001 2.2999999999999985 33.500000000000007 -0.94137724084408114 0.10000000000000232 -0.94703994556331683 -0.92272482904738262 29.850000000000005 1.0000000180025095e-35 -0.87810534180523914 32.500000000000007 15.500000000000002 445.00000000000006 -1.5000000000000024 1245.0000000000002
decision_type=2 2 2 2 2 2 2 2 2 2 2 2 2 2 2 2 2 2 2 2
left_child=1 2 3 5 -5 6 -1 -7 9 10 -4 12 -10 -11 -13 -6 -2 18 -3 -18
right_child=16 17 8 4 15 7 -8 -9 11 13 -12 14 -14 -15 -16 -17 19 -19 -20 -21
leaf_value=-0.0030287898996168463 0.00014120522578544905 -0.0025083486734932465 -0.02007618936707152 0.030891083869180758 0.012962932679191656 0.00015140816599345104 0.0001246812603472395 -0.0016575148799713711 0.024457322570619545 9.0714176586453182e-05 0.0039255735719153639 -0.00020744031021049383 -4.2671896864757145e-06 -0.014923007390279609 1.9302709300407052e-06 0.0011908094651062575 7.1780591417009665e-05 -0.0019081313481495471 -0.0019260662506571037 5.4090969984696146e-05
leaf_weight=2716 20 20 777 258 87 71 3600 236 853 2451 145 4320 1307 947 109713 2103 112 22 102 20
leaf_count=2716 20 20 777 258 87 71 3600 236 853 2451 145 4320 1307 947 109713 2103 112 22 102 20
internal_value=4.85063e-05 2.31253e-05 4.66879e-05 0.00224066 0.00720997 0.000403896 0.00110038 -0.0139251 -0.000118452 -0.0037963 -0.0133948 1.82885e-05 0.00502315 -0.00119188 -7.65129e-05 0.00511416 0.0217105 -0.0211806 -0.0237705 0.0246212
internal_weight=129880 129728 129584 9071 2448 6623 6316 307 120513 4320 922 116193 2160 3398 114033 2190 152 144 122 132
internal_count=129880 129728 129584 9071 2448 6623 6316 307 120513 4320 922 116193 2160 3398 114033 2190 152 144 122 132
is_linear=0
shrinkage=0.05


Tree=218
num_leaves=22
num_cat=0
split_feature=19 17 10 10 0 1 8 10 17 1 52 30 17 20 0 71 4 61 16 20 16
split_gain=28.539 25.9481 14.4672 27.2191 45.7595 31.6705 23.8988 19.7043 33.1279 38.4377 24.8078 15.0216 13.612 11.7626 4.31087 3.40685 3.39968 2.70866 2.14258 0.376229 0.0424242
threshold=8.5500000000000025 35.500000000000007 -0.97111920233974802 -0.97507822412530132 28.225000000000005 28.550000000000008 174.50000000000003 -0.96234030595689413 31.500000000000004 29.250000000000004 0.025000000000000005 3.149999999999999 34.500000000000007 0.99999999999999745 28.225000000000005 0.90000000000000757 15.500000000000002 0.39473684210526322 445.00000000000006 -1.5000000000000024 1245.0000000000002
decision_type=2 2 2 2 2 2 2 2 2 2 2 2 2 2 2 2 2 2 2 2 2
left_child=1 2 3 5 15 14 -7 8 10 -10 -4 12 -9 -6 -1 -5 -2 -13 19 -3 -18
right_child=16 18 7 4 13 6 -8 11 9 -11 -12 17 -14 -15 -16 -17 20 -19 -20 -21 -22
leaf_value=0.056058879581441137 0.00013414496449617661 -0.0023829312398185843 -0.015837827170765453 -0.022211486967350182 0.011812070762717956 -0.0031185937429322854 0.00011773039524465151 -2.7458349641908008e-06 0.019578858662796541 -0.0001634746218064219 2.0758434153246645e-05 0.00078645125057450263 0.0014157110232472709 0.00032605069199085902 0.038825845591404257 0.003140660578906781 6.8191561846159195e-05 0.0045774783886232059 -0.0018127247807420699 -0.0018297629381242486 5.1386421485461332e-05
leaf_weight=171 20 20 409 79 392 1434 6848 117230 156 708 167 26 1728 85 42 20 112 89 22 102 20
leaf_count=171 20 20 409 79 392 1434 6848 117230 156 708 167 26 1728 85 42 20 112 89 22 102 20
internal_value=5.77456e-05 3.23754e-05 5.59483e-05 0.00198159 0.0125 0.00126839 0.000778797 -8.89945e-05 -0.00590278 0.000289352 -0.015191 -1.8686e-05 -3.61472e-05 0.0189203 0.0203052 -0.0184343 0.0217105 0.0180435 -0.0211806 -0.0237705 0.0246212
internal_weight=129880 129728 129584 9071 576 8495 8282 120513 1440 864 576 119073 118958 477 213 99 152 115 144 122 132
internal_count=129880 129728 129584 9071 576 8495 8282 120513 1440 864 576 119073 118958 477 213 99 152 115 144 122 132
is_linear=0
shrinkage=0.05


Tree=219
num_leaves=21
num_cat=0
split_feature=19 17 10 1 8 19 19 10 6 10 18 1 0 37 4 10 1 16 20 16
split_gain=28.5502 23.4525 17.599 31.5593 30.2237 31.4528 30.8372 15.8789 21.7877 20.576 59.2593 17.9609 16.2899 15.4879 3.39968 2.11564 6.7375 1.84306 0.733489 0.0424242
threshold=8.5500000000000025 35.500000000000007 -0.97874870457683594 28.550000000000008 190.50000000000003 1.6999999999999977 2.2999999999999985 -0.97507822412530132 865.00000000000011 -0.97111920233974802 27.500000000000004 33.750000000000007 28.625000000000007 0.04094565195696865 15.500000000000002 -0.99938741687870725 28.050000000000008 445.00000000000006 -0.48333333333333245 1245.0000000000002
decision_type=2 2 2 2 2 2 2 2 2 2 2 2 2 2 2 2 2 2 2 2
left_child=1 2 3 15 6 -6 -5 8 13 10 -9 -10 -11 -4 -2 16 -1 18 -3 -16
right_child=14 17 7 4 5 -7 -8 9 11 12 -12 -13 -14 -15 19 -17 -18 -19 -20 -21
leaf_value=0.066871819429739882 0.00012743771627136779 -0.0017821697704101403 -0.015410140827168607 -0.0036757654857680678 0.027697744515450796 0.00071608819347410428 0.00011184387548241887 -0.0034699195592793729 3.5204060947562064e-05 5.7586284053230692e-06 0.011674243266680435 -0.0050589066455843899 -7.8370568654811956e-05 -0.0027491976274742758 6.4781983753851237e-05 0.044032306357618678 -0.06972705708141827 -0.0017220885417049666 -0.0017451557809078999 4.8817100411188265e-05
leaf_weight=44 20 35 279 2249 579 1149 3591 144 238 91911 432 47 28602 156 112 143 20 22 87 20
leaf_count=44 20 35 279 2249 579 1149 3591 144 238 91911 432 47 28602 156 112 143 20 22 87 20
internal_value=5.35109e-05 2.81358e-05 5.05464e-05 0.00235691 0.00183007 0.00763889 0.000111301 -9.66677e-05 -0.0075 -5.26472e-05 0.009375 0.00324561 -9.77073e-05 -0.0145402 0.0217105 0.0216184 0.0140625 -0.0201389 -0.022541 0.0246212
internal_weight=129880 129728 129584 7775 7568 1728 5840 121809 720 121089 576 285 120513 435 152 207 64 144 122 132
internal_count=129880 129728 129584 7775 7568 1728 5840 121809 720 121089 576 285 120513 435 152 207 64 144 122 132
is_linear=0
shrinkage=0.05


Tree=220
num_leaves=21
num_cat=0
split_feature=19 17 1 19 1 7 6 10 8 7 10 70 4 20 16 20 8 20 0 16
split_gain=28.5177 22.68 17.242 34.4997 21.0058 29.6919 19.5188 18.2567 41.7342 17.4171 15.1244 7.28164 3.39968 2.12392 1.74823 0.998361 0.888148 0.319355 0.181395 0.0424242
threshold=8.5500000000000025 35.500000000000007 34.850000000000001 6.9000000000000004 34.650000000000013 6.5000000000000009 885.00000000000011 -0.97874870457683594 190.50000000000003 8.5000000000000018 -0.97507822412530132 0.11666666666666715 15.500000000000002 -2.5999999999999956 445.00000000000006 -0.48333333333333245 255.50000000000003 -1.2999999999999952 34.350000000000001 1245.0000000000002
decision_type=2 2 2 2 2 2 2 2 2 2 2 2 2 2 2 2 2 2 2 2
left_child=1 2 4 6 7 17 16 8 -1 -8 -9 -7 -2 -5 15 -3 -4 -6 -15 -14
right_child=12 14 3 13 5 11 9 10 -10 -11 -12 -13 19 18 -16 -17 -18 -19 -20 -21
leaf_value=4.1596793234625899e-05 0.00012106583045779938 -0.0016930612818896334 -0.012740995522656671 -0.00073312775247416 -4.073646557978261e-05 -0.001579508594697092 -0.00023319957330714266 -0.0044751928670399453 0.0050665994984166914 4.8886281733279141e-05 -1.5682851174481094e-06 0.0010117021460828214 6.1542884566158671e-05 -0.0018779238852305105 -0.0016359841146197181 -0.0016578979918625049 -0.004382174268987119 -8.9317800037708179e-06 -0.0018808952958021372 4.6376245390628849e-05
leaf_weight=5991 20 35 88 20 22 40 633 720 1533 211 119747 294 112 195 22 87 30 40 20 20
leaf_count=5991 20 35 88 20 22 40 633 720 1533 211 119747 294 112 195 22 87 30 40 20 20
internal_value=6.583e-05 4.04693e-05 6.25077e-05 -0.00591061 0.000118197 0.0116162 -0.00171518 8.2623e-05 0.00247209 0.000947867 -6.66158e-05 0.017515 0.0217105 -0.0230851 -0.0197917 -0.0221311 -0.0207627 -0.0201613 -0.0245349 0.0246212
internal_weight=129880 129728 129584 1197 128387 396 962 127991 7524 844 120467 334 152 235 144 122 118 62 215 132
internal_count=129880 129728 129584 1197 128387 396 962 127991 7524 844 120467 334 152 235 144 122 118 62 215 132
is_linear=0
shrinkage=0.05


Tree=221
num_leaves=26
num_cat=0
split_feature=19 10 1 8 19 18 19 1 1 17 10 6 10 18 1 37 10 22 0 4 10 1 16 3 16
split_gain=28.4691 16.0336 31.8762 29.7513 32.4178 28.9607 28.537 37.3062 30.9925 14.5623 13.4452 22.8916 20.4428 56.3333 18.0833 15.3722 13.9656 9.29035 5.80962 3.39968 2.11564 6.7375 2.03375 0.643137 0.0424242
threshold=8.5500000000000025 -0.97874870457683594 28.550000000000008 190.50000000000003 1.6999999999999977 28.500000000000004 2.2999999999999985 32.250000000000007 29.850000000000005 35.500000000000007 -0.97507822412530132 825.00000000000011 -0.97111920233974802 27.500000000000004 33.750000000000007 0.40541179074806427 -0.95242240592625282 1.0000000180025095e-35 29.750000000000004 15.500000000000002 -0.99938741687870725 28.050000000000008 445.00000000000006 -0.40000000000000385 1245.0000000000002
decision_type=2 2 2 2 2 2 2 2 2 2 2 2 2 2 2 2 2 2 2 2 2 2 2 2 2
left_child=1 2 20 6 17 -6 8 -8 -4 10 11 15 13 -12 -13 -3 -14 -5 -11 -2 21 -1 23 -20 -21
right_child=19 9 3 4 5 -7 7 -9 -10 18 12 14 16 -15 -16 -17 -18 -19 22 24 -22 -23 -24 -25 -26
leaf_value=0.063526148618591141 0.00011501253893490941 -0.013532077293354372 -0.0085099543291110354 0.024374678867406852 -0.00022153959464178558 0.0021319852977066431 0.00070120150423027487 -2.3856688957230035e-05 0.00483570153796149 6.1226830715566119e-05 -0.003296345167059532 0.00025720350125218105 -0.00035044337258560297 0.011090609517602287 -0.004582201669953173 0.0018993996401877045 1.5692281201781351e-06 0.034677539481216414 -0.0016936358119526739 5.8465740337850734e-05 0.041828611200075999 -0.066242784067009106 -0.0015541849088887322 -0.0018786266335459019 4.4057433121097407e-05
leaf_weight=44 20 306 1278 351 772 377 1722 1869 971 21 144 258 2880 432 47 109 117633 228 20 112 143 20 21 82 20
leaf_count=44 20 306 1278 351 772 377 1722 1869 971 21 144 258 2880 432 47 109 117633 228 20 112 143 20 21 82 20
internal_value=8.43086e-05 5.89695e-05 0.00226045 0.00173097 0.00749421 0.00263272 2.56849e-05 0.0027917 -0.00439084 -8.13838e-05 -6.2598e-05 -0.006875 -2.20912e-05 0.009375 0.00352459 -0.0145181 -6.70052e-05 0.0171416 -0.0159722 0.0217105 0.0216184 0.0140625 -0.020122 -0.0230392 0.0246212
internal_weight=129880 129728 7775 7568 1728 1149 5840 3591 2249 121953 121809 720 121089 576 305 415 120513 579 144 152 207 64 123 102 132
internal_count=129880 129728 7775 7568 1728 1149 5840 3591 2249 121953 121809 720 121089 576 305 415 120513 579 144 152 207 64 123 102 132
is_linear=0
shrinkage=0.05


Tree=222
num_leaves=26
num_cat=0
split_feature=19 10 1 8 19 18 19 1 9 17 10 6 1 37 16 1 17 22 0 4 10 1 16 3 16
split_gain=28.4579 16.3481 31.7915 29.7772 32.2237 28.7392 27.7256 37.0941 30.5595 13.938 13.4549 22.8916 18.0833 15.3722 12.0195 33.2256 16.6762 9.29035 5.64482 3.39968 2.11564 6.7375 1.91873 0.567097 0.0424242
threshold=8.5500000000000025 -0.97874870457683594 28.550000000000008 190.50000000000003 1.6999999999999977 28.500000000000004 2.2999999999999985 32.250000000000007 0.12545942051955489 35.500000000000007 -0.97507822412530132 825.00000000000011 33.750000000000007 0.40541179074806427 635.00000000000011 28.225000000000005 25.500000000000004 1.0000000180025095e-35 29.750000000000004 15.500000000000002 -0.99938741687870725 28.050000000000008 445.00000000000006 -0.40000000000000385 1245.0000000000002
decision_type=2 2 2 2 2 2 2 2 2 2 2 2 2 2 2 2 2 2 2 2 2 2 2 2 2
left_child=1 2 20 6 17 -6 8 -8 -4 10 11 13 -13 -3 16 -16 -12 -5 -11 -2 21 -1 23 -20 -21
right_child=19 9 3 4 5 -7 7 -9 -10 18 14 12 -14 -15 15 -17 -18 -19 22 24 -22 -23 -24 -25 -26
leaf_value=0.060349841187661582 0.00010926191198816394 -0.012855473428686648 -0.0013370267493146406 0.023155944924036522 -0.00021046261490969623 0.0020253860328213109 0.00066614142901876082 -2.2663854509368669e-05 -0.01161369350996393 5.8165489179784485e-05 -0.00015148341056853013 0.00024434332618957221 -0.0043530915864555151 0.0018044296581783304 2.2574766859995827e-05 -0.00022731858400339901 1.9531080324686203e-05 0.032943662507155594 -0.0016089540213550402 5.5542453320958196e-05 0.039737180640072194 -0.062930644863658652 -0.0014764756634442957 -0.0017846953018686067 4.1854561465042539e-05
leaf_weight=44 20 306 1622 351 772 377 1722 1869 627 21 41726 258 47 109 4156 1507 73700 228 20 112 143 20 21 82 20
leaf_count=44 20 306 1622 351 772 377 1722 1869 627 21 41726 258 47 109 4156 1507 73700 228 20 112 143 20 21 82 20
internal_value=8.85433e-05 6.32092e-05 0.00228617 0.0017574 0.00752315 0.00267624 5.13699e-05 0.00277778 -0.00430191 -7.85139e-05 -6.01351e-05 -0.006875 0.00352459 -0.0145181 -1.96137e-05 0.00222938 -0.000129953 0.0171416 -0.015625 0.0217105 0.0216184 0.0140625 -0.0197154 -0.022549 0.0246212
internal_weight=129880 129728 7775 7568 1728 1149 5840 3591 2249 121953 121809 720 305 415 121089 5663 115426 579 144 152 207 64 123 102 132
internal_count=129880 129728 7775 7568 1728 1149 5840 3591 2249 121953 121809 720 305 415 121089 5663 115426 579 144 152 207 64 123 102 132
is_linear=0
shrinkage=0.05


Tree=223
num_leaves=30
num_cat=0
split_feature=19 10 1 8 19 18 19 9 9 16 70 1 23 10 6 19 18 10 18 17 1 8 18 22 4 10 1 16 2
split_gain=28.3708 15.7711 31.8127 29.8454 32.2237 28.7392 25.6736 36.6387 27.991 15.3367 26.6999 26.4651 32.6263 16.6982 48.7685 36.2399 29.7537 17.3721 34.5402 21.1168 15.9431 14.4054 11.739 9.29035 3.39968 2.11564 6.7375 0.0424242 0.0357143
threshold=8.5500000000000025 -0.97874870457683594 28.550000000000008 190.50000000000003 1.6999999999999977 28.500000000000004 2.2999999999999985 0.15951094710994371 0.12545942051955489 635.00000000000011 1.7999999999999983 28.225000000000005 1.0000000180025095e-35 -0.95242240592625282 865.00000000000011 5.9000000000000004 28.500000000000004 0.46611290379786346 22.500000000000004 26.500000000000004 30.750000000000004 352.50000000000006 26.500000000000004 1.0000000180025095e-35 15.500000000000002 -0.99938741687870725 28.050000000000008 1245.0000000000002 0.29999999999999544
decision_type=2 2 2 2 2 2 2 2 2 2 2 2 2 2 2 2 2 2 2 2 2 2 2 2 2 2 2 2 2
left_child=1 2 25 6 23 -6 8 -8 -4 13 20 21 -13 14 16 -16 -3 18 -15 -19 22 -12 -11 -5 -2 26 -1 -26 -22
right_child=24 9 3 4 5 -7 7 -9 -10 10 11 12 -14 17 15 -17 -18 19 -20 -21 28 -23 -24 -25 27 -27 -28 -29 -30
leaf_value=0.057332349128278497 0.00010379881638875574 -0.0068979117838833259 -0.0012701754118489062 0.02199814767783468 -0.00019993948416421119 0.0019241167311802448 1.4985561520225455e-05 0.00033822289576786597 -0.011033008834465742 -3.6584644588718051e-06 5.3208566029848538e-05 -0.00024533922562114049 0.00040988254878444874 0.00035010181643185882 0.0004105077209976334 -0.00049391303597644026 -0.01660810462418932 -0.00025224597931627625 -8.4406400119516056e-06 6.7274286875548822e-05 -0.0003391720856124093 -2.7546826237821949e-05 0.0035804170385590538 0.031296479381797825 5.2765330654910286e-05 0.037750321608068571 -0.05978411262047572 3.9761833391790414e-05 -0.0051942118569286849
leaf_weight=44 20 2113 1622 351 772 377 3105 486 627 2636 1676 703 151 12431 1452 140 435 36543 56827 6346 50 103 327 228 112 143 20 20 20
leaf_count=44 20 2113 1622 351 772 377 3105 486 627 2636 1676 703 151 12431 1452 140 435 36543 56827 6346 50 103 327 228 112 143 20 20 20
internal_value=0.000121651 9.63555e-05 0.00227974 0.00175079 0.00752315 0.00267624 4.28082e-05 0.00266639 -0.00414629 -4.28444e-05 0.00249735 0.00618116 -0.00105386 -0.000166614 -0.00328502 0.0035804 -0.00757457 -5.14949e-05 0.000438217 -0.000842291 -0.000700626 0.0096543 -0.000143436 0.0171416 0.0217105 0.0216184 0.0140625 0.0246212 -0.0242857
internal_weight=129880 129728 7775 7568 1728 1149 5840 3591 2249 121953 5666 2633 854 116287 4140 1592 2548 112147 69258 42889 3033 1779 2963 579 152 207 64 132 70
internal_count=129880 129728 7775 7568 1728 1149 5840 3591 2249 121953 5666 2633 854 116287 4140 1592 2548 112147 69258 42889 3033 1779 2963 579 152 207 64 132 70
is_linear=0
shrinkage=0.05


Tree=224
num_leaves=31
num_cat=0
split_feature=19 10 18 17 19 19 1 17 1 9 8 10 9 1 10 10 10 1 22 17 1 17 8 71 1 71 8 17 71 8
split_gain=27.2082 16.1956 32.1349 52.7438 52.9615 51.8744 46.5779 40.7476 66.1943 41.8471 39.262 34.7091 35.4449 26.4759 82.4706 23.8101 23.7289 54.209 63.1322 54.0186 58.4252 52.1515 37.9328 37.5642 34.7109 25.5465 24.8637 28.8229 26.5292 23.6028
threshold=8.9500000000000028 0.46611290379786346 22.500000000000004 26.500000000000004 1.0999999999999963 2.699999999999998 25.850000000000005 25.500000000000004 25.250000000000004 -0.98523971305672675 298.50000000000006 -0.41399101439218416 0.95752911693909493 24.550000000000008 -0.26867065956352881 -0.52034141052533245 0.90803977035715633 18.250000000000004 1.0000000180025095e-35 26.500000000000004 23.850000000000005 22.500000000000004 38.500000000000007 0.099999999999996106 23.750000000000004 2.8999999999999995 346.50000000000006 25.500000000000004 2.7000000000000002 40.500000000000007
decision_type=2 2 2 2 2 2 2 2 2 2 2 2 2 2 2 2 2 2 2 2 2 2 2 2 2 2 2 2 2 2
left_child=1 2 7 4 6 -6 -4 11 9 -9 -10 -1 -13 14 -5 -15 17 18 29 25 -21 23 -20 -18 -25 -19 28 -28 -23 -3
right_child=-2 16 3 13 5 -7 -8 8 10 -11 -12 12 -14 15 -16 -17 21 19 22 20 -22 26 -24 24 -26 -27 27 -29 -30 -31
leaf_value=-0.0010701432138622291 0.00036730666341758538 -0.00089328463824487345 -0.035902199327092155 -0.0019815400775815839 0.00051258480089947864 -0.0030116830512685985 0.022973525249755336 -0.033368134063488729 0.0001928866809586663 0.044634850525482953 -0.0012403943104583482 0.00068880249999728616 -0.00018784049731834784 6.3736517962485756e-05 0.035226918872868843 -0.00017936221352369831 -0.0069977337342989167 -0.0017551885960928758 0.00087558297047024526 0.044589548604451058 2.9411853007858813e-06 0.0045839428034448928 0.025597550537044402 4.4850790364312293e-05 -0.0026378006678467675 -1.1547731604860667e-05 -0.00097759271089608202 0.0049118151091670954 0.0001246623673240572 0.0030121971176172435
leaf_weight=720 113 864 882 896 1077 282 63 69 2645 1942 240 3711 4032 39982 677 27416 3113 13574 941 255 6081 1949 1057 11150 130 3515 554 144 787 1019
leaf_count=720 113 864 882 896 1077 282 63 69 2645 1942 240 3711 4032 39982 677 27416 3113 13574 941 255 6081 1949 1057 11150 130 3515 554 144 787 1019
internal_value=3.34925e-05 1.21371e-05 0.000420044 -1.75377e-06 -0.00744358 -0.00112215 -0.0165344 0.00267048 0.00630106 0.0132645 0.00144714 0.000570129 0.00154656 0.000246843 0.00665925 9.71839e-05 -0.000752775 -0.00167912 0.00379413 -0.00258591 0.00135732 0.000666124 0.00998498 -0.000654832 0.000687057 -0.00404793 0.00620268 -0.00222063 0.00835161 -0.00277483
internal_weight=129880 129767 84634 71275 2304 1359 945 13359 4896 2011 2885 8463 7743 68971 1573 67398 45133 27306 3881 23425 6336 17827 1998 14393 11280 17089 3434 698 2736 1883
internal_count=129880 129767 84634 71275 2304 1359 945 13359 4896 2011 2885 8463 7743 68971 1573 67398 45133 27306 3881 23425 6336 17827 1998 14393 11280 17089 3434 698 2736 1883
is_linear=0
shrinkage=0.05


Tree=225
num_leaves=31
num_cat=0
split_feature=16 10 22 19 70 9 20 19 17 1 9 18 17 0 10 19 19 7 1 17 8 10 1 1 1 10 9 9 9 8
split_gain=39.2149 48.6754 36.1764 44.0561 31.3728 26.211 25.8701 25.6889 18.1981 49.282 53.8816 36.2367 84.2729 50.5796 55.9426 42.3027 33.0084 34.7483 32.8734 87.9088 32.5801 35.0081 32.0667 34.495 31.5706 28.3012 27.6846 38.1157 20.9526 20.5848
threshold=635.00000000000011 -0.013976481981245173 1.0000000180025095e-35 2.8000000000000029 1.399999999999997 0.81428061195174062 -0.10000000000000407 1.4000000000000015 30.500000000000004 28.350000000000005 0.99865421017599998 24.500000000000004 28.500000000000004 27.650000000000006 0.097680735332368748 2.5000000000000009 5.9000000000000004 6.5000000000000009 23.150000000000006 25.500000000000004 292.50000000000006 -0.56369940867848845 25.450000000000003 24.250000000000004 32.250000000000007 0.97461712852231652 -0.99866806308218525 -0.99985146406598202 -0.9905448150984083 313.50000000000006
decision_type=2 2 2 2 2 2 2 2 2 2 2 2 2 2 2 2 2 2 2 2 2 2 2 2 2 2 2 2 2 2
left_child=8 2 6 -4 7 -5 -2 -3 11 10 20 12 18 14 -14 -15 26 -18 19 -1 21 -10 23 -13 -19 -20 27 -11 -28 -24
right_child=1 4 3 5 -6 -7 -8 -9 9 16 -12 22 13 15 -16 -17 17 24 25 -21 -22 -23 29 -25 -26 -27 28 -29 -30 -31
leaf_value=-2.3670083750686191e-05 0.00034377002636396469 0.0002555258377665459 8.416624085688536e-05 -0.00063974138176828331 8.8496685245933158e-05 0.0012730785917867739 -1.214057521259694e-05 -3.4121598404899946e-05 0.030725921978022975 0.00016250215762926221 -0.0054571992980674729 -0.017005459468466672 0.006646762072162327 -0.029270168546253361 0.00018519943270867354 2.4966810814421386e-05 -0.001880359694948533 0.00045742686027063916 -0.00028765279505752335 0.041823608152184111 0.029208255780612303 0.0005704237377802152 -0.0015207188808883656 0.0057146921567680148 -0.00013665314972546305 -0.002013416391229538 0.0019661260148973944 -0.003828335938910916 4.9219921319528655e-05 0.0010126435664806303
leaf_weight=33409 511 407 347 618 1983 64 1089 817 1666 660 136 98 2083 210 2886 1370 541 309 24207 1271 252 2069 13500 520 2765 396 1946 1395 32212 143
leaf_count=33409 511 407 347 618 1983 64 1089 817 1666 660 136 98 2083 210 2886 1370 541 309 24207 1271 252 2069 13500 520 2765 396 1946 1395 32212 143
internal_value=0.000115491 0.00412097 -0.000922404 -0.00823615 0.00825538 -0.0156158 0.00378125 0.00196078 -7.2958e-05 0.000744579 0.00594834 -0.000521581 -2.65828e-05 0.00535578 0.00783357 -0.00243671 0.000205885 -0.00434993 -0.000621173 0.000370531 0.00700401 0.00582999 -0.00280661 0.00833333 -0.00229343 -0.00201906 0.000660674 -0.00497567 0.000999766 -0.00331122
internal_weight=129880 5836 2629 1029 3207 682 1600 1224 124044 43951 4123 80093 65832 6549 4969 1580 39828 3615 59283 34680 3987 3735 14261 618 3074 24603 36213 2055 34158 13643
internal_count=129880 5836 2629 1029 3207 682 1600 1224 124044 43951 4123 80093 65832 6549 4969 1580 39828 3615 59283 34680 3987 3735 14261 618 3074 24603 36213 2055 34158 13643
is_linear=0
shrinkage=0.05


Tree=226
num_leaves=31
num_cat=0
split_feature=16 10 70 19 30 17 8 8 1 8 1 17 1 9 1 17 16 6 1 8 9 18 1 9 19 22 19 9 19 17
split_gain=35.5165 45.7283 30.331 24.8744 22.7652 18.6864 53.0622 48.3959 54.5286 58.3101 44.2807 76.7072 44.3609 39.4262 33.3521 55.1421 38.6513 35.2276 61.3132 46.6694 26.5808 25.5679 25.487 22.3214 18.3577 27.2763 23.4675 20.6547 19.3376 16.965
threshold=635.00000000000011 -0.013976481981245173 1.399999999999997 1.4000000000000015 0.049999999999998941 26.500000000000004 326.50000000000006 80.500000000000014 26.150000000000006 108.50000000000001 23.150000000000006 25.500000000000004 22.650000000000006 0.99053107487289871 23.550000000000008 21.500000000000004 75.000000000000014 565.00000000000011 25.650000000000006 62.500000000000007 -0.85227431625818906 21.500000000000004 23.050000000000008 -0.55657520495441892 2.8000000000000029 1.0000000180025095e-35 1.4999999999999993 0.81428061195174062 1.2250000000000052 27.500000000000004
decision_type=2 2 2 2 2 2 2 2 2 2 2 2 2 2 2 2 2 2 2 2 2 2 2 2 2 2 2 2 2 2
left_child=5 4 3 -3 24 10 7 -7 9 -9 11 20 23 -10 15 -12 -17 18 -16 -19 -1 -22 -14 -13 26 -26 28 -27 -2 -8
right_child=1 2 -4 -5 -6 6 29 8 13 -11 14 12 22 -15 17 16 -18 19 -20 -21 21 -23 -24 -25 25 27 -28 -29 -30 -31
leaf_value=0.10151610918835313 0.00047689325535405782 0.00024274954587821877 8.4071850983636492e-05 -3.241551848465495e-05 0.0013463800414958279 -0.0063875849951450904 0.0033552158855852457 0.025951362886238939 1.1801728683189656e-05 0.00066380739917390886 0.0091757561456003254 0.0035300442539154099 -0.015138557570974709 -0.0015639746296406854 -0.023826925667258525 -0.0010630118596255955 -0.0023455846786973461 -0.0017513867469833621 0.021147761755429761 3.8428640090749927e-05 -1.9250875793927704e-06 -0.020604361727834759 0.063246582096263534 0.053421475471368642 1.4041740686224214e-05 -0.00060775431267986915 0.00028896451157857383 0.0012094246621974355 -0.00012397050897425195 1.2160034111898672e-05
leaf_weight=105 159 407 1983 817 171 279 426 1687 63351 8328 130 113 150 1544 2150 696 1117 1878 342 7681 32666 638 59 567 711 618 745 64 161 137
leaf_count=105 159 407 1983 817 171 279 426 1687 63351 8328 130 113 150 1544 2150 696 1117 1878 342 7681 32666 638 59 567 711 618 745 64 161 137
internal_value=0.000249076 0.004061 0.00806829 0.00187908 -0.000827311 6.97333e-05 0.000559721 0.000445211 0.000522627 0.00395657 -0.000698874 0.000268237 0.0147638 -7.31952e-06 -0.00306917 -0.00914822 -0.0114038 -0.00208904 -0.00738363 -0.000708756 -0.000117483 -0.000196673 -0.00538278 0.0209559 -0.00205452 -0.00583274 0.00288732 -0.0129765 -0.0084375 0.0158526
internal_weight=129880 5836 3207 1224 2629 124044 75752 75189 74910 10015 48292 34298 889 64895 13994 1943 1813 12051 2492 9559 33409 33304 209 680 2458 1393 1065 682 320 563
internal_count=129880 5836 3207 1224 2629 124044 75752 75189 74910 10015 48292 34298 889 64895 13994 1943 1813 12051 2492 9559 33409 33304 209 680 2458 1393 1065 682 320 563
is_linear=0
shrinkage=0.05


Tree=227
num_leaves=31
num_cat=0
split_feature=6 71 9 19 70 9 9 16 8 19 9 1 10 0 4 9 9 8 1 9 9 8 17 9 18 17 1 17 10 1
split_gain=20.7038 44.1287 34.0048 36.4705 39.2746 43.3685 33.5665 34.6374 34.541 37.0944 32.7118 31.1611 29.1184 31.9341 28.6802 27.2181 43.85 54.6826 48.0741 84.5642 38.7011 53.5281 46.4371 42.8214 79.8578 50.6485 36.1014 59.9112 40.9974 34.6627
threshold=685.00000000000011 0.80000000000000038 0.45273815774107123 3.7000000000000051 1.6000000000000025 -0.26037633224328088 0.81428061195174062 905.00000000000011 42.500000000000007 2.3999999999999999 -0.99940763397299126 26.350000000000005 -0.50557503990954278 25.725000000000005 15.500000000000002 0.99053107487289871 0.96234642434711437 100.50000000000001 21.850000000000005 0.9893236546938301 0.92273069556937592 108.50000000000001 19.500000000000004 0.878110924644389 22.500000000000004 29.500000000000004 26.350000000000005 27.500000000000004 0.097680735332368748 26.850000000000005
decision_type=2 2 2 2 2 2 2 2 2 2 2 2 2 2 2 2 2 2 2 2 2 2 2 2 2 2 2 2 2 2
left_child=15 10 3 4 5 -3 8 11 9 -4 -2 -8 13 -12 -10 16 20 18 -18 -20 23 22 -22 25 -25 -1 27 -17 -29 -19
right_child=1 2 6 -5 -6 -7 7 -9 14 -11 12 -13 -14 -15 -16 26 17 29 19 -21 21 -23 -24 24 -26 -27 -28 28 -30 -31
leaf_value=-0.0022403307235013162 -0.001579612156576319 1.690897079027092e-05 -0.00029017401189915248 4.4374112705969363e-07 0.0003943149193280038 0.00052204377723825968 -0.00027459879575470402 -0.00018405611332013969 -0.0010792592831360109 0.00021785117162385835 -0.00031631275370614932 0.00019570355465907131 0.00024414864143882439 0.00013947377943885272 -0.0017256256197671791 -0.029416687113563763 0.031408037291476502 0.044940618418953006 -0.049997540432884138 0.11295943535694902 -0.037023361875906373 -0.031056175567462565 0.0061618560655394951 0.020349756209864768 -0.020048836965332675 0.0020526722042848223 -0.0051061406016820639 0.039014359447287643 -0.015059212694206226 -0.011407733615535709
leaf_weight=29876 139 8277 445 29316 2192 3187 4610 140 2018 1474 962 4058 6220 1514 3091 1291 641 812 463 138 207 828 897 1173 483 24357 467 389 61 154
leaf_count=29876 139 8277 445 29316 2192 3187 4610 140 2018 1474 962 4058 6220 1514 3091 1291 641 812 463 138 207 828 897 1173 483 24357 467 389 61 154
internal_value=0.0001998 0.000805331 0.000310332 0.00104021 0.00317443 0.00200192 -0.00167025 0.000386013 -0.0042473 0.00147212 0.00410017 0.000784495 0.00448482 -0.000100969 -0.00639558 -0.000458329 -0.000257792 0.00665761 -0.000281804 -0.0104409 -0.000521869 -0.0074793 -0.000271739 -0.000281361 0.00763889 -0.000523205 -0.00591033 -0.00259908 0.0131111 0.0155797
internal_weight=129880 67643 58808 42972 13656 11464 15836 8808 7028 1919 8835 8668 8696 2476 5109 62237 60029 2208 1242 601 57821 1932 1104 55889 1656 54233 2208 1741 450 966
internal_count=129880 67643 58808 42972 13656 11464 15836 8808 7028 1919 8835 8668 8696 2476 5109 62237 60029 2208 1242 601 57821 1932 1104 55889 1656 54233 2208 1741 450 966
is_linear=0
shrinkage=0.05


Tree=228
num_leaves=31
num_cat=0
split_feature=6 19 19 10 70 10 71 20 10 1 1 10 8 10 10 18 10 9 6 16 1 9 9 9 9 17 17 8 1 1
split_gain=19.6847 36.0568 50.0373 42.5498 41.0747 35.9983 37.7564 33.8227 27.2577 26.097 42.2446 60.6201 43.9645 40.8582 48.4681 41.7063 36.12 33.0253 27.16 25.7375 23.809 22.5986 27.5232 22.4515 48.7346 34.4934 31.2247 21.9203 57.9735 40.7092
threshold=685.00000000000011 3.7000000000000006 3.5000000000000009 0.95691861501572195 0.5999999999999962 -0.9575230291762723 0.89999999999999958 0.2999999999999981 0.99981043035926087 28.225000000000005 30.850000000000005 -0.26037106507032781 230.50000000000003 -0.56369940867848845 -0.44505783185115427 20.500000000000004 0.097680735332368748 -0.98523971305672675 865.00000000000011 45.000000000000007 32.550000000000004 -0.97509794945709805 -0.99866806308218525 -0.9905448150984083 -0.98523971305672675 31.500000000000004 33.500000000000007 273.50000000000006 29.350000000000005 29.150000000000009
decision_type=2 2 2 2 2 2 2 2 2 2 2 2 2 2 2 2 2 2 2 2 2 2 2 2 2 2 2 2 2 2
left_child=21 2 3 5 -5 20 -7 -4 -6 13 12 18 16 -3 -15 -16 -11 -13 -12 -14 -2 22 27 -24 25 -25 -26 28 -1 -29
right_child=1 9 7 4 8 6 -8 -9 -10 10 11 17 19 14 15 -17 -18 -19 -20 -21 -22 -23 23 24 26 -27 -28 29 -30 -31
leaf_value=-0.026678619844201879 0.00099932515625093007 -0.0029959481630058502 0.00069744329461792561 0.00022527728357037147 0.00041954768465666333 0.00015783785484395102 -5.9709895290396798e-05 0.00020544131089275804 -0.0026049539474467722 -2.9148013430280176e-05 -0.0030223630688822009 -0.00081243408738234106 4.0014342451427655e-05 0.0041684395436429253 -1.4066869678575859e-05 -0.00085938765519354837 0.00073937221056528393 -0.0011172321685487729 5.7476422507871107e-05 0.00019815777694134201 -0.00060261261086416512 -0.00094592521798657629 0.017015269232419118 -0.018027314934917407 0.020531840268053658 0.0094228815800337495 -0.0058907343398035827 0.018342895988697139 0.035899090598734265 -0.014994629842663088
leaf_weight=383 1321 305 1331 1049 1191 5973 13685 785 63 3755 2482 2313 873 259 13134 2929 210 1542 11409 2965 69 57131 1794 552 1104 276 138 422 238 199
leaf_count=383 1321 305 1331 1049 1191 5973 13685 785 63 3755 2482 2313 873 259 13134 2929 210 1542 11409 2965 69 57131 1794 552 1104 276 138 422 238 199
internal_value=0.000225978 0.000816419 0.002302 0.00163483 0.00808728 0.000928829 0.000378981 0.00966446 0.0141946 -8.06146e-05 0.000922737 -0.000425448 0.00398885 -0.00162236 -0.00128354 -0.00162952 0.000296343 -0.00597276 0.00111403 0.00780354 0.00870504 -0.000415749 0.00277125 0.00485248 0.00130435 -0.00809179 0.00756844 -0.0037037 -0.0103462 0.00293881
internal_weight=129880 67643 25467 23351 2303 21048 19658 2116 1254 42176 25549 17746 7803 16627 16322 16063 3965 3855 13891 3838 1390 62237 5106 3864 2070 828 1242 1242 621 621
internal_count=129880 67643 25467 23351 2303 21048 19658 2116 1254 42176 25549 17746 7803 16627 16322 16063 3965 3855 13891 3838 1390 62237 5106 3864 2070 828 1242 1242 621 621
is_linear=0
shrinkage=0.05


Tree=229
num_leaves=31
num_cat=0
split_feature=10 10 10 1 4 1 45 17 7 17 16 17 1 9 18 9 70 70 4 4 18 9 3 1 1 16 0 1 1 20
split_gain=16.201 20.4431 49.6154 35.9799 55.5358 26.8222 23.8359 22.969 28.0093 22.4425 19.1578 17.3535 40.9355 82.7229 35.6928 36.9518 28.1276 23.9719 13.4339 13.1575 12.1059 11.4437 8.98587 8.56019 21.0602 12.3226 7.23584 6.20865 11.2445 2.14285
threshold=0.99995376255531909 0.99855310097228334 0.99611390731392835 21.037500000000005 11.500000000000002 23.450000000000003 0.00078947368421052641 18.500000000000004 11.500000000000002 21.500000000000004 15.000000000000002 30.500000000000004 27.850000000000005 0.99761913169647187 25.500000000000004 -0.90893996196865023 3.1999999999999971 4.5999999999999996 14.500000000000002 17.500000000000004 17.500000000000004 0.039769539193789977 0.5999999999999962 20.450000000000003 20.350000000000005 205.00000000000003 18.816666666666674 15.450000000000001 17.830000000000002 0.39999999999999597
decision_type=2 2 2 2 2 2 2 2 2 2 2 2 2 2 2 2 2 2 2 2 2 2 2 2 2 2 2 2 2 2
left_child=1 2 11 4 6 19 9 8 -6 -3 -9 14 13 -13 15 -1 -16 -14 22 20 -4 -8 29 24 25 27 -21 -2 -29 -5
right_child=23 3 5 18 7 -7 21 10 -10 -11 -12 12 17 -15 16 -17 -18 -19 -20 26 -22 -23 -24 -25 -26 -27 -28 28 -30 -31
leaf_value=0.00035208604110618003 0.0046149029431701736 -0.014494919119883121 0.0010288373555257702 0.0032517595090108737 0.00046229989189594816 -0.00082133760187319625 0.028489804806934728 -0.00080422587766654512 -0.0036445456809479602 0.0010748908344390352 0.00041283168333237019 0.023102640342077742 4.9487545402710641e-05 -0.0054832812466230289 -0.001453996202701538 -1.4623215025024589e-05 0.00036187300104091884 -0.00024039535517467737 -0.0024627158710918105 0.00015713739058852429 0.042076323883929526 -0.021712637702322981 -0.015545461360920077 0.027143501140708223 -0.0023423697037582617 0.0010120370215759053 0.00014758501323227022 -0.0052632407583785845 0.0010120370215759053 0.00025602448189118883
leaf_weight=6624 26 559 938 23 72 65 135 77 144 201 293 2398 41133 196 8699 65518 517 1056 270 217 108 22 38 144 49 103 107 54 56 38
leaf_count=6624 26 559 938 23 72 65 135 77 144 201 293 2398 41133 196 8699 65518 517 1056 270 217 108 22 38 144 49 103 107 54 56 38
internal_value=0.000171312 0.000139052 0.000215166 -0.00504808 -0.00161344 0.00945993 -0.00929662 0.0104096 -0.0025463 -0.0129605 0.017973 0.000109996 0.000900453 0.00699692 -0.000325106 4.92085e-05 -0.00325521 0.000525611 -0.0190379 0.0109489 0.0082218 0.00843949 -0.00328283 0.00983796 0.00486111 0.0109833 0.0197531 0.00110294 -0.00409091 0.00860656
internal_weight=129880 129448 127576 1872 1503 1435 917 586 216 760 370 126141 44783 2594 81358 72142 9216 42189 369 1370 1046 157 99 432 288 239 324 136 110 61
internal_count=129880 129448 127576 1872 1503 1435 917 586 216 760 370 126141 44783 2594 81358 72142 9216 42189 369 1370 1046 157 99 432 288 239 324 136 110 61
is_linear=0
shrinkage=0.05


Tree=230
num_leaves=31
num_cat=0
split_feature=17 8 1 17 8 1 8 1 8 8 9 7 19 9 55 10 10 9 1 6 17 9 8 16 17 19 20 3 3 19
split_gain=16.2376 52.2643 49.0895 74.5333 44.4435 49.7306 49.9371 44.3609 43.6013 40.4875 38.4149 34.2236 93.4392 48.8318 32.3409 26.2835 26.5444 26.1012 25.487 24.7539 29.7086 22.3214 27.247 19.556 18.75 14.6718 13.9263 12.3152 11.6578 10.457
threshold=26.500000000000004 326.50000000000006 23.150000000000006 25.500000000000004 80.500000000000014 26.150000000000006 108.50000000000001 22.650000000000006 110.50000000000001 82.500000000000014 0.9962888416657264 4.5000000000000009 1.4999999999999993 0.83376496542330847 0.14500000000000005 -0.61915584096709908 0.97461712852231652 -0.85227431625818906 23.050000000000008 255.00000000000003 23.500000000000004 -0.55657520495441892 329.50000000000006 185.00000000000003 27.500000000000004 6.4000000000000004 1.8 0.30000000000000165 0.40000000000000308 2.699999999999998
decision_type=2 2 2 2 2 2 2 2 2 2 2 2 2 2 2 2 2 2 2 2 2 2 2 2 2 2 2 2 2 2
left_child=2 4 3 17 -2 6 9 21 -8 -6 14 12 -7 -13 15 29 -17 -1 27 20 -19 22 -5 28 26 -21 -3 -9 -12 -4
right_child=1 24 10 7 5 11 8 18 -10 -11 23 13 -14 -15 -16 16 -18 19 -20 25 -22 -23 -24 -25 -26 -27 -28 -29 -30 -31
leaf_value=0.096582012223954558 -0.0058134407088040081 0.0040495682744419691 -0.014027301089942318 0.0047831248367352867 -0.013804031653500123 -0.016360229940910961 -0.0093103605975322721 -0.05492581495721776 0.00088142588451605168 0.03380484512407711 0.0028022819687423873 1.8731498857156583e-05 -1.9203182694510493e-05 0.0044024237867552815 0.0013349483122197603 -0.00031138946064688394 -0.0018237639171400654 -0.0090930970955703568 0.060244296949276001 3.7111522033287404e-05 0.0033472173531906347 0.050910445655625858 -0.060606603763756241 0.0028788327404201883 1.1652244275293586e-05 0.00040602840956806556 -0.001253169795852921 0.042672727353789998 -0.021544112733035622 -0.0025175950363898695
leaf_weight=105 288 375 454 59 288 984 144 121 8248 1403 115 62335 3611 314 592 12904 400 5798 59 27540 1714 567 54 219 144 635 57 29 46 278
leaf_count=105 288 375 454 59 288 984 144 121 8248 1403 115 62335 3611 314 592 12904 400 5798 59 27540 1714 567 54 219 144 635 57 29 46 278
internal_value=0.000164767 0.000619317 -0.000522839 0.000462774 0.000507956 0.000580974 0.0038555 0.0147638 0.00227598 0.0116943 -0.00293177 8.99709e-05 -0.00407508 0.000395457 -0.00333949 -0.00382231 -0.00331479 0.000107566 -0.00538278 3.43262e-05 -0.00251597 0.0209559 0.000663717 0.0127632 0.015625 0.000714286 0.0208333 -0.0163333 -0.000465839 -0.0130464
internal_weight=129880 78191 51689 36681 77615 77327 10083 889 8392 1691 15008 67244 4595 62649 14628 14036 13304 35792 209 35687 7512 680 113 380 576 28175 432 150 161 732
internal_count=129880 78191 51689 36681 77615 77327 10083 889 8392 1691 15008 67244 4595 62649 14628 14036 13304 35792 209 35687 7512 680 113 380 576 28175 432 150 161 732
is_linear=0
shrinkage=0.05


Tree=231
num_leaves=31
num_cat=0
split_feature=17 1 9 1 8 35 9 0 6 1 18 1 71 7 9 17 8 8 7 16 8 9 8 8 9 17 70 19 22 9
split_gain=16.9653 49.911 47.107 74.5842 63.3072 35.4334 32.2559 27.0448 30.9097 28.0725 38.3764 34.5484 60.535 33.9792 32.9119 31.0917 29.2617 28.9333 93.646 29.6869 27.9981 35.7148 26.8747 47.9459 26.1323 24.8418 23.5464 25.7336 23.767 23.4675
threshold=30.500000000000004 27.850000000000005 0.59868201182722736 26.850000000000005 144.50000000000003 0.032368421052631595 -0.94705910369513524 28.125000000000004 805.00000000000011 28.850000000000005 25.500000000000004 28.350000000000005 0.4000000000000013 5.5000000000000009 -0.99467753128998015 29.500000000000004 94.500000000000014 160.50000000000003 4.5000000000000009 665.00000000000011 228.50000000000003 -0.73866753694953124 158.50000000000003 136.50000000000003 -0.98214942551678475 29.500000000000004 4.5999999999999996 0.4000000000000013 1.0000000180025095e-35 0.12545942051955489
decision_type=2 2 2 2 2 2 2 2 2 2 2 2 2 2 2 2 2 2 2 2 2 2 2 2 2 2 2 2 2 2
left_child=7 2 5 4 -4 6 24 9 -9 10 11 14 -13 15 -1 -11 -17 18 -12 -19 -15 -22 23 25 -2 -10 27 28 29 -3
right_child=1 26 3 -5 -6 -7 -8 8 22 13 17 12 -14 20 -16 16 -18 19 -20 -21 21 -23 -24 -25 -26 -27 -28 -29 -30 -31
leaf_value=0.01916878027631904 0.01696696200615453 -0.0052560295088933898 0.036703709129182971 -0.011127171193917951 -0.049076615748946222 -0.0021408649527232095 0.031271962598486705 -0.012182775352870564 -0.0023762445338656999 -0.00027727854840806619 -0.0022678395744730076 -0.018709450766008186 0.00071094796450761339 0.0013222622501390426 -1.3130133142820792e-05 -0.0018868132283380635 0.00046883610209035102 -0.0042313972863281561 0.024622538174776932 0.00011569255961953949 0.00016524373317139201 -0.0041953668360280123 0.00019125313425588132 -0.0043081379221000396 -0.0064501799224929712 0.0011109177068624237 -0.00022931216235880169 6.3977190816171675e-05 0.013494821126177926 -0.018950724468022331
leaf_weight=432 170 2593 340 399 144 411 888 2658 449 988 269 145 1067 335 68327 48 269 3910 409 493 2340 112 2204 403 242 239 1056 36802 1115 623
leaf_count=432 170 2593 340 399 144 411 888 2658 449 988 269 145 1067 335 68327 48 269 3910 409 493 2340 112 2204 403 242 239 1056 36802 1115 623
internal_value=0.000132815 0.00092055 0.00765227 -0.00172707 0.0114669 0.0124927 0.0165385 -0.000281737 -0.00353183 -3.72738e-05 -0.000257155 4.75197e-05 0.00841584 0.0039956 -9.99869e-05 -0.00266284 0.0109621 -0.00445286 0.00516224 -0.00593345 0.00711338 0.00526101 -0.000295903 -0.00671402 0.00497573 0.00130814 0.000506649 0.000695913 -0.00294967 -0.0051306
internal_weight=129880 44783 2594 883 484 1711 1300 85097 5953 79144 75052 69971 1212 4092 68759 1305 317 5081 678 4403 2787 2452 3295 1091 412 688 42189 41133 4331 3216
internal_count=129880 44783 2594 883 484 1711 1300 85097 5953 79144 75052 69971 1212 4092 68759 1305 317 5081 678 4403 2787 2452 3295 1091 412 688 42189 41133 4331 3216
is_linear=0
shrinkage=0.05


Tree=232
num_leaves=31
num_cat=0
split_feature=10 10 19 19 1 35 1 1 1 1 9 8 0 10 19 7 1 8 18 70 19 9 8 9 19 0 71 6 1 1
split_gain=18.3619 41.841 61.5797 90.8481 52.59 31.9007 31.8308 43.2399 26.9153 43.3923 36.5011 31.8239 24.5704 24.1559 44.3557 48.1637 42.2715 41.9678 37.894 32.4587 21.8439 21.0271 74.2702 28.3543 20.0223 19.8806 17.8846 16.7875 15.4534 23.9586
threshold=-0.80417042486635371 -0.75581183015052977 3.3000000000000003 4.6000000000000041 24.850000000000005 1.0000000180025095e-35 24.350000000000005 26.550000000000008 33.45000000000001 35.050000000000004 -0.99985146406598202 259.50000000000006 31.750000000000004 -0.87810534180523914 5.2500000000000027 6.5000000000000009 27.850000000000005 162.50000000000003 27.500000000000004 0.4000000000000013 6.9500000000000028 -0.79902248885025529 241.50000000000003 -0.78856175031405207 2.8999999999999972 25.525000000000002 3.8000000000000003 1155.0000000000002 25.950000000000003 25.350000000000005
decision_type=2 2 2 2 2 2 2 2 2 2 2 2 2 2 2 2 2 2 2 2 2 2 2 2 2 2 2 2 2 2
left_child=6 2 4 12 -2 -6 -1 28 20 10 -10 -12 25 16 18 -16 19 -18 -15 -9 21 22 -3 -23 -7 -4 -11 -22 29 -8
right_child=1 8 3 -5 5 24 7 13 9 26 11 -13 -14 14 15 -17 17 -19 -20 -21 27 23 -24 -25 -26 -27 -28 -29 -30 -31
leaf_value=-0.02653717337693387 0.035287065657882442 0.0096998502087647358 -0.00026260115428716481 -0.0027428128452755395 -0.013753652018062713 -0.0018424117039159201 0.00045624345632345673 -0.0025194154258161793 0.00040309385123074581 5.1513846017721414e-05 -1.4364780188465959e-05 -0.0035146564776675085 -0.00040569922470398218 0.00021579200967146648 -0.0017923077050641016 3.9606215765679995e-05 0.0011918611165306139 -5.9565609002366346e-06 0.015838833801689222 -0.0082242361053618696 1.5426829011792181e-05 -0.0039222467092948719 3.2027352901228825e-05 -1.8774619270818619e-05 -0.002772729569576689 0.0011857947440576057 -2.8753328198732887e-05 0.0001878128392799057 0.039754584849511582 -0.031579530177808235
leaf_weight=122 103 1800 25 208 1245 823 279 447 133 174 1421 769 151 3102 377 553 1761 16870 1321 362 598 792 27378 67051 221 536 80 597 396 185
leaf_count=122 103 1800 25 208 1245 823 279 447 133 174 1421 769 151 3102 377 553 1761 16870 1321 362 598 792 27378 67051 221 536 80 597 396 185
internal_value=0.000103942 -0.000191874 -0.00572162 0.00527174 -0.00994983 -0.0115225 0.00129874 0.00141991 -1.01694e-05 -0.00505433 -0.00719974 -0.00874429 0.013764 0.00103759 0.00401177 -0.00591398 0.000218621 0.000704471 0.0060988 -0.0109703 0.00012218 3.94245e-05 0.00116183 -0.000443303 -0.00507663 0.0185829 0.0145669 0.006841 0.0124419 0.00625
internal_weight=129880 104105 3312 920 2392 2289 25775 25653 100793 2577 2323 2190 712 24793 5353 930 19440 18631 4423 809 98216 97021 29178 67843 1044 561 254 1195 860 464
internal_count=129880 104105 3312 920 2392 2289 25775 25653 100793 2577 2323 2190 712 24793 5353 930 19440 18631 4423 809 98216 97021 29178 67843 1044 561 254 1195 860 464
is_linear=0
shrinkage=0.05


Tree=233
num_leaves=31
num_cat=0
split_feature=17 1 19 9 8 17 1 8 8 8 10 10 1 10 7 1 10 6 9 0 70 4 10 8 17 1 7 1 35 0
split_gain=17.7359 35.7007 27.5267 39.2585 33.4307 30.1715 27.696 23.6159 29.9325 23.9772 20.7952 45.1187 52.0304 44.1908 38.5174 27.4059 50.1412 30.9589 26.1801 20.3754 13.9802 13.8862 13.4075 41.4086 12.6225 10.8342 9.55804 16.6175 7.90427 7.90151
threshold=32.500000000000007 27.650000000000006 5.7999999999999989 -0.97876850416056738 256.50000000000006 33.500000000000007 33.550000000000004 276.50000000000006 274.50000000000006 263.50000000000006 -0.99983123799342477 -0.99273797715557011 31.450000000000003 -0.98801846520836312 6.5000000000000009 33.150000000000013 -0.94703994556331683 695.00000000000011 0.091259403071267925 27.750000000000004 3.7000000000000006 15.500000000000002 -0.99864786094873803 184.50000000000003 33.500000000000007 30.650000000000006 6.5000000000000009 30.750000000000004 0.0023684210526315795 29.750000000000004
decision_type=2 2 2 2 2 2 2 2 2 2 2 2 2 2 2 2 2 2 2 2 2 2 2 2 2 2 2 2 2 2
left_child=10 -2 7 -4 6 -6 -5 8 9 -3 19 12 22 29 18 17 -17 -15 -14 -1 -16 -10 23 -12 -9 -26 27 28 -21 -13
right_child=1 2 3 4 5 -7 -8 24 21 -11 11 13 14 15 20 16 -18 -19 -20 26 -22 -23 -24 -25 25 -27 -28 -29 -30 -31
leaf_value=0.00017741395980772716 0.011685243064286822 0.00011908963493647285 -0.0025389484090013836 -0.00018791847444326118 0.00047738721294216386 -0.002229246945482492 -6.4190894265671314e-05 0.020990444119656167 -0.014575937542564789 0.0050362547316563895 0.043484712428158413 -0.0045034012967057552 0.0022500992984086934 -0.001204589810542256 -0.0012288845023821675 0.0099836600326631414 -0.00082799587840981796 3.0425985256167522e-05 -0.00038742187785848208 -0.0017162752701936068 1.8282921922463392e-06 2.6586898975924229e-05 0.029966232603518741 -0.028826138909834077 0.040556476553719238 -0.00054380269828002703 -0.025786745497935682 -0.0022931015223414068 0.0052332058741934697 -0.00031195167603167848
leaf_weight=104 163 17904 204 275 250 42 2091 168 192 1008 240 239 207 50959 233 108 1136 52622 307 20 49 90 474 73 57 164 185 78 45 193
leaf_count=104 163 17904 204 275 250 42 2091 168 192 1008 240 239 207 50959 233 108 1136 52622 307 20 49 90 474 73 57 164 185 78 45 193
internal_value=0.000105097 0.00137783 0.00120851 -0.00337177 -0.00174944 0.0142123 -0.00371936 0.0018779 0.00163072 0.00187183 -0.000163137 -0.000118869 0.00825963 -0.000244877 -0.000753769 -0.000179108 -0.00755627 -9.05089e-05 0.007393 -0.0111111 -0.0156028 -0.014539 0.0173761 0.00934505 0.0140746 0.00622172 -0.0172256 -0.00751748 0.0111538 -0.0162037
internal_weight=129880 22608 22445 2862 2658 292 2366 19583 19194 18912 107272 106840 1583 105257 796 104825 1244 103581 514 432 282 282 787 313 389 221 328 143 65 432
internal_count=129880 22608 22445 2862 2658 292 2366 19583 19194 18912 107272 106840 1583 105257 796 104825 1244 103581 514 432 282 282 787 313 389 221 328 143 65 432
is_linear=0
shrinkage=0.05


Tree=234
num_leaves=31
num_cat=0
split_feature=19 19 71 6 19 6 9 9 10 19 17 10 0 1 71 19 19 1 1 20 9 1 1 8 17 19 16 6 10 22
split_gain=15.306 37.1076 22.9298 25.9639 17.59 35.6585 31.9386 39.0895 31.7696 44.0262 29.8863 29.617 29.1474 27.3014 26.4159 21.4222 29.4193 19.4275 16.7119 14.493 13.6502 15.0062 16.2722 13.0791 13.0018 31.024 6.85819 5.79012 6.5501 5.1377
threshold=6.7500000000000009 6.7000000000000011 1.8000000000000063 1155.0000000000002 4.5499999999999998 695.00000000000011 0.99053107487289871 0.96687895796550427 -0.83375966452616657 4.6999999999999984 21.500000000000004 -0.75581183015052977 11.550000000000002 26.350000000000005 1.1000000000000012 6.0000000000000053 6.1500000000000012 35.150000000000013 18.550000000000004 -1.2000000000000017 0.97112537654464559 34.850000000000001 30.950000000000003 260.50000000000006 22.500000000000004 7.8500000000000005 395.00000000000006 1355.0000000000002 -0.8611288361322974 1.0000000180025095e-35
decision_type=2 2 2 2 2 2 2 2 2 2 2 2 2 2 2 2 2 2 2 2 2 2 2 2 2 2 2 2 2 2
left_child=1 4 19 20 5 6 7 -1 15 10 -10 -11 -7 -8 -14 17 -17 -6 -5 26 21 22 -4 -23 -20 -26 -2 -21 -29 -28
right_child=2 -3 3 18 8 12 13 -9 9 11 -12 -13 14 -15 -16 16 -18 -19 24 27 -22 23 -24 -25 25 -27 29 28 -30 -31
leaf_value=-0.00054795488861187909 -0.0004240821752074159 -0.0031517486078433709 9.0603357415662564e-05 -0.002813284532716372 6.1950303914981575e-05 0.0014885604050945509 -0.0064717432308222106 0.031760871858404018 0.0021371112798897764 -0.0026071935022745712 -0.00049974098098913219 -5.5301847629583152e-05 0.00014889548510921391 -0.003093834970135401 4.4125419865685e-05 -0.00044877586484761702 0.00020615276556141399 -0.0032648832414301446 0.00033513992931931554 -0.00021800611441366216 -0.0021998418067260606 -0.0016585152741735423 0.00076332700583705703 1.5457547076076773e-05 9.2755847542893427e-05 -0.0053264937587380289 0.00078133862047099426 -0.0017213529561579705 5.6314527919527178e-06 -7.8297826844678106e-05
leaf_weight=58695 41 171 525 28 4120 198 1757 1931 224 598 1548 19005 10329 481 27436 253 617 163 224 162 138 130 244 29 541 56 85 28 76 47
leaf_count=58695 41 171 525 28 4120 198 1757 1931 224 598 1548 19005 10329 481 27436 253 617 163 224 162 138 130 244 29 541 56 85 28 76 47
internal_value=0.000104327 3.0582e-05 0.00409941 0.00646214 6.1835e-05 0.000363246 -0.00036746 -0.000150925 -0.00108376 -0.00193333 -0.00948081 -0.00125108 0.00157324 -0.00623324 0.00147292 0.00244033 -0.00471264 0.0038933 0.0129859 -0.00620729 0.00126642 0.00344828 0.0063394 -0.0105346 0.0142814 0.0104271 0.0050578 -0.0135338 -0.00432692 0.0106061
internal_weight=129880 127526 2354 1915 127355 100827 62864 60626 26528 21375 1772 19603 37963 2238 37765 5153 870 4283 849 439 1066 928 769 159 821 597 173 266 104 132
internal_count=129880 127526 2354 1915 127355 100827 62864 60626 26528 21375 1772 19603 37963 2238 37765 5153 870 4283 849 439 1066 928 769 159 821 597 173 266 104 132
is_linear=0
shrinkage=0.05


Tree=235
num_leaves=31
num_cat=0
split_feature=17 1 0 10 10 16 17 18 1 10 9 9 19 17 55 0 1 9 6 8 8 8 9 8 18 1 7 19 1 8
split_gain=18.8476 35.7549 20.6719 31.4691 35.1126 28.4586 28.1976 81.3716 31.655 26.9513 26.4854 69.7854 29.6487 21.9211 20.0506 17.1625 24.0483 39.9254 42.6547 42.5978 27.4115 41.9942 27.2889 22.5939 26.361 16.1873 15.1672 15.1149 19.5983 18.4083
threshold=32.500000000000007 27.650000000000006 28.325000000000006 -0.99273797715557011 -0.96234030595689413 635.00000000000011 27.500000000000004 22.500000000000004 23.150000000000006 -0.99983123799342477 0.42179998225932674 0.35846314187849709 1.6000000000000025 31.500000000000004 0.26500000000000007 28.025000000000002 29.650000000000009 -0.96235977360714686 555.00000000000011 256.50000000000006 260.50000000000006 241.50000000000003 -0.99866806308218525 257.50000000000006 27.500000000000004 31.850000000000005 6.5000000000000009 1.3000000000000005 28.650000000000006 200.50000000000003
decision_type=2 2 2 2 2 2 2 2 2 2 2 2 2 2 2 2 2 2 2 2 2 2 2 2 2 2 2 2 2 2
left_child=2 -2 3 26 5 14 8 -8 -6 -4 11 25 -12 -14 -5 23 20 18 -18 -19 21 -17 -22 27 -25 -11 -1 29 -29 -3
right_child=1 15 9 4 6 -7 7 -9 -10 10 12 -13 13 -15 -16 16 17 19 -20 -21 22 -23 -24 24 -26 -27 -28 28 -30 -31
leaf_value=0.048270150805493905 0.01112837865550307 0.049696417156228058 -0.0022240363518941839 -0.015143158964252758 3.2701095211602753e-05 0.0015519322215430725 0.0064105110109789303 5.4056519218503159e-05 -0.000241025847960092 -1.3228550734662587e-05 -0.027169603765395924 0.0082151602182791213 -0.0027324412544020324 0.00012035670092559945 0.003080339276320271 0.012661785623584332 -0.007004770175616782 5.4912790811598171e-05 -0.00029601800023239152 0.0020965316816118741 0.0006886825665120889 -0.0054039038047150713 0.021116257604133895 0.019518480337935885 -0.0028942849600325704 -0.00039061791263009796 0.0003295324205499518 0.018273776306818101 -0.0036185383317416126 -0.011455556894074181
leaf_weight=183 163 23 298 555 36908 62 1284 27375 20801 11497 394 433 1794 646 59 2448 347 15433 1686 291 207 654 372 124 93 4728 255 53 438 276
leaf_count=183 163 23 298 555 36908 62 1284 27375 20801 11497 394 433 1794 646 59 2448 347 15433 1686 291 207 654 372 124 93 4728 255 53 438 276
internal_value=4.81213e-05 0.00136014 -0.000228391 0.000101735 3.44653e-05 -0.0113166 0.00012331 0.00140532 -0.000513351 -0.00168772 -0.00145957 -0.000699364 -0.00592802 -0.00387295 -0.0145765 0.00119069 0.00149034 0.000727882 -0.00586572 0.00158039 0.00516843 0.00330432 0.0151554 -0.00518868 0.00910138 -0.00122804 0.0134703 -0.00911392 -0.0037169 -0.0179766
internal_weight=129880 22608 107272 87482 87044 676 86368 28659 57709 19790 19492 16658 2834 2440 614 22445 21438 17757 2033 15724 3681 3102 579 1007 217 16225 438 790 491 299
internal_count=129880 22608 107272 87482 87044 676 86368 28659 57709 19790 19492 16658 2834 2440 614 22445 21438 17757 2033 15724 3681 3102 579 1007 217 16225 438 790 491 299
is_linear=0
shrinkage=0.05


Tree=236
num_leaves=31
num_cat=0
split_feature=19 19 8 10 19 1 8 19 1 1 8 8 20 1 19 4 19 6 18 70 1 17 19 8 8 15 6 70 17 16
split_gain=23.6492 27.5054 39.5208 27.6663 47.1725 41.236 65.8927 39.6503 22.5041 31.058 32.9788 28.4736 22.3647 21.286 49.2179 20.8283 19.6954 30.8456 29.4388 18.7311 15.3371 25.5721 24.792 25.6283 18.0147 14.7838 13.959 10.0236 7.77529 6.93902
threshold=6.7500000000000009 6.2000000000000011 253.50000000000003 0.40418040343369133 6.3000000000000034 30.225000000000005 192.50000000000003 6.4000000000000048 35.350000000000001 34.550000000000004 218.50000000000003 256.50000000000006 0.42000000000000354 25.650000000000006 6.3000000000000034 14.500000000000002 4.4000000000000048 695.00000000000011 28.500000000000004 4.0999999999999996 21.950000000000003 22.500000000000004 7.5499999999999998 202.50000000000003 260.50000000000006 35.750000000000007 925.00000000000011 0.6000000000000002 23.500000000000004 25.000000000000004
decision_type=2 2 2 2 2 2 2 2 2 2 2 2 2 2 2 2 2 2 2 2 2 2 2 2 2 2 2 2 2 2
left_child=1 8 3 5 26 7 -7 -3 9 16 15 -12 20 14 19 -11 17 -1 -18 -4 -2 -22 23 -23 -24 -10 -5 -15 -14 -6
right_child=12 2 13 4 29 6 -8 -9 25 10 11 -13 28 27 -16 -17 18 -19 -20 -21 21 22 24 -25 -26 -27 -28 -29 -30 -31
leaf_value=-0.00041733738585620353 -3.8707454160016866e-05 -0.0041686727991824294 -0.0022471039911216191 -0.0072362849527223914 -0.0036340237694884427 -0.0029271729491835126 0.001093173662117454 0.0038998748095417633 -0.0079837191241679799 -0.0053286040357497103 -0.0045547040522961888 0.0019917050975312794 0.00099887706878447552 -0.00029730478370802054 0.00070128680342407669 0.00034899393438842175 -6.1076641076791149e-05 8.6767386402151748e-05 0.00018435723705826219 0.00013748390486688057 0.0017110903295843834 9.2999432418541812e-06 -0.0048047405826443625 7.8326852735551708e-05 9.9372276778909972e-06 0.00039709083469817376 0.00063130284802141246 -0.0013162196334034865 -0.0021473998093464986 -0.0039966609742273958
leaf_weight=62800 194 70 187 28 51 457 614 385 165 80 155 64 102 110 141 530 23510 35942 1132 37 305 538 139 679 167 41 108 639 230 280
leaf_count=62800 194 70 187 28 51 457 614 385 165 80 155 64 102 110 141 530 23510 35942 1132 37 305 538 139 679 167 41 108 639 230 280
internal_value=-1.69387e-05 -0.000108605 -0.00475539 -0.000539388 -0.0111884 0.00271953 -0.00263772 0.0153297 7.43456e-06 3.48192e-05 0.00968034 -0.00696347 0.00494902 -0.012298 -0.00239726 0.0156557 -2.99877e-05 0.000285593 -0.00129454 -0.0169643 0.00692384 0.00834245 0.00569599 0.00889482 -0.00702614 -0.0165049 0.0136029 -0.0171228 -0.00707831 -0.0213746
internal_weight=129880 127526 3107 1993 467 1526 1071 455 124419 124213 829 219 2354 1114 365 610 123384 98742 24642 224 2022 1828 1523 1217 306 206 136 749 332 331
internal_count=129880 127526 3107 1993 467 1526 1071 455 124419 124213 829 219 2354 1114 365 610 123384 98742 24642 224 2022 1828 1523 1217 306 206 136 749 332 331
is_linear=0
shrinkage=0.05


Tree=237
num_leaves=31
num_cat=0
split_feature=19 19 8 1 19 16 10 19 1 8 19 17 8 8 8 1 10 10 1 10 20 1 10 1 10 19 1 1 0 6
split_gain=23.451 34.9091 34.8901 26.5888 43.5636 27.5853 22.6849 54.7201 46.9962 54.8683 39.399 21.4533 37.2056 33.4842 40.2242 34.1238 24.9427 37.3546 55.0638 30.2325 18.2299 15.4083 25.8315 26.9334 27.9241 23.9887 13.7954 31.8196 11.7951 10.2047
threshold=6.7500000000000009 6.2000000000000055 247.50000000000003 25.650000000000006 6.3000000000000034 675.00000000000011 0.40418040343369133 6.3000000000000034 30.225000000000005 192.50000000000003 6.4000000000000048 32.500000000000007 276.50000000000006 241.50000000000003 245.50000000000003 28.350000000000005 -0.99983123799342477 -0.99273797715557011 31.450000000000003 -0.98801846520836312 0.6000000000000002 21.950000000000003 0.52583933546504591 31.450000000000003 -0.57782411410281842 6.9500000000000028 30.650000000000006 30.750000000000004 27.750000000000004 925.00000000000011
decision_type=2 2 2 2 2 2 2 2 2 2 2 2 2 2 2 2 2 2 2 2 2 2 2 2 2 2 2 2 2 2
left_child=1 11 6 4 5 -4 8 29 10 -10 -3 16 13 15 -15 -13 28 18 -18 -19 21 -2 23 25 -25 -23 -14 -28 -1 -8
right_child=20 2 3 -5 -6 -7 7 -9 9 -11 -12 12 26 14 -16 -17 17 19 -20 -21 -22 22 -24 24 -26 -27 27 -29 -30 -31
leaf_value=0.00014028349721427491 -3.6772081452016159e-05 -0.0039602391592233081 -0.0021347487915655385 -0.0011015415891282548 0.00066622246325287286 0.00013060970962353654 -0.0037352033393130649 -0.0037968279255160262 -0.0027808143017243369 0.0014864662482960687 0.0037048810690646751 0.017380954360770008 0.029657075049031256 -0.0047127144927547543 -3.2188701194826863e-06 0.00013630605875614293 0.029251336963807439 -0.0035328564272333971 -1.6141788513711343e-05 -2.0888801802960988e-05 -0.0019109072455295484 -0.0019536926508317495 0.0014277749205061864 8.0998813303374825e-06 0.00027462628478799807 8.8349460797609861e-06 -0.021368502052971718 0.00080730359937099337 -0.0021958889184545212 0.00070373390965962422
leaf_weight=104 197 70 174 800 141 50 20 331 454 448 385 168 201 1008 4191 15492 787 432 657 100873 289 160 315 408 465 520 61 248 328 103
leaf_count=104 197 70 174 800 141 50 20 331 454 448 385 168 201 1008 4191 15492 787 432 657 100873 289 160 315 408 465 520 61 248 328 103
internal_value=-1.73237e-05 -0.000108605 -0.00546035 -0.0122103 -0.0010274 -0.0147321 -0.00111817 -0.010793 0.00211864 -0.00449002 0.0152198 1.92694e-05 0.00146123 0.001135 -0.0023418 0.00228927 -0.000279363 -0.000228956 0.00775623 -0.000342777 0.00492778 0.00657385 0.00797645 0.0053284 0.0111397 -0.00213235 0.0148039 0.00817152 -0.0122685 0.0176829
internal_weight=129880 127526 2976 1165 365 224 1811 454 1357 902 455 124550 21369 20859 5199 15660 103181 102749 1444 101305 2354 2065 1868 1553 873 680 510 309 432 123
internal_count=129880 127526 2976 1165 365 224 1811 454 1357 902 455 124550 21369 20859 5199 15660 103181 102749 1444 101305 2354 2065 1868 1553 873 680 510 309 432 123
is_linear=0
shrinkage=0.05


Tree=238
num_leaves=31
num_cat=0
split_feature=15 17 1 18 1 17 1 10 8 10 1 9 19 71 34 9 70 20 70 16 12 45 70 1 0 18 15 6 1 4
split_gain=20.747 21.7929 42.8761 37.1162 27.3555 26.0781 38.7242 37.2357 40.274 37.438 26.1336 25.9305 35.1397 23.4472 20.9831 17.3981 15.1684 14.4826 14.4033 11.4664 12.8434 12.1305 11.4717 8.99481 8.28986 7.65277 7.39409 4.75073 4.13082 3.95145
threshold=9.7500000000000018 15.500000000000002 14.65 9.5000000000000018 10.350000000000003 18.500000000000004 15.450000000000001 0.96407344085605606 357.50000000000006 0.94909129669788206 20.150000000000002 -0.12546116083924153 2.3999999999999999 2.699999999999998 0.0028947368421052637 0.40614137006726808 0.59999999999999887 0.09999999999999877 0.2999999999999981 45.000000000000007 1.0000000180025095e-35 0.0044736842105263163 1.4999999999999993 13.550000000000002 14.950000000000001 12.500000000000002 12.750000000000002 965.00000000000011 14.850000000000003 9.5000000000000018
decision_type=2 2 2 2 2 2 2 2 2 2 2 2 2 2 2 2 2 2 2 2 2 2 2 2 2 2 2 2 2 2
left_child=-1 3 11 4 17 7 28 9 -9 -4 -8 12 14 16 -3 -15 -6 -2 25 21 26 -5 -22 -20 -23 -13 -21 -14 -7 -19
right_child=1 2 5 19 13 6 10 8 -10 -11 -12 18 27 15 -16 -17 -18 29 23 20 22 24 -24 -25 -26 -27 -28 -29 -30 -31
leaf_value=0.0092953457614141314 -0.014790116631551801 -0.032316020070939921 -0.00016172215377342397 -0.010032901424778674 0.031493914688903279 0.019905801003006166 0.00039399097337329965 0.00087303993407271624 -0.0030801590288992344 -0.0032839940181374483 -1.1480382446055204e-05 0.0074856308036278518 0.011611929416072812 -0.00033788492235567588 0.004163388420916481 0.0035052059623499328 6.1998635182947131e-05 -0.0079103662971572921 0.013253703713537558 -0.013895543624224228 -0.00022665453788014148 0.034981566098852702 0.0028398781586052237 0.040446505991344077 -0.0047708881052073576 -0.0069543751814882043 -0.002253941152270639 0.0014092034008492838 0.052667690674020308 0.0038282419342342434
leaf_weight=116 145 175 2765 103 250 67 12509 954 875 437 108178 255 44 497 43 79 281 21 390 125 118 69 47 354 29 127 517 80 179 51
leaf_count=116 145 175 2765 103 250 67 12509 954 875 437 108178 255 44 497 43 79 281 21 390 125 118 69 47 354 29 127 517 80 179 51
internal_value=-1.53988e-05 -3.4293e-05 5.33618e-05 -0.00482419 0.000679758 -4.5648e-05 0.000101089 -0.00357285 0.00211864 -0.00682386 6.06942e-05 0.00854905 -0.00350877 0.00386179 -0.0155963 -0.003125 0.0114407 -0.015553 0.0122114 -0.0120536 -0.014715 -0.00136816 -0.00227273 0.0162634 0.0112245 0.00431937 -0.0179128 0.0177419 0.0199187 0.00277778
internal_weight=129880 129764 127432 2332 1324 125964 120933 5031 1829 3202 120687 1468 342 1107 218 576 531 217 1126 1008 807 201 165 744 98 382 642 124 246 72
internal_count=129880 129764 127432 2332 1324 125964 120933 5031 1829 3202 120687 1468 342 1107 218 576 531 217 1126 1008 807 201 165 744 98 382 642 124 246 72
is_linear=0
shrinkage=0.05


Tree=239
num_leaves=31
num_cat=0
split_feature=17 1 10 19 9 9 18 8 8 8 10 1 1 8 6 10 19 1 0 10 22 8 9 6 17 0 1 7 1 35
split_gain=16.1352 34.2169 25.2038 24.4896 39.7794 27.8584 41.7294 23.7313 26.8047 23.4824 22.8538 55.5532 33.5361 24.8942 22.3186 68.8892 40.539 38.6851 34.1951 30.9332 26.1526 17.6207 31.3498 13.7935 12.9386 11.7951 10.3239 9.64641 16.0009 7.90427
threshold=32.500000000000007 27.650000000000006 -0.99983123799342477 5.7999999999999989 -0.97876850416056738 0.48314048284850658 27.500000000000004 276.50000000000006 274.50000000000006 150.50000000000003 -0.99273797715557011 31.450000000000003 33.650000000000013 176.50000000000003 665.00000000000011 -0.96234030595689413 4.4000000000000048 28.225000000000005 11.550000000000002 -0.94703994556331683 1.0000000180025095e-35 184.50000000000003 -0.048361574224334618 925.00000000000011 33.500000000000007 27.750000000000004 30.350000000000005 6.5000000000000009 30.750000000000004 0.0023684210526315795
decision_type=2 2 2 2 2 2 2 2 2 2 2 2 2 2 2 2 2 2 2 2 2 2 2 2 2 2 2 2 2 2
left_child=2 -2 25 7 -5 6 -6 8 9 -3 11 21 13 -13 15 20 18 -17 -16 -18 -12 -4 -23 -10 -9 -1 -26 28 29 -27
right_child=1 3 10 4 5 -7 -8 24 23 -11 14 12 -14 -15 16 17 19 -19 -20 -21 -22 22 -24 -25 26 27 -28 -29 -30 -31
leaf_value=0.00013384334147586394 0.0091105468586914814 0.028651397998112584 0.037483241051131121 -0.0022729729159093252 0.00022756095822977775 -0.001562358816398005 -9.3307961160771233e-05 0.018180870300236712 -0.013447902580304039 0.00015807647270788539 -0.017505012169295699 0.0005135074622506675 8.4140838348938099e-05 -0.00090791556597097237 0.0013387432308068195 -0.00012813097017950749 0.00056096111666377316 -0.0091938952280148142 8.9047966584057981e-05 -5.3650796916518076e-05 0.038975250436788816 0.0158113629953343 -0.028815036800714556 3.4248776353631997e-05 0.036038824726220713 -0.0013606266103207865 -0.00037586438182103389 -0.024227573326675758 -0.0019634208038979903 0.0052413804768469355
leaf_weight=104 163 124 574 204 568 163 1927 168 186 18788 938 158 109 529 213 40059 499 7845 33807 21762 134 140 73 96 54 20 167 185 78 45
leaf_count=104 163 124 574 204 568 163 1927 168 186 18788 938 158 109 529 213 40059 499 7845 33807 21762 134 140 73 96 54 20 167 185 78 45
internal_value=4.0037e-05 0.00125398 -0.000215807 0.00108822 -0.00323201 -0.00159895 -0.000290581 0.0017196 0.00147181 0.00169998 -0.000167072 0.00579596 -0.00351759 -0.00760553 -0.000256753 -0.00103724 0.000422434 -0.000756722 0.00150794 -0.00123647 -0.0135728 0.015216 0.00293427 -0.0138298 0.013946 -0.0122685 0.00599548 -0.0169207 -0.00716783 0.0111538
internal_weight=129880 22608 107272 22445 2862 2658 2495 19583 19194 18912 106840 1583 796 687 105257 48976 56281 47904 34020 22261 1072 787 213 282 389 432 221 328 143 65
internal_count=129880 22608 107272 22445 2862 2658 2495 19583 19194 18912 106840 1583 796 687 105257 48976 56281 47904 34020 22261 1072 787 213 282 389 432 221 328 143 65
is_linear=0
shrinkage=0.05


Tree=240
num_leaves=31
num_cat=0
split_feature=19 19 1 1 1 1 9 19 6 0 10 19 9 9 1 17 1 10 0 8 19 56 20 23 10 20 4 1 16 6
split_gain=14.9724 36.9789 19.8859 32.3747 20.0164 35.3564 24.2717 19.4632 31.5041 31.8107 30.436 39.5689 30.2237 37.5123 28.2339 28.0471 26.0295 25.5189 19.3801 18.341 20.569 15.3568 14.2327 10.1634 9.28487 7.90687 7.68547 7.11813 3.4062 2.8632
threshold=6.7500000000000009 6.7000000000000011 34.850000000000001 35.45000000000001 31.450000000000003 29.550000000000008 -0.98214942551678475 4.5499999999999998 695.00000000000011 11.550000000000002 -0.83375966452616657 4.6999999999999984 0.99053107487289871 0.96687895796550427 26.350000000000005 21.500000000000004 33.45000000000001 -0.75581183015052977 15.15 214.50000000000003 4.8500000000000023 1.0000000180025095e-35 1.3999999999999961 24.500000000000004 -0.49065906150552346 -0.89999999999999758 18.500000000000004 35.550000000000004 595.00000000000011 915.00000000000011
decision_type=2 2 2 2 2 2 2 2 2 2 2 2 2 2 2 2 2 2 2 2 2 2 2 2 2 2 2 2 2 2
left_child=1 7 4 -4 5 6 -2 8 12 -10 19 15 13 -1 -14 -12 -11 -13 -8 20 -9 28 23 26 -23 -5 -6 -27 -7 -21
right_child=2 -3 3 25 22 21 18 10 9 16 11 17 14 -15 -16 -17 -18 -19 -20 29 -22 24 -24 -25 -26 27 -28 -29 -30 -31
leaf_value=-0.00051040188464510636 -0.0083196811230429914 -0.0031003557183722449 -0.0015718044316639268 4.3665767396747218e-05 0.00073030045326865983 -0.0020923484603087004 -6.3134032362559758e-05 -2.5650668827429878e-05 0.0012718060692664785 8.4806521256951964e-05 0.0020496618394054084 -0.0024721818220096517 -0.0061317581938656225 0.030199017316537138 -0.0029129541705753105 -0.00048859084687731395 -0.0046992188461161518 -5.0520366173389866e-05 0.00018663234835420846 0.0034758953113704309 4.2793156000949661e-05 -0.001806457183573879 -0.0090494019759279516 -0.001011672655340401 5.8489768473980748e-06 6.7026667031961504e-05 0.00076382901118336808 -6.2409652657163812e-06 -2.5430449993754304e-05 0.0021342455595883768
leaf_weight=58695 57 171 173 109 231 195 87 1056 198 37484 224 598 1757 1931 481 1548 281 19005 953 23 3974 26 23 28 48 34 322 48 20 100
leaf_count=58695 57 171 173 109 231 195 87 1056 198 37484 224 598 1757 1931 481 1548 281 19005 953 23 3974 26 23 28 48 34 322 48 20 100
internal_value=6.31352e-05 -9.80192e-06 0.00401444 -0.00673077 0.0059799 0.00266955 0.00676846 2.13969e-05 0.000338451 0.00147578 -0.00118366 -0.0020152 -0.000348371 -0.00013773 -0.00605451 -0.00917043 0.00137098 -0.00136841 0.00850962 0.00226567 0.0017992 -0.0128893 0.0135762 0.0151033 0.00675676 0.00746073 0.0165913 -0.00426829 -0.0196512 0.0213415
internal_weight=129880 127526 2354 364 1990 1386 1097 127355 100827 37963 26528 21375 62864 60626 2238 1772 37765 19603 1040 5153 5030 289 604 581 74 191 553 82 215 123
internal_count=129880 127526 2354 364 1990 1386 1097 127355 100827 37963 26528 21375 62864 60626 2238 1772 37765 19603 1040 5153 5030 289 604 581 74 191 553 82 215 123
is_linear=0
shrinkage=0.05


Tree=241
num_leaves=31
num_cat=0
split_feature=10 10 19 19 0 1 10 1 1 19 18 0 1 10 9 22 17 8 10 18 1 19 17 8 8 1 6 19 19 8
split_gain=17.5967 43.4232 64.7354 57.4764 56.7213 31.6727 26.7279 37.7414 55.2834 44.1142 41.3335 39.8296 37.2759 34.7367 34.5942 31.2972 24.797 41.8122 24.3997 22.4589 22.4226 29.9202 23.9525 43.94 70.6193 50.8164 23.4518 20.5185 23.9765 19.3953
threshold=-0.79382744783423187 -0.75581183015052977 3.3000000000000003 4.8500000000000023 24.733333333333338 24.350000000000005 -0.87810534180523914 32.150000000000013 33.050000000000004 6.4000000000000004 26.500000000000004 27.950000000000003 26.550000000000008 -0.83375966452616657 -0.44504625642270151 1.0000000180025095e-35 32.500000000000007 221.50000000000003 -0.86974577485258975 26.500000000000004 33.45000000000001 4.8500000000000023 32.500000000000007 241.50000000000003 263.50000000000006 28.850000000000005 875.00000000000011 6.9500000000000028 6.6000000000000041 221.50000000000003
decision_type=2 2 2 2 2 2 2 2 2 2 2 2 2 2 2 2 2 2 2 2 2 2 2 2 2 2 2 2 2 2
left_child=5 2 4 29 -2 -1 12 10 18 -10 13 -12 -7 -8 19 -16 17 -6 -9 -14 22 -22 27 25 -25 -24 -23 28 -3 -4
right_child=1 20 3 -5 16 6 7 8 9 -11 11 -13 14 -15 15 -17 -18 -19 -20 -21 21 26 23 24 -26 -27 -28 -29 -30 -31
leaf_value=-0.025056224209484973 0.033662048755231579 -8.9056929803078843e-06 0.00010885891224583977 -0.0028453131865318598 -0.0027790165707795023 0.013959334646321531 0.0042269967334249868 8.3908754441308631e-06 0.0014173625430081507 -0.00052417050628182171 0.019720627573547977 0.0022763052691905372 0.00039056806380645615 -0.0037337974339932962 -2.0132183726617392e-05 0.0012988929970190384 -0.029334352398805198 -0.0001510683944555457 -0.0030393398877172919 -0.0037638139100015719 -0.0033140515770680307 -0.010083766565929849 -0.0044021021415155742 -0.0021055779242632098 0.0050243877725153797 0.010962849606654279 -7.8617128179303563e-06 0.00010063357365286269 -0.0010406819323950439 0.0011034234728758245
leaf_weight=122 101 89734 261 127 717 453 864 79 731 296 690 2346 288 864 15552 3024 456 608 610 576 212 274 106 3285 1418 1590 2091 1195 888 322
leaf_count=122 101 89734 261 127 717 453 864 79 731 296 690 2346 288 864 15552 3024 456 608 610 576 212 274 106 3285 1418 1590 2091 1195 888 322
internal_value=8.73884e-05 -0.000207235 -0.00659722 0.00626761 -0.0114506 0.00123703 0.00135461 0.00414352 -0.00221445 0.00513632 0.00643367 0.0099473 0.000446137 0.000260417 0.000115741 0.000570629 -0.0135177 -0.0100566 -0.0131713 -0.00966435 -4.29097e-05 -0.00464688 7.78895e-05 0.00303563 0.000547523 0.00993514 -0.00303383 -0.000128244 -0.000214076 0.0129074
internal_weight=129880 103385 2592 710 1882 26495 26373 6480 1716 1027 4764 3036 19893 1728 19440 18576 1781 1325 689 864 100793 2577 98216 6399 4703 1696 2365 91817 90622 583
internal_count=129880 103385 2592 710 1882 26495 26373 6480 1716 1027 4764 3036 19893 1728 19440 18576 1781 1325 689 864 100793 2577 98216 6399 4703 1696 2365 91817 90622 583
is_linear=0
shrinkage=0.05


Tree=242
num_leaves=31
num_cat=0
split_feature=30 70 10 8 17 4 1 1 1 1 17 1 19 8 16 71 1 17 16 70 9 1 1 10 21 10 19 61 17 16
split_gain=14.1077 15.1567 13.7989 42.8092 41.6098 53.3025 37.3373 33.2775 16.0444 39.9911 34.2196 28.8141 34.823 24.3088 23.642 10.2711 9.99371 13.3902 8.70797 15.9842 15.3368 4.98759 13.2349 3.39103 2.39359 2.11564 2.11276 1.99312 1.70068 1.28877
threshold=3.149999999999999 5.3000000000000034 -0.97874870457683594 192.50000000000003 33.500000000000007 13.500000000000002 28.550000000000008 29.850000000000005 31.850000000000005 31.550000000000008 1.0000000180025095e-35 32.150000000000013 4.2999999999999963 259.50000000000006 85.000000000000014 4.5999999999999996 31.850000000000005 29.500000000000004 645.00000000000011 8.4500000000000046 -0.89406062840022227 34.650000000000013 34.850000000000001 -0.96234030595689413 1.5000000000000002 -0.99938741687870725 7.0000000000000018 0.39473684210526322 30.500000000000004 525.00000000000011
decision_type=2 2 2 2 2 2 2 2 2 2 2 2 2 2 2 2 2 2 2 2 2 2 2 2 2 2 2 2 2 2
left_child=1 2 3 6 5 -5 25 -8 9 10 -4 12 -10 -13 -11 -6 17 18 20 -20 -3 24 26 -2 -18 -1 -23 -25 -19 -24
right_child=23 16 8 4 15 -7 7 -9 11 14 -12 13 -14 -15 -16 -17 21 28 19 -21 -22 22 29 27 -26 -27 -28 -29 -30 -31
leaf_value=0.044824549553717841 0.00014681246140619791 0.0088947405959069279 0.023099517300226115 -0.037762685334511652 0.022483476964198824 0.0009000539086728099 -0.0033745336815074857 5.5281473637892878e-05 -0.00018449678844386711 0.00071470835093603304 -8.2461292924093664e-06 7.9713316719243209e-06 -0.0031241859392264937 -0.00083963040307376909 0.00047789444928788562 7.8874106022146931e-05 -0.0022884079705715902 0.00090022993479950625 0.00021810436011099845 -1.6846289612076292e-05 -0.0015494477020783935 0.008377551652966924 -0.0013222078819937956 0.00072322400523087765 -4.9118726373753585e-05 0.032588180985365735 3.53614972019807e-05 0.0038450725922698232 0.00065038289528690377 -0.0010084440128026717
leaf_weight=64 36 41 208 168 458 120 1742 4929 791 619 106660 8891 864 2192 714 113 140 49 207 80 346 29 25 28 34 143 26 94 21 48
leaf_count=64 36 41 208 168 458 120 1742 4929 791 619 106660 8891 864 2192 714 113 140 49 207 80 346 29 25 28 34 143 26 94 21 48
internal_value=-5.81306e-05 -7.6317e-05 -2.75887e-05 0.00201952 0.0125437 -0.00295139 0.000705147 5.62135e-05 -0.000158551 3.90477e-05 -6.83086e-05 -0.00183702 -0.00799094 -0.000918073 0.00864591 0.020359 -0.00607075 -0.00295699 -0.00511869 0.00148084 -0.0100129 -0.0137417 -0.00625 0.0148734 -0.0192529 0.0216184 0.0122727 0.0188525 0.0178571 -0.0202055
internal_weight=129880 129722 128676 7737 859 288 6878 6671 120939 108201 106868 12738 1655 11083 1333 571 1046 744 674 287 387 302 128 158 174 207 55 122 70 73
internal_count=129880 129722 128676 7737 859 288 6878 6671 120939 108201 106868 12738 1655 11083 1333 571 1046 744 674 287 387 302 128 158 174 207 55 122 70 73
is_linear=0
shrinkage=0.05


Tree=243
num_leaves=31
num_cat=0
split_feature=1 17 1 19 1 10 1 9 8 71 34 17 1 10 0 8 4 19 17 1 1 8 6 10 7 1 8 4 10 16
split_gain=14.2113 85.4096 61.0462 47.1226 83.0477 35.1811 33.4107 44.8937 32.5731 32.5245 32.0835 31.8398 69.3622 52.5533 31.4532 29.618 29.469 29.2122 28.7427 59.7792 44.8781 26.3726 25.432 24.5604 43.1454 34.3451 33.6218 24.2936 21.9336 21.5286
threshold=20.150000000000002 21.500000000000004 20.350000000000005 1.7000000000000004 19.250000000000004 0.99958851518450398 21.037500000000005 -0.082689790342551819 8.5000000000000018 0.5999999999999962 1.5042105263157899 28.500000000000004 26.250000000000004 -0.52034141052533245 17.550000000000004 18.500000000000004 14.500000000000002 1.8999999999999997 19.500000000000004 16.250000000000004 17.950000000000003 20.500000000000004 265.00000000000006 0.96633974041180493 1.5000000000000002 19.850000000000005 4.5000000000000009 10.500000000000002 0.99995376255531909 805.00000000000011
decision_type=2 2 2 2 2 2 2 2 2 2 2 2 2 2 2 2 2 2 2 2 2 2 2 2 2 2 2 2 2 2
left_child=1 3 14 4 18 6 7 29 -5 -9 23 13 -13 -8 -2 17 28 -10 20 -20 -1 22 -16 24 25 -3 -25 -6 -7 -4
right_child=2 10 5 8 27 16 11 9 15 -11 -12 12 -14 -15 21 -17 -18 -19 19 -21 -22 -23 -24 26 -26 -27 -28 -29 -30 -31
leaf_value=-0.0014457261522917821 0.0094199274708677231 -0.049779921437039791 -0.0047847207939749987 0.00032181669393869519 -0.020647100713658509 -0.010005996047448945 -0.0019612206020151951 0.032206922430065003 0.0010703233922987226 0.00030240011658582772 -0.046384641322004233 0.013261780220470067 3.0416717592546272e-08 -3.8101828360427581e-05 -0.014654644558953822 0.00010472360757806221 -0.0019868471670574359 -0.0029196960089318872 0.050067090374174165 -5.227461934949329e-05 -0.067288126721316538 -0.0040231553024272348 0.0049739554471723395 -0.02125581102243872 0.010280919861894666 0.032805810259974026 0.056746386365851859 0.012073972172217125 0.051053634783682335 6.6129823214340001e-05
leaf_weight=3894 74 218 769 444 744 150 4752 850 112 1271 84 4108 60547 34372 58 8395 265 305 405 2797 347 1082 159 73 2740 75 596 41 90 63
leaf_count=3894 74 218 769 444 744 150 4752 850 112 1271 84 4108 60547 34372 58 8395 265 305 405 2797 347 1082 159 73 2740 75 596 41 90 63
internal_value=-5.35109e-05 0.00112835 -0.000284965 -0.000346031 -0.00309917 -0.000150834 -8.85395e-05 0.00515577 0.00210134 0.00901697 0.00793714 -0.000237765 0.000443508 -0.00136361 -0.0107611 0.00143554 -0.0133168 -0.0115707 -0.00146782 0.00210806 -0.00416765 -0.0125674 0.00334101 0.00863047 0.00671777 -0.0115188 0.0173019 -0.0185669 -0.000625 -0.0046875
internal_weight=129880 21270 108610 17484 8228 107237 106732 2953 9256 2121 3786 103779 64655 39124 1373 8812 505 417 7443 3202 4241 1299 217 3702 3033 293 669 785 240 832
internal_count=129880 21270 108610 17484 8228 107237 106732 2953 9256 2121 3786 103779 64655 39124 1373 8812 505 417 7443 3202 4241 1299 217 3702 3033 293 669 785 240 832
is_linear=0
shrinkage=0.05


Tree=244
num_leaves=31
num_cat=0
split_feature=16 10 16 8 1 23 9 19 17 1 8 10 19 8 10 10 8 19 9 10 8 8 1 17 1 19 22 1 18 8
split_gain=22.8024 32.3284 22.148 45.3212 33.5057 27.5013 23.0329 21.8091 21.4198 62.9829 56.3971 51.5427 45.9942 49.1275 40.1068 39.9766 39.4904 80.9228 41.5082 39.1424 34.9165 34.8072 27.7817 93.5727 36.4357 26.1552 30.0634 24.9115 24.7292 22.5555
threshold=635.00000000000011 0.51113019672828186 975.00000000000011 132.50000000000003 28.225000000000005 1.5000000000000002 0.99966190462023474 1.1000000000000008 28.500000000000004 26.250000000000004 136.50000000000003 -0.52034141052533245 4.099999999999997 128.50000000000003 -0.87810534180523914 0.097680735332368748 120.50000000000001 1.0999999999999963 0.94138322595482449 -0.39827153806311183 146.50000000000003 166.50000000000003 20.150000000000002 21.500000000000004 20.350000000000005 5.7999999999999989 1.0000000180025095e-35 24.750000000000004 23.500000000000004 136.50000000000003
decision_type=2 2 2 2 2 2 2 2 2 2 2 2 2 2 2 2 2 2 2 2 2 2 2 2 2 2 2 2 2 2
left_child=8 2 -2 6 5 -5 -4 -3 11 10 15 12 13 -1 -15 27 17 -11 -19 25 28 -22 23 -21 -24 26 -13 -10 -12 -18
right_child=1 7 3 4 -6 -7 -8 -9 9 16 20 19 -14 14 -16 -17 29 18 -20 22 21 -23 24 -25 -26 -27 -28 -29 -30 -31
leaf_value=-0.021851385307264916 0.00021777677640327016 -0.0005663092534913969 -5.1228889066052209e-05 0.00014217462935861818 -3.5021781997728042e-05 -3.4897178152332765e-05 0.00013116570412512302 9.6292884631138869e-05 0.05006488009250485 -0.01494008162199616 0.0036366434346439824 -0.0011891658052474189 -0.0028637897608970748 -0.0044278981588035827 2.0065237822996727e-05 -0.015892509463523607 0.0004997363955088367 -0.0021540383615572044 3.9087615646209163e-05 -6.7365479348563761e-05 0.045758485535840214 0.0027450772470975827 -0.0033421039216360287 0.014142618337004743 -0.00012793121829133698 -0.0044639775831443714 0.0076078418841356707 0.041210540336328427 -0.070093929572010688 9.3952693077471731e-06
leaf_weight=441 2563 108 409 348 346 44 45 1973 365 625 50 498 435 580 2874 59 1290 293 2131 16318 197 2375 1258 3627 34132 61 1086 845 217 54287
leaf_count=441 2563 108 409 348 346 44 45 1973 365 625 50 498 435 580 2874 59 1290 293 2131 16318 197 2375 1258 3627 34132 61 1086 845 217 54287
internal_value=-6.42901e-05 0.00299006 0.000219707 -0.00541107 0.00223577 0.0122449 -0.0178414 0.00798895 -0.000207991 0.000441547 0.00642648 -0.000872615 -0.00613164 -0.0044095 -0.00240301 0.0151891 2.21745e-05 -0.0055182 -0.00138201 -0.000472973 0.00250969 0.00429627 -0.000698925 0.000793432 -0.00153998 0.00712766 0.0083649 0.0171488 -0.0147004 0.000326124
internal_weight=129880 5836 3755 1192 738 392 454 2081 124044 62734 4108 61310 4330 3895 3454 1269 58626 3049 2424 56980 2839 2572 55335 19945 35390 1645 1584 1210 267 55577
internal_count=129880 5836 3755 1192 738 392 454 2081 124044 62734 4108 61310 4330 3895 3454 1269 58626 3049 2424 56980 2839 2572 55335 19945 35390 1645 1584 1210 267 55577
is_linear=0
shrinkage=0.05


Tree=245
num_leaves=31
num_cat=0
split_feature=19 6 0 19 9 8 17 8 1 17 18 17 1 9 18 1 17 9 8 35 3 8 10 3 10 19 1 8 17 1
split_gain=18.3869 25.9859 31.9229 25.8779 34.3743 41.2801 27.3314 31.8663 24.8499 23.9548 78.7758 112.341 65.4115 49.0853 67.0656 41.7761 49.0497 39.3255 37.6332 36.8748 33.5725 26.144 25.7487 23.6216 23.2377 17.1128 27.7647 28.7056 24.2033 36.6615
threshold=4.5499999999999998 685.00000000000011 11.550000000000002 4.6999999999999984 -0.96689237009891416 132.50000000000003 21.500000000000004 190.50000000000003 33.45000000000001 29.500000000000004 23.500000000000004 27.500000000000004 28.225000000000005 0.88621069759564464 25.500000000000004 26.150000000000006 27.500000000000004 -0.85227431625818906 126.50000000000001 0.66973684210526319 0.51666666666666938 106.50000000000001 -0.99864786094873803 -0.69999999999999385 -0.97874870457683594 6.7500000000000009 34.850000000000001 260.50000000000006 29.500000000000004 30.350000000000005
decision_type=2 2 2 2 2 2 2 2 2 2 2 2 2 2 2 2 2 2 2 2 2 2 2 2 2 2 2 2 2 2
left_child=1 9 -3 4 -2 -6 -7 -8 23 10 11 20 13 17 -15 16 -12 -11 -14 -17 -1 -13 -20 -4 -25 -5 28 -28 29 -27
right_child=3 2 8 25 5 6 7 -9 -10 12 15 21 18 14 -16 19 -18 -19 22 -21 -22 -23 -24 24 -26 26 27 -29 -30 -31
leaf_value=-0.0020185922336801278 -0.0028167278294579392 0.0012072054505053156 0.0002766742679477609 -4.6752333962637312e-05 -0.0020496920168196296 0.0026210115663000662 0.00030293921364181605 -0.00031306416103244681 -0.0044641211455088764 0.004232713184994275 -0.017795293197082514 0.037732728502764261 -0.033423913201653721 0.021505825609729447 -0.0087032202040546076 -0.026457609360070092 0.001555745314127166 0.026411915661621155 -0.0067419001053163011 0.00027437290659087512 0.00543088839711029 0.021157430759367282 -8.7561948814096624e-05 0.00027798107048254906 3.331757561910523e-05 5.8974709275258502e-05 -0.001256568772195373 7.8410740615363081e-05 0.00028026828438026675 -0.0026000000115610836
leaf_weight=23185 340 203 2640 24333 396 142 607 881 284 2858 828 402 207 527 436 3037 3129 2576 734 800 3589 1583 18130 1595 34084 1158 307 57 698 134
leaf_count=23185 340 203 2640 24333 396 142 607 881 284 2858 828 402 207 527 436 3037 3129 2576 734 800 3589 1583 18130 1595 34084 1158 307 57 698 134
internal_value=-5.08161e-05 0.000268529 0.00128331 -0.00115909 -0.00617075 -0.00370188 -0.000184049 -0.00218414 0.00117931 -0.000366408 -0.00118663 2.17323e-05 0.000810821 0.00518602 -0.00521807 -0.00564537 -0.00204069 0.00702981 -0.000656756 -0.00936278 -0.000829163 0.0114987 -0.000424088 0.00128853 0.000950839 -0.000714767 0.00335599 -0.00934066 0.00567839 0.00162539
internal_weight=129880 100827 38806 29053 2366 2026 1630 1488 38603 62021 36553 28759 25468 6397 963 7794 3957 5434 19071 3837 26774 1985 18864 38319 35679 26687 2354 364 1990 1292
internal_count=129880 100827 38806 29053 2366 2026 1630 1488 38603 62021 36553 28759 25468 6397 963 7794 3957 5434 19071 3837 26774 1985 18864 38319 35679 26687 2354 364 1990 1292
is_linear=0
shrinkage=0.05


Tree=246
num_leaves=31
num_cat=0
split_feature=16 10 0 10 19 19 19 19 6 1 18 1 12 9 22 19 1 16 20 1 6 20 17 1 0 18 19 19 20 70
split_gain=15.5919 29.5826 27.474 23.5368 20.8484 25.8531 21.0208 38.2968 33.1168 32.1915 58.665 39.6046 20.9174 19.6959 19.6369 30.6116 19.7347 18.6443 16.9729 18.6309 16.6359 16.0219 15.6486 28.1961 13.1159 15.9563 11.4592 9.51644 8.69498 8.65376
threshold=635.00000000000011 0.51113019672828186 18.550000000000004 0.66367808336324663 6.7500000000000009 6.7000000000000011 3.7000000000000006 3.6000000000000036 815.00000000000011 28.225000000000005 21.500000000000004 30.850000000000005 1.0000000180025095e-35 -0.61237985104942771 1.0000000180025095e-35 4.5999999999999996 28.225000000000005 915.00000000000011 0.6000000000000002 18.550000000000004 945.00000000000011 0.39999999999999908 22.500000000000004 31.450000000000003 23.725000000000005 23.500000000000004 8.6500000000000021 2.1000000000000028 -0.9000000000000038 6.0000000000000018
decision_type=2 2 2 2 2 2 2 2 2 2 2 2 2 2 2 2 2 2 2 2 2 2 2 2 2 2 2 2 2 2
left_child=4 2 17 -3 5 6 7 12 -9 10 -8 -11 -1 20 24 16 -16 -2 19 -6 -5 26 28 -24 -4 -26 -15 -22 -21 -17
right_child=1 3 14 13 18 -7 9 8 -10 11 -12 -13 -14 21 15 29 -18 -19 -20 22 27 -23 23 -25 25 -27 -28 -29 -30 -31
leaf_value=-5.8835880702263343e-05 0.00059261703475601212 0.00037080603966559644 0.0022678752822512106 0.0029613664918212738 -0.0028407219953859851 -0.0029434770809994674 -0.00010897099863087291 -0.0021647943361394139 0.0028960815213201862 0.00010163225614325464 -0.0012383561986338391 -4.794409264620714e-05 0.00029471224403938005 9.1724047503839219e-05 -2.8740716105989759e-05 0.00026309151747716373 -0.00025311335085067616 -4.7543871017216349e-05 -0.0016168637783088753 0.00013995241644357073 -0.00082944898625409715 -0.00022272385619925164 -6.2822380717526829e-05 0.00010383415239271221 -0.00017255114039597635 0.0001959372851315311 -5.8843104863488849e-05 -7.1841105711550399e-05 0.00081023088946457632 -0.00024316789626756616
leaf_weight=70843 84 322 145 63 46 170 12672 343 499 7338 2522 16526 10950 1111 800 199 443 202 288 156 105 340 550 864 217 1639 28 112 277 26
leaf_count=70843 84 322 145 63 46 170 12672 343 499 7338 2522 16526 10950 1111 800 199 443 202 288 156 105 340 550 864 217 1639 28 112 277 26
internal_value=-1.53988e-05 0.00251028 -0.000139814 0.00729217 -0.000134227 -0.000220945 -0.000193725 0.000258063 0.010867 -0.00114957 -0.00294853 -4.19041e-06 0.000148851 0.00501706 0.00108821 -0.00330381 -0.0063757 -0.015035 0.00471114 0.00643159 -0.00714286 0.00731913 0.0072144 0.00466761 0.00431034 0.00317888 0.0101624 -0.0137097 0.0155312 0.0136667
internal_weight=129880 5836 3755 2081 124044 121863 121693 82635 842 39058 15194 23864 81793 1759 3469 1468 1243 286 2181 1893 280 1479 1847 1414 2001 1856 1139 217 433 225
internal_count=129880 5836 3755 2081 124044 121863 121693 82635 842 39058 15194 23864 81793 1759 3469 1468 1243 286 2181 1893 280 1479 1847 1414 2001 1856 1139 217 433 225
is_linear=0
shrinkage=0.05


Tree=247
num_leaves=31
num_cat=0
split_feature=1 17 17 1 8 19 10 8 19 47 19 1 17 10 4 8 8 8 10 71 1 7 8 18 19 20 22 9 17 8
split_gain=16.9638 52.5607 28.2983 50.0155 44.6613 42.2521 49.1049 41.679 39.2047 33.9862 32.0026 26.8733 25.1123 24.6508 22.4609 23.2961 19.6093 42.0961 19.7264 25.2353 18.3363 27.1181 17.2307 16.0726 20.0894 15.9864 15.4864 34.4537 15.2524 13.0231
threshold=15.450000000000001 18.500000000000004 20.500000000000004 18.350000000000005 4.5000000000000009 1.2 0.34033495509342487 86.500000000000014 7.8500000000000005 1.0000000180025095e-35 6.7500000000000009 17.950000000000003 18.500000000000004 0.99981043035926087 17.500000000000004 355.50000000000006 357.50000000000006 363.50000000000006 0.92191100909954782 0.19999999999999665 17.550000000000004 1.5000000000000002 10.500000000000002 17.500000000000004 3.5499999999999994 1.8 1.0000000180025095e-35 0.27694220057652758 14.500000000000002 360.50000000000006
decision_type=2 2 2 2 2 2 2 2 2 2 2 2 2 2 2 2 2 2 2 2 2 2 2 2 2 2 2 2 2 2
left_child=1 14 5 7 -5 6 -2 20 10 29 -6 12 -8 23 16 26 18 -18 28 -20 -4 -22 -13 24 -7 -15 -16 -28 -1 -9
right_child=2 -3 3 4 8 13 11 9 -10 -11 -12 22 -14 25 15 -17 17 -19 19 -21 21 -23 -24 -25 -26 -27 27 -29 -30 -31
leaf_value=-0.00075355637960034146 0.026923579093089425 0.030638708647656145 0.058435742437514863 -0.0047733669378242647 -2.2335505115399223e-06 0.00016622677209508451 -0.029731159299927402 -0.013433614414009077 -0.00010147285678135331 0.015230710788667523 0.00010331835923225717 -0.0063630475256530317 -0.00090071459873866113 0.00089450638788151704 0.001131410150137027 -0.0018294471948092268 0.056885797444570167 -0.018579957505448209 -0.034380337698226605 -3.3463224055244818e-05 -0.0015622992717689633 0.022809425142855624 -0.049382368714309857 -0.0036766387719726584 -0.00012142334863916096 -0.01295433687550538 6.206657601460007e-05 -0.00011291280604841274 0.0061018860355620437 0.0073932793451279011
leaf_weight=324 183 409 325 276 109332 4634 561 331 291 252 1728 314 1125 176 324 72 195 61 634 941 212 450 524 203 4539 27 144 72 1098 123
leaf_count=324 183 409 325 276 109332 4634 561 331 291 252 1728 314 1125 176 324 72 195 61 634 941 212 450 524 203 4539 27 144 72 1098 123
internal_value=-3.27225e-05 0.00306504 -0.00013813 0.000108983 -2.03804e-05 -0.00241739 -0.00793314 0.00863851 2.94115e-05 -0.000637394 7.74356e-05 -0.00974643 -0.00610913 -0.000858649 0.00126132 0.010049 -0.000391946 0.0128906 -0.00152653 -0.00538095 0.0152736 0.0104985 -0.0170644 -0.00123187 -0.000923907 0.0163793 0.0136111 0.00324074 0.00274262 -0.00881057
internal_weight=129880 4274 125606 113320 111627 12286 2707 1693 111351 706 111060 2524 1686 9579 3865 612 3253 256 2997 1575 987 662 838 9376 9173 203 540 216 1422 454
internal_count=129880 4274 125606 113320 111627 12286 2707 1693 111351 706 111060 2524 1686 9579 3865 612 3253 256 2997 1575 987 662 838 9376 9173 203 540 216 1422 454
is_linear=0
shrinkage=0.05


Tree=248
num_leaves=31
num_cat=0
split_feature=10 1 4 17 45 10 1 17 17 9 4 17 1 18 17 17 9 1 9 1 17 6 4 3 16 19 22 9 18 1
split_gain=16.7126 40.075 38.6921 25.7174 25.9111 24.253 44.1675 33.5634 47.2756 24.7531 19.9661 16.7347 67.4284 78.0661 52.8738 40.9816 41.1906 35.9309 29.9782 29.6026 57.6546 38.0493 20.2255 18.1056 17.9477 14.7598 22.2978 32.2433 13.9303 25.0774
threshold=0.99855310097228334 21.037500000000005 11.500000000000002 23.500000000000004 0.00078947368421052641 0.99349222267034787 23.450000000000003 20.500000000000004 18.500000000000004 -0.05695216311707673 14.500000000000002 23.500000000000004 23.150000000000006 19.500000000000004 25.500000000000004 26.500000000000004 0.878110924644389 26.150000000000006 -0.85227431625818906 16.150000000000002 18.500000000000004 305.00000000000006 9.5000000000000018 -0.20000000000000459 25.000000000000004 3.9500000000000015 1.0000000180025095e-35 -0.022576249993022688 16.500000000000004 21.450000000000003
decision_type=2 2 2 2 2 2 2 2 2 2 2 2 2 2 2 2 2 2 2 2 2 2 2 2 2 2 2 2 2 2
left_child=5 2 3 4 -2 11 7 8 -7 -10 -3 18 13 24 -15 16 -14 -17 22 20 -20 -21 -1 -24 -13 -4 -27 -28 29 -9
right_child=1 10 25 -5 -6 6 -8 28 9 -11 -12 12 15 14 -16 17 -18 -19 19 21 -22 -23 23 -25 -26 26 27 -29 -30 -31
leaf_value=0.029632996047956085 -0.008077185688741207 -0.0015065350648901237 0.00054168577157862052 0.052261765587679726 0.024001194694986589 0.0037676189559107476 -0.0016907474611234424 0.011407278373737473 -0.0045292343547791349 0.00031857493970637447 -0.0020153134062703133 0.012138044402437355 -0.001188605285351715 -0.00056121526066198971 0.035849145549186771 0.0018302290960371809 0.00010640870326805371 -4.1665033554300228e-06 1.3004397730305104e-05 -0.012150355639624834 0.026134340477463259 -3.9666518372678125e-05 8.3209421730583854e-05 -0.00010092099357576698 0.017342429874457912 -0.0022156366586399598 -0.0037240215397260192 0.00039399279943647326 0.013974335900875212 -0.00011291059262330747
leaf_weight=180 894 129 318 60 167 288 131 76 720 576 324 658 9160 3598 1095 10302 3203 67491 4175 4485 581 18550 91 161 1260 137 60 215 727 68
leaf_count=180 894 129 318 60 167 288 131 76 720 576 324 658 9160 3598 1095 10302 3203 67491 4175 4485 581 18550 91 161 1260 137 60 215 727 68
internal_value=-5.46658e-05 -0.00427517 -0.00101297 -0.00684657 -0.0086475 2.15558e-05 0.00481439 0.00632383 0.00198864 -0.00208333 -0.0176049 -7.76062e-05 0.000234842 0.00510891 0.00163541 -0.000122565 -0.00279665 0.000302405 -0.00114889 -0.00135206 0.00223928 -0.00209355 0.0119213 0.00277778 0.0136079 0.00794521 0.00169903 0.00990909 0.0142078 0
internal_weight=129880 2304 1851 1121 1061 127576 2586 2455 1584 1296 453 124990 96767 6611 4693 90156 12363 77793 28223 27791 4756 23035 432 252 1918 730 412 275 871 144
internal_count=129880 2304 1851 1121 1061 127576 2586 2455 1584 1296 453 124990 96767 6611 4693 90156 12363 77793 28223 27791 4756 23035 432 252 1918 730 412 275 871 144
is_linear=0
shrinkage=0.05


Tree=249
num_leaves=31
num_cat=0
split_feature=16 1 9 16 17 1 10 19 10 8 1 1 19 19 8 19 9 17 1 10 10 1 8 1 62 8 9 20 19 16
split_gain=22.1615 28.4399 27.753 63.7823 26.7607 70.1794 55.2191 57.1071 52.1126 49.7217 40.0739 52.0218 37.3079 39.0947 36.1287 57.8566 40.041 31.3115 30.2372 32.4004 29.9929 28.5527 23.9056 58.6376 25.033 23.8182 22.5041 22.2785 22.0273 19.1665
threshold=635.00000000000011 28.225000000000005 0.80417553764032002 975.00000000000011 28.500000000000004 26.250000000000004 -0.4755978891912595 4.099999999999997 -0.44505783185115427 136.50000000000003 24.750000000000004 24.250000000000004 3.3000000000000003 2.6000000000000036 120.50000000000001 1.4999999999999993 0.94138322595482449 1.0000000180025095e-35 24.850000000000005 -0.80417042486635371 -0.87810534180523914 20.150000000000002 150.50000000000003 28.450000000000003 0.34210526315789475 302.50000000000006 0.99966190462023474 1.4999999999999976 1.1000000000000008 1025.0000000000002
decision_type=2 2 2 2 2 2 2 2 2 2 2 2 2 2 2 2 2 2 2 2 2 2 2 2 2 2 2 2 2 2
left_child=4 2 28 -4 6 9 7 12 -8 10 11 -6 13 -1 15 -7 -17 27 25 -20 -14 -19 23 -16 -24 -11 -5 -10 -2 -30
right_child=1 -3 3 26 5 14 8 -9 17 18 -12 -13 20 -15 22 16 -18 21 19 -21 -22 -23 24 -25 -26 -27 -28 -29 29 -31
leaf_value=-0.0015492422305327241 -0.00049609221684086618 -2.0852616571651289e-05 0.00070426725802612299 -4.6801284144194462e-05 0.062428418166707633 -0.013905619152805616 0.016281898909352544 -0.0022363640945395626 0.0037184708186427345 0.012880098857091449 0.037682239927486073 -0.0076926028379876504 -0.0042129307397581724 -0.0026657862232015266 0.018459152258063917 -0.0020447405255318379 8.4882118024551617e-05 0.00016693362780676458 0.032096943396373867 -0.0027970020845481617 0.0010053881877328135 -0.00020005329262119052 3.1792107019584102e-05 -2.1293232264855966e-05 -0.001038554980461089 0.023867877420268704 0.00012647357938742198 -0.015573036301916948 0.00029580617900914374 5.7590032269521503e-05
leaf_weight=3387 114 1601 738 369 244 765 285 548 246 343 856 169 87 558 1249 284 2000 19945 242 1945 392 35820 44494 2368 7466 309 45 42 1956 1013
leaf_count=3387 114 1601 738 369 244 765 285 548 246 343 856 169 87 558 1249 284 2000 19945 242 1945 392 35820 44494 2368 7466 309 45 42 1956 1013
internal_value=-9.81675e-05 0.00291295 0.00505903 -0.0015625 -0.000239834 0.00048618 -0.000982711 -0.00603379 -0.000536938 0.0068038 0.0150315 0.00223971 -0.00414783 -0.00574778 4.34961e-05 -0.00525582 -0.0012697 -0.000645371 0.0031261 0.000308642 0.00902923 -0.000730297 0.000334221 0.00426458 6.06236e-05 0.0125767 -0.0172705 0.0157986 0.00753325 0.0083614
internal_weight=129880 5836 4235 1152 124044 62734 61310 4972 56338 4108 1269 413 4424 3945 58626 3049 2284 56053 2839 2187 479 55765 55577 3617 51960 652 414 288 3083 2969
internal_count=129880 5836 4235 1152 124044 62734 61310 4972 56338 4108 1269 413 4424 3945 58626 3049 2284 56053 2839 2187 479 55765 55577 3617 51960 652 414 288 3083 2969
is_linear=0
shrinkage=0.05


Tree=250
num_leaves=31
num_cat=0
split_feature=17 0 1 6 9 17 8 10 8 10 8 8 8 19 10 0 17 1 1 10 52 19 19 1 9 37 17 0 9 3
split_gain=20.2483 47.4334 46.8564 57.4402 91.0693 54.9134 47.6368 46.7221 51.1638 37.3748 50.8553 33.5161 54.492 31.8335 30.2663 28.7879 39.7643 28.0521 27.7663 46.0534 39.568 25.1182 34.9869 24.5034 24.454 26.5444 31.4092 22.1723 22.1053 16.1497
threshold=23.500000000000004 18.450000000000003 20.150000000000002 635.00000000000011 -0.85227431625818906 22.500000000000004 6.5000000000000009 0.91159213926341531 332.50000000000006 0.83258597624099873 64.500000000000014 58.500000000000007 62.500000000000007 5.1999999999999984 0.94353349168649059 21.037500000000005 25.500000000000004 21.037500000000005 20.450000000000003 0.26659387353423869 0.10500000000000002 6.8500000000000005 5.2999999999999989 21.125000000000004 -0.62588817255938378 0.13190447389335622 18.500000000000004 15.350000000000003 -0.2270106897347694 0.3000000000000061
decision_type=2 2 2 2 2 2 2 2 2 2 2 2 2 2 2 2 2 2 2 2 2 2 2 2 2 2 2 2 2 2
left_child=2 -2 5 4 -4 24 23 8 9 10 -3 -7 -13 -11 29 -16 -17 -10 19 -6 -20 22 -8 -5 -1 28 -27 -23 -26 -9
right_child=1 7 3 6 18 11 21 14 17 13 -12 12 -14 -15 15 16 -18 -19 20 -21 -22 27 -24 -25 25 26 -28 -29 -30 -31
leaf_value=-0.0093555683408999262 0.0074264132797279064 -0.0015609458261307504 0.027954032839764855 0.00019842836159046572 0.056510525160977765 0.046991250122927535 5.3045109335334024e-06 0.0041907538330658786 0.031260422300218769 0.0047984580457554249 2.3161958643178745e-05 -0.02285871887636888 0.0088927791816628913 -0.002566979451244187 0.024485307628136412 -0.0011677072473737272 0.0047275406521667578 -0.0021369913309705725 -0.046631491004419476 -0.035186068770901448 0.0032932393841244578 -6.2905360836369649e-05 -0.0019807431171730699 -0.0015962074234362107 -0.0035099290566216901 -5.5736471107862969e-05 0.0031213440377022561 0.00092362202842413146 -1.9970317213532758e-05 0.0010799692187661691
leaf_weight=144 276 1469 183 108 120 302 6895 804 59 512 90703 127 828 64 308 700 288 1524 1505 434 251 47 2034 489 1397 1718 2016 461 13910 204
leaf_count=144 276 1469 183 108 120 302 6895 804 59 512 90703 127 828 64 308 700 288 1524 1505 434 251 47 2034 489 1397 1718 2016 461 13910 204
internal_value=-4.81213e-05 0.000316012 -0.00111847 -0.00352638 -0.0103189 0.000357108 -0.00183875 0.000256894 8.50728e-05 0.000237202 0.000157857 0.0104813 0.00589005 0.012934 0.00729167 0.00223765 -0.00192308 -0.00882817 -0.0130087 -0.0032491 -0.0160877 -0.000972237 -0.00158752 -0.015536 -0.000306229 -0.00015099 0.00362882 0.00984252 -0.00107304 0.0137897
internal_weight=129880 96911 32969 12527 2493 20442 10034 96635 94331 92748 92172 1257 955 576 2304 1296 988 1583 2310 554 1756 9437 8929 597 19185 19041 3734 508 15307 1008
internal_count=129880 96911 32969 12527 2493 20442 10034 96635 94331 92748 92172 1257 955 576 2304 1296 988 1583 2310 554 1756 9437 8929 597 19185 19041 3734 508 15307 1008
is_linear=0
shrinkage=0.05


Tree=251
num_leaves=31
num_cat=0
split_feature=19 1 18 8 1 9 17 8 6 8 1 10 17 9 10 8 1 19 12 17 17 1 10 10 10 8 8 19 10 19
split_gain=23.3108 32.739 73.9111 35.5372 47.6163 44.5646 55.2373 34.8682 38.9523 35.091 44.072 34.2253 45.4592 53.2023 32.2402 49.4897 39.4415 31.5868 25.2786 32.3905 29.1648 62.506 39.7115 97.1185 56.8473 30.8274 30.4026 26.0961 24.6533 31.1923
threshold=4.4000000000000048 28.550000000000008 21.500000000000004 309.50000000000006 30.850000000000005 0.26037272046371446 27.500000000000004 310.50000000000006 885.00000000000011 312.50000000000006 28.350000000000005 0.98770287048522643 20.500000000000004 -0.05695216311707673 -0.24372464231556024 146.50000000000003 31.450000000000003 5.8000000000000069 1.0000000180025095e-35 1.0000000180025095e-35 29.500000000000004 27.150000000000006 -0.25206183926700709 -0.15101602693478741 -0.3744658827978154 304.50000000000006 126.50000000000001 1.3000000000000005 0.16587474750015932 6.3000000000000034
decision_type=2 2 2 2 2 2 2 2 2 2 2 2 2 2 2 2 2 2 2 2 2 2 2 2 2 2 2 2 2 2
left_child=18 2 11 4 5 -3 -7 8 -4 -9 -11 28 13 -13 15 -6 -16 -10 19 -1 22 25 24 -24 -21 -22 -23 -20 29 -2
right_child=1 3 7 -5 14 6 -8 9 17 10 -12 12 -14 -15 16 -17 -18 -19 27 20 21 26 23 -25 -26 -27 -28 -29 -30 -31
leaf_value=0.018293690284386922 0.0023756870977585092 0.0002986071352737173 -0.0015561108597465041 -0.00019941317934386583 0.0033587039093085792 0.00032523022250719185 -0.0012615907517025265 0.00096046301454225244 -0.0017894087108543508 -0.0027331869468020069 0.00045614556924928121 -0.0017459732204849422 -0.0005933214370277836 0.00057288890140477083 -0.0010814537005737848 -6.0313573212449069e-06 -0.00053653006697330571 0.00084352666871255065 0.0041365904455685429 -0.0011061939035425115 0.0082181396777223359 -0.003410558019335091 0.034065532838426331 -3.666618519174517e-05 -0.0093994098211371176 0.024925698469864435 0.00015579535328539285 0.00014929804850207808 -2.2877991155499788e-05 -0.0037358634048483687
leaf_weight=213 450 2469 435 202 237 269 1844 117 1114 335 209 559 852 271 413 10404 2517 125 838 8185 3160 1097 616 38195 1441 243 26943 17816 8256 55
leaf_count=213 450 2469 435 202 237 269 1844 117 1114 335 209 559 852 271 413 10404 2517 125 838 8185 3160 1097 616 38195 1441 243 26943 17816 8256 55
internal_value=-9.58577e-05 -0.00128883 -0.00323212 6.40153e-05 0.000296094 0.00470319 -0.000627071 -0.0112741 -0.0151135 -0.00155068 -0.00689338 -0.00143397 -0.00796671 0.000361446 -0.00119188 8.69279e-05 -0.00583618 -0.0196328 0.000280262 -0.000105814 -0.000157737 0.00102805 -0.000927493 -0.000214501 -0.0038022 0.00742727 0.000251427 0.00193792 -0.000179774 0.0105446
internal_weight=129880 31133 12778 18355 18153 4582 2113 2335 1674 661 544 10443 1682 830 13571 10641 2930 1239 98747 80093 79880 31443 48437 38811 9626 3403 28040 18654 8761 505
internal_count=129880 31133 12778 18355 18153 4582 2113 2335 1674 661 544 10443 1682 830 13571 10641 2930 1239 98747 80093 79880 31443 48437 38811 9626 3403 28040 18654 8761 505
is_linear=0
shrinkage=0.05


Tree=252
num_leaves=31
num_cat=0
split_feature=8 15 17 1 9 8 19 0 19 9 8 1 71 19 16 70 6 17 18 18 19 9 18 8 0 16 18 18 9 6
split_gain=20.5272 61.0145 68.8721 44.5023 42.5169 39.8976 42.0751 27.3073 27.2169 26.9884 32.9717 26.3465 23.7225 22.7737 21.9143 19.1876 17.5513 34.8218 80.9982 58.0041 34.0854 25.7365 16.3291 25.1331 23.3515 15.5243 16.6751 14.9444 26.9602 14.3538
threshold=62.500000000000007 16.750000000000004 18.500000000000004 24.925000000000004 0.83376496542330847 68.500000000000014 2.0999999999999965 16.650000000000002 7.8500000000000005 0.91596454896554913 66.500000000000014 16.925000000000001 1.9000000000000015 6.8500000000000005 595.00000000000011 3.7000000000000006 685.00000000000011 27.500000000000004 23.500000000000004 22.500000000000004 2.4999999999999996 0.99966190462023474 15.500000000000002 58.500000000000007 17.620000000000005 925.00000000000011 11.500000000000002 18.500000000000004 0.70290292807158605 905.00000000000011
decision_type=2 2 2 2 2 2 2 2 2 2 2 2 2 2 2 2 2 2 2 2 2 2 2 2 2 2 2 2 2 2
left_child=1 2 15 4 7 6 11 14 16 10 12 -2 -8 -9 -3 25 17 19 -19 -7 -18 -22 23 -6 -24 26 -1 28 -5 -29
right_child=5 3 -4 27 22 8 9 13 -10 -11 -12 -13 -14 -15 -16 -17 20 18 -20 -21 21 -23 24 -25 -26 -27 -28 29 -30 -31
leaf_value=-8.2284999609121009e-05 -0.0057223554991495344 -0.0037138021002143641 0.028275680995085241 -0.0033290174090428188 -0.00086609296213542575 -0.0011362673464155426 0.0094203422155538577 -0.00013936690217458206 -0.00031137714900006337 0.0036793910832622376 -0.0058060528693497752 0.020657483373904384 -4.1924742475725472e-06 0.0011075747977735272 9.6729760072681654e-07 -0.00014431037398714643 0.00035038145008961801 0.022373004542092567 -0.00029725203203909704 -0.01591624422093808 9.7101693937756705e-06 -0.0016489920653602009 -0.0027473070992197982 0.0051420085892788254 -0.0046817588786359499 0.00043113608417751846 0.0054289462169559424 -0.0023077870575434292 0.010992828838303818 -0.0015531493676338346
leaf_weight=1329 68 750 620 62 73 14765 122 11558 220 170 202 640 526 294 319 69 8037 2346 32016 3726 48999 193 235 83 622 93 1191 113 68 371
leaf_count=1329 68 750 620 62 73 14765 122 11558 220 170 202 640 526 294 319 69 8037 2346 32016 3726 48999 193 235 83 622 93 1191 113 68 371
internal_value=-6.39051e-05 -0.00163866 0.00449727 -0.00303134 -0.00245084 0.000187003 0.00772569 -0.0016775 6.89017e-05 0.00122549 -0.00241176 0.0170904 0.00308642 -0.000987175 -0.00933115 0.00102535 0.000104013 -0.000552949 0.000388511 -0.00230247 0.000710741 0.000217515 -0.0123149 0.0025641 -0.0150233 0.00171259 0.000972222 -0.0162052 -0.00115385 -0.0202479
internal_weight=129880 17850 3302 14548 13934 112030 1728 12921 110302 1020 850 708 648 11852 1069 2682 110082 52853 34362 18491 57229 49192 1013 156 857 2613 2520 614 130 484
internal_count=129880 17850 3302 14548 13934 112030 1728 12921 110302 1020 850 708 648 11852 1069 2682 110082 52853 34362 18491 57229 49192 1013 156 857 2613 2520 614 130 484
is_linear=0
shrinkage=0.05


Tree=253
num_leaves=31
num_cat=0
split_feature=8 1 15 17 8 8 19 9 8 17 19 6 19 0 70 19 17 18 1 9 8 17 10 18 9 16 6 16 18 3
split_gain=16.7707 55.1166 41.1452 57.863 41.8304 32.2603 47.1677 30.3616 28.7019 25.6577 66.7994 39.368 25.1171 23.5641 19.9096 19.5255 17.4531 62.7692 55.1452 42.6193 45.625 34.9475 28.5509 14.9444 26.9602 14.7621 14.3538 11.1658 9.81434 7.23225
threshold=62.500000000000007 24.925000000000004 16.750000000000004 19.500000000000004 60.500000000000007 68.500000000000014 1.899999999999997 0.91596454896554913 66.500000000000014 22.500000000000004 5.9000000000000004 585.00000000000011 7.8500000000000005 15.750000000000002 3.7000000000000006 4.5499999999999998 24.500000000000004 21.500000000000004 23.550000000000008 0.95752911693909493 78.500000000000014 26.500000000000004 0.33222858587828868 18.500000000000004 0.70290292807158605 925.00000000000011 905.00000000000011 145.00000000000003 21.500000000000004 -0.48333333333333156
decision_type=2 2 2 2 2 2 2 2 2 2 2 2 2 2 2 2 2 2 2 2 2 2 2 2 2 2 2 2 2 2
left_child=1 2 3 14 9 6 13 8 15 11 -11 -4 16 -2 25 -8 19 18 -18 22 -21 -19 -7 24 -3 -1 28 -14 -25 -15
right_child=5 23 4 -5 -6 12 7 -9 -10 10 -12 -13 27 29 -16 -17 17 21 -20 20 -22 -23 -24 26 -26 -27 -28 -29 -30 -31
leaf_value=0.00051713886542670642 -0.0036165563683443151 -0.0031625665385906776 -0.0093987184539038159 0.045644041495830838 -0.0038674292552080027 0.0018449215234858194 0.014157244277670167 0.0034954215290991259 -0.0057262448607360407 0.0012099762865233289 -0.002247752300362909 -1.7106551019639705e-05 0.00043123237690969739 -0.0040165924595682691 -0.00013709485528778912 -0.00036752905028480389 0.024276335547949612 -0.00087860916311480034 8.8637518698974843e-05 -0.014547378774999384 -9.0355081043391045e-05 2.9331054392665869e-05 -6.2601398005131259e-05 -0.0053374292844872388 0.010443187396388628 0.00040957927996864221 -0.001475491899252143 -0.00030002448710986419 0.023512609727078151 0.019730400280842188
leaf_weight=2721 66 62 3600 419 288 1533 258 171 206 3038 236 6772 21 26 69 401 1767 6767 3072 576 2448 77538 16381 88 68 93 371 199 25 600
leaf_count=2721 66 62 3600 419 288 1533 258 171 206 3038 236 6772 21 26 69 401 1767 6767 3072 576 2448 77538 16381 88 68 93 371 199 25 600
internal_value=-6.12103e-05 -0.00148459 -0.0009602 0.00405815 -0.00214942 0.000165581 0.00694444 0.00019305 -0.00361272 -0.00175143 0.00210751 -0.00296953 5.93824e-05 0.017052 0.00153486 0.00147951 9.31124e-05 0.000398232 0.00593614 -0.00120594 -0.00669643 8.0363e-05 -0.000279111 -0.0162052 -0.00115385 0.0021855 -0.0202479 -0.0168182 -0.00464602 0.0200479
internal_weight=129880 17850 17236 3302 13934 112030 1728 1036 865 13646 3274 10372 110302 692 2883 659 110082 89144 4839 20938 3024 84305 17914 614 130 2814 484 220 113 626
internal_count=129880 17850 17236 3302 13934 112030 1728 1036 865 13646 3274 10372 110302 692 2883 659 110082 89144 4839 20938 3024 84305 17914 614 130 2814 484 220 113 626
is_linear=0
shrinkage=0.05


Tree=254
num_leaves=31
num_cat=0
split_feature=19 8 19 18 1 7 18 20 8 19 1 17 0 9 9 9 8 1 8 70 6 56 70 4 1 0 1 9 20 6
split_gain=21.6269 58.7725 24.9435 28.2888 23.6636 27.6577 33.3831 29.3462 24.485 25.8948 22.8868 32.736 40.5005 31.4408 33.1873 27.9244 30.0628 31.1702 25.3835 20.3058 19.6666 16.3521 15.1073 9.82875 8.87071 8.31451 11.8919 4.71152 3.66681 3.12426
threshold=5.1000000000000041 18.500000000000004 5.0999999999999996 17.500000000000004 15.250000000000002 1.5000000000000002 14.500000000000002 0.69999999999999984 38.500000000000007 5.3000000000000034 32.350000000000001 30.500000000000004 27.016666666666669 -0.99940763397299126 -0.99467753128998015 -0.99763297024448894 263.50000000000006 33.050000000000004 292.50000000000006 3.5499999999999994 875.00000000000011 0.10699999999999994 0.29999999999999943 14.500000000000002 33.45000000000001 21.212500000000002 24.050000000000008 -0.99985146406598202 1.7000000000000004 755.00000000000011
decision_type=2 2 2 2 2 2 2 2 2 2 2 2 2 2 2 2 2 2 2 2 2 2 2 2 2 2 2 2 2 2
left_child=2 25 10 -4 -3 6 7 -6 23 -10 11 13 18 -1 -15 27 17 -17 -13 -14 -18 22 28 -7 -24 -2 -27 -12 -5 -29
right_child=1 4 3 21 5 8 -8 -9 9 -11 15 12 19 14 -16 16 20 -19 -20 -21 -22 -23 24 -25 -26 26 -28 29 -30 -31
leaf_value=-0.0035188463880825209 -0.0014789073077532998 -0.0016560299980301271 -0.0058062105516229852 -0.001964987819641599 0.00033563495388863498 0.00083317854597300754 -0.0036550386735304677 -0.0071286910722464115 -0.00071391042226909285 -7.6818506445044964e-06 -0.00070349872602567534 0.0036568701788648491 0.00021157366595452552 0.017302464891909685 -1.9442088052321356e-05 -0.00029566779256371865 -0.0050905758693713526 2.7864501673032644e-05 0.019039904878395388 -0.0029250501521035539 0.0046178913869487099 -0.0047128275131254199 0.0034096649426579029 -0.0023709556989947086 2.0800565828847651e-05 -0.0021137757668472099 0.0009284588971948262 -0.00508628276581179 0.0073048996206355301 -0.003242237682632924
leaf_weight=144 304 116 72 65 454 32 80 71 2987 15017 29 2451 27644 615 72979 2486 67 2604 194 211 171 51 316 162 154 111 36 22 48 187
leaf_count=144 304 116 72 65 454 32 80 71 2987 15017 29 2451 27644 615 72979 2486 67 2604 194 211 171 51 316 162 154 111 36 22 48 187
internal_value=-7.73791e-05 -0.00161848 0.000192743 0.00956091 -0.00119324 -0.00105435 0.00946281 0.0140476 -0.001404 -0.00121362 0.000132509 0.000299315 0.00167705 -0.000270552 -0.000224882 -0.00299138 -0.00224287 -0.00305501 0.00758979 0.0011156 0.0151261 0.0129338 0.0153087 -0.0190722 0.0192553 -0.0194568 -0.00969388 -0.0197479 -0.00110619 -0.0223684
internal_weight=129880 19370 110510 706 18919 18803 605 525 18198 18004 109804 104238 30500 73738 73594 5566 5328 5090 2645 27855 238 634 583 194 470 451 147 238 113 209
internal_count=129880 19370 110510 706 18919 18803 605 525 18198 18004 109804 104238 30500 73738 73594 5566 5328 5090 2645 27855 238 634 583 194 470 451 147 238 113 209
is_linear=0
shrinkage=0.05


Tree=255
num_leaves=31
num_cat=0
split_feature=16 1 0 18 16 8 1 8 1 7 8 19 7 19 19 1 9 17 17 1 1 1 19 8 9 20 9 20 1 10
split_gain=19.3957 25.8129 29.996 43.4072 23.3673 20.4099 55.0605 47.2389 41.197 40.4855 37.7532 45.1693 34.9117 32.3372 31.0022 28.3072 22.3176 30.2541 21.2554 62.6456 46.2793 58.0396 42.3311 28.9981 24.2125 20.3414 19.1779 18.5818 16.8605 15.3684
threshold=635.00000000000011 28.550000000000008 18.550000000000004 10.500000000000002 915.00000000000011 62.500000000000007 17.750000000000004 40.500000000000007 24.925000000000004 2.5000000000000004 66.500000000000014 5.2000000000000011 1.5000000000000002 3.7000000000000006 6.7500000000000009 17.620000000000005 0.83376496542330847 20.500000000000004 25.500000000000004 23.450000000000003 20.150000000000002 16.850000000000005 6.0999999999999996 70.500000000000014 0.98213580174693105 -0.39999999999999986 0.88621069759564464 1.4000000000000015 30.150000000000009 -0.59177783207548873
decision_type=2 2 2 2 2 2 2 2 2 2 2 2 2 2 2 2 2 2 2 2 2 2 2 2 2 2 2 2 2 2
left_child=5 2 3 -2 -5 6 7 12 9 14 11 15 13 -1 -8 -7 -9 -18 20 24 21 -12 -22 -21 -20 -6 -13 -17 -3 -30
right_child=1 28 -4 4 25 10 8 16 -10 -11 18 26 -14 -15 -16 27 17 -19 19 23 22 -23 -24 -25 -26 -27 -28 -29 29 -31
leaf_value=0.002553220763658404 0.00039278967904846139 -9.5341056916378939e-05 0.00014763300656502748 0.00041225934616832415 -1.500748742275929e-05 -0.0069933098261665497 -0.00082154889394544725 0.0423214115692927 -0.0014299103217959171 -0.00415728778284095 -0.0015732284981286209 0.00096492111679739737 -0.023890406300789847 -0.0005683842552259309 0.00018712834158423898 0.013913546974725311 -0.010072020479738431 0.050735277218235099 0.026051271618511153 0.0086559569859286575 -0.0004928325474086989 0.00049582345153341705 -0.00022762043575098937 8.1422007366792347e-06 0.067503841192573952 -2.2952588875098515e-05 -0.0013893418955171794 -0.0016635337757914483 -2.167660149425821e-05 0.0034437720447876574
leaf_weight=2027 262 771 3064 534 292 80 11340 677 614 377 3488 66 273 612 489 690 346 121 1311 155 14184 6112 712 79802 264 338 199 105 379 196
leaf_count=2027 262 771 3064 534 292 80 11340 677 614 377 3488 66 273 612 489 690 346 121 1311 155 14184 6112 712 79802 264 338 199 105 379 196
internal_value=-4.96612e-05 0.00276731 0.00458797 -0.00140252 -0.00554124 -0.000182193 -0.00179841 0.00327909 -0.00340484 -0.00276913 7.23164e-05 0.00912281 -0.000103022 0.00165782 -0.00225505 0.0146 0.0118881 0.00347966 -2.49934e-05 0.000363048 -0.00131654 0.00139063 -0.00306122 0.000168528 0.0102381 -0.0120635 -0.00896226 0.0174528 -0.00330609 0.00317391
internal_weight=129880 5836 4490 1426 1164 124044 16876 4056 12820 12206 107168 1140 2912 2639 11829 875 1144 467 106028 81532 24496 9600 14896 79957 1575 630 265 795 1346 575
internal_count=129880 5836 4490 1426 1164 124044 16876 4056 12820 12206 107168 1140 2912 2639 11829 875 1144 467 106028 81532 24496 9600 14896 79957 1575 630 265 795 1346 575
is_linear=0
shrinkage=0.05


Tree=256
num_leaves=31
num_cat=0
split_feature=19 1 19 19 10 1 1 1 8 9 10 1 34 1 16 1 1 17 8 1 22 20 0 0 1 1 0 20 8 0
split_gain=20.2563 20.8595 20.598 44.5162 32.9234 40.8709 80.4626 30.7775 45.3173 20.9726 24.8802 24.6222 17.1923 16.0482 15.8173 26.2278 25.8213 18.253 40.3556 29.0485 16.1438 15.2233 10.6063 10.3876 10.2878 9.06888 10.7589 9.04614 8.52121 4.28986
threshold=7.8500000000000005 23.750000000000004 6.7500000000000009 6.2000000000000055 -0.34234976856068178 29.950000000000003 28.450000000000003 32.850000000000001 192.50000000000003 0.97112537654464559 -0.8611288361322974 34.350000000000001 0.20973684210526319 18.550000000000004 635.00000000000011 28.550000000000008 25.750000000000004 32.500000000000007 150.50000000000003 31.850000000000005 1.0000000180025095e-35 0.1000000000000001 32.45000000000001 31.616666666666671 22.550000000000008 30.150000000000009 25.025000000000002 -2.9999999999999978 202.50000000000003 26.950000000000003
decision_type=2 2 2 2 2 2 2 2 2 2 2 2 2 2 2 2 2 2 2 2 2 2 2 2 2 2 2 2 2 2
left_child=2 24 3 14 7 6 -6 23 -9 10 11 -4 25 -12 17 16 -16 19 -19 -1 -17 -15 -7 -5 -2 26 -11 -3 -13 -14
right_child=1 27 9 4 5 22 -8 8 -10 12 13 28 29 21 15 20 -18 18 -20 -21 -22 -23 -24 -25 -26 -27 -28 -29 -30 -31
leaf_value=-1.6558883535286451e-05 -0.000287465020233349 2.9027171620912839e-05 0.005753981591923008 0.004222996186874539 -0.00066136932097298688 -0.0019537774274310119 0.0024617221488260274 -0.0036188243578978208 4.4464381809861125e-05 -8.1568119013608609e-06 -0.002344532613838453 -0.0013892938621182132 0.00044733033139415931 0.0003317266454934069 2.6227991095989588e-05 2.9599237445471218e-06 0.00041031145998950418 0.0032989405703845454 6.4837783235641155e-05 -0.00040789198943757057 -0.00020554258584778355 8.4801841440596687e-05 -8.3777656056057456e-05 -0.006982734635249491 0.00011816745451009164 -0.0024161142296831861 9.7914890738313998e-05 -0.00030751733062896869 -6.8055605762042118e-06 -9.4388076260097661e-05
leaf_weight=92741 41 31 67 202 1269 554 246 180 439 28 61 136 37 1037 3089 899 1173 240 20970 5035 403 294 58 28 54 135 30 300 71 32
leaf_count=92741 41 31 67 202 1269 554 246 180 439 28 61 136 37 1037 3089 899 1173 240 20970 5035 403 294 58 28 54 135 30 300 71 32
internal_value=-3.04127e-05 -0.0109155 5.40733e-06 -7.21422e-05 -0.00611559 -0.00943818 -0.005033 0.00220848 -0.00359451 0.00513485 0.00720288 -0.00656934 -0.00801527 0.00991379 7.22601e-05 0.00267793 0.00457532 -4.95857e-05 0.00128006 -0.000338018 -0.00353303 0.0110631 -0.0203431 0.0178261 0.00973684 -0.0156736 0.000862069 -0.0168429 -0.0150966 0.0134058
internal_weight=129880 426 129454 127526 2976 2127 1515 849 619 1928 1666 274 262 1392 124550 5564 4262 118986 21210 97776 1302 1331 612 230 95 193 58 331 207 69
internal_count=129880 426 129454 127526 2976 2127 1515 849 619 1928 1666 274 262 1392 124550 5564 4262 118986 21210 97776 1302 1331 612 230 95 193 58 331 207 69
is_linear=0
shrinkage=0.05


Tree=257
num_leaves=31
num_cat=0
split_feature=16 1 0 18 16 10 19 19 10 1 1 1 8 19 1 10 22 1 17 8 6 1 54 1 1 16 9 51 70 1
split_gain=15.328 22.2541 26.3241 41.6238 21.1925 22.1633 19.2329 36.8576 29.5239 46.0764 74.7357 29.1329 44.7648 23.673 36.6865 19.05 19.3801 17.529 72.2431 55.2692 52.2735 42.8092 28.337 26.6232 13.0158 12.4662 19.5223 16.837 13.5971 12.0872
threshold=635.00000000000011 28.550000000000008 18.550000000000004 10.500000000000002 915.00000000000011 0.89309379682046119 6.7500000000000009 6.2000000000000055 -0.34234976856068178 29.950000000000003 28.450000000000003 32.850000000000001 192.50000000000003 6.9000000000000004 34.350000000000001 0.76002003530985496 1.0000000180025095e-35 20.150000000000002 21.500000000000004 6.5000000000000009 645.00000000000011 20.350000000000005 0.28500000000000009 20.450000000000003 33.650000000000013 1135.0000000000002 0.79383249484937135 2.9650000000000003 1.4000000000000015 30.225000000000005
decision_type=2 2 2 2 2 2 2 2 2 2 2 2 2 2 2 2 2 2 2 2 2 2 2 2 2 2 2 2 2 2
left_child=6 2 3 -2 -5 -6 7 17 11 10 -10 -9 -13 24 15 16 -15 18 20 23 -1 -21 -20 -19 -8 -4 27 -27 -28 -3
right_child=1 29 25 4 5 -7 13 8 9 -11 -12 12 -14 14 -16 -17 -18 19 22 21 -22 -23 -24 -25 -26 26 28 -29 -30 -31
leaf_value=-0.002631054760737528 0.00037183879554123888 -8.425203213061061e-05 0.00023744984849946138 0.00039033497930510841 -2.8487399066150656e-05 -3.5389963618743051e-07 0.00012023958686042183 0.0040118463775308116 -0.00069127919813278334 -0.0018644499183772972 0.0023386360413847271 -0.0034378831400029303 4.2241162719368346e-05 0.00042496381482445139 -0.0012110053451390914 -0.0026928236670770143 9.1144116119053209e-06 0.00030578623859355074 0.013218697570165805 -0.0031986204286462636 0.00017733950194799911 -1.0907172405286854e-05 -0.046274956826831463 -0.0017841906039405991 0.000858922695892711 0.00013893995668197643 0.00041702007189896908 -7.2541848932194448e-05 -4.6367206977431876e-05 6.3882496017701043e-05
leaf_weight=9620 262 777 2485 534 365 265 286 223 1188 604 246 177 439 454 291 60 844 79 3556 1182 6393 97557 71 528 246 336 83 39 121 569
leaf_count=9620 262 777 2485 534 365 265 286 223 1188 604 246 177 439 454 291 60 844 79 3556 1182 6393 97557 71 528 246 336 83 39 121 569
internal_value=1.46289e-05 0.00251885 0.00420935 -0.00140252 -0.00545533 -0.0116667 -0.000103189 -0.00018648 -0.00577859 -0.00902846 -0.00414923 0.00211561 -0.00349026 0.00455066 0.00159187 0.00504418 0.00631741 -5.12665e-05 0.00131365 -0.0003211 -0.000129582 -0.000228633 0.00768541 -0.0153624 0.0137218 0.00682115 0.0134283 0.0202 0.000980392 -0.00312036
internal_weight=129880 5836 4490 1426 1164 630 124044 121863 2877 2038 1434 839 616 2181 1649 1358 1298 118986 19640 99346 16013 98739 3627 607 532 3064 579 375 204 1346
internal_count=129880 5836 4490 1426 1164 630 124044 121863 2877 2038 1434 839 616 2181 1649 1358 1298 118986 19640 99346 16013 98739 3627 607 532 3064 579 375 204 1346
is_linear=0
shrinkage=0.05


Tree=258
num_leaves=31
num_cat=0
split_feature=19 19 19 9 8 9 1 9 17 17 1 8 6 19 17 1 4 19 19 0 10 70 18 1 9 17 20 20 22 0
split_gain=15.4496 24.5249 28.5354 48.0724 43.1138 32.6422 73.475 30.6371 24.1266 22.8673 29.7405 42.5981 20.0906 39.7723 30.7528 19.4666 14.8469 16.6287 19.5815 16.0769 14.8438 8.91771 8.43088 16.6625 18.5946 11.3049 7.66462 6.24356 6.48686 5.81388
threshold=7.8500000000000005 6.7500000000000009 5.9000000000000004 -0.97876850416056738 281.50000000000006 0.92273069556937592 30.025000000000002 -0.89406062840022227 20.500000000000004 33.500000000000007 28.850000000000005 176.50000000000003 665.00000000000011 4.2999999999999963 1.0000000180025095e-35 27.850000000000005 18.500000000000004 6.9000000000000004 7.0500000000000016 17.620000000000005 -0.082691941062253513 0.29999999999999544 27.500000000000004 29.550000000000008 0.72695311118111527 33.500000000000007 0.6000000000000002 -1.2999999999999952 1.0000000180025095e-35 18.950000000000003
decision_type=2 2 2 2 2 2 2 2 2 2 2 2 2 2 2 2 2 2 2 2 2 2 2 2 2 2 2 2 2 2
left_child=1 2 9 4 21 7 -7 -5 29 12 15 -12 14 -14 -1 -11 22 -18 20 -20 -19 -4 23 24 -3 -25 -24 28 -10 -2
right_child=8 16 3 5 -6 6 -8 -9 27 10 11 -13 13 -15 -16 -17 17 18 19 -21 -22 -23 26 25 -26 -27 -28 -29 -30 -31
leaf_value=0.021588994964613972 2.9833136734090661e-05 -0.00012861764453930973 0.00082527080459050828 4.1683790305563356e-05 0.00065456052748247978 0.00080074855938002125 -0.0023099645791956323 -0.00026934825968388115 1.2082409960395028e-05 -0.0040957066764476082 -0.0090753466227431641 0.00035724804776917642 9.0219054436706795e-05 -2.5432545601534326e-05 -0.00095436868827547539 0.026053692305986687 0.00015529302449479311 -0.0004646634314287479 -0.0020926647997926789 0.00031468459263814117 0.00039542285979999177 -0.0021510838725275301 0.00069579523582175701 -0.00027706691682240632 0.0039209205403973454 0.003884617832140517 -0.0015432059701914747 -0.00029071709414421273 -0.0019465456147925578 -0.00043561539325257805
leaf_weight=201 76 211 35 822 67 788 204 4552 49 56 327 8164 34190 21942 55459 255 267 147 39 432 128 464 137 341 171 23 32 201 41 59
leaf_count=201 76 211 35 822 67 788 204 4552 49 56 327 8164 34190 21942 55459 255 267 147 39 432 128 464 137 341 171 23 32 201 41 59
internal_value=-7.69941e-07 3.05128e-05 -5.41066e-05 -0.00317369 -0.0171378 -0.00193214 0.00640121 -0.00347041 -0.00950704 0.000125214 0.00257896 0.00202273 -6.79834e-05 0.00059948 -0.000741107 0.0177653 0.00562759 0.00979763 0.00596515 0.012155 -0.00463636 -0.0221944 0.00101093 -0.00127346 0.00602094 -0.00892857 0.0110947 -0.0176117 -0.00666667 0.00796296
internal_weight=129880 129454 127526 6932 566 6366 992 5374 426 120594 8802 8491 111792 56132 55660 311 1928 1013 746 471 275 499 915 746 382 364 169 291 90 135
internal_count=129880 129454 127526 6932 566 6366 992 5374 426 120594 8802 8491 111792 56132 55660 311 1928 1013 746 471 275 499 915 746 382 364 169 291 90 135
is_linear=0
shrinkage=0.05


Tree=259
num_leaves=31
num_cat=0
split_feature=30 19 8 19 18 9 1 9 9 19 1 6 0 17 8 1 1 55 70 19 0 1 0 71 10 6 22 61 0 34
split_gain=14.0546 14.4846 30.3691 28.4086 28.1449 23.4551 27.2612 38.2495 26.5172 31.2903 30.2917 20.5455 31.517 27.2635 59.9086 56.762 26.2889 15.193 15.137 13.0826 11.1193 10.1052 10.9756 4.39791 3.39103 2.68952 2.15873 1.99312 1.57506 0.509646
threshold=3.149999999999999 5.1000000000000041 18.500000000000004 5.0999999999999996 17.500000000000004 0.97508442350096236 24.050000000000008 0.99053107487289871 0.51297097409535064 5.8000000000000069 20.150000000000002 665.00000000000011 11.550000000000002 30.500000000000004 292.50000000000006 28.225000000000005 32.050000000000004 0.065000000000000016 0.29999999999999943 6.2999999999999989 19.225000000000005 24.050000000000008 21.037500000000005 2.9999999999999978 -0.96234030595689413 865.00000000000011 1.0000000180025095e-35 0.39473684210526322 20.525000000000002 5.4692105263157904
decision_type=2 2 2 2 2 2 2 2 2 2 2 2 2 2 2 2 2 2 2 2 2 2 2 2 2 2 2 2 2 2
left_child=1 3 19 11 26 8 -7 -8 10 -10 -4 13 23 15 -15 -1 -14 18 -6 21 -21 25 -23 -13 -2 -3 -5 -26 -22 -29
right_child=24 2 5 4 17 6 7 -9 9 -11 -12 12 16 14 -16 -17 -18 -19 -20 20 28 22 -24 -25 27 -27 -28 29 -30 -31
leaf_value=-0.00074684443602087704 6.7867999202667363e-05 -0.0049558822377505979 0.00021040378344545365 -0.0054886134665942951 -0.00037378506313647463 -2.2855248430226488e-05 0.002238512532800452 -1.5520678491770522e-05 -0.0017357023503466328 -7.7974278542863883e-06 -1.6880527942270129e-05 0.0011397459314140739 5.476911142670432e-05 0.00072243671224567771 0.024292665555906735 -0.01891167351728229 -6.2536689541040435e-05 -0.0045573678669935487 0.002910329752497884 -0.0021778729920691347 6.457941950954866e-05 -0.0011293472776191151 0.00083712845135004504 -0.00062108970923843438 0.000684478936762787 -0.0018942115005896318 -0.0030342928616922905 0.005016122209639309 7.6929667048253322e-06 0.00081707985059002773
leaf_weight=37199 36 53 1299 51 114 76 538 536 1905 2758 11701 200 42329 20564 268 2314 6856 38 481 25 30 31 40 23 28 249 21 73 23 21
leaf_count=37199 36 53 1299 51 114 76 538 536 1905 2758 11701 200 42329 20564 268 2314 6856 38 481 25 30 31 40 23 28 249 21 73 23 21
internal_value=-3.00277e-05 -4.818e-05 -0.00131333 0.000172464 0.0101773 -0.00100595 0.00591304 0.00796089 -0.00145643 -0.00469119 -0.000296154 0.000108197 0.000864233 -0.000510813 0.000952861 -0.00128249 0.000779201 0.0135466 0.0155042 -0.0141353 0.00448718 -0.0180295 -0.00105634 0.0196188 0.0148734 -0.0220199 -0.0194444 0.0188525 0.0174528 0.0223404
internal_weight=129880 129722 19264 110458 705 18813 1150 1074 17663 4663 13000 109753 49408 60345 20832 39513 49185 633 595 451 78 373 71 223 158 302 72 122 53 94
internal_count=129880 129722 19264 110458 705 18813 1150 1074 17663 4663 13000 109753 49408 60345 20832 39513 49185 633 595 451 78 373 71 223 158 302 72 122 53 94
is_linear=0
shrinkage=0.05


Tree=260
num_leaves=31
num_cat=0
split_feature=19 6 10 70 10 8 17 18 8 1 8 8 1 17 1 8 1 17 17 1 71 19 17 9 9 19 1 9 19 9
split_gain=15.4643 29.9896 31.1721 32.4807 45.3759 30.8926 39.0309 35.8241 27.7064 30.3661 24.7125 95.8696 28.351 36.6559 45.0288 35.8051 26.0127 65.6362 56.902 21.7653 22.7319 17.1142 29.3656 34.8176 32.7493 27.9741 20.2987 18.6992 35.1317 30.5451
threshold=4.4000000000000048 685.00000000000011 0.96177147954086928 0.5999999999999962 0.99932962452255414 58.500000000000007 24.500000000000004 18.500000000000004 66.500000000000014 18.050000000000004 296.50000000000006 294.50000000000006 26.050000000000008 26.500000000000004 24.050000000000008 299.50000000000006 17.550000000000004 18.500000000000004 20.500000000000004 26.650000000000006 0.90000000000000757 4.6999999999999984 20.500000000000004 -0.95244167294248061 0.86113431103781346 4.5000000000000018 32.050000000000004 -0.15101209918632377 4.8000000000000034 -0.57078386445773377
decision_type=2 2 2 2 2 2 2 2 2 2 2 2 2 2 2 2 2 2 2 2 2 2 2 2 2 2 2 2 2 2
left_child=1 10 5 -4 -5 6 7 -3 -7 -10 11 16 13 14 -12 -15 17 -1 -18 20 -14 22 -2 25 26 -24 -25 29 -29 -23
right_child=21 2 3 4 -6 8 -8 -9 9 -11 12 -13 19 15 -16 -17 18 -19 -20 -21 -22 27 23 24 -26 -27 -28 28 -30 -31
leaf_value=-0.0013534154169041581 -0.0041556001631715108 -0.00012042620012860961 1.0608106598418432e-05 0.00033045667091965162 -0.0017022304820367398 0.0030350852373640549 -0.0014637233555703812 0.010256070816027356 -0.0016489369250340963 0.00010313570077903228 -0.0026883890383723298 0.050155586743639624 -0.068193156198329219 -0.013019434067358794 -0.027139374311428835 0.0051555669086009726 -0.010090048586928503 0.023726223766008706 -5.7503160327021524e-05 -0.0014667192725323853 -0.0032634160255946456 -1.4924248171427346e-05 0.0150143907309363 7.885095075437637e-05 -0.0017966354803280089 -0.0026715795400689517 -2.738537262871252e-05 0.00017485495402812126 -0.00010387942849147334 0.00015213568260389368
leaf_weight=1918 321 2598 1438 1813 227 429 411 342 472 29051 9271 408 376 492 545 2983 1811 1251 42411 322 178 10129 59 2292 287 406 1081 939 10977 4642
leaf_count=1918 321 2598 1438 1813 227 429 411 342 472 29051 9271 408 376 492 545 2983 1811 1251 42411 322 178 10129 59 2292 287 406 1081 939 10977 4642
internal_value=-4.73514e-05 0.000258995 0.00138998 0.00589419 0.00995098 0.000919587 -0.00363324 -0.00161565 0.00142895 0.00124564 -0.000412323 0.000131279 -0.00224642 -0.00167218 -0.00323452 0.00274101 -7.64913e-05 0.00429946 -0.000390077 -0.0109589 -0.0169675 -0.00101902 -0.00389114 -0.00275758 -0.00112022 -0.0156452 0.000259413 -0.000540525 -0.0020141 0.00064823
internal_weight=129880 98747 36781 3478 2040 33303 3351 2940 29952 29523 61966 47799 14167 13291 9816 3475 47391 3169 44222 876 554 31133 4446 4125 3660 465 3373 26687 11916 14771
internal_count=129880 98747 36781 3478 2040 33303 3351 2940 29952 29523 61966 47799 14167 13291 9816 3475 47391 3169 44222 876 554 31133 4446 4125 3660 465 3373 26687 11916 14771
is_linear=0
shrinkage=0.05


Tree=261
num_leaves=31
num_cat=0
split_feature=1 8 8 1 1 1 8 1 16 1 18 9 18 71 8 4 8 9 71 16 18 18 19 6 17 1 4 11 18 9
split_gain=18.8667 28.3684 56.7614 52.9237 30.6828 41.3851 52.329 45.744 36.8477 32.0014 32.5538 41.025 31.3098 35.088 25.2964 24.7144 19.542 21.7331 31.3355 19.0351 18.0183 30.1775 16.5464 16.0039 14.7574 29.9862 17.1627 14.6853 13.877 26.0975
threshold=14.65 62.500000000000007 60.500000000000007 24.925000000000004 16.850000000000005 20.150000000000002 68.500000000000014 20.350000000000005 875.00000000000011 15.250000000000002 12.500000000000002 -0.022576249993022688 13.500000000000002 3.5999999999999992 340.50000000000006 10.500000000000002 357.50000000000006 0.29342972903661901 0.19999999999999665 25.000000000000004 21.500000000000004 20.500000000000004 5.0499999999999998 565.00000000000011 18.500000000000004 14.250000000000002 17.500000000000004 1.0000000180025095e-35 18.500000000000004 0.70290292807158605
decision_type=2 2 2 2 2 2 2 2 2 2 2 2 2 2 2 2 2 2 2 2 2 2 2 2 2 2 2 2 2 2
left_child=16 2 3 20 9 6 -6 19 -8 10 15 -12 13 -11 -9 -3 17 18 -1 -7 21 -2 27 -14 25 26 -19 -20 29 -5
right_child=1 4 -4 28 5 7 8 14 -10 12 11 -13 23 -15 -16 -17 -18 24 22 -21 -22 -23 -24 -25 -26 -27 -28 -29 -30 -31
leaf_value=-0.028850068599371916 -4.434018717478013e-05 -0.076169965705931306 -0.0033711852917543191 -0.0028458749212823525 0.013717189738208062 0.00030147869587315856 0.00035712542176000661 -4.5504162255852883e-06 -3.4222621971753525e-05 0.0051863798735459704 0.031226597711495052 -0.012961404336275996 -0.022217902180858728 -0.00062600529553192988 0.00016731541419734083 4.883320877922538e-06 0.036696644938261767 0.0045771635105343661 0.0010662358012973874 -0.0034633396087011582 0.067935329828941723 -0.018744657205595462 -0.0015066606946104477 -0.0011508819587684863 0.096005584215219861 -0.0016625238891899161 0.00031382800565140441 -0.0085743371190379891 -0.0012931999640607619 0.010013332193789727
leaf_weight=430 14779 134 432 62 527 131 6143 97550 213 457 327 73 864 226 3268 116 192 1147 501 412 66 279 51 296 104 118 144 286 484 68
leaf_count=430 14779 134 432 62 527 131 6143 97550 213 457 327 73 864 226 3268 116 192 1147 501 412 66 279 51 296 104 118 144 286 484 68
internal_value=-9.43178e-05 -0.000186554 -0.00214286 -0.00165205 9.91087e-05 0.000225417 0.00397719 -2.93505e-05 0.00272184 -0.00538508 0.00415385 0.013 -0.00874932 -0.000256223 4.86024e-05 -0.01 0.00384292 0.00277778 -0.00205047 -0.0145028 -0.00106784 -0.0011821 0.00357995 -0.01375 0.00682419 0.00548261 0.00768784 0.00536849 -0.0160423 -0.00153846
internal_weight=129880 126907 16170 15738 110737 108244 6883 101361 6356 2493 650 400 1843 683 100818 250 2973 2781 1268 543 15124 15058 838 1160 1513 1409 1291 787 614 130
internal_count=129880 126907 16170 15738 110737 108244 6883 101361 6356 2493 650 400 1843 683 100818 250 2973 2781 1268 543 15124 15058 838 1160 1513 1409 1291 787 614 130
is_linear=0
shrinkage=0.05


Tree=262
num_leaves=31
num_cat=0
split_feature=1 8 1 8 16 8 71 1 1 1 8 17 18 9 9 17 71 15 9 19 34 19 18 18 70 71 8 6 18 1
split_gain=17.0171 23.2635 51.2345 33.671 28.4413 25.5526 53.8228 31.4121 21.0239 32.7777 23.4508 36.5484 35.408 22.6659 20.2809 20.0606 22.7907 21.5129 21.0729 33.7042 23.2365 18.8728 17.9316 20.6823 16.6431 16.2671 13.7456 15.9316 13.3029 25.7642
threshold=14.65 62.500000000000007 24.925000000000004 60.500000000000007 1035.0000000000002 66.500000000000014 1.3999999999999997 22.550000000000008 16.850000000000005 16.150000000000002 340.50000000000006 24.500000000000004 17.500000000000004 -0.022576249993022688 0.88621069759564464 15.500000000000002 0.1000000000000001 9.7500000000000018 -0.12546116083924153 2.3999999999999999 0.0028947368421052637 1.3000000000000005 21.500000000000004 20.500000000000004 0.2999999999999981 2.7000000000000002 348.50000000000006 1155.0000000000002 18.500000000000004 25.650000000000006
decision_type=2 2 2 2 2 2 2 2 2 2 2 2 2 2 2 2 2 2 2 2 2 2 2 2 2 2 2 2 2 2
left_child=15 2 3 22 -5 6 -3 -8 9 13 11 -10 -12 -7 -9 16 17 -1 19 20 -17 -11 23 -2 -20 26 27 -18 29 -4
right_child=1 5 28 4 -6 8 7 14 10 21 12 -13 -14 -15 -16 18 25 -19 24 -21 -22 -23 -24 -25 -26 -27 -28 -29 -30 -31
leaf_value=0.014353619788517947 -4.2123177816041124e-05 0.011569931051814076 -0.0025007377008721345 -0.005564200934358228 0.00013506219192093585 0.0029139876133755017 0.012944011237844055 0.0010035862635255771 -0.00018229798021064393 -0.02610701422437316 5.0250772950447003e-05 1.5524084734064304e-05 0.00096589898700852198 -0.009866806482463809 -0.0012329635981732701 -0.029879776857408082 -0.0001027137860327716 -0.03395470916383421 0.0022242654338824898 0.0010245275868498761 0.0075154559514546641 -0.00037425169924317495 0.064538563337494637 -0.017807424345315691 0.018815789950423857 -0.00040552767608314068 0.027040302214605516 0.00029813660536883449 -0.0012285399658577239 0.0095658277418809931
leaf_weight=41 14779 493 67 392 40 1021 241 64 11191 507 4823 88703 2448 204 303 175 403 364 382 124 43 739 66 279 744 354 231 112 484 63
leaf_count=41 14779 493 67 392 40 1021 241 64 11191 507 4823 88703 2448 204 303 175 403 364 382 124 43 739 66 279 744 354 231 112 484 63
internal_value=-9.81675e-05 -0.000185766 -0.00195733 -0.00139817 -0.015162 7.29205e-05 0.00765213 -0.00230263 -3.19238e-06 -0.00456293 0.000101946 -9.76035e-05 0.00284349 0.0012449 -0.0115123 0.0036411 -0.000415282 -0.0105556 0.00779973 -0.00307018 -0.0149083 -0.0102729 -0.00100503 -0.00111901 0.0111012 0.00331818 0.0075067 0.00296117 -0.0161238 -0.00192308
internal_weight=129880 126907 16170 15556 432 110737 1101 608 109636 2471 107165 99894 7271 1225 367 2973 1505 405 1468 342 218 1246 15124 15058 1126 1100 746 515 614 130
internal_count=129880 126907 16170 15556 432 110737 1101 608 109636 2471 107165 99894 7271 1225 367 2973 1505 405 1468 342 218 1246 15124 15058 1126 1100 746 515 614 130
is_linear=0
shrinkage=0.05


Tree=263
num_leaves=31
num_cat=0
split_feature=0 6 9 22 10 8 1 17 9 9 9 1 0 8 1 16 19 10 17 18 71 17 17 17 16 1 0 17 71 9
split_gain=15.8253 20.7018 17.4943 20.8656 16.7421 51.2885 30.1976 61.2254 43.5334 56.3645 39.5067 33.9766 38.4647 33.4595 28.017 24.1072 21.7872 20.8698 41.6563 23.8835 18.9782 17.7384 16.7055 16.3502 16.248 11.5996 11.3406 15.3866 9.50419 9.39114
threshold=11.550000000000002 665.00000000000011 -0.14250824554987665 1.0000000180025095e-35 0.40418040343369133 68.500000000000014 20.150000000000002 21.500000000000004 -0.35846811432664222 -0.26037633224328088 -0.46801505794253101 20.250000000000004 17.550000000000004 6.5000000000000009 16.650000000000002 635.00000000000011 6.2999999999999989 0.11478523713130605 31.500000000000004 19.500000000000004 0.6000000000000002 24.500000000000004 17.500000000000004 11.000000000000002 245.00000000000003 12.250000000000002 10.65 15.500000000000002 2.7999999999999985 0.39036257410962044
decision_type=2 2 2 2 2 2 2 2 2 2 2 2 2 2 2 2 2 2 2 2 2 2 2 2 2 2 2 2 2 2
left_child=1 2 3 -1 5 -2 7 8 22 -10 21 12 -8 16 -7 -15 -13 19 -19 -16 -12 -9 -6 -4 -14 -5 -25 -28 -3 -30
right_child=4 28 23 25 6 14 11 10 9 -11 20 13 24 15 17 -17 -18 18 -20 -21 -22 -23 -24 26 -26 -27 27 -29 29 -31
leaf_value=-0.027473007615377878 0.027450940552998883 0.00094332081001188806 -0.016429769326289909 0.10325524107416997 -0.021844989351693246 -0.068655865316755951 0.0093362822016496254 -0.00064735905742214779 -0.0036831473132615637 -9.7633086894554867e-06 0.017581288202710321 -0.0012130383484115007 -0.0032926851669136227 -0.0001928920901759404 -0.00028827365398261461 0.00011937903992976298 7.0867588208186474e-05 0.0001646563282047506 0.0020226407104525349 8.1297233343602397e-07 0.0046985872178306742 0.03583180960930523 0.0084267729626272166 0.0148612599679534 -0.0030355943372511497 -0.015602880041537925 -0.03225697370564249 0.011321680024722792 -0.0014110512760757681 0.00011062214474094246
leaf_weight=136 288 245 67 48 144 110 72 697 1102 13570 1883 599 354 25755 1584 1046 54 11698 576 67535 617 52 711 264 314 55 93 114 45 52
leaf_count=136 288 245 67 48 144 110 72 697 1102 13570 1883 599 354 25755 1584 1046 54 11698 576 67535 617 52 711 264 314 55 93 114 45 52
internal_value=-8.93132e-05 0.0058311 0.00131918 -0.00993724 -0.000140765 0.000291291 -0.000893123 0.000660418 -0.00064565 -0.00128476 0.00690212 -0.00192772 -0.0125 -0.00164275 0.000216863 -0.00137028 -0.0128254 0.000250943 0.00215089 -8.64451e-05 0.00992 -0.00317089 0.0103216 0.0063197 -0.0162425 0.00703883 0.00960722 0.000845411 0.0160819 0.00283505
internal_weight=129880 1119 777 239 128761 81791 46970 18776 15527 14672 3249 28194 740 27454 81503 26801 653 81393 12274 69119 2500 749 855 538 668 103 471 207 342 97
internal_count=129880 1119 777 239 128761 81791 46970 18776 15527 14672 3249 28194 740 27454 81503 26801 653 81393 12274 69119 2500 749 855 538 668 103 471 207 342 97
is_linear=0
shrinkage=0.05


Tree=264
num_leaves=31
num_cat=0
split_feature=19 6 17 19 9 9 19 1 17 1 1 17 10 8 0 1 35 16 70 19 9 1 19 9 17 9 19 1 6 23
split_gain=17.0963 31.2134 31.1901 29.5629 36.8701 91.4028 69.6488 32.812 27.8632 78.2756 60.5692 50.6198 44.068 35.5766 25.8534 34.2071 25.2162 21.7214 21.2617 19.714 19.526 18.3553 16.3384 29.2817 33.5431 31.3029 23.8999 17.738 16.321 16.179
threshold=4.4000000000000048 685.00000000000011 1.0000000180025095e-35 1.899999999999997 0.59868201182722736 0.84313847884979054 3.5999999999999992 20.550000000000004 29.500000000000004 26.150000000000006 28.225000000000005 28.500000000000004 -0.56369940867848845 126.50000000000001 11.550000000000002 17.620000000000005 1.2026315789473687 1115.0000000000002 1.399999999999997 1.1000000000000008 0.99274428880883148 21.450000000000003 4.6999999999999984 -0.95244167294248061 20.500000000000004 0.86113431103781346 4.5000000000000018 32.050000000000004 845.00000000000011 4.5000000000000009
decision_type=2 2 2 2 2 2 2 2 2 2 2 2 2 2 2 2 2 2 2 2 2 2 2 2 2 2 2 2 2 2
left_child=1 2 -1 17 14 7 -7 -6 9 11 12 -4 -10 -12 -5 -16 -11 18 19 -3 -19 -22 23 26 -25 27 -2 -26 -27 -24
right_child=22 3 8 4 5 6 -8 -9 10 16 13 -13 -14 -15 15 -17 -18 20 -20 -21 21 -23 29 24 25 28 -28 -29 -30 -31
leaf_value=0.019803786062297712 0.014263081862347383 0.004771704443322573 -0.0011902670739750488 0.00091453159138942983 7.1231407513738682e-06 -5.1794025141810311e-05 0.0035255573042440656 -0.0018272960629133247 0.027980677788738098 -0.021628361621589175 -0.033955884193995596 0.0069532487301717134 0.0026688419537720613 -0.00048874376120047194 -0.00057084702772105124 0.00010707483682345374 0.0011794744766838506 0.00027859987935226069 0.00077504616791756954 0.00011255043440108631 7.7040294476284348e-05 -5.0337878335629424e-05 -1.4784798992619614e-05 -0.0039430088213289211 8.65781640522513e-05 0.0035000751235590177 -0.0025385898951076 -2.6605436039373045e-05 -0.0017115994982067108 0.0006276544868515137
leaf_weight=207 59 615 29419 195 700 2611 1068 2275 2195 3630 205 2562 4202 18851 1181 23713 695 246 330 3771 31 45 26426 321 2292 68 406 1081 219 261
leaf_count=207 59 615 29419 195 700 2611 1068 2275 2195 3630 205 2562 4202 18851 1181 23713 695 246 330 3771 31 45 26426 321 2292 68 406 1081 219 261
internal_value=-5.19711e-05 0.000270135 -0.000414744 0.00142397 0.000859245 -0.00244965 0.00282006 -0.00896639 -0.000479687 -0.00136892 0.000788709 -0.00051515 0.00499844 -0.000624475 0.00173682 0.00159476 -0.00768208 0.00498214 0.00412426 0.00320337 0.0175466 -0.00460526 -0.00107362 -0.00387989 -0.00249309 -0.00113388 -0.0157527 0.000214942 -0.0169861 -0.0006061
internal_weight=129880 98747 61966 36781 31743 6654 3679 2975 61759 36306 25453 31981 6397 19056 25089 24894 4325 5038 4716 4386 322 76 31133 4446 3981 3660 465 3373 287 26687
internal_count=129880 98747 61966 36781 31743 6654 3679 2975 61759 36306 25453 31981 6397 19056 25089 24894 4325 5038 4716 4386 322 76 31133 4446 3981 3660 465 3373 287 26687
is_linear=0
shrinkage=0.05


Tree=265
num_leaves=31
num_cat=0
split_feature=1 1 1 16 17 19 70 17 8 1 18 9 1 17 9 18 18 9 1 9 54 4 6 16 8 19 8 0 6 71
split_gain=20.3835 20.1414 27.1148 23.5309 22.2559 24.3619 31.5524 18.588 46.5991 53.6233 43.6641 53.8234 38.7863 49.8235 104.791 48.4968 41.5126 41.0937 38.9066 37.2843 31.1584 29.8991 26.643 18.8924 16.2855 44.5921 21.5715 15.2061 15.1241 11.5893
threshold=14.65 13.550000000000002 13.250000000000002 215.00000000000003 17.500000000000004 1.899999999999997 0.79999999999999993 26.500000000000004 80.500000000000014 26.150000000000006 22.500000000000004 -0.77245553105869302 23.150000000000006 24.500000000000004 0.75014288946266361 22.500000000000004 18.500000000000004 0.9962888416657264 23.050000000000008 0.99552231814189451 0.13500000000000004 8.5000000000000018 225.00000000000003 185.00000000000003 144.50000000000003 2.8000000000000029 150.50000000000003 19.450000000000003 925.00000000000011 4.6999999999999984
decision_type=2 2 2 2 2 2 2 2 2 2 2 2 2 2 2 2 2 2 2 2 2 2 2 2 2 2 2 2 2 2
left_child=1 2 4 -3 5 6 -1 12 -9 10 11 -10 13 18 16 -16 -15 20 22 -12 21 -14 -2 -19 25 -11 -26 -22 -20 -7
right_child=7 3 -4 -5 -6 29 -8 8 9 24 19 -13 17 14 15 -17 -18 23 28 -21 27 -23 -24 -25 26 -27 -28 -29 -30 -31
leaf_value=0.00017147071881245697 -0.0070796430696463686 0.0014959051686160689 -0.010355986311041726 0.0083838716207103037 0.036997413590489935 0.001013935299945266 -0.036755468390547844 -0.0072189036858698562 0.0021822800493347841 -0.0020482286316155537 0.00055466511129567133 0.052337485102539105 -0.020047713563962555 0.030225631738487514 0.032110427274869305 -0.084656788229527033 -0.0029565623083904983 2.4660090093564514e-05 0.00028362067149141564 0.036138186601093872 -0.00011422396617056808 -0.00026228768656114121 -5.9106339694711228e-06 0.0028258255231949528 0.0012517729808582041 3.1282342076380253e-05 -3.0266238714160566e-07 0.0024524210214491599 0.0027321739084274709 -0.0009314371989522206
leaf_weight=778 5212 552 224 367 119 574 319 288 988 3083 8490 649 2664 139 1246 66 1737 161 86 285 53 11401 25018 219 1462 4706 58240 510 204 40
leaf_count=778 5212 552 224 367 119 574 319 288 988 3083 8490 649 2664 139 1246 66 1737 161 86 285 53 11401 25018 219 1462 4706 58240 510 204 40
internal_value=-9.81675e-05 0.00399428 0.00124148 0.0101469 0.00325137 0.00179719 -0.00266636 -0.00019404 0.0002836 0.000357817 0.00369766 0.0111943 -0.00096067 -1.92833e-05 0.00592848 0.0167683 -0.00165245 -0.00307503 -0.000640564 0.00229915 -0.00349672 -0.00395841 -0.000815415 0.0131579 -0.000157428 -0.00230774 0.000123111 0.0080373 0.0175862 0.00977199
internal_weight=129880 2973 2054 919 1830 1711 1097 126907 78191 77903 10412 1637 48716 33708 3188 1312 1876 15008 30520 8775 14628 14065 30230 380 67491 7789 59702 563 290 614
internal_count=129880 2973 2054 919 1830 1711 1097 126907 78191 77903 10412 1637 48716 33708 3188 1312 1876 15008 30520 8775 14628 14065 30230 380 67491 7789 59702 563 290 614
is_linear=0
shrinkage=0.05


Tree=266
num_leaves=31
num_cat=0
split_feature=19 8 19 1 18 9 1 18 10 10 19 9 9 8 1 17 1 12 19 9 1 9 8 1 8 19 8 9 16 9
split_gain=22.5289 26.1463 19.9369 43.0934 47.5607 39.0758 31.7659 19.3746 37.3159 39.1162 20.5108 19.956 34.9748 19.357 19.241 28.2411 41.8941 30.4654 22.6084 23.7809 53.474 43.3394 22.4114 20.2042 17.1062 16.3329 14.9931 18.93 17.9061 14.025
threshold=5.1000000000000041 18.500000000000004 5.3000000000000034 32.850000000000001 26.500000000000004 -0.74441730022405961 33.95000000000001 15.500000000000002 0.2499757677084001 0.11478523713130605 6.3000000000000034 0.84313847884979054 0.82414472752956958 237.50000000000003 14.65 17.500000000000004 16.650000000000002 1.0000000180025095e-35 5.0499999999999998 -0.99866806308218525 31.250000000000004 -0.9905448150984083 333.50000000000006 33.45000000000001 24.500000000000004 1.125000000000002 357.50000000000006 0.48314048284850658 995.00000000000011 -0.27694604220087021
decision_type=2 2 2 2 2 2 2 2 2 2 2 2 2 2 2 2 2 2 2 2 2 2 2 2 2 2 2 2 2 2
left_child=14 -2 3 4 5 -3 13 11 9 -9 -10 12 -4 -5 26 16 17 -16 19 20 -17 -21 23 -20 -18 -26 27 28 29 -1
right_child=1 2 7 6 -6 -7 -8 8 10 -11 -12 -13 -14 -15 15 18 24 -19 22 21 -22 -23 -24 -25 25 -27 -28 -29 -30 -31
leaf_value=-0.060096453528863107 -0.0010816463539085146 0.0001635794004012238 0.00011010562143038833 0.00028582442852479324 -0.0038609255099613703 -0.00082196015677026251 -0.00071037956559039106 -1.0677489093690457e-05 -0.00021912180699855193 0.00051401751900757018 -0.00060739397548562534 0.00015272596991255732 -0.0035385045263479232 0.00021334864287934213 -0.023388069487739929 -6.5038606664569183e-06 -0.0087298549836824311 6.0246619174833738e-05 0.0027657245183084532 0.0039555855057238137 -0.0028429981974445058 7.2156026931155532e-07 -0.0018815559013714307 -0.00012222895093429791 0.021917246678106572 -9.6066519541249159e-05 0.033561831131925193 0.0042882745012486857 0.00014553398937573178 0.00075000859455756532
leaf_weight=100 451 495 1935 283 478 1356 166 8335 2941 1063 1152 182 125 408 583 1584 54 229 771 2899 551 100031 77 201 173 497 192 522 80 1966
leaf_count=100 451 495 1935 283 478 1356 166 8335 2941 1063 1152 182 125 408 583 1584 54 229 771 2899 551 100031 77 201 173 497 192 522 80 1966
internal_value=-0.000110102 -0.00168301 -0.00139939 -0.00500628 -0.00853371 -0.00490276 0.00457993 -0.000668976 -0.00138426 0.000351139 -0.00536892 0.00363515 0.00223301 0.00929812 0.000165596 5.80585e-05 -0.00667318 -0.0144704 0.000155493 8.25679e-05 -0.00514052 0.000190906 0.00745949 0.00951646 0.00207182 0.00425373 0.00421329 0.00324213 0.00116496 0.000266215
internal_weight=129880 19370 18919 3186 2329 1851 857 15733 13491 9398 4093 2242 2060 691 110510 107650 1536 812 106114 105065 2135 102930 1049 972 724 670 2860 2668 2146 2066
internal_count=129880 19370 18919 3186 2329 1851 857 15733 13491 9398 4093 2242 2060 691 110510 107650 1536 812 106114 105065 2135 102930 1049 972 724 670 2860 2668 2146 2066
is_linear=0
shrinkage=0.05


Tree=267
num_leaves=31
num_cat=0
split_feature=1 10 70 9 17 6 1 19 17 9 8 8 10 1 17 9 17 9 1 1 1 6 9 8 3 4 18 9 70 17
split_gain=25.6459 30.7784 25.1237 20.6489 31.7888 27.4501 18.6392 37.2393 36.5306 35.3457 26.2718 34.9438 27.8407 35.7522 45.6891 28.5568 27.1822 25.0211 24.6188 20.2597 19.9045 16.7919 21.6485 15.169 14.718 13.3104 20.1072 13.3011 15.2598 19.9237
threshold=16.150000000000002 0.87709077819680659 1.7999999999999983 0.878110924644389 16.500000000000004 795.00000000000011 16.850000000000005 1.3000000000000005 21.500000000000004 -0.099819732675876835 340.50000000000006 343.50000000000006 0.46611290379786346 19.950000000000003 18.500000000000004 0.878110924644389 25.500000000000004 0.78325454425165997 20.350000000000005 26.950000000000003 17.250000000000004 635.00000000000011 -0.2270106897347694 26.500000000000004 0.3000000000000061 14.500000000000002 14.500000000000002 0.45273815774107123 0.6000000000000002 15.500000000000002
decision_type=2 2 2 2 2 2 2 2 2 2 2 2 2 2 2 2 2 2 2 2 2 2 2 2 2 2 2 2 2 2
left_child=1 3 27 4 5 -1 7 8 -2 25 12 24 13 14 -8 17 20 -14 -15 -18 -13 22 -4 -24 -12 26 -9 28 -3 -30
right_child=6 2 21 -5 -6 -7 10 9 -10 -11 11 16 15 18 -16 -17 19 -19 -20 -21 -22 -23 23 -25 -26 -27 -28 -29 29 -31
leaf_value=-0.010226353359815012 -0.016292535474457904 0.0029492231638657733 -0.017230395085428386 -0.0065054869823224287 0.039733937952292298 0.00080839043729492301 -0.00041420155570176905 0.0068755808019592664 0.053709436510015252 0.001700337851258528 0.0037684098927422251 0.00079100298502558829 -0.00011955847163248115 -0.012320752806776015 0.0098723489194111336 0.011983125981123119 0.033863658437030722 -0.0020859214634476155 9.2345509729842304e-06 -1.2571511790190894e-05 -8.6812301601610956e-06 0.0010531412354319294 -0.0099577150019330082 0.014984831183495695 0.00012101284852661376 -0.00041775698232462705 -0.028171595066094277 -0.00097903588951670038 -0.0016423864822644196 0.00076223099521668058
leaf_weight=240 682 1852 59 78 505 192 234 263 56 480 1021 262 28704 555 1019 215 284 2274 82665 148 5282 331 49 184 274 216 92 394 500 770
leaf_count=240 682 1852 59 78 505 192 234 263 56 480 1021 262 28704 555 1019 215 284 2274 82665 148 5282 331 49 184 274 216 92 394 500 770
internal_value=-2.6948e-06 0.00345363 0.00154023 0.0112562 0.0133138 0.00335648 -0.000145519 -0.00521241 -0.0138211 0.00083254 -7.17847e-05 0.00284349 -0.000255045 0.000216341 0.00859936 -0.00153159 0.00122992 -0.00165763 9.01226e-05 0.0133102 0.0002886 0.0107945 0.00205479 0.00890558 0.0102896 -0.00757443 -0.00161972 -9.95449e-05 0.000992953 -0.00322835
internal_weight=129880 5154 4139 1015 937 432 124726 1789 738 1051 122937 7271 115666 84473 1253 31193 5976 30978 83220 432 5544 623 292 233 1295 571 355 3516 3122 1270
internal_count=129880 5154 4139 1015 937 432 124726 1789 738 1051 122937 7271 115666 84473 1253 31193 5976 30978 83220 432 5544 623 292 233 1295 571 355 3516 3122 1270
is_linear=0
shrinkage=0.05


Tree=268
num_leaves=31
num_cat=0
split_feature=16 1 19 19 6 9 9 19 9 70 1 19 9 9 8 9 18 1 1 19 19 10 17 1 9 1 9 16 9 43
split_gain=21.3558 30.2114 24.0928 20.4844 31.6098 30.3869 54.2474 59.9617 33.7162 37.613 33.8596 29.724 20.1364 40.3118 54.114 30.9399 30.5316 35.5078 21.4912 19.6447 28.6105 49.2556 37.3396 36.7861 26.2687 21.9708 17.8372 29.9452 28.7885 22.5761
threshold=635.00000000000011 28.550000000000008 8.5500000000000025 4.2999999999999963 665.00000000000011 0.29342972903661901 0.8697513045430848 3.5999999999999992 -0.30163705152652742 0.52500000000000047 24.650000000000006 3.7000000000000006 0.99053107487289871 0.96687895796550427 100.50000000000001 0.92273069556937592 19.500000000000004 21.037500000000005 19.950000000000003 6.7500000000000009 6.2000000000000055 -0.30982845708428081 31.500000000000004 29.950000000000003 0.99374995976406788 31.850000000000005 0.65233619298682533 1055.0000000000002 0.81428061195174062 0.77500000000000013
decision_type=2 2 2 2 2 2 2 2 2 2 2 2 2 2 2 2 2 2 2 2 2 2 2 2 2 2 2 2 2 2
left_child=3 2 26 4 12 8 11 -8 10 -10 -6 -7 13 15 -15 -1 18 -18 -14 20 24 22 -22 -23 25 -5 27 -2 -28 -29
right_child=1 -3 -4 19 5 6 7 -9 9 -11 -12 -13 16 14 -16 -17 17 -19 -20 -21 21 23 -24 -25 -26 -27 28 29 -30 -31
leaf_value=-0.0002569036765702748 0.00024744706709975894 -9.0709752976781839e-05 -0.00021558511511308079 -1.9264779799028909e-06 -0.00081061621656383295 -0.00030863204628826145 0.00011707977324932344 0.0038089584229535553 0.0002872002788463986 0.00032088825456026568 0.00015506402531728048 -0.0014974819337359683 0.0056711537619727583 -0.0041618745834349881 0.02747140901815355 -0.014298031902344617 0.050354084215130081 -0.0013568497699432858 -0.073887469206176323 3.1825185277500198e-05 0.0035507597789162133 -0.00046051154166588514 -0.00026120188601146398 -0.0018587486441095438 2.9671397950972042e-05 -0.00010614773368211109 -0.00032361193664167033 9.6542637325588244e-05 0.00027764407444597398 -5.6465797338603531e-05
leaf_weight=53925 2046 1346 79 16855 2960 4596 3390 859 2784 3247 11282 1696 131 1070 784 2138 166 1504 332 2181 280 1434 615 548 281 10986 393 749 1155 68
leaf_count=53925 2046 1346 79 16855 2960 4596 3390 859 2784 3247 11282 1696 131 1070 784 2138 166 1504 332 2181 280 1434 615 548 281 10986 393 749 1155 68
internal_value=-2.5793e-05 0.00293009 0.00489978 -0.000164861 0.000223411 0.00152528 -0.000652215 0.00371264 0.00265748 0.00579091 0.00133057 -0.00359981 -0.000444629 -0.000268919 0.0069849 -0.000508803 -0.00521566 -0.00206587 -0.0165767 -0.00122815 -0.00155086 -0.00629997 0.00343575 -0.0106963 -0.001065 -0.00121853 0.00538993 0.00772791 0.00106589 0.0158201
internal_weight=129880 5836 4490 124044 90864 30814 10541 4249 20273 6031 14242 6292 60050 57917 1854 56063 2133 1670 463 33180 30999 2877 895 1982 28122 27841 4411 2863 1548 817
internal_count=129880 5836 4490 124044 90864 30814 10541 4249 20273 6031 14242 6292 60050 57917 1854 56063 2133 1670 463 33180 30999 2877 895 1982 28122 27841 4411 2863 1548 817
is_linear=0
shrinkage=0.05


Tree=269
num_leaves=31
num_cat=0
split_feature=19 62 19 9 19 9 8 9 1 1 17 1 17 1 1 8 18 70 8 1 17 9 19 8 9 8 8 1 70 17
split_gain=26.2303 37.5482 29.3883 38.25 27.0943 35.6972 27.2183 25.1619 31.2002 24.5713 23.6444 39.6435 31.9346 30.1267 32.1874 26.9413 39.7694 36.6431 23.3248 22.7062 46.0116 39.1863 36.2229 33.7377 61.5883 38.2181 20.3433 18.4135 14.5773 14.5041
threshold=5.9000000000000004 0.28947368421052638 6.7500000000000009 -0.97876850416056738 6.3000000000000034 0.92273069556937592 70.500000000000014 0.97112537654464559 34.850000000000001 35.45000000000001 33.500000000000007 33.95000000000001 32.500000000000007 28.850000000000005 28.950000000000003 248.50000000000003 28.500000000000004 2.8999999999999999 281.50000000000006 19.250000000000004 20.500000000000004 0.51297097409535064 1.2 62.500000000000007 0.65233619298682533 90.500000000000014 290.50000000000006 27.850000000000005 6.1499999999999995 33.500000000000007
decision_type=2 2 2 2 2 2 2 2 2 2 2 2 2 2 2 2 2 2 2 2 2 2 2 2 2 2 2 2 2 2
left_child=10 2 3 18 5 -5 -6 8 26 -10 11 19 -13 27 -15 16 -16 -17 -2 20 22 -22 -1 24 -21 -25 -4 -12 -9 -3
right_child=1 29 7 4 6 -7 -8 28 9 -11 13 12 -14 14 15 17 -18 -19 -20 23 21 -23 -24 25 -26 -27 -28 -29 -30 -31
leaf_value=-0.0034778876991748532 -0.0019487648199570642 0.00025552388724600156 0.00066124164150540708 -0.00011385848867044857 -0.0013293745392966769 0.00011061904598876211 -0.00012287603563045438 -0.0014010034374572226 -0.0013609876134526898 1.8189328338097387e-05 -0.0040458369385661498 0.0010747487350849948 -0.0016487190454590184 -0.056484555764586157 0.0066727714124745797 -0.0021306239071799738 4.3290482635803543e-05 0.00079108246841647989 0.00036092901400169576 5.6050631329837561e-07 0.00095537621806216161 0.015371815756735397 0.00019937005139415015 0.00065708924608766427 -0.0013011240096214467 -1.4989942565147782e-05 -7.1347599331139655e-05 0.02475397138049509 7.507272188907177e-05 -0.0014848824725673254
leaf_weight=4114 465 836 1210 3477 396 443 1566 173 167 138 56 51 384 119 2668 1496 3965 243 39 5303 2461 1508 8015 5720 3198 81038 220 255 20 136
leaf_count=4114 465 836 1210 3477 396 443 1566 173 167 138 56 51 384 119 2668 1496 3965 243 39 5303 2461 1508 8015 5720 3198 81038 220 255 20 136
internal_value=-5.08161e-05 -0.00261146 -0.00369858 -0.00533198 -0.00419925 -0.00179847 -0.00899592 0.00171162 0.00361671 -0.0109016 0.000146359 -5.0093e-05 -0.0151149 0.00264145 0.00208162 0.00244864 0.00390095 -0.00309086 -0.0185516 8.75562e-06 0.00174556 0.00641849 0.000216423 -0.00028475 -0.00329079 9.79737e-06 0.00671329 0.017926 -0.0154145 0.00668724
internal_weight=129880 9286 8314 6386 5882 3920 1962 1928 1735 305 120594 111792 435 8802 8491 8372 6633 1739 504 111357 16098 3969 12129 95259 8501 86758 1430 311 193 972
internal_count=129880 9286 8314 6386 5882 3920 1962 1928 1735 305 120594 111792 435 8802 8491 8372 6633 1739 504 111357 16098 3969 12129 95259 8501 86758 1430 311 193 972
is_linear=0
shrinkage=0.05


Tree=270
num_leaves=31
num_cat=0
split_feature=19 62 9 8 9 1 10 17 1 8 19 9 1 18 8 47 9 70 35 19 1 19 10 1 17 9 6 6 9 1
split_gain=25.3227 28.1059 29.1266 24.871 30.0404 23.3172 31.8755 31.3669 48.7608 41.0226 39.1345 56.5749 49.5867 34.3039 32.8688 26.1111 25.4409 24.5281 22.5247 21.7665 22.4253 28.6288 23.3936 20.2626 19.5666 27.3141 25.5841 19.4495 21.1039 17.5225
threshold=5.9000000000000004 0.28947368421052638 -0.97876850416056738 281.50000000000006 -0.99866806308218525 16.150000000000002 0.87709077819680659 20.500000000000004 18.350000000000005 4.5000000000000009 1.2 -0.49813634056773481 21.125000000000004 15.500000000000002 86.500000000000014 1.0000000180025095e-35 0.83376496542330847 1.7999999999999983 0.00078947368421052641 5.9500000000000002 23.350000000000005 6.2999999999999989 0.99445195900249039 34.750000000000007 16.500000000000004 0.878110924644389 615.00000000000011 635.00000000000011 -0.2270106897347694 18.250000000000004
decision_type=2 2 2 2 2 2 2 2 2 2 2 2 2 2 2 2 2 2 2 2 2 2 2 2 2 2 2 2 2 2
left_child=5 2 3 4 -2 6 24 10 14 -10 11 -7 16 -11 29 -16 -12 -8 -13 23 21 -21 -22 -4 26 -26 -1 28 -19 -9
right_child=1 -3 19 -5 -6 7 17 8 9 13 12 18 -14 -15 15 -17 -18 27 -20 20 22 -23 -24 -25 25 -27 -28 -29 -30 -31
leaf_value=-0.01784748411215201 0.00064152175033549007 0.00014551511494903863 -0.0017376355032847159 0.00040285692084191253 -0.0018513265789592108 0.023351351613391903 -1.4545656323083386e-05 0.026826978895028289 -0.0040818256382854114 -0.00370492766303464 7.0283001385859639e-05 -0.015359032867387247 -0.0024818984163265411 6.8759320080345748e-06 -0.0055018695116774707 0.015107124227848413 -0.00039893296557486492 -0.016365998649898163 -0.0049569519691791356 0.00033899757787606846 -7.4679783414582929e-05 -0.00014493751299197999 -0.0010157968642989473 7.1540701925727757e-05 0.037593489161995189 -0.0059934730644190639 0.00056755449171279337 0.0010676059277325083 0.0084902048289859696 -0.0018277519833685973
leaf_weight=186 48 972 453 100 447 125 3492 820 276 776 6611 1567 453 102432 392 235 917 59 787 564 5662 851 132 57 505 78 246 295 233 109
leaf_count=186 48 972 453 100 447 125 3492 820 276 776 6611 1567 453 102432 392 235 917 59 787 564 5662 851 132 57 505 78 246 295 233 109
internal_value=-0.00012781 -0.00264376 -0.00358432 -0.0142437 -0.0188384 6.59237e-05 0.00337652 -8.00866e-05 0.000179931 4.78335e-05 -0.0026912 -0.0081787 -0.000986718 9.9314e-05 0.0089653 0.000119617 -1.99256e-05 0.00140353 -0.00991929 -0.00276266 -0.00205646 0.00358657 -0.00343459 -0.0127451 0.0113054 0.0172813 0.00324074 0.0108603 0.00171233 0.0149354
internal_weight=129880 9286 8314 595 495 120594 5094 115500 105040 103484 10460 2479 7981 103208 1556 627 7528 4079 2354 7719 7209 1415 5794 510 1015 583 432 587 292 929
internal_count=129880 9286 8314 595 495 120594 5094 115500 105040 103484 10460 2479 7981 103208 1556 627 7528 4079 2354 7719 7209 1415 5794 510 1015 583 432 587 292 929
is_linear=0
shrinkage=0.05


Tree=271
num_leaves=31
num_cat=0
split_feature=19 19 55 18 10 10 1 19 10 19 1 19 1 10 8 8 22 1 8 17 8 17 9 6 9 8 15 6 1 9
split_gain=22.6477 35.6077 27.2278 25.6667 23.7816 42.9986 23.2974 22.908 20.1031 29.2165 27.2151 26.1813 17.5728 32.5271 26.4744 45.7 61.1752 42.3104 35.8352 35.8748 32.7257 19.5782 26.6378 22.4508 15.8791 14.454 13.7285 13.003 11.3561 10.3463
threshold=6.2000000000000011 6.7500000000000009 0.065000000000000016 28.500000000000004 -0.98521978256641018 -0.34234976856068178 35.350000000000001 6.9000000000000004 0.52583933546504591 7.8500000000000005 21.950000000000003 7.0500000000000016 16.150000000000002 0.87709077819680659 62.500000000000007 46.500000000000007 1.0000000180025095e-35 16.925000000000001 90.500000000000014 23.500000000000004 100.50000000000001 16.500000000000004 0.878110924644389 615.00000000000011 -0.27694604220087021 363.50000000000006 35.750000000000007 1165.0000000000002 15.450000000000001 0.9916835347852474
decision_type=2 2 2 2 2 2 2 2 2 2 2 2 2 2 2 2 2 2 2 2 2 2 2 2 2 2 2 2 2 2
left_child=6 2 3 4 -2 -6 12 27 9 11 -10 -9 13 21 15 17 -17 -14 19 -16 -20 23 -23 -1 28 -26 -8 29 -15 -3
right_child=1 7 -4 -5 5 -7 26 8 10 -11 -12 -13 14 24 18 16 -18 -19 20 -21 -22 22 -24 -25 25 -27 -28 -29 -30 -31
leaf_value=-0.016955109906544415 -0.00039073497058771253 0.00016106350328239929 0.002662986318339325 0.0054891709002964561 6.5595623077373968e-05 -0.0010246809250336331 -0.007506271721269402 -0.0010650324318877121 -0.00015510334194352712 -0.00025668404040990223 0.0010355273012905371 8.5392969993115111e-05 0.014588962853892619 -0.047895146203441402 -8.4727251130898307e-05 -0.0021660102410370652 0.00022634691743526338 -4.0522649037692815e-05 -0.00059449852145453542 0.0023497370440884683 4.5898627244203577e-06 0.035713814703895432 -0.0056937994111981201 0.00053917676712715308 0.00082829459085494996 -0.0044623115492121723 5.8979506523275386e-06 0.00025830257536511582 0.00053135104716701693 -0.0013945436272705253
leaf_weight=186 199 262 89 79 676 2064 165 389 151 245 286 746 330 211 3179 2160 1695 10178 2812 4068 94637 505 78 246 3609 255 41 243 64 32
leaf_count=186 199 262 89 79 676 2064 165 389 151 245 286 746 330 211 3179 2160 1695 10178 2812 4068 94637 505 78 246 3609 255 41 243 64 32
internal_value=-8.50785e-05 -0.00323659 -0.00675089 -0.00755467 -0.00831065 -0.00709854 5.32475e-05 0.00140187 -0.00127958 -0.00423913 0.00806636 -0.000859031 8.11107e-05 0.00293946 -4.26259e-05 -0.00205563 -0.00671206 -0.000347354 0.000233533 0.00362564 -1.87277e-05 0.0109606 0.0169383 0.00289352 0.000972457 0.00179865 -0.0167476 0.0104749 -0.0106364 0.00340136
internal_weight=129880 5461 3107 3018 2939 2740 124419 2354 1817 1380 437 1135 124213 5154 119059 14363 3855 10508 104696 7247 97449 1015 583 432 4139 3864 206 537 275 294
internal_count=129880 5461 3107 3018 2939 2740 124419 2354 1817 1380 437 1135 124213 5154 119059 14363 3855 10508 104696 7247 97449 1015 583 432 4139 3864 206 537 275 294
is_linear=0
shrinkage=0.05


Tree=272
num_leaves=31
num_cat=0
split_feature=19 16 1 17 1 19 9 1 10 19 10 8 1 19 1 10 22 19 6 71 70 20 1 1 17 19 19 35 1 1
split_gain=32.7035 17.9198 33.1558 18.5272 33.2418 47.1207 35.143 31.9374 26.3777 26.2027 40.7489 25.065 22.4253 19.9888 18.0653 16.2209 15.8677 17.4201 15.1501 12.6195 12.2205 11.8496 11.4229 11.1984 9.20161 15.1127 14.0019 8.68972 11.988 8.05121
threshold=7.8500000000000005 635.00000000000011 28.550000000000008 32.500000000000007 33.750000000000007 4.9000000000000004 -0.99763297024448894 32.45000000000001 -0.99983123799342477 4.4000000000000048 -0.99273797715557011 246.50000000000003 31.850000000000005 4.8000000000000034 25.750000000000004 0.92519182738459482 1.0000000180025095e-35 4.6999999999999984 1095.0000000000002 2.0999999999999965 4.4000000000000048 0.39999999999999908 23.750000000000004 26.550000000000008 31.500000000000004 4.4000000000000048 4.2999999999999963 1.0000000180025095e-35 29.950000000000003 32.850000000000001
decision_type=2 2 2 2 2 2 2 2 2 2 2 2 2 2 2 2 2 2 2 2 2 2 2 2 2 2 2 2 2 2
left_child=1 3 14 8 5 7 -6 -5 27 10 -10 -7 -11 -8 15 20 24 -18 23 -20 -3 -17 -2 -16 26 -26 -4 -1 -29 -19
right_child=22 2 16 4 6 11 13 -9 9 12 -12 -13 -14 -15 18 21 17 29 19 -21 -22 -23 -24 -25 25 -27 -28 28 -30 -31
leaf_value=-0.0018930018177208815 2.3250606348607096e-05 7.7140576589717822e-06 -9.3796978971823902e-05 0.00082649889448427609 -0.002496902843843251 0.00031182001002849348 -0.0016632554070817387 -0.00027590260143030981 0.02190691776295757 -4.9504420498304104e-05 -1.5428275067463915e-05 5.1127591613475691e-05 -0.0003602026724881323 -2.9409181715798346e-05 0.0048498932036642297 0.00097215985150603853 -0.00037146642951813442 0.00031392421107134772 0.00033114110267866979 -5.5939714584307736e-05 9.2550952462676004e-05 -8.1676085302114746e-05 -0.00021604326996402452 1.5861811372336766e-05 0.0040425129023556258 -0.001308762961797848 0.001343628289311711 -0.014621380770460192 0.0019447762080373355 -0.0038007364059032267
leaf_weight=163 95 2460 480 13039 194 1516 449 2565 975 17744 78113 1056 4144 3548 151 376 351 55 526 78 187 157 331 441 269 87 77 135 98 20
leaf_count=163 95 2460 480 13039 194 1516 449 2565 975 17744 78113 1056 4144 3548 151 376 351 55 526 78 187 157 331 441 269 87 77 135 98 20
internal_value=-0.00013628 -9.07658e-05 0.00264654 -0.000217191 0.0010853 0.00201089 -0.0029289 0.000977314 -0.000504577 -0.000454068 -3.03459e-05 0.00828149 -0.00198511 -0.00192019 0.0047532 0.00278302 -0.00423824 -0.0122066 0.00999164 0.0155629 0.00118058 0.0107411 -0.0139671 0.00430743 -0.000520263 0.00575843 -0.00453321 -0.0133838 -0.00718884 0.00966667
internal_weight=129880 129454 5715 123739 22367 18176 4191 15604 101372 100976 79088 2572 21888 3997 4376 3180 1339 426 1196 604 2647 533 426 592 913 356 557 396 233 75
internal_count=129880 129454 5715 123739 22367 18176 4191 15604 101372 100976 79088 2572 21888 3997 4376 3180 1339 426 1196 604 2647 533 426 592 913 356 557 396 233 75
is_linear=0
shrinkage=0.05


Tree=273
num_leaves=31
num_cat=0
split_feature=19 1 10 17 9 6 8 1 1 1 8 1 18 22 19 9 19 19 17 4 70 17 20 18 1 6 1 34 6 0
split_gain=28.0284 16.7996 40.8601 27.5477 25.3441 21.0289 20.3773 50.0384 28.6707 36.9026 42.9456 39.2975 28.9135 40.1269 28.6057 48.2796 39.3426 18.7893 18.2908 33.5093 24.5782 18.2294 14.9974 12.8491 25.7642 13.2359 11.6274 10.9246 9.85057 9.3835
threshold=7.8500000000000005 15.950000000000001 0.87709077819680659 16.500000000000004 0.878110924644389 615.00000000000011 62.500000000000007 24.925000000000004 16.850000000000005 20.150000000000002 68.500000000000014 20.250000000000004 13.500000000000002 1.0000000180025095e-35 2.7000000000000006 0.83376496542330847 3.1999999999999988 1.399999999999997 12.500000000000002 17.500000000000004 1.3 18.500000000000004 0.1000000000000001 18.500000000000004 25.650000000000006 905.00000000000011 23.850000000000005 0.17763157894736845 1185.0000000000002 12.15
decision_type=2 2 2 2 2 2 2 2 2 2 2 2 2 2 2 2 2 2 2 2 2 2 2 2 2 2 2 2 2 2
left_child=1 2 3 5 -5 29 7 14 12 10 -10 -11 13 -8 15 -3 -16 -14 22 21 -21 -20 27 24 -9 -25 -2 -4 -24 -1
right_child=26 6 18 4 -6 -7 8 23 9 11 -12 -13 17 -15 16 -17 -18 -19 19 20 -22 -23 28 25 -26 -27 -28 -29 -30 -31
leaf_value=-0.002151873823134154 -1.4500033601511088e-06 -0.00097864084100511908 -0.0009357111942785159 0.035718336667760829 -0.0034593554359773071 0.00051298934252416717 -0.0095442176145109983 -0.0021689174041906833 0.011346662131674248 -0.0081723582590265357 0.00031658412298701881 -9.1433134065607715e-07 -0.022013556645693311 0.0098568632541511832 0.00034498843493494631 -0.020131864734460603 -1.7107019926797944e-05 -0.0012587166716176315 -0.00076738507183191085 0.00049911805836545743 0.0010340128373317044 0.0051140999998906533 0.0051455485533085958 -0.0014701138257096644 0.0091419931884850255 -0.00083731683336060964 -0.00027175358733661046 0.0091446571454329058 -0.0010265934805390787 -0.080799794052849538
leaf_weight=121 147 7362 310 429 68 246 157 67 527 303 6356 100838 515 338 1110 643 5387 370 2458 211 257 503 197 113 63 371 279 37 32 65
leaf_count=121 147 7362 310 429 68 246 157 67 527 303 6356 100838 515 338 1110 643 5387 370 2458 211 257 503 197 113 63 371 279 37 32 65
internal_value=-0.000106637 -6.45017e-05 0.00279692 0.0122443 0.0202716 0.00300926 -0.000177883 -0.00189865 5.98698e-05 0.000151355 0.00369388 -8.97262e-05 -0.00710145 0.00257576 -0.00130672 -0.00330731 0.00115823 -0.0125141 0.000605493 0.00199038 0.0144231 2.53293e-05 -0.00763889 -0.0158795 -0.00192308 -0.0196281 -0.0129108 -0.0141931 0.00229258 -0.00967742
internal_weight=129880 129454 4934 929 497 432 124520 15116 109404 108024 6883 101141 1380 495 14502 8005 6497 885 4005 3429 468 2961 576 614 130 484 426 347 229 186
internal_count=129880 129454 4934 929 497 432 124520 15116 109404 108024 6883 101141 1380 495 14502 8005 6497 885 4005 3429 468 2961 576 614 130 484 426 347 229 186
is_linear=0
shrinkage=0.05


Tree=274
num_leaves=31
num_cat=0
split_feature=19 1 10 17 9 4 16 17 1 4 10 1 1 8 18 9 7 0 8 18 17 9 4 17 1 0 20 71 0 20
split_gain=28.1736 20.4629 33.9963 19.8905 22.9443 20.0008 19.8193 18.3183 42.665 34.8639 67.1572 40.172 36.0292 31.5835 31.3167 48.6405 48.0597 29.0882 21.189 20.565 14.9243 12.9846 16.3366 14.4115 11.6274 8.88484 6.00933 5.45633 3.8786 3.64015
threshold=7.8500000000000005 16.150000000000002 0.87709077819680659 16.500000000000004 0.83376496542330847 17.500000000000004 1055.0000000000002 20.500000000000004 19.250000000000004 6.5000000000000009 0.34033495509342487 17.950000000000003 21.125000000000004 4.5000000000000009 17.500000000000004 0.091259403071267925 11.500000000000002 21.650000000000006 2.5000000000000004 14.500000000000002 20.500000000000004 -0.27694604220087021 12.500000000000002 12.500000000000002 23.850000000000005 13.450000000000001 -3.2999999999999985 4.8500000000000023 17.725000000000005 0.20000000000000198
decision_type=2 2 2 2 2 2 2 2 2 2 2 2 2 2 2 2 2 2 2 2 2 2 2 2 2 2 2 2 2 2
left_child=1 2 3 5 -5 25 21 9 14 10 -3 -12 18 -10 15 -9 -16 -14 -11 -15 -6 22 -4 -23 27 -1 -26 28 -2 -29
right_child=24 7 6 4 20 -7 -8 8 13 12 11 -13 17 19 16 -17 -18 -19 -20 -21 -22 23 -24 -25 26 -27 -28 29 -30 -31
leaf_value=0.00053783645040490064 0.00020315938856331229 0.018837633021152291 -0.045614814531301964 0.037054998968398103 -0.0043363165718874001 0.00048733987539795746 0.00095805600486660093 0.0007582931266017401 -0.0037722045679927764 0.00047274720660617084 -0.0053830151971767217 -0.023686745594077144 -0.0023728243237038584 -0.022188429122381892 -0.0056759010962591288 0.03054874372917156 0.040671014626981174 9.4076515999012854e-06 -1.9534041056717731e-06 -3.8469262992051058e-06 0.03034453655252585 -0.00077010606784630843 0.005197959616122563 0.00088392587027968927 0.00065985423628155658 -0.042950873269996297 -0.00027356967947594983 3.0305403036998136e-05 -3.9184006504128236e-06 -0.00076801923525549878
leaf_weight=238 42 168 209 382 143 108 104 1354 223 241 1569 920 423 242 1155 1167 156 333 7754 108595 58 546 28 3252 20 86 259 32 51 22
leaf_count=238 42 168 209 382 143 108 104 1354 223 241 1569 920 423 242 1155 1167 156 333 7754 108595 58 546 28 3252 20 86 259 32 51 22
internal_value=-7.35294e-05 -3.12852e-05 0.00305588 0.0112562 0.0172813 0.003125 0.00104494 -0.000159292 3.36605e-05 -0.00206872 -0.00708506 -0.00915026 -0.000545652 -0.000148542 0.00521921 0.00847878 -0.00104882 -0.0109788 0.000440901 -0.000110027 0.00360697 0.000489467 -0.010865 0.001198 -0.0129108 -0.00308642 -0.0189068 -0.00153061 -0.00887097 0.0111111
internal_weight=129880 129454 5154 1015 583 432 4139 124300 112892 11408 2657 2489 8751 109060 3832 2521 1311 756 7995 108837 201 4035 237 3798 426 324 279 147 93 54
internal_count=129880 129454 5154 1015 583 432 4139 124300 112892 11408 2657 2489 8751 109060 3832 2521 1311 756 7995 108837 201 4035 237 3798 426 324 279 147 93 54
is_linear=0
shrinkage=0.05


Tree=275
num_leaves=31
num_cat=0
split_feature=1 10 17 1 17 9 1 9 1 8 4 18 9 1 17 9 55 9 6 1 18 16 9 8 19 34 6 17 19 9
split_gain=22.9468 33.3683 19.3627 44.5968 47.6821 40.5223 32.9492 32.938 30.9064 47.4153 43.1201 40.5294 40.482 31.4257 29.5288 26.9408 27.961 26.8586 26.5271 26.3705 24.6815 18.6996 17.9967 52.5729 19.2437 16.5025 17.0816 15.5301 16.9864 15.4596
threshold=16.150000000000002 0.87709077819680659 26.500000000000004 23.150000000000006 25.500000000000004 0.9962888416657264 22.650000000000006 0.72695311118111527 25.750000000000004 82.500000000000014 13.500000000000002 22.500000000000004 -0.98523971305672675 25.550000000000008 28.500000000000004 -0.66528616069191593 0.115 -0.85227431625818906 665.00000000000011 23.050000000000008 23.500000000000004 195.00000000000003 0.99053107487289871 104.50000000000001 5.9500000000000002 0.20973684210526319 545.00000000000011 19.500000000000004 0.91666666666666974 0.61237135649459018
decision_type=2 2 2 2 2 2 2 2 2 2 2 2 2 2 2 2 2 2 2 2 2 2 2 2 2 2 2 2 2 2
left_child=1 27 3 4 17 15 7 -6 9 10 -4 12 -11 -12 -13 20 -17 -2 -19 -8 -5 -7 23 -10 -25 26 -24 28 29 -1
right_child=2 -3 8 5 6 21 19 -9 22 11 13 14 -14 -15 -16 16 -18 18 -20 -21 -22 -23 25 24 -26 -27 -28 -29 -30 -31
leaf_value=0.022177313969995095 0.089510482988983078 0.00042996586193320003 -0.034222493354716714 0.00010540995193343214 2.4115625637310956e-05 9.3870102067568353e-05 -0.017564363813968132 0.046156724301140463 0.001955892663105821 -0.033157801603468505 0.002592578002776283 -4.4697454694664355e-05 0.033153205119704189 -0.0044943246325455056 0.011478039894201642 -0.00061419121513657255 0.001644465119278421 -0.00234287685412935 4.1332105775267197e-05 0.053737206647512914 -0.0031792029977901859 0.0026022032954964138 -0.0022565299003603156 1.0745683244673884e-05 -7.1194623841770718e-05 -0.0043759513137087598 -4.0141859572370016e-05 0.032079669885952899 0.0020431971339401746 -0.0068426360556478553
leaf_weight=63 105 4139 320 3029 237 166 150 443 568 71 128 3984 1333 52 2676 11169 286 15712 14821 59 144 214 330 62920 4550 151 1108 179 576 197
leaf_count=63 105 4139 320 3029 237 166 150 443 568 71 128 3984 1333 52 2676 11169 286 15712 14821 59 144 214 330 62920 4550 151 1108 179 576 197
internal_value=-3.8882e-05 0.0032305 -0.000173981 -0.000981519 8.64339e-05 -0.00322495 0.0115017 0.0168382 0.000306621 0.00314106 -0.0118 0.00406746 0.0117877 0.00777778 0.00243994 -0.0036437 -0.00477302 -0.000244794 -0.000331608 -0.00586124 0.000433344 0.0128947 -4.20096e-05 8.08372e-05 -4.66874e-05 -0.00530208 -0.0036509 0.0113547 0.00849282 -0.00211538
internal_weight=129880 5154 124726 46535 31527 15008 889 680 78191 8564 500 8064 1404 180 6660 14628 11455 30638 30533 209 3173 380 69627 68038 67470 1589 1438 1015 836 260
internal_count=129880 5154 124726 46535 31527 15008 889 680 78191 8564 500 8064 1404 180 6660 14628 11455 30638 30533 209 3173 380 69627 68038 67470 1589 1438 1015 836 260
is_linear=0
shrinkage=0.05


Tree=276
num_leaves=31
num_cat=0
split_feature=1 10 17 19 17 1 8 1 1 8 8 16 1 17 55 9 8 19 18 19 9 18 8 9 71 71 4 17 70 19
split_gain=22.2773 30.5077 16.5775 20.3405 15.8566 53.7464 60.6378 40.3392 51.4327 32.1165 36.6361 29.3876 29.6824 45.49 45.4417 34.9283 27.9593 49.6586 42.9123 33.1205 27.2019 24.7292 23.2249 22.9521 21.2629 18.2034 15.1355 27.9427 24.5782 27.6226
threshold=16.150000000000002 0.87709077819680659 19.500000000000004 0.91666666666666974 28.500000000000004 26.250000000000004 136.50000000000003 24.750000000000004 24.250000000000004 146.50000000000003 166.50000000000003 635.00000000000011 23.150000000000006 25.500000000000004 0.14500000000000005 0.99761913169647187 120.50000000000001 1.0999999999999963 22.500000000000004 4.5499999999999998 -0.85227431625818906 23.500000000000004 162.50000000000003 0.98213580174693105 2.2000000000000002 0.80000000000000038 17.500000000000004 12.500000000000002 1.3 3.699999999999998
decision_type=2 2 2 2 2 2 2 2 2 2 2 2 2 2 2 2 2 2 2 2 2 2 2 2 2 2 2 2 2 2
left_child=1 2 3 -1 11 6 7 8 -6 21 -11 12 13 20 15 -14 17 -7 -18 -19 -2 -8 -20 -15 -16 -9 -3 -28 29 -29
right_child=4 26 -4 -5 5 16 9 25 -10 10 -12 -13 14 23 24 -17 18 19 22 -21 -22 -23 -24 -25 -26 -27 27 28 -30 -31
leaf_value=-0.0026115487908617398 0.085034958839533922 -4.7413196255946968e-05 0.030475686391655279 0.0019410372772431655 0.055383063087526718 -0.015800461062709381 0.0005358868182122168 0.03559256044264876 -0.0081037005166372921 0.039067731808395671 0.0020778557664513642 5.1776949043963798e-05 -0.00032011750817817486 0.010177080769273107 0.0031671133712937293 -0.00076762522408581205 0.017926660461860228 0.00053586579108125536 0.00013053875177907945 -0.0012436240349881962 -7.2347041385634547e-05 -0.067394560437141121 -1.1694142536484292e-05 0.074506898937210436 -0.0024063254585728281 0.016528043993801679 -6.9788226534370801e-05 0.0022379739478315757 0.00091291110212512897 -0.00061158249988042118
leaf_weight=260 105 3527 179 576 244 625 50 696 169 197 2375 3539 25217 1075 998 325 216 1315 6223 1240 28526 217 50928 196 90 160 144 108 257 103
leaf_count=260 105 3527 179 576 244 625 50 696 169 197 2375 3539 25217 1075 998 325 216 1315 6223 1240 28526 217 50928 196 90 160 144 108 257 103
internal_value=-7.81491e-05 0.00314319 0.0109113 0.00795455 -0.000211263 0.000332148 0.0058666 0.0149527 0.00211864 0.00180521 0.00351866 -0.000796141 -0.00107284 8.36064e-06 -0.00228689 -0.00271318 -4.33547e-05 -0.00460692 0.000209615 -0.00151663 -0.000402536 -0.0147004 0.000125545 0.00926436 0.00772059 0.0211449 0.00123822 0.00849673 0.0144231 0.00177725
internal_weight=129880 5154 1015 836 124726 64655 4108 1269 413 2839 2572 60071 56532 29902 26630 25542 60547 3180 57367 2555 28631 267 57151 1271 1088 856 4139 612 468 211
internal_count=129880 5154 1015 836 124726 64655 4108 1269 413 2839 2572 60071 56532 29902 26630 25542 60547 3180 57367 2555 28631 267 57151 1271 1088 856 4139 612 468 211
is_linear=0
shrinkage=0.05


Tree=277
num_leaves=31
num_cat=0
split_feature=1 10 8 1 1 0 8 1 15 0 19 19 9 8 18 1 17 19 4 17 70 19 17 8 8 8 1 6 40 6
split_gain=20.3599 28.6718 18.5734 49.2853 35.086 37.1309 29.8402 29.7807 28.5774 24.3251 26.6076 23.9194 23.2343 20.1259 19.441 19.3084 17.2947 19.1023 15.1355 27.9427 24.5782 27.6226 20.3099 21.2092 19.1873 41.2643 15.1319 16.6925 14.351 14.2352
threshold=16.150000000000002 0.87709077819680659 62.500000000000007 24.925000000000004 16.850000000000005 15.550000000000002 84.500000000000014 19.033333333333335 16.750000000000004 16.650000000000002 2.7000000000000006 1.399999999999997 -0.19337636264337835 340.50000000000006 13.500000000000002 17.350000000000005 19.500000000000004 0.91666666666666974 17.500000000000004 12.500000000000002 1.3 3.699999999999998 18.500000000000004 363.50000000000006 357.50000000000006 363.50000000000006 16.250000000000004 995.00000000000011 0.015000000000000001 305.00000000000006
decision_type=2 2 2 2 2 2 2 2 2 2 2 2 2 2 2 2 2 2 2 2 2 2 2 2 2 2 2 2 2 2
left_child=1 16 3 8 11 -6 7 -7 26 15 -11 14 -13 -8 -4 -10 17 -1 22 -20 21 -21 24 -24 -3 -26 27 -2 -16 -25
right_child=2 18 4 -5 5 6 13 -9 9 10 -12 12 -14 -15 28 -17 -18 -19 19 20 -22 -23 23 29 25 -27 -28 -29 -30 -31
leaf_value=-0.0024809713513186619 -0.0049931032425421414 -0.001050899111489647 0.045746297060784348 -0.00076807684800546383 0.00046626764813734872 0.01064282299334033 -1.798890075596707e-05 0.00024968328030527883 -0.0024686686255499467 -0.00149457879979793 4.3132962329647115e-05 -0.00097360014894899011 0.00025549111319762158 0.00013737948291023746 -0.025461084848353258 -0.00032943154333082774 0.028951902072072502 0.0018439854133810074 -6.6298815207652259e-05 0.0021260752504399971 0.00086726554701887246 -0.00058100337488640053 0.014371397682225152 -0.0053985447925266605 0.051853328544741721 -0.015895940943565372 0.014299130121636194 8.5988352362571444e-05 0.017632118379910435 0.0022704085160428545
leaf_weight=260 166 2698 56 614 305 581 94886 5461 226 6955 5803 267 450 7011 442 950 179 576 144 108 257 103 351 93 223 68 475 44 34 94
leaf_count=260 166 2698 56 614 305 581 94886 5461 226 6955 5803 267 450 7011 442 950 179 576 144 108 257 103 351 93 223 68 475 44 34 94
internal_value=5.38959e-06 0.00308498 -0.000121867 -0.0017577 0.000105715 0.000201859 0.000152633 0.0035667 -0.00117484 -0.00166499 -0.00103073 -0.00822658 -0.00226639 -4.98052e-05 -0.0162594 -0.00854592 0.0106158 0.00759569 0.00123822 0.00849673 0.0144231 0.00177725 -2.12645e-05 0.00892193 -0.00163098 0.010567 0.00879562 -0.00238095 -0.0195378 -0.00467914
internal_weight=129880 5154 124726 15233 109493 108244 107939 6042 14619 13934 12758 1249 717 101897 532 1176 1015 836 4139 612 468 211 3527 538 2989 291 685 210 476 187
internal_count=129880 5154 124726 15233 109493 108244 107939 6042 14619 13934 12758 1249 717 101897 532 1176 1015 836 4139 612 468 211 3527 538 2989 291 685 210 476 187
is_linear=0
shrinkage=0.05


Tree=278
num_leaves=31
num_cat=0
split_feature=0 16 9 8 1 17 0 22 17 1 8 10 10 17 0 1 1 17 18 4 55 19 16 8 1 71 8 4 17 9
split_gain=23.4917 22.4992 24.6436 48.2678 23.1232 31.4251 19.9233 19.201 18.9999 43.0657 81.3042 41.4376 33.2145 38.2849 28.6245 25.7016 35.3509 38.5453 49.7692 33.7406 29.1793 28.0161 23.5803 19.486 18.5778 21.4776 18.3007 44.0144 44.8904 35.8845
threshold=15.350000000000003 765.00000000000011 -0.27694604220087021 344.50000000000006 18.450000000000003 19.500000000000004 10.050000000000002 1.0000000180025095e-35 27.500000000000004 26.550000000000008 142.50000000000003 -0.8611288361322974 0.097680735332368748 29.500000000000004 24.450000000000003 28.150000000000006 23.150000000000006 23.500000000000004 19.500000000000004 4.5000000000000009 0.14500000000000005 0.60000000000000064 915.00000000000011 166.50000000000003 30.650000000000006 1.9999999999999976 144.50000000000003 10.500000000000002 29.500000000000004 0.81428061195174062
decision_type=2 2 2 2 2 2 2 2 2 2 2 2 2 2 2 2 2 2 2 2 2 2 2 2 2 2 2 2 2 2
left_child=1 2 3 -1 5 7 -3 -4 15 10 12 23 13 -10 -13 16 17 19 -19 -2 21 -18 -22 -12 -17 -26 27 29 -29 -11
right_child=8 6 4 -5 -6 -7 -8 -9 9 26 11 14 -14 -15 -16 24 20 18 -20 -21 22 -23 -24 -25 25 -27 -28 28 -30 -31
leaf_value=0.0020399780858529073 -0.0073815090100658237 -5.7419369097110738e-05 -4.2517822851732837e-05 -0.043961119477919745 -0.0021730200741389379 0.02643267152702742 0.00022479807246141064 0.0019689377106763828 0.011758071217407191 0.002781001121886928 0.045671617299296099 0.0066767840750512125 -0.01659771119439233 0.022752186662302078 -0.0030704160716333861 0.0017094323434101459 -0.017072209544128854 0.011965984051363909 0.00010671304446133456 2.4000560691114783e-06 0.0023259452676243557 -0.00021355947309233096 -0.0001469264010756689 -0.039921556380436818 5.9198156115981841e-05 -0.00068421533688564672 1.262438687190809e-05 -0.00094487165496545038 0.00029133607787094201 -0.018704917460500358
leaf_weight=99 5112 62 2695 215 153 333 468 1916 1846 573 262 1563 61 540 4231 729 2586 1986 4522 19375 733 16806 79 65 57 243 56425 2843 2106 1196
leaf_count=99 5112 62 2695 215 153 333 468 1916 1846 573 262 1563 61 540 4231 729 2586 1986 4522 19375 733 16806 79 65 57 243 56425 2843 2106 1196
internal_value=2.15584e-05 0.00309291 0.00212992 -0.011465 0.00296743 0.00355987 0.0129245 0.00248861 -0.000125667 0.000402658 0.00372899 0.000649404 0.0114324 0.0123638 -0.000327925 -0.000851076 -0.00100832 5.24278e-05 0.00347265 -0.000856577 -0.00263562 -0.00302444 0.00665025 0.0179664 0.00697279 -0.0035 -4.8699e-05 -0.00251563 -9.5979e-05 -0.00928491
internal_weight=129880 5941 5411 314 5097 4944 530 4611 123939 71711 8568 6121 2447 2386 5794 52228 51199 30995 6508 24487 20204 19392 812 327 1029 300 63143 6718 4949 1769
internal_count=129880 5941 5411 314 5097 4944 530 4611 123939 71711 8568 6121 2447 2386 5794 52228 51199 30995 6508 24487 20204 19392 812 327 1029 300 63143 6718 4949 1769
is_linear=0
shrinkage=0.05


Tree=279
num_leaves=31
num_cat=0
split_feature=0 10 10 8 6 17 8 71 9 1 17 0 1 17 18 9 6 1 1 9 9 10 10 1 23 8 1 9 8 8
split_gain=23.6373 20.069 19.3166 37.3325 17.8143 26.7032 26.4142 23.8766 23.0771 19.1449 15.9553 37.2649 24.0711 34.3115 43.1439 46.8679 31.7084 87.2602 29.6996 29.1669 28.6887 27.4964 47.8006 32.1983 23.5351 22.0463 40.2266 30.1076 17.8128 31.4926
threshold=15.350000000000003 0.87709077819680659 0.99138911339924218 363.50000000000006 695.00000000000011 18.500000000000004 356.50000000000006 2.699999999999998 -0.27694604220087021 21.550000000000008 27.500000000000004 24.450000000000003 23.150000000000006 23.500000000000004 19.500000000000004 0.99053107487289871 665.00000000000011 20.450000000000003 28.150000000000006 0.98213580174693105 -0.51297808981038739 0.97461712852231652 0.91159213926341531 23.350000000000005 1.0000000180025095e-35 302.50000000000006 24.250000000000004 -0.98214942551678475 311.50000000000006 303.50000000000006
decision_type=2 2 2 2 2 2 2 2 2 2 2 2 2 2 2 2 2 2 2 2 2 2 2 2 2 2 2 2 2 2
left_child=1 -1 4 -4 5 8 -7 9 -3 -6 12 24 13 16 15 -15 17 -2 21 -16 -18 22 -14 -23 25 27 -27 -12 29 -13
right_child=10 2 3 -5 7 6 -8 -9 -10 -11 11 28 18 14 19 -17 20 -19 -20 -21 -22 23 -24 -25 -26 26 -28 -29 -30 -31
leaf_value=0.0014628631626851575 -0.00098605182245379295 -0.053274319234764105 0.024682995211500493 -0.0038740297263243351 0.00040363605805765674 0.020348211009424078 -0.027683955915025683 -0.00043658927988499938 -0.0034571765215864361 -1.3869828738295159e-05 -0.013066607011733967 1.3264621519910315e-06 -0.00036963441547110677 0.014211954561506746 -0.00043127149431694957 -0.00091260131108451695 -0.0016667061813972234 -0.026181064944956457 6.7420126670463684e-05 0.055260860966341023 5.8511135279298759e-05 0.00028719717781069964 0.00040384007048742816 -0.00096110766139675106 -0.00089762807221717791 -0.011436421614406989 0.0023804437868819028 0.021064012732254913 -0.0019130956765343933 0.00012380065162820447
leaf_weight=1245 9457 133 467 238 904 318 50 686 1848 52 163 65343 18317 1842 4041 144 950 1780 1029 481 12300 56 1486 345 344 413 448 1629 1537 1834
leaf_count=1245 9457 133 467 238 904 318 50 686 1848 52 163 65343 18317 1842 4041 144 950 1780 1029 481 12300 56 1486 345 344 413 448 1629 1537 1834
internal_value=-3.00277e-05 0.00305083 0.00155451 0.0091844 0.000206715 -0.00258621 0.00978261 0.00420219 -0.0048839 0.00930962 -0.000177708 0.000306438 -0.00084246 4.59752e-05 0.00327289 0.00941591 -0.000811655 -0.00276542 -0.00213936 0.000574967 0.000845283 -0.00256137 -0.00229889 -0.0155237 0.0057641 0.00735959 0.000783972 0.010519 6.83995e-05 0.000190169
internal_weight=129880 5941 4696 705 3991 2349 368 1642 1981 956 123939 71711 52228 30995 6508 1986 24487 11237 21233 4522 13250 20204 19803 401 2997 2653 861 1792 68714 67177
internal_count=129880 5941 4696 705 3991 2349 368 1642 1981 956 123939 71711 52228 30995 6508 1986 24487 11237 21233 4522 13250 20204 19803 401 2997 2653 861 1792 68714 67177
is_linear=0
shrinkage=0.05


Tree=280
num_leaves=31
num_cat=0
split_feature=19 6 8 71 10 6 6 22 6 17 1 18 17 8 8 8 1 8 8 9 9 10 19 6 10 22 10 19 19 6
split_gain=19.2385 42.0611 40.5362 31.2546 39.65 45.9382 30.1448 29.311 35.3192 23.9384 62.4946 60.377 69.3042 37.5359 37.1473 38.8851 35.6742 34.1457 31.7546 28.6949 26.8714 25.3593 22.632 22.4567 18.9366 51.6346 44.1665 38.0037 33.4897 24.0899
threshold=3.9000000000000044 685.00000000000011 347.50000000000006 1.3000000000000018 -0.9575230291762723 965.00000000000011 975.00000000000011 1.0000000180025095e-35 915.00000000000011 29.500000000000004 28.225000000000005 23.500000000000004 27.500000000000004 154.50000000000003 304.50000000000006 296.50000000000006 28.350000000000005 106.50000000000001 126.50000000000001 -0.79384350655589164 0.99907018497641664 -0.99761278905001471 3.9500000000000015 575.00000000000011 0.98770287048522643 1.0000000180025095e-35 0.97832380634958016 6.2999999999999989 4.6999999999999984 915.00000000000011
decision_type=2 2 2 2 2 2 2 2 2 2 2 2 2 2 2 2 2 2 2 2 2 2 2 2 2 2 2 2 2 2
left_child=1 9 3 7 6 -6 -5 8 -3 11 14 12 20 16 15 -11 -13 -14 -12 -15 -1 -20 -2 -24 26 29 -25 -28 -27 -26
right_child=22 2 -4 4 5 -7 -8 -9 -10 10 18 13 17 19 -16 -17 -18 -19 21 -21 -22 -23 23 24 25 28 27 -29 -30 -31
leaf_value=-0.00064136073070562025 -0.0030503938094238688 0.0029161713981376678 0.00060696601828414114 0.0016035163423922571 0.00049678412430502125 -0.0001906467574103725 0.00085118997252036646 0.00029597839953059271 -1.8452471940416697e-05 0.012150997231007744 -0.032049225140396195 0.0018301542835743368 0.023097066127891443 -0.008307959250880249 0.023433723628007996 -0.0097955329963992591 -0.023314938331792781 0.018190152829843844 -0.006402346273941051 -0.026168608434598502 -0.047318878334472264 -9.0475046463356359e-05 -0.010471006610519194 -1.9523383672426928e-05 -0.00024412927987898202 -0.00040680185490375514 0.00054653666193498136 -0.0018851010796575635 0.00030957418576184548 -0.00072233935032671513
leaf_weight=26225 140 1653 1683 796 8508 5766 394 3963 5720 5649 200 2413 397 2826 262 483 267 1572 1008 2273 345 17692 124 36777 346 440 462 56 481 959
leaf_count=26225 140 1653 1683 796 8508 5766 394 3963 5720 5649 200 2413 397 2826 262 483 267 1572 1008 2273 345 17692 124 36777 346 440 462 56 481 959
internal_value=-8.77733e-05 0.00031661 0.00190552 0.00143284 -2.90998e-05 -0.000760123 0.0087395 0.00342713 0.00156314 -0.000417938 0.000763027 -0.00124043 -0.000176075 -0.00514526 0.00503597 0.00424821 -0.000354478 0.00887506 -0.00068254 -0.00766327 -0.00084682 -0.000470588 -0.00100352 -0.000932652 -0.000865995 -0.00534591 -0.000598606 0.0138996 0.00371878 -0.0117433
internal_weight=129880 90095 28483 26800 15464 14274 1190 11336 7373 61612 25294 36318 28539 7779 6394 6132 2680 1969 18900 5099 26570 18700 39785 39645 39521 2226 37295 518 921 1305
internal_count=129880 90095 28483 26800 15464 14274 1190 11336 7373 61612 25294 36318 28539 7779 6394 6132 2680 1969 18900 5099 26570 18700 39785 39645 39521 2226 37295 518 921 1305
is_linear=0
shrinkage=0.05


Tree=281
num_leaves=31
num_cat=0
split_feature=1 1 17 0 6 1 17 10 1 19 10 8 7 1 71 8 18 35 9 1 18 9 17 18 9 9 19 6 1 16
split_gain=18.6456 48.4391 45.5055 37.9481 35.4915 72.1362 39.2765 53.3785 47.4803 34.7338 33.2801 31.7652 28.2587 32.3663 27.4359 26.4677 24.1697 23.9159 21.2654 21.0328 22.1593 20.0019 39.3011 45.0011 25.8527 31.8174 26.2448 17.5142 16.5426 15.8923
threshold=20.150000000000002 20.250000000000004 21.500000000000004 17.550000000000004 645.00000000000011 19.250000000000004 19.500000000000004 0.93158198870884079 17.750000000000004 1.399999999999997 0.96633974041180493 4.5000000000000009 1.5000000000000002 19.850000000000005 1.6999999999999977 4.5000000000000009 16.500000000000004 3.0126315789473685 0.99818282439137029 19.250000000000004 12.500000000000002 0.99053107487289871 24.500000000000004 23.500000000000004 0.9893236546938301 0.98802474685579866 6.5999999999999996 665.00000000000011 20.450000000000003 245.00000000000003
decision_type=2 2 2 2 2 2 2 2 2 2 2 2 2 2 2 2 2 2 2 2 2 2 2 2 2 2 2 2 2 2
left_child=2 3 4 -2 5 6 8 -8 -1 -7 12 -12 13 -4 19 28 -13 18 -14 20 -6 24 27 -24 25 -17 -26 -23 -3 -5
right_child=1 15 10 29 14 9 7 -9 -10 -11 11 16 17 -15 -16 21 -18 -19 -20 -21 -22 22 23 -25 26 -27 -28 -29 -30 -31
leaf_value=-0.0012226025088586169 0.0089242796727257191 0.00041596842958918569 -0.048390460946246439 -0.0030911644623289884 0.00062525546342929192 -0.020465032404570108 0.013161427751087374 -0.0027815322320051631 -0.02014434642002827 -0.0054313197927542689 -0.019917616625877568 -0.0036096225553162056 0.0042233465197594857 0.028096921035158307 4.2399476951169299e-05 -9.9585447502631434e-07 0.05288382369121334 -0.039464224645953443 0.0084884452937669785 0.0013704508725429932 0.00010799743369342766 -0.054026727888175696 0.002019623103098857 -0.0014759966686090499 0.079643823252972215 -0.0038737656783765437 -7.0633646255202631e-05 -6.4522979732640397e-05 -0.0022111687790393772 -0.0028614101136596633
leaf_weight=4591 72 58 218 395 572 546 1821 1528 601 550 73 69 2583 75 5542 102702 527 94 147 316 1417 536 1296 1584 238 288 50 754 288 349
leaf_count=4591 72 58 218 395 572 546 1821 1528 601 550 73 69 2583 75 5542 102702 527 94 147 316 1417 536 1296 1584 238 288 50 754 288 349
internal_value=-3.73422e-05 -0.000302458 0.00131641 -0.0124387 0.00024022 -0.00179257 -0.000242946 0.0039788 -0.0029661 -0.0138686 0.00628632 0.0164051 0.00411453 -0.0106655 0.00273671 -0.000210587 0.0202181 0.00564802 0.00650183 0.00732104 0.0054173 -0.000166127 -0.00356115 -0.0003125 -2.90478e-05 -7.08807e-05 0.0149306 -0.010814 -0.0140173 -0.015793
internal_weight=129880 108610 21270 816 17484 9637 8541 3349 5192 1096 3786 669 3117 293 7847 107794 596 2824 2730 2305 1989 107448 4170 2880 103278 102990 288 1290 346 744
internal_count=129880 108610 21270 816 17484 9637 8541 3349 5192 1096 3786 669 3117 293 7847 107794 596 2824 2730 2305 1989 107448 4170 2880 103278 102990 288 1290 346 744
is_linear=0
shrinkage=0.05


end of trees

feature_importances:
max_so_far=1469
day_of_year=927
forecast_tmax=907
range_so_far=877
day_sin=810
day_cos=787
minutes_since_midnight=447
time_since_max_so_far=387
forecast_tmin=293
drop_from_max=252
temp=248
hour=134
month=131
temp_change_120min=116
rainfall_60m_missing_flag=102
rise_from_min=89
max_bucket=63
rain_nc_sum_0_120m=57
temp_change_60min=50
rainfall_120m_filled=30
temp_change_30min=20
rain_nc_min_r5km_sum_30m=17
is_afternoon=16
rain_nc_front_loaded_ratio=15
rain_nc_min_r5km_sum_120m=15
rain_nc_sum_0_60m=12
rainfall_60m_filled=10
rain_nc_max_r5km_sum_120m=9
rain_cooling_120m=5
rain_nc_max_r5km_sum_60m=5
rain_nc_area_gt0_r5km_sum_90m=5
is_morning=4
rain_nc_p90_r5km_sum_30m=4
rain_nc_p90_r5km_sum_120m=4
rain_nc_valid_horizon_count=3
rain_nc_mean_r5km_sum_60m=3
rain_nc_min_r5km_sum_90m=3
rain_nc_p90_r5km_sum_90m=3
rain_nc_area_gt0_r5km_sum_60m=3
rain_nc_area_gt0_r5km_sum_120m=3
minute=2
rain_nc_nearest_mm_sum_120m=2
rain_nc_mean_r5km_sum_30m=2
rain_nc_mean_r5km_sum_120m=2
rain_nc_max_r5km_sum_30m=2
rainfall_data_age_minutes=1
rain_nc_nearest_mm_sum_30m=1
rain_nc_max_r5km_sum_90m=1
rain_nc_min_r5km_sum_60m=1
rain_nc_area_gt0_r5km_sum_30m=1

parameters:
[boosting: gbdt]
[objective: quantile]
[metric: quantile]
[tree_learner: serial]
[device_type: cpu]
[data_sample_strategy: bagging]
[data: ]
[valid: ]
[num_iterations: 500]
[learning_rate: 0.05]
[num_leaves: 31]
[num_threads: 4]
[seed: 42]
[deterministic: 0]
[force_col_wise: 0]
[force_row_wise: 0]
[histogram_pool_size: -1]
[max_depth: 6]
[min_data_in_leaf: 20]
[min_sum_hessian_in_leaf: 0.001]
[bagging_fraction: 1]
[pos_bagging_fraction: 1]
[neg_bagging_fraction: 1]
[bagging_freq: 0]
[bagging_seed: 400]
[bagging_by_query: 0]
[feature_fraction: 1]
[feature_fraction_bynode: 1]
[feature_fraction_seed: 30056]
[extra_trees: 0]
[extra_seed: 12879]
[early_stopping_round: 30]
[early_stopping_min_delta: 0]
[first_metric_only: 0]
[max_delta_step: 0]
[lambda_l1: 0]
[lambda_l2: 0]
[linear_lambda: 0]
[min_gain_to_split: 0]
[drop_rate: 0.1]
[max_drop: 50]
[skip_drop: 0.5]
[xgboost_dart_mode: 0]
[uniform_drop: 0]
[drop_seed: 17869]
[top_rate: 0.2]
[other_rate: 0.1]
[min_data_per_group: 100]
[max_cat_threshold: 32]
[cat_l2: 10]
[cat_smooth: 10]
[max_cat_to_onehot: 4]
[top_k: 20]
[monotone_constraints: ]
[monotone_constraints_method: basic]
[monotone_penalty: 0]
[feature_contri: ]
[forcedsplits_filename: ]
[refit_decay_rate: 0.9]
[cegb_tradeoff: 1]
[cegb_penalty_split: 0]
[cegb_penalty_feature_lazy: ]
[cegb_penalty_feature_coupled: ]
[path_smooth: 0]
[interaction_constraints: ]
[verbosity: -1]
[saved_feature_importance_type: 0]
[use_quantized_grad: 0]
[num_grad_quant_bins: 4]
[quant_train_renew_leaf: 0]
[stochastic_rounding: 1]
[linear_tree: 0]
[max_bin: 255]
[max_bin_by_feature: ]
[min_data_in_bin: 3]
[bin_construct_sample_cnt: 200000]
[data_random_seed: 175]
[is_enable_sparse: 1]
[enable_bundle: 1]
[use_missing: 1]
[zero_as_missing: 0]
[feature_pre_filter: 1]
[pre_partition: 0]
[two_round: 0]
[header: 0]
[label_column: ]
[weight_column: ]
[group_column: ]
[ignore_column: ]
[categorical_feature: ]
[forcedbins_filename: ]
[precise_float_parser: 0]
[parser_config_file: ]
[objective_seed: 16083]
[num_class: 1]
[is_unbalance: 0]
[scale_pos_weight: 1]
[sigmoid: 1]
[boost_from_average: 1]
[reg_sqrt: 0]
[alpha: 0.5]
[fair_c: 1]
[poisson_max_delta_step: 0.7]
[tweedie_variance_power: 1.5]
[lambdarank_truncation_level: 30]
[lambdarank_norm: 1]
[label_gain: ]
[lambdarank_position_bias_regularization: 0]
[eval_at: ]
[multi_error_top_k: 1]
[auc_mu_weights: ]
[num_machines: 1]
[local_listen_port: 12400]
[time_out: 120]
[machine_list_filename: ]
[machines: ]
[gpu_platform_id: -1]
[gpu_device_id: -1]
[gpu_use_dp: 0]
[num_gpu: 1]

end of parameters

pandas_categorical:[]
